Ticker,Societe,Pays,Capitalisation_EUR,B1_bilan_cash,B1_bilan_dette,B2_rentabilite_EBITDA,B2_rentabilite_FCF,B3_croissance_CA,B3_marge_brute,B4_skin_in_game,B5_actions_en_circulation,B6_source,B6_date,B7_volume_local,Momentum_3m_pct,Momentum_6m_pct,Au_dessus_MM200,Note_B1,Preuve_B1,Note_B2,Preuve_B2,Note_B3,Preuve_B3,Note_B4,Preuve_B4,Note_B5,Preuve_B5,Note_B6,Preuve_B6,Note_B7,Preuve_B7,SSI,Statut_SSI,Decision_eliminatoire,Motif_eliminatoire,Motif_decision_SSI
1F6.F,Fermentalg                    A,Allemagne,50012872.0,6622000.0,5055000.0,-9055000.0,-5720625.0,0.116,0.17125,0.15629,119791309.0,Yahoo Finance / yfinance get_info,2026-10-08,0.0,-13.020833624371642,-20.777992155938417,False,MANQUANTE,MANQUANTE,MANQUANTE,MANQUANTE,MANQUANTE,MANQUANTE,MANQUANTE,MANQUANTE,MANQUANTE,MANQUANTE,MANQUANTE,MANQUANTE,MANQUANTE,MANQUANTE,MANQUANTE,A_COMPLETER_PREUVES_SSI,A_VERIFIER,MANQUANTE,B1: référence de preuve absente | B2: référence de preuve absente | B3: référence de preuve absente | B4: référence de preuve absente | B5: référence de preuve absente | B6: référence de preuve absente | B7: référence de preuve absente | exclusions non vérifiées | preuve du contrôle des exclusions absente
HBQ.F,Hofseth BioCare ASA           N,Allemagne,50015560.0,107977000.0,338598016.0,-98629000.0,-54740624.0,-0.04,0.30484,0.39227,506230344.0,Yahoo Finance / yfinance get_info,2026-10-08,0.0,-11.39013330658697,-10.181814487315387,False,MANQUANTE,MANQUANTE,MANQUANTE,MANQUANTE,MANQUANTE,MANQUANTE,MANQUANTE,MANQUANTE,MANQUANTE,MANQUANTE,MANQUANTE,MANQUANTE,MANQUANTE,MANQUANTE,MANQUANTE,A_COMPLETER_PREUVES_SSI,A_VERIFIER,MANQUANTE,B1: référence de preuve absente | B2: référence de preuve absente | B3: référence de preuve absente | B4: référence de preuve absente | B5: référence de preuve absente | B6: référence de preuve absente | B7: référence de preuve absente | exclusions non vérifiées | preuve du contrôle des exclusions absente
INVN.F,INVE Technologies Inc.        R,Allemagne,50046828.0,119407000.0,706000.0,-16930000.0,-6429625.0,0.127,0.15889,0.12458,24235753.0,Yahoo Finance / yfinance get_info,2026-10-08,0.0,-15.195067525822148,-32.62642679709654,False,MANQUANTE,MANQUANTE,MANQUANTE,MANQUANTE,MANQUANTE,MANQUANTE,MANQUANTE,MANQUANTE,MANQUANTE,MANQUANTE,MANQUANTE,MANQUANTE,MANQUANTE,MANQUANTE,MANQUANTE,A_COMPLETER_PREUVES_SSI,A_VERIFIER,MANQUANTE,B1: référence de preuve absente | B2: référence de preuve absente | B3: référence de preuve absente | B4: référence de preuve absente | B5: référence de preuve absente | B6: référence de preuve absente | B7: référence de preuve absente | exclusions non vérifiées | preuve du contrôle des exclusions absente
H460.F,Borgestad ASA                 N,Allemagne,50055772.0,119742000.0,494374016.0,86637000.0,50591248.0,-0.018,0.54624003,0.84939003,34882072.0,Yahoo Finance / yfinance get_info,2026-10-08,0.0,7.894729058356886,5.514700565113384,True,MANQUANTE,MANQUANTE,MANQUANTE,MANQUANTE,MANQUANTE,MANQUANTE,MANQUANTE,MANQUANTE,MANQUANTE,MANQUANTE,MANQUANTE,MANQUANTE,MANQUANTE,MANQUANTE,MANQUANTE,A_COMPLETER_PREUVES_SSI,A_VERIFIER,MANQUANTE,B1: référence de preuve absente | B2: référence de preuve absente | B3: référence de preuve absente | B4: référence de preuve absente | B5: référence de preuve absente | B6: référence de preuve absente | B7: référence de preuve absente | exclusions non vérifiées | preuve du contrôle des exclusions absente
A5E0.F,Techprecision Corp.           R,Allemagne,50058308.0,299000.0,8379000.0,1400000.0,-1076625.0,0.233,0.16022,0.12728,10133261.0,Yahoo Finance / yfinance get_info,2026-10-08,0.0,19.32367672789264,73.94366924357423,True,MANQUANTE,MANQUANTE,MANQUANTE,MANQUANTE,MANQUANTE,MANQUANTE,MANQUANTE,MANQUANTE,MANQUANTE,MANQUANTE,MANQUANTE,MANQUANTE,MANQUANTE,MANQUANTE,MANQUANTE,A_COMPLETER_PREUVES_SSI,A_VERIFIER,MANQUANTE,B1: référence de preuve absente | B2: référence de preuve absente | B3: référence de preuve absente | B4: référence de preuve absente | B5: référence de preuve absente | B6: référence de preuve absente | B7: référence de preuve absente | exclusions non vérifiées | preuve du contrôle des exclusions absente
K4H.F,KR1 PLC                       R,Allemagne,50079400.0,4542985.0,0.0,,32100262.0,-0.795,0.91532,0.0871,177586520.0,Yahoo Finance / yfinance get_info,2026-10-08,0.0,136.97478886369882,81.93548585572177,True,MANQUANTE,MANQUANTE,MANQUANTE,MANQUANTE,MANQUANTE,MANQUANTE,MANQUANTE,MANQUANTE,MANQUANTE,MANQUANTE,MANQUANTE,MANQUANTE,MANQUANTE,MANQUANTE,MANQUANTE,A_COMPLETER_PREUVES_SSI,A_VERIFIER,MANQUANTE,B1: référence de preuve absente | B2: référence de preuve absente | B3: référence de preuve absente | B4: référence de preuve absente | B5: référence de preuve absente | B6: référence de preuve absente | B7: référence de preuve absente | exclusions non vérifiées | preuve du contrôle des exclusions absente
G9D.F,Goldpac Group Ltd.            R,Allemagne,50087956.0,1292238976.0,4349000.0,27931000.0,16621125.0,-0.086,0.23705,0.64451,795046942.0,Yahoo Finance / yfinance get_info,2026-10-08,0.0,-9.352515594762169,-24.09638143239841,False,MANQUANTE,MANQUANTE,MANQUANTE,MANQUANTE,MANQUANTE,MANQUANTE,MANQUANTE,MANQUANTE,MANQUANTE,MANQUANTE,MANQUANTE,MANQUANTE,MANQUANTE,MANQUANTE,MANQUANTE,A_COMPLETER_PREUVES_SSI,A_VERIFIER,MANQUANTE,B1: référence de preuve absente | B2: référence de preuve absente | B3: référence de preuve absente | B4: référence de preuve absente | B5: référence de preuve absente | B6: référence de preuve absente | B7: référence de preuve absente | exclusions non vérifiées | preuve du contrôle des exclusions absente
R5XA.F,Talphera Inc.                 R,Allemagne,50089092.0,17076000.0,6499000.0,,-6870875.0,,0.0,0.21413,51905796.0,Yahoo Finance / yfinance get_info,2026-10-08,0.0,-22.1774220683696,49.61240345895468,True,MANQUANTE,MANQUANTE,MANQUANTE,MANQUANTE,MANQUANTE,MANQUANTE,MANQUANTE,MANQUANTE,MANQUANTE,MANQUANTE,MANQUANTE,MANQUANTE,MANQUANTE,MANQUANTE,MANQUANTE,A_COMPLETER_PREUVES_SSI,A_VERIFIER,MANQUANTE,B1: référence de preuve absente | B2: référence de preuve absente | B3: référence de preuve absente | B4: référence de preuve absente | B5: référence de preuve absente | B6: référence de preuve absente | B7: référence de preuve absente | exclusions non vérifiées | preuve du contrôle des exclusions absente
99H.F,Merus Power OYJ               R,Allemagne,50130104.0,7435000.0,6467000.0,870000.0,681125.0,-0.026,0.3326,0.38282,8218050.0,Yahoo Finance / yfinance get_info,2026-10-08,0.0,34.955750671976446,50.246305187295405,True,MANQUANTE,MANQUANTE,MANQUANTE,MANQUANTE,MANQUANTE,MANQUANTE,MANQUANTE,MANQUANTE,MANQUANTE,MANQUANTE,MANQUANTE,MANQUANTE,MANQUANTE,MANQUANTE,MANQUANTE,A_COMPLETER_PREUVES_SSI,A_VERIFIER,MANQUANTE,B1: référence de preuve absente | B2: référence de preuve absente | B3: référence de preuve absente | B4: référence de preuve absente | B5: référence de preuve absente | B6: référence de preuve absente | B7: référence de preuve absente | exclusions non vérifiées | preuve du contrôle des exclusions absente
U9D0.F,WeShop Holdings Ltd.          R,Allemagne,50149332.0,210565.0,2563163.0,-64514964.0,16636209.0,-0.807,0.0,0.84244,11717133.0,Yahoo Finance / yfinance get_info,2026-10-08,0.0,-12.295079724630453,-10.08403352926398,False,MANQUANTE,MANQUANTE,MANQUANTE,MANQUANTE,MANQUANTE,MANQUANTE,MANQUANTE,MANQUANTE,MANQUANTE,MANQUANTE,MANQUANTE,MANQUANTE,MANQUANTE,MANQUANTE,MANQUANTE,A_COMPLETER_PREUVES_SSI,A_VERIFIER,MANQUANTE,B1: référence de preuve absente | B2: référence de preuve absente | B3: référence de preuve absente | B4: référence de preuve absente | B5: référence de preuve absente | B6: référence de preuve absente | B7: référence de preuve absente | exclusions non vérifiées | preuve du contrôle des exclusions absente
BL00.F,Black Bear Minerals Ltd.      R,Allemagne,50184928.0,5176453.0,0.0,-8883086.0,-2497411.0,-0.28,1.0,0.39873,174253225.0,Yahoo Finance / yfinance get_info,2026-10-08,0.0,-10.559009200495307,-24.210528627326976,False,MANQUANTE,MANQUANTE,MANQUANTE,MANQUANTE,MANQUANTE,MANQUANTE,MANQUANTE,MANQUANTE,MANQUANTE,MANQUANTE,MANQUANTE,MANQUANTE,MANQUANTE,MANQUANTE,MANQUANTE,A_COMPLETER_PREUVES_SSI,A_VERIFIER,MANQUANTE,B1: référence de preuve absente | B2: référence de preuve absente | B3: référence de preuve absente | B4: référence de preuve absente | B5: référence de preuve absente | B6: référence de preuve absente | B7: référence de preuve absente | exclusions non vérifiées | preuve du contrôle des exclusions absente
SQL.F,Matador Secondary Pri. Equi.AGI,Allemagne,50259116.0,1733713.0,31643140.0,3325065.0,2369220.0,-0.4,0.93207,0.0,13883734.0,Yahoo Finance / yfinance get_info,2026-10-08,0.0,-12.560386417788372,-15.023481430439755,False,MANQUANTE,MANQUANTE,MANQUANTE,MANQUANTE,MANQUANTE,MANQUANTE,MANQUANTE,MANQUANTE,MANQUANTE,MANQUANTE,MANQUANTE,MANQUANTE,MANQUANTE,MANQUANTE,MANQUANTE,A_COMPLETER_PREUVES_SSI,A_VERIFIER,MANQUANTE,B1: référence de preuve absente | B2: référence de preuve absente | B3: référence de preuve absente | B4: référence de preuve absente | B5: référence de preuve absente | B6: référence de preuve absente | B7: référence de preuve absente | exclusions non vérifiées | preuve du contrôle des exclusions absente
93G.F,The Kingfish Company N.V.     A,Allemagne,50298744.0,18840000.0,78506000.0,-1007000.0,-7991875.0,0.163,0.53021,0.27816,940163443.0,Yahoo Finance / yfinance get_info,2026-10-08,0.0,-17.692304077232947,-65.03267883146844,False,MANQUANTE,MANQUANTE,MANQUANTE,MANQUANTE,MANQUANTE,MANQUANTE,MANQUANTE,MANQUANTE,MANQUANTE,MANQUANTE,MANQUANTE,MANQUANTE,MANQUANTE,MANQUANTE,MANQUANTE,A_COMPLETER_PREUVES_SSI,A_VERIFIER,MANQUANTE,B1: référence de preuve absente | B2: référence de preuve absente | B3: référence de preuve absente | B4: référence de preuve absente | B5: référence de preuve absente | B6: référence de preuve absente | B7: référence de preuve absente | exclusions non vérifiées | preuve du contrôle des exclusions absente
B0R.F,Bathurst Resources Ltd.       R,Allemagne,50411124.0,13139000.0,639000.0,-4963000.0,-20164876.0,-0.545,0.0912,0.41478002,240052980.0,Yahoo Finance / yfinance get_info,2026-10-08,0.0,-22.794124253325865,-36.74698751919984,False,MANQUANTE,MANQUANTE,MANQUANTE,MANQUANTE,MANQUANTE,MANQUANTE,MANQUANTE,MANQUANTE,MANQUANTE,MANQUANTE,MANQUANTE,MANQUANTE,MANQUANTE,MANQUANTE,MANQUANTE,A_COMPLETER_PREUVES_SSI,A_VERIFIER,MANQUANTE,B1: référence de preuve absente | B2: référence de preuve absente | B3: référence de preuve absente | B4: référence de preuve absente | B5: référence de preuve absente | B6: référence de preuve absente | B7: référence de preuve absente | exclusions non vérifiées | preuve du contrôle des exclusions absente
GTY.SG,Gateway Real Estate AG,Allemagne,50426296.0,2260000.0,876417024.0,813000.0,-60036376.0,-0.579,0.30253,0.9485,186764040.0,Yahoo Finance / yfinance get_info,2026-10-08,0.0,-20.118339908360504,-21.05263020303224,False,MANQUANTE,MANQUANTE,MANQUANTE,MANQUANTE,MANQUANTE,MANQUANTE,MANQUANTE,MANQUANTE,MANQUANTE,MANQUANTE,MANQUANTE,MANQUANTE,MANQUANTE,MANQUANTE,MANQUANTE,A_COMPLETER_PREUVES_SSI,A_VERIFIER,MANQUANTE,B1: référence de preuve absente | B2: référence de preuve absente | B3: référence de preuve absente | B4: référence de preuve absente | B5: référence de preuve absente | B6: référence de preuve absente | B7: référence de preuve absente | exclusions non vérifiées | preuve du contrôle des exclusions absente
94P.F,AUREA S.A.                    A,Allemagne,50449640.0,35351000.0,39421000.0,11018000.0,-9891250.0,0.02,0.06372,0.76667,9342526.0,Yahoo Finance / yfinance get_info,2026-10-08,0.0,-2.173910977784832,-6.89655314160863,False,MANQUANTE,MANQUANTE,MANQUANTE,MANQUANTE,MANQUANTE,MANQUANTE,MANQUANTE,MANQUANTE,MANQUANTE,MANQUANTE,MANQUANTE,MANQUANTE,MANQUANTE,MANQUANTE,MANQUANTE,A_COMPLETER_PREUVES_SSI,A_VERIFIER,MANQUANTE,B1: référence de preuve absente | B2: référence de preuve absente | B3: référence de preuve absente | B4: référence de preuve absente | B5: référence de preuve absente | B6: référence de preuve absente | B7: référence de preuve absente | exclusions non vérifiées | preuve du contrôle des exclusions absente
D0E.F,Franchetti S.p.A.             A,Allemagne,50481108.0,8757590.0,9007032.0,3676935.0,-7496671.0,0.428,0.60028,0.0,6435721.0,Yahoo Finance / yfinance get_info,2026-10-08,0.0,15.301725400365962,0.9433907943081188,True,MANQUANTE,MANQUANTE,MANQUANTE,MANQUANTE,MANQUANTE,MANQUANTE,MANQUANTE,MANQUANTE,MANQUANTE,MANQUANTE,MANQUANTE,MANQUANTE,MANQUANTE,MANQUANTE,MANQUANTE,A_COMPLETER_PREUVES_SSI,A_VERIFIER,MANQUANTE,B1: référence de preuve absente | B2: référence de preuve absente | B3: référence de preuve absente | B4: référence de preuve absente | B5: référence de preuve absente | B6: référence de preuve absente | B7: référence de preuve absente | exclusions non vérifiées | preuve du contrôle des exclusions absente
B66.F,Paragon Advanced Labs Inc.    R,Allemagne,50485456.0,2417545.0,40254448.0,-8342995.0,,4.162,0.05594,0.27926,32571262.0,Yahoo Finance / yfinance get_info,2026-10-08,0.0,24.99999519317384,-22.50000238418579,,MANQUANTE,MANQUANTE,MANQUANTE,MANQUANTE,MANQUANTE,MANQUANTE,MANQUANTE,MANQUANTE,MANQUANTE,MANQUANTE,MANQUANTE,MANQUANTE,MANQUANTE,MANQUANTE,MANQUANTE,A_COMPLETER_PREUVES_SSI,A_VERIFIER,MANQUANTE,B1: référence de preuve absente | B2: référence de preuve absente | B3: référence de preuve absente | B4: référence de preuve absente | B5: référence de preuve absente | B6: référence de preuve absente | B7: référence de preuve absente | exclusions non vérifiées | preuve du contrôle des exclusions absente
50S.F,SuperCom Ltd.                 R,Allemagne,50494832.0,7429000.0,23160000.0,3212000.0,3223875.0,0.133,0.55767,0.08876,6280452.0,Yahoo Finance / yfinance get_info,2026-10-08,0.0,-24.507039907644923,11.977718023335935,False,MANQUANTE,MANQUANTE,MANQUANTE,MANQUANTE,MANQUANTE,MANQUANTE,MANQUANTE,MANQUANTE,MANQUANTE,MANQUANTE,MANQUANTE,MANQUANTE,MANQUANTE,MANQUANTE,MANQUANTE,A_COMPLETER_PREUVES_SSI,A_VERIFIER,MANQUANTE,B1: référence de preuve absente | B2: référence de preuve absente | B3: référence de preuve absente | B4: référence de preuve absente | B5: référence de preuve absente | B6: référence de preuve absente | B7: référence de preuve absente | exclusions non vérifiées | preuve du contrôle des exclusions absente
7YU.F,Lumos Diagnostics Hldgs Ltd.  R,Allemagne,50526644.0,15429000.0,5940000.0,-13562000.0,-1839250.0,0.16,0.59703,0.21004,971666270.0,Yahoo Finance / yfinance get_info,2026-10-08,0.0,18.18182126057051,-42.85714051787104,False,MANQUANTE,MANQUANTE,MANQUANTE,MANQUANTE,MANQUANTE,MANQUANTE,MANQUANTE,MANQUANTE,MANQUANTE,MANQUANTE,MANQUANTE,MANQUANTE,MANQUANTE,MANQUANTE,MANQUANTE,A_COMPLETER_PREUVES_SSI,A_VERIFIER,MANQUANTE,B1: référence de preuve absente | B2: référence de preuve absente | B3: référence de preuve absente | B4: référence de preuve absente | B5: référence de preuve absente | B6: référence de preuve absente | B7: référence de preuve absente | exclusions non vérifiées | preuve du contrôle des exclusions absente
NWX.F,NORDWEST HANDEL AG            I,Allemagne,50639000.0,5168000.0,72566000.0,10685000.0,-44529752.0,-0.131,0.39821997,0.50028,3205000.0,Yahoo Finance / yfinance get_info,2026-10-08,0.0,-16.842104259290192,-13.186815778006425,False,MANQUANTE,MANQUANTE,MANQUANTE,MANQUANTE,MANQUANTE,MANQUANTE,MANQUANTE,MANQUANTE,MANQUANTE,MANQUANTE,MANQUANTE,MANQUANTE,MANQUANTE,MANQUANTE,MANQUANTE,A_COMPLETER_PREUVES_SSI,A_VERIFIER,MANQUANTE,B1: référence de preuve absente | B2: référence de preuve absente | B3: référence de preuve absente | B4: référence de preuve absente | B5: référence de preuve absente | B6: référence de preuve absente | B7: référence de preuve absente | exclusions non vérifiées | preuve du contrôle des exclusions absente
VF5.F,ONDINE BIOMEDICAL INC         R,Allemagne,50790236.0,5323000.0,277000.0,-33100000.0,-14957250.0,0.229,0.61362,0.39421,561218135.0,Yahoo Finance / yfinance get_info,2026-10-08,0.0,-39.66667097144639,-8.585860980443726,False,MANQUANTE,MANQUANTE,MANQUANTE,MANQUANTE,MANQUANTE,MANQUANTE,MANQUANTE,MANQUANTE,MANQUANTE,MANQUANTE,MANQUANTE,MANQUANTE,MANQUANTE,MANQUANTE,MANQUANTE,A_COMPLETER_PREUVES_SSI,A_VERIFIER,MANQUANTE,B1: référence de preuve absente | B2: référence de preuve absente | B3: référence de preuve absente | B4: référence de preuve absente | B5: référence de preuve absente | B6: référence de preuve absente | B7: référence de preuve absente | exclusions non vérifiées | preuve du contrôle des exclusions absente
4H7.F,Trophy Games Development A/S  N,Allemagne,50865808.0,66661000.0,0.0,36119000.0,17165124.0,0.862,0.73594004,0.0,28337498.0,Yahoo Finance / yfinance get_info,2026-10-08,0.0,-3.753353999685771,-1.3736315740073168,False,MANQUANTE,MANQUANTE,MANQUANTE,MANQUANTE,MANQUANTE,MANQUANTE,MANQUANTE,MANQUANTE,MANQUANTE,MANQUANTE,MANQUANTE,MANQUANTE,MANQUANTE,MANQUANTE,MANQUANTE,A_COMPLETER_PREUVES_SSI,A_VERIFIER,MANQUANTE,B1: référence de preuve absente | B2: référence de preuve absente | B3: référence de preuve absente | B4: référence de preuve absente | B5: référence de preuve absente | B6: référence de preuve absente | B7: référence de preuve absente | exclusions non vérifiées | preuve du contrôle des exclusions absente
V5W.F,Afarak Group SE               R,Allemagne,50973056.0,4915000.0,4376000.0,-7826000.0,3478375.0,-0.259,0.22957,0.28418,261400300.0,Yahoo Finance / yfinance get_info,2026-10-08,0.0,-7.142857649699375,-15.948276526508398,False,MANQUANTE,MANQUANTE,MANQUANTE,MANQUANTE,MANQUANTE,MANQUANTE,MANQUANTE,MANQUANTE,MANQUANTE,MANQUANTE,MANQUANTE,MANQUANTE,MANQUANTE,MANQUANTE,MANQUANTE,A_COMPLETER_PREUVES_SSI,A_VERIFIER,MANQUANTE,B1: référence de preuve absente | B2: référence de preuve absente | B3: référence de preuve absente | B4: référence de preuve absente | B5: référence de preuve absente | B6: référence de preuve absente | B7: référence de preuve absente | exclusions non vérifiées | preuve du contrôle des exclusions absente
HNT.F,Cinda International Hldgs Ltd.R,Allemagne,50975844.0,284779008.0,914513024.0,,,0.045,0.91819,0.0,641205600.0,Yahoo Finance / yfinance get_info,2026-10-08,0.0,18.65670928102121,0.0,True,MANQUANTE,MANQUANTE,MANQUANTE,MANQUANTE,MANQUANTE,MANQUANTE,MANQUANTE,MANQUANTE,MANQUANTE,MANQUANTE,MANQUANTE,MANQUANTE,MANQUANTE,MANQUANTE,MANQUANTE,A_COMPLETER_PREUVES_SSI,A_VERIFIER,MANQUANTE,B1: référence de preuve absente | B2: référence de preuve absente | B3: référence de preuve absente | B4: référence de preuve absente | B5: référence de preuve absente | B6: référence de preuve absente | B7: référence de preuve absente | exclusions non vérifiées | preuve du contrôle des exclusions absente
P15.SG,ProCook Group PLC,Allemagne,50981888.0,4416000.0,30214000.0,6977000.0,8083125.0,0.247,0.67489,0.88095003,107104808.0,Yahoo Finance / yfinance get_info,2026-10-08,0.0,-11.851853323571415,26.59575193243495,True,MANQUANTE,MANQUANTE,MANQUANTE,MANQUANTE,MANQUANTE,MANQUANTE,MANQUANTE,MANQUANTE,MANQUANTE,MANQUANTE,MANQUANTE,MANQUANTE,MANQUANTE,MANQUANTE,MANQUANTE,A_COMPLETER_PREUVES_SSI,A_VERIFIER,MANQUANTE,B1: référence de preuve absente | B2: référence de preuve absente | B3: référence de preuve absente | B4: référence de preuve absente | B5: référence de preuve absente | B6: référence de preuve absente | B7: référence de preuve absente | exclusions non vérifiées | preuve du contrôle des exclusions absente
ZF6.F,Magis S.p.A.                  A,Allemagne,50987436.0,13473475.0,6182464.0,8600215.0,-2107950.0,-0.039,0.25907,0.65352994,5761292.0,Yahoo Finance / yfinance get_info,2026-10-08,0.0,-2.209942597237635,-1.6666624281141518,False,MANQUANTE,MANQUANTE,MANQUANTE,MANQUANTE,MANQUANTE,MANQUANTE,MANQUANTE,MANQUANTE,MANQUANTE,MANQUANTE,MANQUANTE,MANQUANTE,MANQUANTE,MANQUANTE,MANQUANTE,A_COMPLETER_PREUVES_SSI,A_VERIFIER,MANQUANTE,B1: référence de preuve absente | B2: référence de preuve absente | B3: référence de preuve absente | B4: référence de preuve absente | B5: référence de preuve absente | B6: référence de preuve absente | B7: référence de preuve absente | exclusions non vérifiées | preuve du contrôle des exclusions absente
6OP.F,OSE Immunotherapeutics S.A.   A,Allemagne,51141684.0,59117000.0,46132000.0,-37333000.0,-17837250.0,-0.008,0.88703,0.25375,24730019.0,Yahoo Finance / yfinance get_info,2026-10-08,0.0,-36.330045021327386,-36.36922836303711,False,MANQUANTE,MANQUANTE,MANQUANTE,MANQUANTE,MANQUANTE,MANQUANTE,MANQUANTE,MANQUANTE,MANQUANTE,MANQUANTE,MANQUANTE,MANQUANTE,MANQUANTE,MANQUANTE,MANQUANTE,A_COMPLETER_PREUVES_SSI,A_VERIFIER,MANQUANTE,B1: référence de preuve absente | B2: référence de preuve absente | B3: référence de preuve absente | B4: référence de preuve absente | B5: référence de preuve absente | B6: référence de preuve absente | B7: référence de preuve absente | exclusions non vérifiées | preuve du contrôle des exclusions absente
OSU.F,Staffline Group PLC           R,Allemagne,51266244.0,3500000.0,21400000.0,15800000.0,-5950000.0,0.152,0.07007,0.30078,111448353.0,Yahoo Finance / yfinance get_info,2026-10-08,0.0,6.9767443472272594,-10.67960754911944,False,MANQUANTE,MANQUANTE,MANQUANTE,MANQUANTE,MANQUANTE,MANQUANTE,MANQUANTE,MANQUANTE,MANQUANTE,MANQUANTE,MANQUANTE,MANQUANTE,MANQUANTE,MANQUANTE,MANQUANTE,A_COMPLETER_PREUVES_SSI,A_VERIFIER,MANQUANTE,B1: référence de preuve absente | B2: référence de preuve absente | B3: référence de preuve absente | B4: référence de preuve absente | B5: référence de preuve absente | B6: référence de preuve absente | B7: référence de preuve absente | exclusions non vérifiées | preuve du contrôle des exclusions absente
MS7.F,MAKING SCIENCE GROUP S.A.     A,Allemagne,51468164.0,29697772.0,37097164.0,905329.0,8189163.0,0.251,0.06365,0.65680003,9037007.0,Yahoo Finance / yfinance get_info,2026-10-08,0.0,-18.518518518518523,-27.631578039264404,False,MANQUANTE,MANQUANTE,MANQUANTE,MANQUANTE,MANQUANTE,MANQUANTE,MANQUANTE,MANQUANTE,MANQUANTE,MANQUANTE,MANQUANTE,MANQUANTE,MANQUANTE,MANQUANTE,MANQUANTE,A_COMPLETER_PREUVES_SSI,A_VERIFIER,MANQUANTE,B1: référence de preuve absente | B2: référence de preuve absente | B3: référence de preuve absente | B4: référence de preuve absente | B5: référence de preuve absente | B6: référence de preuve absente | B7: référence de preuve absente | exclusions non vérifiées | preuve du contrôle des exclusions absente
MSH.F,WASGAU Produkt. & Handels AG  N,Allemagne,51480000.0,13673000.0,227056000.0,25838000.0,4983625.0,0.014,0.35596,0.92934,6600000.0,Yahoo Finance / yfinance get_info,2026-10-08,0.0,-7.142850655276467,-8.771929628875696,False,MANQUANTE,MANQUANTE,MANQUANTE,MANQUANTE,MANQUANTE,MANQUANTE,MANQUANTE,MANQUANTE,MANQUANTE,MANQUANTE,MANQUANTE,MANQUANTE,MANQUANTE,MANQUANTE,MANQUANTE,A_COMPLETER_PREUVES_SSI,A_VERIFIER,MANQUANTE,B1: référence de preuve absente | B2: référence de preuve absente | B3: référence de preuve absente | B4: référence de preuve absente | B5: référence de preuve absente | B6: référence de preuve absente | B7: référence de preuve absente | exclusions non vérifiées | preuve du contrôle des exclusions absente
U6Q.F,Umbrella Global Energy S.A    A,Allemagne,51739192.0,7269736.0,52081384.0,-6868992.0,-9162153.0,-0.506,0.21835,0.83014,21557997.0,Yahoo Finance / yfinance get_info,2026-10-08,0.0,-4.761900256640573,-6.976737738815952,False,MANQUANTE,MANQUANTE,MANQUANTE,MANQUANTE,MANQUANTE,MANQUANTE,MANQUANTE,MANQUANTE,MANQUANTE,MANQUANTE,MANQUANTE,MANQUANTE,MANQUANTE,MANQUANTE,MANQUANTE,A_COMPLETER_PREUVES_SSI,A_VERIFIER,MANQUANTE,B1: référence de preuve absente | B2: référence de preuve absente | B3: référence de preuve absente | B4: référence de preuve absente | B5: référence de preuve absente | B6: référence de preuve absente | B7: référence de preuve absente | exclusions non vérifiées | preuve du contrôle des exclusions absente
W4U.F,Kaleon S.p.A.                 A,Allemagne,51742148.0,6309484.0,4128639.0,4907721.0,-2975897.0,0.087,0.23838,0.70795995,14117912.0,Yahoo Finance / yfinance get_info,2026-10-08,0.0,-2.9139107479598025,-1.212940049359712,False,MANQUANTE,MANQUANTE,MANQUANTE,MANQUANTE,MANQUANTE,MANQUANTE,MANQUANTE,MANQUANTE,MANQUANTE,MANQUANTE,MANQUANTE,MANQUANTE,MANQUANTE,MANQUANTE,MANQUANTE,A_COMPLETER_PREUVES_SSI,A_VERIFIER,MANQUANTE,B1: référence de preuve absente | B2: référence de preuve absente | B3: référence de preuve absente | B4: référence de preuve absente | B5: référence de preuve absente | B6: référence de preuve absente | B7: référence de preuve absente | exclusions non vérifiées | preuve du contrôle des exclusions absente
KZ70.F,Talenom Oyj                   R,Allemagne,51792576.0,9478000.0,87034000.0,12542000.0,13835750.0,0.028,0.32658002,0.34557998,45648632.0,Yahoo Finance / yfinance get_info,2026-10-08,0.0,-4.482752419254976,-16.187593216793182,False,MANQUANTE,MANQUANTE,MANQUANTE,MANQUANTE,MANQUANTE,MANQUANTE,MANQUANTE,MANQUANTE,MANQUANTE,MANQUANTE,MANQUANTE,MANQUANTE,MANQUANTE,MANQUANTE,MANQUANTE,A_COMPLETER_PREUVES_SSI,A_VERIFIER,MANQUANTE,B1: référence de preuve absente | B2: référence de preuve absente | B3: référence de preuve absente | B4: référence de preuve absente | B5: référence de preuve absente | B6: référence de preuve absente | B7: référence de preuve absente | exclusions non vérifiées | preuve du contrôle des exclusions absente
GUU.F,GURU Organic Energy Corp.     R,Allemagne,51801824.0,25623760.0,650696.0,-912600.0,1412633.0,0.103,0.6333,0.52729,30117340.0,Yahoo Finance / yfinance get_info,2026-10-08,0.0,-22.52252223226373,-37.68115816835444,False,MANQUANTE,MANQUANTE,MANQUANTE,MANQUANTE,MANQUANTE,MANQUANTE,MANQUANTE,MANQUANTE,MANQUANTE,MANQUANTE,MANQUANTE,MANQUANTE,MANQUANTE,MANQUANTE,MANQUANTE,A_COMPLETER_PREUVES_SSI,A_VERIFIER,MANQUANTE,B1: référence de preuve absente | B2: référence de preuve absente | B3: référence de preuve absente | B4: référence de preuve absente | B5: référence de preuve absente | B6: référence de preuve absente | B7: référence de preuve absente | exclusions non vérifiées | preuve du contrôle des exclusions absente
RAQB.F,Battalion Oil Corp.           R,Allemagne,51840348.0,83097000.0,158939008.0,35053000.0,-8473750.0,0.124,0.43755,0.031159999,57282155.0,Yahoo Finance / yfinance get_info,2026-10-08,261.800012588501,-46.13095240207081,-67.44604385958517,False,MANQUANTE,MANQUANTE,MANQUANTE,MANQUANTE,MANQUANTE,MANQUANTE,MANQUANTE,MANQUANTE,MANQUANTE,MANQUANTE,MANQUANTE,MANQUANTE,MANQUANTE,MANQUANTE,MANQUANTE,A_COMPLETER_PREUVES_SSI,A_VERIFIER,MANQUANTE,B1: référence de preuve absente | B2: référence de preuve absente | B3: référence de preuve absente | B4: référence de preuve absente | B5: référence de preuve absente | B6: référence de preuve absente | B7: référence de preuve absente | exclusions non vérifiées | preuve du contrôle des exclusions absente
QHI.F,Shimao Group Holdings Ltd.    R,Allemagne,51876720.0,7738081792.0,178377834496.0,33839716352.0,63776063488.0,-0.261,-1.13658,0.24725,10375343933.0,Yahoo Finance / yfinance get_info,2026-10-08,0.0,399.9999650754052,-62.962964751511066,False,MANQUANTE,MANQUANTE,MANQUANTE,MANQUANTE,MANQUANTE,MANQUANTE,MANQUANTE,MANQUANTE,MANQUANTE,MANQUANTE,MANQUANTE,MANQUANTE,MANQUANTE,MANQUANTE,MANQUANTE,A_COMPLETER_PREUVES_SSI,A_VERIFIER,MANQUANTE,B1: référence de preuve absente | B2: référence de preuve absente | B3: référence de preuve absente | B4: référence de preuve absente | B5: référence de preuve absente | B6: référence de preuve absente | B7: référence de preuve absente | exclusions non vérifiées | preuve du contrôle des exclusions absente
A8D.F,AB Science S.A.               A,Allemagne,52126624.0,10179000.0,19450000.0,745000.0,1679125.0,0.287,0.83305,0.47707,96530783.0,Yahoo Finance / yfinance get_info,2026-10-08,0.0,-25.104020849886155,-54.46880048616484,False,MANQUANTE,MANQUANTE,MANQUANTE,MANQUANTE,MANQUANTE,MANQUANTE,MANQUANTE,MANQUANTE,MANQUANTE,MANQUANTE,MANQUANTE,MANQUANTE,MANQUANTE,MANQUANTE,MANQUANTE,A_COMPLETER_PREUVES_SSI,A_VERIFIER,MANQUANTE,B1: référence de preuve absente | B2: référence de preuve absente | B3: référence de preuve absente | B4: référence de preuve absente | B5: référence de preuve absente | B6: référence de preuve absente | B7: référence de preuve absente | exclusions non vérifiées | preuve du contrôle des exclusions absente
H460.SG,Borgestad ASA,Allemagne,52148696.0,119742000.0,494374016.0,86637000.0,50591248.0,-0.018,0.54624003,0.84939003,34882072.0,Yahoo Finance / yfinance get_info,2026-10-08,0.0,7.1684605884683394,6.028371642493524,True,MANQUANTE,MANQUANTE,MANQUANTE,MANQUANTE,MANQUANTE,MANQUANTE,MANQUANTE,MANQUANTE,MANQUANTE,MANQUANTE,MANQUANTE,MANQUANTE,MANQUANTE,MANQUANTE,MANQUANTE,A_COMPLETER_PREUVES_SSI,A_VERIFIER,MANQUANTE,B1: référence de preuve absente | B2: référence de preuve absente | B3: référence de preuve absente | B4: référence de preuve absente | B5: référence de preuve absente | B6: référence de preuve absente | B7: référence de preuve absente | exclusions non vérifiées | preuve du contrôle des exclusions absente
4K8.F,Kamux Oyj                     R,Allemagne,52273228.0,8800000.0,58300000.0,4200000.0,24975000.0,0.067,0.094069995,0.27809998,38267369.0,Yahoo Finance / yfinance get_info,2026-10-08,0.0,-10.01317191966299,-18.007199926213314,False,MANQUANTE,MANQUANTE,MANQUANTE,MANQUANTE,MANQUANTE,MANQUANTE,MANQUANTE,MANQUANTE,MANQUANTE,MANQUANTE,MANQUANTE,MANQUANTE,MANQUANTE,MANQUANTE,MANQUANTE,A_COMPLETER_PREUVES_SSI,A_VERIFIER,MANQUANTE,B1: référence de preuve absente | B2: référence de preuve absente | B3: référence de preuve absente | B4: référence de preuve absente | B5: référence de preuve absente | B6: référence de preuve absente | B7: référence de preuve absente | exclusions non vérifiées | preuve du contrôle des exclusions absente
KY3.F,Monni NV                      A,Allemagne,52546968.0,6128000.0,203000.0,-2730000.0,,-0.265,0.40543,0.78783995,6651515.0,Yahoo Finance / yfinance get_info,2026-10-08,0.0,-2.948405870181503,-5.952375546063715,False,MANQUANTE,MANQUANTE,MANQUANTE,MANQUANTE,MANQUANTE,MANQUANTE,MANQUANTE,MANQUANTE,MANQUANTE,MANQUANTE,MANQUANTE,MANQUANTE,MANQUANTE,MANQUANTE,MANQUANTE,A_COMPLETER_PREUVES_SSI,A_VERIFIER,MANQUANTE,B1: référence de preuve absente | B2: référence de preuve absente | B3: référence de preuve absente | B4: référence de preuve absente | B5: référence de preuve absente | B6: référence de preuve absente | B7: référence de preuve absente | exclusions non vérifiées | preuve du contrôle des exclusions absente
IKL.F,IMPACT Silver Corp.           R,Allemagne,52569476.0,52975872.0,135889.0,27590468.0,19422460.0,1.241,0.44702,0.00424,349531098.0,Yahoo Finance / yfinance get_info,2026-10-08,0.0,-15.789474123332392,-3.0927877613847965,False,MANQUANTE,MANQUANTE,MANQUANTE,MANQUANTE,MANQUANTE,MANQUANTE,MANQUANTE,MANQUANTE,MANQUANTE,MANQUANTE,MANQUANTE,MANQUANTE,MANQUANTE,MANQUANTE,MANQUANTE,A_COMPLETER_PREUVES_SSI,A_VERIFIER,MANQUANTE,B1: référence de preuve absente | B2: référence de preuve absente | B3: référence de preuve absente | B4: référence de preuve absente | B5: référence de preuve absente | B6: référence de preuve absente | B7: référence de preuve absente | exclusions non vérifiées | preuve du contrôle des exclusions absente
5ILA.F,Ideal Power Inc.              R,Allemagne,52590896.0,41294488.0,358447.0,-11643013.0,-5296367.0,3.549,0.0057200002,0.04775,16434655.0,Yahoo Finance / yfinance get_info,2026-10-08,0.0,-15.343913441692692,42.8571443776695,False,MANQUANTE,MANQUANTE,MANQUANTE,MANQUANTE,MANQUANTE,MANQUANTE,MANQUANTE,MANQUANTE,MANQUANTE,MANQUANTE,MANQUANTE,MANQUANTE,MANQUANTE,MANQUANTE,MANQUANTE,A_COMPLETER_PREUVES_SSI,A_VERIFIER,MANQUANTE,B1: référence de preuve absente | B2: référence de preuve absente | B3: référence de preuve absente | B4: référence de preuve absente | B5: référence de preuve absente | B6: référence de preuve absente | B7: référence de preuve absente | exclusions non vérifiées | preuve du contrôle des exclusions absente
NHM.F,Marchex Inc.                  R,Allemagne,52762088.0,8151000.0,488000.0,-1603000.0,1018875.0,-0.056,0.61209,0.0865,39676963.0,Yahoo Finance / yfinance get_info,2026-10-08,0.0,-19.594591764571323,-3.252029368516418,False,MANQUANTE,MANQUANTE,MANQUANTE,MANQUANTE,MANQUANTE,MANQUANTE,MANQUANTE,MANQUANTE,MANQUANTE,MANQUANTE,MANQUANTE,MANQUANTE,MANQUANTE,MANQUANTE,MANQUANTE,A_COMPLETER_PREUVES_SSI,A_VERIFIER,MANQUANTE,B1: référence de preuve absente | B2: référence de preuve absente | B3: référence de preuve absente | B4: référence de preuve absente | B5: référence de preuve absente | B6: référence de preuve absente | B7: référence de preuve absente | exclusions non vérifiées | preuve du contrôle des exclusions absente
2OP.F,DP Poland PLC                 R,Allemagne,52863308.0,690305.0,9453452.0,3228070.0,1306960.0,0.071,0.30056998,0.60923,943987674.0,Yahoo Finance / yfinance get_info,2026-10-08,0.0,-17.037037772896824,-14.503812365484317,False,MANQUANTE,MANQUANTE,MANQUANTE,MANQUANTE,MANQUANTE,MANQUANTE,MANQUANTE,MANQUANTE,MANQUANTE,MANQUANTE,MANQUANTE,MANQUANTE,MANQUANTE,MANQUANTE,MANQUANTE,A_COMPLETER_PREUVES_SSI,A_VERIFIER,MANQUANTE,B1: référence de preuve absente | B2: référence de preuve absente | B3: référence de preuve absente | B4: référence de preuve absente | B5: référence de preuve absente | B6: référence de preuve absente | B7: référence de preuve absente | exclusions non vérifiées | preuve du contrôle des exclusions absente
DM7.F,Da Ming International HoldingsR,Allemagne,52872288.0,329369984.0,10417341440.0,694019008.0,879392896.0,0.033,0.02375,0.7485,1258864000.0,Yahoo Finance / yfinance get_info,2026-10-08,0.0,-27.58620578915267,-34.88371837820373,False,MANQUANTE,MANQUANTE,MANQUANTE,MANQUANTE,MANQUANTE,MANQUANTE,MANQUANTE,MANQUANTE,MANQUANTE,MANQUANTE,MANQUANTE,MANQUANTE,MANQUANTE,MANQUANTE,MANQUANTE,A_COMPLETER_PREUVES_SSI,A_VERIFIER,MANQUANTE,B1: référence de preuve absente | B2: référence de preuve absente | B3: référence de preuve absente | B4: référence de preuve absente | B5: référence de preuve absente | B6: référence de preuve absente | B7: référence de preuve absente | exclusions non vérifiées | preuve du contrôle des exclusions absente
ZAY0.F,Zentek Ltd.                   R,Allemagne,52926968.0,16596697.0,1926176.0,-10581665.0,-4480399.0,,0.0,0.01922,126619532.0,Yahoo Finance / yfinance get_info,2026-10-08,0.0,1.951223483474296,-5.855854223150125,False,MANQUANTE,MANQUANTE,MANQUANTE,MANQUANTE,MANQUANTE,MANQUANTE,MANQUANTE,MANQUANTE,MANQUANTE,MANQUANTE,MANQUANTE,MANQUANTE,MANQUANTE,MANQUANTE,MANQUANTE,A_COMPLETER_PREUVES_SSI,A_VERIFIER,MANQUANTE,B1: référence de preuve absente | B2: référence de preuve absente | B3: référence de preuve absente | B4: référence de preuve absente | B5: référence de preuve absente | B6: référence de preuve absente | B7: référence de preuve absente | exclusions non vérifiées | preuve du contrôle des exclusions absente
PEH.F,PEH Wertpapier AG             I,Allemagne,52930488.0,27648000.0,5263000.0,12720000.0,8637250.0,0.143,0.20841,0.3978,1633657.0,Yahoo Finance / yfinance get_info,2026-10-08,2592.0001220703125,5.882356607744343,17.3913082538645,True,MANQUANTE,MANQUANTE,MANQUANTE,MANQUANTE,MANQUANTE,MANQUANTE,MANQUANTE,MANQUANTE,MANQUANTE,MANQUANTE,MANQUANTE,MANQUANTE,MANQUANTE,MANQUANTE,MANQUANTE,A_COMPLETER_PREUVES_SSI,A_VERIFIER,MANQUANTE,B1: référence de preuve absente | B2: référence de preuve absente | B3: référence de preuve absente | B4: référence de preuve absente | B5: référence de preuve absente | B6: référence de preuve absente | B7: référence de preuve absente | exclusions non vérifiées | preuve du contrôle des exclusions absente
GLY0.F,Global Bio-Chem Techn. Co.Ltd.R,Allemagne,53050744.0,180432000.0,2140304000.0,-160231008.0,-283104384.0,-0.154,0.01951,0.80847,1678821152.0,Yahoo Finance / yfinance get_info,2026-10-08,0.0,689.9999243300445,474.5454299154359,True,MANQUANTE,MANQUANTE,MANQUANTE,MANQUANTE,MANQUANTE,MANQUANTE,MANQUANTE,MANQUANTE,MANQUANTE,MANQUANTE,MANQUANTE,MANQUANTE,MANQUANTE,MANQUANTE,MANQUANTE,A_COMPLETER_PREUVES_SSI,A_VERIFIER,MANQUANTE,B1: référence de preuve absente | B2: référence de preuve absente | B3: référence de preuve absente | B4: référence de preuve absente | B5: référence de preuve absente | B6: référence de preuve absente | B7: référence de preuve absente | exclusions non vérifiées | preuve du contrôle des exclusions absente
7UM0.F,Zelluna ASA                   N,Allemagne,53151712.0,86243000.0,1061000.0,-107976000.0,-62653876.0,,1.0,0.40599,29860511.0,Yahoo Finance / yfinance get_info,2026-10-08,0.0,2.0057287407311275,-3.26087287502157,True,MANQUANTE,MANQUANTE,MANQUANTE,MANQUANTE,MANQUANTE,MANQUANTE,MANQUANTE,MANQUANTE,MANQUANTE,MANQUANTE,MANQUANTE,MANQUANTE,MANQUANTE,MANQUANTE,MANQUANTE,A_COMPLETER_PREUVES_SSI,A_VERIFIER,MANQUANTE,B1: référence de preuve absente | B2: référence de preuve absente | B3: référence de preuve absente | B4: référence de preuve absente | B5: référence de preuve absente | B6: référence de preuve absente | B7: référence de preuve absente | exclusions non vérifiées | preuve du contrôle des exclusions absente
PBN0.F,Alterity Therapeutics Ltd.    R,Allemagne,53168436.0,37317960.0,193465.0,-25090684.0,-14740514.0,-0.79,0.92721003,0.0,18208368.0,Yahoo Finance / yfinance get_info,2026-10-08,0.0,-34.23423336345785,5.035975048380537,False,MANQUANTE,MANQUANTE,MANQUANTE,MANQUANTE,MANQUANTE,MANQUANTE,MANQUANTE,MANQUANTE,MANQUANTE,MANQUANTE,MANQUANTE,MANQUANTE,MANQUANTE,MANQUANTE,MANQUANTE,A_COMPLETER_PREUVES_SSI,A_VERIFIER,MANQUANTE,B1: référence de preuve absente | B2: référence de preuve absente | B3: référence de preuve absente | B4: référence de preuve absente | B5: référence de preuve absente | B6: référence de preuve absente | B7: référence de preuve absente | exclusions non vérifiées | preuve du contrôle des exclusions absente
PBN0.SG,Alterity Therapeutics Ltd. (ADR,Allemagne,53168436.0,37317960.0,193465.0,-25090684.0,-14740514.0,-0.79,0.92721003,0.0,18208368.0,Yahoo Finance / yfinance get_info,2026-10-08,0.0,-36.79653357955471,4.285718786473258,False,MANQUANTE,MANQUANTE,MANQUANTE,MANQUANTE,MANQUANTE,MANQUANTE,MANQUANTE,MANQUANTE,MANQUANTE,MANQUANTE,MANQUANTE,MANQUANTE,MANQUANTE,MANQUANTE,MANQUANTE,A_COMPLETER_PREUVES_SSI,A_VERIFIER,MANQUANTE,B1: référence de preuve absente | B2: référence de preuve absente | B3: référence de preuve absente | B4: référence de preuve absente | B5: référence de preuve absente | B6: référence de preuve absente | B7: référence de preuve absente | exclusions non vérifiées | preuve du contrôle des exclusions absente
TP21.F,Tethys Petroleum Ltd.         R,Allemagne,53293760.0,6257000.0,0.0,14221000.0,10052375.0,0.689,0.63201,0.43133998,114857248.0,Yahoo Finance / yfinance get_info,2026-10-08,0.0,-7.200002670288086,-36.43835965409058,False,MANQUANTE,MANQUANTE,MANQUANTE,MANQUANTE,MANQUANTE,MANQUANTE,MANQUANTE,MANQUANTE,MANQUANTE,MANQUANTE,MANQUANTE,MANQUANTE,MANQUANTE,MANQUANTE,MANQUANTE,A_COMPLETER_PREUVES_SSI,A_VERIFIER,MANQUANTE,B1: référence de preuve absente | B2: référence de preuve absente | B3: référence de preuve absente | B4: référence de preuve absente | B5: référence de preuve absente | B6: référence de preuve absente | B7: référence de preuve absente | exclusions non vérifiées | preuve du contrôle des exclusions absente
TJJ.F,Tianjin TEDA Bio.Eng.Co.Ltd.  R,Allemagne,53347500.0,131720144.0,108811032.0,-38275000.0,74482496.0,0.308,-0.01663,0.04089,1436400000.0,Yahoo Finance / yfinance get_info,2026-10-08,0.0,100.0,11.111108351636933,True,MANQUANTE,MANQUANTE,MANQUANTE,MANQUANTE,MANQUANTE,MANQUANTE,MANQUANTE,MANQUANTE,MANQUANTE,MANQUANTE,MANQUANTE,MANQUANTE,MANQUANTE,MANQUANTE,MANQUANTE,A_COMPLETER_PREUVES_SSI,A_VERIFIER,MANQUANTE,B1: référence de preuve absente | B2: référence de preuve absente | B3: référence de preuve absente | B4: référence de preuve absente | B5: référence de preuve absente | B6: référence de preuve absente | B7: référence de preuve absente | exclusions non vérifiées | preuve du contrôle des exclusions absente
8YW.F,Herige S.A.                   A,Allemagne,53412132.0,43326000.0,82339000.0,10276000.0,293000.0,0.01,0.50726,0.5952,2848647.0,Yahoo Finance / yfinance get_info,2026-10-08,0.0,-11.556606956460092,-10.287079702260138,False,MANQUANTE,MANQUANTE,MANQUANTE,MANQUANTE,MANQUANTE,MANQUANTE,MANQUANTE,MANQUANTE,MANQUANTE,MANQUANTE,MANQUANTE,MANQUANTE,MANQUANTE,MANQUANTE,MANQUANTE,A_COMPLETER_PREUVES_SSI,A_VERIFIER,MANQUANTE,B1: référence de preuve absente | B2: référence de preuve absente | B3: référence de preuve absente | B4: référence de preuve absente | B5: référence de preuve absente | B6: référence de preuve absente | B7: référence de preuve absente | exclusions non vérifiées | preuve du contrôle des exclusions absente
2HU.F,Catana Group S.A.             A,Allemagne,53434052.0,36729000.0,55275000.0,14977000.0,8548625.0,0.013,0.53526,0.34859002,28513368.0,Yahoo Finance / yfinance get_info,2026-10-08,0.0,-7.227724209660103,-20.255317901258994,False,MANQUANTE,MANQUANTE,MANQUANTE,MANQUANTE,MANQUANTE,MANQUANTE,MANQUANTE,MANQUANTE,MANQUANTE,MANQUANTE,MANQUANTE,MANQUANTE,MANQUANTE,MANQUANTE,MANQUANTE,A_COMPLETER_PREUVES_SSI,A_VERIFIER,MANQUANTE,B1: référence de preuve absente | B2: référence de preuve absente | B3: référence de preuve absente | B4: référence de preuve absente | B5: référence de preuve absente | B6: référence de preuve absente | B7: référence de preuve absente | exclusions non vérifiées | preuve du contrôle des exclusions absente
D3R.F,Austral Gold Ltd.             R,Allemagne,53448292.0,26438000.0,21964000.0,35230000.0,3748750.0,2.585,0.46041,0.72423,668103679.0,Yahoo Finance / yfinance get_info,2026-10-08,0.0,-0.6211192771326313,-7.514449174247384,,MANQUANTE,MANQUANTE,MANQUANTE,MANQUANTE,MANQUANTE,MANQUANTE,MANQUANTE,MANQUANTE,MANQUANTE,MANQUANTE,MANQUANTE,MANQUANTE,MANQUANTE,MANQUANTE,MANQUANTE,A_COMPLETER_PREUVES_SSI,A_VERIFIER,MANQUANTE,B1: référence de preuve absente | B2: référence de preuve absente | B3: référence de preuve absente | B4: référence de preuve absente | B5: référence de preuve absente | B6: référence de preuve absente | B7: référence de preuve absente | exclusions non vérifiées | preuve du contrôle des exclusions absente
EVY.F,Everyman Media Group PLC      R,Allemagne,53502844.0,7551000.0,129563000.0,15752000.0,10167750.0,0.235,0.65438,0.73947996,92246284.0,Yahoo Finance / yfinance get_info,2026-10-08,0.0,0.0,60.22099492998265,True,MANQUANTE,MANQUANTE,MANQUANTE,MANQUANTE,MANQUANTE,MANQUANTE,MANQUANTE,MANQUANTE,MANQUANTE,MANQUANTE,MANQUANTE,MANQUANTE,MANQUANTE,MANQUANTE,MANQUANTE,A_COMPLETER_PREUVES_SSI,A_VERIFIER,MANQUANTE,B1: référence de preuve absente | B2: référence de preuve absente | B3: référence de preuve absente | B4: référence de preuve absente | B5: référence de preuve absente | B6: référence de preuve absente | B7: référence de preuve absente | exclusions non vérifiées | preuve du contrôle des exclusions absente
GPI1.F,China Oil & Gas Group Ltd.    R,Allemagne,53549632.0,5045687808.0,9855578112.0,2026237056.0,558146240.0,-0.005,0.14341,0.28263,5636803834.0,Yahoo Finance / yfinance get_info,2026-10-08,0.0,-13.636365945427888,-40.62500472937223,False,MANQUANTE,MANQUANTE,MANQUANTE,MANQUANTE,MANQUANTE,MANQUANTE,MANQUANTE,MANQUANTE,MANQUANTE,MANQUANTE,MANQUANTE,MANQUANTE,MANQUANTE,MANQUANTE,MANQUANTE,A_COMPLETER_PREUVES_SSI,A_VERIFIER,MANQUANTE,B1: référence de preuve absente | B2: référence de preuve absente | B3: référence de preuve absente | B4: référence de preuve absente | B5: référence de preuve absente | B6: référence de preuve absente | B7: référence de preuve absente | exclusions non vérifiées | preuve du contrôle des exclusions absente
CCO.F,China Chengtong Develop. GroupR,Allemagne,53575964.0,1714788992.0,10910828544.0,238016000.0,-1954186240.0,0.652,0.39879,0.53155,5952885045.0,Yahoo Finance / yfinance get_info,2026-10-08,0.0,-5.263158926673251,-18.18182126057051,False,MANQUANTE,MANQUANTE,MANQUANTE,MANQUANTE,MANQUANTE,MANQUANTE,MANQUANTE,MANQUANTE,MANQUANTE,MANQUANTE,MANQUANTE,MANQUANTE,MANQUANTE,MANQUANTE,MANQUANTE,A_COMPLETER_PREUVES_SSI,A_VERIFIER,MANQUANTE,B1: référence de preuve absente | B2: référence de preuve absente | B3: référence de preuve absente | B4: référence de preuve absente | B5: référence de preuve absente | B6: référence de preuve absente | B7: référence de preuve absente | exclusions non vérifiées | preuve du contrôle des exclusions absente
MJT.F,Majestic Gold Corp.           R,Allemagne,53592948.0,215339616.0,37826588.0,50215532.0,8769137.0,0.251,0.72047997,0.00072999997,1042664381.0,Yahoo Finance / yfinance get_info,2026-10-08,0.0,-9.187283175437411,-33.41969379466065,False,MANQUANTE,MANQUANTE,MANQUANTE,MANQUANTE,MANQUANTE,MANQUANTE,MANQUANTE,MANQUANTE,MANQUANTE,MANQUANTE,MANQUANTE,MANQUANTE,MANQUANTE,MANQUANTE,MANQUANTE,A_COMPLETER_PREUVES_SSI,A_VERIFIER,MANQUANTE,B1: référence de preuve absente | B2: référence de preuve absente | B3: référence de preuve absente | B4: référence de preuve absente | B5: référence de preuve absente | B6: référence de preuve absente | B7: référence de preuve absente | exclusions non vérifiées | preuve du contrôle des exclusions absente
Z1N.F,MedPal AI PLC                 R,Allemagne,53618072.0,4189.0,744404.0,,-1946455.0,,0.22978,0.3811,886249135.0,Yahoo Finance / yfinance get_info,2026-10-08,0.0,116.07142073121328,132.69230163044492,True,MANQUANTE,MANQUANTE,MANQUANTE,MANQUANTE,MANQUANTE,MANQUANTE,MANQUANTE,MANQUANTE,MANQUANTE,MANQUANTE,MANQUANTE,MANQUANTE,MANQUANTE,MANQUANTE,MANQUANTE,A_COMPLETER_PREUVES_SSI,A_VERIFIER,MANQUANTE,B1: référence de preuve absente | B2: référence de preuve absente | B3: référence de preuve absente | B4: référence de preuve absente | B5: référence de preuve absente | B6: référence de preuve absente | B7: référence de preuve absente | exclusions non vérifiées | preuve du contrôle des exclusions absente
5AR1.F,AI Financial Corp.            R,Allemagne,53641284.0,5850000.0,28592000.0,-19025000.0,-4823500.0,-0.622,0.53556997,0.02062,139836511.0,Yahoo Finance / yfinance get_info,2026-10-08,0.0,4.894719651180002,-40.98461374813277,False,MANQUANTE,MANQUANTE,MANQUANTE,MANQUANTE,MANQUANTE,MANQUANTE,MANQUANTE,MANQUANTE,MANQUANTE,MANQUANTE,MANQUANTE,MANQUANTE,MANQUANTE,MANQUANTE,MANQUANTE,A_COMPLETER_PREUVES_SSI,A_VERIFIER,MANQUANTE,B1: référence de preuve absente | B2: référence de preuve absente | B3: référence de preuve absente | B4: référence de preuve absente | B5: référence de preuve absente | B6: référence de preuve absente | B7: référence de preuve absente | exclusions non vérifiées | preuve du contrôle des exclusions absente
C4G0.F,51 Talk Online Education GroupR,Allemagne,53765468.0,40071000.0,2535000.0,-12709500.0,,0.588,0.73301005,0.62891996,4280532.0,Yahoo Finance / yfinance get_info,2026-10-08,0.0,-36.97183148252235,-51.35869568034246,False,MANQUANTE,MANQUANTE,MANQUANTE,MANQUANTE,MANQUANTE,MANQUANTE,MANQUANTE,MANQUANTE,MANQUANTE,MANQUANTE,MANQUANTE,MANQUANTE,MANQUANTE,MANQUANTE,MANQUANTE,A_COMPLETER_PREUVES_SSI,A_VERIFIER,MANQUANTE,B1: référence de preuve absente | B2: référence de preuve absente | B3: référence de preuve absente | B4: référence de preuve absente | B5: référence de preuve absente | B6: référence de preuve absente | B7: référence de preuve absente | exclusions non vérifiées | preuve du contrôle des exclusions absente
R9Q.F,Recce Pharmaceuticals Ltd.    R,Allemagne,53815532.0,2932209.0,10441361.0,-13794138.0,-1548017.0,15.095,0.1311,0.40673,305770071.0,Yahoo Finance / yfinance get_info,2026-10-08,0.0,-13.725489050275929,-37.58865398130485,False,MANQUANTE,MANQUANTE,MANQUANTE,MANQUANTE,MANQUANTE,MANQUANTE,MANQUANTE,MANQUANTE,MANQUANTE,MANQUANTE,MANQUANTE,MANQUANTE,MANQUANTE,MANQUANTE,MANQUANTE,A_COMPLETER_PREUVES_SSI,A_VERIFIER,MANQUANTE,B1: référence de preuve absente | B2: référence de preuve absente | B3: référence de preuve absente | B4: référence de preuve absente | B5: référence de preuve absente | B6: référence de preuve absente | B7: référence de preuve absente | exclusions non vérifiées | preuve du contrôle des exclusions absente
CF90.F,Capinfo Co. Ltd.              R,Allemagne,53904404.0,626103104.0,99059320.0,82253360.0,156491392.0,0.041,0.24404,0.0,77449800.0,Yahoo Finance / yfinance get_info,2026-10-08,0.0,-0.5347604236009551,-35.41666235498789,False,MANQUANTE,MANQUANTE,MANQUANTE,MANQUANTE,MANQUANTE,MANQUANTE,MANQUANTE,MANQUANTE,MANQUANTE,MANQUANTE,MANQUANTE,MANQUANTE,MANQUANTE,MANQUANTE,MANQUANTE,A_COMPLETER_PREUVES_SSI,A_VERIFIER,MANQUANTE,B1: référence de preuve absente | B2: référence de preuve absente | B3: référence de preuve absente | B4: référence de preuve absente | B5: référence de preuve absente | B6: référence de preuve absente | B7: référence de preuve absente | exclusions non vérifiées | preuve du contrôle des exclusions absente
4W1.F,White Cliff Minerals Ltd.     R,Allemagne,53934192.0,9804737.0,0.0,-24727864.0,-5331578.0,22.618,1.0,0.29601,3370886923.0,Yahoo Finance / yfinance get_info,2026-10-08,0.0,113.33334823449488,166.66667701469518,True,MANQUANTE,MANQUANTE,MANQUANTE,MANQUANTE,MANQUANTE,MANQUANTE,MANQUANTE,MANQUANTE,MANQUANTE,MANQUANTE,MANQUANTE,MANQUANTE,MANQUANTE,MANQUANTE,MANQUANTE,A_COMPLETER_PREUVES_SSI,A_VERIFIER,MANQUANTE,B1: référence de preuve absente | B2: référence de preuve absente | B3: référence de preuve absente | B4: référence de preuve absente | B5: référence de preuve absente | B6: référence de preuve absente | B7: référence de preuve absente | exclusions non vérifiées | preuve du contrôle des exclusions absente
GC3.F,Novonix Ltd.                  R,Allemagne,54087664.0,59534916.0,91317024.0,-47458856.0,-65809208.0,,0.55486,0.14114,997927386.0,Yahoo Finance / yfinance get_info,2026-10-08,0.0,-51.520571532837664,-62.87671105647805,False,MANQUANTE,MANQUANTE,MANQUANTE,MANQUANTE,MANQUANTE,MANQUANTE,MANQUANTE,MANQUANTE,MANQUANTE,MANQUANTE,MANQUANTE,MANQUANTE,MANQUANTE,MANQUANTE,MANQUANTE,A_COMPLETER_PREUVES_SSI,A_VERIFIER,MANQUANTE,B1: référence de preuve absente | B2: référence de preuve absente | B3: référence de preuve absente | B4: référence de preuve absente | B5: référence de preuve absente | B6: référence de preuve absente | B7: référence de preuve absente | exclusions non vérifiées | preuve du contrôle des exclusions absente
APL.F,ALPHA PRO TECH LTD.           R,Allemagne,54092956.0,18901000.0,7621000.0,5322000.0,4460250.0,0.12,0.37498,0.16379,10206218.0,Yahoo Finance / yfinance get_info,2026-10-08,0.0,22.11981576946571,35.89743746494789,True,MANQUANTE,MANQUANTE,MANQUANTE,MANQUANTE,MANQUANTE,MANQUANTE,MANQUANTE,MANQUANTE,MANQUANTE,MANQUANTE,MANQUANTE,MANQUANTE,MANQUANTE,MANQUANTE,MANQUANTE,A_COMPLETER_PREUVES_SSI,A_VERIFIER,MANQUANTE,B1: référence de preuve absente | B2: référence de preuve absente | B3: référence de preuve absente | B4: référence de preuve absente | B5: référence de preuve absente | B6: référence de preuve absente | B7: référence de preuve absente | exclusions non vérifiées | preuve du contrôle des exclusions absente
KV7.F,Marks Electrical Group PLC    R,Allemagne,54095372.0,4434000.0,1884000.0,362000.0,-2263375.0,-0.059,0.23622999,0.97339,104029570.0,Yahoo Finance / yfinance get_info,2026-10-08,0.0,8.786610252572814,1.960782480441492,True,MANQUANTE,MANQUANTE,MANQUANTE,MANQUANTE,MANQUANTE,MANQUANTE,MANQUANTE,MANQUANTE,MANQUANTE,MANQUANTE,MANQUANTE,MANQUANTE,MANQUANTE,MANQUANTE,MANQUANTE,A_COMPLETER_PREUVES_SSI,A_VERIFIER,MANQUANTE,B1: référence de preuve absente | B2: référence de preuve absente | B3: référence de preuve absente | B4: référence de preuve absente | B5: référence de preuve absente | B6: référence de preuve absente | B7: référence de preuve absente | exclusions non vérifiées | preuve du contrôle des exclusions absente
TS8A.F,DLH Holdings Corp.            R,Allemagne,54104920.0,235000.0,141144000.0,16629000.0,21565376.0,-0.469,0.18141001,0.15137,14493035.0,Yahoo Finance / yfinance get_info,2026-10-08,0.0,-16.129032789695042,-28.627447588816768,False,MANQUANTE,MANQUANTE,MANQUANTE,MANQUANTE,MANQUANTE,MANQUANTE,MANQUANTE,MANQUANTE,MANQUANTE,MANQUANTE,MANQUANTE,MANQUANTE,MANQUANTE,MANQUANTE,MANQUANTE,A_COMPLETER_PREUVES_SSI,A_VERIFIER,MANQUANTE,B1: référence de preuve absente | B2: référence de preuve absente | B3: référence de preuve absente | B4: référence de preuve absente | B5: référence de preuve absente | B6: référence de preuve absente | B7: référence de preuve absente | exclusions non vérifiées | preuve du contrôle des exclusions absente
6FK.F,Gentian Diagnostics ASA       N,Allemagne,54105184.0,79341000.0,16809000.0,25897000.0,1437875.0,0.142,0.55511004,0.50039,15458624.0,Yahoo Finance / yfinance get_info,2026-10-08,0.0,3.2448345631816533,-6.417112538095182,False,MANQUANTE,MANQUANTE,MANQUANTE,MANQUANTE,MANQUANTE,MANQUANTE,MANQUANTE,MANQUANTE,MANQUANTE,MANQUANTE,MANQUANTE,MANQUANTE,MANQUANTE,MANQUANTE,MANQUANTE,A_COMPLETER_PREUVES_SSI,A_VERIFIER,MANQUANTE,B1: référence de preuve absente | B2: référence de preuve absente | B3: référence de preuve absente | B4: référence de preuve absente | B5: référence de preuve absente | B6: référence de preuve absente | B7: référence de preuve absente | exclusions non vérifiées | preuve du contrôle des exclusions absente
G4D.F,Winking Studios Ltd.          R,Allemagne,54169044.0,23200000.0,6436000.0,-550000.0,-2090500.0,0.211,0.26843,0.77163005,440398718.0,Yahoo Finance / yfinance get_info,2026-10-08,0.0,-0.8064472518713228,-10.869560522633405,False,MANQUANTE,MANQUANTE,MANQUANTE,MANQUANTE,MANQUANTE,MANQUANTE,MANQUANTE,MANQUANTE,MANQUANTE,MANQUANTE,MANQUANTE,MANQUANTE,MANQUANTE,MANQUANTE,MANQUANTE,A_COMPLETER_PREUVES_SSI,A_VERIFIER,MANQUANTE,B1: référence de preuve absente | B2: référence de preuve absente | B3: référence de preuve absente | B4: référence de preuve absente | B5: référence de preuve absente | B6: référence de preuve absente | B7: référence de preuve absente | exclusions non vérifiées | preuve du contrôle des exclusions absente
KG0A.F,China Shuifa Singyes En. HLDGSR,Allemagne,54295120.0,221291008.0,11752710144.0,662195968.0,-883831872.0,-0.105,0.17909999,0.7493,2521081780.0,Yahoo Finance / yfinance get_info,2026-10-08,0.0,-11.4285732532034,-13.888886589326876,False,MANQUANTE,MANQUANTE,MANQUANTE,MANQUANTE,MANQUANTE,MANQUANTE,MANQUANTE,MANQUANTE,MANQUANTE,MANQUANTE,MANQUANTE,MANQUANTE,MANQUANTE,MANQUANTE,MANQUANTE,A_COMPLETER_PREUVES_SSI,A_VERIFIER,MANQUANTE,B1: référence de preuve absente | B2: référence de preuve absente | B3: référence de preuve absente | B4: référence de preuve absente | B5: référence de preuve absente | B6: référence de preuve absente | B7: référence de preuve absente | exclusions non vérifiées | preuve du contrôle des exclusions absente
1G9.F,Gumi Inc.                     R,Allemagne,54440040.0,3056999936.0,4695000064.0,734694976.0,,0.202,0.28961,0.42960998,53901034.0,Yahoo Finance / yfinance get_info,2026-10-08,0.0,-15.833337472544606,-35.66879256559263,False,MANQUANTE,MANQUANTE,MANQUANTE,MANQUANTE,MANQUANTE,MANQUANTE,MANQUANTE,MANQUANTE,MANQUANTE,MANQUANTE,MANQUANTE,MANQUANTE,MANQUANTE,MANQUANTE,MANQUANTE,A_COMPLETER_PREUVES_SSI,A_VERIFIER,MANQUANTE,B1: référence de preuve absente | B2: référence de preuve absente | B3: référence de preuve absente | B4: référence de preuve absente | B5: référence de preuve absente | B6: référence de preuve absente | B7: référence de preuve absente | exclusions non vérifiées | preuve du contrôle des exclusions absente
GJY.F,Boom Logistics Ltd.           R,Allemagne,54570576.0,24711000.0,109764000.0,29419000.0,43126124.0,-0.031,0.73266,0.244,36380384.0,Yahoo Finance / yfinance get_info,2026-10-08,0.0,14.503821795390248,50.0,True,MANQUANTE,MANQUANTE,MANQUANTE,MANQUANTE,MANQUANTE,MANQUANTE,MANQUANTE,MANQUANTE,MANQUANTE,MANQUANTE,MANQUANTE,MANQUANTE,MANQUANTE,MANQUANTE,MANQUANTE,A_COMPLETER_PREUVES_SSI,A_VERIFIER,MANQUANTE,B1: référence de preuve absente | B2: référence de preuve absente | B3: référence de preuve absente | B4: référence de preuve absente | B5: référence de preuve absente | B6: référence de preuve absente | B7: référence de preuve absente | exclusions non vérifiées | preuve du contrôle des exclusions absente
CSO.F,Calnex Solutions PLC          R,Allemagne,54605840.0,9306000.0,928000.0,1484000.0,-786125.0,0.254,0.54592,0.28996,88073936.0,Yahoo Finance / yfinance get_info,2026-10-08,0.0,-5.343506587815028,5.084751242024477,False,MANQUANTE,MANQUANTE,MANQUANTE,MANQUANTE,MANQUANTE,MANQUANTE,MANQUANTE,MANQUANTE,MANQUANTE,MANQUANTE,MANQUANTE,MANQUANTE,MANQUANTE,MANQUANTE,MANQUANTE,A_COMPLETER_PREUVES_SSI,A_VERIFIER,MANQUANTE,B1: référence de preuve absente | B2: référence de preuve absente | B3: référence de preuve absente | B4: référence de preuve absente | B5: référence de preuve absente | B6: référence de preuve absente | B7: référence de preuve absente | exclusions non vérifiées | preuve du contrôle des exclusions absente
L270.F,Forum Markets Inc.            R,Allemagne,54643644.0,4102000.0,25950000.0,-243266864.0,37797260.0,,0.86324,0.42722,13198948.0,Yahoo Finance / yfinance get_info,2026-10-08,0.0,-17.200002670288082,181.6326384972688,,MANQUANTE,MANQUANTE,MANQUANTE,MANQUANTE,MANQUANTE,MANQUANTE,MANQUANTE,MANQUANTE,MANQUANTE,MANQUANTE,MANQUANTE,MANQUANTE,MANQUANTE,MANQUANTE,MANQUANTE,A_COMPLETER_PREUVES_SSI,A_VERIFIER,MANQUANTE,B1: référence de preuve absente | B2: référence de preuve absente | B3: référence de preuve absente | B4: référence de preuve absente | B5: référence de preuve absente | B6: référence de preuve absente | B7: référence de preuve absente | exclusions non vérifiées | preuve du contrôle des exclusions absente
2CY.F,Canyon Resources Ltd.         R,Allemagne,54646048.0,45840868.0,108603768.0,-7081594.0,-101544336.0,1.326,1.0,0.69617,2062115055.0,Yahoo Finance / yfinance get_info,2026-10-08,0.0,-49.52380854391454,-68.26347261309267,False,MANQUANTE,MANQUANTE,MANQUANTE,MANQUANTE,MANQUANTE,MANQUANTE,MANQUANTE,MANQUANTE,MANQUANTE,MANQUANTE,MANQUANTE,MANQUANTE,MANQUANTE,MANQUANTE,MANQUANTE,A_COMPLETER_PREUVES_SSI,A_VERIFIER,MANQUANTE,B1: référence de preuve absente | B2: référence de preuve absente | B3: référence de preuve absente | B4: référence de preuve absente | B5: référence de preuve absente | B6: référence de preuve absente | B7: référence de preuve absente | exclusions non vérifiées | preuve du contrôle des exclusions absente
MNZ.F,Gattaca PLC                   R,Allemagne,54648944.0,15265000.0,2253000.0,5258000.0,-29750.0,0.098,0.09867,0.6771,30888335.0,Yahoo Finance / yfinance get_info,2026-10-08,0.0,-3.4285681588309136,29.00764359078052,True,MANQUANTE,MANQUANTE,MANQUANTE,MANQUANTE,MANQUANTE,MANQUANTE,MANQUANTE,MANQUANTE,MANQUANTE,MANQUANTE,MANQUANTE,MANQUANTE,MANQUANTE,MANQUANTE,MANQUANTE,A_COMPLETER_PREUVES_SSI,A_VERIFIER,MANQUANTE,B1: référence de preuve absente | B2: référence de preuve absente | B3: référence de preuve absente | B4: référence de preuve absente | B5: référence de preuve absente | B6: référence de preuve absente | B7: référence de preuve absente | exclusions non vérifiées | preuve du contrôle des exclusions absente
BY0.F,R.E.A. HOLDINGS PLC           R,Allemagne,54788784.0,22630000.0,185663008.0,65709000.0,14023000.0,-0.041,0.31396,0.39327,43831029.0,Yahoo Finance / yfinance get_info,2026-10-08,0.0,1.6260146842582035,-7.407409042651403,False,MANQUANTE,MANQUANTE,MANQUANTE,MANQUANTE,MANQUANTE,MANQUANTE,MANQUANTE,MANQUANTE,MANQUANTE,MANQUANTE,MANQUANTE,MANQUANTE,MANQUANTE,MANQUANTE,MANQUANTE,A_COMPLETER_PREUVES_SSI,A_VERIFIER,MANQUANTE,B1: référence de preuve absente | B2: référence de preuve absente | B3: référence de preuve absente | B4: référence de preuve absente | B5: référence de preuve absente | B6: référence de preuve absente | B7: référence de preuve absente | exclusions non vérifiées | preuve du contrôle des exclusions absente
9B5.F,Airtasker Ltd.                R,Allemagne,54823164.0,12361000.0,1058000.0,-38890000.0,-13609000.0,0.065,0.5561,0.43051997,489492507.0,Yahoo Finance / yfinance get_info,2026-10-08,0.0,2.7522992218859565,-7.438013170286717,False,MANQUANTE,MANQUANTE,MANQUANTE,MANQUANTE,MANQUANTE,MANQUANTE,MANQUANTE,MANQUANTE,MANQUANTE,MANQUANTE,MANQUANTE,MANQUANTE,MANQUANTE,MANQUANTE,MANQUANTE,A_COMPLETER_PREUVES_SSI,A_VERIFIER,MANQUANTE,B1: référence de preuve absente | B2: référence de preuve absente | B3: référence de preuve absente | B4: référence de preuve absente | B5: référence de preuve absente | B6: référence de preuve absente | B7: référence de preuve absente | exclusions non vérifiées | preuve du contrôle des exclusions absente
SRC.F,Yojee Ltd.                    R,Allemagne,54882404.0,3440374.0,0.0,-7248976.0,-3762925.0,-0.071,-2.68391,0.29222,425445012.0,Yahoo Finance / yfinance get_info,2026-10-08,0.0,-18.86792594291318,-13.422825638117208,False,MANQUANTE,MANQUANTE,MANQUANTE,MANQUANTE,MANQUANTE,MANQUANTE,MANQUANTE,MANQUANTE,MANQUANTE,MANQUANTE,MANQUANTE,MANQUANTE,MANQUANTE,MANQUANTE,MANQUANTE,A_COMPLETER_PREUVES_SSI,A_VERIFIER,MANQUANTE,B1: référence de preuve absente | B2: référence de preuve absente | B3: référence de preuve absente | B4: référence de preuve absente | B5: référence de preuve absente | B6: référence de preuve absente | B7: référence de preuve absente | exclusions non vérifiées | preuve du contrôle des exclusions absente
KK2.F,SUN A. KAKEN CO. LTD.         R,Allemagne,54901868.0,5513999872.0,4350000128.0,2585250048.0,,0.154,0.15749,0.42478,9631907.0,Yahoo Finance / yfinance get_info,2026-10-08,0.0,57.45856324481111,45.408155569579534,True,MANQUANTE,MANQUANTE,MANQUANTE,MANQUANTE,MANQUANTE,MANQUANTE,MANQUANTE,MANQUANTE,MANQUANTE,MANQUANTE,MANQUANTE,MANQUANTE,MANQUANTE,MANQUANTE,MANQUANTE,A_COMPLETER_PREUVES_SSI,A_VERIFIER,MANQUANTE,B1: référence de preuve absente | B2: référence de preuve absente | B3: référence de preuve absente | B4: référence de preuve absente | B5: référence de preuve absente | B6: référence de preuve absente | B7: référence de preuve absente | exclusions non vérifiées | preuve du contrôle des exclusions absente
1MP.F,Scana ASA                     N,Allemagne,54964488.0,64300000.0,468000000.0,68000000.0,169112496.0,-0.018,0.57854,0.65229,461886437.0,Yahoo Finance / yfinance get_info,2026-10-08,0.0,6.726457518962059,3.9301324251216574,True,MANQUANTE,MANQUANTE,MANQUANTE,MANQUANTE,MANQUANTE,MANQUANTE,MANQUANTE,MANQUANTE,MANQUANTE,MANQUANTE,MANQUANTE,MANQUANTE,MANQUANTE,MANQUANTE,MANQUANTE,A_COMPLETER_PREUVES_SSI,A_VERIFIER,MANQUANTE,B1: référence de preuve absente | B2: référence de preuve absente | B3: référence de preuve absente | B4: référence de preuve absente | B5: référence de preuve absente | B6: référence de preuve absente | B7: référence de preuve absente | exclusions non vérifiées | preuve du contrôle des exclusions absente
43M.F,Marmota Ltd.                  R,Allemagne,55055220.0,14704611.0,180436.0,-319353.0,-4191393.0,1.245,1.0,0.29369,1295416901.0,Yahoo Finance / yfinance get_info,2026-10-08,0.0,18.05556187935109,-27.9661013738618,False,MANQUANTE,MANQUANTE,MANQUANTE,MANQUANTE,MANQUANTE,MANQUANTE,MANQUANTE,MANQUANTE,MANQUANTE,MANQUANTE,MANQUANTE,MANQUANTE,MANQUANTE,MANQUANTE,MANQUANTE,A_COMPLETER_PREUVES_SSI,A_VERIFIER,MANQUANTE,B1: référence de preuve absente | B2: référence de preuve absente | B3: référence de preuve absente | B4: référence de preuve absente | B5: référence de preuve absente | B6: référence de preuve absente | B7: référence de preuve absente | exclusions non vérifiées | preuve du contrôle des exclusions absente
WFU.F,Quam Plus Intern. Finan. ltd. R,Allemagne,55312892.0,722305024.0,503102016.0,,,-0.127,-0.21162,0.75175005,6145877218.0,Yahoo Finance / yfinance get_info,2026-10-08,0.0,5.882342628954751,-30.76923517785825,False,MANQUANTE,MANQUANTE,MANQUANTE,MANQUANTE,MANQUANTE,MANQUANTE,MANQUANTE,MANQUANTE,MANQUANTE,MANQUANTE,MANQUANTE,MANQUANTE,MANQUANTE,MANQUANTE,MANQUANTE,A_COMPLETER_PREUVES_SSI,A_VERIFIER,MANQUANTE,B1: référence de preuve absente | B2: référence de preuve absente | B3: référence de preuve absente | B4: référence de preuve absente | B5: référence de preuve absente | B6: référence de preuve absente | B7: référence de preuve absente | exclusions non vérifiées | preuve du contrôle des exclusions absente
BG4.F,Kodama Chemical Industry      R,Allemagne,55423932.0,11256999936.0,16145000448.0,8234500096.0,,0.071,0.12788,0.054169998,15568520.0,Yahoo Finance / yfinance get_info,2026-10-08,0.0,3.488368708227374,-41.157027594289616,False,MANQUANTE,MANQUANTE,MANQUANTE,MANQUANTE,MANQUANTE,MANQUANTE,MANQUANTE,MANQUANTE,MANQUANTE,MANQUANTE,MANQUANTE,MANQUANTE,MANQUANTE,MANQUANTE,MANQUANTE,A_COMPLETER_PREUVES_SSI,A_VERIFIER,MANQUANTE,B1: référence de preuve absente | B2: référence de preuve absente | B3: référence de preuve absente | B4: référence de preuve absente | B5: référence de preuve absente | B6: référence de preuve absente | B7: référence de preuve absente | exclusions non vérifiées | preuve du contrôle des exclusions absente
WE3.F,KH Group Oyj                  R,Allemagne,55478880.0,3400000.0,72700000.0,28772000.0,19973000.0,0.149,0.25954,0.56855,58078895.0,Yahoo Finance / yfinance get_info,2026-10-08,0.0,75.09577564081557,62.05673009347572,True,MANQUANTE,MANQUANTE,MANQUANTE,MANQUANTE,MANQUANTE,MANQUANTE,MANQUANTE,MANQUANTE,MANQUANTE,MANQUANTE,MANQUANTE,MANQUANTE,MANQUANTE,MANQUANTE,MANQUANTE,A_COMPLETER_PREUVES_SSI,A_VERIFIER,MANQUANTE,B1: référence de preuve absente | B2: référence de preuve absente | B3: référence de preuve absente | B4: référence de preuve absente | B5: référence de preuve absente | B6: référence de preuve absente | B7: référence de preuve absente | exclusions non vérifiées | preuve du contrôle des exclusions absente
P0T.F,Tenet Fintech Group Inc.      R,Allemagne,55529764.0,2936754.0,8380882.0,272144.0,-11203420.0,120.747,0.06742,0.07254,380340867.0,Yahoo Finance / yfinance get_info,2026-10-08,0.0,1290.4761887867164,866.8873757193234,True,MANQUANTE,MANQUANTE,MANQUANTE,MANQUANTE,MANQUANTE,MANQUANTE,MANQUANTE,MANQUANTE,MANQUANTE,MANQUANTE,MANQUANTE,MANQUANTE,MANQUANTE,MANQUANTE,MANQUANTE,A_COMPLETER_PREUVES_SSI,A_VERIFIER,MANQUANTE,B1: référence de preuve absente | B2: référence de preuve absente | B3: référence de preuve absente | B4: référence de preuve absente | B5: référence de preuve absente | B6: référence de preuve absente | B7: référence de preuve absente | exclusions non vérifiées | preuve du contrôle des exclusions absente
XLS.F,Xlife Sciences AG             N,Allemagne,55650448.0,1242740.0,58506696.0,-3224442.0,21777188.0,0.344,0.54775,0.48494998,5766886.0,Yahoo Finance / yfinance get_info,2026-10-08,0.0,-48.67021271199216,-57.300887364397845,False,MANQUANTE,MANQUANTE,MANQUANTE,MANQUANTE,MANQUANTE,MANQUANTE,MANQUANTE,MANQUANTE,MANQUANTE,MANQUANTE,MANQUANTE,MANQUANTE,MANQUANTE,MANQUANTE,MANQUANTE,A_COMPLETER_PREUVES_SSI,A_VERIFIER,MANQUANTE,B1: référence de preuve absente | B2: référence de preuve absente | B3: référence de preuve absente | B4: référence de preuve absente | B5: référence de preuve absente | B6: référence de preuve absente | B7: référence de preuve absente | exclusions non vérifiées | preuve du contrôle des exclusions absente
45P.F,Playmates Toys Group Ltd.     R,Allemagne,55698400.0,1096402048.0,18251000.0,-29938000.0,10912250.0,0.003,0.53817004,0.65129995,1113968000.0,Yahoo Finance / yfinance get_info,2026-10-08,0.0,6.382983951290311,8.695653582340368,True,MANQUANTE,MANQUANTE,MANQUANTE,MANQUANTE,MANQUANTE,MANQUANTE,MANQUANTE,MANQUANTE,MANQUANTE,MANQUANTE,MANQUANTE,MANQUANTE,MANQUANTE,MANQUANTE,MANQUANTE,A_COMPLETER_PREUVES_SSI,A_VERIFIER,MANQUANTE,B1: référence de preuve absente | B2: référence de preuve absente | B3: référence de preuve absente | B4: référence de preuve absente | B5: référence de preuve absente | B6: référence de preuve absente | B7: référence de preuve absente | exclusions non vérifiées | preuve du contrôle des exclusions absente
BBA.F,System1 Group PLC             R,Allemagne,55831924.0,12385000.0,994000.0,2180000.0,1249875.0,0.688,0.87321,0.8029,12689073.0,Yahoo Finance / yfinance get_info,2026-10-08,0.0,32.53012601930227,41.02564925507946,True,MANQUANTE,MANQUANTE,MANQUANTE,MANQUANTE,MANQUANTE,MANQUANTE,MANQUANTE,MANQUANTE,MANQUANTE,MANQUANTE,MANQUANTE,MANQUANTE,MANQUANTE,MANQUANTE,MANQUANTE,A_COMPLETER_PREUVES_SSI,A_VERIFIER,MANQUANTE,B1: référence de preuve absente | B2: référence de preuve absente | B3: référence de preuve absente | B4: référence de preuve absente | B5: référence de preuve absente | B6: référence de preuve absente | B7: référence de preuve absente | exclusions non vérifiées | preuve du contrôle des exclusions absente
EJ1C.F,Asia Energy Logistics Grp Ltd.R,Allemagne,55859308.0,69448000.0,7619000.0,-12695000.0,-8152375.0,-0.507,0.04919,0.70176005,1994975244.0,Yahoo Finance / yfinance get_info,2026-10-08,0.0,3.70370421471744,47.36843034005922,True,MANQUANTE,MANQUANTE,MANQUANTE,MANQUANTE,MANQUANTE,MANQUANTE,MANQUANTE,MANQUANTE,MANQUANTE,MANQUANTE,MANQUANTE,MANQUANTE,MANQUANTE,MANQUANTE,MANQUANTE,A_COMPLETER_PREUVES_SSI,A_VERIFIER,MANQUANTE,B1: référence de preuve absente | B2: référence de preuve absente | B3: référence de preuve absente | B4: référence de preuve absente | B5: référence de preuve absente | B6: référence de preuve absente | B7: référence de preuve absente | exclusions non vérifiées | preuve du contrôle des exclusions absente
ABA.HM,ALBA SE                       I,Allemagne,56088000.0,391000.0,14654000.0,52000.0,3349625.0,-0.038,0.09873,0.95504,9840000.0,Yahoo Finance / yfinance get_info,2026-10-08,197.99999713897705,-17.985612004386077,-17.3913082538645,False,MANQUANTE,MANQUANTE,MANQUANTE,MANQUANTE,MANQUANTE,MANQUANTE,MANQUANTE,MANQUANTE,MANQUANTE,MANQUANTE,MANQUANTE,MANQUANTE,MANQUANTE,MANQUANTE,MANQUANTE,A_COMPLETER_PREUVES_SSI,A_VERIFIER,MANQUANTE,B1: référence de preuve absente | B2: référence de preuve absente | B3: référence de preuve absente | B4: référence de preuve absente | B5: référence de preuve absente | B6: référence de preuve absente | B7: référence de preuve absente | exclusions non vérifiées | preuve du contrôle des exclusions absente
FHW.F,FERNHEIZWERK NEUKOELLN AG     I,Allemagne,56120000.0,397486848.0,0.0,584655424.0,,108.348,0.3524,0.808,2300000.0,Yahoo Finance / yfinance get_info,2026-10-08,0.0,32.608696328219054,29.787237280469743,True,MANQUANTE,MANQUANTE,MANQUANTE,MANQUANTE,MANQUANTE,MANQUANTE,MANQUANTE,MANQUANTE,MANQUANTE,MANQUANTE,MANQUANTE,MANQUANTE,MANQUANTE,MANQUANTE,MANQUANTE,A_COMPLETER_PREUVES_SSI,A_VERIFIER,MANQUANTE,B1: référence de preuve absente | B2: référence de preuve absente | B3: référence de preuve absente | B4: référence de preuve absente | B5: référence de preuve absente | B6: référence de preuve absente | B7: référence de preuve absente | exclusions non vérifiées | preuve du contrôle des exclusions absente
FHW.SG,Fernheizwerk Neukölln AG,Allemagne,56120000.0,397486848.0,0.0,584655424.0,,108.348,0.3524,0.808,2300000.0,Yahoo Finance / yfinance get_info,2026-10-08,0.0,31.891889829893373,28.42105062384355,True,MANQUANTE,MANQUANTE,MANQUANTE,MANQUANTE,MANQUANTE,MANQUANTE,MANQUANTE,MANQUANTE,MANQUANTE,MANQUANTE,MANQUANTE,MANQUANTE,MANQUANTE,MANQUANTE,MANQUANTE,A_COMPLETER_PREUVES_SSI,A_VERIFIER,MANQUANTE,B1: référence de preuve absente | B2: référence de preuve absente | B3: référence de preuve absente | B4: référence de preuve absente | B5: référence de preuve absente | B6: référence de preuve absente | B7: référence de preuve absente | exclusions non vérifiées | preuve du contrôle des exclusions absente
67E0.F,Wallbox N.V.                  A,Allemagne,56271424.0,24899000.0,218492000.0,-57533000.0,,-0.375,0.36981,0.67140996,23536059.0,Yahoo Finance / yfinance get_info,2026-10-08,0.0,-49.78354998461116,-0.8547000709448138,False,MANQUANTE,MANQUANTE,MANQUANTE,MANQUANTE,MANQUANTE,MANQUANTE,MANQUANTE,MANQUANTE,MANQUANTE,MANQUANTE,MANQUANTE,MANQUANTE,MANQUANTE,MANQUANTE,MANQUANTE,A_COMPLETER_PREUVES_SSI,A_VERIFIER,MANQUANTE,B1: référence de preuve absente | B2: référence de preuve absente | B3: référence de preuve absente | B4: référence de preuve absente | B5: référence de preuve absente | B6: référence de preuve absente | B7: référence de preuve absente | exclusions non vérifiées | preuve du contrôle des exclusions absente
GUL.F,GUILLEMOT CORP.               A,Allemagne,56400456.0,27536000.0,3945000.0,2290500.0,-3080625.0,-0.041,0.53905,0.71766996,14424669.0,Yahoo Finance / yfinance get_info,2026-10-08,0.0,-7.783011865598488,-0.7614205825909215,False,MANQUANTE,MANQUANTE,MANQUANTE,MANQUANTE,MANQUANTE,MANQUANTE,MANQUANTE,MANQUANTE,MANQUANTE,MANQUANTE,MANQUANTE,MANQUANTE,MANQUANTE,MANQUANTE,MANQUANTE,A_COMPLETER_PREUVES_SSI,A_VERIFIER,MANQUANTE,B1: référence de preuve absente | B2: référence de preuve absente | B3: référence de preuve absente | B4: référence de preuve absente | B5: référence de preuve absente | B6: référence de preuve absente | B7: référence de preuve absente | exclusions non vérifiées | preuve du contrôle des exclusions absente
AXD2.F,Heron Therapeutics Inc.       R,Allemagne,56424104.0,42664000.0,148354000.0,-8731000.0,-8837125.0,0.013,0.61935,0.00983,189852307.0,Yahoo Finance / yfinance get_info,2026-10-08,0.0,-17.99117048622687,-60.86899488129927,False,MANQUANTE,MANQUANTE,MANQUANTE,MANQUANTE,MANQUANTE,MANQUANTE,MANQUANTE,MANQUANTE,MANQUANTE,MANQUANTE,MANQUANTE,MANQUANTE,MANQUANTE,MANQUANTE,MANQUANTE,A_COMPLETER_PREUVES_SSI,A_VERIFIER,MANQUANTE,B1: référence de preuve absente | B2: référence de preuve absente | B3: référence de preuve absente | B4: référence de preuve absente | B5: référence de preuve absente | B6: référence de preuve absente | B7: référence de preuve absente | exclusions non vérifiées | preuve du contrôle des exclusions absente
PNC.F,Great Elm Group Inc.          R,Allemagne,56442612.0,91545000.0,64392000.0,-12711000.0,10750500.0,0.883,-0.18195999,0.32654,31357008.0,Yahoo Finance / yfinance get_info,2026-10-08,0.0,1.694913656104502,11.111107840623058,True,MANQUANTE,MANQUANTE,MANQUANTE,MANQUANTE,MANQUANTE,MANQUANTE,MANQUANTE,MANQUANTE,MANQUANTE,MANQUANTE,MANQUANTE,MANQUANTE,MANQUANTE,MANQUANTE,MANQUANTE,A_COMPLETER_PREUVES_SSI,A_VERIFIER,MANQUANTE,B1: référence de preuve absente | B2: référence de preuve absente | B3: référence de preuve absente | B4: référence de preuve absente | B5: référence de preuve absente | B6: référence de preuve absente | B7: référence de preuve absente | exclusions non vérifiées | preuve du contrôle des exclusions absente
RZA.F,Austin Engineering Ltd.       R,Allemagne,56490540.0,17073000.0,38005000.0,15315000.0,24490250.0,-0.214,0.40379003,0.15382,623110874.0,Yahoo Finance / yfinance get_info,2026-10-08,0.0,11.184213944605135,-31.300815002634053,False,MANQUANTE,MANQUANTE,MANQUANTE,MANQUANTE,MANQUANTE,MANQUANTE,MANQUANTE,MANQUANTE,MANQUANTE,MANQUANTE,MANQUANTE,MANQUANTE,MANQUANTE,MANQUANTE,MANQUANTE,A_COMPLETER_PREUVES_SSI,A_VERIFIER,MANQUANTE,B1: référence de preuve absente | B2: référence de preuve absente | B3: référence de preuve absente | B4: référence de preuve absente | B5: référence de preuve absente | B6: référence de preuve absente | B7: référence de preuve absente | exclusions non vérifiées | preuve du contrôle des exclusions absente
L4Q.F,AMC Robotics Corp.            R,Allemagne,56499048.0,4544353.0,81810.0,,,-0.329,0.78763,0.80761003,23889661.0,Yahoo Finance / yfinance get_info,2026-10-08,0.0,-44.74299314011848,-60.58333317438762,,MANQUANTE,MANQUANTE,MANQUANTE,MANQUANTE,MANQUANTE,MANQUANTE,MANQUANTE,MANQUANTE,MANQUANTE,MANQUANTE,MANQUANTE,MANQUANTE,MANQUANTE,MANQUANTE,MANQUANTE,A_COMPLETER_PREUVES_SSI,A_VERIFIER,MANQUANTE,B1: référence de preuve absente | B2: référence de preuve absente | B3: référence de preuve absente | B4: référence de preuve absente | B5: référence de preuve absente | B6: référence de preuve absente | B7: référence de preuve absente | exclusions non vérifiées | preuve du contrôle des exclusions absente
6H4.F,Invictus Energy Ltd.          R,Allemagne,56626896.0,10885755.0,554869.0,-6476121.0,-3436407.0,0.0,1.0,0.083809994,1786337385.0,Yahoo Finance / yfinance get_info,2026-10-08,0.0,12.811385706538749,-5.934718986544185,False,MANQUANTE,MANQUANTE,MANQUANTE,MANQUANTE,MANQUANTE,MANQUANTE,MANQUANTE,MANQUANTE,MANQUANTE,MANQUANTE,MANQUANTE,MANQUANTE,MANQUANTE,MANQUANTE,MANQUANTE,A_COMPLETER_PREUVES_SSI,A_VERIFIER,MANQUANTE,B1: référence de preuve absente | B2: référence de preuve absente | B3: référence de preuve absente | B4: référence de preuve absente | B5: référence de preuve absente | B6: référence de preuve absente | B7: référence de preuve absente | exclusions non vérifiées | preuve du contrôle des exclusions absente
5DP.F,Dolphin Drilling AS           N,Allemagne,56946112.0,55100000.0,87000000.0,-8849000.0,-59602000.0,-0.053,-0.02466,0.13981,406757943.0,Yahoo Finance / yfinance get_info,2026-10-08,0.0,-37.50000166307598,-36.3636357478859,False,MANQUANTE,MANQUANTE,MANQUANTE,MANQUANTE,MANQUANTE,MANQUANTE,MANQUANTE,MANQUANTE,MANQUANTE,MANQUANTE,MANQUANTE,MANQUANTE,MANQUANTE,MANQUANTE,MANQUANTE,A_COMPLETER_PREUVES_SSI,A_VERIFIER,MANQUANTE,B1: référence de preuve absente | B2: référence de preuve absente | B3: référence de preuve absente | B4: référence de preuve absente | B5: référence de preuve absente | B6: référence de preuve absente | B7: référence de preuve absente | exclusions non vérifiées | preuve du contrôle des exclusions absente
O3Z.F,Goodfellow Inc.               R,Allemagne,56971136.0,4167000.0,89742000.0,16998000.0,3139000.0,-0.067,0.19587,0.54390997,8316954.0,Yahoo Finance / yfinance get_info,2026-10-08,0.0,-1.438847588157588,-3.521126807859265,False,MANQUANTE,MANQUANTE,MANQUANTE,MANQUANTE,MANQUANTE,MANQUANTE,MANQUANTE,MANQUANTE,MANQUANTE,MANQUANTE,MANQUANTE,MANQUANTE,MANQUANTE,MANQUANTE,MANQUANTE,A_COMPLETER_PREUVES_SSI,A_VERIFIER,MANQUANTE,B1: référence de preuve absente | B2: référence de preuve absente | B3: référence de preuve absente | B4: référence de preuve absente | B5: référence de preuve absente | B6: référence de preuve absente | B7: référence de preuve absente | exclusions non vérifiées | preuve du contrôle des exclusions absente
1UM0.F,EC Healthcare Ltd.            R,Allemagne,56999468.0,1009899008.0,1258129024.0,248987008.0,403018368.0,-0.114,0.2951,0.61441004,1175246772.0,Yahoo Finance / yfinance get_info,2026-10-08,0.0,79.6296302683968,31.08108325802206,True,MANQUANTE,MANQUANTE,MANQUANTE,MANQUANTE,MANQUANTE,MANQUANTE,MANQUANTE,MANQUANTE,MANQUANTE,MANQUANTE,MANQUANTE,MANQUANTE,MANQUANTE,MANQUANTE,MANQUANTE,A_COMPLETER_PREUVES_SSI,A_VERIFIER,MANQUANTE,B1: référence de preuve absente | B2: référence de preuve absente | B3: référence de preuve absente | B4: référence de preuve absente | B5: référence de preuve absente | B6: référence de preuve absente | B7: référence de preuve absente | exclusions non vérifiées | preuve du contrôle des exclusions absente
R0L.F,J Frontier Co. Ltd.           R,Allemagne,57097552.0,2158000128.0,5304999936.0,1398000000.0,747000000.0,0.136,0.40387002,0.7839,5336220.0,Yahoo Finance / yfinance get_info,2026-10-08,0.0,26.627219535945446,29.69696738503196,True,MANQUANTE,MANQUANTE,MANQUANTE,MANQUANTE,MANQUANTE,MANQUANTE,MANQUANTE,MANQUANTE,MANQUANTE,MANQUANTE,MANQUANTE,MANQUANTE,MANQUANTE,MANQUANTE,MANQUANTE,A_COMPLETER_PREUVES_SSI,A_VERIFIER,MANQUANTE,B1: référence de preuve absente | B2: référence de preuve absente | B3: référence de preuve absente | B4: référence de preuve absente | B5: référence de preuve absente | B6: référence de preuve absente | B7: référence de preuve absente | exclusions non vérifiées | preuve du contrôle des exclusions absente
0AD.F,Anfield Energy Inc.           R,Allemagne,57156680.0,1812834.0,14146415.0,-24318516.0,-10991153.0,,0.75524,0.33146,19949976.0,Yahoo Finance / yfinance get_info,2026-10-08,0.0,-18.723406183678204,-39.04255051481168,False,MANQUANTE,MANQUANTE,MANQUANTE,MANQUANTE,MANQUANTE,MANQUANTE,MANQUANTE,MANQUANTE,MANQUANTE,MANQUANTE,MANQUANTE,MANQUANTE,MANQUANTE,MANQUANTE,MANQUANTE,A_COMPLETER_PREUVES_SSI,A_VERIFIER,MANQUANTE,B1: référence de preuve absente | B2: référence de preuve absente | B3: référence de preuve absente | B4: référence de preuve absente | B5: référence de preuve absente | B6: référence de preuve absente | B7: référence de preuve absente | exclusions non vérifiées | preuve du contrôle des exclusions absente
G4A.F,Gear4music (Holdings) PLC     R,Allemagne,57163060.0,8015000.0,19428000.0,12513000.0,2516625.0,0.294,0.28440002,0.29437,21015830.0,Yahoo Finance / yfinance get_info,2026-10-08,0.0,-11.11110851395879,1.492535852860155,False,MANQUANTE,MANQUANTE,MANQUANTE,MANQUANTE,MANQUANTE,MANQUANTE,MANQUANTE,MANQUANTE,MANQUANTE,MANQUANTE,MANQUANTE,MANQUANTE,MANQUANTE,MANQUANTE,MANQUANTE,A_COMPLETER_PREUVES_SSI,A_VERIFIER,MANQUANTE,B1: référence de preuve absente | B2: référence de preuve absente | B3: référence de preuve absente | B4: référence de preuve absente | B5: référence de preuve absente | B6: référence de preuve absente | B7: référence de preuve absente | exclusions non vérifiées | preuve du contrôle des exclusions absente
4CI0.F,AIFU Inc.                     R,Allemagne,57242724.0,33672000.0,79786000.0,-1062164992.0,-535218464.0,-0.24,0.5089,0.87664,5925748.0,Yahoo Finance / yfinance get_info,2026-10-08,0.0,-81.18792573619945,276.2414573257228,False,MANQUANTE,MANQUANTE,MANQUANTE,MANQUANTE,MANQUANTE,MANQUANTE,MANQUANTE,MANQUANTE,MANQUANTE,MANQUANTE,MANQUANTE,MANQUANTE,MANQUANTE,MANQUANTE,MANQUANTE,A_COMPLETER_PREUVES_SSI,A_VERIFIER,MANQUANTE,B1: référence de preuve absente | B2: référence de preuve absente | B3: référence de preuve absente | B4: référence de preuve absente | B5: référence de preuve absente | B6: référence de preuve absente | B7: référence de preuve absente | exclusions non vérifiées | preuve du contrôle des exclusions absente
ZZF0.F,CarParts.com Inc.             R,Allemagne,57348244.0,38171000.0,51140000.0,-5165000.0,4976625.0,-0.107,0.33001,0.1609,7687432.0,Yahoo Finance / yfinance get_info,2026-10-08,0.0,38.14814641478952,15.658918740292304,True,MANQUANTE,MANQUANTE,MANQUANTE,MANQUANTE,MANQUANTE,MANQUANTE,MANQUANTE,MANQUANTE,MANQUANTE,MANQUANTE,MANQUANTE,MANQUANTE,MANQUANTE,MANQUANTE,MANQUANTE,A_COMPLETER_PREUVES_SSI,A_VERIFIER,MANQUANTE,B1: référence de preuve absente | B2: référence de preuve absente | B3: référence de preuve absente | B4: référence de preuve absente | B5: référence de preuve absente | B6: référence de preuve absente | B7: référence de preuve absente | exclusions non vérifiées | preuve du contrôle des exclusions absente
8PR1.F,Soma Gold Corp.               R,Allemagne,57414296.0,7328162.0,2625340.0,13567396.0,-7536715.0,-0.112,0.13194999,0.58819,151889683.0,Yahoo Finance / yfinance get_info,2026-10-08,0.0,0.0,-65.94594717954583,False,MANQUANTE,MANQUANTE,MANQUANTE,MANQUANTE,MANQUANTE,MANQUANTE,MANQUANTE,MANQUANTE,MANQUANTE,MANQUANTE,MANQUANTE,MANQUANTE,MANQUANTE,MANQUANTE,MANQUANTE,A_COMPLETER_PREUVES_SSI,A_VERIFIER,MANQUANTE,B1: référence de preuve absente | B2: référence de preuve absente | B3: référence de preuve absente | B4: référence de preuve absente | B5: référence de preuve absente | B6: référence de preuve absente | B7: référence de preuve absente | exclusions non vérifiées | preuve du contrôle des exclusions absente
C7W.F,Energy Time S.p.A.            A,Allemagne,57421876.0,3907582.0,6285511.0,5969928.0,,0.264,0.34724998,0.7619,6562500.0,Yahoo Finance / yfinance get_info,2026-10-08,0.0,-5.769234296132741,78.39806089303269,True,MANQUANTE,MANQUANTE,MANQUANTE,MANQUANTE,MANQUANTE,MANQUANTE,MANQUANTE,MANQUANTE,MANQUANTE,MANQUANTE,MANQUANTE,MANQUANTE,MANQUANTE,MANQUANTE,MANQUANTE,A_COMPLETER_PREUVES_SSI,A_VERIFIER,MANQUANTE,B1: référence de preuve absente | B2: référence de preuve absente | B3: référence de preuve absente | B4: référence de preuve absente | B5: référence de preuve absente | B6: référence de preuve absente | B7: référence de preuve absente | exclusions non vérifiées | preuve du contrôle des exclusions absente
5DP.SG,Dolphin Drilling AS,Allemagne,57556248.0,55100000.0,87000000.0,-8849000.0,-59602000.0,-0.053,-0.02466,0.13981,406757943.0,Yahoo Finance / yfinance get_info,2026-10-08,0.0,-37.1111111405455,-41.04166693830243,False,MANQUANTE,MANQUANTE,MANQUANTE,MANQUANTE,MANQUANTE,MANQUANTE,MANQUANTE,MANQUANTE,MANQUANTE,MANQUANTE,MANQUANTE,MANQUANTE,MANQUANTE,MANQUANTE,MANQUANTE,A_COMPLETER_PREUVES_SSI,A_VERIFIER,MANQUANTE,B1: référence de preuve absente | B2: référence de preuve absente | B3: référence de preuve absente | B4: référence de preuve absente | B5: référence de preuve absente | B6: référence de preuve absente | B7: référence de preuve absente | exclusions non vérifiées | preuve du contrôle des exclusions absente
IRQ.SG,IRCE S.p.A.,Allemagne,57587752.0,17068000.0,104341000.0,23967000.0,-23330250.0,0.158,0.14001,0.5004,26416400.0,Yahoo Finance / yfinance get_info,2026-10-08,0.0,-3.964753961477019,11.50895237354228,True,MANQUANTE,MANQUANTE,MANQUANTE,MANQUANTE,MANQUANTE,MANQUANTE,MANQUANTE,MANQUANTE,MANQUANTE,MANQUANTE,MANQUANTE,MANQUANTE,MANQUANTE,MANQUANTE,MANQUANTE,A_COMPLETER_PREUVES_SSI,A_VERIFIER,MANQUANTE,B1: référence de preuve absente | B2: référence de preuve absente | B3: référence de preuve absente | B4: référence de preuve absente | B5: référence de preuve absente | B6: référence de preuve absente | B7: référence de preuve absente | exclusions non vérifiées | preuve du contrôle des exclusions absente
FBC.SG,Futebol Clube do Porto - Futebo,Allemagne,57599744.0,25990000.0,232936000.0,6605000.0,124375248.0,0.05,0.93971,0.88848996,22499900.0,Yahoo Finance / yfinance get_info,2026-10-08,0.0,-10.489509207000602,-2.2900742519207262,False,MANQUANTE,MANQUANTE,MANQUANTE,MANQUANTE,MANQUANTE,MANQUANTE,MANQUANTE,MANQUANTE,MANQUANTE,MANQUANTE,MANQUANTE,MANQUANTE,MANQUANTE,MANQUANTE,MANQUANTE,A_COMPLETER_PREUVES_SSI,A_VERIFIER,MANQUANTE,B1: référence de preuve absente | B2: référence de preuve absente | B3: référence de preuve absente | B4: référence de preuve absente | B5: référence de preuve absente | B6: référence de preuve absente | B7: référence de preuve absente | exclusions non vérifiées | preuve du contrôle des exclusions absente
Z5S.F,Atenor S.A.                   A,Allemagne,57642544.0,66851000.0,551633984.0,-61177000.0,177680624.0,-0.263,-0.30231002,0.25805,60676363.0,Yahoo Finance / yfinance get_info,2026-10-08,0.0,-37.70491784056552,-38.906751117443385,False,MANQUANTE,MANQUANTE,MANQUANTE,MANQUANTE,MANQUANTE,MANQUANTE,MANQUANTE,MANQUANTE,MANQUANTE,MANQUANTE,MANQUANTE,MANQUANTE,MANQUANTE,MANQUANTE,MANQUANTE,A_COMPLETER_PREUVES_SSI,A_VERIFIER,MANQUANTE,B1: référence de preuve absente | B2: référence de preuve absente | B3: référence de preuve absente | B4: référence de preuve absente | B5: référence de preuve absente | B6: référence de preuve absente | B7: référence de preuve absente | exclusions non vérifiées | preuve du contrôle des exclusions absente
NWR.F,NEBAG AG                      S,Allemagne,57958984.0,27404568.0,0.0,,423652.0,0.327,1.0,0.58149,9127399.0,Yahoo Finance / yfinance get_info,2026-10-08,0.0,0.7936462283165913,0.0,False,MANQUANTE,MANQUANTE,MANQUANTE,MANQUANTE,MANQUANTE,MANQUANTE,MANQUANTE,MANQUANTE,MANQUANTE,MANQUANTE,MANQUANTE,MANQUANTE,MANQUANTE,MANQUANTE,MANQUANTE,A_COMPLETER_PREUVES_SSI,A_VERIFIER,MANQUANTE,B1: référence de preuve absente | B2: référence de preuve absente | B3: référence de preuve absente | B4: référence de preuve absente | B5: référence de preuve absente | B6: référence de preuve absente | B7: référence de preuve absente | exclusions non vérifiées | preuve du contrôle des exclusions absente
J0M.F,Masterbeef Group.             R,Allemagne,57983900.0,159485376.0,211161328.0,-4253486.0,-308588.0,-0.12,0.27024,0.72661,17155000.0,Yahoo Finance / yfinance get_info,2026-10-08,0.0,-2.8735604621977107,-28.99159764883229,False,MANQUANTE,MANQUANTE,MANQUANTE,MANQUANTE,MANQUANTE,MANQUANTE,MANQUANTE,MANQUANTE,MANQUANTE,MANQUANTE,MANQUANTE,MANQUANTE,MANQUANTE,MANQUANTE,MANQUANTE,A_COMPLETER_PREUVES_SSI,A_VERIFIER,MANQUANTE,B1: référence de preuve absente | B2: référence de preuve absente | B3: référence de preuve absente | B4: référence de preuve absente | B5: référence de preuve absente | B6: référence de preuve absente | B7: référence de preuve absente | exclusions non vérifiées | preuve du contrôle des exclusions absente
6EU.F,TheWorks plc                  R,Allemagne,58000668.0,3598000.0,81865000.0,16606000.0,19553876.0,,0.19883,0.53658,59794500.0,Yahoo Finance / yfinance get_info,2026-10-08,0.0,11.494255551007935,117.48879088572832,True,MANQUANTE,MANQUANTE,MANQUANTE,MANQUANTE,MANQUANTE,MANQUANTE,MANQUANTE,MANQUANTE,MANQUANTE,MANQUANTE,MANQUANTE,MANQUANTE,MANQUANTE,MANQUANTE,MANQUANTE,A_COMPLETER_PREUVES_SSI,A_VERIFIER,MANQUANTE,B1: référence de preuve absente | B2: référence de preuve absente | B3: référence de preuve absente | B4: référence de preuve absente | B5: référence de preuve absente | B6: référence de preuve absente | B7: référence de preuve absente | exclusions non vérifiées | preuve du contrôle des exclusions absente
GI11.F,Gentoo Media Inc.             R,Allemagne,58126488.0,2073000.0,112641000.0,42234000.0,22024750.0,-0.086,0.79864,0.48913,134707976.0,Yahoo Finance / yfinance get_info,2026-10-08,0.0,-22.80859104433306,-26.615648266908785,False,MANQUANTE,MANQUANTE,MANQUANTE,MANQUANTE,MANQUANTE,MANQUANTE,MANQUANTE,MANQUANTE,MANQUANTE,MANQUANTE,MANQUANTE,MANQUANTE,MANQUANTE,MANQUANTE,MANQUANTE,A_COMPLETER_PREUVES_SSI,A_VERIFIER,MANQUANTE,B1: référence de preuve absente | B2: référence de preuve absente | B3: référence de preuve absente | B4: référence de preuve absente | B5: référence de preuve absente | B6: référence de preuve absente | B7: référence de preuve absente | exclusions non vérifiées | preuve du contrôle des exclusions absente
PHRE.F,Water Intelligence PLC        R,Allemagne,58135052.0,4371075.0,35881000.0,12262354.0,-2397749.0,0.071,0.89335996,0.57339,16802038.0,Yahoo Finance / yfinance get_info,2026-10-08,0.0,2.976194826586309,41.80327692649535,True,MANQUANTE,MANQUANTE,MANQUANTE,MANQUANTE,MANQUANTE,MANQUANTE,MANQUANTE,MANQUANTE,MANQUANTE,MANQUANTE,MANQUANTE,MANQUANTE,MANQUANTE,MANQUANTE,MANQUANTE,A_COMPLETER_PREUVES_SSI,A_VERIFIER,MANQUANTE,B1: référence de preuve absente | B2: référence de preuve absente | B3: référence de preuve absente | B4: référence de preuve absente | B5: référence de preuve absente | B6: référence de preuve absente | B7: référence de preuve absente | exclusions non vérifiées | preuve du contrôle des exclusions absente
1Y0.F,Wise Holdings Co. Ltd.        R,Allemagne,58154164.0,4084999936.0,1592000000.0,1114249984.0,,0.182,0.19215,0.48591,133381110.0,Yahoo Finance / yfinance get_info,2026-10-08,0.0,8.99999575316912,-30.79365193498439,False,MANQUANTE,MANQUANTE,MANQUANTE,MANQUANTE,MANQUANTE,MANQUANTE,MANQUANTE,MANQUANTE,MANQUANTE,MANQUANTE,MANQUANTE,MANQUANTE,MANQUANTE,MANQUANTE,MANQUANTE,A_COMPLETER_PREUVES_SSI,A_VERIFIER,MANQUANTE,B1: référence de preuve absente | B2: référence de preuve absente | B3: référence de preuve absente | B4: référence de preuve absente | B5: référence de preuve absente | B6: référence de preuve absente | B7: référence de preuve absente | exclusions non vérifiées | preuve du contrôle des exclusions absente
A8Y1.F,EML Payments Ltd.             R,Allemagne,58298112.0,37753000.0,89340000.0,-2927000.0,-51698876.0,,0.55329,0.04141,391262494.0,Yahoo Finance / yfinance get_info,2026-10-08,0.0,-29.71697844652441,-36.8644054954472,False,MANQUANTE,MANQUANTE,MANQUANTE,MANQUANTE,MANQUANTE,MANQUANTE,MANQUANTE,MANQUANTE,MANQUANTE,MANQUANTE,MANQUANTE,MANQUANTE,MANQUANTE,MANQUANTE,MANQUANTE,A_COMPLETER_PREUVES_SSI,A_VERIFIER,MANQUANTE,B1: référence de preuve absente | B2: référence de preuve absente | B3: référence de preuve absente | B4: référence de preuve absente | B5: référence de preuve absente | B6: référence de preuve absente | B7: référence de preuve absente | exclusions non vérifiées | preuve du contrôle des exclusions absente
IFS.F,infas Holding AG              I,Allemagne,58500000.0,29398240.0,19548628.0,-984942.0,5527156.0,-0.302,0.14092,0.96760005,9000000.0,Yahoo Finance / yfinance get_info,2026-10-08,0.0,-1.5151500920837613,-4.411767387060072,False,MANQUANTE,MANQUANTE,MANQUANTE,MANQUANTE,MANQUANTE,MANQUANTE,MANQUANTE,MANQUANTE,MANQUANTE,MANQUANTE,MANQUANTE,MANQUANTE,MANQUANTE,MANQUANTE,MANQUANTE,A_COMPLETER_PREUVES_SSI,A_VERIFIER,MANQUANTE,B1: référence de preuve absente | B2: référence de preuve absente | B3: référence de preuve absente | B4: référence de preuve absente | B5: référence de preuve absente | B6: référence de preuve absente | B7: référence de preuve absente | exclusions non vérifiées | preuve du contrôle des exclusions absente
IY3A.F,Ilyda S.A.                    N,Allemagne,58561472.0,8533682.0,88732.0,7695953.0,3612336.0,0.158,0.73412,0.53477,14111198.0,Yahoo Finance / yfinance get_info,2026-10-08,0.0,-1.072707376698956,-2.69636048577242,False,MANQUANTE,MANQUANTE,MANQUANTE,MANQUANTE,MANQUANTE,MANQUANTE,MANQUANTE,MANQUANTE,MANQUANTE,MANQUANTE,MANQUANTE,MANQUANTE,MANQUANTE,MANQUANTE,MANQUANTE,A_COMPLETER_PREUVES_SSI,A_VERIFIER,MANQUANTE,B1: référence de preuve absente | B2: référence de preuve absente | B3: référence de preuve absente | B4: référence de preuve absente | B5: référence de preuve absente | B6: référence de preuve absente | B7: référence de preuve absente | exclusions non vérifiées | preuve du contrôle des exclusions absente
6CW.F,Charlottes Web Holdings Inc.  R,Allemagne,58598968.0,13988000.0,13055000.0,-12997000.0,-2765250.0,-0.152,0.42356,0.47341,271291529.0,Yahoo Finance / yfinance get_info,2026-10-08,0.0,-20.00000110378968,-56.275301433304726,False,MANQUANTE,MANQUANTE,MANQUANTE,MANQUANTE,MANQUANTE,MANQUANTE,MANQUANTE,MANQUANTE,MANQUANTE,MANQUANTE,MANQUANTE,MANQUANTE,MANQUANTE,MANQUANTE,MANQUANTE,A_COMPLETER_PREUVES_SSI,A_VERIFIER,MANQUANTE,B1: référence de preuve absente | B2: référence de preuve absente | B3: référence de preuve absente | B4: référence de preuve absente | B5: référence de preuve absente | B6: référence de preuve absente | B7: référence de preuve absente | exclusions non vérifiées | preuve du contrôle des exclusions absente
AJW.F,"AnGes, Inc.                   R",Allemagne,58628792.0,281000000.0,722000000.0,-5934000128.0,-3683249920.0,0.22,0.41372,0.081020005,398835320.0,Yahoo Finance / yfinance get_info,2026-10-08,0.0,-31.30841176810145,-41.20000004768372,False,MANQUANTE,MANQUANTE,MANQUANTE,MANQUANTE,MANQUANTE,MANQUANTE,MANQUANTE,MANQUANTE,MANQUANTE,MANQUANTE,MANQUANTE,MANQUANTE,MANQUANTE,MANQUANTE,MANQUANTE,A_COMPLETER_PREUVES_SSI,A_VERIFIER,MANQUANTE,B1: référence de preuve absente | B2: référence de preuve absente | B3: référence de preuve absente | B4: référence de preuve absente | B5: référence de preuve absente | B6: référence de preuve absente | B7: référence de preuve absente | exclusions non vérifiées | preuve du contrôle des exclusions absente
6SJA.F,SelectQuote Inc.              R,Allemagne,58797876.0,16032000.0,398016000.0,82313000.0,38977124.0,-0.068,0.35564,0.09681,179261801.0,Yahoo Finance / yfinance get_info,2026-10-08,0.0,-49.53845829371153,-42.956518980866285,False,MANQUANTE,MANQUANTE,MANQUANTE,MANQUANTE,MANQUANTE,MANQUANTE,MANQUANTE,MANQUANTE,MANQUANTE,MANQUANTE,MANQUANTE,MANQUANTE,MANQUANTE,MANQUANTE,MANQUANTE,A_COMPLETER_PREUVES_SSI,A_VERIFIER,MANQUANTE,B1: référence de preuve absente | B2: référence de preuve absente | B3: référence de preuve absente | B4: référence de preuve absente | B5: référence de preuve absente | B6: référence de preuve absente | B7: référence de preuve absente | exclusions non vérifiées | preuve du contrôle des exclusions absente
TH1.F,TTEC Holdings Inc.            R,Allemagne,58810056.0,93869000.0,933374016.0,172684992.0,81565128.0,-0.113,0.23325,0.5863,49295940.0,Yahoo Finance / yfinance get_info,2026-10-08,0.0,-34.70169979917117,-43.832395561104185,False,MANQUANTE,MANQUANTE,MANQUANTE,MANQUANTE,MANQUANTE,MANQUANTE,MANQUANTE,MANQUANTE,MANQUANTE,MANQUANTE,MANQUANTE,MANQUANTE,MANQUANTE,MANQUANTE,MANQUANTE,A_COMPLETER_PREUVES_SSI,A_VERIFIER,MANQUANTE,B1: référence de preuve absente | B2: référence de preuve absente | B3: référence de preuve absente | B4: référence de preuve absente | B5: référence de preuve absente | B6: référence de preuve absente | B7: référence de preuve absente | exclusions non vérifiées | preuve du contrôle des exclusions absente
95A.F,Altisource Ptf Solns S.A.     A,Allemagne,58814060.0,23186000.0,186912992.0,10072000.0,10621000.0,0.17,0.26569998,0.11726,11420206.0,Yahoo Finance / yfinance get_info,2026-10-08,0.0,-16.93547977741241,-6.363634629683057,True,MANQUANTE,MANQUANTE,MANQUANTE,MANQUANTE,MANQUANTE,MANQUANTE,MANQUANTE,MANQUANTE,MANQUANTE,MANQUANTE,MANQUANTE,MANQUANTE,MANQUANTE,MANQUANTE,MANQUANTE,A_COMPLETER_PREUVES_SSI,A_VERIFIER,MANQUANTE,B1: référence de preuve absente | B2: référence de preuve absente | B3: référence de preuve absente | B4: référence de preuve absente | B5: référence de preuve absente | B6: référence de preuve absente | B7: référence de preuve absente | exclusions non vérifiées | preuve du contrôle des exclusions absente
OH5.F,Nissan Securities Grp Co. Ltd.R,Allemagne,58898148.0,17596999680.0,1900000000.0,,,-0.053,0.93494004,0.62441003,49494241.0,Yahoo Finance / yfinance get_info,2026-10-08,0.0,-3.252029368516418,-15.60283082332955,False,MANQUANTE,MANQUANTE,MANQUANTE,MANQUANTE,MANQUANTE,MANQUANTE,MANQUANTE,MANQUANTE,MANQUANTE,MANQUANTE,MANQUANTE,MANQUANTE,MANQUANTE,MANQUANTE,MANQUANTE,A_COMPLETER_PREUVES_SSI,A_VERIFIER,MANQUANTE,B1: référence de preuve absente | B2: référence de preuve absente | B3: référence de preuve absente | B4: référence de preuve absente | B5: référence de preuve absente | B6: référence de preuve absente | B7: référence de preuve absente | exclusions non vérifiées | preuve du contrôle des exclusions absente
5R6.F,VCREDIT Holdings Ltd.         R,Allemagne,59146796.0,1729298944.0,626638016.0,,,-0.666,-0.45738998,0.84846,484809789.0,Yahoo Finance / yfinance get_info,2026-10-08,0.0,36.31284679017759,-17.006801721195618,False,MANQUANTE,MANQUANTE,MANQUANTE,MANQUANTE,MANQUANTE,MANQUANTE,MANQUANTE,MANQUANTE,MANQUANTE,MANQUANTE,MANQUANTE,MANQUANTE,MANQUANTE,MANQUANTE,MANQUANTE,A_COMPLETER_PREUVES_SSI,A_VERIFIER,MANQUANTE,B1: référence de preuve absente | B2: référence de preuve absente | B3: référence de preuve absente | B4: référence de preuve absente | B5: référence de preuve absente | B6: référence de preuve absente | B7: référence de preuve absente | exclusions non vérifiées | preuve du contrôle des exclusions absente
E9Q.F,Guangdong Kanghua Healthcare  R,Allemagne,59187736.0,697355008.0,463320000.0,259483008.0,213107744.0,-0.045,0.18608,0.62946,84394000.0,Yahoo Finance / yfinance get_info,2026-10-08,0.0,2.3121435080073915,-12.376240143564566,False,MANQUANTE,MANQUANTE,MANQUANTE,MANQUANTE,MANQUANTE,MANQUANTE,MANQUANTE,MANQUANTE,MANQUANTE,MANQUANTE,MANQUANTE,MANQUANTE,MANQUANTE,MANQUANTE,MANQUANTE,A_COMPLETER_PREUVES_SSI,A_VERIFIER,MANQUANTE,B1: référence de preuve absente | B2: référence de preuve absente | B3: référence de preuve absente | B4: référence de preuve absente | B5: référence de preuve absente | B6: référence de preuve absente | B7: référence de preuve absente | exclusions non vérifiées | preuve du contrôle des exclusions absente
CUEH.F,Chengdu SIWI Sci.+Tech.Co.Ltd.R,Allemagne,59200000.0,606026688.0,0.0,92543776.0,145579728.0,1.237,0.30033,0.00411,160000000.0,Yahoo Finance / yfinance get_info,2026-10-08,0.0,-4.516128536069564,23.33333767950545,True,MANQUANTE,MANQUANTE,MANQUANTE,MANQUANTE,MANQUANTE,MANQUANTE,MANQUANTE,MANQUANTE,MANQUANTE,MANQUANTE,MANQUANTE,MANQUANTE,MANQUANTE,MANQUANTE,MANQUANTE,A_COMPLETER_PREUVES_SSI,A_VERIFIER,MANQUANTE,B1: référence de preuve absente | B2: référence de preuve absente | B3: référence de preuve absente | B4: référence de preuve absente | B5: référence de preuve absente | B6: référence de preuve absente | B7: référence de preuve absente | exclusions non vérifiées | preuve du contrôle des exclusions absente
E0J.F,Ekinops S.A.S.                A,Allemagne,59411380.0,22980000.0,33240000.0,-4698000.0,3062375.0,0.018,0.58399,0.13939999,27005173.0,Yahoo Finance / yfinance get_info,2026-10-08,0.0,-19.561238315636743,4.761911790117157,False,MANQUANTE,MANQUANTE,MANQUANTE,MANQUANTE,MANQUANTE,MANQUANTE,MANQUANTE,MANQUANTE,MANQUANTE,MANQUANTE,MANQUANTE,MANQUANTE,MANQUANTE,MANQUANTE,MANQUANTE,A_COMPLETER_PREUVES_SSI,A_VERIFIER,MANQUANTE,B1: référence de preuve absente | B2: référence de preuve absente | B3: référence de preuve absente | B4: référence de preuve absente | B5: référence de preuve absente | B6: référence de preuve absente | B7: référence de preuve absente | exclusions non vérifiées | preuve du contrôle des exclusions absente
PHT.F,Haulotte Group S.A.           A,Allemagne,59470312.0,39436000.0,259500000.0,8107000.0,39110624.0,0.055,0.20822,0.6086,29440747.0,Yahoo Finance / yfinance get_info,2026-10-08,0.0,-0.4926103745908294,-2.884612739438741,False,MANQUANTE,MANQUANTE,MANQUANTE,MANQUANTE,MANQUANTE,MANQUANTE,MANQUANTE,MANQUANTE,MANQUANTE,MANQUANTE,MANQUANTE,MANQUANTE,MANQUANTE,MANQUANTE,MANQUANTE,A_COMPLETER_PREUVES_SSI,A_VERIFIER,MANQUANTE,B1: référence de preuve absente | B2: référence de preuve absente | B3: référence de preuve absente | B4: référence de preuve absente | B5: référence de preuve absente | B6: référence de preuve absente | B7: référence de preuve absente | exclusions non vérifiées | preuve du contrôle des exclusions absente
6QN.F,THE ITALIAN SEA GROUP S.P.A.  A,Allemagne,59571996.0,17407000.0,146964000.0,-107212000.0,11087875.0,-0.772,0.08773,0.58599997,53000000.0,Yahoo Finance / yfinance get_info,2026-10-08,0.0,14.693870550391708,18.31578603939992,False,MANQUANTE,MANQUANTE,MANQUANTE,MANQUANTE,MANQUANTE,MANQUANTE,MANQUANTE,MANQUANTE,MANQUANTE,MANQUANTE,MANQUANTE,MANQUANTE,MANQUANTE,MANQUANTE,MANQUANTE,A_COMPLETER_PREUVES_SSI,A_VERIFIER,MANQUANTE,B1: référence de preuve absente | B2: référence de preuve absente | B3: référence de preuve absente | B4: référence de preuve absente | B5: référence de preuve absente | B6: référence de preuve absente | B7: référence de preuve absente | exclusions non vérifiées | preuve du contrôle des exclusions absente
3CV.F,Victoria PLC                  R,Allemagne,59604992.0,68400000.0,1524800000.0,-70800000.0,-64312500.0,-0.053,0.30044,0.36004,115737846.0,Yahoo Finance / yfinance get_info,2026-10-08,0.0,-33.54838689829879,3.830643974120518,True,MANQUANTE,MANQUANTE,MANQUANTE,MANQUANTE,MANQUANTE,MANQUANTE,MANQUANTE,MANQUANTE,MANQUANTE,MANQUANTE,MANQUANTE,MANQUANTE,MANQUANTE,MANQUANTE,MANQUANTE,A_COMPLETER_PREUVES_SSI,A_VERIFIER,MANQUANTE,B1: référence de preuve absente | B2: référence de preuve absente | B3: référence de preuve absente | B4: référence de preuve absente | B5: référence de preuve absente | B6: référence de preuve absente | B7: référence de preuve absente | exclusions non vérifiées | preuve du contrôle des exclusions absente
1JS.F,Shield Therapeutics PLC       R,Allemagne,59615744.0,8345000.0,24903000.0,-4429000.0,-3212875.0,0.416,0.52142,0.61507,1074157593.0,Yahoo Finance / yfinance get_info,2026-10-08,0.0,-18.382356324874227,-51.31578887172133,False,MANQUANTE,MANQUANTE,MANQUANTE,MANQUANTE,MANQUANTE,MANQUANTE,MANQUANTE,MANQUANTE,MANQUANTE,MANQUANTE,MANQUANTE,MANQUANTE,MANQUANTE,MANQUANTE,MANQUANTE,A_COMPLETER_PREUVES_SSI,A_VERIFIER,MANQUANTE,B1: référence de preuve absente | B2: référence de preuve absente | B3: référence de preuve absente | B4: référence de preuve absente | B5: référence de preuve absente | B6: référence de preuve absente | B7: référence de preuve absente | exclusions non vérifiées | preuve du contrôle des exclusions absente
ECK.HM,LUDW.BECK A.RATH.ECK-TEXTIL.AGI,Allemagne,59859004.0,300000.0,90500000.0,4854000.0,6574250.0,-0.012,0.49014,0.88166,3695000.0,Yahoo Finance / yfinance get_info,2026-10-08,0.0,-23.58490481161064,-8.988755857864373,False,MANQUANTE,MANQUANTE,MANQUANTE,MANQUANTE,MANQUANTE,MANQUANTE,MANQUANTE,MANQUANTE,MANQUANTE,MANQUANTE,MANQUANTE,MANQUANTE,MANQUANTE,MANQUANTE,MANQUANTE,A_COMPLETER_PREUVES_SSI,A_VERIFIER,MANQUANTE,B1: référence de preuve absente | B2: référence de preuve absente | B3: référence de preuve absente | B4: référence de preuve absente | B5: référence de preuve absente | B6: référence de preuve absente | B7: référence de preuve absente | exclusions non vérifiées | preuve du contrôle des exclusions absente
61I.F,Research Solutions Inc.       R,Allemagne,60097548.0,12630283.0,0.0,4843350.0,2876399.0,-0.029,0.51897997,0.13776,33762669.0,Yahoo Finance / yfinance get_info,2026-10-08,0.0,-8.717952417277008,-7.291666084590043,False,MANQUANTE,MANQUANTE,MANQUANTE,MANQUANTE,MANQUANTE,MANQUANTE,MANQUANTE,MANQUANTE,MANQUANTE,MANQUANTE,MANQUANTE,MANQUANTE,MANQUANTE,MANQUANTE,MANQUANTE,A_COMPLETER_PREUVES_SSI,A_VERIFIER,MANQUANTE,B1: référence de preuve absente | B2: référence de preuve absente | B3: référence de preuve absente | B4: référence de preuve absente | B5: référence de preuve absente | B6: référence de preuve absente | B7: référence de preuve absente | exclusions non vérifiées | preuve du contrôle des exclusions absente
2I3.F,Champions Oncology Inc.       R,Allemagne,60128220.0,4358000.0,10970000.0,402000.0,-5487875.0,0.088,0.49822,0.26332,13918569.0,Yahoo Finance / yfinance get_info,2026-10-08,0.0,-13.253008933419652,-8.474568565903095,False,MANQUANTE,MANQUANTE,MANQUANTE,MANQUANTE,MANQUANTE,MANQUANTE,MANQUANTE,MANQUANTE,MANQUANTE,MANQUANTE,MANQUANTE,MANQUANTE,MANQUANTE,MANQUANTE,MANQUANTE,A_COMPLETER_PREUVES_SSI,A_VERIFIER,MANQUANTE,B1: référence de preuve absente | B2: référence de preuve absente | B3: référence de preuve absente | B4: référence de preuve absente | B5: référence de preuve absente | B6: référence de preuve absente | B7: référence de preuve absente | exclusions non vérifiées | preuve du contrôle des exclusions absente
LXB.F,LEXIBOOK LING. EL. SYS. S.A.  A,Allemagne,60243356.0,17321038.0,4193460.0,10872637.0,6011578.0,0.005,0.6387,0.88259006,7763319.0,Yahoo Finance / yfinance get_info,2026-10-08,0.0,-0.7672626785479197,43.70370540435746,True,MANQUANTE,MANQUANTE,MANQUANTE,MANQUANTE,MANQUANTE,MANQUANTE,MANQUANTE,MANQUANTE,MANQUANTE,MANQUANTE,MANQUANTE,MANQUANTE,MANQUANTE,MANQUANTE,MANQUANTE,A_COMPLETER_PREUVES_SSI,A_VERIFIER,MANQUANTE,B1: référence de preuve absente | B2: référence de preuve absente | B3: référence de preuve absente | B4: référence de preuve absente | B5: référence de preuve absente | B6: référence de preuve absente | B7: référence de preuve absente | exclusions non vérifiées | preuve du contrôle des exclusions absente
2JY.F,Vala Inc.                     R,Allemagne,60309420.0,200362000.0,10673000.0,-55661000.0,2111875.0,0.595,-0.097349994,0.52687,1629984225.0,Yahoo Finance / yfinance get_info,2026-10-08,0.0,4.225350043480947,-33.333333333333336,False,MANQUANTE,MANQUANTE,MANQUANTE,MANQUANTE,MANQUANTE,MANQUANTE,MANQUANTE,MANQUANTE,MANQUANTE,MANQUANTE,MANQUANTE,MANQUANTE,MANQUANTE,MANQUANTE,MANQUANTE,A_COMPLETER_PREUVES_SSI,A_VERIFIER,MANQUANTE,B1: référence de preuve absente | B2: référence de preuve absente | B3: référence de preuve absente | B4: référence de preuve absente | B5: référence de preuve absente | B6: référence de preuve absente | B7: référence de preuve absente | exclusions non vérifiées | preuve du contrôle des exclusions absente
6AX.F,DMG Blockchain Solutions Inc. R,Allemagne,60328092.0,3027009.0,19816176.0,4387274.0,16499123.0,-0.452,0.36245,0.04129,207669860.0,Yahoo Finance / yfinance get_info,2026-10-08,0.0,-11.162081893685183,78.65928219106826,True,MANQUANTE,MANQUANTE,MANQUANTE,MANQUANTE,MANQUANTE,MANQUANTE,MANQUANTE,MANQUANTE,MANQUANTE,MANQUANTE,MANQUANTE,MANQUANTE,MANQUANTE,MANQUANTE,MANQUANTE,A_COMPLETER_PREUVES_SSI,A_VERIFIER,MANQUANTE,B1: référence de preuve absente | B2: référence de preuve absente | B3: référence de preuve absente | B4: référence de preuve absente | B5: référence de preuve absente | B6: référence de preuve absente | B7: référence de preuve absente | exclusions non vérifiées | preuve du contrôle des exclusions absente
OPQ.F,Oriental Media Group Ltd.     R,Allemagne,60405776.0,560851968.0,12058000.0,30096000.0,22253376.0,-0.104,0.20059,0.748,2397917898.0,Yahoo Finance / yfinance get_info,2026-10-08,0.0,-16.363635747885898,-23.333331470688144,False,MANQUANTE,MANQUANTE,MANQUANTE,MANQUANTE,MANQUANTE,MANQUANTE,MANQUANTE,MANQUANTE,MANQUANTE,MANQUANTE,MANQUANTE,MANQUANTE,MANQUANTE,MANQUANTE,MANQUANTE,A_COMPLETER_PREUVES_SSI,A_VERIFIER,MANQUANTE,B1: référence de preuve absente | B2: référence de preuve absente | B3: référence de preuve absente | B4: référence de preuve absente | B5: référence de preuve absente | B6: référence de preuve absente | B7: référence de preuve absente | exclusions non vérifiées | preuve du contrôle des exclusions absente
WKU.F,Aspire Mining Ltd.            R,Allemagne,60408804.0,2503355.0,0.0,-2364669.0,-10651517.0,,1.0,0.74541,507636985.0,Yahoo Finance / yfinance get_info,2026-10-08,0.0,2.5862122120671627,4.385967262802426,False,MANQUANTE,MANQUANTE,MANQUANTE,MANQUANTE,MANQUANTE,MANQUANTE,MANQUANTE,MANQUANTE,MANQUANTE,MANQUANTE,MANQUANTE,MANQUANTE,MANQUANTE,MANQUANTE,MANQUANTE,A_COMPLETER_PREUVES_SSI,A_VERIFIER,MANQUANTE,B1: référence de preuve absente | B2: référence de preuve absente | B3: référence de preuve absente | B4: référence de preuve absente | B5: référence de preuve absente | B6: référence de preuve absente | B7: référence de preuve absente | exclusions non vérifiées | preuve du contrôle des exclusions absente
5IN.F,AGF A/S                       N,Allemagne,60480000.0,136690000.0,31264000.0,26565000.0,6001000.0,0.462,0.6076,0.66149,539413126.0,Yahoo Finance / yfinance get_info,2026-10-08,0.0,-22.22221647331719,-24.32432296373621,False,MANQUANTE,MANQUANTE,MANQUANTE,MANQUANTE,MANQUANTE,MANQUANTE,MANQUANTE,MANQUANTE,MANQUANTE,MANQUANTE,MANQUANTE,MANQUANTE,MANQUANTE,MANQUANTE,MANQUANTE,A_COMPLETER_PREUVES_SSI,A_VERIFIER,MANQUANTE,B1: référence de preuve absente | B2: référence de preuve absente | B3: référence de preuve absente | B4: référence de preuve absente | B5: référence de preuve absente | B6: référence de preuve absente | B7: référence de preuve absente | exclusions non vérifiées | preuve du contrôle des exclusions absente
75V.F,Advini S.A.                   A,Allemagne,60517720.0,14503000.0,181272000.0,16511000.0,11128000.0,-0.011,0.38729,0.63558,4007796.0,Yahoo Finance / yfinance get_info,2026-10-08,0.0,-10.119041266624873,-9.036144370661711,False,MANQUANTE,MANQUANTE,MANQUANTE,MANQUANTE,MANQUANTE,MANQUANTE,MANQUANTE,MANQUANTE,MANQUANTE,MANQUANTE,MANQUANTE,MANQUANTE,MANQUANTE,MANQUANTE,MANQUANTE,A_COMPLETER_PREUVES_SSI,A_VERIFIER,MANQUANTE,B1: référence de preuve absente | B2: référence de preuve absente | B3: référence de preuve absente | B4: référence de preuve absente | B5: référence de preuve absente | B6: référence de preuve absente | B7: référence de preuve absente | exclusions non vérifiées | preuve du contrôle des exclusions absente
91P.F,Llorente & Cuenca S.A.        A,Allemagne,60525760.0,8676298.0,53076316.0,13634709.0,18696592.0,-0.004,0.43167,0.8086,11639570.0,Yahoo Finance / yfinance get_info,2026-10-08,0.0,5.263152814434768,-0.9523845854259694,False,MANQUANTE,MANQUANTE,MANQUANTE,MANQUANTE,MANQUANTE,MANQUANTE,MANQUANTE,MANQUANTE,MANQUANTE,MANQUANTE,MANQUANTE,MANQUANTE,MANQUANTE,MANQUANTE,MANQUANTE,A_COMPLETER_PREUVES_SSI,A_VERIFIER,MANQUANTE,B1: référence de preuve absente | B2: référence de preuve absente | B3: référence de preuve absente | B4: référence de preuve absente | B5: référence de preuve absente | B6: référence de preuve absente | B7: référence de preuve absente | exclusions non vérifiées | preuve du contrôle des exclusions absente
315.F,C Capital Holdings AG         I,Allemagne,60560116.0,7259462.0,10426284.0,-11073883.0,-10608139.0,0.241,0.93133,0.82147,194102927.0,Yahoo Finance / yfinance get_info,2026-10-08,0.0,13.868620045825963,-41.13207107932997,False,MANQUANTE,MANQUANTE,MANQUANTE,MANQUANTE,MANQUANTE,MANQUANTE,MANQUANTE,MANQUANTE,MANQUANTE,MANQUANTE,MANQUANTE,MANQUANTE,MANQUANTE,MANQUANTE,MANQUANTE,A_COMPLETER_PREUVES_SSI,A_VERIFIER,MANQUANTE,B1: référence de preuve absente | B2: référence de preuve absente | B3: référence de preuve absente | B4: référence de preuve absente | B5: référence de preuve absente | B6: référence de preuve absente | B7: référence de preuve absente | exclusions non vérifiées | preuve du contrôle des exclusions absente
0HF.F,Pullup Entertainment S.A.     A,Allemagne,60591972.0,51987000.0,152195008.0,71294000.0,15365000.0,-0.045,0.15899,0.52414,7993664.0,Yahoo Finance / yfinance get_info,2026-10-08,0.0,-9.221561947140176,-46.01139640811201,False,MANQUANTE,MANQUANTE,MANQUANTE,MANQUANTE,MANQUANTE,MANQUANTE,MANQUANTE,MANQUANTE,MANQUANTE,MANQUANTE,MANQUANTE,MANQUANTE,MANQUANTE,MANQUANTE,MANQUANTE,A_COMPLETER_PREUVES_SSI,A_VERIFIER,MANQUANTE,B1: référence de preuve absente | B2: référence de preuve absente | B3: référence de preuve absente | B4: référence de preuve absente | B5: référence de preuve absente | B6: référence de preuve absente | B7: référence de preuve absente | exclusions non vérifiées | preuve du contrôle des exclusions absente
IFG.F,Atari S.A.                    A,Allemagne,60685616.0,4700000.0,72300000.0,-3000000.0,-13587500.0,0.864,0.74643,0.41515,3723044.0,Yahoo Finance / yfinance get_info,2026-10-08,0.0,-19.941067050984284,-19.941067050984284,False,MANQUANTE,MANQUANTE,MANQUANTE,MANQUANTE,MANQUANTE,MANQUANTE,MANQUANTE,MANQUANTE,MANQUANTE,MANQUANTE,MANQUANTE,MANQUANTE,MANQUANTE,MANQUANTE,MANQUANTE,A_COMPLETER_PREUVES_SSI,A_VERIFIER,MANQUANTE,B1: référence de preuve absente | B2: référence de preuve absente | B3: référence de preuve absente | B4: référence de preuve absente | B5: référence de preuve absente | B6: référence de preuve absente | B7: référence de preuve absente | exclusions non vérifiées | preuve du contrôle des exclusions absente
5H7.F,Sanderson Design Group PLC    R,Allemagne,60702284.0,9808000.0,11332000.0,5146000.0,7226875.0,0.027,0.69073,0.07508,72264620.0,Yahoo Finance / yfinance get_info,2026-10-08,0.0,1.2048181523292234,36.58535947124575,True,MANQUANTE,MANQUANTE,MANQUANTE,MANQUANTE,MANQUANTE,MANQUANTE,MANQUANTE,MANQUANTE,MANQUANTE,MANQUANTE,MANQUANTE,MANQUANTE,MANQUANTE,MANQUANTE,MANQUANTE,A_COMPLETER_PREUVES_SSI,A_VERIFIER,MANQUANTE,B1: référence de preuve absente | B2: référence de preuve absente | B3: référence de preuve absente | B4: référence de preuve absente | B5: référence de preuve absente | B6: référence de preuve absente | B7: référence de preuve absente | exclusions non vérifiées | preuve du contrôle des exclusions absente
A8F.F,Strickland Metals Ltd.        R,Allemagne,60759532.0,57990596.0,666037.0,-9279322.0,18412340.0,,1.0,0.43974,2641718767.0,Yahoo Finance / yfinance get_info,2026-10-08,0.0,-43.902440464865336,-81.14754115880834,False,MANQUANTE,MANQUANTE,MANQUANTE,MANQUANTE,MANQUANTE,MANQUANTE,MANQUANTE,MANQUANTE,MANQUANTE,MANQUANTE,MANQUANTE,MANQUANTE,MANQUANTE,MANQUANTE,MANQUANTE,A_COMPLETER_PREUVES_SSI,A_VERIFIER,MANQUANTE,B1: référence de preuve absente | B2: référence de preuve absente | B3: référence de preuve absente | B4: référence de preuve absente | B5: référence de preuve absente | B6: référence de preuve absente | B7: référence de preuve absente | exclusions non vérifiées | preuve du contrôle des exclusions absente
29U.F,Trufin PLC                    R,Allemagne,60892548.0,113809000.0,0.0,43276000.0,11895000.0,0.113,0.78749,0.07123,53887211.0,Yahoo Finance / yfinance get_info,2026-10-08,0.0,-24.666666984558105,-22.60274207486865,False,MANQUANTE,MANQUANTE,MANQUANTE,MANQUANTE,MANQUANTE,MANQUANTE,MANQUANTE,MANQUANTE,MANQUANTE,MANQUANTE,MANQUANTE,MANQUANTE,MANQUANTE,MANQUANTE,MANQUANTE,A_COMPLETER_PREUVES_SSI,A_VERIFIER,MANQUANTE,B1: référence de preuve absente | B2: référence de preuve absente | B3: référence de preuve absente | B4: référence de preuve absente | B5: référence de preuve absente | B6: référence de preuve absente | B7: référence de preuve absente | exclusions non vérifiées | preuve du contrôle des exclusions absente
2HA.F,Spero Therapeutics Inc.       R,Allemagne,61030100.0,50774000.0,2043000.0,,28848500.0,,0.56312,0.22662,58234827.0,Yahoo Finance / yfinance get_info,2026-10-08,0.0,-41.22265941952631,-55.44217776720393,False,MANQUANTE,MANQUANTE,MANQUANTE,MANQUANTE,MANQUANTE,MANQUANTE,MANQUANTE,MANQUANTE,MANQUANTE,MANQUANTE,MANQUANTE,MANQUANTE,MANQUANTE,MANQUANTE,MANQUANTE,A_COMPLETER_PREUVES_SSI,A_VERIFIER,MANQUANTE,B1: référence de preuve absente | B2: référence de preuve absente | B3: référence de preuve absente | B4: référence de preuve absente | B5: référence de preuve absente | B6: référence de preuve absente | B7: référence de preuve absente | exclusions non vérifiées | preuve du contrôle des exclusions absente
AWQ.F,ALNG ASA                      N,Allemagne,61088324.0,33332000.0,168908000.0,-5116000.0,6873625.0,-0.192,0.78441,0.32716,218954555.0,Yahoo Finance / yfinance get_info,2026-10-08,0.0,-8.223676632243349,-9.99999615453908,True,MANQUANTE,MANQUANTE,MANQUANTE,MANQUANTE,MANQUANTE,MANQUANTE,MANQUANTE,MANQUANTE,MANQUANTE,MANQUANTE,MANQUANTE,MANQUANTE,MANQUANTE,MANQUANTE,MANQUANTE,A_COMPLETER_PREUVES_SSI,A_VERIFIER,MANQUANTE,B1: référence de preuve absente | B2: référence de preuve absente | B3: référence de preuve absente | B4: référence de preuve absente | B5: référence de preuve absente | B6: référence de preuve absente | B7: référence de preuve absente | exclusions non vérifiées | preuve du contrôle des exclusions absente
TQB0.F,MindWalk Holdings Corp.       R,Allemagne,61245168.0,7623000.0,3484000.0,-16097000.0,8775125.0,0.213,0.60791,0.091359995,47111668.0,Yahoo Finance / yfinance get_info,2026-10-08,0.0,10.169492381566323,52.04677465680274,True,MANQUANTE,MANQUANTE,MANQUANTE,MANQUANTE,MANQUANTE,MANQUANTE,MANQUANTE,MANQUANTE,MANQUANTE,MANQUANTE,MANQUANTE,MANQUANTE,MANQUANTE,MANQUANTE,MANQUANTE,A_COMPLETER_PREUVES_SSI,A_VERIFIER,MANQUANTE,B1: référence de preuve absente | B2: référence de preuve absente | B3: référence de preuve absente | B4: référence de preuve absente | B5: référence de preuve absente | B6: référence de preuve absente | B7: référence de preuve absente | exclusions non vérifiées | preuve du contrôle des exclusions absente
2FW.F,Flowtech FluidPower PLC       R,Allemagne,61484464.0,3530000.0,30402000.0,4806000.0,-596125.0,0.238,0.38002998,0.04987,81436375.0,Yahoo Finance / yfinance get_info,2026-10-08,0.0,10.218977022453023,53.45527934497405,True,MANQUANTE,MANQUANTE,MANQUANTE,MANQUANTE,MANQUANTE,MANQUANTE,MANQUANTE,MANQUANTE,MANQUANTE,MANQUANTE,MANQUANTE,MANQUANTE,MANQUANTE,MANQUANTE,MANQUANTE,A_COMPLETER_PREUVES_SSI,A_VERIFIER,MANQUANTE,B1: référence de preuve absente | B2: référence de preuve absente | B3: référence de preuve absente | B4: référence de preuve absente | B5: référence de preuve absente | B6: référence de preuve absente | B7: référence de preuve absente | exclusions non vérifiées | preuve du contrôle des exclusions absente
2FW.SG,Flowtech FluidPower PLC,Allemagne,61484464.0,3530000.0,30402000.0,4806000.0,-596125.0,0.238,0.38002998,0.04987,81436375.0,Yahoo Finance / yfinance get_info,2026-10-08,0.0,10.218977022453023,46.601944893826186,True,MANQUANTE,MANQUANTE,MANQUANTE,MANQUANTE,MANQUANTE,MANQUANTE,MANQUANTE,MANQUANTE,MANQUANTE,MANQUANTE,MANQUANTE,MANQUANTE,MANQUANTE,MANQUANTE,MANQUANTE,A_COMPLETER_PREUVES_SSI,A_VERIFIER,MANQUANTE,B1: référence de preuve absente | B2: référence de preuve absente | B3: référence de preuve absente | B4: référence de preuve absente | B5: référence de preuve absente | B6: référence de preuve absente | B7: référence de preuve absente | exclusions non vérifiées | preuve du contrôle des exclusions absente
B5D1.F,Time Finance PLC              R,Allemagne,61582376.0,3635000.0,853000.0,,,0.039,0.58622,0.18048,91679134.0,Yahoo Finance / yfinance get_info,2026-10-08,0.0,15.7894797382373,42.24138905545647,True,MANQUANTE,MANQUANTE,MANQUANTE,MANQUANTE,MANQUANTE,MANQUANTE,MANQUANTE,MANQUANTE,MANQUANTE,MANQUANTE,MANQUANTE,MANQUANTE,MANQUANTE,MANQUANTE,MANQUANTE,A_COMPLETER_PREUVES_SSI,A_VERIFIER,MANQUANTE,B1: référence de preuve absente | B2: référence de preuve absente | B3: référence de preuve absente | B4: référence de preuve absente | B5: référence de preuve absente | B6: référence de preuve absente | B7: référence de preuve absente | exclusions non vérifiées | preuve du contrôle des exclusions absente
LK1.F,LAKE RESOURCES N.L.           R,Allemagne,61585148.0,6667735.0,497380.0,-22630080.0,-13766873.0,-0.543,1.0,0.14735,2566047689.0,Yahoo Finance / yfinance get_info,2026-10-08,0.0,0.0,-50.0,False,MANQUANTE,MANQUANTE,MANQUANTE,MANQUANTE,MANQUANTE,MANQUANTE,MANQUANTE,MANQUANTE,MANQUANTE,MANQUANTE,MANQUANTE,MANQUANTE,MANQUANTE,MANQUANTE,MANQUANTE,A_COMPLETER_PREUVES_SSI,A_VERIFIER,MANQUANTE,B1: référence de preuve absente | B2: référence de preuve absente | B3: référence de preuve absente | B4: référence de preuve absente | B5: référence de preuve absente | B6: référence de preuve absente | B7: référence de preuve absente | exclusions non vérifiées | preuve du contrôle des exclusions absente
Y0U.F,Vulcan Two Group PLC          R,Allemagne,61641500.0,5693545.0,1510714.0,,-49270.0,,0.21518,0.07478,27275000.0,Yahoo Finance / yfinance get_info,2026-10-08,0.0,-25.165562757059835,1.8018000602490147,,MANQUANTE,MANQUANTE,MANQUANTE,MANQUANTE,MANQUANTE,MANQUANTE,MANQUANTE,MANQUANTE,MANQUANTE,MANQUANTE,MANQUANTE,MANQUANTE,MANQUANTE,MANQUANTE,MANQUANTE,A_COMPLETER_PREUVES_SSI,A_VERIFIER,MANQUANTE,B1: référence de preuve absente | B2: référence de preuve absente | B3: référence de preuve absente | B4: référence de preuve absente | B5: référence de preuve absente | B6: référence de preuve absente | B7: référence de preuve absente | exclusions non vérifiées | preuve du contrôle des exclusions absente
92M.F,CML MICROSYSTEMS PLC          R,Allemagne,61713728.0,12800000.0,1957000.0,-979000.0,1159250.0,0.087,0.6303,0.60867,17238471.0,Yahoo Finance / yfinance get_info,2026-10-08,0.0,23.448269171607272,49.16665756040186,True,MANQUANTE,MANQUANTE,MANQUANTE,MANQUANTE,MANQUANTE,MANQUANTE,MANQUANTE,MANQUANTE,MANQUANTE,MANQUANTE,MANQUANTE,MANQUANTE,MANQUANTE,MANQUANTE,MANQUANTE,A_COMPLETER_PREUVES_SSI,A_VERIFIER,MANQUANTE,B1: référence de preuve absente | B2: référence de preuve absente | B3: référence de preuve absente | B4: référence de preuve absente | B5: référence de preuve absente | B6: référence de preuve absente | B7: référence de preuve absente | exclusions non vérifiées | preuve du contrôle des exclusions absente
0VC.F,OMER - DECUGIS & CIE          A,Allemagne,61814684.0,12925843.0,20101332.0,9784003.0,1864063.0,0.163,0.10696,0.67688006,8491028.0,Yahoo Finance / yfinance get_info,2026-10-08,0.0,-24.32432124311548,-21.720429456968628,False,MANQUANTE,MANQUANTE,MANQUANTE,MANQUANTE,MANQUANTE,MANQUANTE,MANQUANTE,MANQUANTE,MANQUANTE,MANQUANTE,MANQUANTE,MANQUANTE,MANQUANTE,MANQUANTE,MANQUANTE,A_COMPLETER_PREUVES_SSI,A_VERIFIER,MANQUANTE,B1: référence de preuve absente | B2: référence de preuve absente | B3: référence de preuve absente | B4: référence de preuve absente | B5: référence de preuve absente | B6: référence de preuve absente | B7: référence de preuve absente | exclusions non vérifiées | preuve du contrôle des exclusions absente
IE2A.F,Internet Thailand PCL         R,Allemagne,61944928.0,473637568.0,7399404544.0,1691273728.0,-2295013376.0,0.13,0.53815,0.0,0.0,Yahoo Finance / yfinance get_info,2026-10-08,0.0,-10.19417370384854,5.7142888769812,False,MANQUANTE,MANQUANTE,MANQUANTE,MANQUANTE,MANQUANTE,MANQUANTE,MANQUANTE,MANQUANTE,MANQUANTE,MANQUANTE,MANQUANTE,MANQUANTE,MANQUANTE,MANQUANTE,MANQUANTE,A_COMPLETER_PREUVES_SSI,A_VERIFIER,MANQUANTE,B1: référence de preuve absente | B2: référence de preuve absente | B3: référence de preuve absente | B4: référence de preuve absente | B5: référence de preuve absente | B6: référence de preuve absente | B7: référence de preuve absente | exclusions non vérifiées | preuve du contrôle des exclusions absente
NYA1.SG,Corero Network Security PLC,Allemagne,61971980.0,2103000.0,388000.0,3959000.0,-1224000.0,0.423,0.91665,0.72743,512165134.0,Yahoo Finance / yfinance get_info,2026-10-08,0.0,25.388597955946768,-2.4193537726796555,True,MANQUANTE,MANQUANTE,MANQUANTE,MANQUANTE,MANQUANTE,MANQUANTE,MANQUANTE,MANQUANTE,MANQUANTE,MANQUANTE,MANQUANTE,MANQUANTE,MANQUANTE,MANQUANTE,MANQUANTE,A_COMPLETER_PREUVES_SSI,A_VERIFIER,MANQUANTE,B1: référence de preuve absente | B2: référence de preuve absente | B3: référence de preuve absente | B4: référence de preuve absente | B5: référence de preuve absente | B6: référence de preuve absente | B7: référence de preuve absente | exclusions non vérifiées | preuve du contrôle des exclusions absente
LT50.F,Luotea PLC                    R,Allemagne,62238936.0,3900000.0,13200000.0,10700000.0,-2237500.0,0.015,0.11246,0.25070998,38277330.0,Yahoo Finance / yfinance get_info,2026-10-08,0.0,-8.239272694149523,-37.581572559513575,False,MANQUANTE,MANQUANTE,MANQUANTE,MANQUANTE,MANQUANTE,MANQUANTE,MANQUANTE,MANQUANTE,MANQUANTE,MANQUANTE,MANQUANTE,MANQUANTE,MANQUANTE,MANQUANTE,MANQUANTE,A_COMPLETER_PREUVES_SSI,A_VERIFIER,MANQUANTE,B1: référence de preuve absente | B2: référence de preuve absente | B3: référence de preuve absente | B4: référence de preuve absente | B5: référence de preuve absente | B6: référence de preuve absente | B7: référence de preuve absente | exclusions non vérifiées | preuve du contrôle des exclusions absente
2F60.F,Awale Resources Ltd.          R,Allemagne,62260104.0,14882979.0,0.0,-2168572.0,-18281532.0,0.328,1.0,0.44352,143456467.0,Yahoo Finance / yfinance get_info,2026-10-08,0.0,-7.264959333202325,-18.87851136794213,False,MANQUANTE,MANQUANTE,MANQUANTE,MANQUANTE,MANQUANTE,MANQUANTE,MANQUANTE,MANQUANTE,MANQUANTE,MANQUANTE,MANQUANTE,MANQUANTE,MANQUANTE,MANQUANTE,MANQUANTE,A_COMPLETER_PREUVES_SSI,A_VERIFIER,MANQUANTE,B1: référence de preuve absente | B2: référence de preuve absente | B3: référence de preuve absente | B4: référence de preuve absente | B5: référence de preuve absente | B6: référence de preuve absente | B7: référence de preuve absente | exclusions non vérifiées | preuve du contrôle des exclusions absente
U1R1.F,Apollo Future Mobility Group  R,Allemagne,62368724.0,393711008.0,309753984.0,-415929984.0,-260683872.0,-0.424,0.4089,0.47647998,1022438090.0,Yahoo Finance / yfinance get_info,2026-10-08,0.0,69.4444536426925,62.66666203075004,True,MANQUANTE,MANQUANTE,MANQUANTE,MANQUANTE,MANQUANTE,MANQUANTE,MANQUANTE,MANQUANTE,MANQUANTE,MANQUANTE,MANQUANTE,MANQUANTE,MANQUANTE,MANQUANTE,MANQUANTE,A_COMPLETER_PREUVES_SSI,A_VERIFIER,MANQUANTE,B1: référence de preuve absente | B2: référence de preuve absente | B3: référence de preuve absente | B4: référence de preuve absente | B5: référence de preuve absente | B6: référence de preuve absente | B7: référence de preuve absente | exclusions non vérifiées | preuve du contrôle des exclusions absente
P41.F,Blinklab Ltd.                 R,Allemagne,62419184.0,17953498.0,388660.0,-6990317.0,-4642700.0,3.865,0.59603,0.33415002,176325374.0,Yahoo Finance / yfinance get_info,2026-10-08,0.0,4.733728593247499,-20.090290948038813,,MANQUANTE,MANQUANTE,MANQUANTE,MANQUANTE,MANQUANTE,MANQUANTE,MANQUANTE,MANQUANTE,MANQUANTE,MANQUANTE,MANQUANTE,MANQUANTE,MANQUANTE,MANQUANTE,MANQUANTE,A_COMPLETER_PREUVES_SSI,A_VERIFIER,MANQUANTE,B1: référence de preuve absente | B2: référence de preuve absente | B3: référence de preuve absente | B4: référence de preuve absente | B5: référence de preuve absente | B6: référence de preuve absente | B7: référence de preuve absente | exclusions non vérifiées | preuve du contrôle des exclusions absente
0G93.F,Globus Maritime Ltd.          R,Allemagne,62588672.0,29321000.0,106344000.0,20768000.0,-11720375.0,0.532,0.55386,0.36709,21582301.0,Yahoo Finance / yfinance get_info,2026-10-08,0.0,23.9316325529404,74.698804438521,True,MANQUANTE,MANQUANTE,MANQUANTE,MANQUANTE,MANQUANTE,MANQUANTE,MANQUANTE,MANQUANTE,MANQUANTE,MANQUANTE,MANQUANTE,MANQUANTE,MANQUANTE,MANQUANTE,MANQUANTE,A_COMPLETER_PREUVES_SSI,A_VERIFIER,MANQUANTE,B1: référence de preuve absente | B2: référence de preuve absente | B3: référence de preuve absente | B4: référence de preuve absente | B5: référence de preuve absente | B6: référence de preuve absente | B7: référence de preuve absente | exclusions non vérifiées | preuve du contrôle des exclusions absente
GUJB.F,GDH Guangnan (Holdings) Ltd.  R,Allemagne,62623936.0,702702016.0,750035008.0,181496992.0,240946256.0,-0.304,0.04344,0.592,907593285.0,Yahoo Finance / yfinance get_info,2026-10-08,0.0,-1.4285743175720511,2.985069481666458,False,MANQUANTE,MANQUANTE,MANQUANTE,MANQUANTE,MANQUANTE,MANQUANTE,MANQUANTE,MANQUANTE,MANQUANTE,MANQUANTE,MANQUANTE,MANQUANTE,MANQUANTE,MANQUANTE,MANQUANTE,A_COMPLETER_PREUVES_SSI,A_VERIFIER,MANQUANTE,B1: référence de preuve absente | B2: référence de preuve absente | B3: référence de preuve absente | B4: référence de preuve absente | B5: référence de preuve absente | B6: référence de preuve absente | B7: référence de preuve absente | exclusions non vérifiées | preuve du contrôle des exclusions absente
HUV.F,HUNG HING PRINTING GRP LTD.   R,Allemagne,62629352.0,548392000.0,40437000.0,1049000.0,-71843000.0,0.105,0.12254,0.69942003,907671838.0,Yahoo Finance / yfinance get_info,2026-10-08,0.0,-14.814817199545685,-22.033900730821976,False,MANQUANTE,MANQUANTE,MANQUANTE,MANQUANTE,MANQUANTE,MANQUANTE,MANQUANTE,MANQUANTE,MANQUANTE,MANQUANTE,MANQUANTE,MANQUANTE,MANQUANTE,MANQUANTE,MANQUANTE,A_COMPLETER_PREUVES_SSI,A_VERIFIER,MANQUANTE,B1: référence de preuve absente | B2: référence de preuve absente | B3: référence de preuve absente | B4: référence de preuve absente | B5: référence de preuve absente | B6: référence de preuve absente | B7: référence de preuve absente | exclusions non vérifiées | preuve du contrôle des exclusions absente
X62.F,Optex Systems Holdings Inc.   R,Allemagne,62638856.0,6175000.0,1484000.0,5694000.0,280375.0,-0.124,0.30686,0.20945999,6959873.0,Yahoo Finance / yfinance get_info,2026-10-08,0.0,-15.887848967932747,-7.692307692307687,False,MANQUANTE,MANQUANTE,MANQUANTE,MANQUANTE,MANQUANTE,MANQUANTE,MANQUANTE,MANQUANTE,MANQUANTE,MANQUANTE,MANQUANTE,MANQUANTE,MANQUANTE,MANQUANTE,MANQUANTE,A_COMPLETER_PREUVES_SSI,A_VERIFIER,MANQUANTE,B1: référence de preuve absente | B2: référence de preuve absente | B3: référence de preuve absente | B4: référence de preuve absente | B5: référence de preuve absente | B6: référence de preuve absente | B7: référence de preuve absente | exclusions non vérifiées | preuve du contrôle des exclusions absente
FVA.F,PCI-PAL PLC                   R,Allemagne,62725124.0,2614000.0,0.0,-507000.0,-1715375.0,0.069,0.88281,0.111669995,72514589.0,Yahoo Finance / yfinance get_info,2026-10-08,0.0,76.53061075540248,67.9611715657828,True,MANQUANTE,MANQUANTE,MANQUANTE,MANQUANTE,MANQUANTE,MANQUANTE,MANQUANTE,MANQUANTE,MANQUANTE,MANQUANTE,MANQUANTE,MANQUANTE,MANQUANTE,MANQUANTE,MANQUANTE,A_COMPLETER_PREUVES_SSI,A_VERIFIER,MANQUANTE,B1: référence de preuve absente | B2: référence de preuve absente | B3: référence de preuve absente | B4: référence de preuve absente | B5: référence de preuve absente | B6: référence de preuve absente | B7: référence de preuve absente | exclusions non vérifiées | preuve du contrôle des exclusions absente
CY9D.F,Microbot Medical Inc.         R,Allemagne,62731924.0,67367000.0,876000.0,-18460000.0,-14240875.0,,-1.8526,0.0,67164801.0,Yahoo Finance / yfinance get_info,2026-10-08,0.0,-41.8068533234064,-53.53233732884127,False,MANQUANTE,MANQUANTE,MANQUANTE,MANQUANTE,MANQUANTE,MANQUANTE,MANQUANTE,MANQUANTE,MANQUANTE,MANQUANTE,MANQUANTE,MANQUANTE,MANQUANTE,MANQUANTE,MANQUANTE,A_COMPLETER_PREUVES_SSI,A_VERIFIER,MANQUANTE,B1: référence de preuve absente | B2: référence de preuve absente | B3: référence de preuve absente | B4: référence de preuve absente | B5: référence de preuve absente | B6: référence de preuve absente | B7: référence de preuve absente | exclusions non vérifiées | preuve du contrôle des exclusions absente
7XE.F,Nightingale Health Oyj        R,Allemagne,62775432.0,36798000.0,4094000.0,-13988000.0,-6039125.0,0.296,0.51672,0.3357,40647779.0,Yahoo Finance / yfinance get_info,2026-10-08,0.0,46.89264908885293,-11.111111111111116,False,MANQUANTE,MANQUANTE,MANQUANTE,MANQUANTE,MANQUANTE,MANQUANTE,MANQUANTE,MANQUANTE,MANQUANTE,MANQUANTE,MANQUANTE,MANQUANTE,MANQUANTE,MANQUANTE,MANQUANTE,A_COMPLETER_PREUVES_SSI,A_VERIFIER,MANQUANTE,B1: référence de preuve absente | B2: référence de preuve absente | B3: référence de preuve absente | B4: référence de preuve absente | B5: référence de preuve absente | B6: référence de preuve absente | B7: référence de preuve absente | exclusions non vérifiées | preuve du contrôle des exclusions absente
7KW.F,Daniel Thwaites PLC           R,Allemagne,62870400.0,3800000.0,72700000.0,21300000.0,3275000.0,0.056,0.22441,0.23844999,56640000.0,Yahoo Finance / yfinance get_info,2026-10-08,0.0,-6.72269235870494,18.08510820430671,True,MANQUANTE,MANQUANTE,MANQUANTE,MANQUANTE,MANQUANTE,MANQUANTE,MANQUANTE,MANQUANTE,MANQUANTE,MANQUANTE,MANQUANTE,MANQUANTE,MANQUANTE,MANQUANTE,MANQUANTE,A_COMPLETER_PREUVES_SSI,A_VERIFIER,MANQUANTE,B1: référence de preuve absente | B2: référence de preuve absente | B3: référence de preuve absente | B4: référence de preuve absente | B5: référence de preuve absente | B6: référence de preuve absente | B7: référence de preuve absente | exclusions non vérifiées | preuve du contrôle des exclusions absente
7L4.F,Elica S.p.A.                  A,Allemagne,62980348.0,33024000.0,112861000.0,15979000.0,6049500.0,-0.074,0.46504003,0.5306,58586369.0,Yahoo Finance / yfinance get_info,2026-10-08,0.0,-4.867252015929314,-7.725314773930059,False,MANQUANTE,MANQUANTE,MANQUANTE,MANQUANTE,MANQUANTE,MANQUANTE,MANQUANTE,MANQUANTE,MANQUANTE,MANQUANTE,MANQUANTE,MANQUANTE,MANQUANTE,MANQUANTE,MANQUANTE,A_COMPLETER_PREUVES_SSI,A_VERIFIER,MANQUANTE,B1: référence de preuve absente | B2: référence de preuve absente | B3: référence de preuve absente | B4: référence de preuve absente | B5: référence de preuve absente | B6: référence de preuve absente | B7: référence de preuve absente | exclusions non vérifiées | preuve du contrôle des exclusions absente
K6Z.F,Shine Justice Ltd.            R,Allemagne,63013232.0,12506000.0,98821000.0,21202000.0,-12752250.0,-0.039,0.33753,0.72536004,169390396.0,Yahoo Finance / yfinance get_info,2026-10-08,0.0,12.048199692802688,-11.004785268926376,False,MANQUANTE,MANQUANTE,MANQUANTE,MANQUANTE,MANQUANTE,MANQUANTE,MANQUANTE,MANQUANTE,MANQUANTE,MANQUANTE,MANQUANTE,MANQUANTE,MANQUANTE,MANQUANTE,MANQUANTE,A_COMPLETER_PREUVES_SSI,A_VERIFIER,MANQUANTE,B1: référence de preuve absente | B2: référence de preuve absente | B3: référence de preuve absente | B4: référence de preuve absente | B5: référence de preuve absente | B6: référence de preuve absente | B7: référence de preuve absente | exclusions non vérifiées | preuve du contrôle des exclusions absente
RZC.MU,Caica Digital Inc.            R,Allemagne,63055152.0,1240000000.0,0.0,116250000.0,,0.314,0.20899001,0.35285,172281833.0,Yahoo Finance / yfinance get_info,2026-10-08,0.0,10.909085490487058,-9.405944574616488,False,MANQUANTE,MANQUANTE,MANQUANTE,MANQUANTE,MANQUANTE,MANQUANTE,MANQUANTE,MANQUANTE,MANQUANTE,MANQUANTE,MANQUANTE,MANQUANTE,MANQUANTE,MANQUANTE,MANQUANTE,A_COMPLETER_PREUVES_SSI,A_VERIFIER,MANQUANTE,B1: référence de preuve absente | B2: référence de preuve absente | B3: référence de preuve absente | B4: référence de preuve absente | B5: référence de preuve absente | B6: référence de preuve absente | B7: référence de preuve absente | exclusions non vérifiées | preuve du contrôle des exclusions absente
CG4.F,The Character Group PLC       R,Allemagne,63060992.0,13914000.0,834000.0,2662000.0,5504875.0,-0.089,0.27315,0.27485,17324449.0,Yahoo Finance / yfinance get_info,2026-10-08,0.0,7.058823611909548,37.878786373620144,True,MANQUANTE,MANQUANTE,MANQUANTE,MANQUANTE,MANQUANTE,MANQUANTE,MANQUANTE,MANQUANTE,MANQUANTE,MANQUANTE,MANQUANTE,MANQUANTE,MANQUANTE,MANQUANTE,MANQUANTE,A_COMPLETER_PREUVES_SSI,A_VERIFIER,MANQUANTE,B1: référence de preuve absente | B2: référence de preuve absente | B3: référence de preuve absente | B4: référence de preuve absente | B5: référence de preuve absente | B6: référence de preuve absente | B7: référence de preuve absente | exclusions non vérifiées | preuve du contrôle des exclusions absente
1NE0.F,Verrica Pharmaceuticals Inc.  R,Allemagne,63132036.0,11198000.0,1810000.0,-25964000.0,-9037125.0,-0.539,0.3768,0.48997003,17178786.0,Yahoo Finance / yfinance get_info,2026-10-08,0.0,-31.050656568096457,-21.47435711293838,False,MANQUANTE,MANQUANTE,MANQUANTE,MANQUANTE,MANQUANTE,MANQUANTE,MANQUANTE,MANQUANTE,MANQUANTE,MANQUANTE,MANQUANTE,MANQUANTE,MANQUANTE,MANQUANTE,MANQUANTE,A_COMPLETER_PREUVES_SSI,A_VERIFIER,MANQUANTE,B1: référence de preuve absente | B2: référence de preuve absente | B3: référence de preuve absente | B4: référence de preuve absente | B5: référence de preuve absente | B6: référence de preuve absente | B7: référence de preuve absente | exclusions non vérifiées | preuve du contrôle des exclusions absente
UE1.F,UNIVERSAL ELECTRONICS INC.    R,Allemagne,63136804.0,32399000.0,30282000.0,12388000.0,16475875.0,-0.25,0.29947,0.08312,12885062.0,Yahoo Finance / yfinance get_info,2026-10-08,0.0,21.890550214333548,38.41808328163108,True,MANQUANTE,MANQUANTE,MANQUANTE,MANQUANTE,MANQUANTE,MANQUANTE,MANQUANTE,MANQUANTE,MANQUANTE,MANQUANTE,MANQUANTE,MANQUANTE,MANQUANTE,MANQUANTE,MANQUANTE,A_COMPLETER_PREUVES_SSI,A_VERIFIER,MANQUANTE,B1: référence de preuve absente | B2: référence de preuve absente | B3: référence de preuve absente | B4: référence de preuve absente | B5: référence de preuve absente | B6: référence de preuve absente | B7: référence de preuve absente | exclusions non vérifiées | preuve du contrôle des exclusions absente
C480.F,Atlas Lithium Corp.           R,Allemagne,63209584.0,36092612.0,10629315.0,-44199712.0,-23422564.0,,0.85089,0.26326,30099805.0,Yahoo Finance / yfinance get_info,2026-10-08,0.0,-24.4604343077478,-44.44444654690106,False,MANQUANTE,MANQUANTE,MANQUANTE,MANQUANTE,MANQUANTE,MANQUANTE,MANQUANTE,MANQUANTE,MANQUANTE,MANQUANTE,MANQUANTE,MANQUANTE,MANQUANTE,MANQUANTE,MANQUANTE,A_COMPLETER_PREUVES_SSI,A_VERIFIER,MANQUANTE,B1: référence de preuve absente | B2: référence de preuve absente | B3: référence de preuve absente | B4: référence de preuve absente | B5: référence de preuve absente | B6: référence de preuve absente | B7: référence de preuve absente | exclusions non vérifiées | preuve du contrôle des exclusions absente
7W5.F,Moulinvest                    A,Allemagne,63242164.0,15385000.0,26651000.0,19133000.0,-1593375.0,0.055,0.32226002,0.6845,3025941.0,Yahoo Finance / yfinance get_info,2026-10-08,0.0,-7.929520193443795,-5.429867611883044,False,MANQUANTE,MANQUANTE,MANQUANTE,MANQUANTE,MANQUANTE,MANQUANTE,MANQUANTE,MANQUANTE,MANQUANTE,MANQUANTE,MANQUANTE,MANQUANTE,MANQUANTE,MANQUANTE,MANQUANTE,A_COMPLETER_PREUVES_SSI,A_VERIFIER,MANQUANTE,B1: référence de preuve absente | B2: référence de preuve absente | B3: référence de preuve absente | B4: référence de preuve absente | B5: référence de preuve absente | B6: référence de preuve absente | B7: référence de preuve absente | exclusions non vérifiées | preuve du contrôle des exclusions absente
PJJ1.F,China Display Optoel.Tec.H.LtdR,Allemagne,63377916.0,235784000.0,413000.0,216110000.0,-10355125.0,0.124,0.05503,0.64203,2112597225.0,Yahoo Finance / yfinance get_info,2026-10-08,0.0,-21.052630804995065,-18.91892177615395,False,MANQUANTE,MANQUANTE,MANQUANTE,MANQUANTE,MANQUANTE,MANQUANTE,MANQUANTE,MANQUANTE,MANQUANTE,MANQUANTE,MANQUANTE,MANQUANTE,MANQUANTE,MANQUANTE,MANQUANTE,A_COMPLETER_PREUVES_SSI,A_VERIFIER,MANQUANTE,B1: référence de preuve absente | B2: référence de preuve absente | B3: référence de preuve absente | B4: référence de preuve absente | B5: référence de preuve absente | B6: référence de preuve absente | B7: référence de preuve absente | exclusions non vérifiées | preuve du contrôle des exclusions absente
92M.SG,CML Microsystems PLC,Allemagne,63437580.0,12800000.0,1957000.0,-979000.0,1159250.0,0.087,0.6303,0.60867,17238471.0,Yahoo Finance / yfinance get_info,2026-10-08,0.0,26.02739625362771,55.93221314985608,True,MANQUANTE,MANQUANTE,MANQUANTE,MANQUANTE,MANQUANTE,MANQUANTE,MANQUANTE,MANQUANTE,MANQUANTE,MANQUANTE,MANQUANTE,MANQUANTE,MANQUANTE,MANQUANTE,MANQUANTE,A_COMPLETER_PREUVES_SSI,A_VERIFIER,MANQUANTE,B1: référence de preuve absente | B2: référence de preuve absente | B3: référence de preuve absente | B4: référence de preuve absente | B5: référence de preuve absente | B6: référence de preuve absente | B7: référence de preuve absente | exclusions non vérifiées | preuve du contrôle des exclusions absente
SFK.SG,SergeFerrari Group S.A.,Allemagne,63472352.0,22800000.0,138814000.0,22779000.0,24216376.0,-0.005,0.46280998,0.78633004,11415891.0,Yahoo Finance / yfinance get_info,2026-10-08,0.0,-23.835619212225843,-18.950439729348343,False,MANQUANTE,MANQUANTE,MANQUANTE,MANQUANTE,MANQUANTE,MANQUANTE,MANQUANTE,MANQUANTE,MANQUANTE,MANQUANTE,MANQUANTE,MANQUANTE,MANQUANTE,MANQUANTE,MANQUANTE,A_COMPLETER_PREUVES_SSI,A_VERIFIER,MANQUANTE,B1: référence de preuve absente | B2: référence de preuve absente | B3: référence de preuve absente | B4: référence de preuve absente | B5: référence de preuve absente | B6: référence de preuve absente | B7: référence de preuve absente | exclusions non vérifiées | preuve du contrôle des exclusions absente
ISC1.F,Arcelormittal South Africa LtdR,Allemagne,63532924.0,1126000000.0,10424000512.0,-1611000064.0,-1596125056.0,-0.297,0.21263,0.0,1114612674.0,Yahoo Finance / yfinance get_info,2026-10-08,0.0,0.0,-10.93750418367543,False,MANQUANTE,MANQUANTE,MANQUANTE,MANQUANTE,MANQUANTE,MANQUANTE,MANQUANTE,MANQUANTE,MANQUANTE,MANQUANTE,MANQUANTE,MANQUANTE,MANQUANTE,MANQUANTE,MANQUANTE,A_COMPLETER_PREUVES_SSI,A_VERIFIER,MANQUANTE,B1: référence de preuve absente | B2: référence de preuve absente | B3: référence de preuve absente | B4: référence de preuve absente | B5: référence de preuve absente | B6: référence de preuve absente | B7: référence de preuve absente | exclusions non vérifiées | preuve du contrôle des exclusions absente
L2T1.F,Lifevantage Corp.             R,Allemagne,63576696.0,14920000.0,9868000.0,9473000.0,6001875.0,-0.231,0.77559996,0.119899996,12589444.0,Yahoo Finance / yfinance get_info,2026-10-08,0.0,-3.809520176478798,51.19761438649151,True,MANQUANTE,MANQUANTE,MANQUANTE,MANQUANTE,MANQUANTE,MANQUANTE,MANQUANTE,MANQUANTE,MANQUANTE,MANQUANTE,MANQUANTE,MANQUANTE,MANQUANTE,MANQUANTE,MANQUANTE,A_COMPLETER_PREUVES_SSI,A_VERIFIER,MANQUANTE,B1: référence de preuve absente | B2: référence de preuve absente | B3: référence de preuve absente | B4: référence de preuve absente | B5: référence de preuve absente | B6: référence de preuve absente | B7: référence de preuve absente | exclusions non vérifiées | preuve du contrôle des exclusions absente
6CE.SG,Groupe LDLC S.A.,Allemagne,63604932.0,7097000.0,49327000.0,23065000.0,-39555000.0,-0.012,0.24482,0.37752998,6104120.0,Yahoo Finance / yfinance get_info,2026-10-08,0.0,-19.722646812214904,-6.126128664923014,False,MANQUANTE,MANQUANTE,MANQUANTE,MANQUANTE,MANQUANTE,MANQUANTE,MANQUANTE,MANQUANTE,MANQUANTE,MANQUANTE,MANQUANTE,MANQUANTE,MANQUANTE,MANQUANTE,MANQUANTE,A_COMPLETER_PREUVES_SSI,A_VERIFIER,MANQUANTE,B1: référence de preuve absente | B2: référence de preuve absente | B3: référence de preuve absente | B4: référence de preuve absente | B5: référence de preuve absente | B6: référence de preuve absente | B7: référence de preuve absente | exclusions non vérifiées | preuve du contrôle des exclusions absente
SFK.F,SergeFerrari Group S.A.       A,Allemagne,63700672.0,22800000.0,138814000.0,22779000.0,24216376.0,-0.005,0.46280998,0.78633004,11415891.0,Yahoo Finance / yfinance get_info,2026-10-08,0.0,-22.71468025128659,-18.18182135988501,False,MANQUANTE,MANQUANTE,MANQUANTE,MANQUANTE,MANQUANTE,MANQUANTE,MANQUANTE,MANQUANTE,MANQUANTE,MANQUANTE,MANQUANTE,MANQUANTE,MANQUANTE,MANQUANTE,MANQUANTE,A_COMPLETER_PREUVES_SSI,A_VERIFIER,MANQUANTE,B1: référence de preuve absente | B2: référence de preuve absente | B3: référence de preuve absente | B4: référence de preuve absente | B5: référence de preuve absente | B6: référence de preuve absente | B7: référence de preuve absente | exclusions non vérifiées | preuve du contrôle des exclusions absente
UK3.F,Netstars Co. Ltd.             R,Allemagne,63734796.0,37425000448.0,0.0,621000000.0,678124992.0,0.026,0.75888,0.5455,16950743.0,Yahoo Finance / yfinance get_info,2026-10-08,0.0,8.670518757478153,-8.737861774162969,False,MANQUANTE,MANQUANTE,MANQUANTE,MANQUANTE,MANQUANTE,MANQUANTE,MANQUANTE,MANQUANTE,MANQUANTE,MANQUANTE,MANQUANTE,MANQUANTE,MANQUANTE,MANQUANTE,MANQUANTE,A_COMPLETER_PREUVES_SSI,A_VERIFIER,MANQUANTE,B1: référence de preuve absente | B2: référence de preuve absente | B3: référence de preuve absente | B4: référence de preuve absente | B5: référence de preuve absente | B6: référence de preuve absente | B7: référence de preuve absente | exclusions non vérifiées | preuve du contrôle des exclusions absente
2DI.F,Microlise Group PLC           R,Allemagne,63790916.0,13771000.0,4463000.0,1113000.0,1927375.0,-0.104,0.65132004,0.057930004,115983483.0,Yahoo Finance / yfinance get_info,2026-10-08,0.0,50.27322867126751,-5.982900496613697,False,MANQUANTE,MANQUANTE,MANQUANTE,MANQUANTE,MANQUANTE,MANQUANTE,MANQUANTE,MANQUANTE,MANQUANTE,MANQUANTE,MANQUANTE,MANQUANTE,MANQUANTE,MANQUANTE,MANQUANTE,A_COMPLETER_PREUVES_SSI,A_VERIFIER,MANQUANTE,B1: référence de preuve absente | B2: référence de preuve absente | B3: référence de preuve absente | B4: référence de preuve absente | B5: référence de preuve absente | B6: référence de preuve absente | B7: référence de preuve absente | exclusions non vérifiées | preuve du contrôle des exclusions absente
RGI0.F,Regis Corp. (Minn.)           R,Allemagne,64004020.0,26025000.0,301427008.0,28361000.0,6094875.0,-0.073,0.37467998,0.06522,2500157.0,Yahoo Finance / yfinance get_info,2026-10-08,0.0,9.40171281540232,26.732670369189027,True,MANQUANTE,MANQUANTE,MANQUANTE,MANQUANTE,MANQUANTE,MANQUANTE,MANQUANTE,MANQUANTE,MANQUANTE,MANQUANTE,MANQUANTE,MANQUANTE,MANQUANTE,MANQUANTE,MANQUANTE,A_COMPLETER_PREUVES_SSI,A_VERIFIER,MANQUANTE,B1: référence de preuve absente | B2: référence de preuve absente | B3: référence de preuve absente | B4: référence de preuve absente | B5: référence de preuve absente | B6: référence de preuve absente | B7: référence de preuve absente | exclusions non vérifiées | preuve du contrôle des exclusions absente
3DS.F,Dachan Food Asia Ltd.         R,Allemagne,64019908.0,627491008.0,404143008.0,306768000.0,207632624.0,0.009,0.123739995,0.73767,1016189000.0,Yahoo Finance / yfinance get_info,2026-10-08,0.0,8.620694527728245,1.6129065208083215,True,MANQUANTE,MANQUANTE,MANQUANTE,MANQUANTE,MANQUANTE,MANQUANTE,MANQUANTE,MANQUANTE,MANQUANTE,MANQUANTE,MANQUANTE,MANQUANTE,MANQUANTE,MANQUANTE,MANQUANTE,A_COMPLETER_PREUVES_SSI,A_VERIFIER,MANQUANTE,B1: référence de preuve absente | B2: référence de preuve absente | B3: référence de preuve absente | B4: référence de preuve absente | B5: référence de preuve absente | B6: référence de preuve absente | B7: référence de preuve absente | exclusions non vérifiées | preuve du contrôle des exclusions absente
J9M.F,Virsi-A A/S                   B,Allemagne,64061276.0,5624380.0,52758396.0,18229112.0,2408147.0,0.218,0.10343,0.88269997,15144510.0,Yahoo Finance / yfinance get_info,2026-10-08,0.0,10.156252958889487,10.443866927819045,,MANQUANTE,MANQUANTE,MANQUANTE,MANQUANTE,MANQUANTE,MANQUANTE,MANQUANTE,MANQUANTE,MANQUANTE,MANQUANTE,MANQUANTE,MANQUANTE,MANQUANTE,MANQUANTE,MANQUANTE,A_COMPLETER_PREUVES_SSI,A_VERIFIER,MANQUANTE,B1: référence de preuve absente | B2: référence de preuve absente | B3: référence de preuve absente | B4: référence de preuve absente | B5: référence de preuve absente | B6: référence de preuve absente | B7: référence de preuve absente | exclusions non vérifiées | preuve du contrôle des exclusions absente
2P4.F,Bioporto A/S                  I,Allemagne,64114916.0,74443000.0,5834000.0,-13028000.0,-3414375.0,-0.348,0.76877,0.29798,495095887.0,Yahoo Finance / yfinance get_info,2026-10-08,0.0,1.568630659227388,23.33333877343997,False,MANQUANTE,MANQUANTE,MANQUANTE,MANQUANTE,MANQUANTE,MANQUANTE,MANQUANTE,MANQUANTE,MANQUANTE,MANQUANTE,MANQUANTE,MANQUANTE,MANQUANTE,MANQUANTE,MANQUANTE,A_COMPLETER_PREUVES_SSI,A_VERIFIER,MANQUANTE,B1: référence de preuve absente | B2: référence de preuve absente | B3: référence de preuve absente | B4: référence de preuve absente | B5: référence de preuve absente | B6: référence de preuve absente | B7: référence de preuve absente | exclusions non vérifiées | preuve du contrôle des exclusions absente
XC1.F,Cable One Inc.                R,Allemagne,64115352.0,181852992.0,3070344960.0,690572032.0,676339776.0,-0.084,0.73467004,0.10439,5673925.0,Yahoo Finance / yfinance get_info,2026-10-08,0.0,-63.54838648150045,-85.96273268231694,False,MANQUANTE,MANQUANTE,MANQUANTE,MANQUANTE,MANQUANTE,MANQUANTE,MANQUANTE,MANQUANTE,MANQUANTE,MANQUANTE,MANQUANTE,MANQUANTE,MANQUANTE,MANQUANTE,MANQUANTE,A_COMPLETER_PREUVES_SSI,A_VERIFIER,MANQUANTE,B1: référence de preuve absente | B2: référence de preuve absente | B3: référence de preuve absente | B4: référence de preuve absente | B5: référence de preuve absente | B6: référence de preuve absente | B7: référence de preuve absente | exclusions non vérifiées | preuve du contrôle des exclusions absente
RN5.F,Risanamento S.p.A.            A,Allemagne,64241728.0,24046000.0,2350000.0,-26464000.0,6134375.0,369.333,-0.18298,0.111,1800844234.0,Yahoo Finance / yfinance get_info,2026-10-08,0.0,138.05970750910123,111.2582710385455,True,MANQUANTE,MANQUANTE,MANQUANTE,MANQUANTE,MANQUANTE,MANQUANTE,MANQUANTE,MANQUANTE,MANQUANTE,MANQUANTE,MANQUANTE,MANQUANTE,MANQUANTE,MANQUANTE,MANQUANTE,A_COMPLETER_PREUVES_SSI,A_VERIFIER,MANQUANTE,B1: référence de preuve absente | B2: référence de preuve absente | B3: référence de preuve absente | B4: référence de preuve absente | B5: référence de preuve absente | B6: référence de preuve absente | B7: référence de preuve absente | exclusions non vérifiées | preuve du contrôle des exclusions absente
60Z.F,Banqup Group S.A.             A,Allemagne,64255064.0,4992000.0,51363000.0,-29713000.0,-13015375.0,0.06,0.54708,0.14317,37141654.0,Yahoo Finance / yfinance get_info,2026-10-08,0.0,-18.009473692655387,-33.46153528732649,False,MANQUANTE,MANQUANTE,MANQUANTE,MANQUANTE,MANQUANTE,MANQUANTE,MANQUANTE,MANQUANTE,MANQUANTE,MANQUANTE,MANQUANTE,MANQUANTE,MANQUANTE,MANQUANTE,MANQUANTE,A_COMPLETER_PREUVES_SSI,A_VERIFIER,MANQUANTE,B1: référence de preuve absente | B2: référence de preuve absente | B3: référence de preuve absente | B4: référence de preuve absente | B5: référence de preuve absente | B6: référence de preuve absente | B7: référence de preuve absente | exclusions non vérifiées | preuve du contrôle des exclusions absente
7SS.F,Brii Biosciences Ltd.         R,Allemagne,64274924.0,1769328000.0,6177000.0,-261888992.0,-173876256.0,,1.0,0.050679997,722190115.0,Yahoo Finance / yfinance get_info,2026-10-08,0.0,-12.745094888258825,-37.32394462266956,False,MANQUANTE,MANQUANTE,MANQUANTE,MANQUANTE,MANQUANTE,MANQUANTE,MANQUANTE,MANQUANTE,MANQUANTE,MANQUANTE,MANQUANTE,MANQUANTE,MANQUANTE,MANQUANTE,MANQUANTE,A_COMPLETER_PREUVES_SSI,A_VERIFIER,MANQUANTE,B1: référence de preuve absente | B2: référence de preuve absente | B3: référence de preuve absente | B4: référence de preuve absente | B5: référence de preuve absente | B6: référence de preuve absente | B7: référence de preuve absente | exclusions non vérifiées | preuve du contrôle des exclusions absente
TS6.F,TELESTE CORP.                 R,Allemagne,64328116.0,9351000.0,32295000.0,7465000.0,1432750.0,-0.033,0.54087,0.56848997,18331502.0,Yahoo Finance / yfinance get_info,2026-10-08,0.0,-3.4285681588309136,0.0,False,MANQUANTE,MANQUANTE,MANQUANTE,MANQUANTE,MANQUANTE,MANQUANTE,MANQUANTE,MANQUANTE,MANQUANTE,MANQUANTE,MANQUANTE,MANQUANTE,MANQUANTE,MANQUANTE,MANQUANTE,A_COMPLETER_PREUVES_SSI,A_VERIFIER,MANQUANTE,B1: référence de preuve absente | B2: référence de preuve absente | B3: référence de preuve absente | B4: référence de preuve absente | B5: référence de preuve absente | B6: référence de preuve absente | B7: référence de preuve absente | exclusions non vérifiées | preuve du contrôle des exclusions absente
0QZ.F,Alithya Group Inc.            R,Allemagne,64349096.0,13214000.0,135823008.0,31457000.0,21533124.0,-0.154,0.30933002,0.20232001,89438673.0,Yahoo Finance / yfinance get_info,2026-10-08,0.0,8.130083113103058,-20.83332830714786,False,MANQUANTE,MANQUANTE,MANQUANTE,MANQUANTE,MANQUANTE,MANQUANTE,MANQUANTE,MANQUANTE,MANQUANTE,MANQUANTE,MANQUANTE,MANQUANTE,MANQUANTE,MANQUANTE,MANQUANTE,A_COMPLETER_PREUVES_SSI,A_VERIFIER,MANQUANTE,B1: référence de preuve absente | B2: référence de preuve absente | B3: référence de preuve absente | B4: référence de preuve absente | B5: référence de preuve absente | B6: référence de preuve absente | B7: référence de preuve absente | exclusions non vérifiées | preuve du contrôle des exclusions absente
J4O.F,JINHUI SHIPPING AND TRANSP.LTDR,Allemagne,64462776.0,87768000.0,128367000.0,39957000.0,-42359248.0,-0.094,0.43111,0.50019,109258943.0,Yahoo Finance / yfinance get_info,2026-10-08,0.0,13.899607368790967,14.785987435016157,True,MANQUANTE,MANQUANTE,MANQUANTE,MANQUANTE,MANQUANTE,MANQUANTE,MANQUANTE,MANQUANTE,MANQUANTE,MANQUANTE,MANQUANTE,MANQUANTE,MANQUANTE,MANQUANTE,MANQUANTE,A_COMPLETER_PREUVES_SSI,A_VERIFIER,MANQUANTE,B1: référence de preuve absente | B2: référence de preuve absente | B3: référence de preuve absente | B4: référence de preuve absente | B5: référence de preuve absente | B6: référence de preuve absente | B7: référence de preuve absente | exclusions non vérifiées | preuve du contrôle des exclusions absente
RFM0.F,Sensorion S.A.                A,Allemagne,64468360.0,88492000.0,3197000.0,-34399000.0,-17588000.0,0.147,1.0,0.34764,10306692.0,Yahoo Finance / yfinance get_info,2026-10-08,0.0,-42.482757568359375,-62.544911205501386,False,MANQUANTE,MANQUANTE,MANQUANTE,MANQUANTE,MANQUANTE,MANQUANTE,MANQUANTE,MANQUANTE,MANQUANTE,MANQUANTE,MANQUANTE,MANQUANTE,MANQUANTE,MANQUANTE,MANQUANTE,A_COMPLETER_PREUVES_SSI,A_VERIFIER,MANQUANTE,B1: référence de preuve absente | B2: référence de preuve absente | B3: référence de preuve absente | B4: référence de preuve absente | B5: référence de preuve absente | B6: référence de preuve absente | B7: référence de preuve absente | exclusions non vérifiées | preuve du contrôle des exclusions absente
ZMX1.F,WidePoint Corp.               R,Allemagne,64488744.0,10018392.0,4318179.0,1312410.0,4821765.0,0.019,0.14247,0.117410004,9998255.0,Yahoo Finance / yfinance get_info,2026-10-08,0.0,-45.79831919304084,61.24999523162842,False,MANQUANTE,MANQUANTE,MANQUANTE,MANQUANTE,MANQUANTE,MANQUANTE,MANQUANTE,MANQUANTE,MANQUANTE,MANQUANTE,MANQUANTE,MANQUANTE,MANQUANTE,MANQUANTE,MANQUANTE,A_COMPLETER_PREUVES_SSI,A_VERIFIER,MANQUANTE,B1: référence de preuve absente | B2: référence de preuve absente | B3: référence de preuve absente | B4: référence de preuve absente | B5: référence de preuve absente | B6: référence de preuve absente | B7: référence de preuve absente | exclusions non vérifiées | preuve du contrôle des exclusions absente
NS9B.F,NetSol Technologies Inc.      R,Allemagne,64543868.0,27123956.0,9275975.0,8185086.0,8445962.0,0.125,0.52638,0.26033002,11952568.0,Yahoo Finance / yfinance get_info,2026-10-08,0.0,42.85714646135421,88.81119907126791,True,MANQUANTE,MANQUANTE,MANQUANTE,MANQUANTE,MANQUANTE,MANQUANTE,MANQUANTE,MANQUANTE,MANQUANTE,MANQUANTE,MANQUANTE,MANQUANTE,MANQUANTE,MANQUANTE,MANQUANTE,A_COMPLETER_PREUVES_SSI,A_VERIFIER,MANQUANTE,B1: référence de preuve absente | B2: référence de preuve absente | B3: référence de preuve absente | B4: référence de preuve absente | B5: référence de preuve absente | B6: référence de preuve absente | B7: référence de preuve absente | exclusions non vérifiées | preuve du contrôle des exclusions absente
8UK.F,New Zealand Rural Land CompanyR,Allemagne,64593228.0,2214000.0,138870000.0,,8623500.0,0.043,0.93501997,0.45098,146138526.0,Yahoo Finance / yfinance get_info,2026-10-08,0.0,0.9132438732922354,1.3761496109429672,False,MANQUANTE,MANQUANTE,MANQUANTE,MANQUANTE,MANQUANTE,MANQUANTE,MANQUANTE,MANQUANTE,MANQUANTE,MANQUANTE,MANQUANTE,MANQUANTE,MANQUANTE,MANQUANTE,MANQUANTE,A_COMPLETER_PREUVES_SSI,A_VERIFIER,MANQUANTE,B1: référence de preuve absente | B2: référence de preuve absente | B3: référence de preuve absente | B4: référence de preuve absente | B5: référence de preuve absente | B6: référence de preuve absente | B7: référence de preuve absente | exclusions non vérifiées | preuve du contrôle des exclusions absente
6RC.F,ReproCELL Inc.                R,Allemagne,64655340.0,5614000128.0,0.0,-799750016.0,,0.149,0.46266997,0.060289998,97962635.0,Yahoo Finance / yfinance get_info,2026-10-08,0.0,35.80247413238142,-13.15789019632202,True,MANQUANTE,MANQUANTE,MANQUANTE,MANQUANTE,MANQUANTE,MANQUANTE,MANQUANTE,MANQUANTE,MANQUANTE,MANQUANTE,MANQUANTE,MANQUANTE,MANQUANTE,MANQUANTE,MANQUANTE,A_COMPLETER_PREUVES_SSI,A_VERIFIER,MANQUANTE,B1: référence de preuve absente | B2: référence de preuve absente | B3: référence de preuve absente | B4: référence de preuve absente | B5: référence de preuve absente | B6: référence de preuve absente | B7: référence de preuve absente | exclusions non vérifiées | preuve du contrôle des exclusions absente
0FG.F,Advanced Flower Capital Inc.  R,Allemagne,64665080.0,106508624.0,206575328.0,,,,1.0,0.45499,22468755.0,Yahoo Finance / yfinance get_info,2026-10-08,0.0,16.707215226612693,35.88290743685847,True,MANQUANTE,MANQUANTE,MANQUANTE,MANQUANTE,MANQUANTE,MANQUANTE,MANQUANTE,MANQUANTE,MANQUANTE,MANQUANTE,MANQUANTE,MANQUANTE,MANQUANTE,MANQUANTE,MANQUANTE,A_COMPLETER_PREUVES_SSI,A_VERIFIER,MANQUANTE,B1: référence de preuve absente | B2: référence de preuve absente | B3: référence de preuve absente | B4: référence de preuve absente | B5: référence de preuve absente | B6: référence de preuve absente | B7: référence de preuve absente | exclusions non vérifiées | preuve du contrôle des exclusions absente
G7PA.F,Energy Transition Minerals LtdR,Allemagne,64694716.0,41673000.0,0.0,-16182000.0,-7584875.0,,1.0,0.26143,2200500556.0,Yahoo Finance / yfinance get_info,2026-10-08,0.0,-5.161287647814417,-22.22221948464845,False,MANQUANTE,MANQUANTE,MANQUANTE,MANQUANTE,MANQUANTE,MANQUANTE,MANQUANTE,MANQUANTE,MANQUANTE,MANQUANTE,MANQUANTE,MANQUANTE,MANQUANTE,MANQUANTE,MANQUANTE,A_COMPLETER_PREUVES_SSI,A_VERIFIER,MANQUANTE,B1: référence de preuve absente | B2: référence de preuve absente | B3: référence de preuve absente | B4: référence de preuve absente | B5: référence de preuve absente | B6: référence de preuve absente | B7: référence de preuve absente | exclusions non vérifiées | preuve du contrôle des exclusions absente
B1O.F,Bango PLC                     R,Allemagne,64724372.0,5234000.0,20492000.0,6735000.0,4248625.0,0.026,0.85977,0.25922,77052826.0,Yahoo Finance / yfinance get_info,2026-10-08,0.0,9.090908387194265,19.999998297010112,True,MANQUANTE,MANQUANTE,MANQUANTE,MANQUANTE,MANQUANTE,MANQUANTE,MANQUANTE,MANQUANTE,MANQUANTE,MANQUANTE,MANQUANTE,MANQUANTE,MANQUANTE,MANQUANTE,MANQUANTE,A_COMPLETER_PREUVES_SSI,A_VERIFIER,MANQUANTE,B1: référence de preuve absente | B2: référence de preuve absente | B3: référence de preuve absente | B4: référence de preuve absente | B5: référence de preuve absente | B6: référence de preuve absente | B7: référence de preuve absente | exclusions non vérifiées | preuve du contrôle des exclusions absente
4VZ.F,American Tungsten+Antimony LtdR,Allemagne,64878268.0,19494044.0,0.0,-31372522.0,-11175056.0,1.601,1.0,0.10862,1853664739.0,Yahoo Finance / yfinance get_info,2026-10-08,62.39999830722809,75.00000465661299,-31.37254744412941,False,MANQUANTE,MANQUANTE,MANQUANTE,MANQUANTE,MANQUANTE,MANQUANTE,MANQUANTE,MANQUANTE,MANQUANTE,MANQUANTE,MANQUANTE,MANQUANTE,MANQUANTE,MANQUANTE,MANQUANTE,A_COMPLETER_PREUVES_SSI,A_VERIFIER,MANQUANTE,B1: référence de preuve absente | B2: référence de preuve absente | B3: référence de preuve absente | B4: référence de preuve absente | B5: référence de preuve absente | B6: référence de preuve absente | B7: référence de preuve absente | exclusions non vérifiées | preuve du contrôle des exclusions absente
4NI.F,Pulmonx Corp.                 R,Allemagne,65045292.0,55843000.0,56211000.0,-45490000.0,-11744750.0,-0.046,0.77056,0.046409998,42237203.0,Yahoo Finance / yfinance get_info,2026-10-08,0.0,17.55725413128455,30.508477144698976,True,MANQUANTE,MANQUANTE,MANQUANTE,MANQUANTE,MANQUANTE,MANQUANTE,MANQUANTE,MANQUANTE,MANQUANTE,MANQUANTE,MANQUANTE,MANQUANTE,MANQUANTE,MANQUANTE,MANQUANTE,A_COMPLETER_PREUVES_SSI,A_VERIFIER,MANQUANTE,B1: référence de preuve absente | B2: référence de preuve absente | B3: référence de preuve absente | B4: référence de preuve absente | B5: référence de preuve absente | B6: référence de preuve absente | B7: référence de preuve absente | exclusions non vérifiées | preuve du contrôle des exclusions absente
AGE.F,AGFA-GEVAERT N.V.             A,Allemagne,65102032.0,68000000.0,195000000.0,18000000.0,99250000.0,-0.018,0.30233,0.0,154820528.0,Yahoo Finance / yfinance get_info,2026-10-08,0.0,4.601989994426514,-12.93995831747321,False,MANQUANTE,MANQUANTE,MANQUANTE,MANQUANTE,MANQUANTE,MANQUANTE,MANQUANTE,MANQUANTE,MANQUANTE,MANQUANTE,MANQUANTE,MANQUANTE,MANQUANTE,MANQUANTE,MANQUANTE,A_COMPLETER_PREUVES_SSI,A_VERIFIER,MANQUANTE,B1: référence de preuve absente | B2: référence de preuve absente | B3: référence de preuve absente | B4: référence de preuve absente | B5: référence de preuve absente | B6: référence de preuve absente | B7: référence de preuve absente | exclusions non vérifiées | preuve du contrôle des exclusions absente
5NX.F,Nexstim Oyj                   R,Allemagne,65258764.0,5591800.0,3426000.0,894721.0,-151562.0,0.161,0.77015,0.39485002,7234896.0,Yahoo Finance / yfinance get_info,2026-10-08,0.0,-6.237000363129841,1.1210805001615531,False,MANQUANTE,MANQUANTE,MANQUANTE,MANQUANTE,MANQUANTE,MANQUANTE,MANQUANTE,MANQUANTE,MANQUANTE,MANQUANTE,MANQUANTE,MANQUANTE,MANQUANTE,MANQUANTE,MANQUANTE,A_COMPLETER_PREUVES_SSI,A_VERIFIER,MANQUANTE,B1: référence de preuve absente | B2: référence de preuve absente | B3: référence de preuve absente | B4: référence de preuve absente | B5: référence de preuve absente | B6: référence de preuve absente | B7: référence de preuve absente | exclusions non vérifiées | preuve du contrôle des exclusions absente
BJG.F,Beijing Enterprises Env.Gr.LtdR,Allemagne,65265668.0,1569543936.0,4442727936.0,692667008.0,35105876.0,0.042,0.43522,0.51089,1500360150.0,Yahoo Finance / yfinance get_info,2026-10-08,0.0,17.567562669450364,-17.142856940120254,False,MANQUANTE,MANQUANTE,MANQUANTE,MANQUANTE,MANQUANTE,MANQUANTE,MANQUANTE,MANQUANTE,MANQUANTE,MANQUANTE,MANQUANTE,MANQUANTE,MANQUANTE,MANQUANTE,MANQUANTE,A_COMPLETER_PREUVES_SSI,A_VERIFIER,MANQUANTE,B1: référence de preuve absente | B2: référence de preuve absente | B3: référence de preuve absente | B4: référence de preuve absente | B5: référence de preuve absente | B6: référence de preuve absente | B7: référence de preuve absente | exclusions non vérifiées | preuve du contrôle des exclusions absente
609.F,ABIONYX Pharma S.A.           A,Allemagne,65350420.0,3521000.0,3805000.0,-5423000.0,-287375.0,-0.119,0.13143,0.28952,43508936.0,Yahoo Finance / yfinance get_info,2026-10-08,0.0,-16.27647996104501,-57.26884980301471,False,MANQUANTE,MANQUANTE,MANQUANTE,MANQUANTE,MANQUANTE,MANQUANTE,MANQUANTE,MANQUANTE,MANQUANTE,MANQUANTE,MANQUANTE,MANQUANTE,MANQUANTE,MANQUANTE,MANQUANTE,A_COMPLETER_PREUVES_SSI,A_VERIFIER,MANQUANTE,B1: référence de preuve absente | B2: référence de preuve absente | B3: référence de preuve absente | B4: référence de preuve absente | B5: référence de preuve absente | B6: référence de preuve absente | B7: référence de preuve absente | exclusions non vérifiées | preuve du contrôle des exclusions absente
71W.F,Valtecne S.p.A.               A,Allemagne,65373788.0,9659789.0,7523128.0,7227263.0,,0.005,0.62793,0.81837,6109700.0,Yahoo Finance / yfinance get_info,2026-10-08,0.0,-2.727274461226026,44.59459015363501,True,MANQUANTE,MANQUANTE,MANQUANTE,MANQUANTE,MANQUANTE,MANQUANTE,MANQUANTE,MANQUANTE,MANQUANTE,MANQUANTE,MANQUANTE,MANQUANTE,MANQUANTE,MANQUANTE,MANQUANTE,A_COMPLETER_PREUVES_SSI,A_VERIFIER,MANQUANTE,B1: référence de preuve absente | B2: référence de preuve absente | B3: référence de preuve absente | B4: référence de preuve absente | B5: référence de preuve absente | B6: référence de preuve absente | B7: référence de preuve absente | exclusions non vérifiées | preuve du contrôle des exclusions absente
WAB0.F,Articore Group Ltd.           R,Allemagne,65536620.0,40459000.0,4314000.0,10328000.0,11816250.0,-0.1,0.28452998,0.34691003,306245897.0,Yahoo Finance / yfinance get_info,2026-10-08,0.0,37.17948534255906,84.48276526508396,True,MANQUANTE,MANQUANTE,MANQUANTE,MANQUANTE,MANQUANTE,MANQUANTE,MANQUANTE,MANQUANTE,MANQUANTE,MANQUANTE,MANQUANTE,MANQUANTE,MANQUANTE,MANQUANTE,MANQUANTE,A_COMPLETER_PREUVES_SSI,A_VERIFIER,MANQUANTE,B1: référence de preuve absente | B2: référence de preuve absente | B3: référence de preuve absente | B4: référence de preuve absente | B5: référence de preuve absente | B6: référence de preuve absente | B7: référence de preuve absente | exclusions non vérifiées | preuve du contrôle des exclusions absente
M26.F,SPARQ Systems Inc.            R,Allemagne,65730652.0,4147995.0,341917.0,-4477921.0,-1056135.0,5.044,0.0191,0.23739,118433609.0,Yahoo Finance / yfinance get_info,2026-10-08,0.0,-18.978101427613904,33.41346050518948,False,MANQUANTE,MANQUANTE,MANQUANTE,MANQUANTE,MANQUANTE,MANQUANTE,MANQUANTE,MANQUANTE,MANQUANTE,MANQUANTE,MANQUANTE,MANQUANTE,MANQUANTE,MANQUANTE,MANQUANTE,A_COMPLETER_PREUVES_SSI,A_VERIFIER,MANQUANTE,B1: référence de preuve absente | B2: référence de preuve absente | B3: référence de preuve absente | B4: référence de preuve absente | B5: référence de preuve absente | B6: référence de preuve absente | B7: référence de preuve absente | exclusions non vérifiées | preuve du contrôle des exclusions absente
HIH.SG,High Co.,Allemagne,65792652.0,100495000.0,29315000.0,1308000.0,36827376.0,0.28,0.13048,0.57118,19817065.0,Yahoo Finance / yfinance get_info,2026-10-08,0.0,-6.214690140704682,-7.2625697207865265,False,MANQUANTE,MANQUANTE,MANQUANTE,MANQUANTE,MANQUANTE,MANQUANTE,MANQUANTE,MANQUANTE,MANQUANTE,MANQUANTE,MANQUANTE,MANQUANTE,MANQUANTE,MANQUANTE,MANQUANTE,A_COMPLETER_PREUVES_SSI,A_VERIFIER,MANQUANTE,B1: référence de preuve absente | B2: référence de preuve absente | B3: référence de preuve absente | B4: référence de preuve absente | B5: référence de preuve absente | B6: référence de preuve absente | B7: référence de preuve absente | exclusions non vérifiées | preuve du contrôle des exclusions absente
4YYA.F,Kaldvik AS                    N,Allemagne,65961184.0,3333000.0,199683008.0,-37957000.0,-19589500.0,0.473,0.14039999,0.95158994,168268335.0,Yahoo Finance / yfinance get_info,2026-10-08,0.0,-14.035090012490182,17.3652694076476,False,MANQUANTE,MANQUANTE,MANQUANTE,MANQUANTE,MANQUANTE,MANQUANTE,MANQUANTE,MANQUANTE,MANQUANTE,MANQUANTE,MANQUANTE,MANQUANTE,MANQUANTE,MANQUANTE,MANQUANTE,A_COMPLETER_PREUVES_SSI,A_VERIFIER,MANQUANTE,B1: référence de preuve absente | B2: référence de preuve absente | B3: référence de preuve absente | B4: référence de preuve absente | B5: référence de preuve absente | B6: référence de preuve absente | B7: référence de preuve absente | exclusions non vérifiées | preuve du contrôle des exclusions absente
DX4.F,Harboes Bryggeri AS           N,Allemagne,66042372.0,4913000.0,296316992.0,114856000.0,-54303376.0,0.046,0.20389,0.0,3582658.0,Yahoo Finance / yfinance get_info,2026-10-08,0.0,8.160444689231117,4.26666895548502,True,MANQUANTE,MANQUANTE,MANQUANTE,MANQUANTE,MANQUANTE,MANQUANTE,MANQUANTE,MANQUANTE,MANQUANTE,MANQUANTE,MANQUANTE,MANQUANTE,MANQUANTE,MANQUANTE,MANQUANTE,A_COMPLETER_PREUVES_SSI,A_VERIFIER,MANQUANTE,B1: référence de preuve absente | B2: référence de preuve absente | B3: référence de preuve absente | B4: référence de preuve absente | B5: référence de preuve absente | B6: référence de preuve absente | B7: référence de preuve absente | exclusions non vérifiées | preuve du contrôle des exclusions absente
609.SG,Cerenis Therapeutics Holdings S,Allemagne,66046564.0,3521000.0,3805000.0,-5423000.0,-287375.0,-0.119,0.13143,0.28952,43508936.0,Yahoo Finance / yfinance get_info,2026-10-08,14552.724134206772,-17.230097394770016,-58.91745509874755,False,MANQUANTE,MANQUANTE,MANQUANTE,MANQUANTE,MANQUANTE,MANQUANTE,MANQUANTE,MANQUANTE,MANQUANTE,MANQUANTE,MANQUANTE,MANQUANTE,MANQUANTE,MANQUANTE,MANQUANTE,A_COMPLETER_PREUVES_SSI,A_VERIFIER,MANQUANTE,B1: référence de preuve absente | B2: référence de preuve absente | B3: référence de preuve absente | B4: référence de preuve absente | B5: référence de preuve absente | B6: référence de preuve absente | B7: référence de preuve absente | exclusions non vérifiées | preuve du contrôle des exclusions absente
RFM0.SG,Sensorion S.A.,Allemagne,66117428.0,88492000.0,3197000.0,-34399000.0,-17588000.0,0.147,1.0,0.34764,10306692.0,Yahoo Finance / yfinance get_info,2026-10-08,6066.9000816345215,-50.3675058631601,-66.84754607035426,False,MANQUANTE,MANQUANTE,MANQUANTE,MANQUANTE,MANQUANTE,MANQUANTE,MANQUANTE,MANQUANTE,MANQUANTE,MANQUANTE,MANQUANTE,MANQUANTE,MANQUANTE,MANQUANTE,MANQUANTE,A_COMPLETER_PREUVES_SSI,A_VERIFIER,MANQUANTE,B1: référence de preuve absente | B2: référence de preuve absente | B3: référence de preuve absente | B4: référence de preuve absente | B5: référence de preuve absente | B6: référence de preuve absente | B7: référence de preuve absente | exclusions non vérifiées | preuve du contrôle des exclusions absente
YKK.F,Boreo Oyj                     R,Allemagne,66125820.0,5200000.0,36400000.0,7800000.0,7275000.0,0.122,0.28833,0.83641,2699013.0,Yahoo Finance / yfinance get_info,2026-10-08,0.0,29.973472170772155,48.48484848484848,True,MANQUANTE,MANQUANTE,MANQUANTE,MANQUANTE,MANQUANTE,MANQUANTE,MANQUANTE,MANQUANTE,MANQUANTE,MANQUANTE,MANQUANTE,MANQUANTE,MANQUANTE,MANQUANTE,MANQUANTE,A_COMPLETER_PREUVES_SSI,A_VERIFIER,MANQUANTE,B1: référence de preuve absente | B2: référence de preuve absente | B3: référence de preuve absente | B4: référence de preuve absente | B5: référence de preuve absente | B6: référence de preuve absente | B7: référence de preuve absente | exclusions non vérifiées | preuve du contrôle des exclusions absente
HCY.F,Holland Colours N.V.          A,Allemagne,66247028.0,10199000.0,864000.0,7693000.0,-2874125.0,-0.06,0.44789,0.68693,860351.0,Yahoo Finance / yfinance get_info,2026-10-08,0.0,-1.2820512820512775,-9.941520467836265,False,MANQUANTE,MANQUANTE,MANQUANTE,MANQUANTE,MANQUANTE,MANQUANTE,MANQUANTE,MANQUANTE,MANQUANTE,MANQUANTE,MANQUANTE,MANQUANTE,MANQUANTE,MANQUANTE,MANQUANTE,A_COMPLETER_PREUVES_SSI,A_VERIFIER,MANQUANTE,B1: référence de preuve absente | B2: référence de preuve absente | B3: référence de preuve absente | B4: référence de preuve absente | B5: référence de preuve absente | B6: référence de preuve absente | B7: référence de preuve absente | exclusions non vérifiées | preuve du contrôle des exclusions absente
PSX.F,Daphne International Hldgs LtdR,Allemagne,66279700.0,559984000.0,5221000.0,121779000.0,61388248.0,-0.096,0.51431,0.47996,1978498429.0,Yahoo Finance / yfinance get_info,2026-10-08,0.0,-9.45945837098897,-23.86363405457212,False,MANQUANTE,MANQUANTE,MANQUANTE,MANQUANTE,MANQUANTE,MANQUANTE,MANQUANTE,MANQUANTE,MANQUANTE,MANQUANTE,MANQUANTE,MANQUANTE,MANQUANTE,MANQUANTE,MANQUANTE,A_COMPLETER_PREUVES_SSI,A_VERIFIER,MANQUANTE,B1: référence de preuve absente | B2: référence de preuve absente | B3: référence de preuve absente | B4: référence de preuve absente | B5: référence de preuve absente | B6: référence de preuve absente | B7: référence de preuve absente | exclusions non vérifiées | preuve du contrôle des exclusions absente
T4M.F,Edil San Felice S.p.A. Soc.BenA,Allemagne,66285932.0,12541566.0,6326703.0,10079520.0,5071634.0,0.383,0.49912,0.83980006,0.0,Yahoo Finance / yfinance get_info,2026-10-08,0.0,-18.09955151416293,-14.21800792566673,False,MANQUANTE,MANQUANTE,MANQUANTE,MANQUANTE,MANQUANTE,MANQUANTE,MANQUANTE,MANQUANTE,MANQUANTE,MANQUANTE,MANQUANTE,MANQUANTE,MANQUANTE,MANQUANTE,MANQUANTE,A_COMPLETER_PREUVES_SSI,A_VERIFIER,MANQUANTE,B1: référence de preuve absente | B2: référence de preuve absente | B3: référence de preuve absente | B4: référence de preuve absente | B5: référence de preuve absente | B6: référence de preuve absente | B7: référence de preuve absente | exclusions non vérifiées | preuve du contrôle des exclusions absente
UE22.F,Big Sky Industrial Inc.       R,Allemagne,66446944.0,6103000.0,4812000.0,-7019000.0,-23102876.0,0.047,0.36924,0.32568002,52320429.0,Yahoo Finance / yfinance get_info,2026-10-08,0.0,30.92782922348054,109.5709518045306,True,MANQUANTE,MANQUANTE,MANQUANTE,MANQUANTE,MANQUANTE,MANQUANTE,MANQUANTE,MANQUANTE,MANQUANTE,MANQUANTE,MANQUANTE,MANQUANTE,MANQUANTE,MANQUANTE,MANQUANTE,A_COMPLETER_PREUVES_SSI,A_VERIFIER,MANQUANTE,B1: référence de preuve absente | B2: référence de preuve absente | B3: référence de preuve absente | B4: référence de preuve absente | B5: référence de preuve absente | B6: référence de preuve absente | B7: référence de preuve absente | exclusions non vérifiées | preuve du contrôle des exclusions absente
SG9.F,Strix Group PLC               R,Allemagne,66495444.0,12697000.0,88701000.0,12843200.0,,-0.053,0.27578,0.25368,197903107.0,Yahoo Finance / yfinance get_info,2026-10-08,0.0,-16.000002384185752,-23.636364252114102,False,MANQUANTE,MANQUANTE,MANQUANTE,MANQUANTE,MANQUANTE,MANQUANTE,MANQUANTE,MANQUANTE,MANQUANTE,MANQUANTE,MANQUANTE,MANQUANTE,MANQUANTE,MANQUANTE,MANQUANTE,A_COMPLETER_PREUVES_SSI,A_VERIFIER,MANQUANTE,B1: référence de preuve absente | B2: référence de preuve absente | B3: référence de preuve absente | B4: référence de preuve absente | B5: référence de preuve absente | B6: référence de preuve absente | B7: référence de preuve absente | exclusions non vérifiées | preuve du contrôle des exclusions absente
J9B.SG,Benakat Petroleum Energy Tbk,Allemagne,66573920.0,271658272.0,501959104.0,49761436.0,284833248.0,-0.319,0.24709,0.26454002,60059379917.0,Yahoo Finance / yfinance get_info,2026-10-08,0.0,0.0,0.0,False,MANQUANTE,MANQUANTE,MANQUANTE,MANQUANTE,MANQUANTE,MANQUANTE,MANQUANTE,MANQUANTE,MANQUANTE,MANQUANTE,MANQUANTE,MANQUANTE,MANQUANTE,MANQUANTE,MANQUANTE,A_COMPLETER_PREUVES_SSI,A_VERIFIER,MANQUANTE,B1: référence de preuve absente | B2: référence de preuve absente | B3: référence de preuve absente | B4: référence de preuve absente | B5: référence de preuve absente | B6: référence de preuve absente | B7: référence de preuve absente | exclusions non vérifiées | preuve du contrôle des exclusions absente
7YR.F,Kaiser Reef Ltd.              R,Allemagne,66585460.0,37047352.0,10214111.0,49179928.0,5021808.0,1.079,0.19957,0.41384998,605322399.0,Yahoo Finance / yfinance get_info,2026-10-08,0.0,-5.98290543863097,-23.611108236658595,False,MANQUANTE,MANQUANTE,MANQUANTE,MANQUANTE,MANQUANTE,MANQUANTE,MANQUANTE,MANQUANTE,MANQUANTE,MANQUANTE,MANQUANTE,MANQUANTE,MANQUANTE,MANQUANTE,MANQUANTE,A_COMPLETER_PREUVES_SSI,A_VERIFIER,MANQUANTE,B1: référence de preuve absente | B2: référence de preuve absente | B3: référence de preuve absente | B4: référence de preuve absente | B5: référence de preuve absente | B6: référence de preuve absente | B7: référence de preuve absente | exclusions non vérifiées | preuve du contrôle des exclusions absente
FOU1.F,FOUNDER HOLDINGS LTD.         R,Allemagne,66593568.0,756718976.0,1102000.0,17381000.0,-2557500.0,-0.024,0.5116,0.48459998,1148164993.0,Yahoo Finance / yfinance get_info,2026-10-08,0.0,-0.8547025963809074,-20.0,False,MANQUANTE,MANQUANTE,MANQUANTE,MANQUANTE,MANQUANTE,MANQUANTE,MANQUANTE,MANQUANTE,MANQUANTE,MANQUANTE,MANQUANTE,MANQUANTE,MANQUANTE,MANQUANTE,MANQUANTE,A_COMPLETER_PREUVES_SSI,A_VERIFIER,MANQUANTE,B1: référence de preuve absente | B2: référence de preuve absente | B3: référence de preuve absente | B4: référence de preuve absente | B5: référence de preuve absente | B6: référence de preuve absente | B7: référence de preuve absente | exclusions non vérifiées | preuve du contrôle des exclusions absente
7EJ.F,Western Bulk Chartering AS    N,Allemagne,66761252.0,17311000.0,0.0,-3423000.0,-6205750.0,0.129,0.01854,0.10787,32726104.0,Yahoo Finance / yfinance get_info,2026-10-08,0.0,8.7999979654948,25.53845919095552,True,MANQUANTE,MANQUANTE,MANQUANTE,MANQUANTE,MANQUANTE,MANQUANTE,MANQUANTE,MANQUANTE,MANQUANTE,MANQUANTE,MANQUANTE,MANQUANTE,MANQUANTE,MANQUANTE,MANQUANTE,A_COMPLETER_PREUVES_SSI,A_VERIFIER,MANQUANTE,B1: référence de preuve absente | B2: référence de preuve absente | B3: référence de preuve absente | B4: référence de preuve absente | B5: référence de preuve absente | B6: référence de preuve absente | B7: référence de preuve absente | exclusions non vérifiées | preuve du contrôle des exclusions absente
4YL.F,Nanoform Finland Oyj          R,Allemagne,66888784.0,19031000.0,6427000.0,-14623000.0,-7748125.0,0.162,0.90467,0.23281,85754853.0,Yahoo Finance / yfinance get_info,2026-10-08,0.0,-1.5151545939038449,40.28776608221239,False,MANQUANTE,MANQUANTE,MANQUANTE,MANQUANTE,MANQUANTE,MANQUANTE,MANQUANTE,MANQUANTE,MANQUANTE,MANQUANTE,MANQUANTE,MANQUANTE,MANQUANTE,MANQUANTE,MANQUANTE,A_COMPLETER_PREUVES_SSI,A_VERIFIER,MANQUANTE,B1: référence de preuve absente | B2: référence de preuve absente | B3: référence de preuve absente | B4: référence de preuve absente | B5: référence de preuve absente | B6: référence de preuve absente | B7: référence de preuve absente | exclusions non vérifiées | preuve du contrôle des exclusions absente
O7U.F,Stakk Ltd.                    R,Allemagne,66975700.0,17521064.0,0.0,-1827179.0,1429066.0,9.289,0.72600996,0.16283001,6378638538.0,Yahoo Finance / yfinance get_info,2026-10-08,0.0,-12.500001940255345,74.99999611948931,,MANQUANTE,MANQUANTE,MANQUANTE,MANQUANTE,MANQUANTE,MANQUANTE,MANQUANTE,MANQUANTE,MANQUANTE,MANQUANTE,MANQUANTE,MANQUANTE,MANQUANTE,MANQUANTE,MANQUANTE,A_COMPLETER_PREUVES_SSI,A_VERIFIER,MANQUANTE,B1: référence de preuve absente | B2: référence de preuve absente | B3: référence de preuve absente | B4: référence de preuve absente | B5: référence de preuve absente | B6: référence de preuve absente | B7: référence de preuve absente | exclusions non vérifiées | preuve du contrôle des exclusions absente
S83.F,LBG Media PLC                 R,Allemagne,67017660.0,28438000.0,14302000.0,14702000.0,2649500.0,0.192,0.26424998,0.62377,209079740.0,Yahoo Finance / yfinance get_info,2026-10-08,0.0,-16.759776722339016,-49.91596747249472,False,MANQUANTE,MANQUANTE,MANQUANTE,MANQUANTE,MANQUANTE,MANQUANTE,MANQUANTE,MANQUANTE,MANQUANTE,MANQUANTE,MANQUANTE,MANQUANTE,MANQUANTE,MANQUANTE,MANQUANTE,A_COMPLETER_PREUVES_SSI,A_VERIFIER,MANQUANTE,B1: référence de preuve absente | B2: référence de preuve absente | B3: référence de preuve absente | B4: référence de preuve absente | B5: référence de preuve absente | B6: référence de preuve absente | B7: référence de preuve absente | exclusions non vérifiées | preuve du contrôle des exclusions absente
V7A0.F,SkinHealth Systems Inc.       R,Allemagne,67022488.0,204074000.0,367040992.0,20082000.0,27475750.0,-0.078,0.66350996,0.13029,130140763.0,Yahoo Finance / yfinance get_info,2026-10-08,0.0,-28.965521550490227,-37.57575840770488,False,MANQUANTE,MANQUANTE,MANQUANTE,MANQUANTE,MANQUANTE,MANQUANTE,MANQUANTE,MANQUANTE,MANQUANTE,MANQUANTE,MANQUANTE,MANQUANTE,MANQUANTE,MANQUANTE,MANQUANTE,A_COMPLETER_PREUVES_SSI,A_VERIFIER,MANQUANTE,B1: référence de preuve absente | B2: référence de preuve absente | B3: référence de preuve absente | B4: référence de preuve absente | B5: référence de preuve absente | B6: référence de preuve absente | B7: référence de preuve absente | exclusions non vérifiées | preuve du contrôle des exclusions absente
WTT0.F,Elevate Uranium Ltd.          R,Allemagne,67058768.0,28820548.0,322224.0,-16832296.0,-12129501.0,,1.0,0.14706999,471580671.0,Yahoo Finance / yfinance get_info,2026-10-08,0.0,1.5714232343800427,-22.210067250866107,False,MANQUANTE,MANQUANTE,MANQUANTE,MANQUANTE,MANQUANTE,MANQUANTE,MANQUANTE,MANQUANTE,MANQUANTE,MANQUANTE,MANQUANTE,MANQUANTE,MANQUANTE,MANQUANTE,MANQUANTE,A_COMPLETER_PREUVES_SSI,A_VERIFIER,MANQUANTE,B1: référence de preuve absente | B2: référence de preuve absente | B3: référence de preuve absente | B4: référence de preuve absente | B5: référence de preuve absente | B6: référence de preuve absente | B7: référence de preuve absente | exclusions non vérifiées | preuve du contrôle des exclusions absente
NYA1.F,Corero Network Security PLC   R,Allemagne,67329424.0,2103000.0,388000.0,3959000.0,-1224000.0,0.423,0.91665,0.72743,512165134.0,Yahoo Finance / yfinance get_info,2026-10-08,0.0,28.81355860858177,-3.3898310435636736,True,MANQUANTE,MANQUANTE,MANQUANTE,MANQUANTE,MANQUANTE,MANQUANTE,MANQUANTE,MANQUANTE,MANQUANTE,MANQUANTE,MANQUANTE,MANQUANTE,MANQUANTE,MANQUANTE,MANQUANTE,A_COMPLETER_PREUVES_SSI,A_VERIFIER,MANQUANTE,B1: référence de preuve absente | B2: référence de preuve absente | B3: référence de preuve absente | B4: référence de preuve absente | B5: référence de preuve absente | B6: référence de preuve absente | B7: référence de preuve absente | exclusions non vérifiées | preuve du contrôle des exclusions absente
G5O.F,Gascogne S.A.                 A,Allemagne,67379304.0,37114000.0,273931008.0,7087000.0,-37970376.0,-0.024,0.48923,0.86303,37642072.0,Yahoo Finance / yfinance get_info,2026-10-08,0.0,-7.253885466305676,-18.63636713382619,False,MANQUANTE,MANQUANTE,MANQUANTE,MANQUANTE,MANQUANTE,MANQUANTE,MANQUANTE,MANQUANTE,MANQUANTE,MANQUANTE,MANQUANTE,MANQUANTE,MANQUANTE,MANQUANTE,MANQUANTE,A_COMPLETER_PREUVES_SSI,A_VERIFIER,MANQUANTE,B1: référence de preuve absente | B2: référence de preuve absente | B3: référence de preuve absente | B4: référence de preuve absente | B5: référence de preuve absente | B6: référence de preuve absente | B7: référence de preuve absente | exclusions non vérifiées | preuve du contrôle des exclusions absente
77P.F,WE Connect                    A,Allemagne,67439008.0,48058000.0,20360326.0,42047480.0,-31147020.0,0.551,0.09585,0.71359,2984027.0,Yahoo Finance / yfinance get_info,2026-10-08,0.0,-13.076921609731816,-1.3100403583316766,False,MANQUANTE,MANQUANTE,MANQUANTE,MANQUANTE,MANQUANTE,MANQUANTE,MANQUANTE,MANQUANTE,MANQUANTE,MANQUANTE,MANQUANTE,MANQUANTE,MANQUANTE,MANQUANTE,MANQUANTE,A_COMPLETER_PREUVES_SSI,A_VERIFIER,MANQUANTE,B1: référence de preuve absente | B2: référence de preuve absente | B3: référence de preuve absente | B4: référence de preuve absente | B5: référence de preuve absente | B6: référence de preuve absente | B7: référence de preuve absente | exclusions non vérifiées | preuve du contrôle des exclusions absente
TSS.F,INNOTEC TSS AG                I,Allemagne,67468504.0,12565000.0,16838000.0,13660000.0,-7782375.0,0.02,0.70072,0.53062,9570000.0,Yahoo Finance / yfinance get_info,2026-10-08,0.0,-6.622516388987454,-5.369122533839754,False,MANQUANTE,MANQUANTE,MANQUANTE,MANQUANTE,MANQUANTE,MANQUANTE,MANQUANTE,MANQUANTE,MANQUANTE,MANQUANTE,MANQUANTE,MANQUANTE,MANQUANTE,MANQUANTE,MANQUANTE,A_COMPLETER_PREUVES_SSI,A_VERIFIER,MANQUANTE,B1: référence de preuve absente | B2: référence de preuve absente | B3: référence de preuve absente | B4: référence de preuve absente | B5: référence de preuve absente | B6: référence de preuve absente | B7: référence de preuve absente | exclusions non vérifiées | preuve du contrôle des exclusions absente
DCV.F,ADVANEX INC.                  R,Allemagne,67731312.0,5509000192.0,15477000192.0,2794249984.0,,0.082,0.24070999,0.52996,4104928.0,Yahoo Finance / yfinance get_info,2026-10-08,0.0,14.583336368755129,70.98446271765764,True,MANQUANTE,MANQUANTE,MANQUANTE,MANQUANTE,MANQUANTE,MANQUANTE,MANQUANTE,MANQUANTE,MANQUANTE,MANQUANTE,MANQUANTE,MANQUANTE,MANQUANTE,MANQUANTE,MANQUANTE,A_COMPLETER_PREUVES_SSI,A_VERIFIER,MANQUANTE,B1: référence de preuve absente | B2: référence de preuve absente | B3: référence de preuve absente | B4: référence de preuve absente | B5: référence de preuve absente | B6: référence de preuve absente | B7: référence de preuve absente | exclusions non vérifiées | preuve du contrôle des exclusions absente
YAJ1.F,Pilbara Gold Ltd.             R,Allemagne,67864648.0,27527796.0,15690.0,-3892941.0,-17509370.0,0.296,1.0,0.14533,234016028.0,Yahoo Finance / yfinance get_info,2026-10-08,0.0,3.5714251502436234,-15.179877373769424,False,MANQUANTE,MANQUANTE,MANQUANTE,MANQUANTE,MANQUANTE,MANQUANTE,MANQUANTE,MANQUANTE,MANQUANTE,MANQUANTE,MANQUANTE,MANQUANTE,MANQUANTE,MANQUANTE,MANQUANTE,A_COMPLETER_PREUVES_SSI,A_VERIFIER,MANQUANTE,B1: référence de preuve absente | B2: référence de preuve absente | B3: référence de preuve absente | B4: référence de preuve absente | B5: référence de preuve absente | B6: référence de preuve absente | B7: référence de preuve absente | exclusions non vérifiées | preuve du contrôle des exclusions absente
MB01.F,Scully Royalty Ltd.           R,Allemagne,67909528.0,54819000.0,39285000.0,-235000.0,10186750.0,0.026,0.65016997,0.71198,15226351.0,Yahoo Finance / yfinance get_info,2026-10-08,0.0,1.8264822286715,-25.66666603088379,False,MANQUANTE,MANQUANTE,MANQUANTE,MANQUANTE,MANQUANTE,MANQUANTE,MANQUANTE,MANQUANTE,MANQUANTE,MANQUANTE,MANQUANTE,MANQUANTE,MANQUANTE,MANQUANTE,MANQUANTE,A_COMPLETER_PREUVES_SSI,A_VERIFIER,MANQUANTE,B1: référence de preuve absente | B2: référence de preuve absente | B3: référence de preuve absente | B4: référence de preuve absente | B5: référence de preuve absente | B6: référence de preuve absente | B7: référence de preuve absente | exclusions non vérifiées | preuve du contrôle des exclusions absente
VEK.F,Veritone Inc                  R,Allemagne,68090848.0,12424000.0,47818000.0,-58133000.0,-18050876.0,0.046,0.66196996,0.08696,101628127.0,Yahoo Finance / yfinance get_info,2026-10-08,0.0,-33.66336405785593,-61.04651130554546,False,MANQUANTE,MANQUANTE,MANQUANTE,MANQUANTE,MANQUANTE,MANQUANTE,MANQUANTE,MANQUANTE,MANQUANTE,MANQUANTE,MANQUANTE,MANQUANTE,MANQUANTE,MANQUANTE,MANQUANTE,A_COMPLETER_PREUVES_SSI,A_VERIFIER,MANQUANTE,B1: référence de preuve absente | B2: référence de preuve absente | B3: référence de preuve absente | B4: référence de preuve absente | B5: référence de preuve absente | B6: référence de preuve absente | B7: référence de preuve absente | exclusions non vérifiées | preuve du contrôle des exclusions absente
6MR1.F,Kuya Silver Corp.             R,Allemagne,68202520.0,25533978.0,0.0,-5165389.0,-4194831.0,0.077,-0.28469,0.06836,195143114.0,Yahoo Finance / yfinance get_info,2026-10-08,0.0,-15.272725932854248,-29.819276441497355,False,MANQUANTE,MANQUANTE,MANQUANTE,MANQUANTE,MANQUANTE,MANQUANTE,MANQUANTE,MANQUANTE,MANQUANTE,MANQUANTE,MANQUANTE,MANQUANTE,MANQUANTE,MANQUANTE,MANQUANTE,A_COMPLETER_PREUVES_SSI,A_VERIFIER,MANQUANTE,B1: référence de preuve absente | B2: référence de preuve absente | B3: référence de preuve absente | B4: référence de preuve absente | B5: référence de preuve absente | B6: référence de preuve absente | B7: référence de preuve absente | exclusions non vérifiées | preuve du contrôle des exclusions absente
0CG.F,Chegg Inc.                    R,Allemagne,68448440.0,72314000.0,50719000.0,81255000.0,50036876.0,-0.507,0.64845,0.03746,111027482.0,Yahoo Finance / yfinance get_info,2026-10-08,0.0,-14.553009348966084,-20.60527615872506,False,MANQUANTE,MANQUANTE,MANQUANTE,MANQUANTE,MANQUANTE,MANQUANTE,MANQUANTE,MANQUANTE,MANQUANTE,MANQUANTE,MANQUANTE,MANQUANTE,MANQUANTE,MANQUANTE,MANQUANTE,A_COMPLETER_PREUVES_SSI,A_VERIFIER,MANQUANTE,B1: référence de preuve absente | B2: référence de preuve absente | B3: référence de preuve absente | B4: référence de preuve absente | B5: référence de preuve absente | B6: référence de preuve absente | B7: référence de preuve absente | exclusions non vérifiées | preuve du contrôle des exclusions absente
1BN.F,Abitare In S.p.A.             A,Allemagne,68504448.0,10292440.0,152903248.0,6663440.0,52162588.0,4.357,0.13849,0.5087,25561360.0,Yahoo Finance / yfinance get_info,2026-10-08,0.0,-5.96490679171735,-3.942648623649692,False,MANQUANTE,MANQUANTE,MANQUANTE,MANQUANTE,MANQUANTE,MANQUANTE,MANQUANTE,MANQUANTE,MANQUANTE,MANQUANTE,MANQUANTE,MANQUANTE,MANQUANTE,MANQUANTE,MANQUANTE,A_COMPLETER_PREUVES_SSI,A_VERIFIER,MANQUANTE,B1: référence de preuve absente | B2: référence de preuve absente | B3: référence de preuve absente | B4: référence de preuve absente | B5: référence de preuve absente | B6: référence de preuve absente | B7: référence de preuve absente | exclusions non vérifiées | preuve du contrôle des exclusions absente
7ZL.F,Invesque Inc.                 R,Allemagne,68513920.0,10206000.0,6418000.0,-1711000.0,111219624.0,-0.9,0.30838,0.01991,913518837.0,Yahoo Finance / yfinance get_info,2026-10-08,0.0,21.951220989605467,2.0408204640181005,True,MANQUANTE,MANQUANTE,MANQUANTE,MANQUANTE,MANQUANTE,MANQUANTE,MANQUANTE,MANQUANTE,MANQUANTE,MANQUANTE,MANQUANTE,MANQUANTE,MANQUANTE,MANQUANTE,MANQUANTE,A_COMPLETER_PREUVES_SSI,A_VERIFIER,MANQUANTE,B1: référence de preuve absente | B2: référence de preuve absente | B3: référence de preuve absente | B4: référence de preuve absente | B5: référence de preuve absente | B6: référence de preuve absente | B7: référence de preuve absente | exclusions non vérifiées | preuve du contrôle des exclusions absente
H8A.F,Haivision Systems Inc.        R,Allemagne,68537840.0,19726772.0,19624368.0,1697178.0,14476766.0,-0.014,0.70552003,0.32658002,26772594.0,Yahoo Finance / yfinance get_info,2026-10-08,0.0,-26.011563163144736,-37.56097555302353,False,MANQUANTE,MANQUANTE,MANQUANTE,MANQUANTE,MANQUANTE,MANQUANTE,MANQUANTE,MANQUANTE,MANQUANTE,MANQUANTE,MANQUANTE,MANQUANTE,MANQUANTE,MANQUANTE,MANQUANTE,A_COMPLETER_PREUVES_SSI,A_VERIFIER,MANQUANTE,B1: référence de preuve absente | B2: référence de preuve absente | B3: référence de preuve absente | B4: référence de preuve absente | B5: référence de preuve absente | B6: référence de preuve absente | B7: référence de preuve absente | exclusions non vérifiées | preuve du contrôle des exclusions absente
0C9.F,Cheetah Mobile Inc.           R,Allemagne,68905752.0,1271414016.0,2900000.0,32961000.0,,-0.099,0.67323995,0.09984,10224887.0,Yahoo Finance / yfinance get_info,2026-10-08,0.0,-16.541355000860904,-53.94190976045068,False,MANQUANTE,MANQUANTE,MANQUANTE,MANQUANTE,MANQUANTE,MANQUANTE,MANQUANTE,MANQUANTE,MANQUANTE,MANQUANTE,MANQUANTE,MANQUANTE,MANQUANTE,MANQUANTE,MANQUANTE,A_COMPLETER_PREUVES_SSI,A_VERIFIER,MANQUANTE,B1: référence de preuve absente | B2: référence de preuve absente | B3: référence de preuve absente | B4: référence de preuve absente | B5: référence de preuve absente | B6: référence de preuve absente | B7: référence de preuve absente | exclusions non vérifiées | preuve du contrôle des exclusions absente
RVS1.F,Dawson Geophysical Co.        R,Allemagne,68943472.0,6125000.0,20046000.0,12519000.0,-5558625.0,0.818,0.22308001,0.01181,31055618.0,Yahoo Finance / yfinance get_info,2026-10-08,0.0,-65.3125000698492,4.716988134401512,False,MANQUANTE,MANQUANTE,MANQUANTE,MANQUANTE,MANQUANTE,MANQUANTE,MANQUANTE,MANQUANTE,MANQUANTE,MANQUANTE,MANQUANTE,MANQUANTE,MANQUANTE,MANQUANTE,MANQUANTE,A_COMPLETER_PREUVES_SSI,A_VERIFIER,MANQUANTE,B1: référence de preuve absente | B2: référence de preuve absente | B3: référence de preuve absente | B4: référence de preuve absente | B5: référence de preuve absente | B6: référence de preuve absente | B7: référence de preuve absente | exclusions non vérifiées | preuve du contrôle des exclusions absente
89K0.F,Otovo ASA                     N,Allemagne,69043864.0,36529000.0,8755000.0,-374360992.0,-205508256.0,-0.382,0.27668,0.38858002,79911878.0,Yahoo Finance / yfinance get_info,2026-10-08,0.0,-14.0298481083858,-17.320568622630717,False,MANQUANTE,MANQUANTE,MANQUANTE,MANQUANTE,MANQUANTE,MANQUANTE,MANQUANTE,MANQUANTE,MANQUANTE,MANQUANTE,MANQUANTE,MANQUANTE,MANQUANTE,MANQUANTE,MANQUANTE,A_COMPLETER_PREUVES_SSI,A_VERIFIER,MANQUANTE,B1: référence de preuve absente | B2: référence de preuve absente | B3: référence de preuve absente | B4: référence de preuve absente | B5: référence de preuve absente | B6: référence de preuve absente | B7: référence de preuve absente | exclusions non vérifiées | preuve du contrôle des exclusions absente
HAEK.HM,M1 Aesthetics AG              I,Allemagne,69173648.0,13936000.0,3093000.0,9670532.0,4641431.0,0.105,0.07565,0.0,5229307.0,Yahoo Finance / yfinance get_info,2026-10-08,2288.0,0.7751967785028402,7.43801314178929,True,MANQUANTE,MANQUANTE,MANQUANTE,MANQUANTE,MANQUANTE,MANQUANTE,MANQUANTE,MANQUANTE,MANQUANTE,MANQUANTE,MANQUANTE,MANQUANTE,MANQUANTE,MANQUANTE,MANQUANTE,A_COMPLETER_PREUVES_SSI,A_VERIFIER,MANQUANTE,B1: référence de preuve absente | B2: référence de preuve absente | B3: référence de preuve absente | B4: référence de preuve absente | B5: référence de preuve absente | B6: référence de preuve absente | B7: référence de preuve absente | exclusions non vérifiées | preuve du contrôle des exclusions absente
FOV.F,FOUNTAIN SET (HOLDINGS) LTD.  R,Allemagne,69214024.0,1651771008.0,201490000.0,313582016.0,296554240.0,0.024,0.13946,0.64804,1225026960.0,Yahoo Finance / yfinance get_info,2026-10-08,0.0,-8.130085437561984,-12.403097685895748,False,MANQUANTE,MANQUANTE,MANQUANTE,MANQUANTE,MANQUANTE,MANQUANTE,MANQUANTE,MANQUANTE,MANQUANTE,MANQUANTE,MANQUANTE,MANQUANTE,MANQUANTE,MANQUANTE,MANQUANTE,A_COMPLETER_PREUVES_SSI,A_VERIFIER,MANQUANTE,B1: référence de preuve absente | B2: référence de preuve absente | B3: référence de preuve absente | B4: référence de preuve absente | B5: référence de preuve absente | B6: référence de preuve absente | B7: référence de preuve absente | exclusions non vérifiées | preuve du contrôle des exclusions absente
D2L.F,Vitura S.A.                   A,Allemagne,69214624.0,25216000.0,637478976.0,,-41215248.0,0.078,0.64232004,0.0,17047938.0,Yahoo Finance / yfinance get_info,2026-10-08,0.0,3.045682330363664,-14.70588765636952,True,MANQUANTE,MANQUANTE,MANQUANTE,MANQUANTE,MANQUANTE,MANQUANTE,MANQUANTE,MANQUANTE,MANQUANTE,MANQUANTE,MANQUANTE,MANQUANTE,MANQUANTE,MANQUANTE,MANQUANTE,A_COMPLETER_PREUVES_SSI,A_VERIFIER,MANQUANTE,B1: référence de preuve absente | B2: référence de preuve absente | B3: référence de preuve absente | B4: référence de preuve absente | B5: référence de preuve absente | B6: référence de preuve absente | B7: référence de preuve absente | exclusions non vérifiées | preuve du contrôle des exclusions absente
9WV.F,Nutriband Inc.                R,Allemagne,69287392.0,3421615.0,219719.0,-6899801.0,-1408093.0,-0.297,0.33141,0.59086,12155683.0,Yahoo Finance / yfinance get_info,2026-10-08,0.0,147.82608380164444,85.06493345644401,True,MANQUANTE,MANQUANTE,MANQUANTE,MANQUANTE,MANQUANTE,MANQUANTE,MANQUANTE,MANQUANTE,MANQUANTE,MANQUANTE,MANQUANTE,MANQUANTE,MANQUANTE,MANQUANTE,MANQUANTE,A_COMPLETER_PREUVES_SSI,A_VERIFIER,MANQUANTE,B1: référence de preuve absente | B2: référence de preuve absente | B3: référence de preuve absente | B4: référence de preuve absente | B5: référence de preuve absente | B6: référence de preuve absente | B7: référence de preuve absente | exclusions non vérifiées | preuve du contrôle des exclusions absente
JI5.F,Jubilee Metals Group PLC      R,Allemagne,69317272.0,38139060.0,22036958.0,-18339596.0,28689676.0,0.705,0.20754999,0.06884,3381330240.0,Yahoo Finance / yfinance get_info,2026-10-08,0.0,-21.15384560276772,-41.42857006009745,False,MANQUANTE,MANQUANTE,MANQUANTE,MANQUANTE,MANQUANTE,MANQUANTE,MANQUANTE,MANQUANTE,MANQUANTE,MANQUANTE,MANQUANTE,MANQUANTE,MANQUANTE,MANQUANTE,MANQUANTE,A_COMPLETER_PREUVES_SSI,A_VERIFIER,MANQUANTE,B1: référence de preuve absente | B2: référence de preuve absente | B3: référence de preuve absente | B4: référence de preuve absente | B5: référence de preuve absente | B6: référence de preuve absente | B7: référence de preuve absente | exclusions non vérifiées | preuve du contrôle des exclusions absente
QJ1.F,LapWall Oyj                   R,Allemagne,69577232.0,3302000.0,14757000.0,5794575.0,-760926.0,0.24,0.57699,0.62619996,14525518.0,Yahoo Finance / yfinance get_info,2026-10-08,0.0,16.829270079758587,23.136242485294822,True,MANQUANTE,MANQUANTE,MANQUANTE,MANQUANTE,MANQUANTE,MANQUANTE,MANQUANTE,MANQUANTE,MANQUANTE,MANQUANTE,MANQUANTE,MANQUANTE,MANQUANTE,MANQUANTE,MANQUANTE,A_COMPLETER_PREUVES_SSI,A_VERIFIER,MANQUANTE,B1: référence de preuve absente | B2: référence de preuve absente | B3: référence de preuve absente | B4: référence de preuve absente | B5: référence de preuve absente | B6: référence de preuve absente | B7: référence de preuve absente | exclusions non vérifiées | preuve du contrôle des exclusions absente
U92.F,Fenbi Ltd.                    R,Allemagne,69582936.0,1140787968.0,113098000.0,-186722000.0,134323504.0,-0.163,0.47248,0.4637,2208982000.0,Yahoo Finance / yfinance get_info,2026-10-08,0.0,-21.24999697320157,-50.0,False,MANQUANTE,MANQUANTE,MANQUANTE,MANQUANTE,MANQUANTE,MANQUANTE,MANQUANTE,MANQUANTE,MANQUANTE,MANQUANTE,MANQUANTE,MANQUANTE,MANQUANTE,MANQUANTE,MANQUANTE,A_COMPLETER_PREUVES_SSI,A_VERIFIER,MANQUANTE,B1: référence de preuve absente | B2: référence de preuve absente | B3: référence de preuve absente | B4: référence de preuve absente | B5: référence de preuve absente | B6: référence de preuve absente | B7: référence de preuve absente | exclusions non vérifiées | preuve du contrôle des exclusions absente
7D0.F,Lotus Resources Ltd.          R,Allemagne,69933736.0,30185668.0,10827308.0,-99567024.0,-120576800.0,-0.168,0.0,0.07258,546784472.0,Yahoo Finance / yfinance get_info,2026-10-08,0.0,-69.50405283864984,-85.23094631872145,False,MANQUANTE,MANQUANTE,MANQUANTE,MANQUANTE,MANQUANTE,MANQUANTE,MANQUANTE,MANQUANTE,MANQUANTE,MANQUANTE,MANQUANTE,MANQUANTE,MANQUANTE,MANQUANTE,MANQUANTE,A_COMPLETER_PREUVES_SSI,A_VERIFIER,MANQUANTE,B1: référence de preuve absente | B2: référence de preuve absente | B3: référence de preuve absente | B4: référence de preuve absente | B5: référence de preuve absente | B6: référence de preuve absente | B7: référence de preuve absente | exclusions non vérifiées | preuve du contrôle des exclusions absente
CX40.F,Reitmans (Canada) Ltd.        R,Allemagne,70005632.0,152712000.0,167102000.0,29366000.0,60135124.0,-0.019,0.56379,0.57501,13440000.0,Yahoo Finance / yfinance get_info,2026-10-08,0.0,10.236220250711224,11.999998092651376,True,MANQUANTE,MANQUANTE,MANQUANTE,MANQUANTE,MANQUANTE,MANQUANTE,MANQUANTE,MANQUANTE,MANQUANTE,MANQUANTE,MANQUANTE,MANQUANTE,MANQUANTE,MANQUANTE,MANQUANTE,A_COMPLETER_PREUVES_SSI,A_VERIFIER,MANQUANTE,B1: référence de preuve absente | B2: référence de preuve absente | B3: référence de preuve absente | B4: référence de preuve absente | B5: référence de preuve absente | B6: référence de preuve absente | B7: référence de preuve absente | exclusions non vérifiées | preuve du contrôle des exclusions absente
SST.F,Heeton Holdings Ltd.          R,Allemagne,70135728.0,60969000.0,541507968.0,31305000.0,26460750.0,0.01,0.69482005,0.88264,487234735.0,Yahoo Finance / yfinance get_info,2026-10-08,0.0,-8.571424618059286,-13.513510520219665,False,MANQUANTE,MANQUANTE,MANQUANTE,MANQUANTE,MANQUANTE,MANQUANTE,MANQUANTE,MANQUANTE,MANQUANTE,MANQUANTE,MANQUANTE,MANQUANTE,MANQUANTE,MANQUANTE,MANQUANTE,A_COMPLETER_PREUVES_SSI,A_VERIFIER,MANQUANTE,B1: référence de preuve absente | B2: référence de preuve absente | B3: référence de preuve absente | B4: référence de preuve absente | B5: référence de preuve absente | B6: référence de preuve absente | B7: référence de preuve absente | exclusions non vérifiées | preuve du contrôle des exclusions absente
SST.SG,Heeton Holdings Ltd.,Allemagne,70135728.0,60969000.0,541507968.0,31305000.0,26460750.0,0.01,0.69482005,0.88264,487234735.0,Yahoo Finance / yfinance get_info,2026-10-08,0.0,-8.571424618059286,-14.66666600439286,False,MANQUANTE,MANQUANTE,MANQUANTE,MANQUANTE,MANQUANTE,MANQUANTE,MANQUANTE,MANQUANTE,MANQUANTE,MANQUANTE,MANQUANTE,MANQUANTE,MANQUANTE,MANQUANTE,MANQUANTE,A_COMPLETER_PREUVES_SSI,A_VERIFIER,MANQUANTE,B1: référence de preuve absente | B2: référence de preuve absente | B3: référence de preuve absente | B4: référence de preuve absente | B5: référence de preuve absente | B6: référence de preuve absente | B7: référence de preuve absente | exclusions non vérifiées | preuve du contrôle des exclusions absente
BQ3.F,Big River Industries Ltd.     R,Allemagne,70172024.0,24785000.0,82593000.0,18483000.0,21882876.0,0.14,0.26398,0.26645002,94190636.0,Yahoo Finance / yfinance get_info,2026-10-08,0.0,-12.35294307391943,-5.69620448949717,False,MANQUANTE,MANQUANTE,MANQUANTE,MANQUANTE,MANQUANTE,MANQUANTE,MANQUANTE,MANQUANTE,MANQUANTE,MANQUANTE,MANQUANTE,MANQUANTE,MANQUANTE,MANQUANTE,MANQUANTE,A_COMPLETER_PREUVES_SSI,A_VERIFIER,MANQUANTE,B1: référence de preuve absente | B2: référence de preuve absente | B3: référence de preuve absente | B4: référence de preuve absente | B5: référence de preuve absente | B6: référence de preuve absente | B7: référence de preuve absente | exclusions non vérifiées | preuve du contrôle des exclusions absente
MS4A.F,Mastech Digital Inc.          R,Allemagne,70273600.0,35603000.0,2125000.0,3413000.0,7460625.0,-0.156,0.27973,0.69854,12012581.0,Yahoo Finance / yfinance get_info,2026-10-08,0.0,-11.363636527836483,20.37036510125088,True,MANQUANTE,MANQUANTE,MANQUANTE,MANQUANTE,MANQUANTE,MANQUANTE,MANQUANTE,MANQUANTE,MANQUANTE,MANQUANTE,MANQUANTE,MANQUANTE,MANQUANTE,MANQUANTE,MANQUANTE,A_COMPLETER_PREUVES_SSI,A_VERIFIER,MANQUANTE,B1: référence de preuve absente | B2: référence de preuve absente | B3: référence de preuve absente | B4: référence de preuve absente | B5: référence de preuve absente | B6: référence de preuve absente | B7: référence de preuve absente | exclusions non vérifiées | preuve du contrôle des exclusions absente
HSUB.F,Hi Sun Technology (China) Ltd.R,Allemagne,70526768.0,4459912192.0,915974976.0,-370001984.0,-218367504.0,0.171,0.36898,0.39762002,2712567835.0,Yahoo Finance / yfinance get_info,2026-10-08,0.0,-14.754097559733347,-24.63767771659783,,MANQUANTE,MANQUANTE,MANQUANTE,MANQUANTE,MANQUANTE,MANQUANTE,MANQUANTE,MANQUANTE,MANQUANTE,MANQUANTE,MANQUANTE,MANQUANTE,MANQUANTE,MANQUANTE,MANQUANTE,A_COMPLETER_PREUVES_SSI,A_VERIFIER,MANQUANTE,B1: référence de preuve absente | B2: référence de preuve absente | B3: référence de preuve absente | B4: référence de preuve absente | B5: référence de preuve absente | B6: référence de preuve absente | B7: référence de preuve absente | exclusions non vérifiées | preuve du contrôle des exclusions absente
1TH0.F,Parkit Enterprise Inc.        R,Allemagne,70534480.0,5381025.0,142618176.0,14073939.0,9018774.0,3.639,0.60175997,0.46258998,13830291.0,Yahoo Finance / yfinance get_info,2026-10-08,0.0,-9.574467635395756,-5.555542310076833,False,MANQUANTE,MANQUANTE,MANQUANTE,MANQUANTE,MANQUANTE,MANQUANTE,MANQUANTE,MANQUANTE,MANQUANTE,MANQUANTE,MANQUANTE,MANQUANTE,MANQUANTE,MANQUANTE,MANQUANTE,A_COMPLETER_PREUVES_SSI,A_VERIFIER,MANQUANTE,B1: référence de preuve absente | B2: référence de preuve absente | B3: référence de preuve absente | B4: référence de preuve absente | B5: référence de preuve absente | B6: référence de preuve absente | B7: référence de preuve absente | exclusions non vérifiées | preuve du contrôle des exclusions absente
7EK.F,S.T. DUPONT S.A.              A,Allemagne,70589000.0,5723000.0,11925000.0,4576000.0,-1066750.0,-0.018,0.54435,0.90583,943703196.0,Yahoo Finance / yfinance get_info,2026-10-08,0.0,6.552700384256771,-2.604171820469736,False,MANQUANTE,MANQUANTE,MANQUANTE,MANQUANTE,MANQUANTE,MANQUANTE,MANQUANTE,MANQUANTE,MANQUANTE,MANQUANTE,MANQUANTE,MANQUANTE,MANQUANTE,MANQUANTE,MANQUANTE,A_COMPLETER_PREUVES_SSI,A_VERIFIER,MANQUANTE,B1: référence de preuve absente | B2: référence de preuve absente | B3: référence de preuve absente | B4: référence de preuve absente | B5: référence de preuve absente | B6: référence de preuve absente | B7: référence de preuve absente | exclusions non vérifiées | preuve du contrôle des exclusions absente
FM2.F,Neodecortech S.p.A.           A,Allemagne,70611752.0,10944000.0,28362000.0,26592000.0,20816500.0,0.102,0.41116002,0.58599997,13737695.0,Yahoo Finance / yfinance get_info,2026-10-08,0.0,10.300429931130806,41.208783471200185,True,MANQUANTE,MANQUANTE,MANQUANTE,MANQUANTE,MANQUANTE,MANQUANTE,MANQUANTE,MANQUANTE,MANQUANTE,MANQUANTE,MANQUANTE,MANQUANTE,MANQUANTE,MANQUANTE,MANQUANTE,A_COMPLETER_PREUVES_SSI,A_VERIFIER,MANQUANTE,B1: référence de preuve absente | B2: référence de preuve absente | B3: référence de preuve absente | B4: référence de preuve absente | B5: référence de preuve absente | B6: référence de preuve absente | B7: référence de preuve absente | exclusions non vérifiées | preuve du contrôle des exclusions absente
FMK.F,EcoGraf Ltd.                  R,Allemagne,70773080.0,3817000.0,353000.0,-2547000.0,-7768250.0,-0.169,0.85941005,0.1321,477551147.0,Yahoo Finance / yfinance get_info,2026-10-08,495.5999851226807,-14.236110272729183,-36.93616780051821,False,MANQUANTE,MANQUANTE,MANQUANTE,MANQUANTE,MANQUANTE,MANQUANTE,MANQUANTE,MANQUANTE,MANQUANTE,MANQUANTE,MANQUANTE,MANQUANTE,MANQUANTE,MANQUANTE,MANQUANTE,A_COMPLETER_PREUVES_SSI,A_VERIFIER,MANQUANTE,B1: référence de preuve absente | B2: référence de preuve absente | B3: référence de preuve absente | B4: référence de preuve absente | B5: référence de preuve absente | B6: référence de preuve absente | B7: référence de preuve absente | exclusions non vérifiées | preuve du contrôle des exclusions absente
45I.F,First Northwest Bancorp       R,Allemagne,70861528.0,98382000.0,329320992.0,,,-0.0,0.0,0.15405,9511615.0,Yahoo Finance / yfinance get_info,2026-10-08,0.0,-20.320860905739647,-8.588955116925156,False,MANQUANTE,MANQUANTE,MANQUANTE,MANQUANTE,MANQUANTE,MANQUANTE,MANQUANTE,MANQUANTE,MANQUANTE,MANQUANTE,MANQUANTE,MANQUANTE,MANQUANTE,MANQUANTE,MANQUANTE,A_COMPLETER_PREUVES_SSI,A_VERIFIER,MANQUANTE,B1: référence de preuve absente | B2: référence de preuve absente | B3: référence de preuve absente | B4: référence de preuve absente | B5: référence de preuve absente | B6: référence de preuve absente | B7: référence de preuve absente | exclusions non vérifiées | preuve du contrôle des exclusions absente
W1T.F,Western Energy Services Corp. R,Allemagne,71091664.0,11171000.0,78940000.0,45839000.0,20285624.0,-0.036,0.30938998,0.33847,33853178.0,Yahoo Finance / yfinance get_info,2026-10-08,0.0,3.960392300071258,12.299459854423157,True,MANQUANTE,MANQUANTE,MANQUANTE,MANQUANTE,MANQUANTE,MANQUANTE,MANQUANTE,MANQUANTE,MANQUANTE,MANQUANTE,MANQUANTE,MANQUANTE,MANQUANTE,MANQUANTE,MANQUANTE,A_COMPLETER_PREUVES_SSI,A_VERIFIER,MANQUANTE,B1: référence de preuve absente | B2: référence de preuve absente | B3: référence de preuve absente | B4: référence de preuve absente | B5: référence de preuve absente | B6: référence de preuve absente | B7: référence de preuve absente | exclusions non vérifiées | preuve du contrôle des exclusions absente
1S0.F,Suominen Corp.                R,Allemagne,71160560.0,20865000.0,108672000.0,3706000.0,-18005250.0,0.058,0.056399997,0.28212,135286228.0,Yahoo Finance / yfinance get_info,2026-10-08,0.0,7.78688872490827,-51.29629611233136,False,MANQUANTE,MANQUANTE,MANQUANTE,MANQUANTE,MANQUANTE,MANQUANTE,MANQUANTE,MANQUANTE,MANQUANTE,MANQUANTE,MANQUANTE,MANQUANTE,MANQUANTE,MANQUANTE,MANQUANTE,A_COMPLETER_PREUVES_SSI,A_VERIFIER,MANQUANTE,B1: référence de preuve absente | B2: référence de preuve absente | B3: référence de preuve absente | B4: référence de preuve absente | B5: référence de preuve absente | B6: référence de preuve absente | B7: référence de preuve absente | exclusions non vérifiées | preuve du contrôle des exclusions absente
2T1.F,Tecogen Inc. (New)            R,Allemagne,71182888.0,6782573.0,2616863.0,-8500290.0,-10400647.0,-0.212,0.36222,0.39569,30187822.0,Yahoo Finance / yfinance get_info,2026-10-08,0.0,-31.09292555905744,-19.357044457644623,False,MANQUANTE,MANQUANTE,MANQUANTE,MANQUANTE,MANQUANTE,MANQUANTE,MANQUANTE,MANQUANTE,MANQUANTE,MANQUANTE,MANQUANTE,MANQUANTE,MANQUANTE,MANQUANTE,MANQUANTE,A_COMPLETER_PREUVES_SSI,A_VERIFIER,MANQUANTE,B1: référence de preuve absente | B2: référence de preuve absente | B3: référence de preuve absente | B4: référence de preuve absente | B5: référence de preuve absente | B6: référence de preuve absente | B7: référence de preuve absente | exclusions non vérifiées | preuve du contrôle des exclusions absente
CKW.F,Chu Kong Ship.Ent.(Grp)Co.Ltd.R,Allemagne,71194096.0,967273984.0,999649984.0,223204000.0,-2945625.0,-0.022,0.04934,0.71001,1121166885.0,Yahoo Finance / yfinance get_info,2026-10-08,0.0,-5.223879933118248,-12.41378778793283,False,MANQUANTE,MANQUANTE,MANQUANTE,MANQUANTE,MANQUANTE,MANQUANTE,MANQUANTE,MANQUANTE,MANQUANTE,MANQUANTE,MANQUANTE,MANQUANTE,MANQUANTE,MANQUANTE,MANQUANTE,A_COMPLETER_PREUVES_SSI,A_VERIFIER,MANQUANTE,B1: référence de preuve absente | B2: référence de preuve absente | B3: référence de preuve absente | B4: référence de preuve absente | B5: référence de preuve absente | B6: référence de preuve absente | B7: référence de preuve absente | exclusions non vérifiées | preuve du contrôle des exclusions absente
CAJ1.F,"Casino,Guichard-Perrachon S.A.A",Allemagne,71213520.0,522000000.0,3481999872.0,608000000.0,236250000.0,-0.027,0.2848,0.64169,400075967.0,Yahoo Finance / yfinance get_info,2026-10-08,0.0,-5.066665013631189,14.029466687362202,False,MANQUANTE,MANQUANTE,MANQUANTE,MANQUANTE,MANQUANTE,MANQUANTE,MANQUANTE,MANQUANTE,MANQUANTE,MANQUANTE,MANQUANTE,MANQUANTE,MANQUANTE,MANQUANTE,MANQUANTE,A_COMPLETER_PREUVES_SSI,A_VERIFIER,MANQUANTE,B1: référence de preuve absente | B2: référence de preuve absente | B3: référence de preuve absente | B4: référence de preuve absente | B5: référence de preuve absente | B6: référence de preuve absente | B7: référence de preuve absente | exclusions non vérifiées | preuve du contrôle des exclusions absente
7BL.F,Blue Lagoon Resources Inc.    R,Allemagne,71527624.0,1218382.0,1561390.0,-3961101.0,-5325920.0,,0.19808,0.03787,192278554.0,Yahoo Finance / yfinance get_info,2026-10-08,0.0,-4.123711894505922,-16.591928101297427,False,MANQUANTE,MANQUANTE,MANQUANTE,MANQUANTE,MANQUANTE,MANQUANTE,MANQUANTE,MANQUANTE,MANQUANTE,MANQUANTE,MANQUANTE,MANQUANTE,MANQUANTE,MANQUANTE,MANQUANTE,A_COMPLETER_PREUVES_SSI,A_VERIFIER,MANQUANTE,B1: référence de preuve absente | B2: référence de preuve absente | B3: référence de preuve absente | B4: référence de preuve absente | B5: référence de preuve absente | B6: référence de preuve absente | B7: référence de preuve absente | exclusions non vérifiées | preuve du contrôle des exclusions absente
UNE.F,First US Bancshares Inc.      R,Allemagne,71561216.0,65560000.0,37699000.0,,,0.299,0.0,0.13518,5504709.0,Yahoo Finance / yfinance get_info,2026-10-08,0.0,0.7751967785028402,0.7751967785028402,True,MANQUANTE,MANQUANTE,MANQUANTE,MANQUANTE,MANQUANTE,MANQUANTE,MANQUANTE,MANQUANTE,MANQUANTE,MANQUANTE,MANQUANTE,MANQUANTE,MANQUANTE,MANQUANTE,MANQUANTE,A_COMPLETER_PREUVES_SSI,A_VERIFIER,MANQUANTE,B1: référence de preuve absente | B2: référence de preuve absente | B3: référence de preuve absente | B4: référence de preuve absente | B5: référence de preuve absente | B6: référence de preuve absente | B7: référence de preuve absente | exclusions non vérifiées | preuve du contrôle des exclusions absente
ON0.F,DelfinGroup SIA               R,Allemagne,71619208.0,2057000.0,131762000.0,,,-0.004,0.78416,0.74012,45472511.0,Yahoo Finance / yfinance get_info,2026-10-08,0.0,8.620689371678282,16.236164244533356,,MANQUANTE,MANQUANTE,MANQUANTE,MANQUANTE,MANQUANTE,MANQUANTE,MANQUANTE,MANQUANTE,MANQUANTE,MANQUANTE,MANQUANTE,MANQUANTE,MANQUANTE,MANQUANTE,MANQUANTE,A_COMPLETER_PREUVES_SSI,A_VERIFIER,MANQUANTE,B1: référence de preuve absente | B2: référence de preuve absente | B3: référence de preuve absente | B4: référence de preuve absente | B5: référence de preuve absente | B6: référence de preuve absente | B7: référence de preuve absente | exclusions non vérifiées | preuve du contrôle des exclusions absente
014.F,Rand Mining Ltd.              R,Allemagne,71663712.0,2085147.0,987144.0,34481576.0,-707024.0,0.457,0.70224,0.83278,56875961.0,Yahoo Finance / yfinance get_info,2026-10-08,0.0,-17.105262745120186,-11.267603623727451,False,MANQUANTE,MANQUANTE,MANQUANTE,MANQUANTE,MANQUANTE,MANQUANTE,MANQUANTE,MANQUANTE,MANQUANTE,MANQUANTE,MANQUANTE,MANQUANTE,MANQUANTE,MANQUANTE,MANQUANTE,A_COMPLETER_PREUVES_SSI,A_VERIFIER,MANQUANTE,B1: référence de preuve absente | B2: référence de preuve absente | B3: référence de preuve absente | B4: référence de preuve absente | B5: référence de preuve absente | B6: référence de preuve absente | B7: référence de preuve absente | exclusions non vérifiées | preuve du contrôle des exclusions absente
014.SG,Rand Mining Ltd.,Allemagne,71663712.0,2085147.0,987144.0,34481576.0,-707024.0,0.457,0.70224,0.83278,56875961.0,Yahoo Finance / yfinance get_info,2026-10-08,0.0,-17.105262745120186,-11.888109323092111,False,MANQUANTE,MANQUANTE,MANQUANTE,MANQUANTE,MANQUANTE,MANQUANTE,MANQUANTE,MANQUANTE,MANQUANTE,MANQUANTE,MANQUANTE,MANQUANTE,MANQUANTE,MANQUANTE,MANQUANTE,A_COMPLETER_PREUVES_SSI,A_VERIFIER,MANQUANTE,B1: référence de preuve absente | B2: référence de preuve absente | B3: référence de preuve absente | B4: référence de preuve absente | B5: référence de preuve absente | B6: référence de preuve absente | B7: référence de preuve absente | exclusions non vérifiées | preuve du contrôle des exclusions absente
LB8.F,Mitchell Services Ltd.        R,Allemagne,71702056.0,12193812.0,11423377.0,41632988.0,22600694.0,0.101,0.40643,0.32965,212450530.0,Yahoo Finance / yfinance get_info,2026-10-08,0.0,6.299216072190883,16.379315748934943,,MANQUANTE,MANQUANTE,MANQUANTE,MANQUANTE,MANQUANTE,MANQUANTE,MANQUANTE,MANQUANTE,MANQUANTE,MANQUANTE,MANQUANTE,MANQUANTE,MANQUANTE,MANQUANTE,MANQUANTE,A_COMPLETER_PREUVES_SSI,A_VERIFIER,MANQUANTE,B1: référence de preuve absente | B2: référence de preuve absente | B3: référence de preuve absente | B4: référence de preuve absente | B5: référence de preuve absente | B6: référence de preuve absente | B7: référence de preuve absente | exclusions non vérifiées | preuve du contrôle des exclusions absente
BUU.F,Devex Resources Ltd.          R,Allemagne,71743376.0,27170652.0,153027.0,-18671376.0,-10191810.0,-0.143,1.0,0.27528,710330423.0,Yahoo Finance / yfinance get_info,2026-10-08,0.0,-25.18518555311508,-19.84126833951515,False,MANQUANTE,MANQUANTE,MANQUANTE,MANQUANTE,MANQUANTE,MANQUANTE,MANQUANTE,MANQUANTE,MANQUANTE,MANQUANTE,MANQUANTE,MANQUANTE,MANQUANTE,MANQUANTE,MANQUANTE,A_COMPLETER_PREUVES_SSI,A_VERIFIER,MANQUANTE,B1: référence de preuve absente | B2: référence de preuve absente | B3: référence de preuve absente | B4: référence de preuve absente | B5: référence de preuve absente | B6: référence de preuve absente | B7: référence de preuve absente | exclusions non vérifiées | preuve du contrôle des exclusions absente
99C.F,Casta Diva Group S.p.A.       A,Allemagne,71967832.0,18427918.0,40397828.0,8602814.0,10672.0,0.094,0.16494,0.44783002,12492357.0,Yahoo Finance / yfinance get_info,2026-10-08,0.0,13.029319350665824,2.967363396054168,True,MANQUANTE,MANQUANTE,MANQUANTE,MANQUANTE,MANQUANTE,MANQUANTE,MANQUANTE,MANQUANTE,MANQUANTE,MANQUANTE,MANQUANTE,MANQUANTE,MANQUANTE,MANQUANTE,MANQUANTE,A_COMPLETER_PREUVES_SSI,A_VERIFIER,MANQUANTE,B1: référence de preuve absente | B2: référence de preuve absente | B3: référence de preuve absente | B4: référence de preuve absente | B5: référence de preuve absente | B6: référence de preuve absente | B7: référence de preuve absente | exclusions non vérifiées | preuve du contrôle des exclusions absente
GLH.F,GOLDLION HOLDINGS LTD.        R,Allemagne,72064456.0,1192279040.0,68929000.0,62959000.0,55028876.0,0.066,0.57756,0.68627,973844035.0,Yahoo Finance / yfinance get_info,2026-10-08,0.0,-11.377242089446227,-16.853932960514094,False,MANQUANTE,MANQUANTE,MANQUANTE,MANQUANTE,MANQUANTE,MANQUANTE,MANQUANTE,MANQUANTE,MANQUANTE,MANQUANTE,MANQUANTE,MANQUANTE,MANQUANTE,MANQUANTE,MANQUANTE,A_COMPLETER_PREUVES_SSI,A_VERIFIER,MANQUANTE,B1: référence de preuve absente | B2: référence de preuve absente | B3: référence de preuve absente | B4: référence de preuve absente | B5: référence de preuve absente | B6: référence de preuve absente | B7: référence de preuve absente | exclusions non vérifiées | preuve du contrôle des exclusions absente
LWA.F,Eco Animal Health Group PLC   R,Allemagne,72066176.0,25432000.0,4933000.0,7718000.0,5335375.0,0.037,0.48554,0.16371,66727935.0,Yahoo Finance / yfinance get_info,2026-10-08,0.0,11.917105934380668,0.0,False,MANQUANTE,MANQUANTE,MANQUANTE,MANQUANTE,MANQUANTE,MANQUANTE,MANQUANTE,MANQUANTE,MANQUANTE,MANQUANTE,MANQUANTE,MANQUANTE,MANQUANTE,MANQUANTE,MANQUANTE,A_COMPLETER_PREUVES_SSI,A_VERIFIER,MANQUANTE,B1: référence de preuve absente | B2: référence de preuve absente | B3: référence de preuve absente | B4: référence de preuve absente | B5: référence de preuve absente | B6: référence de preuve absente | B7: référence de preuve absente | exclusions non vérifiées | preuve du contrôle des exclusions absente
RHGN.F,CN Agri-Products Exchange Ltd.R,Allemagne,72107560.0,446932000.0,1418028032.0,120225000.0,474561504.0,-0.191,0.69874,0.57093,9953067822.0,Yahoo Finance / yfinance get_info,2026-10-08,0.0,0.0,0.0,False,MANQUANTE,MANQUANTE,MANQUANTE,MANQUANTE,MANQUANTE,MANQUANTE,MANQUANTE,MANQUANTE,MANQUANTE,MANQUANTE,MANQUANTE,MANQUANTE,MANQUANTE,MANQUANTE,MANQUANTE,A_COMPLETER_PREUVES_SSI,A_VERIFIER,MANQUANTE,B1: référence de preuve absente | B2: référence de preuve absente | B3: référence de preuve absente | B4: référence de preuve absente | B5: référence de preuve absente | B6: référence de preuve absente | B7: référence de preuve absente | exclusions non vérifiées | preuve du contrôle des exclusions absente
940.F,EuroAPI SAS                   A,Allemagne,72124128.0,52000000.0,109000000.0,132100000.0,152637504.0,-0.14,0.15618,0.34835997,95528648.0,Yahoo Finance / yfinance get_info,2026-10-08,17.20400059223175,-39.79266138457318,-41.92307515962583,False,MANQUANTE,MANQUANTE,MANQUANTE,MANQUANTE,MANQUANTE,MANQUANTE,MANQUANTE,MANQUANTE,MANQUANTE,MANQUANTE,MANQUANTE,MANQUANTE,MANQUANTE,MANQUANTE,MANQUANTE,A_COMPLETER_PREUVES_SSI,A_VERIFIER,MANQUANTE,B1: référence de preuve absente | B2: référence de preuve absente | B3: référence de preuve absente | B4: référence de preuve absente | B5: référence de preuve absente | B6: référence de preuve absente | B7: référence de preuve absente | exclusions non vérifiées | preuve du contrôle des exclusions absente
H57.F,Asuntosalkku Oyj              R,Allemagne,72185656.0,4373000.0,144879008.0,8287000.0,815500.0,0.006,0.65374,0.63576,968935.0,Yahoo Finance / yfinance get_info,2026-10-08,0.0,-0.666666666666671,0.0,False,MANQUANTE,MANQUANTE,MANQUANTE,MANQUANTE,MANQUANTE,MANQUANTE,MANQUANTE,MANQUANTE,MANQUANTE,MANQUANTE,MANQUANTE,MANQUANTE,MANQUANTE,MANQUANTE,MANQUANTE,A_COMPLETER_PREUVES_SSI,A_VERIFIER,MANQUANTE,B1: référence de preuve absente | B2: référence de preuve absente | B3: référence de preuve absente | B4: référence de preuve absente | B5: référence de preuve absente | B6: référence de preuve absente | B7: référence de preuve absente | exclusions non vérifiées | preuve du contrôle des exclusions absente
NO30.F,Noodles & Co.                 R,Allemagne,72196592.0,1299000.0,248016000.0,31502000.0,17950876.0,0.005,0.16503,0.15630001,5966660.0,Yahoo Finance / yfinance get_info,2026-10-08,0.0,13.084117730472556,272.53696827718863,True,MANQUANTE,MANQUANTE,MANQUANTE,MANQUANTE,MANQUANTE,MANQUANTE,MANQUANTE,MANQUANTE,MANQUANTE,MANQUANTE,MANQUANTE,MANQUANTE,MANQUANTE,MANQUANTE,MANQUANTE,A_COMPLETER_PREUVES_SSI,A_VERIFIER,MANQUANTE,B1: référence de preuve absente | B2: référence de preuve absente | B3: référence de preuve absente | B4: référence de preuve absente | B5: référence de preuve absente | B6: référence de preuve absente | B7: référence de preuve absente | exclusions non vérifiées | preuve du contrôle des exclusions absente
SO0.F,Being Holdings Co. Ltd        R,Allemagne,72415112.0,4984999936.0,6728000000.0,2867000064.0,1987624960.0,0.106,0.10248,0.69496,24099260.0,Yahoo Finance / yfinance get_info,2026-10-08,0.0,5.109492861930498,-13.772449447586276,False,MANQUANTE,MANQUANTE,MANQUANTE,MANQUANTE,MANQUANTE,MANQUANTE,MANQUANTE,MANQUANTE,MANQUANTE,MANQUANTE,MANQUANTE,MANQUANTE,MANQUANTE,MANQUANTE,MANQUANTE,A_COMPLETER_PREUVES_SSI,A_VERIFIER,MANQUANTE,B1: référence de preuve absente | B2: référence de preuve absente | B3: référence de preuve absente | B4: référence de preuve absente | B5: référence de preuve absente | B6: référence de preuve absente | B7: référence de preuve absente | exclusions non vérifiées | preuve du contrôle des exclusions absente
14B0.F,Huddly AS                     N,Allemagne,72558168.0,62329000.0,88631000.0,-115773000.0,-50926248.0,-0.112,0.46324003,0.68067,35394227.0,Yahoo Finance / yfinance get_info,2026-10-08,0.0,-21.75572359313922,-5.5299594358818815,False,MANQUANTE,MANQUANTE,MANQUANTE,MANQUANTE,MANQUANTE,MANQUANTE,MANQUANTE,MANQUANTE,MANQUANTE,MANQUANTE,MANQUANTE,MANQUANTE,MANQUANTE,MANQUANTE,MANQUANTE,A_COMPLETER_PREUVES_SSI,A_VERIFIER,MANQUANTE,B1: référence de preuve absente | B2: référence de preuve absente | B3: référence de preuve absente | B4: référence de preuve absente | B5: référence de preuve absente | B6: référence de preuve absente | B7: référence de preuve absente | exclusions non vérifiées | preuve du contrôle des exclusions absente
2620.F,Juno International Corp.      R,Allemagne,72607160.0,142882592.0,25135580.0,19765624.0,-2817201.0,2.082,0.74354,0.26917,27006360.0,Yahoo Finance / yfinance get_info,2026-10-08,0.0,-9.290543642681437,-18.14024493293278,,MANQUANTE,MANQUANTE,MANQUANTE,MANQUANTE,MANQUANTE,MANQUANTE,MANQUANTE,MANQUANTE,MANQUANTE,MANQUANTE,MANQUANTE,MANQUANTE,MANQUANTE,MANQUANTE,MANQUANTE,A_COMPLETER_PREUVES_SSI,A_VERIFIER,MANQUANTE,B1: référence de preuve absente | B2: référence de preuve absente | B3: référence de preuve absente | B4: référence de preuve absente | B5: référence de preuve absente | B6: référence de preuve absente | B7: référence de preuve absente | exclusions non vérifiées | preuve du contrôle des exclusions absente
EMD.F,ENM Holdings Ltd.             R,Allemagne,72628984.0,614761024.0,143000.0,-8414000.0,-6506750.0,0.076,1.0,0.44284,1650658676.0,Yahoo Finance / yfinance get_info,2026-10-08,0.0,-13.725489050275929,31.343279598709508,True,MANQUANTE,MANQUANTE,MANQUANTE,MANQUANTE,MANQUANTE,MANQUANTE,MANQUANTE,MANQUANTE,MANQUANTE,MANQUANTE,MANQUANTE,MANQUANTE,MANQUANTE,MANQUANTE,MANQUANTE,A_COMPLETER_PREUVES_SSI,A_VERIFIER,MANQUANTE,B1: référence de preuve absente | B2: référence de preuve absente | B3: référence de preuve absente | B4: référence de preuve absente | B5: référence de preuve absente | B6: référence de preuve absente | B7: référence de preuve absente | exclusions non vérifiées | preuve du contrôle des exclusions absente
JX0.SG,Bien Sparebank ASA,Allemagne,72706536.0,933630976.0,1471619968.0,,,-0.09,0.0,0.89365995,5680198.0,Yahoo Finance / yfinance get_info,2026-10-08,0.0,5.785122208236748,-5.185183772334345,False,MANQUANTE,MANQUANTE,MANQUANTE,MANQUANTE,MANQUANTE,MANQUANTE,MANQUANTE,MANQUANTE,MANQUANTE,MANQUANTE,MANQUANTE,MANQUANTE,MANQUANTE,MANQUANTE,MANQUANTE,A_COMPLETER_PREUVES_SSI,A_VERIFIER,MANQUANTE,B1: référence de preuve absente | B2: référence de preuve absente | B3: référence de preuve absente | B4: référence de preuve absente | B5: référence de preuve absente | B6: référence de preuve absente | B7: référence de preuve absente | exclusions non vérifiées | preuve du contrôle des exclusions absente
F7Y.F,Gaush Meditech Ltd.           R,Allemagne,72760832.0,353319008.0,402568992.0,152494000.0,76973624.0,-0.089,0.45188,0.50869,147887869.0,Yahoo Finance / yfinance get_info,2026-10-08,0.0,-6.285707441316668,-11.35135004518676,False,MANQUANTE,MANQUANTE,MANQUANTE,MANQUANTE,MANQUANTE,MANQUANTE,MANQUANTE,MANQUANTE,MANQUANTE,MANQUANTE,MANQUANTE,MANQUANTE,MANQUANTE,MANQUANTE,MANQUANTE,A_COMPLETER_PREUVES_SSI,A_VERIFIER,MANQUANTE,B1: référence de preuve absente | B2: référence de preuve absente | B3: référence de preuve absente | B4: référence de preuve absente | B5: référence de preuve absente | B6: référence de preuve absente | B7: référence de preuve absente | exclusions non vérifiées | preuve du contrôle des exclusions absente
KJ7A.F,BCP Investment Corp.          R,Allemagne,73063544.0,2532000.0,280800992.0,,27055876.0,0.201,1.0,0.012159999,12383652.0,Yahoo Finance / yfinance get_info,2026-10-08,0.0,-4.838705211722627,-10.606057869391847,False,MANQUANTE,MANQUANTE,MANQUANTE,MANQUANTE,MANQUANTE,MANQUANTE,MANQUANTE,MANQUANTE,MANQUANTE,MANQUANTE,MANQUANTE,MANQUANTE,MANQUANTE,MANQUANTE,MANQUANTE,A_COMPLETER_PREUVES_SSI,A_VERIFIER,MANQUANTE,B1: référence de preuve absente | B2: référence de preuve absente | B3: référence de preuve absente | B4: référence de preuve absente | B5: référence de preuve absente | B6: référence de preuve absente | B7: référence de preuve absente | exclusions non vérifiées | preuve du contrôle des exclusions absente
YOE.MU,Pieno Zvaigzdes AB            R,Allemagne,73117760.0,660000.0,18372000.0,19485000.0,6048875.0,0.055,0.25316998,0.92471004,45134419.0,Yahoo Finance / yfinance get_info,2026-10-08,0.0,0.0,0.0,True,MANQUANTE,MANQUANTE,MANQUANTE,MANQUANTE,MANQUANTE,MANQUANTE,MANQUANTE,MANQUANTE,MANQUANTE,MANQUANTE,MANQUANTE,MANQUANTE,MANQUANTE,MANQUANTE,MANQUANTE,A_COMPLETER_PREUVES_SSI,A_VERIFIER,MANQUANTE,B1: référence de preuve absente | B2: référence de preuve absente | B3: référence de preuve absente | B4: référence de preuve absente | B5: référence de preuve absente | B6: référence de preuve absente | B7: référence de preuve absente | exclusions non vérifiées | preuve du contrôle des exclusions absente
T810.F,ZG Group                      R,Allemagne,73411872.0,541238976.0,826912000.0,-254970000.0,-454328992.0,0.611,0.17878,0.59746,880760390.0,Yahoo Finance / yfinance get_info,2026-10-08,0.0,3.007513658370597,-49.632357694466165,False,MANQUANTE,MANQUANTE,MANQUANTE,MANQUANTE,MANQUANTE,MANQUANTE,MANQUANTE,MANQUANTE,MANQUANTE,MANQUANTE,MANQUANTE,MANQUANTE,MANQUANTE,MANQUANTE,MANQUANTE,A_COMPLETER_PREUVES_SSI,A_VERIFIER,MANQUANTE,B1: référence de preuve absente | B2: référence de preuve absente | B3: référence de preuve absente | B4: référence de preuve absente | B5: référence de preuve absente | B6: référence de preuve absente | B7: référence de preuve absente | exclusions non vérifiées | preuve du contrôle des exclusions absente
VOP.F,Investigator Silver Ltd.      R,Allemagne,73440016.0,58759736.0,315200.0,-3191428.0,-5832793.0,-0.48,1.0,0.08239,2622857752.0,Yahoo Finance / yfinance get_info,2026-10-08,0.0,9.803927011189304,-30.864195600367783,False,MANQUANTE,MANQUANTE,MANQUANTE,MANQUANTE,MANQUANTE,MANQUANTE,MANQUANTE,MANQUANTE,MANQUANTE,MANQUANTE,MANQUANTE,MANQUANTE,MANQUANTE,MANQUANTE,MANQUANTE,A_COMPLETER_PREUVES_SSI,A_VERIFIER,MANQUANTE,B1: référence de preuve absente | B2: référence de preuve absente | B3: référence de preuve absente | B4: référence de preuve absente | B5: référence de preuve absente | B6: référence de preuve absente | B7: référence de preuve absente | exclusions non vérifiées | preuve du contrôle des exclusions absente
1L0.F,Audioeye Inc.                 R,Allemagne,73532592.0,8717000.0,16738000.0,-1677000.0,6214375.0,0.087,0.78352,0.30606002,12569674.0,Yahoo Finance / yfinance get_info,2026-10-08,0.0,-3.3057897487107635,13.592229054418969,False,MANQUANTE,MANQUANTE,MANQUANTE,MANQUANTE,MANQUANTE,MANQUANTE,MANQUANTE,MANQUANTE,MANQUANTE,MANQUANTE,MANQUANTE,MANQUANTE,MANQUANTE,MANQUANTE,MANQUANTE,A_COMPLETER_PREUVES_SSI,A_VERIFIER,MANQUANTE,B1: référence de preuve absente | B2: référence de preuve absente | B3: référence de preuve absente | B4: référence de preuve absente | B5: référence de preuve absente | B6: référence de preuve absente | B7: référence de preuve absente | exclusions non vérifiées | preuve du contrôle des exclusions absente
6FZ0.SG,Havila Kystruten AS,Allemagne,73614776.0,188564992.0,5178164224.0,756001984.0,-247321632.0,0.151,0.84369004,0.81802005,17119714.0,Yahoo Finance / yfinance get_info,2026-10-08,0.0,-11.157023653486783,11.688319409068692,True,MANQUANTE,MANQUANTE,MANQUANTE,MANQUANTE,MANQUANTE,MANQUANTE,MANQUANTE,MANQUANTE,MANQUANTE,MANQUANTE,MANQUANTE,MANQUANTE,MANQUANTE,MANQUANTE,MANQUANTE,A_COMPLETER_PREUVES_SSI,A_VERIFIER,MANQUANTE,B1: référence de preuve absente | B2: référence de preuve absente | B3: référence de preuve absente | B4: référence de preuve absente | B5: référence de preuve absente | B6: référence de preuve absente | B7: référence de preuve absente | exclusions non vérifiées | preuve du contrôle des exclusions absente
L5B.F,Torque Metals Limited         R,Allemagne,73741568.0,13559000.0,368000.0,-3220000.0,-12372000.0,11.074,1.0,0.24833,624928499.0,Yahoo Finance / yfinance get_info,2026-10-08,0.0,-11.940300167204365,-58.74126041726584,False,MANQUANTE,MANQUANTE,MANQUANTE,MANQUANTE,MANQUANTE,MANQUANTE,MANQUANTE,MANQUANTE,MANQUANTE,MANQUANTE,MANQUANTE,MANQUANTE,MANQUANTE,MANQUANTE,MANQUANTE,A_COMPLETER_PREUVES_SSI,A_VERIFIER,MANQUANTE,B1: référence de preuve absente | B2: référence de preuve absente | B3: référence de preuve absente | B4: référence de preuve absente | B5: référence de preuve absente | B6: référence de preuve absente | B7: référence de preuve absente | exclusions non vérifiées | preuve du contrôle des exclusions absente
19YA.F,Yiren Digital Ltd.            R,Allemagne,73927752.0,1696718976.0,33252000.0,826726016.0,1793447552.0,-0.461,0.81751,0.0,87488461.0,Yahoo Finance / yfinance get_info,2026-10-08,0.0,-20.28301186559849,-45.12986691288804,False,MANQUANTE,MANQUANTE,MANQUANTE,MANQUANTE,MANQUANTE,MANQUANTE,MANQUANTE,MANQUANTE,MANQUANTE,MANQUANTE,MANQUANTE,MANQUANTE,MANQUANTE,MANQUANTE,MANQUANTE,A_COMPLETER_PREUVES_SSI,A_VERIFIER,MANQUANTE,B1: référence de preuve absente | B2: référence de preuve absente | B3: référence de preuve absente | B4: référence de preuve absente | B5: référence de preuve absente | B6: référence de preuve absente | B7: référence de preuve absente | exclusions non vérifiées | preuve du contrôle des exclusions absente
GAD.F,GAM Holding AG                N,Allemagne,73943992.0,26500000.0,75900000.0,-44300000.0,-25487500.0,0.0,-0.2377,0.85144997,1111939733.0,Yahoo Finance / yfinance get_info,2026-10-08,0.0,1.5267206831875324,-26.11111331869046,False,MANQUANTE,MANQUANTE,MANQUANTE,MANQUANTE,MANQUANTE,MANQUANTE,MANQUANTE,MANQUANTE,MANQUANTE,MANQUANTE,MANQUANTE,MANQUANTE,MANQUANTE,MANQUANTE,MANQUANTE,A_COMPLETER_PREUVES_SSI,A_VERIFIER,MANQUANTE,B1: référence de preuve absente | B2: référence de preuve absente | B3: référence de preuve absente | B4: référence de preuve absente | B5: référence de preuve absente | B6: référence de preuve absente | B7: référence de preuve absente | exclusions non vérifiées | preuve du contrôle des exclusions absente
Z8J.SG,ICAPE HOLDING,Allemagne,74096616.0,18341000.0,52732000.0,8893000.0,12752875.0,0.111,0.32549,0.55943,7882619.0,Yahoo Finance / yfinance get_info,2026-10-08,0.0,33.52272257762996,103.46320024622138,True,MANQUANTE,MANQUANTE,MANQUANTE,MANQUANTE,MANQUANTE,MANQUANTE,MANQUANTE,MANQUANTE,MANQUANTE,MANQUANTE,MANQUANTE,MANQUANTE,MANQUANTE,MANQUANTE,MANQUANTE,A_COMPLETER_PREUVES_SSI,A_VERIFIER,MANQUANTE,B1: référence de preuve absente | B2: référence de preuve absente | B3: référence de preuve absente | B4: référence de preuve absente | B5: référence de preuve absente | B6: référence de preuve absente | B7: référence de preuve absente | exclusions non vérifiées | preuve du contrôle des exclusions absente
1CA0.F,Componenta Corp.              R,Allemagne,74116992.0,14835000.0,15425000.0,12316000.0,2135750.0,0.204,0.100360006,0.35893002,9855983.0,Yahoo Finance / yfinance get_info,2026-10-08,0.0,30.5555500366072,76.52581166410786,True,MANQUANTE,MANQUANTE,MANQUANTE,MANQUANTE,MANQUANTE,MANQUANTE,MANQUANTE,MANQUANTE,MANQUANTE,MANQUANTE,MANQUANTE,MANQUANTE,MANQUANTE,MANQUANTE,MANQUANTE,A_COMPLETER_PREUVES_SSI,A_VERIFIER,MANQUANTE,B1: référence de preuve absente | B2: référence de preuve absente | B3: référence de preuve absente | B4: référence de preuve absente | B5: référence de preuve absente | B6: référence de preuve absente | B7: référence de preuve absente | exclusions non vérifiées | preuve du contrôle des exclusions absente
0PI.F,Pioneer Credit Ltd.           R,Allemagne,74209160.0,7871000.0,328700000.0,,,0.204,0.87664,0.28819,192002993.0,Yahoo Finance / yfinance get_info,2026-10-08,0.0,-4.66206379828753,12.813781234592136,,MANQUANTE,MANQUANTE,MANQUANTE,MANQUANTE,MANQUANTE,MANQUANTE,MANQUANTE,MANQUANTE,MANQUANTE,MANQUANTE,MANQUANTE,MANQUANTE,MANQUANTE,MANQUANTE,MANQUANTE,A_COMPLETER_PREUVES_SSI,A_VERIFIER,MANQUANTE,B1: référence de preuve absente | B2: référence de preuve absente | B3: référence de preuve absente | B4: référence de preuve absente | B5: référence de preuve absente | B6: référence de preuve absente | B7: référence de preuve absente | exclusions non vérifiées | preuve du contrôle des exclusions absente
VP4.F,Vistin Pharma ASA             N,Allemagne,74277192.0,7895000.0,16324000.0,102842000.0,43230000.0,-0.148,0.67609,0.6116,44344592.0,Yahoo Finance / yfinance get_info,2026-10-08,0.0,-7.202216011597839,-14.540820422643153,False,MANQUANTE,MANQUANTE,MANQUANTE,MANQUANTE,MANQUANTE,MANQUANTE,MANQUANTE,MANQUANTE,MANQUANTE,MANQUANTE,MANQUANTE,MANQUANTE,MANQUANTE,MANQUANTE,MANQUANTE,A_COMPLETER_PREUVES_SSI,A_VERIFIER,MANQUANTE,B1: référence de preuve absente | B2: référence de preuve absente | B3: référence de preuve absente | B4: référence de preuve absente | B5: référence de preuve absente | B6: référence de preuve absente | B7: référence de preuve absente | exclusions non vérifiées | preuve du contrôle des exclusions absente
TD8.SG,Triad Group PLC,Allemagne,74326696.0,4175000.0,350000.0,1957000.0,1384750.0,0.139,0.27109,0.78129995,17447579.0,Yahoo Finance / yfinance get_info,2026-10-08,0.0,5.970155450100467,35.66879256559263,True,MANQUANTE,MANQUANTE,MANQUANTE,MANQUANTE,MANQUANTE,MANQUANTE,MANQUANTE,MANQUANTE,MANQUANTE,MANQUANTE,MANQUANTE,MANQUANTE,MANQUANTE,MANQUANTE,MANQUANTE,A_COMPLETER_PREUVES_SSI,A_VERIFIER,MANQUANTE,B1: référence de preuve absente | B2: référence de preuve absente | B3: référence de preuve absente | B4: référence de preuve absente | B5: référence de preuve absente | B6: référence de preuve absente | B7: référence de preuve absente | exclusions non vérifiées | preuve du contrôle des exclusions absente
SEF0.F,Byrna Technologies Inc.       R,Allemagne,74427120.0,10438000.0,2047000.0,-2624000.0,-4490750.0,-0.425,0.52513003,0.23381001,23404754.0,Yahoo Finance / yfinance get_info,2026-10-08,0.0,7.432433303208819,-38.252427031648,False,MANQUANTE,MANQUANTE,MANQUANTE,MANQUANTE,MANQUANTE,MANQUANTE,MANQUANTE,MANQUANTE,MANQUANTE,MANQUANTE,MANQUANTE,MANQUANTE,MANQUANTE,MANQUANTE,MANQUANTE,A_COMPLETER_PREUVES_SSI,A_VERIFIER,MANQUANTE,B1: référence de preuve absente | B2: référence de preuve absente | B3: référence de preuve absente | B4: référence de preuve absente | B5: référence de preuve absente | B6: référence de preuve absente | B7: référence de preuve absente | exclusions non vérifiées | preuve du contrôle des exclusions absente
9VP.SG,Vranken Pommery Monopole SA,Allemagne,74472840.0,4987000.0,723822016.0,25246000.0,-12117500.0,-0.12,0.26685,0.71028,8886974.0,Yahoo Finance / yfinance get_info,2026-10-08,0.0,-19.42307286713941,-18.640777094558103,False,MANQUANTE,MANQUANTE,MANQUANTE,MANQUANTE,MANQUANTE,MANQUANTE,MANQUANTE,MANQUANTE,MANQUANTE,MANQUANTE,MANQUANTE,MANQUANTE,MANQUANTE,MANQUANTE,MANQUANTE,A_COMPLETER_PREUVES_SSI,A_VERIFIER,MANQUANTE,B1: référence de preuve absente | B2: référence de preuve absente | B3: référence de preuve absente | B4: référence de preuve absente | B5: référence de preuve absente | B6: référence de preuve absente | B7: référence de preuve absente | exclusions non vérifiées | preuve du contrôle des exclusions absente
PW5.F,Powerlong Real Est.Hldgs Ltd. R,Allemagne,74527248.0,5641606144.0,50183393280.0,1364232960.0,4280856576.0,-0.382,-0.00986,0.71602994,4140403000.0,Yahoo Finance / yfinance get_info,2026-10-08,0.0,-18.18182126057051,-32.0754738200301,False,MANQUANTE,MANQUANTE,MANQUANTE,MANQUANTE,MANQUANTE,MANQUANTE,MANQUANTE,MANQUANTE,MANQUANTE,MANQUANTE,MANQUANTE,MANQUANTE,MANQUANTE,MANQUANTE,MANQUANTE,A_COMPLETER_PREUVES_SSI,A_VERIFIER,MANQUANTE,B1: référence de preuve absente | B2: référence de preuve absente | B3: référence de preuve absente | B4: référence de preuve absente | B5: référence de preuve absente | B6: référence de preuve absente | B7: référence de preuve absente | exclusions non vérifiées | preuve du contrôle des exclusions absente
RAP.F,RAPALA VMC OYJ                R,Allemagne,74565984.0,28500000.0,89300000.0,17800000.0,11200000.0,0.074,0.55737996,0.54548,38129841.0,Yahoo Finance / yfinance get_info,2026-10-08,0.0,52.466370685505794,91.01124438293184,True,MANQUANTE,MANQUANTE,MANQUANTE,MANQUANTE,MANQUANTE,MANQUANTE,MANQUANTE,MANQUANTE,MANQUANTE,MANQUANTE,MANQUANTE,MANQUANTE,MANQUANTE,MANQUANTE,MANQUANTE,A_COMPLETER_PREUVES_SSI,A_VERIFIER,MANQUANTE,B1: référence de preuve absente | B2: référence de preuve absente | B3: référence de preuve absente | B4: référence de preuve absente | B5: référence de preuve absente | B6: référence de preuve absente | B7: référence de preuve absente | exclusions non vérifiées | preuve du contrôle des exclusions absente
Z8J.F,ICAPE HOLDING                 A,Allemagne,74569576.0,18341000.0,52732000.0,8893000.0,12752875.0,0.111,0.32549,0.55943,7882619.0,Yahoo Finance / yfinance get_info,2026-10-08,0.0,38.304091039644405,96.67359980633074,True,MANQUANTE,MANQUANTE,MANQUANTE,MANQUANTE,MANQUANTE,MANQUANTE,MANQUANTE,MANQUANTE,MANQUANTE,MANQUANTE,MANQUANTE,MANQUANTE,MANQUANTE,MANQUANTE,MANQUANTE,A_COMPLETER_PREUVES_SSI,A_VERIFIER,MANQUANTE,B1: référence de preuve absente | B2: référence de preuve absente | B3: référence de preuve absente | B4: référence de preuve absente | B5: référence de preuve absente | B6: référence de preuve absente | B7: référence de preuve absente | exclusions non vérifiées | preuve du contrôle des exclusions absente
STC.F,Caravel Minerals Ltd.         R,Allemagne,74874184.0,21973400.0,31286634.0,-19145168.0,-9389419.0,0.894,1.0,0.25208,558762558.0,Yahoo Finance / yfinance get_info,2026-10-08,0.0,3.076929425347008,-21.176469453890856,False,MANQUANTE,MANQUANTE,MANQUANTE,MANQUANTE,MANQUANTE,MANQUANTE,MANQUANTE,MANQUANTE,MANQUANTE,MANQUANTE,MANQUANTE,MANQUANTE,MANQUANTE,MANQUANTE,MANQUANTE,A_COMPLETER_PREUVES_SSI,A_VERIFIER,MANQUANTE,B1: référence de preuve absente | B2: référence de preuve absente | B3: référence de preuve absente | B4: référence de preuve absente | B5: référence de preuve absente | B6: référence de preuve absente | B7: référence de preuve absente | exclusions non vérifiées | preuve du contrôle des exclusions absente
G1MN.F,Globex Mining Enterprises Inc.R,Allemagne,74878648.0,38145544.0,0.0,-2211524.0,-1851443.0,13.68,1.0,0.14439,56941936.0,Yahoo Finance / yfinance get_info,2026-10-08,0.0,14.84716848260419,-12.913902945322098,False,MANQUANTE,MANQUANTE,MANQUANTE,MANQUANTE,MANQUANTE,MANQUANTE,MANQUANTE,MANQUANTE,MANQUANTE,MANQUANTE,MANQUANTE,MANQUANTE,MANQUANTE,MANQUANTE,MANQUANTE,A_COMPLETER_PREUVES_SSI,A_VERIFIER,MANQUANTE,B1: référence de preuve absente | B2: référence de preuve absente | B3: référence de preuve absente | B4: référence de preuve absente | B5: référence de preuve absente | B6: référence de preuve absente | B7: référence de preuve absente | exclusions non vérifiées | preuve du contrôle des exclusions absente
CKS2.F,GOME Retail Holdings Ltd.     R,Allemagne,74921832.0,241614000.0,22598148096.0,-956848512.0,,-0.408,0.06039,0.44107,74921828905.0,Yahoo Finance / yfinance get_info,2026-10-08,0.0,0.0,0.0,False,MANQUANTE,MANQUANTE,MANQUANTE,MANQUANTE,MANQUANTE,MANQUANTE,MANQUANTE,MANQUANTE,MANQUANTE,MANQUANTE,MANQUANTE,MANQUANTE,MANQUANTE,MANQUANTE,MANQUANTE,A_COMPLETER_PREUVES_SSI,A_VERIFIER,MANQUANTE,B1: référence de preuve absente | B2: référence de preuve absente | B3: référence de preuve absente | B4: référence de preuve absente | B5: référence de preuve absente | B6: référence de preuve absente | B7: référence de preuve absente | exclusions non vérifiées | preuve du contrôle des exclusions absente
CKS2.SG,GOME Retail Holdings Ltd.,Allemagne,74921832.0,241614000.0,22598148096.0,-956848512.0,,-0.408,0.06039,0.44107,74921828905.0,Yahoo Finance / yfinance get_info,2026-10-08,0.0,0.0,0.0,True,MANQUANTE,MANQUANTE,MANQUANTE,MANQUANTE,MANQUANTE,MANQUANTE,MANQUANTE,MANQUANTE,MANQUANTE,MANQUANTE,MANQUANTE,MANQUANTE,MANQUANTE,MANQUANTE,MANQUANTE,A_COMPLETER_PREUVES_SSI,A_VERIFIER,MANQUANTE,B1: référence de preuve absente | B2: référence de preuve absente | B3: référence de preuve absente | B4: référence de preuve absente | B5: référence de preuve absente | B6: référence de preuve absente | B7: référence de preuve absente | exclusions non vérifiées | preuve du contrôle des exclusions absente
3WX.F,MediaCo Holding Inc.          R,Allemagne,75197768.0,1807000.0,111803000.0,-18334000.0,6061375.0,0.087,-0.07511,0.00405,78606661.0,Yahoo Finance / yfinance get_info,2026-10-08,0.0,5.294112449698951,34.58645895449513,True,MANQUANTE,MANQUANTE,MANQUANTE,MANQUANTE,MANQUANTE,MANQUANTE,MANQUANTE,MANQUANTE,MANQUANTE,MANQUANTE,MANQUANTE,MANQUANTE,MANQUANTE,MANQUANTE,MANQUANTE,A_COMPLETER_PREUVES_SSI,A_VERIFIER,MANQUANTE,B1: référence de preuve absente | B2: référence de preuve absente | B3: référence de preuve absente | B4: référence de preuve absente | B5: référence de preuve absente | B6: référence de preuve absente | B7: référence de preuve absente | exclusions non vérifiées | preuve du contrôle des exclusions absente
HCE.F,HusCompagniet A/S             N,Allemagne,75222224.0,278256000.0,561129024.0,19011000.0,44792124.0,0.155,0.14949,0.0,21430833.0,Yahoo Finance / yfinance get_info,2026-10-08,0.0,-18.75000344934273,-13.759217630930165,False,MANQUANTE,MANQUANTE,MANQUANTE,MANQUANTE,MANQUANTE,MANQUANTE,MANQUANTE,MANQUANTE,MANQUANTE,MANQUANTE,MANQUANTE,MANQUANTE,MANQUANTE,MANQUANTE,MANQUANTE,A_COMPLETER_PREUVES_SSI,A_VERIFIER,MANQUANTE,B1: référence de preuve absente | B2: référence de preuve absente | B3: référence de preuve absente | B4: référence de preuve absente | B5: référence de preuve absente | B6: référence de preuve absente | B7: référence de preuve absente | exclusions non vérifiées | preuve du contrôle des exclusions absente
TF8.F,Marygold Companies Inc.       R,Allemagne,75245128.0,10728000.0,468000.0,-2099000.0,-2661250.0,0.257,0.92636,0.75328004,42978290.0,Yahoo Finance / yfinance get_info,2026-10-08,0.0,90.1639310089607,92.26520050212798,True,MANQUANTE,MANQUANTE,MANQUANTE,MANQUANTE,MANQUANTE,MANQUANTE,MANQUANTE,MANQUANTE,MANQUANTE,MANQUANTE,MANQUANTE,MANQUANTE,MANQUANTE,MANQUANTE,MANQUANTE,A_COMPLETER_PREUVES_SSI,A_VERIFIER,MANQUANTE,B1: référence de preuve absente | B2: référence de preuve absente | B3: référence de preuve absente | B4: référence de preuve absente | B5: référence de preuve absente | B6: référence de preuve absente | B7: référence de preuve absente | exclusions non vérifiées | preuve du contrôle des exclusions absente
MTB0.F,CareCloud Inc.                R,Allemagne,75299120.0,13395000.0,54014000.0,15121000.0,22634500.0,0.164,0.46502998,0.1525,42493859.0,Yahoo Finance / yfinance get_info,2026-10-08,0.0,-8.091287358942889,-21.31439246724365,False,MANQUANTE,MANQUANTE,MANQUANTE,MANQUANTE,MANQUANTE,MANQUANTE,MANQUANTE,MANQUANTE,MANQUANTE,MANQUANTE,MANQUANTE,MANQUANTE,MANQUANTE,MANQUANTE,MANQUANTE,A_COMPLETER_PREUVES_SSI,A_VERIFIER,MANQUANTE,B1: référence de preuve absente | B2: référence de preuve absente | B3: référence de preuve absente | B4: référence de preuve absente | B5: référence de preuve absente | B6: référence de preuve absente | B7: référence de preuve absente | exclusions non vérifiées | preuve du contrôle des exclusions absente
IJM.SG,Athos Immobilien AG,Allemagne,75356912.0,52923.0,60963768.0,4711581.0,,0.061,0.73623,0.0,1744373.0,Yahoo Finance / yfinance get_info,2026-10-08,0.0,2.857144673665357,8.000001907348642,True,MANQUANTE,MANQUANTE,MANQUANTE,MANQUANTE,MANQUANTE,MANQUANTE,MANQUANTE,MANQUANTE,MANQUANTE,MANQUANTE,MANQUANTE,MANQUANTE,MANQUANTE,MANQUANTE,MANQUANTE,A_COMPLETER_PREUVES_SSI,A_VERIFIER,MANQUANTE,B1: référence de preuve absente | B2: référence de preuve absente | B3: référence de preuve absente | B4: référence de preuve absente | B5: référence de preuve absente | B6: référence de preuve absente | B7: référence de preuve absente | exclusions non vérifiées | preuve du contrôle des exclusions absente
S1Q.F,Qingda Oriental Group Co. Ltd.R,Allemagne,75383536.0,85127000.0,89215000.0,20975000.0,53259752.0,1.05,0.44524,0.41210997,79881500.0,Yahoo Finance / yfinance get_info,2026-10-08,0.0,-61.72042973538549,-69.04347708004406,False,MANQUANTE,MANQUANTE,MANQUANTE,MANQUANTE,MANQUANTE,MANQUANTE,MANQUANTE,MANQUANTE,MANQUANTE,MANQUANTE,MANQUANTE,MANQUANTE,MANQUANTE,MANQUANTE,MANQUANTE,A_COMPLETER_PREUVES_SSI,A_VERIFIER,MANQUANTE,B1: référence de preuve absente | B2: référence de preuve absente | B3: référence de preuve absente | B4: référence de preuve absente | B5: référence de preuve absente | B6: référence de preuve absente | B7: référence de preuve absente | exclusions non vérifiées | preuve du contrôle des exclusions absente
W1M.F,SINGAPORE SHIPPING CORP. LTD. R,Allemagne,75499112.0,99237000.0,19079000.0,18708000.0,16034000.0,0.083,0.44182,0.5844,405909187.0,Yahoo Finance / yfinance get_info,2026-10-08,0.0,-3.62694256513525,-3.62694256513525,False,MANQUANTE,MANQUANTE,MANQUANTE,MANQUANTE,MANQUANTE,MANQUANTE,MANQUANTE,MANQUANTE,MANQUANTE,MANQUANTE,MANQUANTE,MANQUANTE,MANQUANTE,MANQUANTE,MANQUANTE,A_COMPLETER_PREUVES_SSI,A_VERIFIER,MANQUANTE,B1: référence de preuve absente | B2: référence de preuve absente | B3: référence de preuve absente | B4: référence de preuve absente | B5: référence de preuve absente | B6: référence de preuve absente | B7: référence de preuve absente | exclusions non vérifiées | preuve du contrôle des exclusions absente
XE7C.F,Cardiff Oncology Inc.         R,Allemagne,75578080.0,34520000.0,457000.0,-41915000.0,-24304250.0,-0.141,0.0,0.06204,77795249.0,Yahoo Finance / yfinance get_info,2026-10-08,0.0,-10.129509152152847,-23.56412601443961,False,MANQUANTE,MANQUANTE,MANQUANTE,MANQUANTE,MANQUANTE,MANQUANTE,MANQUANTE,MANQUANTE,MANQUANTE,MANQUANTE,MANQUANTE,MANQUANTE,MANQUANTE,MANQUANTE,MANQUANTE,A_COMPLETER_PREUVES_SSI,A_VERIFIER,MANQUANTE,B1: référence de preuve absente | B2: référence de preuve absente | B3: référence de preuve absente | B4: référence de preuve absente | B5: référence de preuve absente | B6: référence de preuve absente | B7: référence de preuve absente | exclusions non vérifiées | preuve du contrôle des exclusions absente
5HN.F,SPEEDY HIRE PLC               R,Allemagne,75610416.0,14400000.0,287800000.0,50000000.0,84037504.0,-0.01,0.55395,0.018509999,461039106.0,Yahoo Finance / yfinance get_info,2026-10-08,0.0,-29.31034084094962,-30.508473078021726,False,MANQUANTE,MANQUANTE,MANQUANTE,MANQUANTE,MANQUANTE,MANQUANTE,MANQUANTE,MANQUANTE,MANQUANTE,MANQUANTE,MANQUANTE,MANQUANTE,MANQUANTE,MANQUANTE,MANQUANTE,A_COMPLETER_PREUVES_SSI,A_VERIFIER,MANQUANTE,B1: référence de preuve absente | B2: référence de preuve absente | B3: référence de preuve absente | B4: référence de preuve absente | B5: référence de preuve absente | B6: référence de preuve absente | B7: référence de preuve absente | exclusions non vérifiées | preuve du contrôle des exclusions absente
3GX.F,HF Foods Group Inc.           R,Allemagne,75619832.0,18104000.0,234064992.0,33739000.0,-7757875.0,0.028,0.16554001,0.25901,55602816.0,Yahoo Finance / yfinance get_info,2026-10-08,0.0,-6.206898649580772,-24.02234395037484,False,MANQUANTE,MANQUANTE,MANQUANTE,MANQUANTE,MANQUANTE,MANQUANTE,MANQUANTE,MANQUANTE,MANQUANTE,MANQUANTE,MANQUANTE,MANQUANTE,MANQUANTE,MANQUANTE,MANQUANTE,A_COMPLETER_PREUVES_SSI,A_VERIFIER,MANQUANTE,B1: référence de preuve absente | B2: référence de preuve absente | B3: référence de preuve absente | B4: référence de preuve absente | B5: référence de preuve absente | B6: référence de preuve absente | B7: référence de preuve absente | exclusions non vérifiées | preuve du contrôle des exclusions absente
EQ4.F,F-TECH INC.                   R,Allemagne,75778512.0,18809999360.0,62294999040.0,20578250752.0,,0.101,0.09244,0.30809,18573166.0,Yahoo Finance / yfinance get_info,2026-10-08,0.0,12.087906761570366,-1.4492740269210325,True,MANQUANTE,MANQUANTE,MANQUANTE,MANQUANTE,MANQUANTE,MANQUANTE,MANQUANTE,MANQUANTE,MANQUANTE,MANQUANTE,MANQUANTE,MANQUANTE,MANQUANTE,MANQUANTE,MANQUANTE,A_COMPLETER_PREUVES_SSI,A_VERIFIER,MANQUANTE,B1: référence de preuve absente | B2: référence de preuve absente | B3: référence de preuve absente | B4: référence de preuve absente | B5: référence de preuve absente | B6: référence de preuve absente | B7: référence de preuve absente | exclusions non vérifiées | preuve du contrôle des exclusions absente
Y7I.F,Haugesund Sparebank           N,Allemagne,75968920.0,2212633088.0,5413276160.0,,,0.313,0.0,0.6368,5239236.0,Yahoo Finance / yfinance get_info,2026-10-08,0.0,3.571428571428581,-10.49383137578934,True,MANQUANTE,MANQUANTE,MANQUANTE,MANQUANTE,MANQUANTE,MANQUANTE,MANQUANTE,MANQUANTE,MANQUANTE,MANQUANTE,MANQUANTE,MANQUANTE,MANQUANTE,MANQUANTE,MANQUANTE,A_COMPLETER_PREUVES_SSI,A_VERIFIER,MANQUANTE,B1: référence de preuve absente | B2: référence de preuve absente | B3: référence de preuve absente | B4: référence de preuve absente | B5: référence de preuve absente | B6: référence de preuve absente | B7: référence de preuve absente | exclusions non vérifiées | preuve du contrôle des exclusions absente
X5X.F,Techno Horizon Co. Ltd.       R,Allemagne,76010264.0,5808000000.0,14332999680.0,4074249984.0,,0.274,0.22837,0.120299995,13476998.0,Yahoo Finance / yfinance get_info,2026-10-08,0.0,8.880309911023843,16.168894836830837,,MANQUANTE,MANQUANTE,MANQUANTE,MANQUANTE,MANQUANTE,MANQUANTE,MANQUANTE,MANQUANTE,MANQUANTE,MANQUANTE,MANQUANTE,MANQUANTE,MANQUANTE,MANQUANTE,MANQUANTE,A_COMPLETER_PREUVES_SSI,A_VERIFIER,MANQUANTE,B1: référence de preuve absente | B2: référence de preuve absente | B3: référence de preuve absente | B4: référence de preuve absente | B5: référence de preuve absente | B6: référence de preuve absente | B7: référence de preuve absente | exclusions non vérifiées | preuve du contrôle des exclusions absente
7GD.F,Geodrill Ltd.                 R,Allemagne,76020992.0,10836264.0,12803624.0,18397348.0,5148112.0,0.095,0.12629,0.41771,47513120.0,Yahoo Finance / yfinance get_info,2026-10-08,0.0,-3.0303001841675226,-17.098442107489355,False,MANQUANTE,MANQUANTE,MANQUANTE,MANQUANTE,MANQUANTE,MANQUANTE,MANQUANTE,MANQUANTE,MANQUANTE,MANQUANTE,MANQUANTE,MANQUANTE,MANQUANTE,MANQUANTE,MANQUANTE,A_COMPLETER_PREUVES_SSI,A_VERIFIER,MANQUANTE,B1: référence de preuve absente | B2: référence de preuve absente | B3: référence de preuve absente | B4: référence de preuve absente | B5: référence de preuve absente | B6: référence de preuve absente | B7: référence de preuve absente | exclusions non vérifiées | preuve du contrôle des exclusions absente
F7K.F,Maronan Metals Ltd.           R,Allemagne,76053224.0,33405478.0,160559.0,-9636303.0,-4076690.0,,1.0,0.42668998,314269541.0,Yahoo Finance / yfinance get_info,2026-10-08,0.0,4.310347263864123,30.10752309139162,False,MANQUANTE,MANQUANTE,MANQUANTE,MANQUANTE,MANQUANTE,MANQUANTE,MANQUANTE,MANQUANTE,MANQUANTE,MANQUANTE,MANQUANTE,MANQUANTE,MANQUANTE,MANQUANTE,MANQUANTE,A_COMPLETER_PREUVES_SSI,A_VERIFIER,MANQUANTE,B1: référence de preuve absente | B2: référence de preuve absente | B3: référence de preuve absente | B4: référence de preuve absente | B5: référence de preuve absente | B6: référence de preuve absente | B7: référence de preuve absente | exclusions non vérifiées | preuve du contrôle des exclusions absente
3IYA.F,Crypto Flow Technology Ltd.   R,Allemagne,76070240.0,16875000.0,7856000.0,-56540000.0,-59678752.0,-0.18,0.11768,0.43243998,784229253.0,Yahoo Finance / yfinance get_info,2026-10-08,0.0,-30.21582456165929,-39.75155043807101,False,MANQUANTE,MANQUANTE,MANQUANTE,MANQUANTE,MANQUANTE,MANQUANTE,MANQUANTE,MANQUANTE,MANQUANTE,MANQUANTE,MANQUANTE,MANQUANTE,MANQUANTE,MANQUANTE,MANQUANTE,A_COMPLETER_PREUVES_SSI,A_VERIFIER,MANQUANTE,B1: référence de preuve absente | B2: référence de preuve absente | B3: référence de preuve absente | B4: référence de preuve absente | B5: référence de preuve absente | B6: référence de preuve absente | B7: référence de preuve absente | exclusions non vérifiées | preuve du contrôle des exclusions absente
43Y.F,Shepherd Neame Ltd.           R,Allemagne,76201688.0,2682000.0,135120992.0,25476000.0,4598125.0,-0.017,0.083100006,0.50175,14654172.0,Yahoo Finance / yfinance get_info,2026-10-08,0.0,-4.587156123840474,0.0,False,MANQUANTE,MANQUANTE,MANQUANTE,MANQUANTE,MANQUANTE,MANQUANTE,MANQUANTE,MANQUANTE,MANQUANTE,MANQUANTE,MANQUANTE,MANQUANTE,MANQUANTE,MANQUANTE,MANQUANTE,A_COMPLETER_PREUVES_SSI,A_VERIFIER,MANQUANTE,B1: référence de preuve absente | B2: référence de preuve absente | B3: référence de preuve absente | B4: référence de preuve absente | B5: référence de preuve absente | B6: référence de preuve absente | B7: référence de preuve absente | exclusions non vérifiées | preuve du contrôle des exclusions absente
0DY.F,"FLANIGANS ENTER. DL-,1",Allemagne,76204528.0,28843000.0,57728000.0,16780000.0,2678625.0,0.083,0.23583001,0.79147005,1858647.0,Yahoo Finance / yfinance get_info,2026-10-08,0.0,12.021862593764943,68.0327895122714,True,MANQUANTE,MANQUANTE,MANQUANTE,MANQUANTE,MANQUANTE,MANQUANTE,MANQUANTE,MANQUANTE,MANQUANTE,MANQUANTE,MANQUANTE,MANQUANTE,MANQUANTE,MANQUANTE,MANQUANTE,A_COMPLETER_PREUVES_SSI,A_VERIFIER,MANQUANTE,B1: référence de preuve absente | B2: référence de preuve absente | B3: référence de preuve absente | B4: référence de preuve absente | B5: référence de preuve absente | B6: référence de preuve absente | B7: référence de preuve absente | exclusions non vérifiées | preuve du contrôle des exclusions absente
2T8.F,Townsquare Media Inc.         R,Allemagne,76208256.0,1170000.0,488188992.0,71891000.0,29083624.0,-0.001,0.21603,0.105059996,16916343.0,Yahoo Finance / yfinance get_info,2026-10-08,0.0,-21.86916069439257,-22.592597138570905,False,MANQUANTE,MANQUANTE,MANQUANTE,MANQUANTE,MANQUANTE,MANQUANTE,MANQUANTE,MANQUANTE,MANQUANTE,MANQUANTE,MANQUANTE,MANQUANTE,MANQUANTE,MANQUANTE,MANQUANTE,A_COMPLETER_PREUVES_SSI,A_VERIFIER,MANQUANTE,B1: référence de preuve absente | B2: référence de preuve absente | B3: référence de preuve absente | B4: référence de preuve absente | B5: référence de preuve absente | B6: référence de preuve absente | B7: référence de preuve absente | exclusions non vérifiées | preuve du contrôle des exclusions absente
04T.F,Tian Ge Interactive Hldgs Ltd.R,Allemagne,76296760.0,882651008.0,182616000.0,7440000.0,23727750.0,0.933,0.44401002,0.79997003,1105750162.0,Yahoo Finance / yfinance get_info,2026-10-08,0.0,11.290321611526966,-9.210525670829217,False,MANQUANTE,MANQUANTE,MANQUANTE,MANQUANTE,MANQUANTE,MANQUANTE,MANQUANTE,MANQUANTE,MANQUANTE,MANQUANTE,MANQUANTE,MANQUANTE,MANQUANTE,MANQUANTE,MANQUANTE,A_COMPLETER_PREUVES_SSI,A_VERIFIER,MANQUANTE,B1: référence de preuve absente | B2: référence de preuve absente | B3: référence de preuve absente | B4: référence de preuve absente | B5: référence de preuve absente | B6: référence de preuve absente | B7: référence de preuve absente | exclusions non vérifiées | preuve du contrôle des exclusions absente
51L.F,LGL Group Inc.                R,Allemagne,76309552.0,45156000.0,0.0,-972000.0,117375.0,0.248,0.6885,0.46643,12613149.0,Yahoo Finance / yfinance get_info,2026-10-08,0.0,1.6806787340397866,3.418808365174786,True,MANQUANTE,MANQUANTE,MANQUANTE,MANQUANTE,MANQUANTE,MANQUANTE,MANQUANTE,MANQUANTE,MANQUANTE,MANQUANTE,MANQUANTE,MANQUANTE,MANQUANTE,MANQUANTE,MANQUANTE,A_COMPLETER_PREUVES_SSI,A_VERIFIER,MANQUANTE,B1: référence de preuve absente | B2: référence de preuve absente | B3: référence de preuve absente | B4: référence de preuve absente | B5: référence de preuve absente | B6: référence de preuve absente | B7: référence de preuve absente | exclusions non vérifiées | preuve du contrôle des exclusions absente
QE1.F,Questerre Energy Corp.        R,Allemagne,76335840.0,59464000.0,113256000.0,36347000.0,88279504.0,3.179,0.40245998,0.05567,452763000.0,Yahoo Finance / yfinance get_info,2026-10-08,0.0,26.957828030049622,7.80051041242491,True,MANQUANTE,MANQUANTE,MANQUANTE,MANQUANTE,MANQUANTE,MANQUANTE,MANQUANTE,MANQUANTE,MANQUANTE,MANQUANTE,MANQUANTE,MANQUANTE,MANQUANTE,MANQUANTE,MANQUANTE,A_COMPLETER_PREUVES_SSI,A_VERIFIER,MANQUANTE,B1: référence de preuve absente | B2: référence de preuve absente | B3: référence de preuve absente | B4: référence de preuve absente | B5: référence de preuve absente | B6: référence de preuve absente | B7: référence de preuve absente | exclusions non vérifiées | preuve du contrôle des exclusions absente
6JC.F,James Cropper PLC             R,Allemagne,76438424.0,13059000.0,21111000.0,8225000.0,6625375.0,0.035,0.56158,0.2392,9554803.0,Yahoo Finance / yfinance get_info,2026-10-08,0.0,85.18517782658736,116.21621342973177,True,MANQUANTE,MANQUANTE,MANQUANTE,MANQUANTE,MANQUANTE,MANQUANTE,MANQUANTE,MANQUANTE,MANQUANTE,MANQUANTE,MANQUANTE,MANQUANTE,MANQUANTE,MANQUANTE,MANQUANTE,A_COMPLETER_PREUVES_SSI,A_VERIFIER,MANQUANTE,B1: référence de preuve absente | B2: référence de preuve absente | B3: référence de preuve absente | B4: référence de preuve absente | B5: référence de preuve absente | B6: référence de preuve absente | B7: référence de preuve absente | exclusions non vérifiées | preuve du contrôle des exclusions absente
Q29.F,PhenixFIN Corp.               R,Allemagne,76478408.0,2178083.0,149173392.0,,3376795.0,0.048,1.0,0.28045,1931273.0,Yahoo Finance / yfinance get_info,2026-10-08,0.0,8.19672165320231,15.11626952786691,True,MANQUANTE,MANQUANTE,MANQUANTE,MANQUANTE,MANQUANTE,MANQUANTE,MANQUANTE,MANQUANTE,MANQUANTE,MANQUANTE,MANQUANTE,MANQUANTE,MANQUANTE,MANQUANTE,MANQUANTE,A_COMPLETER_PREUVES_SSI,A_VERIFIER,MANQUANTE,B1: référence de preuve absente | B2: référence de preuve absente | B3: référence de preuve absente | B4: référence de preuve absente | B5: référence de preuve absente | B6: référence de preuve absente | B7: référence de preuve absente | exclusions non vérifiées | preuve du contrôle des exclusions absente
ZE6.F,PesoRama Inc.                 R,Allemagne,76482800.0,3957610.0,34194140.0,-7340797.0,-8554300.0,0.589,0.33213,0.07751,212452231.0,Yahoo Finance / yfinance get_info,2026-10-08,0.0,17.6470656983444,60.7142871397794,True,MANQUANTE,MANQUANTE,MANQUANTE,MANQUANTE,MANQUANTE,MANQUANTE,MANQUANTE,MANQUANTE,MANQUANTE,MANQUANTE,MANQUANTE,MANQUANTE,MANQUANTE,MANQUANTE,MANQUANTE,A_COMPLETER_PREUVES_SSI,A_VERIFIER,MANQUANTE,B1: référence de preuve absente | B2: référence de preuve absente | B3: référence de preuve absente | B4: référence de preuve absente | B5: référence de preuve absente | B6: référence de preuve absente | B7: référence de preuve absente | exclusions non vérifiées | preuve du contrôle des exclusions absente
4G8.F,GUERBET S.A.                  A,Allemagne,76529000.0,115524000.0,441220992.0,45975000.0,74221248.0,-0.052,0.72196996,0.63214,12545738.0,Yahoo Finance / yfinance get_info,2026-10-08,0.0,-26.32850119134428,-32.22222328186035,False,MANQUANTE,MANQUANTE,MANQUANTE,MANQUANTE,MANQUANTE,MANQUANTE,MANQUANTE,MANQUANTE,MANQUANTE,MANQUANTE,MANQUANTE,MANQUANTE,MANQUANTE,MANQUANTE,MANQUANTE,A_COMPLETER_PREUVES_SSI,A_VERIFIER,MANQUANTE,B1: référence de preuve absente | B2: référence de preuve absente | B3: référence de preuve absente | B4: référence de preuve absente | B5: référence de preuve absente | B6: référence de preuve absente | B7: référence de preuve absente | exclusions non vérifiées | preuve du contrôle des exclusions absente
O29.F,PLC S.p.A.                    A,Allemagne,76583704.0,27122000.0,2880000.0,20850000.0,12049375.0,0.912,0.39558,0.73525,25960575.0,Yahoo Finance / yfinance get_info,2026-10-08,0.0,-2.640261533380839,13.026826293240434,True,MANQUANTE,MANQUANTE,MANQUANTE,MANQUANTE,MANQUANTE,MANQUANTE,MANQUANTE,MANQUANTE,MANQUANTE,MANQUANTE,MANQUANTE,MANQUANTE,MANQUANTE,MANQUANTE,MANQUANTE,A_COMPLETER_PREUVES_SSI,A_VERIFIER,MANQUANTE,B1: référence de preuve absente | B2: référence de preuve absente | B3: référence de preuve absente | B4: référence de preuve absente | B5: référence de preuve absente | B6: référence de preuve absente | B7: référence de preuve absente | exclusions non vérifiées | preuve du contrôle des exclusions absente
E5T.F,Eurotech S.p.A.               A,Allemagne,76742008.0,10958000.0,18221000.0,-4787000.0,2089125.0,0.099,0.48736998,0.38459998,59489927.0,Yahoo Finance / yfinance get_info,2026-10-08,0.0,8.221470452548264,39.30885131550541,True,MANQUANTE,MANQUANTE,MANQUANTE,MANQUANTE,MANQUANTE,MANQUANTE,MANQUANTE,MANQUANTE,MANQUANTE,MANQUANTE,MANQUANTE,MANQUANTE,MANQUANTE,MANQUANTE,MANQUANTE,A_COMPLETER_PREUVES_SSI,A_VERIFIER,MANQUANTE,B1: référence de preuve absente | B2: référence de preuve absente | B3: référence de preuve absente | B4: référence de preuve absente | B5: référence de preuve absente | B6: référence de preuve absente | B7: référence de preuve absente | exclusions non vérifiées | preuve du contrôle des exclusions absente
NF00.F,New Fortress Energy Inc.      R,Allemagne,76874808.0,161191008.0,9113667584.0,-55552000.0,2014625.0,0.027,0.22026,0.41289002,16321615.0,Yahoo Finance / yfinance get_info,2026-10-08,0.0,-68.91089005450485,-82.87272713401101,False,MANQUANTE,MANQUANTE,MANQUANTE,MANQUANTE,MANQUANTE,MANQUANTE,MANQUANTE,MANQUANTE,MANQUANTE,MANQUANTE,MANQUANTE,MANQUANTE,MANQUANTE,MANQUANTE,MANQUANTE,A_COMPLETER_PREUVES_SSI,A_VERIFIER,MANQUANTE,B1: référence de preuve absente | B2: référence de preuve absente | B3: référence de preuve absente | B4: référence de preuve absente | B5: référence de preuve absente | B6: référence de preuve absente | B7: référence de preuve absente | exclusions non vérifiées | preuve du contrôle des exclusions absente
L1PA.F,Lee s Pharmaceutical Hldgs LtdR,Allemagne,77180184.0,364388992.0,249840000.0,240912992.0,-11082500.0,0.146,0.53128,0.49300998,588835343.0,Yahoo Finance / yfinance get_info,2026-10-08,0.0,15.88784773408698,4.20167656842545,False,MANQUANTE,MANQUANTE,MANQUANTE,MANQUANTE,MANQUANTE,MANQUANTE,MANQUANTE,MANQUANTE,MANQUANTE,MANQUANTE,MANQUANTE,MANQUANTE,MANQUANTE,MANQUANTE,MANQUANTE,A_COMPLETER_PREUVES_SSI,A_VERIFIER,MANQUANTE,B1: référence de preuve absente | B2: référence de preuve absente | B3: référence de preuve absente | B4: référence de preuve absente | B5: référence de preuve absente | B6: référence de preuve absente | B7: référence de preuve absente | exclusions non vérifiées | preuve du contrôle des exclusions absente
TJI.F,Dynasty Digital Holdings Ltd. R,Allemagne,77551224.0,351759008.0,943524992.0,-70384000.0,566490880.0,-0.624,0.22367,0.28422,1773062926.0,Yahoo Finance / yfinance get_info,2026-10-08,0.0,-49.18032620026411,-56.94444454025952,False,MANQUANTE,MANQUANTE,MANQUANTE,MANQUANTE,MANQUANTE,MANQUANTE,MANQUANTE,MANQUANTE,MANQUANTE,MANQUANTE,MANQUANTE,MANQUANTE,MANQUANTE,MANQUANTE,MANQUANTE,A_COMPLETER_PREUVES_SSI,A_VERIFIER,MANQUANTE,B1: référence de preuve absente | B2: référence de preuve absente | B3: référence de preuve absente | B4: référence de preuve absente | B5: référence de preuve absente | B6: référence de preuve absente | B7: référence de preuve absente | exclusions non vérifiées | preuve du contrôle des exclusions absente
CQH3.F,Cheuk Nang Holdings Ltd.      R,Allemagne,77668544.0,553617024.0,1186080000.0,-53279000.0,,0.868,-0.02164,0.71666,652676781.0,Yahoo Finance / yfinance get_info,2026-10-08,0.0,0.0,7.207208295677692,True,MANQUANTE,MANQUANTE,MANQUANTE,MANQUANTE,MANQUANTE,MANQUANTE,MANQUANTE,MANQUANTE,MANQUANTE,MANQUANTE,MANQUANTE,MANQUANTE,MANQUANTE,MANQUANTE,MANQUANTE,A_COMPLETER_PREUVES_SSI,A_VERIFIER,MANQUANTE,B1: référence de preuve absente | B2: référence de preuve absente | B3: référence de preuve absente | B4: référence de preuve absente | B5: référence de preuve absente | B6: référence de preuve absente | B7: référence de preuve absente | exclusions non vérifiées | preuve du contrôle des exclusions absente
X0T.F,DEL MONTE PACIFIC LTD.        R,Allemagne,77758400.0,3996000.0,1031004992.0,336167008.0,105831128.0,0.09,0.33491,0.79303,1943960024.0,Yahoo Finance / yfinance get_info,2026-10-08,0.0,-18.36734662846394,-29.203540173102702,False,MANQUANTE,MANQUANTE,MANQUANTE,MANQUANTE,MANQUANTE,MANQUANTE,MANQUANTE,MANQUANTE,MANQUANTE,MANQUANTE,MANQUANTE,MANQUANTE,MANQUANTE,MANQUANTE,MANQUANTE,A_COMPLETER_PREUVES_SSI,A_VERIFIER,MANQUANTE,B1: référence de preuve absente | B2: référence de preuve absente | B3: référence de preuve absente | B4: référence de preuve absente | B5: référence de preuve absente | B6: référence de preuve absente | B7: référence de preuve absente | exclusions non vérifiées | preuve du contrôle des exclusions absente
4QU.F,Orthex Oyj                    R,Allemagne,77783784.0,10303000.0,22246000.0,12375000.0,8652375.0,0.052,0.28134,0.28554,17758854.0,Yahoo Finance / yfinance get_info,2026-10-08,0.0,5.035972045679404,-7.594929832503395,False,MANQUANTE,MANQUANTE,MANQUANTE,MANQUANTE,MANQUANTE,MANQUANTE,MANQUANTE,MANQUANTE,MANQUANTE,MANQUANTE,MANQUANTE,MANQUANTE,MANQUANTE,MANQUANTE,MANQUANTE,A_COMPLETER_PREUVES_SSI,A_VERIFIER,MANQUANTE,B1: référence de preuve absente | B2: référence de preuve absente | B3: référence de preuve absente | B4: référence de preuve absente | B5: référence de preuve absente | B6: référence de preuve absente | B7: référence de preuve absente | exclusions non vérifiées | preuve du contrôle des exclusions absente
T57.F,Trace group Hold AD - Sofia   R,Allemagne,77924000.0,11473000.0,40670000.0,10880523.0,31388648.0,-0.238,0.1966,0.81209,24200000.0,Yahoo Finance / yfinance get_info,2026-10-08,0.0,1.898732314868545,-6.395349562522712,,MANQUANTE,MANQUANTE,MANQUANTE,MANQUANTE,MANQUANTE,MANQUANTE,MANQUANTE,MANQUANTE,MANQUANTE,MANQUANTE,MANQUANTE,MANQUANTE,MANQUANTE,MANQUANTE,MANQUANTE,A_COMPLETER_PREUVES_SSI,A_VERIFIER,MANQUANTE,B1: référence de preuve absente | B2: référence de preuve absente | B3: référence de preuve absente | B4: référence de preuve absente | B5: référence de preuve absente | B6: référence de preuve absente | B7: référence de preuve absente | exclusions non vérifiées | preuve du contrôle des exclusions absente
929.F,Topps Tiles PLC               R,Allemagne,77928976.0,15928000.0,118083000.0,19138000.0,16300905.0,-0.002,0.527,0.32317,195801455.0,Yahoo Finance / yfinance get_info,2026-10-08,0.0,3.1088068100003863,1.015230499787978,False,MANQUANTE,MANQUANTE,MANQUANTE,MANQUANTE,MANQUANTE,MANQUANTE,MANQUANTE,MANQUANTE,MANQUANTE,MANQUANTE,MANQUANTE,MANQUANTE,MANQUANTE,MANQUANTE,MANQUANTE,A_COMPLETER_PREUVES_SSI,A_VERIFIER,MANQUANTE,B1: référence de preuve absente | B2: référence de preuve absente | B3: référence de preuve absente | B4: référence de preuve absente | B5: référence de preuve absente | B6: référence de preuve absente | B7: référence de preuve absente | exclusions non vérifiées | preuve du contrôle des exclusions absente
HA5.F,China Harmony Auto Holding LtdR,Allemagne,78098424.0,1913907968.0,7017421824.0,161480000.0,-1387199232.0,0.261,0.073359996,0.55008,1493277677.0,Yahoo Finance / yfinance get_info,2026-10-08,0.0,-34.70661827354886,-55.06873096389515,False,MANQUANTE,MANQUANTE,MANQUANTE,MANQUANTE,MANQUANTE,MANQUANTE,MANQUANTE,MANQUANTE,MANQUANTE,MANQUANTE,MANQUANTE,MANQUANTE,MANQUANTE,MANQUANTE,MANQUANTE,A_COMPLETER_PREUVES_SSI,A_VERIFIER,MANQUANTE,B1: référence de preuve absente | B2: référence de preuve absente | B3: référence de preuve absente | B4: référence de preuve absente | B5: référence de preuve absente | B6: référence de preuve absente | B7: référence de preuve absente | exclusions non vérifiées | preuve du contrôle des exclusions absente
6WU.F,Sourcenext Corp.              R,Allemagne,78147960.0,4570999808.0,4384000000.0,-238666608.0,,,0.51736,0.40574002,138314976.0,Yahoo Finance / yfinance get_info,2026-10-08,0.0,0.0,-13.076920255401326,False,MANQUANTE,MANQUANTE,MANQUANTE,MANQUANTE,MANQUANTE,MANQUANTE,MANQUANTE,MANQUANTE,MANQUANTE,MANQUANTE,MANQUANTE,MANQUANTE,MANQUANTE,MANQUANTE,MANQUANTE,A_COMPLETER_PREUVES_SSI,A_VERIFIER,MANQUANTE,B1: référence de preuve absente | B2: référence de preuve absente | B3: référence de preuve absente | B4: référence de preuve absente | B5: référence de preuve absente | B6: référence de preuve absente | B7: référence de preuve absente | exclusions non vérifiées | preuve du contrôle des exclusions absente
OFZ.F,OFX Group Ltd.                R,Allemagne,78205048.0,109277000.0,35014000.0,386000.0,25718250.0,-0.112,0.92305,0.23774,232753119.0,Yahoo Finance / yfinance get_info,2026-10-08,0.0,9.09090821126557,11.999994039535755,False,MANQUANTE,MANQUANTE,MANQUANTE,MANQUANTE,MANQUANTE,MANQUANTE,MANQUANTE,MANQUANTE,MANQUANTE,MANQUANTE,MANQUANTE,MANQUANTE,MANQUANTE,MANQUANTE,MANQUANTE,A_COMPLETER_PREUVES_SSI,A_VERIFIER,MANQUANTE,B1: référence de preuve absente | B2: référence de preuve absente | B3: référence de preuve absente | B4: référence de preuve absente | B5: référence de preuve absente | B6: référence de preuve absente | B7: référence de preuve absente | exclusions non vérifiées | preuve du contrôle des exclusions absente
SAT.F,Saga Pure ASA                 N,Allemagne,78376816.0,313472992.0,0.0,62803000.0,40322248.0,,1.0,0.57299,642432875.0,Yahoo Finance / yfinance get_info,2026-10-08,0.0,0.826447960311194,9.909909728498167,True,MANQUANTE,MANQUANTE,MANQUANTE,MANQUANTE,MANQUANTE,MANQUANTE,MANQUANTE,MANQUANTE,MANQUANTE,MANQUANTE,MANQUANTE,MANQUANTE,MANQUANTE,MANQUANTE,MANQUANTE,A_COMPLETER_PREUVES_SSI,A_VERIFIER,MANQUANTE,B1: référence de preuve absente | B2: référence de preuve absente | B3: référence de preuve absente | B4: référence de preuve absente | B5: référence de preuve absente | B6: référence de preuve absente | B7: référence de preuve absente | exclusions non vérifiées | preuve du contrôle des exclusions absente
R8C.F,Raccoon Holdings Inc.         R,Allemagne,78480480.0,5207083008.0,2870000128.0,1519051008.0,1077901824.0,0.139,0.83768,0.26841998,20331733.0,Yahoo Finance / yfinance get_info,2026-10-08,0.0,16.969695480949156,8.426965088152594,True,MANQUANTE,MANQUANTE,MANQUANTE,MANQUANTE,MANQUANTE,MANQUANTE,MANQUANTE,MANQUANTE,MANQUANTE,MANQUANTE,MANQUANTE,MANQUANTE,MANQUANTE,MANQUANTE,MANQUANTE,A_COMPLETER_PREUVES_SSI,A_VERIFIER,MANQUANTE,B1: référence de preuve absente | B2: référence de preuve absente | B3: référence de preuve absente | B4: référence de preuve absente | B5: référence de preuve absente | B6: référence de preuve absente | B7: référence de preuve absente | exclusions non vérifiées | preuve du contrôle des exclusions absente
33Z.F,Zeder Investments Ltd.        R,Allemagne,78522424.0,231000000.0,0.0,,-999750016.0,,1.0,0.49085,1539655409.0,Yahoo Finance / yfinance get_info,2026-10-08,0.0,-3.773585568759408,-18.400001525878903,False,MANQUANTE,MANQUANTE,MANQUANTE,MANQUANTE,MANQUANTE,MANQUANTE,MANQUANTE,MANQUANTE,MANQUANTE,MANQUANTE,MANQUANTE,MANQUANTE,MANQUANTE,MANQUANTE,MANQUANTE,A_COMPLETER_PREUVES_SSI,A_VERIFIER,MANQUANTE,B1: référence de preuve absente | B2: référence de preuve absente | B3: référence de preuve absente | B4: référence de preuve absente | B5: référence de preuve absente | B6: référence de preuve absente | B7: référence de preuve absente | exclusions non vérifiées | preuve du contrôle des exclusions absente
XE1.F,AXON PARTNERS GROUP S.A.      A,Allemagne,78556120.0,7659208.0,2049980.0,8638951.0,1332533.0,0.12,0.6603,0.87931,5207400.0,Yahoo Finance / yfinance get_info,2026-10-08,0.0,-9.14634167616174,12.030070713156938,False,MANQUANTE,MANQUANTE,MANQUANTE,MANQUANTE,MANQUANTE,MANQUANTE,MANQUANTE,MANQUANTE,MANQUANTE,MANQUANTE,MANQUANTE,MANQUANTE,MANQUANTE,MANQUANTE,MANQUANTE,A_COMPLETER_PREUVES_SSI,A_VERIFIER,MANQUANTE,B1: référence de preuve absente | B2: référence de preuve absente | B3: référence de preuve absente | B4: référence de preuve absente | B5: référence de preuve absente | B6: référence de preuve absente | B7: référence de preuve absente | exclusions non vérifiées | preuve du contrôle des exclusions absente
74D.F,HLS Therapeutics Inc.         R,Allemagne,78575048.0,13730000.0,41904000.0,17010000.0,20510624.0,0.035,0.70071,0.0055299997,30935061.0,Yahoo Finance / yfinance get_info,2026-10-08,0.0,3.252029368516429,-4.5112827107366975,True,MANQUANTE,MANQUANTE,MANQUANTE,MANQUANTE,MANQUANTE,MANQUANTE,MANQUANTE,MANQUANTE,MANQUANTE,MANQUANTE,MANQUANTE,MANQUANTE,MANQUANTE,MANQUANTE,MANQUANTE,A_COMPLETER_PREUVES_SSI,A_VERIFIER,MANQUANTE,B1: référence de preuve absente | B2: référence de preuve absente | B3: référence de preuve absente | B4: référence de preuve absente | B5: référence de preuve absente | B6: référence de preuve absente | B7: référence de preuve absente | exclusions non vérifiées | preuve du contrôle des exclusions absente
OXQ1.F,Arq Inc.                      R,Allemagne,78603272.0,906000.0,38063000.0,5102000.0,-298250.0,0.045,0.33091998,0.25952998,43668483.0,Yahoo Finance / yfinance get_info,2026-10-08,0.0,-5.26315921561541,7.142857649699375,False,MANQUANTE,MANQUANTE,MANQUANTE,MANQUANTE,MANQUANTE,MANQUANTE,MANQUANTE,MANQUANTE,MANQUANTE,MANQUANTE,MANQUANTE,MANQUANTE,MANQUANTE,MANQUANTE,MANQUANTE,A_COMPLETER_PREUVES_SSI,A_VERIFIER,MANQUANTE,B1: référence de preuve absente | B2: référence de preuve absente | B3: référence de preuve absente | B4: référence de preuve absente | B5: référence de preuve absente | B6: référence de preuve absente | B7: référence de preuve absente | exclusions non vérifiées | preuve du contrôle des exclusions absente
51M.F,Lacroix Group S.A.            A,Allemagne,78663944.0,43029000.0,122855000.0,39657000.0,64252000.0,0.032,0.36821997,0.6236,4696355.0,Yahoo Finance / yfinance get_info,2026-10-08,0.0,0.2993966154271277,25.939847817960924,True,MANQUANTE,MANQUANTE,MANQUANTE,MANQUANTE,MANQUANTE,MANQUANTE,MANQUANTE,MANQUANTE,MANQUANTE,MANQUANTE,MANQUANTE,MANQUANTE,MANQUANTE,MANQUANTE,MANQUANTE,A_COMPLETER_PREUVES_SSI,A_VERIFIER,MANQUANTE,B1: référence de preuve absente | B2: référence de preuve absente | B3: référence de preuve absente | B4: référence de preuve absente | B5: référence de preuve absente | B6: référence de preuve absente | B7: référence de preuve absente | exclusions non vérifiées | preuve du contrôle des exclusions absente
S4O0.F,Source Energy Services Ltd.   R,Allemagne,78691472.0,2045000.0,291528992.0,45185000.0,-3289000.0,-0.321,0.14039,0.08104,13006855.0,Yahoo Finance / yfinance get_info,2026-10-08,0.0,-27.97618493471531,-32.022466853386824,False,MANQUANTE,MANQUANTE,MANQUANTE,MANQUANTE,MANQUANTE,MANQUANTE,MANQUANTE,MANQUANTE,MANQUANTE,MANQUANTE,MANQUANTE,MANQUANTE,MANQUANTE,MANQUANTE,MANQUANTE,A_COMPLETER_PREUVES_SSI,A_VERIFIER,MANQUANTE,B1: référence de preuve absente | B2: référence de preuve absente | B3: référence de preuve absente | B4: référence de preuve absente | B5: référence de preuve absente | B6: référence de preuve absente | B7: référence de preuve absente | exclusions non vérifiées | preuve du contrôle des exclusions absente
5S0A.F,Thinkific Labs Inc.           R,Allemagne,78845288.0,50970000.0,1273000.0,-2731000.0,3303750.0,0.028,0.72436,0.56403,67389133.0,Yahoo Finance / yfinance get_info,2026-10-08,0.0,72.0588154085368,40.96385308560686,True,MANQUANTE,MANQUANTE,MANQUANTE,MANQUANTE,MANQUANTE,MANQUANTE,MANQUANTE,MANQUANTE,MANQUANTE,MANQUANTE,MANQUANTE,MANQUANTE,MANQUANTE,MANQUANTE,MANQUANTE,A_COMPLETER_PREUVES_SSI,A_VERIFIER,MANQUANTE,B1: référence de preuve absente | B2: référence de preuve absente | B3: référence de preuve absente | B4: référence de preuve absente | B5: référence de preuve absente | B6: référence de preuve absente | B7: référence de preuve absente | exclusions non vérifiées | preuve du contrôle des exclusions absente
MK60.F,Here Group Ltd.               R,Allemagne,78857696.0,609283968.0,34780000.0,-161780992.0,,-0.793,0.33051997,0.045939997,37764932.0,Yahoo Finance / yfinance get_info,2026-10-08,0.0,-4.605258823761926,-45.4887217708154,False,MANQUANTE,MANQUANTE,MANQUANTE,MANQUANTE,MANQUANTE,MANQUANTE,MANQUANTE,MANQUANTE,MANQUANTE,MANQUANTE,MANQUANTE,MANQUANTE,MANQUANTE,MANQUANTE,MANQUANTE,A_COMPLETER_PREUVES_SSI,A_VERIFIER,MANQUANTE,B1: référence de preuve absente | B2: référence de preuve absente | B3: référence de preuve absente | B4: référence de preuve absente | B5: référence de preuve absente | B6: référence de preuve absente | B7: référence de preuve absente | exclusions non vérifiées | preuve du contrôle des exclusions absente
MPO.F,Michelmersh Brick Holdings PLCR,Allemagne,78914368.0,1037000.0,8477000.0,9294000.0,418250.0,-0.094,0.36198002,0.2878,91760886.0,Yahoo Finance / yfinance get_info,2026-10-08,0.0,-8.994706792135387,2.3809572804273094,False,MANQUANTE,MANQUANTE,MANQUANTE,MANQUANTE,MANQUANTE,MANQUANTE,MANQUANTE,MANQUANTE,MANQUANTE,MANQUANTE,MANQUANTE,MANQUANTE,MANQUANTE,MANQUANTE,MANQUANTE,A_COMPLETER_PREUVES_SSI,A_VERIFIER,MANQUANTE,B1: référence de preuve absente | B2: référence de preuve absente | B3: référence de preuve absente | B4: référence de preuve absente | B5: référence de preuve absente | B6: référence de preuve absente | B7: référence de preuve absente | exclusions non vérifiées | preuve du contrôle des exclusions absente
4WK.F,Wenzhou Kangning Hospital Ltd.R,Allemagne,78915696.0,321205280.0,1198056832.0,233407552.0,183916032.0,0.123,0.24725,0.25628,26363259.0,Yahoo Finance / yfinance get_info,2026-10-08,0.0,50.66666603088379,22.162160072298832,True,MANQUANTE,MANQUANTE,MANQUANTE,MANQUANTE,MANQUANTE,MANQUANTE,MANQUANTE,MANQUANTE,MANQUANTE,MANQUANTE,MANQUANTE,MANQUANTE,MANQUANTE,MANQUANTE,MANQUANTE,A_COMPLETER_PREUVES_SSI,A_VERIFIER,MANQUANTE,B1: référence de preuve absente | B2: référence de preuve absente | B3: référence de preuve absente | B4: référence de preuve absente | B5: référence de preuve absente | B6: référence de preuve absente | B7: référence de preuve absente | exclusions non vérifiées | preuve du contrôle des exclusions absente
TGX.F,Talga Group Ltd.              R,Allemagne,79095128.0,18665656.0,512127.0,-14480412.0,-9488075.0,0.114,0.0,0.09297,510926796.0,Yahoo Finance / yfinance get_info,2026-10-08,0.0,-0.1368012201421242,-9.653463155402154,False,MANQUANTE,MANQUANTE,MANQUANTE,MANQUANTE,MANQUANTE,MANQUANTE,MANQUANTE,MANQUANTE,MANQUANTE,MANQUANTE,MANQUANTE,MANQUANTE,MANQUANTE,MANQUANTE,MANQUANTE,A_COMPLETER_PREUVES_SSI,A_VERIFIER,MANQUANTE,B1: référence de preuve absente | B2: référence de preuve absente | B3: référence de preuve absente | B4: référence de preuve absente | B5: référence de preuve absente | B6: référence de preuve absente | B7: référence de preuve absente | exclusions non vérifiées | preuve du contrôle des exclusions absente
AGRA.F,AGROB Immobilien AG           I,Allemagne,79096920.0,388212.0,115000000.0,6483672.0,,0.106,0.74482,0.9425,16198000.0,Yahoo Finance / yfinance get_info,2026-10-08,0.0,-23.684207059009545,-38.10974722423319,False,MANQUANTE,MANQUANTE,MANQUANTE,MANQUANTE,MANQUANTE,MANQUANTE,MANQUANTE,MANQUANTE,MANQUANTE,MANQUANTE,MANQUANTE,MANQUANTE,MANQUANTE,MANQUANTE,MANQUANTE,A_COMPLETER_PREUVES_SSI,A_VERIFIER,MANQUANTE,B1: référence de preuve absente | B2: référence de preuve absente | B3: référence de preuve absente | B4: référence de preuve absente | B5: référence de preuve absente | B6: référence de preuve absente | B7: référence de preuve absente | exclusions non vérifiées | preuve du contrôle des exclusions absente
A4P.F,Alpine Select AG              N,Allemagne,79152672.0,210000.0,881000.0,,9793750.0,2.167,1.0,0.70244,8420497.0,Yahoo Finance / yfinance get_info,2026-10-08,0.0,1.0752626424140876,3.29669477455663,True,MANQUANTE,MANQUANTE,MANQUANTE,MANQUANTE,MANQUANTE,MANQUANTE,MANQUANTE,MANQUANTE,MANQUANTE,MANQUANTE,MANQUANTE,MANQUANTE,MANQUANTE,MANQUANTE,MANQUANTE,A_COMPLETER_PREUVES_SSI,A_VERIFIER,MANQUANTE,B1: référence de preuve absente | B2: référence de preuve absente | B3: référence de preuve absente | B4: référence de preuve absente | B5: référence de preuve absente | B6: référence de preuve absente | B7: référence de preuve absente | exclusions non vérifiées | preuve du contrôle des exclusions absente
1FT.F,Sitowise Group OYJ            R,Allemagne,79218920.0,16272000.0,86241000.0,4311000.0,5051250.0,0.012,0.19645001,0.10256,35845665.0,Yahoo Finance / yfinance get_info,2026-10-08,0.0,-12.301585124042946,-5.150209849286713,False,MANQUANTE,MANQUANTE,MANQUANTE,MANQUANTE,MANQUANTE,MANQUANTE,MANQUANTE,MANQUANTE,MANQUANTE,MANQUANTE,MANQUANTE,MANQUANTE,MANQUANTE,MANQUANTE,MANQUANTE,A_COMPLETER_PREUVES_SSI,A_VERIFIER,MANQUANTE,B1: référence de preuve absente | B2: référence de preuve absente | B3: référence de preuve absente | B4: référence de preuve absente | B5: référence de preuve absente | B6: référence de preuve absente | B7: référence de preuve absente | exclusions non vérifiées | preuve du contrôle des exclusions absente
Q0Z.F,Empery Digital Inc.           R,Allemagne,79268000.0,3589598.0,55559108.0,-36348416.0,1753842.0,-0.579,-0.20434,0.31225002,29800000.0,Yahoo Finance / yfinance get_info,2026-10-08,0.0,-16.352200314787492,-32.48730844671024,False,MANQUANTE,MANQUANTE,MANQUANTE,MANQUANTE,MANQUANTE,MANQUANTE,MANQUANTE,MANQUANTE,MANQUANTE,MANQUANTE,MANQUANTE,MANQUANTE,MANQUANTE,MANQUANTE,MANQUANTE,A_COMPLETER_PREUVES_SSI,A_VERIFIER,MANQUANTE,B1: référence de preuve absente | B2: référence de preuve absente | B3: référence de preuve absente | B4: référence de preuve absente | B5: référence de preuve absente | B6: référence de preuve absente | B7: référence de preuve absente | exclusions non vérifiées | preuve du contrôle des exclusions absente
GRR.F,Grange Resources Ltd.         R,Allemagne,79355432.0,267896000.0,3363000.0,111821000.0,93337752.0,0.118,0.1396,0.52807,1157338698.0,Yahoo Finance / yfinance get_info,2026-10-08,0.0,-22.35294241393725,-35.294116787706955,False,MANQUANTE,MANQUANTE,MANQUANTE,MANQUANTE,MANQUANTE,MANQUANTE,MANQUANTE,MANQUANTE,MANQUANTE,MANQUANTE,MANQUANTE,MANQUANTE,MANQUANTE,MANQUANTE,MANQUANTE,A_COMPLETER_PREUVES_SSI,A_VERIFIER,MANQUANTE,B1: référence de preuve absente | B2: référence de preuve absente | B3: référence de preuve absente | B4: référence de preuve absente | B5: référence de preuve absente | B6: référence de preuve absente | B7: référence de preuve absente | exclusions non vérifiées | preuve du contrôle des exclusions absente
8BCN.SG,BCPG Public Company Ltd. (NVDRs,Allemagne,79387624.0,1418553984.0,24210585600.0,2124046208.0,946150144.0,0.034,0.36324,0.00147,2995759339.0,Yahoo Finance / yfinance get_info,2026-10-08,0.0,0.0,5199.999685678646,False,MANQUANTE,MANQUANTE,MANQUANTE,MANQUANTE,MANQUANTE,MANQUANTE,MANQUANTE,MANQUANTE,MANQUANTE,MANQUANTE,MANQUANTE,MANQUANTE,MANQUANTE,MANQUANTE,MANQUANTE,A_COMPLETER_PREUVES_SSI,A_VERIFIER,MANQUANTE,B1: référence de preuve absente | B2: référence de preuve absente | B3: référence de preuve absente | B4: référence de preuve absente | B5: référence de preuve absente | B6: référence de preuve absente | B7: référence de preuve absente | exclusions non vérifiées | preuve du contrôle des exclusions absente
O6Q0.F,Dellia Group ASA              N,Allemagne,79398080.0,228147008.0,82079000.0,87749000.0,-67397752.0,0.054,0.34934,0.73737997,46161672.0,Yahoo Finance / yfinance get_info,2026-10-08,0.0,-26.49572257694629,-60.23121145749887,False,MANQUANTE,MANQUANTE,MANQUANTE,MANQUANTE,MANQUANTE,MANQUANTE,MANQUANTE,MANQUANTE,MANQUANTE,MANQUANTE,MANQUANTE,MANQUANTE,MANQUANTE,MANQUANTE,MANQUANTE,A_COMPLETER_PREUVES_SSI,A_VERIFIER,MANQUANTE,B1: référence de preuve absente | B2: référence de preuve absente | B3: référence de preuve absente | B4: référence de preuve absente | B5: référence de preuve absente | B6: référence de preuve absente | B7: référence de preuve absente | exclusions non vérifiées | preuve du contrôle des exclusions absente
S1P.F,S.D. Standard ETC PLC         N,Allemagne,79459160.0,124864000.0,0.0,,18324876.0,,1.0,0.32551,524482901.0,Yahoo Finance / yfinance get_info,2026-10-08,0.0,-0.3289431439314039,-2.258064268034776,False,MANQUANTE,MANQUANTE,MANQUANTE,MANQUANTE,MANQUANTE,MANQUANTE,MANQUANTE,MANQUANTE,MANQUANTE,MANQUANTE,MANQUANTE,MANQUANTE,MANQUANTE,MANQUANTE,MANQUANTE,A_COMPLETER_PREUVES_SSI,A_VERIFIER,MANQUANTE,B1: référence de preuve absente | B2: référence de preuve absente | B3: référence de preuve absente | B4: référence de preuve absente | B5: référence de preuve absente | B6: référence de preuve absente | B7: référence de preuve absente | exclusions non vérifiées | preuve du contrôle des exclusions absente
IUL.F,IMMUCELL CORP.                R,Allemagne,79469224.0,8860205.0,12447535.0,7050686.0,3082192.0,0.115,0.40319002,0.32092,9082197.0,Yahoo Finance / yfinance get_info,2026-10-08,0.0,-6.914889839451965,45.83333333333333,True,MANQUANTE,MANQUANTE,MANQUANTE,MANQUANTE,MANQUANTE,MANQUANTE,MANQUANTE,MANQUANTE,MANQUANTE,MANQUANTE,MANQUANTE,MANQUANTE,MANQUANTE,MANQUANTE,MANQUANTE,A_COMPLETER_PREUVES_SSI,A_VERIFIER,MANQUANTE,B1: référence de preuve absente | B2: référence de preuve absente | B3: référence de preuve absente | B4: référence de preuve absente | B5: référence de preuve absente | B6: référence de preuve absente | B7: référence de preuve absente | exclusions non vérifiées | preuve du contrôle des exclusions absente
7TQ0.F,Upexi Inc.                    R,Allemagne,79491616.0,5778586.0,224089904.0,-238217632.0,-184955296.0,-0.266,0.89478,0.16013001,82102474.0,Yahoo Finance / yfinance get_info,2026-10-08,0.0,43.73515469643618,4.965311182255294,True,MANQUANTE,MANQUANTE,MANQUANTE,MANQUANTE,MANQUANTE,MANQUANTE,MANQUANTE,MANQUANTE,MANQUANTE,MANQUANTE,MANQUANTE,MANQUANTE,MANQUANTE,MANQUANTE,MANQUANTE,A_COMPLETER_PREUVES_SSI,A_VERIFIER,MANQUANTE,B1: référence de preuve absente | B2: référence de preuve absente | B3: référence de preuve absente | B4: référence de preuve absente | B5: référence de preuve absente | B6: référence de preuve absente | B7: référence de preuve absente | exclusions non vérifiées | preuve du contrôle des exclusions absente
74C.F,CROSSJECT S.A.                A,Allemagne,79677576.0,12345000.0,18617000.0,-14285500.0,,,0.0,0.19748,60270478.0,Yahoo Finance / yfinance get_info,2026-10-08,0.0,-16.11674825493784,-33.89999866485596,False,MANQUANTE,MANQUANTE,MANQUANTE,MANQUANTE,MANQUANTE,MANQUANTE,MANQUANTE,MANQUANTE,MANQUANTE,MANQUANTE,MANQUANTE,MANQUANTE,MANQUANTE,MANQUANTE,MANQUANTE,A_COMPLETER_PREUVES_SSI,A_VERIFIER,MANQUANTE,B1: référence de preuve absente | B2: référence de preuve absente | B3: référence de preuve absente | B4: référence de preuve absente | B5: référence de preuve absente | B6: référence de preuve absente | B7: référence de preuve absente | exclusions non vérifiées | preuve du contrôle des exclusions absente
KBP0.F,JX Luxventure Group Inc.      R,Allemagne,80198184.0,700727.0,8803643.0,-6175468.0,-4383442.0,1.667,0.12587,0.28375,12059877.0,Yahoo Finance / yfinance get_info,2026-10-08,0.0,-31.44329663784571,115.90909935366888,True,MANQUANTE,MANQUANTE,MANQUANTE,MANQUANTE,MANQUANTE,MANQUANTE,MANQUANTE,MANQUANTE,MANQUANTE,MANQUANTE,MANQUANTE,MANQUANTE,MANQUANTE,MANQUANTE,MANQUANTE,A_COMPLETER_PREUVES_SSI,A_VERIFIER,MANQUANTE,B1: référence de preuve absente | B2: référence de preuve absente | B3: référence de preuve absente | B4: référence de preuve absente | B5: référence de preuve absente | B6: référence de preuve absente | B7: référence de preuve absente | exclusions non vérifiées | preuve du contrôle des exclusions absente
R0C.F,Freetrailer Group A/S         N,Allemagne,80227088.0,41887280.0,58589164.0,51034948.0,,0.26,0.59330004,0.29700002,9677574.0,Yahoo Finance / yfinance get_info,2026-10-08,0.0,15.620639799741689,22.451993873100328,True,MANQUANTE,MANQUANTE,MANQUANTE,MANQUANTE,MANQUANTE,MANQUANTE,MANQUANTE,MANQUANTE,MANQUANTE,MANQUANTE,MANQUANTE,MANQUANTE,MANQUANTE,MANQUANTE,MANQUANTE,A_COMPLETER_PREUVES_SSI,A_VERIFIER,MANQUANTE,B1: référence de preuve absente | B2: référence de preuve absente | B3: référence de preuve absente | B4: référence de preuve absente | B5: référence de preuve absente | B6: référence de preuve absente | B7: référence de preuve absente | exclusions non vérifiées | preuve du contrôle des exclusions absente
QO80.F,FitLife Brands Inc.           R,Allemagne,80338576.0,1089000.0,38408000.0,13981000.0,4972250.0,0.646,0.37570998,0.15186,9391072.0,Yahoo Finance / yfinance get_info,2026-10-08,0.0,-16.753930361404613,9.655169782967407,False,MANQUANTE,MANQUANTE,MANQUANTE,MANQUANTE,MANQUANTE,MANQUANTE,MANQUANTE,MANQUANTE,MANQUANTE,MANQUANTE,MANQUANTE,MANQUANTE,MANQUANTE,MANQUANTE,MANQUANTE,A_COMPLETER_PREUVES_SSI,A_VERIFIER,MANQUANTE,B1: référence de preuve absente | B2: référence de preuve absente | B3: référence de preuve absente | B4: référence de preuve absente | B5: référence de preuve absente | B6: référence de preuve absente | B7: référence de preuve absente | exclusions non vérifiées | preuve du contrôle des exclusions absente
HBS.F,Delfingen                     A,Allemagne,80341176.0,23623000.0,149060000.0,57663000.0,33283500.0,-0.083,0.43889,0.70102,2600038.0,Yahoo Finance / yfinance get_info,2026-10-08,0.0,4.745761418746697,2.999998728434239,True,MANQUANTE,MANQUANTE,MANQUANTE,MANQUANTE,MANQUANTE,MANQUANTE,MANQUANTE,MANQUANTE,MANQUANTE,MANQUANTE,MANQUANTE,MANQUANTE,MANQUANTE,MANQUANTE,MANQUANTE,A_COMPLETER_PREUVES_SSI,A_VERIFIER,MANQUANTE,B1: référence de preuve absente | B2: référence de preuve absente | B3: référence de preuve absente | B4: référence de preuve absente | B5: référence de preuve absente | B6: référence de preuve absente | B7: référence de preuve absente | exclusions non vérifiées | preuve du contrôle des exclusions absente
9LG0.F,Norse Atlantic ASA            N,Allemagne,80461568.0,67119000.0,796169984.0,-29639000.0,-15205875.0,-0.348,0.16514999,0.55352,2958145722.0,Yahoo Finance / yfinance get_info,2026-10-08,0.0,-30.07711829922969,-92.25071239010713,False,MANQUANTE,MANQUANTE,MANQUANTE,MANQUANTE,MANQUANTE,MANQUANTE,MANQUANTE,MANQUANTE,MANQUANTE,MANQUANTE,MANQUANTE,MANQUANTE,MANQUANTE,MANQUANTE,MANQUANTE,A_COMPLETER_PREUVES_SSI,A_VERIFIER,MANQUANTE,B1: référence de preuve absente | B2: référence de preuve absente | B3: référence de preuve absente | B4: référence de preuve absente | B5: référence de preuve absente | B6: référence de preuve absente | B7: référence de preuve absente | exclusions non vérifiées | preuve du contrôle des exclusions absente
PNF.F,PININFARINA S.P.A.            A,Allemagne,80624328.0,25411000.0,25859000.0,-3225000.0,-3223875.0,0.625,0.55683,0.7882,78657878.0,Yahoo Finance / yfinance get_info,2026-10-08,0.0,34.86841960792064,53.90389834061029,True,MANQUANTE,MANQUANTE,MANQUANTE,MANQUANTE,MANQUANTE,MANQUANTE,MANQUANTE,MANQUANTE,MANQUANTE,MANQUANTE,MANQUANTE,MANQUANTE,MANQUANTE,MANQUANTE,MANQUANTE,A_COMPLETER_PREUVES_SSI,A_VERIFIER,MANQUANTE,B1: référence de preuve absente | B2: référence de preuve absente | B3: référence de preuve absente | B4: référence de preuve absente | B5: référence de preuve absente | B6: référence de preuve absente | B7: référence de preuve absente | exclusions non vérifiées | preuve du contrôle des exclusions absente
276.F,Sif Holding N.V.              R,Allemagne,80699256.0,95568000.0,238488000.0,-3360000.0,46801624.0,0.711,0.15029,0.49330002,29888612.0,Yahoo Finance / yfinance get_info,2026-10-08,0.0,-33.57933555528889,-57.87831338601702,False,MANQUANTE,MANQUANTE,MANQUANTE,MANQUANTE,MANQUANTE,MANQUANTE,MANQUANTE,MANQUANTE,MANQUANTE,MANQUANTE,MANQUANTE,MANQUANTE,MANQUANTE,MANQUANTE,MANQUANTE,A_COMPLETER_PREUVES_SSI,A_VERIFIER,MANQUANTE,B1: référence de preuve absente | B2: référence de preuve absente | B3: référence de preuve absente | B4: référence de preuve absente | B5: référence de preuve absente | B6: référence de preuve absente | B7: référence de preuve absente | exclusions non vérifiées | preuve du contrôle des exclusions absente
4AS.F,Atlantic Sapphire ASA         N,Allemagne,80712808.0,8454000.0,143471008.0,-41047000.0,-34039376.0,0.229,-0.56039,0.009980001,1161335430.0,Yahoo Finance / yfinance get_info,2026-10-08,0.0,-36.81818212605705,-56.56249947613104,False,MANQUANTE,MANQUANTE,MANQUANTE,MANQUANTE,MANQUANTE,MANQUANTE,MANQUANTE,MANQUANTE,MANQUANTE,MANQUANTE,MANQUANTE,MANQUANTE,MANQUANTE,MANQUANTE,MANQUANTE,A_COMPLETER_PREUVES_SSI,A_VERIFIER,MANQUANTE,B1: référence de preuve absente | B2: référence de preuve absente | B3: référence de preuve absente | B4: référence de preuve absente | B5: référence de preuve absente | B6: référence de preuve absente | B7: référence de preuve absente | exclusions non vérifiées | preuve du contrôle des exclusions absente
7DK.F,China Ind.Sec.Int.Fin.Grp.Ltd.R,Allemagne,80800000.0,12677237760.0,23566280704.0,,,0.173,0.90054,0.05355,4000000000.0,Yahoo Finance / yfinance get_info,2026-10-08,0.0,-21.09375108002498,38.35615573269537,,MANQUANTE,MANQUANTE,MANQUANTE,MANQUANTE,MANQUANTE,MANQUANTE,MANQUANTE,MANQUANTE,MANQUANTE,MANQUANTE,MANQUANTE,MANQUANTE,MANQUANTE,MANQUANTE,MANQUANTE,A_COMPLETER_PREUVES_SSI,A_VERIFIER,MANQUANTE,B1: référence de preuve absente | B2: référence de preuve absente | B3: référence de preuve absente | B4: référence de preuve absente | B5: référence de preuve absente | B6: référence de preuve absente | B7: référence de preuve absente | exclusions non vérifiées | preuve du contrôle des exclusions absente
0PL.F,Xtract One Technologies Inc.  R,Allemagne,80837600.0,15601050.0,919529.0,-7332779.0,-2616893.0,1.96,0.59379,0.13934,259927980.0,Yahoo Finance / yfinance get_info,2026-10-08,0.0,-4.307692025540133,22.4409368441876,False,MANQUANTE,MANQUANTE,MANQUANTE,MANQUANTE,MANQUANTE,MANQUANTE,MANQUANTE,MANQUANTE,MANQUANTE,MANQUANTE,MANQUANTE,MANQUANTE,MANQUANTE,MANQUANTE,MANQUANTE,A_COMPLETER_PREUVES_SSI,A_VERIFIER,MANQUANTE,B1: référence de preuve absente | B2: référence de preuve absente | B3: référence de preuve absente | B4: référence de preuve absente | B5: référence de preuve absente | B6: référence de preuve absente | B7: référence de preuve absente | exclusions non vérifiées | preuve du contrôle des exclusions absente
UQ6.SG,Voss Veksel-OG Landmandsb.,Allemagne,81096744.0,693209024.0,1087128960.0,,,-0.052,0.0,0.2693,2203716.0,Yahoo Finance / yfinance get_info,2026-10-08,0.0,-15.981735438198552,-14.418606425440585,False,MANQUANTE,MANQUANTE,MANQUANTE,MANQUANTE,MANQUANTE,MANQUANTE,MANQUANTE,MANQUANTE,MANQUANTE,MANQUANTE,MANQUANTE,MANQUANTE,MANQUANTE,MANQUANTE,MANQUANTE,A_COMPLETER_PREUVES_SSI,A_VERIFIER,MANQUANTE,B1: référence de preuve absente | B2: référence de preuve absente | B3: référence de preuve absente | B4: référence de preuve absente | B5: référence de preuve absente | B6: référence de preuve absente | B7: référence de preuve absente | exclusions non vérifiées | preuve du contrôle des exclusions absente
A2R.F,Accent Resources N.L.         R,Allemagne,81263184.0,7595000.0,24676000.0,-4513000.0,-10344250.0,-0.4,1.0,0.98511004,489537283.0,Yahoo Finance / yfinance get_info,2026-10-08,0.0,654.545429915436,937.4999112333214,True,MANQUANTE,MANQUANTE,MANQUANTE,MANQUANTE,MANQUANTE,MANQUANTE,MANQUANTE,MANQUANTE,MANQUANTE,MANQUANTE,MANQUANTE,MANQUANTE,MANQUANTE,MANQUANTE,MANQUANTE,A_COMPLETER_PREUVES_SSI,A_VERIFIER,MANQUANTE,B1: référence de preuve absente | B2: référence de preuve absente | B3: référence de preuve absente | B4: référence de preuve absente | B5: référence de preuve absente | B6: référence de preuve absente | B7: référence de preuve absente | exclusions non vérifiées | preuve du contrôle des exclusions absente
213.F,Vow ASA                       N,Allemagne,81460616.0,13800000.0,495300000.0,-16700000.0,59537500.0,0.111,0.24001,0.36262,290412204.0,Yahoo Finance / yfinance get_info,2026-10-08,0.0,51.45787581861845,32.938388993762004,True,MANQUANTE,MANQUANTE,MANQUANTE,MANQUANTE,MANQUANTE,MANQUANTE,MANQUANTE,MANQUANTE,MANQUANTE,MANQUANTE,MANQUANTE,MANQUANTE,MANQUANTE,MANQUANTE,MANQUANTE,A_COMPLETER_PREUVES_SSI,A_VERIFIER,MANQUANTE,B1: référence de preuve absente | B2: référence de preuve absente | B3: référence de preuve absente | B4: référence de preuve absente | B5: référence de preuve absente | B6: référence de preuve absente | B7: référence de preuve absente | exclusions non vérifiées | preuve du contrôle des exclusions absente
C2I0.F,HK.AI Capital Ltd.            R,Allemagne,81600968.0,10020834304.0,203543008.0,191096000.0,256306256.0,-0.31,1.0,0.5474,11657280502.0,Yahoo Finance / yfinance get_info,2026-10-08,0.0,-29.999996274709616,-64.99999813735481,False,MANQUANTE,MANQUANTE,MANQUANTE,MANQUANTE,MANQUANTE,MANQUANTE,MANQUANTE,MANQUANTE,MANQUANTE,MANQUANTE,MANQUANTE,MANQUANTE,MANQUANTE,MANQUANTE,MANQUANTE,A_COMPLETER_PREUVES_SSI,A_VERIFIER,MANQUANTE,B1: référence de preuve absente | B2: référence de preuve absente | B3: référence de preuve absente | B4: référence de preuve absente | B5: référence de preuve absente | B6: référence de preuve absente | B7: référence de preuve absente | exclusions non vérifiées | preuve du contrôle des exclusions absente
95H.F,I Grandi Viaggi SpA           A,Allemagne,81677032.0,38652000.0,4110000.0,3891000.0,1180250.0,0.073,0.07379,0.72900003,47597339.0,Yahoo Finance / yfinance get_info,2026-10-08,0.0,-14.62686721188212,-26.97872210477148,False,MANQUANTE,MANQUANTE,MANQUANTE,MANQUANTE,MANQUANTE,MANQUANTE,MANQUANTE,MANQUANTE,MANQUANTE,MANQUANTE,MANQUANTE,MANQUANTE,MANQUANTE,MANQUANTE,MANQUANTE,A_COMPLETER_PREUVES_SSI,A_VERIFIER,MANQUANTE,B1: référence de preuve absente | B2: référence de preuve absente | B3: référence de preuve absente | B4: référence de preuve absente | B5: référence de preuve absente | B6: référence de preuve absente | B7: référence de preuve absente | exclusions non vérifiées | preuve du contrôle des exclusions absente
9Q9.F,Azerion Group N.V.            A,Allemagne,81692880.0,32600000.0,260500000.0,33300000.0,29462500.0,-0.059,0.12743,0.68135,122294730.0,Yahoo Finance / yfinance get_info,2026-10-08,0.0,-28.936171858706807,13.220341106284472,False,MANQUANTE,MANQUANTE,MANQUANTE,MANQUANTE,MANQUANTE,MANQUANTE,MANQUANTE,MANQUANTE,MANQUANTE,MANQUANTE,MANQUANTE,MANQUANTE,MANQUANTE,MANQUANTE,MANQUANTE,A_COMPLETER_PREUVES_SSI,A_VERIFIER,MANQUANTE,B1: référence de preuve absente | B2: référence de preuve absente | B3: référence de preuve absente | B4: référence de preuve absente | B5: référence de preuve absente | B6: référence de preuve absente | B7: référence de preuve absente | exclusions non vérifiées | preuve du contrôle des exclusions absente
AJN.F,Ajisen (China) Holdings Ltd.  R,Allemagne,81865416.0,1659431936.0,595451008.0,156312992.0,322753376.0,0.017,0.49966,0.51009,1091538820.0,Yahoo Finance / yfinance get_info,2026-10-08,0.0,2.0408204640181005,-18.478257788630422,False,MANQUANTE,MANQUANTE,MANQUANTE,MANQUANTE,MANQUANTE,MANQUANTE,MANQUANTE,MANQUANTE,MANQUANTE,MANQUANTE,MANQUANTE,MANQUANTE,MANQUANTE,MANQUANTE,MANQUANTE,A_COMPLETER_PREUVES_SSI,A_VERIFIER,MANQUANTE,B1: référence de preuve absente | B2: référence de preuve absente | B3: référence de preuve absente | B4: référence de preuve absente | B5: référence de preuve absente | B6: référence de preuve absente | B7: référence de preuve absente | exclusions non vérifiées | preuve du contrôle des exclusions absente
0AP.F,Appeninn Vag.Holding Ny.M.Res.N,Allemagne,81949360.0,50037960.0,109815400.0,14192531.0,15152624.0,0.05,0.71528,0.47847998,47369571.0,Yahoo Finance / yfinance get_info,2026-10-08,0.0,13.96574515582687,18.982119918314577,True,MANQUANTE,MANQUANTE,MANQUANTE,MANQUANTE,MANQUANTE,MANQUANTE,MANQUANTE,MANQUANTE,MANQUANTE,MANQUANTE,MANQUANTE,MANQUANTE,MANQUANTE,MANQUANTE,MANQUANTE,A_COMPLETER_PREUVES_SSI,A_VERIFIER,MANQUANTE,B1: référence de preuve absente | B2: référence de preuve absente | B3: référence de preuve absente | B4: référence de preuve absente | B5: référence de preuve absente | B6: référence de preuve absente | B7: référence de preuve absente | exclusions non vérifiées | preuve du contrôle des exclusions absente
9OI.F,Orior AG                      N,Allemagne,82308352.0,8132000.0,170914000.0,43352000.0,5498250.0,-0.071,0.46028,0.12946999,6532409.0,Yahoo Finance / yfinance get_info,2026-10-08,0.0,-27.167624640828592,-8.029193015400582,False,MANQUANTE,MANQUANTE,MANQUANTE,MANQUANTE,MANQUANTE,MANQUANTE,MANQUANTE,MANQUANTE,MANQUANTE,MANQUANTE,MANQUANTE,MANQUANTE,MANQUANTE,MANQUANTE,MANQUANTE,A_COMPLETER_PREUVES_SSI,A_VERIFIER,MANQUANTE,B1: référence de preuve absente | B2: référence de preuve absente | B3: référence de preuve absente | B4: référence de preuve absente | B5: référence de preuve absente | B6: référence de preuve absente | B7: référence de preuve absente | exclusions non vérifiées | preuve du contrôle des exclusions absente
1VF0.F,Grown Rogue International Inc.R,Allemagne,82479864.0,11532826.0,27356480.0,1267023.0,-1770398.0,0.407,0.4307,0.29604,249938980.0,Yahoo Finance / yfinance get_info,2026-10-08,0.0,-15.38460891862804,32.00000524520874,True,MANQUANTE,MANQUANTE,MANQUANTE,MANQUANTE,MANQUANTE,MANQUANTE,MANQUANTE,MANQUANTE,MANQUANTE,MANQUANTE,MANQUANTE,MANQUANTE,MANQUANTE,MANQUANTE,MANQUANTE,A_COMPLETER_PREUVES_SSI,A_VERIFIER,MANQUANTE,B1: référence de preuve absente | B2: référence de preuve absente | B3: référence de preuve absente | B4: référence de preuve absente | B5: référence de preuve absente | B6: référence de preuve absente | B7: référence de preuve absente | exclusions non vérifiées | preuve du contrôle des exclusions absente
5UH.F,Made Tech Group PLC           R,Allemagne,82582048.0,14467000.0,798000.0,4654000.0,4047875.0,0.259,0.30358,0.45606,146162919.0,Yahoo Finance / yfinance get_info,2026-10-08,0.0,35.81730431695227,33.25471799235808,True,MANQUANTE,MANQUANTE,MANQUANTE,MANQUANTE,MANQUANTE,MANQUANTE,MANQUANTE,MANQUANTE,MANQUANTE,MANQUANTE,MANQUANTE,MANQUANTE,MANQUANTE,MANQUANTE,MANQUANTE,A_COMPLETER_PREUVES_SSI,A_VERIFIER,MANQUANTE,B1: référence de preuve absente | B2: référence de preuve absente | B3: référence de preuve absente | B4: référence de preuve absente | B5: référence de preuve absente | B6: référence de preuve absente | B7: référence de preuve absente | exclusions non vérifiées | preuve du contrôle des exclusions absente
AW4.F,Heidmar Maritime Hldgs. Corp. R,Allemagne,82588792.0,28699428.0,0.0,1885592.0,,2.113,0.22525999,0.89287,58991997.0,Yahoo Finance / yfinance get_info,2026-10-08,0.0,44.32989019227107,94.44443340654772,,MANQUANTE,MANQUANTE,MANQUANTE,MANQUANTE,MANQUANTE,MANQUANTE,MANQUANTE,MANQUANTE,MANQUANTE,MANQUANTE,MANQUANTE,MANQUANTE,MANQUANTE,MANQUANTE,MANQUANTE,A_COMPLETER_PREUVES_SSI,A_VERIFIER,MANQUANTE,B1: référence de preuve absente | B2: référence de preuve absente | B3: référence de preuve absente | B4: référence de preuve absente | B5: référence de preuve absente | B6: référence de preuve absente | B7: référence de preuve absente | exclusions non vérifiées | preuve du contrôle des exclusions absente
08IA.F,iDreamSky Technology Holdings R,Allemagne,82661136.0,108658000.0,1704801024.0,89864000.0,-710630144.0,0.047,0.32401,0.35788,2041015665.0,Yahoo Finance / yfinance get_info,2026-10-08,0.0,30.645163810029903,-19.801982754340862,False,MANQUANTE,MANQUANTE,MANQUANTE,MANQUANTE,MANQUANTE,MANQUANTE,MANQUANTE,MANQUANTE,MANQUANTE,MANQUANTE,MANQUANTE,MANQUANTE,MANQUANTE,MANQUANTE,MANQUANTE,A_COMPLETER_PREUVES_SSI,A_VERIFIER,MANQUANTE,B1: référence de preuve absente | B2: référence de preuve absente | B3: référence de preuve absente | B4: référence de preuve absente | B5: référence de preuve absente | B6: référence de preuve absente | B7: référence de preuve absente | exclusions non vérifiées | preuve du contrôle des exclusions absente
KEW.SG,Kewaunee Scientific Corp.,Allemagne,82806928.0,8246000.0,55472000.0,21386000.0,9238625.0,-0.067,0.28551,0.2442,2895347.0,Yahoo Finance / yfinance get_info,2026-10-08,0.0,-11.18012514339174,0.0,False,MANQUANTE,MANQUANTE,MANQUANTE,MANQUANTE,MANQUANTE,MANQUANTE,MANQUANTE,MANQUANTE,MANQUANTE,MANQUANTE,MANQUANTE,MANQUANTE,MANQUANTE,MANQUANTE,MANQUANTE,A_COMPLETER_PREUVES_SSI,A_VERIFIER,MANQUANTE,B1: référence de preuve absente | B2: référence de preuve absente | B3: référence de preuve absente | B4: référence de preuve absente | B5: référence de preuve absente | B6: référence de preuve absente | B7: référence de preuve absente | exclusions non vérifiées | preuve du contrôle des exclusions absente
HKC.F,Hongkong Chinese Ltd.         R,Allemagne,82869640.0,87131000.0,506667008.0,-4060000.0,-24134376.0,-0.586,0.93794996,0.5927,1998280097.0,Yahoo Finance / yfinance get_info,2026-10-08,0.0,-5.747121121266163,60.78432117320642,True,MANQUANTE,MANQUANTE,MANQUANTE,MANQUANTE,MANQUANTE,MANQUANTE,MANQUANTE,MANQUANTE,MANQUANTE,MANQUANTE,MANQUANTE,MANQUANTE,MANQUANTE,MANQUANTE,MANQUANTE,A_COMPLETER_PREUVES_SSI,A_VERIFIER,MANQUANTE,B1: référence de preuve absente | B2: référence de preuve absente | B3: référence de preuve absente | B4: référence de preuve absente | B5: référence de preuve absente | B6: référence de preuve absente | B7: référence de preuve absente | exclusions non vérifiées | preuve du contrôle des exclusions absente
P1M.F,Peninsula Energy Ltd.         R,Allemagne,82876976.0,22053000.0,0.0,-30447000.0,-40708876.0,,0.0,0.21483,571565353.0,Yahoo Finance / yfinance get_info,2026-10-08,0.0,-32.558142597318096,-59.06267827122973,False,MANQUANTE,MANQUANTE,MANQUANTE,MANQUANTE,MANQUANTE,MANQUANTE,MANQUANTE,MANQUANTE,MANQUANTE,MANQUANTE,MANQUANTE,MANQUANTE,MANQUANTE,MANQUANTE,MANQUANTE,A_COMPLETER_PREUVES_SSI,A_VERIFIER,MANQUANTE,B1: référence de preuve absente | B2: référence de preuve absente | B3: référence de preuve absente | B4: référence de preuve absente | B5: référence de preuve absente | B6: référence de preuve absente | B7: référence de preuve absente | exclusions non vérifiées | preuve du contrôle des exclusions absente
53G.F,Empress Royalty Corp.         R,Allemagne,82916072.0,5147040.0,1563240.0,17616408.0,-2326016.0,1.151,0.78431,0.07111,137051362.0,Yahoo Finance / yfinance get_info,2026-10-08,0.0,22.967480154955112,4.310351117612821,True,MANQUANTE,MANQUANTE,MANQUANTE,MANQUANTE,MANQUANTE,MANQUANTE,MANQUANTE,MANQUANTE,MANQUANTE,MANQUANTE,MANQUANTE,MANQUANTE,MANQUANTE,MANQUANTE,MANQUANTE,A_COMPLETER_PREUVES_SSI,A_VERIFIER,MANQUANTE,B1: référence de preuve absente | B2: référence de preuve absente | B3: référence de preuve absente | B4: référence de preuve absente | B5: référence de preuve absente | B6: référence de preuve absente | B7: référence de preuve absente | exclusions non vérifiées | preuve du contrôle des exclusions absente
RF5.F,RF INDUSTRIES LTD.            R,Allemagne,82985376.0,4848000.0,23193000.0,7123000.0,4146250.0,0.211,0.34730998,0.18267,10847761.0,Yahoo Finance / yfinance get_info,2026-10-08,0.0,-49.33774899267364,-24.99999766256291,False,MANQUANTE,MANQUANTE,MANQUANTE,MANQUANTE,MANQUANTE,MANQUANTE,MANQUANTE,MANQUANTE,MANQUANTE,MANQUANTE,MANQUANTE,MANQUANTE,MANQUANTE,MANQUANTE,MANQUANTE,A_COMPLETER_PREUVES_SSI,A_VERIFIER,MANQUANTE,B1: référence de preuve absente | B2: référence de preuve absente | B3: référence de preuve absente | B4: référence de preuve absente | B5: référence de preuve absente | B6: référence de preuve absente | B7: référence de preuve absente | exclusions non vérifiées | preuve du contrôle des exclusions absente
KEC.F,KECK SENG INVEST. (HK) LTD.   R,Allemagne,83008800.0,1251800960.0,1224445056.0,376960000.0,-30677500.0,0.196,0.51723,0.74888,340200000.0,Yahoo Finance / yfinance get_info,2026-10-08,0.0,0.0,7.017545006245096,True,MANQUANTE,MANQUANTE,MANQUANTE,MANQUANTE,MANQUANTE,MANQUANTE,MANQUANTE,MANQUANTE,MANQUANTE,MANQUANTE,MANQUANTE,MANQUANTE,MANQUANTE,MANQUANTE,MANQUANTE,A_COMPLETER_PREUVES_SSI,A_VERIFIER,MANQUANTE,B1: référence de preuve absente | B2: référence de preuve absente | B3: référence de preuve absente | B4: référence de preuve absente | B5: référence de preuve absente | B6: référence de preuve absente | B7: référence de preuve absente | exclusions non vérifiées | preuve du contrôle des exclusions absente
F1B.F,LHYFE S.A.                    A,Allemagne,83018856.0,74698000.0,120959000.0,-37649000.0,-35941876.0,0.497,0.66366,0.60280997,48210716.0,Yahoo Finance / yfinance get_info,2026-10-08,0.0,-33.38491383174529,-28.54772026833861,False,MANQUANTE,MANQUANTE,MANQUANTE,MANQUANTE,MANQUANTE,MANQUANTE,MANQUANTE,MANQUANTE,MANQUANTE,MANQUANTE,MANQUANTE,MANQUANTE,MANQUANTE,MANQUANTE,MANQUANTE,A_COMPLETER_PREUVES_SSI,A_VERIFIER,MANQUANTE,B1: référence de preuve absente | B2: référence de preuve absente | B3: référence de preuve absente | B4: référence de preuve absente | B5: référence de preuve absente | B6: référence de preuve absente | B7: référence de preuve absente | exclusions non vérifiées | preuve du contrôle des exclusions absente
K7A.F,Kingdom Holdings Ltd.         R,Allemagne,83117496.0,396716992.0,830865984.0,523360000.0,15840375.0,0.043,0.20987,0.67259,629678000.0,Yahoo Finance / yfinance get_info,2026-10-08,0.0,13.793106106033592,-2.22222663738092,True,MANQUANTE,MANQUANTE,MANQUANTE,MANQUANTE,MANQUANTE,MANQUANTE,MANQUANTE,MANQUANTE,MANQUANTE,MANQUANTE,MANQUANTE,MANQUANTE,MANQUANTE,MANQUANTE,MANQUANTE,A_COMPLETER_PREUVES_SSI,A_VERIFIER,MANQUANTE,B1: référence de preuve absente | B2: référence de preuve absente | B3: référence de preuve absente | B4: référence de preuve absente | B5: référence de preuve absente | B6: référence de preuve absente | B7: référence de preuve absente | exclusions non vérifiées | preuve du contrôle des exclusions absente
A8P.F,Agile Group Holdings Ltd.     R,Allemagne,83259784.0,4148657920.0,47090790400.0,-3188678912.0,12322035712.0,-0.2,0.03254,0.56416,5046047500.0,Yahoo Finance / yfinance get_info,2026-10-08,0.0,10.00000186264518,3.124994543032056,False,MANQUANTE,MANQUANTE,MANQUANTE,MANQUANTE,MANQUANTE,MANQUANTE,MANQUANTE,MANQUANTE,MANQUANTE,MANQUANTE,MANQUANTE,MANQUANTE,MANQUANTE,MANQUANTE,MANQUANTE,A_COMPLETER_PREUVES_SSI,A_VERIFIER,MANQUANTE,B1: référence de preuve absente | B2: référence de preuve absente | B3: référence de preuve absente | B4: référence de preuve absente | B5: référence de preuve absente | B6: référence de preuve absente | B7: référence de preuve absente | exclusions non vérifiées | preuve du contrôle des exclusions absente
A02.F,Adways Inc.                   R,Allemagne,83265568.0,9980000256.0,0.0,1423000064.0,-397249984.0,0.098,0.83959997,0.51203996,36202420.0,Yahoo Finance / yfinance get_info,2026-10-08,0.0,38.5542167809484,58.62068115034824,True,MANQUANTE,MANQUANTE,MANQUANTE,MANQUANTE,MANQUANTE,MANQUANTE,MANQUANTE,MANQUANTE,MANQUANTE,MANQUANTE,MANQUANTE,MANQUANTE,MANQUANTE,MANQUANTE,MANQUANTE,A_COMPLETER_PREUVES_SSI,A_VERIFIER,MANQUANTE,B1: référence de preuve absente | B2: référence de preuve absente | B3: référence de preuve absente | B4: référence de preuve absente | B5: référence de preuve absente | B6: référence de preuve absente | B7: référence de preuve absente | exclusions non vérifiées | preuve du contrôle des exclusions absente
S2N.F,Shenguan Holdings Group Ltd   R,Allemagne,83278440.0,550657984.0,430500992.0,-19363000.0,10807500.0,0.027,0.07053,0.73600996,3230480000.0,Yahoo Finance / yfinance get_info,2026-10-08,0.0,47.05881772878704,25.000004656612983,True,MANQUANTE,MANQUANTE,MANQUANTE,MANQUANTE,MANQUANTE,MANQUANTE,MANQUANTE,MANQUANTE,MANQUANTE,MANQUANTE,MANQUANTE,MANQUANTE,MANQUANTE,MANQUANTE,MANQUANTE,A_COMPLETER_PREUVES_SSI,A_VERIFIER,MANQUANTE,B1: référence de preuve absente | B2: référence de preuve absente | B3: référence de preuve absente | B4: référence de preuve absente | B5: référence de preuve absente | B6: référence de preuve absente | B7: référence de preuve absente | exclusions non vérifiées | preuve du contrôle des exclusions absente
ST9.F,Steppe Cement Ltd.            R,Allemagne,83408792.0,18781000.0,2129000.0,22834942.0,14704904.0,0.491,0.3318,0.69924,219000000.0,Yahoo Finance / yfinance get_info,2026-10-08,0.0,67.61905194410134,67.61905194410134,True,MANQUANTE,MANQUANTE,MANQUANTE,MANQUANTE,MANQUANTE,MANQUANTE,MANQUANTE,MANQUANTE,MANQUANTE,MANQUANTE,MANQUANTE,MANQUANTE,MANQUANTE,MANQUANTE,MANQUANTE,A_COMPLETER_PREUVES_SSI,A_VERIFIER,MANQUANTE,B1: référence de preuve absente | B2: référence de preuve absente | B3: référence de preuve absente | B4: référence de preuve absente | B5: référence de preuve absente | B6: référence de preuve absente | B7: référence de preuve absente | exclusions non vérifiées | preuve du contrôle des exclusions absente
1H7.F,Demae-Can Co. Ltd.            R,Allemagne,83529760.0,21468000256.0,0.0,,,0.109,0.008169999,0.45401,111373008.0,Yahoo Finance / yfinance get_info,2026-10-08,0.0,30.4347853128762,29.310348548447006,True,MANQUANTE,MANQUANTE,MANQUANTE,MANQUANTE,MANQUANTE,MANQUANTE,MANQUANTE,MANQUANTE,MANQUANTE,MANQUANTE,MANQUANTE,MANQUANTE,MANQUANTE,MANQUANTE,MANQUANTE,A_COMPLETER_PREUVES_SSI,A_VERIFIER,MANQUANTE,B1: référence de preuve absente | B2: référence de preuve absente | B3: référence de preuve absente | B4: référence de preuve absente | B5: référence de preuve absente | B6: référence de preuve absente | B7: référence de preuve absente | exclusions non vérifiées | preuve du contrôle des exclusions absente
MD0.F,Halmont Properties Corp.      R,Allemagne,83542992.0,1228000.0,209595008.0,,-50051124.0,0.132,0.74825996,0.30891,83940000.0,Yahoo Finance / yfinance get_info,2026-10-08,0.0,28.571437694588763,24.42397224730737,True,MANQUANTE,MANQUANTE,MANQUANTE,MANQUANTE,MANQUANTE,MANQUANTE,MANQUANTE,MANQUANTE,MANQUANTE,MANQUANTE,MANQUANTE,MANQUANTE,MANQUANTE,MANQUANTE,MANQUANTE,A_COMPLETER_PREUVES_SSI,A_VERIFIER,MANQUANTE,B1: référence de preuve absente | B2: référence de preuve absente | B3: référence de preuve absente | B4: référence de preuve absente | B5: référence de preuve absente | B6: référence de preuve absente | B7: référence de preuve absente | exclusions non vérifiées | preuve du contrôle des exclusions absente
3FS.F,Kalray SA                     A,Allemagne,83655456.0,2179000.0,7852000.0,8365000.0,-1317875.0,-0.085,0.649,0.24139,18507843.0,Yahoo Finance / yfinance get_info,2026-10-08,0.0,-46.57210448527909,-13.575526492498025,False,MANQUANTE,MANQUANTE,MANQUANTE,MANQUANTE,MANQUANTE,MANQUANTE,MANQUANTE,MANQUANTE,MANQUANTE,MANQUANTE,MANQUANTE,MANQUANTE,MANQUANTE,MANQUANTE,MANQUANTE,A_COMPLETER_PREUVES_SSI,A_VERIFIER,MANQUANTE,B1: référence de preuve absente | B2: référence de preuve absente | B3: référence de preuve absente | B4: référence de preuve absente | B5: référence de preuve absente | B6: référence de preuve absente | B7: référence de preuve absente | exclusions non vérifiées | preuve du contrôle des exclusions absente
4C30.F,CMBC Capital Holdings Ltd.    R,Allemagne,84234896.0,2634704896.0,3311704064.0,,,0.071,1.0,0.69335,1093959693.0,Yahoo Finance / yfinance get_info,2026-10-08,0.0,-85.47169740767015,-54.437870005091085,False,MANQUANTE,MANQUANTE,MANQUANTE,MANQUANTE,MANQUANTE,MANQUANTE,MANQUANTE,MANQUANTE,MANQUANTE,MANQUANTE,MANQUANTE,MANQUANTE,MANQUANTE,MANQUANTE,MANQUANTE,A_COMPLETER_PREUVES_SSI,A_VERIFIER,MANQUANTE,B1: référence de preuve absente | B2: référence de preuve absente | B3: référence de preuve absente | B4: référence de preuve absente | B5: référence de preuve absente | B6: référence de preuve absente | B7: référence de preuve absente | exclusions non vérifiées | preuve du contrôle des exclusions absente
UH40.F,Iondrive Ltd.                 R,Allemagne,84279528.0,6968972.0,0.0,-6875205.0,-661208.0,,1.0,0.36356997,1316867634.0,Yahoo Finance / yfinance get_info,2026-10-08,240.00000208616257,287.8788084038034,204.7619233461197,True,MANQUANTE,MANQUANTE,MANQUANTE,MANQUANTE,MANQUANTE,MANQUANTE,MANQUANTE,MANQUANTE,MANQUANTE,MANQUANTE,MANQUANTE,MANQUANTE,MANQUANTE,MANQUANTE,MANQUANTE,A_COMPLETER_PREUVES_SSI,A_VERIFIER,MANQUANTE,B1: référence de preuve absente | B2: référence de preuve absente | B3: référence de preuve absente | B4: référence de preuve absente | B5: référence de preuve absente | B6: référence de preuve absente | B7: référence de preuve absente | exclusions non vérifiées | preuve du contrôle des exclusions absente
19C.F,Caesarstone Ltd.              R,Allemagne,84368064.0,51769000.0,96129000.0,-29173000.0,49032000.0,-0.045,0.21243,0.34001,34577075.0,Yahoo Finance / yfinance get_info,2026-10-08,0.0,19.607848178785893,87.6923189783947,True,MANQUANTE,MANQUANTE,MANQUANTE,MANQUANTE,MANQUANTE,MANQUANTE,MANQUANTE,MANQUANTE,MANQUANTE,MANQUANTE,MANQUANTE,MANQUANTE,MANQUANTE,MANQUANTE,MANQUANTE,A_COMPLETER_PREUVES_SSI,A_VERIFIER,MANQUANTE,B1: référence de preuve absente | B2: référence de preuve absente | B3: référence de preuve absente | B4: référence de preuve absente | B5: référence de preuve absente | B6: référence de preuve absente | B7: référence de preuve absente | exclusions non vérifiées | preuve du contrôle des exclusions absente
G5HA.F,Guangzhou R&F Proper. Co. Ltd.R,Allemagne,84428272.0,856379008.0,97558003712.0,-8800540672.0,16366491648.0,0.231,-0.17191,0.48995999,3752367344.0,Yahoo Finance / yfinance get_info,2026-10-08,0.0,-2.1739093463565173,-45.78312831219837,False,MANQUANTE,MANQUANTE,MANQUANTE,MANQUANTE,MANQUANTE,MANQUANTE,MANQUANTE,MANQUANTE,MANQUANTE,MANQUANTE,MANQUANTE,MANQUANTE,MANQUANTE,MANQUANTE,MANQUANTE,A_COMPLETER_PREUVES_SSI,A_VERIFIER,MANQUANTE,B1: référence de preuve absente | B2: référence de preuve absente | B3: référence de preuve absente | B4: référence de preuve absente | B5: référence de preuve absente | B6: référence de preuve absente | B7: référence de preuve absente | exclusions non vérifiées | preuve du contrôle des exclusions absente
6Q1.F,Omda AS                       N,Allemagne,84491576.0,33257000.0,491793984.0,92074000.0,4095250.0,0.045,0.48668,0.48216,20507663.0,Yahoo Finance / yfinance get_info,2026-10-08,0.0,26.38036495741268,20.46783022366729,True,MANQUANTE,MANQUANTE,MANQUANTE,MANQUANTE,MANQUANTE,MANQUANTE,MANQUANTE,MANQUANTE,MANQUANTE,MANQUANTE,MANQUANTE,MANQUANTE,MANQUANTE,MANQUANTE,MANQUANTE,A_COMPLETER_PREUVES_SSI,A_VERIFIER,MANQUANTE,B1: référence de preuve absente | B2: référence de preuve absente | B3: référence de preuve absente | B4: référence de preuve absente | B5: référence de preuve absente | B6: référence de preuve absente | B7: référence de preuve absente | exclusions non vérifiées | preuve du contrôle des exclusions absente
8VJ.F,Ascend Wellness Holdings Inc. R,Allemagne,84536520.0,67994000.0,655278976.0,48166000.0,-13139875.0,-0.009,0.36676,0.20267999,203212781.0,Yahoo Finance / yfinance get_info,2026-10-08,0.0,14.917133075771003,10.05291489189759,False,MANQUANTE,MANQUANTE,MANQUANTE,MANQUANTE,MANQUANTE,MANQUANTE,MANQUANTE,MANQUANTE,MANQUANTE,MANQUANTE,MANQUANTE,MANQUANTE,MANQUANTE,MANQUANTE,MANQUANTE,A_COMPLETER_PREUVES_SSI,A_VERIFIER,MANQUANTE,B1: référence de preuve absente | B2: référence de preuve absente | B3: référence de preuve absente | B4: référence de preuve absente | B5: référence de preuve absente | B6: référence de preuve absente | B7: référence de preuve absente | exclusions non vérifiées | preuve du contrôle des exclusions absente
1Q2.F,Tat Hong Equipm.Srv.Co. Ltd.  R,Allemagne,84598168.0,156380000.0,1219324032.0,152382000.0,133687504.0,-0.045,0.09624,0.77033997,1166871250.0,Yahoo Finance / yfinance get_info,2026-10-08,0.0,-14.2011857797425,-2.684569127935066,False,MANQUANTE,MANQUANTE,MANQUANTE,MANQUANTE,MANQUANTE,MANQUANTE,MANQUANTE,MANQUANTE,MANQUANTE,MANQUANTE,MANQUANTE,MANQUANTE,MANQUANTE,MANQUANTE,MANQUANTE,A_COMPLETER_PREUVES_SSI,A_VERIFIER,MANQUANTE,B1: référence de preuve absente | B2: référence de preuve absente | B3: référence de preuve absente | B4: référence de preuve absente | B5: référence de preuve absente | B6: référence de preuve absente | B7: référence de preuve absente | exclusions non vérifiées | preuve du contrôle des exclusions absente
8PF.F,Pathfinder Bancorp Inc.       R,Allemagne,84761680.0,29943000.0,180988992.0,,,0.471,0.0,0.21964,4898360.0,Yahoo Finance / yfinance get_info,2026-10-08,0.0,-1.459852642697701,21.62161744189504,True,MANQUANTE,MANQUANTE,MANQUANTE,MANQUANTE,MANQUANTE,MANQUANTE,MANQUANTE,MANQUANTE,MANQUANTE,MANQUANTE,MANQUANTE,MANQUANTE,MANQUANTE,MANQUANTE,MANQUANTE,A_COMPLETER_PREUVES_SSI,A_VERIFIER,MANQUANTE,B1: référence de preuve absente | B2: référence de preuve absente | B3: référence de preuve absente | B4: référence de preuve absente | B5: référence de preuve absente | B6: référence de preuve absente | B7: référence de preuve absente | exclusions non vérifiées | preuve du contrôle des exclusions absente
5K9.F,Braemar PLC                   R,Allemagne,85085176.0,23363000.0,34284000.0,17379000.0,11442750.0,0.087,0.10514,0.22905001,31986906.0,Yahoo Finance / yfinance get_info,2026-10-08,0.0,0.0,12.711873053819868,True,MANQUANTE,MANQUANTE,MANQUANTE,MANQUANTE,MANQUANTE,MANQUANTE,MANQUANTE,MANQUANTE,MANQUANTE,MANQUANTE,MANQUANTE,MANQUANTE,MANQUANTE,MANQUANTE,MANQUANTE,A_COMPLETER_PREUVES_SSI,A_VERIFIER,MANQUANTE,B1: référence de preuve absente | B2: référence de preuve absente | B3: référence de preuve absente | B4: référence de preuve absente | B5: référence de preuve absente | B6: référence de preuve absente | B7: référence de preuve absente | exclusions non vérifiées | preuve du contrôle des exclusions absente
AT20.F,Atara Biotherapeutics Inc.    R,Allemagne,85320536.0,9873000.0,9879000.0,-11058000.0,-12522250.0,-0.964,0.75266,0.16798,10037710.0,Yahoo Finance / yfinance get_info,2026-10-08,0.0,2.4096362008327654,109.35960886198347,True,MANQUANTE,MANQUANTE,MANQUANTE,MANQUANTE,MANQUANTE,MANQUANTE,MANQUANTE,MANQUANTE,MANQUANTE,MANQUANTE,MANQUANTE,MANQUANTE,MANQUANTE,MANQUANTE,MANQUANTE,A_COMPLETER_PREUVES_SSI,A_VERIFIER,MANQUANTE,B1: référence de preuve absente | B2: référence de preuve absente | B3: référence de preuve absente | B4: référence de preuve absente | B5: référence de preuve absente | B6: référence de preuve absente | B7: référence de preuve absente | exclusions non vérifiées | preuve du contrôle des exclusions absente
9IRA.F,Broadwind Inc.                R,Allemagne,85659064.0,17043000.0,21838000.0,9704000.0,15035375.0,0.674,0.118319996,0.13977,23404116.0,Yahoo Finance / yfinance get_info,2026-10-08,0.0,-1.6129016752173708,102.43363658955138,True,MANQUANTE,MANQUANTE,MANQUANTE,MANQUANTE,MANQUANTE,MANQUANTE,MANQUANTE,MANQUANTE,MANQUANTE,MANQUANTE,MANQUANTE,MANQUANTE,MANQUANTE,MANQUANTE,MANQUANTE,A_COMPLETER_PREUVES_SSI,A_VERIFIER,MANQUANTE,B1: référence de preuve absente | B2: référence de preuve absente | B3: référence de preuve absente | B4: référence de preuve absente | B5: référence de preuve absente | B6: référence de preuve absente | B7: référence de preuve absente | exclusions non vérifiées | preuve du contrôle des exclusions absente
KEW.F,KEWAUNEE SCIENTIFIC CORP.     R,Allemagne,85702272.0,8246000.0,55472000.0,21386000.0,9238625.0,-0.067,0.28551,0.2442,2895347.0,Yahoo Finance / yfinance get_info,2026-10-08,0.0,-6.91823556092066,3.4965034498667835,False,MANQUANTE,MANQUANTE,MANQUANTE,MANQUANTE,MANQUANTE,MANQUANTE,MANQUANTE,MANQUANTE,MANQUANTE,MANQUANTE,MANQUANTE,MANQUANTE,MANQUANTE,MANQUANTE,MANQUANTE,A_COMPLETER_PREUVES_SSI,A_VERIFIER,MANQUANTE,B1: référence de preuve absente | B2: référence de preuve absente | B3: référence de preuve absente | B4: référence de preuve absente | B5: référence de preuve absente | B6: référence de preuve absente | B7: référence de preuve absente | exclusions non vérifiées | preuve du contrôle des exclusions absente
86C.F,Biotalys NV                   A,Allemagne,85708248.0,14043000.0,3238000.0,-13786000.0,-7568000.0,-0.404,1.0,0.27446,45444456.0,Yahoo Finance / yfinance get_info,2026-10-08,0.0,-36.391227932912464,-3.5787287474851603,False,MANQUANTE,MANQUANTE,MANQUANTE,MANQUANTE,MANQUANTE,MANQUANTE,MANQUANTE,MANQUANTE,MANQUANTE,MANQUANTE,MANQUANTE,MANQUANTE,MANQUANTE,MANQUANTE,MANQUANTE,A_COMPLETER_PREUVES_SSI,A_VERIFIER,MANQUANTE,B1: référence de preuve absente | B2: référence de preuve absente | B3: référence de preuve absente | B4: référence de preuve absente | B5: référence de preuve absente | B6: référence de preuve absente | B7: référence de preuve absente | exclusions non vérifiées | preuve du contrôle des exclusions absente
H2Y.F,Capital Environment Hldgs Ltd.R,Allemagne,85768400.0,404064000.0,11026453504.0,1040243008.0,-376051008.0,-0.009,0.37620997,0.66918,14294733167.0,Yahoo Finance / yfinance get_info,2026-10-08,0.0,0.0,-39.99999813735481,False,MANQUANTE,MANQUANTE,MANQUANTE,MANQUANTE,MANQUANTE,MANQUANTE,MANQUANTE,MANQUANTE,MANQUANTE,MANQUANTE,MANQUANTE,MANQUANTE,MANQUANTE,MANQUANTE,MANQUANTE,A_COMPLETER_PREUVES_SSI,A_VERIFIER,MANQUANTE,B1: référence de preuve absente | B2: référence de preuve absente | B3: référence de preuve absente | B4: référence de preuve absente | B5: référence de preuve absente | B6: référence de preuve absente | B7: référence de preuve absente | exclusions non vérifiées | preuve du contrôle des exclusions absente
PST0.F,Innovate Corp.                R,Allemagne,85943760.0,87800000.0,682300032.0,94400000.0,111075000.0,0.742,0.15935001,0.6247,13641866.0,Yahoo Finance / yfinance get_info,2026-10-08,0.0,-26.74418707806844,-19.23076876051564,False,MANQUANTE,MANQUANTE,MANQUANTE,MANQUANTE,MANQUANTE,MANQUANTE,MANQUANTE,MANQUANTE,MANQUANTE,MANQUANTE,MANQUANTE,MANQUANTE,MANQUANTE,MANQUANTE,MANQUANTE,A_COMPLETER_PREUVES_SSI,A_VERIFIER,MANQUANTE,B1: référence de preuve absente | B2: référence de preuve absente | B3: référence de preuve absente | B4: référence de preuve absente | B5: référence de preuve absente | B6: référence de preuve absente | B7: référence de preuve absente | exclusions non vérifiées | preuve du contrôle des exclusions absente
2W9.F,Zerostack Corp.               R,Allemagne,86099032.0,2640000.0,2757000.0,-12558000.0,-179750.0,0.407,0.13137001,0.83597,21797224.0,Yahoo Finance / yfinance get_info,2026-10-08,0.0,-30.08849591131133,-30.08849591131133,False,MANQUANTE,MANQUANTE,MANQUANTE,MANQUANTE,MANQUANTE,MANQUANTE,MANQUANTE,MANQUANTE,MANQUANTE,MANQUANTE,MANQUANTE,MANQUANTE,MANQUANTE,MANQUANTE,MANQUANTE,A_COMPLETER_PREUVES_SSI,A_VERIFIER,MANQUANTE,B1: référence de preuve absente | B2: référence de preuve absente | B3: référence de preuve absente | B4: référence de preuve absente | B5: référence de preuve absente | B6: référence de preuve absente | B7: référence de preuve absente | exclusions non vérifiées | preuve du contrôle des exclusions absente
JX0.F,Bien Sparebank ASA            N,Allemagne,86196856.0,933630976.0,1471619968.0,,,-0.09,0.0,0.89365995,5680198.0,Yahoo Finance / yfinance get_info,2026-10-08,0.0,16.260162349481313,8.333336343668973,True,MANQUANTE,MANQUANTE,MANQUANTE,MANQUANTE,MANQUANTE,MANQUANTE,MANQUANTE,MANQUANTE,MANQUANTE,MANQUANTE,MANQUANTE,MANQUANTE,MANQUANTE,MANQUANTE,MANQUANTE,A_COMPLETER_PREUVES_SSI,A_VERIFIER,MANQUANTE,B1: référence de preuve absente | B2: référence de preuve absente | B3: référence de preuve absente | B4: référence de preuve absente | B5: référence de preuve absente | B6: référence de preuve absente | B7: référence de preuve absente | exclusions non vérifiées | preuve du contrôle des exclusions absente
L4B0.F,Borealis Mining Co. Ltd.      R,Allemagne,86341456.0,18865984.0,0.0,-2899731.0,-9140816.0,8.827,0.34208,0.23091,147592247.0,Yahoo Finance / yfinance get_info,2026-10-08,0.0,18.181812708480784,-29.940120529874605,False,MANQUANTE,MANQUANTE,MANQUANTE,MANQUANTE,MANQUANTE,MANQUANTE,MANQUANTE,MANQUANTE,MANQUANTE,MANQUANTE,MANQUANTE,MANQUANTE,MANQUANTE,MANQUANTE,MANQUANTE,A_COMPLETER_PREUVES_SSI,A_VERIFIER,MANQUANTE,B1: référence de preuve absente | B2: référence de preuve absente | B3: référence de preuve absente | B4: référence de preuve absente | B5: référence de preuve absente | B6: référence de preuve absente | B7: référence de preuve absente | exclusions non vérifiées | preuve du contrôle des exclusions absente
I0P0.F,wrkr Ltd.                     R,Allemagne,86353400.0,10198000.0,1797000.0,-9651000.0,-8649375.0,0.742,-0.113299996,0.49153998,2186162002.0,Yahoo Finance / yfinance get_info,2026-10-08,0.0,-14.13043099746024,-30.08849114069907,False,MANQUANTE,MANQUANTE,MANQUANTE,MANQUANTE,MANQUANTE,MANQUANTE,MANQUANTE,MANQUANTE,MANQUANTE,MANQUANTE,MANQUANTE,MANQUANTE,MANQUANTE,MANQUANTE,MANQUANTE,A_COMPLETER_PREUVES_SSI,A_VERIFIER,MANQUANTE,B1: référence de preuve absente | B2: référence de preuve absente | B3: référence de preuve absente | B4: référence de preuve absente | B5: référence de preuve absente | B6: référence de preuve absente | B7: référence de preuve absente | exclusions non vérifiées | preuve du contrôle des exclusions absente
TQZA.F,Technical Olympic S.A.        N,Allemagne,86421384.0,64413212.0,23997562.0,5137474.0,-10409567.0,-0.098,0.28779,0.64645,39825520.0,Yahoo Finance / yfinance get_info,2026-10-08,0.0,-2.6905803706885,1.401867753231434,False,MANQUANTE,MANQUANTE,MANQUANTE,MANQUANTE,MANQUANTE,MANQUANTE,MANQUANTE,MANQUANTE,MANQUANTE,MANQUANTE,MANQUANTE,MANQUANTE,MANQUANTE,MANQUANTE,MANQUANTE,A_COMPLETER_PREUVES_SSI,A_VERIFIER,MANQUANTE,B1: référence de preuve absente | B2: référence de preuve absente | B3: référence de preuve absente | B4: référence de preuve absente | B5: référence de preuve absente | B6: référence de preuve absente | B7: référence de preuve absente | exclusions non vérifiées | preuve du contrôle des exclusions absente
1U6.F,Chapel Down Group PLC         R,Allemagne,86619784.0,321000.0,23889000.0,1839000.0,-4069875.0,0.189,0.48594,0.50273997,171524316.0,Yahoo Finance / yfinance get_info,2026-10-08,0.0,5.208334691512118,43.46590851364303,True,MANQUANTE,MANQUANTE,MANQUANTE,MANQUANTE,MANQUANTE,MANQUANTE,MANQUANTE,MANQUANTE,MANQUANTE,MANQUANTE,MANQUANTE,MANQUANTE,MANQUANTE,MANQUANTE,MANQUANTE,A_COMPLETER_PREUVES_SSI,A_VERIFIER,MANQUANTE,B1: référence de preuve absente | B2: référence de preuve absente | B3: référence de preuve absente | B4: référence de preuve absente | B5: référence de preuve absente | B6: référence de preuve absente | B7: référence de preuve absente | exclusions non vérifiées | preuve du contrôle des exclusions absente
FDU.F,Commercial Vehicle Group Inc. R,Allemagne,86896288.0,35952000.0,146523008.0,19236000.0,16197500.0,0.135,0.11995,0.1546,33943864.0,Yahoo Finance / yfinance get_info,2026-10-08,0.0,-38.16425059567214,-26.43678365665313,False,MANQUANTE,MANQUANTE,MANQUANTE,MANQUANTE,MANQUANTE,MANQUANTE,MANQUANTE,MANQUANTE,MANQUANTE,MANQUANTE,MANQUANTE,MANQUANTE,MANQUANTE,MANQUANTE,MANQUANTE,A_COMPLETER_PREUVES_SSI,A_VERIFIER,MANQUANTE,B1: référence de preuve absente | B2: référence de preuve absente | B3: référence de preuve absente | B4: référence de preuve absente | B5: référence de preuve absente | B6: référence de preuve absente | B7: référence de preuve absente | exclusions non vérifiées | preuve du contrôle des exclusions absente
3EO.F,Evolution PowerX Corp.        R,Allemagne,86961536.0,15337657.0,34371200.0,12266344.0,-11334035.0,0.361,0.42501998,0.26252002,80969776.0,Yahoo Finance / yfinance get_info,2026-10-08,0.0,16.10810671486589,30.975611014851225,True,MANQUANTE,MANQUANTE,MANQUANTE,MANQUANTE,MANQUANTE,MANQUANTE,MANQUANTE,MANQUANTE,MANQUANTE,MANQUANTE,MANQUANTE,MANQUANTE,MANQUANTE,MANQUANTE,MANQUANTE,A_COMPLETER_PREUVES_SSI,A_VERIFIER,MANQUANTE,B1: référence de preuve absente | B2: référence de preuve absente | B3: référence de preuve absente | B4: référence de preuve absente | B5: référence de preuve absente | B6: référence de preuve absente | B7: référence de preuve absente | exclusions non vérifiées | preuve du contrôle des exclusions absente
0FZ.F,Alligator Energy Ltd.         R,Allemagne,87006568.0,12933000.0,1463000.0,-1076000.0,-14722875.0,0.222,1.0,0.097770005,4833698116.0,Yahoo Finance / yfinance get_info,2026-10-08,0.0,-32.0754738200301,-16.279076214672017,False,MANQUANTE,MANQUANTE,MANQUANTE,MANQUANTE,MANQUANTE,MANQUANTE,MANQUANTE,MANQUANTE,MANQUANTE,MANQUANTE,MANQUANTE,MANQUANTE,MANQUANTE,MANQUANTE,MANQUANTE,A_COMPLETER_PREUVES_SSI,A_VERIFIER,MANQUANTE,B1: référence de preuve absente | B2: référence de preuve absente | B3: référence de preuve absente | B4: référence de preuve absente | B5: référence de preuve absente | B6: référence de preuve absente | B7: référence de preuve absente | exclusions non vérifiées | preuve du contrôle des exclusions absente
E40.F,Finder Energy Holdings Ltd.   R,Allemagne,87017328.0,32450692.0,66763.0,-31163312.0,-13316987.0,4.558,1.0,0.59251,554250497.0,Yahoo Finance / yfinance get_info,2026-10-08,0.0,-17.368417255105683,-53.273807332772826,,MANQUANTE,MANQUANTE,MANQUANTE,MANQUANTE,MANQUANTE,MANQUANTE,MANQUANTE,MANQUANTE,MANQUANTE,MANQUANTE,MANQUANTE,MANQUANTE,MANQUANTE,MANQUANTE,MANQUANTE,A_COMPLETER_PREUVES_SSI,A_VERIFIER,MANQUANTE,B1: référence de preuve absente | B2: référence de preuve absente | B3: référence de preuve absente | B4: référence de preuve absente | B5: référence de preuve absente | B6: référence de preuve absente | B7: référence de preuve absente | exclusions non vérifiées | preuve du contrôle des exclusions absente
RAUA.F,RAUTE OY                      R,Allemagne,87041464.0,16678000.0,1787000.0,17323000.0,-10410875.0,-0.246,0.61169,0.49830002,5921188.0,Yahoo Finance / yfinance get_info,2026-10-08,0.0,-2.649010345029257,-4.234531309779377,False,MANQUANTE,MANQUANTE,MANQUANTE,MANQUANTE,MANQUANTE,MANQUANTE,MANQUANTE,MANQUANTE,MANQUANTE,MANQUANTE,MANQUANTE,MANQUANTE,MANQUANTE,MANQUANTE,MANQUANTE,A_COMPLETER_PREUVES_SSI,A_VERIFIER,MANQUANTE,B1: référence de preuve absente | B2: référence de preuve absente | B3: référence de preuve absente | B4: référence de preuve absente | B5: référence de preuve absente | B6: référence de preuve absente | B7: référence de preuve absente | exclusions non vérifiées | preuve du contrôle des exclusions absente
6H1.F,Unify Group S.A.              A,Allemagne,87150904.0,97408000.0,177759008.0,54018000.0,29538000.0,0.006,0.42337,0.34539002,57260780.0,Yahoo Finance / yfinance get_info,2026-10-08,0.0,-12.42808260778341,-8.202656080766669,False,MANQUANTE,MANQUANTE,MANQUANTE,MANQUANTE,MANQUANTE,MANQUANTE,MANQUANTE,MANQUANTE,MANQUANTE,MANQUANTE,MANQUANTE,MANQUANTE,MANQUANTE,MANQUANTE,MANQUANTE,A_COMPLETER_PREUVES_SSI,A_VERIFIER,MANQUANTE,B1: référence de preuve absente | B2: référence de preuve absente | B3: référence de preuve absente | B4: référence de preuve absente | B5: référence de preuve absente | B6: référence de preuve absente | B7: référence de preuve absente | exclusions non vérifiées | preuve du contrôle des exclusions absente
1H3.MU,SunHydrogen Inc.              R,Allemagne,87387312.0,32060068.0,102014.0,-7479520.0,-3919623.0,,1.0,0.0109,5749164916.0,Yahoo Finance / yfinance get_info,2026-10-08,1416.870058234781,-19.99999607864167,-18.27956881567514,False,MANQUANTE,MANQUANTE,MANQUANTE,MANQUANTE,MANQUANTE,MANQUANTE,MANQUANTE,MANQUANTE,MANQUANTE,MANQUANTE,MANQUANTE,MANQUANTE,MANQUANTE,MANQUANTE,MANQUANTE,A_COMPLETER_PREUVES_SSI,A_VERIFIER,MANQUANTE,B1: référence de preuve absente | B2: référence de preuve absente | B3: référence de preuve absente | B4: référence de preuve absente | B5: référence de preuve absente | B6: référence de preuve absente | B7: référence de preuve absente | exclusions non vérifiées | preuve du contrôle des exclusions absente
SMI.F,Tian An Medicare Ltd.         R,Allemagne,87410880.0,712532992.0,989377024.0,169718000.0,-114214872.0,0.056,0.17424999,0.84472,1010530457.0,Yahoo Finance / yfinance get_info,2026-10-08,0.0,-3.888896615416604,-22.7678626666452,False,MANQUANTE,MANQUANTE,MANQUANTE,MANQUANTE,MANQUANTE,MANQUANTE,MANQUANTE,MANQUANTE,MANQUANTE,MANQUANTE,MANQUANTE,MANQUANTE,MANQUANTE,MANQUANTE,MANQUANTE,A_COMPLETER_PREUVES_SSI,A_VERIFIER,MANQUANTE,B1: référence de preuve absente | B2: référence de preuve absente | B3: référence de preuve absente | B4: référence de preuve absente | B5: référence de preuve absente | B6: référence de preuve absente | B7: référence de preuve absente | exclusions non vérifiées | preuve du contrôle des exclusions absente
59N.F,NPC Incorporated              R,Allemagne,87566720.0,4305999872.0,0.0,1529580032.0,,-0.192,0.35057998,0.09359,20948976.0,Yahoo Finance / yfinance get_info,2026-10-08,0.0,21.511620895613824,-0.4761900436850985,True,MANQUANTE,MANQUANTE,MANQUANTE,MANQUANTE,MANQUANTE,MANQUANTE,MANQUANTE,MANQUANTE,MANQUANTE,MANQUANTE,MANQUANTE,MANQUANTE,MANQUANTE,MANQUANTE,MANQUANTE,A_COMPLETER_PREUVES_SSI,A_VERIFIER,MANQUANTE,B1: référence de preuve absente | B2: référence de preuve absente | B3: référence de preuve absente | B4: référence de preuve absente | B5: référence de preuve absente | B6: référence de preuve absente | B7: référence de preuve absente | exclusions non vérifiées | preuve du contrôle des exclusions absente
BJDH.F,Bj.b.Jade Bird Uni.Sci-T.Co.L.R,Allemagne,87838912.0,284776992.0,994060032.0,311075008.0,851582272.0,-0.235,0.15611,0.13387,700000000.0,Yahoo Finance / yfinance get_info,2026-10-08,0.0,-19.44444329466344,-41.414142782475786,False,MANQUANTE,MANQUANTE,MANQUANTE,MANQUANTE,MANQUANTE,MANQUANTE,MANQUANTE,MANQUANTE,MANQUANTE,MANQUANTE,MANQUANTE,MANQUANTE,MANQUANTE,MANQUANTE,MANQUANTE,A_COMPLETER_PREUVES_SSI,A_VERIFIER,MANQUANTE,B1: référence de preuve absente | B2: référence de preuve absente | B3: référence de preuve absente | B4: référence de preuve absente | B5: référence de preuve absente | B6: référence de preuve absente | B7: référence de preuve absente | exclusions non vérifiées | preuve du contrôle des exclusions absente
MF1.F,Canbridge Pharmaceuticals Inc.R,Allemagne,87912680.0,88098000.0,28806000.0,-87658000.0,-216828000.0,0.256,0.72855,0.40392,511120234.0,Yahoo Finance / yfinance get_info,2026-10-08,0.0,-1.714280702629778,-19.626166076782614,False,MANQUANTE,MANQUANTE,MANQUANTE,MANQUANTE,MANQUANTE,MANQUANTE,MANQUANTE,MANQUANTE,MANQUANTE,MANQUANTE,MANQUANTE,MANQUANTE,MANQUANTE,MANQUANTE,MANQUANTE,A_COMPLETER_PREUVES_SSI,A_VERIFIER,MANQUANTE,B1: référence de preuve absente | B2: référence de preuve absente | B3: référence de preuve absente | B4: référence de preuve absente | B5: référence de preuve absente | B6: référence de preuve absente | B7: référence de preuve absente | exclusions non vérifiées | preuve du contrôle des exclusions absente
5YO.F,iFabric Corp.                 R,Allemagne,88369616.0,25486792.0,5498867.0,5358013.0,-1476233.0,0.654,0.30464,0.49222,36516367.0,Yahoo Finance / yfinance get_info,2026-10-08,0.0,-6.923070574652989,9.009011040820592,,MANQUANTE,MANQUANTE,MANQUANTE,MANQUANTE,MANQUANTE,MANQUANTE,MANQUANTE,MANQUANTE,MANQUANTE,MANQUANTE,MANQUANTE,MANQUANTE,MANQUANTE,MANQUANTE,MANQUANTE,A_COMPLETER_PREUVES_SSI,A_VERIFIER,MANQUANTE,B1: référence de preuve absente | B2: référence de preuve absente | B3: référence de preuve absente | B4: référence de preuve absente | B5: référence de preuve absente | B6: référence de preuve absente | B7: référence de preuve absente | exclusions non vérifiées | preuve du contrôle des exclusions absente
3C1.F,Carbios S.A.                  A,Allemagne,88406464.0,47512000.0,30442000.0,-3305500.0,-2927250.0,3.996,-0.59233004,0.11326,16871464.0,Yahoo Finance / yfinance get_info,2026-10-08,650.0,-3.3210387941333908,-35.06815403625239,False,MANQUANTE,MANQUANTE,MANQUANTE,MANQUANTE,MANQUANTE,MANQUANTE,MANQUANTE,MANQUANTE,MANQUANTE,MANQUANTE,MANQUANTE,MANQUANTE,MANQUANTE,MANQUANTE,MANQUANTE,A_COMPLETER_PREUVES_SSI,A_VERIFIER,MANQUANTE,B1: référence de preuve absente | B2: référence de preuve absente | B3: référence de preuve absente | B4: référence de preuve absente | B5: référence de preuve absente | B6: référence de preuve absente | B7: référence de preuve absente | exclusions non vérifiées | preuve du contrôle des exclusions absente
2Y5.F,Endava Ltd.                   R,Allemagne,88511544.0,48376000.0,238610000.0,30009000.0,30948000.0,-0.084,0.21895,0.0102699995,39397924.0,Yahoo Finance / yfinance get_info,2026-10-08,0.0,-28.41880283098639,-55.21390513248263,False,MANQUANTE,MANQUANTE,MANQUANTE,MANQUANTE,MANQUANTE,MANQUANTE,MANQUANTE,MANQUANTE,MANQUANTE,MANQUANTE,MANQUANTE,MANQUANTE,MANQUANTE,MANQUANTE,MANQUANTE,A_COMPLETER_PREUVES_SSI,A_VERIFIER,MANQUANTE,B1: référence de preuve absente | B2: référence de preuve absente | B3: référence de preuve absente | B4: référence de preuve absente | B5: référence de preuve absente | B6: référence de preuve absente | B7: référence de preuve absente | exclusions non vérifiées | preuve du contrôle des exclusions absente
3SD.F,Sino-Ocean Group Holding Ltd. R,Allemagne,88680328.0,1414969984.0,51708719104.0,-11890549760.0,13403757568.0,0.063,-0.36777002,0.19441,12668617223.0,Yahoo Finance / yfinance get_info,2026-10-08,0.0,-29.999996274709616,-41.66666537316311,False,MANQUANTE,MANQUANTE,MANQUANTE,MANQUANTE,MANQUANTE,MANQUANTE,MANQUANTE,MANQUANTE,MANQUANTE,MANQUANTE,MANQUANTE,MANQUANTE,MANQUANTE,MANQUANTE,MANQUANTE,A_COMPLETER_PREUVES_SSI,A_VERIFIER,MANQUANTE,B1: référence de preuve absente | B2: référence de preuve absente | B3: référence de preuve absente | B4: référence de preuve absente | B5: référence de preuve absente | B6: référence de preuve absente | B7: référence de preuve absente | exclusions non vérifiées | preuve du contrôle des exclusions absente
RU8.F,Renascor Resources Ltd        R,Allemagne,88750040.0,94350832.0,854094.0,-3037766.0,-17865488.0,0.013,1.0,0.13958,2546237633.0,Yahoo Finance / yfinance get_info,2026-10-08,0.0,0.6005995591628066,-14.540815211348445,False,MANQUANTE,MANQUANTE,MANQUANTE,MANQUANTE,MANQUANTE,MANQUANTE,MANQUANTE,MANQUANTE,MANQUANTE,MANQUANTE,MANQUANTE,MANQUANTE,MANQUANTE,MANQUANTE,MANQUANTE,A_COMPLETER_PREUVES_SSI,A_VERIFIER,MANQUANTE,B1: référence de preuve absente | B2: référence de preuve absente | B3: référence de preuve absente | B4: référence de preuve absente | B5: référence de preuve absente | B6: référence de preuve absente | B7: référence de preuve absente | exclusions non vérifiées | preuve du contrôle des exclusions absente
OSP2.HM,USU Ventures AG               I,Allemagne,88920584.0,23962000.0,15367000.0,1675000.0,1244250.0,0.063,0.18761,0.0,10036184.0,Yahoo Finance / yfinance get_info,2026-10-08,15397.200645446776,-4.525863021328702,7.0048302223546965,False,MANQUANTE,MANQUANTE,MANQUANTE,MANQUANTE,MANQUANTE,MANQUANTE,MANQUANTE,MANQUANTE,MANQUANTE,MANQUANTE,MANQUANTE,MANQUANTE,MANQUANTE,MANQUANTE,MANQUANTE,A_COMPLETER_PREUVES_SSI,A_VERIFIER,MANQUANTE,B1: référence de preuve absente | B2: référence de preuve absente | B3: référence de preuve absente | B4: référence de preuve absente | B5: référence de preuve absente | B6: référence de preuve absente | B7: référence de preuve absente | exclusions non vérifiées | preuve du contrôle des exclusions absente
N09.F,Novus Holdings Ltd.           R,Allemagne,89258544.0,1054361024.0,378931008.0,512852992.0,448041888.0,-0.023,0.32923,0.37480998,316519634.0,Yahoo Finance / yfinance get_info,2026-10-08,0.0,-12.422357776513492,6.818184383808768,False,MANQUANTE,MANQUANTE,MANQUANTE,MANQUANTE,MANQUANTE,MANQUANTE,MANQUANTE,MANQUANTE,MANQUANTE,MANQUANTE,MANQUANTE,MANQUANTE,MANQUANTE,MANQUANTE,MANQUANTE,A_COMPLETER_PREUVES_SSI,A_VERIFIER,MANQUANTE,B1: référence de preuve absente | B2: référence de preuve absente | B3: référence de preuve absente | B4: référence de preuve absente | B5: référence de preuve absente | B6: référence de preuve absente | B7: référence de preuve absente | exclusions non vérifiées | preuve du contrôle des exclusions absente
QAT2.F,Stabilis Solutions Inc.       R,Allemagne,89262240.0,4618000.0,8224000.0,-1678000.0,-22745250.0,-0.312,0.23413,0.82251,18596301.0,Yahoo Finance / yfinance get_info,2026-10-08,0.0,37.93103920766108,66.66666666666667,True,MANQUANTE,MANQUANTE,MANQUANTE,MANQUANTE,MANQUANTE,MANQUANTE,MANQUANTE,MANQUANTE,MANQUANTE,MANQUANTE,MANQUANTE,MANQUANTE,MANQUANTE,MANQUANTE,MANQUANTE,A_COMPLETER_PREUVES_SSI,A_VERIFIER,MANQUANTE,B1: référence de preuve absente | B2: référence de preuve absente | B3: référence de preuve absente | B4: référence de preuve absente | B5: référence de preuve absente | B6: référence de preuve absente | B7: référence de preuve absente | exclusions non vérifiées | preuve du contrôle des exclusions absente
80Y.F,Wynnstay Group PLC            R,Allemagne,89315560.0,11626000.0,15763000.0,11364000.0,8559375.0,-0.003,0.13879,0.21767001,23019474.0,Yahoo Finance / yfinance get_info,2026-10-08,0.0,-5.365848666071282,2.645506449947965,False,MANQUANTE,MANQUANTE,MANQUANTE,MANQUANTE,MANQUANTE,MANQUANTE,MANQUANTE,MANQUANTE,MANQUANTE,MANQUANTE,MANQUANTE,MANQUANTE,MANQUANTE,MANQUANTE,MANQUANTE,A_COMPLETER_PREUVES_SSI,A_VERIFIER,MANQUANTE,B1: référence de preuve absente | B2: référence de preuve absente | B3: référence de preuve absente | B4: référence de preuve absente | B5: référence de preuve absente | B6: référence de preuve absente | B7: référence de preuve absente | exclusions non vérifiées | preuve du contrôle des exclusions absente
H9G.F,Hansard Global PLC            R,Allemagne,89437008.0,1351399936.0,2400000.0,4500000.0,22950000.0,2.563,0.93942,0.54539,136545064.0,Yahoo Finance / yfinance get_info,2026-10-08,0.0,4.79999542236329,19.090901307823405,True,MANQUANTE,MANQUANTE,MANQUANTE,MANQUANTE,MANQUANTE,MANQUANTE,MANQUANTE,MANQUANTE,MANQUANTE,MANQUANTE,MANQUANTE,MANQUANTE,MANQUANTE,MANQUANTE,MANQUANTE,A_COMPLETER_PREUVES_SSI,A_VERIFIER,MANQUANTE,B1: référence de preuve absente | B2: référence de preuve absente | B3: référence de preuve absente | B4: référence de preuve absente | B5: référence de preuve absente | B6: référence de preuve absente | B7: référence de preuve absente | exclusions non vérifiées | preuve du contrôle des exclusions absente
UH9.F,Beyond Oil Ltd.               R,Allemagne,89644928.0,4535000.0,235000.0,-7989000.0,-6276250.0,0.277,0.47202998,0.14462,81200121.0,Yahoo Finance / yfinance get_info,2026-10-08,0.0,-22.689076121310315,-30.126585926770343,False,MANQUANTE,MANQUANTE,MANQUANTE,MANQUANTE,MANQUANTE,MANQUANTE,MANQUANTE,MANQUANTE,MANQUANTE,MANQUANTE,MANQUANTE,MANQUANTE,MANQUANTE,MANQUANTE,MANQUANTE,A_COMPLETER_PREUVES_SSI,A_VERIFIER,MANQUANTE,B1: référence de preuve absente | B2: référence de preuve absente | B3: référence de preuve absente | B4: référence de preuve absente | B5: référence de preuve absente | B6: référence de preuve absente | B7: référence de preuve absente | exclusions non vérifiées | preuve du contrôle des exclusions absente
FZ70.F,Brazilian Critical Miner. Ltd.R,Allemagne,89731400.0,4361548.0,661243.0,-6759006.0,-3001273.0,,1.0,0.27251,2243284937.0,Yahoo Finance / yfinance get_info,2026-10-08,0.0,23.07692484037418,135.2940996006708,True,MANQUANTE,MANQUANTE,MANQUANTE,MANQUANTE,MANQUANTE,MANQUANTE,MANQUANTE,MANQUANTE,MANQUANTE,MANQUANTE,MANQUANTE,MANQUANTE,MANQUANTE,MANQUANTE,MANQUANTE,A_COMPLETER_PREUVES_SSI,A_VERIFIER,MANQUANTE,B1: référence de preuve absente | B2: référence de preuve absente | B3: référence de preuve absente | B4: référence de preuve absente | B5: référence de preuve absente | B6: référence de preuve absente | B7: référence de preuve absente | exclusions non vérifiées | preuve du contrôle des exclusions absente
NYY.F,NWF Group PLC                 R,Allemagne,89771832.0,9000000.0,69500000.0,25599998.0,2925000.0,0.082,0.05955,0.33187,49597701.0,Yahoo Finance / yfinance get_info,2026-10-08,0.0,13.836471998900567,25.69443547615333,True,MANQUANTE,MANQUANTE,MANQUANTE,MANQUANTE,MANQUANTE,MANQUANTE,MANQUANTE,MANQUANTE,MANQUANTE,MANQUANTE,MANQUANTE,MANQUANTE,MANQUANTE,MANQUANTE,MANQUANTE,A_COMPLETER_PREUVES_SSI,A_VERIFIER,MANQUANTE,B1: référence de preuve absente | B2: référence de preuve absente | B3: référence de preuve absente | B4: référence de preuve absente | B5: référence de preuve absente | B6: référence de preuve absente | B7: référence de preuve absente | exclusions non vérifiées | preuve du contrôle des exclusions absente
SJY.F,Golden Bridge Group Hldgs.Ltd.R,Allemagne,89870488.0,947377984.0,355000.0,70176000.0,-81530376.0,-0.373,0.3952,0.68755996,456195370.0,Yahoo Finance / yfinance get_info,2026-10-08,0.0,-1.5000030174850965,-5.288464982701758,False,MANQUANTE,MANQUANTE,MANQUANTE,MANQUANTE,MANQUANTE,MANQUANTE,MANQUANTE,MANQUANTE,MANQUANTE,MANQUANTE,MANQUANTE,MANQUANTE,MANQUANTE,MANQUANTE,MANQUANTE,A_COMPLETER_PREUVES_SSI,A_VERIFIER,MANQUANTE,B1: référence de preuve absente | B2: référence de preuve absente | B3: référence de preuve absente | B4: référence de preuve absente | B5: référence de preuve absente | B6: référence de preuve absente | B7: référence de preuve absente | exclusions non vérifiées | preuve du contrôle des exclusions absente
JMD.F,Jp.Medi.Dynamic Marketing Inc.R,Allemagne,90129096.0,2564000000.0,6632000000.0,1497047040.0,,-0.101,0.57557,0.45562,26353536.0,Yahoo Finance / yfinance get_info,2026-10-08,0.0,-31.599998474121094,19.580426634223947,False,MANQUANTE,MANQUANTE,MANQUANTE,MANQUANTE,MANQUANTE,MANQUANTE,MANQUANTE,MANQUANTE,MANQUANTE,MANQUANTE,MANQUANTE,MANQUANTE,MANQUANTE,MANQUANTE,MANQUANTE,A_COMPLETER_PREUVES_SSI,A_VERIFIER,MANQUANTE,B1: référence de preuve absente | B2: référence de preuve absente | B3: référence de preuve absente | B4: référence de preuve absente | B5: référence de preuve absente | B6: référence de preuve absente | B7: référence de preuve absente | exclusions non vérifiées | preuve du contrôle des exclusions absente
4U8.F,Inspired Entertainment Inc.   R,Allemagne,90145632.0,22000000.0,343200000.0,88200000.0,19837500.0,-0.243,0.76262003,0.07891,26358372.0,Yahoo Finance / yfinance get_info,2026-10-08,0.0,-44.39024352422197,-37.24770282597333,False,MANQUANTE,MANQUANTE,MANQUANTE,MANQUANTE,MANQUANTE,MANQUANTE,MANQUANTE,MANQUANTE,MANQUANTE,MANQUANTE,MANQUANTE,MANQUANTE,MANQUANTE,MANQUANTE,MANQUANTE,A_COMPLETER_PREUVES_SSI,A_VERIFIER,MANQUANTE,B1: référence de preuve absente | B2: référence de preuve absente | B3: référence de preuve absente | B4: référence de preuve absente | B5: référence de preuve absente | B6: référence de preuve absente | B7: référence de preuve absente | exclusions non vérifiées | preuve du contrôle des exclusions absente
2U0.F,SOGECLAIR S.A.                A,Allemagne,90443480.0,21886000.0,24171000.0,13336000.0,19777876.0,-0.031,0.60925,0.69517,3055523.0,Yahoo Finance / yfinance get_info,2026-10-08,0.0,-19.999998969000742,-28.67469787597656,False,MANQUANTE,MANQUANTE,MANQUANTE,MANQUANTE,MANQUANTE,MANQUANTE,MANQUANTE,MANQUANTE,MANQUANTE,MANQUANTE,MANQUANTE,MANQUANTE,MANQUANTE,MANQUANTE,MANQUANTE,A_COMPLETER_PREUVES_SSI,A_VERIFIER,MANQUANTE,B1: référence de preuve absente | B2: référence de preuve absente | B3: référence de preuve absente | B4: référence de preuve absente | B5: référence de preuve absente | B6: référence de preuve absente | B7: référence de preuve absente | exclusions non vérifiées | preuve du contrôle des exclusions absente
RT70.F,Brave Bison Group PLC         R,Allemagne,91311008.0,8319000.0,5172000.0,5735000.0,10839625.0,1.042,0.63113,0.62487,116319751.0,Yahoo Finance / yfinance get_info,2026-10-08,0.0,-19.072164631710898,-1.874998183921006,False,MANQUANTE,MANQUANTE,MANQUANTE,MANQUANTE,MANQUANTE,MANQUANTE,MANQUANTE,MANQUANTE,MANQUANTE,MANQUANTE,MANQUANTE,MANQUANTE,MANQUANTE,MANQUANTE,MANQUANTE,A_COMPLETER_PREUVES_SSI,A_VERIFIER,MANQUANTE,B1: référence de preuve absente | B2: référence de preuve absente | B3: référence de preuve absente | B4: référence de preuve absente | B5: référence de preuve absente | B6: référence de preuve absente | B7: référence de preuve absente | exclusions non vérifiées | preuve du contrôle des exclusions absente
Y2O.F,Papoutsanis S.A.              N,Allemagne,91322048.0,6825662.0,27355298.0,10570734.0,485557.0,0.103,0.37105,0.6711,27098531.0,Yahoo Finance / yfinance get_info,2026-10-08,0.0,2.431608651478423,-6.505631435392278,False,MANQUANTE,MANQUANTE,MANQUANTE,MANQUANTE,MANQUANTE,MANQUANTE,MANQUANTE,MANQUANTE,MANQUANTE,MANQUANTE,MANQUANTE,MANQUANTE,MANQUANTE,MANQUANTE,MANQUANTE,A_COMPLETER_PREUVES_SSI,A_VERIFIER,MANQUANTE,B1: référence de preuve absente | B2: référence de preuve absente | B3: référence de preuve absente | B4: référence de preuve absente | B5: référence de preuve absente | B6: référence de preuve absente | B7: référence de preuve absente | exclusions non vérifiées | preuve du contrôle des exclusions absente
M36.F,Lemonsoft Oyj                 R,Allemagne,91463048.0,4337000.0,13026000.0,7145000.0,6780000.0,0.054,0.40210998,0.27934,17794367.0,Yahoo Finance / yfinance get_info,2026-10-08,0.0,8.668072849023378,7.756811049026768,True,MANQUANTE,MANQUANTE,MANQUANTE,MANQUANTE,MANQUANTE,MANQUANTE,MANQUANTE,MANQUANTE,MANQUANTE,MANQUANTE,MANQUANTE,MANQUANTE,MANQUANTE,MANQUANTE,MANQUANTE,A_COMPLETER_PREUVES_SSI,A_VERIFIER,MANQUANTE,B1: référence de preuve absente | B2: référence de preuve absente | B3: référence de preuve absente | B4: référence de preuve absente | B5: référence de preuve absente | B6: référence de preuve absente | B7: référence de preuve absente | exclusions non vérifiées | preuve du contrôle des exclusions absente
H0U.F,Singular People S.A.          A,Allemagne,91734000.0,7226439.0,22706400.0,11363584.0,8194535.0,0.114,0.20176001,0.7825,52720686.0,Yahoo Finance / yfinance get_info,2026-10-08,0.0,-14.285712607891751,-9.610386875954834,False,MANQUANTE,MANQUANTE,MANQUANTE,MANQUANTE,MANQUANTE,MANQUANTE,MANQUANTE,MANQUANTE,MANQUANTE,MANQUANTE,MANQUANTE,MANQUANTE,MANQUANTE,MANQUANTE,MANQUANTE,A_COMPLETER_PREUVES_SSI,A_VERIFIER,MANQUANTE,B1: référence de preuve absente | B2: référence de preuve absente | B3: référence de preuve absente | B4: référence de preuve absente | B5: référence de preuve absente | B6: référence de preuve absente | B7: référence de preuve absente | exclusions non vérifiées | preuve du contrôle des exclusions absente
42V.F,Braemar Hotels & Resorts Inc. R,Allemagne,91781648.0,94238000.0,801060992.0,132413000.0,-293560256.0,-0.045,0.27345,0.16384001,68679318.0,Yahoo Finance / yfinance get_info,2026-10-08,0.0,-26.900586426035865,-36.54822427176136,False,MANQUANTE,MANQUANTE,MANQUANTE,MANQUANTE,MANQUANTE,MANQUANTE,MANQUANTE,MANQUANTE,MANQUANTE,MANQUANTE,MANQUANTE,MANQUANTE,MANQUANTE,MANQUANTE,MANQUANTE,A_COMPLETER_PREUVES_SSI,A_VERIFIER,MANQUANTE,B1: référence de preuve absente | B2: référence de preuve absente | B3: référence de preuve absente | B4: référence de preuve absente | B5: référence de preuve absente | B6: référence de preuve absente | B7: référence de preuve absente | exclusions non vérifiées | preuve du contrôle des exclusions absente
51J.F,VivoPower PLC                 R,Allemagne,91821504.0,60000.0,29189000.0,-8267000.0,-67159128.0,,0.18033001,0.31353,31993555.0,Yahoo Finance / yfinance get_info,2026-10-08,0.0,-34.47489016959943,34.1121376107407,False,MANQUANTE,MANQUANTE,MANQUANTE,MANQUANTE,MANQUANTE,MANQUANTE,MANQUANTE,MANQUANTE,MANQUANTE,MANQUANTE,MANQUANTE,MANQUANTE,MANQUANTE,MANQUANTE,MANQUANTE,A_COMPLETER_PREUVES_SSI,A_VERIFIER,MANQUANTE,B1: référence de preuve absente | B2: référence de preuve absente | B3: référence de preuve absente | B4: référence de preuve absente | B5: référence de preuve absente | B6: référence de preuve absente | B7: référence de preuve absente | exclusions non vérifiées | preuve du contrôle des exclusions absente
RNE1.F,Gaming Realms PLC             R,Allemagne,91857544.0,13475873.0,634320.0,5996851.0,1660141.0,-0.031,0.78005,0.28482,267027750.0,Yahoo Finance / yfinance get_info,2026-10-08,0.0,-7.027025067780146,0.5847964937132799,False,MANQUANTE,MANQUANTE,MANQUANTE,MANQUANTE,MANQUANTE,MANQUANTE,MANQUANTE,MANQUANTE,MANQUANTE,MANQUANTE,MANQUANTE,MANQUANTE,MANQUANTE,MANQUANTE,MANQUANTE,A_COMPLETER_PREUVES_SSI,A_VERIFIER,MANQUANTE,B1: référence de preuve absente | B2: référence de preuve absente | B3: référence de preuve absente | B4: référence de preuve absente | B5: référence de preuve absente | B6: référence de preuve absente | B7: référence de preuve absente | exclusions non vérifiées | preuve du contrôle des exclusions absente
CAG0.HM,Clere AG                      N,Allemagne,91895216.0,105197000.0,1832000.0,24629000.0,-4801000.0,,0.94488996,0.0,0.0,Yahoo Finance / yfinance get_info,2026-10-08,2130.099931716919,-2.479340341131653,5.357146354354225,False,MANQUANTE,MANQUANTE,MANQUANTE,MANQUANTE,MANQUANTE,MANQUANTE,MANQUANTE,MANQUANTE,MANQUANTE,MANQUANTE,MANQUANTE,MANQUANTE,MANQUANTE,MANQUANTE,MANQUANTE,A_COMPLETER_PREUVES_SSI,A_VERIFIER,MANQUANTE,B1: référence de preuve absente | B2: référence de preuve absente | B3: référence de preuve absente | B4: référence de preuve absente | B5: référence de preuve absente | B6: référence de preuve absente | B7: référence de preuve absente | exclusions non vérifiées | preuve du contrôle des exclusions absente
2I6.F,Indel B S.p.A.                A,Allemagne,91920032.0,21839000.0,40974000.0,18583000.0,12707375.0,0.103,0.31628,0.6833,5222729.0,Yahoo Finance / yfinance get_info,2026-10-08,0.0,-9.51156971157948,-9.51156971157948,False,MANQUANTE,MANQUANTE,MANQUANTE,MANQUANTE,MANQUANTE,MANQUANTE,MANQUANTE,MANQUANTE,MANQUANTE,MANQUANTE,MANQUANTE,MANQUANTE,MANQUANTE,MANQUANTE,MANQUANTE,A_COMPLETER_PREUVES_SSI,A_VERIFIER,MANQUANTE,B1: référence de preuve absente | B2: référence de preuve absente | B3: référence de preuve absente | B4: référence de preuve absente | B5: référence de preuve absente | B6: référence de preuve absente | B7: référence de preuve absente | exclusions non vérifiées | preuve du contrôle des exclusions absente
TBCN.F,TVB Ltd.                      R,Allemagne,91991480.0,974947968.0,2138013952.0,303127008.0,278472512.0,-0.16,0.46556,0.25038,466961836.0,Yahoo Finance / yfinance get_info,2026-10-08,0.0,-15.086205789152674,-31.59722035382809,False,MANQUANTE,MANQUANTE,MANQUANTE,MANQUANTE,MANQUANTE,MANQUANTE,MANQUANTE,MANQUANTE,MANQUANTE,MANQUANTE,MANQUANTE,MANQUANTE,MANQUANTE,MANQUANTE,MANQUANTE,A_COMPLETER_PREUVES_SSI,A_VERIFIER,MANQUANTE,B1: référence de preuve absente | B2: référence de preuve absente | B3: référence de preuve absente | B4: référence de preuve absente | B5: référence de preuve absente | B6: référence de preuve absente | B7: référence de preuve absente | exclusions non vérifiées | preuve du contrôle des exclusions absente
K6V0.F,Unidata S.p.A.                A,Allemagne,92099024.0,14009825.0,58402776.0,25927616.0,-4930889.0,0.084,0.26999,0.6121,30097720.0,Yahoo Finance / yfinance get_info,2026-10-08,0.0,9.285714103251074,9.090904454670422,True,MANQUANTE,MANQUANTE,MANQUANTE,MANQUANTE,MANQUANTE,MANQUANTE,MANQUANTE,MANQUANTE,MANQUANTE,MANQUANTE,MANQUANTE,MANQUANTE,MANQUANTE,MANQUANTE,MANQUANTE,A_COMPLETER_PREUVES_SSI,A_VERIFIER,MANQUANTE,B1: référence de preuve absente | B2: référence de preuve absente | B3: référence de preuve absente | B4: référence de preuve absente | B5: référence de preuve absente | B6: référence de preuve absente | B7: référence de preuve absente | exclusions non vérifiées | preuve du contrôle des exclusions absente
LYD.F,Intercede Group PLC           R,Allemagne,92128944.0,19999000.0,1096000.0,3567000.0,1281500.0,-0.025,0.95873,0.51934,61012546.0,Yahoo Finance / yfinance get_info,2026-10-08,0.0,26.89074939964602,70.62146968756929,True,MANQUANTE,MANQUANTE,MANQUANTE,MANQUANTE,MANQUANTE,MANQUANTE,MANQUANTE,MANQUANTE,MANQUANTE,MANQUANTE,MANQUANTE,MANQUANTE,MANQUANTE,MANQUANTE,MANQUANTE,A_COMPLETER_PREUVES_SSI,A_VERIFIER,MANQUANTE,B1: référence de preuve absente | B2: référence de preuve absente | B3: référence de preuve absente | B4: référence de preuve absente | B5: référence de preuve absente | B6: référence de preuve absente | B7: référence de preuve absente | exclusions non vérifiées | preuve du contrôle des exclusions absente
D08.F,STIF                          A,Allemagne,92246640.0,18808416.0,43109316.0,18634080.0,-5565355.0,0.598,0.63870996,0.5103,5135455.0,Yahoo Finance / yfinance get_info,2026-10-08,0.0,-66.12840597164865,-64.08828380403693,False,MANQUANTE,MANQUANTE,MANQUANTE,MANQUANTE,MANQUANTE,MANQUANTE,MANQUANTE,MANQUANTE,MANQUANTE,MANQUANTE,MANQUANTE,MANQUANTE,MANQUANTE,MANQUANTE,MANQUANTE,A_COMPLETER_PREUVES_SSI,A_VERIFIER,MANQUANTE,B1: référence de preuve absente | B2: référence de preuve absente | B3: référence de preuve absente | B4: référence de preuve absente | B5: référence de preuve absente | B6: référence de preuve absente | B7: référence de preuve absente | exclusions non vérifiées | preuve du contrôle des exclusions absente
PN21.F,Patriot Bank N.A.             R,Allemagne,92616440.0,116944000.0,16516000.0,,,1.44,0.0,0.3193,118742200.0,Yahoo Finance / yfinance get_info,2026-10-08,0.0,-22.2222201197656,-29.99999545869353,False,MANQUANTE,MANQUANTE,MANQUANTE,MANQUANTE,MANQUANTE,MANQUANTE,MANQUANTE,MANQUANTE,MANQUANTE,MANQUANTE,MANQUANTE,MANQUANTE,MANQUANTE,MANQUANTE,MANQUANTE,A_COMPLETER_PREUVES_SSI,A_VERIFIER,MANQUANTE,B1: référence de preuve absente | B2: référence de preuve absente | B3: référence de preuve absente | B4: référence de preuve absente | B5: référence de preuve absente | B6: référence de preuve absente | B7: référence de preuve absente | exclusions non vérifiées | preuve du contrôle des exclusions absente
YC0.F,Great Boulder Resources Ltd   R,Allemagne,92729096.0,18282812.0,281740.0,-2665123.0,-37140560.0,4.774,1.0,0.3746,1972959604.0,Yahoo Finance / yfinance get_info,2026-10-08,0.0,42.42423831923932,-11.320756706278225,False,MANQUANTE,MANQUANTE,MANQUANTE,MANQUANTE,MANQUANTE,MANQUANTE,MANQUANTE,MANQUANTE,MANQUANTE,MANQUANTE,MANQUANTE,MANQUANTE,MANQUANTE,MANQUANTE,MANQUANTE,A_COMPLETER_PREUVES_SSI,A_VERIFIER,MANQUANTE,B1: référence de preuve absente | B2: référence de preuve absente | B3: référence de preuve absente | B4: référence de preuve absente | B5: référence de preuve absente | B6: référence de preuve absente | B7: référence de preuve absente | exclusions non vérifiées | preuve du contrôle des exclusions absente
2CS.F,China Silver Group Ltd        R,Allemagne,92738928.0,605976000.0,109527000.0,35171000.0,844061504.0,-0.757,0.08912,0.47105,3946337559.0,Yahoo Finance / yfinance get_info,2026-10-08,0.0,-14.545457008456408,-54.80769478754526,False,MANQUANTE,MANQUANTE,MANQUANTE,MANQUANTE,MANQUANTE,MANQUANTE,MANQUANTE,MANQUANTE,MANQUANTE,MANQUANTE,MANQUANTE,MANQUANTE,MANQUANTE,MANQUANTE,MANQUANTE,A_COMPLETER_PREUVES_SSI,A_VERIFIER,MANQUANTE,B1: référence de preuve absente | B2: référence de preuve absente | B3: référence de preuve absente | B4: référence de preuve absente | B5: référence de preuve absente | B6: référence de preuve absente | B7: référence de preuve absente | exclusions non vérifiées | preuve du contrôle des exclusions absente
P731.F,Medexus Pharmaceuticals Inc.  R,Allemagne,93020912.0,5344000.0,26254000.0,16644000.0,-15651750.0,0.161,0.63863,0.08016,31425983.0,Yahoo Finance / yfinance get_info,2026-10-08,0.0,-5.7324860109421945,22.31404730697357,True,MANQUANTE,MANQUANTE,MANQUANTE,MANQUANTE,MANQUANTE,MANQUANTE,MANQUANTE,MANQUANTE,MANQUANTE,MANQUANTE,MANQUANTE,MANQUANTE,MANQUANTE,MANQUANTE,MANQUANTE,A_COMPLETER_PREUVES_SSI,A_VERIFIER,MANQUANTE,B1: référence de preuve absente | B2: référence de preuve absente | B3: référence de preuve absente | B4: référence de preuve absente | B5: référence de preuve absente | B6: référence de preuve absente | B7: référence de preuve absente | exclusions non vérifiées | preuve du contrôle des exclusions absente
H7C.F,Star Holdings                 R,Allemagne,93026264.0,34814000.0,209236992.0,21513000.0,86169648.0,-0.599,0.34609002,0.04093,12081333.0,Yahoo Finance / yfinance get_info,2026-10-08,0.0,-1.9108292635635733,11.59419859189299,True,MANQUANTE,MANQUANTE,MANQUANTE,MANQUANTE,MANQUANTE,MANQUANTE,MANQUANTE,MANQUANTE,MANQUANTE,MANQUANTE,MANQUANTE,MANQUANTE,MANQUANTE,MANQUANTE,MANQUANTE,A_COMPLETER_PREUVES_SSI,A_VERIFIER,MANQUANTE,B1: référence de preuve absente | B2: référence de preuve absente | B3: référence de preuve absente | B4: référence de preuve absente | B5: référence de preuve absente | B6: référence de preuve absente | B7: référence de preuve absente | exclusions non vérifiées | preuve du contrôle des exclusions absente
9P60.F,Blue Ant Media Corp.          R,Allemagne,93028552.0,59943000.0,123338000.0,28433000.0,75539752.0,1.242,0.30542,0.31318,27687058.0,Yahoo Finance / yfinance get_info,2026-10-08,0.0,-1.7543912239656678,-8.196726330588977,False,MANQUANTE,MANQUANTE,MANQUANTE,MANQUANTE,MANQUANTE,MANQUANTE,MANQUANTE,MANQUANTE,MANQUANTE,MANQUANTE,MANQUANTE,MANQUANTE,MANQUANTE,MANQUANTE,MANQUANTE,A_COMPLETER_PREUVES_SSI,A_VERIFIER,MANQUANTE,B1: référence de preuve absente | B2: référence de preuve absente | B3: référence de preuve absente | B4: référence de preuve absente | B5: référence de preuve absente | B6: référence de preuve absente | B7: référence de preuve absente | exclusions non vérifiées | preuve du contrôle des exclusions absente
8KS.F,Lumi Gruppen AS               N,Allemagne,93123792.0,70536000.0,557475008.0,99443000.0,94084872.0,0.177,0.52208,0.16063,57840862.0,Yahoo Finance / yfinance get_info,2026-10-08,0.0,-3.592811037210075,1.898732314868545,False,MANQUANTE,MANQUANTE,MANQUANTE,MANQUANTE,MANQUANTE,MANQUANTE,MANQUANTE,MANQUANTE,MANQUANTE,MANQUANTE,MANQUANTE,MANQUANTE,MANQUANTE,MANQUANTE,MANQUANTE,A_COMPLETER_PREUVES_SSI,A_VERIFIER,MANQUANTE,B1: référence de preuve absente | B2: référence de preuve absente | B3: référence de preuve absente | B4: référence de preuve absente | B5: référence de preuve absente | B6: référence de preuve absente | B7: référence de preuve absente | exclusions non vérifiées | preuve du contrôle des exclusions absente
Q51.F,Altea Green Power S.p.A.      A,Allemagne,93183784.0,10101978.0,32831122.0,6440315.0,4495408.0,-0.427,0.77053,0.61693,18235574.0,Yahoo Finance / yfinance get_info,2026-10-08,0.0,-27.620394122799617,-32.76315529425715,False,MANQUANTE,MANQUANTE,MANQUANTE,MANQUANTE,MANQUANTE,MANQUANTE,MANQUANTE,MANQUANTE,MANQUANTE,MANQUANTE,MANQUANTE,MANQUANTE,MANQUANTE,MANQUANTE,MANQUANTE,A_COMPLETER_PREUVES_SSI,A_VERIFIER,MANQUANTE,B1: référence de preuve absente | B2: référence de preuve absente | B3: référence de preuve absente | B4: référence de preuve absente | B5: référence de preuve absente | B6: référence de preuve absente | B7: référence de preuve absente | exclusions non vérifiées | preuve du contrôle des exclusions absente
B4V.F,ArcticZymes Technologies ASA  N,Allemagne,93205296.0,269011008.0,18461000.0,15539000.0,13377375.0,0.174,0.95421,0.17413001,51071390.0,Yahoo Finance / yfinance get_info,2026-10-08,0.0,10.606065094197367,6.1046521701704215,False,MANQUANTE,MANQUANTE,MANQUANTE,MANQUANTE,MANQUANTE,MANQUANTE,MANQUANTE,MANQUANTE,MANQUANTE,MANQUANTE,MANQUANTE,MANQUANTE,MANQUANTE,MANQUANTE,MANQUANTE,A_COMPLETER_PREUVES_SSI,A_VERIFIER,MANQUANTE,B1: référence de preuve absente | B2: référence de preuve absente | B3: référence de preuve absente | B4: référence de preuve absente | B5: référence de preuve absente | B6: référence de preuve absente | B7: référence de preuve absente | exclusions non vérifiées | preuve du contrôle des exclusions absente
DJX.F,PISCINES DESJOYAUX S.A.       A,Allemagne,93344968.0,43124000.0,36821000.0,13999000.0,-11026875.0,-0.07,0.51505,0.6678,8975478.0,Yahoo Finance / yfinance get_info,2026-10-08,0.0,-15.78947937414874,0.4830843982388977,False,MANQUANTE,MANQUANTE,MANQUANTE,MANQUANTE,MANQUANTE,MANQUANTE,MANQUANTE,MANQUANTE,MANQUANTE,MANQUANTE,MANQUANTE,MANQUANTE,MANQUANTE,MANQUANTE,MANQUANTE,A_COMPLETER_PREUVES_SSI,A_VERIFIER,MANQUANTE,B1: référence de preuve absente | B2: référence de preuve absente | B3: référence de preuve absente | B4: référence de preuve absente | B5: référence de preuve absente | B6: référence de preuve absente | B7: référence de preuve absente | exclusions non vérifiées | preuve du contrôle des exclusions absente
TUQ1.F,Tucows Inc.                   R,Allemagne,93370640.0,44164000.0,712238976.0,23916000.0,-10307500.0,0.021,0.35544,0.20071,11182112.0,Yahoo Finance / yfinance get_info,2026-10-08,0.0,-10.215051503026585,-38.14814532244647,False,MANQUANTE,MANQUANTE,MANQUANTE,MANQUANTE,MANQUANTE,MANQUANTE,MANQUANTE,MANQUANTE,MANQUANTE,MANQUANTE,MANQUANTE,MANQUANTE,MANQUANTE,MANQUANTE,MANQUANTE,A_COMPLETER_PREUVES_SSI,A_VERIFIER,MANQUANTE,B1: référence de preuve absente | B2: référence de preuve absente | B3: référence de preuve absente | B4: référence de preuve absente | B5: référence de preuve absente | B6: référence de preuve absente | B7: référence de preuve absente | exclusions non vérifiées | preuve du contrôle des exclusions absente
KI9A.F,Anpario PLC                   R,Allemagne,93408416.0,10955000.0,252000.0,9500000.0,2491625.0,0.069,0.50422,0.25666,16244942.0,Yahoo Finance / yfinance get_info,2026-10-08,0.0,-4.958680682263317,11.650483369355369,True,MANQUANTE,MANQUANTE,MANQUANTE,MANQUANTE,MANQUANTE,MANQUANTE,MANQUANTE,MANQUANTE,MANQUANTE,MANQUANTE,MANQUANTE,MANQUANTE,MANQUANTE,MANQUANTE,MANQUANTE,A_COMPLETER_PREUVES_SSI,A_VERIFIER,MANQUANTE,B1: référence de preuve absente | B2: référence de preuve absente | B3: référence de preuve absente | B4: référence de preuve absente | B5: référence de preuve absente | B6: référence de preuve absente | B7: référence de preuve absente | exclusions non vérifiées | preuve du contrôle des exclusions absente
LFX.F,La Francaise de L'Energie     A,Allemagne,93497296.0,51551352.0,130767440.0,13414931.0,-29118504.0,0.165,0.62671,0.31222,5280010.0,Yahoo Finance / yfinance get_info,2026-10-08,0.0,-55.68270330971858,-58.48964377045986,False,MANQUANTE,MANQUANTE,MANQUANTE,MANQUANTE,MANQUANTE,MANQUANTE,MANQUANTE,MANQUANTE,MANQUANTE,MANQUANTE,MANQUANTE,MANQUANTE,MANQUANTE,MANQUANTE,MANQUANTE,A_COMPLETER_PREUVES_SSI,A_VERIFIER,MANQUANTE,B1: référence de preuve absente | B2: référence de preuve absente | B3: référence de preuve absente | B4: référence de preuve absente | B5: référence de preuve absente | B6: référence de preuve absente | B7: référence de preuve absente | exclusions non vérifiées | preuve du contrôle des exclusions absente
9V0.F,Hardide PLC                   R,Allemagne,93787176.0,1493000.0,2219000.0,2040000.0,366625.0,0.71,0.63345003,0.41105,78812749.0,Yahoo Finance / yfinance get_info,2026-10-08,0.0,48.75000493600956,232.40224110128068,True,MANQUANTE,MANQUANTE,MANQUANTE,MANQUANTE,MANQUANTE,MANQUANTE,MANQUANTE,MANQUANTE,MANQUANTE,MANQUANTE,MANQUANTE,MANQUANTE,MANQUANTE,MANQUANTE,MANQUANTE,A_COMPLETER_PREUVES_SSI,A_VERIFIER,MANQUANTE,B1: référence de preuve absente | B2: référence de preuve absente | B3: référence de preuve absente | B4: référence de preuve absente | B5: référence de preuve absente | B6: référence de preuve absente | B7: référence de preuve absente | exclusions non vérifiées | preuve du contrôle des exclusions absente
88A.F,Ateam Holdings Co. Ltd.       R,Allemagne,93859888.0,5038000128.0,1706000000.0,1507000064.0,-206000000.0,-0.032,0.84541,0.45851,18586116.0,Yahoo Finance / yfinance get_info,2026-10-08,0.0,-7.339442798699991,-0.9803865653465582,False,MANQUANTE,MANQUANTE,MANQUANTE,MANQUANTE,MANQUANTE,MANQUANTE,MANQUANTE,MANQUANTE,MANQUANTE,MANQUANTE,MANQUANTE,MANQUANTE,MANQUANTE,MANQUANTE,MANQUANTE,A_COMPLETER_PREUVES_SSI,A_VERIFIER,MANQUANTE,B1: référence de preuve absente | B2: référence de preuve absente | B3: référence de preuve absente | B4: référence de preuve absente | B5: référence de preuve absente | B6: référence de preuve absente | B7: référence de preuve absente | exclusions non vérifiées | preuve du contrôle des exclusions absente
VAD.F,SCP Standard Cap.Partners AG  I,Allemagne,94262712.0,9509000192.0,33780000768.0,5768999936.0,2206125056.0,0.007,0.17864001,0.0,34153156.0,Yahoo Finance / yfinance get_info,2026-10-08,0.0,204.97238427807244,204.97238427807244,True,MANQUANTE,MANQUANTE,MANQUANTE,MANQUANTE,MANQUANTE,MANQUANTE,MANQUANTE,MANQUANTE,MANQUANTE,MANQUANTE,MANQUANTE,MANQUANTE,MANQUANTE,MANQUANTE,MANQUANTE,A_COMPLETER_PREUVES_SSI,A_VERIFIER,MANQUANTE,B1: référence de preuve absente | B2: référence de preuve absente | B3: référence de preuve absente | B4: référence de preuve absente | B5: référence de preuve absente | B6: référence de preuve absente | B7: référence de preuve absente | exclusions non vérifiées | preuve du contrôle des exclusions absente
17V.F,Venture Life Group PLC        R,Allemagne,94300328.0,34168000.0,667000.0,4778821.0,,3.325,0.44647,0.04575,118616758.0,Yahoo Finance / yfinance get_info,2026-10-08,0.0,5.298016120569704,8.904109029793172,True,MANQUANTE,MANQUANTE,MANQUANTE,MANQUANTE,MANQUANTE,MANQUANTE,MANQUANTE,MANQUANTE,MANQUANTE,MANQUANTE,MANQUANTE,MANQUANTE,MANQUANTE,MANQUANTE,MANQUANTE,A_COMPLETER_PREUVES_SSI,A_VERIFIER,MANQUANTE,B1: référence de preuve absente | B2: référence de preuve absente | B3: référence de preuve absente | B4: référence de preuve absente | B5: référence de preuve absente | B6: référence de preuve absente | B7: référence de preuve absente | exclusions non vérifiées | preuve du contrôle des exclusions absente
AD5.F,Advanced Engineered Materials R,Allemagne,94320512.0,23667484.0,12303377.0,-26646686.0,-33116358.0,0.849,0.0,0.56488,589503244.0,Yahoo Finance / yfinance get_info,2026-10-08,0.0,-30.58568416662071,-39.39394042019016,,MANQUANTE,MANQUANTE,MANQUANTE,MANQUANTE,MANQUANTE,MANQUANTE,MANQUANTE,MANQUANTE,MANQUANTE,MANQUANTE,MANQUANTE,MANQUANTE,MANQUANTE,MANQUANTE,MANQUANTE,A_COMPLETER_PREUVES_SSI,A_VERIFIER,MANQUANTE,B1: référence de preuve absente | B2: référence de preuve absente | B3: référence de preuve absente | B4: référence de preuve absente | B5: référence de preuve absente | B6: référence de preuve absente | B7: référence de preuve absente | exclusions non vérifiées | preuve du contrôle des exclusions absente
BOV.F,Apyx Medical Corp.            R,Allemagne,94357816.0,27617000.0,39630000.0,-2755000.0,-9631625.0,0.221,0.63496,0.13545999,42124023.0,Yahoo Finance / yfinance get_info,2026-10-08,0.0,-40.42553151015407,-30.864197440017303,False,MANQUANTE,MANQUANTE,MANQUANTE,MANQUANTE,MANQUANTE,MANQUANTE,MANQUANTE,MANQUANTE,MANQUANTE,MANQUANTE,MANQUANTE,MANQUANTE,MANQUANTE,MANQUANTE,MANQUANTE,A_COMPLETER_PREUVES_SSI,A_VERIFIER,MANQUANTE,B1: référence de preuve absente | B2: référence de preuve absente | B3: référence de preuve absente | B4: référence de preuve absente | B5: référence de preuve absente | B6: référence de preuve absente | B7: référence de preuve absente | exclusions non vérifiées | preuve du contrôle des exclusions absente
9K0.F,Avation PLC                   R,Allemagne,94470328.0,57845000.0,576126976.0,91912000.0,90307376.0,-0.045,1.0,0.24229999,59415301.0,Yahoo Finance / yfinance get_info,2026-10-08,0.0,5.298016120569704,11.188817601360611,True,MANQUANTE,MANQUANTE,MANQUANTE,MANQUANTE,MANQUANTE,MANQUANTE,MANQUANTE,MANQUANTE,MANQUANTE,MANQUANTE,MANQUANTE,MANQUANTE,MANQUANTE,MANQUANTE,MANQUANTE,A_COMPLETER_PREUVES_SSI,A_VERIFIER,MANQUANTE,B1: référence de preuve absente | B2: référence de preuve absente | B3: référence de preuve absente | B4: référence de preuve absente | B5: référence de preuve absente | B6: référence de preuve absente | B7: référence de preuve absente | exclusions non vérifiées | preuve du contrôle des exclusions absente
GHH.F,Geox S.p.A.                   A,Allemagne,94655080.0,18790000.0,299359008.0,10326000.0,59325248.0,-0.114,0.50305,0.71160007,366170490.0,Yahoo Finance / yfinance get_info,2026-10-08,0.0,-10.862063029858328,-2.6365344805562074,False,MANQUANTE,MANQUANTE,MANQUANTE,MANQUANTE,MANQUANTE,MANQUANTE,MANQUANTE,MANQUANTE,MANQUANTE,MANQUANTE,MANQUANTE,MANQUANTE,MANQUANTE,MANQUANTE,MANQUANTE,A_COMPLETER_PREUVES_SSI,A_VERIFIER,MANQUANTE,B1: référence de preuve absente | B2: référence de preuve absente | B3: référence de preuve absente | B4: référence de preuve absente | B5: référence de preuve absente | B6: référence de preuve absente | B7: référence de preuve absente | exclusions non vérifiées | preuve du contrôle des exclusions absente
90N.F,AFYREN SAS                    A,Allemagne,94933936.0,17362000.0,40895000.0,-11873000.0,8503500.0,0.187,-1.08127,0.58922,38748542.0,Yahoo Finance / yfinance get_info,2026-10-08,0.0,-9.259259095734862,0.0,False,MANQUANTE,MANQUANTE,MANQUANTE,MANQUANTE,MANQUANTE,MANQUANTE,MANQUANTE,MANQUANTE,MANQUANTE,MANQUANTE,MANQUANTE,MANQUANTE,MANQUANTE,MANQUANTE,MANQUANTE,A_COMPLETER_PREUVES_SSI,A_VERIFIER,MANQUANTE,B1: référence de preuve absente | B2: référence de preuve absente | B3: référence de preuve absente | B4: référence de preuve absente | B5: référence de preuve absente | B6: référence de preuve absente | B7: référence de preuve absente | exclusions non vérifiées | preuve du contrôle des exclusions absente
5GO.F,Shimao Services Holdings Ltd. R,Allemagne,95024664.0,3175845888.0,27605000.0,195960992.0,-961329344.0,-0.074,0.15009,0.56715,2468173000.0,Yahoo Finance / yfinance get_info,2026-10-08,0.0,-16.30434844227392,-37.39837605211432,False,MANQUANTE,MANQUANTE,MANQUANTE,MANQUANTE,MANQUANTE,MANQUANTE,MANQUANTE,MANQUANTE,MANQUANTE,MANQUANTE,MANQUANTE,MANQUANTE,MANQUANTE,MANQUANTE,MANQUANTE,A_COMPLETER_PREUVES_SSI,A_VERIFIER,MANQUANTE,B1: référence de preuve absente | B2: référence de preuve absente | B3: référence de preuve absente | B4: référence de preuve absente | B5: référence de preuve absente | B6: référence de preuve absente | B7: référence de preuve absente | exclusions non vérifiées | preuve du contrôle des exclusions absente
3S7.F,Syrah Resources Ltd.          R,Allemagne,95199024.0,98256000.0,311982016.0,-69482000.0,-42531248.0,8.004,-1.2987801,0.060100004,2321927497.0,Yahoo Finance / yfinance get_info,2026-10-08,0.0,-33.87096483458089,-37.9727680721099,False,MANQUANTE,MANQUANTE,MANQUANTE,MANQUANTE,MANQUANTE,MANQUANTE,MANQUANTE,MANQUANTE,MANQUANTE,MANQUANTE,MANQUANTE,MANQUANTE,MANQUANTE,MANQUANTE,MANQUANTE,A_COMPLETER_PREUVES_SSI,A_VERIFIER,MANQUANTE,B1: référence de preuve absente | B2: référence de preuve absente | B3: référence de preuve absente | B4: référence de preuve absente | B5: référence de preuve absente | B6: référence de preuve absente | B7: référence de preuve absente | exclusions non vérifiées | preuve du contrôle des exclusions absente
LYG.F,IG Design Group PLC           R,Allemagne,95206920.0,54678000.0,33641000.0,9734000.0,80881248.0,0.093,0.19228001,0.55715,89817856.0,Yahoo Finance / yfinance get_info,2026-10-08,0.0,10.99476034594662,70.96773139147811,True,MANQUANTE,MANQUANTE,MANQUANTE,MANQUANTE,MANQUANTE,MANQUANTE,MANQUANTE,MANQUANTE,MANQUANTE,MANQUANTE,MANQUANTE,MANQUANTE,MANQUANTE,MANQUANTE,MANQUANTE,A_COMPLETER_PREUVES_SSI,A_VERIFIER,MANQUANTE,B1: référence de preuve absente | B2: référence de preuve absente | B3: référence de preuve absente | B4: référence de preuve absente | B5: référence de preuve absente | B6: référence de preuve absente | B7: référence de preuve absente | exclusions non vérifiées | preuve du contrôle des exclusions absente
918.F,SoundThinking Inc.            R,Allemagne,95331680.0,6483000.0,5511000.0,-4750000.0,6637250.0,-0.077,0.50987,0.27544,13240512.0,Yahoo Finance / yfinance get_info,2026-10-08,0.0,1.408449379940424,42.57424826388792,True,MANQUANTE,MANQUANTE,MANQUANTE,MANQUANTE,MANQUANTE,MANQUANTE,MANQUANTE,MANQUANTE,MANQUANTE,MANQUANTE,MANQUANTE,MANQUANTE,MANQUANTE,MANQUANTE,MANQUANTE,A_COMPLETER_PREUVES_SSI,A_VERIFIER,MANQUANTE,B1: référence de preuve absente | B2: référence de preuve absente | B3: référence de preuve absente | B4: référence de preuve absente | B5: référence de preuve absente | B6: référence de preuve absente | B7: référence de preuve absente | exclusions non vérifiées | preuve du contrôle des exclusions absente
NO9.MU,NORCOD AS                     N,Allemagne,95392528.0,7731000.0,487484992.0,-48008000.0,-228761248.0,-0.378,0.6106,0.56933,79224974.0,Yahoo Finance / yfinance get_info,2026-10-08,0.0,24.229986301946617,30.95238156673514,True,MANQUANTE,MANQUANTE,MANQUANTE,MANQUANTE,MANQUANTE,MANQUANTE,MANQUANTE,MANQUANTE,MANQUANTE,MANQUANTE,MANQUANTE,MANQUANTE,MANQUANTE,MANQUANTE,MANQUANTE,A_COMPLETER_PREUVES_SSI,A_VERIFIER,MANQUANTE,B1: référence de preuve absente | B2: référence de preuve absente | B3: référence de preuve absente | B4: référence de preuve absente | B5: référence de preuve absente | B6: référence de preuve absente | B7: référence de preuve absente | exclusions non vérifiées | preuve du contrôle des exclusions absente
HD8.F,AS Harju Elekter              R,Allemagne,95429376.0,2911000.0,35467000.0,10484000.0,-4151375.0,-0.086,0.13984,0.39817002,18579770.0,Yahoo Finance / yfinance get_info,2026-10-08,0.0,-5.916029700768288,-18.914475490099203,False,MANQUANTE,MANQUANTE,MANQUANTE,MANQUANTE,MANQUANTE,MANQUANTE,MANQUANTE,MANQUANTE,MANQUANTE,MANQUANTE,MANQUANTE,MANQUANTE,MANQUANTE,MANQUANTE,MANQUANTE,A_COMPLETER_PREUVES_SSI,A_VERIFIER,MANQUANTE,B1: référence de preuve absente | B2: référence de preuve absente | B3: référence de preuve absente | B4: référence de preuve absente | B5: référence de preuve absente | B6: référence de preuve absente | B7: référence de preuve absente | exclusions non vérifiées | preuve du contrôle des exclusions absente
6YD0.F,Redcentric PLC                R,Allemagne,95559816.0,4715000.0,43396000.0,13789000.0,-8308125.0,-0.01,0.61011004,0.19042,101551344.0,Yahoo Finance / yfinance get_info,2026-10-08,0.0,-34.65278143408107,-27.61538313408569,False,MANQUANTE,MANQUANTE,MANQUANTE,MANQUANTE,MANQUANTE,MANQUANTE,MANQUANTE,MANQUANTE,MANQUANTE,MANQUANTE,MANQUANTE,MANQUANTE,MANQUANTE,MANQUANTE,MANQUANTE,A_COMPLETER_PREUVES_SSI,A_VERIFIER,MANQUANTE,B1: référence de preuve absente | B2: référence de preuve absente | B3: référence de preuve absente | B4: référence de preuve absente | B5: référence de preuve absente | B6: référence de preuve absente | B7: référence de preuve absente | exclusions non vérifiées | preuve du contrôle des exclusions absente
42U.F,Enersense International OYJ.  R,Allemagne,95608408.0,18050000.0,30763000.0,2267000.0,64279000.0,-0.05,0.120629996,0.59942,16204814.0,Yahoo Finance / yfinance get_info,2026-10-08,0.0,67.61363998117037,73.52940970226149,True,MANQUANTE,MANQUANTE,MANQUANTE,MANQUANTE,MANQUANTE,MANQUANTE,MANQUANTE,MANQUANTE,MANQUANTE,MANQUANTE,MANQUANTE,MANQUANTE,MANQUANTE,MANQUANTE,MANQUANTE,A_COMPLETER_PREUVES_SSI,A_VERIFIER,MANQUANTE,B1: référence de preuve absente | B2: référence de preuve absente | B3: référence de preuve absente | B4: référence de preuve absente | B5: référence de preuve absente | B6: référence de preuve absente | B7: référence de preuve absente | exclusions non vérifiées | preuve du contrôle des exclusions absente
C7UA.F,Calida Holding AG             N,Allemagne,95741808.0,19954000.0,0.0,10293000.0,12535750.0,-0.079,0.75617,0.22365999,6988453.0,Yahoo Finance / yfinance get_info,2026-10-08,0.0,-28.272253740075925,-0.7246404354172786,False,MANQUANTE,MANQUANTE,MANQUANTE,MANQUANTE,MANQUANTE,MANQUANTE,MANQUANTE,MANQUANTE,MANQUANTE,MANQUANTE,MANQUANTE,MANQUANTE,MANQUANTE,MANQUANTE,MANQUANTE,A_COMPLETER_PREUVES_SSI,A_VERIFIER,MANQUANTE,B1: référence de preuve absente | B2: référence de preuve absente | B3: référence de preuve absente | B4: référence de preuve absente | B5: référence de preuve absente | B6: référence de preuve absente | B7: référence de preuve absente | exclusions non vérifiées | preuve du contrôle des exclusions absente
ULB.F,Ultralife Corp.               R,Allemagne,95813800.0,6663000.0,47510000.0,12730000.0,2335875.0,-0.013,0.24381,0.03218,16663269.0,Yahoo Finance / yfinance get_info,2026-10-08,0.0,16.39675978536923,-7.9999999999999964,True,MANQUANTE,MANQUANTE,MANQUANTE,MANQUANTE,MANQUANTE,MANQUANTE,MANQUANTE,MANQUANTE,MANQUANTE,MANQUANTE,MANQUANTE,MANQUANTE,MANQUANTE,MANQUANTE,MANQUANTE,A_COMPLETER_PREUVES_SSI,A_VERIFIER,MANQUANTE,B1: référence de preuve absente | B2: référence de preuve absente | B3: référence de preuve absente | B4: référence de preuve absente | B5: référence de preuve absente | B6: référence de preuve absente | B7: référence de preuve absente | exclusions non vérifiées | preuve du contrôle des exclusions absente
BPA0.F,Banca Profilo S.p.A.          A,Allemagne,95815528.0,859113984.0,1116445056.0,,,-0.28,0.0,0.62403,66079671.0,Yahoo Finance / yfinance get_info,2026-10-08,0.0,-1.2261584474923315,14.533966077895832,False,MANQUANTE,MANQUANTE,MANQUANTE,MANQUANTE,MANQUANTE,MANQUANTE,MANQUANTE,MANQUANTE,MANQUANTE,MANQUANTE,MANQUANTE,MANQUANTE,MANQUANTE,MANQUANTE,MANQUANTE,A_COMPLETER_PREUVES_SSI,A_VERIFIER,MANQUANTE,B1: référence de preuve absente | B2: référence de preuve absente | B3: référence de preuve absente | B4: référence de preuve absente | B5: référence de preuve absente | B6: référence de preuve absente | B7: référence de preuve absente | exclusions non vérifiées | preuve du contrôle des exclusions absente
LLI.F,LAKELAND INDUSTRIES INC.      R,Allemagne,95837488.0,17901000.0,38938000.0,-3290000.0,17592624.0,-0.045,0.32619998,0.13247,9931346.0,Yahoo Finance / yfinance get_info,2026-10-08,0.0,3.2085478590471395,28.66666158040365,True,MANQUANTE,MANQUANTE,MANQUANTE,MANQUANTE,MANQUANTE,MANQUANTE,MANQUANTE,MANQUANTE,MANQUANTE,MANQUANTE,MANQUANTE,MANQUANTE,MANQUANTE,MANQUANTE,MANQUANTE,A_COMPLETER_PREUVES_SSI,A_VERIFIER,MANQUANTE,B1: référence de preuve absente | B2: référence de preuve absente | B3: référence de preuve absente | B4: référence de preuve absente | B5: référence de preuve absente | B6: référence de preuve absente | B7: référence de preuve absente | exclusions non vérifiées | preuve du contrôle des exclusions absente
96M.F,Gigante Salmon AS             N,Allemagne,96127488.0,55876000.0,516902016.0,2135000.0,-322473888.0,-0.089,0.61009,0.73328,224596927.0,Yahoo Finance / yfinance get_info,2026-10-08,0.0,-25.17482812605506,-47.54901824720267,False,MANQUANTE,MANQUANTE,MANQUANTE,MANQUANTE,MANQUANTE,MANQUANTE,MANQUANTE,MANQUANTE,MANQUANTE,MANQUANTE,MANQUANTE,MANQUANTE,MANQUANTE,MANQUANTE,MANQUANTE,A_COMPLETER_PREUVES_SSI,A_VERIFIER,MANQUANTE,B1: référence de preuve absente | B2: référence de preuve absente | B3: référence de preuve absente | B4: référence de preuve absente | B5: référence de preuve absente | B6: référence de preuve absente | B7: référence de preuve absente | exclusions non vérifiées | preuve du contrôle des exclusions absente
2MK.F,Klingelnberg AG               N,Allemagne,96356000.0,24848000.0,53650000.0,15096000.0,2809000.0,-0.002,0.58615,0.65558,8840000.0,Yahoo Finance / yfinance get_info,2026-10-08,0.0,-1.8018086132081,-3.53982801285756,False,MANQUANTE,MANQUANTE,MANQUANTE,MANQUANTE,MANQUANTE,MANQUANTE,MANQUANTE,MANQUANTE,MANQUANTE,MANQUANTE,MANQUANTE,MANQUANTE,MANQUANTE,MANQUANTE,MANQUANTE,A_COMPLETER_PREUVES_SSI,A_VERIFIER,MANQUANTE,B1: référence de preuve absente | B2: référence de preuve absente | B3: référence de preuve absente | B4: référence de preuve absente | B5: référence de preuve absente | B6: référence de preuve absente | B7: référence de preuve absente | exclusions non vérifiées | preuve du contrôle des exclusions absente
MYE0.F,MaxCyte Inc.                  R,Allemagne,96497808.0,105690000.0,17251000.0,-30288000.0,-13138125.0,-0.145,0.79227996,0.01835,103206206.0,Yahoo Finance / yfinance get_info,2026-10-08,0.0,-16.517857285406514,39.55223568565578,True,MANQUANTE,MANQUANTE,MANQUANTE,MANQUANTE,MANQUANTE,MANQUANTE,MANQUANTE,MANQUANTE,MANQUANTE,MANQUANTE,MANQUANTE,MANQUANTE,MANQUANTE,MANQUANTE,MANQUANTE,A_COMPLETER_PREUVES_SSI,A_VERIFIER,MANQUANTE,B1: référence de preuve absente | B2: référence de preuve absente | B3: référence de preuve absente | B4: référence de preuve absente | B5: référence de preuve absente | B6: référence de preuve absente | B7: référence de preuve absente | exclusions non vérifiées | preuve du contrôle des exclusions absente
0KP.F,Bulgarian Stock Exchange (BSE)R,Allemagne,96636384.0,18167000.0,141000.0,6180788.0,-1824191.0,0.258,0.99632,0.50054,13165720.0,Yahoo Finance / yfinance get_info,2026-10-08,0.0,7.94117568685937,-11.566265254049068,,MANQUANTE,MANQUANTE,MANQUANTE,MANQUANTE,MANQUANTE,MANQUANTE,MANQUANTE,MANQUANTE,MANQUANTE,MANQUANTE,MANQUANTE,MANQUANTE,MANQUANTE,MANQUANTE,MANQUANTE,A_COMPLETER_PREUVES_SSI,A_VERIFIER,MANQUANTE,B1: référence de preuve absente | B2: référence de preuve absente | B3: référence de preuve absente | B4: référence de preuve absente | B5: référence de preuve absente | B6: référence de preuve absente | B7: référence de preuve absente | exclusions non vérifiées | preuve du contrôle des exclusions absente
TJ9.F,Cityvarasto OY                R,Allemagne,96647992.0,6277000.0,51609000.0,11930000.0,3662125.0,0.13,0.82668996,0.53499,7987437.0,Yahoo Finance / yfinance get_info,2026-10-08,0.0,-15.08771662126508,-29.239765429585653,,MANQUANTE,MANQUANTE,MANQUANTE,MANQUANTE,MANQUANTE,MANQUANTE,MANQUANTE,MANQUANTE,MANQUANTE,MANQUANTE,MANQUANTE,MANQUANTE,MANQUANTE,MANQUANTE,MANQUANTE,A_COMPLETER_PREUVES_SSI,A_VERIFIER,MANQUANTE,B1: référence de preuve absente | B2: référence de preuve absente | B3: référence de preuve absente | B4: référence de preuve absente | B5: référence de preuve absente | B6: référence de preuve absente | B7: référence de preuve absente | exclusions non vérifiées | preuve du contrôle des exclusions absente
0JL.SG,Alumasc Group PLC,Allemagne,96650872.0,6330000.0,20775000.0,13944000.0,4922125.0,0.012,0.36415002,0.31832,36063757.0,Yahoo Finance / yfinance get_info,2026-10-08,0.0,5.511815236486828,-6.293700522411805,False,MANQUANTE,MANQUANTE,MANQUANTE,MANQUANTE,MANQUANTE,MANQUANTE,MANQUANTE,MANQUANTE,MANQUANTE,MANQUANTE,MANQUANTE,MANQUANTE,MANQUANTE,MANQUANTE,MANQUANTE,A_COMPLETER_PREUVES_SSI,A_VERIFIER,MANQUANTE,B1: référence de preuve absente | B2: référence de preuve absente | B3: référence de preuve absente | B4: référence de preuve absente | B5: référence de preuve absente | B6: référence de preuve absente | B7: référence de preuve absente | exclusions non vérifiées | preuve du contrôle des exclusions absente
S9S.F,IPAS Indexo                   B,Allemagne,97163384.0,48716000.0,140938000.0,-28377000.0,-295244320.0,0.632,0.73661005,0.39376,10336531.0,Yahoo Finance / yfinance get_info,2026-10-08,0.0,14.914416477253113,13.801445012826118,,MANQUANTE,MANQUANTE,MANQUANTE,MANQUANTE,MANQUANTE,MANQUANTE,MANQUANTE,MANQUANTE,MANQUANTE,MANQUANTE,MANQUANTE,MANQUANTE,MANQUANTE,MANQUANTE,MANQUANTE,A_COMPLETER_PREUVES_SSI,A_VERIFIER,MANQUANTE,B1: référence de preuve absente | B2: référence de preuve absente | B3: référence de preuve absente | B4: référence de preuve absente | B5: référence de preuve absente | B6: référence de preuve absente | B7: référence de preuve absente | exclusions non vérifiées | preuve du contrôle des exclusions absente
1LFA.F,LexinFintech Holdings Ltd.    R,Allemagne,97225080.0,1232361984.0,3697965056.0,745971968.0,,-0.112,0.30394,0.05192,129117160.0,Yahoo Finance / yfinance get_info,2026-10-08,0.0,-53.17460490162112,-68.61702259199929,False,MANQUANTE,MANQUANTE,MANQUANTE,MANQUANTE,MANQUANTE,MANQUANTE,MANQUANTE,MANQUANTE,MANQUANTE,MANQUANTE,MANQUANTE,MANQUANTE,MANQUANTE,MANQUANTE,MANQUANTE,A_COMPLETER_PREUVES_SSI,A_VERIFIER,MANQUANTE,B1: référence de preuve absente | B2: référence de preuve absente | B3: référence de preuve absente | B4: référence de preuve absente | B5: référence de preuve absente | B6: référence de preuve absente | B7: référence de preuve absente | exclusions non vérifiées | preuve du contrôle des exclusions absente
7OC0.F,Insight Molecular Diagno. Inc.R,Allemagne,97518368.0,17756000.0,2625000.0,-34543000.0,-18789500.0,-0.539,0.48743,0.20999001,32724284.0,Yahoo Finance / yfinance get_info,2026-10-08,0.0,-30.697677049074525,19.20000076293946,False,MANQUANTE,MANQUANTE,MANQUANTE,MANQUANTE,MANQUANTE,MANQUANTE,MANQUANTE,MANQUANTE,MANQUANTE,MANQUANTE,MANQUANTE,MANQUANTE,MANQUANTE,MANQUANTE,MANQUANTE,A_COMPLETER_PREUVES_SSI,A_VERIFIER,MANQUANTE,B1: référence de preuve absente | B2: référence de preuve absente | B3: référence de preuve absente | B4: référence de preuve absente | B5: référence de preuve absente | B6: référence de preuve absente | B7: référence de preuve absente | exclusions non vérifiées | preuve du contrôle des exclusions absente
YMI.F,Yellow Pages Ltd.             R,Allemagne,97676144.0,36065000.0,34206000.0,32989000.0,25858124.0,-0.08,0.20219,0.00246,11559307.0,Yahoo Finance / yfinance get_info,2026-10-08,0.0,6.962021610863345,9.032255603421111,True,MANQUANTE,MANQUANTE,MANQUANTE,MANQUANTE,MANQUANTE,MANQUANTE,MANQUANTE,MANQUANTE,MANQUANTE,MANQUANTE,MANQUANTE,MANQUANTE,MANQUANTE,MANQUANTE,MANQUANTE,A_COMPLETER_PREUVES_SSI,A_VERIFIER,MANQUANTE,B1: référence de preuve absente | B2: référence de preuve absente | B3: référence de preuve absente | B4: référence de preuve absente | B5: référence de preuve absente | B6: référence de preuve absente | B7: référence de preuve absente | exclusions non vérifiées | preuve du contrôle des exclusions absente
D13.F,DIRTT Environmen.Solutions LtdR,Allemagne,97808872.0,14826000.0,36931000.0,3117000.0,9890750.0,0.036,0.33301,0.35049,193680944.0,Yahoo Finance / yfinance get_info,2026-10-08,0.0,0.0,7.905983096479163,True,MANQUANTE,MANQUANTE,MANQUANTE,MANQUANTE,MANQUANTE,MANQUANTE,MANQUANTE,MANQUANTE,MANQUANTE,MANQUANTE,MANQUANTE,MANQUANTE,MANQUANTE,MANQUANTE,MANQUANTE,A_COMPLETER_PREUVES_SSI,A_VERIFIER,MANQUANTE,B1: référence de preuve absente | B2: référence de preuve absente | B3: référence de preuve absente | B4: référence de preuve absente | B5: référence de preuve absente | B6: référence de preuve absente | B7: référence de preuve absente | exclusions non vérifiées | preuve du contrôle des exclusions absente
6UH.F,Ionic Rare Earths Ltd.        R,Allemagne,97836176.0,3481238.0,240809.0,-14174894.0,-10733232.0,-0.323,1.0,0.14946,257463615.0,Yahoo Finance / yfinance get_info,2026-10-08,0.0,112.2904940500664,102.34290998722928,True,MANQUANTE,MANQUANTE,MANQUANTE,MANQUANTE,MANQUANTE,MANQUANTE,MANQUANTE,MANQUANTE,MANQUANTE,MANQUANTE,MANQUANTE,MANQUANTE,MANQUANTE,MANQUANTE,MANQUANTE,A_COMPLETER_PREUVES_SSI,A_VERIFIER,MANQUANTE,B1: référence de preuve absente | B2: référence de preuve absente | B3: référence de preuve absente | B4: référence de preuve absente | B5: référence de preuve absente | B6: référence de preuve absente | B7: référence de preuve absente | exclusions non vérifiées | preuve du contrôle des exclusions absente
21V.F,Terra Metals Ltd.             R,Allemagne,97934192.0,75112016.0,354090.0,-27813186.0,-13297577.0,36.653,1.0,0.44050997,1030886292.0,Yahoo Finance / yfinance get_info,2026-10-08,0.0,-24.00000095367432,-39.87342124326418,False,MANQUANTE,MANQUANTE,MANQUANTE,MANQUANTE,MANQUANTE,MANQUANTE,MANQUANTE,MANQUANTE,MANQUANTE,MANQUANTE,MANQUANTE,MANQUANTE,MANQUANTE,MANQUANTE,MANQUANTE,A_COMPLETER_PREUVES_SSI,A_VERIFIER,MANQUANTE,B1: référence de preuve absente | B2: référence de preuve absente | B3: référence de preuve absente | B4: référence de preuve absente | B5: référence de preuve absente | B6: référence de preuve absente | B7: référence de preuve absente | exclusions non vérifiées | preuve du contrôle des exclusions absente
918.SG,Shotspotter Inc.,Allemagne,97979792.0,6483000.0,5511000.0,-4750000.0,6637250.0,-0.077,0.50987,0.27544,13240512.0,Yahoo Finance / yfinance get_info,2026-10-08,0.0,-1.333332061767578,34.54545627940784,True,MANQUANTE,MANQUANTE,MANQUANTE,MANQUANTE,MANQUANTE,MANQUANTE,MANQUANTE,MANQUANTE,MANQUANTE,MANQUANTE,MANQUANTE,MANQUANTE,MANQUANTE,MANQUANTE,MANQUANTE,A_COMPLETER_PREUVES_SSI,A_VERIFIER,MANQUANTE,B1: référence de preuve absente | B2: référence de preuve absente | B3: référence de preuve absente | B4: référence de preuve absente | B5: référence de preuve absente | B6: référence de preuve absente | B7: référence de preuve absente | exclusions non vérifiées | preuve du contrôle des exclusions absente
26U.F,Curatis Holding AG            V,Allemagne,98298808.0,3595000.0,0.0,-271000.0,-2931750.0,0.514,0.24131,0.77910006,5313449.0,Yahoo Finance / yfinance get_info,2026-10-08,0.0,-28.846153846153843,-27.165353236842016,False,MANQUANTE,MANQUANTE,MANQUANTE,MANQUANTE,MANQUANTE,MANQUANTE,MANQUANTE,MANQUANTE,MANQUANTE,MANQUANTE,MANQUANTE,MANQUANTE,MANQUANTE,MANQUANTE,MANQUANTE,A_COMPLETER_PREUVES_SSI,A_VERIFIER,MANQUANTE,B1: référence de preuve absente | B2: référence de preuve absente | B3: référence de preuve absente | B4: référence de preuve absente | B5: référence de preuve absente | B6: référence de preuve absente | B7: référence de preuve absente | exclusions non vérifiées | preuve du contrôle des exclusions absente
4HB.F,Honghua Group Ltd.            R,Allemagne,98773392.0,913148992.0,5070361088.0,337849984.0,-431896128.0,-0.035,0.11302,0.63957,8979399700.0,Yahoo Finance / yfinance get_info,2026-10-08,0.0,-26.6666654249032,-46.341465187526566,False,MANQUANTE,MANQUANTE,MANQUANTE,MANQUANTE,MANQUANTE,MANQUANTE,MANQUANTE,MANQUANTE,MANQUANTE,MANQUANTE,MANQUANTE,MANQUANTE,MANQUANTE,MANQUANTE,MANQUANTE,A_COMPLETER_PREUVES_SSI,A_VERIFIER,MANQUANTE,B1: référence de preuve absente | B2: référence de preuve absente | B3: référence de preuve absente | B4: référence de preuve absente | B5: référence de preuve absente | B6: référence de preuve absente | B7: référence de preuve absente | exclusions non vérifiées | preuve du contrôle des exclusions absente
7FA0.F,KULR Technology Group Inc.    R,Allemagne,98947328.0,12783933.0,22767740.0,-42604156.0,-85658960.0,-0.43,-0.14899999,0.08243,46280322.0,Yahoo Finance / yfinance get_info,2026-10-08,0.0,-18.70722743681001,2.788465858916722,False,MANQUANTE,MANQUANTE,MANQUANTE,MANQUANTE,MANQUANTE,MANQUANTE,MANQUANTE,MANQUANTE,MANQUANTE,MANQUANTE,MANQUANTE,MANQUANTE,MANQUANTE,MANQUANTE,MANQUANTE,A_COMPLETER_PREUVES_SSI,A_VERIFIER,MANQUANTE,B1: référence de preuve absente | B2: référence de preuve absente | B3: référence de preuve absente | B4: référence de preuve absente | B5: référence de preuve absente | B6: référence de preuve absente | B7: référence de preuve absente | exclusions non vérifiées | preuve du contrôle des exclusions absente
6W8.F,Empire Petroleum Corp.        R,Allemagne,99013576.0,3124000.0,16038000.0,-7480000.0,20065376.0,0.27,0.26014,0.60336,41602341.0,Yahoo Finance / yfinance get_info,2026-10-08,0.0,6.250004656612851,0.0,True,MANQUANTE,MANQUANTE,MANQUANTE,MANQUANTE,MANQUANTE,MANQUANTE,MANQUANTE,MANQUANTE,MANQUANTE,MANQUANTE,MANQUANTE,MANQUANTE,MANQUANTE,MANQUANTE,MANQUANTE,A_COMPLETER_PREUVES_SSI,A_VERIFIER,MANQUANTE,B1: référence de preuve absente | B2: référence de preuve absente | B3: référence de preuve absente | B4: référence de preuve absente | B5: référence de preuve absente | B6: référence de preuve absente | B7: référence de preuve absente | exclusions non vérifiées | preuve du contrôle des exclusions absente
I8O.F,Jutal Offshore Oil Services LtR,Allemagne,99025008.0,722550976.0,501235008.0,8169500.0,-463187744.0,-0.254,0.07935,0.53969,2488835287.0,Yahoo Finance / yfinance get_info,2026-10-08,0.0,-21.782177341368847,-18.55669968477132,False,MANQUANTE,MANQUANTE,MANQUANTE,MANQUANTE,MANQUANTE,MANQUANTE,MANQUANTE,MANQUANTE,MANQUANTE,MANQUANTE,MANQUANTE,MANQUANTE,MANQUANTE,MANQUANTE,MANQUANTE,A_COMPLETER_PREUVES_SSI,A_VERIFIER,MANQUANTE,B1: référence de preuve absente | B2: référence de preuve absente | B3: référence de preuve absente | B4: référence de preuve absente | B5: référence de preuve absente | B6: référence de preuve absente | B7: référence de preuve absente | exclusions non vérifiées | preuve du contrôle des exclusions absente
RJR1.F,Stereotaxis Inc.              R,Allemagne,99200152.0,10491000.0,5173000.0,-18058000.0,-8830500.0,-0.128,0.55567,0.15205,100202178.0,Yahoo Finance / yfinance get_info,2026-10-08,0.0,-31.62983143410756,-37.81407005073284,False,MANQUANTE,MANQUANTE,MANQUANTE,MANQUANTE,MANQUANTE,MANQUANTE,MANQUANTE,MANQUANTE,MANQUANTE,MANQUANTE,MANQUANTE,MANQUANTE,MANQUANTE,MANQUANTE,MANQUANTE,A_COMPLETER_PREUVES_SSI,A_VERIFIER,MANQUANTE,B1: référence de preuve absente | B2: référence de preuve absente | B3: référence de preuve absente | B4: référence de preuve absente | B5: référence de preuve absente | B6: référence de preuve absente | B7: référence de preuve absente | exclusions non vérifiées | preuve du contrôle des exclusions absente
CW70.F,Shougang Century Holdings Ltd.R,Allemagne,99276464.0,500399008.0,754204992.0,106459000.0,-211819008.0,0.141,0.14751,0.69615996,517064941.0,Yahoo Finance / yfinance get_info,2026-10-08,0.0,-0.5181357551348631,-29.41176792845164,False,MANQUANTE,MANQUANTE,MANQUANTE,MANQUANTE,MANQUANTE,MANQUANTE,MANQUANTE,MANQUANTE,MANQUANTE,MANQUANTE,MANQUANTE,MANQUANTE,MANQUANTE,MANQUANTE,MANQUANTE,A_COMPLETER_PREUVES_SSI,A_VERIFIER,MANQUANTE,B1: référence de preuve absente | B2: référence de preuve absente | B3: référence de preuve absente | B4: référence de preuve absente | B5: référence de preuve absente | B6: référence de preuve absente | B7: référence de preuve absente | exclusions non vérifiées | preuve du contrôle des exclusions absente
4RO.F,Roots Corp.                   R,Allemagne,99560792.0,3935000.0,106740000.0,27962000.0,25331624.0,-0.024,0.60631,0.16535999,39197165.0,Yahoo Finance / yfinance get_info,2026-10-08,0.0,12.389379317314765,4.958672800657649,True,MANQUANTE,MANQUANTE,MANQUANTE,MANQUANTE,MANQUANTE,MANQUANTE,MANQUANTE,MANQUANTE,MANQUANTE,MANQUANTE,MANQUANTE,MANQUANTE,MANQUANTE,MANQUANTE,MANQUANTE,A_COMPLETER_PREUVES_SSI,A_VERIFIER,MANQUANTE,B1: référence de preuve absente | B2: référence de preuve absente | B3: référence de preuve absente | B4: référence de preuve absente | B5: référence de preuve absente | B6: référence de preuve absente | B7: référence de preuve absente | exclusions non vérifiées | preuve du contrôle des exclusions absente
73Z.F,Ellington Credit Co.          R,Allemagne,99676688.0,23469000.0,205764992.0,,,-0.193,1.0,0.01363,37559200.0,Yahoo Finance / yfinance get_info,2026-10-08,0.0,-18.733848218908435,-20.480403499490485,False,MANQUANTE,MANQUANTE,MANQUANTE,MANQUANTE,MANQUANTE,MANQUANTE,MANQUANTE,MANQUANTE,MANQUANTE,MANQUANTE,MANQUANTE,MANQUANTE,MANQUANTE,MANQUANTE,MANQUANTE,A_COMPLETER_PREUVES_SSI,A_VERIFIER,MANQUANTE,B1: référence de preuve absente | B2: référence de preuve absente | B3: référence de preuve absente | B4: référence de preuve absente | B5: référence de preuve absente | B6: référence de preuve absente | B7: référence de preuve absente | exclusions non vérifiées | preuve du contrôle des exclusions absente
4W3.F,West Wits Mining Ltd.         R,Allemagne,100025624.0,32015000.0,23306000.0,-7709000.0,-50987500.0,3.947,1.0,0.23743,434894012.0,Yahoo Finance / yfinance get_info,2026-10-08,1812.0150330662727,-8.730158542439392,-42.49999981373549,False,MANQUANTE,MANQUANTE,MANQUANTE,MANQUANTE,MANQUANTE,MANQUANTE,MANQUANTE,MANQUANTE,MANQUANTE,MANQUANTE,MANQUANTE,MANQUANTE,MANQUANTE,MANQUANTE,MANQUANTE,A_COMPLETER_PREUVES_SSI,A_VERIFIER,MANQUANTE,B1: référence de preuve absente | B2: référence de preuve absente | B3: référence de preuve absente | B4: référence de preuve absente | B5: référence de preuve absente | B6: référence de preuve absente | B7: référence de preuve absente | exclusions non vérifiées | preuve du contrôle des exclusions absente
VK2.SG,Aurskog Sparebank,Allemagne,100495344.0,990070976.0,6421103104.0,,,0.026,0.0,0.31954,4622601.0,Yahoo Finance / yfinance get_info,2026-10-08,0.0,-8.05667434876286,-3.975263439899978,False,MANQUANTE,MANQUANTE,MANQUANTE,MANQUANTE,MANQUANTE,MANQUANTE,MANQUANTE,MANQUANTE,MANQUANTE,MANQUANTE,MANQUANTE,MANQUANTE,MANQUANTE,MANQUANTE,MANQUANTE,A_COMPLETER_PREUVES_SSI,A_VERIFIER,MANQUANTE,B1: référence de preuve absente | B2: référence de preuve absente | B3: référence de preuve absente | B4: référence de preuve absente | B5: référence de preuve absente | B6: référence de preuve absente | B7: référence de preuve absente | exclusions non vérifiées | preuve du contrôle des exclusions absente
MKU0.F,Peking University Res(Hldgs)CoR,Allemagne,100563864.0,301992992.0,142342000.0,-155896992.0,-661214400.0,-0.146,0.06863,0.58033,2737417279.0,Yahoo Finance / yfinance get_info,2026-10-08,0.0,-7.407408429434903,-5.660374838714255,False,MANQUANTE,MANQUANTE,MANQUANTE,MANQUANTE,MANQUANTE,MANQUANTE,MANQUANTE,MANQUANTE,MANQUANTE,MANQUANTE,MANQUANTE,MANQUANTE,MANQUANTE,MANQUANTE,MANQUANTE,A_COMPLETER_PREUVES_SSI,A_VERIFIER,MANQUANTE,B1: référence de preuve absente | B2: référence de preuve absente | B3: référence de preuve absente | B4: référence de preuve absente | B5: référence de preuve absente | B6: référence de preuve absente | B7: référence de preuve absente | exclusions non vérifiées | preuve du contrôle des exclusions absente
VON.F,Vocento                       A,Allemagne,100666440.0,29937000.0,69670000.0,-484000.0,21198376.0,,0.47112,0.77082,120414402.0,Yahoo Finance / yfinance get_info,2026-10-08,0.0,7.179494350854965,19.77077488683872,True,MANQUANTE,MANQUANTE,MANQUANTE,MANQUANTE,MANQUANTE,MANQUANTE,MANQUANTE,MANQUANTE,MANQUANTE,MANQUANTE,MANQUANTE,MANQUANTE,MANQUANTE,MANQUANTE,MANQUANTE,A_COMPLETER_PREUVES_SSI,A_VERIFIER,MANQUANTE,B1: référence de preuve absente | B2: référence de preuve absente | B3: référence de preuve absente | B4: référence de preuve absente | B5: référence de preuve absente | B6: référence de preuve absente | B7: référence de preuve absente | exclusions non vérifiées | preuve du contrôle des exclusions absente
67N0.F,Edding Genor Group Hldgs. Ltd.R,Allemagne,100687224.0,913003008.0,1182434048.0,682547968.0,870177984.0,-0.231,0.68042,0.47307,524624608.0,Yahoo Finance / yfinance get_info,2026-10-08,0.0,-12.621355852315318,-44.09937612261972,,MANQUANTE,MANQUANTE,MANQUANTE,MANQUANTE,MANQUANTE,MANQUANTE,MANQUANTE,MANQUANTE,MANQUANTE,MANQUANTE,MANQUANTE,MANQUANTE,MANQUANTE,MANQUANTE,MANQUANTE,A_COMPLETER_PREUVES_SSI,A_VERIFIER,MANQUANTE,B1: référence de preuve absente | B2: référence de preuve absente | B3: référence de preuve absente | B4: référence de preuve absente | B5: référence de preuve absente | B6: référence de preuve absente | B7: référence de preuve absente | exclusions non vérifiées | preuve du contrôle des exclusions absente
KUD.F,KUDELSKI S.A.                 I,Allemagne,100798824.0,64310000.0,65486000.0,-17093000.0,-2369625.0,-0.015,0.81518996,0.27961,51562938.0,Yahoo Finance / yfinance get_info,2026-10-08,0.0,-20.15503861641813,-20.76923006385033,False,MANQUANTE,MANQUANTE,MANQUANTE,MANQUANTE,MANQUANTE,MANQUANTE,MANQUANTE,MANQUANTE,MANQUANTE,MANQUANTE,MANQUANTE,MANQUANTE,MANQUANTE,MANQUANTE,MANQUANTE,A_COMPLETER_PREUVES_SSI,A_VERIFIER,MANQUANTE,B1: référence de preuve absente | B2: référence de preuve absente | B3: référence de preuve absente | B4: référence de preuve absente | B5: référence de preuve absente | B6: référence de preuve absente | B7: référence de preuve absente | exclusions non vérifiées | preuve du contrôle des exclusions absente
M3K0.F,Mig Holdings S.A.             N,Allemagne,100931880.0,15792000.0,72972000.0,4246000.0,939375.0,-0.012,0.73440003,0.87563,31400000.0,Yahoo Finance / yfinance get_info,2026-10-08,0.0,-0.8000030517578138,0.323624295826086,False,MANQUANTE,MANQUANTE,MANQUANTE,MANQUANTE,MANQUANTE,MANQUANTE,MANQUANTE,MANQUANTE,MANQUANTE,MANQUANTE,MANQUANTE,MANQUANTE,MANQUANTE,MANQUANTE,MANQUANTE,A_COMPLETER_PREUVES_SSI,A_VERIFIER,MANQUANTE,B1: référence de preuve absente | B2: référence de preuve absente | B3: référence de preuve absente | B4: référence de preuve absente | B5: référence de preuve absente | B6: référence de preuve absente | B7: référence de preuve absente | exclusions non vérifiées | preuve du contrôle des exclusions absente
RBW.F,ROBERT WALTERS PLC            R,Allemagne,101299872.0,34700000.0,76600000.0,-8300000.0,12737500.0,0.077,0.33103,0.12625,65779140.0,Yahoo Finance / yfinance get_info,2026-10-08,0.0,66.48648021689647,45.28302311175849,True,MANQUANTE,MANQUANTE,MANQUANTE,MANQUANTE,MANQUANTE,MANQUANTE,MANQUANTE,MANQUANTE,MANQUANTE,MANQUANTE,MANQUANTE,MANQUANTE,MANQUANTE,MANQUANTE,MANQUANTE,A_COMPLETER_PREUVES_SSI,A_VERIFIER,MANQUANTE,B1: référence de preuve absente | B2: référence de preuve absente | B3: référence de preuve absente | B4: référence de preuve absente | B5: référence de preuve absente | B6: référence de preuve absente | B7: référence de preuve absente | exclusions non vérifiées | preuve du contrôle des exclusions absente
O8V.F,Gala Technology Holding Ltd.  R,Allemagne,101324184.0,615377984.0,24328000.0,148967008.0,118370376.0,0.257,0.53502,0.56928,142710128.0,Yahoo Finance / yfinance get_info,2026-10-08,0.0,2.1582713452168223,35.23809729249579,True,MANQUANTE,MANQUANTE,MANQUANTE,MANQUANTE,MANQUANTE,MANQUANTE,MANQUANTE,MANQUANTE,MANQUANTE,MANQUANTE,MANQUANTE,MANQUANTE,MANQUANTE,MANQUANTE,MANQUANTE,A_COMPLETER_PREUVES_SSI,A_VERIFIER,MANQUANTE,B1: référence de preuve absente | B2: référence de preuve absente | B3: référence de preuve absente | B4: référence de preuve absente | B5: référence de preuve absente | B6: référence de preuve absente | B7: référence de preuve absente | exclusions non vérifiées | preuve du contrôle des exclusions absente
PUD.F,Pulse Seismic Inc.            R,Allemagne,101700752.0,8446000.0,139000.0,6004000.0,1605875.0,-0.803,1.0,0.22311,50714857.0,Yahoo Finance / yfinance get_info,2026-10-08,0.0,-7.281552442945626,-22.983872905978288,False,MANQUANTE,MANQUANTE,MANQUANTE,MANQUANTE,MANQUANTE,MANQUANTE,MANQUANTE,MANQUANTE,MANQUANTE,MANQUANTE,MANQUANTE,MANQUANTE,MANQUANTE,MANQUANTE,MANQUANTE,A_COMPLETER_PREUVES_SSI,A_VERIFIER,MANQUANTE,B1: référence de preuve absente | B2: référence de preuve absente | B3: référence de preuve absente | B4: référence de preuve absente | B5: référence de preuve absente | B6: référence de preuve absente | B7: référence de preuve absente | exclusions non vérifiées | preuve du contrôle des exclusions absente
51B.F,Bioventix PLC                 R,Allemagne,101884768.0,5303901.0,0.0,9839017.0,6596390.0,-0.085,0.92446,0.07705,5224860.0,Yahoo Finance / yfinance get_info,2026-10-08,0.0,3.1746052570364336,-3.4653501806976683,True,MANQUANTE,MANQUANTE,MANQUANTE,MANQUANTE,MANQUANTE,MANQUANTE,MANQUANTE,MANQUANTE,MANQUANTE,MANQUANTE,MANQUANTE,MANQUANTE,MANQUANTE,MANQUANTE,MANQUANTE,A_COMPLETER_PREUVES_SSI,A_VERIFIER,MANQUANTE,B1: référence de preuve absente | B2: référence de preuve absente | B3: référence de preuve absente | B4: référence de preuve absente | B5: référence de preuve absente | B6: référence de preuve absente | B7: référence de preuve absente | exclusions non vérifiées | preuve du contrôle des exclusions absente
NWF0.F,Western Forest Products Inc.  R,Allemagne,101886464.0,4300000.0,59600000.0,-92500000.0,-68512496.0,-0.171,0.07374,0.18423,10558183.0,Yahoo Finance / yfinance get_info,2026-10-08,0.0,-10.648153258285642,7.22221798366971,False,MANQUANTE,MANQUANTE,MANQUANTE,MANQUANTE,MANQUANTE,MANQUANTE,MANQUANTE,MANQUANTE,MANQUANTE,MANQUANTE,MANQUANTE,MANQUANTE,MANQUANTE,MANQUANTE,MANQUANTE,A_COMPLETER_PREUVES_SSI,A_VERIFIER,MANQUANTE,B1: référence de preuve absente | B2: référence de preuve absente | B3: référence de preuve absente | B4: référence de preuve absente | B5: référence de preuve absente | B6: référence de preuve absente | B7: référence de preuve absente | exclusions non vérifiées | preuve du contrôle des exclusions absente
5A40.F,Orion Energy Systems Inc.     R,Allemagne,102232152.0,5165000.0,9553000.0,3015000.0,-3517375.0,0.315,0.33633998,0.14066,4089286.0,Yahoo Finance / yfinance get_info,2026-10-08,0.0,190.69766152414448,237.83783348395588,True,MANQUANTE,MANQUANTE,MANQUANTE,MANQUANTE,MANQUANTE,MANQUANTE,MANQUANTE,MANQUANTE,MANQUANTE,MANQUANTE,MANQUANTE,MANQUANTE,MANQUANTE,MANQUANTE,MANQUANTE,A_COMPLETER_PREUVES_SSI,A_VERIFIER,MANQUANTE,B1: référence de preuve absente | B2: référence de preuve absente | B3: référence de preuve absente | B4: référence de preuve absente | B5: référence de preuve absente | B6: référence de preuve absente | B7: référence de preuve absente | exclusions non vérifiées | preuve du contrôle des exclusions absente
AX1.F,Sipai Health Technology Co.LtdR,Allemagne,102272120.0,468475008.0,17319000.0,-21204000.0,,-0.396,0.17811,0.57427,725334114.0,Yahoo Finance / yfinance get_info,2026-10-08,0.0,4.444442236865087,-28.78787707746082,False,MANQUANTE,MANQUANTE,MANQUANTE,MANQUANTE,MANQUANTE,MANQUANTE,MANQUANTE,MANQUANTE,MANQUANTE,MANQUANTE,MANQUANTE,MANQUANTE,MANQUANTE,MANQUANTE,MANQUANTE,A_COMPLETER_PREUVES_SSI,A_VERIFIER,MANQUANTE,B1: référence de preuve absente | B2: référence de preuve absente | B3: référence de preuve absente | B4: référence de preuve absente | B5: référence de preuve absente | B6: référence de preuve absente | B7: référence de preuve absente | exclusions non vérifiées | preuve du contrôle des exclusions absente
88J.F,COMPAGNIE LEBON S.A.          A,Allemagne,102575464.0,14012000.0,140780992.0,16657000.0,782000.0,0.02,0.64677,0.74052,1124731.0,Yahoo Finance / yfinance get_info,2026-10-08,0.0,1.108647487620007,-4.8016763642798495,False,MANQUANTE,MANQUANTE,MANQUANTE,MANQUANTE,MANQUANTE,MANQUANTE,MANQUANTE,MANQUANTE,MANQUANTE,MANQUANTE,MANQUANTE,MANQUANTE,MANQUANTE,MANQUANTE,MANQUANTE,A_COMPLETER_PREUVES_SSI,A_VERIFIER,MANQUANTE,B1: référence de preuve absente | B2: référence de preuve absente | B3: référence de preuve absente | B4: référence de preuve absente | B5: référence de preuve absente | B6: référence de preuve absente | B7: référence de preuve absente | exclusions non vérifiées | preuve du contrôle des exclusions absente
6WT.F,Tongdao Liepin Group Co. Ltd. R,Allemagne,102745648.0,1259885952.0,145894000.0,133570000.0,434212256.0,0.056,0.7732,0.32348,454626763.0,Yahoo Finance / yfinance get_info,2026-10-08,0.0,9.708735827440496,-21.527775765661016,False,MANQUANTE,MANQUANTE,MANQUANTE,MANQUANTE,MANQUANTE,MANQUANTE,MANQUANTE,MANQUANTE,MANQUANTE,MANQUANTE,MANQUANTE,MANQUANTE,MANQUANTE,MANQUANTE,MANQUANTE,A_COMPLETER_PREUVES_SSI,A_VERIFIER,MANQUANTE,B1: référence de preuve absente | B2: référence de preuve absente | B3: référence de preuve absente | B4: référence de preuve absente | B5: référence de preuve absente | B6: référence de preuve absente | B7: référence de preuve absente | exclusions non vérifiées | preuve du contrôle des exclusions absente
KUL.MU,KULMBACHER BRAUEREI AG        I,Allemagne,102816000.0,24610000.0,43364000.0,34965000.0,16160500.0,-0.007,0.60732,0.95984,3360000.0,Yahoo Finance / yfinance get_info,2026-10-08,69.19999694824219,-11.046514464688215,-19.04761640453069,False,MANQUANTE,MANQUANTE,MANQUANTE,MANQUANTE,MANQUANTE,MANQUANTE,MANQUANTE,MANQUANTE,MANQUANTE,MANQUANTE,MANQUANTE,MANQUANTE,MANQUANTE,MANQUANTE,MANQUANTE,A_COMPLETER_PREUVES_SSI,A_VERIFIER,MANQUANTE,B1: référence de preuve absente | B2: référence de preuve absente | B3: référence de preuve absente | B4: référence de preuve absente | B5: référence de preuve absente | B6: référence de preuve absente | B7: référence de preuve absente | exclusions non vérifiées | preuve du contrôle des exclusions absente
RTE.F,RTX A/S                       N,Allemagne,102934320.0,135903008.0,49327000.0,23917000.0,54541500.0,0.03,0.53084,0.13572,7768628.0,Yahoo Finance / yfinance get_info,2026-10-08,0.0,6.000000000000005,3.9215686274509887,True,MANQUANTE,MANQUANTE,MANQUANTE,MANQUANTE,MANQUANTE,MANQUANTE,MANQUANTE,MANQUANTE,MANQUANTE,MANQUANTE,MANQUANTE,MANQUANTE,MANQUANTE,MANQUANTE,MANQUANTE,A_COMPLETER_PREUVES_SSI,A_VERIFIER,MANQUANTE,B1: référence de preuve absente | B2: référence de preuve absente | B3: référence de preuve absente | B4: référence de preuve absente | B5: référence de preuve absente | B6: référence de preuve absente | B7: référence de preuve absente | exclusions non vérifiées | preuve du contrôle des exclusions absente
PAJA.F,GLINTT-Gl.Intellig.Technol.SA A,Allemagne,103050992.0,19790404.0,40763536.0,14264198.0,9789113.0,0.09,0.61467,0.79393995,86962868.0,Yahoo Finance / yfinance get_info,2026-10-08,0.0,3.043475421480002,-3.6585427313929775,,MANQUANTE,MANQUANTE,MANQUANTE,MANQUANTE,MANQUANTE,MANQUANTE,MANQUANTE,MANQUANTE,MANQUANTE,MANQUANTE,MANQUANTE,MANQUANTE,MANQUANTE,MANQUANTE,MANQUANTE,A_COMPLETER_PREUVES_SSI,A_VERIFIER,MANQUANTE,B1: référence de preuve absente | B2: référence de preuve absente | B3: référence de preuve absente | B4: référence de preuve absente | B5: référence de preuve absente | B6: référence de preuve absente | B7: référence de preuve absente | exclusions non vérifiées | preuve du contrôle des exclusions absente
SCP.F,Scancell Holdings PLC         R,Allemagne,103107304.0,8574000.0,16182000.0,-12963000.0,-17118624.0,,0.94948,0.03129,1356675127.0,Yahoo Finance / yfinance get_info,2026-10-08,0.0,-39.68254259218941,-32.14286141933822,False,MANQUANTE,MANQUANTE,MANQUANTE,MANQUANTE,MANQUANTE,MANQUANTE,MANQUANTE,MANQUANTE,MANQUANTE,MANQUANTE,MANQUANTE,MANQUANTE,MANQUANTE,MANQUANTE,MANQUANTE,A_COMPLETER_PREUVES_SSI,A_VERIFIER,MANQUANTE,B1: référence de preuve absente | B2: référence de preuve absente | B3: référence de preuve absente | B4: référence de preuve absente | B5: référence de preuve absente | B6: référence de preuve absente | B7: référence de preuve absente | exclusions non vérifiées | preuve du contrôle des exclusions absente
36A.F,Unifi Inc.                    R,Allemagne,103168040.0,25072000.0,98955000.0,10036000.0,28610124.0,0.041,0.05732,0.23804002,18588837.0,Yahoo Finance / yfinance get_info,2026-10-08,0.0,12.804880176251409,77.88462802268154,True,MANQUANTE,MANQUANTE,MANQUANTE,MANQUANTE,MANQUANTE,MANQUANTE,MANQUANTE,MANQUANTE,MANQUANTE,MANQUANTE,MANQUANTE,MANQUANTE,MANQUANTE,MANQUANTE,MANQUANTE,A_COMPLETER_PREUVES_SSI,A_VERIFIER,MANQUANTE,B1: référence de preuve absente | B2: référence de preuve absente | B3: référence de preuve absente | B4: référence de preuve absente | B5: référence de preuve absente | B6: référence de preuve absente | B7: référence de preuve absente | exclusions non vérifiées | preuve du contrôle des exclusions absente
6TI.SG,Frasers Property (Thailand) Ltd,Allemagne,103221856.0,1115847936.0,53140303872.0,3462877952.0,1442312320.0,-0.124,0.37834,0.0,0.0,Yahoo Finance / yfinance get_info,2026-10-08,0.0,0.0,0.0,False,MANQUANTE,MANQUANTE,MANQUANTE,MANQUANTE,MANQUANTE,MANQUANTE,MANQUANTE,MANQUANTE,MANQUANTE,MANQUANTE,MANQUANTE,MANQUANTE,MANQUANTE,MANQUANTE,MANQUANTE,A_COMPLETER_PREUVES_SSI,A_VERIFIER,MANQUANTE,B1: référence de preuve absente | B2: référence de preuve absente | B3: référence de preuve absente | B4: référence de preuve absente | B5: référence de preuve absente | B6: référence de preuve absente | B7: référence de preuve absente | exclusions non vérifiées | preuve du contrôle des exclusions absente
4ER.F,Fenix Resources Ltd.          R,Allemagne,103271768.0,81830000.0,128802000.0,78936000.0,28750376.0,0.596,0.08355,0.4013,770684831.0,Yahoo Finance / yfinance get_info,2026-10-08,0.0,-2.898545873387859,-20.238092175923462,False,MANQUANTE,MANQUANTE,MANQUANTE,MANQUANTE,MANQUANTE,MANQUANTE,MANQUANTE,MANQUANTE,MANQUANTE,MANQUANTE,MANQUANTE,MANQUANTE,MANQUANTE,MANQUANTE,MANQUANTE,A_COMPLETER_PREUVES_SSI,A_VERIFIER,MANQUANTE,B1: référence de preuve absente | B2: référence de preuve absente | B3: référence de preuve absente | B4: référence de preuve absente | B5: référence de preuve absente | B6: référence de preuve absente | B7: référence de preuve absente | exclusions non vérifiées | preuve du contrôle des exclusions absente
6DT.F,Detection Technology Oyj      R,Allemagne,103468744.0,15821000.0,0.0,10578243.0,-7225928.0,0.051,0.44426998,0.060170002,14655630.0,Yahoo Finance / yfinance get_info,2026-10-08,0.0,-12.18905502143336,-22.587718954266823,,MANQUANTE,MANQUANTE,MANQUANTE,MANQUANTE,MANQUANTE,MANQUANTE,MANQUANTE,MANQUANTE,MANQUANTE,MANQUANTE,MANQUANTE,MANQUANTE,MANQUANTE,MANQUANTE,MANQUANTE,A_COMPLETER_PREUVES_SSI,A_VERIFIER,MANQUANTE,B1: référence de preuve absente | B2: référence de preuve absente | B3: référence de preuve absente | B4: référence de preuve absente | B5: référence de preuve absente | B6: référence de preuve absente | B7: référence de preuve absente | exclusions non vérifiées | preuve du contrôle des exclusions absente
WZ2.F,Keep Inc.                     R,Allemagne,103484104.0,835368000.0,8293000.0,-86549000.0,-8030375.0,0.004,0.51632,0.40870997,0.0,Yahoo Finance / yfinance get_info,2026-10-08,0.0,-30.55555459740479,-48.27585852528855,False,MANQUANTE,MANQUANTE,MANQUANTE,MANQUANTE,MANQUANTE,MANQUANTE,MANQUANTE,MANQUANTE,MANQUANTE,MANQUANTE,MANQUANTE,MANQUANTE,MANQUANTE,MANQUANTE,MANQUANTE,A_COMPLETER_PREUVES_SSI,A_VERIFIER,MANQUANTE,B1: référence de preuve absente | B2: référence de preuve absente | B3: référence de preuve absente | B4: référence de preuve absente | B5: référence de preuve absente | B6: référence de preuve absente | B7: référence de preuve absente | exclusions non vérifiées | preuve du contrôle des exclusions absente
6YH.F,Sopharma Trading AD           R,Allemagne,103513664.0,4351000.0,182195008.0,39173328.0,14429830.0,0.099,0.13229999,0.87214994,34276050.0,Yahoo Finance / yfinance get_info,2026-10-08,0.0,9.4202895420886,4.861106282031291,,MANQUANTE,MANQUANTE,MANQUANTE,MANQUANTE,MANQUANTE,MANQUANTE,MANQUANTE,MANQUANTE,MANQUANTE,MANQUANTE,MANQUANTE,MANQUANTE,MANQUANTE,MANQUANTE,MANQUANTE,A_COMPLETER_PREUVES_SSI,A_VERIFIER,MANQUANTE,B1: référence de preuve absente | B2: référence de preuve absente | B3: référence de preuve absente | B4: référence de preuve absente | B5: référence de preuve absente | B6: référence de preuve absente | B7: référence de preuve absente | exclusions non vérifiées | preuve du contrôle des exclusions absente
5VT0.F,vTv Therapeutics Inc.         R,Allemagne,103592920.0,86643000.0,0.0,-9245000.0,674375.0,,0.22159,0.38829,3953928.0,Yahoo Finance / yfinance get_info,2026-10-08,0.0,-8.391606945870045,-14.93506035086546,False,MANQUANTE,MANQUANTE,MANQUANTE,MANQUANTE,MANQUANTE,MANQUANTE,MANQUANTE,MANQUANTE,MANQUANTE,MANQUANTE,MANQUANTE,MANQUANTE,MANQUANTE,MANQUANTE,MANQUANTE,A_COMPLETER_PREUVES_SSI,A_VERIFIER,MANQUANTE,B1: référence de preuve absente | B2: référence de preuve absente | B3: référence de preuve absente | B4: référence de preuve absente | B5: référence de preuve absente | B6: référence de preuve absente | B7: référence de preuve absente | exclusions non vérifiées | preuve du contrôle des exclusions absente
T28.F,Audioboom Group PLC           R,Allemagne,103763728.0,5984000.0,799000.0,3671000.0,1474375.0,0.301,0.2125,0.38345,18204164.0,Yahoo Finance / yfinance get_info,2026-10-08,0.0,6.5420544088141686,-19.7183114672152,False,MANQUANTE,MANQUANTE,MANQUANTE,MANQUANTE,MANQUANTE,MANQUANTE,MANQUANTE,MANQUANTE,MANQUANTE,MANQUANTE,MANQUANTE,MANQUANTE,MANQUANTE,MANQUANTE,MANQUANTE,A_COMPLETER_PREUVES_SSI,A_VERIFIER,MANQUANTE,B1: référence de preuve absente | B2: référence de preuve absente | B3: référence de preuve absente | B4: référence de preuve absente | B5: référence de preuve absente | B6: référence de preuve absente | B7: référence de preuve absente | exclusions non vérifiées | preuve du contrôle des exclusions absente
6LY.F,Wuling Motors Holdings Ltd.   R,Allemagne,103892088.0,2272452096.0,2133280000.0,537643008.0,1263038208.0,-0.006,0.13502,0.67708,3298161332.0,Yahoo Finance / yfinance get_info,2026-10-08,0.0,-16.00000198682141,-32.9787200314256,False,MANQUANTE,MANQUANTE,MANQUANTE,MANQUANTE,MANQUANTE,MANQUANTE,MANQUANTE,MANQUANTE,MANQUANTE,MANQUANTE,MANQUANTE,MANQUANTE,MANQUANTE,MANQUANTE,MANQUANTE,A_COMPLETER_PREUVES_SSI,A_VERIFIER,MANQUANTE,B1: référence de preuve absente | B2: référence de preuve absente | B3: référence de preuve absente | B4: référence de preuve absente | B5: référence de preuve absente | B6: référence de preuve absente | B7: référence de preuve absente | exclusions non vérifiées | preuve du contrôle des exclusions absente
DF5B.F,Duro Felguera S.A.            A,Allemagne,104052976.0,34263000.0,159258000.0,36859000.0,-189497744.0,-0.735,0.54697,0.34689,499055042.0,Yahoo Finance / yfinance get_info,2026-10-08,0.0,9.391398558465047,34.169888779223754,True,MANQUANTE,MANQUANTE,MANQUANTE,MANQUANTE,MANQUANTE,MANQUANTE,MANQUANTE,MANQUANTE,MANQUANTE,MANQUANTE,MANQUANTE,MANQUANTE,MANQUANTE,MANQUANTE,MANQUANTE,A_COMPLETER_PREUVES_SSI,A_VERIFIER,MANQUANTE,B1: référence de preuve absente | B2: référence de preuve absente | B3: référence de preuve absente | B4: référence de preuve absente | B5: référence de preuve absente | B6: référence de preuve absente | B7: référence de preuve absente | exclusions non vérifiées | preuve du contrôle des exclusions absente
NVAI.F,Loxley PCL                    R,Allemagne,104187928.0,2578701056.0,2249932032.0,350857120.0,606859584.0,0.119,0.1743,0.00301,2264955000.0,Yahoo Finance / yfinance get_info,2026-10-08,0.0,29.577460798141853,39.39394042019018,True,MANQUANTE,MANQUANTE,MANQUANTE,MANQUANTE,MANQUANTE,MANQUANTE,MANQUANTE,MANQUANTE,MANQUANTE,MANQUANTE,MANQUANTE,MANQUANTE,MANQUANTE,MANQUANTE,MANQUANTE,A_COMPLETER_PREUVES_SSI,A_VERIFIER,MANQUANTE,B1: référence de preuve absente | B2: référence de preuve absente | B3: référence de preuve absente | B4: référence de preuve absente | B5: référence de preuve absente | B6: référence de preuve absente | B7: référence de preuve absente | exclusions non vérifiées | preuve du contrôle des exclusions absente
9WR.F,OMER S.P.A.                   A,Allemagne,104210960.0,32075000.0,3965000.0,19188768.0,5569865.0,-0.082,0.54402,0.74,28635408.0,Yahoo Finance / yfinance get_info,2026-10-08,0.0,7.453416379015643,-1.7045438382004785,True,MANQUANTE,MANQUANTE,MANQUANTE,MANQUANTE,MANQUANTE,MANQUANTE,MANQUANTE,MANQUANTE,MANQUANTE,MANQUANTE,MANQUANTE,MANQUANTE,MANQUANTE,MANQUANTE,MANQUANTE,A_COMPLETER_PREUVES_SSI,A_VERIFIER,MANQUANTE,B1: référence de preuve absente | B2: référence de preuve absente | B3: référence de preuve absente | B4: référence de preuve absente | B5: référence de preuve absente | B6: référence de preuve absente | B7: référence de preuve absente | exclusions non vérifiées | preuve du contrôle des exclusions absente
49Q.DU,ZenaTech Inc.                 R,Allemagne,104350040.0,34576136.0,29962740.0,-58621132.0,-43769596.0,3.163,1.0,0.16851,88884193.0,Yahoo Finance / yfinance get_info,2026-10-08,0.0,-1.4273686115430673,-35.52992653997487,False,MANQUANTE,MANQUANTE,MANQUANTE,MANQUANTE,MANQUANTE,MANQUANTE,MANQUANTE,MANQUANTE,MANQUANTE,MANQUANTE,MANQUANTE,MANQUANTE,MANQUANTE,MANQUANTE,MANQUANTE,A_COMPLETER_PREUVES_SSI,A_VERIFIER,MANQUANTE,B1: référence de preuve absente | B2: référence de preuve absente | B3: référence de preuve absente | B4: référence de preuve absente | B5: référence de preuve absente | B6: référence de preuve absente | B7: référence de preuve absente | exclusions non vérifiées | preuve du contrôle des exclusions absente
CJB.F,Carnarvon Energy Ltd.         R,Allemagne,104369200.0,97678000.0,193000.0,-3545000.0,-4106375.0,-0.478,0.77258,0.15767999,1789086882.0,Yahoo Finance / yfinance get_info,2026-10-08,0.0,24.99999778256528,10.526313725600913,True,MANQUANTE,MANQUANTE,MANQUANTE,MANQUANTE,MANQUANTE,MANQUANTE,MANQUANTE,MANQUANTE,MANQUANTE,MANQUANTE,MANQUANTE,MANQUANTE,MANQUANTE,MANQUANTE,MANQUANTE,A_COMPLETER_PREUVES_SSI,A_VERIFIER,MANQUANTE,B1: référence de preuve absente | B2: référence de preuve absente | B3: référence de preuve absente | B4: référence de preuve absente | B5: référence de preuve absente | B6: référence de preuve absente | B7: référence de preuve absente | exclusions non vérifiées | preuve du contrôle des exclusions absente
1KC.F,Western Investment Company of R,Allemagne,104413760.0,85745264.0,980880.0,12874593.0,1258258.0,-0.043,0.37097,0.16750999,167062008.0,Yahoo Finance / yfinance get_info,2026-10-08,0.0,3.3057818671050843,28.60082266673878,True,MANQUANTE,MANQUANTE,MANQUANTE,MANQUANTE,MANQUANTE,MANQUANTE,MANQUANTE,MANQUANTE,MANQUANTE,MANQUANTE,MANQUANTE,MANQUANTE,MANQUANTE,MANQUANTE,MANQUANTE,A_COMPLETER_PREUVES_SSI,A_VERIFIER,MANQUANTE,B1: référence de preuve absente | B2: référence de preuve absente | B3: référence de preuve absente | B4: référence de preuve absente | B5: référence de preuve absente | B6: référence de preuve absente | B7: référence de preuve absente | exclusions non vérifiées | preuve du contrôle des exclusions absente
4CN.F,Team Internet Group PLC       R,Allemagne,104458568.0,52000000.0,172000000.0,23300000.0,-262500.0,-0.321,0.31327,0.25335,241802235.0,Yahoo Finance / yfinance get_info,2026-10-08,0.0,-20.00000110378968,5.365857310695099,False,MANQUANTE,MANQUANTE,MANQUANTE,MANQUANTE,MANQUANTE,MANQUANTE,MANQUANTE,MANQUANTE,MANQUANTE,MANQUANTE,MANQUANTE,MANQUANTE,MANQUANTE,MANQUANTE,MANQUANTE,A_COMPLETER_PREUVES_SSI,A_VERIFIER,MANQUANTE,B1: référence de preuve absente | B2: référence de preuve absente | B3: référence de preuve absente | B4: référence de preuve absente | B5: référence de preuve absente | B6: référence de preuve absente | B7: référence de preuve absente | exclusions non vérifiées | preuve du contrôle des exclusions absente
K7N.F,Rizhao Port Jurong Co. Ltd.   R,Allemagne,104580000.0,383875008.0,299944992.0,268588000.0,-296885120.0,-0.102,0.38041002,0.56404996,820000000.0,Yahoo Finance / yfinance get_info,2026-10-08,0.0,0.8000016212463379,-7.352944721296806,False,MANQUANTE,MANQUANTE,MANQUANTE,MANQUANTE,MANQUANTE,MANQUANTE,MANQUANTE,MANQUANTE,MANQUANTE,MANQUANTE,MANQUANTE,MANQUANTE,MANQUANTE,MANQUANTE,MANQUANTE,A_COMPLETER_PREUVES_SSI,A_VERIFIER,MANQUANTE,B1: référence de preuve absente | B2: référence de preuve absente | B3: référence de preuve absente | B4: référence de preuve absente | B5: référence de preuve absente | B6: référence de preuve absente | B7: référence de preuve absente | exclusions non vérifiées | preuve du contrôle des exclusions absente
26Q.F,Aqualis ASA                   N,Allemagne,104760192.0,8697000.0,37266000.0,12951000.0,3174250.0,-0.055,1.0,0.39945,133282683.0,Yahoo Finance / yfinance get_info,2026-10-08,0.0,4.800001780192065,-18.2952179603043,False,MANQUANTE,MANQUANTE,MANQUANTE,MANQUANTE,MANQUANTE,MANQUANTE,MANQUANTE,MANQUANTE,MANQUANTE,MANQUANTE,MANQUANTE,MANQUANTE,MANQUANTE,MANQUANTE,MANQUANTE,A_COMPLETER_PREUVES_SSI,A_VERIFIER,MANQUANTE,B1: référence de preuve absente | B2: référence de preuve absente | B3: référence de preuve absente | B4: référence de preuve absente | B5: référence de preuve absente | B6: référence de preuve absente | B7: référence de preuve absente | exclusions non vérifiées | preuve du contrôle des exclusions absente
8MN.F,Linmon Media Ltd.             R,Allemagne,104856360.0,1396941056.0,276727008.0,37951000.0,-391561856.0,0.348,0.29529,0.63014,361573656.0,Yahoo Finance / yfinance get_info,2026-10-08,0.0,14.173221417403091,2.8368745607592283,False,MANQUANTE,MANQUANTE,MANQUANTE,MANQUANTE,MANQUANTE,MANQUANTE,MANQUANTE,MANQUANTE,MANQUANTE,MANQUANTE,MANQUANTE,MANQUANTE,MANQUANTE,MANQUANTE,MANQUANTE,A_COMPLETER_PREUVES_SSI,A_VERIFIER,MANQUANTE,B1: référence de preuve absente | B2: référence de preuve absente | B3: référence de preuve absente | B4: référence de preuve absente | B5: référence de preuve absente | B6: référence de preuve absente | B7: référence de preuve absente | exclusions non vérifiées | preuve du contrôle des exclusions absente
HRT.F,SHERRITT INTERNATIONAL CORP.  R,Allemagne,104891152.0,203800000.0,325600000.0,-28900000.0,67012500.0,0.357,-0.01804,0.060900003,703967424.0,Yahoo Finance / yfinance get_info,2026-10-08,0.0,129.2307836910682,-12.352939784320592,True,MANQUANTE,MANQUANTE,MANQUANTE,MANQUANTE,MANQUANTE,MANQUANTE,MANQUANTE,MANQUANTE,MANQUANTE,MANQUANTE,MANQUANTE,MANQUANTE,MANQUANTE,MANQUANTE,MANQUANTE,A_COMPLETER_PREUVES_SSI,A_VERIFIER,MANQUANTE,B1: référence de preuve absente | B2: référence de preuve absente | B3: référence de preuve absente | B4: référence de preuve absente | B5: référence de preuve absente | B6: référence de preuve absente | B7: référence de preuve absente | exclusions non vérifiées | preuve du contrôle des exclusions absente
LQG.F,Accesso Technology Group PLC  R,Allemagne,104950688.0,33177000.0,27245000.0,20627000.0,24539624.0,-0.002,0.79949,0.109160006,32392188.0,Yahoo Finance / yfinance get_info,2026-10-08,0.0,-5.263159729290345,33.88429369384849,True,MANQUANTE,MANQUANTE,MANQUANTE,MANQUANTE,MANQUANTE,MANQUANTE,MANQUANTE,MANQUANTE,MANQUANTE,MANQUANTE,MANQUANTE,MANQUANTE,MANQUANTE,MANQUANTE,MANQUANTE,A_COMPLETER_PREUVES_SSI,A_VERIFIER,MANQUANTE,B1: référence de preuve absente | B2: référence de preuve absente | B3: référence de preuve absente | B4: référence de preuve absente | B5: référence de preuve absente | B6: référence de preuve absente | B7: référence de preuve absente | exclusions non vérifiées | preuve du contrôle des exclusions absente
9RT.F,BETR Entertainment Ltd.       R,Allemagne,104952600.0,27577000.0,38722000.0,-26177000.0,-13994625.0,,0.35683,0.41724998,1049526019.0,Yahoo Finance / yfinance get_info,2026-10-08,0.0,-6.542055358927534,-0.9901009819200944,False,MANQUANTE,MANQUANTE,MANQUANTE,MANQUANTE,MANQUANTE,MANQUANTE,MANQUANTE,MANQUANTE,MANQUANTE,MANQUANTE,MANQUANTE,MANQUANTE,MANQUANTE,MANQUANTE,MANQUANTE,A_COMPLETER_PREUVES_SSI,A_VERIFIER,MANQUANTE,B1: référence de preuve absente | B2: référence de preuve absente | B3: référence de preuve absente | B4: référence de preuve absente | B5: référence de preuve absente | B6: référence de preuve absente | B7: référence de preuve absente | exclusions non vérifiées | preuve du contrôle des exclusions absente
O5U.F,GoldMoney Inc.                R,Allemagne,104987840.0,37712400.0,83209248.0,51239536.0,25913150.0,-0.599,0.32298002,0.42769,12803395.0,Yahoo Finance / yfinance get_info,2026-10-08,0.0,-7.239822763299331,-21.90476372128441,False,MANQUANTE,MANQUANTE,MANQUANTE,MANQUANTE,MANQUANTE,MANQUANTE,MANQUANTE,MANQUANTE,MANQUANTE,MANQUANTE,MANQUANTE,MANQUANTE,MANQUANTE,MANQUANTE,MANQUANTE,A_COMPLETER_PREUVES_SSI,A_VERIFIER,MANQUANTE,B1: référence de preuve absente | B2: référence de preuve absente | B3: référence de preuve absente | B4: référence de preuve absente | B5: référence de preuve absente | B6: référence de preuve absente | B7: référence de preuve absente | exclusions non vérifiées | preuve du contrôle des exclusions absente
SJ60.F,Victory Metals Ltd.           R,Allemagne,105092136.0,11182557.0,123029.0,-3873838.0,-4557981.0,,1.0,0.30726,132191358.0,Yahoo Finance / yfinance get_info,2026-10-08,0.0,-12.154691511376258,-23.55768789906457,False,MANQUANTE,MANQUANTE,MANQUANTE,MANQUANTE,MANQUANTE,MANQUANTE,MANQUANTE,MANQUANTE,MANQUANTE,MANQUANTE,MANQUANTE,MANQUANTE,MANQUANTE,MANQUANTE,MANQUANTE,A_COMPLETER_PREUVES_SSI,A_VERIFIER,MANQUANTE,B1: référence de preuve absente | B2: référence de preuve absente | B3: référence de preuve absente | B4: référence de preuve absente | B5: référence de preuve absente | B6: référence de preuve absente | B7: référence de preuve absente | exclusions non vérifiées | preuve du contrôle des exclusions absente
XXH.F,SSH Communications Securit.OyjR,Allemagne,105617064.0,9500000.0,1000000.0,-1460445.0,2927958.0,0.056,0.99614996,0.52432996,54610683.0,Yahoo Finance / yfinance get_info,2026-10-08,0.0,-1.8274118187113555,-6.795182129384648,False,MANQUANTE,MANQUANTE,MANQUANTE,MANQUANTE,MANQUANTE,MANQUANTE,MANQUANTE,MANQUANTE,MANQUANTE,MANQUANTE,MANQUANTE,MANQUANTE,MANQUANTE,MANQUANTE,MANQUANTE,A_COMPLETER_PREUVES_SSI,A_VERIFIER,MANQUANTE,B1: référence de preuve absente | B2: référence de preuve absente | B3: référence de preuve absente | B4: référence de preuve absente | B5: référence de preuve absente | B6: référence de preuve absente | B7: référence de preuve absente | exclusions non vérifiées | preuve du contrôle des exclusions absente
GJ60.F,Komplett ASA                  N,Allemagne,105643496.0,153000000.0,1340000000.0,17000000.0,400624992.0,0.042,0.05353,0.78452003,174906461.0,Yahoo Finance / yfinance get_info,2026-10-08,0.0,9.025261824689611,-19.034855374441417,False,MANQUANTE,MANQUANTE,MANQUANTE,MANQUANTE,MANQUANTE,MANQUANTE,MANQUANTE,MANQUANTE,MANQUANTE,MANQUANTE,MANQUANTE,MANQUANTE,MANQUANTE,MANQUANTE,MANQUANTE,A_COMPLETER_PREUVES_SSI,A_VERIFIER,MANQUANTE,B1: référence de preuve absente | B2: référence de preuve absente | B3: référence de preuve absente | B4: référence de preuve absente | B5: référence de preuve absente | B6: référence de preuve absente | B7: référence de preuve absente | exclusions non vérifiées | preuve du contrôle des exclusions absente
PAJA.SG,Glintt - Global Intelligent Tec,Allemagne,105659880.0,19790404.0,40763536.0,14264198.0,9789113.0,0.09,0.61467,0.79393995,86962868.0,Yahoo Finance / yfinance get_info,2026-10-08,0.0,3.846160508080199,-0.8163257362146625,False,MANQUANTE,MANQUANTE,MANQUANTE,MANQUANTE,MANQUANTE,MANQUANTE,MANQUANTE,MANQUANTE,MANQUANTE,MANQUANTE,MANQUANTE,MANQUANTE,MANQUANTE,MANQUANTE,MANQUANTE,A_COMPLETER_PREUVES_SSI,A_VERIFIER,MANQUANTE,B1: référence de preuve absente | B2: référence de preuve absente | B3: référence de preuve absente | B4: référence de preuve absente | B5: référence de preuve absente | B6: référence de preuve absente | B7: référence de preuve absente | exclusions non vérifiées | preuve du contrôle des exclusions absente
6W7.F,Aquafil S.p.A.                A,Allemagne,105752040.0,163795008.0,360611008.0,59737000.0,37071124.0,-0.002,0.56214,0.50881,71893756.0,Yahoo Finance / yfinance get_info,2026-10-08,0.0,-6.412213365345732,-6.980273937167292,False,MANQUANTE,MANQUANTE,MANQUANTE,MANQUANTE,MANQUANTE,MANQUANTE,MANQUANTE,MANQUANTE,MANQUANTE,MANQUANTE,MANQUANTE,MANQUANTE,MANQUANTE,MANQUANTE,MANQUANTE,A_COMPLETER_PREUVES_SSI,A_VERIFIER,MANQUANTE,B1: référence de preuve absente | B2: référence de preuve absente | B3: référence de preuve absente | B4: référence de preuve absente | B5: référence de preuve absente | B6: référence de preuve absente | B7: référence de preuve absente | exclusions non vérifiées | preuve du contrôle des exclusions absente
C7B.F,China New City Commer.Dev.Ltd.R,Allemagne,106031336.0,185470000.0,5430354944.0,834000.0,520705888.0,0.0,0.14628,0.73690003,1844023117.0,Yahoo Finance / yfinance get_info,2026-10-08,0.0,-4.958675446857807,-0.8620643144412243,True,MANQUANTE,MANQUANTE,MANQUANTE,MANQUANTE,MANQUANTE,MANQUANTE,MANQUANTE,MANQUANTE,MANQUANTE,MANQUANTE,MANQUANTE,MANQUANTE,MANQUANTE,MANQUANTE,MANQUANTE,A_COMPLETER_PREUVES_SSI,A_VERIFIER,MANQUANTE,B1: référence de preuve absente | B2: référence de preuve absente | B3: référence de preuve absente | B4: référence de preuve absente | B5: référence de preuve absente | B6: référence de preuve absente | B7: référence de preuve absente | exclusions non vérifiées | preuve du contrôle des exclusions absente
52U.F,Hyloris Pharmaceutic. S.A.    A,Allemagne,106121416.0,8735000.0,1461000.0,-5845000.0,-8795500.0,0.565,0.94413,0.5662,28000374.0,Yahoo Finance / yfinance get_info,2026-10-08,0.0,-16.150442968007496,-22.0164638326384,False,MANQUANTE,MANQUANTE,MANQUANTE,MANQUANTE,MANQUANTE,MANQUANTE,MANQUANTE,MANQUANTE,MANQUANTE,MANQUANTE,MANQUANTE,MANQUANTE,MANQUANTE,MANQUANTE,MANQUANTE,A_COMPLETER_PREUVES_SSI,A_VERIFIER,MANQUANTE,B1: référence de preuve absente | B2: référence de preuve absente | B3: référence de preuve absente | B4: référence de preuve absente | B5: référence de preuve absente | B6: référence de preuve absente | B7: référence de preuve absente | exclusions non vérifiées | preuve du contrôle des exclusions absente
8CN.F,China New Higher Ed.Grp Ltd.  R,Allemagne,106484856.0,585998016.0,3040546048.0,1040073984.0,-569680128.0,0.026,0.34812,0.50009996,1971941783.0,Yahoo Finance / yfinance get_info,2026-10-08,0.0,-9.999995653827886,-34.14634157422041,False,MANQUANTE,MANQUANTE,MANQUANTE,MANQUANTE,MANQUANTE,MANQUANTE,MANQUANTE,MANQUANTE,MANQUANTE,MANQUANTE,MANQUANTE,MANQUANTE,MANQUANTE,MANQUANTE,MANQUANTE,A_COMPLETER_PREUVES_SSI,A_VERIFIER,MANQUANTE,B1: référence de preuve absente | B2: référence de preuve absente | B3: référence de preuve absente | B4: référence de preuve absente | B5: référence de preuve absente | B6: référence de preuve absente | B7: référence de preuve absente | exclusions non vérifiées | preuve du contrôle des exclusions absente
PC9.F,Decisive Dividend Corp.       R,Allemagne,106564152.0,6548000.0,110535000.0,19320000.0,3392375.0,0.062,0.37974,0.22086,21312830.0,Yahoo Finance / yfinance get_info,2026-10-08,0.0,-9.090909090909092,-12.280698819100188,False,MANQUANTE,MANQUANTE,MANQUANTE,MANQUANTE,MANQUANTE,MANQUANTE,MANQUANTE,MANQUANTE,MANQUANTE,MANQUANTE,MANQUANTE,MANQUANTE,MANQUANTE,MANQUANTE,MANQUANTE,A_COMPLETER_PREUVES_SSI,A_VERIFIER,MANQUANTE,B1: référence de preuve absente | B2: référence de preuve absente | B3: référence de preuve absente | B4: référence de preuve absente | B5: référence de preuve absente | B6: référence de preuve absente | B7: référence de preuve absente | exclusions non vérifiées | preuve du contrôle des exclusions absente
B94.F,6K Additive Inc.              R,Allemagne,106583800.0,22106884.0,354515.0,-10968772.0,-41639968.0,0.731,-0.01293,1.05068,267798503.0,Yahoo Finance / yfinance get_info,2026-10-08,0.0,-0.99502686731191,-12.719297872970348,,MANQUANTE,MANQUANTE,MANQUANTE,MANQUANTE,MANQUANTE,MANQUANTE,MANQUANTE,MANQUANTE,MANQUANTE,MANQUANTE,MANQUANTE,MANQUANTE,MANQUANTE,MANQUANTE,MANQUANTE,A_COMPLETER_PREUVES_SSI,A_VERIFIER,MANQUANTE,B1: référence de preuve absente | B2: référence de preuve absente | B3: référence de preuve absente | B4: référence de preuve absente | B5: référence de preuve absente | B6: référence de preuve absente | B7: référence de preuve absente | exclusions non vérifiées | preuve du contrôle des exclusions absente
GGI1.F,Beijing Energy Int.Hld.Co.Ltd.R,Allemagne,106644928.0,5558000128.0,69893996544.0,5232999936.0,927750016.0,-0.074,0.90706,0.55832,2198864443.0,Yahoo Finance / yfinance get_info,2026-10-08,0.0,-30.714283965680067,-55.0925924329008,False,MANQUANTE,MANQUANTE,MANQUANTE,MANQUANTE,MANQUANTE,MANQUANTE,MANQUANTE,MANQUANTE,MANQUANTE,MANQUANTE,MANQUANTE,MANQUANTE,MANQUANTE,MANQUANTE,MANQUANTE,A_COMPLETER_PREUVES_SSI,A_VERIFIER,MANQUANTE,B1: référence de preuve absente | B2: référence de preuve absente | B3: référence de preuve absente | B4: référence de preuve absente | B5: référence de preuve absente | B6: référence de preuve absente | B7: référence de preuve absente | exclusions non vérifiées | preuve du contrôle des exclusions absente
DM5.F,DMC Global Inc.               R,Allemagne,106812928.0,28551000.0,104204000.0,27221000.0,21590624.0,0.009,0.19931999,0.07272,20540949.0,Yahoo Finance / yfinance get_info,2026-10-08,0.0,-5.454548922452062,19.81565959541358,False,MANQUANTE,MANQUANTE,MANQUANTE,MANQUANTE,MANQUANTE,MANQUANTE,MANQUANTE,MANQUANTE,MANQUANTE,MANQUANTE,MANQUANTE,MANQUANTE,MANQUANTE,MANQUANTE,MANQUANTE,A_COMPLETER_PREUVES_SSI,A_VERIFIER,MANQUANTE,B1: référence de preuve absente | B2: référence de preuve absente | B3: référence de preuve absente | B4: référence de preuve absente | B5: référence de preuve absente | B6: référence de preuve absente | B7: référence de preuve absente | exclusions non vérifiées | preuve du contrôle des exclusions absente
W6O.F,Wintermar Offshore Marine TBK R,Allemagne,107274784.0,39467304.0,70164840.0,51665376.0,-41004844.0,0.251,0.46145,0.66571,4469782393.0,Yahoo Finance / yfinance get_info,2026-10-08,0.0,14.285716819925408,111.64021841896572,True,MANQUANTE,MANQUANTE,MANQUANTE,MANQUANTE,MANQUANTE,MANQUANTE,MANQUANTE,MANQUANTE,MANQUANTE,MANQUANTE,MANQUANTE,MANQUANTE,MANQUANTE,MANQUANTE,MANQUANTE,A_COMPLETER_PREUVES_SSI,A_VERIFIER,MANQUANTE,B1: référence de preuve absente | B2: référence de preuve absente | B3: référence de preuve absente | B4: référence de preuve absente | B5: référence de preuve absente | B6: référence de preuve absente | B7: référence de preuve absente | exclusions non vérifiées | preuve du contrôle des exclusions absente
LZO1.F,Societa Sportiva Lazio S.p.A. A,Allemagne,107366176.0,4727745.0,67563984.0,-6567743.0,-10398238.0,-0.117,0.78102994,0.67035,67738911.0,Yahoo Finance / yfinance get_info,2026-10-08,0.0,-6.764706253592934,24.31373080671965,True,MANQUANTE,MANQUANTE,MANQUANTE,MANQUANTE,MANQUANTE,MANQUANTE,MANQUANTE,MANQUANTE,MANQUANTE,MANQUANTE,MANQUANTE,MANQUANTE,MANQUANTE,MANQUANTE,MANQUANTE,A_COMPLETER_PREUVES_SSI,A_VERIFIER,MANQUANTE,B1: référence de preuve absente | B2: référence de preuve absente | B3: référence de preuve absente | B4: référence de preuve absente | B5: référence de preuve absente | B6: référence de preuve absente | B7: référence de preuve absente | exclusions non vérifiées | preuve du contrôle des exclusions absente
3XU.F,Huijing Holdings Company Ltd  R,Allemagne,107707008.0,18239000.0,4899922944.0,-412712000.0,48322124.0,-0.842,-1.8707299,0.7579,5254000000.0,Yahoo Finance / yfinance get_info,2026-10-08,0.0,1266.666692536738,1266.666692536738,True,MANQUANTE,MANQUANTE,MANQUANTE,MANQUANTE,MANQUANTE,MANQUANTE,MANQUANTE,MANQUANTE,MANQUANTE,MANQUANTE,MANQUANTE,MANQUANTE,MANQUANTE,MANQUANTE,MANQUANTE,A_COMPLETER_PREUVES_SSI,A_VERIFIER,MANQUANTE,B1: référence de preuve absente | B2: référence de preuve absente | B3: référence de preuve absente | B4: référence de preuve absente | B5: référence de preuve absente | B6: référence de preuve absente | B7: référence de preuve absente | exclusions non vérifiées | preuve du contrôle des exclusions absente
B40.F,Tiny Ltd.                     R,Allemagne,107866184.0,31566316.0,152320624.0,5691227.0,62756684.0,0.031,0.37657002,0.13888,29311462.0,Yahoo Finance / yfinance get_info,2026-10-08,0.0,-4.16666278615585,6.9767443472272594,True,MANQUANTE,MANQUANTE,MANQUANTE,MANQUANTE,MANQUANTE,MANQUANTE,MANQUANTE,MANQUANTE,MANQUANTE,MANQUANTE,MANQUANTE,MANQUANTE,MANQUANTE,MANQUANTE,MANQUANTE,A_COMPLETER_PREUVES_SSI,A_VERIFIER,MANQUANTE,B1: référence de preuve absente | B2: référence de preuve absente | B3: référence de preuve absente | B4: référence de preuve absente | B5: référence de preuve absente | B6: référence de preuve absente | B7: référence de preuve absente | exclusions non vérifiées | preuve du contrôle des exclusions absente
09B.F,lastminute.com NV             A,Allemagne,108198296.0,137346000.0,35715000.0,18016000.0,-4673125.0,-0.043,0.77069,0.45746,10607676.0,Yahoo Finance / yfinance get_info,2026-10-08,0.0,-26.6187043942981,-21.5384630056528,False,MANQUANTE,MANQUANTE,MANQUANTE,MANQUANTE,MANQUANTE,MANQUANTE,MANQUANTE,MANQUANTE,MANQUANTE,MANQUANTE,MANQUANTE,MANQUANTE,MANQUANTE,MANQUANTE,MANQUANTE,A_COMPLETER_PREUVES_SSI,A_VERIFIER,MANQUANTE,B1: référence de preuve absente | B2: référence de preuve absente | B3: référence de preuve absente | B4: référence de preuve absente | B5: référence de preuve absente | B6: référence de preuve absente | B7: référence de preuve absente | exclusions non vérifiées | preuve du contrôle des exclusions absente
OUY.F,Solid State PLC               R,Allemagne,108220600.0,6568000.0,16052000.0,11017000.0,5402250.0,0.082,0.33486,0.22603,56958212.0,Yahoo Finance / yfinance get_info,2026-10-08,0.0,-18.103446946983205,6.741573409952317,,MANQUANTE,MANQUANTE,MANQUANTE,MANQUANTE,MANQUANTE,MANQUANTE,MANQUANTE,MANQUANTE,MANQUANTE,MANQUANTE,MANQUANTE,MANQUANTE,MANQUANTE,MANQUANTE,MANQUANTE,A_COMPLETER_PREUVES_SSI,A_VERIFIER,MANQUANTE,B1: référence de preuve absente | B2: référence de preuve absente | B3: référence de preuve absente | B4: référence de preuve absente | B5: référence de preuve absente | B6: référence de preuve absente | B7: référence de preuve absente | exclusions non vérifiées | preuve du contrôle des exclusions absente
DR7.F,Hoyne Bancorp Inc.            R,Allemagne,108232288.0,26246000.0,3406174.0,,,0.361,0.0,0.11181,7464296.0,Yahoo Finance / yfinance get_info,2026-10-08,0.0,2.112677427918852,8.208958304361325,True,MANQUANTE,MANQUANTE,MANQUANTE,MANQUANTE,MANQUANTE,MANQUANTE,MANQUANTE,MANQUANTE,MANQUANTE,MANQUANTE,MANQUANTE,MANQUANTE,MANQUANTE,MANQUANTE,MANQUANTE,A_COMPLETER_PREUVES_SSI,A_VERIFIER,MANQUANTE,B1: référence de preuve absente | B2: référence de preuve absente | B3: référence de preuve absente | B4: référence de preuve absente | B5: référence de preuve absente | B6: référence de preuve absente | B7: référence de preuve absente | exclusions non vérifiées | preuve du contrôle des exclusions absente
8YN.F,Currency Exchange Intl Corp.  R,Allemagne,108490504.0,105301496.0,6443019.0,22313682.0,24793008.0,0.053,0.98024005,0.41344002,5896223.0,Yahoo Finance / yfinance get_info,2026-10-08,0.0,3.9547956238312088,22.66666412353516,True,MANQUANTE,MANQUANTE,MANQUANTE,MANQUANTE,MANQUANTE,MANQUANTE,MANQUANTE,MANQUANTE,MANQUANTE,MANQUANTE,MANQUANTE,MANQUANTE,MANQUANTE,MANQUANTE,MANQUANTE,A_COMPLETER_PREUVES_SSI,A_VERIFIER,MANQUANTE,B1: référence de preuve absente | B2: référence de preuve absente | B3: référence de preuve absente | B4: référence de preuve absente | B5: référence de preuve absente | B6: référence de preuve absente | B7: référence de preuve absente | exclusions non vérifiées | preuve du contrôle des exclusions absente
4T2.F,TRACSiS PLC                   R,Allemagne,108494224.0,25802000.0,3961000.0,6768000.0,10237500.0,0.072,0.58612996,0.01112,29806105.0,Yahoo Finance / yfinance get_info,2026-10-08,0.0,1.1111167036458314,5.202314010771003,True,MANQUANTE,MANQUANTE,MANQUANTE,MANQUANTE,MANQUANTE,MANQUANTE,MANQUANTE,MANQUANTE,MANQUANTE,MANQUANTE,MANQUANTE,MANQUANTE,MANQUANTE,MANQUANTE,MANQUANTE,A_COMPLETER_PREUVES_SSI,A_VERIFIER,MANQUANTE,B1: référence de preuve absente | B2: référence de preuve absente | B3: référence de preuve absente | B4: référence de preuve absente | B5: référence de preuve absente | B6: référence de preuve absente | B7: référence de preuve absente | exclusions non vérifiées | preuve du contrôle des exclusions absente
5NN.F,NNIT A/S                      N,Allemagne,108704992.0,72000000.0,340000000.0,87000000.0,172250000.0,-0.067,0.23523001,0.17593001,24903779.0,Yahoo Finance / yfinance get_info,2026-10-08,0.0,-9.439841998727182,-23.4210540845454,False,MANQUANTE,MANQUANTE,MANQUANTE,MANQUANTE,MANQUANTE,MANQUANTE,MANQUANTE,MANQUANTE,MANQUANTE,MANQUANTE,MANQUANTE,MANQUANTE,MANQUANTE,MANQUANTE,MANQUANTE,A_COMPLETER_PREUVES_SSI,A_VERIFIER,MANQUANTE,B1: référence de preuve absente | B2: référence de preuve absente | B3: référence de preuve absente | B4: référence de preuve absente | B5: référence de preuve absente | B6: référence de preuve absente | B7: référence de preuve absente | exclusions non vérifiées | preuve du contrôle des exclusions absente
05S.F,Adriano Care Socimi SA        A,Allemagne,108957216.0,8019000.0,101611000.0,9159000.0,3505000.0,-0.001,0.97389,0.28370002,11973320.0,Yahoo Finance / yfinance get_info,2026-10-08,0.0,-5.208333126372766,-22.88135394595269,False,MANQUANTE,MANQUANTE,MANQUANTE,MANQUANTE,MANQUANTE,MANQUANTE,MANQUANTE,MANQUANTE,MANQUANTE,MANQUANTE,MANQUANTE,MANQUANTE,MANQUANTE,MANQUANTE,MANQUANTE,A_COMPLETER_PREUVES_SSI,A_VERIFIER,MANQUANTE,B1: référence de preuve absente | B2: référence de preuve absente | B3: référence de preuve absente | B4: référence de preuve absente | B5: référence de preuve absente | B6: référence de preuve absente | B7: référence de preuve absente | exclusions non vérifiées | preuve du contrôle des exclusions absente
WL8.F,Valsoia S.p.A.                A,Allemagne,109049272.0,12866025.0,17843296.0,11674475.0,-2857293.0,0.044,0.100530006,0.72110003,10796957.0,Yahoo Finance / yfinance get_info,2026-10-08,0.0,1.00000381469727,-0.4926033393071849,False,MANQUANTE,MANQUANTE,MANQUANTE,MANQUANTE,MANQUANTE,MANQUANTE,MANQUANTE,MANQUANTE,MANQUANTE,MANQUANTE,MANQUANTE,MANQUANTE,MANQUANTE,MANQUANTE,MANQUANTE,A_COMPLETER_PREUVES_SSI,A_VERIFIER,MANQUANTE,B1: référence de preuve absente | B2: référence de preuve absente | B3: référence de preuve absente | B4: référence de preuve absente | B5: référence de preuve absente | B6: référence de preuve absente | B7: référence de preuve absente | exclusions non vérifiées | preuve du contrôle des exclusions absente
OA8.F,Enablence Technologies Inc.   R,Allemagne,109332880.0,1946000.0,61468000.0,-12585000.0,-18633500.0,0.8,-0.33602002,0.38099998,24296195.0,Yahoo Finance / yfinance get_info,2026-10-08,0.0,26.404496413742496,169.4610847688714,,MANQUANTE,MANQUANTE,MANQUANTE,MANQUANTE,MANQUANTE,MANQUANTE,MANQUANTE,MANQUANTE,MANQUANTE,MANQUANTE,MANQUANTE,MANQUANTE,MANQUANTE,MANQUANTE,MANQUANTE,A_COMPLETER_PREUVES_SSI,A_VERIFIER,MANQUANTE,B1: référence de preuve absente | B2: référence de preuve absente | B3: référence de preuve absente | B4: référence de preuve absente | B5: référence de preuve absente | B6: référence de preuve absente | B7: référence de preuve absente | exclusions non vérifiées | preuve du contrôle des exclusions absente
SY4.F,Ascent Industries Co.         R,Allemagne,109362408.0,28069000.0,13831000.0,-1793000.0,-8212750.0,0.376,0.21114999,0.0844,9038215.0,Yahoo Finance / yfinance get_info,2026-10-08,0.0,-9.02255482748856,5.217394621475879,False,MANQUANTE,MANQUANTE,MANQUANTE,MANQUANTE,MANQUANTE,MANQUANTE,MANQUANTE,MANQUANTE,MANQUANTE,MANQUANTE,MANQUANTE,MANQUANTE,MANQUANTE,MANQUANTE,MANQUANTE,A_COMPLETER_PREUVES_SSI,A_VERIFIER,MANQUANTE,B1: référence de preuve absente | B2: référence de preuve absente | B3: référence de preuve absente | B4: référence de preuve absente | B5: référence de preuve absente | B6: référence de preuve absente | B7: référence de preuve absente | exclusions non vérifiées | preuve du contrôle des exclusions absente
597.F,Bocom Internat. Hldgs.Co. Ltd.R,Allemagne,109375680.0,6745845248.0,12194078720.0,,,14.554,0.9548,0.00072999997,2734392000.0,Yahoo Finance / yfinance get_info,2026-10-08,0.0,-45.20547987149075,17.647049800335402,False,MANQUANTE,MANQUANTE,MANQUANTE,MANQUANTE,MANQUANTE,MANQUANTE,MANQUANTE,MANQUANTE,MANQUANTE,MANQUANTE,MANQUANTE,MANQUANTE,MANQUANTE,MANQUANTE,MANQUANTE,A_COMPLETER_PREUVES_SSI,A_VERIFIER,MANQUANTE,B1: référence de preuve absente | B2: référence de preuve absente | B3: référence de preuve absente | B4: référence de preuve absente | B5: référence de preuve absente | B6: référence de preuve absente | B7: référence de preuve absente | exclusions non vérifiées | preuve du contrôle des exclusions absente
T9CA.F,Team Inc.                     R,Allemagne,109997016.0,25984000.0,376017984.0,40944000.0,8592750.0,-0.078,0.24697,0.06501,4583209.0,Yahoo Finance / yfinance get_info,2026-10-08,0.0,69.01408677724498,76.47058328542755,True,MANQUANTE,MANQUANTE,MANQUANTE,MANQUANTE,MANQUANTE,MANQUANTE,MANQUANTE,MANQUANTE,MANQUANTE,MANQUANTE,MANQUANTE,MANQUANTE,MANQUANTE,MANQUANTE,MANQUANTE,A_COMPLETER_PREUVES_SSI,A_VERIFIER,MANQUANTE,B1: référence de preuve absente | B2: référence de preuve absente | B3: référence de preuve absente | B4: référence de preuve absente | B5: référence de preuve absente | B6: référence de preuve absente | B7: référence de preuve absente | exclusions non vérifiées | preuve du contrôle des exclusions absente
5ZW.F,Helens International Holdings R,Allemagne,110055216.0,502919008.0,112196000.0,38586000.0,75942752.0,-0.201,0.33619,0.59581,1265002524.0,Yahoo Finance / yfinance get_info,2026-10-08,0.0,-58.57142847006013,-14.705883212293047,False,MANQUANTE,MANQUANTE,MANQUANTE,MANQUANTE,MANQUANTE,MANQUANTE,MANQUANTE,MANQUANTE,MANQUANTE,MANQUANTE,MANQUANTE,MANQUANTE,MANQUANTE,MANQUANTE,MANQUANTE,A_COMPLETER_PREUVES_SSI,A_VERIFIER,MANQUANTE,B1: référence de preuve absente | B2: référence de preuve absente | B3: référence de preuve absente | B4: référence de preuve absente | B5: référence de preuve absente | B6: référence de preuve absente | B7: référence de preuve absente | exclusions non vérifiées | preuve du contrôle des exclusions absente
RMP1.SG,RM PLC,Allemagne,110137424.0,4907000.0,79351000.0,15372000.0,-5661500.0,-0.042,0.37291,0.020539999,97466747.0,Yahoo Finance / yfinance get_info,2026-10-08,0.0,9.708740448500077,6.60377888969812,True,MANQUANTE,MANQUANTE,MANQUANTE,MANQUANTE,MANQUANTE,MANQUANTE,MANQUANTE,MANQUANTE,MANQUANTE,MANQUANTE,MANQUANTE,MANQUANTE,MANQUANTE,MANQUANTE,MANQUANTE,A_COMPLETER_PREUVES_SSI,A_VERIFIER,MANQUANTE,B1: référence de preuve absente | B2: référence de preuve absente | B3: référence de preuve absente | B4: référence de preuve absente | B5: référence de preuve absente | B6: référence de preuve absente | B7: référence de preuve absente | exclusions non vérifiées | preuve du contrôle des exclusions absente
5I2.F,Gateley (Holdings) PLC        R,Allemagne,110257224.0,8017000.0,60414000.0,10644000.0,1615750.0,0.073,0.36334,0.20559,136120026.0,Yahoo Finance / yfinance get_info,2026-10-08,0.0,29.600000381469727,5.194808110195215,True,MANQUANTE,MANQUANTE,MANQUANTE,MANQUANTE,MANQUANTE,MANQUANTE,MANQUANTE,MANQUANTE,MANQUANTE,MANQUANTE,MANQUANTE,MANQUANTE,MANQUANTE,MANQUANTE,MANQUANTE,A_COMPLETER_PREUVES_SSI,A_VERIFIER,MANQUANTE,B1: référence de preuve absente | B2: référence de preuve absente | B3: référence de preuve absente | B4: référence de preuve absente | B5: référence de preuve absente | B6: référence de preuve absente | B7: référence de preuve absente | exclusions non vérifiées | preuve du contrôle des exclusions absente
UKC.F,CASH CONVERTERS INTERNATL LTD.R,Allemagne,110286056.0,37223000.0,203782000.0,,,0.18,0.70227,0.5277,711522934.0,Yahoo Finance / yfinance get_info,2026-10-08,0.0,-14.835162450907012,-7.738093284640835,False,MANQUANTE,MANQUANTE,MANQUANTE,MANQUANTE,MANQUANTE,MANQUANTE,MANQUANTE,MANQUANTE,MANQUANTE,MANQUANTE,MANQUANTE,MANQUANTE,MANQUANTE,MANQUANTE,MANQUANTE,A_COMPLETER_PREUVES_SSI,A_VERIFIER,MANQUANTE,B1: référence de preuve absente | B2: référence de preuve absente | B3: référence de preuve absente | B4: référence de preuve absente | B5: référence de preuve absente | B6: référence de preuve absente | B7: référence de preuve absente | exclusions non vérifiées | preuve du contrôle des exclusions absente
V5P.F,VYTRUS BIOTECH S.A.           A,Allemagne,110867752.0,3439764.0,1240505.0,3392616.0,76132.0,0.526,0.91097,0.6447,7516458.0,Yahoo Finance / yfinance get_info,2026-10-08,0.0,-15.714285714285714,-19.17808219178082,False,MANQUANTE,MANQUANTE,MANQUANTE,MANQUANTE,MANQUANTE,MANQUANTE,MANQUANTE,MANQUANTE,MANQUANTE,MANQUANTE,MANQUANTE,MANQUANTE,MANQUANTE,MANQUANTE,MANQUANTE,A_COMPLETER_PREUVES_SSI,A_VERIFIER,MANQUANTE,B1: référence de preuve absente | B2: référence de preuve absente | B3: référence de preuve absente | B4: référence de preuve absente | B5: référence de preuve absente | B6: référence de preuve absente | B7: référence de preuve absente | exclusions non vérifiées | preuve du contrôle des exclusions absente
QIG.F,SIG PLC                       R,Allemagne,110953960.0,64200000.0,596899968.0,34100000.0,75862496.0,-0.009,0.24059,0.21374,1155770418.0,Yahoo Finance / yfinance get_info,2026-10-08,0.0,11.627904156080993,-16.521739919154076,True,MANQUANTE,MANQUANTE,MANQUANTE,MANQUANTE,MANQUANTE,MANQUANTE,MANQUANTE,MANQUANTE,MANQUANTE,MANQUANTE,MANQUANTE,MANQUANTE,MANQUANTE,MANQUANTE,MANQUANTE,A_COMPLETER_PREUVES_SSI,A_VERIFIER,MANQUANTE,B1: référence de preuve absente | B2: référence de preuve absente | B3: référence de preuve absente | B4: référence de preuve absente | B5: référence de preuve absente | B6: référence de preuve absente | B7: référence de preuve absente | exclusions non vérifiées | preuve du contrôle des exclusions absente
MD8.F,Coast Entertainment Hold. Ltd.R,Allemagne,111032016.0,35010000.0,1111000.0,13034000.0,2943125.0,,0.77212995,0.11417,388561874.0,Yahoo Finance / yfinance get_info,2026-10-08,0.0,5.511810284522989,1.5151545939038336,False,MANQUANTE,MANQUANTE,MANQUANTE,MANQUANTE,MANQUANTE,MANQUANTE,MANQUANTE,MANQUANTE,MANQUANTE,MANQUANTE,MANQUANTE,MANQUANTE,MANQUANTE,MANQUANTE,MANQUANTE,A_COMPLETER_PREUVES_SSI,A_VERIFIER,MANQUANTE,B1: référence de preuve absente | B2: référence de preuve absente | B3: référence de preuve absente | B4: référence de preuve absente | B5: référence de preuve absente | B6: référence de preuve absente | B7: référence de preuve absente | exclusions non vérifiées | preuve du contrôle des exclusions absente
6J4.F,AXYZ CO. LTD.                 R,Allemagne,111190264.0,10421999616.0,50000000.0,5720000000.0,3153374976.0,0.076,0.30437002,0.58370996,5615670.0,Yahoo Finance / yfinance get_info,2026-10-08,0.0,5.88234454140304,-2.9411783955364257,False,MANQUANTE,MANQUANTE,MANQUANTE,MANQUANTE,MANQUANTE,MANQUANTE,MANQUANTE,MANQUANTE,MANQUANTE,MANQUANTE,MANQUANTE,MANQUANTE,MANQUANTE,MANQUANTE,MANQUANTE,A_COMPLETER_PREUVES_SSI,A_VERIFIER,MANQUANTE,B1: référence de preuve absente | B2: référence de preuve absente | B3: référence de preuve absente | B4: référence de preuve absente | B5: référence de preuve absente | B6: référence de preuve absente | B7: référence de preuve absente | exclusions non vérifiées | preuve du contrôle des exclusions absente
8YK.F,EXEL INDUSTRIES S.A.          A,Allemagne,111213824.0,41265000.0,209319008.0,26113000.0,28538376.0,-0.141,0.48481,0.83893996,6781331.0,Yahoo Finance / yfinance get_info,2026-10-08,0.0,-12.997351264501289,-47.93650914752294,False,MANQUANTE,MANQUANTE,MANQUANTE,MANQUANTE,MANQUANTE,MANQUANTE,MANQUANTE,MANQUANTE,MANQUANTE,MANQUANTE,MANQUANTE,MANQUANTE,MANQUANTE,MANQUANTE,MANQUANTE,A_COMPLETER_PREUVES_SSI,A_VERIFIER,MANQUANTE,B1: référence de preuve absente | B2: référence de preuve absente | B3: référence de preuve absente | B4: référence de preuve absente | B5: référence de preuve absente | B6: référence de preuve absente | B7: référence de preuve absente | exclusions non vérifiées | preuve du contrôle des exclusions absente
CQ1.F,Cygnus Metals Ltd.            R,Allemagne,111287936.0,25520868.0,0.0,-9249800.0,-18903816.0,,0.0,0.31265,1271862086.0,Yahoo Finance / yfinance get_info,2026-10-08,0.0,39.99999761581421,25.89927972717368,,MANQUANTE,MANQUANTE,MANQUANTE,MANQUANTE,MANQUANTE,MANQUANTE,MANQUANTE,MANQUANTE,MANQUANTE,MANQUANTE,MANQUANTE,MANQUANTE,MANQUANTE,MANQUANTE,MANQUANTE,A_COMPLETER_PREUVES_SSI,A_VERIFIER,MANQUANTE,B1: référence de preuve absente | B2: référence de preuve absente | B3: référence de preuve absente | B4: référence de preuve absente | B5: référence de preuve absente | B6: référence de preuve absente | B7: référence de preuve absente | exclusions non vérifiées | preuve du contrôle des exclusions absente
XEUA.F,KSH Holdings Ltd.             R,Allemagne,111341624.0,117678000.0,109138000.0,24952000.0,25429376.0,-0.325,0.23867,0.65585,569735645.0,Yahoo Finance / yfinance get_info,2026-10-08,0.0,-8.333328463672718,-11.792448752129658,False,MANQUANTE,MANQUANTE,MANQUANTE,MANQUANTE,MANQUANTE,MANQUANTE,MANQUANTE,MANQUANTE,MANQUANTE,MANQUANTE,MANQUANTE,MANQUANTE,MANQUANTE,MANQUANTE,MANQUANTE,A_COMPLETER_PREUVES_SSI,A_VERIFIER,MANQUANTE,B1: référence de preuve absente | B2: référence de preuve absente | B3: référence de preuve absente | B4: référence de preuve absente | B5: référence de preuve absente | B6: référence de preuve absente | B7: référence de preuve absente | exclusions non vérifiées | preuve du contrôle des exclusions absente
RCO.F,RESOURCES CONNECTION INC.     R,Allemagne,111597344.0,82372000.0,22522000.0,-5166000.0,37623000.0,-0.238,0.37539002,0.07006,34443626.0,Yahoo Finance / yfinance get_info,2026-10-08,0.0,-20.19704297536056,3.1847102322189347,False,MANQUANTE,MANQUANTE,MANQUANTE,MANQUANTE,MANQUANTE,MANQUANTE,MANQUANTE,MANQUANTE,MANQUANTE,MANQUANTE,MANQUANTE,MANQUANTE,MANQUANTE,MANQUANTE,MANQUANTE,A_COMPLETER_PREUVES_SSI,A_VERIFIER,MANQUANTE,B1: référence de preuve absente | B2: référence de preuve absente | B3: référence de preuve absente | B4: référence de preuve absente | B5: référence de preuve absente | B6: référence de preuve absente | B7: référence de preuve absente | exclusions non vérifiées | preuve du contrôle des exclusions absente
U7Y.F,GL-Carlink Technology Holding R,Allemagne,112179600.0,161602000.0,81388000.0,-39260500.0,-214950624.0,-0.203,0.74069,0.80056,366600000.0,Yahoo Finance / yfinance get_info,2026-10-08,0.0,-41.1538450957755,-49.00000298023212,False,MANQUANTE,MANQUANTE,MANQUANTE,MANQUANTE,MANQUANTE,MANQUANTE,MANQUANTE,MANQUANTE,MANQUANTE,MANQUANTE,MANQUANTE,MANQUANTE,MANQUANTE,MANQUANTE,MANQUANTE,A_COMPLETER_PREUVES_SSI,A_VERIFIER,MANQUANTE,B1: référence de preuve absente | B2: référence de preuve absente | B3: référence de preuve absente | B4: référence de preuve absente | B5: référence de preuve absente | B6: référence de preuve absente | B7: référence de preuve absente | exclusions non vérifiées | preuve du contrôle des exclusions absente
5LC.F,Sicily by Car S.p.A.          A,Allemagne,112191936.0,83500736.0,232565088.0,26886564.0,-54177064.0,0.194,0.35556,0.72014,31942880.0,Yahoo Finance / yfinance get_info,2026-10-08,0.0,19.8581629239317,16.151203255929225,True,MANQUANTE,MANQUANTE,MANQUANTE,MANQUANTE,MANQUANTE,MANQUANTE,MANQUANTE,MANQUANTE,MANQUANTE,MANQUANTE,MANQUANTE,MANQUANTE,MANQUANTE,MANQUANTE,MANQUANTE,A_COMPLETER_PREUVES_SSI,A_VERIFIER,MANQUANTE,B1: référence de preuve absente | B2: référence de preuve absente | B3: référence de preuve absente | B4: référence de preuve absente | B5: référence de preuve absente | B6: référence de preuve absente | B7: référence de preuve absente | exclusions non vérifiées | preuve du contrôle des exclusions absente
DW51.F,Aemetis Inc.                  R,Allemagne,112223712.0,973000.0,552131968.0,-1577000.0,-65829500.0,0.2,0.103999995,0.069510005,72169594.0,Yahoo Finance / yfinance get_info,2026-10-08,0.0,11.70976956124301,-24.220277151135072,False,MANQUANTE,MANQUANTE,MANQUANTE,MANQUANTE,MANQUANTE,MANQUANTE,MANQUANTE,MANQUANTE,MANQUANTE,MANQUANTE,MANQUANTE,MANQUANTE,MANQUANTE,MANQUANTE,MANQUANTE,A_COMPLETER_PREUVES_SSI,A_VERIFIER,MANQUANTE,B1: référence de preuve absente | B2: référence de preuve absente | B3: référence de preuve absente | B4: référence de preuve absente | B5: référence de preuve absente | B6: référence de preuve absente | B7: référence de preuve absente | exclusions non vérifiées | preuve du contrôle des exclusions absente
MDF.F,MEDIFAST INC.                 R,Allemagne,112303064.0,169820992.0,27618000.0,-5660000.0,11372750.0,-0.276,0.69241995,0.043319996,11119115.0,Yahoo Finance / yfinance get_info,2026-10-08,0.0,10.503282298542826,17.44185969144867,True,MANQUANTE,MANQUANTE,MANQUANTE,MANQUANTE,MANQUANTE,MANQUANTE,MANQUANTE,MANQUANTE,MANQUANTE,MANQUANTE,MANQUANTE,MANQUANTE,MANQUANTE,MANQUANTE,MANQUANTE,A_COMPLETER_PREUVES_SSI,A_VERIFIER,MANQUANTE,B1: référence de preuve absente | B2: référence de preuve absente | B3: référence de preuve absente | B4: référence de preuve absente | B5: référence de preuve absente | B6: référence de preuve absente | B7: référence de preuve absente | exclusions non vérifiées | preuve du contrôle des exclusions absente
3WY.F,Roadside Real Estate PLC      R,Allemagne,112304512.0,1923000.0,21530000.0,-8586000.0,-3399375.0,9.292,-0.02737,0.64344,178261137.0,Yahoo Finance / yfinance get_info,2026-10-08,0.0,-3.0769202554013275,-5.97015230765604,False,MANQUANTE,MANQUANTE,MANQUANTE,MANQUANTE,MANQUANTE,MANQUANTE,MANQUANTE,MANQUANTE,MANQUANTE,MANQUANTE,MANQUANTE,MANQUANTE,MANQUANTE,MANQUANTE,MANQUANTE,A_COMPLETER_PREUVES_SSI,A_VERIFIER,MANQUANTE,B1: référence de preuve absente | B2: référence de preuve absente | B3: référence de preuve absente | B4: référence de preuve absente | B5: référence de preuve absente | B6: référence de preuve absente | B7: référence de preuve absente | exclusions non vérifiées | preuve du contrôle des exclusions absente
19R.F,SRP Groupe                    A,Allemagne,112305424.0,43455000.0,61542000.0,-36859000.0,-31215124.0,-0.137,0.34934,0.74163,115778780.0,Yahoo Finance / yfinance get_info,2026-10-08,0.0,31.436322570979392,54.45859812158056,True,MANQUANTE,MANQUANTE,MANQUANTE,MANQUANTE,MANQUANTE,MANQUANTE,MANQUANTE,MANQUANTE,MANQUANTE,MANQUANTE,MANQUANTE,MANQUANTE,MANQUANTE,MANQUANTE,MANQUANTE,A_COMPLETER_PREUVES_SSI,A_VERIFIER,MANQUANTE,B1: référence de preuve absente | B2: référence de preuve absente | B3: référence de preuve absente | B4: référence de preuve absente | B5: référence de preuve absente | B6: référence de preuve absente | B7: référence de preuve absente | exclusions non vérifiées | preuve du contrôle des exclusions absente
SD0.F,SDI Group PLC                 R,Allemagne,112431440.0,2897000.0,34134000.0,11655000.0,5122000.0,0.147,0.65998,0.24038,105076107.0,Yahoo Finance / yfinance get_info,2026-10-08,0.0,8.629445371829503,17.582419957678084,True,MANQUANTE,MANQUANTE,MANQUANTE,MANQUANTE,MANQUANTE,MANQUANTE,MANQUANTE,MANQUANTE,MANQUANTE,MANQUANTE,MANQUANTE,MANQUANTE,MANQUANTE,MANQUANTE,MANQUANTE,A_COMPLETER_PREUVES_SSI,A_VERIFIER,MANQUANTE,B1: référence de preuve absente | B2: référence de preuve absente | B3: référence de preuve absente | B4: référence de preuve absente | B5: référence de preuve absente | B6: référence de preuve absente | B7: référence de preuve absente | exclusions non vérifiées | preuve du contrôle des exclusions absente
2S1.F,AIRBOSS OF AMERICA CORP.      R,Allemagne,112489208.0,8026000.0,88090000.0,31675000.0,24256124.0,0.094,0.17703,0.34965,27171307.0,Yahoo Finance / yfinance get_info,2026-10-08,0.0,-2.816909764057407,-8.000002966986763,True,MANQUANTE,MANQUANTE,MANQUANTE,MANQUANTE,MANQUANTE,MANQUANTE,MANQUANTE,MANQUANTE,MANQUANTE,MANQUANTE,MANQUANTE,MANQUANTE,MANQUANTE,MANQUANTE,MANQUANTE,A_COMPLETER_PREUVES_SSI,A_VERIFIER,MANQUANTE,B1: référence de preuve absente | B2: référence de preuve absente | B3: référence de preuve absente | B4: référence de preuve absente | B5: référence de preuve absente | B6: référence de preuve absente | B7: référence de preuve absente | exclusions non vérifiées | preuve du contrôle des exclusions absente
8TY0.F,Exel Composites Oyj           R,Allemagne,112719768.0,12569000.0,34505000.0,7137000.0,5846250.0,0.397,0.61242,0.14722,7023039.0,Yahoo Finance / yfinance get_info,2026-10-08,0.0,37.76823830561949,105.24295249025153,True,MANQUANTE,MANQUANTE,MANQUANTE,MANQUANTE,MANQUANTE,MANQUANTE,MANQUANTE,MANQUANTE,MANQUANTE,MANQUANTE,MANQUANTE,MANQUANTE,MANQUANTE,MANQUANTE,MANQUANTE,A_COMPLETER_PREUVES_SSI,A_VERIFIER,MANQUANTE,B1: référence de preuve absente | B2: référence de preuve absente | B3: référence de preuve absente | B4: référence de preuve absente | B5: référence de preuve absente | B6: référence de preuve absente | B7: référence de preuve absente | exclusions non vérifiées | preuve du contrôle des exclusions absente
0N9.F,Patagonia Gold Corp.          R,Allemagne,112740352.0,257000.0,70503000.0,-4731000.0,-39130000.0,0.495,0.09585,0.6525,469751486.0,Yahoo Finance / yfinance get_info,2026-10-08,0.0,-21.052630804995065,-55.96330508510723,False,MANQUANTE,MANQUANTE,MANQUANTE,MANQUANTE,MANQUANTE,MANQUANTE,MANQUANTE,MANQUANTE,MANQUANTE,MANQUANTE,MANQUANTE,MANQUANTE,MANQUANTE,MANQUANTE,MANQUANTE,A_COMPLETER_PREUVES_SSI,A_VERIFIER,MANQUANTE,B1: référence de preuve absente | B2: référence de preuve absente | B3: référence de preuve absente | B4: référence de preuve absente | B5: référence de preuve absente | B6: référence de preuve absente | B7: référence de preuve absente | exclusions non vérifiées | preuve du contrôle des exclusions absente
L97.F,Yonghe Medical Group Co. Ltd. R,Allemagne,113025176.0,926902976.0,435633984.0,286444992.0,446745632.0,0.138,0.68528,0.56953996,500111416.0,Yahoo Finance / yfinance get_info,2026-10-08,0.0,8.653842020757896,15.306123457492204,True,MANQUANTE,MANQUANTE,MANQUANTE,MANQUANTE,MANQUANTE,MANQUANTE,MANQUANTE,MANQUANTE,MANQUANTE,MANQUANTE,MANQUANTE,MANQUANTE,MANQUANTE,MANQUANTE,MANQUANTE,A_COMPLETER_PREUVES_SSI,A_VERIFIER,MANQUANTE,B1: référence de preuve absente | B2: référence de preuve absente | B3: référence de preuve absente | B4: référence de preuve absente | B5: référence de preuve absente | B6: référence de preuve absente | B7: référence de preuve absente | exclusions non vérifiées | preuve du contrôle des exclusions absente
CBZ.F,Capral Ltd.                   R,Allemagne,113087704.0,62051000.0,71323000.0,49916000.0,31651124.0,0.139,0.29196,0.26186,15816462.0,Yahoo Finance / yfinance get_info,2026-10-08,0.0,13.492061569817505,-2.054795773263285,True,MANQUANTE,MANQUANTE,MANQUANTE,MANQUANTE,MANQUANTE,MANQUANTE,MANQUANTE,MANQUANTE,MANQUANTE,MANQUANTE,MANQUANTE,MANQUANTE,MANQUANTE,MANQUANTE,MANQUANTE,A_COMPLETER_PREUVES_SSI,A_VERIFIER,MANQUANTE,B1: référence de preuve absente | B2: référence de preuve absente | B3: référence de preuve absente | B4: référence de preuve absente | B5: référence de preuve absente | B6: référence de preuve absente | B7: référence de preuve absente | exclusions non vérifiées | preuve du contrôle des exclusions absente
SOE1.F,Sanden Corp.                  R,Allemagne,113199352.0,17902999552.0,81623998464.0,7904999936.0,-12809124864.0,0.176,0.15114,0.769,113199354.0,Yahoo Finance / yfinance get_info,2026-10-08,0.0,21.95122057593062,6.382978993230615,True,MANQUANTE,MANQUANTE,MANQUANTE,MANQUANTE,MANQUANTE,MANQUANTE,MANQUANTE,MANQUANTE,MANQUANTE,MANQUANTE,MANQUANTE,MANQUANTE,MANQUANTE,MANQUANTE,MANQUANTE,A_COMPLETER_PREUVES_SSI,A_VERIFIER,MANQUANTE,B1: référence de preuve absente | B2: référence de preuve absente | B3: référence de preuve absente | B4: référence de preuve absente | B5: référence de preuve absente | B6: référence de preuve absente | B7: référence de preuve absente | exclusions non vérifiées | preuve du contrôle des exclusions absente
4LZ.F,Piquadro S.p.A.               A,Allemagne,113325920.0,39185000.0,78208000.0,16320000.0,24303500.0,-0.038,0.53011,0.684,47416700.0,Yahoo Finance / yfinance get_info,2026-10-08,0.0,-13.718407171080049,-6.27450393741279,False,MANQUANTE,MANQUANTE,MANQUANTE,MANQUANTE,MANQUANTE,MANQUANTE,MANQUANTE,MANQUANTE,MANQUANTE,MANQUANTE,MANQUANTE,MANQUANTE,MANQUANTE,MANQUANTE,MANQUANTE,A_COMPLETER_PREUVES_SSI,A_VERIFIER,MANQUANTE,B1: référence de preuve absente | B2: référence de preuve absente | B3: référence de preuve absente | B4: référence de preuve absente | B5: référence de preuve absente | B6: référence de preuve absente | B7: référence de preuve absente | exclusions non vérifiées | preuve du contrôle des exclusions absente
DY8.F,DouYu International Holdings LR,Allemagne,113472512.0,2304066048.0,15933000.0,33657720.0,,-0.069,0.1443,0.03975,30178859.0,Yahoo Finance / yfinance get_info,2026-10-08,0.0,-4.081634763179798,-6.467661484996656,False,MANQUANTE,MANQUANTE,MANQUANTE,MANQUANTE,MANQUANTE,MANQUANTE,MANQUANTE,MANQUANTE,MANQUANTE,MANQUANTE,MANQUANTE,MANQUANTE,MANQUANTE,MANQUANTE,MANQUANTE,A_COMPLETER_PREUVES_SSI,A_VERIFIER,MANQUANTE,B1: référence de preuve absente | B2: référence de preuve absente | B3: référence de preuve absente | B4: référence de preuve absente | B5: référence de preuve absente | B6: référence de preuve absente | B7: référence de preuve absente | exclusions non vérifiées | preuve du contrôle des exclusions absente
9B4.F,Freelance.com                 A,Allemagne,113558232.0,96335000.0,113567000.0,27600000.0,1416250.0,-0.019,0.0307,0.90053004,56496632.0,Yahoo Finance / yfinance get_info,2026-10-08,0.0,-21.48437361756802,7.199999491373688,False,MANQUANTE,MANQUANTE,MANQUANTE,MANQUANTE,MANQUANTE,MANQUANTE,MANQUANTE,MANQUANTE,MANQUANTE,MANQUANTE,MANQUANTE,MANQUANTE,MANQUANTE,MANQUANTE,MANQUANTE,A_COMPLETER_PREUVES_SSI,A_VERIFIER,MANQUANTE,B1: référence de preuve absente | B2: référence de preuve absente | B3: référence de preuve absente | B4: référence de preuve absente | B5: référence de preuve absente | B6: référence de preuve absente | B7: référence de preuve absente | exclusions non vérifiées | preuve du contrôle des exclusions absente
92I.F,Romerike Sparebank            N,Allemagne,113571088.0,3659671040.0,6057447936.0,,,-0.081,0.0,0.16731001,7942034.0,Yahoo Finance / yfinance get_info,2026-10-08,0.0,4.379564889219578,0.7042280479784058,True,MANQUANTE,MANQUANTE,MANQUANTE,MANQUANTE,MANQUANTE,MANQUANTE,MANQUANTE,MANQUANTE,MANQUANTE,MANQUANTE,MANQUANTE,MANQUANTE,MANQUANTE,MANQUANTE,MANQUANTE,A_COMPLETER_PREUVES_SSI,A_VERIFIER,MANQUANTE,B1: référence de preuve absente | B2: référence de preuve absente | B3: référence de preuve absente | B4: référence de preuve absente | B5: référence de preuve absente | B6: référence de preuve absente | B7: référence de preuve absente | exclusions non vérifiées | preuve du contrôle des exclusions absente
YY8.F,Stealth Group Holdings Ltd.   R,Allemagne,113663384.0,32126260.0,53926916.0,11180747.0,5131662.0,0.054,0.32114,0.33241,149557089.0,Yahoo Finance / yfinance get_info,2026-10-08,0.0,4.109585014510864,29.91453304955407,,MANQUANTE,MANQUANTE,MANQUANTE,MANQUANTE,MANQUANTE,MANQUANTE,MANQUANTE,MANQUANTE,MANQUANTE,MANQUANTE,MANQUANTE,MANQUANTE,MANQUANTE,MANQUANTE,MANQUANTE,A_COMPLETER_PREUVES_SSI,A_VERIFIER,MANQUANTE,B1: référence de preuve absente | B2: référence de preuve absente | B3: référence de preuve absente | B4: référence de preuve absente | B5: référence de preuve absente | B6: référence de preuve absente | B7: référence de preuve absente | exclusions non vérifiées | preuve du contrôle des exclusions absente
5VB.F,Nykode Therapeutics ASA       N,Allemagne,113744232.0,44791000.0,1785000.0,-26937000.0,-15876500.0,-0.465,1.0,0.36442003,391546444.0,Yahoo Finance / yfinance get_info,2026-10-08,0.0,34.49073040868158,-9.922482539997024,True,MANQUANTE,MANQUANTE,MANQUANTE,MANQUANTE,MANQUANTE,MANQUANTE,MANQUANTE,MANQUANTE,MANQUANTE,MANQUANTE,MANQUANTE,MANQUANTE,MANQUANTE,MANQUANTE,MANQUANTE,A_COMPLETER_PREUVES_SSI,A_VERIFIER,MANQUANTE,B1: référence de preuve absente | B2: référence de preuve absente | B3: référence de preuve absente | B4: référence de preuve absente | B5: référence de preuve absente | B6: référence de preuve absente | B7: référence de preuve absente | exclusions non vérifiées | preuve du contrôle des exclusions absente
1ZV.F,AmeriTrust Fin.Technology Inc.R,Allemagne,113828528.0,36647876.0,34600100.0,-14124709.0,-10340538.0,1.094,0.36613998,0.14225,1044298412.0,Yahoo Finance / yfinance get_info,2026-10-08,0.0,-23.23944097980798,444.9999990686774,True,MANQUANTE,MANQUANTE,MANQUANTE,MANQUANTE,MANQUANTE,MANQUANTE,MANQUANTE,MANQUANTE,MANQUANTE,MANQUANTE,MANQUANTE,MANQUANTE,MANQUANTE,MANQUANTE,MANQUANTE,A_COMPLETER_PREUVES_SSI,A_VERIFIER,MANQUANTE,B1: référence de preuve absente | B2: référence de preuve absente | B3: référence de preuve absente | B4: référence de preuve absente | B5: référence de preuve absente | B6: référence de preuve absente | B7: référence de preuve absente | exclusions non vérifiées | preuve du contrôle des exclusions absente
LYF.F,EKF Diagnostics Holdings PLC  R,Allemagne,113839592.0,15973000.0,1471000.0,10180000.0,5046750.0,-0.008,0.52736,0.03944,427968392.0,Yahoo Finance / yfinance get_info,2026-10-08,0.0,0.7575772969519168,3.10078164102916,False,MANQUANTE,MANQUANTE,MANQUANTE,MANQUANTE,MANQUANTE,MANQUANTE,MANQUANTE,MANQUANTE,MANQUANTE,MANQUANTE,MANQUANTE,MANQUANTE,MANQUANTE,MANQUANTE,MANQUANTE,A_COMPLETER_PREUVES_SSI,A_VERIFIER,MANQUANTE,B1: référence de preuve absente | B2: référence de preuve absente | B3: référence de preuve absente | B4: référence de preuve absente | B5: référence de preuve absente | B6: référence de preuve absente | B7: référence de preuve absente | exclusions non vérifiées | preuve du contrôle des exclusions absente
5YI.F,Nyxoah S.A.                   A,Allemagne,113857368.0,97785000.0,59988000.0,-82744000.0,-46059124.0,4.728,0.6019,0.33191,101840217.0,Yahoo Finance / yfinance get_info,2026-10-08,0.0,-17.06231532730731,-55.72277274092976,False,MANQUANTE,MANQUANTE,MANQUANTE,MANQUANTE,MANQUANTE,MANQUANTE,MANQUANTE,MANQUANTE,MANQUANTE,MANQUANTE,MANQUANTE,MANQUANTE,MANQUANTE,MANQUANTE,MANQUANTE,A_COMPLETER_PREUVES_SSI,A_VERIFIER,MANQUANTE,B1: référence de preuve absente | B2: référence de preuve absente | B3: référence de preuve absente | B4: référence de preuve absente | B5: référence de preuve absente | B6: référence de preuve absente | B7: référence de preuve absente | exclusions non vérifiées | preuve du contrôle des exclusions absente
KGR.F,LEWAG HOLDING AG              I,Allemagne,114000000.0,4153000.0,27643000.0,3630053.0,-12720189.0,-0.119,0.62833,0.991,4750000.0,Yahoo Finance / yfinance get_info,2026-10-08,0.0,-18.3673458795787,-17.808221325594197,False,MANQUANTE,MANQUANTE,MANQUANTE,MANQUANTE,MANQUANTE,MANQUANTE,MANQUANTE,MANQUANTE,MANQUANTE,MANQUANTE,MANQUANTE,MANQUANTE,MANQUANTE,MANQUANTE,MANQUANTE,A_COMPLETER_PREUVES_SSI,A_VERIFIER,MANQUANTE,B1: référence de preuve absente | B2: référence de preuve absente | B3: référence de preuve absente | B4: référence de preuve absente | B5: référence de preuve absente | B6: référence de preuve absente | B7: référence de preuve absente | exclusions non vérifiées | preuve du contrôle des exclusions absente
NH7.SG,Netcare Ltd.,Allemagne,114337768.0,1984999936.0,13667000320.0,4501000192.0,1290625024.0,0.048,0.49543998,0.024360001,1154927021.0,Yahoo Finance / yfinance get_info,2026-10-08,0.0,-56.956522753198094,-83.50000074505803,False,MANQUANTE,MANQUANTE,MANQUANTE,MANQUANTE,MANQUANTE,MANQUANTE,MANQUANTE,MANQUANTE,MANQUANTE,MANQUANTE,MANQUANTE,MANQUANTE,MANQUANTE,MANQUANTE,MANQUANTE,A_COMPLETER_PREUVES_SSI,A_VERIFIER,MANQUANTE,B1: référence de preuve absente | B2: référence de preuve absente | B3: référence de preuve absente | B4: référence de preuve absente | B5: référence de preuve absente | B6: référence de preuve absente | B7: référence de preuve absente | exclusions non vérifiées | preuve du contrôle des exclusions absente
11B.F,Advance Terrafund REIT        I,Allemagne,114473072.0,3555000.0,0.0,,-1491620.0,0.952,0.18615,0.65048,85110091.0,Yahoo Finance / yfinance get_info,2026-10-08,0.0,9.349594126296722,5.490200294984571,,MANQUANTE,MANQUANTE,MANQUANTE,MANQUANTE,MANQUANTE,MANQUANTE,MANQUANTE,MANQUANTE,MANQUANTE,MANQUANTE,MANQUANTE,MANQUANTE,MANQUANTE,MANQUANTE,MANQUANTE,A_COMPLETER_PREUVES_SSI,A_VERIFIER,MANQUANTE,B1: référence de preuve absente | B2: référence de preuve absente | B3: référence de preuve absente | B4: référence de preuve absente | B5: référence de preuve absente | B6: référence de preuve absente | B7: référence de preuve absente | exclusions non vérifiées | preuve du contrôle des exclusions absente
1GK.F,GateKeeper Systems Inc.       R,Allemagne,114588296.0,7205767.0,502783.0,-1805941.0,-20905864.0,0.68,0.43602002,0.04721,111902621.0,Yahoo Finance / yfinance get_info,2026-10-08,0.0,32.47089859129473,27.204973855774096,True,MANQUANTE,MANQUANTE,MANQUANTE,MANQUANTE,MANQUANTE,MANQUANTE,MANQUANTE,MANQUANTE,MANQUANTE,MANQUANTE,MANQUANTE,MANQUANTE,MANQUANTE,MANQUANTE,MANQUANTE,A_COMPLETER_PREUVES_SSI,A_VERIFIER,MANQUANTE,B1: référence de preuve absente | B2: référence de preuve absente | B3: référence de preuve absente | B4: référence de preuve absente | B5: référence de preuve absente | B6: référence de preuve absente | B7: référence de preuve absente | exclusions non vérifiées | preuve du contrôle des exclusions absente
CAA.F,Cafom S.A.                    A,Allemagne,114999760.0,41446000.0,132365000.0,19215000.0,23097376.0,0.063,0.5281,0.70496005,9199981.0,Yahoo Finance / yfinance get_info,2026-10-08,0.0,-8.424905865705046,18.483410180197435,True,MANQUANTE,MANQUANTE,MANQUANTE,MANQUANTE,MANQUANTE,MANQUANTE,MANQUANTE,MANQUANTE,MANQUANTE,MANQUANTE,MANQUANTE,MANQUANTE,MANQUANTE,MANQUANTE,MANQUANTE,A_COMPLETER_PREUVES_SSI,A_VERIFIER,MANQUANTE,B1: référence de preuve absente | B2: référence de preuve absente | B3: référence de preuve absente | B4: référence de preuve absente | B5: référence de preuve absente | B6: référence de preuve absente | B7: référence de preuve absente | exclusions non vérifiées | preuve du contrôle des exclusions absente
KF60.F,Videndum PLC                  R,Allemagne,115039704.0,11100000.0,50400000.0,-26100000.0,-23912500.0,-0.044,0.33199,0.00501,40294116.0,Yahoo Finance / yfinance get_info,2026-10-08,0.0,-36.5555551317003,-35.91470105574211,,MANQUANTE,MANQUANTE,MANQUANTE,MANQUANTE,MANQUANTE,MANQUANTE,MANQUANTE,MANQUANTE,MANQUANTE,MANQUANTE,MANQUANTE,MANQUANTE,MANQUANTE,MANQUANTE,MANQUANTE,A_COMPLETER_PREUVES_SSI,A_VERIFIER,MANQUANTE,B1: référence de preuve absente | B2: référence de preuve absente | B3: référence de preuve absente | B4: référence de preuve absente | B5: référence de preuve absente | B6: référence de preuve absente | B7: référence de preuve absente | exclusions non vérifiées | preuve du contrôle des exclusions absente
E1V.MU,Eidesvik Offshore ASA         N,Allemagne,115313672.0,338507008.0,1262221952.0,263718000.0,-637025728.0,0.03,0.53037,0.87921995,72983333.0,Yahoo Finance / yfinance get_info,2026-10-08,0.0,13.669069005455746,5.333336194356275,True,MANQUANTE,MANQUANTE,MANQUANTE,MANQUANTE,MANQUANTE,MANQUANTE,MANQUANTE,MANQUANTE,MANQUANTE,MANQUANTE,MANQUANTE,MANQUANTE,MANQUANTE,MANQUANTE,MANQUANTE,A_COMPLETER_PREUVES_SSI,A_VERIFIER,MANQUANTE,B1: référence de preuve absente | B2: référence de preuve absente | B3: référence de preuve absente | B4: référence de preuve absente | B5: référence de preuve absente | B6: référence de preuve absente | B7: référence de preuve absente | exclusions non vérifiées | preuve du contrôle des exclusions absente
5U2.F,CYBERTRUST JAPAN CO. LTD.     R,Allemagne,115363408.0,6277000192.0,0.0,2344999936.0,,0.12,0.47142,0.68807,16363604.0,Yahoo Finance / yfinance get_info,2026-10-08,0.0,8.461541395920968,14.634147665223107,True,MANQUANTE,MANQUANTE,MANQUANTE,MANQUANTE,MANQUANTE,MANQUANTE,MANQUANTE,MANQUANTE,MANQUANTE,MANQUANTE,MANQUANTE,MANQUANTE,MANQUANTE,MANQUANTE,MANQUANTE,A_COMPLETER_PREUVES_SSI,A_VERIFIER,MANQUANTE,B1: référence de preuve absente | B2: référence de preuve absente | B3: référence de preuve absente | B4: référence de preuve absente | B5: référence de preuve absente | B6: référence de preuve absente | B7: référence de preuve absente | exclusions non vérifiées | preuve du contrôle des exclusions absente
6AU.F,"TBS Energi Utama Tbk, PT      R",Allemagne,115491048.0,85095192.0,404511328.0,47136288.0,32926324.0,-0.139,0.12002,0.77005994,8249360331.0,Yahoo Finance / yfinance get_info,2026-10-08,0.0,33.33333924649262,12.000001788139317,True,MANQUANTE,MANQUANTE,MANQUANTE,MANQUANTE,MANQUANTE,MANQUANTE,MANQUANTE,MANQUANTE,MANQUANTE,MANQUANTE,MANQUANTE,MANQUANTE,MANQUANTE,MANQUANTE,MANQUANTE,A_COMPLETER_PREUVES_SSI,A_VERIFIER,MANQUANTE,B1: référence de preuve absente | B2: référence de preuve absente | B3: référence de preuve absente | B4: référence de preuve absente | B5: référence de preuve absente | B6: référence de preuve absente | B7: référence de preuve absente | exclusions non vérifiées | preuve du contrôle des exclusions absente
PCHP.F,SERI INDUSTRIAL S.p.A.        A,Allemagne,115515064.0,46162000.0,306206016.0,39904000.0,-179213872.0,0.274,0.1785,0.56368,53979002.0,Yahoo Finance / yfinance get_info,2026-10-08,0.0,-34.855401857226255,13.227519635000084,False,MANQUANTE,MANQUANTE,MANQUANTE,MANQUANTE,MANQUANTE,MANQUANTE,MANQUANTE,MANQUANTE,MANQUANTE,MANQUANTE,MANQUANTE,MANQUANTE,MANQUANTE,MANQUANTE,MANQUANTE,A_COMPLETER_PREUVES_SSI,A_VERIFIER,MANQUANTE,B1: référence de preuve absente | B2: référence de preuve absente | B3: référence de preuve absente | B4: référence de preuve absente | B5: référence de preuve absente | B6: référence de preuve absente | B7: référence de preuve absente | exclusions non vérifiées | preuve du contrôle des exclusions absente
WHE.F,Pacific Textiles Hldgs Ltd.   R,Allemagne,115537128.0,560558976.0,1367966976.0,402692992.0,-56655500.0,0.059,0.07421,0.41828,1375442000.0,Yahoo Finance / yfinance get_info,2026-10-08,0.0,1.2048217646009718,-25.66371652241441,False,MANQUANTE,MANQUANTE,MANQUANTE,MANQUANTE,MANQUANTE,MANQUANTE,MANQUANTE,MANQUANTE,MANQUANTE,MANQUANTE,MANQUANTE,MANQUANTE,MANQUANTE,MANQUANTE,MANQUANTE,A_COMPLETER_PREUVES_SSI,A_VERIFIER,MANQUANTE,B1: référence de preuve absente | B2: référence de preuve absente | B3: référence de preuve absente | B4: référence de preuve absente | B5: référence de preuve absente | B6: référence de preuve absente | B7: référence de preuve absente | exclusions non vérifiées | preuve du contrôle des exclusions absente
EK4.F,EMAK S.P.A.                   A,Allemagne,115614696.0,63185000.0,272939008.0,44890000.0,17282876.0,-0.054,0.47548,0.68928003,162837602.0,Yahoo Finance / yfinance get_info,2026-10-08,0.0,-9.669215460322269,-12.128718586490647,False,MANQUANTE,MANQUANTE,MANQUANTE,MANQUANTE,MANQUANTE,MANQUANTE,MANQUANTE,MANQUANTE,MANQUANTE,MANQUANTE,MANQUANTE,MANQUANTE,MANQUANTE,MANQUANTE,MANQUANTE,A_COMPLETER_PREUVES_SSI,A_VERIFIER,MANQUANTE,B1: référence de preuve absente | B2: référence de preuve absente | B3: référence de preuve absente | B4: référence de preuve absente | B5: référence de preuve absente | B6: référence de preuve absente | B7: référence de preuve absente | exclusions non vérifiées | preuve du contrôle des exclusions absente
BDO.F,Clarus Corp.                  R,Allemagne,115630232.0,28925000.0,17154000.0,2344000.0,11705250.0,0.016,0.36723998,0.07153,38288155.0,Yahoo Finance / yfinance get_info,2026-10-08,0.0,4.137926952167148,33.628318303995705,True,MANQUANTE,MANQUANTE,MANQUANTE,MANQUANTE,MANQUANTE,MANQUANTE,MANQUANTE,MANQUANTE,MANQUANTE,MANQUANTE,MANQUANTE,MANQUANTE,MANQUANTE,MANQUANTE,MANQUANTE,A_COMPLETER_PREUVES_SSI,A_VERIFIER,MANQUANTE,B1: référence de preuve absente | B2: référence de preuve absente | B3: référence de preuve absente | B4: référence de preuve absente | B5: référence de preuve absente | B6: référence de preuve absente | B7: référence de preuve absente | exclusions non vérifiées | preuve du contrôle des exclusions absente
LOO.F,Look Holdings Inc.            R,Allemagne,115820488.0,11571999744.0,10613000192.0,4124000000.0,5459999744.0,-0.081,0.60019,0.27956,7520811.0,Yahoo Finance / yfinance get_info,2026-10-08,0.0,8.450702995658975,13.2352881365583,True,MANQUANTE,MANQUANTE,MANQUANTE,MANQUANTE,MANQUANTE,MANQUANTE,MANQUANTE,MANQUANTE,MANQUANTE,MANQUANTE,MANQUANTE,MANQUANTE,MANQUANTE,MANQUANTE,MANQUANTE,A_COMPLETER_PREUVES_SSI,A_VERIFIER,MANQUANTE,B1: référence de preuve absente | B2: référence de preuve absente | B3: référence de preuve absente | B4: référence de preuve absente | B5: référence de preuve absente | B6: référence de preuve absente | B7: référence de preuve absente | exclusions non vérifiées | preuve du contrôle des exclusions absente
CCDG.SG,Cal-Comp Electronics Thailand P,Allemagne,115864928.0,6412004864.0,24209975296.0,5175922176.0,-5695946752.0,0.081,0.05218,0.0,0.0,Yahoo Finance / yfinance get_info,2026-10-08,0.0,0.0,1899.9998603016209,False,MANQUANTE,MANQUANTE,MANQUANTE,MANQUANTE,MANQUANTE,MANQUANTE,MANQUANTE,MANQUANTE,MANQUANTE,MANQUANTE,MANQUANTE,MANQUANTE,MANQUANTE,MANQUANTE,MANQUANTE,A_COMPLETER_PREUVES_SSI,A_VERIFIER,MANQUANTE,B1: référence de preuve absente | B2: référence de preuve absente | B3: référence de preuve absente | B4: référence de preuve absente | B5: référence de preuve absente | B6: référence de preuve absente | B7: référence de preuve absente | exclusions non vérifiées | preuve du contrôle des exclusions absente
7F9.F,Genesis Land Development Corp.R,Allemagne,115923640.0,27551000.0,136654000.0,,12515000.0,0.048,0.24639,0.20354,56273613.0,Yahoo Finance / yfinance get_info,2026-10-08,0.0,0.9803912402207572,0.9803912402207572,True,MANQUANTE,MANQUANTE,MANQUANTE,MANQUANTE,MANQUANTE,MANQUANTE,MANQUANTE,MANQUANTE,MANQUANTE,MANQUANTE,MANQUANTE,MANQUANTE,MANQUANTE,MANQUANTE,MANQUANTE,A_COMPLETER_PREUVES_SSI,A_VERIFIER,MANQUANTE,B1: référence de preuve absente | B2: référence de preuve absente | B3: référence de preuve absente | B4: référence de preuve absente | B5: référence de preuve absente | B6: référence de preuve absente | B7: référence de preuve absente | exclusions non vérifiées | preuve du contrôle des exclusions absente
TPM0.F,Tonix Pharma. Holding Corp.   R,Allemagne,116455456.0,176232000.0,1272000.0,-163302000.0,-95760248.0,5.779,0.83829004,0.0016,17151024.0,Yahoo Finance / yfinance get_info,2026-10-08,0.0,-38.663051950871385,-38.718411474664535,False,MANQUANTE,MANQUANTE,MANQUANTE,MANQUANTE,MANQUANTE,MANQUANTE,MANQUANTE,MANQUANTE,MANQUANTE,MANQUANTE,MANQUANTE,MANQUANTE,MANQUANTE,MANQUANTE,MANQUANTE,A_COMPLETER_PREUVES_SSI,A_VERIFIER,MANQUANTE,B1: référence de preuve absente | B2: référence de preuve absente | B3: référence de preuve absente | B4: référence de preuve absente | B5: référence de preuve absente | B6: référence de preuve absente | B7: référence de preuve absente | exclusions non vérifiées | preuve du contrôle des exclusions absente
8KH.F,Torex Semiconductor Ltd.      R,Allemagne,116512408.0,8372179968.0,12062313472.0,3652400128.0,,0.119,0.0,0.18568,10592037.0,Yahoo Finance / yfinance get_info,2026-10-08,0.0,-0.9009043066040444,4.761904761904767,True,MANQUANTE,MANQUANTE,MANQUANTE,MANQUANTE,MANQUANTE,MANQUANTE,MANQUANTE,MANQUANTE,MANQUANTE,MANQUANTE,MANQUANTE,MANQUANTE,MANQUANTE,MANQUANTE,MANQUANTE,A_COMPLETER_PREUVES_SSI,A_VERIFIER,MANQUANTE,B1: référence de preuve absente | B2: référence de preuve absente | B3: référence de preuve absente | B4: référence de preuve absente | B5: référence de preuve absente | B6: référence de preuve absente | B7: référence de preuve absente | exclusions non vérifiées | preuve du contrôle des exclusions absente
KEBA.F,Kencana Agri Ltd.             R,Allemagne,116526528.0,29091000.0,142724000.0,60643000.0,42216500.0,0.271,0.25659,0.82907,287011177.0,Yahoo Finance / yfinance get_info,2026-10-08,0.0,46.04316276827986,21.556885853533192,True,MANQUANTE,MANQUANTE,MANQUANTE,MANQUANTE,MANQUANTE,MANQUANTE,MANQUANTE,MANQUANTE,MANQUANTE,MANQUANTE,MANQUANTE,MANQUANTE,MANQUANTE,MANQUANTE,MANQUANTE,A_COMPLETER_PREUVES_SSI,A_VERIFIER,MANQUANTE,B1: référence de preuve absente | B2: référence de preuve absente | B3: référence de preuve absente | B4: référence de preuve absente | B5: référence de preuve absente | B6: référence de preuve absente | B7: référence de preuve absente | exclusions non vérifiées | preuve du contrôle des exclusions absente
DGL.F,Dynagas LNG Partners L.P.     R,Allemagne,116586152.0,59486000.0,255740992.0,105427000.0,63190624.0,0.067,0.71310997,0.57887,36382011.0,Yahoo Finance / yfinance get_info,2026-10-08,0.0,5.013923441503154,-0.2645533465827632,,MANQUANTE,MANQUANTE,MANQUANTE,MANQUANTE,MANQUANTE,MANQUANTE,MANQUANTE,MANQUANTE,MANQUANTE,MANQUANTE,MANQUANTE,MANQUANTE,MANQUANTE,MANQUANTE,MANQUANTE,A_COMPLETER_PREUVES_SSI,A_VERIFIER,MANQUANTE,B1: référence de preuve absente | B2: référence de preuve absente | B3: référence de preuve absente | B4: référence de preuve absente | B5: référence de preuve absente | B6: référence de preuve absente | B7: référence de preuve absente | exclusions non vérifiées | preuve du contrôle des exclusions absente
5UP.F,KEYRUS S.A.                   A,Allemagne,116725200.0,46410000.0,109962000.0,4751000.0,-3665125.0,-0.085,0.052649997,0.82619005,15902615.0,Yahoo Finance / yfinance get_info,2026-10-08,0.0,0.5479446686014411,5.763690087455653,True,MANQUANTE,MANQUANTE,MANQUANTE,MANQUANTE,MANQUANTE,MANQUANTE,MANQUANTE,MANQUANTE,MANQUANTE,MANQUANTE,MANQUANTE,MANQUANTE,MANQUANTE,MANQUANTE,MANQUANTE,A_COMPLETER_PREUVES_SSI,A_VERIFIER,MANQUANTE,B1: référence de preuve absente | B2: référence de preuve absente | B3: référence de preuve absente | B4: référence de preuve absente | B5: référence de preuve absente | B6: référence de preuve absente | B7: référence de preuve absente | exclusions non vérifiées | preuve du contrôle des exclusions absente
TC1.HM,Tele Columbus AG              N,Allemagne,116736880.0,65835000.0,1682105984.0,-770225984.0,-566966272.0,-0.018,0.49749002,0.0,586617494.0,Yahoo Finance / yfinance get_info,2026-10-08,349.5,-62.452827981885584,-75.1250002514571,False,MANQUANTE,MANQUANTE,MANQUANTE,MANQUANTE,MANQUANTE,MANQUANTE,MANQUANTE,MANQUANTE,MANQUANTE,MANQUANTE,MANQUANTE,MANQUANTE,MANQUANTE,MANQUANTE,MANQUANTE,A_COMPLETER_PREUVES_SSI,A_VERIFIER,MANQUANTE,B1: référence de preuve absente | B2: référence de preuve absente | B3: référence de preuve absente | B4: référence de preuve absente | B5: référence de preuve absente | B6: référence de preuve absente | B7: référence de preuve absente | exclusions non vérifiées | preuve du contrôle des exclusions absente
0LT.F,Leoch International TechnologyR,Allemagne,116836360.0,907225024.0,5112261120.0,360056000.0,996198144.0,-0.176,0.12071,0.74427,1433574857.0,Yahoo Finance / yfinance get_info,2026-10-08,0.0,-20.873785284105107,-11.891891674197796,False,MANQUANTE,MANQUANTE,MANQUANTE,MANQUANTE,MANQUANTE,MANQUANTE,MANQUANTE,MANQUANTE,MANQUANTE,MANQUANTE,MANQUANTE,MANQUANTE,MANQUANTE,MANQUANTE,MANQUANTE,A_COMPLETER_PREUVES_SSI,A_VERIFIER,MANQUANTE,B1: référence de preuve absente | B2: référence de preuve absente | B3: référence de preuve absente | B4: référence de preuve absente | B5: référence de preuve absente | B6: référence de preuve absente | B7: référence de preuve absente | exclusions non vérifiées | preuve du contrôle des exclusions absente
0L3.F,Severfield PLC                R,Allemagne,116931776.0,24361000.0,71046000.0,19762000.0,42982752.0,0.249,0.48433998,0.03731,295282269.0,Yahoo Finance / yfinance get_info,2026-10-08,0.0,8.791210410704675,63.63636363636365,True,MANQUANTE,MANQUANTE,MANQUANTE,MANQUANTE,MANQUANTE,MANQUANTE,MANQUANTE,MANQUANTE,MANQUANTE,MANQUANTE,MANQUANTE,MANQUANTE,MANQUANTE,MANQUANTE,MANQUANTE,A_COMPLETER_PREUVES_SSI,A_VERIFIER,MANQUANTE,B1: référence de preuve absente | B2: référence de preuve absente | B3: référence de preuve absente | B4: référence de preuve absente | B5: référence de preuve absente | B6: référence de preuve absente | B7: référence de preuve absente | exclusions non vérifiées | preuve du contrôle des exclusions absente
IF7.F,Iofina PLC                    R,Allemagne,117033624.0,12912000.0,6393000.0,15073000.0,2587375.0,0.074,0.31915,0.42466,191858408.0,Yahoo Finance / yfinance get_info,2026-10-08,0.0,-6.870222755762178,66.66667209514074,True,MANQUANTE,MANQUANTE,MANQUANTE,MANQUANTE,MANQUANTE,MANQUANTE,MANQUANTE,MANQUANTE,MANQUANTE,MANQUANTE,MANQUANTE,MANQUANTE,MANQUANTE,MANQUANTE,MANQUANTE,A_COMPLETER_PREUVES_SSI,A_VERIFIER,MANQUANTE,B1: référence de preuve absente | B2: référence de preuve absente | B3: référence de preuve absente | B4: référence de preuve absente | B5: référence de preuve absente | B6: référence de preuve absente | B7: référence de preuve absente | exclusions non vérifiées | preuve du contrôle des exclusions absente
2YP.F,Health Catalyst Inc.          R,Allemagne,117399952.0,103439000.0,169976992.0,11771000.0,-48645624.0,-0.127,0.51163,0.09385,75256381.0,Yahoo Finance / yfinance get_info,2026-10-08,0.0,-20.812186795749955,71.42856020006725,True,MANQUANTE,MANQUANTE,MANQUANTE,MANQUANTE,MANQUANTE,MANQUANTE,MANQUANTE,MANQUANTE,MANQUANTE,MANQUANTE,MANQUANTE,MANQUANTE,MANQUANTE,MANQUANTE,MANQUANTE,A_COMPLETER_PREUVES_SSI,A_VERIFIER,MANQUANTE,B1: référence de preuve absente | B2: référence de preuve absente | B3: référence de preuve absente | B4: référence de preuve absente | B5: référence de preuve absente | B6: référence de preuve absente | B7: référence de preuve absente | exclusions non vérifiées | preuve du contrôle des exclusions absente
MVX.F,Tata Steel (Thailand) PCL     R,Allemagne,117901576.0,4798986752.0,505939008.0,2417710336.0,1481722112.0,-0.008,0.11525,0.00023,8421540848.0,Yahoo Finance / yfinance get_info,2026-10-08,0.0,-34.8837211317085,-17.64706075707099,False,MANQUANTE,MANQUANTE,MANQUANTE,MANQUANTE,MANQUANTE,MANQUANTE,MANQUANTE,MANQUANTE,MANQUANTE,MANQUANTE,MANQUANTE,MANQUANTE,MANQUANTE,MANQUANTE,MANQUANTE,A_COMPLETER_PREUVES_SSI,A_VERIFIER,MANQUANTE,B1: référence de preuve absente | B2: référence de preuve absente | B3: référence de preuve absente | B4: référence de preuve absente | B5: référence de preuve absente | B6: référence de preuve absente | B7: référence de preuve absente | exclusions non vérifiées | preuve du contrôle des exclusions absente
ACS.F,ATHENS MEDICAL CENTER S.A.    N,Allemagne,117960936.0,11538000.0,184118000.0,22623000.0,-7039875.0,0.038,0.20417999,0.8082,86735980.0,Yahoo Finance / yfinance get_info,2026-10-08,0.0,-15.78947329571684,-13.65079535678696,False,MANQUANTE,MANQUANTE,MANQUANTE,MANQUANTE,MANQUANTE,MANQUANTE,MANQUANTE,MANQUANTE,MANQUANTE,MANQUANTE,MANQUANTE,MANQUANTE,MANQUANTE,MANQUANTE,MANQUANTE,A_COMPLETER_PREUVES_SSI,A_VERIFIER,MANQUANTE,B1: référence de preuve absente | B2: référence de preuve absente | B3: référence de preuve absente | B4: référence de preuve absente | B5: référence de preuve absente | B6: référence de preuve absente | B7: référence de preuve absente | exclusions non vérifiées | preuve du contrôle des exclusions absente
1BHA.F,American Rare Earths Ltd.     R,Allemagne,117964872.0,18550988.0,25674.0,-8602086.0,-13177786.0,0.145,1.0,0.13898,581107799.0,Yahoo Finance / yfinance get_info,2026-10-08,85.19999980926514,-13.98305384395656,-8.55856236820527,False,MANQUANTE,MANQUANTE,MANQUANTE,MANQUANTE,MANQUANTE,MANQUANTE,MANQUANTE,MANQUANTE,MANQUANTE,MANQUANTE,MANQUANTE,MANQUANTE,MANQUANTE,MANQUANTE,MANQUANTE,A_COMPLETER_PREUVES_SSI,A_VERIFIER,MANQUANTE,B1: référence de preuve absente | B2: référence de preuve absente | B3: référence de preuve absente | B4: référence de preuve absente | B5: référence de preuve absente | B6: référence de preuve absente | B7: référence de preuve absente | exclusions non vérifiées | preuve du contrôle des exclusions absente
CI0.F,Aurrigo International PLC     R,Allemagne,117969504.0,8406000.0,4743000.0,-5153000.0,-4667375.0,0.194,0.32723,0.53583,89370833.0,Yahoo Finance / yfinance get_info,2026-10-08,0.0,77.18121396019177,55.29411946200988,True,MANQUANTE,MANQUANTE,MANQUANTE,MANQUANTE,MANQUANTE,MANQUANTE,MANQUANTE,MANQUANTE,MANQUANTE,MANQUANTE,MANQUANTE,MANQUANTE,MANQUANTE,MANQUANTE,MANQUANTE,A_COMPLETER_PREUVES_SSI,A_VERIFIER,MANQUANTE,B1: référence de preuve absente | B2: référence de preuve absente | B3: référence de preuve absente | B4: référence de preuve absente | B5: référence de preuve absente | B6: référence de preuve absente | B7: référence de preuve absente | exclusions non vérifiées | preuve du contrôle des exclusions absente
BDG.F,Beijing Urban Cons.D.+Dev.Grp R,Allemagne,118008616.0,1639350528.0,6612004352.0,467909728.0,-1021010112.0,-0.168,0.18868,0.23712999,387937000.0,Yahoo Finance / yfinance get_info,2026-10-08,0.0,-6.417117114676307,-24.568964631322142,False,MANQUANTE,MANQUANTE,MANQUANTE,MANQUANTE,MANQUANTE,MANQUANTE,MANQUANTE,MANQUANTE,MANQUANTE,MANQUANTE,MANQUANTE,MANQUANTE,MANQUANTE,MANQUANTE,MANQUANTE,A_COMPLETER_PREUVES_SSI,A_VERIFIER,MANQUANTE,B1: référence de preuve absente | B2: référence de preuve absente | B3: référence de preuve absente | B4: référence de preuve absente | B5: référence de preuve absente | B6: référence de preuve absente | B7: référence de preuve absente | exclusions non vérifiées | preuve du contrôle des exclusions absente
2U2.F,UBM Development AG            I,Allemagne,118060448.0,106012000.0,580564992.0,25936000.0,-20642624.0,0.598,0.37545,0.53811,7472180.0,Yahoo Finance / yfinance get_info,2026-10-08,0.0,-5.952375546063715,-9.971504970952871,False,MANQUANTE,MANQUANTE,MANQUANTE,MANQUANTE,MANQUANTE,MANQUANTE,MANQUANTE,MANQUANTE,MANQUANTE,MANQUANTE,MANQUANTE,MANQUANTE,MANQUANTE,MANQUANTE,MANQUANTE,A_COMPLETER_PREUVES_SSI,A_VERIFIER,MANQUANTE,B1: référence de preuve absente | B2: référence de preuve absente | B3: référence de preuve absente | B4: référence de preuve absente | B5: référence de preuve absente | B6: référence de preuve absente | B7: référence de preuve absente | exclusions non vérifiées | preuve du contrôle des exclusions absente
PHS.F,PHOTOCURE ASA                 N,Allemagne,118163912.0,162424000.0,9400000.0,129700000.0,12602000.0,0.051,0.93587995,0.023929998,26916610.0,Yahoo Finance / yfinance get_info,2026-10-08,0.0,-15.57692254788775,-21.46690971997121,False,MANQUANTE,MANQUANTE,MANQUANTE,MANQUANTE,MANQUANTE,MANQUANTE,MANQUANTE,MANQUANTE,MANQUANTE,MANQUANTE,MANQUANTE,MANQUANTE,MANQUANTE,MANQUANTE,MANQUANTE,A_COMPLETER_PREUVES_SSI,A_VERIFIER,MANQUANTE,B1: référence de preuve absente | B2: référence de preuve absente | B3: référence de preuve absente | B4: référence de preuve absente | B5: référence de preuve absente | B6: référence de preuve absente | B7: référence de preuve absente | exclusions non vérifiées | preuve du contrôle des exclusions absente
3S8.F,North Media A/S               N,Allemagne,118243368.0,1029600000.0,123500000.0,105200000.0,100187504.0,-0.082,0.46890998,0.57714003,18024903.0,Yahoo Finance / yfinance get_info,2026-10-08,0.0,13.494804578857522,1.863352243677996,True,MANQUANTE,MANQUANTE,MANQUANTE,MANQUANTE,MANQUANTE,MANQUANTE,MANQUANTE,MANQUANTE,MANQUANTE,MANQUANTE,MANQUANTE,MANQUANTE,MANQUANTE,MANQUANTE,MANQUANTE,A_COMPLETER_PREUVES_SSI,A_VERIFIER,MANQUANTE,B1: référence de preuve absente | B2: référence de preuve absente | B3: référence de preuve absente | B4: référence de preuve absente | B5: référence de preuve absente | B6: référence de preuve absente | B7: référence de preuve absente | exclusions non vérifiées | preuve du contrôle des exclusions absente
ON6.F,HAIKI + S.p.A.                A,Allemagne,118550808.0,17271820.0,130208936.0,34664964.0,-57287420.0,0.225,0.19783,0.33886,129086033.0,Yahoo Finance / yfinance get_info,2026-10-08,0.0,66.66666666666667,72.54902189944814,True,MANQUANTE,MANQUANTE,MANQUANTE,MANQUANTE,MANQUANTE,MANQUANTE,MANQUANTE,MANQUANTE,MANQUANTE,MANQUANTE,MANQUANTE,MANQUANTE,MANQUANTE,MANQUANTE,MANQUANTE,A_COMPLETER_PREUVES_SSI,A_VERIFIER,MANQUANTE,B1: référence de preuve absente | B2: référence de preuve absente | B3: référence de preuve absente | B4: référence de preuve absente | B5: référence de preuve absente | B6: référence de preuve absente | B7: référence de preuve absente | exclusions non vérifiées | preuve du contrôle des exclusions absente
37B.F,B&C Speakers S.p.A.           A,Allemagne,118805256.0,20629556.0,25362212.0,15849575.0,7640690.0,-0.107,0.36211,0.5273,10899565.0,Yahoo Finance / yfinance get_info,2026-10-08,0.0,-1.3574712182390811,-8.786612615012523,False,MANQUANTE,MANQUANTE,MANQUANTE,MANQUANTE,MANQUANTE,MANQUANTE,MANQUANTE,MANQUANTE,MANQUANTE,MANQUANTE,MANQUANTE,MANQUANTE,MANQUANTE,MANQUANTE,MANQUANTE,A_COMPLETER_PREUVES_SSI,A_VERIFIER,MANQUANTE,B1: référence de preuve absente | B2: référence de preuve absente | B3: référence de preuve absente | B4: référence de preuve absente | B5: référence de preuve absente | B6: référence de preuve absente | B7: référence de preuve absente | exclusions non vérifiées | preuve du contrôle des exclusions absente
IU8.MU,Zematijos Pienas AB           R,Allemagne,118905744.0,18026000.0,11439000.0,28319000.0,-16687625.0,0.103,0.18797001,0.86530995,40971549.0,Yahoo Finance / yfinance get_info,2026-10-08,0.0,3.5971274849026624,11.62791471342086,True,MANQUANTE,MANQUANTE,MANQUANTE,MANQUANTE,MANQUANTE,MANQUANTE,MANQUANTE,MANQUANTE,MANQUANTE,MANQUANTE,MANQUANTE,MANQUANTE,MANQUANTE,MANQUANTE,MANQUANTE,A_COMPLETER_PREUVES_SSI,A_VERIFIER,MANQUANTE,B1: référence de preuve absente | B2: référence de preuve absente | B3: référence de preuve absente | B4: référence de preuve absente | B5: référence de preuve absente | B6: référence de preuve absente | B7: référence de preuve absente | exclusions non vérifiées | preuve du contrôle des exclusions absente
BSG0.F,Atlantic Lithium Ltd.         R,Allemagne,119023232.0,9735333.0,0.0,-6049084.0,-15672730.0,0.181,1.0,0.36613998,801503291.0,Yahoo Finance / yfinance get_info,2026-10-08,0.0,-7.763977081088324,-7.476641153960739,False,MANQUANTE,MANQUANTE,MANQUANTE,MANQUANTE,MANQUANTE,MANQUANTE,MANQUANTE,MANQUANTE,MANQUANTE,MANQUANTE,MANQUANTE,MANQUANTE,MANQUANTE,MANQUANTE,MANQUANTE,A_COMPLETER_PREUVES_SSI,A_VERIFIER,MANQUANTE,B1: référence de preuve absente | B2: référence de preuve absente | B3: référence de preuve absente | B4: référence de preuve absente | B5: référence de preuve absente | B6: référence de preuve absente | B7: référence de preuve absente | exclusions non vérifiées | preuve du contrôle des exclusions absente
B2S.F,Banca Sistema S.p.A.          A,Allemagne,119184008.0,78805000.0,868992000.0,,,-0.368,0.0,0.42900002,80421052.0,Yahoo Finance / yfinance get_info,2026-10-08,0.0,-1.2000004450480106,-10.290554611855407,False,MANQUANTE,MANQUANTE,MANQUANTE,MANQUANTE,MANQUANTE,MANQUANTE,MANQUANTE,MANQUANTE,MANQUANTE,MANQUANTE,MANQUANTE,MANQUANTE,MANQUANTE,MANQUANTE,MANQUANTE,A_COMPLETER_PREUVES_SSI,A_VERIFIER,MANQUANTE,B1: référence de preuve absente | B2: référence de preuve absente | B3: référence de preuve absente | B4: référence de preuve absente | B5: référence de preuve absente | B6: référence de preuve absente | B7: référence de preuve absente | exclusions non vérifiées | preuve du contrôle des exclusions absente
9EM.F,Elementos Ltd.                R,Allemagne,119219336.0,40282972.0,111030.0,-4266403.0,-3598125.0,-1.0,1.0,0.46263,438306375.0,Yahoo Finance / yfinance get_info,2026-10-08,0.0,52.808994407711495,37.37374558374358,True,MANQUANTE,MANQUANTE,MANQUANTE,MANQUANTE,MANQUANTE,MANQUANTE,MANQUANTE,MANQUANTE,MANQUANTE,MANQUANTE,MANQUANTE,MANQUANTE,MANQUANTE,MANQUANTE,MANQUANTE,A_COMPLETER_PREUVES_SSI,A_VERIFIER,MANQUANTE,B1: référence de preuve absente | B2: référence de preuve absente | B3: référence de preuve absente | B4: référence de preuve absente | B5: référence de preuve absente | B6: référence de preuve absente | B7: référence de preuve absente | exclusions non vérifiées | preuve du contrôle des exclusions absente
O3B.F,Yoma Strategic Holdings Ltd.  R,Allemagne,119220712.0,143423008.0,242591008.0,53109000.0,67793128.0,0.088,0.43167,0.46895,2408499260.0,Yahoo Finance / yfinance get_info,2026-10-08,0.0,2.061852106747608,8.791210410704675,True,MANQUANTE,MANQUANTE,MANQUANTE,MANQUANTE,MANQUANTE,MANQUANTE,MANQUANTE,MANQUANTE,MANQUANTE,MANQUANTE,MANQUANTE,MANQUANTE,MANQUANTE,MANQUANTE,MANQUANTE,A_COMPLETER_PREUVES_SSI,A_VERIFIER,MANQUANTE,B1: référence de preuve absente | B2: référence de preuve absente | B3: référence de preuve absente | B4: référence de preuve absente | B5: référence de preuve absente | B6: référence de preuve absente | B7: référence de preuve absente | exclusions non vérifiées | preuve du contrôle des exclusions absente
WY2.F,YAMAYA CORP.                  R,Allemagne,119254672.0,11712000000.0,5565000192.0,4538999808.0,,0.025,0.28772,0.67516,10841334.0,Yahoo Finance / yfinance get_info,2026-10-08,0.0,0.0,-4.347826086956519,False,MANQUANTE,MANQUANTE,MANQUANTE,MANQUANTE,MANQUANTE,MANQUANTE,MANQUANTE,MANQUANTE,MANQUANTE,MANQUANTE,MANQUANTE,MANQUANTE,MANQUANTE,MANQUANTE,MANQUANTE,A_COMPLETER_PREUVES_SSI,A_VERIFIER,MANQUANTE,B1: référence de preuve absente | B2: référence de preuve absente | B3: référence de preuve absente | B4: référence de preuve absente | B5: référence de preuve absente | B6: référence de preuve absente | B7: référence de preuve absente | exclusions non vérifiées | preuve du contrôle des exclusions absente
5M8.F,Mammoth Energy Services Inc.  R,Allemagne,119356408.0,77019000.0,5010000.0,-7034000.0,-69821752.0,1.109,0.16510001,0.1578,48127585.0,Yahoo Finance / yfinance get_info,2026-10-08,0.0,4.2016764631988,21.568630659227384,True,MANQUANTE,MANQUANTE,MANQUANTE,MANQUANTE,MANQUANTE,MANQUANTE,MANQUANTE,MANQUANTE,MANQUANTE,MANQUANTE,MANQUANTE,MANQUANTE,MANQUANTE,MANQUANTE,MANQUANTE,A_COMPLETER_PREUVES_SSI,A_VERIFIER,MANQUANTE,B1: référence de preuve absente | B2: référence de preuve absente | B3: référence de preuve absente | B4: référence de preuve absente | B5: référence de preuve absente | B6: référence de preuve absente | B7: référence de preuve absente | exclusions non vérifiées | preuve du contrôle des exclusions absente
E7L.F,Euroz Hartleys Group Ltd.     R,Allemagne,119684880.0,94860000.0,12151000.0,,,0.426,0.9389,0.34092999,154432106.0,Yahoo Finance / yfinance get_info,2026-10-08,0.0,-1.273891685835693,13.97058353034275,True,MANQUANTE,MANQUANTE,MANQUANTE,MANQUANTE,MANQUANTE,MANQUANTE,MANQUANTE,MANQUANTE,MANQUANTE,MANQUANTE,MANQUANTE,MANQUANTE,MANQUANTE,MANQUANTE,MANQUANTE,A_COMPLETER_PREUVES_SSI,A_VERIFIER,MANQUANTE,B1: référence de preuve absente | B2: référence de preuve absente | B3: référence de preuve absente | B4: référence de preuve absente | B5: référence de preuve absente | B6: référence de preuve absente | B7: référence de preuve absente | exclusions non vérifiées | preuve du contrôle des exclusions absente
SO6.F,Hydreight Technologies Inc.   R,Allemagne,119687296.0,19969916.0,8790667.0,7682939.0,-16482804.0,4.214,0.20512,0.49165002,53671430.0,Yahoo Finance / yfinance get_info,2026-10-08,0.0,-24.27843566644876,15.424429179101518,False,MANQUANTE,MANQUANTE,MANQUANTE,MANQUANTE,MANQUANTE,MANQUANTE,MANQUANTE,MANQUANTE,MANQUANTE,MANQUANTE,MANQUANTE,MANQUANTE,MANQUANTE,MANQUANTE,MANQUANTE,A_COMPLETER_PREUVES_SSI,A_VERIFIER,MANQUANTE,B1: référence de preuve absente | B2: référence de preuve absente | B3: référence de preuve absente | B4: référence de preuve absente | B5: référence de preuve absente | B6: référence de preuve absente | B7: référence de preuve absente | exclusions non vérifiées | preuve du contrôle des exclusions absente
SUO.F,CWT International Ltd.        R,Allemagne,119699960.0,3909984000.0,9679865856.0,1191597952.0,-363291360.0,0.054,0.04394,0.51257,11399996101.0,Yahoo Finance / yfinance get_info,2026-10-08,0.0,-16.000002384185752,-25.000003326151955,False,MANQUANTE,MANQUANTE,MANQUANTE,MANQUANTE,MANQUANTE,MANQUANTE,MANQUANTE,MANQUANTE,MANQUANTE,MANQUANTE,MANQUANTE,MANQUANTE,MANQUANTE,MANQUANTE,MANQUANTE,A_COMPLETER_PREUVES_SSI,A_VERIFIER,MANQUANTE,B1: référence de preuve absente | B2: référence de preuve absente | B3: référence de preuve absente | B4: référence de preuve absente | B5: référence de preuve absente | B6: référence de preuve absente | B7: référence de preuve absente | exclusions non vérifiées | preuve du contrôle des exclusions absente
GM7.F,Gateway Mining Ltd.           R,Allemagne,119777160.0,10372954.0,104348.0,-3506871.0,-10206260.0,,1.0,0.35384,2886196859.0,Yahoo Finance / yfinance get_info,2026-10-08,0.0,59.615375247051226,16.901400173923832,True,MANQUANTE,MANQUANTE,MANQUANTE,MANQUANTE,MANQUANTE,MANQUANTE,MANQUANTE,MANQUANTE,MANQUANTE,MANQUANTE,MANQUANTE,MANQUANTE,MANQUANTE,MANQUANTE,MANQUANTE,A_COMPLETER_PREUVES_SSI,A_VERIFIER,MANQUANTE,B1: référence de preuve absente | B2: référence de preuve absente | B3: référence de preuve absente | B4: référence de preuve absente | B5: référence de preuve absente | B6: référence de preuve absente | B7: référence de preuve absente | exclusions non vérifiées | preuve du contrôle des exclusions absente
HKQ.F,China Vered Financial Holding R,Allemagne,119911816.0,2415176960.0,7842000.0,-701038016.0,-673444864.0,-0.421,0.0,0.51515996,1859097962.0,Yahoo Finance / yfinance get_info,2026-10-08,0.0,-3.0075248622510875,-6.521741712551621,False,MANQUANTE,MANQUANTE,MANQUANTE,MANQUANTE,MANQUANTE,MANQUANTE,MANQUANTE,MANQUANTE,MANQUANTE,MANQUANTE,MANQUANTE,MANQUANTE,MANQUANTE,MANQUANTE,MANQUANTE,A_COMPLETER_PREUVES_SSI,A_VERIFIER,MANQUANTE,B1: référence de preuve absente | B2: référence de preuve absente | B3: référence de preuve absente | B4: référence de preuve absente | B5: référence de preuve absente | B6: référence de preuve absente | B7: référence de preuve absente | exclusions non vérifiées | preuve du contrôle des exclusions absente
8OT.F,Douglas Elliman Inc.          R,Allemagne,119975424.0,106616000.0,98528000.0,-12461000.0,29060750.0,0.045,1.0,0.18502001,90890473.0,Yahoo Finance / yfinance get_info,2026-10-08,0.0,-11.409393019904112,0.0,False,MANQUANTE,MANQUANTE,MANQUANTE,MANQUANTE,MANQUANTE,MANQUANTE,MANQUANTE,MANQUANTE,MANQUANTE,MANQUANTE,MANQUANTE,MANQUANTE,MANQUANTE,MANQUANTE,MANQUANTE,A_COMPLETER_PREUVES_SSI,A_VERIFIER,MANQUANTE,B1: référence de preuve absente | B2: référence de preuve absente | B3: référence de preuve absente | B4: référence de preuve absente | B5: référence de preuve absente | B6: référence de preuve absente | B7: référence de preuve absente | exclusions non vérifiées | preuve du contrôle des exclusions absente
3AC.F,Actinogen Medical Ltd.        R,Allemagne,120099216.0,16734937.0,4783660.0,-15101361.0,-12544520.0,0.967,1.0,0.16534,3874168325.0,Yahoo Finance / yfinance get_info,2026-10-08,0.0,4.729727986476195,55.0000009313226,True,MANQUANTE,MANQUANTE,MANQUANTE,MANQUANTE,MANQUANTE,MANQUANTE,MANQUANTE,MANQUANTE,MANQUANTE,MANQUANTE,MANQUANTE,MANQUANTE,MANQUANTE,MANQUANTE,MANQUANTE,A_COMPLETER_PREUVES_SSI,A_VERIFIER,MANQUANTE,B1: référence de preuve absente | B2: référence de preuve absente | B3: référence de preuve absente | B4: référence de preuve absente | B5: référence de preuve absente | B6: référence de preuve absente | B7: référence de preuve absente | exclusions non vérifiées | preuve du contrôle des exclusions absente
3WQ0.F,Kenorland Minerals Ltd.       R,Allemagne,120242352.0,13767377.0,92652.0,-5863157.0,-21988808.0,5.624,0.97938,0.21440001,80429664.0,Yahoo Finance / yfinance get_info,2026-10-08,0.0,6.028371642493524,-6.562501094304007,False,MANQUANTE,MANQUANTE,MANQUANTE,MANQUANTE,MANQUANTE,MANQUANTE,MANQUANTE,MANQUANTE,MANQUANTE,MANQUANTE,MANQUANTE,MANQUANTE,MANQUANTE,MANQUANTE,MANQUANTE,A_COMPLETER_PREUVES_SSI,A_VERIFIER,MANQUANTE,B1: référence de preuve absente | B2: référence de preuve absente | B3: référence de preuve absente | B4: référence de preuve absente | B5: référence de preuve absente | B6: référence de preuve absente | B7: référence de preuve absente | exclusions non vérifiées | preuve du contrôle des exclusions absente
SE0.F,Golden Matrix Group Inc.      R,Allemagne,120347744.0,17667846.0,16364882.0,16587910.0,5571147.0,0.161,0.55724,0.77906,12681533.0,Yahoo Finance / yfinance get_info,2026-10-08,0.0,-16.6080872084034,45.10703098581199,True,MANQUANTE,MANQUANTE,MANQUANTE,MANQUANTE,MANQUANTE,MANQUANTE,MANQUANTE,MANQUANTE,MANQUANTE,MANQUANTE,MANQUANTE,MANQUANTE,MANQUANTE,MANQUANTE,MANQUANTE,A_COMPLETER_PREUVES_SSI,A_VERIFIER,MANQUANTE,B1: référence de preuve absente | B2: référence de preuve absente | B3: référence de preuve absente | B4: référence de preuve absente | B5: référence de preuve absente | B6: référence de preuve absente | B7: référence de preuve absente | exclusions non vérifiées | preuve du contrôle des exclusions absente
PLJ2.F,Playmates Holdings Ltd.       R,Allemagne,120499944.0,1145976960.0,126282000.0,88408000.0,84137872.0,0.024,0.62334,0.73675,2068000000.0,Yahoo Finance / yfinance get_info,2026-10-08,0.0,14.102563735178483,3.4883703804777566,True,MANQUANTE,MANQUANTE,MANQUANTE,MANQUANTE,MANQUANTE,MANQUANTE,MANQUANTE,MANQUANTE,MANQUANTE,MANQUANTE,MANQUANTE,MANQUANTE,MANQUANTE,MANQUANTE,MANQUANTE,A_COMPLETER_PREUVES_SSI,A_VERIFIER,MANQUANTE,B1: référence de preuve absente | B2: référence de preuve absente | B3: référence de preuve absente | B4: référence de preuve absente | B5: référence de preuve absente | B6: référence de preuve absente | B7: référence de preuve absente | exclusions non vérifiées | preuve du contrôle des exclusions absente
84F.F,Norsk Titanium AS             N,Allemagne,120521360.0,19622000.0,6242000.0,-27831000.0,-17660376.0,0.406,-0.76242995,0.55231,1301526467.0,Yahoo Finance / yfinance get_info,2026-10-08,0.0,5.227276575713136,15.750006193295253,False,MANQUANTE,MANQUANTE,MANQUANTE,MANQUANTE,MANQUANTE,MANQUANTE,MANQUANTE,MANQUANTE,MANQUANTE,MANQUANTE,MANQUANTE,MANQUANTE,MANQUANTE,MANQUANTE,MANQUANTE,A_COMPLETER_PREUVES_SSI,A_VERIFIER,MANQUANTE,B1: référence de preuve absente | B2: référence de preuve absente | B3: référence de preuve absente | B4: référence de preuve absente | B5: référence de preuve absente | B6: référence de preuve absente | B7: référence de preuve absente | exclusions non vérifiées | preuve du contrôle des exclusions absente
V3S.HM,Vectron Systems AG            I,Allemagne,120721944.0,9576380.0,0.0,-2504338.0,,5.508,0.79683995,0.0,8862165.0,Yahoo Finance / yfinance get_info,2026-10-08,0.0,0.7462715247501972,3.0534321136057585,True,MANQUANTE,MANQUANTE,MANQUANTE,MANQUANTE,MANQUANTE,MANQUANTE,MANQUANTE,MANQUANTE,MANQUANTE,MANQUANTE,MANQUANTE,MANQUANTE,MANQUANTE,MANQUANTE,MANQUANTE,A_COMPLETER_PREUVES_SSI,A_VERIFIER,MANQUANTE,B1: référence de preuve absente | B2: référence de preuve absente | B3: référence de preuve absente | B4: référence de preuve absente | B5: référence de preuve absente | B6: référence de preuve absente | B7: référence de preuve absente | exclusions non vérifiées | preuve du contrôle des exclusions absente
G1V.F,MC Mining Ltd.                R,Allemagne,120824304.0,2942000.0,40443000.0,-17545000.0,-48287000.0,-0.905,-1.09145,0.96091,844925202.0,Yahoo Finance / yfinance get_info,2026-10-08,0.0,7.51880095174724,-19.20903626614282,False,MANQUANTE,MANQUANTE,MANQUANTE,MANQUANTE,MANQUANTE,MANQUANTE,MANQUANTE,MANQUANTE,MANQUANTE,MANQUANTE,MANQUANTE,MANQUANTE,MANQUANTE,MANQUANTE,MANQUANTE,A_COMPLETER_PREUVES_SSI,A_VERIFIER,MANQUANTE,B1: référence de preuve absente | B2: référence de preuve absente | B3: référence de preuve absente | B4: référence de preuve absente | B5: référence de preuve absente | B6: référence de preuve absente | B7: référence de preuve absente | exclusions non vérifiées | preuve du contrôle des exclusions absente
QIN.F,Qingling Motors Co. Ltd.      R,Allemagne,120886464.0,4736103936.0,46215000.0,-153746000.0,22202624.0,-0.158,0.09295,0.40080002,1238651865.0,Yahoo Finance / yfinance get_info,2026-10-08,0.0,-30.229221712102937,-56.97879816212872,False,MANQUANTE,MANQUANTE,MANQUANTE,MANQUANTE,MANQUANTE,MANQUANTE,MANQUANTE,MANQUANTE,MANQUANTE,MANQUANTE,MANQUANTE,MANQUANTE,MANQUANTE,MANQUANTE,MANQUANTE,A_COMPLETER_PREUVES_SSI,A_VERIFIER,MANQUANTE,B1: référence de preuve absente | B2: référence de preuve absente | B3: référence de preuve absente | B4: référence de preuve absente | B5: référence de preuve absente | B6: référence de preuve absente | B7: référence de preuve absente | exclusions non vérifiées | preuve du contrôle des exclusions absente
EGCA.F,eGain Corp.                   R,Allemagne,120912176.0,73336000.0,2778000.0,8353000.0,17168124.0,-0.047,0.73352,0.42398998,26171467.0,Yahoo Finance / yfinance get_info,2026-10-08,0.0,-20.34483217881196,-27.244095197724093,False,MANQUANTE,MANQUANTE,MANQUANTE,MANQUANTE,MANQUANTE,MANQUANTE,MANQUANTE,MANQUANTE,MANQUANTE,MANQUANTE,MANQUANTE,MANQUANTE,MANQUANTE,MANQUANTE,MANQUANTE,A_COMPLETER_PREUVES_SSI,A_VERIFIER,MANQUANTE,B1: référence de preuve absente | B2: référence de preuve absente | B3: référence de preuve absente | B4: référence de preuve absente | B5: référence de preuve absente | B6: référence de preuve absente | B7: référence de preuve absente | exclusions non vérifiées | preuve du contrôle des exclusions absente
22T.F,Oxford Square Capital Corp.   R,Allemagne,121171248.0,34608040.0,152107088.0,,14173361.0,-0.013,1.0,0.06336,107707775.0,Yahoo Finance / yfinance get_info,2026-10-08,0.0,-14.772730659354682,-29.022083727187777,False,MANQUANTE,MANQUANTE,MANQUANTE,MANQUANTE,MANQUANTE,MANQUANTE,MANQUANTE,MANQUANTE,MANQUANTE,MANQUANTE,MANQUANTE,MANQUANTE,MANQUANTE,MANQUANTE,MANQUANTE,A_COMPLETER_PREUVES_SSI,A_VERIFIER,MANQUANTE,B1: référence de preuve absente | B2: référence de preuve absente | B3: référence de preuve absente | B4: référence de preuve absente | B5: référence de preuve absente | B6: référence de preuve absente | B7: référence de preuve absente | exclusions non vérifiées | preuve du contrôle des exclusions absente
2NH.F,Naturhouse Health S.A.        A,Allemagne,121200000.0,11955000.0,3879000.0,10962000.0,6032875.0,-0.103,0.709,0.78260005,60000000.0,Yahoo Finance / yfinance get_info,2026-10-08,0.0,-18.875503084743823,-22.007720159543453,False,MANQUANTE,MANQUANTE,MANQUANTE,MANQUANTE,MANQUANTE,MANQUANTE,MANQUANTE,MANQUANTE,MANQUANTE,MANQUANTE,MANQUANTE,MANQUANTE,MANQUANTE,MANQUANTE,MANQUANTE,A_COMPLETER_PREUVES_SSI,A_VERIFIER,MANQUANTE,B1: référence de preuve absente | B2: référence de preuve absente | B3: référence de preuve absente | B4: référence de preuve absente | B5: référence de preuve absente | B6: référence de preuve absente | B7: référence de preuve absente | exclusions non vérifiées | preuve du contrôle des exclusions absente
17F.F,FDM Group (Holdings) PLC      R,Allemagne,121372184.0,31122000.0,19084000.0,9931000.0,11213750.0,-0.192,0.43001,0.18267,109344311.0,Yahoo Finance / yfinance get_info,2026-10-08,0.0,-4.310340840949623,9.900992553078236,False,MANQUANTE,MANQUANTE,MANQUANTE,MANQUANTE,MANQUANTE,MANQUANTE,MANQUANTE,MANQUANTE,MANQUANTE,MANQUANTE,MANQUANTE,MANQUANTE,MANQUANTE,MANQUANTE,MANQUANTE,A_COMPLETER_PREUVES_SSI,A_VERIFIER,MANQUANTE,B1: référence de preuve absente | B2: référence de preuve absente | B3: référence de preuve absente | B4: référence de preuve absente | B5: référence de preuve absente | B6: référence de preuve absente | B7: référence de preuve absente | exclusions non vérifiées | preuve du contrôle des exclusions absente
I15.F,Telematik Interaktiv BalgariyaR,Allemagne,121526648.0,11140000.0,1212000.0,9884843.0,8863781.0,0.231,0.85940003,0.89343,12792279.0,Yahoo Finance / yfinance get_info,2026-10-08,0.0,-12.844033647030953,1.0638338885950116,,MANQUANTE,MANQUANTE,MANQUANTE,MANQUANTE,MANQUANTE,MANQUANTE,MANQUANTE,MANQUANTE,MANQUANTE,MANQUANTE,MANQUANTE,MANQUANTE,MANQUANTE,MANQUANTE,MANQUANTE,A_COMPLETER_PREUVES_SSI,A_VERIFIER,MANQUANTE,B1: référence de preuve absente | B2: référence de preuve absente | B3: référence de preuve absente | B4: référence de preuve absente | B5: référence de preuve absente | B6: référence de preuve absente | B7: référence de preuve absente | exclusions non vérifiées | preuve du contrôle des exclusions absente
CI0.SG,Aurrigo International PLC,Allemagne,121544336.0,8406000.0,4743000.0,-5153000.0,-4667375.0,0.194,0.32723,0.53583,89370833.0,Yahoo Finance / yfinance get_info,2026-10-08,0.0,83.78378334839557,62.87425739570524,True,MANQUANTE,MANQUANTE,MANQUANTE,MANQUANTE,MANQUANTE,MANQUANTE,MANQUANTE,MANQUANTE,MANQUANTE,MANQUANTE,MANQUANTE,MANQUANTE,MANQUANTE,MANQUANTE,MANQUANTE,A_COMPLETER_PREUVES_SSI,A_VERIFIER,MANQUANTE,B1: référence de preuve absente | B2: référence de preuve absente | B3: référence de preuve absente | B4: référence de preuve absente | B5: référence de preuve absente | B6: référence de preuve absente | B7: référence de preuve absente | exclusions non vérifiées | preuve du contrôle des exclusions absente
1GJ.F,First Guaranty Bancshares Inc.R,Allemagne,121562336.0,781825984.0,186376000.0,,,1.768,0.0,0.55508,16539094.0,Yahoo Finance / yfinance get_info,2026-10-08,0.0,-13.01775064452021,-6.962027646776658,False,MANQUANTE,MANQUANTE,MANQUANTE,MANQUANTE,MANQUANTE,MANQUANTE,MANQUANTE,MANQUANTE,MANQUANTE,MANQUANTE,MANQUANTE,MANQUANTE,MANQUANTE,MANQUANTE,MANQUANTE,A_COMPLETER_PREUVES_SSI,A_VERIFIER,MANQUANTE,B1: référence de preuve absente | B2: référence de preuve absente | B3: référence de preuve absente | B4: référence de preuve absente | B5: référence de preuve absente | B6: référence de preuve absente | B7: référence de preuve absente | exclusions non vérifiées | preuve du contrôle des exclusions absente
8NW.F,Newton Resources Ltd          R,Allemagne,122000000.0,21562000.0,234000.0,-5661000.0,7255875.0,-0.809,-0.0052,0.71708,4000000000.0,Yahoo Finance / yfinance get_info,2026-10-08,0.0,7.017545006245096,12.962961302168296,True,MANQUANTE,MANQUANTE,MANQUANTE,MANQUANTE,MANQUANTE,MANQUANTE,MANQUANTE,MANQUANTE,MANQUANTE,MANQUANTE,MANQUANTE,MANQUANTE,MANQUANTE,MANQUANTE,MANQUANTE,A_COMPLETER_PREUVES_SSI,A_VERIFIER,MANQUANTE,B1: référence de preuve absente | B2: référence de preuve absente | B3: référence de preuve absente | B4: référence de preuve absente | B5: référence de preuve absente | B6: référence de preuve absente | B7: référence de preuve absente | exclusions non vérifiées | preuve du contrôle des exclusions absente
65T.F,Fountaine Pajot SA            A,Allemagne,122018536.0,135858000.0,46958000.0,24815000.0,-9695000.0,-0.123,0.5033,0.53301,1666920.0,Yahoo Finance / yfinance get_info,2026-10-08,0.0,-12.753282935681842,-20.60737595323992,False,MANQUANTE,MANQUANTE,MANQUANTE,MANQUANTE,MANQUANTE,MANQUANTE,MANQUANTE,MANQUANTE,MANQUANTE,MANQUANTE,MANQUANTE,MANQUANTE,MANQUANTE,MANQUANTE,MANQUANTE,A_COMPLETER_PREUVES_SSI,A_VERIFIER,MANQUANTE,B1: référence de preuve absente | B2: référence de preuve absente | B3: référence de preuve absente | B4: référence de preuve absente | B5: référence de preuve absente | B6: référence de preuve absente | B7: référence de preuve absente | exclusions non vérifiées | preuve du contrôle des exclusions absente
VAU.F,Varia US Properties AG        V,Allemagne,122524824.0,21337696.0,555011840.0,,7070056.0,-0.239,0.51437,0.41897,10126018.0,Yahoo Finance / yfinance get_info,2026-10-08,0.0,-9.701487119916298,-16.551721507105334,False,MANQUANTE,MANQUANTE,MANQUANTE,MANQUANTE,MANQUANTE,MANQUANTE,MANQUANTE,MANQUANTE,MANQUANTE,MANQUANTE,MANQUANTE,MANQUANTE,MANQUANTE,MANQUANTE,MANQUANTE,A_COMPLETER_PREUVES_SSI,A_VERIFIER,MANQUANTE,B1: référence de preuve absente | B2: référence de preuve absente | B3: référence de preuve absente | B4: référence de preuve absente | B5: référence de preuve absente | B6: référence de preuve absente | B7: référence de preuve absente | exclusions non vérifiées | preuve du contrôle des exclusions absente
FZS.F,Fleetwood Ltd.                R,Allemagne,122560656.0,61479000.0,13607000.0,36550000.0,56638124.0,0.056,0.33581,0.12815,90118126.0,Yahoo Finance / yfinance get_info,2026-10-08,0.0,29.523816768274624,38.77550896283542,True,MANQUANTE,MANQUANTE,MANQUANTE,MANQUANTE,MANQUANTE,MANQUANTE,MANQUANTE,MANQUANTE,MANQUANTE,MANQUANTE,MANQUANTE,MANQUANTE,MANQUANTE,MANQUANTE,MANQUANTE,A_COMPLETER_PREUVES_SSI,A_VERIFIER,MANQUANTE,B1: référence de preuve absente | B2: référence de preuve absente | B3: référence de preuve absente | B4: référence de preuve absente | B5: référence de preuve absente | B6: référence de preuve absente | B7: référence de preuve absente | exclusions non vérifiées | preuve du contrôle des exclusions absente
7YM.F,NSE S.A.                      A,Allemagne,122916104.0,23972000.0,31515000.0,11811000.0,3877000.0,0.198,0.47451,0.64352,3295338.0,Yahoo Finance / yfinance get_info,2026-10-08,0.0,-23.2510279667553,-30.4104472035208,False,MANQUANTE,MANQUANTE,MANQUANTE,MANQUANTE,MANQUANTE,MANQUANTE,MANQUANTE,MANQUANTE,MANQUANTE,MANQUANTE,MANQUANTE,MANQUANTE,MANQUANTE,MANQUANTE,MANQUANTE,A_COMPLETER_PREUVES_SSI,A_VERIFIER,MANQUANTE,B1: référence de preuve absente | B2: référence de preuve absente | B3: référence de preuve absente | B4: référence de preuve absente | B5: référence de preuve absente | B6: référence de preuve absente | B7: référence de preuve absente | exclusions non vérifiées | preuve du contrôle des exclusions absente
B46.F,Intron Technology Holdings LtdR,Allemagne,122925744.0,569353984.0,1724288000.0,69417000.0,-162669376.0,0.146,0.11577,0.6656,1087838400.0,Yahoo Finance / yfinance get_info,2026-10-08,0.0,-37.22222580953867,-33.13609574410492,False,MANQUANTE,MANQUANTE,MANQUANTE,MANQUANTE,MANQUANTE,MANQUANTE,MANQUANTE,MANQUANTE,MANQUANTE,MANQUANTE,MANQUANTE,MANQUANTE,MANQUANTE,MANQUANTE,MANQUANTE,A_COMPLETER_PREUVES_SSI,A_VERIFIER,MANQUANTE,B1: référence de preuve absente | B2: référence de preuve absente | B3: référence de preuve absente | B4: référence de preuve absente | B5: référence de preuve absente | B6: référence de preuve absente | B7: référence de preuve absente | exclusions non vérifiées | preuve du contrôle des exclusions absente
KX4A.F,KLX Energy Services Hldgs Inc.R,Allemagne,122940280.0,7900000.0,343000000.0,68400000.0,3250000.0,0.052,0.21004,0.02279,105077168.0,Yahoo Finance / yfinance get_info,2026-10-08,0.0,-44.811319799854346,-39.062500873114935,False,MANQUANTE,MANQUANTE,MANQUANTE,MANQUANTE,MANQUANTE,MANQUANTE,MANQUANTE,MANQUANTE,MANQUANTE,MANQUANTE,MANQUANTE,MANQUANTE,MANQUANTE,MANQUANTE,MANQUANTE,A_COMPLETER_PREUVES_SSI,A_VERIFIER,MANQUANTE,B1: référence de preuve absente | B2: référence de preuve absente | B3: référence de preuve absente | B4: référence de preuve absente | B5: référence de preuve absente | B6: référence de preuve absente | B7: référence de preuve absente | exclusions non vérifiées | preuve du contrôle des exclusions absente
WPK.F,Warehouses Estates Belgium SA A,Allemagne,122951152.0,363210.0,163008224.0,,,-0.014,0.74385,0.58396,3502882.0,Yahoo Finance / yfinance get_info,2026-10-08,0.0,-11.363636801503374,-13.759219124923462,False,MANQUANTE,MANQUANTE,MANQUANTE,MANQUANTE,MANQUANTE,MANQUANTE,MANQUANTE,MANQUANTE,MANQUANTE,MANQUANTE,MANQUANTE,MANQUANTE,MANQUANTE,MANQUANTE,MANQUANTE,A_COMPLETER_PREUVES_SSI,A_VERIFIER,MANQUANTE,B1: référence de preuve absente | B2: référence de preuve absente | B3: référence de preuve absente | B4: référence de preuve absente | B5: référence de preuve absente | B6: référence de preuve absente | B7: référence de preuve absente | exclusions non vérifiées | preuve du contrôle des exclusions absente
FXG.F,Foxtons Group PLC             R,Allemagne,123019832.0,1853000.0,67990000.0,19290000.0,20417750.0,-0.028,0.63276,0.09276,295720742.0,Yahoo Finance / yfinance get_info,2026-10-08,0.0,-15.447155062508855,-13.692943082015251,False,MANQUANTE,MANQUANTE,MANQUANTE,MANQUANTE,MANQUANTE,MANQUANTE,MANQUANTE,MANQUANTE,MANQUANTE,MANQUANTE,MANQUANTE,MANQUANTE,MANQUANTE,MANQUANTE,MANQUANTE,A_COMPLETER_PREUVES_SSI,A_VERIFIER,MANQUANTE,B1: référence de preuve absente | B2: référence de preuve absente | B3: référence de preuve absente | B4: référence de preuve absente | B5: référence de preuve absente | B6: référence de preuve absente | B7: référence de preuve absente | exclusions non vérifiées | preuve du contrôle des exclusions absente
A10.F,Invinity Energy Systems Ltd.  R,Allemagne,123036496.0,10510000.0,2118000.0,-24975000.0,-32816250.0,3.285,-0.20049,0.22941,569613393.0,Yahoo Finance / yfinance get_info,2026-10-08,0.0,-26.027394254316285,6.930692119816251,False,MANQUANTE,MANQUANTE,MANQUANTE,MANQUANTE,MANQUANTE,MANQUANTE,MANQUANTE,MANQUANTE,MANQUANTE,MANQUANTE,MANQUANTE,MANQUANTE,MANQUANTE,MANQUANTE,MANQUANTE,A_COMPLETER_PREUVES_SSI,A_VERIFIER,MANQUANTE,B1: référence de preuve absente | B2: référence de preuve absente | B3: référence de preuve absente | B4: référence de preuve absente | B5: référence de preuve absente | B6: référence de preuve absente | B7: référence de preuve absente | exclusions non vérifiées | preuve du contrôle des exclusions absente
KN6.F,KGL Resources Ltd.            R,Allemagne,123243040.0,25283504.0,189098.0,-19052404.0,-3804850.0,0.222,1.0,0.33645,1369367104.0,Yahoo Finance / yfinance get_info,2026-10-08,0.0,-15.094335246187915,-54.999998882412925,False,MANQUANTE,MANQUANTE,MANQUANTE,MANQUANTE,MANQUANTE,MANQUANTE,MANQUANTE,MANQUANTE,MANQUANTE,MANQUANTE,MANQUANTE,MANQUANTE,MANQUANTE,MANQUANTE,MANQUANTE,A_COMPLETER_PREUVES_SSI,A_VERIFIER,MANQUANTE,B1: référence de preuve absente | B2: référence de preuve absente | B3: référence de preuve absente | B4: référence de preuve absente | B5: référence de preuve absente | B6: référence de preuve absente | B7: référence de preuve absente | exclusions non vérifiées | preuve du contrôle des exclusions absente
C7D.F,Chanjet Inform.Techn.Co.Ltd.  R,Allemagne,123420216.0,736905024.0,9173000.0,47407000.0,40299876.0,0.135,0.68833,0.28575,135077211.0,Yahoo Finance / yfinance get_info,2026-10-08,0.0,-8.133973270454709,-41.818183624383096,False,MANQUANTE,MANQUANTE,MANQUANTE,MANQUANTE,MANQUANTE,MANQUANTE,MANQUANTE,MANQUANTE,MANQUANTE,MANQUANTE,MANQUANTE,MANQUANTE,MANQUANTE,MANQUANTE,MANQUANTE,A_COMPLETER_PREUVES_SSI,A_VERIFIER,MANQUANTE,B1: référence de preuve absente | B2: référence de preuve absente | B3: référence de preuve absente | B4: référence de preuve absente | B5: référence de preuve absente | B6: référence de preuve absente | B7: référence de preuve absente | exclusions non vérifiées | preuve du contrôle des exclusions absente
PWE.F,PW Medtech Group Ltd.         R,Allemagne,123533080.0,1828020992.0,21038000.0,227972000.0,402571360.0,-0.049,0.47882,0.74372,1428128098.0,Yahoo Finance / yfinance get_info,2026-10-08,0.0,-13.065330584131509,-19.90741274111337,False,MANQUANTE,MANQUANTE,MANQUANTE,MANQUANTE,MANQUANTE,MANQUANTE,MANQUANTE,MANQUANTE,MANQUANTE,MANQUANTE,MANQUANTE,MANQUANTE,MANQUANTE,MANQUANTE,MANQUANTE,A_COMPLETER_PREUVES_SSI,A_VERIFIER,MANQUANTE,B1: référence de preuve absente | B2: référence de preuve absente | B3: référence de preuve absente | B4: référence de preuve absente | B5: référence de preuve absente | B6: référence de preuve absente | B7: référence de preuve absente | exclusions non vérifiées | preuve du contrôle des exclusions absente
27V0.F,Avantium N.V.                 B,Allemagne,124017064.0,23868000.0,160435008.0,-41597000.0,-60182624.0,-0.298,-2.86951,0.16277,25206719.0,Yahoo Finance / yfinance get_info,2026-10-08,0.0,-30.01422575451,-28.69565205372725,False,MANQUANTE,MANQUANTE,MANQUANTE,MANQUANTE,MANQUANTE,MANQUANTE,MANQUANTE,MANQUANTE,MANQUANTE,MANQUANTE,MANQUANTE,MANQUANTE,MANQUANTE,MANQUANTE,MANQUANTE,A_COMPLETER_PREUVES_SSI,A_VERIFIER,MANQUANTE,B1: référence de preuve absente | B2: référence de preuve absente | B3: référence de preuve absente | B4: référence de preuve absente | B5: référence de preuve absente | B6: référence de preuve absente | B7: référence de preuve absente | exclusions non vérifiées | preuve du contrôle des exclusions absente
T04.F,Titomic Ltd                   R,Allemagne,124193256.0,14256743.0,16413881.0,-37957180.0,,-0.111,-0.48793,0.24127,1786953394.0,Yahoo Finance / yfinance get_info,2026-10-08,0.0,-36.23853123215108,-56.56249947613104,False,MANQUANTE,MANQUANTE,MANQUANTE,MANQUANTE,MANQUANTE,MANQUANTE,MANQUANTE,MANQUANTE,MANQUANTE,MANQUANTE,MANQUANTE,MANQUANTE,MANQUANTE,MANQUANTE,MANQUANTE,A_COMPLETER_PREUVES_SSI,A_VERIFIER,MANQUANTE,B1: référence de preuve absente | B2: référence de preuve absente | B3: référence de preuve absente | B4: référence de preuve absente | B5: référence de preuve absente | B6: référence de preuve absente | B7: référence de preuve absente | exclusions non vérifiées | preuve du contrôle des exclusions absente
QZ2.F,Dexelance S.p.A.              A,Allemagne,124211008.0,79411000.0,204199008.0,3006000.0,-29884000.0,0.187,0.25365,0.05143,59431107.0,Yahoo Finance / yfinance get_info,2026-10-08,0.0,-3.68664328626489,-28.178699225958947,False,MANQUANTE,MANQUANTE,MANQUANTE,MANQUANTE,MANQUANTE,MANQUANTE,MANQUANTE,MANQUANTE,MANQUANTE,MANQUANTE,MANQUANTE,MANQUANTE,MANQUANTE,MANQUANTE,MANQUANTE,A_COMPLETER_PREUVES_SSI,A_VERIFIER,MANQUANTE,B1: référence de preuve absente | B2: référence de preuve absente | B3: référence de preuve absente | B4: référence de preuve absente | B5: référence de preuve absente | B6: référence de preuve absente | B7: référence de preuve absente | exclusions non vérifiées | preuve du contrôle des exclusions absente
91X.F,Gevorkyan s.r.o.              N,Allemagne,124284720.0,410000.0,95944000.0,30160000.0,-22725876.0,0.237,0.42393002,0.76856005,17857000.0,Yahoo Finance / yfinance get_info,2026-10-08,0.0,-4.132233901886096,-4.657536215128022,,MANQUANTE,MANQUANTE,MANQUANTE,MANQUANTE,MANQUANTE,MANQUANTE,MANQUANTE,MANQUANTE,MANQUANTE,MANQUANTE,MANQUANTE,MANQUANTE,MANQUANTE,MANQUANTE,MANQUANTE,A_COMPLETER_PREUVES_SSI,A_VERIFIER,MANQUANTE,B1: référence de preuve absente | B2: référence de preuve absente | B3: référence de preuve absente | B4: référence de preuve absente | B5: référence de preuve absente | B6: référence de preuve absente | B7: référence de preuve absente | exclusions non vérifiées | preuve du contrôle des exclusions absente
G12.F,Global Atomic Corp.           R,Allemagne,124286536.0,29993336.0,4391030.0,-9739979.0,-103157552.0,-0.423,1.0,0.03794,490282186.0,Yahoo Finance / yfinance get_info,2026-10-08,0.0,-33.46456523536521,-46.74369565067672,False,MANQUANTE,MANQUANTE,MANQUANTE,MANQUANTE,MANQUANTE,MANQUANTE,MANQUANTE,MANQUANTE,MANQUANTE,MANQUANTE,MANQUANTE,MANQUANTE,MANQUANTE,MANQUANTE,MANQUANTE,A_COMPLETER_PREUVES_SSI,A_VERIFIER,MANQUANTE,B1: référence de preuve absente | B2: référence de preuve absente | B3: référence de preuve absente | B4: référence de preuve absente | B5: référence de preuve absente | B6: référence de preuve absente | B7: référence de preuve absente | exclusions non vérifiées | preuve du contrôle des exclusions absente
F5L.F,Humm Group Ltd.               R,Allemagne,124646968.0,118800000.0,4454499840.0,,,-0.123,0.57578,0.43727002,504914454.0,Yahoo Finance / yfinance get_info,2026-10-08,0.0,-10.447765426371136,-36.5079364453634,False,MANQUANTE,MANQUANTE,MANQUANTE,MANQUANTE,MANQUANTE,MANQUANTE,MANQUANTE,MANQUANTE,MANQUANTE,MANQUANTE,MANQUANTE,MANQUANTE,MANQUANTE,MANQUANTE,MANQUANTE,A_COMPLETER_PREUVES_SSI,A_VERIFIER,MANQUANTE,B1: référence de preuve absente | B2: référence de preuve absente | B3: référence de preuve absente | B4: référence de preuve absente | B5: référence de preuve absente | B6: référence de preuve absente | B7: référence de preuve absente | exclusions non vérifiées | preuve du contrôle des exclusions absente
957.F,Digital Hearts Holdings Co.LtdR,Allemagne,124873304.0,6544969216.0,5873200128.0,3455243008.0,,0.05,0.25564,0.84186995,22298804.0,Yahoo Finance / yfinance get_info,2026-10-08,0.0,50.537630687188354,30.84111285320068,True,MANQUANTE,MANQUANTE,MANQUANTE,MANQUANTE,MANQUANTE,MANQUANTE,MANQUANTE,MANQUANTE,MANQUANTE,MANQUANTE,MANQUANTE,MANQUANTE,MANQUANTE,MANQUANTE,MANQUANTE,A_COMPLETER_PREUVES_SSI,A_VERIFIER,MANQUANTE,B1: référence de preuve absente | B2: référence de preuve absente | B3: référence de preuve absente | B4: référence de preuve absente | B5: référence de preuve absente | B6: référence de preuve absente | B7: référence de preuve absente | exclusions non vérifiées | preuve du contrôle des exclusions absente
29C1.F,CareRx Corp.                  R,Allemagne,125590584.0,9574000.0,76335000.0,24059000.0,16518500.0,0.024,0.30028,0.10451999,63429589.0,Yahoo Finance / yfinance get_info,2026-10-08,0.0,-6.6037676435381165,-16.101690377698485,False,MANQUANTE,MANQUANTE,MANQUANTE,MANQUANTE,MANQUANTE,MANQUANTE,MANQUANTE,MANQUANTE,MANQUANTE,MANQUANTE,MANQUANTE,MANQUANTE,MANQUANTE,MANQUANTE,MANQUANTE,A_COMPLETER_PREUVES_SSI,A_VERIFIER,MANQUANTE,B1: référence de preuve absente | B2: référence de preuve absente | B3: référence de preuve absente | B4: référence de preuve absente | B5: référence de preuve absente | B6: référence de preuve absente | B7: référence de preuve absente | exclusions non vérifiées | preuve du contrôle des exclusions absente
QC8.F,H-Power Plc                   R,Allemagne,125701248.0,17439000.0,1397000.0,-19213000.0,-7607250.0,13.882,0.4626,0.03647,1136539282.0,Yahoo Finance / yfinance get_info,2026-10-08,62.60759966075421,-15.829529133526988,-18.91495402543838,False,MANQUANTE,MANQUANTE,MANQUANTE,MANQUANTE,MANQUANTE,MANQUANTE,MANQUANTE,MANQUANTE,MANQUANTE,MANQUANTE,MANQUANTE,MANQUANTE,MANQUANTE,MANQUANTE,MANQUANTE,A_COMPLETER_PREUVES_SSI,A_VERIFIER,MANQUANTE,B1: référence de preuve absente | B2: référence de preuve absente | B3: référence de preuve absente | B4: référence de preuve absente | B5: référence de preuve absente | B6: référence de preuve absente | B7: référence de preuve absente | exclusions non vérifiées | preuve du contrôle des exclusions absente
2QR.F,QRF CVA                       A,Allemagne,126081976.0,1563000.0,186472000.0,11951500.0,6750375.0,0.392,0.82752997,0.37864,12998142.0,Yahoo Finance / yfinance get_info,2026-10-08,0.0,-2.0202001714301865,-10.599083242140972,False,MANQUANTE,MANQUANTE,MANQUANTE,MANQUANTE,MANQUANTE,MANQUANTE,MANQUANTE,MANQUANTE,MANQUANTE,MANQUANTE,MANQUANTE,MANQUANTE,MANQUANTE,MANQUANTE,MANQUANTE,A_COMPLETER_PREUVES_SSI,A_VERIFIER,MANQUANTE,B1: référence de preuve absente | B2: référence de preuve absente | B3: référence de preuve absente | B4: référence de preuve absente | B5: référence de preuve absente | B6: référence de preuve absente | B7: référence de preuve absente | exclusions non vérifiées | preuve du contrôle des exclusions absente
0B0.F,CBo Territoria                A,Allemagne,126116568.0,8686000.0,149399008.0,24738000.0,4827625.0,-0.01,0.63215,0.35734,35032379.0,Yahoo Finance / yfinance get_info,2026-10-08,0.0,-5.26315921561541,-7.692312394843659,False,MANQUANTE,MANQUANTE,MANQUANTE,MANQUANTE,MANQUANTE,MANQUANTE,MANQUANTE,MANQUANTE,MANQUANTE,MANQUANTE,MANQUANTE,MANQUANTE,MANQUANTE,MANQUANTE,MANQUANTE,A_COMPLETER_PREUVES_SSI,A_VERIFIER,MANQUANTE,B1: référence de preuve absente | B2: référence de preuve absente | B3: référence de preuve absente | B4: référence de preuve absente | B5: référence de preuve absente | B6: référence de preuve absente | B7: référence de preuve absente | exclusions non vérifiées | preuve du contrôle des exclusions absente
SI7.F,SIFCO INDUSTRIES INC.         R,Allemagne,126333392.0,77000.0,19518000.0,9293000.0,1633375.0,0.183,0.16568,0.22638,6254128.0,Yahoo Finance / yfinance get_info,2026-10-08,0.0,4.663220525681111,53.03031102137581,True,MANQUANTE,MANQUANTE,MANQUANTE,MANQUANTE,MANQUANTE,MANQUANTE,MANQUANTE,MANQUANTE,MANQUANTE,MANQUANTE,MANQUANTE,MANQUANTE,MANQUANTE,MANQUANTE,MANQUANTE,A_COMPLETER_PREUVES_SSI,A_VERIFIER,MANQUANTE,B1: référence de preuve absente | B2: référence de preuve absente | B3: référence de preuve absente | B4: référence de preuve absente | B5: référence de preuve absente | B6: référence de preuve absente | B7: référence de preuve absente | exclusions non vérifiées | preuve du contrôle des exclusions absente
ELI.F,Vera Bradley Inc.             R,Allemagne,126344872.0,34249000.0,70968000.0,-1457000.0,53081000.0,0.011,0.50426996,0.29966,28688664.0,Yahoo Finance / yfinance get_info,2026-10-08,0.0,27.94886454707326,37.11083287361796,True,MANQUANTE,MANQUANTE,MANQUANTE,MANQUANTE,MANQUANTE,MANQUANTE,MANQUANTE,MANQUANTE,MANQUANTE,MANQUANTE,MANQUANTE,MANQUANTE,MANQUANTE,MANQUANTE,MANQUANTE,A_COMPLETER_PREUVES_SSI,A_VERIFIER,MANQUANTE,B1: référence de preuve absente | B2: référence de preuve absente | B3: référence de preuve absente | B4: référence de preuve absente | B5: référence de preuve absente | B6: référence de preuve absente | B7: référence de preuve absente | exclusions non vérifiées | preuve du contrôle des exclusions absente
1X4.F,Motorpoint Group PLC          R,Allemagne,126615248.0,5200000.0,222800000.0,21600000.0,-30112500.0,0.018,0.07796,0.28534,79632232.0,Yahoo Finance / yfinance get_info,2026-10-08,0.0,12.765962483567517,8.904109029793172,True,MANQUANTE,MANQUANTE,MANQUANTE,MANQUANTE,MANQUANTE,MANQUANTE,MANQUANTE,MANQUANTE,MANQUANTE,MANQUANTE,MANQUANTE,MANQUANTE,MANQUANTE,MANQUANTE,MANQUANTE,A_COMPLETER_PREUVES_SSI,A_VERIFIER,MANQUANTE,B1: référence de preuve absente | B2: référence de preuve absente | B3: référence de preuve absente | B4: référence de preuve absente | B5: référence de preuve absente | B6: référence de preuve absente | B7: référence de preuve absente | exclusions non vérifiées | preuve du contrôle des exclusions absente
0CY.F,Masi Agricola S.p.A.          A,Allemagne,126675560.0,14153280.0,54346848.0,4212071.0,-3226394.0,-0.067,0.25929,0.91708,32151156.0,Yahoo Finance / yfinance get_info,2026-10-08,0.0,-13.215857041277925,-1.0050241623450806,False,MANQUANTE,MANQUANTE,MANQUANTE,MANQUANTE,MANQUANTE,MANQUANTE,MANQUANTE,MANQUANTE,MANQUANTE,MANQUANTE,MANQUANTE,MANQUANTE,MANQUANTE,MANQUANTE,MANQUANTE,A_COMPLETER_PREUVES_SSI,A_VERIFIER,MANQUANTE,B1: référence de preuve absente | B2: référence de preuve absente | B3: référence de preuve absente | B4: référence de preuve absente | B5: référence de preuve absente | B6: référence de preuve absente | B7: référence de preuve absente | exclusions non vérifiées | preuve du contrôle des exclusions absente
OCS1.F,Pharos Energy PLC             R,Allemagne,126719912.0,45400000.0,0.0,63800000.0,63575000.0,0.235,0.2069,0.55317,414117372.0,Yahoo Finance / yfinance get_info,2026-10-08,0.0,20.472434847314737,6.992999997499116,True,MANQUANTE,MANQUANTE,MANQUANTE,MANQUANTE,MANQUANTE,MANQUANTE,MANQUANTE,MANQUANTE,MANQUANTE,MANQUANTE,MANQUANTE,MANQUANTE,MANQUANTE,MANQUANTE,MANQUANTE,A_COMPLETER_PREUVES_SSI,A_VERIFIER,MANQUANTE,B1: référence de preuve absente | B2: référence de preuve absente | B3: référence de preuve absente | B4: référence de preuve absente | B5: référence de preuve absente | B6: référence de preuve absente | B7: référence de preuve absente | exclusions non vérifiées | preuve du contrôle des exclusions absente
EP7.F,Evolution Petroleum Corp.     R,Allemagne,126743368.0,6137000.0,56946000.0,23410000.0,-5573875.0,0.147,0.417,0.09635,40172226.0,Yahoo Finance / yfinance get_info,2026-10-08,0.0,-0.1582314653514771,-14.84480333716519,False,MANQUANTE,MANQUANTE,MANQUANTE,MANQUANTE,MANQUANTE,MANQUANTE,MANQUANTE,MANQUANTE,MANQUANTE,MANQUANTE,MANQUANTE,MANQUANTE,MANQUANTE,MANQUANTE,MANQUANTE,A_COMPLETER_PREUVES_SSI,A_VERIFIER,MANQUANTE,B1: référence de preuve absente | B2: référence de preuve absente | B3: référence de preuve absente | B4: référence de preuve absente | B5: référence de preuve absente | B6: référence de preuve absente | B7: référence de preuve absente | exclusions non vérifiées | preuve du contrôle des exclusions absente
TG1N.F,Armata Pharmaceuticals Inc.   R,Allemagne,127162376.0,23952000.0,313952992.0,-33448000.0,-27409624.0,0.157,-2.17355,0.67639,37181979.0,Yahoo Finance / yfinance get_info,2026-10-08,0.0,-7.0652170039868345,-65.27918838736487,False,MANQUANTE,MANQUANTE,MANQUANTE,MANQUANTE,MANQUANTE,MANQUANTE,MANQUANTE,MANQUANTE,MANQUANTE,MANQUANTE,MANQUANTE,MANQUANTE,MANQUANTE,MANQUANTE,MANQUANTE,A_COMPLETER_PREUVES_SSI,A_VERIFIER,MANQUANTE,B1: référence de preuve absente | B2: référence de preuve absente | B3: référence de preuve absente | B4: référence de preuve absente | B5: référence de preuve absente | B6: référence de preuve absente | B7: référence de preuve absente | exclusions non vérifiées | preuve du contrôle des exclusions absente
PJ4A.F,ReposiTrak Inc.               R,Allemagne,127408432.0,27256008.0,294340.0,8281557.0,7464774.0,-0.032,0.85800004,0.33016,18201204.0,Yahoo Finance / yfinance get_info,2026-10-08,0.0,-9.090906839021628,11.111107747180649,False,MANQUANTE,MANQUANTE,MANQUANTE,MANQUANTE,MANQUANTE,MANQUANTE,MANQUANTE,MANQUANTE,MANQUANTE,MANQUANTE,MANQUANTE,MANQUANTE,MANQUANTE,MANQUANTE,MANQUANTE,A_COMPLETER_PREUVES_SSI,A_VERIFIER,MANQUANTE,B1: référence de preuve absente | B2: référence de preuve absente | B3: référence de preuve absente | B4: référence de preuve absente | B5: référence de preuve absente | B6: référence de preuve absente | B7: référence de preuve absente | exclusions non vérifiées | preuve du contrôle des exclusions absente
BI2.F,BIESSE S.P.A.                 A,Allemagne,127466560.0,86465000.0,128367000.0,33496000.0,-2431125.0,-0.026,0.57698,0.51,26580145.0,Yahoo Finance / yfinance get_info,2026-10-08,0.0,-5.87628562919943,-16.084558654344516,False,MANQUANTE,MANQUANTE,MANQUANTE,MANQUANTE,MANQUANTE,MANQUANTE,MANQUANTE,MANQUANTE,MANQUANTE,MANQUANTE,MANQUANTE,MANQUANTE,MANQUANTE,MANQUANTE,MANQUANTE,A_COMPLETER_PREUVES_SSI,A_VERIFIER,MANQUANTE,B1: référence de preuve absente | B2: référence de preuve absente | B3: référence de preuve absente | B4: référence de preuve absente | B5: référence de preuve absente | B6: référence de preuve absente | B7: référence de preuve absente | exclusions non vérifiées | preuve du contrôle des exclusions absente
5QA.F,DUG Technology Ltd.           R,Allemagne,127564320.0,10501000.0,42702000.0,16510000.0,23743876.0,0.36,0.57666,0.21440001,135706722.0,Yahoo Finance / yfinance get_info,2026-10-08,0.0,-25.98425104463008,-25.98425104463008,False,MANQUANTE,MANQUANTE,MANQUANTE,MANQUANTE,MANQUANTE,MANQUANTE,MANQUANTE,MANQUANTE,MANQUANTE,MANQUANTE,MANQUANTE,MANQUANTE,MANQUANTE,MANQUANTE,MANQUANTE,A_COMPLETER_PREUVES_SSI,A_VERIFIER,MANQUANTE,B1: référence de preuve absente | B2: référence de preuve absente | B3: référence de preuve absente | B4: référence de preuve absente | B5: référence de preuve absente | B6: référence de preuve absente | B7: référence de preuve absente | exclusions non vérifiées | preuve du contrôle des exclusions absente
HC2.F,HURCO COMPANIES INC.          R,Allemagne,127583552.0,52087000.0,9840000.0,-3172000.0,15803375.0,0.032,0.21393,0.107250005,6476322.0,Yahoo Finance / yfinance get_info,2026-10-08,0.0,-2.4752474312641604,45.925931577329294,True,MANQUANTE,MANQUANTE,MANQUANTE,MANQUANTE,MANQUANTE,MANQUANTE,MANQUANTE,MANQUANTE,MANQUANTE,MANQUANTE,MANQUANTE,MANQUANTE,MANQUANTE,MANQUANTE,MANQUANTE,A_COMPLETER_PREUVES_SSI,A_VERIFIER,MANQUANTE,B1: référence de preuve absente | B2: référence de preuve absente | B3: référence de preuve absente | B4: référence de preuve absente | B5: référence de preuve absente | B6: référence de preuve absente | B7: référence de preuve absente | exclusions non vérifiées | preuve du contrôle des exclusions absente
B0Z.F,Redelfi S.p.A.                A,Allemagne,127724976.0,3294846.0,32733014.0,16308396.0,-14459304.0,-0.118,12.27551,0.48776,11465437.0,Yahoo Finance / yfinance get_info,2026-10-08,0.0,1.642338545157651,4.112154597204953,False,MANQUANTE,MANQUANTE,MANQUANTE,MANQUANTE,MANQUANTE,MANQUANTE,MANQUANTE,MANQUANTE,MANQUANTE,MANQUANTE,MANQUANTE,MANQUANTE,MANQUANTE,MANQUANTE,MANQUANTE,A_COMPLETER_PREUVES_SSI,A_VERIFIER,MANQUANTE,B1: référence de preuve absente | B2: référence de preuve absente | B3: référence de preuve absente | B4: référence de preuve absente | B5: référence de preuve absente | B6: référence de preuve absente | B7: référence de preuve absente | exclusions non vérifiées | preuve du contrôle des exclusions absente
Y87.F,Golconda Gold Ltd.            R,Allemagne,127808432.0,5808573.0,0.0,20137556.0,6185358.0,0.564,0.47298,0.16065,71401362.0,Yahoo Finance / yfinance get_info,2026-10-08,0.0,35.60605232763805,10.767320515335244,True,MANQUANTE,MANQUANTE,MANQUANTE,MANQUANTE,MANQUANTE,MANQUANTE,MANQUANTE,MANQUANTE,MANQUANTE,MANQUANTE,MANQUANTE,MANQUANTE,MANQUANTE,MANQUANTE,MANQUANTE,A_COMPLETER_PREUVES_SSI,A_VERIFIER,MANQUANTE,B1: référence de preuve absente | B2: référence de preuve absente | B3: référence de preuve absente | B4: référence de preuve absente | B5: référence de preuve absente | B6: référence de preuve absente | B7: référence de preuve absente | exclusions non vérifiées | preuve du contrôle des exclusions absente
69R.F,Appear ASA                    R,Allemagne,127876760.0,425620992.0,67391000.0,130095000.0,8857000.0,-0.3,0.38651,0.59749,40595795.0,Yahoo Finance / yfinance get_info,2026-10-08,0.0,-21.446386145324738,-50.93457853686159,False,MANQUANTE,MANQUANTE,MANQUANTE,MANQUANTE,MANQUANTE,MANQUANTE,MANQUANTE,MANQUANTE,MANQUANTE,MANQUANTE,MANQUANTE,MANQUANTE,MANQUANTE,MANQUANTE,MANQUANTE,A_COMPLETER_PREUVES_SSI,A_VERIFIER,MANQUANTE,B1: référence de preuve absente | B2: référence de preuve absente | B3: référence de preuve absente | B4: référence de preuve absente | B5: référence de preuve absente | B6: référence de preuve absente | B7: référence de preuve absente | exclusions non vérifiées | preuve du contrôle des exclusions absente
Y96.F,Nations Royalty Corp.         R,Allemagne,128272720.0,16267232.0,0.0,,-1941091.0,10.584,1.0,0.73489,155230637.0,Yahoo Finance / yfinance get_info,2026-10-08,0.0,33.050857816952515,31.93277117307145,True,MANQUANTE,MANQUANTE,MANQUANTE,MANQUANTE,MANQUANTE,MANQUANTE,MANQUANTE,MANQUANTE,MANQUANTE,MANQUANTE,MANQUANTE,MANQUANTE,MANQUANTE,MANQUANTE,MANQUANTE,A_COMPLETER_PREUVES_SSI,A_VERIFIER,MANQUANTE,B1: référence de preuve absente | B2: référence de preuve absente | B3: référence de preuve absente | B4: référence de preuve absente | B5: référence de preuve absente | B6: référence de preuve absente | B7: référence de preuve absente | exclusions non vérifiées | preuve du contrôle des exclusions absente
GMWA.F,Boab Metals Ltd.              R,Allemagne,128451088.0,60862296.0,8685760.0,-4307588.0,-36425800.0,43.262,1.0,0.10762,578608493.0,Yahoo Finance / yfinance get_info,2026-10-08,0.0,3.7383183426956457,-11.90476218634091,False,MANQUANTE,MANQUANTE,MANQUANTE,MANQUANTE,MANQUANTE,MANQUANTE,MANQUANTE,MANQUANTE,MANQUANTE,MANQUANTE,MANQUANTE,MANQUANTE,MANQUANTE,MANQUANTE,MANQUANTE,A_COMPLETER_PREUVES_SSI,A_VERIFIER,MANQUANTE,B1: référence de preuve absente | B2: référence de preuve absente | B3: référence de preuve absente | B4: référence de preuve absente | B5: référence de preuve absente | B6: référence de preuve absente | B7: référence de preuve absente | exclusions non vérifiées | preuve du contrôle des exclusions absente
VT6.F,Voyager Therapeutics Inc.     R,Allemagne,128535040.0,116338000.0,32567000.0,-109867000.0,-77310000.0,-0.391,-2.3680902,0.14840999,61617948.0,Yahoo Finance / yfinance get_info,2026-10-08,0.0,-26.909604108217632,-32.882884852496154,False,MANQUANTE,MANQUANTE,MANQUANTE,MANQUANTE,MANQUANTE,MANQUANTE,MANQUANTE,MANQUANTE,MANQUANTE,MANQUANTE,MANQUANTE,MANQUANTE,MANQUANTE,MANQUANTE,MANQUANTE,A_COMPLETER_PREUVES_SSI,A_VERIFIER,MANQUANTE,B1: référence de preuve absente | B2: référence de preuve absente | B3: référence de preuve absente | B4: référence de preuve absente | B5: référence de preuve absente | B6: référence de preuve absente | B7: référence de preuve absente | exclusions non vérifiées | preuve du contrôle des exclusions absente
QS0.F,Silver Crown Royalties Inc.   R,Allemagne,128711472.0,4862068.0,0.0,-949932.0,-13220667.0,5.984,0.96472,0.19261,5547908.0,Yahoo Finance / yfinance get_info,2026-10-08,0.0,62.23776540905925,109.00900869939964,True,MANQUANTE,MANQUANTE,MANQUANTE,MANQUANTE,MANQUANTE,MANQUANTE,MANQUANTE,MANQUANTE,MANQUANTE,MANQUANTE,MANQUANTE,MANQUANTE,MANQUANTE,MANQUANTE,MANQUANTE,A_COMPLETER_PREUVES_SSI,A_VERIFIER,MANQUANTE,B1: référence de preuve absente | B2: référence de preuve absente | B3: référence de preuve absente | B4: référence de preuve absente | B5: référence de preuve absente | B6: référence de preuve absente | B7: référence de preuve absente | exclusions non vérifiées | preuve du contrôle des exclusions absente
1ON.F,Huckleberry.ai Inc.           R,Allemagne,128879080.0,25071000.0,146760000.0,-24965000.0,10888000.0,-0.037,0.75441,0.07717,43772502.0,Yahoo Finance / yfinance get_info,2026-10-08,0.0,-6.643950154838041,21.131737748848067,False,MANQUANTE,MANQUANTE,MANQUANTE,MANQUANTE,MANQUANTE,MANQUANTE,MANQUANTE,MANQUANTE,MANQUANTE,MANQUANTE,MANQUANTE,MANQUANTE,MANQUANTE,MANQUANTE,MANQUANTE,A_COMPLETER_PREUVES_SSI,A_VERIFIER,MANQUANTE,B1: référence de preuve absente | B2: référence de preuve absente | B3: référence de preuve absente | B4: référence de preuve absente | B5: référence de preuve absente | B6: référence de preuve absente | B7: référence de preuve absente | exclusions non vérifiées | preuve du contrôle des exclusions absente
I49.F,Master Drilling Group Ltd.    R,Allemagne,128960072.0,38287084.0,84016792.0,54747940.0,-2148858.0,0.17,0.28190002,0.58326,150536779.0,Yahoo Finance / yfinance get_info,2026-10-08,0.0,0.0,-1.2048181523292234,False,MANQUANTE,MANQUANTE,MANQUANTE,MANQUANTE,MANQUANTE,MANQUANTE,MANQUANTE,MANQUANTE,MANQUANTE,MANQUANTE,MANQUANTE,MANQUANTE,MANQUANTE,MANQUANTE,MANQUANTE,A_COMPLETER_PREUVES_SSI,A_VERIFIER,MANQUANTE,B1: référence de preuve absente | B2: référence de preuve absente | B3: référence de preuve absente | B4: référence de preuve absente | B5: référence de preuve absente | B6: référence de preuve absente | B7: référence de preuve absente | exclusions non vérifiées | preuve du contrôle des exclusions absente
0WT.F,Kanamic Network Co. LTD.      R,Allemagne,129083848.0,4095706880.0,458217984.0,2373157120.0,,0.101,0.6462,0.50329,47457294.0,Yahoo Finance / yfinance get_info,2026-10-08,0.0,3.030300019967558,-0.7299263086460783,False,MANQUANTE,MANQUANTE,MANQUANTE,MANQUANTE,MANQUANTE,MANQUANTE,MANQUANTE,MANQUANTE,MANQUANTE,MANQUANTE,MANQUANTE,MANQUANTE,MANQUANTE,MANQUANTE,MANQUANTE,A_COMPLETER_PREUVES_SSI,A_VERIFIER,MANQUANTE,B1: référence de preuve absente | B2: référence de preuve absente | B3: référence de preuve absente | B4: référence de preuve absente | B5: référence de preuve absente | B6: référence de preuve absente | B7: référence de preuve absente | exclusions non vérifiées | preuve du contrôle des exclusions absente
N4Q1.F,Hemisphere Energy Corp.       R,Allemagne,129122656.0,16088000.0,2573000.0,55346000.0,10224375.0,0.353,0.76314,0.08011,94250109.0,Yahoo Finance / yfinance get_info,2026-10-08,0.0,-11.038958525693786,-18.452378122511814,False,MANQUANTE,MANQUANTE,MANQUANTE,MANQUANTE,MANQUANTE,MANQUANTE,MANQUANTE,MANQUANTE,MANQUANTE,MANQUANTE,MANQUANTE,MANQUANTE,MANQUANTE,MANQUANTE,MANQUANTE,A_COMPLETER_PREUVES_SSI,A_VERIFIER,MANQUANTE,B1: référence de preuve absente | B2: référence de preuve absente | B3: référence de preuve absente | B4: référence de preuve absente | B5: référence de preuve absente | B6: référence de preuve absente | B7: référence de preuve absente | exclusions non vérifiées | preuve du contrôle des exclusions absente
4LX.F,General de Alquiler de M. S.A.A,Allemagne,129140064.0,27420000.0,356792000.0,54510000.0,17047500.0,0.026,0.64377,0.8134,94608106.0,Yahoo Finance / yfinance get_info,2026-10-08,0.0,-5.536334948887268,-7.457627967937475,False,MANQUANTE,MANQUANTE,MANQUANTE,MANQUANTE,MANQUANTE,MANQUANTE,MANQUANTE,MANQUANTE,MANQUANTE,MANQUANTE,MANQUANTE,MANQUANTE,MANQUANTE,MANQUANTE,MANQUANTE,A_COMPLETER_PREUVES_SSI,A_VERIFIER,MANQUANTE,B1: référence de preuve absente | B2: référence de preuve absente | B3: référence de preuve absente | B4: référence de preuve absente | B5: référence de preuve absente | B6: référence de preuve absente | B7: référence de preuve absente | exclusions non vérifiées | preuve du contrôle des exclusions absente
GW7.F,Fais Holding S.A.             N,Allemagne,129146032.0,25172012.0,135232192.0,30685792.0,25453962.0,,0.45562,0.68457,45155955.0,Yahoo Finance / yfinance get_info,2026-10-08,0.0,-10.625004610046672,-12.000003227820766,,MANQUANTE,MANQUANTE,MANQUANTE,MANQUANTE,MANQUANTE,MANQUANTE,MANQUANTE,MANQUANTE,MANQUANTE,MANQUANTE,MANQUANTE,MANQUANTE,MANQUANTE,MANQUANTE,MANQUANTE,A_COMPLETER_PREUVES_SSI,A_VERIFIER,MANQUANTE,B1: référence de preuve absente | B2: référence de preuve absente | B3: référence de preuve absente | B4: référence de preuve absente | B5: référence de preuve absente | B6: référence de preuve absente | B7: référence de preuve absente | exclusions non vérifiées | preuve du contrôle des exclusions absente
5RG.F,Altair Minerals Ltd.          R,Allemagne,129264200.0,33701968.0,0.0,-4891820.0,-6527910.0,13.733,1.0,0.58418,6628932966.0,Yahoo Finance / yfinance get_info,2026-10-08,0.0,39.2857128602206,14.705878485858026,True,MANQUANTE,MANQUANTE,MANQUANTE,MANQUANTE,MANQUANTE,MANQUANTE,MANQUANTE,MANQUANTE,MANQUANTE,MANQUANTE,MANQUANTE,MANQUANTE,MANQUANTE,MANQUANTE,MANQUANTE,A_COMPLETER_PREUVES_SSI,A_VERIFIER,MANQUANTE,B1: référence de preuve absente | B2: référence de preuve absente | B3: référence de preuve absente | B4: référence de preuve absente | B5: référence de preuve absente | B6: référence de preuve absente | B7: référence de preuve absente | exclusions non vérifiées | preuve du contrôle des exclusions absente
MUT3.F,MINERALBR.UEBERK.-VZ-,Allemagne,129313608.0,633561.0,18754322.0,17827654.0,-2737173.0,0.019,0.68386,0.404,2187360.0,Yahoo Finance / yfinance get_info,2026-10-08,830.0000190734863,-10.752687951514783,-3.4883741561368864,False,MANQUANTE,MANQUANTE,MANQUANTE,MANQUANTE,MANQUANTE,MANQUANTE,MANQUANTE,MANQUANTE,MANQUANTE,MANQUANTE,MANQUANTE,MANQUANTE,MANQUANTE,MANQUANTE,MANQUANTE,A_COMPLETER_PREUVES_SSI,A_VERIFIER,MANQUANTE,B1: référence de preuve absente | B2: référence de preuve absente | B3: référence de preuve absente | B4: référence de preuve absente | B5: référence de preuve absente | B6: référence de preuve absente | B7: référence de preuve absente | exclusions non vérifiées | preuve du contrôle des exclusions absente
8CB0.F,Cannara Biotech Inc.          R,Allemagne,129404600.0,21808080.0,36999196.0,24732790.0,3188869.0,0.164,0.42591998,0.50134,98782148.0,Yahoo Finance / yfinance get_info,2026-10-08,0.0,21.29628617822428,16.964280107343697,True,MANQUANTE,MANQUANTE,MANQUANTE,MANQUANTE,MANQUANTE,MANQUANTE,MANQUANTE,MANQUANTE,MANQUANTE,MANQUANTE,MANQUANTE,MANQUANTE,MANQUANTE,MANQUANTE,MANQUANTE,A_COMPLETER_PREUVES_SSI,A_VERIFIER,MANQUANTE,B1: référence de preuve absente | B2: référence de preuve absente | B3: référence de preuve absente | B4: référence de preuve absente | B5: référence de preuve absente | B6: référence de preuve absente | B7: référence de preuve absente | exclusions non vérifiées | preuve du contrôle des exclusions absente
1EH.F,Dominion Hosting Hldg S.p.A.  A,Allemagne,129487160.0,23369040.0,20468788.0,7816171.0,6569432.0,0.131,0.35269,0.68851995,5581343.0,Yahoo Finance / yfinance get_info,2026-10-08,0.0,-12.45282730966244,13.170735428972936,,MANQUANTE,MANQUANTE,MANQUANTE,MANQUANTE,MANQUANTE,MANQUANTE,MANQUANTE,MANQUANTE,MANQUANTE,MANQUANTE,MANQUANTE,MANQUANTE,MANQUANTE,MANQUANTE,MANQUANTE,A_COMPLETER_PREUVES_SSI,A_VERIFIER,MANQUANTE,B1: référence de preuve absente | B2: référence de preuve absente | B3: référence de preuve absente | B4: référence de preuve absente | B5: référence de preuve absente | B6: référence de preuve absente | B7: référence de preuve absente | exclusions non vérifiées | preuve du contrôle des exclusions absente
WW60.F,WW International Inc.         R,Allemagne,129783904.0,101497000.0,426311008.0,96854000.0,88775000.0,-0.142,0.71022004,0.08229,9998760.0,Yahoo Finance / yfinance get_info,2026-10-08,0.0,0.5422129794854458,45.51568869076983,,MANQUANTE,MANQUANTE,MANQUANTE,MANQUANTE,MANQUANTE,MANQUANTE,MANQUANTE,MANQUANTE,MANQUANTE,MANQUANTE,MANQUANTE,MANQUANTE,MANQUANTE,MANQUANTE,MANQUANTE,A_COMPLETER_PREUVES_SSI,A_VERIFIER,MANQUANTE,B1: référence de preuve absente | B2: référence de preuve absente | B3: référence de preuve absente | B4: référence de preuve absente | B5: référence de preuve absente | B6: référence de preuve absente | B7: référence de preuve absente | exclusions non vérifiées | preuve du contrôle des exclusions absente
0O9.F,Niu Technologies              R,Allemagne,129811720.0,1475750656.0,222561664.0,-138359776.0,,0.147,0.18260999,0.15059,70825078.0,Yahoo Finance / yfinance get_info,2026-10-08,0.0,-12.201592585523658,-31.327804462740573,False,MANQUANTE,MANQUANTE,MANQUANTE,MANQUANTE,MANQUANTE,MANQUANTE,MANQUANTE,MANQUANTE,MANQUANTE,MANQUANTE,MANQUANTE,MANQUANTE,MANQUANTE,MANQUANTE,MANQUANTE,A_COMPLETER_PREUVES_SSI,A_VERIFIER,MANQUANTE,B1: référence de preuve absente | B2: référence de preuve absente | B3: référence de preuve absente | B4: référence de preuve absente | B5: référence de preuve absente | B6: référence de preuve absente | B7: référence de preuve absente | exclusions non vérifiées | preuve du contrôle des exclusions absente
44N.F,ZUIKO CORP.                   R,Allemagne,129970800.0,11896999936.0,7542000128.0,504000000.0,-2102625024.0,0.263,0.12954001,0.22813,25994159.0,Yahoo Finance / yfinance get_info,2026-10-08,0.0,4.602505868937423,4.602505868937423,True,MANQUANTE,MANQUANTE,MANQUANTE,MANQUANTE,MANQUANTE,MANQUANTE,MANQUANTE,MANQUANTE,MANQUANTE,MANQUANTE,MANQUANTE,MANQUANTE,MANQUANTE,MANQUANTE,MANQUANTE,A_COMPLETER_PREUVES_SSI,A_VERIFIER,MANQUANTE,B1: référence de preuve absente | B2: référence de preuve absente | B3: référence de preuve absente | B4: référence de preuve absente | B5: référence de preuve absente | B6: référence de preuve absente | B7: référence de preuve absente | exclusions non vérifiées | preuve du contrôle des exclusions absente
OCC.F,Optical Cable Corp.           R,Allemagne,129977752.0,297193.0,11081302.0,4257255.0,-629699.0,0.22,0.34252998,0.40498,8842024.0,Yahoo Finance / yfinance get_info,2026-10-08,0.0,8.08823085986219,49.23857096411339,True,MANQUANTE,MANQUANTE,MANQUANTE,MANQUANTE,MANQUANTE,MANQUANTE,MANQUANTE,MANQUANTE,MANQUANTE,MANQUANTE,MANQUANTE,MANQUANTE,MANQUANTE,MANQUANTE,MANQUANTE,A_COMPLETER_PREUVES_SSI,A_VERIFIER,MANQUANTE,B1: référence de preuve absente | B2: référence de preuve absente | B3: référence de preuve absente | B4: référence de preuve absente | B5: référence de preuve absente | B6: référence de preuve absente | B7: référence de preuve absente | exclusions non vérifiées | preuve du contrôle des exclusions absente
LE70.F,Lee Enterprises Inc.          R,Allemagne,130408456.0,59428000.0,475296000.0,53086000.0,26446624.0,-0.108,0.60716,0.72906,22292044.0,Yahoo Finance / yfinance get_info,2026-10-08,0.0,-10.687026957532952,-23.529413964646608,False,MANQUANTE,MANQUANTE,MANQUANTE,MANQUANTE,MANQUANTE,MANQUANTE,MANQUANTE,MANQUANTE,MANQUANTE,MANQUANTE,MANQUANTE,MANQUANTE,MANQUANTE,MANQUANTE,MANQUANTE,A_COMPLETER_PREUVES_SSI,A_VERIFIER,MANQUANTE,B1: référence de preuve absente | B2: référence de preuve absente | B3: référence de preuve absente | B4: référence de preuve absente | B5: référence de preuve absente | B6: référence de preuve absente | B7: référence de preuve absente | exclusions non vérifiées | preuve du contrôle des exclusions absente
S3T.F,Shutterstock Inc.             R,Allemagne,130573112.0,133208000.0,297268992.0,141248000.0,147756880.0,-0.169,0.56891,0.31151,36947684.0,Yahoo Finance / yfinance get_info,2026-10-08,0.0,-49.5863080669961,-75.57705698220411,False,MANQUANTE,MANQUANTE,MANQUANTE,MANQUANTE,MANQUANTE,MANQUANTE,MANQUANTE,MANQUANTE,MANQUANTE,MANQUANTE,MANQUANTE,MANQUANTE,MANQUANTE,MANQUANTE,MANQUANTE,A_COMPLETER_PREUVES_SSI,A_VERIFIER,MANQUANTE,B1: référence de preuve absente | B2: référence de preuve absente | B3: référence de preuve absente | B4: référence de preuve absente | B5: référence de preuve absente | B6: référence de preuve absente | B7: référence de preuve absente | exclusions non vérifiées | preuve du contrôle des exclusions absente
8F5.F,Eagle Bancorp Montana Inc.    R,Allemagne,130633064.0,28960000.0,96701000.0,,,0.087,0.0,0.06421,7965431.0,Yahoo Finance / yfinance get_info,2026-10-08,0.0,-17.587940035641537,-10.86956544273968,False,MANQUANTE,MANQUANTE,MANQUANTE,MANQUANTE,MANQUANTE,MANQUANTE,MANQUANTE,MANQUANTE,MANQUANTE,MANQUANTE,MANQUANTE,MANQUANTE,MANQUANTE,MANQUANTE,MANQUANTE,A_COMPLETER_PREUVES_SSI,A_VERIFIER,MANQUANTE,B1: référence de preuve absente | B2: référence de preuve absente | B3: référence de preuve absente | B4: référence de preuve absente | B5: référence de preuve absente | B6: référence de preuve absente | B7: référence de preuve absente | exclusions non vérifiées | preuve du contrôle des exclusions absente
HSW.F,Hostelworld Group PLC         R,Allemagne,130686296.0,15000000.0,11000000.0,13800000.0,11175000.0,0.118,0.79758,0.19004999,123288968.0,Yahoo Finance / yfinance get_info,2026-10-08,0.0,-12.396701705658286,-7.826090021259679,False,MANQUANTE,MANQUANTE,MANQUANTE,MANQUANTE,MANQUANTE,MANQUANTE,MANQUANTE,MANQUANTE,MANQUANTE,MANQUANTE,MANQUANTE,MANQUANTE,MANQUANTE,MANQUANTE,MANQUANTE,A_COMPLETER_PREUVES_SSI,A_VERIFIER,MANQUANTE,B1: référence de preuve absente | B2: référence de preuve absente | B3: référence de preuve absente | B4: référence de preuve absente | B5: référence de preuve absente | B6: référence de preuve absente | B7: référence de preuve absente | exclusions non vérifiées | preuve du contrôle des exclusions absente
S2Y.F,Digia Oyj                     R,Allemagne,131420048.0,22745000.0,43899000.0,20339000.0,12572625.0,0.01,0.21284,0.53666,26694119.0,Yahoo Finance / yfinance get_info,2026-10-08,0.0,-16.435990512425857,-13.129496881047563,False,MANQUANTE,MANQUANTE,MANQUANTE,MANQUANTE,MANQUANTE,MANQUANTE,MANQUANTE,MANQUANTE,MANQUANTE,MANQUANTE,MANQUANTE,MANQUANTE,MANQUANTE,MANQUANTE,MANQUANTE,A_COMPLETER_PREUVES_SSI,A_VERIFIER,MANQUANTE,B1: référence de preuve absente | B2: référence de preuve absente | B3: référence de preuve absente | B4: référence de preuve absente | B5: référence de preuve absente | B6: référence de preuve absente | B7: référence de preuve absente | exclusions non vérifiées | preuve du contrôle des exclusions absente
X1B.F,HAFFNER ENERGY S.A.           A,Allemagne,131569368.0,1199872.0,2396479.0,-10843265.0,2477843.0,6.021,-1.6139,0.18863001,187154152.0,Yahoo Finance / yfinance get_info,2026-10-08,0.0,213.83928007170653,1303.1936669171014,True,MANQUANTE,MANQUANTE,MANQUANTE,MANQUANTE,MANQUANTE,MANQUANTE,MANQUANTE,MANQUANTE,MANQUANTE,MANQUANTE,MANQUANTE,MANQUANTE,MANQUANTE,MANQUANTE,MANQUANTE,A_COMPLETER_PREUVES_SSI,A_VERIFIER,MANQUANTE,B1: référence de preuve absente | B2: référence de preuve absente | B3: référence de preuve absente | B4: référence de preuve absente | B5: référence de preuve absente | B6: référence de preuve absente | B7: référence de preuve absente | exclusions non vérifiées | preuve du contrôle des exclusions absente
R9L.F,ACRES Commercial Realty Corp. R,Allemagne,131648904.0,41098000.0,1829598976.0,,,-0.148,0.46847,0.37893,15672489.0,Yahoo Finance / yfinance get_info,2026-10-08,0.0,-39.568346409649365,-45.80645407399824,False,MANQUANTE,MANQUANTE,MANQUANTE,MANQUANTE,MANQUANTE,MANQUANTE,MANQUANTE,MANQUANTE,MANQUANTE,MANQUANTE,MANQUANTE,MANQUANTE,MANQUANTE,MANQUANTE,MANQUANTE,A_COMPLETER_PREUVES_SSI,A_VERIFIER,MANQUANTE,B1: référence de preuve absente | B2: référence de preuve absente | B3: référence de preuve absente | B4: référence de preuve absente | B5: référence de preuve absente | B6: référence de preuve absente | B7: référence de preuve absente | exclusions non vérifiées | preuve du contrôle des exclusions absente
ID9.F,Helloworld Travel Ltd.        R,Allemagne,131762528.0,116882000.0,44231000.0,35670000.0,39323376.0,0.058,0.91352,0.4465,163680166.0,Yahoo Finance / yfinance get_info,2026-10-08,0.0,-4.7337301897445005,-5.847954480177798,False,MANQUANTE,MANQUANTE,MANQUANTE,MANQUANTE,MANQUANTE,MANQUANTE,MANQUANTE,MANQUANTE,MANQUANTE,MANQUANTE,MANQUANTE,MANQUANTE,MANQUANTE,MANQUANTE,MANQUANTE,A_COMPLETER_PREUVES_SSI,A_VERIFIER,MANQUANTE,B1: référence de preuve absente | B2: référence de preuve absente | B3: référence de preuve absente | B4: référence de preuve absente | B5: référence de preuve absente | B6: référence de preuve absente | B7: référence de preuve absente | exclusions non vérifiées | preuve du contrôle des exclusions absente
XPK.F,White Energy Co. Ltd.         R,Allemagne,131987000.0,470000.0,22841000.0,-3821000.0,-6456000.0,5.275,-0.38408002,0.58471,776394087.0,Yahoo Finance / yfinance get_info,2026-10-08,0.0,69.99999925494195,1788.8889900696174,True,MANQUANTE,MANQUANTE,MANQUANTE,MANQUANTE,MANQUANTE,MANQUANTE,MANQUANTE,MANQUANTE,MANQUANTE,MANQUANTE,MANQUANTE,MANQUANTE,MANQUANTE,MANQUANTE,MANQUANTE,A_COMPLETER_PREUVES_SSI,A_VERIFIER,MANQUANTE,B1: référence de preuve absente | B2: référence de preuve absente | B3: référence de preuve absente | B4: référence de preuve absente | B5: référence de preuve absente | B6: référence de preuve absente | B7: référence de preuve absente | exclusions non vérifiées | preuve du contrôle des exclusions absente
J97.F,EKTER S.A.                    N,Allemagne,132127168.0,12424811.0,13013637.0,16550475.0,257290.0,0.057,0.22027001,0.45990002,27728682.0,Yahoo Finance / yfinance get_info,2026-10-08,0.0,-7.833659648583014,23.445595750911387,True,MANQUANTE,MANQUANTE,MANQUANTE,MANQUANTE,MANQUANTE,MANQUANTE,MANQUANTE,MANQUANTE,MANQUANTE,MANQUANTE,MANQUANTE,MANQUANTE,MANQUANTE,MANQUANTE,MANQUANTE,A_COMPLETER_PREUVES_SSI,A_VERIFIER,MANQUANTE,B1: référence de preuve absente | B2: référence de preuve absente | B3: référence de preuve absente | B4: référence de preuve absente | B5: référence de preuve absente | B6: référence de preuve absente | B7: référence de preuve absente | exclusions non vérifiées | preuve du contrôle des exclusions absente
6DU.F,Duluth Holdings Inc.          R,Allemagne,132257400.0,26799000.0,141094000.0,35612000.0,49785376.0,-0.078,0.58327,0.60056,34640801.0,Yahoo Finance / yfinance get_info,2026-10-08,0.0,0.0,34.883725658201634,True,MANQUANTE,MANQUANTE,MANQUANTE,MANQUANTE,MANQUANTE,MANQUANTE,MANQUANTE,MANQUANTE,MANQUANTE,MANQUANTE,MANQUANTE,MANQUANTE,MANQUANTE,MANQUANTE,MANQUANTE,A_COMPLETER_PREUVES_SSI,A_VERIFIER,MANQUANTE,B1: référence de preuve absente | B2: référence de preuve absente | B3: référence de preuve absente | B4: référence de preuve absente | B5: référence de preuve absente | B6: référence de preuve absente | B7: référence de preuve absente | exclusions non vérifiées | preuve du contrôle des exclusions absente
WAY.F,Shenwan Hongyuan (H.K.) Ltd.  R,Allemagne,132289560.0,10742411264.0,3226894080.0,,,-0.1,0.87163,0.70039004,1561138689.0,Yahoo Finance / yfinance get_info,2026-10-08,0.0,-2.4999958090483165,-27.777778161038093,False,MANQUANTE,MANQUANTE,MANQUANTE,MANQUANTE,MANQUANTE,MANQUANTE,MANQUANTE,MANQUANTE,MANQUANTE,MANQUANTE,MANQUANTE,MANQUANTE,MANQUANTE,MANQUANTE,MANQUANTE,A_COMPLETER_PREUVES_SSI,A_VERIFIER,MANQUANTE,B1: référence de preuve absente | B2: référence de preuve absente | B3: référence de preuve absente | B4: référence de preuve absente | B5: référence de preuve absente | B6: référence de preuve absente | B7: référence de preuve absente | exclusions non vérifiées | preuve du contrôle des exclusions absente
M9X.F,WhiteHorse Finance Inc.       R,Allemagne,132295064.0,8465000.0,324448992.0,,14552375.0,-0.237,1.0,0.039,21476471.0,Yahoo Finance / yfinance get_info,2026-10-08,0.0,10.592453457227656,-4.643965773426173,True,MANQUANTE,MANQUANTE,MANQUANTE,MANQUANTE,MANQUANTE,MANQUANTE,MANQUANTE,MANQUANTE,MANQUANTE,MANQUANTE,MANQUANTE,MANQUANTE,MANQUANTE,MANQUANTE,MANQUANTE,A_COMPLETER_PREUVES_SSI,A_VERIFIER,MANQUANTE,B1: référence de preuve absente | B2: référence de preuve absente | B3: référence de preuve absente | B4: référence de preuve absente | B5: référence de preuve absente | B6: référence de preuve absente | B7: référence de preuve absente | exclusions non vérifiées | preuve du contrôle des exclusions absente
25D.F,TRIFAST PLC                   R,Allemagne,132342480.0,32425000.0,68324000.0,19398000.0,14508500.0,-0.064,0.29986998,0.11392,135043348.0,Yahoo Finance / yfinance get_info,2026-10-08,0.0,7.692306684621419,24.84076259015202,True,MANQUANTE,MANQUANTE,MANQUANTE,MANQUANTE,MANQUANTE,MANQUANTE,MANQUANTE,MANQUANTE,MANQUANTE,MANQUANTE,MANQUANTE,MANQUANTE,MANQUANTE,MANQUANTE,MANQUANTE,A_COMPLETER_PREUVES_SSI,A_VERIFIER,MANQUANTE,B1: référence de preuve absente | B2: référence de preuve absente | B3: référence de preuve absente | B4: référence de preuve absente | B5: référence de preuve absente | B6: référence de preuve absente | B7: référence de preuve absente | exclusions non vérifiées | preuve du contrôle des exclusions absente
EWC.SG,Chaowei Power Holdings Ltd,Allemagne,132495232.0,4084567040.0,10366171136.0,869848000.0,220515632.0,-0.115,0.06655,0.53851,1104126979.0,Yahoo Finance / yfinance get_info,2026-10-08,0.0,-1.6393475660999357,-26.829271949273537,False,MANQUANTE,MANQUANTE,MANQUANTE,MANQUANTE,MANQUANTE,MANQUANTE,MANQUANTE,MANQUANTE,MANQUANTE,MANQUANTE,MANQUANTE,MANQUANTE,MANQUANTE,MANQUANTE,MANQUANTE,A_COMPLETER_PREUVES_SSI,A_VERIFIER,MANQUANTE,B1: référence de preuve absente | B2: référence de preuve absente | B3: référence de preuve absente | B4: référence de preuve absente | B5: référence de preuve absente | B6: référence de preuve absente | B7: référence de preuve absente | exclusions non vérifiées | preuve du contrôle des exclusions absente
JNY.F,JW (Cayman) Therapeut. Co. LtdR,Allemagne,132519960.0,392247008.0,254892000.0,-162282000.0,-37878124.0,0.047,0.57393,0.23851,416729433.0,Yahoo Finance / yfinance get_info,2026-10-08,0.0,72.82608053057204,28.225804028817404,True,MANQUANTE,MANQUANTE,MANQUANTE,MANQUANTE,MANQUANTE,MANQUANTE,MANQUANTE,MANQUANTE,MANQUANTE,MANQUANTE,MANQUANTE,MANQUANTE,MANQUANTE,MANQUANTE,MANQUANTE,A_COMPLETER_PREUVES_SSI,A_VERIFIER,MANQUANTE,B1: référence de preuve absente | B2: référence de preuve absente | B3: référence de preuve absente | B4: référence de preuve absente | B5: référence de preuve absente | B6: référence de preuve absente | B7: référence de preuve absente | exclusions non vérifiées | preuve du contrôle des exclusions absente
LKT.F,Lucara Diamond Corp.          R,Allemagne,132574152.0,243556000.0,389668000.0,31111000.0,-113754496.0,-0.06,0.33878,0.31500998,1492952183.0,Yahoo Finance / yfinance get_info,2026-10-08,0.0,-8.735870793303057,-46.63461663315248,False,MANQUANTE,MANQUANTE,MANQUANTE,MANQUANTE,MANQUANTE,MANQUANTE,MANQUANTE,MANQUANTE,MANQUANTE,MANQUANTE,MANQUANTE,MANQUANTE,MANQUANTE,MANQUANTE,MANQUANTE,A_COMPLETER_PREUVES_SSI,A_VERIFIER,MANQUANTE,B1: référence de preuve absente | B2: référence de preuve absente | B3: référence de preuve absente | B4: référence de preuve absente | B5: référence de preuve absente | B6: référence de preuve absente | B7: référence de preuve absente | exclusions non vérifiées | preuve du contrôle des exclusions absente
EAQ.F,EASTERN CO. THE               R,Allemagne,132680112.0,15141589.0,61531880.0,16250272.0,5433924.0,-0.119,0.21410999,0.08089,6030914.0,Yahoo Finance / yfinance get_info,2026-10-08,0.0,4.761904761904767,21.546958764282586,True,MANQUANTE,MANQUANTE,MANQUANTE,MANQUANTE,MANQUANTE,MANQUANTE,MANQUANTE,MANQUANTE,MANQUANTE,MANQUANTE,MANQUANTE,MANQUANTE,MANQUANTE,MANQUANTE,MANQUANTE,A_COMPLETER_PREUVES_SSI,A_VERIFIER,MANQUANTE,B1: référence de preuve absente | B2: référence de preuve absente | B3: référence de preuve absente | B4: référence de preuve absente | B5: référence de preuve absente | B6: référence de preuve absente | B7: référence de preuve absente | exclusions non vérifiées | preuve du contrôle des exclusions absente
OA5.F,Dynacor Group Inc.            R,Allemagne,132767864.0,14767671.0,485847.0,37917560.0,-29528036.0,0.812,0.09359,0.07273,41948772.0,Yahoo Finance / yfinance get_info,2026-10-08,0.0,-14.343707197976409,-15.487314857940715,False,MANQUANTE,MANQUANTE,MANQUANTE,MANQUANTE,MANQUANTE,MANQUANTE,MANQUANTE,MANQUANTE,MANQUANTE,MANQUANTE,MANQUANTE,MANQUANTE,MANQUANTE,MANQUANTE,MANQUANTE,A_COMPLETER_PREUVES_SSI,A_VERIFIER,MANQUANTE,B1: référence de preuve absente | B2: référence de preuve absente | B3: référence de preuve absente | B4: référence de preuve absente | B5: référence de preuve absente | B6: référence de preuve absente | B7: référence de preuve absente | exclusions non vérifiées | preuve du contrôle des exclusions absente
ZHY.F,Zhou Hei Ya Intrn. Hld.Co.Ltd R,Allemagne,133024704.0,996764032.0,407246016.0,278003008.0,263026128.0,0.195,0.55597,0.65278,1985443273.0,Yahoo Finance / yfinance get_info,2026-10-08,0.0,-26.37362304466263,-45.52845543229388,False,MANQUANTE,MANQUANTE,MANQUANTE,MANQUANTE,MANQUANTE,MANQUANTE,MANQUANTE,MANQUANTE,MANQUANTE,MANQUANTE,MANQUANTE,MANQUANTE,MANQUANTE,MANQUANTE,MANQUANTE,A_COMPLETER_PREUVES_SSI,A_VERIFIER,MANQUANTE,B1: référence de preuve absente | B2: référence de preuve absente | B3: référence de preuve absente | B4: référence de preuve absente | B5: référence de preuve absente | B6: référence de preuve absente | B7: référence de preuve absente | exclusions non vérifiées | preuve du contrôle des exclusions absente
6C4.F,Chimimport JSC                R,Allemagne,133613480.0,3658597888.0,396316000.0,123421048.0,62346076.0,0.036,0.65755,0.73371005,226463529.0,Yahoo Finance / yfinance get_info,2026-10-08,0.0,31.11110875635965,31.696418652368298,,MANQUANTE,MANQUANTE,MANQUANTE,MANQUANTE,MANQUANTE,MANQUANTE,MANQUANTE,MANQUANTE,MANQUANTE,MANQUANTE,MANQUANTE,MANQUANTE,MANQUANTE,MANQUANTE,MANQUANTE,A_COMPLETER_PREUVES_SSI,A_VERIFIER,MANQUANTE,B1: référence de preuve absente | B2: référence de preuve absente | B3: référence de preuve absente | B4: référence de preuve absente | B5: référence de preuve absente | B6: référence de preuve absente | B7: référence de preuve absente | exclusions non vérifiées | preuve du contrôle des exclusions absente
AYD.SG,Assistance Technique et Etudes,Allemagne,133653768.0,7081000.0,27725000.0,10485000.0,7626000.0,0.201,0.61355996,0.31425,11724015.0,Yahoo Finance / yfinance get_info,2026-10-08,2828.800042152405,-6.172839699979549,18.50311594746701,True,MANQUANTE,MANQUANTE,MANQUANTE,MANQUANTE,MANQUANTE,MANQUANTE,MANQUANTE,MANQUANTE,MANQUANTE,MANQUANTE,MANQUANTE,MANQUANTE,MANQUANTE,MANQUANTE,MANQUANTE,A_COMPLETER_PREUVES_SSI,A_VERIFIER,MANQUANTE,B1: référence de preuve absente | B2: référence de preuve absente | B3: référence de preuve absente | B4: référence de preuve absente | B5: référence de preuve absente | B6: référence de preuve absente | B7: référence de preuve absente | exclusions non vérifiées | preuve du contrôle des exclusions absente
MZ3.SG,Sparebank 1 Nordmore,Allemagne,133679832.0,3220999936.0,7126000128.0,,,-0.029,0.0,0.58446,9061811.0,Yahoo Finance / yfinance get_info,2026-10-08,0.0,-9.240801537050311,-18.75757745097648,False,MANQUANTE,MANQUANTE,MANQUANTE,MANQUANTE,MANQUANTE,MANQUANTE,MANQUANTE,MANQUANTE,MANQUANTE,MANQUANTE,MANQUANTE,MANQUANTE,MANQUANTE,MANQUANTE,MANQUANTE,A_COMPLETER_PREUVES_SSI,A_VERIFIER,MANQUANTE,B1: référence de preuve absente | B2: référence de preuve absente | B3: référence de preuve absente | B4: référence de preuve absente | B5: référence de preuve absente | B6: référence de preuve absente | B7: référence de preuve absente | exclusions non vérifiées | preuve du contrôle des exclusions absente
8JC.F,Metallium Ltd.                R,Allemagne,133686736.0,64720608.0,5663200.0,-43414800.0,-48033544.0,24.388,1.0,0.23887,755292269.0,Yahoo Finance / yfinance get_info,2026-10-08,2208.0000042915344,-26.24999790452416,-55.50527859964745,False,MANQUANTE,MANQUANTE,MANQUANTE,MANQUANTE,MANQUANTE,MANQUANTE,MANQUANTE,MANQUANTE,MANQUANTE,MANQUANTE,MANQUANTE,MANQUANTE,MANQUANTE,MANQUANTE,MANQUANTE,A_COMPLETER_PREUVES_SSI,A_VERIFIER,MANQUANTE,B1: référence de preuve absente | B2: référence de preuve absente | B3: référence de preuve absente | B4: référence de preuve absente | B5: référence de preuve absente | B6: référence de preuve absente | B7: référence de preuve absente | exclusions non vérifiées | preuve du contrôle des exclusions absente
5YU0.F,Sinclair Gold Ltd.            R,Allemagne,133868952.0,38322000.0,0.0,-14621000.0,867250.0,,1.0,0.38692,185671217.0,Yahoo Finance / yfinance get_info,2026-10-08,0.0,-8.152867306018209,-24.10526054915956,,MANQUANTE,MANQUANTE,MANQUANTE,MANQUANTE,MANQUANTE,MANQUANTE,MANQUANTE,MANQUANTE,MANQUANTE,MANQUANTE,MANQUANTE,MANQUANTE,MANQUANTE,MANQUANTE,MANQUANTE,A_COMPLETER_PREUVES_SSI,A_VERIFIER,MANQUANTE,B1: référence de preuve absente | B2: référence de preuve absente | B3: référence de preuve absente | B4: référence de preuve absente | B5: référence de preuve absente | B6: référence de preuve absente | B7: référence de preuve absente | exclusions non vérifiées | preuve du contrôle des exclusions absente
M7P.F,Intred S.p.A.                 A,Allemagne,134403280.0,8459204.0,51579028.0,25428442.0,9006250.0,0.057,0.52972,0.60181,15555934.0,Yahoo Finance / yfinance get_info,2026-10-08,0.0,-4.845810397360806,1.8868020014566111,False,MANQUANTE,MANQUANTE,MANQUANTE,MANQUANTE,MANQUANTE,MANQUANTE,MANQUANTE,MANQUANTE,MANQUANTE,MANQUANTE,MANQUANTE,MANQUANTE,MANQUANTE,MANQUANTE,MANQUANTE,A_COMPLETER_PREUVES_SSI,A_VERIFIER,MANQUANTE,B1: référence de preuve absente | B2: référence de preuve absente | B3: référence de preuve absente | B4: référence de preuve absente | B5: référence de preuve absente | B6: référence de preuve absente | B7: référence de preuve absente | exclusions non vérifiées | preuve du contrôle des exclusions absente
WUG.HM,Westag AG                     I,Allemagne,134679840.0,29856000.0,0.0,14313881.0,6385625.0,-0.134,0.47858003,0.9178,2775038.0,Yahoo Finance / yfinance get_info,2026-10-08,0.0,0.0,-0.6410280706692251,False,MANQUANTE,MANQUANTE,MANQUANTE,MANQUANTE,MANQUANTE,MANQUANTE,MANQUANTE,MANQUANTE,MANQUANTE,MANQUANTE,MANQUANTE,MANQUANTE,MANQUANTE,MANQUANTE,MANQUANTE,A_COMPLETER_PREUVES_SSI,A_VERIFIER,MANQUANTE,B1: référence de preuve absente | B2: référence de preuve absente | B3: référence de preuve absente | B4: référence de preuve absente | B5: référence de preuve absente | B6: référence de preuve absente | B7: référence de preuve absente | exclusions non vérifiées | preuve du contrôle des exclusions absente
9Z9.SG,Castings PLC,Allemagne,134777984.0,17390000.0,2148000.0,18186000.0,11596000.0,-0.024,0.18049,0.20994,43476771.0,Yahoo Finance / yfinance get_info,2026-10-08,0.0,-15.300551040042398,23.99999618530273,False,MANQUANTE,MANQUANTE,MANQUANTE,MANQUANTE,MANQUANTE,MANQUANTE,MANQUANTE,MANQUANTE,MANQUANTE,MANQUANTE,MANQUANTE,MANQUANTE,MANQUANTE,MANQUANTE,MANQUANTE,A_COMPLETER_PREUVES_SSI,A_VERIFIER,MANQUANTE,B1: référence de preuve absente | B2: référence de preuve absente | B3: référence de preuve absente | B4: référence de preuve absente | B5: référence de preuve absente | B6: référence de preuve absente | B7: référence de preuve absente | exclusions non vérifiées | preuve du contrôle des exclusions absente
WM8.SG,Grigeo AB,Allemagne,134812304.0,9212000.0,30582000.0,27640000.0,-13434625.0,0.348,0.18374,0.69478,132820000.0,Yahoo Finance / yfinance get_info,2026-10-08,0.0,0.4950490375088989,-2.8708107772046687,True,MANQUANTE,MANQUANTE,MANQUANTE,MANQUANTE,MANQUANTE,MANQUANTE,MANQUANTE,MANQUANTE,MANQUANTE,MANQUANTE,MANQUANTE,MANQUANTE,MANQUANTE,MANQUANTE,MANQUANTE,A_COMPLETER_PREUVES_SSI,A_VERIFIER,MANQUANTE,B1: référence de preuve absente | B2: référence de preuve absente | B3: référence de preuve absente | B4: référence de preuve absente | B5: référence de preuve absente | B6: référence de preuve absente | B7: référence de preuve absente | exclusions non vérifiées | preuve du contrôle des exclusions absente
SJ4A.F,TEXAF S.A.                    A,Allemagne,134929264.0,8369000.0,29319000.0,10086000.0,-4778875.0,-0.034,0.82894,0.7288,3666556.0,Yahoo Finance / yfinance get_info,2026-10-08,0.0,-10.243904299852325,-7.537688586703517,False,MANQUANTE,MANQUANTE,MANQUANTE,MANQUANTE,MANQUANTE,MANQUANTE,MANQUANTE,MANQUANTE,MANQUANTE,MANQUANTE,MANQUANTE,MANQUANTE,MANQUANTE,MANQUANTE,MANQUANTE,A_COMPLETER_PREUVES_SSI,A_VERIFIER,MANQUANTE,B1: référence de preuve absente | B2: référence de preuve absente | B3: référence de preuve absente | B4: référence de preuve absente | B5: référence de preuve absente | B6: référence de preuve absente | B7: référence de preuve absente | exclusions non vérifiées | preuve du contrôle des exclusions absente
P4N.F,POLYTEC Holding AG            I,Allemagne,135052640.0,34354000.0,93018000.0,43400000.0,1707875.0,-0.185,0.48257,0.33731,21995544.0,Yahoo Finance / yfinance get_info,2026-10-08,0.0,32.04300517332415,62.86471876789326,True,MANQUANTE,MANQUANTE,MANQUANTE,MANQUANTE,MANQUANTE,MANQUANTE,MANQUANTE,MANQUANTE,MANQUANTE,MANQUANTE,MANQUANTE,MANQUANTE,MANQUANTE,MANQUANTE,MANQUANTE,A_COMPLETER_PREUVES_SSI,A_VERIFIER,MANQUANTE,B1: référence de preuve absente | B2: référence de preuve absente | B3: référence de preuve absente | B4: référence de preuve absente | B5: référence de preuve absente | B6: référence de preuve absente | B7: référence de preuve absente | exclusions non vérifiées | preuve du contrôle des exclusions absente
3W4.F,Waterco Ltd.                  R,Allemagne,135118368.0,20424000.0,87385000.0,28172000.0,8750000.0,0.049,0.5042,0.83546996,35004761.0,Yahoo Finance / yfinance get_info,2026-10-08,0.0,31.292510883321345,17.682924657475006,True,MANQUANTE,MANQUANTE,MANQUANTE,MANQUANTE,MANQUANTE,MANQUANTE,MANQUANTE,MANQUANTE,MANQUANTE,MANQUANTE,MANQUANTE,MANQUANTE,MANQUANTE,MANQUANTE,MANQUANTE,A_COMPLETER_PREUVES_SSI,A_VERIFIER,MANQUANTE,B1: référence de preuve absente | B2: référence de preuve absente | B3: référence de preuve absente | B4: référence de preuve absente | B5: référence de preuve absente | B6: référence de preuve absente | B7: référence de preuve absente | exclusions non vérifiées | preuve du contrôle des exclusions absente
4QK.F,Codexis Inc.                  R,Allemagne,135312256.0,54918000.0,72587000.0,-19047000.0,2129750.0,-0.027,0.24269,0.07119,107561409.0,Yahoo Finance / yfinance get_info,2026-10-08,0.0,-37.09999918937683,-37.06853198497426,False,MANQUANTE,MANQUANTE,MANQUANTE,MANQUANTE,MANQUANTE,MANQUANTE,MANQUANTE,MANQUANTE,MANQUANTE,MANQUANTE,MANQUANTE,MANQUANTE,MANQUANTE,MANQUANTE,MANQUANTE,A_COMPLETER_PREUVES_SSI,A_VERIFIER,MANQUANTE,B1: référence de preuve absente | B2: référence de preuve absente | B3: référence de preuve absente | B4: référence de preuve absente | B5: référence de preuve absente | B6: référence de preuve absente | B7: référence de preuve absente | exclusions non vérifiées | preuve du contrôle des exclusions absente
6IO.F,Inogen Inc.                   R,Allemagne,135345504.0,105539000.0,15794000.0,-8085000.0,-1768500.0,0.03,0.44506,0.12945,26538337.0,Yahoo Finance / yfinance get_info,2026-10-08,0.0,-9.734516485863807,-6.422016823515476,False,MANQUANTE,MANQUANTE,MANQUANTE,MANQUANTE,MANQUANTE,MANQUANTE,MANQUANTE,MANQUANTE,MANQUANTE,MANQUANTE,MANQUANTE,MANQUANTE,MANQUANTE,MANQUANTE,MANQUANTE,A_COMPLETER_PREUVES_SSI,A_VERIFIER,MANQUANTE,B1: référence de preuve absente | B2: référence de preuve absente | B3: référence de preuve absente | B4: référence de preuve absente | B5: référence de preuve absente | B6: référence de preuve absente | B7: référence de preuve absente | exclusions non vérifiées | preuve du contrôle des exclusions absente
S5B0.F,Fjord Defence Group ASA       N,Allemagne,135502912.0,479609984.0,235672992.0,-35987000.0,21513500.0,3.567,0.37759,0.21323,115814459.0,Yahoo Finance / yfinance get_info,2026-10-08,0.0,-10.68702227557622,-6.024100192487092,False,MANQUANTE,MANQUANTE,MANQUANTE,MANQUANTE,MANQUANTE,MANQUANTE,MANQUANTE,MANQUANTE,MANQUANTE,MANQUANTE,MANQUANTE,MANQUANTE,MANQUANTE,MANQUANTE,MANQUANTE,A_COMPLETER_PREUVES_SSI,A_VERIFIER,MANQUANTE,B1: référence de preuve absente | B2: référence de preuve absente | B3: référence de preuve absente | B4: référence de preuve absente | B5: référence de preuve absente | B6: référence de preuve absente | B7: référence de preuve absente | exclusions non vérifiées | preuve du contrôle des exclusions absente
VR4.F,LGI Ltd                       R,Allemagne,135506400.0,30702000.0,4739000.0,21192000.0,-16091250.0,0.157,0.76692003,0.42063,103440000.0,Yahoo Finance / yfinance get_info,2026-10-08,0.0,-15.483872059356695,-42.03540051736832,False,MANQUANTE,MANQUANTE,MANQUANTE,MANQUANTE,MANQUANTE,MANQUANTE,MANQUANTE,MANQUANTE,MANQUANTE,MANQUANTE,MANQUANTE,MANQUANTE,MANQUANTE,MANQUANTE,MANQUANTE,A_COMPLETER_PREUVES_SSI,A_VERIFIER,MANQUANTE,B1: référence de preuve absente | B2: référence de preuve absente | B3: référence de preuve absente | B4: référence de preuve absente | B5: référence de preuve absente | B6: référence de preuve absente | B7: référence de preuve absente | exclusions non vérifiées | preuve du contrôle des exclusions absente
GG2.F,Gorilla Gold Mines Ltd.       R,Allemagne,135540816.0,19778680.0,82391.0,-3805671.0,-33042220.0,0.922,1.0,0.45383,732653065.0,Yahoo Finance / yfinance get_info,2026-10-08,0.0,-4.639176841445503,-15.909089369714746,False,MANQUANTE,MANQUANTE,MANQUANTE,MANQUANTE,MANQUANTE,MANQUANTE,MANQUANTE,MANQUANTE,MANQUANTE,MANQUANTE,MANQUANTE,MANQUANTE,MANQUANTE,MANQUANTE,MANQUANTE,A_COMPLETER_PREUVES_SSI,A_VERIFIER,MANQUANTE,B1: référence de preuve absente | B2: référence de preuve absente | B3: référence de preuve absente | B4: référence de preuve absente | B5: référence de preuve absente | B6: référence de preuve absente | B7: référence de preuve absente | exclusions non vérifiées | preuve du contrôle des exclusions absente
KC7.F,AMA Group Ltd.                R,Allemagne,135611856.0,41614000.0,427160000.0,76168000.0,50823624.0,-0.008,0.57386,0.14719,480893093.0,Yahoo Finance / yfinance get_info,2026-10-08,0.0,5.223879933118258,-41.00418117867316,False,MANQUANTE,MANQUANTE,MANQUANTE,MANQUANTE,MANQUANTE,MANQUANTE,MANQUANTE,MANQUANTE,MANQUANTE,MANQUANTE,MANQUANTE,MANQUANTE,MANQUANTE,MANQUANTE,MANQUANTE,A_COMPLETER_PREUVES_SSI,A_VERIFIER,MANQUANTE,B1: référence de preuve absente | B2: référence de preuve absente | B3: référence de preuve absente | B4: référence de preuve absente | B5: référence de preuve absente | B6: référence de preuve absente | B7: référence de preuve absente | exclusions non vérifiées | preuve du contrôle des exclusions absente
HKR.F,HKR INTERNATIONAL LTD.        R,Allemagne,135905104.0,2629100032.0,15287199744.0,115700000.0,-1035387520.0,0.134,0.22501,0.61169,1485301803.0,Yahoo Finance / yfinance get_info,2026-10-08,0.0,-4.188482369780822,-12.019233386853331,False,MANQUANTE,MANQUANTE,MANQUANTE,MANQUANTE,MANQUANTE,MANQUANTE,MANQUANTE,MANQUANTE,MANQUANTE,MANQUANTE,MANQUANTE,MANQUANTE,MANQUANTE,MANQUANTE,MANQUANTE,A_COMPLETER_PREUVES_SSI,A_VERIFIER,MANQUANTE,B1: référence de preuve absente | B2: référence de preuve absente | B3: référence de preuve absente | B4: référence de preuve absente | B5: référence de preuve absente | B6: référence de preuve absente | B7: référence de preuve absente | exclusions non vérifiées | preuve du contrôle des exclusions absente
HG6.F,Mayne Pharma Group Ltd.       R,Allemagne,135938864.0,80003000.0,43197000.0,33105000.0,37729752.0,-0.12,0.64655995,0.22612,81890887.0,Yahoo Finance / yfinance get_info,2026-10-08,0.0,14.482752553915068,29.687500291038305,True,MANQUANTE,MANQUANTE,MANQUANTE,MANQUANTE,MANQUANTE,MANQUANTE,MANQUANTE,MANQUANTE,MANQUANTE,MANQUANTE,MANQUANTE,MANQUANTE,MANQUANTE,MANQUANTE,MANQUANTE,A_COMPLETER_PREUVES_SSI,A_VERIFIER,MANQUANTE,B1: référence de preuve absente | B2: référence de preuve absente | B3: référence de preuve absente | B4: référence de preuve absente | B5: référence de preuve absente | B6: référence de preuve absente | B7: référence de preuve absente | exclusions non vérifiées | preuve du contrôle des exclusions absente
8WG.F,CATERING INTL SVCS S.A.-CIS   A,Allemagne,135941312.0,70496000.0,31071000.0,36817000.0,41692500.0,0.164,0.25289,0.67137,7812719.0,Yahoo Finance / yfinance get_info,2026-10-08,0.0,-12.562814311172533,24.73118176656719,True,MANQUANTE,MANQUANTE,MANQUANTE,MANQUANTE,MANQUANTE,MANQUANTE,MANQUANTE,MANQUANTE,MANQUANTE,MANQUANTE,MANQUANTE,MANQUANTE,MANQUANTE,MANQUANTE,MANQUANTE,A_COMPLETER_PREUVES_SSI,A_VERIFIER,MANQUANTE,B1: référence de preuve absente | B2: référence de preuve absente | B3: référence de preuve absente | B4: référence de preuve absente | B5: référence de preuve absente | B6: référence de preuve absente | B7: référence de preuve absente | exclusions non vérifiées | preuve du contrôle des exclusions absente
LIL3.F,Paradise Entertainment Ltd.   R,Allemagne,135959392.0,234990000.0,112386000.0,-64401000.0,-9136375.0,-0.671,0.76537,0.74318004,1052185315.0,Yahoo Finance / yfinance get_info,2026-10-08,0.0,60.833340007811934,114.44444002928576,True,MANQUANTE,MANQUANTE,MANQUANTE,MANQUANTE,MANQUANTE,MANQUANTE,MANQUANTE,MANQUANTE,MANQUANTE,MANQUANTE,MANQUANTE,MANQUANTE,MANQUANTE,MANQUANTE,MANQUANTE,A_COMPLETER_PREUVES_SSI,A_VERIFIER,MANQUANTE,B1: référence de preuve absente | B2: référence de preuve absente | B3: référence de preuve absente | B4: référence de preuve absente | B5: référence de preuve absente | B6: référence de preuve absente | B7: référence de preuve absente | exclusions non vérifiées | preuve du contrôle des exclusions absente
AYD.F,Assistance Tech.+Et.de Mat.El.A,Allemagne,135998576.0,7081000.0,27725000.0,10485000.0,7626000.0,0.201,0.61355996,0.31425,11724015.0,Yahoo Finance / yfinance get_info,2026-10-08,0.0,-4.132231274684206,17.1717255398423,True,MANQUANTE,MANQUANTE,MANQUANTE,MANQUANTE,MANQUANTE,MANQUANTE,MANQUANTE,MANQUANTE,MANQUANTE,MANQUANTE,MANQUANTE,MANQUANTE,MANQUANTE,MANQUANTE,MANQUANTE,A_COMPLETER_PREUVES_SSI,A_VERIFIER,MANQUANTE,B1: référence de preuve absente | B2: référence de preuve absente | B3: référence de preuve absente | B4: référence de preuve absente | B5: référence de preuve absente | B6: référence de preuve absente | B7: référence de preuve absente | exclusions non vérifiées | preuve du contrôle des exclusions absente
LW4.F,Impax Asset Management Grp PLCR,Allemagne,136077392.0,59183000.0,4811000.0,25424000.0,19728876.0,-0.231,0.44235,0.16695,121497660.0,Yahoo Finance / yfinance get_info,2026-10-08,0.0,-11.811021922119346,1.818180044820528,False,MANQUANTE,MANQUANTE,MANQUANTE,MANQUANTE,MANQUANTE,MANQUANTE,MANQUANTE,MANQUANTE,MANQUANTE,MANQUANTE,MANQUANTE,MANQUANTE,MANQUANTE,MANQUANTE,MANQUANTE,A_COMPLETER_PREUVES_SSI,A_VERIFIER,MANQUANTE,B1: référence de preuve absente | B2: référence de preuve absente | B3: référence de preuve absente | B4: référence de preuve absente | B5: référence de preuve absente | B6: référence de preuve absente | B7: référence de preuve absente | exclusions non vérifiées | preuve du contrôle des exclusions absente
HX1A.F,"Hexindo Adiperkasa, PT        R",Allemagne,136080000.0,17397180.0,88635152.0,28505276.0,81517904.0,-0.078,0.16631001,0.81779,840000000.0,Yahoo Finance / yfinance get_info,2026-10-08,0.0,-17.766495926082982,-22.85714022156324,False,MANQUANTE,MANQUANTE,MANQUANTE,MANQUANTE,MANQUANTE,MANQUANTE,MANQUANTE,MANQUANTE,MANQUANTE,MANQUANTE,MANQUANTE,MANQUANTE,MANQUANTE,MANQUANTE,MANQUANTE,A_COMPLETER_PREUVES_SSI,A_VERIFIER,MANQUANTE,B1: référence de preuve absente | B2: référence de preuve absente | B3: référence de preuve absente | B4: référence de preuve absente | B5: référence de preuve absente | B6: référence de preuve absente | B7: référence de preuve absente | exclusions non vérifiées | preuve du contrôle des exclusions absente
1FQ.F,Adairs Ltd.                   R,Allemagne,136115136.0,12421000.0,289921984.0,54839000.0,79745872.0,0.017,0.47083,0.07288,180284959.0,Yahoo Finance / yfinance get_info,2026-10-08,0.0,-10.650891163474164,0.6666660308837891,False,MANQUANTE,MANQUANTE,MANQUANTE,MANQUANTE,MANQUANTE,MANQUANTE,MANQUANTE,MANQUANTE,MANQUANTE,MANQUANTE,MANQUANTE,MANQUANTE,MANQUANTE,MANQUANTE,MANQUANTE,A_COMPLETER_PREUVES_SSI,A_VERIFIER,MANQUANTE,B1: référence de preuve absente | B2: référence de preuve absente | B3: référence de preuve absente | B4: référence de preuve absente | B5: référence de preuve absente | B6: référence de preuve absente | B7: référence de preuve absente | exclusions non vérifiées | preuve du contrôle des exclusions absente
RRN.F,Red Robin Gourmet Burgers Inc.R,Allemagne,136390576.0,22849000.0,502376992.0,57905000.0,-20390624.0,-0.021,0.14498,0.09317,18903752.0,Yahoo Finance / yfinance get_info,2026-10-08,0.0,15.717722503417209,155.12729764518664,True,MANQUANTE,MANQUANTE,MANQUANTE,MANQUANTE,MANQUANTE,MANQUANTE,MANQUANTE,MANQUANTE,MANQUANTE,MANQUANTE,MANQUANTE,MANQUANTE,MANQUANTE,MANQUANTE,MANQUANTE,A_COMPLETER_PREUVES_SSI,A_VERIFIER,MANQUANTE,B1: référence de preuve absente | B2: référence de preuve absente | B3: référence de preuve absente | B4: référence de preuve absente | B5: référence de preuve absente | B6: référence de preuve absente | B7: référence de preuve absente | exclusions non vérifiées | preuve du contrôle des exclusions absente
F6S0.F,DeFi Development Corp.        R,Allemagne,136452768.0,6285000.0,120564000.0,-127248000.0,-98384312.0,0.669,0.97753996,0.19235,32620790.0,Yahoo Finance / yfinance get_info,2026-10-08,0.0,63.46229241092891,21.03587902878925,True,MANQUANTE,MANQUANTE,MANQUANTE,MANQUANTE,MANQUANTE,MANQUANTE,MANQUANTE,MANQUANTE,MANQUANTE,MANQUANTE,MANQUANTE,MANQUANTE,MANQUANTE,MANQUANTE,MANQUANTE,A_COMPLETER_PREUVES_SSI,A_VERIFIER,MANQUANTE,B1: référence de preuve absente | B2: référence de preuve absente | B3: référence de preuve absente | B4: référence de preuve absente | B5: référence de preuve absente | B6: référence de preuve absente | B7: référence de preuve absente | exclusions non vérifiées | preuve du contrôle des exclusions absente
3XS0.F,Gunnison Copper Corp.         R,Allemagne,136489840.0,34124000.0,7293000.0,9231000.0,-30842500.0,189.419,0.44823003,0.026099999,505517892.0,Yahoo Finance / yfinance get_info,2026-10-08,0.0,30.120489714643828,6.719375550621476,True,MANQUANTE,MANQUANTE,MANQUANTE,MANQUANTE,MANQUANTE,MANQUANTE,MANQUANTE,MANQUANTE,MANQUANTE,MANQUANTE,MANQUANTE,MANQUANTE,MANQUANTE,MANQUANTE,MANQUANTE,A_COMPLETER_PREUVES_SSI,A_VERIFIER,MANQUANTE,B1: référence de preuve absente | B2: référence de preuve absente | B3: référence de preuve absente | B4: référence de preuve absente | B5: référence de preuve absente | B6: référence de preuve absente | B7: référence de preuve absente | exclusions non vérifiées | preuve du contrôle des exclusions absente
X7Q.F,Racing Force S.p.A.           A,Allemagne,136562736.0,7328945.0,25533812.0,11287328.0,-5078336.0,0.191,0.62466997,0.49268,27477412.0,Yahoo Finance / yfinance get_info,2026-10-08,0.0,0.2016079025760175,10.444439782036683,True,MANQUANTE,MANQUANTE,MANQUANTE,MANQUANTE,MANQUANTE,MANQUANTE,MANQUANTE,MANQUANTE,MANQUANTE,MANQUANTE,MANQUANTE,MANQUANTE,MANQUANTE,MANQUANTE,MANQUANTE,A_COMPLETER_PREUVES_SSI,A_VERIFIER,MANQUANTE,B1: référence de preuve absente | B2: référence de preuve absente | B3: référence de preuve absente | B4: référence de preuve absente | B5: référence de preuve absente | B6: référence de preuve absente | B7: référence de preuve absente | exclusions non vérifiées | preuve du contrôle des exclusions absente
WRI.F,Elme Communities              R,Allemagne,136709440.0,7088000.0,709644032.0,81207600.0,,0.017,0.59248,0.01657,88857883.0,Yahoo Finance / yfinance get_info,2026-10-08,0.0,20.32520293685165,-25.252525009265813,False,MANQUANTE,MANQUANTE,MANQUANTE,MANQUANTE,MANQUANTE,MANQUANTE,MANQUANTE,MANQUANTE,MANQUANTE,MANQUANTE,MANQUANTE,MANQUANTE,MANQUANTE,MANQUANTE,MANQUANTE,A_COMPLETER_PREUVES_SSI,A_VERIFIER,MANQUANTE,B1: référence de preuve absente | B2: référence de preuve absente | B3: référence de preuve absente | B4: référence de preuve absente | B5: référence de preuve absente | B6: référence de preuve absente | B7: référence de preuve absente | exclusions non vérifiées | preuve du contrôle des exclusions absente
0JW.F,Jeld-Wen Holding Inc.         R,Allemagne,136808304.0,57218000.0,1434114944.0,26850000.0,-84932872.0,-0.007,0.15222,0.03373,86151321.0,Yahoo Finance / yfinance get_info,2026-10-08,0.0,54.77583077021748,72.14092514936053,True,MANQUANTE,MANQUANTE,MANQUANTE,MANQUANTE,MANQUANTE,MANQUANTE,MANQUANTE,MANQUANTE,MANQUANTE,MANQUANTE,MANQUANTE,MANQUANTE,MANQUANTE,MANQUANTE,MANQUANTE,A_COMPLETER_PREUVES_SSI,A_VERIFIER,MANQUANTE,B1: référence de preuve absente | B2: référence de preuve absente | B3: référence de preuve absente | B4: référence de preuve absente | B5: référence de preuve absente | B6: référence de preuve absente | B7: référence de preuve absente | exclusions non vérifiées | preuve du contrôle des exclusions absente
BAOA.F,Bastogi S.p.A.                A,Allemagne,136896192.0,24317000.0,72763000.0,26774000.0,-28914624.0,-0.516,0.60756,0.799,111297716.0,Yahoo Finance / yfinance get_info,2026-10-08,0.0,10.313902112388584,-5.01930039885865,True,MANQUANTE,MANQUANTE,MANQUANTE,MANQUANTE,MANQUANTE,MANQUANTE,MANQUANTE,MANQUANTE,MANQUANTE,MANQUANTE,MANQUANTE,MANQUANTE,MANQUANTE,MANQUANTE,MANQUANTE,A_COMPLETER_PREUVES_SSI,A_VERIFIER,MANQUANTE,B1: référence de preuve absente | B2: référence de preuve absente | B3: référence de preuve absente | B4: référence de preuve absente | B5: référence de preuve absente | B6: référence de preuve absente | B7: référence de preuve absente | exclusions non vérifiées | preuve du contrôle des exclusions absente
F0Z.F,EnSilica PLC                  R,Allemagne,136980496.0,7560000.0,6859000.0,3172000.0,-2306000.0,0.692,0.34509,0.55669,134235414.0,Yahoo Finance / yfinance get_info,2026-10-08,0.0,4.615380100950084,96.15384968074834,True,MANQUANTE,MANQUANTE,MANQUANTE,MANQUANTE,MANQUANTE,MANQUANTE,MANQUANTE,MANQUANTE,MANQUANTE,MANQUANTE,MANQUANTE,MANQUANTE,MANQUANTE,MANQUANTE,MANQUANTE,A_COMPLETER_PREUVES_SSI,A_VERIFIER,MANQUANTE,B1: référence de preuve absente | B2: référence de preuve absente | B3: référence de preuve absente | B4: référence de preuve absente | B5: référence de preuve absente | B6: référence de preuve absente | B7: référence de preuve absente | exclusions non vérifiées | preuve du contrôle des exclusions absente
MTK.F,Midland Holdings Ltd.         R,Allemagne,137002128.0,1281213952.0,266610000.0,673150976.0,705884736.0,0.315,1.0,0.37037998,716896005.0,Yahoo Finance / yfinance get_info,2026-10-08,0.0,-27.131781602563365,-41.6149082694689,False,MANQUANTE,MANQUANTE,MANQUANTE,MANQUANTE,MANQUANTE,MANQUANTE,MANQUANTE,MANQUANTE,MANQUANTE,MANQUANTE,MANQUANTE,MANQUANTE,MANQUANTE,MANQUANTE,MANQUANTE,A_COMPLETER_PREUVES_SSI,A_VERIFIER,MANQUANTE,B1: référence de preuve absente | B2: référence de preuve absente | B3: référence de preuve absente | B4: référence de preuve absente | B5: référence de preuve absente | B6: référence de preuve absente | B7: référence de preuve absente | exclusions non vérifiées | preuve du contrôle des exclusions absente
CY3.F,Pacific Edge Ltd              R,Allemagne,137103920.0,7776000.0,1285000.0,-35480000.0,-19161250.0,-0.458,0.10805,0.1972,1241883445.0,Yahoo Finance / yfinance get_info,2026-10-08,0.0,-11.9617282589218,30.342378355422063,,MANQUANTE,MANQUANTE,MANQUANTE,MANQUANTE,MANQUANTE,MANQUANTE,MANQUANTE,MANQUANTE,MANQUANTE,MANQUANTE,MANQUANTE,MANQUANTE,MANQUANTE,MANQUANTE,MANQUANTE,A_COMPLETER_PREUVES_SSI,A_VERIFIER,MANQUANTE,B1: référence de preuve absente | B2: référence de preuve absente | B3: référence de preuve absente | B4: référence de preuve absente | B5: référence de preuve absente | B6: référence de preuve absente | B7: référence de preuve absente | exclusions non vérifiées | preuve du contrôle des exclusions absente
7SA.F,Skymark Airlines Inc.         R,Allemagne,137139872.0,20618999808.0,38138998784.0,3791500032.0,,0.06,0.07043,0.54089,60149066.0,Yahoo Finance / yfinance get_info,2026-10-08,0.0,3.6363600896410553,31.791904407656624,True,MANQUANTE,MANQUANTE,MANQUANTE,MANQUANTE,MANQUANTE,MANQUANTE,MANQUANTE,MANQUANTE,MANQUANTE,MANQUANTE,MANQUANTE,MANQUANTE,MANQUANTE,MANQUANTE,MANQUANTE,A_COMPLETER_PREUVES_SSI,A_VERIFIER,MANQUANTE,B1: référence de preuve absente | B2: référence de preuve absente | B3: référence de preuve absente | B4: référence de preuve absente | B5: référence de preuve absente | B6: référence de preuve absente | B7: référence de preuve absente | exclusions non vérifiées | preuve du contrôle des exclusions absente
QS30.F,Solocal Group                 A,Allemagne,137365360.0,76572000.0,61631000.0,60310000.0,7501750.0,-0.089,0.53844,0.67695,35865631.0,Yahoo Finance / yfinance get_info,2026-10-08,0.0,-1.794876152555125,-3.889585331746748,False,MANQUANTE,MANQUANTE,MANQUANTE,MANQUANTE,MANQUANTE,MANQUANTE,MANQUANTE,MANQUANTE,MANQUANTE,MANQUANTE,MANQUANTE,MANQUANTE,MANQUANTE,MANQUANTE,MANQUANTE,A_COMPLETER_PREUVES_SSI,A_VERIFIER,MANQUANTE,B1: référence de preuve absente | B2: référence de preuve absente | B3: référence de preuve absente | B4: référence de preuve absente | B5: référence de preuve absente | B6: référence de preuve absente | B7: référence de preuve absente | exclusions non vérifiées | preuve du contrôle des exclusions absente
GA7.F,Aimia Inc.                    R,Allemagne,137480592.0,306600000.0,144400000.0,70900000.0,128225000.0,0.04,0.28863,0.014939999,88128585.0,Yahoo Finance / yfinance get_info,2026-10-08,0.0,-8.771935205918357,-3.105594477100304,False,MANQUANTE,MANQUANTE,MANQUANTE,MANQUANTE,MANQUANTE,MANQUANTE,MANQUANTE,MANQUANTE,MANQUANTE,MANQUANTE,MANQUANTE,MANQUANTE,MANQUANTE,MANQUANTE,MANQUANTE,A_COMPLETER_PREUVES_SSI,A_VERIFIER,MANQUANTE,B1: référence de preuve absente | B2: référence de preuve absente | B3: référence de preuve absente | B4: référence de preuve absente | B5: référence de preuve absente | B6: référence de preuve absente | B7: référence de preuve absente | exclusions non vérifiées | preuve du contrôle des exclusions absente
0FO.F,Focusrite PLC                 R,Allemagne,137508304.0,19484000.0,30329000.0,15290008.0,,0.078,0.44658002,0.38437998,58764231.0,Yahoo Finance / yfinance get_info,2026-10-08,0.0,-7.874017743599026,24.468080856617668,False,MANQUANTE,MANQUANTE,MANQUANTE,MANQUANTE,MANQUANTE,MANQUANTE,MANQUANTE,MANQUANTE,MANQUANTE,MANQUANTE,MANQUANTE,MANQUANTE,MANQUANTE,MANQUANTE,MANQUANTE,A_COMPLETER_PREUVES_SSI,A_VERIFIER,MANQUANTE,B1: référence de preuve absente | B2: référence de preuve absente | B3: référence de preuve absente | B4: référence de preuve absente | B5: référence de preuve absente | B6: référence de preuve absente | B7: référence de preuve absente | exclusions non vérifiées | preuve du contrôle des exclusions absente
HK4.F,HKFoods Oyj                   R,Allemagne,137561840.0,27700000.0,185500000.0,56800000.0,17837500.0,0.053,0.31065,0.55544,85174705.0,Yahoo Finance / yfinance get_info,2026-10-08,0.0,-4.732252660757375,-16.393446147009282,False,MANQUANTE,MANQUANTE,MANQUANTE,MANQUANTE,MANQUANTE,MANQUANTE,MANQUANTE,MANQUANTE,MANQUANTE,MANQUANTE,MANQUANTE,MANQUANTE,MANQUANTE,MANQUANTE,MANQUANTE,A_COMPLETER_PREUVES_SSI,A_VERIFIER,MANQUANTE,B1: référence de preuve absente | B2: référence de preuve absente | B3: référence de preuve absente | B4: référence de preuve absente | B5: référence de preuve absente | B6: référence de preuve absente | B7: référence de preuve absente | exclusions non vérifiées | preuve du contrôle des exclusions absente
SM5.SG,Sabaf S.p.A.,Allemagne,137729488.0,44580000.0,129736000.0,35952000.0,7313625.0,0.083,0.37221,0.39169997,12316543.0,Yahoo Finance / yfinance get_info,2026-10-08,0.0,-12.59842088051174,-18.38235242556537,False,MANQUANTE,MANQUANTE,MANQUANTE,MANQUANTE,MANQUANTE,MANQUANTE,MANQUANTE,MANQUANTE,MANQUANTE,MANQUANTE,MANQUANTE,MANQUANTE,MANQUANTE,MANQUANTE,MANQUANTE,A_COMPLETER_PREUVES_SSI,A_VERIFIER,MANQUANTE,B1: référence de preuve absente | B2: référence de preuve absente | B3: référence de preuve absente | B4: référence de preuve absente | B5: référence de preuve absente | B6: référence de preuve absente | B7: référence de preuve absente | exclusions non vérifiées | preuve du contrôle des exclusions absente
024.F,Mastermyne Group Ltd.         R,Allemagne,137735584.0,47224000.0,3340000.0,12751000.0,22246750.0,,0.8084,0.80763,308824148.0,Yahoo Finance / yfinance get_info,2026-10-08,0.0,118.62745986036153,346.0000031292438,True,MANQUANTE,MANQUANTE,MANQUANTE,MANQUANTE,MANQUANTE,MANQUANTE,MANQUANTE,MANQUANTE,MANQUANTE,MANQUANTE,MANQUANTE,MANQUANTE,MANQUANTE,MANQUANTE,MANQUANTE,A_COMPLETER_PREUVES_SSI,A_VERIFIER,MANQUANTE,B1: référence de preuve absente | B2: référence de preuve absente | B3: référence de preuve absente | B4: référence de preuve absente | B5: référence de preuve absente | B6: référence de preuve absente | B7: référence de preuve absente | exclusions non vérifiées | preuve du contrôle des exclusions absente
PBS0.F,Precision Biosciences Inc.    R,Allemagne,137869760.0,87549000.0,28101000.0,-35148000.0,-16252500.0,,1.0,0.080419995,27601554.0,Yahoo Finance / yfinance get_info,2026-10-08,0.0,-26.435936470963984,-10.962571003898592,False,MANQUANTE,MANQUANTE,MANQUANTE,MANQUANTE,MANQUANTE,MANQUANTE,MANQUANTE,MANQUANTE,MANQUANTE,MANQUANTE,MANQUANTE,MANQUANTE,MANQUANTE,MANQUANTE,MANQUANTE,A_COMPLETER_PREUVES_SSI,A_VERIFIER,MANQUANTE,B1: référence de preuve absente | B2: référence de preuve absente | B3: référence de preuve absente | B4: référence de preuve absente | B5: référence de preuve absente | B6: référence de preuve absente | B7: référence de preuve absente | exclusions non vérifiées | preuve du contrôle des exclusions absente
ZMK0.F,Mkango Magnetic Materials Ltd.R,Allemagne,137884064.0,13638507.0,2446337.0,-8332207.0,-584748.0,,-0.26191,0.3066,388953618.0,Yahoo Finance / yfinance get_info,2026-10-08,0.0,-22.25877291159736,-22.93478493964285,False,MANQUANTE,MANQUANTE,MANQUANTE,MANQUANTE,MANQUANTE,MANQUANTE,MANQUANTE,MANQUANTE,MANQUANTE,MANQUANTE,MANQUANTE,MANQUANTE,MANQUANTE,MANQUANTE,MANQUANTE,A_COMPLETER_PREUVES_SSI,A_VERIFIER,MANQUANTE,B1: référence de preuve absente | B2: référence de preuve absente | B3: référence de preuve absente | B4: référence de preuve absente | B5: référence de preuve absente | B6: référence de preuve absente | B7: référence de preuve absente | exclusions non vérifiées | preuve du contrôle des exclusions absente
GUV.F,Graphisoft Park SE            N,Allemagne,138131584.0,6411000.0,64918000.0,16445000.0,1214875.0,0.02,0.99030995,0.35157,10082598.0,Yahoo Finance / yfinance get_info,2026-10-08,0.0,-4.195806807460556,-4.529620591815043,False,MANQUANTE,MANQUANTE,MANQUANTE,MANQUANTE,MANQUANTE,MANQUANTE,MANQUANTE,MANQUANTE,MANQUANTE,MANQUANTE,MANQUANTE,MANQUANTE,MANQUANTE,MANQUANTE,MANQUANTE,A_COMPLETER_PREUVES_SSI,A_VERIFIER,MANQUANTE,B1: référence de preuve absente | B2: référence de preuve absente | B3: référence de preuve absente | B4: référence de preuve absente | B5: référence de preuve absente | B6: référence de preuve absente | B7: référence de preuve absente | exclusions non vérifiées | preuve du contrôle des exclusions absente
D8M.F,Lindbergh S.p.A.              A,Allemagne,138694448.0,4534334.0,8567204.0,5135067.0,2974998.0,0.323,0.20594999,0.5381,9499620.0,Yahoo Finance / yfinance get_info,2026-10-08,0.0,8.955229829111522,47.474757010517976,True,MANQUANTE,MANQUANTE,MANQUANTE,MANQUANTE,MANQUANTE,MANQUANTE,MANQUANTE,MANQUANTE,MANQUANTE,MANQUANTE,MANQUANTE,MANQUANTE,MANQUANTE,MANQUANTE,MANQUANTE,A_COMPLETER_PREUVES_SSI,A_VERIFIER,MANQUANTE,B1: référence de preuve absente | B2: référence de preuve absente | B3: référence de preuve absente | B4: référence de preuve absente | B5: référence de preuve absente | B6: référence de preuve absente | B7: référence de preuve absente | exclusions non vérifiées | preuve du contrôle des exclusions absente
N3A.F,Nippon Aqua Co. Ltd.          R,Allemagne,138929168.0,2758739968.0,5006214144.0,3073539072.0,1388835584.0,0.092,0.23325,0.5657,32159529.0,Yahoo Finance / yfinance get_info,2026-10-08,0.0,9.64467281528405,14.285719692031318,True,MANQUANTE,MANQUANTE,MANQUANTE,MANQUANTE,MANQUANTE,MANQUANTE,MANQUANTE,MANQUANTE,MANQUANTE,MANQUANTE,MANQUANTE,MANQUANTE,MANQUANTE,MANQUANTE,MANQUANTE,A_COMPLETER_PREUVES_SSI,A_VERIFIER,MANQUANTE,B1: référence de preuve absente | B2: référence de preuve absente | B3: référence de preuve absente | B4: référence de preuve absente | B5: référence de preuve absente | B6: référence de preuve absente | B7: référence de preuve absente | exclusions non vérifiées | preuve du contrôle des exclusions absente
92Y.F,Jacktel A.S.                  N,Allemagne,139223696.0,12332000.0,65092000.0,59707000.0,19171124.0,0.202,0.66726,0.0,258300000.0,Yahoo Finance / yfinance get_info,2026-10-08,0.0,9.999992701472204,45.87278981910756,,MANQUANTE,MANQUANTE,MANQUANTE,MANQUANTE,MANQUANTE,MANQUANTE,MANQUANTE,MANQUANTE,MANQUANTE,MANQUANTE,MANQUANTE,MANQUANTE,MANQUANTE,MANQUANTE,MANQUANTE,A_COMPLETER_PREUVES_SSI,A_VERIFIER,MANQUANTE,B1: référence de preuve absente | B2: référence de preuve absente | B3: référence de preuve absente | B4: référence de preuve absente | B5: référence de preuve absente | B6: référence de preuve absente | B7: référence de preuve absente | exclusions non vérifiées | preuve du contrôle des exclusions absente
8XD.F,GEVELOT S.A.                  A,Allemagne,139342496.0,124903000.0,13011000.0,9370000.0,10696750.0,0.114,0.043520004,0.64972997,745147.0,Yahoo Finance / yfinance get_info,2026-10-08,0.0,1.08108108108107,10.650887573964509,True,MANQUANTE,MANQUANTE,MANQUANTE,MANQUANTE,MANQUANTE,MANQUANTE,MANQUANTE,MANQUANTE,MANQUANTE,MANQUANTE,MANQUANTE,MANQUANTE,MANQUANTE,MANQUANTE,MANQUANTE,A_COMPLETER_PREUVES_SSI,A_VERIFIER,MANQUANTE,B1: référence de preuve absente | B2: référence de preuve absente | B3: référence de preuve absente | B4: référence de preuve absente | B5: référence de preuve absente | B6: référence de preuve absente | B7: référence de preuve absente | exclusions non vérifiées | preuve du contrôle des exclusions absente
8C5.F,Coherus Oncology Inc.         R,Allemagne,139591616.0,105306000.0,54177000.0,-150390000.0,-160150752.0,0.395,0.68955004,0.19122,154500966.0,Yahoo Finance / yfinance get_info,2026-10-08,0.0,-31.449161713556705,-36.862332346836894,False,MANQUANTE,MANQUANTE,MANQUANTE,MANQUANTE,MANQUANTE,MANQUANTE,MANQUANTE,MANQUANTE,MANQUANTE,MANQUANTE,MANQUANTE,MANQUANTE,MANQUANTE,MANQUANTE,MANQUANTE,A_COMPLETER_PREUVES_SSI,A_VERIFIER,MANQUANTE,B1: référence de preuve absente | B2: référence de preuve absente | B3: référence de preuve absente | B4: référence de preuve absente | B5: référence de preuve absente | B6: référence de preuve absente | B7: référence de preuve absente | exclusions non vérifiées | preuve du contrôle des exclusions absente
3YU.F,Jiumaojiu Interna.Holdings LtdR,Allemagne,139738800.0,1042206976.0,1900144000.0,428155008.0,463601984.0,-0.131,0.2615,0.4103,1330845700.0,Yahoo Finance / yfinance get_info,2026-10-08,0.0,0.9615332262933318,-41.34078563414887,False,MANQUANTE,MANQUANTE,MANQUANTE,MANQUANTE,MANQUANTE,MANQUANTE,MANQUANTE,MANQUANTE,MANQUANTE,MANQUANTE,MANQUANTE,MANQUANTE,MANQUANTE,MANQUANTE,MANQUANTE,A_COMPLETER_PREUVES_SSI,A_VERIFIER,MANQUANTE,B1: référence de preuve absente | B2: référence de preuve absente | B3: référence de preuve absente | B4: référence de preuve absente | B5: référence de preuve absente | B6: référence de preuve absente | B7: référence de preuve absente | exclusions non vérifiées | preuve du contrôle des exclusions absente
81P.F,Synthetica AD-Sofia           R,Allemagne,139800000.0,2558000.0,46942000.0,1801522.0,,-0.358,0.18744,0.40394002,3000000.0,Yahoo Finance / yfinance get_info,2026-10-08,0.0,-6.048387282844892,12.01923121009354,,MANQUANTE,MANQUANTE,MANQUANTE,MANQUANTE,MANQUANTE,MANQUANTE,MANQUANTE,MANQUANTE,MANQUANTE,MANQUANTE,MANQUANTE,MANQUANTE,MANQUANTE,MANQUANTE,MANQUANTE,A_COMPLETER_PREUVES_SSI,A_VERIFIER,MANQUANTE,B1: référence de preuve absente | B2: référence de preuve absente | B3: référence de preuve absente | B4: référence de preuve absente | B5: référence de preuve absente | B6: référence de preuve absente | B7: référence de preuve absente | exclusions non vérifiées | preuve du contrôle des exclusions absente
0LQ.F,EuroDry Ltd.                  R,Allemagne,139889632.0,25617372.0,97387688.0,28376804.0,12450107.0,0.57,0.55539,0.51202,2866591.0,Yahoo Finance / yfinance get_info,2026-10-08,0.0,160.96255211804427,190.47619912629804,True,MANQUANTE,MANQUANTE,MANQUANTE,MANQUANTE,MANQUANTE,MANQUANTE,MANQUANTE,MANQUANTE,MANQUANTE,MANQUANTE,MANQUANTE,MANQUANTE,MANQUANTE,MANQUANTE,MANQUANTE,A_COMPLETER_PREUVES_SSI,A_VERIFIER,MANQUANTE,B1: référence de preuve absente | B2: référence de preuve absente | B3: référence de preuve absente | B4: référence de preuve absente | B5: référence de preuve absente | B6: référence de preuve absente | B7: référence de preuve absente | exclusions non vérifiées | preuve du contrôle des exclusions absente
9Z9.F,CASTINGS PLC                  R,Allemagne,139995200.0,17390000.0,2148000.0,18186000.0,11596000.0,-0.024,0.18049,0.20994,43476771.0,Yahoo Finance / yfinance get_info,2026-10-08,0.0,-14.361701149538986,6.622518177048375,,MANQUANTE,MANQUANTE,MANQUANTE,MANQUANTE,MANQUANTE,MANQUANTE,MANQUANTE,MANQUANTE,MANQUANTE,MANQUANTE,MANQUANTE,MANQUANTE,MANQUANTE,MANQUANTE,MANQUANTE,A_COMPLETER_PREUVES_SSI,A_VERIFIER,MANQUANTE,B1: référence de preuve absente | B2: référence de preuve absente | B3: référence de preuve absente | B4: référence de preuve absente | B5: référence de preuve absente | B6: référence de preuve absente | B7: référence de preuve absente | exclusions non vérifiées | preuve du contrôle des exclusions absente
8L9.F,Atland S.A.                   A,Allemagne,140467168.0,61185000.0,122744000.0,14139000.0,15954375.0,-0.077,0.31943,0.67265,4335406.0,Yahoo Finance / yfinance get_info,2026-10-08,0.0,-7.163323469044003,-16.062168894641026,False,MANQUANTE,MANQUANTE,MANQUANTE,MANQUANTE,MANQUANTE,MANQUANTE,MANQUANTE,MANQUANTE,MANQUANTE,MANQUANTE,MANQUANTE,MANQUANTE,MANQUANTE,MANQUANTE,MANQUANTE,A_COMPLETER_PREUVES_SSI,A_VERIFIER,MANQUANTE,B1: référence de preuve absente | B2: référence de preuve absente | B3: référence de preuve absente | B4: référence de preuve absente | B5: référence de preuve absente | B6: référence de preuve absente | B7: référence de preuve absente | exclusions non vérifiées | preuve du contrôle des exclusions absente
8YM.F,Intelligent Monitoring Group  R,Allemagne,140476992.0,42678000.0,142192992.0,29395000.0,16357875.0,0.123,0.36575,0.30485,413167621.0,Yahoo Finance / yfinance get_info,2026-10-08,0.0,-12.820508705793598,17.241383917124885,False,MANQUANTE,MANQUANTE,MANQUANTE,MANQUANTE,MANQUANTE,MANQUANTE,MANQUANTE,MANQUANTE,MANQUANTE,MANQUANTE,MANQUANTE,MANQUANTE,MANQUANTE,MANQUANTE,MANQUANTE,A_COMPLETER_PREUVES_SSI,A_VERIFIER,MANQUANTE,B1: référence de preuve absente | B2: référence de preuve absente | B3: référence de preuve absente | B4: référence de preuve absente | B5: référence de preuve absente | B6: référence de preuve absente | B7: référence de preuve absente | exclusions non vérifiées | preuve du contrôle des exclusions absente
XAR.F,XAAR PLC                      R,Allemagne,140483648.0,3483000.0,8017000.0,4261000.0,916500.0,0.091,0.4035,0.04487,84121945.0,Yahoo Finance / yfinance get_info,2026-10-08,0.0,28.461539872299333,18.439716072211063,True,MANQUANTE,MANQUANTE,MANQUANTE,MANQUANTE,MANQUANTE,MANQUANTE,MANQUANTE,MANQUANTE,MANQUANTE,MANQUANTE,MANQUANTE,MANQUANTE,MANQUANTE,MANQUANTE,MANQUANTE,A_COMPLETER_PREUVES_SSI,A_VERIFIER,MANQUANTE,B1: référence de preuve absente | B2: référence de preuve absente | B3: référence de preuve absente | B4: référence de preuve absente | B5: référence de preuve absente | B6: référence de preuve absente | B7: référence de preuve absente | exclusions non vérifiées | preuve du contrôle des exclusions absente
0TT.F,Nekkar ASA                    N,Allemagne,140992688.0,166722000.0,74860000.0,26083000.0,85993624.0,-0.074,0.50693,0.47171003,101799775.0,Yahoo Finance / yfinance get_info,2026-10-08,0.0,8.203126673470296,11.693546758978249,True,MANQUANTE,MANQUANTE,MANQUANTE,MANQUANTE,MANQUANTE,MANQUANTE,MANQUANTE,MANQUANTE,MANQUANTE,MANQUANTE,MANQUANTE,MANQUANTE,MANQUANTE,MANQUANTE,MANQUANTE,A_COMPLETER_PREUVES_SSI,A_VERIFIER,MANQUANTE,B1: référence de preuve absente | B2: référence de preuve absente | B3: référence de preuve absente | B4: référence de preuve absente | B5: référence de preuve absente | B6: référence de preuve absente | B7: référence de preuve absente | exclusions non vérifiées | preuve du contrôle des exclusions absente
AYR.F,Cyprium Metals Ltd.           R,Allemagne,141051456.0,75626000.0,63962000.0,-27446000.0,-41238124.0,3.929,1.0,0.17701,578079732.0,Yahoo Finance / yfinance get_info,2026-10-08,0.0,3.3898310435636736,38.63636594542788,,MANQUANTE,MANQUANTE,MANQUANTE,MANQUANTE,MANQUANTE,MANQUANTE,MANQUANTE,MANQUANTE,MANQUANTE,MANQUANTE,MANQUANTE,MANQUANTE,MANQUANTE,MANQUANTE,MANQUANTE,A_COMPLETER_PREUVES_SSI,A_VERIFIER,MANQUANTE,B1: référence de preuve absente | B2: référence de preuve absente | B3: référence de preuve absente | B4: référence de preuve absente | B5: référence de preuve absente | B6: référence de preuve absente | B7: référence de preuve absente | exclusions non vérifiées | preuve du contrôle des exclusions absente
G4P0.F,Lycos Energy Inc.             R,Allemagne,141082464.0,16781000.0,1317000.0,24500000.0,16052750.0,-0.274,0.62852,0.17849001,131852762.0,Yahoo Finance / yfinance get_info,2026-10-08,0.0,27.380962602270746,-15.748026100639676,True,MANQUANTE,MANQUANTE,MANQUANTE,MANQUANTE,MANQUANTE,MANQUANTE,MANQUANTE,MANQUANTE,MANQUANTE,MANQUANTE,MANQUANTE,MANQUANTE,MANQUANTE,MANQUANTE,MANQUANTE,A_COMPLETER_PREUVES_SSI,A_VERIFIER,MANQUANTE,B1: référence de preuve absente | B2: référence de preuve absente | B3: référence de preuve absente | B4: référence de preuve absente | B5: référence de preuve absente | B6: référence de preuve absente | B7: référence de preuve absente | exclusions non vérifiées | preuve du contrôle des exclusions absente
9FX.F,Zhaoke Ophthalmology Ltd.     R,Allemagne,141156816.0,715827968.0,266560000.0,-234935008.0,-201870368.0,0.191,0.49527,0.30513,547119512.0,Yahoo Finance / yfinance get_info,2026-10-08,0.0,-5.147068974622671,-16.774198572295717,False,MANQUANTE,MANQUANTE,MANQUANTE,MANQUANTE,MANQUANTE,MANQUANTE,MANQUANTE,MANQUANTE,MANQUANTE,MANQUANTE,MANQUANTE,MANQUANTE,MANQUANTE,MANQUANTE,MANQUANTE,A_COMPLETER_PREUVES_SSI,A_VERIFIER,MANQUANTE,B1: référence de preuve absente | B2: référence de preuve absente | B3: référence de preuve absente | B4: référence de preuve absente | B5: référence de preuve absente | B6: référence de preuve absente | B7: référence de preuve absente | exclusions non vérifiées | preuve du contrôle des exclusions absente
98A.F,TOKYO SANGYO CO. LTD.         R,Allemagne,141442048.0,15105000448.0,12960000000.0,3847000064.0,,-0.015,0.18098,0.40712002,26120417.0,Yahoo Finance / yfinance get_info,2026-10-08,0.0,31.19321348961037,14.38529206224306,,MANQUANTE,MANQUANTE,MANQUANTE,MANQUANTE,MANQUANTE,MANQUANTE,MANQUANTE,MANQUANTE,MANQUANTE,MANQUANTE,MANQUANTE,MANQUANTE,MANQUANTE,MANQUANTE,MANQUANTE,A_COMPLETER_PREUVES_SSI,A_VERIFIER,MANQUANTE,B1: référence de preuve absente | B2: référence de preuve absente | B3: référence de preuve absente | B4: référence de preuve absente | B5: référence de preuve absente | B6: référence de preuve absente | B7: référence de preuve absente | exclusions non vérifiées | preuve du contrôle des exclusions absente
4EB.F,NeoVolta Inc.                 R,Allemagne,141631808.0,22201976.0,9207393.0,-17730164.0,-13955509.0,-0.997,0.16037,0.16283001,59013247.0,Yahoo Finance / yfinance get_info,2026-10-08,0.0,25.654457450739887,-1.639342660450327,False,MANQUANTE,MANQUANTE,MANQUANTE,MANQUANTE,MANQUANTE,MANQUANTE,MANQUANTE,MANQUANTE,MANQUANTE,MANQUANTE,MANQUANTE,MANQUANTE,MANQUANTE,MANQUANTE,MANQUANTE,A_COMPLETER_PREUVES_SSI,A_VERIFIER,MANQUANTE,B1: référence de preuve absente | B2: référence de preuve absente | B3: référence de preuve absente | B4: référence de preuve absente | B5: référence de preuve absente | B6: référence de preuve absente | B7: référence de preuve absente | exclusions non vérifiées | preuve du contrôle des exclusions absente
TXW.F,TEXWINCA HOLDINGS LTD.        R,Allemagne,141804560.0,1469299968.0,846260992.0,371188000.0,181757744.0,-0.058,0.26768,0.56426996,1381696104.0,Yahoo Finance / yfinance get_info,2026-10-08,0.0,-22.84482315661069,-40.333333995607134,False,MANQUANTE,MANQUANTE,MANQUANTE,MANQUANTE,MANQUANTE,MANQUANTE,MANQUANTE,MANQUANTE,MANQUANTE,MANQUANTE,MANQUANTE,MANQUANTE,MANQUANTE,MANQUANTE,MANQUANTE,A_COMPLETER_PREUVES_SSI,A_VERIFIER,MANQUANTE,B1: référence de preuve absente | B2: référence de preuve absente | B3: référence de preuve absente | B4: référence de preuve absente | B5: référence de preuve absente | B6: référence de preuve absente | B7: référence de preuve absente | exclusions non vérifiées | preuve du contrôle des exclusions absente
X4C.F,Polymetals Resources Ltd      R,Allemagne,141876032.0,19658064.0,27816150.0,-35207072.0,-13429748.0,311.96,0.27986,0.44743,308426149.0,Yahoo Finance / yfinance get_info,2026-10-08,0.0,-16.36363665919658,-13.207540910156224,False,MANQUANTE,MANQUANTE,MANQUANTE,MANQUANTE,MANQUANTE,MANQUANTE,MANQUANTE,MANQUANTE,MANQUANTE,MANQUANTE,MANQUANTE,MANQUANTE,MANQUANTE,MANQUANTE,MANQUANTE,A_COMPLETER_PREUVES_SSI,A_VERIFIER,MANQUANTE,B1: référence de preuve absente | B2: référence de preuve absente | B3: référence de preuve absente | B4: référence de preuve absente | B5: référence de preuve absente | B6: référence de preuve absente | B7: référence de preuve absente | exclusions non vérifiées | preuve du contrôle des exclusions absente
BQZ.F,Beijing Jingcheng Machin.El.CoR,Allemagne,141894176.0,394054816.0,433989408.0,-45423100.0,-84155240.0,-0.041,0.096870005,0.0298,100000000.0,Yahoo Finance / yfinance get_info,2026-10-08,0.0,-13.907283983974638,-46.28099341485664,False,MANQUANTE,MANQUANTE,MANQUANTE,MANQUANTE,MANQUANTE,MANQUANTE,MANQUANTE,MANQUANTE,MANQUANTE,MANQUANTE,MANQUANTE,MANQUANTE,MANQUANTE,MANQUANTE,MANQUANTE,A_COMPLETER_PREUVES_SSI,A_VERIFIER,MANQUANTE,B1: référence de preuve absente | B2: référence de preuve absente | B3: référence de preuve absente | B4: référence de preuve absente | B5: référence de preuve absente | B6: référence de preuve absente | B7: référence de preuve absente | exclusions non vérifiées | preuve du contrôle des exclusions absente
3TT0.F,Tecnotree Oyj                 R,Allemagne,142014416.0,20600000.0,4700000.0,31184000.0,11599350.0,0.15,0.97836,0.35298002,22831901.0,Yahoo Finance / yfinance get_info,2026-10-08,0.0,-4.307695535513068,16.4793934917266,True,MANQUANTE,MANQUANTE,MANQUANTE,MANQUANTE,MANQUANTE,MANQUANTE,MANQUANTE,MANQUANTE,MANQUANTE,MANQUANTE,MANQUANTE,MANQUANTE,MANQUANTE,MANQUANTE,MANQUANTE,A_COMPLETER_PREUVES_SSI,A_VERIFIER,MANQUANTE,B1: référence de preuve absente | B2: référence de preuve absente | B3: référence de preuve absente | B4: référence de preuve absente | B5: référence de preuve absente | B6: référence de preuve absente | B7: référence de preuve absente | exclusions non vérifiées | preuve du contrôle des exclusions absente
54GA.F,Sangoma Technologies Corp.    R,Allemagne,142103488.0,10495000.0,34178000.0,4930000.0,28857250.0,-0.212,0.70308995,0.26626,33503340.0,Yahoo Finance / yfinance get_info,2026-10-08,0.0,19.774006124528864,32.4999908730389,True,MANQUANTE,MANQUANTE,MANQUANTE,MANQUANTE,MANQUANTE,MANQUANTE,MANQUANTE,MANQUANTE,MANQUANTE,MANQUANTE,MANQUANTE,MANQUANTE,MANQUANTE,MANQUANTE,MANQUANTE,A_COMPLETER_PREUVES_SSI,A_VERIFIER,MANQUANTE,B1: référence de preuve absente | B2: référence de preuve absente | B3: référence de preuve absente | B4: référence de preuve absente | B5: référence de preuve absente | B6: référence de preuve absente | B7: référence de preuve absente | exclusions non vérifiées | preuve du contrôle des exclusions absente
JIL.F,Jilin Prov.Huin.Chang.Bio-pha.R,Allemagne,142303504.0,902574976.0,947000.0,271197504.0,,-0.009,0.84766996,0.25226998,172500000.0,Yahoo Finance / yfinance get_info,2026-10-08,0.0,-1.5503792692262208,4.098362808216627,True,MANQUANTE,MANQUANTE,MANQUANTE,MANQUANTE,MANQUANTE,MANQUANTE,MANQUANTE,MANQUANTE,MANQUANTE,MANQUANTE,MANQUANTE,MANQUANTE,MANQUANTE,MANQUANTE,MANQUANTE,A_COMPLETER_PREUVES_SSI,A_VERIFIER,MANQUANTE,B1: référence de preuve absente | B2: référence de preuve absente | B3: référence de preuve absente | B4: référence de preuve absente | B5: référence de preuve absente | B6: référence de preuve absente | B7: référence de preuve absente | exclusions non vérifiées | preuve du contrôle des exclusions absente
DR5.F,Byggma ASA                    N,Allemagne,142431344.0,10000000.0,1268099968.0,216674000.0,185555376.0,0.013,0.47641,0.95208,69819290.0,Yahoo Finance / yfinance get_info,2026-10-08,0.0,9.090906772789696,24.39024266141429,True,MANQUANTE,MANQUANTE,MANQUANTE,MANQUANTE,MANQUANTE,MANQUANTE,MANQUANTE,MANQUANTE,MANQUANTE,MANQUANTE,MANQUANTE,MANQUANTE,MANQUANTE,MANQUANTE,MANQUANTE,A_COMPLETER_PREUVES_SSI,A_VERIFIER,MANQUANTE,B1: référence de preuve absente | B2: référence de preuve absente | B3: référence de preuve absente | B4: référence de preuve absente | B5: référence de preuve absente | B6: référence de preuve absente | B7: référence de preuve absente | exclusions non vérifiées | preuve du contrôle des exclusions absente
DR5.SG,Byggma ASA,Allemagne,142431344.0,10000000.0,1268099968.0,216674000.0,185555376.0,0.013,0.47641,0.95208,69819290.0,Yahoo Finance / yfinance get_info,2026-10-08,0.0,10.8695611329521,28.30188169985246,True,MANQUANTE,MANQUANTE,MANQUANTE,MANQUANTE,MANQUANTE,MANQUANTE,MANQUANTE,MANQUANTE,MANQUANTE,MANQUANTE,MANQUANTE,MANQUANTE,MANQUANTE,MANQUANTE,MANQUANTE,A_COMPLETER_PREUVES_SSI,A_VERIFIER,MANQUANTE,B1: référence de preuve absente | B2: référence de preuve absente | B3: référence de preuve absente | B4: référence de preuve absente | B5: référence de preuve absente | B6: référence de preuve absente | B7: référence de preuve absente | exclusions non vérifiées | preuve du contrôle des exclusions absente
SCD1.F,Shandong Chenm.Paper Hldgs LtdR,Allemagne,142660624.0,215084864.0,32661053440.0,-206561504.0,3079778304.0,1.966,-0.12235,0.29038998,528305250.0,Yahoo Finance / yfinance get_info,2026-10-08,0.0,0.0,-57.82608647765646,False,MANQUANTE,MANQUANTE,MANQUANTE,MANQUANTE,MANQUANTE,MANQUANTE,MANQUANTE,MANQUANTE,MANQUANTE,MANQUANTE,MANQUANTE,MANQUANTE,MANQUANTE,MANQUANTE,MANQUANTE,A_COMPLETER_PREUVES_SSI,A_VERIFIER,MANQUANTE,B1: référence de preuve absente | B2: référence de preuve absente | B3: référence de preuve absente | B4: référence de preuve absente | B5: référence de preuve absente | B6: référence de preuve absente | B7: référence de preuve absente | exclusions non vérifiées | preuve du contrôle des exclusions absente
H4N.F,Solar Foods Oyj               R,Allemagne,142723776.0,27044128.0,15506667.0,-5158841.0,-5473064.0,2.647,1.0,0.6273,30110504.0,Yahoo Finance / yfinance get_info,2026-10-08,0.0,-6.3241141359696496,-4.627767178730946,False,MANQUANTE,MANQUANTE,MANQUANTE,MANQUANTE,MANQUANTE,MANQUANTE,MANQUANTE,MANQUANTE,MANQUANTE,MANQUANTE,MANQUANTE,MANQUANTE,MANQUANTE,MANQUANTE,MANQUANTE,A_COMPLETER_PREUVES_SSI,A_VERIFIER,MANQUANTE,B1: référence de preuve absente | B2: référence de preuve absente | B3: référence de preuve absente | B4: référence de preuve absente | B5: référence de preuve absente | B6: référence de preuve absente | B7: référence de preuve absente | exclusions non vérifiées | preuve du contrôle des exclusions absente
MR3.F,Italian Wine Brands S.p.A.    A,Allemagne,142781392.0,59066824.0,141007840.0,40484032.0,21557656.0,-0.053,0.19461,0.229,9283575.0,Yahoo Finance / yfinance get_info,2026-10-08,0.0,-12.910530875827286,-16.503799941702646,False,MANQUANTE,MANQUANTE,MANQUANTE,MANQUANTE,MANQUANTE,MANQUANTE,MANQUANTE,MANQUANTE,MANQUANTE,MANQUANTE,MANQUANTE,MANQUANTE,MANQUANTE,MANQUANTE,MANQUANTE,A_COMPLETER_PREUVES_SSI,A_VERIFIER,MANQUANTE,B1: référence de preuve absente | B2: référence de preuve absente | B3: référence de preuve absente | B4: référence de preuve absente | B5: référence de preuve absente | B6: référence de preuve absente | B7: référence de preuve absente | exclusions non vérifiées | preuve du contrôle des exclusions absente
PXS.F,Paragon Care Ltd.             R,Allemagne,142960608.0,23676000.0,388902016.0,25730000.0,19061876.0,0.007,0.094399996,0.69474,1655305389.0,Yahoo Finance / yfinance get_info,2026-10-08,0.0,16.546764132411496,-7.954544684857367,False,MANQUANTE,MANQUANTE,MANQUANTE,MANQUANTE,MANQUANTE,MANQUANTE,MANQUANTE,MANQUANTE,MANQUANTE,MANQUANTE,MANQUANTE,MANQUANTE,MANQUANTE,MANQUANTE,MANQUANTE,A_COMPLETER_PREUVES_SSI,A_VERIFIER,MANQUANTE,B1: référence de preuve absente | B2: référence de preuve absente | B3: référence de preuve absente | B4: référence de preuve absente | B5: référence de preuve absente | B6: référence de preuve absente | B7: référence de preuve absente | exclusions non vérifiées | preuve du contrôle des exclusions absente
0AS.F,Entech SE                     A,Allemagne,143035376.0,18931000.0,38860000.0,6255450.0,,1.607,0.20694,0.63562,14715574.0,Yahoo Finance / yfinance get_info,2026-10-08,0.0,-6.177600490902946,1.5674041482542034,True,MANQUANTE,MANQUANTE,MANQUANTE,MANQUANTE,MANQUANTE,MANQUANTE,MANQUANTE,MANQUANTE,MANQUANTE,MANQUANTE,MANQUANTE,MANQUANTE,MANQUANTE,MANQUANTE,MANQUANTE,A_COMPLETER_PREUVES_SSI,A_VERIFIER,MANQUANTE,B1: référence de preuve absente | B2: référence de preuve absente | B3: référence de preuve absente | B4: référence de preuve absente | B5: référence de preuve absente | B6: référence de preuve absente | B7: référence de preuve absente | exclusions non vérifiées | preuve du contrôle des exclusions absente
O5O.F,Oriola Oyj                    R,Allemagne,143158464.0,111900000.0,77300000.0,12700000.0,-7537500.0,0.018,0.08813,0.32735002,184245120.0,Yahoo Finance / yfinance get_info,2026-10-08,0.0,-14.70911101800021,-16.987177486968807,False,MANQUANTE,MANQUANTE,MANQUANTE,MANQUANTE,MANQUANTE,MANQUANTE,MANQUANTE,MANQUANTE,MANQUANTE,MANQUANTE,MANQUANTE,MANQUANTE,MANQUANTE,MANQUANTE,MANQUANTE,A_COMPLETER_PREUVES_SSI,A_VERIFIER,MANQUANTE,B1: référence de preuve absente | B2: référence de preuve absente | B3: référence de preuve absente | B4: référence de preuve absente | B5: référence de preuve absente | B6: référence de preuve absente | B7: référence de preuve absente | exclusions non vérifiées | preuve du contrôle des exclusions absente
LUG.F,Triumph New Energy Co. Ltd.   R,Allemagne,143339840.0,147165904.0,6807405568.0,-806626688.0,127386872.0,-0.347,-0.31114,0.00846,250000000.0,Yahoo Finance / yfinance get_info,2026-10-08,0.0,-11.19999885559082,-46.634615797924205,False,MANQUANTE,MANQUANTE,MANQUANTE,MANQUANTE,MANQUANTE,MANQUANTE,MANQUANTE,MANQUANTE,MANQUANTE,MANQUANTE,MANQUANTE,MANQUANTE,MANQUANTE,MANQUANTE,MANQUANTE,A_COMPLETER_PREUVES_SSI,A_VERIFIER,MANQUANTE,B1: référence de preuve absente | B2: référence de preuve absente | B3: référence de preuve absente | B4: référence de preuve absente | B5: référence de preuve absente | B6: référence de preuve absente | B7: référence de preuve absente | exclusions non vérifiées | preuve du contrôle des exclusions absente
B34.F,Duke Capital Ltd.             R,Allemagne,143346816.0,78352000.0,99195000.0,,7522000.0,2.284,1.0,0.04652,504742317.0,Yahoo Finance / yfinance get_info,2026-10-08,0.0,-2.7397214136017367,-8.38709447932171,False,MANQUANTE,MANQUANTE,MANQUANTE,MANQUANTE,MANQUANTE,MANQUANTE,MANQUANTE,MANQUANTE,MANQUANTE,MANQUANTE,MANQUANTE,MANQUANTE,MANQUANTE,MANQUANTE,MANQUANTE,A_COMPLETER_PREUVES_SSI,A_VERIFIER,MANQUANTE,B1: référence de preuve absente | B2: référence de preuve absente | B3: référence de preuve absente | B4: référence de preuve absente | B5: référence de preuve absente | B6: référence de preuve absente | B7: référence de preuve absente | exclusions non vérifiées | preuve du contrôle des exclusions absente
88M.F,Hexaom S.A.                   A,Allemagne,143898496.0,144743008.0,96678000.0,39244000.0,43504000.0,0.122,0.22461,0.54206,6852309.0,Yahoo Finance / yfinance get_info,2026-10-08,0.0,-27.08333140170128,-38.416419531698345,False,MANQUANTE,MANQUANTE,MANQUANTE,MANQUANTE,MANQUANTE,MANQUANTE,MANQUANTE,MANQUANTE,MANQUANTE,MANQUANTE,MANQUANTE,MANQUANTE,MANQUANTE,MANQUANTE,MANQUANTE,A_COMPLETER_PREUVES_SSI,A_VERIFIER,MANQUANTE,B1: référence de preuve absente | B2: référence de preuve absente | B3: référence de preuve absente | B4: référence de preuve absente | B5: référence de preuve absente | B6: référence de preuve absente | B7: référence de preuve absente | exclusions non vérifiées | preuve du contrôle des exclusions absente
1BZ.F,Beeks Finan.Cloud Grp.PLC     R,Allemagne,144516416.0,6958000.0,8599000.0,4486000.0,496500.0,-0.072,0.35518003,0.32553002,68817346.0,Yahoo Finance / yfinance get_info,2026-10-08,0.0,-14.634151541947904,11.111106906197875,False,MANQUANTE,MANQUANTE,MANQUANTE,MANQUANTE,MANQUANTE,MANQUANTE,MANQUANTE,MANQUANTE,MANQUANTE,MANQUANTE,MANQUANTE,MANQUANTE,MANQUANTE,MANQUANTE,MANQUANTE,A_COMPLETER_PREUVES_SSI,A_VERIFIER,MANQUANTE,B1: référence de preuve absente | B2: référence de preuve absente | B3: référence de preuve absente | B4: référence de preuve absente | B5: référence de preuve absente | B6: référence de preuve absente | B7: référence de preuve absente | exclusions non vérifiées | preuve du contrôle des exclusions absente
5E6.F,BRC Group Holdings Inc.       R,Allemagne,144784704.0,1084544000.0,1512551040.0,,,0.104,0.25765,0.30156,33514977.0,Yahoo Finance / yfinance get_info,2026-10-08,0.0,-29.756095858998865,-31.96850021194849,False,MANQUANTE,MANQUANTE,MANQUANTE,MANQUANTE,MANQUANTE,MANQUANTE,MANQUANTE,MANQUANTE,MANQUANTE,MANQUANTE,MANQUANTE,MANQUANTE,MANQUANTE,MANQUANTE,MANQUANTE,A_COMPLETER_PREUVES_SSI,A_VERIFIER,MANQUANTE,B1: référence de preuve absente | B2: référence de preuve absente | B3: référence de preuve absente | B4: référence de preuve absente | B5: référence de preuve absente | B6: référence de preuve absente | B7: référence de preuve absente | exclusions non vérifiées | preuve du contrôle des exclusions absente
9UQ0.F,Fortifai Ltd.                 R,Allemagne,144820928.0,20354520.0,604273.0,-8938333.0,1211744.0,-0.633,0.81999,0.42178002,346461538.0,Yahoo Finance / yfinance get_info,2026-10-08,0.0,-14.344260668208364,6.63265907351116,True,MANQUANTE,MANQUANTE,MANQUANTE,MANQUANTE,MANQUANTE,MANQUANTE,MANQUANTE,MANQUANTE,MANQUANTE,MANQUANTE,MANQUANTE,MANQUANTE,MANQUANTE,MANQUANTE,MANQUANTE,A_COMPLETER_PREUVES_SSI,A_VERIFIER,MANQUANTE,B1: référence de preuve absente | B2: référence de preuve absente | B3: référence de preuve absente | B4: référence de preuve absente | B5: référence de preuve absente | B6: référence de preuve absente | B7: référence de preuve absente | exclusions non vérifiées | preuve du contrôle des exclusions absente
LJ0.F,Zeda Ltd.                     R,Allemagne,144848800.0,957667968.0,7614155776.0,2706496000.0,2384250112.0,0.032,0.39551,0.29941,185703605.0,Yahoo Finance / yfinance get_info,2026-10-08,0.0,5.405400180747066,14.705876939024542,True,MANQUANTE,MANQUANTE,MANQUANTE,MANQUANTE,MANQUANTE,MANQUANTE,MANQUANTE,MANQUANTE,MANQUANTE,MANQUANTE,MANQUANTE,MANQUANTE,MANQUANTE,MANQUANTE,MANQUANTE,A_COMPLETER_PREUVES_SSI,A_VERIFIER,MANQUANTE,B1: référence de preuve absente | B2: référence de preuve absente | B3: référence de preuve absente | B4: référence de preuve absente | B5: référence de preuve absente | B6: référence de preuve absente | B7: référence de preuve absente | exclusions non vérifiées | preuve du contrôle des exclusions absente
3OV.F,Metal Powder Works Ltd.       R,Allemagne,144882688.0,10523522.0,233798.0,-10200218.0,-4225515.0,,0.44579,0.58856,150137508.0,Yahoo Finance / yfinance get_info,2026-10-08,0.0,-20.901643348874188,-34.79729990962647,False,MANQUANTE,MANQUANTE,MANQUANTE,MANQUANTE,MANQUANTE,MANQUANTE,MANQUANTE,MANQUANTE,MANQUANTE,MANQUANTE,MANQUANTE,MANQUANTE,MANQUANTE,MANQUANTE,MANQUANTE,A_COMPLETER_PREUVES_SSI,A_VERIFIER,MANQUANTE,B1: référence de preuve absente | B2: référence de preuve absente | B3: référence de preuve absente | B4: référence de preuve absente | B5: référence de preuve absente | B6: référence de preuve absente | B7: référence de preuve absente | exclusions non vérifiées | preuve du contrôle des exclusions absente
ESY.HM,EASY SOFTWARE AG              N,Allemagne,144912960.0,4074000.0,0.0,11521000.0,16149000.0,0.001,0.36628,0.0,7547550.0,Yahoo Finance / yfinance get_info,2026-10-08,400.0,-3.9999961853027344,-3.5175822563283,True,MANQUANTE,MANQUANTE,MANQUANTE,MANQUANTE,MANQUANTE,MANQUANTE,MANQUANTE,MANQUANTE,MANQUANTE,MANQUANTE,MANQUANTE,MANQUANTE,MANQUANTE,MANQUANTE,MANQUANTE,A_COMPLETER_PREUVES_SSI,A_VERIFIER,MANQUANTE,B1: référence de preuve absente | B2: référence de preuve absente | B3: référence de preuve absente | B4: référence de preuve absente | B5: référence de preuve absente | B6: référence de preuve absente | B7: référence de preuve absente | exclusions non vérifiées | preuve du contrôle des exclusions absente
MQR1.F,Multi-Chem Ltd.               R,Allemagne,144938976.0,90812000.0,1182000.0,30634000.0,17560000.0,0.151,0.13471,0.82597,90095268.0,Yahoo Finance / yfinance get_info,2026-10-08,0.0,-34.87395471489747,-37.50000240341308,False,MANQUANTE,MANQUANTE,MANQUANTE,MANQUANTE,MANQUANTE,MANQUANTE,MANQUANTE,MANQUANTE,MANQUANTE,MANQUANTE,MANQUANTE,MANQUANTE,MANQUANTE,MANQUANTE,MANQUANTE,A_COMPLETER_PREUVES_SSI,A_VERIFIER,MANQUANTE,B1: référence de preuve absente | B2: référence de preuve absente | B3: référence de preuve absente | B4: référence de preuve absente | B5: référence de preuve absente | B6: référence de preuve absente | B7: référence de preuve absente | exclusions non vérifiées | preuve du contrôle des exclusions absente
GSP0.F,Comstock Inc.                 R,Allemagne,145449472.0,31405236.0,19403826.0,-39048076.0,-56382944.0,-0.196,-1.65579,0.032190003,75913084.0,Yahoo Finance / yfinance get_info,2026-10-08,0.0,-47.84975515372515,-26.5900350347438,False,MANQUANTE,MANQUANTE,MANQUANTE,MANQUANTE,MANQUANTE,MANQUANTE,MANQUANTE,MANQUANTE,MANQUANTE,MANQUANTE,MANQUANTE,MANQUANTE,MANQUANTE,MANQUANTE,MANQUANTE,A_COMPLETER_PREUVES_SSI,A_VERIFIER,MANQUANTE,B1: référence de preuve absente | B2: référence de preuve absente | B3: référence de preuve absente | B4: référence de preuve absente | B5: référence de preuve absente | B6: référence de preuve absente | B7: référence de preuve absente | exclusions non vérifiées | preuve du contrôle des exclusions absente
6BU0.F,Burning Rock Biotech Ltd.     R,Allemagne,145539536.0,416817984.0,45112000.0,-58272500.0,12984125.0,-0.093,0.74551004,2.13504,8813858.0,Yahoo Finance / yfinance get_info,2026-10-08,0.0,57.71428789411273,4.545457501056816,True,MANQUANTE,MANQUANTE,MANQUANTE,MANQUANTE,MANQUANTE,MANQUANTE,MANQUANTE,MANQUANTE,MANQUANTE,MANQUANTE,MANQUANTE,MANQUANTE,MANQUANTE,MANQUANTE,MANQUANTE,A_COMPLETER_PREUVES_SSI,A_VERIFIER,MANQUANTE,B1: référence de preuve absente | B2: référence de preuve absente | B3: référence de preuve absente | B4: référence de preuve absente | B5: référence de preuve absente | B6: référence de preuve absente | B7: référence de preuve absente | exclusions non vérifiées | preuve du contrôle des exclusions absente
4CM.F,YesAsia Holdings Ltd.         R,Allemagne,145609024.0,17331000.0,35098000.0,40527000.0,18062124.0,0.232,0.30298,0.61056,418416768.0,Yahoo Finance / yfinance get_info,2026-10-08,0.0,21.678312496717567,-3.3333399560713795,True,MANQUANTE,MANQUANTE,MANQUANTE,MANQUANTE,MANQUANTE,MANQUANTE,MANQUANTE,MANQUANTE,MANQUANTE,MANQUANTE,MANQUANTE,MANQUANTE,MANQUANTE,MANQUANTE,MANQUANTE,A_COMPLETER_PREUVES_SSI,A_VERIFIER,MANQUANTE,B1: référence de preuve absente | B2: référence de preuve absente | B3: référence de preuve absente | B4: référence de preuve absente | B5: référence de preuve absente | B6: référence de preuve absente | B7: référence de preuve absente | exclusions non vérifiées | preuve du contrôle des exclusions absente
5K6.F,MACFARLANE GROUP PLC          R,Allemagne,145737680.0,10043000.0,86721000.0,20650000.0,15178125.0,0.016,0.37277,0.22725001,154219782.0,Yahoo Finance / yfinance get_info,2026-10-08,0.0,28.57142509593915,21.153849680748337,True,MANQUANTE,MANQUANTE,MANQUANTE,MANQUANTE,MANQUANTE,MANQUANTE,MANQUANTE,MANQUANTE,MANQUANTE,MANQUANTE,MANQUANTE,MANQUANTE,MANQUANTE,MANQUANTE,MANQUANTE,A_COMPLETER_PREUVES_SSI,A_VERIFIER,MANQUANTE,B1: référence de preuve absente | B2: référence de preuve absente | B3: référence de preuve absente | B4: référence de preuve absente | B5: référence de preuve absente | B6: référence de preuve absente | B7: référence de preuve absente | exclusions non vérifiées | preuve du contrôle des exclusions absente
M8W.F,MediWound Ltd.                R,Allemagne,145886144.0,35341000.0,8605000.0,-30749000.0,-29048876.0,-0.458,0.1546,0.16711001,12910278.0,Yahoo Finance / yfinance get_info,2026-10-08,0.0,-8.130081174740656,-25.65789254913697,False,MANQUANTE,MANQUANTE,MANQUANTE,MANQUANTE,MANQUANTE,MANQUANTE,MANQUANTE,MANQUANTE,MANQUANTE,MANQUANTE,MANQUANTE,MANQUANTE,MANQUANTE,MANQUANTE,MANQUANTE,A_COMPLETER_PREUVES_SSI,A_VERIFIER,MANQUANTE,B1: référence de preuve absente | B2: référence de preuve absente | B3: référence de preuve absente | B4: référence de preuve absente | B5: référence de preuve absente | B6: référence de preuve absente | B7: référence de preuve absente | exclusions non vérifiées | preuve du contrôle des exclusions absente
I6R0.F,Maritana Minerals Ltd.        R,Allemagne,146170208.0,229547040.0,356992.0,22964862.0,-4708890.0,-0.471,0.30295,0.15593,372883195.0,Yahoo Finance / yfinance get_info,2026-10-08,0.0,11.363634054572124,-9.88506032195552,False,MANQUANTE,MANQUANTE,MANQUANTE,MANQUANTE,MANQUANTE,MANQUANTE,MANQUANTE,MANQUANTE,MANQUANTE,MANQUANTE,MANQUANTE,MANQUANTE,MANQUANTE,MANQUANTE,MANQUANTE,A_COMPLETER_PREUVES_SSI,A_VERIFIER,MANQUANTE,B1: référence de preuve absente | B2: référence de preuve absente | B3: référence de preuve absente | B4: référence de preuve absente | B5: référence de preuve absente | B6: référence de preuve absente | B7: référence de preuve absente | exclusions non vérifiées | preuve du contrôle des exclusions absente
C7E.F,CEGEDIM S.A.                  A,Allemagne,146560688.0,78706000.0,322156000.0,52698000.0,29807750.0,0.007,0.42254,0.60881,13722911.0,Yahoo Finance / yfinance get_info,2026-10-08,0.0,4.911591208359667,-14.559997558593752,False,MANQUANTE,MANQUANTE,MANQUANTE,MANQUANTE,MANQUANTE,MANQUANTE,MANQUANTE,MANQUANTE,MANQUANTE,MANQUANTE,MANQUANTE,MANQUANTE,MANQUANTE,MANQUANTE,MANQUANTE,A_COMPLETER_PREUVES_SSI,A_VERIFIER,MANQUANTE,B1: référence de preuve absente | B2: référence de preuve absente | B3: référence de preuve absente | B4: référence de preuve absente | B5: référence de preuve absente | B6: référence de preuve absente | B7: référence de preuve absente | exclusions non vérifiées | preuve du contrôle des exclusions absente
88M.SG,Maisons France Confort S.A.,Allemagne,146639408.0,144743008.0,96678000.0,39244000.0,43504000.0,0.122,0.22461,0.54206,6852309.0,Yahoo Finance / yfinance get_info,2026-10-08,0.0,-23.57142993382045,-36.87316030887568,False,MANQUANTE,MANQUANTE,MANQUANTE,MANQUANTE,MANQUANTE,MANQUANTE,MANQUANTE,MANQUANTE,MANQUANTE,MANQUANTE,MANQUANTE,MANQUANTE,MANQUANTE,MANQUANTE,MANQUANTE,A_COMPLETER_PREUVES_SSI,A_VERIFIER,MANQUANTE,B1: référence de preuve absente | B2: référence de preuve absente | B3: référence de preuve absente | B4: référence de preuve absente | B5: référence de preuve absente | B6: référence de preuve absente | B7: référence de preuve absente | exclusions non vérifiées | preuve du contrôle des exclusions absente
XUN.F,SHUN TAK HOLDINGS LTD.        R,Allemagne,146700624.0,9535285248.0,15798935552.0,733782976.0,290351744.0,-0.104,0.77301,0.59779,3017661785.0,Yahoo Finance / yfinance get_info,2026-10-08,0.0,2.469131600800467,-13.541670708865306,False,MANQUANTE,MANQUANTE,MANQUANTE,MANQUANTE,MANQUANTE,MANQUANTE,MANQUANTE,MANQUANTE,MANQUANTE,MANQUANTE,MANQUANTE,MANQUANTE,MANQUANTE,MANQUANTE,MANQUANTE,A_COMPLETER_PREUVES_SSI,A_VERIFIER,MANQUANTE,B1: référence de preuve absente | B2: référence de preuve absente | B3: référence de preuve absente | B4: référence de preuve absente | B5: référence de preuve absente | B6: référence de preuve absente | B7: référence de preuve absente | exclusions non vérifiées | preuve du contrôle des exclusions absente
R9Z.F,Immuneonco Biopharma.(SH) Inc.R,Allemagne,146774400.0,946617024.0,353142016.0,-204486000.0,-167039744.0,-0.154,0.99248004,0.33852002,418134505.0,Yahoo Finance / yfinance get_info,2026-10-08,0.0,-2.840906397000797,-41.03447974649527,False,MANQUANTE,MANQUANTE,MANQUANTE,MANQUANTE,MANQUANTE,MANQUANTE,MANQUANTE,MANQUANTE,MANQUANTE,MANQUANTE,MANQUANTE,MANQUANTE,MANQUANTE,MANQUANTE,MANQUANTE,A_COMPLETER_PREUVES_SSI,A_VERIFIER,MANQUANTE,B1: référence de preuve absente | B2: référence de preuve absente | B3: référence de preuve absente | B4: référence de preuve absente | B5: référence de preuve absente | B6: référence de preuve absente | B7: référence de preuve absente | exclusions non vérifiées | preuve du contrôle des exclusions absente
YCX.F,CITIZENS INC.                 R,Allemagne,146865024.0,15406000.0,0.0,14937000.0,9612500.0,-0.072,0.26877,0.115559995,50643108.0,Yahoo Finance / yfinance get_info,2026-10-08,0.0,-25.641025014020848,-36.956518358904766,False,MANQUANTE,MANQUANTE,MANQUANTE,MANQUANTE,MANQUANTE,MANQUANTE,MANQUANTE,MANQUANTE,MANQUANTE,MANQUANTE,MANQUANTE,MANQUANTE,MANQUANTE,MANQUANTE,MANQUANTE,A_COMPLETER_PREUVES_SSI,A_VERIFIER,MANQUANTE,B1: référence de preuve absente | B2: référence de preuve absente | B3: référence de preuve absente | B4: référence de preuve absente | B5: référence de preuve absente | B6: référence de preuve absente | B7: référence de preuve absente | exclusions non vérifiées | preuve du contrôle des exclusions absente
OT7.F,Ontex Group N.V.              A,Allemagne,146874912.0,79100000.0,619000000.0,128700000.0,146450000.0,-0.029,0.27193,0.29371,79997232.0,Yahoo Finance / yfinance get_info,2026-10-08,0.0,-13.600001615636492,-36.25000372529015,False,MANQUANTE,MANQUANTE,MANQUANTE,MANQUANTE,MANQUANTE,MANQUANTE,MANQUANTE,MANQUANTE,MANQUANTE,MANQUANTE,MANQUANTE,MANQUANTE,MANQUANTE,MANQUANTE,MANQUANTE,A_COMPLETER_PREUVES_SSI,A_VERIFIER,MANQUANTE,B1: référence de preuve absente | B2: référence de preuve absente | B3: référence de preuve absente | B4: référence de preuve absente | B5: référence de preuve absente | B6: référence de preuve absente | B7: référence de preuve absente | exclusions non vérifiées | preuve du contrôle des exclusions absente
DDR.F,SITE Centers Corp.            R,Allemagne,146929632.0,238926000.0,0.0,3380000.0,-29154376.0,-0.693,0.6079,0.00416,52474874.0,Yahoo Finance / yfinance get_info,2026-10-08,0.0,-25.1336913054418,-36.65158588268598,False,MANQUANTE,MANQUANTE,MANQUANTE,MANQUANTE,MANQUANTE,MANQUANTE,MANQUANTE,MANQUANTE,MANQUANTE,MANQUANTE,MANQUANTE,MANQUANTE,MANQUANTE,MANQUANTE,MANQUANTE,A_COMPLETER_PREUVES_SSI,A_VERIFIER,MANQUANTE,B1: référence de preuve absente | B2: référence de preuve absente | B3: référence de preuve absente | B4: référence de preuve absente | B5: référence de preuve absente | B6: référence de preuve absente | B7: référence de preuve absente | exclusions non vérifiées | preuve du contrôle des exclusions absente
4SM.F,Magnora ASA                   N,Allemagne,147277056.0,814099968.0,6500000.0,-85300000.0,-93750000.0,-0.304,0.8404,0.30652002,71148337.0,Yahoo Finance / yfinance get_info,2026-10-08,0.0,-1.193321958282556,-3.720937608189357,False,MANQUANTE,MANQUANTE,MANQUANTE,MANQUANTE,MANQUANTE,MANQUANTE,MANQUANTE,MANQUANTE,MANQUANTE,MANQUANTE,MANQUANTE,MANQUANTE,MANQUANTE,MANQUANTE,MANQUANTE,A_COMPLETER_PREUVES_SSI,A_VERIFIER,MANQUANTE,B1: référence de preuve absente | B2: référence de preuve absente | B3: référence de preuve absente | B4: référence de preuve absente | B5: référence de preuve absente | B6: référence de preuve absente | B7: référence de preuve absente | exclusions non vérifiées | preuve du contrôle des exclusions absente
NRC.F,Neuronetics Inc.              R,Allemagne,147441632.0,19197000.0,86523000.0,-19263000.0,345625.0,0.091,0.49382,0.30879998,76197222.0,Yahoo Finance / yfinance get_info,2026-10-08,0.0,32.53423919326994,67.53246672822202,True,MANQUANTE,MANQUANTE,MANQUANTE,MANQUANTE,MANQUANTE,MANQUANTE,MANQUANTE,MANQUANTE,MANQUANTE,MANQUANTE,MANQUANTE,MANQUANTE,MANQUANTE,MANQUANTE,MANQUANTE,A_COMPLETER_PREUVES_SSI,A_VERIFIER,MANQUANTE,B1: référence de preuve absente | B2: référence de preuve absente | B3: référence de preuve absente | B4: référence de preuve absente | B5: référence de preuve absente | B6: référence de preuve absente | B7: référence de preuve absente | exclusions non vérifiées | preuve du contrôle des exclusions absente
7RL.F,Likewise Group PLC            R,Allemagne,147551040.0,3646591.0,36344100.0,9400195.0,-889973.0,0.154,0.31518,0.24744,365225349.0,Yahoo Finance / yfinance get_info,2026-10-08,0.0,23.17073259376328,71.18644560078577,True,MANQUANTE,MANQUANTE,MANQUANTE,MANQUANTE,MANQUANTE,MANQUANTE,MANQUANTE,MANQUANTE,MANQUANTE,MANQUANTE,MANQUANTE,MANQUANTE,MANQUANTE,MANQUANTE,MANQUANTE,A_COMPLETER_PREUVES_SSI,A_VERIFIER,MANQUANTE,B1: référence de preuve absente | B2: référence de preuve absente | B3: référence de preuve absente | B4: référence de preuve absente | B5: référence de preuve absente | B6: référence de preuve absente | B7: référence de preuve absente | exclusions non vérifiées | preuve du contrôle des exclusions absente
VNC1.F,Vince Holding Corp.           R,Allemagne,147570128.0,1009000.0,114477000.0,16019000.0,13949750.0,0.117,0.52523,0.5774,12944749.0,Yahoo Finance / yfinance get_info,2026-10-08,0.0,103.57142522626988,387.1794887469993,True,MANQUANTE,MANQUANTE,MANQUANTE,MANQUANTE,MANQUANTE,MANQUANTE,MANQUANTE,MANQUANTE,MANQUANTE,MANQUANTE,MANQUANTE,MANQUANTE,MANQUANTE,MANQUANTE,MANQUANTE,A_COMPLETER_PREUVES_SSI,A_VERIFIER,MANQUANTE,B1: référence de preuve absente | B2: référence de preuve absente | B3: référence de preuve absente | B4: référence de preuve absente | B5: référence de preuve absente | B6: référence de preuve absente | B7: référence de preuve absente | exclusions non vérifiées | preuve du contrôle des exclusions absente
ALM1.F,Asara Resources Ltd.          R,Allemagne,147581280.0,59752784.0,0.0,-3963914.0,-16331151.0,,1.0,0.442,2093351479.0,Yahoo Finance / yfinance get_info,2026-10-08,0.0,12.800002098083496,-11.874996391124949,False,MANQUANTE,MANQUANTE,MANQUANTE,MANQUANTE,MANQUANTE,MANQUANTE,MANQUANTE,MANQUANTE,MANQUANTE,MANQUANTE,MANQUANTE,MANQUANTE,MANQUANTE,MANQUANTE,MANQUANTE,A_COMPLETER_PREUVES_SSI,A_VERIFIER,MANQUANTE,B1: référence de preuve absente | B2: référence de preuve absente | B3: référence de preuve absente | B4: référence de preuve absente | B5: référence de preuve absente | B6: référence de preuve absente | B7: référence de preuve absente | exclusions non vérifiées | preuve du contrôle des exclusions absente
9KH.F,SB Financial Group Inc.       R,Allemagne,147665008.0,143203008.0,61923000.0,,,0.078,0.0,0.05583,6256992.0,Yahoo Finance / yfinance get_info,2026-10-08,0.0,14.563106526437664,26.203205447142675,True,MANQUANTE,MANQUANTE,MANQUANTE,MANQUANTE,MANQUANTE,MANQUANTE,MANQUANTE,MANQUANTE,MANQUANTE,MANQUANTE,MANQUANTE,MANQUANTE,MANQUANTE,MANQUANTE,MANQUANTE,A_COMPLETER_PREUVES_SSI,A_VERIFIER,MANQUANTE,B1: référence de preuve absente | B2: référence de preuve absente | B3: référence de preuve absente | B4: référence de preuve absente | B5: référence de preuve absente | B6: référence de preuve absente | B7: référence de preuve absente | exclusions non vérifiées | preuve du contrôle des exclusions absente
F0Z.SG,EnSilica PLC,Allemagne,147724080.0,7560000.0,6859000.0,3172000.0,-2306000.0,0.692,0.34509,0.55669,134235414.0,Yahoo Finance / yfinance get_info,2026-10-08,0.0,-6.779654852722472,113.59224357213078,True,MANQUANTE,MANQUANTE,MANQUANTE,MANQUANTE,MANQUANTE,MANQUANTE,MANQUANTE,MANQUANTE,MANQUANTE,MANQUANTE,MANQUANTE,MANQUANTE,MANQUANTE,MANQUANTE,MANQUANTE,A_COMPLETER_PREUVES_SSI,A_VERIFIER,MANQUANTE,B1: référence de preuve absente | B2: référence de preuve absente | B3: référence de preuve absente | B4: référence de preuve absente | B5: référence de preuve absente | B6: référence de preuve absente | B7: référence de preuve absente | exclusions non vérifiées | preuve du contrôle des exclusions absente
3F3.F,Foraco International SA       A,Allemagne,147755920.0,17292000.0,102971000.0,39510000.0,628875.0,0.224,0.15535,0.28884,97851601.0,Yahoo Finance / yfinance get_info,2026-10-08,0.0,-6.790124319835577,-6.211181549896971,False,MANQUANTE,MANQUANTE,MANQUANTE,MANQUANTE,MANQUANTE,MANQUANTE,MANQUANTE,MANQUANTE,MANQUANTE,MANQUANTE,MANQUANTE,MANQUANTE,MANQUANTE,MANQUANTE,MANQUANTE,A_COMPLETER_PREUVES_SSI,A_VERIFIER,MANQUANTE,B1: référence de preuve absente | B2: référence de preuve absente | B3: référence de preuve absente | B4: référence de preuve absente | B5: référence de preuve absente | B6: référence de preuve absente | B7: référence de preuve absente | exclusions non vérifiées | preuve du contrôle des exclusions absente
1FI.F,Carnaby Resources Ltd.        R,Allemagne,148000256.0,9406670.0,72964.0,-9844871.0,-21470556.0,-0.147,1.0,0.35917,276119864.0,Yahoo Finance / yfinance get_info,2026-10-08,0.0,72.90322878358265,114.40000534057616,,MANQUANTE,MANQUANTE,MANQUANTE,MANQUANTE,MANQUANTE,MANQUANTE,MANQUANTE,MANQUANTE,MANQUANTE,MANQUANTE,MANQUANTE,MANQUANTE,MANQUANTE,MANQUANTE,MANQUANTE,A_COMPLETER_PREUVES_SSI,A_VERIFIER,MANQUANTE,B1: référence de preuve absente | B2: référence de preuve absente | B3: référence de preuve absente | B4: référence de preuve absente | B5: référence de preuve absente | B6: référence de preuve absente | B7: référence de preuve absente | exclusions non vérifiées | preuve du contrôle des exclusions absente
M0W.F,Sport Lisboa e Benfica SAD    A,Allemagne,148120000.0,8863000.0,193744992.0,-64661000.0,33590000.0,-0.139,0.58989,0.85321,23000000.0,Yahoo Finance / yfinance get_info,2026-10-08,0.0,-5.294119462009894,9.15254157838108,False,MANQUANTE,MANQUANTE,MANQUANTE,MANQUANTE,MANQUANTE,MANQUANTE,MANQUANTE,MANQUANTE,MANQUANTE,MANQUANTE,MANQUANTE,MANQUANTE,MANQUANTE,MANQUANTE,MANQUANTE,A_COMPLETER_PREUVES_SSI,A_VERIFIER,MANQUANTE,B1: référence de preuve absente | B2: référence de preuve absente | B3: référence de preuve absente | B4: référence de preuve absente | B5: référence de preuve absente | B6: référence de preuve absente | B7: référence de preuve absente | exclusions non vérifiées | preuve du contrôle des exclusions absente
AJXA.F,AFC Ajax N.V.                 A,Allemagne,148133328.0,40295000.0,103694000.0,-14483000.0,-20164124.0,0.161,0.91587996,0.77163005,18333333.0,Yahoo Finance / yfinance get_info,2026-10-08,0.0,-4.491727100797405,-3.3492792400721227,False,MANQUANTE,MANQUANTE,MANQUANTE,MANQUANTE,MANQUANTE,MANQUANTE,MANQUANTE,MANQUANTE,MANQUANTE,MANQUANTE,MANQUANTE,MANQUANTE,MANQUANTE,MANQUANTE,MANQUANTE,A_COMPLETER_PREUVES_SSI,A_VERIFIER,MANQUANTE,B1: référence de preuve absente | B2: référence de preuve absente | B3: référence de preuve absente | B4: référence de preuve absente | B5: référence de preuve absente | B6: référence de preuve absente | B7: référence de preuve absente | exclusions non vérifiées | preuve du contrôle des exclusions absente
8KG.F,EXACOMPTA CLAIREFONTAINE S.A. A,Allemagne,148223872.0,127546000.0,199960000.0,73653000.0,38511376.0,-0.033,0.52348,0.8831,1131480.0,Yahoo Finance / yfinance get_info,2026-10-08,0.0,-14.379084967320264,-12.080536912751684,False,MANQUANTE,MANQUANTE,MANQUANTE,MANQUANTE,MANQUANTE,MANQUANTE,MANQUANTE,MANQUANTE,MANQUANTE,MANQUANTE,MANQUANTE,MANQUANTE,MANQUANTE,MANQUANTE,MANQUANTE,A_COMPLETER_PREUVES_SSI,A_VERIFIER,MANQUANTE,B1: référence de preuve absente | B2: référence de preuve absente | B3: référence de preuve absente | B4: référence de preuve absente | B5: référence de preuve absente | B6: référence de preuve absente | B7: référence de preuve absente | exclusions non vérifiées | preuve du contrôle des exclusions absente
TIW.F,TIN INN Holding AG            v,Allemagne,148370000.0,603000.0,23591000.0,11453706.0,,,0.29736,0.7954,20050000.0,Yahoo Finance / yfinance get_info,2026-10-08,0.0,-6.91823556092066,-25.25252140902592,False,MANQUANTE,MANQUANTE,MANQUANTE,MANQUANTE,MANQUANTE,MANQUANTE,MANQUANTE,MANQUANTE,MANQUANTE,MANQUANTE,MANQUANTE,MANQUANTE,MANQUANTE,MANQUANTE,MANQUANTE,A_COMPLETER_PREUVES_SSI,A_VERIFIER,MANQUANTE,B1: référence de preuve absente | B2: référence de preuve absente | B3: référence de preuve absente | B4: référence de preuve absente | B5: référence de preuve absente | B6: référence de preuve absente | B7: référence de preuve absente | exclusions non vérifiées | preuve du contrôle des exclusions absente
NJ2.F,Nippon Coke & Engineering Co. R,Allemagne,148421600.0,5672000000.0,68082999296.0,7287249920.0,,-0.167,0.087460004,0.43762,291022762.0,Yahoo Finance / yfinance get_info,2026-10-08,0.0,3.238867007374391,-2.8571402621105912,False,MANQUANTE,MANQUANTE,MANQUANTE,MANQUANTE,MANQUANTE,MANQUANTE,MANQUANTE,MANQUANTE,MANQUANTE,MANQUANTE,MANQUANTE,MANQUANTE,MANQUANTE,MANQUANTE,MANQUANTE,A_COMPLETER_PREUVES_SSI,A_VERIFIER,MANQUANTE,B1: référence de preuve absente | B2: référence de preuve absente | B3: référence de preuve absente | B4: référence de preuve absente | B5: référence de preuve absente | B6: référence de preuve absente | B7: référence de preuve absente | exclusions non vérifiées | preuve du contrôle des exclusions absente
57V.F,Angel Oak Mortgage REIT Inc.  R,Allemagne,148575216.0,50570000.0,2493833984.0,,,0.194,0.69918,0.03648,23214877.0,Yahoo Finance / yfinance get_info,2026-10-08,0.0,-16.88311358571024,18.518518191469724,False,MANQUANTE,MANQUANTE,MANQUANTE,MANQUANTE,MANQUANTE,MANQUANTE,MANQUANTE,MANQUANTE,MANQUANTE,MANQUANTE,MANQUANTE,MANQUANTE,MANQUANTE,MANQUANTE,MANQUANTE,A_COMPLETER_PREUVES_SSI,A_VERIFIER,MANQUANTE,B1: référence de preuve absente | B2: référence de preuve absente | B3: référence de preuve absente | B4: référence de preuve absente | B5: référence de preuve absente | B6: référence de preuve absente | B7: référence de preuve absente | exclusions non vérifiées | preuve du contrôle des exclusions absente
O94.F,ROULARTA MEDIA GROUP N.V.     A,Allemagne,148688704.0,52527000.0,11267000.0,9838000.0,8703250.0,-0.052,0.14883,0.82551,12390726.0,Yahoo Finance / yfinance get_info,2026-10-08,0.0,-4.000000000000004,-1.2345648003272758,False,MANQUANTE,MANQUANTE,MANQUANTE,MANQUANTE,MANQUANTE,MANQUANTE,MANQUANTE,MANQUANTE,MANQUANTE,MANQUANTE,MANQUANTE,MANQUANTE,MANQUANTE,MANQUANTE,MANQUANTE,A_COMPLETER_PREUVES_SSI,A_VERIFIER,MANQUANTE,B1: référence de preuve absente | B2: référence de preuve absente | B3: référence de preuve absente | B4: référence de preuve absente | B5: référence de preuve absente | B6: référence de preuve absente | B7: référence de preuve absente | exclusions non vérifiées | preuve du contrôle des exclusions absente
USY1.F,Unisys Corp.                  R,Allemagne,149040192.0,324300000.0,758800000.0,93100000.0,151237504.0,-0.02,0.28641,0.11137,72915955.0,Yahoo Finance / yfinance get_info,2026-10-08,0.0,-41.83267086348508,15.873006969756045,False,MANQUANTE,MANQUANTE,MANQUANTE,MANQUANTE,MANQUANTE,MANQUANTE,MANQUANTE,MANQUANTE,MANQUANTE,MANQUANTE,MANQUANTE,MANQUANTE,MANQUANTE,MANQUANTE,MANQUANTE,A_COMPLETER_PREUVES_SSI,A_VERIFIER,MANQUANTE,B1: référence de preuve absente | B2: référence de preuve absente | B3: référence de preuve absente | B4: référence de preuve absente | B5: référence de preuve absente | B6: référence de preuve absente | B7: référence de preuve absente | exclusions non vérifiées | preuve du contrôle des exclusions absente
GZT.F,Eva Precision Indl. Hldg. Ltd.R,Allemagne,149087920.0,1885700992.0,2463249920.0,648376000.0,-116012624.0,0.005,0.21664,0.44748002,1730437800.0,Yahoo Finance / yfinance get_info,2026-10-08,0.0,-11.627912819546516,-10.588239109639852,False,MANQUANTE,MANQUANTE,MANQUANTE,MANQUANTE,MANQUANTE,MANQUANTE,MANQUANTE,MANQUANTE,MANQUANTE,MANQUANTE,MANQUANTE,MANQUANTE,MANQUANTE,MANQUANTE,MANQUANTE,A_COMPLETER_PREUVES_SSI,A_VERIFIER,MANQUANTE,B1: référence de preuve absente | B2: référence de preuve absente | B3: référence de preuve absente | B4: référence de preuve absente | B5: référence de preuve absente | B6: référence de preuve absente | B7: référence de preuve absente | exclusions non vérifiées | preuve du contrôle des exclusions absente
2PQ.F,Organogenesis Holdings Inc.   R,Allemagne,149262464.0,46097000.0,66950000.0,-9701000.0,28450000.0,-0.567,0.71487,0.4456,128674548.0,Yahoo Finance / yfinance get_info,2026-10-08,0.0,-41.41414366429124,-44.76190384283083,False,MANQUANTE,MANQUANTE,MANQUANTE,MANQUANTE,MANQUANTE,MANQUANTE,MANQUANTE,MANQUANTE,MANQUANTE,MANQUANTE,MANQUANTE,MANQUANTE,MANQUANTE,MANQUANTE,MANQUANTE,A_COMPLETER_PREUVES_SSI,A_VERIFIER,MANQUANTE,B1: référence de preuve absente | B2: référence de preuve absente | B3: référence de preuve absente | B4: référence de preuve absente | B5: référence de preuve absente | B6: référence de preuve absente | B7: référence de preuve absente | exclusions non vérifiées | preuve du contrôle des exclusions absente
1UC0.F,Cue Biopharma Inc.            R,Allemagne,149356352.0,17414000.0,3077000.0,-97284000.0,-33425750.0,1.667,-0.9915,0.09437,7264414.0,Yahoo Finance / yfinance get_info,2026-10-08,0.0,-41.42450039961945,115.51362209805352,True,MANQUANTE,MANQUANTE,MANQUANTE,MANQUANTE,MANQUANTE,MANQUANTE,MANQUANTE,MANQUANTE,MANQUANTE,MANQUANTE,MANQUANTE,MANQUANTE,MANQUANTE,MANQUANTE,MANQUANTE,A_COMPLETER_PREUVES_SSI,A_VERIFIER,MANQUANTE,B1: référence de preuve absente | B2: référence de preuve absente | B3: référence de preuve absente | B4: référence de preuve absente | B5: référence de preuve absente | B6: référence de preuve absente | B7: référence de preuve absente | exclusions non vérifiées | preuve du contrôle des exclusions absente
I5J.F,INVICTA HOLDINGS LTD.         R,Allemagne,149851296.0,756548992.0,2182220032.0,830894016.0,-150443504.0,0.023,0.33056998,0.21416001,86619244.0,Yahoo Finance / yfinance get_info,2026-10-08,0.0,-7.978722156308359,-2.8089861303337904,False,MANQUANTE,MANQUANTE,MANQUANTE,MANQUANTE,MANQUANTE,MANQUANTE,MANQUANTE,MANQUANTE,MANQUANTE,MANQUANTE,MANQUANTE,MANQUANTE,MANQUANTE,MANQUANTE,MANQUANTE,A_COMPLETER_PREUVES_SSI,A_VERIFIER,MANQUANTE,B1: référence de preuve absente | B2: référence de preuve absente | B3: référence de preuve absente | B4: référence de preuve absente | B5: référence de preuve absente | B6: référence de preuve absente | B7: référence de preuve absente | exclusions non vérifiées | preuve du contrôle des exclusions absente
MUT.F,MINERALBR.UEBERKINGEN ST,Allemagne,149899616.0,633561.0,18754322.0,17827654.0,-2737173.0,0.019,0.68386,0.9188,7610000.0,Yahoo Finance / yfinance get_info,2026-10-08,187.99999237060547,-20.31250217308592,-10.526316670059366,False,MANQUANTE,MANQUANTE,MANQUANTE,MANQUANTE,MANQUANTE,MANQUANTE,MANQUANTE,MANQUANTE,MANQUANTE,MANQUANTE,MANQUANTE,MANQUANTE,MANQUANTE,MANQUANTE,MANQUANTE,A_COMPLETER_PREUVES_SSI,A_VERIFIER,MANQUANTE,B1: référence de preuve absente | B2: référence de preuve absente | B3: référence de preuve absente | B4: référence de preuve absente | B5: référence de preuve absente | B6: référence de preuve absente | B7: référence de preuve absente | exclusions non vérifiées | preuve du contrôle des exclusions absente
WU3.F,Helius Minerals Ltd.          R,Allemagne,150007680.0,26258192.0,0.0,-10102007.0,2218156.0,,0.34083998,0.2234,53959601.0,Yahoo Finance / yfinance get_info,2026-10-08,0.0,-8.552631372560093,-29.0816347631798,,MANQUANTE,MANQUANTE,MANQUANTE,MANQUANTE,MANQUANTE,MANQUANTE,MANQUANTE,MANQUANTE,MANQUANTE,MANQUANTE,MANQUANTE,MANQUANTE,MANQUANTE,MANQUANTE,MANQUANTE,A_COMPLETER_PREUVES_SSI,A_VERIFIER,MANQUANTE,B1: référence de preuve absente | B2: référence de preuve absente | B3: référence de preuve absente | B4: référence de preuve absente | B5: référence de preuve absente | B6: référence de preuve absente | B7: référence de preuve absente | exclusions non vérifiées | preuve du contrôle des exclusions absente
YSZ0.F,Youzan Technology Ltd.        R,Allemagne,150227920.0,783275008.0,138179008.0,125838000.0,99798872.0,0.078,0.6661,0.23559,1598169419.0,Yahoo Finance / yfinance get_info,2026-10-08,0.0,-53.00000230967995,-70.62500034924597,False,MANQUANTE,MANQUANTE,MANQUANTE,MANQUANTE,MANQUANTE,MANQUANTE,MANQUANTE,MANQUANTE,MANQUANTE,MANQUANTE,MANQUANTE,MANQUANTE,MANQUANTE,MANQUANTE,MANQUANTE,A_COMPLETER_PREUVES_SSI,A_VERIFIER,MANQUANTE,B1: référence de preuve absente | B2: référence de preuve absente | B3: référence de preuve absente | B4: référence de preuve absente | B5: référence de preuve absente | B6: référence de preuve absente | B7: référence de preuve absente | exclusions non vérifiées | preuve du contrôle des exclusions absente
6G0.F,Aurum Resources Ltd.          R,Allemagne,150310912.0,54757484.0,692801.0,-13592478.0,-25294104.0,,1.0,0.32033002,511261586.0,Yahoo Finance / yfinance get_info,2026-10-08,0.0,2.7971979149212567,-20.96774387372019,False,MANQUANTE,MANQUANTE,MANQUANTE,MANQUANTE,MANQUANTE,MANQUANTE,MANQUANTE,MANQUANTE,MANQUANTE,MANQUANTE,MANQUANTE,MANQUANTE,MANQUANTE,MANQUANTE,MANQUANTE,A_COMPLETER_PREUVES_SSI,A_VERIFIER,MANQUANTE,B1: référence de preuve absente | B2: référence de preuve absente | B3: référence de preuve absente | B4: référence de preuve absente | B5: référence de preuve absente | B6: référence de preuve absente | B7: référence de preuve absente | exclusions non vérifiées | preuve du contrôle des exclusions absente
0AS.SG,Entech SE,Allemagne,150393168.0,18931000.0,38860000.0,6255450.0,,1.607,0.20694,0.63562,14715574.0,Yahoo Finance / yfinance get_info,2026-10-08,3217.1099224090576,-1.3513455047096,8.607868573339683,True,MANQUANTE,MANQUANTE,MANQUANTE,MANQUANTE,MANQUANTE,MANQUANTE,MANQUANTE,MANQUANTE,MANQUANTE,MANQUANTE,MANQUANTE,MANQUANTE,MANQUANTE,MANQUANTE,MANQUANTE,A_COMPLETER_PREUVES_SSI,A_VERIFIER,MANQUANTE,B1: référence de preuve absente | B2: référence de preuve absente | B3: référence de preuve absente | B4: référence de preuve absente | B5: référence de preuve absente | B6: référence de preuve absente | B7: référence de preuve absente | exclusions non vérifiées | preuve du contrôle des exclusions absente
9MZ.F,Springfield Properties PLC    R,Allemagne,150590464.0,24154000.0,27893000.0,16461000.0,34085500.0,-0.224,0.16433,0.43317002,119516248.0,Yahoo Finance / yfinance get_info,2026-10-08,0.0,14.545451195772108,3.278685320900654,True,MANQUANTE,MANQUANTE,MANQUANTE,MANQUANTE,MANQUANTE,MANQUANTE,MANQUANTE,MANQUANTE,MANQUANTE,MANQUANTE,MANQUANTE,MANQUANTE,MANQUANTE,MANQUANTE,MANQUANTE,A_COMPLETER_PREUVES_SSI,A_VERIFIER,MANQUANTE,B1: référence de preuve absente | B2: référence de preuve absente | B3: référence de preuve absente | B4: référence de preuve absente | B5: référence de preuve absente | B6: référence de preuve absente | B7: référence de preuve absente | exclusions non vérifiées | preuve du contrôle des exclusions absente
31F.F,Medical Facilities Corp.      R,Allemagne,150778576.0,64119000.0,54684000.0,55050000.0,25123624.0,0.078,0.42268002,0.0,16212749.0,Yahoo Finance / yfinance get_info,2026-10-08,0.0,-14.67889434670595,-10.5769179629149,False,MANQUANTE,MANQUANTE,MANQUANTE,MANQUANTE,MANQUANTE,MANQUANTE,MANQUANTE,MANQUANTE,MANQUANTE,MANQUANTE,MANQUANTE,MANQUANTE,MANQUANTE,MANQUANTE,MANQUANTE,A_COMPLETER_PREUVES_SSI,A_VERIFIER,MANQUANTE,B1: référence de preuve absente | B2: référence de preuve absente | B3: référence de preuve absente | B4: référence de preuve absente | B5: référence de preuve absente | B6: référence de preuve absente | B7: référence de preuve absente | exclusions non vérifiées | preuve du contrôle des exclusions absente
5EV0.F,Orogen Royalties Inc.         R,Allemagne,150816544.0,30230692.0,156916.0,5799802.0,4553313.0,0.531,1.0,0.34367,59376593.0,Yahoo Finance / yfinance get_info,2026-10-08,0.0,22.11538726056126,10.434783239671107,True,MANQUANTE,MANQUANTE,MANQUANTE,MANQUANTE,MANQUANTE,MANQUANTE,MANQUANTE,MANQUANTE,MANQUANTE,MANQUANTE,MANQUANTE,MANQUANTE,MANQUANTE,MANQUANTE,MANQUANTE,A_COMPLETER_PREUVES_SSI,A_VERIFIER,MANQUANTE,B1: référence de preuve absente | B2: référence de preuve absente | B3: référence de preuve absente | B4: référence de preuve absente | B5: référence de preuve absente | B6: référence de preuve absente | B7: référence de preuve absente | exclusions non vérifiées | preuve du contrôle des exclusions absente
5L0.F,Mainstreet Bancshares Inc.    R,Allemagne,150966816.0,118683000.0,79502000.0,,,-0.088,0.0,0.16344999,7121076.0,Yahoo Finance / yfinance get_info,2026-10-08,0.0,7.614212903087125,15.217397839450795,True,MANQUANTE,MANQUANTE,MANQUANTE,MANQUANTE,MANQUANTE,MANQUANTE,MANQUANTE,MANQUANTE,MANQUANTE,MANQUANTE,MANQUANTE,MANQUANTE,MANQUANTE,MANQUANTE,MANQUANTE,A_COMPLETER_PREUVES_SSI,A_VERIFIER,MANQUANTE,B1: référence de preuve absente | B2: référence de preuve absente | B3: référence de preuve absente | B4: référence de preuve absente | B5: référence de preuve absente | B6: référence de preuve absente | B7: référence de preuve absente | exclusions non vérifiées | preuve du contrôle des exclusions absente
DB2.F,D-Box Technologies Inc.       R,Allemagne,151086880.0,17828000.0,3831000.0,15028000.0,6756250.0,0.028,0.53477,0.03263,222186572.0,Yahoo Finance / yfinance get_info,2026-10-08,0.0,4.615389553047677,37.09677787619754,True,MANQUANTE,MANQUANTE,MANQUANTE,MANQUANTE,MANQUANTE,MANQUANTE,MANQUANTE,MANQUANTE,MANQUANTE,MANQUANTE,MANQUANTE,MANQUANTE,MANQUANTE,MANQUANTE,MANQUANTE,A_COMPLETER_PREUVES_SSI,A_VERIFIER,MANQUANTE,B1: référence de preuve absente | B2: référence de preuve absente | B3: référence de preuve absente | B4: référence de preuve absente | B5: référence de preuve absente | B6: référence de preuve absente | B7: référence de preuve absente | exclusions non vérifiées | preuve du contrôle des exclusions absente
AGX.F,Silver X Mining Corp.         R,Allemagne,151258496.0,49744736.0,43941876.0,15285836.0,-4808642.0,2.212,0.44931,0.059710003,289767245.0,Yahoo Finance / yfinance get_info,2026-10-08,1990.0000095367432,27.31707788662572,15.614621580472289,False,MANQUANTE,MANQUANTE,MANQUANTE,MANQUANTE,MANQUANTE,MANQUANTE,MANQUANTE,MANQUANTE,MANQUANTE,MANQUANTE,MANQUANTE,MANQUANTE,MANQUANTE,MANQUANTE,MANQUANTE,A_COMPLETER_PREUVES_SSI,A_VERIFIER,MANQUANTE,B1: référence de preuve absente | B2: référence de preuve absente | B3: référence de preuve absente | B4: référence de preuve absente | B5: référence de preuve absente | B6: référence de preuve absente | B7: référence de preuve absente | exclusions non vérifiées | preuve du contrôle des exclusions absente
6NT.F,Mayfield Group Holdings Ltd.  R,Allemagne,151353680.0,21830936.0,6870066.0,17396640.0,-3624602.0,0.353,0.49823,0.2509,117328443.0,Yahoo Finance / yfinance get_info,2026-10-08,0.0,-9.154929518344924,1.5748016714081323,,MANQUANTE,MANQUANTE,MANQUANTE,MANQUANTE,MANQUANTE,MANQUANTE,MANQUANTE,MANQUANTE,MANQUANTE,MANQUANTE,MANQUANTE,MANQUANTE,MANQUANTE,MANQUANTE,MANQUANTE,A_COMPLETER_PREUVES_SSI,A_VERIFIER,MANQUANTE,B1: référence de preuve absente | B2: référence de preuve absente | B3: référence de preuve absente | B4: référence de preuve absente | B5: référence de preuve absente | B6: référence de preuve absente | B7: référence de preuve absente | exclusions non vérifiées | preuve du contrôle des exclusions absente
90G.F,DAISHINKU CORP.               R,Allemagne,151386720.0,15802857472.0,39151022080.0,5391745024.0,,0.128,0.0,0.17506,31803930.0,Yahoo Finance / yfinance get_info,2026-10-08,0.0,21.42857490406085,45.12195946346225,True,MANQUANTE,MANQUANTE,MANQUANTE,MANQUANTE,MANQUANTE,MANQUANTE,MANQUANTE,MANQUANTE,MANQUANTE,MANQUANTE,MANQUANTE,MANQUANTE,MANQUANTE,MANQUANTE,MANQUANTE,A_COMPLETER_PREUVES_SSI,A_VERIFIER,MANQUANTE,B1: référence de preuve absente | B2: référence de preuve absente | B3: référence de preuve absente | B4: référence de preuve absente | B5: référence de preuve absente | B6: référence de preuve absente | B7: référence de preuve absente | exclusions non vérifiées | preuve du contrôle des exclusions absente
B34.SG,Duke Royalty Ltd.,Allemagne,151422704.0,78352000.0,99195000.0,,7522000.0,2.284,1.0,0.04652,504742317.0,Yahoo Finance / yfinance get_info,2026-10-08,0.0,2.0408204640181005,3.4482829494228984,True,MANQUANTE,MANQUANTE,MANQUANTE,MANQUANTE,MANQUANTE,MANQUANTE,MANQUANTE,MANQUANTE,MANQUANTE,MANQUANTE,MANQUANTE,MANQUANTE,MANQUANTE,MANQUANTE,MANQUANTE,A_COMPLETER_PREUVES_SSI,A_VERIFIER,MANQUANTE,B1: référence de preuve absente | B2: référence de preuve absente | B3: référence de preuve absente | B4: référence de preuve absente | B5: référence de preuve absente | B6: référence de preuve absente | B7: référence de preuve absente | exclusions non vérifiées | preuve du contrôle des exclusions absente
FQ00.F,PetroNor E&P ASA              N,Allemagne,151467680.0,85232000.0,0.0,124910000.0,112345504.0,10.119,0.50054,0.57513,142356855.0,Yahoo Finance / yfinance get_info,2026-10-08,0.0,16.923074706167117,-15.55555408383592,True,MANQUANTE,MANQUANTE,MANQUANTE,MANQUANTE,MANQUANTE,MANQUANTE,MANQUANTE,MANQUANTE,MANQUANTE,MANQUANTE,MANQUANTE,MANQUANTE,MANQUANTE,MANQUANTE,MANQUANTE,A_COMPLETER_PREUVES_SSI,A_VERIFIER,MANQUANTE,B1: référence de preuve absente | B2: référence de preuve absente | B3: référence de preuve absente | B4: référence de preuve absente | B5: référence de preuve absente | B6: référence de preuve absente | B7: référence de preuve absente | exclusions non vérifiées | preuve du contrôle des exclusions absente
R3E.F,Real Matters Inc.             R,Allemagne,151551600.0,40016000.0,1288000.0,-198000.0,-30500.0,0.133,0.27218,0.00227,74290000.0,Yahoo Finance / yfinance get_info,2026-10-08,0.0,-35.03185051914885,-42.37288181254157,False,MANQUANTE,MANQUANTE,MANQUANTE,MANQUANTE,MANQUANTE,MANQUANTE,MANQUANTE,MANQUANTE,MANQUANTE,MANQUANTE,MANQUANTE,MANQUANTE,MANQUANTE,MANQUANTE,MANQUANTE,A_COMPLETER_PREUVES_SSI,A_VERIFIER,MANQUANTE,B1: référence de preuve absente | B2: référence de preuve absente | B3: référence de preuve absente | B4: référence de preuve absente | B5: référence de preuve absente | B6: référence de preuve absente | B7: référence de preuve absente | exclusions non vérifiées | preuve du contrôle des exclusions absente
1Q6.F,ProSafe SE                    N,Allemagne,151591328.0,52300000.0,298800000.0,56000000.0,-56775000.0,0.505,0.80887,0.20813999,352537966.0,Yahoo Finance / yfinance get_info,2026-10-08,0.0,29.90936762623242,68.95874433507039,True,MANQUANTE,MANQUANTE,MANQUANTE,MANQUANTE,MANQUANTE,MANQUANTE,MANQUANTE,MANQUANTE,MANQUANTE,MANQUANTE,MANQUANTE,MANQUANTE,MANQUANTE,MANQUANTE,MANQUANTE,A_COMPLETER_PREUVES_SSI,A_VERIFIER,MANQUANTE,B1: référence de preuve absente | B2: référence de preuve absente | B3: référence de preuve absente | B4: référence de preuve absente | B5: référence de preuve absente | B6: référence de preuve absente | B7: référence de preuve absente | exclusions non vérifiées | preuve du contrôle des exclusions absente
MJG1.F,Major Cineplex Group PCL      R,Allemagne,151861120.0,1255488000.0,5436214784.0,1286824960.0,894871104.0,-0.209,0.35594,0.0,0.0,Yahoo Finance / yfinance get_info,2026-10-08,0.0,14.649682254103324,-23.07691915814297,True,MANQUANTE,MANQUANTE,MANQUANTE,MANQUANTE,MANQUANTE,MANQUANTE,MANQUANTE,MANQUANTE,MANQUANTE,MANQUANTE,MANQUANTE,MANQUANTE,MANQUANTE,MANQUANTE,MANQUANTE,A_COMPLETER_PREUVES_SSI,A_VERIFIER,MANQUANTE,B1: référence de preuve absente | B2: référence de preuve absente | B3: référence de preuve absente | B4: référence de preuve absente | B5: référence de preuve absente | B6: référence de preuve absente | B7: référence de preuve absente | exclusions non vérifiées | preuve du contrôle des exclusions absente
15V.F,Verkkokauppa.com OYJ          R,Allemagne,151954672.0,27779000.0,39977000.0,17760000.0,14216000.0,0.057,0.10073,0.33244,43917534.0,Yahoo Finance / yfinance get_info,2026-10-08,0.0,12.887437962553427,6.625582747928149,True,MANQUANTE,MANQUANTE,MANQUANTE,MANQUANTE,MANQUANTE,MANQUANTE,MANQUANTE,MANQUANTE,MANQUANTE,MANQUANTE,MANQUANTE,MANQUANTE,MANQUANTE,MANQUANTE,MANQUANTE,A_COMPLETER_PREUVES_SSI,A_VERIFIER,MANQUANTE,B1: référence de preuve absente | B2: référence de preuve absente | B3: référence de preuve absente | B4: référence de preuve absente | B5: référence de preuve absente | B6: référence de preuve absente | B7: référence de preuve absente | exclusions non vérifiées | preuve du contrôle des exclusions absente
K46.F,Jersey Electricity PLC        R,Allemagne,151974400.0,32762000.0,34694000.0,25404000.0,-9876750.0,0.013,0.37208,0.0034599998,11640000.0,Yahoo Finance / yfinance get_info,2026-10-08,0.0,-1.782181172052466,0.4048579088026693,False,MANQUANTE,MANQUANTE,MANQUANTE,MANQUANTE,MANQUANTE,MANQUANTE,MANQUANTE,MANQUANTE,MANQUANTE,MANQUANTE,MANQUANTE,MANQUANTE,MANQUANTE,MANQUANTE,MANQUANTE,A_COMPLETER_PREUVES_SSI,A_VERIFIER,MANQUANTE,B1: référence de preuve absente | B2: référence de preuve absente | B3: référence de preuve absente | B4: référence de preuve absente | B5: référence de preuve absente | B6: référence de preuve absente | B7: référence de preuve absente | exclusions non vérifiées | preuve du contrôle des exclusions absente
SUT.F,Productive Technologies Co.LtdR,Allemagne,151978304.0,233691008.0,415680992.0,-145432000.0,-160635632.0,0.19,-0.00285,0.60768,7413575552.0,Yahoo Finance / yfinance get_info,2026-10-08,0.0,-37.87878582628632,-53.40908936971475,False,MANQUANTE,MANQUANTE,MANQUANTE,MANQUANTE,MANQUANTE,MANQUANTE,MANQUANTE,MANQUANTE,MANQUANTE,MANQUANTE,MANQUANTE,MANQUANTE,MANQUANTE,MANQUANTE,MANQUANTE,A_COMPLETER_PREUVES_SSI,A_VERIFIER,MANQUANTE,B1: référence de preuve absente | B2: référence de preuve absente | B3: référence de preuve absente | B4: référence de preuve absente | B5: référence de preuve absente | B6: référence de preuve absente | B7: référence de preuve absente | exclusions non vérifiées | preuve du contrôle des exclusions absente
6PW.F,Digital Grid Corp.            R,Allemagne,152225456.0,6295820800.0,9294399488.0,3038510080.0,-6023387136.0,,0.8144,0.45701,41820180.0,Yahoo Finance / yfinance get_info,2026-10-08,0.0,-3.19148632615548,-10.78430948602096,False,MANQUANTE,MANQUANTE,MANQUANTE,MANQUANTE,MANQUANTE,MANQUANTE,MANQUANTE,MANQUANTE,MANQUANTE,MANQUANTE,MANQUANTE,MANQUANTE,MANQUANTE,MANQUANTE,MANQUANTE,A_COMPLETER_PREUVES_SSI,A_VERIFIER,MANQUANTE,B1: référence de preuve absente | B2: référence de preuve absente | B3: référence de preuve absente | B4: référence de preuve absente | B5: référence de preuve absente | B6: référence de preuve absente | B7: référence de preuve absente | exclusions non vérifiées | preuve du contrôle des exclusions absente
P1F.F,Columbus A/S                  N,Allemagne,152312768.0,25210000.0,250738000.0,52556000.0,-5064875.0,0.024,0.88857,0.69795,126927296.0,Yahoo Finance / yfinance get_info,2026-10-08,0.0,-5.882347441324487,-5.13833507875211,False,MANQUANTE,MANQUANTE,MANQUANTE,MANQUANTE,MANQUANTE,MANQUANTE,MANQUANTE,MANQUANTE,MANQUANTE,MANQUANTE,MANQUANTE,MANQUANTE,MANQUANTE,MANQUANTE,MANQUANTE,A_COMPLETER_PREUVES_SSI,A_VERIFIER,MANQUANTE,B1: référence de preuve absente | B2: référence de preuve absente | B3: référence de preuve absente | B4: référence de preuve absente | B5: référence de preuve absente | B6: référence de preuve absente | B7: référence de preuve absente | exclusions non vérifiées | preuve du contrôle des exclusions absente
RAM.F,RADCOM LTD.                   R,Allemagne,152319232.0,109702000.0,2853000.0,4222500.0,,-0.334,0.76639,0.15344,16738377.0,Yahoo Finance / yfinance get_info,2026-10-08,0.0,-26.61289789177981,-8.542707980797315,False,MANQUANTE,MANQUANTE,MANQUANTE,MANQUANTE,MANQUANTE,MANQUANTE,MANQUANTE,MANQUANTE,MANQUANTE,MANQUANTE,MANQUANTE,MANQUANTE,MANQUANTE,MANQUANTE,MANQUANTE,A_COMPLETER_PREUVES_SSI,A_VERIFIER,MANQUANTE,B1: référence de preuve absente | B2: référence de preuve absente | B3: référence de preuve absente | B4: référence de preuve absente | B5: référence de preuve absente | B6: référence de preuve absente | B7: référence de preuve absente | exclusions non vérifiées | preuve du contrôle des exclusions absente
NUN.F,Northern Minerals Ltd.        R,Allemagne,152781024.0,33568956.0,559850.0,-38525920.0,-22378020.0,,1.0,0.47444,9548507513.0,Yahoo Finance / yfinance get_info,2026-10-08,0.0,-17.575756036381406,3.030304954523233,False,MANQUANTE,MANQUANTE,MANQUANTE,MANQUANTE,MANQUANTE,MANQUANTE,MANQUANTE,MANQUANTE,MANQUANTE,MANQUANTE,MANQUANTE,MANQUANTE,MANQUANTE,MANQUANTE,MANQUANTE,A_COMPLETER_PREUVES_SSI,A_VERIFIER,MANQUANTE,B1: référence de preuve absente | B2: référence de preuve absente | B3: référence de preuve absente | B4: référence de preuve absente | B5: référence de preuve absente | B6: référence de preuve absente | B7: référence de preuve absente | exclusions non vérifiées | preuve du contrôle des exclusions absente
PEZ.F,Perennial Energy Hldgs Ltd.   R,Allemagne,152800000.0,167800000.0,1072123008.0,-23344000.0,-14194375.0,-0.134,0.24735,0.54,1600000000.0,Yahoo Finance / yfinance get_info,2026-10-08,0.0,17.177912091377934,-9.047616378249955,False,MANQUANTE,MANQUANTE,MANQUANTE,MANQUANTE,MANQUANTE,MANQUANTE,MANQUANTE,MANQUANTE,MANQUANTE,MANQUANTE,MANQUANTE,MANQUANTE,MANQUANTE,MANQUANTE,MANQUANTE,A_COMPLETER_PREUVES_SSI,A_VERIFIER,MANQUANTE,B1: référence de preuve absente | B2: référence de preuve absente | B3: référence de preuve absente | B4: référence de preuve absente | B5: référence de preuve absente | B6: référence de preuve absente | B7: référence de preuve absente | exclusions non vérifiées | preuve du contrôle des exclusions absente
3QT1.F,CuriosityStream Inc.          R,Allemagne,153092112.0,6875000.0,3678000.0,15381000.0,30067124.0,0.223,0.62956,0.31662,59338028.0,Yahoo Finance / yfinance get_info,2026-10-08,0.0,13.157892810560856,-3.731348528365808,True,MANQUANTE,MANQUANTE,MANQUANTE,MANQUANTE,MANQUANTE,MANQUANTE,MANQUANTE,MANQUANTE,MANQUANTE,MANQUANTE,MANQUANTE,MANQUANTE,MANQUANTE,MANQUANTE,MANQUANTE,A_COMPLETER_PREUVES_SSI,A_VERIFIER,MANQUANTE,B1: référence de preuve absente | B2: référence de preuve absente | B3: référence de preuve absente | B4: référence de preuve absente | B5: référence de preuve absente | B6: référence de preuve absente | B7: référence de preuve absente | exclusions non vérifiées | preuve du contrôle des exclusions absente
TVJ.F,Tsukada Global Holdings Inc.  R,Allemagne,153120800.0,25152000000.0,78352998400.0,14131999744.0,3768375040.0,0.097,0.41903,0.64216006,47043766.0,Yahoo Finance / yfinance get_info,2026-10-08,0.0,0.0,-6.470588895276331,False,MANQUANTE,MANQUANTE,MANQUANTE,MANQUANTE,MANQUANTE,MANQUANTE,MANQUANTE,MANQUANTE,MANQUANTE,MANQUANTE,MANQUANTE,MANQUANTE,MANQUANTE,MANQUANTE,MANQUANTE,A_COMPLETER_PREUVES_SSI,A_VERIFIER,MANQUANTE,B1: référence de preuve absente | B2: référence de preuve absente | B3: référence de preuve absente | B4: référence de preuve absente | B5: référence de preuve absente | B6: référence de preuve absente | B7: référence de preuve absente | exclusions non vérifiées | preuve du contrôle des exclusions absente
QK9.F,Eurogroup Laminations S.p.A.  A,Allemagne,153271072.0,176964000.0,457262016.0,56662000.0,12073500.0,-0.084,0.23838,0.4568,88985519.0,Yahoo Finance / yfinance get_info,2026-10-08,0.0,-4.948979641486584,-18.073874533739108,False,MANQUANTE,MANQUANTE,MANQUANTE,MANQUANTE,MANQUANTE,MANQUANTE,MANQUANTE,MANQUANTE,MANQUANTE,MANQUANTE,MANQUANTE,MANQUANTE,MANQUANTE,MANQUANTE,MANQUANTE,A_COMPLETER_PREUVES_SSI,A_VERIFIER,MANQUANTE,B1: référence de preuve absente | B2: référence de preuve absente | B3: référence de preuve absente | B4: référence de preuve absente | B5: référence de preuve absente | B6: référence de preuve absente | B7: référence de preuve absente | exclusions non vérifiées | preuve du contrôle des exclusions absente
RLL.F,PERSONAL GROUP HOLDINGS PLC   R,Allemagne,153436672.0,31268000.0,430000.0,8432000.0,9302250.0,0.1,0.46446,0.42291,31571331.0,Yahoo Finance / yfinance get_info,2026-10-08,0.0,6.578951633758101,30.64516387463772,,MANQUANTE,MANQUANTE,MANQUANTE,MANQUANTE,MANQUANTE,MANQUANTE,MANQUANTE,MANQUANTE,MANQUANTE,MANQUANTE,MANQUANTE,MANQUANTE,MANQUANTE,MANQUANTE,MANQUANTE,A_COMPLETER_PREUVES_SSI,A_VERIFIER,MANQUANTE,B1: référence de preuve absente | B2: référence de preuve absente | B3: référence de preuve absente | B4: référence de preuve absente | B5: référence de preuve absente | B6: référence de preuve absente | B7: référence de preuve absente | exclusions non vérifiées | preuve du contrôle des exclusions absente
6H90.F,HealWELL AI Inc.              R,Allemagne,153632640.0,39807000.0,84513000.0,-19037000.0,-7867000.0,-0.009,0.55586,0.49537998,303547416.0,Yahoo Finance / yfinance get_info,2026-10-08,57.53000020980835,1.9977809343467712,-10.603109715800652,False,MANQUANTE,MANQUANTE,MANQUANTE,MANQUANTE,MANQUANTE,MANQUANTE,MANQUANTE,MANQUANTE,MANQUANTE,MANQUANTE,MANQUANTE,MANQUANTE,MANQUANTE,MANQUANTE,MANQUANTE,A_COMPLETER_PREUVES_SSI,A_VERIFIER,MANQUANTE,B1: référence de preuve absente | B2: référence de preuve absente | B3: référence de preuve absente | B4: référence de preuve absente | B5: référence de preuve absente | B6: référence de preuve absente | B7: référence de preuve absente | exclusions non vérifiées | preuve du contrôle des exclusions absente
UD1.F,Pedevco Corp.                 R,Allemagne,153655680.0,10805000.0,85125000.0,58125000.0,33489250.0,5.614,0.60755,0.36992002,13292013.0,Yahoo Finance / yfinance get_info,2026-10-08,0.0,17.004051474860216,-13.473048527818776,,MANQUANTE,MANQUANTE,MANQUANTE,MANQUANTE,MANQUANTE,MANQUANTE,MANQUANTE,MANQUANTE,MANQUANTE,MANQUANTE,MANQUANTE,MANQUANTE,MANQUANTE,MANQUANTE,MANQUANTE,A_COMPLETER_PREUVES_SSI,A_VERIFIER,MANQUANTE,B1: référence de preuve absente | B2: référence de preuve absente | B3: référence de preuve absente | B4: référence de preuve absente | B5: référence de preuve absente | B6: référence de preuve absente | B7: référence de preuve absente | exclusions non vérifiées | preuve du contrôle des exclusions absente
9S5.F,Fine Foods+Phar.N.T.M. S.p.A. A,Allemagne,153690848.0,36341032.0,134317152.0,27775684.0,-10137072.0,0.009,0.34387,0.53169996,18969422.0,Yahoo Finance / yfinance get_info,2026-10-08,0.0,-22.27272722346724,-18.571423056985,False,MANQUANTE,MANQUANTE,MANQUANTE,MANQUANTE,MANQUANTE,MANQUANTE,MANQUANTE,MANQUANTE,MANQUANTE,MANQUANTE,MANQUANTE,MANQUANTE,MANQUANTE,MANQUANTE,MANQUANTE,A_COMPLETER_PREUVES_SSI,A_VERIFIER,MANQUANTE,B1: référence de preuve absente | B2: référence de preuve absente | B3: référence de preuve absente | B4: référence de preuve absente | B5: référence de preuve absente | B6: référence de preuve absente | B7: référence de preuve absente | exclusions non vérifiées | preuve du contrôle des exclusions absente
YI4.F,GDEV Inc.                     R,Allemagne,154018080.0,125685000.0,1737000.0,81586000.0,34490000.0,-0.22,0.64752,0.86648005,18119774.0,Yahoo Finance / yfinance get_info,2026-10-08,0.0,-16.666665108375266,-29.166666666666664,False,MANQUANTE,MANQUANTE,MANQUANTE,MANQUANTE,MANQUANTE,MANQUANTE,MANQUANTE,MANQUANTE,MANQUANTE,MANQUANTE,MANQUANTE,MANQUANTE,MANQUANTE,MANQUANTE,MANQUANTE,A_COMPLETER_PREUVES_SSI,A_VERIFIER,MANQUANTE,B1: référence de preuve absente | B2: référence de preuve absente | B3: référence de preuve absente | B4: référence de preuve absente | B5: référence de preuve absente | B6: référence de preuve absente | B7: référence de preuve absente | exclusions non vérifiées | preuve du contrôle des exclusions absente
BGD3.F,Barton Gold Holdings Ltd.     R,Allemagne,154490656.0,31864000.0,73000.0,-21846000.0,-9568000.0,-0.69,0.69725,0.33029997,271036269.0,Yahoo Finance / yfinance get_info,2026-10-08,0.0,30.13698658099384,6.54204951508004,True,MANQUANTE,MANQUANTE,MANQUANTE,MANQUANTE,MANQUANTE,MANQUANTE,MANQUANTE,MANQUANTE,MANQUANTE,MANQUANTE,MANQUANTE,MANQUANTE,MANQUANTE,MANQUANTE,MANQUANTE,A_COMPLETER_PREUVES_SSI,A_VERIFIER,MANQUANTE,B1: référence de preuve absente | B2: référence de preuve absente | B3: référence de preuve absente | B4: référence de preuve absente | B5: référence de preuve absente | B6: référence de preuve absente | B7: référence de preuve absente | exclusions non vérifiées | preuve du contrôle des exclusions absente
W3J.F,Happy Belly Food Group Inc.   R,Allemagne,154755968.0,12050842.0,6752758.0,-13887861.0,4237491.0,0.564,0.48652,0.100200005,166404266.0,Yahoo Finance / yfinance get_info,2026-10-08,0.0,-7.920790501592567,-2.617798596338672,False,MANQUANTE,MANQUANTE,MANQUANTE,MANQUANTE,MANQUANTE,MANQUANTE,MANQUANTE,MANQUANTE,MANQUANTE,MANQUANTE,MANQUANTE,MANQUANTE,MANQUANTE,MANQUANTE,MANQUANTE,A_COMPLETER_PREUVES_SSI,A_VERIFIER,MANQUANTE,B1: référence de preuve absente | B2: référence de preuve absente | B3: référence de preuve absente | B4: référence de preuve absente | B5: référence de preuve absente | B6: référence de preuve absente | B7: référence de preuve absente | exclusions non vérifiées | preuve du contrôle des exclusions absente
6I6.F,HIROSHIMA GAS CO. LTD.        R,Allemagne,154792528.0,14979000320.0,35619000320.0,8990249984.0,,0.041,0.29418,0.22853,68735573.0,Yahoo Finance / yfinance get_info,2026-10-08,0.0,4.452699399386417,12.123474346708196,,MANQUANTE,MANQUANTE,MANQUANTE,MANQUANTE,MANQUANTE,MANQUANTE,MANQUANTE,MANQUANTE,MANQUANTE,MANQUANTE,MANQUANTE,MANQUANTE,MANQUANTE,MANQUANTE,MANQUANTE,A_COMPLETER_PREUVES_SSI,A_VERIFIER,MANQUANTE,B1: référence de preuve absente | B2: référence de preuve absente | B3: référence de preuve absente | B4: référence de preuve absente | B5: référence de preuve absente | B6: référence de preuve absente | B7: référence de preuve absente | exclusions non vérifiées | preuve du contrôle des exclusions absente
L0A.F,Deezer S.A.                   A,Allemagne,155563696.0,99888000.0,23871000.0,13650000.0,37927248.0,0.004,0.25355,0.22659001,124450952.0,Yahoo Finance / yfinance get_info,2026-10-08,0.0,29.399583174732125,3.3057818671050843,True,MANQUANTE,MANQUANTE,MANQUANTE,MANQUANTE,MANQUANTE,MANQUANTE,MANQUANTE,MANQUANTE,MANQUANTE,MANQUANTE,MANQUANTE,MANQUANTE,MANQUANTE,MANQUANTE,MANQUANTE,A_COMPLETER_PREUVES_SSI,A_VERIFIER,MANQUANTE,B1: référence de preuve absente | B2: référence de preuve absente | B3: référence de preuve absente | B4: référence de preuve absente | B5: référence de preuve absente | B6: référence de preuve absente | B7: référence de preuve absente | exclusions non vérifiées | preuve du contrôle des exclusions absente
V6L.F,Better Home & Finance Hldg.Co.R,Allemagne,155601040.0,105808000.0,662014016.0,,,0.282,1.0,0.34347,13256037.0,Yahoo Finance / yfinance get_info,2026-10-08,0.0,-61.78804672986325,-71.44103118215553,False,MANQUANTE,MANQUANTE,MANQUANTE,MANQUANTE,MANQUANTE,MANQUANTE,MANQUANTE,MANQUANTE,MANQUANTE,MANQUANTE,MANQUANTE,MANQUANTE,MANQUANTE,MANQUANTE,MANQUANTE,A_COMPLETER_PREUVES_SSI,A_VERIFIER,MANQUANTE,B1: référence de preuve absente | B2: référence de preuve absente | B3: référence de preuve absente | B4: référence de preuve absente | B5: référence de preuve absente | B6: référence de preuve absente | B7: référence de preuve absente | exclusions non vérifiées | preuve du contrôle des exclusions absente
8AGA.F,TPG Mortgage Investment Trust R,Allemagne,155837040.0,61787000.0,7343110144.0,,,0.537,0.87797,0.03638,31803475.0,Yahoo Finance / yfinance get_info,2026-10-08,0.0,-26.31578909629034,-25.757573239840493,False,MANQUANTE,MANQUANTE,MANQUANTE,MANQUANTE,MANQUANTE,MANQUANTE,MANQUANTE,MANQUANTE,MANQUANTE,MANQUANTE,MANQUANTE,MANQUANTE,MANQUANTE,MANQUANTE,MANQUANTE,A_COMPLETER_PREUVES_SSI,A_VERIFIER,MANQUANTE,B1: référence de preuve absente | B2: référence de preuve absente | B3: référence de preuve absente | B4: référence de preuve absente | B5: référence de preuve absente | B6: référence de preuve absente | B7: référence de preuve absente | exclusions non vérifiées | preuve du contrôle des exclusions absente
45S.F,Soho China Ltd.               R,Allemagne,155985712.0,487814016.0,14888733696.0,740348992.0,66937752.0,-0.075,0.82102996,0.63931,5199524031.0,Yahoo Finance / yfinance get_info,2026-10-08,0.0,-21.052630804995065,-34.78261028013292,False,MANQUANTE,MANQUANTE,MANQUANTE,MANQUANTE,MANQUANTE,MANQUANTE,MANQUANTE,MANQUANTE,MANQUANTE,MANQUANTE,MANQUANTE,MANQUANTE,MANQUANTE,MANQUANTE,MANQUANTE,A_COMPLETER_PREUVES_SSI,A_VERIFIER,MANQUANTE,B1: référence de preuve absente | B2: référence de preuve absente | B3: référence de preuve absente | B4: référence de preuve absente | B5: référence de preuve absente | B6: référence de preuve absente | B7: référence de preuve absente | exclusions non vérifiées | preuve du contrôle des exclusions absente
6MM.F,Southern Cross Media Group LtdR,Allemagne,156082000.0,142238000.0,790588992.0,164796000.0,-18889876.0,2.99,0.07448,0.46758,478779139.0,Yahoo Finance / yfinance get_info,2026-10-08,0.0,0.0,0.0,False,MANQUANTE,MANQUANTE,MANQUANTE,MANQUANTE,MANQUANTE,MANQUANTE,MANQUANTE,MANQUANTE,MANQUANTE,MANQUANTE,MANQUANTE,MANQUANTE,MANQUANTE,MANQUANTE,MANQUANTE,A_COMPLETER_PREUVES_SSI,A_VERIFIER,MANQUANTE,B1: référence de preuve absente | B2: référence de preuve absente | B3: référence de preuve absente | B4: référence de preuve absente | B5: référence de preuve absente | B6: référence de preuve absente | B7: référence de preuve absente | exclusions non vérifiées | preuve du contrôle des exclusions absente
OCD1.F,Niagen Bioscience Inc.        R,Allemagne,156102880.0,66588000.0,2329000.0,9591000.0,1641375.0,-0.043,0.64239,0.29455,79644327.0,Yahoo Finance / yfinance get_info,2026-10-08,0.0,-25.75757726274349,-46.4480876452733,False,MANQUANTE,MANQUANTE,MANQUANTE,MANQUANTE,MANQUANTE,MANQUANTE,MANQUANTE,MANQUANTE,MANQUANTE,MANQUANTE,MANQUANTE,MANQUANTE,MANQUANTE,MANQUANTE,MANQUANTE,A_COMPLETER_PREUVES_SSI,A_VERIFIER,MANQUANTE,B1: référence de preuve absente | B2: référence de preuve absente | B3: référence de preuve absente | B4: référence de preuve absente | B5: référence de preuve absente | B6: référence de preuve absente | B7: référence de preuve absente | exclusions non vérifiées | preuve du contrôle des exclusions absente
3FDA.F,Premia Real Estate Inv.Co.SA  N,Allemagne,156362064.0,10995615.0,486168672.0,25690238.0,-15606351.0,0.21,0.83059996,0.76129997,125692977.0,Yahoo Finance / yfinance get_info,2026-10-08,0.0,-3.1152710159054298,-1.8927483052867176,False,MANQUANTE,MANQUANTE,MANQUANTE,MANQUANTE,MANQUANTE,MANQUANTE,MANQUANTE,MANQUANTE,MANQUANTE,MANQUANTE,MANQUANTE,MANQUANTE,MANQUANTE,MANQUANTE,MANQUANTE,A_COMPLETER_PREUVES_SSI,A_VERIFIER,MANQUANTE,B1: référence de preuve absente | B2: référence de preuve absente | B3: référence de preuve absente | B4: référence de preuve absente | B5: référence de preuve absente | B6: référence de preuve absente | B7: référence de preuve absente | exclusions non vérifiées | preuve du contrôle des exclusions absente
8NR.F,NRC Group ASA                 N,Allemagne,156545712.0,78000000.0,859000000.0,173000000.0,183950000.0,-0.033,0.22129999,0.32248002,172597243.0,Yahoo Finance / yfinance get_info,2026-10-08,0.0,24.24657281466516,11.837240071196309,True,MANQUANTE,MANQUANTE,MANQUANTE,MANQUANTE,MANQUANTE,MANQUANTE,MANQUANTE,MANQUANTE,MANQUANTE,MANQUANTE,MANQUANTE,MANQUANTE,MANQUANTE,MANQUANTE,MANQUANTE,A_COMPLETER_PREUVES_SSI,A_VERIFIER,MANQUANTE,B1: référence de preuve absente | B2: référence de preuve absente | B3: référence de preuve absente | B4: référence de preuve absente | B5: référence de preuve absente | B6: référence de preuve absente | B7: référence de preuve absente | exclusions non vérifiées | preuve du contrôle des exclusions absente
D0Y.F,Toro Corp.                    R,Allemagne,156899344.0,81639616.0,0.0,67316.0,-49836168.0,0.077,0.53362,0.74391997,34559330.0,Yahoo Finance / yfinance get_info,2026-10-08,0.0,9.134618470654798,40.99378638243421,True,MANQUANTE,MANQUANTE,MANQUANTE,MANQUANTE,MANQUANTE,MANQUANTE,MANQUANTE,MANQUANTE,MANQUANTE,MANQUANTE,MANQUANTE,MANQUANTE,MANQUANTE,MANQUANTE,MANQUANTE,A_COMPLETER_PREUVES_SSI,A_VERIFIER,MANQUANTE,B1: référence de preuve absente | B2: référence de preuve absente | B3: référence de preuve absente | B4: référence de preuve absente | B5: référence de preuve absente | B6: référence de preuve absente | B7: référence de preuve absente | exclusions non vérifiées | preuve du contrôle des exclusions absente
SPT6.F,Beta Systems Software AG      I,Allemagne,156996096.0,22375000.0,10042000.0,,,0.198,1.0,0.0,6279843.0,Yahoo Finance / yfinance get_info,2026-10-08,0.0,-10.071939978069611,5.932201677545423,True,MANQUANTE,MANQUANTE,MANQUANTE,MANQUANTE,MANQUANTE,MANQUANTE,MANQUANTE,MANQUANTE,MANQUANTE,MANQUANTE,MANQUANTE,MANQUANTE,MANQUANTE,MANQUANTE,MANQUANTE,A_COMPLETER_PREUVES_SSI,A_VERIFIER,MANQUANTE,B1: référence de preuve absente | B2: référence de preuve absente | B3: référence de preuve absente | B4: référence de preuve absente | B5: référence de preuve absente | B6: référence de preuve absente | B7: référence de preuve absente | exclusions non vérifiées | preuve du contrôle des exclusions absente
6P4.F,Petrus Resources Ltd.         R,Allemagne,157199472.0,1139000.0,81229000.0,49818000.0,-30344750.0,0.673,0.70752,0.7108,149713784.0,Yahoo Finance / yfinance get_info,2026-10-08,0.0,4.999995231628418,-12.500007450580297,False,MANQUANTE,MANQUANTE,MANQUANTE,MANQUANTE,MANQUANTE,MANQUANTE,MANQUANTE,MANQUANTE,MANQUANTE,MANQUANTE,MANQUANTE,MANQUANTE,MANQUANTE,MANQUANTE,MANQUANTE,A_COMPLETER_PREUVES_SSI,A_VERIFIER,MANQUANTE,B1: référence de preuve absente | B2: référence de preuve absente | B3: référence de preuve absente | B4: référence de preuve absente | B5: référence de preuve absente | B6: référence de preuve absente | B7: référence de preuve absente | exclusions non vérifiées | preuve du contrôle des exclusions absente
B5R.F,Berkeley Energia Ltd.         R,Allemagne,157541472.0,62443000.0,0.0,,-4085375.0,-0.301,1.0,0.04196,446293143.0,Yahoo Finance / yfinance get_info,2026-10-08,0.0,41.19999408721924,60.09069096445651,True,MANQUANTE,MANQUANTE,MANQUANTE,MANQUANTE,MANQUANTE,MANQUANTE,MANQUANTE,MANQUANTE,MANQUANTE,MANQUANTE,MANQUANTE,MANQUANTE,MANQUANTE,MANQUANTE,MANQUANTE,A_COMPLETER_PREUVES_SSI,A_VERIFIER,MANQUANTE,B1: référence de preuve absente | B2: référence de preuve absente | B3: référence de preuve absente | B4: référence de preuve absente | B5: référence de preuve absente | B6: référence de preuve absente | B7: référence de preuve absente | exclusions non vérifiées | preuve du contrôle des exclusions absente
R4I.F,Red Hill Minerals Ltd.        R,Allemagne,158003392.0,62773048.0,512047.0,26323472.0,1950039.0,0.712,1.0,0.83202004,64229019.0,Yahoo Finance / yfinance get_info,2026-10-08,0.0,-10.869563527278505,-14.583335402938967,,MANQUANTE,MANQUANTE,MANQUANTE,MANQUANTE,MANQUANTE,MANQUANTE,MANQUANTE,MANQUANTE,MANQUANTE,MANQUANTE,MANQUANTE,MANQUANTE,MANQUANTE,MANQUANTE,MANQUANTE,A_COMPLETER_PREUVES_SSI,A_VERIFIER,MANQUANTE,B1: référence de preuve absente | B2: référence de preuve absente | B3: référence de preuve absente | B4: référence de preuve absente | B5: référence de preuve absente | B6: référence de preuve absente | B7: référence de preuve absente | exclusions non vérifiées | preuve du contrôle des exclusions absente
W33.F,BioVersys AG                  N,Allemagne,158073760.0,69313000.0,22176000.0,-25040000.0,-16667375.0,2.549,1.0,0.33715,5854584.0,Yahoo Finance / yfinance get_info,2026-10-08,0.0,-4.255321739269236,-8.163264114526037,False,MANQUANTE,MANQUANTE,MANQUANTE,MANQUANTE,MANQUANTE,MANQUANTE,MANQUANTE,MANQUANTE,MANQUANTE,MANQUANTE,MANQUANTE,MANQUANTE,MANQUANTE,MANQUANTE,MANQUANTE,A_COMPLETER_PREUVES_SSI,A_VERIFIER,MANQUANTE,B1: référence de preuve absente | B2: référence de preuve absente | B3: référence de preuve absente | B4: référence de preuve absente | B5: référence de preuve absente | B6: référence de preuve absente | B7: référence de preuve absente | exclusions non vérifiées | preuve du contrôle des exclusions absente
DB7.F,DIGITAL BROS S.P.A.           A,Allemagne,158137408.0,9448000.0,9162000.0,54220000.0,9743375.0,-0.296,0.79564005,0.68897,14350037.0,Yahoo Finance / yfinance get_info,2026-10-08,0.0,0.3643070782787694,19.52277807595901,False,MANQUANTE,MANQUANTE,MANQUANTE,MANQUANTE,MANQUANTE,MANQUANTE,MANQUANTE,MANQUANTE,MANQUANTE,MANQUANTE,MANQUANTE,MANQUANTE,MANQUANTE,MANQUANTE,MANQUANTE,A_COMPLETER_PREUVES_SSI,A_VERIFIER,MANQUANTE,B1: référence de preuve absente | B2: référence de preuve absente | B3: référence de preuve absente | B4: référence de preuve absente | B5: référence de preuve absente | B6: référence de preuve absente | B7: référence de preuve absente | exclusions non vérifiées | preuve du contrôle des exclusions absente
MSGL.HM,msg life ag                   I,Allemagne,158369072.0,22038736.0,0.0,15488661.0,5999353.0,0.149,0.20477,0.0,42802453.0,Yahoo Finance / yfinance get_info,2026-10-08,9435.520171165466,0.0,-3.141358315606413,False,MANQUANTE,MANQUANTE,MANQUANTE,MANQUANTE,MANQUANTE,MANQUANTE,MANQUANTE,MANQUANTE,MANQUANTE,MANQUANTE,MANQUANTE,MANQUANTE,MANQUANTE,MANQUANTE,MANQUANTE,A_COMPLETER_PREUVES_SSI,A_VERIFIER,MANQUANTE,B1: référence de preuve absente | B2: référence de preuve absente | B3: référence de preuve absente | B4: référence de preuve absente | B5: référence de preuve absente | B6: référence de preuve absente | B7: référence de preuve absente | exclusions non vérifiées | preuve du contrôle des exclusions absente
3NA.F,Mobico Group PLC              R,Allemagne,159010896.0,406800000.0,1508499968.0,183040000.0,,-0.196,0.46060002,0.34092,609237143.0,Yahoo Finance / yfinance get_info,2026-10-08,0.0,-11.824322963736211,18.636367638741657,True,MANQUANTE,MANQUANTE,MANQUANTE,MANQUANTE,MANQUANTE,MANQUANTE,MANQUANTE,MANQUANTE,MANQUANTE,MANQUANTE,MANQUANTE,MANQUANTE,MANQUANTE,MANQUANTE,MANQUANTE,A_COMPLETER_PREUVES_SSI,A_VERIFIER,MANQUANTE,B1: référence de preuve absente | B2: référence de preuve absente | B3: référence de preuve absente | B4: référence de preuve absente | B5: référence de preuve absente | B6: référence de preuve absente | B7: référence de preuve absente | exclusions non vérifiées | preuve du contrôle des exclusions absente
IN9.F,INTEST CORP.                  R,Allemagne,159039744.0,22102000.0,14786000.0,6256000.0,7555375.0,0.255,0.42763,0.09671,12825786.0,Yahoo Finance / yfinance get_info,2026-10-08,0.0,-3.125004423782163,-0.8000030517578138,True,MANQUANTE,MANQUANTE,MANQUANTE,MANQUANTE,MANQUANTE,MANQUANTE,MANQUANTE,MANQUANTE,MANQUANTE,MANQUANTE,MANQUANTE,MANQUANTE,MANQUANTE,MANQUANTE,MANQUANTE,A_COMPLETER_PREUVES_SSI,A_VERIFIER,MANQUANTE,B1: référence de preuve absente | B2: référence de preuve absente | B3: référence de preuve absente | B4: référence de preuve absente | B5: référence de preuve absente | B6: référence de preuve absente | B7: référence de preuve absente | exclusions non vérifiées | preuve du contrôle des exclusions absente
71T.F,Brickability Group PLC        R,Allemagne,159049168.0,33246000.0,114944000.0,44568000.0,25213000.0,-0.025,0.18855,0.24099001,323270660.0,Yahoo Finance / yfinance get_info,2026-10-08,0.0,-4.466014125028095,-27.111110385062776,False,MANQUANTE,MANQUANTE,MANQUANTE,MANQUANTE,MANQUANTE,MANQUANTE,MANQUANTE,MANQUANTE,MANQUANTE,MANQUANTE,MANQUANTE,MANQUANTE,MANQUANTE,MANQUANTE,MANQUANTE,A_COMPLETER_PREUVES_SSI,A_VERIFIER,MANQUANTE,B1: référence de preuve absente | B2: référence de preuve absente | B3: référence de preuve absente | B4: référence de preuve absente | B5: référence de preuve absente | B6: référence de preuve absente | B7: référence de preuve absente | exclusions non vérifiées | preuve du contrôle des exclusions absente
FET.F,FAR EAST CONSORTIUM INTL LTD. R,Allemagne,159070112.0,3263599104.0,24065118208.0,894643968.0,734069120.0,-0.352,0.4065,0.62276,3059040482.0,Yahoo Finance / yfinance get_info,2026-10-08,0.0,-5.454542991543587,-18.110237144346254,False,MANQUANTE,MANQUANTE,MANQUANTE,MANQUANTE,MANQUANTE,MANQUANTE,MANQUANTE,MANQUANTE,MANQUANTE,MANQUANTE,MANQUANTE,MANQUANTE,MANQUANTE,MANQUANTE,MANQUANTE,A_COMPLETER_PREUVES_SSI,A_VERIFIER,MANQUANTE,B1: référence de preuve absente | B2: référence de preuve absente | B3: référence de preuve absente | B4: référence de preuve absente | B5: référence de preuve absente | B6: référence de preuve absente | B7: référence de preuve absente | exclusions non vérifiées | preuve du contrôle des exclusions absente
4ZG.F,Median Technologies           A,Allemagne,159258080.0,18409000.0,25323000.0,-14102000.0,8316375.0,0.007,0.17666,0.26543,49002485.0,Yahoo Finance / yfinance get_info,2026-10-08,0.0,-27.455357451714114,-22.80285105578088,False,MANQUANTE,MANQUANTE,MANQUANTE,MANQUANTE,MANQUANTE,MANQUANTE,MANQUANTE,MANQUANTE,MANQUANTE,MANQUANTE,MANQUANTE,MANQUANTE,MANQUANTE,MANQUANTE,MANQUANTE,A_COMPLETER_PREUVES_SSI,A_VERIFIER,MANQUANTE,B1: référence de preuve absente | B2: référence de preuve absente | B3: référence de preuve absente | B4: référence de preuve absente | B5: référence de preuve absente | B6: référence de preuve absente | B7: référence de preuve absente | exclusions non vérifiées | preuve du contrôle des exclusions absente
T7C0.F,Denarius Metals Corp.         R,Allemagne,159290032.0,18947000.0,53608000.0,-3896000.0,-12144250.0,99.408,0.38582,0.46006,504082353.0,Yahoo Finance / yfinance get_info,2026-10-08,0.0,-15.05376154569581,-38.6407721706716,False,MANQUANTE,MANQUANTE,MANQUANTE,MANQUANTE,MANQUANTE,MANQUANTE,MANQUANTE,MANQUANTE,MANQUANTE,MANQUANTE,MANQUANTE,MANQUANTE,MANQUANTE,MANQUANTE,MANQUANTE,A_COMPLETER_PREUVES_SSI,A_VERIFIER,MANQUANTE,B1: référence de preuve absente | B2: référence de preuve absente | B3: référence de preuve absente | B4: référence de preuve absente | B5: référence de preuve absente | B6: référence de preuve absente | B7: référence de preuve absente | exclusions non vérifiées | preuve du contrôle des exclusions absente
IZH.F,M & C Saatchi PLC             R,Allemagne,159299888.0,19751000.0,51798000.0,24243000.0,14334000.0,0.079,0.17337999,0.26124,118880511.0,Yahoo Finance / yfinance get_info,2026-10-08,0.0,-16.24999916180969,5.511815236486828,False,MANQUANTE,MANQUANTE,MANQUANTE,MANQUANTE,MANQUANTE,MANQUANTE,MANQUANTE,MANQUANTE,MANQUANTE,MANQUANTE,MANQUANTE,MANQUANTE,MANQUANTE,MANQUANTE,MANQUANTE,A_COMPLETER_PREUVES_SSI,A_VERIFIER,MANQUANTE,B1: référence de preuve absente | B2: référence de preuve absente | B3: référence de preuve absente | B4: référence de preuve absente | B5: référence de preuve absente | B6: référence de preuve absente | B7: référence de preuve absente | exclusions non vérifiées | preuve du contrôle des exclusions absente
TED.F,TerrAscend Corp.              R,Allemagne,159315440.0,42117000.0,243612992.0,60833000.0,20936000.0,0.033,0.52769,0.0546,309175647.0,Yahoo Finance / yfinance get_info,2026-10-08,0.0,-9.33191917155234,-16.5039083532064,False,MANQUANTE,MANQUANTE,MANQUANTE,MANQUANTE,MANQUANTE,MANQUANTE,MANQUANTE,MANQUANTE,MANQUANTE,MANQUANTE,MANQUANTE,MANQUANTE,MANQUANTE,MANQUANTE,MANQUANTE,A_COMPLETER_PREUVES_SSI,A_VERIFIER,MANQUANTE,B1: référence de preuve absente | B2: référence de preuve absente | B3: référence de preuve absente | B4: référence de preuve absente | B5: référence de preuve absente | B6: référence de preuve absente | B7: référence de preuve absente | exclusions non vérifiées | preuve du contrôle des exclusions absente
T9W.F,Thessal.Water Suppl.+Sewer.Co.N,Allemagne,160253472.0,45248000.0,828000.0,15548000.0,-17423376.0,0.145,0.27715,0.79482,36300000.0,Yahoo Finance / yfinance get_info,2026-10-08,0.0,-14.285719846497368,14.754090458221604,True,MANQUANTE,MANQUANTE,MANQUANTE,MANQUANTE,MANQUANTE,MANQUANTE,MANQUANTE,MANQUANTE,MANQUANTE,MANQUANTE,MANQUANTE,MANQUANTE,MANQUANTE,MANQUANTE,MANQUANTE,A_COMPLETER_PREUVES_SSI,A_VERIFIER,MANQUANTE,B1: référence de preuve absente | B2: référence de preuve absente | B3: référence de preuve absente | B4: référence de preuve absente | B5: référence de preuve absente | B6: référence de preuve absente | B7: référence de preuve absente | exclusions non vérifiées | preuve du contrôle des exclusions absente
BKG.F,Baoye Group Co. Ltd.          R,Allemagne,160353440.0,10987225088.0,5454636032.0,729721024.0,777559360.0,-0.114,0.07052,0.17249,169886000.0,Yahoo Finance / yfinance get_info,2026-10-08,0.0,-18.08510402199792,-24.87804853228286,False,MANQUANTE,MANQUANTE,MANQUANTE,MANQUANTE,MANQUANTE,MANQUANTE,MANQUANTE,MANQUANTE,MANQUANTE,MANQUANTE,MANQUANTE,MANQUANTE,MANQUANTE,MANQUANTE,MANQUANTE,A_COMPLETER_PREUVES_SSI,A_VERIFIER,MANQUANTE,B1: référence de preuve absente | B2: référence de preuve absente | B3: référence de preuve absente | B4: référence de preuve absente | B5: référence de preuve absente | B6: référence de preuve absente | B7: référence de preuve absente | exclusions non vérifiées | preuve du contrôle des exclusions absente
CIOC.F,China Aerospace Intl. Ltd.    R,Allemagne,160421152.0,1364120960.0,2076817024.0,168876992.0,-674156992.0,0.039,0.13664,0.38366002,3085021882.0,Yahoo Finance / yfinance get_info,2026-10-08,0.0,-13.333329608042954,-3.703704214717452,False,MANQUANTE,MANQUANTE,MANQUANTE,MANQUANTE,MANQUANTE,MANQUANTE,MANQUANTE,MANQUANTE,MANQUANTE,MANQUANTE,MANQUANTE,MANQUANTE,MANQUANTE,MANQUANTE,MANQUANTE,A_COMPLETER_PREUVES_SSI,A_VERIFIER,MANQUANTE,B1: référence de preuve absente | B2: référence de preuve absente | B3: référence de preuve absente | B4: référence de preuve absente | B5: référence de preuve absente | B6: référence de preuve absente | B7: référence de preuve absente | exclusions non vérifiées | preuve du contrôle des exclusions absente
WS7A.F,Binhai Investment Co. Ltd.    R,Allemagne,160945056.0,226210000.0,3295962880.0,534643008.0,32840020.0,0.081,0.090629995,0.33997002,1363941112.0,Yahoo Finance / yfinance get_info,2026-10-08,0.0,13.461536808303157,6.306305580659322,True,MANQUANTE,MANQUANTE,MANQUANTE,MANQUANTE,MANQUANTE,MANQUANTE,MANQUANTE,MANQUANTE,MANQUANTE,MANQUANTE,MANQUANTE,MANQUANTE,MANQUANTE,MANQUANTE,MANQUANTE,A_COMPLETER_PREUVES_SSI,A_VERIFIER,MANQUANTE,B1: référence de preuve absente | B2: référence de preuve absente | B3: référence de preuve absente | B4: référence de preuve absente | B5: référence de preuve absente | B6: référence de preuve absente | B7: référence de preuve absente | exclusions non vérifiées | preuve du contrôle des exclusions absente
I6X.MU,Icelandic Salmon AS           N,Allemagne,161001712.0,10385000.0,134113000.0,3893000.0,-5795125.0,0.884,0.36283,0.61546004,30961868.0,Yahoo Finance / yfinance get_info,2026-10-08,0.0,-1.8867995824706,-21.21212296358922,False,MANQUANTE,MANQUANTE,MANQUANTE,MANQUANTE,MANQUANTE,MANQUANTE,MANQUANTE,MANQUANTE,MANQUANTE,MANQUANTE,MANQUANTE,MANQUANTE,MANQUANTE,MANQUANTE,MANQUANTE,A_COMPLETER_PREUVES_SSI,A_VERIFIER,MANQUANTE,B1: référence de preuve absente | B2: référence de preuve absente | B3: référence de preuve absente | B4: référence de preuve absente | B5: référence de preuve absente | B6: référence de preuve absente | B7: référence de preuve absente | exclusions non vérifiées | preuve du contrôle des exclusions absente
RZT.F,Merafe Resources Ltd.         R,Allemagne,161193664.0,1591352960.0,4074000.0,918406976.0,612918656.0,0.363,1.0,0.28959,2499126870.0,Yahoo Finance / yfinance get_info,2026-10-08,0.0,12.173905099948248,17.272721730973075,True,MANQUANTE,MANQUANTE,MANQUANTE,MANQUANTE,MANQUANTE,MANQUANTE,MANQUANTE,MANQUANTE,MANQUANTE,MANQUANTE,MANQUANTE,MANQUANTE,MANQUANTE,MANQUANTE,MANQUANTE,A_COMPLETER_PREUVES_SSI,A_VERIFIER,MANQUANTE,B1: référence de preuve absente | B2: référence de preuve absente | B3: référence de preuve absente | B4: référence de preuve absente | B5: référence de preuve absente | B6: référence de preuve absente | B7: référence de preuve absente | exclusions non vérifiées | preuve du contrôle des exclusions absente
MP9.F,Maxim Power Corp.             R,Allemagne,161194864.0,34772000.0,264000.0,11772000.0,-10786250.0,-0.284,0.2658,0.77468,63462546.0,Yahoo Finance / yfinance get_info,2026-10-08,0.0,-1.5503861641813277,-3.0534323358943016,False,MANQUANTE,MANQUANTE,MANQUANTE,MANQUANTE,MANQUANTE,MANQUANTE,MANQUANTE,MANQUANTE,MANQUANTE,MANQUANTE,MANQUANTE,MANQUANTE,MANQUANTE,MANQUANTE,MANQUANTE,A_COMPLETER_PREUVES_SSI,A_VERIFIER,MANQUANTE,B1: référence de preuve absente | B2: référence de preuve absente | B3: référence de preuve absente | B4: référence de preuve absente | B5: référence de preuve absente | B6: référence de preuve absente | B7: référence de preuve absente | exclusions non vérifiées | preuve du contrôle des exclusions absente
H1B.F,Olympia Financial Group Inc.  R,Allemagne,161224512.0,29501432.0,10100522.0,23519252.0,12590611.0,-0.11,0.96653,0.34589002,2406336.0,Yahoo Finance / yfinance get_info,2026-10-08,0.0,-1.4705882352941124,-12.418300653594772,False,MANQUANTE,MANQUANTE,MANQUANTE,MANQUANTE,MANQUANTE,MANQUANTE,MANQUANTE,MANQUANTE,MANQUANTE,MANQUANTE,MANQUANTE,MANQUANTE,MANQUANTE,MANQUANTE,MANQUANTE,A_COMPLETER_PREUVES_SSI,A_VERIFIER,MANQUANTE,B1: référence de preuve absente | B2: référence de preuve absente | B3: référence de preuve absente | B4: référence de preuve absente | B5: référence de preuve absente | B6: référence de preuve absente | B7: référence de preuve absente | exclusions non vérifiées | preuve du contrôle des exclusions absente
3U8.F,Draganfly Inc.                R,Allemagne,161268144.0,136897280.0,226270.0,-35520408.0,-25860984.0,0.26,0.19545999,0.0017200001,39142756.0,Yahoo Finance / yfinance get_info,2026-10-08,0.0,-3.9627057763542575,-6.997741643159383,False,MANQUANTE,MANQUANTE,MANQUANTE,MANQUANTE,MANQUANTE,MANQUANTE,MANQUANTE,MANQUANTE,MANQUANTE,MANQUANTE,MANQUANTE,MANQUANTE,MANQUANTE,MANQUANTE,MANQUANTE,A_COMPLETER_PREUVES_SSI,A_VERIFIER,MANQUANTE,B1: référence de preuve absente | B2: référence de preuve absente | B3: référence de preuve absente | B4: référence de preuve absente | B5: référence de preuve absente | B6: référence de preuve absente | B7: référence de preuve absente | exclusions non vérifiées | preuve du contrôle des exclusions absente
E8Q.F,Smart Parking Ltd.            R,Allemagne,161380512.0,27311746.0,8962576.0,52692304.0,24635252.0,0.402,0.70882004,0.36263,420261729.0,Yahoo Finance / yfinance get_info,2026-10-08,0.0,-12.727271495771795,-30.81081110106961,False,MANQUANTE,MANQUANTE,MANQUANTE,MANQUANTE,MANQUANTE,MANQUANTE,MANQUANTE,MANQUANTE,MANQUANTE,MANQUANTE,MANQUANTE,MANQUANTE,MANQUANTE,MANQUANTE,MANQUANTE,A_COMPLETER_PREUVES_SSI,A_VERIFIER,MANQUANTE,B1: référence de preuve absente | B2: référence de preuve absente | B3: référence de preuve absente | B4: référence de preuve absente | B5: référence de preuve absente | B6: référence de preuve absente | B7: référence de preuve absente | exclusions non vérifiées | preuve du contrôle des exclusions absente
3WG.SG,Wallix Group S.A.,Allemagne,161774816.0,12091000.0,8204000.0,-162000.0,293875.0,0.134,0.99208,0.20823999,7095387.0,Yahoo Finance / yfinance get_info,2026-10-08,2307.199960708618,-3.3898353028728123,-5.785130089842427,False,MANQUANTE,MANQUANTE,MANQUANTE,MANQUANTE,MANQUANTE,MANQUANTE,MANQUANTE,MANQUANTE,MANQUANTE,MANQUANTE,MANQUANTE,MANQUANTE,MANQUANTE,MANQUANTE,MANQUANTE,A_COMPLETER_PREUVES_SSI,A_VERIFIER,MANQUANTE,B1: référence de preuve absente | B2: référence de preuve absente | B3: référence de preuve absente | B4: référence de preuve absente | B5: référence de preuve absente | B6: référence de preuve absente | B7: référence de preuve absente | exclusions non vérifiées | preuve du contrôle des exclusions absente
6YQ.F,Eurocell PLC                  R,Allemagne,162229808.0,7600000.0,101200000.0,24300000.0,29162500.0,0.062,0.50373,0.02774,98920613.0,Yahoo Finance / yfinance get_info,2026-10-08,0.0,40.17094408972037,38.98305581308468,True,MANQUANTE,MANQUANTE,MANQUANTE,MANQUANTE,MANQUANTE,MANQUANTE,MANQUANTE,MANQUANTE,MANQUANTE,MANQUANTE,MANQUANTE,MANQUANTE,MANQUANTE,MANQUANTE,MANQUANTE,A_COMPLETER_PREUVES_SSI,A_VERIFIER,MANQUANTE,B1: référence de preuve absente | B2: référence de preuve absente | B3: référence de preuve absente | B4: référence de preuve absente | B5: référence de preuve absente | B6: référence de preuve absente | B7: référence de preuve absente | exclusions non vérifiées | preuve du contrôle des exclusions absente
U7MA.F,CNNC International Ltd.       R,Allemagne,162403872.0,733704000.0,1287000.0,208468000.0,-110215000.0,-0.76,0.12753001,0.6672,489168308.0,Yahoo Finance / yfinance get_info,2026-10-08,0.0,-19.417478888454387,-50.81481755548376,False,MANQUANTE,MANQUANTE,MANQUANTE,MANQUANTE,MANQUANTE,MANQUANTE,MANQUANTE,MANQUANTE,MANQUANTE,MANQUANTE,MANQUANTE,MANQUANTE,MANQUANTE,MANQUANTE,MANQUANTE,A_COMPLETER_PREUVES_SSI,A_VERIFIER,MANQUANTE,B1: référence de preuve absente | B2: référence de preuve absente | B3: référence de preuve absente | B4: référence de preuve absente | B5: référence de preuve absente | B6: référence de preuve absente | B7: référence de preuve absente | exclusions non vérifiées | preuve du contrôle des exclusions absente
K3A.F,Kongsberg Automotive ASA      N,Allemagne,162563056.0,90400000.0,196200000.0,48800000.0,24512500.0,0.006,0.57084,0.19783,933197817.0,Yahoo Finance / yfinance get_info,2026-10-08,0.0,5.066340722499585,4.186602465714406,True,MANQUANTE,MANQUANTE,MANQUANTE,MANQUANTE,MANQUANTE,MANQUANTE,MANQUANTE,MANQUANTE,MANQUANTE,MANQUANTE,MANQUANTE,MANQUANTE,MANQUANTE,MANQUANTE,MANQUANTE,A_COMPLETER_PREUVES_SSI,A_VERIFIER,MANQUANTE,B1: référence de preuve absente | B2: référence de preuve absente | B3: référence de preuve absente | B4: référence de preuve absente | B5: référence de preuve absente | B6: référence de preuve absente | B7: référence de preuve absente | exclusions non vérifiées | preuve du contrôle des exclusions absente
2GX.F,STONERIDGE INC.               R,Allemagne,162580384.0,71514000.0,156864992.0,13720000.0,70398376.0,0.151,0.19253999,0.03793,28522874.0,Yahoo Finance / yfinance get_info,2026-10-08,0.0,-6.557378715098938,22.317596478690493,False,MANQUANTE,MANQUANTE,MANQUANTE,MANQUANTE,MANQUANTE,MANQUANTE,MANQUANTE,MANQUANTE,MANQUANTE,MANQUANTE,MANQUANTE,MANQUANTE,MANQUANTE,MANQUANTE,MANQUANTE,A_COMPLETER_PREUVES_SSI,A_VERIFIER,MANQUANTE,B1: référence de preuve absente | B2: référence de preuve absente | B3: référence de preuve absente | B4: référence de preuve absente | B5: référence de preuve absente | B6: référence de preuve absente | B7: référence de preuve absente | exclusions non vérifiées | preuve du contrôle des exclusions absente
BRW.F,BRIQ Propert.Real Est.Inv.Co. N,Allemagne,162655776.0,4351000.0,105186000.0,17803000.0,9718250.0,-0.029,0.92662,0.53862,47699638.0,Yahoo Finance / yfinance get_info,2026-10-08,0.0,10.000006152737706,15.593221380052393,True,MANQUANTE,MANQUANTE,MANQUANTE,MANQUANTE,MANQUANTE,MANQUANTE,MANQUANTE,MANQUANTE,MANQUANTE,MANQUANTE,MANQUANTE,MANQUANTE,MANQUANTE,MANQUANTE,MANQUANTE,A_COMPLETER_PREUVES_SSI,A_VERIFIER,MANQUANTE,B1: référence de preuve absente | B2: référence de preuve absente | B3: référence de preuve absente | B4: référence de preuve absente | B5: référence de preuve absente | B6: référence de preuve absente | B7: référence de preuve absente | exclusions non vérifiées | preuve du contrôle des exclusions absente
2OQ.F,Amplify Energy Corp. New      R,Allemagne,163006752.0,21212000.0,3098000.0,29840000.0,-47397124.0,-0.229,0.43527,0.09544,41456450.0,Yahoo Finance / yfinance get_info,2026-10-08,0.0,17.72455158211075,-19.68954257914367,False,MANQUANTE,MANQUANTE,MANQUANTE,MANQUANTE,MANQUANTE,MANQUANTE,MANQUANTE,MANQUANTE,MANQUANTE,MANQUANTE,MANQUANTE,MANQUANTE,MANQUANTE,MANQUANTE,MANQUANTE,A_COMPLETER_PREUVES_SSI,A_VERIFIER,MANQUANTE,B1: référence de preuve absente | B2: référence de preuve absente | B3: référence de preuve absente | B4: référence de preuve absente | B5: référence de preuve absente | B6: référence de preuve absente | B7: référence de preuve absente | exclusions non vérifiées | preuve du contrôle des exclusions absente
ZMM.F,Maisons du Monde S.A.         A,Allemagne,163082608.0,42445000.0,685198016.0,-96029000.0,75398752.0,-0.074,0.61674,0.96835,818687769.0,Yahoo Finance / yfinance get_info,2026-10-08,0.0,-2.8292653284066938,-72.21757291219146,False,MANQUANTE,MANQUANTE,MANQUANTE,MANQUANTE,MANQUANTE,MANQUANTE,MANQUANTE,MANQUANTE,MANQUANTE,MANQUANTE,MANQUANTE,MANQUANTE,MANQUANTE,MANQUANTE,MANQUANTE,A_COMPLETER_PREUVES_SSI,A_VERIFIER,MANQUANTE,B1: référence de preuve absente | B2: référence de preuve absente | B3: référence de preuve absente | B4: référence de preuve absente | B5: référence de preuve absente | B6: référence de preuve absente | B7: référence de preuve absente | exclusions non vérifiées | preuve du contrôle des exclusions absente
1D8.F,Accsys Technologies PLC       R,Allemagne,163309856.0,17402000.0,59325000.0,19819000.0,-5910375.0,0.199,0.30903,0.37820998,246319534.0,Yahoo Finance / yfinance get_info,2026-10-08,0.0,-20.97735421300413,-4.604317348853981,False,MANQUANTE,MANQUANTE,MANQUANTE,MANQUANTE,MANQUANTE,MANQUANTE,MANQUANTE,MANQUANTE,MANQUANTE,MANQUANTE,MANQUANTE,MANQUANTE,MANQUANTE,MANQUANTE,MANQUANTE,A_COMPLETER_PREUVES_SSI,A_VERIFIER,MANQUANTE,B1: référence de preuve absente | B2: référence de preuve absente | B3: référence de preuve absente | B4: référence de preuve absente | B5: référence de preuve absente | B6: référence de preuve absente | B7: référence de preuve absente | exclusions non vérifiées | preuve du contrôle des exclusions absente
60E.F,Salmon Evolution ASA          N,Allemagne,163430976.0,280560992.0,2320217088.0,-45197000.0,-1309700992.0,-0.268,0.49625,0.47557998,554003306.0,Yahoo Finance / yfinance get_info,2026-10-08,0.0,-17.251055516334645,-33.707867049761575,False,MANQUANTE,MANQUANTE,MANQUANTE,MANQUANTE,MANQUANTE,MANQUANTE,MANQUANTE,MANQUANTE,MANQUANTE,MANQUANTE,MANQUANTE,MANQUANTE,MANQUANTE,MANQUANTE,MANQUANTE,A_COMPLETER_PREUVES_SSI,A_VERIFIER,MANQUANTE,B1: référence de preuve absente | B2: référence de preuve absente | B3: référence de preuve absente | B4: référence de preuve absente | B5: référence de preuve absente | B6: référence de preuve absente | B7: référence de preuve absente | exclusions non vérifiées | preuve du contrôle des exclusions absente
MXD.F,MIN XIN HOLDINGS LTD.         R,Allemagne,163648496.0,601811968.0,822444992.0,52651000.0,-9037500.0,-0.106,0.40987,0.72208,597257252.0,Yahoo Finance / yfinance get_info,2026-10-08,0.0,-14.37500151339922,5.384615031925155,False,MANQUANTE,MANQUANTE,MANQUANTE,MANQUANTE,MANQUANTE,MANQUANTE,MANQUANTE,MANQUANTE,MANQUANTE,MANQUANTE,MANQUANTE,MANQUANTE,MANQUANTE,MANQUANTE,MANQUANTE,A_COMPLETER_PREUVES_SSI,A_VERIFIER,MANQUANTE,B1: référence de preuve absente | B2: référence de preuve absente | B3: référence de preuve absente | B4: référence de preuve absente | B5: référence de preuve absente | B6: référence de preuve absente | B7: référence de preuve absente | exclusions non vérifiées | preuve du contrôle des exclusions absente
D7Q1.F,Monument Mining Ltd.          R,Allemagne,164207056.0,109560000.0,189000.0,103686000.0,56344624.0,-0.065,0.66234,0.19698,346428369.0,Yahoo Finance / yfinance get_info,2026-10-08,0.0,3.2679772936166307,-12.222224429801576,False,MANQUANTE,MANQUANTE,MANQUANTE,MANQUANTE,MANQUANTE,MANQUANTE,MANQUANTE,MANQUANTE,MANQUANTE,MANQUANTE,MANQUANTE,MANQUANTE,MANQUANTE,MANQUANTE,MANQUANTE,A_COMPLETER_PREUVES_SSI,A_VERIFIER,MANQUANTE,B1: référence de preuve absente | B2: référence de preuve absente | B3: référence de preuve absente | B4: référence de preuve absente | B5: référence de preuve absente | B6: référence de preuve absente | B7: référence de preuve absente | exclusions non vérifiées | preuve du contrôle des exclusions absente
3WG.F,Wallix Group S.A.             A,Allemagne,164258208.0,12091000.0,8204000.0,-162000.0,293875.0,0.134,0.99208,0.20823999,7095387.0,Yahoo Finance / yfinance get_info,2026-10-08,0.0,0.0,-4.338847567381821,False,MANQUANTE,MANQUANTE,MANQUANTE,MANQUANTE,MANQUANTE,MANQUANTE,MANQUANTE,MANQUANTE,MANQUANTE,MANQUANTE,MANQUANTE,MANQUANTE,MANQUANTE,MANQUANTE,MANQUANTE,A_COMPLETER_PREUVES_SSI,A_VERIFIER,MANQUANTE,B1: référence de preuve absente | B2: référence de preuve absente | B3: référence de preuve absente | B4: référence de preuve absente | B5: référence de preuve absente | B6: référence de preuve absente | B7: référence de preuve absente | exclusions non vérifiées | preuve du contrôle des exclusions absente
662.F,Broken Hill Mines Ltd.        R,Allemagne,164813392.0,33657000.0,36254000.0,-26135000.0,-57191624.0,0.012,-0.09273,0.66334,396186017.0,Yahoo Finance / yfinance get_info,2026-10-08,0.0,14.28571896425792,-5.454542991543587,False,MANQUANTE,MANQUANTE,MANQUANTE,MANQUANTE,MANQUANTE,MANQUANTE,MANQUANTE,MANQUANTE,MANQUANTE,MANQUANTE,MANQUANTE,MANQUANTE,MANQUANTE,MANQUANTE,MANQUANTE,A_COMPLETER_PREUVES_SSI,A_VERIFIER,MANQUANTE,B1: référence de preuve absente | B2: référence de preuve absente | B3: référence de preuve absente | B4: référence de preuve absente | B5: référence de preuve absente | B6: référence de preuve absente | B7: référence de preuve absente | exclusions non vérifiées | preuve du contrôle des exclusions absente
MRR.F,Reach PLC                     R,Allemagne,164849424.0,10500000.0,79100000.0,64400000.0,59062500.0,-0.09,0.41772997,0.11097,315199656.0,Yahoo Finance / yfinance get_info,2026-10-08,0.0,-16.719747701519694,-21.706584528846683,False,MANQUANTE,MANQUANTE,MANQUANTE,MANQUANTE,MANQUANTE,MANQUANTE,MANQUANTE,MANQUANTE,MANQUANTE,MANQUANTE,MANQUANTE,MANQUANTE,MANQUANTE,MANQUANTE,MANQUANTE,A_COMPLETER_PREUVES_SSI,A_VERIFIER,MANQUANTE,B1: référence de preuve absente | B2: référence de preuve absente | B3: référence de preuve absente | B4: référence de preuve absente | B5: référence de preuve absente | B6: référence de preuve absente | B7: référence de preuve absente | exclusions non vérifiées | preuve du contrôle des exclusions absente
I9C.F,Amber Int. Holding Ltd.       R,Allemagne,164981680.0,45363000.0,1148000.0,1154000.0,-5032750.0,-0.336,0.73797995,0.0,87028604.0,Yahoo Finance / yfinance get_info,2026-10-08,0.0,47.05881645817398,1.1560682489023757,True,MANQUANTE,MANQUANTE,MANQUANTE,MANQUANTE,MANQUANTE,MANQUANTE,MANQUANTE,MANQUANTE,MANQUANTE,MANQUANTE,MANQUANTE,MANQUANTE,MANQUANTE,MANQUANTE,MANQUANTE,A_COMPLETER_PREUVES_SSI,A_VERIFIER,MANQUANTE,B1: référence de preuve absente | B2: référence de preuve absente | B3: référence de preuve absente | B4: référence de preuve absente | B5: référence de preuve absente | B6: référence de preuve absente | B7: référence de preuve absente | exclusions non vérifiées | preuve du contrôle des exclusions absente
2ME.F,SHIMA SEIKI MFG. LTD.         R,Allemagne,165120688.0,25194000384.0,18197000192.0,-1842000000.0,,-0.273,0.37800997,0.24297,33919616.0,Yahoo Finance / yfinance get_info,2026-10-08,0.0,-0.4906003040372808,-4.773082131935958,,MANQUANTE,MANQUANTE,MANQUANTE,MANQUANTE,MANQUANTE,MANQUANTE,MANQUANTE,MANQUANTE,MANQUANTE,MANQUANTE,MANQUANTE,MANQUANTE,MANQUANTE,MANQUANTE,MANQUANTE,A_COMPLETER_PREUVES_SSI,A_VERIFIER,MANQUANTE,B1: référence de preuve absente | B2: référence de preuve absente | B3: référence de preuve absente | B4: référence de preuve absente | B5: référence de preuve absente | B6: référence de preuve absente | B7: référence de preuve absente | exclusions non vérifiées | preuve du contrôle des exclusions absente
7N70.F,Alpha Cognition Inc.          R,Allemagne,165511792.0,41384288.0,0.0,-26487652.0,-28530086.0,2.676,0.90375,0.05134,21777868.0,Yahoo Finance / yfinance get_info,2026-10-08,0.0,8.571427209036697,89.99999761581421,,MANQUANTE,MANQUANTE,MANQUANTE,MANQUANTE,MANQUANTE,MANQUANTE,MANQUANTE,MANQUANTE,MANQUANTE,MANQUANTE,MANQUANTE,MANQUANTE,MANQUANTE,MANQUANTE,MANQUANTE,A_COMPLETER_PREUVES_SSI,A_VERIFIER,MANQUANTE,B1: référence de preuve absente | B2: référence de preuve absente | B3: référence de preuve absente | B4: référence de preuve absente | B5: référence de preuve absente | B6: référence de preuve absente | B7: référence de preuve absente | exclusions non vérifiées | preuve du contrôle des exclusions absente
CMF.F,CAMELLIA PLC                  R,Allemagne,165570576.0,124100000.0,24600000.0,13500000.0,-18012500.0,-0.029,0.22007999,0.61419,2527795.0,Yahoo Finance / yfinance get_info,2026-10-08,0.0,6.5040650406503975,20.1834862385321,True,MANQUANTE,MANQUANTE,MANQUANTE,MANQUANTE,MANQUANTE,MANQUANTE,MANQUANTE,MANQUANTE,MANQUANTE,MANQUANTE,MANQUANTE,MANQUANTE,MANQUANTE,MANQUANTE,MANQUANTE,A_COMPLETER_PREUVES_SSI,A_VERIFIER,MANQUANTE,B1: référence de preuve absente | B2: référence de preuve absente | B3: référence de preuve absente | B4: référence de preuve absente | B5: référence de preuve absente | B6: référence de preuve absente | B7: référence de preuve absente | exclusions non vérifiées | preuve du contrôle des exclusions absente
CMF.SG,Camellia PLC,Allemagne,165570576.0,124100000.0,24600000.0,13500000.0,-18012500.0,-0.029,0.22007999,0.61419,2527795.0,Yahoo Finance / yfinance get_info,2026-10-08,0.0,5.645161290322576,21.2962962962963,True,MANQUANTE,MANQUANTE,MANQUANTE,MANQUANTE,MANQUANTE,MANQUANTE,MANQUANTE,MANQUANTE,MANQUANTE,MANQUANTE,MANQUANTE,MANQUANTE,MANQUANTE,MANQUANTE,MANQUANTE,A_COMPLETER_PREUVES_SSI,A_VERIFIER,MANQUANTE,B1: référence de preuve absente | B2: référence de preuve absente | B3: référence de preuve absente | B4: référence de preuve absente | B5: référence de preuve absente | B6: référence de preuve absente | B7: référence de preuve absente | exclusions non vérifiées | preuve du contrôle des exclusions absente
1CY.F,China Yong.Autom.Ser.Hldgs LtdR,Allemagne,165669744.0,2806216960.0,4251004928.0,57048000.0,1239218688.0,-0.23,0.08085,0.37814,1893368394.0,Yahoo Finance / yfinance get_info,2026-10-08,0.0,-1.1299457858716666,-27.685951252882862,False,MANQUANTE,MANQUANTE,MANQUANTE,MANQUANTE,MANQUANTE,MANQUANTE,MANQUANTE,MANQUANTE,MANQUANTE,MANQUANTE,MANQUANTE,MANQUANTE,MANQUANTE,MANQUANTE,MANQUANTE,A_COMPLETER_PREUVES_SSI,A_VERIFIER,MANQUANTE,B1: référence de preuve absente | B2: référence de preuve absente | B3: référence de preuve absente | B4: référence de preuve absente | B5: référence de preuve absente | B6: référence de preuve absente | B7: référence de preuve absente | exclusions non vérifiées | preuve du contrôle des exclusions absente
PC5.F,SODA NIKKA CO. LTD.           R,Allemagne,165722592.0,7286000128.0,1668000000.0,,,0.152,0.1436,0.27777,22823660.0,Yahoo Finance / yfinance get_info,2026-10-08,0.0,18.799086551015453,35.6689057460835,,MANQUANTE,MANQUANTE,MANQUANTE,MANQUANTE,MANQUANTE,MANQUANTE,MANQUANTE,MANQUANTE,MANQUANTE,MANQUANTE,MANQUANTE,MANQUANTE,MANQUANTE,MANQUANTE,MANQUANTE,A_COMPLETER_PREUVES_SSI,A_VERIFIER,MANQUANTE,B1: référence de preuve absente | B2: référence de preuve absente | B3: référence de preuve absente | B4: référence de preuve absente | B5: référence de preuve absente | B6: référence de preuve absente | B7: référence de preuve absente | exclusions non vérifiées | preuve du contrôle des exclusions absente
24S.F,Strategic Minerals PLC        R,Allemagne,165865280.0,10026000.0,1308000.0,-520000.0,876875.0,-0.203,0.82531,0.098120004,2811275969.0,Yahoo Finance / yfinance get_info,2026-10-08,0.0,43.90243592182852,-11.940300167204365,True,MANQUANTE,MANQUANTE,MANQUANTE,MANQUANTE,MANQUANTE,MANQUANTE,MANQUANTE,MANQUANTE,MANQUANTE,MANQUANTE,MANQUANTE,MANQUANTE,MANQUANTE,MANQUANTE,MANQUANTE,A_COMPLETER_PREUVES_SSI,A_VERIFIER,MANQUANTE,B1: référence de preuve absente | B2: référence de preuve absente | B3: référence de preuve absente | B4: référence de preuve absente | B5: référence de preuve absente | B6: référence de preuve absente | B7: référence de preuve absente | exclusions non vérifiées | preuve du contrôle des exclusions absente
77Q.F,Knights Group Holdings Ltd.   R,Allemagne,165916912.0,6034000.0,122625000.0,35696000.0,24624376.0,0.266,0.39069998,0.36443,85967308.0,Yahoo Finance / yfinance get_info,2026-10-08,0.0,-10.64815412700888,8.426965088152594,False,MANQUANTE,MANQUANTE,MANQUANTE,MANQUANTE,MANQUANTE,MANQUANTE,MANQUANTE,MANQUANTE,MANQUANTE,MANQUANTE,MANQUANTE,MANQUANTE,MANQUANTE,MANQUANTE,MANQUANTE,A_COMPLETER_PREUVES_SSI,A_VERIFIER,MANQUANTE,B1: référence de preuve absente | B2: référence de preuve absente | B3: référence de preuve absente | B4: référence de preuve absente | B5: référence de preuve absente | B6: référence de preuve absente | B7: référence de preuve absente | exclusions non vérifiées | preuve du contrôle des exclusions absente
5NQ.F,Agilyx ASA                    N,Allemagne,166126688.0,54469000.0,156023008.0,-9411508.0,117036584.0,237.933,0.115109995,0.35924998,125853550.0,Yahoo Finance / yfinance get_info,2026-10-08,0.0,-17.24137750629119,-10.508472466735965,False,MANQUANTE,MANQUANTE,MANQUANTE,MANQUANTE,MANQUANTE,MANQUANTE,MANQUANTE,MANQUANTE,MANQUANTE,MANQUANTE,MANQUANTE,MANQUANTE,MANQUANTE,MANQUANTE,MANQUANTE,A_COMPLETER_PREUVES_SSI,A_VERIFIER,MANQUANTE,B1: référence de preuve absente | B2: référence de preuve absente | B3: référence de preuve absente | B4: référence de preuve absente | B5: référence de preuve absente | B6: référence de preuve absente | B7: référence de preuve absente | exclusions non vérifiées | preuve du contrôle des exclusions absente
GF7.F,GEFRAN S.P.A.                 A,Allemagne,166158656.0,43316000.0,17866000.0,18937000.0,3169375.0,0.048,0.53868,0.53,14201595.0,Yahoo Finance / yfinance get_info,2026-10-08,0.0,8.333329654034326,15.270938413683457,True,MANQUANTE,MANQUANTE,MANQUANTE,MANQUANTE,MANQUANTE,MANQUANTE,MANQUANTE,MANQUANTE,MANQUANTE,MANQUANTE,MANQUANTE,MANQUANTE,MANQUANTE,MANQUANTE,MANQUANTE,A_COMPLETER_PREUVES_SSI,A_VERIFIER,MANQUANTE,B1: référence de preuve absente | B2: référence de preuve absente | B3: référence de preuve absente | B4: référence de preuve absente | B5: référence de preuve absente | B6: référence de preuve absente | B7: référence de preuve absente | exclusions non vérifiées | preuve du contrôle des exclusions absente
NFU.MU,Nisshin Group Holdings Co.Ltd.R,Allemagne,166268448.0,47597760512.0,57755201536.0,7158486016.0,,-0.053,0.0,0.47294998,46704621.0,Yahoo Finance / yfinance get_info,2026-10-08,0.0,0.0,-8.717952417277008,False,MANQUANTE,MANQUANTE,MANQUANTE,MANQUANTE,MANQUANTE,MANQUANTE,MANQUANTE,MANQUANTE,MANQUANTE,MANQUANTE,MANQUANTE,MANQUANTE,MANQUANTE,MANQUANTE,MANQUANTE,A_COMPLETER_PREUVES_SSI,A_VERIFIER,MANQUANTE,B1: référence de preuve absente | B2: référence de preuve absente | B3: référence de preuve absente | B4: référence de preuve absente | B5: référence de preuve absente | B6: référence de preuve absente | B7: référence de preuve absente | exclusions non vérifiées | preuve du contrôle des exclusions absente
DKG.DE,DT.KONSUM REAL EST.AG         I,Allemagne,166538016.0,21518000.0,318988000.0,19024900.0,12492725.0,0.862,0.19275999,0.16549,109926080.0,Yahoo Finance / yfinance get_info,2026-10-08,3625.999879837036,24.69135342178237,-9.28143565107369,False,MANQUANTE,MANQUANTE,MANQUANTE,MANQUANTE,MANQUANTE,MANQUANTE,MANQUANTE,MANQUANTE,MANQUANTE,MANQUANTE,MANQUANTE,MANQUANTE,MANQUANTE,MANQUANTE,MANQUANTE,A_COMPLETER_PREUVES_SSI,A_VERIFIER,MANQUANTE,B1: référence de preuve absente | B2: référence de preuve absente | B3: référence de preuve absente | B4: référence de preuve absente | B5: référence de preuve absente | B6: référence de preuve absente | B7: référence de preuve absente | exclusions non vérifiées | preuve du contrôle des exclusions absente
CHO1.F,Comstock Holding Companies IncR,Allemagne,166567632.0,25334000.0,4858000.0,16889000.0,2640500.0,0.741,0.28855,0.62905,10061702.0,Yahoo Finance / yfinance get_info,2026-10-08,0.0,22.727280280478503,2.531649160606664,True,MANQUANTE,MANQUANTE,MANQUANTE,MANQUANTE,MANQUANTE,MANQUANTE,MANQUANTE,MANQUANTE,MANQUANTE,MANQUANTE,MANQUANTE,MANQUANTE,MANQUANTE,MANQUANTE,MANQUANTE,A_COMPLETER_PREUVES_SSI,A_VERIFIER,MANQUANTE,B1: référence de preuve absente | B2: référence de preuve absente | B3: référence de preuve absente | B4: référence de preuve absente | B5: référence de preuve absente | B6: référence de preuve absente | B7: référence de preuve absente | exclusions non vérifiées | preuve du contrôle des exclusions absente
4Q01.F,RideNow Group Inc.            R,Allemagne,166967472.0,46700000.0,627699968.0,47700000.0,-24812500.0,-0.01,0.27696,0.41579,38961088.0,Yahoo Finance / yfinance get_info,2026-10-08,0.0,-16.078425689368636,-22.882881752808657,False,MANQUANTE,MANQUANTE,MANQUANTE,MANQUANTE,MANQUANTE,MANQUANTE,MANQUANTE,MANQUANTE,MANQUANTE,MANQUANTE,MANQUANTE,MANQUANTE,MANQUANTE,MANQUANTE,MANQUANTE,A_COMPLETER_PREUVES_SSI,A_VERIFIER,MANQUANTE,B1: référence de preuve absente | B2: référence de preuve absente | B3: référence de preuve absente | B4: référence de preuve absente | B5: référence de preuve absente | B6: référence de preuve absente | B7: référence de preuve absente | exclusions non vérifiées | preuve du contrôle des exclusions absente
OVER.F,Neighborhood Intelligence Inc.R,Allemagne,167126496.0,99485000.0,153088000.0,-77362000.0,-42373624.0,0.28,0.24493,0.08126,109951651.0,Yahoo Finance / yfinance get_info,2026-10-08,0.0,-63.63636259931018,-61.51898828918133,False,MANQUANTE,MANQUANTE,MANQUANTE,MANQUANTE,MANQUANTE,MANQUANTE,MANQUANTE,MANQUANTE,MANQUANTE,MANQUANTE,MANQUANTE,MANQUANTE,MANQUANTE,MANQUANTE,MANQUANTE,A_COMPLETER_PREUVES_SSI,A_VERIFIER,MANQUANTE,B1: référence de preuve absente | B2: référence de preuve absente | B3: référence de preuve absente | B4: référence de preuve absente | B5: référence de preuve absente | B6: référence de preuve absente | B7: référence de preuve absente | exclusions non vérifiées | preuve du contrôle des exclusions absente
6G6.F,Superior Group of Cies Inc.   R,Allemagne,167284320.0,22787000.0,93267000.0,28732000.0,29304500.0,0.026,0.37568,0.32926,15634049.0,Yahoo Finance / yfinance get_info,2026-10-08,0.0,5.940588169642225,20.90394743562913,True,MANQUANTE,MANQUANTE,MANQUANTE,MANQUANTE,MANQUANTE,MANQUANTE,MANQUANTE,MANQUANTE,MANQUANTE,MANQUANTE,MANQUANTE,MANQUANTE,MANQUANTE,MANQUANTE,MANQUANTE,A_COMPLETER_PREUVES_SSI,A_VERIFIER,MANQUANTE,B1: référence de preuve absente | B2: référence de preuve absente | B3: référence de preuve absente | B4: référence de preuve absente | B5: référence de preuve absente | B6: référence de preuve absente | B7: référence de preuve absente | exclusions non vérifiées | preuve du contrôle des exclusions absente
E35.F,Guanajuato Silver Company Ltd.R,Allemagne,167739648.0,19907000.0,7600000.0,18199000.0,20994352.0,1.3,0.19945998,0.036760002,762452929.0,Yahoo Finance / yfinance get_info,2026-10-08,0.0,-21.56862640934176,-43.15245428289028,False,MANQUANTE,MANQUANTE,MANQUANTE,MANQUANTE,MANQUANTE,MANQUANTE,MANQUANTE,MANQUANTE,MANQUANTE,MANQUANTE,MANQUANTE,MANQUANTE,MANQUANTE,MANQUANTE,MANQUANTE,A_COMPLETER_PREUVES_SSI,A_VERIFIER,MANQUANTE,B1: référence de preuve absente | B2: référence de preuve absente | B3: référence de preuve absente | B4: référence de preuve absente | B5: référence de preuve absente | B6: référence de preuve absente | B7: référence de preuve absente | exclusions non vérifiées | preuve du contrôle des exclusions absente
8OX1.SG,Oxley Holdings Ltd.,Allemagne,168021568.0,64070000.0,1270755968.0,1472000.0,53272624.0,-0.665,0.30903,0.83715,4200539314.0,Yahoo Finance / yfinance get_info,2026-10-08,0.0,0.0,-21.56862773743101,False,MANQUANTE,MANQUANTE,MANQUANTE,MANQUANTE,MANQUANTE,MANQUANTE,MANQUANTE,MANQUANTE,MANQUANTE,MANQUANTE,MANQUANTE,MANQUANTE,MANQUANTE,MANQUANTE,MANQUANTE,A_COMPLETER_PREUVES_SSI,A_VERIFIER,MANQUANTE,B1: référence de preuve absente | B2: référence de preuve absente | B3: référence de preuve absente | B4: référence de preuve absente | B5: référence de preuve absente | B6: référence de preuve absente | B7: référence de preuve absente | exclusions non vérifiées | preuve du contrôle des exclusions absente
1KX0.F,Meeka Metals Ltd.             R,Allemagne,168156176.0,37930000.0,19462000.0,114716000.0,-10330125.0,,0.45626998,0.14934,3431758909.0,Yahoo Finance / yfinance get_info,2026-10-08,0.0,-15.51724115783053,-43.35260033456123,False,MANQUANTE,MANQUANTE,MANQUANTE,MANQUANTE,MANQUANTE,MANQUANTE,MANQUANTE,MANQUANTE,MANQUANTE,MANQUANTE,MANQUANTE,MANQUANTE,MANQUANTE,MANQUANTE,MANQUANTE,A_COMPLETER_PREUVES_SSI,A_VERIFIER,MANQUANTE,B1: référence de preuve absente | B2: référence de preuve absente | B3: référence de preuve absente | B4: référence de preuve absente | B5: référence de preuve absente | B6: référence de preuve absente | B7: référence de preuve absente | exclusions non vérifiées | preuve du contrôle des exclusions absente
M8M.F,CB Financial Services Inc.    R,Allemagne,168200416.0,76173000.0,103021000.0,,,0.15,0.0,0.102419995,5081584.0,Yahoo Finance / yfinance get_info,2026-10-08,0.0,4.25196369801919,7.642271460556405,,MANQUANTE,MANQUANTE,MANQUANTE,MANQUANTE,MANQUANTE,MANQUANTE,MANQUANTE,MANQUANTE,MANQUANTE,MANQUANTE,MANQUANTE,MANQUANTE,MANQUANTE,MANQUANTE,MANQUANTE,A_COMPLETER_PREUVES_SSI,A_VERIFIER,MANQUANTE,B1: référence de preuve absente | B2: référence de preuve absente | B3: référence de preuve absente | B4: référence de preuve absente | B5: référence de preuve absente | B6: référence de preuve absente | B7: référence de preuve absente | exclusions non vérifiées | preuve du contrôle des exclusions absente
5RO.F,Roche Bobois S.A.             A,Allemagne,168620816.0,48063000.0,200359008.0,28182000.0,43574624.0,-0.089,0.62216,0.88544,10036954.0,Yahoo Finance / yfinance get_info,2026-10-08,0.0,-21.860468664834663,-35.384618318997894,False,MANQUANTE,MANQUANTE,MANQUANTE,MANQUANTE,MANQUANTE,MANQUANTE,MANQUANTE,MANQUANTE,MANQUANTE,MANQUANTE,MANQUANTE,MANQUANTE,MANQUANTE,MANQUANTE,MANQUANTE,A_COMPLETER_PREUVES_SSI,A_VERIFIER,MANQUANTE,B1: référence de preuve absente | B2: référence de preuve absente | B3: référence de preuve absente | B4: référence de preuve absente | B5: référence de preuve absente | B6: référence de preuve absente | B7: référence de preuve absente | exclusions non vérifiées | preuve du contrôle des exclusions absente
TNR.F,Tribune Resources Ltd.        R,Allemagne,168689856.0,8086323.0,3932960.0,99679312.0,-29618708.0,0.577,0.69265,0.69231004,52468077.0,Yahoo Finance / yfinance get_info,2026-10-08,0.0,0.0,-5.454547556307066,False,MANQUANTE,MANQUANTE,MANQUANTE,MANQUANTE,MANQUANTE,MANQUANTE,MANQUANTE,MANQUANTE,MANQUANTE,MANQUANTE,MANQUANTE,MANQUANTE,MANQUANTE,MANQUANTE,MANQUANTE,A_COMPLETER_PREUVES_SSI,A_VERIFIER,MANQUANTE,B1: référence de preuve absente | B2: référence de preuve absente | B3: référence de preuve absente | B4: référence de preuve absente | B5: référence de preuve absente | B6: référence de preuve absente | B7: référence de preuve absente | exclusions non vérifiées | preuve du contrôle des exclusions absente
7E1.F,Delta Plus Group S.A.         A,Allemagne,169191632.0,42017000.0,241612000.0,52158000.0,15476875.0,0.046,0.56925,0.66723,7169137.0,Yahoo Finance / yfinance get_info,2026-10-08,0.0,-31.988473018492925,-46.11871965170943,False,MANQUANTE,MANQUANTE,MANQUANTE,MANQUANTE,MANQUANTE,MANQUANTE,MANQUANTE,MANQUANTE,MANQUANTE,MANQUANTE,MANQUANTE,MANQUANTE,MANQUANTE,MANQUANTE,MANQUANTE,A_COMPLETER_PREUVES_SSI,A_VERIFIER,MANQUANTE,B1: référence de preuve absente | B2: référence de preuve absente | B3: référence de preuve absente | B4: référence de preuve absente | B5: référence de preuve absente | B6: référence de preuve absente | B7: référence de preuve absente | exclusions non vérifiées | preuve du contrôle des exclusions absente
978.F,Adagene Inc.                  R,Allemagne,169201232.0,127909840.0,6091037.0,-21952354.0,-12158853.0,,1.0,0.113929994,67143344.0,Yahoo Finance / yfinance get_info,2026-10-08,0.0,-18.18181677438852,-21.25000176951286,False,MANQUANTE,MANQUANTE,MANQUANTE,MANQUANTE,MANQUANTE,MANQUANTE,MANQUANTE,MANQUANTE,MANQUANTE,MANQUANTE,MANQUANTE,MANQUANTE,MANQUANTE,MANQUANTE,MANQUANTE,A_COMPLETER_PREUVES_SSI,A_VERIFIER,MANQUANTE,B1: référence de preuve absente | B2: référence de preuve absente | B3: référence de preuve absente | B4: référence de preuve absente | B5: référence de preuve absente | B6: référence de preuve absente | B7: référence de preuve absente | exclusions non vérifiées | preuve du contrôle des exclusions absente
73Q.F,Kaltura Inc.                  R,Allemagne,169331856.0,31298000.0,43512000.0,6606000.0,42251124.0,0.055,0.72051,0.34845,152551223.0,Yahoo Finance / yfinance get_info,2026-10-08,0.0,1.834860579271824,20.6521732792512,False,MANQUANTE,MANQUANTE,MANQUANTE,MANQUANTE,MANQUANTE,MANQUANTE,MANQUANTE,MANQUANTE,MANQUANTE,MANQUANTE,MANQUANTE,MANQUANTE,MANQUANTE,MANQUANTE,MANQUANTE,A_COMPLETER_PREUVES_SSI,A_VERIFIER,MANQUANTE,B1: référence de preuve absente | B2: référence de preuve absente | B3: référence de preuve absente | B4: référence de preuve absente | B5: référence de preuve absente | B6: référence de preuve absente | B7: référence de preuve absente | exclusions non vérifiées | preuve du contrôle des exclusions absente
9W0.F,Stack Capital Group Inc.      R,Allemagne,169363600.0,340777408.0,0.0,,65991712.0,0.932,1.0,0.02497,15681815.0,Yahoo Finance / yfinance get_info,2026-10-08,0.0,-13.599998474121088,-33.33333529562608,False,MANQUANTE,MANQUANTE,MANQUANTE,MANQUANTE,MANQUANTE,MANQUANTE,MANQUANTE,MANQUANTE,MANQUANTE,MANQUANTE,MANQUANTE,MANQUANTE,MANQUANTE,MANQUANTE,MANQUANTE,A_COMPLETER_PREUVES_SSI,A_VERIFIER,MANQUANTE,B1: référence de preuve absente | B2: référence de preuve absente | B3: référence de preuve absente | B4: référence de preuve absente | B5: référence de preuve absente | B6: référence de preuve absente | B7: référence de preuve absente | exclusions non vérifiées | preuve du contrôle des exclusions absente
XYUA.F,Hengdeli Holdings Ltd.        R,Allemagne,169554736.0,1289325056.0,89306000.0,-68370000.0,40883500.0,-0.194,0.256,0.80689,4404018959.0,Yahoo Finance / yfinance get_info,2026-10-08,0.0,39.99999999999999,156.66667101283878,True,MANQUANTE,MANQUANTE,MANQUANTE,MANQUANTE,MANQUANTE,MANQUANTE,MANQUANTE,MANQUANTE,MANQUANTE,MANQUANTE,MANQUANTE,MANQUANTE,MANQUANTE,MANQUANTE,MANQUANTE,A_COMPLETER_PREUVES_SSI,A_VERIFIER,MANQUANTE,B1: référence de preuve absente | B2: référence de preuve absente | B3: référence de preuve absente | B4: référence de preuve absente | B5: référence de preuve absente | B6: référence de preuve absente | B7: référence de preuve absente | exclusions non vérifiées | preuve du contrôle des exclusions absente
HIN0.F,Kantra Copper Ltd.            R,Allemagne,169885328.0,32535000.0,4099000.0,46151000.0,-8389500.0,0.444,0.35761002,0.26955,235951827.0,Yahoo Finance / yfinance get_info,2026-10-08,0.0,43.283877391396565,146.15469261321712,True,MANQUANTE,MANQUANTE,MANQUANTE,MANQUANTE,MANQUANTE,MANQUANTE,MANQUANTE,MANQUANTE,MANQUANTE,MANQUANTE,MANQUANTE,MANQUANTE,MANQUANTE,MANQUANTE,MANQUANTE,A_COMPLETER_PREUVES_SSI,A_VERIFIER,MANQUANTE,B1: référence de preuve absente | B2: référence de preuve absente | B3: référence de preuve absente | B4: référence de preuve absente | B5: référence de preuve absente | B6: référence de preuve absente | B7: référence de preuve absente | exclusions non vérifiées | preuve du contrôle des exclusions absente
M2Z.F,Seeing Machines Ltd.          R,Allemagne,170385808.0,3635000.0,58050000.0,-19417000.0,-22657624.0,-0.095,0.64264,0.24441999,4799600000.0,Yahoo Finance / yfinance get_info,2026-10-08,0.0,-1.3888814153123483,51.063839905723206,False,MANQUANTE,MANQUANTE,MANQUANTE,MANQUANTE,MANQUANTE,MANQUANTE,MANQUANTE,MANQUANTE,MANQUANTE,MANQUANTE,MANQUANTE,MANQUANTE,MANQUANTE,MANQUANTE,MANQUANTE,A_COMPLETER_PREUVES_SSI,A_VERIFIER,MANQUANTE,B1: référence de preuve absente | B2: référence de preuve absente | B3: référence de preuve absente | B4: référence de preuve absente | B5: référence de preuve absente | B6: référence de preuve absente | B7: référence de preuve absente | exclusions non vérifiées | preuve du contrôle des exclusions absente
MW4.F,Akwel S.A.                    A,Allemagne,170413744.0,102297000.0,14749000.0,69678000.0,7267500.0,-0.186,0.57257,0.71009004,26544196.0,Yahoo Finance / yfinance get_info,2026-10-08,0.0,-0.6191944522728088,-8.806816603957612,False,MANQUANTE,MANQUANTE,MANQUANTE,MANQUANTE,MANQUANTE,MANQUANTE,MANQUANTE,MANQUANTE,MANQUANTE,MANQUANTE,MANQUANTE,MANQUANTE,MANQUANTE,MANQUANTE,MANQUANTE,A_COMPLETER_PREUVES_SSI,A_VERIFIER,MANQUANTE,B1: référence de preuve absente | B2: référence de preuve absente | B3: référence de preuve absente | B4: référence de preuve absente | B5: référence de preuve absente | B6: référence de preuve absente | B7: référence de preuve absente | exclusions non vérifiées | preuve du contrôle des exclusions absente
22L.F,Nordic Aqua Partners AS       N,Allemagne,170557088.0,5423000.0,77930000.0,-995000.0,-52806376.0,0.853,1.09075,0.81207,21213567.0,Yahoo Finance / yfinance get_info,2026-10-08,0.0,15.517240198084735,11.357343427839783,True,MANQUANTE,MANQUANTE,MANQUANTE,MANQUANTE,MANQUANTE,MANQUANTE,MANQUANTE,MANQUANTE,MANQUANTE,MANQUANTE,MANQUANTE,MANQUANTE,MANQUANTE,MANQUANTE,MANQUANTE,A_COMPLETER_PREUVES_SSI,A_VERIFIER,MANQUANTE,B1: référence de preuve absente | B2: référence de preuve absente | B3: référence de preuve absente | B4: référence de preuve absente | B5: référence de preuve absente | B6: référence de preuve absente | B7: référence de preuve absente | exclusions non vérifiées | preuve du contrôle des exclusions absente
8NN.F,Thor Medical ASA              N,Allemagne,170690736.0,59900000.0,242200000.0,-60131000.0,-206623872.0,8.0,1.0,0.35917,422501820.0,Yahoo Finance / yfinance get_info,2026-10-08,0.0,9.189191583824275,-14.497350873119752,False,MANQUANTE,MANQUANTE,MANQUANTE,MANQUANTE,MANQUANTE,MANQUANTE,MANQUANTE,MANQUANTE,MANQUANTE,MANQUANTE,MANQUANTE,MANQUANTE,MANQUANTE,MANQUANTE,MANQUANTE,A_COMPLETER_PREUVES_SSI,A_VERIFIER,MANQUANTE,B1: référence de preuve absente | B2: référence de preuve absente | B3: référence de preuve absente | B4: référence de preuve absente | B5: référence de preuve absente | B6: référence de preuve absente | B7: référence de preuve absente | exclusions non vérifiées | preuve du contrôle des exclusions absente
1S70.F,Cartesian Therapeutics Inc.   R,Allemagne,170942736.0,147606000.0,63853000.0,-96051000.0,-47480376.0,,0.0,0.52133,30255352.0,Yahoo Finance / yfinance get_info,2026-10-08,0.0,-25.165563541297065,15.306122151080492,False,MANQUANTE,MANQUANTE,MANQUANTE,MANQUANTE,MANQUANTE,MANQUANTE,MANQUANTE,MANQUANTE,MANQUANTE,MANQUANTE,MANQUANTE,MANQUANTE,MANQUANTE,MANQUANTE,MANQUANTE,A_COMPLETER_PREUVES_SSI,A_VERIFIER,MANQUANTE,B1: référence de preuve absente | B2: référence de preuve absente | B3: référence de preuve absente | B4: référence de preuve absente | B5: référence de preuve absente | B6: référence de preuve absente | B7: référence de preuve absente | exclusions non vérifiées | preuve du contrôle des exclusions absente
B7H.F,Horizon Construction Developm.R,Allemagne,171052544.0,2207748096.0,20548816896.0,3503546112.0,1115754624.0,-0.075,0.29295,0.4893,3197244000.0,Yahoo Finance / yfinance get_info,2026-10-08,0.0,-6.956522753198103,-30.065357662936897,False,MANQUANTE,MANQUANTE,MANQUANTE,MANQUANTE,MANQUANTE,MANQUANTE,MANQUANTE,MANQUANTE,MANQUANTE,MANQUANTE,MANQUANTE,MANQUANTE,MANQUANTE,MANQUANTE,MANQUANTE,A_COMPLETER_PREUVES_SSI,A_VERIFIER,MANQUANTE,B1: référence de preuve absente | B2: référence de preuve absente | B3: référence de preuve absente | B4: référence de preuve absente | B5: référence de preuve absente | B6: référence de preuve absente | B7: référence de preuve absente | exclusions non vérifiées | preuve du contrôle des exclusions absente
GQ6.F,Lanson-BCC                    A,Allemagne,171060736.0,5445000.0,563046016.0,45798000.0,19716000.0,-0.157,0.49243,0.91458,6630261.0,Yahoo Finance / yfinance get_info,2026-10-08,0.0,1.5748016714081323,-4.089220806947457,False,MANQUANTE,MANQUANTE,MANQUANTE,MANQUANTE,MANQUANTE,MANQUANTE,MANQUANTE,MANQUANTE,MANQUANTE,MANQUANTE,MANQUANTE,MANQUANTE,MANQUANTE,MANQUANTE,MANQUANTE,A_COMPLETER_PREUVES_SSI,A_VERIFIER,MANQUANTE,B1: référence de preuve absente | B2: référence de preuve absente | B3: référence de preuve absente | B4: référence de preuve absente | B5: référence de preuve absente | B6: référence de preuve absente | B7: référence de preuve absente | exclusions non vérifiées | preuve du contrôle des exclusions absente
GGN.F,CERAGON NETWORKS LTD.         R,Allemagne,171424800.0,34771000.0,28780000.0,23813000.0,28338624.0,0.142,0.33691,0.14115,91280512.0,Yahoo Finance / yfinance get_info,2026-10-08,0.0,-7.39645398233657,-8.568641106893715,False,MANQUANTE,MANQUANTE,MANQUANTE,MANQUANTE,MANQUANTE,MANQUANTE,MANQUANTE,MANQUANTE,MANQUANTE,MANQUANTE,MANQUANTE,MANQUANTE,MANQUANTE,MANQUANTE,MANQUANTE,A_COMPLETER_PREUVES_SSI,A_VERIFIER,MANQUANTE,B1: référence de preuve absente | B2: référence de preuve absente | B3: référence de preuve absente | B4: référence de preuve absente | B5: référence de preuve absente | B6: référence de preuve absente | B7: référence de preuve absente | exclusions non vérifiées | preuve du contrôle des exclusions absente
24S.SG,Strategic Minerals PLC,Allemagne,171487840.0,10026000.0,1308000.0,-520000.0,876875.0,-0.203,0.82531,0.098120004,2811275969.0,Yahoo Finance / yfinance get_info,2026-10-08,0.0,21.999999552965164,5.172418001219836,True,MANQUANTE,MANQUANTE,MANQUANTE,MANQUANTE,MANQUANTE,MANQUANTE,MANQUANTE,MANQUANTE,MANQUANTE,MANQUANTE,MANQUANTE,MANQUANTE,MANQUANTE,MANQUANTE,MANQUANTE,A_COMPLETER_PREUVES_SSI,A_VERIFIER,MANQUANTE,B1: référence de preuve absente | B2: référence de preuve absente | B3: référence de preuve absente | B4: référence de preuve absente | B5: référence de preuve absente | B6: référence de preuve absente | B7: référence de preuve absente | exclusions non vérifiées | preuve du contrôle des exclusions absente
Y4E.F,Ramada Investiment.e Indust.SAA,Allemagne,171797776.0,1481735.0,55152.0,7291247.0,5290262.0,-0.202,0.83997,0.77369004,25641459.0,Yahoo Finance / yfinance get_info,2026-10-08,0.0,-0.8875801417927431,-8.719350545205462,False,MANQUANTE,MANQUANTE,MANQUANTE,MANQUANTE,MANQUANTE,MANQUANTE,MANQUANTE,MANQUANTE,MANQUANTE,MANQUANTE,MANQUANTE,MANQUANTE,MANQUANTE,MANQUANTE,MANQUANTE,A_COMPLETER_PREUVES_SSI,A_VERIFIER,MANQUANTE,B1: référence de preuve absente | B2: référence de preuve absente | B3: référence de preuve absente | B4: référence de preuve absente | B5: référence de preuve absente | B6: référence de preuve absente | B7: référence de preuve absente | exclusions non vérifiées | preuve du contrôle des exclusions absente
L5D.F,L.K. Technology Holdings Ltd. R,Allemagne,171913344.0,1335421056.0,2991400960.0,390312992.0,-1073438656.0,-0.273,0.24509001,0.62437,1364391500.0,Yahoo Finance / yfinance get_info,2026-10-08,0.0,-17.647055959023174,-58.27814311391653,False,MANQUANTE,MANQUANTE,MANQUANTE,MANQUANTE,MANQUANTE,MANQUANTE,MANQUANTE,MANQUANTE,MANQUANTE,MANQUANTE,MANQUANTE,MANQUANTE,MANQUANTE,MANQUANTE,MANQUANTE,A_COMPLETER_PREUVES_SSI,A_VERIFIER,MANQUANTE,B1: référence de preuve absente | B2: référence de preuve absente | B3: référence de preuve absente | B4: référence de preuve absente | B5: référence de preuve absente | B6: référence de preuve absente | B7: référence de preuve absente | exclusions non vérifiées | preuve du contrôle des exclusions absente
CK7.F,China Everbright Greent. Ltd. R,Allemagne,171978640.0,2228758016.0,18457171968.0,2322548992.0,2635669248.0,0.027,0.21774,0.80566,2066078000.0,Yahoo Finance / yfinance get_info,2026-10-08,0.0,-0.641026926875321,-11.931817027286062,False,MANQUANTE,MANQUANTE,MANQUANTE,MANQUANTE,MANQUANTE,MANQUANTE,MANQUANTE,MANQUANTE,MANQUANTE,MANQUANTE,MANQUANTE,MANQUANTE,MANQUANTE,MANQUANTE,MANQUANTE,A_COMPLETER_PREUVES_SSI,A_VERIFIER,MANQUANTE,B1: référence de preuve absente | B2: référence de preuve absente | B3: référence de preuve absente | B4: référence de preuve absente | B5: référence de preuve absente | B6: référence de preuve absente | B7: référence de preuve absente | exclusions non vérifiées | preuve du contrôle des exclusions absente
9UZ.F,A.B.P. NOCIVELLI S.p.A.       A,Allemagne,172042496.0,70789792.0,0.0,17286844.0,,0.026,0.31533,0.8867,30450000.0,Yahoo Finance / yfinance get_info,2026-10-08,0.0,0.0,-8.870963400285891,False,MANQUANTE,MANQUANTE,MANQUANTE,MANQUANTE,MANQUANTE,MANQUANTE,MANQUANTE,MANQUANTE,MANQUANTE,MANQUANTE,MANQUANTE,MANQUANTE,MANQUANTE,MANQUANTE,MANQUANTE,A_COMPLETER_PREUVES_SSI,A_VERIFIER,MANQUANTE,B1: référence de preuve absente | B2: référence de preuve absente | B3: référence de preuve absente | B4: référence de preuve absente | B5: référence de preuve absente | B6: référence de preuve absente | B7: référence de preuve absente | exclusions non vérifiées | preuve du contrôle des exclusions absente
MIS.F,Monash IVF Group Ltd.         R,Allemagne,172218608.0,8842000.0,199618000.0,28466000.0,6839000.0,0.001,0.28489,0.13969,389634840.0,Yahoo Finance / yfinance get_info,2026-10-08,0.0,7.804879396178777,-7.142858931711982,True,MANQUANTE,MANQUANTE,MANQUANTE,MANQUANTE,MANQUANTE,MANQUANTE,MANQUANTE,MANQUANTE,MANQUANTE,MANQUANTE,MANQUANTE,MANQUANTE,MANQUANTE,MANQUANTE,MANQUANTE,A_COMPLETER_PREUVES_SSI,A_VERIFIER,MANQUANTE,B1: référence de preuve absente | B2: référence de preuve absente | B3: référence de preuve absente | B4: référence de preuve absente | B5: référence de preuve absente | B6: référence de preuve absente | B7: référence de preuve absente | exclusions non vérifiées | preuve du contrôle des exclusions absente
2YU.F,China Yuhua Education Corp.LtdR,Allemagne,172342016.0,1753773952.0,105821000.0,1414780032.0,673703744.0,-0.012,0.39758,0.45543,4308550807.0,Yahoo Finance / yfinance get_info,2026-10-08,0.0,3.896102136816859,-20.00000298023219,False,MANQUANTE,MANQUANTE,MANQUANTE,MANQUANTE,MANQUANTE,MANQUANTE,MANQUANTE,MANQUANTE,MANQUANTE,MANQUANTE,MANQUANTE,MANQUANTE,MANQUANTE,MANQUANTE,MANQUANTE,A_COMPLETER_PREUVES_SSI,A_VERIFIER,MANQUANTE,B1: référence de preuve absente | B2: référence de preuve absente | B3: référence de preuve absente | B4: référence de preuve absente | B5: référence de preuve absente | B6: référence de preuve absente | B7: référence de preuve absente | exclusions non vérifiées | preuve du contrôle des exclusions absente
YF0.F,Energy Svcs of America Corp.  R,Allemagne,172410816.0,14679930.0,48710780.0,33063156.0,1154483.0,0.255,0.11767,0.21897,18659181.0,Yahoo Finance / yfinance get_info,2026-10-08,0.0,-34.37500126998534,-21.69491845963497,,MANQUANTE,MANQUANTE,MANQUANTE,MANQUANTE,MANQUANTE,MANQUANTE,MANQUANTE,MANQUANTE,MANQUANTE,MANQUANTE,MANQUANTE,MANQUANTE,MANQUANTE,MANQUANTE,MANQUANTE,A_COMPLETER_PREUVES_SSI,A_VERIFIER,MANQUANTE,B1: référence de preuve absente | B2: référence de preuve absente | B3: référence de preuve absente | B4: référence de preuve absente | B5: référence de preuve absente | B6: référence de preuve absente | B7: référence de preuve absente | exclusions non vérifiées | preuve du contrôle des exclusions absente
61Z1.F,Züblin Immobilien Holding AG,Allemagne,172413648.0,13563000.0,72457000.0,6764000.0,4863375.0,0.015,0.93558,0.78817004,3315647.0,Yahoo Finance / yfinance get_info,2026-10-08,0.0,-7.964601769911505,2.970297029702973,False,MANQUANTE,MANQUANTE,MANQUANTE,MANQUANTE,MANQUANTE,MANQUANTE,MANQUANTE,MANQUANTE,MANQUANTE,MANQUANTE,MANQUANTE,MANQUANTE,MANQUANTE,MANQUANTE,MANQUANTE,A_COMPLETER_PREUVES_SSI,A_VERIFIER,MANQUANTE,B1: référence de preuve absente | B2: référence de preuve absente | B3: référence de preuve absente | B4: référence de preuve absente | B5: référence de preuve absente | B6: référence de preuve absente | B7: référence de preuve absente | exclusions non vérifiées | preuve du contrôle des exclusions absente
DGN.F,Dongjiang Environm. Co. Ltd.  R,Allemagne,172419904.0,1019673344.0,5328721920.0,-44161820.0,610263360.0,-0.061,0.00058,0.2347,200137500.0,Yahoo Finance / yfinance get_info,2026-10-08,0.0,-1.886786971211429,-23.529408756974323,False,MANQUANTE,MANQUANTE,MANQUANTE,MANQUANTE,MANQUANTE,MANQUANTE,MANQUANTE,MANQUANTE,MANQUANTE,MANQUANTE,MANQUANTE,MANQUANTE,MANQUANTE,MANQUANTE,MANQUANTE,A_COMPLETER_PREUVES_SSI,A_VERIFIER,MANQUANTE,B1: référence de preuve absente | B2: référence de preuve absente | B3: référence de preuve absente | B4: référence de preuve absente | B5: référence de preuve absente | B6: référence de preuve absente | B7: référence de preuve absente | exclusions non vérifiées | preuve du contrôle des exclusions absente
0GV.F,Neostellar Capital Corp.      R,Allemagne,172605408.0,12940740.0,62454056.0,,-10032904.0,0.791,1.0,0.084680006,26473222.0,Yahoo Finance / yfinance get_info,2026-10-08,0.0,-33.19672307350464,-38.14041741438262,False,MANQUANTE,MANQUANTE,MANQUANTE,MANQUANTE,MANQUANTE,MANQUANTE,MANQUANTE,MANQUANTE,MANQUANTE,MANQUANTE,MANQUANTE,MANQUANTE,MANQUANTE,MANQUANTE,MANQUANTE,A_COMPLETER_PREUVES_SSI,A_VERIFIER,MANQUANTE,B1: référence de preuve absente | B2: référence de preuve absente | B3: référence de preuve absente | B4: référence de preuve absente | B5: référence de preuve absente | B6: référence de preuve absente | B7: référence de preuve absente | exclusions non vérifiées | preuve du contrôle des exclusions absente
DKC.F,Asia Tele-Net                 C,Allemagne,172702432.0,966856000.0,175924000.0,58944000.0,55429624.0,0.789,0.21271999,0.73193,378733400.0,Yahoo Finance / yfinance get_info,2026-10-08,0.0,-40.779219281313495,206.0402605362958,False,MANQUANTE,MANQUANTE,MANQUANTE,MANQUANTE,MANQUANTE,MANQUANTE,MANQUANTE,MANQUANTE,MANQUANTE,MANQUANTE,MANQUANTE,MANQUANTE,MANQUANTE,MANQUANTE,MANQUANTE,A_COMPLETER_PREUVES_SSI,A_VERIFIER,MANQUANTE,B1: référence de preuve absente | B2: référence de preuve absente | B3: référence de preuve absente | B4: référence de preuve absente | B5: référence de preuve absente | B6: référence de preuve absente | B7: référence de preuve absente | exclusions non vérifiées | preuve du contrôle des exclusions absente
E08A.F,Exagen Inc.                   R,Allemagne,172742864.0,24588000.0,27656000.0,-10772000.0,-1557000.0,0.159,0.58636004,0.24330999,24159839.0,Yahoo Finance / yfinance get_info,2026-10-08,0.0,87.17278063661631,188.30645324102176,True,MANQUANTE,MANQUANTE,MANQUANTE,MANQUANTE,MANQUANTE,MANQUANTE,MANQUANTE,MANQUANTE,MANQUANTE,MANQUANTE,MANQUANTE,MANQUANTE,MANQUANTE,MANQUANTE,MANQUANTE,A_COMPLETER_PREUVES_SSI,A_VERIFIER,MANQUANTE,B1: référence de preuve absente | B2: référence de preuve absente | B3: référence de preuve absente | B4: référence de preuve absente | B5: référence de preuve absente | B6: référence de preuve absente | B7: référence de preuve absente | exclusions non vérifiées | preuve du contrôle des exclusions absente
GET.F,Compagnie Chargeurs Invest SA A,Allemagne,172762048.0,200500000.0,434000000.0,11200000.0,-46925000.0,-0.141,0.30453,0.64083,24162523.0,Yahoo Finance / yfinance get_info,2026-10-08,0.0,-19.026045785439905,-11.837233069663732,False,MANQUANTE,MANQUANTE,MANQUANTE,MANQUANTE,MANQUANTE,MANQUANTE,MANQUANTE,MANQUANTE,MANQUANTE,MANQUANTE,MANQUANTE,MANQUANTE,MANQUANTE,MANQUANTE,MANQUANTE,A_COMPLETER_PREUVES_SSI,A_VERIFIER,MANQUANTE,B1: référence de preuve absente | B2: référence de preuve absente | B3: référence de preuve absente | B4: référence de preuve absente | B5: référence de preuve absente | B6: référence de preuve absente | B7: référence de preuve absente | exclusions non vérifiées | preuve du contrôle des exclusions absente
63E.SG,ONWARD Medical B.V.,Allemagne,172779024.0,81505000.0,13789000.0,-43463000.0,-29065376.0,2.538,0.75359,0.27052,69528780.0,Yahoo Finance / yfinance get_info,2026-10-08,0.0,-0.6000041961669922,-18.25658137241892,False,MANQUANTE,MANQUANTE,MANQUANTE,MANQUANTE,MANQUANTE,MANQUANTE,MANQUANTE,MANQUANTE,MANQUANTE,MANQUANTE,MANQUANTE,MANQUANTE,MANQUANTE,MANQUANTE,MANQUANTE,A_COMPLETER_PREUVES_SSI,A_VERIFIER,MANQUANTE,B1: référence de preuve absente | B2: référence de preuve absente | B3: référence de preuve absente | B4: référence de preuve absente | B5: référence de preuve absente | B6: référence de preuve absente | B7: référence de preuve absente | exclusions non vérifiées | preuve du contrôle des exclusions absente
D6X.F,WildBrain Ltd.                R,Allemagne,172806896.0,89163000.0,61548000.0,-9525000.0,834500.0,-0.29,0.39021,0.02513,212033011.0,Yahoo Finance / yfinance get_info,2026-10-08,0.0,-1.2121200736670112,-11.413045344427053,False,MANQUANTE,MANQUANTE,MANQUANTE,MANQUANTE,MANQUANTE,MANQUANTE,MANQUANTE,MANQUANTE,MANQUANTE,MANQUANTE,MANQUANTE,MANQUANTE,MANQUANTE,MANQUANTE,MANQUANTE,A_COMPLETER_PREUVES_SSI,A_VERIFIER,MANQUANTE,B1: référence de preuve absente | B2: référence de preuve absente | B3: référence de preuve absente | B4: référence de preuve absente | B5: référence de preuve absente | B6: référence de preuve absente | B7: référence de preuve absente | exclusions non vérifiées | preuve du contrôle des exclusions absente
SZ9.F,Perfect Corp.                 R,Allemagne,172939040.0,162020992.0,644000.0,3649000.0,5470000.0,-0.0,0.79726,0.53589,85059953.0,Yahoo Finance / yfinance get_info,2026-10-08,0.0,2.6602121637004483,25.036811792414326,True,MANQUANTE,MANQUANTE,MANQUANTE,MANQUANTE,MANQUANTE,MANQUANTE,MANQUANTE,MANQUANTE,MANQUANTE,MANQUANTE,MANQUANTE,MANQUANTE,MANQUANTE,MANQUANTE,MANQUANTE,A_COMPLETER_PREUVES_SSI,A_VERIFIER,MANQUANTE,B1: référence de preuve absente | B2: référence de preuve absente | B3: référence de preuve absente | B4: référence de preuve absente | B5: référence de preuve absente | B6: référence de preuve absente | B7: référence de preuve absente | exclusions non vérifiées | preuve du contrôle des exclusions absente
FGPN.F,Octave Specialty Group Inc.   R,Allemagne,172997712.0,109301000.0,155459008.0,7368000.0,341303360.0,0.51,0.62109,0.07908,45051486.0,Yahoo Finance / yfinance get_info,2026-10-08,0.0,-22.580647487173945,17.791408754686366,False,MANQUANTE,MANQUANTE,MANQUANTE,MANQUANTE,MANQUANTE,MANQUANTE,MANQUANTE,MANQUANTE,MANQUANTE,MANQUANTE,MANQUANTE,MANQUANTE,MANQUANTE,MANQUANTE,MANQUANTE,A_COMPLETER_PREUVES_SSI,A_VERIFIER,MANQUANTE,B1: référence de preuve absente | B2: référence de preuve absente | B3: référence de preuve absente | B4: référence de preuve absente | B5: référence de preuve absente | B6: référence de preuve absente | B7: référence de preuve absente | exclusions non vérifiées | preuve du contrôle des exclusions absente
XIC.F,Klaipedos Nafta AB            R,Allemagne,173080448.0,78047000.0,316464992.0,56343000.0,,0.1,0.48279,0.829,380396585.0,Yahoo Finance / yfinance get_info,2026-10-08,0.0,1.7897128116184602,12.06897197179584,True,MANQUANTE,MANQUANTE,MANQUANTE,MANQUANTE,MANQUANTE,MANQUANTE,MANQUANTE,MANQUANTE,MANQUANTE,MANQUANTE,MANQUANTE,MANQUANTE,MANQUANTE,MANQUANTE,MANQUANTE,A_COMPLETER_PREUVES_SSI,A_VERIFIER,MANQUANTE,B1: référence de preuve absente | B2: référence de preuve absente | B3: référence de preuve absente | B4: référence de preuve absente | B5: référence de preuve absente | B6: référence de preuve absente | B7: référence de preuve absente | exclusions non vérifiées | preuve du contrôle des exclusions absente
4JO.F,Northern Ocean Ltd.           R,Allemagne,173439216.0,19652000.0,132777000.0,-11274000.0,15169250.0,-0.306,-0.010670001,0.60987,303215392.0,Yahoo Finance / yfinance get_info,2026-10-08,0.0,-9.206344280593692,-22.493218759956825,False,MANQUANTE,MANQUANTE,MANQUANTE,MANQUANTE,MANQUANTE,MANQUANTE,MANQUANTE,MANQUANTE,MANQUANTE,MANQUANTE,MANQUANTE,MANQUANTE,MANQUANTE,MANQUANTE,MANQUANTE,A_COMPLETER_PREUVES_SSI,A_VERIFIER,MANQUANTE,B1: référence de preuve absente | B2: référence de preuve absente | B3: référence de preuve absente | B4: référence de preuve absente | B5: référence de preuve absente | B6: référence de preuve absente | B7: référence de preuve absente | exclusions non vérifiées | preuve du contrôle des exclusions absente
O6M.F,ORVANA MINERALS CORP.         R,Allemagne,173511424.0,32562000.0,100173000.0,59443000.0,1923750.0,0.693,0.46768,0.52036,136623171.0,Yahoo Finance / yfinance get_info,2026-10-08,0.0,6.722682341118058,6.722682341118058,True,MANQUANTE,MANQUANTE,MANQUANTE,MANQUANTE,MANQUANTE,MANQUANTE,MANQUANTE,MANQUANTE,MANQUANTE,MANQUANTE,MANQUANTE,MANQUANTE,MANQUANTE,MANQUANTE,MANQUANTE,A_COMPLETER_PREUVES_SSI,A_VERIFIER,MANQUANTE,B1: référence de preuve absente | B2: référence de preuve absente | B3: référence de preuve absente | B4: référence de preuve absente | B5: référence de preuve absente | B6: référence de preuve absente | B7: référence de preuve absente | exclusions non vérifiées | preuve du contrôle des exclusions absente
OEL.F,ADM Hamburg AG                I,Allemagne,173721600.0,1053.0,18251616.0,26567508.0,-5205256.0,-0.136,0.34744,0.0,748800.0,Yahoo Finance / yfinance get_info,2026-10-08,0.0,-4.132231404958676,1.7543859649122862,False,MANQUANTE,MANQUANTE,MANQUANTE,MANQUANTE,MANQUANTE,MANQUANTE,MANQUANTE,MANQUANTE,MANQUANTE,MANQUANTE,MANQUANTE,MANQUANTE,MANQUANTE,MANQUANTE,MANQUANTE,A_COMPLETER_PREUVES_SSI,A_VERIFIER,MANQUANTE,B1: référence de preuve absente | B2: référence de preuve absente | B3: référence de preuve absente | B4: référence de preuve absente | B5: référence de preuve absente | B6: référence de preuve absente | B7: référence de preuve absente | exclusions non vérifiées | preuve du contrôle des exclusions absente
SC5A.F,Deoleo S.A.                   A,Allemagne,174000000.0,31510000.0,136419008.0,66251000.0,8593375.0,-0.085,0.26284,0.0519,500000004.0,Yahoo Finance / yfinance get_info,2026-10-08,0.0,5.135948560651382,5.135948560651382,True,MANQUANTE,MANQUANTE,MANQUANTE,MANQUANTE,MANQUANTE,MANQUANTE,MANQUANTE,MANQUANTE,MANQUANTE,MANQUANTE,MANQUANTE,MANQUANTE,MANQUANTE,MANQUANTE,MANQUANTE,A_COMPLETER_PREUVES_SSI,A_VERIFIER,MANQUANTE,B1: référence de preuve absente | B2: référence de preuve absente | B3: référence de preuve absente | B4: référence de preuve absente | B5: référence de preuve absente | B6: référence de preuve absente | B7: référence de preuve absente | exclusions non vérifiées | preuve du contrôle des exclusions absente
0TX.F,VEF AB                        N,Allemagne,174069952.0,8224000.0,24634000.0,34343500.0,19293624.0,,1.0,0.02913,1016763735.0,Yahoo Finance / yfinance get_info,2026-10-08,0.0,5.159710152276498,-13.096441678291338,False,MANQUANTE,MANQUANTE,MANQUANTE,MANQUANTE,MANQUANTE,MANQUANTE,MANQUANTE,MANQUANTE,MANQUANTE,MANQUANTE,MANQUANTE,MANQUANTE,MANQUANTE,MANQUANTE,MANQUANTE,A_COMPLETER_PREUVES_SSI,A_VERIFIER,MANQUANTE,B1: référence de preuve absente | B2: référence de preuve absente | B3: référence de preuve absente | B4: référence de preuve absente | B5: référence de preuve absente | B6: référence de preuve absente | B7: référence de preuve absente | exclusions non vérifiées | preuve du contrôle des exclusions absente
07K.F,Krakatau Steel(Persero) TBK PTR,Allemagne,174117568.0,89389000.0,1178352000.0,-35278000.0,-446284512.0,0.594,0.07244,0.8,19346396899.0,Yahoo Finance / yfinance get_info,2026-10-08,0.0,19.99999751647308,-53.84615678523883,False,MANQUANTE,MANQUANTE,MANQUANTE,MANQUANTE,MANQUANTE,MANQUANTE,MANQUANTE,MANQUANTE,MANQUANTE,MANQUANTE,MANQUANTE,MANQUANTE,MANQUANTE,MANQUANTE,MANQUANTE,A_COMPLETER_PREUVES_SSI,A_VERIFIER,MANQUANTE,B1: référence de preuve absente | B2: référence de preuve absente | B3: référence de preuve absente | B4: référence de preuve absente | B5: référence de preuve absente | B6: référence de preuve absente | B7: référence de preuve absente | exclusions non vérifiées | preuve du contrôle des exclusions absente
1C6.F,Corporate Travel Management   R,Allemagne,174127648.0,106901000.0,33556000.0,57301000.0,-15790750.0,0.035,0.38234,0.25866,146325746.0,Yahoo Finance / yfinance get_info,2026-10-08,0.0,-86.32183812287951,-86.32183812287951,False,MANQUANTE,MANQUANTE,MANQUANTE,MANQUANTE,MANQUANTE,MANQUANTE,MANQUANTE,MANQUANTE,MANQUANTE,MANQUANTE,MANQUANTE,MANQUANTE,MANQUANTE,MANQUANTE,MANQUANTE,A_COMPLETER_PREUVES_SSI,A_VERIFIER,MANQUANTE,B1: référence de preuve absente | B2: référence de preuve absente | B3: référence de preuve absente | B4: référence de preuve absente | B5: référence de preuve absente | B6: référence de preuve absente | B7: référence de preuve absente | exclusions non vérifiées | preuve du contrôle des exclusions absente
HVB.F,STRA Hannov.Verkehrsbetr. AG In,Allemagne,174200000.0,81459000.0,110526000.0,-67097000.0,-43083876.0,0.193,-0.44562,0.9838,26000000.0,Yahoo Finance / yfinance get_info,2026-10-08,0.0,-2.8985548309857667,-8.843538827228404,False,MANQUANTE,MANQUANTE,MANQUANTE,MANQUANTE,MANQUANTE,MANQUANTE,MANQUANTE,MANQUANTE,MANQUANTE,MANQUANTE,MANQUANTE,MANQUANTE,MANQUANTE,MANQUANTE,MANQUANTE,A_COMPLETER_PREUVES_SSI,A_VERIFIER,MANQUANTE,B1: référence de preuve absente | B2: référence de preuve absente | B3: référence de preuve absente | B4: référence de preuve absente | B5: référence de preuve absente | B6: référence de preuve absente | B7: référence de preuve absente | exclusions non vérifiées | preuve du contrôle des exclusions absente
XQN.F,Core Molding Technologies Inc.R,Allemagne,174691296.0,12134000.0,15146000.0,24009000.0,-8762000.0,-0.208,0.18155001,0.11933,8563299.0,Yahoo Finance / yfinance get_info,2026-10-08,0.0,0.990093307113904,-5.555558989567954,True,MANQUANTE,MANQUANTE,MANQUANTE,MANQUANTE,MANQUANTE,MANQUANTE,MANQUANTE,MANQUANTE,MANQUANTE,MANQUANTE,MANQUANTE,MANQUANTE,MANQUANTE,MANQUANTE,MANQUANTE,A_COMPLETER_PREUVES_SSI,A_VERIFIER,MANQUANTE,B1: référence de preuve absente | B2: référence de preuve absente | B3: référence de preuve absente | B4: référence de preuve absente | B5: référence de preuve absente | B6: référence de preuve absente | B7: référence de preuve absente | exclusions non vérifiées | preuve du contrôle des exclusions absente
T9Z.F,Zumtobel Group AG             I,Allemagne,174701312.0,54905000.0,200920992.0,57146000.0,5926625.0,-0.009,0.3676,0.36,42337712.0,Yahoo Finance / yfinance get_info,2026-10-08,0.0,6.842105098048079,10.928957583837516,True,MANQUANTE,MANQUANTE,MANQUANTE,MANQUANTE,MANQUANTE,MANQUANTE,MANQUANTE,MANQUANTE,MANQUANTE,MANQUANTE,MANQUANTE,MANQUANTE,MANQUANTE,MANQUANTE,MANQUANTE,A_COMPLETER_PREUVES_SSI,A_VERIFIER,MANQUANTE,B1: référence de preuve absente | B2: référence de preuve absente | B3: référence de preuve absente | B4: référence de preuve absente | B5: référence de preuve absente | B6: référence de preuve absente | B7: référence de preuve absente | exclusions non vérifiées | preuve du contrôle des exclusions absente
5MU.F,One Stop Systems Inc.         R,Allemagne,174955008.0,31407756.0,1367134.0,173121.0,10990046.0,0.623,0.49268,0.16593,24940130.0,Yahoo Finance / yfinance get_info,2026-10-08,0.0,-37.64444563123915,-5.965149723670948,False,MANQUANTE,MANQUANTE,MANQUANTE,MANQUANTE,MANQUANTE,MANQUANTE,MANQUANTE,MANQUANTE,MANQUANTE,MANQUANTE,MANQUANTE,MANQUANTE,MANQUANTE,MANQUANTE,MANQUANTE,A_COMPLETER_PREUVES_SSI,A_VERIFIER,MANQUANTE,B1: référence de preuve absente | B2: référence de preuve absente | B3: référence de preuve absente | B4: référence de preuve absente | B5: référence de preuve absente | B6: référence de preuve absente | B7: référence de preuve absente | exclusions non vérifiées | preuve du contrôle des exclusions absente
BGR.F,China High-Speed Trans.Equip. R,Allemagne,174976192.0,7688730112.0,9078818816.0,3269428992.0,1870260352.0,-0.246,0.24535999,0.77095,1635291556.0,Yahoo Finance / yfinance get_info,2026-10-08,0.0,-3.603604147838846,-46.500000409781926,False,MANQUANTE,MANQUANTE,MANQUANTE,MANQUANTE,MANQUANTE,MANQUANTE,MANQUANTE,MANQUANTE,MANQUANTE,MANQUANTE,MANQUANTE,MANQUANTE,MANQUANTE,MANQUANTE,MANQUANTE,A_COMPLETER_PREUVES_SSI,A_VERIFIER,MANQUANTE,B1: référence de preuve absente | B2: référence de preuve absente | B3: référence de preuve absente | B4: référence de preuve absente | B5: référence de preuve absente | B6: référence de preuve absente | B7: référence de preuve absente | exclusions non vérifiées | preuve du contrôle des exclusions absente
DHR.F,B & G Foods Inc.(New)         R,Allemagne,175067808.0,591576000.0,2575214080.0,258688000.0,174660496.0,-0.097,0.22072001,0.04861,81275671.0,Yahoo Finance / yfinance get_info,2026-10-08,0.0,-37.52900021850427,-52.9899574884355,False,MANQUANTE,MANQUANTE,MANQUANTE,MANQUANTE,MANQUANTE,MANQUANTE,MANQUANTE,MANQUANTE,MANQUANTE,MANQUANTE,MANQUANTE,MANQUANTE,MANQUANTE,MANQUANTE,MANQUANTE,A_COMPLETER_PREUVES_SSI,A_VERIFIER,MANQUANTE,B1: référence de preuve absente | B2: référence de preuve absente | B3: référence de preuve absente | B4: référence de preuve absente | B5: référence de preuve absente | B6: référence de preuve absente | B7: référence de preuve absente | exclusions non vérifiées | preuve du contrôle des exclusions absente
63E.F,ONWARD Medical B.V.           A,Allemagne,175212528.0,81505000.0,13789000.0,-43463000.0,-29065376.0,2.538,0.75359,0.27052,69528780.0,Yahoo Finance / yfinance get_info,2026-10-08,0.0,-1.1764694882648974,-17.377048513960425,False,MANQUANTE,MANQUANTE,MANQUANTE,MANQUANTE,MANQUANTE,MANQUANTE,MANQUANTE,MANQUANTE,MANQUANTE,MANQUANTE,MANQUANTE,MANQUANTE,MANQUANTE,MANQUANTE,MANQUANTE,A_COMPLETER_PREUVES_SSI,A_VERIFIER,MANQUANTE,B1: référence de preuve absente | B2: référence de preuve absente | B3: référence de preuve absente | B4: référence de preuve absente | B5: référence de preuve absente | B6: référence de preuve absente | B7: référence de preuve absente | exclusions non vérifiées | preuve du contrôle des exclusions absente
9CK.F,China Kepei Education Grp Ltd.R,Allemagne,175239632.0,1373281024.0,1137412992.0,954057984.0,521395616.0,0.202,0.4305,0.74886,2014248667.0,Yahoo Finance / yfinance get_info,2026-10-08,0.0,-1.1363659454278865,-29.268296671934767,False,MANQUANTE,MANQUANTE,MANQUANTE,MANQUANTE,MANQUANTE,MANQUANTE,MANQUANTE,MANQUANTE,MANQUANTE,MANQUANTE,MANQUANTE,MANQUANTE,MANQUANTE,MANQUANTE,MANQUANTE,A_COMPLETER_PREUVES_SSI,A_VERIFIER,MANQUANTE,B1: référence de preuve absente | B2: référence de preuve absente | B3: référence de preuve absente | B4: référence de preuve absente | B5: référence de preuve absente | B6: référence de preuve absente | B7: référence de preuve absente | exclusions non vérifiées | preuve du contrôle des exclusions absente
FC8.F,CONSUMER PORTFOLIO SVCS INC.  R,Allemagne,175241472.0,7501000.0,4025783040.0,,,0.189,1.0,0.39861,21905185.0,Yahoo Finance / yfinance get_info,2026-10-08,0.0,-1.8404862030818592,11.888110395736827,True,MANQUANTE,MANQUANTE,MANQUANTE,MANQUANTE,MANQUANTE,MANQUANTE,MANQUANTE,MANQUANTE,MANQUANTE,MANQUANTE,MANQUANTE,MANQUANTE,MANQUANTE,MANQUANTE,MANQUANTE,A_COMPLETER_PREUVES_SSI,A_VERIFIER,MANQUANTE,B1: référence de preuve absente | B2: référence de preuve absente | B3: référence de preuve absente | B4: référence de preuve absente | B5: référence de preuve absente | B6: référence de preuve absente | B7: référence de preuve absente | exclusions non vérifiées | preuve du contrôle des exclusions absente
EDA.F,FocalTherics                  A,Allemagne,175646128.0,21542000.0,41677000.0,-23673000.0,-12742206.0,0.388,0.44485,0.05114,47216700.0,Yahoo Finance / yfinance get_info,2026-10-08,0.0,-18.777290598728403,33.81295204656194,True,MANQUANTE,MANQUANTE,MANQUANTE,MANQUANTE,MANQUANTE,MANQUANTE,MANQUANTE,MANQUANTE,MANQUANTE,MANQUANTE,MANQUANTE,MANQUANTE,MANQUANTE,MANQUANTE,MANQUANTE,A_COMPLETER_PREUVES_SSI,A_VERIFIER,MANQUANTE,B1: référence de preuve absente | B2: référence de preuve absente | B3: référence de preuve absente | B4: référence de preuve absente | B5: référence de preuve absente | B6: référence de preuve absente | B7: référence de preuve absente | exclusions non vérifiées | preuve du contrôle des exclusions absente
PGZ.F,Healius Ltd.                  R,Allemagne,175735280.0,67200000.0,996400000.0,59800000.0,132187504.0,,0.31183,0.0247,726178798.0,Yahoo Finance / yfinance get_info,2026-10-08,0.0,15.238098211569673,-16.551722188908702,False,MANQUANTE,MANQUANTE,MANQUANTE,MANQUANTE,MANQUANTE,MANQUANTE,MANQUANTE,MANQUANTE,MANQUANTE,MANQUANTE,MANQUANTE,MANQUANTE,MANQUANTE,MANQUANTE,MANQUANTE,A_COMPLETER_PREUVES_SSI,A_VERIFIER,MANQUANTE,B1: référence de preuve absente | B2: référence de preuve absente | B3: référence de preuve absente | B4: référence de preuve absente | B5: référence de preuve absente | B6: référence de preuve absente | B7: référence de preuve absente | exclusions non vérifiées | preuve du contrôle des exclusions absente
LH1.F,Lifetime Brands Inc.          R,Allemagne,175864592.0,5451000.0,259424992.0,45718000.0,598875.0,0.074,0.37293,0.17132,22988836.0,Yahoo Finance / yfinance get_info,2026-10-08,0.0,15.90909402889329,12.499998246922273,True,MANQUANTE,MANQUANTE,MANQUANTE,MANQUANTE,MANQUANTE,MANQUANTE,MANQUANTE,MANQUANTE,MANQUANTE,MANQUANTE,MANQUANTE,MANQUANTE,MANQUANTE,MANQUANTE,MANQUANTE,A_COMPLETER_PREUVES_SSI,A_VERIFIER,MANQUANTE,B1: référence de preuve absente | B2: référence de preuve absente | B3: référence de preuve absente | B4: référence de preuve absente | B5: référence de preuve absente | B6: référence de preuve absente | B7: référence de preuve absente | exclusions non vérifiées | preuve du contrôle des exclusions absente
9IA.F,Andrada Mining Ltd.           R,Allemagne,175913184.0,8922977.0,20320484.0,314457.0,4921683.0,0.549,0.25677,0.41821998,2198914748.0,Yahoo Finance / yfinance get_info,2026-10-08,0.0,107.79220427363371,128.571422489322,True,MANQUANTE,MANQUANTE,MANQUANTE,MANQUANTE,MANQUANTE,MANQUANTE,MANQUANTE,MANQUANTE,MANQUANTE,MANQUANTE,MANQUANTE,MANQUANTE,MANQUANTE,MANQUANTE,MANQUANTE,A_COMPLETER_PREUVES_SSI,A_VERIFIER,MANQUANTE,B1: référence de preuve absente | B2: référence de preuve absente | B3: référence de preuve absente | B4: référence de preuve absente | B5: référence de preuve absente | B6: référence de preuve absente | B7: référence de preuve absente | exclusions non vérifiées | preuve du contrôle des exclusions absente
RIK.F,RCI Hospitality Holdings Inc. R,Allemagne,176137536.0,26404000.0,268256000.0,55220000.0,36305248.0,0.039,0.84964997,0.14667,7651500.0,Yahoo Finance / yfinance get_info,2026-10-08,0.0,-0.1734562406984663,11.531013267901912,True,MANQUANTE,MANQUANTE,MANQUANTE,MANQUANTE,MANQUANTE,MANQUANTE,MANQUANTE,MANQUANTE,MANQUANTE,MANQUANTE,MANQUANTE,MANQUANTE,MANQUANTE,MANQUANTE,MANQUANTE,A_COMPLETER_PREUVES_SSI,A_VERIFIER,MANQUANTE,B1: référence de preuve absente | B2: référence de preuve absente | B3: référence de preuve absente | B4: référence de preuve absente | B5: référence de preuve absente | B6: référence de preuve absente | B7: référence de preuve absente | exclusions non vérifiées | preuve du contrôle des exclusions absente
95D.F,ActiveOps PLC                 R,Allemagne,176466064.0,23810000.0,126000.0,2268000.0,22020250.0,0.498,0.83978,0.22600001,71734170.0,Yahoo Finance / yfinance get_info,2026-10-08,0.0,5.128210614497419,10.810811101069609,False,MANQUANTE,MANQUANTE,MANQUANTE,MANQUANTE,MANQUANTE,MANQUANTE,MANQUANTE,MANQUANTE,MANQUANTE,MANQUANTE,MANQUANTE,MANQUANTE,MANQUANTE,MANQUANTE,MANQUANTE,A_COMPLETER_PREUVES_SSI,A_VERIFIER,MANQUANTE,B1: référence de preuve absente | B2: référence de preuve absente | B3: référence de preuve absente | B4: référence de preuve absente | B5: référence de preuve absente | B6: référence de preuve absente | B7: référence de preuve absente | exclusions non vérifiées | preuve du contrôle des exclusions absente
N4T.F,Polaris Renewable Energy Inc. R,Allemagne,176565152.0,93219000.0,219352000.0,54728000.0,30001750.0,-0.079,0.81656,0.032509997,20895285.0,Yahoo Finance / yfinance get_info,2026-10-08,0.0,-10.582010795593478,6.962021610863345,True,MANQUANTE,MANQUANTE,MANQUANTE,MANQUANTE,MANQUANTE,MANQUANTE,MANQUANTE,MANQUANTE,MANQUANTE,MANQUANTE,MANQUANTE,MANQUANTE,MANQUANTE,MANQUANTE,MANQUANTE,A_COMPLETER_PREUVES_SSI,A_VERIFIER,MANQUANTE,B1: référence de preuve absente | B2: référence de preuve absente | B3: référence de preuve absente | B4: référence de preuve absente | B5: référence de preuve absente | B6: référence de preuve absente | B7: référence de preuve absente | exclusions non vérifiées | preuve du contrôle des exclusions absente
TM9.F,Noram Drilling Company A.S.   N,Allemagne,176900464.0,8105000.0,0.0,18483000.0,14660713.0,0.179,0.70363,0.53635,43357957.0,Yahoo Finance / yfinance get_info,2026-10-08,203.9999961853028,8.222810194904984,-6.098961548486215,True,MANQUANTE,MANQUANTE,MANQUANTE,MANQUANTE,MANQUANTE,MANQUANTE,MANQUANTE,MANQUANTE,MANQUANTE,MANQUANTE,MANQUANTE,MANQUANTE,MANQUANTE,MANQUANTE,MANQUANTE,A_COMPLETER_PREUVES_SSI,A_VERIFIER,MANQUANTE,B1: référence de preuve absente | B2: référence de preuve absente | B3: référence de preuve absente | B4: référence de preuve absente | B5: référence de preuve absente | B6: référence de preuve absente | B7: référence de preuve absente | exclusions non vérifiées | preuve du contrôle des exclusions absente
LIW.F,LIU CHONG HING INVESTMENT LTD.R,Allemagne,177076464.0,1778018944.0,2797256960.0,67850000.0,-60255876.0,-0.199,0.4376,0.59575003,378583440.0,Yahoo Finance / yfinance get_info,2026-10-08,0.0,-3.1779693657383867,-7.7699316038202575,,MANQUANTE,MANQUANTE,MANQUANTE,MANQUANTE,MANQUANTE,MANQUANTE,MANQUANTE,MANQUANTE,MANQUANTE,MANQUANTE,MANQUANTE,MANQUANTE,MANQUANTE,MANQUANTE,MANQUANTE,A_COMPLETER_PREUVES_SSI,A_VERIFIER,MANQUANTE,B1: référence de preuve absente | B2: référence de preuve absente | B3: référence de preuve absente | B4: référence de preuve absente | B5: référence de preuve absente | B6: référence de preuve absente | B7: référence de preuve absente | exclusions non vérifiées | preuve du contrôle des exclusions absente
SG5.F,Troops Inc.                   R,Allemagne,177132256.0,4019000.0,4000.0,-13796000.0,7484750.0,0.27,0.11798,0.59966,122160166.0,Yahoo Finance / yfinance get_info,2026-10-08,0.0,-18.07909246842436,-27.13567634498329,False,MANQUANTE,MANQUANTE,MANQUANTE,MANQUANTE,MANQUANTE,MANQUANTE,MANQUANTE,MANQUANTE,MANQUANTE,MANQUANTE,MANQUANTE,MANQUANTE,MANQUANTE,MANQUANTE,MANQUANTE,A_COMPLETER_PREUVES_SSI,A_VERIFIER,MANQUANTE,B1: référence de preuve absente | B2: référence de preuve absente | B3: référence de preuve absente | B4: référence de preuve absente | B5: référence de preuve absente | B6: référence de preuve absente | B7: référence de preuve absente | exclusions non vérifiées | preuve du contrôle des exclusions absente
32D.F,DHI Group Inc.                R,Allemagne,177170704.0,3769000.0,40742000.0,29845000.0,15170000.0,-0.021,0.83787,0.18629,43424190.0,Yahoo Finance / yfinance get_info,2026-10-08,0.0,20.71005282734799,72.88136038414488,True,MANQUANTE,MANQUANTE,MANQUANTE,MANQUANTE,MANQUANTE,MANQUANTE,MANQUANTE,MANQUANTE,MANQUANTE,MANQUANTE,MANQUANTE,MANQUANTE,MANQUANTE,MANQUANTE,MANQUANTE,A_COMPLETER_PREUVES_SSI,A_VERIFIER,MANQUANTE,B1: référence de preuve absente | B2: référence de preuve absente | B3: référence de preuve absente | B4: référence de preuve absente | B5: référence de preuve absente | B6: référence de preuve absente | B7: référence de preuve absente | exclusions non vérifiées | preuve du contrôle des exclusions absente
5IK.F,Inkeverse Group Ltd.          R,Allemagne,177857168.0,3191456000.0,277284000.0,34893000.0,-701238272.0,-0.26,0.55485,0.41527,2324930400.0,Yahoo Finance / yfinance get_info,2026-10-08,0.0,-36.77686034379196,-6.134972521984928,False,MANQUANTE,MANQUANTE,MANQUANTE,MANQUANTE,MANQUANTE,MANQUANTE,MANQUANTE,MANQUANTE,MANQUANTE,MANQUANTE,MANQUANTE,MANQUANTE,MANQUANTE,MANQUANTE,MANQUANTE,A_COMPLETER_PREUVES_SSI,A_VERIFIER,MANQUANTE,B1: référence de preuve absente | B2: référence de preuve absente | B3: référence de preuve absente | B4: référence de preuve absente | B5: référence de preuve absente | B6: référence de preuve absente | B7: référence de preuve absente | exclusions non vérifiées | preuve du contrôle des exclusions absente
54M.F,Motorcar Parts of America Inc.R,Allemagne,177972144.0,21399000.0,232856000.0,62544000.0,-22959624.0,-0.108,0.20598,0.06708,18933207.0,Yahoo Finance / yfinance get_info,2026-10-08,0.0,-22.31405518857924,-1.5706865885732224,False,MANQUANTE,MANQUANTE,MANQUANTE,MANQUANTE,MANQUANTE,MANQUANTE,MANQUANTE,MANQUANTE,MANQUANTE,MANQUANTE,MANQUANTE,MANQUANTE,MANQUANTE,MANQUANTE,MANQUANTE,A_COMPLETER_PREUVES_SSI,A_VERIFIER,MANQUANTE,B1: référence de preuve absente | B2: référence de preuve absente | B3: référence de preuve absente | B4: référence de preuve absente | B5: référence de preuve absente | B6: référence de preuve absente | B7: référence de preuve absente | exclusions non vérifiées | preuve du contrôle des exclusions absente
N67.F,BLE KEDROS REIC               N,Allemagne,178191520.0,7804013.0,10438100.0,5438211.0,12291217.0,-0.172,0.95265,0.7388,40406240.0,Yahoo Finance / yfinance get_info,2026-10-08,0.0,4.502371248028658,6.5217388800477005,True,MANQUANTE,MANQUANTE,MANQUANTE,MANQUANTE,MANQUANTE,MANQUANTE,MANQUANTE,MANQUANTE,MANQUANTE,MANQUANTE,MANQUANTE,MANQUANTE,MANQUANTE,MANQUANTE,MANQUANTE,A_COMPLETER_PREUVES_SSI,A_VERIFIER,MANQUANTE,B1: référence de preuve absente | B2: référence de preuve absente | B3: référence de preuve absente | B4: référence de preuve absente | B5: référence de preuve absente | B6: référence de preuve absente | B7: référence de preuve absente | exclusions non vérifiées | preuve du contrôle des exclusions absente
BU3.F,Exodus Movement Inc.          R,Allemagne,178199232.0,21211000.0,0.0,-23785000.0,6125375.0,0.016,0.93607,0.51219004,11015102.0,Yahoo Finance / yfinance get_info,2026-10-08,0.0,38.49764737961205,3.5087770665746643,False,MANQUANTE,MANQUANTE,MANQUANTE,MANQUANTE,MANQUANTE,MANQUANTE,MANQUANTE,MANQUANTE,MANQUANTE,MANQUANTE,MANQUANTE,MANQUANTE,MANQUANTE,MANQUANTE,MANQUANTE,A_COMPLETER_PREUVES_SSI,A_VERIFIER,MANQUANTE,B1: référence de preuve absente | B2: référence de preuve absente | B3: référence de preuve absente | B4: référence de preuve absente | B5: référence de preuve absente | B6: référence de preuve absente | B7: référence de preuve absente | exclusions non vérifiées | preuve du contrôle des exclusions absente
QKL1.F,QuickLogic Corp.              R,Allemagne,178231600.0,18475000.0,7876000.0,-5334000.0,2573750.0,0.487,0.27321,0.09405,18317741.0,Yahoo Finance / yfinance get_info,2026-10-08,0.0,-23.44610926016257,4.455179608671012,False,MANQUANTE,MANQUANTE,MANQUANTE,MANQUANTE,MANQUANTE,MANQUANTE,MANQUANTE,MANQUANTE,MANQUANTE,MANQUANTE,MANQUANTE,MANQUANTE,MANQUANTE,MANQUANTE,MANQUANTE,A_COMPLETER_PREUVES_SSI,A_VERIFIER,MANQUANTE,B1: référence de preuve absente | B2: référence de preuve absente | B3: référence de preuve absente | B4: référence de preuve absente | B5: référence de preuve absente | B6: référence de preuve absente | B7: référence de preuve absente | exclusions non vérifiées | preuve du contrôle des exclusions absente
A3A.F,Alumil Aluminium Industry S.A.N,Allemagne,178275232.0,29981784.0,177876128.0,70289816.0,-3264180.0,0.16,0.27656,0.7957,32413681.0,Yahoo Finance / yfinance get_info,2026-10-08,0.0,-2.826852503984878,-8.789389574916695,False,MANQUANTE,MANQUANTE,MANQUANTE,MANQUANTE,MANQUANTE,MANQUANTE,MANQUANTE,MANQUANTE,MANQUANTE,MANQUANTE,MANQUANTE,MANQUANTE,MANQUANTE,MANQUANTE,MANQUANTE,A_COMPLETER_PREUVES_SSI,A_VERIFIER,MANQUANTE,B1: référence de preuve absente | B2: référence de preuve absente | B3: référence de preuve absente | B4: référence de preuve absente | B5: référence de preuve absente | B6: référence de preuve absente | B7: référence de preuve absente | exclusions non vérifiées | preuve du contrôle des exclusions absente
R9B.F,DeFi Technologies Inc.        R,Allemagne,178290016.0,86633256.0,0.0,16854776.0,-95322352.0,-0.407,1.0,0.0235,388093225.0,Yahoo Finance / yfinance get_info,2026-10-08,1570.5900326371193,12.212997947759895,-30.39394243437821,False,MANQUANTE,MANQUANTE,MANQUANTE,MANQUANTE,MANQUANTE,MANQUANTE,MANQUANTE,MANQUANTE,MANQUANTE,MANQUANTE,MANQUANTE,MANQUANTE,MANQUANTE,MANQUANTE,MANQUANTE,A_COMPLETER_PREUVES_SSI,A_VERIFIER,MANQUANTE,B1: référence de preuve absente | B2: référence de preuve absente | B3: référence de preuve absente | B4: référence de preuve absente | B5: référence de preuve absente | B6: référence de preuve absente | B7: référence de preuve absente | exclusions non vérifiées | preuve du contrôle des exclusions absente
MW4.SG,Akwel S.A.,Allemagne,178338752.0,102297000.0,14749000.0,69678000.0,7267500.0,-0.186,0.57257,0.71009004,26544196.0,Yahoo Finance / yfinance get_info,2026-10-08,0.0,-2.4691334404499887,-9.195400330141224,False,MANQUANTE,MANQUANTE,MANQUANTE,MANQUANTE,MANQUANTE,MANQUANTE,MANQUANTE,MANQUANTE,MANQUANTE,MANQUANTE,MANQUANTE,MANQUANTE,MANQUANTE,MANQUANTE,MANQUANTE,A_COMPLETER_PREUVES_SSI,A_VERIFIER,MANQUANTE,B1: référence de preuve absente | B2: référence de preuve absente | B3: référence de preuve absente | B4: référence de preuve absente | B5: référence de preuve absente | B6: référence de preuve absente | B7: référence de preuve absente | exclusions non vérifiées | preuve du contrôle des exclusions absente
C38.F,Crest Nicholson Holdings PLC  R,Allemagne,178457440.0,95600000.0,245000000.0,4000000.0,28050000.0,-0.208,0.10199001,0.13452,256773302.0,Yahoo Finance / yfinance get_info,2026-10-08,0.0,-9.740258433360772,-41.596642064808975,False,MANQUANTE,MANQUANTE,MANQUANTE,MANQUANTE,MANQUANTE,MANQUANTE,MANQUANTE,MANQUANTE,MANQUANTE,MANQUANTE,MANQUANTE,MANQUANTE,MANQUANTE,MANQUANTE,MANQUANTE,A_COMPLETER_PREUVES_SSI,A_VERIFIER,MANQUANTE,B1: référence de preuve absente | B2: référence de preuve absente | B3: référence de preuve absente | B4: référence de preuve absente | B5: référence de preuve absente | B6: référence de preuve absente | B7: référence de preuve absente | exclusions non vérifiées | preuve du contrôle des exclusions absente
TM9.SG,Noram Drilling Company A.S.,Allemagne,178634768.0,8105000.0,0.0,18483000.0,14660713.0,0.179,0.70363,0.53635,43357957.0,Yahoo Finance / yfinance get_info,2026-10-08,0.0,8.85072106028424,-4.297327529765216,True,MANQUANTE,MANQUANTE,MANQUANTE,MANQUANTE,MANQUANTE,MANQUANTE,MANQUANTE,MANQUANTE,MANQUANTE,MANQUANTE,MANQUANTE,MANQUANTE,MANQUANTE,MANQUANTE,MANQUANTE,A_COMPLETER_PREUVES_SSI,A_VERIFIER,MANQUANTE,B1: référence de preuve absente | B2: référence de preuve absente | B3: référence de preuve absente | B4: référence de preuve absente | B5: référence de preuve absente | B6: référence de preuve absente | B7: référence de preuve absente | exclusions non vérifiées | preuve du contrôle des exclusions absente
ZP7.F,Directa Sim S.p.A.            A,Allemagne,178666672.0,23799826.0,108271608.0,,,0.148,0.85396004,0.85182,18750000.0,Yahoo Finance / yfinance get_info,2026-10-08,0.0,-23.86364018128915,2.760733571552021,True,MANQUANTE,MANQUANTE,MANQUANTE,MANQUANTE,MANQUANTE,MANQUANTE,MANQUANTE,MANQUANTE,MANQUANTE,MANQUANTE,MANQUANTE,MANQUANTE,MANQUANTE,MANQUANTE,MANQUANTE,A_COMPLETER_PREUVES_SSI,A_VERIFIER,MANQUANTE,B1: référence de preuve absente | B2: référence de preuve absente | B3: référence de preuve absente | B4: référence de preuve absente | B5: référence de preuve absente | B6: référence de preuve absente | B7: référence de preuve absente | exclusions non vérifiées | preuve du contrôle des exclusions absente
P9A.F,Praemium Ltd.                 R,Allemagne,179389856.0,30097000.0,3388000.0,22068000.0,4783625.0,0.0,0.53754,0.12821999,487472439.0,Yahoo Finance / yfinance get_info,2026-10-08,0.0,-9.803919706698396,-6.122446341943489,False,MANQUANTE,MANQUANTE,MANQUANTE,MANQUANTE,MANQUANTE,MANQUANTE,MANQUANTE,MANQUANTE,MANQUANTE,MANQUANTE,MANQUANTE,MANQUANTE,MANQUANTE,MANQUANTE,MANQUANTE,A_COMPLETER_PREUVES_SSI,A_VERIFIER,MANQUANTE,B1: référence de preuve absente | B2: référence de preuve absente | B3: référence de preuve absente | B4: référence de preuve absente | B5: référence de preuve absente | B6: référence de preuve absente | B7: référence de preuve absente | exclusions non vérifiées | preuve du contrôle des exclusions absente
3K2.F,Expert.AI S.p.A.              A,Allemagne,179806208.0,11172430.0,17495148.0,-1636308.0,-4898007.0,0.689,0.14807001,0.17378001,113085660.0,Yahoo Finance / yfinance get_info,2026-10-08,0.0,-3.048777606854592,-7.01754398195269,False,MANQUANTE,MANQUANTE,MANQUANTE,MANQUANTE,MANQUANTE,MANQUANTE,MANQUANTE,MANQUANTE,MANQUANTE,MANQUANTE,MANQUANTE,MANQUANTE,MANQUANTE,MANQUANTE,MANQUANTE,A_COMPLETER_PREUVES_SSI,A_VERIFIER,MANQUANTE,B1: référence de preuve absente | B2: référence de preuve absente | B3: référence de preuve absente | B4: référence de preuve absente | B5: référence de preuve absente | B6: référence de preuve absente | B7: référence de preuve absente | exclusions non vérifiées | preuve du contrôle des exclusions absente
1J2.F,Warpaint London PLC           R,Allemagne,179890896.0,20684000.0,8979000.0,15632000.0,12605250.0,-0.178,0.43679002,0.42080003,79597746.0,Yahoo Finance / yfinance get_info,2026-10-08,0.0,4.629625030505991,-5.04202177342542,False,MANQUANTE,MANQUANTE,MANQUANTE,MANQUANTE,MANQUANTE,MANQUANTE,MANQUANTE,MANQUANTE,MANQUANTE,MANQUANTE,MANQUANTE,MANQUANTE,MANQUANTE,MANQUANTE,MANQUANTE,A_COMPLETER_PREUVES_SSI,A_VERIFIER,MANQUANTE,B1: référence de preuve absente | B2: référence de preuve absente | B3: référence de preuve absente | B4: référence de preuve absente | B5: référence de preuve absente | B6: référence de preuve absente | B7: référence de preuve absente | exclusions non vérifiées | preuve du contrôle des exclusions absente
F1H.F,Frauenthal Holding AG         I,Allemagne,179951008.0,17693000.0,136232992.0,26870000.0,43514248.0,-0.093,0.24006,0.0,8651491.0,Yahoo Finance / yfinance get_info,2026-10-08,0.0,-2.8037401503044235,1.960782480441492,False,MANQUANTE,MANQUANTE,MANQUANTE,MANQUANTE,MANQUANTE,MANQUANTE,MANQUANTE,MANQUANTE,MANQUANTE,MANQUANTE,MANQUANTE,MANQUANTE,MANQUANTE,MANQUANTE,MANQUANTE,A_COMPLETER_PREUVES_SSI,A_VERIFIER,MANQUANTE,B1: référence de preuve absente | B2: référence de preuve absente | B3: référence de preuve absente | B4: référence de preuve absente | B5: référence de preuve absente | B6: référence de preuve absente | B7: référence de preuve absente | exclusions non vérifiées | preuve du contrôle des exclusions absente
XWM0.F,National CineMedia Inc.       R,Allemagne,180058144.0,43100000.0,21900000.0,21300000.0,30362500.0,0.127,0.43613997,0.01434,93780289.0,Yahoo Finance / yfinance get_info,2026-10-08,0.0,-44.82758774248985,-33.79310710535026,False,MANQUANTE,MANQUANTE,MANQUANTE,MANQUANTE,MANQUANTE,MANQUANTE,MANQUANTE,MANQUANTE,MANQUANTE,MANQUANTE,MANQUANTE,MANQUANTE,MANQUANTE,MANQUANTE,MANQUANTE,A_COMPLETER_PREUVES_SSI,A_VERIFIER,MANQUANTE,B1: référence de preuve absente | B2: référence de preuve absente | B3: référence de preuve absente | B4: référence de preuve absente | B5: référence de preuve absente | B6: référence de preuve absente | B7: référence de preuve absente | exclusions non vérifiées | preuve du contrôle des exclusions absente
Z68.F,Luca Mining Corp.             R,Allemagne,180271296.0,24698000.0,50379000.0,55159000.0,17414124.0,0.471,0.31065,0.15082,275223353.0,Yahoo Finance / yfinance get_info,2026-10-08,0.0,7.113645924835965,-27.50415533755128,False,MANQUANTE,MANQUANTE,MANQUANTE,MANQUANTE,MANQUANTE,MANQUANTE,MANQUANTE,MANQUANTE,MANQUANTE,MANQUANTE,MANQUANTE,MANQUANTE,MANQUANTE,MANQUANTE,MANQUANTE,A_COMPLETER_PREUVES_SSI,A_VERIFIER,MANQUANTE,B1: référence de preuve absente | B2: référence de preuve absente | B3: référence de preuve absente | B4: référence de preuve absente | B5: référence de preuve absente | B6: référence de preuve absente | B7: référence de preuve absente | exclusions non vérifiées | preuve du contrôle des exclusions absente
UJ0.F,West Red Lake Gold Mines Ltd. R,Allemagne,180305360.0,31214000.0,120655000.0,55065384.0,,1.023,0.49175,0.0061799996,414495085.0,Yahoo Finance / yfinance get_info,2026-10-08,0.0,8.749998975545182,-28.92156690874723,False,MANQUANTE,MANQUANTE,MANQUANTE,MANQUANTE,MANQUANTE,MANQUANTE,MANQUANTE,MANQUANTE,MANQUANTE,MANQUANTE,MANQUANTE,MANQUANTE,MANQUANTE,MANQUANTE,MANQUANTE,A_COMPLETER_PREUVES_SSI,A_VERIFIER,MANQUANTE,B1: référence de preuve absente | B2: référence de preuve absente | B3: référence de preuve absente | B4: référence de preuve absente | B5: référence de preuve absente | B6: référence de preuve absente | B7: référence de preuve absente | exclusions non vérifiées | preuve du contrôle des exclusions absente
S0G.F,St. George Mining Ltd.        R,Allemagne,180528384.0,80670168.0,764182.0,-45817276.0,-39676096.0,4.287,1.0,0.25214002,4701260028.0,Yahoo Finance / yfinance get_info,2026-10-08,1700.000025331974,-33.793098398536195,-50.12986749093956,False,MANQUANTE,MANQUANTE,MANQUANTE,MANQUANTE,MANQUANTE,MANQUANTE,MANQUANTE,MANQUANTE,MANQUANTE,MANQUANTE,MANQUANTE,MANQUANTE,MANQUANTE,MANQUANTE,MANQUANTE,A_COMPLETER_PREUVES_SSI,A_VERIFIER,MANQUANTE,B1: référence de preuve absente | B2: référence de preuve absente | B3: référence de preuve absente | B4: référence de preuve absente | B5: référence de preuve absente | B6: référence de preuve absente | B7: référence de preuve absente | exclusions non vérifiées | preuve du contrôle des exclusions absente
TNY1.SG,China Merchants Land Ltd.,Allemagne,181021696.0,13866121216.0,29905348608.0,1082849024.0,8068623360.0,-0.213,0.07616,0.75,4905257860.0,Yahoo Finance / yfinance get_info,2026-10-08,0.0,3.846154397232282,3.846154397232282,False,MANQUANTE,MANQUANTE,MANQUANTE,MANQUANTE,MANQUANTE,MANQUANTE,MANQUANTE,MANQUANTE,MANQUANTE,MANQUANTE,MANQUANTE,MANQUANTE,MANQUANTE,MANQUANTE,MANQUANTE,A_COMPLETER_PREUVES_SSI,A_VERIFIER,MANQUANTE,B1: référence de preuve absente | B2: référence de preuve absente | B3: référence de preuve absente | B4: référence de preuve absente | B5: référence de preuve absente | B6: référence de preuve absente | B7: référence de preuve absente | exclusions non vérifiées | preuve du contrôle des exclusions absente
6E5.F,Nordhealth AS                 N,Allemagne,181272080.0,12501000.0,0.0,-10509000.0,-1899750.0,0.102,0.23567,0.06166,44216750.0,Yahoo Finance / yfinance get_info,2026-10-08,0.0,20.418847775414186,3.6036001204980295,False,MANQUANTE,MANQUANTE,MANQUANTE,MANQUANTE,MANQUANTE,MANQUANTE,MANQUANTE,MANQUANTE,MANQUANTE,MANQUANTE,MANQUANTE,MANQUANTE,MANQUANTE,MANQUANTE,MANQUANTE,A_COMPLETER_PREUVES_SSI,A_VERIFIER,MANQUANTE,B1: référence de preuve absente | B2: référence de preuve absente | B3: référence de preuve absente | B4: référence de preuve absente | B5: référence de preuve absente | B6: référence de preuve absente | B7: référence de preuve absente | exclusions non vérifiées | preuve du contrôle des exclusions absente
A2T.F,Atrys Health S.A.             A,Allemagne,181445248.0,12837000.0,118424000.0,249000.0,12777000.0,0.094,0.16645999,0.56771,75918513.0,Yahoo Finance / yfinance get_info,2026-10-08,0.0,1.0570864806181746,-20.860923178849145,False,MANQUANTE,MANQUANTE,MANQUANTE,MANQUANTE,MANQUANTE,MANQUANTE,MANQUANTE,MANQUANTE,MANQUANTE,MANQUANTE,MANQUANTE,MANQUANTE,MANQUANTE,MANQUANTE,MANQUANTE,A_COMPLETER_PREUVES_SSI,A_VERIFIER,MANQUANTE,B1: référence de preuve absente | B2: référence de preuve absente | B3: référence de preuve absente | B4: référence de preuve absente | B5: référence de preuve absente | B6: référence de preuve absente | B7: référence de preuve absente | exclusions non vérifiées | preuve du contrôle des exclusions absente
3V20.F,Toubani Resources Ltd.        R,Allemagne,181473984.0,73548000.0,0.0,-32071752.0,-57024524.0,40.3,1.0,0.03266,1073810600.0,Yahoo Finance / yfinance get_info,2026-10-08,0.0,-13.034078617623932,-53.055557487187485,False,MANQUANTE,MANQUANTE,MANQUANTE,MANQUANTE,MANQUANTE,MANQUANTE,MANQUANTE,MANQUANTE,MANQUANTE,MANQUANTE,MANQUANTE,MANQUANTE,MANQUANTE,MANQUANTE,MANQUANTE,A_COMPLETER_PREUVES_SSI,A_VERIFIER,MANQUANTE,B1: référence de preuve absente | B2: référence de preuve absente | B3: référence de preuve absente | B4: référence de preuve absente | B5: référence de preuve absente | B6: référence de preuve absente | B7: référence de preuve absente | exclusions non vérifiées | preuve du contrôle des exclusions absente
N5X.F,Maritime Launch Services Inc. R,Allemagne,181809136.0,22701308.0,1302147.0,1052525.0,9763376.0,,1.0,0.2582,763903907.0,Yahoo Finance / yfinance get_info,2026-10-08,0.0,-20.666667991214272,-36.021505419416,False,MANQUANTE,MANQUANTE,MANQUANTE,MANQUANTE,MANQUANTE,MANQUANTE,MANQUANTE,MANQUANTE,MANQUANTE,MANQUANTE,MANQUANTE,MANQUANTE,MANQUANTE,MANQUANTE,MANQUANTE,A_COMPLETER_PREUVES_SSI,A_VERIFIER,MANQUANTE,B1: référence de preuve absente | B2: référence de preuve absente | B3: référence de preuve absente | B4: référence de preuve absente | B5: référence de preuve absente | B6: référence de preuve absente | B7: référence de preuve absente | exclusions non vérifiées | preuve du contrôle des exclusions absente
4VL.F,Genel Energy PLC              R,Allemagne,181876576.0,199000000.0,92000000.0,2200000.0,-21900000.0,-0.626,0.57746,0.78385,275570556.0,Yahoo Finance / yfinance get_info,2026-10-08,0.0,2.484477108530525,11.111118915685104,True,MANQUANTE,MANQUANTE,MANQUANTE,MANQUANTE,MANQUANTE,MANQUANTE,MANQUANTE,MANQUANTE,MANQUANTE,MANQUANTE,MANQUANTE,MANQUANTE,MANQUANTE,MANQUANTE,MANQUANTE,A_COMPLETER_PREUVES_SSI,A_VERIFIER,MANQUANTE,B1: référence de preuve absente | B2: référence de preuve absente | B3: référence de preuve absente | B4: référence de preuve absente | B5: référence de preuve absente | B6: référence de preuve absente | B7: référence de preuve absente | exclusions non vérifiées | preuve du contrôle des exclusions absente
FAR.F,FreightCar America Inc.       R,Allemagne,181905472.0,62475000.0,144920000.0,23934000.0,14871375.0,-0.046,0.12504,0.13902001,32775760.0,Yahoo Finance / yfinance get_info,2026-10-08,0.0,-16.541351712142948,-26.4900655559498,False,MANQUANTE,MANQUANTE,MANQUANTE,MANQUANTE,MANQUANTE,MANQUANTE,MANQUANTE,MANQUANTE,MANQUANTE,MANQUANTE,MANQUANTE,MANQUANTE,MANQUANTE,MANQUANTE,MANQUANTE,A_COMPLETER_PREUVES_SSI,A_VERIFIER,MANQUANTE,B1: référence de preuve absente | B2: référence de preuve absente | B3: référence de preuve absente | B4: référence de preuve absente | B5: référence de preuve absente | B6: référence de preuve absente | B7: référence de preuve absente | exclusions non vérifiées | preuve du contrôle des exclusions absente
4C1.F,China Dongxiang Group Co.     R,Allemagne,182032704.0,4907244032.0,236599008.0,-159914000.0,-107883504.0,0.039,0.66652,0.43585998,5872022954.0,Yahoo Finance / yfinance get_info,2026-10-08,0.0,0.0,-30.33708100321313,False,MANQUANTE,MANQUANTE,MANQUANTE,MANQUANTE,MANQUANTE,MANQUANTE,MANQUANTE,MANQUANTE,MANQUANTE,MANQUANTE,MANQUANTE,MANQUANTE,MANQUANTE,MANQUANTE,MANQUANTE,A_COMPLETER_PREUVES_SSI,A_VERIFIER,MANQUANTE,B1: référence de preuve absente | B2: référence de preuve absente | B3: référence de preuve absente | B4: référence de preuve absente | B5: référence de preuve absente | B6: référence de preuve absente | B7: référence de preuve absente | exclusions non vérifiées | preuve du contrôle des exclusions absente
ZD8.F,Pacific Lime and Cement Ltd.  R,Allemagne,182520064.0,16723500.0,22046788.0,-13887831.0,-64511340.0,-0.643,-1.05897,0.39889,860943662.0,Yahoo Finance / yfinance get_info,2026-10-08,0.0,-4.504506862857227,30.86419560036777,,MANQUANTE,MANQUANTE,MANQUANTE,MANQUANTE,MANQUANTE,MANQUANTE,MANQUANTE,MANQUANTE,MANQUANTE,MANQUANTE,MANQUANTE,MANQUANTE,MANQUANTE,MANQUANTE,MANQUANTE,A_COMPLETER_PREUVES_SSI,A_VERIFIER,MANQUANTE,B1: référence de preuve absente | B2: référence de preuve absente | B3: référence de preuve absente | B4: référence de preuve absente | B5: référence de preuve absente | B6: référence de preuve absente | B7: référence de preuve absente | exclusions non vérifiées | preuve du contrôle des exclusions absente
IBG.F,IBERPAPEL GESTION S.A.        A,Allemagne,182520944.0,124842000.0,10111000.0,2768000.0,46861248.0,0.197,0.57649,0.22709998,10896773.0,Yahoo Finance / yfinance get_info,2026-10-08,0.0,-8.469941539240832,-18.292682926829272,,MANQUANTE,MANQUANTE,MANQUANTE,MANQUANTE,MANQUANTE,MANQUANTE,MANQUANTE,MANQUANTE,MANQUANTE,MANQUANTE,MANQUANTE,MANQUANTE,MANQUANTE,MANQUANTE,MANQUANTE,A_COMPLETER_PREUVES_SSI,A_VERIFIER,MANQUANTE,B1: référence de preuve absente | B2: référence de preuve absente | B3: référence de preuve absente | B4: référence de preuve absente | B5: référence de preuve absente | B6: référence de preuve absente | B7: référence de preuve absente | exclusions non vérifiées | preuve du contrôle des exclusions absente
FFR.F,FORRESTER RESEARCH INC.       R,Allemagne,182774400.0,131432000.0,63991000.0,14572000.0,11562500.0,-0.102,0.5701,0.40504003,19039000.0,Yahoo Finance / yfinance get_info,2026-10-08,0.0,17.79142123691213,117.19457501727186,True,MANQUANTE,MANQUANTE,MANQUANTE,MANQUANTE,MANQUANTE,MANQUANTE,MANQUANTE,MANQUANTE,MANQUANTE,MANQUANTE,MANQUANTE,MANQUANTE,MANQUANTE,MANQUANTE,MANQUANTE,A_COMPLETER_PREUVES_SSI,A_VERIFIER,MANQUANTE,B1: référence de preuve absente | B2: référence de preuve absente | B3: référence de preuve absente | B4: référence de preuve absente | B5: référence de preuve absente | B6: référence de preuve absente | B7: référence de preuve absente | exclusions non vérifiées | preuve du contrôle des exclusions absente
T62.F,TOHO ZINC CO. LTD.            R,Allemagne,182963296.0,12817000448.0,74811998208.0,8455249920.0,,0.157,0.1,0.0058999998,18212492.0,Yahoo Finance / yfinance get_info,2026-10-08,0.0,15.384624201870857,-29.927003539245543,False,MANQUANTE,MANQUANTE,MANQUANTE,MANQUANTE,MANQUANTE,MANQUANTE,MANQUANTE,MANQUANTE,MANQUANTE,MANQUANTE,MANQUANTE,MANQUANTE,MANQUANTE,MANQUANTE,MANQUANTE,A_COMPLETER_PREUVES_SSI,A_VERIFIER,MANQUANTE,B1: référence de preuve absente | B2: référence de preuve absente | B3: référence de preuve absente | B4: référence de preuve absente | B5: référence de preuve absente | B6: référence de preuve absente | B7: référence de preuve absente | exclusions non vérifiées | preuve du contrôle des exclusions absente
LYV.F,Orron Energy AB               N,Allemagne,183265216.0,12500000.0,105700000.0,8300000.0,-168350000.0,1.696,0.49315,0.49185002,285905187.0,Yahoo Finance / yfinance get_info,2026-10-08,0.0,-1.6871222429995392,-3.463855840775165,False,MANQUANTE,MANQUANTE,MANQUANTE,MANQUANTE,MANQUANTE,MANQUANTE,MANQUANTE,MANQUANTE,MANQUANTE,MANQUANTE,MANQUANTE,MANQUANTE,MANQUANTE,MANQUANTE,MANQUANTE,A_COMPLETER_PREUVES_SSI,A_VERIFIER,MANQUANTE,B1: référence de preuve absente | B2: référence de preuve absente | B3: référence de preuve absente | B4: référence de preuve absente | B5: référence de preuve absente | B6: référence de preuve absente | B7: référence de preuve absente | exclusions non vérifiées | preuve du contrôle des exclusions absente
GR6.F,Gradus AD                     R,Allemagne,183395776.0,3042000.0,33506000.0,32437006.0,12927970.0,0.24,0.50675,0.88427,165221420.0,Yahoo Finance / yfinance get_info,2026-10-08,0.0,38.74999972060322,98.2142874248782,,MANQUANTE,MANQUANTE,MANQUANTE,MANQUANTE,MANQUANTE,MANQUANTE,MANQUANTE,MANQUANTE,MANQUANTE,MANQUANTE,MANQUANTE,MANQUANTE,MANQUANTE,MANQUANTE,MANQUANTE,A_COMPLETER_PREUVES_SSI,A_VERIFIER,MANQUANTE,B1: référence de preuve absente | B2: référence de preuve absente | B3: référence de preuve absente | B4: référence de preuve absente | B5: référence de preuve absente | B6: référence de preuve absente | B7: référence de preuve absente | exclusions non vérifiées | preuve du contrôle des exclusions absente
0GF.F,Graphene Manufacturing Group  R,Allemagne,183536096.0,9935927.0,1473901.0,-13307407.0,3150082.0,3.75,0.38921002,0.13813,133772670.0,Yahoo Finance / yfinance get_info,2026-10-08,0.0,-7.297299909626476,6.027816667171826,False,MANQUANTE,MANQUANTE,MANQUANTE,MANQUANTE,MANQUANTE,MANQUANTE,MANQUANTE,MANQUANTE,MANQUANTE,MANQUANTE,MANQUANTE,MANQUANTE,MANQUANTE,MANQUANTE,MANQUANTE,A_COMPLETER_PREUVES_SSI,A_VERIFIER,MANQUANTE,B1: référence de preuve absente | B2: référence de preuve absente | B3: référence de preuve absente | B4: référence de preuve absente | B5: référence de preuve absente | B6: référence de preuve absente | B7: référence de preuve absente | exclusions non vérifiées | preuve du contrôle des exclusions absente
R5L.F,CIE IMMOBILIERE DE BELGIQUE SAA,Allemagne,183586400.0,80266000.0,697166016.0,44900000.0,116397504.0,-0.151,0.11557,0.59405,10227654.0,Yahoo Finance / yfinance get_info,2026-10-08,0.0,-16.51162435842115,-16.8981460836526,False,MANQUANTE,MANQUANTE,MANQUANTE,MANQUANTE,MANQUANTE,MANQUANTE,MANQUANTE,MANQUANTE,MANQUANTE,MANQUANTE,MANQUANTE,MANQUANTE,MANQUANTE,MANQUANTE,MANQUANTE,A_COMPLETER_PREUVES_SSI,A_VERIFIER,MANQUANTE,B1: référence de preuve absente | B2: référence de preuve absente | B3: référence de preuve absente | B4: référence de preuve absente | B5: référence de preuve absente | B6: référence de preuve absente | B7: référence de preuve absente | exclusions non vérifiées | preuve du contrôle des exclusions absente
CB4.F,CAC Holdings Corp.            R,Allemagne,183705344.0,17353000960.0,6576000000.0,3495000064.0,2353374976.0,0.141,0.26775,0.29056,17330691.0,Yahoo Finance / yfinance get_info,2026-10-08,0.0,10.416666252745532,10.416666252745532,True,MANQUANTE,MANQUANTE,MANQUANTE,MANQUANTE,MANQUANTE,MANQUANTE,MANQUANTE,MANQUANTE,MANQUANTE,MANQUANTE,MANQUANTE,MANQUANTE,MANQUANTE,MANQUANTE,MANQUANTE,A_COMPLETER_PREUVES_SSI,A_VERIFIER,MANQUANTE,B1: référence de preuve absente | B2: référence de preuve absente | B3: référence de preuve absente | B4: référence de preuve absente | B5: référence de preuve absente | B6: référence de preuve absente | B7: référence de preuve absente | exclusions non vérifiées | preuve du contrôle des exclusions absente
MIO.F,Mincon Group PLC              R,Allemagne,183788640.0,12961000.0,28919000.0,19722000.0,5280250.0,0.186,0.30315,0.56495,212472413.0,Yahoo Finance / yfinance get_info,2026-10-08,0.0,26.277373215482623,35.156254511093834,True,MANQUANTE,MANQUANTE,MANQUANTE,MANQUANTE,MANQUANTE,MANQUANTE,MANQUANTE,MANQUANTE,MANQUANTE,MANQUANTE,MANQUANTE,MANQUANTE,MANQUANTE,MANQUANTE,MANQUANTE,A_COMPLETER_PREUVES_SSI,A_VERIFIER,MANQUANTE,B1: référence de preuve absente | B2: référence de preuve absente | B3: référence de preuve absente | B4: référence de preuve absente | B5: référence de preuve absente | B6: référence de preuve absente | B7: référence de preuve absente | exclusions non vérifiées | preuve du contrôle des exclusions absente
07R.F,Streamwide SA                 A,Allemagne,183848672.0,19599000.0,9356000.0,7871000.0,2992250.0,0.116,0.66919,0.7,2703657.0,Yahoo Finance / yfinance get_info,2026-10-08,0.0,-8.602152412124298,-10.526315789473683,False,MANQUANTE,MANQUANTE,MANQUANTE,MANQUANTE,MANQUANTE,MANQUANTE,MANQUANTE,MANQUANTE,MANQUANTE,MANQUANTE,MANQUANTE,MANQUANTE,MANQUANTE,MANQUANTE,MANQUANTE,A_COMPLETER_PREUVES_SSI,A_VERIFIER,MANQUANTE,B1: référence de preuve absente | B2: référence de preuve absente | B3: référence de preuve absente | B4: référence de preuve absente | B5: référence de preuve absente | B6: référence de preuve absente | B7: référence de preuve absente | exclusions non vérifiées | preuve du contrôle des exclusions absente
0MD.F,Squirrel Media S.A.           A,Allemagne,184104448.0,19686000.0,75548000.0,19914000.0,52375.0,0.468,0.117510006,0.85415,95887733.0,Yahoo Finance / yfinance get_info,2026-10-08,0.0,-9.43395939956302,-16.52173926564381,False,MANQUANTE,MANQUANTE,MANQUANTE,MANQUANTE,MANQUANTE,MANQUANTE,MANQUANTE,MANQUANTE,MANQUANTE,MANQUANTE,MANQUANTE,MANQUANTE,MANQUANTE,MANQUANTE,MANQUANTE,A_COMPLETER_PREUVES_SSI,A_VERIFIER,MANQUANTE,B1: référence de preuve absente | B2: référence de preuve absente | B3: référence de preuve absente | B4: référence de preuve absente | B5: référence de preuve absente | B6: référence de preuve absente | B7: référence de preuve absente | exclusions non vérifiées | preuve du contrôle des exclusions absente
PDXN.F,Pro-Dex Inc.                  R,Allemagne,184191712.0,9342000.0,18942000.0,14385000.0,5403875.0,0.166,0.31381,0.36263,3203334.0,Yahoo Finance / yfinance get_info,2026-10-08,0.0,4.545454545454541,30.681818181818187,True,MANQUANTE,MANQUANTE,MANQUANTE,MANQUANTE,MANQUANTE,MANQUANTE,MANQUANTE,MANQUANTE,MANQUANTE,MANQUANTE,MANQUANTE,MANQUANTE,MANQUANTE,MANQUANTE,MANQUANTE,A_COMPLETER_PREUVES_SSI,A_VERIFIER,MANQUANTE,B1: référence de preuve absente | B2: référence de preuve absente | B3: référence de preuve absente | B4: référence de preuve absente | B5: référence de preuve absente | B6: référence de preuve absente | B7: référence de preuve absente | exclusions non vérifiées | preuve du contrôle des exclusions absente
41I.F,Ares Commercial Real Est.Corp.R,Allemagne,184752096.0,17558000.0,1262749056.0,,,-0.588,1.0,0.0634,55481113.0,Yahoo Finance / yfinance get_info,2026-10-08,0.0,-13.730569580147955,-22.648082311511686,False,MANQUANTE,MANQUANTE,MANQUANTE,MANQUANTE,MANQUANTE,MANQUANTE,MANQUANTE,MANQUANTE,MANQUANTE,MANQUANTE,MANQUANTE,MANQUANTE,MANQUANTE,MANQUANTE,MANQUANTE,A_COMPLETER_PREUVES_SSI,A_VERIFIER,MANQUANTE,B1: référence de preuve absente | B2: référence de preuve absente | B3: référence de preuve absente | B4: référence de preuve absente | B5: référence de preuve absente | B6: référence de preuve absente | B7: référence de preuve absente | exclusions non vérifiées | preuve du contrôle des exclusions absente
PSQ.F,Somboon Advance Technology PCLR,Allemagne,185103488.0,3608392960.0,53475000.0,1238313344.0,823130752.0,-0.068,0.21521,0.0,0.0,Yahoo Finance / yfinance get_info,2026-10-08,0.0,2.4875597547669326,13.18681561605699,True,MANQUANTE,MANQUANTE,MANQUANTE,MANQUANTE,MANQUANTE,MANQUANTE,MANQUANTE,MANQUANTE,MANQUANTE,MANQUANTE,MANQUANTE,MANQUANTE,MANQUANTE,MANQUANTE,MANQUANTE,A_COMPLETER_PREUVES_SSI,A_VERIFIER,MANQUANTE,B1: référence de preuve absente | B2: référence de preuve absente | B3: référence de preuve absente | B4: référence de preuve absente | B5: référence de preuve absente | B6: référence de preuve absente | B7: référence de preuve absente | exclusions non vérifiées | preuve du contrôle des exclusions absente
MUY.F,MULBERRY GROUP PLC            R,Allemagne,185223888.0,6679000.0,71746000.0,-2483000.0,1723750.0,0.113,0.71902,0.94111,70160564.0,Yahoo Finance / yfinance get_info,2026-10-08,0.0,79.59184037568279,165.32664243742855,True,MANQUANTE,MANQUANTE,MANQUANTE,MANQUANTE,MANQUANTE,MANQUANTE,MANQUANTE,MANQUANTE,MANQUANTE,MANQUANTE,MANQUANTE,MANQUANTE,MANQUANTE,MANQUANTE,MANQUANTE,A_COMPLETER_PREUVES_SSI,A_VERIFIER,MANQUANTE,B1: référence de preuve absente | B2: référence de preuve absente | B3: référence de preuve absente | B4: référence de preuve absente | B5: référence de preuve absente | B6: référence de preuve absente | B7: référence de preuve absente | exclusions non vérifiées | preuve du contrôle des exclusions absente
IMY.F,IMMSI S.P.A.                  A,Allemagne,185476128.0,244490000.0,1114434048.0,213012992.0,97725872.0,0.067,0.26926002,0.5364,340530000.0,Yahoo Finance / yfinance get_info,2026-10-08,0.0,-0.2079037244971715,9.714283261980338,True,MANQUANTE,MANQUANTE,MANQUANTE,MANQUANTE,MANQUANTE,MANQUANTE,MANQUANTE,MANQUANTE,MANQUANTE,MANQUANTE,MANQUANTE,MANQUANTE,MANQUANTE,MANQUANTE,MANQUANTE,A_COMPLETER_PREUVES_SSI,A_VERIFIER,MANQUANTE,B1: référence de preuve absente | B2: référence de preuve absente | B3: référence de preuve absente | B4: référence de preuve absente | B5: référence de preuve absente | B6: référence de preuve absente | B7: référence de preuve absente | exclusions non vérifiées | preuve du contrôle des exclusions absente
27K.SG,Kangda International Environmen,Allemagne,185714176.0,628060032.0,9010538496.0,883512000.0,272107872.0,-0.09,0.4713,0.7014,2307008500.0,Yahoo Finance / yfinance get_info,2026-10-08,0.0,-1.8292719492735363,9.523808558395784,True,MANQUANTE,MANQUANTE,MANQUANTE,MANQUANTE,MANQUANTE,MANQUANTE,MANQUANTE,MANQUANTE,MANQUANTE,MANQUANTE,MANQUANTE,MANQUANTE,MANQUANTE,MANQUANTE,MANQUANTE,A_COMPLETER_PREUVES_SSI,A_VERIFIER,MANQUANTE,B1: référence de preuve absente | B2: référence de preuve absente | B3: référence de preuve absente | B4: référence de preuve absente | B5: référence de preuve absente | B6: référence de preuve absente | B7: référence de preuve absente | exclusions non vérifiées | preuve du contrôle des exclusions absente
5PMA.F,GreenX Metals Ltd.            R,Allemagne,185948752.0,13522444.0,630756.0,-10634378.0,-6459591.0,0.133,1.0,0.08606,312256505.0,Yahoo Finance / yfinance get_info,2026-10-08,0.0,6.720423359593197,14.18983742504274,True,MANQUANTE,MANQUANTE,MANQUANTE,MANQUANTE,MANQUANTE,MANQUANTE,MANQUANTE,MANQUANTE,MANQUANTE,MANQUANTE,MANQUANTE,MANQUANTE,MANQUANTE,MANQUANTE,MANQUANTE,A_COMPLETER_PREUVES_SSI,A_VERIFIER,MANQUANTE,B1: référence de preuve absente | B2: référence de preuve absente | B3: référence de preuve absente | B4: référence de preuve absente | B5: référence de preuve absente | B6: référence de preuve absente | B7: référence de preuve absente | exclusions non vérifiées | preuve du contrôle des exclusions absente
6Z8.F,eVISO S.p.A.                  A,Allemagne,186298016.0,24866594.0,14380917.0,9174378.0,2314571.0,-0.084,0.04936,0.71667,22257828.0,Yahoo Finance / yfinance get_info,2026-10-08,0.0,-10.193131334464644,4.1044766824849255,False,MANQUANTE,MANQUANTE,MANQUANTE,MANQUANTE,MANQUANTE,MANQUANTE,MANQUANTE,MANQUANTE,MANQUANTE,MANQUANTE,MANQUANTE,MANQUANTE,MANQUANTE,MANQUANTE,MANQUANTE,A_COMPLETER_PREUVES_SSI,A_VERIFIER,MANQUANTE,B1: référence de preuve absente | B2: référence de preuve absente | B3: référence de preuve absente | B4: référence de preuve absente | B5: référence de preuve absente | B6: référence de preuve absente | B7: référence de preuve absente | exclusions non vérifiées | preuve du contrôle des exclusions absente
TQW.F,TULLOW OIL PLC                R,Allemagne,186347840.0,187500000.0,1947399936.0,685500032.0,402862496.0,0.209,0.38564998,0.22243,1515023041.0,Yahoo Finance / yfinance get_info,2026-10-08,0.0,-16.891890667362585,-7.169803745511095,False,MANQUANTE,MANQUANTE,MANQUANTE,MANQUANTE,MANQUANTE,MANQUANTE,MANQUANTE,MANQUANTE,MANQUANTE,MANQUANTE,MANQUANTE,MANQUANTE,MANQUANTE,MANQUANTE,MANQUANTE,A_COMPLETER_PREUVES_SSI,A_VERIFIER,MANQUANTE,B1: référence de preuve absente | B2: référence de preuve absente | B3: référence de preuve absente | B4: référence de preuve absente | B5: référence de preuve absente | B6: référence de preuve absente | B7: référence de preuve absente | exclusions non vérifiées | preuve du contrôle des exclusions absente
CCP.SG,Celtic PLC,Allemagne,186473872.0,66385000.0,5277000.0,-7711000.0,-8948500.0,-0.142,-0.1001,0.57884,95139731.0,Yahoo Finance / yfinance get_info,2026-10-08,0.0,-21.599998474121097,-8.41121766044316,False,MANQUANTE,MANQUANTE,MANQUANTE,MANQUANTE,MANQUANTE,MANQUANTE,MANQUANTE,MANQUANTE,MANQUANTE,MANQUANTE,MANQUANTE,MANQUANTE,MANQUANTE,MANQUANTE,MANQUANTE,A_COMPLETER_PREUVES_SSI,A_VERIFIER,MANQUANTE,B1: référence de preuve absente | B2: référence de preuve absente | B3: référence de preuve absente | B4: référence de preuve absente | B5: référence de preuve absente | B6: référence de preuve absente | B7: référence de preuve absente | exclusions non vérifiées | preuve du contrôle des exclusions absente
3DO.F,dotDigital Group PLC          R,Allemagne,186658128.0,36100000.0,1553000.0,15439000.0,10574250.0,0.043,0.80099,0.10444,303509139.0,Yahoo Finance / yfinance get_info,2026-10-08,0.0,18.2692369413096,23.99193943302762,True,MANQUANTE,MANQUANTE,MANQUANTE,MANQUANTE,MANQUANTE,MANQUANTE,MANQUANTE,MANQUANTE,MANQUANTE,MANQUANTE,MANQUANTE,MANQUANTE,MANQUANTE,MANQUANTE,MANQUANTE,A_COMPLETER_PREUVES_SSI,A_VERIFIER,MANQUANTE,B1: référence de preuve absente | B2: référence de preuve absente | B3: référence de preuve absente | B4: référence de preuve absente | B5: référence de preuve absente | B6: référence de preuve absente | B7: référence de preuve absente | exclusions non vérifiées | preuve du contrôle des exclusions absente
9KJ.F,NX Filtration B.V.            A,Allemagne,186679232.0,18420000.0,25708000.0,-16221000.0,-10698750.0,0.171,0.49566,0.63092,58065080.0,Yahoo Finance / yfinance get_info,2026-10-08,0.0,-17.139179913849787,20.637897192833663,True,MANQUANTE,MANQUANTE,MANQUANTE,MANQUANTE,MANQUANTE,MANQUANTE,MANQUANTE,MANQUANTE,MANQUANTE,MANQUANTE,MANQUANTE,MANQUANTE,MANQUANTE,MANQUANTE,MANQUANTE,A_COMPLETER_PREUVES_SSI,A_VERIFIER,MANQUANTE,B1: référence de preuve absente | B2: référence de preuve absente | B3: référence de preuve absente | B4: référence de preuve absente | B5: référence de preuve absente | B6: référence de preuve absente | B7: référence de preuve absente | exclusions non vérifiées | preuve du contrôle des exclusions absente
433.F,Appen Ltd.                    R,Allemagne,186838752.0,44705000.0,7426000.0,-1819000.0,-5408250.0,0.172,0.20121999,0.09009,268523648.0,Yahoo Finance / yfinance get_info,2026-10-08,0.0,41.25051054476481,-15.393965406402366,False,MANQUANTE,MANQUANTE,MANQUANTE,MANQUANTE,MANQUANTE,MANQUANTE,MANQUANTE,MANQUANTE,MANQUANTE,MANQUANTE,MANQUANTE,MANQUANTE,MANQUANTE,MANQUANTE,MANQUANTE,A_COMPLETER_PREUVES_SSI,A_VERIFIER,MANQUANTE,B1: référence de preuve absente | B2: référence de preuve absente | B3: référence de preuve absente | B4: référence de preuve absente | B5: référence de preuve absente | B6: référence de preuve absente | B7: référence de preuve absente | exclusions non vérifiées | preuve du contrôle des exclusions absente
FTO.F,FEINTOOL INTERNATIONAL HOLDINGN,Allemagne,186957920.0,90308000.0,158414000.0,56533000.0,13038500.0,0.056,0.45778,0.65256,14721096.0,Yahoo Finance / yfinance get_info,2026-10-08,0.0,22.11538726056126,24.50980437988964,True,MANQUANTE,MANQUANTE,MANQUANTE,MANQUANTE,MANQUANTE,MANQUANTE,MANQUANTE,MANQUANTE,MANQUANTE,MANQUANTE,MANQUANTE,MANQUANTE,MANQUANTE,MANQUANTE,MANQUANTE,A_COMPLETER_PREUVES_SSI,A_VERIFIER,MANQUANTE,B1: référence de preuve absente | B2: référence de preuve absente | B3: référence de preuve absente | B4: référence de preuve absente | B5: référence de preuve absente | B6: référence de preuve absente | B7: référence de preuve absente | exclusions non vérifiées | preuve du contrôle des exclusions absente
4RS.F,Reach Subsea ASA              N,Allemagne,187347520.0,410380992.0,2009090944.0,171724992.0,334149120.0,0.444,0.77872,0.69134,326958996.0,Yahoo Finance / yfinance get_info,2026-10-08,0.0,31.57290910702181,-6.065573706418014,True,MANQUANTE,MANQUANTE,MANQUANTE,MANQUANTE,MANQUANTE,MANQUANTE,MANQUANTE,MANQUANTE,MANQUANTE,MANQUANTE,MANQUANTE,MANQUANTE,MANQUANTE,MANQUANTE,MANQUANTE,A_COMPLETER_PREUVES_SSI,A_VERIFIER,MANQUANTE,B1: référence de preuve absente | B2: référence de preuve absente | B3: référence de preuve absente | B4: référence de preuve absente | B5: référence de preuve absente | B6: référence de preuve absente | B7: référence de preuve absente | exclusions non vérifiées | preuve du contrôle des exclusions absente
OT8.F,Eleving Group                 A,Allemagne,187763968.0,39497224.0,513568352.0,,,0.517,0.78186,0.61952,116623580.0,Yahoo Finance / yfinance get_info,2026-10-08,0.0,1.5772855240665962,-1.8292665641127528,False,MANQUANTE,MANQUANTE,MANQUANTE,MANQUANTE,MANQUANTE,MANQUANTE,MANQUANTE,MANQUANTE,MANQUANTE,MANQUANTE,MANQUANTE,MANQUANTE,MANQUANTE,MANQUANTE,MANQUANTE,A_COMPLETER_PREUVES_SSI,A_VERIFIER,MANQUANTE,B1: référence de preuve absente | B2: référence de preuve absente | B3: référence de preuve absente | B4: référence de preuve absente | B5: référence de preuve absente | B6: référence de preuve absente | B7: référence de preuve absente | exclusions non vérifiées | preuve du contrôle des exclusions absente
EZ8.F,Koskisen Oyj                  R,Allemagne,187936704.0,23721000.0,80956000.0,18374000.0,-6804625.0,0.164,0.33988,0.85565,24094449.0,Yahoo Finance / yfinance get_info,2026-10-08,0.0,-4.176905875277914,-17.547567026619916,False,MANQUANTE,MANQUANTE,MANQUANTE,MANQUANTE,MANQUANTE,MANQUANTE,MANQUANTE,MANQUANTE,MANQUANTE,MANQUANTE,MANQUANTE,MANQUANTE,MANQUANTE,MANQUANTE,MANQUANTE,A_COMPLETER_PREUVES_SSI,A_VERIFIER,MANQUANTE,B1: référence de preuve absente | B2: référence de preuve absente | B3: référence de preuve absente | B4: référence de preuve absente | B5: référence de preuve absente | B6: référence de preuve absente | B7: référence de preuve absente | exclusions non vérifiées | preuve du contrôle des exclusions absente
EK9.F,Aplicaciones y Tratamiento de A,Allemagne,188101680.0,17246608.0,20565274.0,19028760.0,10064078.0,0.224,0.09939,0.97690004,50000000.0,Yahoo Finance / yfinance get_info,2026-10-08,0.0,-6.770833236320561,-13.1067955546739,False,MANQUANTE,MANQUANTE,MANQUANTE,MANQUANTE,MANQUANTE,MANQUANTE,MANQUANTE,MANQUANTE,MANQUANTE,MANQUANTE,MANQUANTE,MANQUANTE,MANQUANTE,MANQUANTE,MANQUANTE,A_COMPLETER_PREUVES_SSI,A_VERIFIER,MANQUANTE,B1: référence de preuve absente | B2: référence de preuve absente | B3: référence de preuve absente | B4: référence de preuve absente | B5: référence de preuve absente | B6: référence de preuve absente | B7: référence de preuve absente | exclusions non vérifiées | preuve du contrôle des exclusions absente
ZM3.F,Zumiez Inc.                   R,Allemagne,188566544.0,97265000.0,227204000.0,42144000.0,24034250.0,-0.025,0.36118,0.25553,15330613.0,Yahoo Finance / yfinance get_info,2026-10-08,0.0,-21.656048788763748,-39.70588029049669,False,MANQUANTE,MANQUANTE,MANQUANTE,MANQUANTE,MANQUANTE,MANQUANTE,MANQUANTE,MANQUANTE,MANQUANTE,MANQUANTE,MANQUANTE,MANQUANTE,MANQUANTE,MANQUANTE,MANQUANTE,A_COMPLETER_PREUVES_SSI,A_VERIFIER,MANQUANTE,B1: référence de preuve absente | B2: référence de preuve absente | B3: référence de preuve absente | B4: référence de preuve absente | B5: référence de preuve absente | B6: référence de preuve absente | B7: référence de preuve absente | exclusions non vérifiées | preuve du contrôle des exclusions absente
000.F,Bitzero Holdings Inc.         R,Allemagne,188664336.0,2453673.0,18181752.0,-18025060.0,2423605.0,0.655,0.023359999,0.27719,61425708.0,Yahoo Finance / yfinance get_info,2026-10-08,21200.499258041385,-56.78832000938916,45.098043798896256,False,MANQUANTE,MANQUANTE,MANQUANTE,MANQUANTE,MANQUANTE,MANQUANTE,MANQUANTE,MANQUANTE,MANQUANTE,MANQUANTE,MANQUANTE,MANQUANTE,MANQUANTE,MANQUANTE,MANQUANTE,A_COMPLETER_PREUVES_SSI,A_VERIFIER,MANQUANTE,B1: référence de preuve absente | B2: référence de preuve absente | B3: référence de preuve absente | B4: référence de preuve absente | B5: référence de preuve absente | B6: référence de preuve absente | B7: référence de preuve absente | exclusions non vérifiées | preuve du contrôle des exclusions absente
TXC2.F,Teixeira Duarte S.A.          N,Allemagne,189000000.0,102159000.0,604926016.0,37892000.0,138020752.0,0.248,0.79986,0.35872,420000000.0,Yahoo Finance / yfinance get_info,2026-10-08,0.0,-5.759163153269253,7.142857649699375,False,MANQUANTE,MANQUANTE,MANQUANTE,MANQUANTE,MANQUANTE,MANQUANTE,MANQUANTE,MANQUANTE,MANQUANTE,MANQUANTE,MANQUANTE,MANQUANTE,MANQUANTE,MANQUANTE,MANQUANTE,A_COMPLETER_PREUVES_SSI,A_VERIFIER,MANQUANTE,B1: référence de preuve absente | B2: référence de preuve absente | B3: référence de preuve absente | B4: référence de preuve absente | B5: référence de preuve absente | B6: référence de preuve absente | B7: référence de preuve absente | exclusions non vérifiées | preuve du contrôle des exclusions absente
JCM.F,JAPAN CASH MACHINE CO. LTD.   R,Allemagne,189875248.0,24708286464.0,8700000256.0,4356871168.0,3598026240.0,0.351,0.41426,0.2673,27125037.0,Yahoo Finance / yfinance get_info,2026-10-08,0.0,23.89380321850729,32.07546694501959,True,MANQUANTE,MANQUANTE,MANQUANTE,MANQUANTE,MANQUANTE,MANQUANTE,MANQUANTE,MANQUANTE,MANQUANTE,MANQUANTE,MANQUANTE,MANQUANTE,MANQUANTE,MANQUANTE,MANQUANTE,A_COMPLETER_PREUVES_SSI,A_VERIFIER,MANQUANTE,B1: référence de preuve absente | B2: référence de preuve absente | B3: référence de preuve absente | B4: référence de preuve absente | B5: référence de preuve absente | B6: référence de preuve absente | B7: référence de preuve absente | exclusions non vérifiées | preuve du contrôle des exclusions absente
BUOB.F,BANG & OLUFSEN AS             N,Allemagne,190374496.0,374000000.0,617000000.0,65000000.0,-131875000.0,-0.063,0.58509,0.25438,144661480.0,Yahoo Finance / yfinance get_info,2026-10-08,0.0,15.845065286497384,5.279998779296879,True,MANQUANTE,MANQUANTE,MANQUANTE,MANQUANTE,MANQUANTE,MANQUANTE,MANQUANTE,MANQUANTE,MANQUANTE,MANQUANTE,MANQUANTE,MANQUANTE,MANQUANTE,MANQUANTE,MANQUANTE,A_COMPLETER_PREUVES_SSI,A_VERIFIER,MANQUANTE,B1: référence de preuve absente | B2: référence de preuve absente | B3: référence de preuve absente | B4: référence de preuve absente | B5: référence de preuve absente | B6: référence de preuve absente | B7: référence de preuve absente | exclusions non vérifiées | preuve du contrôle des exclusions absente
2L2.F,Limoneira Co.                 R,Allemagne,190386080.0,2210000.0,108971000.0,-23055000.0,-21012376.0,-0.077,-0.081070006,0.09688,18132007.0,Yahoo Finance / yfinance get_info,2026-10-08,0.0,-7.894733760055194,-0.9433997912352998,False,MANQUANTE,MANQUANTE,MANQUANTE,MANQUANTE,MANQUANTE,MANQUANTE,MANQUANTE,MANQUANTE,MANQUANTE,MANQUANTE,MANQUANTE,MANQUANTE,MANQUANTE,MANQUANTE,MANQUANTE,A_COMPLETER_PREUVES_SSI,A_VERIFIER,MANQUANTE,B1: référence de preuve absente | B2: référence de preuve absente | B3: référence de preuve absente | B4: référence de preuve absente | B5: référence de preuve absente | B6: référence de preuve absente | B7: référence de preuve absente | exclusions non vérifiées | preuve du contrôle des exclusions absente
S13.F,Qingdao AInnovation Tech.Grp. R,Allemagne,190586784.0,758579968.0,87248000.0,-165071008.0,80193624.0,0.186,0.35189,0.49321997,517898838.0,Yahoo Finance / yfinance get_info,2026-10-08,0.0,-14.018692044318836,-27.128712041578307,False,MANQUANTE,MANQUANTE,MANQUANTE,MANQUANTE,MANQUANTE,MANQUANTE,MANQUANTE,MANQUANTE,MANQUANTE,MANQUANTE,MANQUANTE,MANQUANTE,MANQUANTE,MANQUANTE,MANQUANTE,A_COMPLETER_PREUVES_SSI,A_VERIFIER,MANQUANTE,B1: référence de preuve absente | B2: référence de preuve absente | B3: référence de preuve absente | B4: référence de preuve absente | B5: référence de preuve absente | B6: référence de preuve absente | B7: référence de preuve absente | exclusions non vérifiées | preuve du contrôle des exclusions absente
CHC1.F,Hot Chili Ltd.                R,Allemagne,190727568.0,24947836.0,428122.0,-10835420.0,-24494556.0,-0.083,1.0,0.25386,202901656.0,Yahoo Finance / yfinance get_info,2026-10-08,0.0,-0.5291000285156167,5.027934932771294,False,MANQUANTE,MANQUANTE,MANQUANTE,MANQUANTE,MANQUANTE,MANQUANTE,MANQUANTE,MANQUANTE,MANQUANTE,MANQUANTE,MANQUANTE,MANQUANTE,MANQUANTE,MANQUANTE,MANQUANTE,A_COMPLETER_PREUVES_SSI,A_VERIFIER,MANQUANTE,B1: référence de preuve absente | B2: référence de preuve absente | B3: référence de preuve absente | B4: référence de preuve absente | B5: référence de preuve absente | B6: référence de preuve absente | B7: référence de preuve absente | exclusions non vérifiées | preuve du contrôle des exclusions absente
4ZL.F,Alta Equipment Group Inc.     R,Allemagne,191101200.0,20900000.0,1182899968.0,44000000.0,67087500.0,-0.012,0.25901,0.26913,32666872.0,Yahoo Finance / yfinance get_info,2026-10-08,0.0,2.6315807085398824,13.592229054418969,True,MANQUANTE,MANQUANTE,MANQUANTE,MANQUANTE,MANQUANTE,MANQUANTE,MANQUANTE,MANQUANTE,MANQUANTE,MANQUANTE,MANQUANTE,MANQUANTE,MANQUANTE,MANQUANTE,MANQUANTE,A_COMPLETER_PREUVES_SSI,A_VERIFIER,MANQUANTE,B1: référence de preuve absente | B2: référence de preuve absente | B3: référence de preuve absente | B4: référence de preuve absente | B5: référence de preuve absente | B6: référence de preuve absente | B7: référence de preuve absente | exclusions non vérifiées | preuve du contrôle des exclusions absente
0CD.F,Canatu Oyj                    R,Allemagne,191151584.0,72871000.0,2096000.0,-15725000.0,-18034124.0,-0.427,0.75668997,0.53672004,33768141.0,Yahoo Finance / yfinance get_info,2026-10-08,0.0,-25.30612459385313,-22.567000663402204,False,MANQUANTE,MANQUANTE,MANQUANTE,MANQUANTE,MANQUANTE,MANQUANTE,MANQUANTE,MANQUANTE,MANQUANTE,MANQUANTE,MANQUANTE,MANQUANTE,MANQUANTE,MANQUANTE,MANQUANTE,A_COMPLETER_PREUVES_SSI,A_VERIFIER,MANQUANTE,B1: référence de preuve absente | B2: référence de preuve absente | B3: référence de preuve absente | B4: référence de preuve absente | B5: référence de preuve absente | B6: référence de preuve absente | B7: référence de preuve absente | exclusions non vérifiées | preuve du contrôle des exclusions absente
3XT.F,EXCO TECHNOLOGIES LTD.        R,Allemagne,191184144.0,26102000.0,96702000.0,74961000.0,26655624.0,0.068,0.20242001,0.53099996,37487086.0,Yahoo Finance / yfinance get_info,2026-10-08,0.0,11.842104575200295,14.349772668421345,True,MANQUANTE,MANQUANTE,MANQUANTE,MANQUANTE,MANQUANTE,MANQUANTE,MANQUANTE,MANQUANTE,MANQUANTE,MANQUANTE,MANQUANTE,MANQUANTE,MANQUANTE,MANQUANTE,MANQUANTE,A_COMPLETER_PREUVES_SSI,A_VERIFIER,MANQUANTE,B1: référence de preuve absente | B2: référence de preuve absente | B3: référence de preuve absente | B4: référence de preuve absente | B5: référence de preuve absente | B6: référence de preuve absente | B7: référence de preuve absente | exclusions non vérifiées | preuve du contrôle des exclusions absente
I8D.F,ISDN Holdings Ltd.            R,Allemagne,191321504.0,66924000.0,88503000.0,46554000.0,32942376.0,0.152,0.24288,0.36289,455527383.0,Yahoo Finance / yfinance get_info,2026-10-08,0.0,2.941175181560429,69.35483618997009,True,MANQUANTE,MANQUANTE,MANQUANTE,MANQUANTE,MANQUANTE,MANQUANTE,MANQUANTE,MANQUANTE,MANQUANTE,MANQUANTE,MANQUANTE,MANQUANTE,MANQUANTE,MANQUANTE,MANQUANTE,A_COMPLETER_PREUVES_SSI,A_VERIFIER,MANQUANTE,B1: référence de preuve absente | B2: référence de preuve absente | B3: référence de preuve absente | B4: référence de preuve absente | B5: référence de preuve absente | B6: référence de preuve absente | B7: référence de preuve absente | exclusions non vérifiées | preuve du contrôle des exclusions absente
HF5.F,Honma Golf Ltd                R,Allemagne,191383040.0,18159212544.0,8264096768.0,637091968.0,881012224.0,0.214,0.53723997,0.68669,605642500.0,Yahoo Finance / yfinance get_info,2026-10-08,0.0,6.040270537074832,2.597407875263724,False,MANQUANTE,MANQUANTE,MANQUANTE,MANQUANTE,MANQUANTE,MANQUANTE,MANQUANTE,MANQUANTE,MANQUANTE,MANQUANTE,MANQUANTE,MANQUANTE,MANQUANTE,MANQUANTE,MANQUANTE,A_COMPLETER_PREUVES_SSI,A_VERIFIER,MANQUANTE,B1: référence de preuve absente | B2: référence de preuve absente | B3: référence de preuve absente | B4: référence de preuve absente | B5: référence de preuve absente | B6: référence de preuve absente | B7: référence de preuve absente | exclusions non vérifiées | preuve du contrôle des exclusions absente
7XR.F,IBJ Inc.                      R,Allemagne,191519200.0,7133000192.0,12924000256.0,5740000256.0,3096124928.0,0.346,0.88018996,0.48926997,37924594.0,Yahoo Finance / yfinance get_info,2026-10-08,0.0,11.233485312050018,33.597889654961,True,MANQUANTE,MANQUANTE,MANQUANTE,MANQUANTE,MANQUANTE,MANQUANTE,MANQUANTE,MANQUANTE,MANQUANTE,MANQUANTE,MANQUANTE,MANQUANTE,MANQUANTE,MANQUANTE,MANQUANTE,A_COMPLETER_PREUVES_SSI,A_VERIFIER,MANQUANTE,B1: référence de preuve absente | B2: référence de preuve absente | B3: référence de preuve absente | B4: référence de preuve absente | B5: référence de preuve absente | B6: référence de preuve absente | B7: référence de preuve absente | exclusions non vérifiées | preuve du contrôle des exclusions absente
1E91.SG,Econocom Group S.A.,Allemagne,191812576.0,396100000.0,689600000.0,88100000.0,137075008.0,-0.037,0.1019,0.548,146421832.0,Yahoo Finance / yfinance get_info,2026-10-08,0.0,-2.9629689152511185,-4.37956655328442,False,MANQUANTE,MANQUANTE,MANQUANTE,MANQUANTE,MANQUANTE,MANQUANTE,MANQUANTE,MANQUANTE,MANQUANTE,MANQUANTE,MANQUANTE,MANQUANTE,MANQUANTE,MANQUANTE,MANQUANTE,A_COMPLETER_PREUVES_SSI,A_VERIFIER,MANQUANTE,B1: référence de preuve absente | B2: référence de preuve absente | B3: référence de preuve absente | B4: référence de preuve absente | B5: référence de preuve absente | B6: référence de preuve absente | B7: référence de preuve absente | exclusions non vérifiées | preuve du contrôle des exclusions absente
35J.F,Canaan Inc.                   R,Allemagne,192124896.0,68300000.0,70655000.0,-110754000.0,-71842496.0,-0.682,-0.047659997,0.09300999,711129417.0,Yahoo Finance / yfinance get_info,2026-10-08,0.0,3.550285214674864,-38.45252224430708,False,MANQUANTE,MANQUANTE,MANQUANTE,MANQUANTE,MANQUANTE,MANQUANTE,MANQUANTE,MANQUANTE,MANQUANTE,MANQUANTE,MANQUANTE,MANQUANTE,MANQUANTE,MANQUANTE,MANQUANTE,A_COMPLETER_PREUVES_SSI,A_VERIFIER,MANQUANTE,B1: référence de preuve absente | B2: référence de preuve absente | B3: référence de preuve absente | B4: référence de preuve absente | B5: référence de preuve absente | B6: référence de preuve absente | B7: référence de preuve absente | exclusions non vérifiées | preuve du contrôle des exclusions absente
9YG.F,Deep Value Driller AS         N,Allemagne,192159632.0,84715040.0,93053000.0,46557744.0,101861328.0,-0.186,1.0,0.50976,93508333.0,Yahoo Finance / yfinance get_info,2026-10-08,0.0,12.541078568584972,9.308514466459483,True,MANQUANTE,MANQUANTE,MANQUANTE,MANQUANTE,MANQUANTE,MANQUANTE,MANQUANTE,MANQUANTE,MANQUANTE,MANQUANTE,MANQUANTE,MANQUANTE,MANQUANTE,MANQUANTE,MANQUANTE,A_COMPLETER_PREUVES_SSI,A_VERIFIER,MANQUANTE,B1: référence de preuve absente | B2: référence de preuve absente | B3: référence de preuve absente | B4: référence de preuve absente | B5: référence de preuve absente | B6: référence de preuve absente | B7: référence de preuve absente | exclusions non vérifiées | preuve du contrôle des exclusions absente
WWY1.SG,E-Commodities Holdings Ltd.,Allemagne,192224368.0,2825006080.0,3215630080.0,940920000.0,-1898842880.0,0.104,0.04917,0.57041,2669782962.0,Yahoo Finance / yfinance get_info,2026-10-08,0.0,46.93877302771152,-5.263158926673251,False,MANQUANTE,MANQUANTE,MANQUANTE,MANQUANTE,MANQUANTE,MANQUANTE,MANQUANTE,MANQUANTE,MANQUANTE,MANQUANTE,MANQUANTE,MANQUANTE,MANQUANTE,MANQUANTE,MANQUANTE,A_COMPLETER_PREUVES_SSI,A_VERIFIER,MANQUANTE,B1: référence de preuve absente | B2: référence de preuve absente | B3: référence de preuve absente | B4: référence de preuve absente | B5: référence de preuve absente | B6: référence de preuve absente | B7: référence de preuve absente | exclusions non vérifiées | preuve du contrôle des exclusions absente
BAI0.F,Cerrado Gold Inc.             R,Allemagne,192367152.0,25290000.0,62616000.0,77261000.0,20370750.0,1.182,0.54374003,0.066149995,138793047.0,Yahoo Finance / yfinance get_info,2026-10-08,0.0,39.71774796824465,28.09611970463419,True,MANQUANTE,MANQUANTE,MANQUANTE,MANQUANTE,MANQUANTE,MANQUANTE,MANQUANTE,MANQUANTE,MANQUANTE,MANQUANTE,MANQUANTE,MANQUANTE,MANQUANTE,MANQUANTE,MANQUANTE,A_COMPLETER_PREUVES_SSI,A_VERIFIER,MANQUANTE,B1: référence de preuve absente | B2: référence de preuve absente | B3: référence de preuve absente | B4: référence de preuve absente | B5: référence de preuve absente | B6: référence de preuve absente | B7: référence de preuve absente | exclusions non vérifiées | preuve du contrôle des exclusions absente
89W.F,Ecoener S.A.                  A,Allemagne,192936368.0,84198000.0,723889984.0,47988000.0,-25807000.0,0.287,0.83802,0.86091006,56913380.0,Yahoo Finance / yfinance get_info,2026-10-08,0.0,-16.707617643161566,-24.999997362626324,False,MANQUANTE,MANQUANTE,MANQUANTE,MANQUANTE,MANQUANTE,MANQUANTE,MANQUANTE,MANQUANTE,MANQUANTE,MANQUANTE,MANQUANTE,MANQUANTE,MANQUANTE,MANQUANTE,MANQUANTE,A_COMPLETER_PREUVES_SSI,A_VERIFIER,MANQUANTE,B1: référence de preuve absente | B2: référence de preuve absente | B3: référence de preuve absente | B4: référence de preuve absente | B5: référence de preuve absente | B6: référence de preuve absente | B7: référence de preuve absente | exclusions non vérifiées | preuve du contrôle des exclusions absente
UZQ.F,Kogan.Com Ltd                 R,Allemagne,192983792.0,36794000.0,17361000.0,26038000.0,38449876.0,0.036,0.41299,0.24191,95536528.0,Yahoo Finance / yfinance get_info,2026-10-08,0.0,-19.84126999144531,-15.126055302689402,False,MANQUANTE,MANQUANTE,MANQUANTE,MANQUANTE,MANQUANTE,MANQUANTE,MANQUANTE,MANQUANTE,MANQUANTE,MANQUANTE,MANQUANTE,MANQUANTE,MANQUANTE,MANQUANTE,MANQUANTE,A_COMPLETER_PREUVES_SSI,A_VERIFIER,MANQUANTE,B1: référence de preuve absente | B2: référence de preuve absente | B3: référence de preuve absente | B4: référence de preuve absente | B5: référence de preuve absente | B6: référence de preuve absente | B7: référence de preuve absente | exclusions non vérifiées | preuve du contrôle des exclusions absente
3T00.F,Titan Mining Corp.            R,Allemagne,193011648.0,13302000.0,26248000.0,14819000.0,-4341875.0,0.573,0.34672,0.54013,98980326.0,Yahoo Finance / yfinance get_info,2026-10-08,0.0,0.515463410737449,-19.42148817325661,False,MANQUANTE,MANQUANTE,MANQUANTE,MANQUANTE,MANQUANTE,MANQUANTE,MANQUANTE,MANQUANTE,MANQUANTE,MANQUANTE,MANQUANTE,MANQUANTE,MANQUANTE,MANQUANTE,MANQUANTE,A_COMPLETER_PREUVES_SSI,A_VERIFIER,MANQUANTE,B1: référence de preuve absente | B2: référence de preuve absente | B3: référence de preuve absente | B4: référence de preuve absente | B5: référence de preuve absente | B6: référence de preuve absente | B7: référence de preuve absente | exclusions non vérifiées | preuve du contrôle des exclusions absente
TQ2.F,TOYO KANETSU K.K.             R,Allemagne,193123344.0,11063000064.0,17920000000.0,3335500032.0,,0.104,0.20573999,0.0643,14970802.0,Yahoo Finance / yfinance get_info,2026-10-08,0.0,-0.7692337036132812,-17.834396335995383,False,MANQUANTE,MANQUANTE,MANQUANTE,MANQUANTE,MANQUANTE,MANQUANTE,MANQUANTE,MANQUANTE,MANQUANTE,MANQUANTE,MANQUANTE,MANQUANTE,MANQUANTE,MANQUANTE,MANQUANTE,A_COMPLETER_PREUVES_SSI,A_VERIFIER,MANQUANTE,B1: référence de preuve absente | B2: référence de preuve absente | B3: référence de preuve absente | B4: référence de preuve absente | B5: référence de preuve absente | B6: référence de preuve absente | B7: référence de preuve absente | exclusions non vérifiées | preuve du contrôle des exclusions absente
2FH.F,Fourlis Holdings S.A.         N,Allemagne,193364032.0,46980000.0,626288000.0,21872000.0,1705875.0,0.035,0.46730998,0.17778,51840225.0,Yahoo Finance / yfinance get_info,2026-10-08,0.0,-14.252871244866194,-14.055302121375924,False,MANQUANTE,MANQUANTE,MANQUANTE,MANQUANTE,MANQUANTE,MANQUANTE,MANQUANTE,MANQUANTE,MANQUANTE,MANQUANTE,MANQUANTE,MANQUANTE,MANQUANTE,MANQUANTE,MANQUANTE,A_COMPLETER_PREUVES_SSI,A_VERIFIER,MANQUANTE,B1: référence de preuve absente | B2: référence de preuve absente | B3: référence de preuve absente | B4: référence de preuve absente | B5: référence de preuve absente | B6: référence de preuve absente | B7: référence de preuve absente | exclusions non vérifiées | preuve du contrôle des exclusions absente
ZVR.F,Solar A/S                     N,Allemagne,193562704.0,78000000.0,2395000064.0,227000000.0,-420000000.0,0.14,0.19814,0.15455,7049187.0,Yahoo Finance / yfinance get_info,2026-10-08,0.0,-4.50980242560891,-9.64749650413792,False,MANQUANTE,MANQUANTE,MANQUANTE,MANQUANTE,MANQUANTE,MANQUANTE,MANQUANTE,MANQUANTE,MANQUANTE,MANQUANTE,MANQUANTE,MANQUANTE,MANQUANTE,MANQUANTE,MANQUANTE,A_COMPLETER_PREUVES_SSI,A_VERIFIER,MANQUANTE,B1: référence de preuve absente | B2: référence de preuve absente | B3: référence de preuve absente | B4: référence de preuve absente | B5: référence de preuve absente | B6: référence de preuve absente | B7: référence de preuve absente | exclusions non vérifiées | preuve du contrôle des exclusions absente
BY9.F,Qunabox Group Ltd.            R,Allemagne,193740000.0,1954852992.0,519673984.0,384664000.0,105782752.0,0.222,0.58318,0.56627,263591846.0,Yahoo Finance / yfinance get_info,2026-10-08,0.0,-18.784526238558207,-62.30769249579375,False,MANQUANTE,MANQUANTE,MANQUANTE,MANQUANTE,MANQUANTE,MANQUANTE,MANQUANTE,MANQUANTE,MANQUANTE,MANQUANTE,MANQUANTE,MANQUANTE,MANQUANTE,MANQUANTE,MANQUANTE,A_COMPLETER_PREUVES_SSI,A_VERIFIER,MANQUANTE,B1: référence de preuve absente | B2: référence de preuve absente | B3: référence de preuve absente | B4: référence de preuve absente | B5: référence de preuve absente | B6: référence de preuve absente | B7: référence de preuve absente | exclusions non vérifiées | preuve du contrôle des exclusions absente
PBDA.F,Protalix BioTherapeutics Inc. R,Allemagne,193774784.0,40656000.0,9207000.0,24860000.0,2992375.0,0.271,0.45768002,0.03878,80571642.0,Yahoo Finance / yfinance get_info,2026-10-08,0.0,14.251779078288497,24.09700806821773,True,MANQUANTE,MANQUANTE,MANQUANTE,MANQUANTE,MANQUANTE,MANQUANTE,MANQUANTE,MANQUANTE,MANQUANTE,MANQUANTE,MANQUANTE,MANQUANTE,MANQUANTE,MANQUANTE,MANQUANTE,A_COMPLETER_PREUVES_SSI,A_VERIFIER,MANQUANTE,B1: référence de preuve absente | B2: référence de preuve absente | B3: référence de preuve absente | B4: référence de preuve absente | B5: référence de preuve absente | B6: référence de preuve absente | B7: référence de preuve absente | exclusions non vérifiées | preuve du contrôle des exclusions absente
5TJ.F,Computer Modelling Group Ltd. R,Allemagne,194304000.0,21369000.0,43743000.0,34182000.0,18289000.0,-0.06,0.81725,0.02036,73600000.0,Yahoo Finance / yfinance get_info,2026-10-08,0.0,13.793111244365177,7.317075770973958,,MANQUANTE,MANQUANTE,MANQUANTE,MANQUANTE,MANQUANTE,MANQUANTE,MANQUANTE,MANQUANTE,MANQUANTE,MANQUANTE,MANQUANTE,MANQUANTE,MANQUANTE,MANQUANTE,MANQUANTE,A_COMPLETER_PREUVES_SSI,A_VERIFIER,MANQUANTE,B1: référence de preuve absente | B2: référence de preuve absente | B3: référence de preuve absente | B4: référence de preuve absente | B5: référence de preuve absente | B6: référence de preuve absente | B7: référence de preuve absente | exclusions non vérifiées | preuve du contrôle des exclusions absente
5FM0.F,BEWI Invest ASA               N,Allemagne,194550960.0,1141200000.0,8063499776.0,716600000.0,1951825024.0,0.077,0.58874,0.98236,103210053.0,Yahoo Finance / yfinance get_info,2026-10-08,0.0,4.432135470365206,-8.937195591582736,False,MANQUANTE,MANQUANTE,MANQUANTE,MANQUANTE,MANQUANTE,MANQUANTE,MANQUANTE,MANQUANTE,MANQUANTE,MANQUANTE,MANQUANTE,MANQUANTE,MANQUANTE,MANQUANTE,MANQUANTE,A_COMPLETER_PREUVES_SSI,A_VERIFIER,MANQUANTE,B1: référence de preuve absente | B2: référence de preuve absente | B3: référence de preuve absente | B4: référence de preuve absente | B5: référence de preuve absente | B6: référence de preuve absente | B7: référence de preuve absente | exclusions non vérifiées | preuve du contrôle des exclusions absente
CTNK.F,centrotherm international AG  I,Allemagne,194693888.0,170800992.0,896000.0,29855000.0,51759124.0,-0.424,0.49141997,0.0,21162380.0,Yahoo Finance / yfinance get_info,2026-10-08,0.0,-1.0752728969764092,-20.000001658564027,False,MANQUANTE,MANQUANTE,MANQUANTE,MANQUANTE,MANQUANTE,MANQUANTE,MANQUANTE,MANQUANTE,MANQUANTE,MANQUANTE,MANQUANTE,MANQUANTE,MANQUANTE,MANQUANTE,MANQUANTE,A_COMPLETER_PREUVES_SSI,A_VERIFIER,MANQUANTE,B1: référence de preuve absente | B2: référence de preuve absente | B3: référence de preuve absente | B4: référence de preuve absente | B5: référence de preuve absente | B6: référence de preuve absente | B7: référence de preuve absente | exclusions non vérifiées | preuve du contrôle des exclusions absente
IC5.F,Yamashin-Filter Corp.         R,Allemagne,194808848.0,6880000000.0,3600000000.0,3219000064.0,,0.061,0.43379003,0.48168,69574594.0,Yahoo Finance / yfinance get_info,2026-10-08,0.0,4.477607558580465,6.870231855708342,False,MANQUANTE,MANQUANTE,MANQUANTE,MANQUANTE,MANQUANTE,MANQUANTE,MANQUANTE,MANQUANTE,MANQUANTE,MANQUANTE,MANQUANTE,MANQUANTE,MANQUANTE,MANQUANTE,MANQUANTE,A_COMPLETER_PREUVES_SSI,A_VERIFIER,MANQUANTE,B1: référence de preuve absente | B2: référence de preuve absente | B3: référence de preuve absente | B4: référence de preuve absente | B5: référence de preuve absente | B6: référence de preuve absente | B7: référence de preuve absente | exclusions non vérifiées | preuve du contrôle des exclusions absente
2PR3.F,Pruksa Holdings PCL           R,Allemagne,194820992.0,2495747072.0,11924366336.0,773600512.0,3415968000.0,0.369,0.27876,0.00101,2189000000.0,Yahoo Finance / yfinance get_info,2026-10-08,0.0,8.536584257795887,7.8787854705195,True,MANQUANTE,MANQUANTE,MANQUANTE,MANQUANTE,MANQUANTE,MANQUANTE,MANQUANTE,MANQUANTE,MANQUANTE,MANQUANTE,MANQUANTE,MANQUANTE,MANQUANTE,MANQUANTE,MANQUANTE,A_COMPLETER_PREUVES_SSI,A_VERIFIER,MANQUANTE,B1: référence de preuve absente | B2: référence de preuve absente | B3: référence de preuve absente | B4: référence de preuve absente | B5: référence de preuve absente | B6: référence de preuve absente | B7: référence de preuve absente | exclusions non vérifiées | preuve du contrôle des exclusions absente
EPL.F,ETTEPLAN OYI                  R,Allemagne,194929008.0,25617000.0,98326000.0,25753000.0,29202876.0,-0.027,0.20385,0.71119004,25249872.0,Yahoo Finance / yfinance get_info,2026-10-08,0.0,7.222222148636237,1.3123347261734477,False,MANQUANTE,MANQUANTE,MANQUANTE,MANQUANTE,MANQUANTE,MANQUANTE,MANQUANTE,MANQUANTE,MANQUANTE,MANQUANTE,MANQUANTE,MANQUANTE,MANQUANTE,MANQUANTE,MANQUANTE,A_COMPLETER_PREUVES_SSI,A_VERIFIER,MANQUANTE,B1: référence de preuve absente | B2: référence de preuve absente | B3: référence de preuve absente | B4: référence de preuve absente | B5: référence de preuve absente | B6: référence de preuve absente | B7: référence de preuve absente | exclusions non vérifiées | preuve du contrôle des exclusions absente
AY8.SG,APT Satellite Holdings Ltd.,Allemagne,195000208.0,2796941056.0,120914000.0,461172000.0,375762496.0,-0.06,0.27134,0.54857,928572500.0,Yahoo Finance / yfinance get_info,2026-10-08,0.0,10.526313725600913,11.111110235087509,False,MANQUANTE,MANQUANTE,MANQUANTE,MANQUANTE,MANQUANTE,MANQUANTE,MANQUANTE,MANQUANTE,MANQUANTE,MANQUANTE,MANQUANTE,MANQUANTE,MANQUANTE,MANQUANTE,MANQUANTE,A_COMPLETER_PREUVES_SSI,A_VERIFIER,MANQUANTE,B1: référence de preuve absente | B2: référence de preuve absente | B3: référence de preuve absente | B4: référence de preuve absente | B5: référence de preuve absente | B6: référence de preuve absente | B7: référence de preuve absente | exclusions non vérifiées | preuve du contrôle des exclusions absente
TGNA.F,TRANSGENE S.A.                A,Allemagne,195057072.0,92842000.0,2180000.0,-33401000.0,-24369000.0,-0.346,0.0,0.80778,278255465.0,Yahoo Finance / yfinance get_info,2026-10-08,0.0,-3.840877668207343,-5.013550365320752,False,MANQUANTE,MANQUANTE,MANQUANTE,MANQUANTE,MANQUANTE,MANQUANTE,MANQUANTE,MANQUANTE,MANQUANTE,MANQUANTE,MANQUANTE,MANQUANTE,MANQUANTE,MANQUANTE,MANQUANTE,A_COMPLETER_PREUVES_SSI,A_VERIFIER,MANQUANTE,B1: référence de preuve absente | B2: référence de preuve absente | B3: référence de preuve absente | B4: référence de preuve absente | B5: référence de preuve absente | B6: référence de preuve absente | B7: référence de preuve absente | exclusions non vérifiées | preuve du contrôle des exclusions absente
779.F,Acadian Timber Corp.          R,Allemagne,195317520.0,4495000.0,116727000.0,14374000.0,10696500.0,-0.15,0.27889,0.50799,18780533.0,Yahoo Finance / yfinance get_info,2026-10-08,0.0,-3.703708936484496,2.970289363661305,False,MANQUANTE,MANQUANTE,MANQUANTE,MANQUANTE,MANQUANTE,MANQUANTE,MANQUANTE,MANQUANTE,MANQUANTE,MANQUANTE,MANQUANTE,MANQUANTE,MANQUANTE,MANQUANTE,MANQUANTE,A_COMPLETER_PREUVES_SSI,A_VERIFIER,MANQUANTE,B1: référence de preuve absente | B2: référence de preuve absente | B3: référence de preuve absente | B4: référence de preuve absente | B5: référence de preuve absente | B6: référence de preuve absente | B7: référence de preuve absente | exclusions non vérifiées | preuve du contrôle des exclusions absente
6TU.F,EnCore Energy Corp.           R,Allemagne,195446672.0,74032000.0,113669000.0,-78864000.0,-89449752.0,3.284,-0.42088002,0.020539999,194280971.0,Yahoo Finance / yfinance get_info,2026-10-08,1027.3559675216677,-7.451699127162092,-36.80904289317949,False,MANQUANTE,MANQUANTE,MANQUANTE,MANQUANTE,MANQUANTE,MANQUANTE,MANQUANTE,MANQUANTE,MANQUANTE,MANQUANTE,MANQUANTE,MANQUANTE,MANQUANTE,MANQUANTE,MANQUANTE,A_COMPLETER_PREUVES_SSI,A_VERIFIER,MANQUANTE,B1: référence de preuve absente | B2: référence de preuve absente | B3: référence de preuve absente | B4: référence de preuve absente | B5: référence de preuve absente | B6: référence de preuve absente | B7: référence de preuve absente | exclusions non vérifiées | preuve du contrôle des exclusions absente
HX8.F,Ballard Mining Ltd.           R,Allemagne,195537856.0,61776404.0,0.0,-4791578.0,-37612428.0,,1.0,0.80685997,454739204.0,Yahoo Finance / yfinance get_info,2026-10-08,0.0,13.756618303593427,1.8957384796719268,False,MANQUANTE,MANQUANTE,MANQUANTE,MANQUANTE,MANQUANTE,MANQUANTE,MANQUANTE,MANQUANTE,MANQUANTE,MANQUANTE,MANQUANTE,MANQUANTE,MANQUANTE,MANQUANTE,MANQUANTE,A_COMPLETER_PREUVES_SSI,A_VERIFIER,MANQUANTE,B1: référence de preuve absente | B2: référence de preuve absente | B3: référence de preuve absente | B4: référence de preuve absente | B5: référence de preuve absente | B6: référence de preuve absente | B7: référence de preuve absente | exclusions non vérifiées | preuve du contrôle des exclusions absente
45H.F,First Internet Bancorp.       R,Allemagne,195632048.0,411087008.0,345244992.0,,,0.39,0.0,0.13986,8733574.0,Yahoo Finance / yfinance get_info,2026-10-08,0.0,4.672897279559285,16.062178777276827,True,MANQUANTE,MANQUANTE,MANQUANTE,MANQUANTE,MANQUANTE,MANQUANTE,MANQUANTE,MANQUANTE,MANQUANTE,MANQUANTE,MANQUANTE,MANQUANTE,MANQUANTE,MANQUANTE,MANQUANTE,A_COMPLETER_PREUVES_SSI,A_VERIFIER,MANQUANTE,B1: référence de preuve absente | B2: référence de preuve absente | B3: référence de preuve absente | B4: référence de preuve absente | B5: référence de preuve absente | B6: référence de preuve absente | B7: référence de preuve absente | exclusions non vérifiées | preuve du contrôle des exclusions absente
3WB.SG,Waberers International PLC,Allemagne,195676656.0,314200000.0,418200000.0,64911000.0,,0.118,0.111870006,0.69802004,17164619.0,Yahoo Finance / yfinance get_info,2026-10-08,0.0,-12.97710468271548,-7.692313632353076,False,MANQUANTE,MANQUANTE,MANQUANTE,MANQUANTE,MANQUANTE,MANQUANTE,MANQUANTE,MANQUANTE,MANQUANTE,MANQUANTE,MANQUANTE,MANQUANTE,MANQUANTE,MANQUANTE,MANQUANTE,A_COMPLETER_PREUVES_SSI,A_VERIFIER,MANQUANTE,B1: référence de preuve absente | B2: référence de preuve absente | B3: référence de preuve absente | B4: référence de preuve absente | B5: référence de preuve absente | B6: référence de preuve absente | B7: référence de preuve absente | exclusions non vérifiées | preuve du contrôle des exclusions absente
8FN.F,FNM S.p.A.                    A,Allemagne,195706144.0,400076000.0,1113044992.0,217683008.0,14985625.0,0.014,0.27136,0.72300005,434902568.0,Yahoo Finance / yfinance get_info,2026-10-08,0.0,11.940292753691528,-4.862579787371447,True,MANQUANTE,MANQUANTE,MANQUANTE,MANQUANTE,MANQUANTE,MANQUANTE,MANQUANTE,MANQUANTE,MANQUANTE,MANQUANTE,MANQUANTE,MANQUANTE,MANQUANTE,MANQUANTE,MANQUANTE,A_COMPLETER_PREUVES_SSI,A_VERIFIER,MANQUANTE,B1: référence de preuve absente | B2: référence de preuve absente | B3: référence de preuve absente | B4: référence de preuve absente | B5: référence de preuve absente | B6: référence de preuve absente | B7: référence de preuve absente | exclusions non vérifiées | preuve du contrôle des exclusions absente
1SD.F,Smart Sand Inc.               R,Allemagne,195883648.0,10197000.0,43364000.0,37445000.0,31379500.0,0.341,0.13461,0.30725,42399061.0,Yahoo Finance / yfinance get_info,2026-10-08,0.0,10.526317590671797,16.666662652885922,True,MANQUANTE,MANQUANTE,MANQUANTE,MANQUANTE,MANQUANTE,MANQUANTE,MANQUANTE,MANQUANTE,MANQUANTE,MANQUANTE,MANQUANTE,MANQUANTE,MANQUANTE,MANQUANTE,MANQUANTE,A_COMPLETER_PREUVES_SSI,A_VERIFIER,MANQUANTE,B1: référence de preuve absente | B2: référence de preuve absente | B3: référence de preuve absente | B4: référence de preuve absente | B5: référence de preuve absente | B6: référence de preuve absente | B7: référence de preuve absente | exclusions non vérifiées | preuve du contrôle des exclusions absente
SCG.SG,Sporting Lissabon,Allemagne,195930720.0,137938000.0,336560992.0,-69375000.0,-95940496.0,0.015,0.94194,0.97894996,201990433.0,Yahoo Finance / yfinance get_info,2026-10-08,0.0,1.0416719053562673,1.0416719053562673,True,MANQUANTE,MANQUANTE,MANQUANTE,MANQUANTE,MANQUANTE,MANQUANTE,MANQUANTE,MANQUANTE,MANQUANTE,MANQUANTE,MANQUANTE,MANQUANTE,MANQUANTE,MANQUANTE,MANQUANTE,A_COMPLETER_PREUVES_SSI,A_VERIFIER,MANQUANTE,B1: référence de preuve absente | B2: référence de preuve absente | B3: référence de preuve absente | B4: référence de preuve absente | B5: référence de preuve absente | B6: référence de preuve absente | B7: référence de preuve absente | exclusions non vérifiées | preuve du contrôle des exclusions absente
EPU.F,Emperor Watch & Jewellery Ltd.R,Allemagne,195931120.0,1572951040.0,547545984.0,862316032.0,179845376.0,0.05,0.32307,0.6063,7256708129.0,Yahoo Finance / yfinance get_info,2026-10-08,0.0,22.72727657571314,0.0,True,MANQUANTE,MANQUANTE,MANQUANTE,MANQUANTE,MANQUANTE,MANQUANTE,MANQUANTE,MANQUANTE,MANQUANTE,MANQUANTE,MANQUANTE,MANQUANTE,MANQUANTE,MANQUANTE,MANQUANTE,A_COMPLETER_PREUVES_SSI,A_VERIFIER,MANQUANTE,B1: référence de preuve absente | B2: référence de preuve absente | B3: référence de preuve absente | B4: référence de preuve absente | B5: référence de preuve absente | B6: référence de preuve absente | B7: référence de preuve absente | exclusions non vérifiées | preuve du contrôle des exclusions absente
3UD.F,Helios Fairfax Partners Corp. R,Allemagne,196295456.0,455108992.0,31263000.0,68381000.0,64059876.0,1.059,1.0,0.60784,52997668.0,Yahoo Finance / yfinance get_info,2026-10-08,0.0,36.09021687037264,20.66666285196941,True,MANQUANTE,MANQUANTE,MANQUANTE,MANQUANTE,MANQUANTE,MANQUANTE,MANQUANTE,MANQUANTE,MANQUANTE,MANQUANTE,MANQUANTE,MANQUANTE,MANQUANTE,MANQUANTE,MANQUANTE,A_COMPLETER_PREUVES_SSI,A_VERIFIER,MANQUANTE,B1: référence de preuve absente | B2: référence de preuve absente | B3: référence de preuve absente | B4: référence de preuve absente | B5: référence de preuve absente | B6: référence de preuve absente | B7: référence de preuve absente | exclusions non vérifiées | preuve du contrôle des exclusions absente
93V.F,Instabank ASA                 N,Allemagne,196618752.0,18108000.0,191240000.0,,,0.53,0.0,0.42748,464819739.0,Yahoo Finance / yfinance get_info,2026-10-08,0.0,11.904766597745509,21.5517298964061,True,MANQUANTE,MANQUANTE,MANQUANTE,MANQUANTE,MANQUANTE,MANQUANTE,MANQUANTE,MANQUANTE,MANQUANTE,MANQUANTE,MANQUANTE,MANQUANTE,MANQUANTE,MANQUANTE,MANQUANTE,A_COMPLETER_PREUVES_SSI,A_VERIFIER,MANQUANTE,B1: référence de preuve absente | B2: référence de preuve absente | B3: référence de preuve absente | B4: référence de preuve absente | B5: référence de preuve absente | B6: référence de preuve absente | B7: référence de preuve absente | exclusions non vérifiées | preuve du contrôle des exclusions absente
M7X.F,Meridian Corp.                R,Allemagne,196829296.0,38062000.0,159500000.0,,,0.037,0.0,0.20507999,11929048.0,Yahoo Finance / yfinance get_info,2026-10-08,0.0,-3.5087740823673386,-3.5087740823673386,True,MANQUANTE,MANQUANTE,MANQUANTE,MANQUANTE,MANQUANTE,MANQUANTE,MANQUANTE,MANQUANTE,MANQUANTE,MANQUANTE,MANQUANTE,MANQUANTE,MANQUANTE,MANQUANTE,MANQUANTE,A_COMPLETER_PREUVES_SSI,A_VERIFIER,MANQUANTE,B1: référence de preuve absente | B2: référence de preuve absente | B3: référence de preuve absente | B4: référence de preuve absente | B5: référence de preuve absente | B6: référence de preuve absente | B7: référence de preuve absente | exclusions non vérifiées | preuve du contrôle des exclusions absente
81Y.SG,Zalaris ASA,Allemagne,196900224.0,148683008.0,515748992.0,113619000.0,146088624.0,-0.049,0.41828,0.88281,21829291.0,Yahoo Finance / yfinance get_info,2026-10-08,0.0,5.12821139825328,2.733493531796083,True,MANQUANTE,MANQUANTE,MANQUANTE,MANQUANTE,MANQUANTE,MANQUANTE,MANQUANTE,MANQUANTE,MANQUANTE,MANQUANTE,MANQUANTE,MANQUANTE,MANQUANTE,MANQUANTE,MANQUANTE,A_COMPLETER_PREUVES_SSI,A_VERIFIER,MANQUANTE,B1: référence de preuve absente | B2: référence de preuve absente | B3: référence de preuve absente | B4: référence de preuve absente | B5: référence de preuve absente | B6: référence de preuve absente | B7: référence de preuve absente | exclusions non vérifiées | preuve du contrôle des exclusions absente
7DC.F,Diaceutics PLC                R,Allemagne,196950016.0,8102000.0,2094000.0,3858000.0,-449625.0,0.199,0.82878995,0.27788,84892248.0,Yahoo Finance / yfinance get_info,2026-10-08,0.0,44.99999366700658,29.60893758014993,True,MANQUANTE,MANQUANTE,MANQUANTE,MANQUANTE,MANQUANTE,MANQUANTE,MANQUANTE,MANQUANTE,MANQUANTE,MANQUANTE,MANQUANTE,MANQUANTE,MANQUANTE,MANQUANTE,MANQUANTE,A_COMPLETER_PREUVES_SSI,A_VERIFIER,MANQUANTE,B1: référence de preuve absente | B2: référence de preuve absente | B3: référence de preuve absente | B4: référence de preuve absente | B5: référence de preuve absente | B6: référence de preuve absente | B7: référence de preuve absente | exclusions non vérifiées | preuve du contrôle des exclusions absente
OW0A.F,Onity Group Inc.              R,Allemagne,197166672.0,229200000.0,10848400384.0,619299968.0,-1807600000.0,0.147,0.93508005,0.17746,8354520.0,Yahoo Finance / yfinance get_info,2026-10-08,0.0,-25.31645539058667,-35.51912195254141,False,MANQUANTE,MANQUANTE,MANQUANTE,MANQUANTE,MANQUANTE,MANQUANTE,MANQUANTE,MANQUANTE,MANQUANTE,MANQUANTE,MANQUANTE,MANQUANTE,MANQUANTE,MANQUANTE,MANQUANTE,A_COMPLETER_PREUVES_SSI,A_VERIFIER,MANQUANTE,B1: référence de preuve absente | B2: référence de preuve absente | B3: référence de preuve absente | B4: référence de preuve absente | B5: référence de preuve absente | B6: référence de preuve absente | B7: référence de preuve absente | exclusions non vérifiées | preuve du contrôle des exclusions absente
J4Y.F,Smart Organic Ad              R,Allemagne,197973968.0,7561000.0,10023000.0,10319607.0,-8599213.0,0.118,0.49418,0.8076,11854728.0,Yahoo Finance / yfinance get_info,2026-10-08,0.0,4.375004768371582,15.17241905475486,,MANQUANTE,MANQUANTE,MANQUANTE,MANQUANTE,MANQUANTE,MANQUANTE,MANQUANTE,MANQUANTE,MANQUANTE,MANQUANTE,MANQUANTE,MANQUANTE,MANQUANTE,MANQUANTE,MANQUANTE,A_COMPLETER_PREUVES_SSI,A_VERIFIER,MANQUANTE,B1: référence de preuve absente | B2: référence de preuve absente | B3: référence de preuve absente | B4: référence de preuve absente | B5: référence de preuve absente | B6: référence de preuve absente | B7: référence de preuve absente | exclusions non vérifiées | preuve du contrôle des exclusions absente
3FF.F,FutureFuel Corp.              R,Allemagne,198262208.0,34366000.0,324000.0,-17316000.0,-77752872.0,1.207,-0.08276,0.407,43863318.0,Yahoo Finance / yfinance get_info,2026-10-08,0.0,12.437811004286669,26.96629363980927,True,MANQUANTE,MANQUANTE,MANQUANTE,MANQUANTE,MANQUANTE,MANQUANTE,MANQUANTE,MANQUANTE,MANQUANTE,MANQUANTE,MANQUANTE,MANQUANTE,MANQUANTE,MANQUANTE,MANQUANTE,A_COMPLETER_PREUVES_SSI,A_VERIFIER,MANQUANTE,B1: référence de preuve absente | B2: référence de preuve absente | B3: référence de preuve absente | B4: référence de preuve absente | B5: référence de preuve absente | B6: référence de preuve absente | B7: référence de preuve absente | exclusions non vérifiées | preuve du contrôle des exclusions absente
UTM.F,UTAH MEDICAL PRODUCTS INC.    R,Allemagne,198363632.0,87528000.0,195000.0,14369000.0,8837875.0,-0.143,0.57902,0.07179,3173818.0,Yahoo Finance / yfinance get_info,2026-10-08,0.0,7.758620689655182,9.649122807017552,True,MANQUANTE,MANQUANTE,MANQUANTE,MANQUANTE,MANQUANTE,MANQUANTE,MANQUANTE,MANQUANTE,MANQUANTE,MANQUANTE,MANQUANTE,MANQUANTE,MANQUANTE,MANQUANTE,MANQUANTE,A_COMPLETER_PREUVES_SSI,A_VERIFIER,MANQUANTE,B1: référence de preuve absente | B2: référence de preuve absente | B3: référence de preuve absente | B4: référence de preuve absente | B5: référence de preuve absente | B6: référence de preuve absente | B7: référence de preuve absente | exclusions non vérifiées | preuve du contrôle des exclusions absente
T6N.F,Smiths News PLC               R,Allemagne,198468448.0,10500000.0,29600000.0,42300000.0,45912500.0,-0.039,0.07208,0.0849,242034685.0,Yahoo Finance / yfinance get_info,2026-10-08,0.0,9.333332379659009,8.609271261766382,True,MANQUANTE,MANQUANTE,MANQUANTE,MANQUANTE,MANQUANTE,MANQUANTE,MANQUANTE,MANQUANTE,MANQUANTE,MANQUANTE,MANQUANTE,MANQUANTE,MANQUANTE,MANQUANTE,MANQUANTE,A_COMPLETER_PREUVES_SSI,A_VERIFIER,MANQUANTE,B1: référence de preuve absente | B2: référence de preuve absente | B3: référence de preuve absente | B4: référence de preuve absente | B5: référence de preuve absente | B6: référence de preuve absente | B7: référence de preuve absente | exclusions non vérifiées | preuve du contrôle des exclusions absente
K9N.F,ChargePoint Holdings Inc.     R,Allemagne,198558144.0,95330000.0,250100992.0,-144243008.0,32783500.0,0.177,0.30969998,0.03398,26850324.0,Yahoo Finance / yfinance get_info,2026-10-08,0.0,42.62295202576705,53.9342242631506,True,MANQUANTE,MANQUANTE,MANQUANTE,MANQUANTE,MANQUANTE,MANQUANTE,MANQUANTE,MANQUANTE,MANQUANTE,MANQUANTE,MANQUANTE,MANQUANTE,MANQUANTE,MANQUANTE,MANQUANTE,A_COMPLETER_PREUVES_SSI,A_VERIFIER,MANQUANTE,B1: référence de preuve absente | B2: référence de preuve absente | B3: référence de preuve absente | B4: référence de preuve absente | B5: référence de preuve absente | B6: référence de preuve absente | B7: référence de preuve absente | exclusions non vérifiées | preuve du contrôle des exclusions absente
N3B.F,Anbio Biotechnology           R,Allemagne,198638144.0,11901231.0,0.0,,-9605703.0,0.739,0.87236,0.047849998,43891200.0,Yahoo Finance / yfinance get_info,2026-10-08,0.0,-48.6419796111505,-82.22222258449167,False,MANQUANTE,MANQUANTE,MANQUANTE,MANQUANTE,MANQUANTE,MANQUANTE,MANQUANTE,MANQUANTE,MANQUANTE,MANQUANTE,MANQUANTE,MANQUANTE,MANQUANTE,MANQUANTE,MANQUANTE,A_COMPLETER_PREUVES_SSI,A_VERIFIER,MANQUANTE,B1: référence de preuve absente | B2: référence de preuve absente | B3: référence de preuve absente | B4: référence de preuve absente | B5: référence de preuve absente | B6: référence de preuve absente | B7: référence de preuve absente | exclusions non vérifiées | preuve du contrôle des exclusions absente
MBJ.F,MBIA INC.                     R,Allemagne,198964144.0,452000000.0,3595000064.0,,122000000.0,-0.25,1.29545,0.17938,51016444.0,Yahoo Finance / yfinance get_info,2026-10-08,0.0,-29.72973042635083,-20.408162868107325,False,MANQUANTE,MANQUANTE,MANQUANTE,MANQUANTE,MANQUANTE,MANQUANTE,MANQUANTE,MANQUANTE,MANQUANTE,MANQUANTE,MANQUANTE,MANQUANTE,MANQUANTE,MANQUANTE,MANQUANTE,A_COMPLETER_PREUVES_SSI,A_VERIFIER,MANQUANTE,B1: référence de preuve absente | B2: référence de preuve absente | B3: référence de preuve absente | B4: référence de preuve absente | B5: référence de preuve absente | B6: référence de preuve absente | B7: référence de preuve absente | exclusions non vérifiées | preuve du contrôle des exclusions absente
30M.F,Myer Holdings Ltd.            R,Allemagne,199035824.0,100100000.0,1463500032.0,-241800000.0,-18550000.0,-0.035,0.47587,0.31749,1730746199.0,Yahoo Finance / yfinance get_info,2026-10-08,0.0,-20.689651451552983,-18.43971634953262,False,MANQUANTE,MANQUANTE,MANQUANTE,MANQUANTE,MANQUANTE,MANQUANTE,MANQUANTE,MANQUANTE,MANQUANTE,MANQUANTE,MANQUANTE,MANQUANTE,MANQUANTE,MANQUANTE,MANQUANTE,A_COMPLETER_PREUVES_SSI,A_VERIFIER,MANQUANTE,B1: référence de preuve absente | B2: référence de preuve absente | B3: référence de preuve absente | B4: référence de preuve absente | B5: référence de preuve absente | B6: référence de preuve absente | B7: référence de preuve absente | exclusions non vérifiées | preuve du contrôle des exclusions absente
84H.F,Sichuan Energy Investment DeveR,Allemagne,199212880.0,616909568.0,1510674944.0,603481728.0,-431705696.0,-0.009,0.12444,0.86571,787396758.0,Yahoo Finance / yfinance get_info,2026-10-08,0.0,-8.290156640540225,-23.70689389396642,False,MANQUANTE,MANQUANTE,MANQUANTE,MANQUANTE,MANQUANTE,MANQUANTE,MANQUANTE,MANQUANTE,MANQUANTE,MANQUANTE,MANQUANTE,MANQUANTE,MANQUANTE,MANQUANTE,MANQUANTE,A_COMPLETER_PREUVES_SSI,A_VERIFIER,MANQUANTE,B1: référence de preuve absente | B2: référence de preuve absente | B3: référence de preuve absente | B4: référence de preuve absente | B5: référence de preuve absente | B6: référence de preuve absente | B7: référence de preuve absente | exclusions non vérifiées | preuve du contrôle des exclusions absente
XSNA.F,SECURITY NATIONAL FINL CORP.  R,Allemagne,199237888.0,167011872.0,122319440.0,56591160.0,217023952.0,-0.063,0.51148,0.25454,22366641.0,Yahoo Finance / yfinance get_info,2026-10-08,0.0,-4.3749988079071045,2.980773347545762,True,MANQUANTE,MANQUANTE,MANQUANTE,MANQUANTE,MANQUANTE,MANQUANTE,MANQUANTE,MANQUANTE,MANQUANTE,MANQUANTE,MANQUANTE,MANQUANTE,MANQUANTE,MANQUANTE,MANQUANTE,A_COMPLETER_PREUVES_SSI,A_VERIFIER,MANQUANTE,B1: référence de preuve absente | B2: référence de preuve absente | B3: référence de preuve absente | B4: référence de preuve absente | B5: référence de preuve absente | B6: référence de preuve absente | B7: référence de preuve absente | exclusions non vérifiées | preuve du contrôle des exclusions absente
2BM.F,CF Bankshares Inc.            R,Allemagne,199310912.0,256667008.0,123670000.0,,,0.102,0.0,0.17066999,6415512.0,Yahoo Finance / yfinance get_info,2026-10-08,0.0,11.231885284867694,23.417088494228967,,MANQUANTE,MANQUANTE,MANQUANTE,MANQUANTE,MANQUANTE,MANQUANTE,MANQUANTE,MANQUANTE,MANQUANTE,MANQUANTE,MANQUANTE,MANQUANTE,MANQUANTE,MANQUANTE,MANQUANTE,A_COMPLETER_PREUVES_SSI,A_VERIFIER,MANQUANTE,B1: référence de preuve absente | B2: référence de preuve absente | B3: référence de preuve absente | B4: référence de preuve absente | B5: référence de preuve absente | B6: référence de preuve absente | B7: référence de preuve absente | exclusions non vérifiées | preuve du contrôle des exclusions absente
SQZ.F,SEACOR Marine Holdings Inc.   R,Allemagne,199426272.0,55397000.0,321324992.0,-11526000.0,-61073376.0,-0.102,0.16523,0.21011,27132826.0,Yahoo Finance / yfinance get_info,2026-10-08,0.0,8.888887476038043,12.213735734379426,True,MANQUANTE,MANQUANTE,MANQUANTE,MANQUANTE,MANQUANTE,MANQUANTE,MANQUANTE,MANQUANTE,MANQUANTE,MANQUANTE,MANQUANTE,MANQUANTE,MANQUANTE,MANQUANTE,MANQUANTE,A_COMPLETER_PREUVES_SSI,A_VERIFIER,MANQUANTE,B1: référence de preuve absente | B2: référence de preuve absente | B3: référence de preuve absente | B4: référence de preuve absente | B5: référence de preuve absente | B6: référence de preuve absente | B7: référence de preuve absente | exclusions non vérifiées | preuve du contrôle des exclusions absente
CCP.F,CELTIC PLC                    R,Allemagne,199793424.0,66385000.0,5277000.0,-7711000.0,-8948500.0,-0.142,-0.1001,0.57884,95139731.0,Yahoo Finance / yfinance get_info,2026-10-08,0.0,-17.968751891749022,-0.943395377648304,False,MANQUANTE,MANQUANTE,MANQUANTE,MANQUANTE,MANQUANTE,MANQUANTE,MANQUANTE,MANQUANTE,MANQUANTE,MANQUANTE,MANQUANTE,MANQUANTE,MANQUANTE,MANQUANTE,MANQUANTE,A_COMPLETER_PREUVES_SSI,A_VERIFIER,MANQUANTE,B1: référence de preuve absente | B2: référence de preuve absente | B3: référence de preuve absente | B4: référence de preuve absente | B5: référence de preuve absente | B6: référence de preuve absente | B7: référence de preuve absente | exclusions non vérifiées | preuve du contrôle des exclusions absente
B120.F,Kolibri Global Energy Inc.    R,Allemagne,199806912.0,2563000.0,45370000.0,47521000.0,-21509624.0,1.029,0.83915,0.03498,35936495.0,Yahoo Finance / yfinance get_info,2026-10-08,0.0,33.014358160617704,26.79588717370094,True,MANQUANTE,MANQUANTE,MANQUANTE,MANQUANTE,MANQUANTE,MANQUANTE,MANQUANTE,MANQUANTE,MANQUANTE,MANQUANTE,MANQUANTE,MANQUANTE,MANQUANTE,MANQUANTE,MANQUANTE,A_COMPLETER_PREUVES_SSI,A_VERIFIER,MANQUANTE,B1: référence de preuve absente | B2: référence de preuve absente | B3: référence de preuve absente | B4: référence de preuve absente | B5: référence de preuve absente | B6: référence de preuve absente | B7: référence de preuve absente | exclusions non vérifiées | preuve du contrôle des exclusions absente
OIH.F,CSI Properties Ltd.           R,Allemagne,199852432.0,2111015040.0,8089197056.0,59341000.0,539671616.0,2.457,0.23811,0.67821,12893705532.0,Yahoo Finance / yfinance get_info,2026-10-08,0.0,-24.390247226612303,-31.111114974374978,False,MANQUANTE,MANQUANTE,MANQUANTE,MANQUANTE,MANQUANTE,MANQUANTE,MANQUANTE,MANQUANTE,MANQUANTE,MANQUANTE,MANQUANTE,MANQUANTE,MANQUANTE,MANQUANTE,MANQUANTE,A_COMPLETER_PREUVES_SSI,A_VERIFIER,MANQUANTE,B1: référence de preuve absente | B2: référence de preuve absente | B3: référence de preuve absente | B4: référence de preuve absente | B5: référence de preuve absente | B6: référence de preuve absente | B7: référence de preuve absente | exclusions non vérifiées | preuve du contrôle des exclusions absente
8SW.F,Archer Ltd.                   R,Allemagne,200481232.0,35200000.0,581699968.0,188300000.0,37462500.0,-0.115,0.67636,0.42584,99494398.0,Yahoo Finance / yfinance get_info,2026-10-08,0.0,-5.399061190516807,-23.81852100436148,False,MANQUANTE,MANQUANTE,MANQUANTE,MANQUANTE,MANQUANTE,MANQUANTE,MANQUANTE,MANQUANTE,MANQUANTE,MANQUANTE,MANQUANTE,MANQUANTE,MANQUANTE,MANQUANTE,MANQUANTE,A_COMPLETER_PREUVES_SSI,A_VERIFIER,MANQUANTE,B1: référence de preuve absente | B2: référence de preuve absente | B3: référence de preuve absente | B4: référence de preuve absente | B5: référence de preuve absente | B6: référence de preuve absente | B7: référence de preuve absente | exclusions non vérifiées | preuve du contrôle des exclusions absente
RI7.F,RIBER S.A.                    A,Allemagne,200569264.0,5164000.0,6775000.0,7480000.0,-813500.0,0.191,0.39574,0.44599998,21024031.0,Yahoo Finance / yfinance get_info,2026-10-08,0.0,-2.0533861803384457,-26.61538490882287,True,MANQUANTE,MANQUANTE,MANQUANTE,MANQUANTE,MANQUANTE,MANQUANTE,MANQUANTE,MANQUANTE,MANQUANTE,MANQUANTE,MANQUANTE,MANQUANTE,MANQUANTE,MANQUANTE,MANQUANTE,A_COMPLETER_PREUVES_SSI,A_VERIFIER,MANQUANTE,B1: référence de preuve absente | B2: référence de preuve absente | B3: référence de preuve absente | B4: référence de preuve absente | B5: référence de preuve absente | B6: référence de preuve absente | B7: référence de preuve absente | exclusions non vérifiées | preuve du contrôle des exclusions absente
VCM.F,Vecima Networks Inc.          R,Allemagne,200595408.0,2876000.0,48731000.0,22869000.0,37106248.0,,0.44391,0.57289004,24314594.0,Yahoo Finance / yfinance get_info,2026-10-08,0.0,6.451612903225801,2.484469621445795,True,MANQUANTE,MANQUANTE,MANQUANTE,MANQUANTE,MANQUANTE,MANQUANTE,MANQUANTE,MANQUANTE,MANQUANTE,MANQUANTE,MANQUANTE,MANQUANTE,MANQUANTE,MANQUANTE,MANQUANTE,A_COMPLETER_PREUVES_SSI,A_VERIFIER,MANQUANTE,B1: référence de preuve absente | B2: référence de preuve absente | B3: référence de preuve absente | B4: référence de preuve absente | B5: référence de preuve absente | B6: référence de preuve absente | B7: référence de preuve absente | exclusions non vérifiées | preuve du contrôle des exclusions absente
838.F,CLS Holdings PLC              R,Allemagne,200734576.0,35300000.0,847000000.0,63000000.0,153937504.0,-0.106,0.71385,0.69755995,401469166.0,Yahoo Finance / yfinance get_info,2026-10-08,0.0,-9.9099110709451,-8.256883543354942,False,MANQUANTE,MANQUANTE,MANQUANTE,MANQUANTE,MANQUANTE,MANQUANTE,MANQUANTE,MANQUANTE,MANQUANTE,MANQUANTE,MANQUANTE,MANQUANTE,MANQUANTE,MANQUANTE,MANQUANTE,A_COMPLETER_PREUVES_SSI,A_VERIFIER,MANQUANTE,B1: référence de preuve absente | B2: référence de preuve absente | B3: référence de preuve absente | B4: référence de preuve absente | B5: référence de preuve absente | B6: référence de preuve absente | B7: référence de preuve absente | exclusions non vérifiées | preuve du contrôle des exclusions absente
B2K.F,Bell Equipment Ltd.           R,Allemagne,200754016.0,664339968.0,953780992.0,495715008.0,184946752.0,-0.124,0.21189,0.76794,95597152.0,Yahoo Finance / yfinance get_info,2026-10-08,0.0,14.754090458221604,3.960392300071258,True,MANQUANTE,MANQUANTE,MANQUANTE,MANQUANTE,MANQUANTE,MANQUANTE,MANQUANTE,MANQUANTE,MANQUANTE,MANQUANTE,MANQUANTE,MANQUANTE,MANQUANTE,MANQUANTE,MANQUANTE,A_COMPLETER_PREUVES_SSI,A_VERIFIER,MANQUANTE,B1: référence de preuve absente | B2: référence de preuve absente | B3: référence de preuve absente | B4: référence de preuve absente | B5: référence de preuve absente | B6: référence de preuve absente | B7: référence de preuve absente | exclusions non vérifiées | preuve du contrôle des exclusions absente
7ES1.F,Eastern Water Res Dev&Mgmt PCLR,Allemagne,201310752.0,524345984.0,14805489664.0,1700473088.0,-1337858176.0,0.072,0.30004,0.0115,1663725149.0,Yahoo Finance / yfinance get_info,2026-10-08,0.0,9.009007013479774,87.59690808974842,True,MANQUANTE,MANQUANTE,MANQUANTE,MANQUANTE,MANQUANTE,MANQUANTE,MANQUANTE,MANQUANTE,MANQUANTE,MANQUANTE,MANQUANTE,MANQUANTE,MANQUANTE,MANQUANTE,MANQUANTE,A_COMPLETER_PREUVES_SSI,A_VERIFIER,MANQUANTE,B1: référence de preuve absente | B2: référence de preuve absente | B3: référence de preuve absente | B4: référence de preuve absente | B5: référence de preuve absente | B6: référence de preuve absente | B7: référence de preuve absente | exclusions non vérifiées | preuve du contrôle des exclusions absente
XDH.F,Xingda Intl Hldgs Ltd.        R,Allemagne,201388480.0,1509324032.0,7820774912.0,1414996992.0,-407149248.0,0.02,0.18409,0.69667,1917985534.0,Yahoo Finance / yfinance get_info,2026-10-08,0.0,-9.48275884216947,-16.666670608772737,False,MANQUANTE,MANQUANTE,MANQUANTE,MANQUANTE,MANQUANTE,MANQUANTE,MANQUANTE,MANQUANTE,MANQUANTE,MANQUANTE,MANQUANTE,MANQUANTE,MANQUANTE,MANQUANTE,MANQUANTE,A_COMPLETER_PREUVES_SSI,A_VERIFIER,MANQUANTE,B1: référence de preuve absente | B2: référence de preuve absente | B3: référence de preuve absente | B4: référence de preuve absente | B5: référence de preuve absente | B6: référence de preuve absente | B7: référence de preuve absente | exclusions non vérifiées | preuve du contrôle des exclusions absente
35J.SG,Canaan Inc. (ADRs),Allemagne,201639664.0,68300000.0,70655000.0,-110754000.0,-71842496.0,-0.682,-0.047659997,0.09300999,711129417.0,Yahoo Finance / yfinance get_info,2026-10-08,0.262499988079071,5.758151592565097,-36.0046459778322,False,MANQUANTE,MANQUANTE,MANQUANTE,MANQUANTE,MANQUANTE,MANQUANTE,MANQUANTE,MANQUANTE,MANQUANTE,MANQUANTE,MANQUANTE,MANQUANTE,MANQUANTE,MANQUANTE,MANQUANTE,A_COMPLETER_PREUVES_SSI,A_VERIFIER,MANQUANTE,B1: référence de preuve absente | B2: référence de preuve absente | B3: référence de preuve absente | B4: référence de preuve absente | B5: référence de preuve absente | B6: référence de preuve absente | B7: référence de preuve absente | exclusions non vérifiées | preuve du contrôle des exclusions absente
6CQ.F,Cresco Labs Inc.              R,Allemagne,201780928.0,32872000.0,592017984.0,111141000.0,24946750.0,0.059,0.49925,0.02247,354130220.0,Yahoo Finance / yfinance get_info,2026-10-08,0.0,-21.807748090428024,-28.66491914793756,False,MANQUANTE,MANQUANTE,MANQUANTE,MANQUANTE,MANQUANTE,MANQUANTE,MANQUANTE,MANQUANTE,MANQUANTE,MANQUANTE,MANQUANTE,MANQUANTE,MANQUANTE,MANQUANTE,MANQUANTE,A_COMPLETER_PREUVES_SSI,A_VERIFIER,MANQUANTE,B1: référence de preuve absente | B2: référence de preuve absente | B3: référence de preuve absente | B4: référence de preuve absente | B5: référence de preuve absente | B6: référence de preuve absente | B7: référence de preuve absente | exclusions non vérifiées | preuve du contrôle des exclusions absente
TP3.F,Thrace Plastics Holding&Com.SAN,Allemagne,201797008.0,24256000.0,95736000.0,60033000.0,-3241250.0,0.218,0.24962999,0.63518,42844377.0,Yahoo Finance / yfinance get_info,2026-10-08,0.0,-3.4836080390834523,28.33787303087045,True,MANQUANTE,MANQUANTE,MANQUANTE,MANQUANTE,MANQUANTE,MANQUANTE,MANQUANTE,MANQUANTE,MANQUANTE,MANQUANTE,MANQUANTE,MANQUANTE,MANQUANTE,MANQUANTE,MANQUANTE,A_COMPLETER_PREUVES_SSI,A_VERIFIER,MANQUANTE,B1: référence de preuve absente | B2: référence de preuve absente | B3: référence de preuve absente | B4: référence de preuve absente | B5: référence de preuve absente | B6: référence de preuve absente | B7: référence de preuve absente | exclusions non vérifiées | preuve du contrôle des exclusions absente
FQV.F,Spok Holdings Inc.            R,Allemagne,201860000.0,16592000.0,5746000.0,22054000.0,20814624.0,-0.019,0.60376,0.02309,20918137.0,Yahoo Finance / yfinance get_info,2026-10-08,0.0,8.426966653329515,4.32432020032727,False,MANQUANTE,MANQUANTE,MANQUANTE,MANQUANTE,MANQUANTE,MANQUANTE,MANQUANTE,MANQUANTE,MANQUANTE,MANQUANTE,MANQUANTE,MANQUANTE,MANQUANTE,MANQUANTE,MANQUANTE,A_COMPLETER_PREUVES_SSI,A_VERIFIER,MANQUANTE,B1: référence de preuve absente | B2: référence de preuve absente | B3: référence de preuve absente | B4: référence de preuve absente | B5: référence de preuve absente | B6: référence de preuve absente | B7: référence de preuve absente | exclusions non vérifiées | preuve du contrôle des exclusions absente
G6G0.F,GrafTech International Ltd.   R,Allemagne,201871104.0,145360000.0,1198601984.0,-23873000.0,-43494000.0,-0.034,-0.0574,0.41493,26047884.0,Yahoo Finance / yfinance get_info,2026-10-08,0.0,56.88258927593244,23.01586929152142,True,MANQUANTE,MANQUANTE,MANQUANTE,MANQUANTE,MANQUANTE,MANQUANTE,MANQUANTE,MANQUANTE,MANQUANTE,MANQUANTE,MANQUANTE,MANQUANTE,MANQUANTE,MANQUANTE,MANQUANTE,A_COMPLETER_PREUVES_SSI,A_VERIFIER,MANQUANTE,B1: référence de preuve absente | B2: référence de preuve absente | B3: référence de preuve absente | B4: référence de preuve absente | B5: référence de preuve absente | B6: référence de preuve absente | B7: référence de preuve absente | exclusions non vérifiées | preuve du contrôle des exclusions absente
9VI.F,Tess Holdings Co. Ltd.        R,Allemagne,202039184.0,19136000000.0,92794003456.0,12455000064.0,-2255749888.0,0.392,0.20341,0.42383,70643074.0,Yahoo Finance / yfinance get_info,2026-10-08,0.0,-25.90673645536912,-8.917203836109255,False,MANQUANTE,MANQUANTE,MANQUANTE,MANQUANTE,MANQUANTE,MANQUANTE,MANQUANTE,MANQUANTE,MANQUANTE,MANQUANTE,MANQUANTE,MANQUANTE,MANQUANTE,MANQUANTE,MANQUANTE,A_COMPLETER_PREUVES_SSI,A_VERIFIER,MANQUANTE,B1: référence de preuve absente | B2: référence de preuve absente | B3: référence de preuve absente | B4: référence de preuve absente | B5: référence de preuve absente | B6: référence de preuve absente | B7: référence de preuve absente | exclusions non vérifiées | preuve du contrôle des exclusions absente
UM7.F,Eureka Group Holdings Ltd.    R,Allemagne,202135984.0,2545000.0,136631008.0,15538000.0,7667000.0,0.28,0.38724,0.43918,561488834.0,Yahoo Finance / yfinance get_info,2026-10-08,0.0,-2.702700090373533,16.129035979478324,True,MANQUANTE,MANQUANTE,MANQUANTE,MANQUANTE,MANQUANTE,MANQUANTE,MANQUANTE,MANQUANTE,MANQUANTE,MANQUANTE,MANQUANTE,MANQUANTE,MANQUANTE,MANQUANTE,MANQUANTE,A_COMPLETER_PREUVES_SSI,A_VERIFIER,MANQUANTE,B1: référence de preuve absente | B2: référence de preuve absente | B3: référence de preuve absente | B4: référence de preuve absente | B5: référence de preuve absente | B6: référence de preuve absente | B7: référence de preuve absente | exclusions non vérifiées | preuve du contrôle des exclusions absente
6AH.F,Ausnutria Dairy Corp. Ltd.    R,Allemagne,202419760.0,928336000.0,2513670912.0,-579990016.0,487492864.0,-0.186,0.26378,0.77128,1775611841.0,Yahoo Finance / yfinance get_info,2026-10-08,0.0,-18.5714288755339,-38.04347834889627,False,MANQUANTE,MANQUANTE,MANQUANTE,MANQUANTE,MANQUANTE,MANQUANTE,MANQUANTE,MANQUANTE,MANQUANTE,MANQUANTE,MANQUANTE,MANQUANTE,MANQUANTE,MANQUANTE,MANQUANTE,A_COMPLETER_PREUVES_SSI,A_VERIFIER,MANQUANTE,B1: référence de preuve absente | B2: référence de preuve absente | B3: référence de preuve absente | B4: référence de preuve absente | B5: référence de preuve absente | B6: référence de preuve absente | B7: référence de preuve absente | exclusions non vérifiées | preuve du contrôle des exclusions absente
V7XN.F,Vuzix Corp.                   R,Allemagne,202509744.0,17297696.0,741329.0,-28199452.0,-14299929.0,-0.141,-0.09633,0.15633,84414230.0,Yahoo Finance / yfinance get_info,2026-10-08,0.0,13.804548569471596,13.4278921328971,False,MANQUANTE,MANQUANTE,MANQUANTE,MANQUANTE,MANQUANTE,MANQUANTE,MANQUANTE,MANQUANTE,MANQUANTE,MANQUANTE,MANQUANTE,MANQUANTE,MANQUANTE,MANQUANTE,MANQUANTE,A_COMPLETER_PREUVES_SSI,A_VERIFIER,MANQUANTE,B1: référence de preuve absente | B2: référence de preuve absente | B3: référence de preuve absente | B4: référence de preuve absente | B5: référence de preuve absente | B6: référence de preuve absente | B7: référence de preuve absente | exclusions non vérifiées | preuve du contrôle des exclusions absente
AR2.F,Imperial Petroleum Inc.       R,Allemagne,202559264.0,245230704.0,100985.0,114231696.0,-20383352.0,1.396,0.50321,0.31869,45621455.0,Yahoo Finance / yfinance get_info,2026-10-08,0.0,4.716988134401512,24.022350610111825,,MANQUANTE,MANQUANTE,MANQUANTE,MANQUANTE,MANQUANTE,MANQUANTE,MANQUANTE,MANQUANTE,MANQUANTE,MANQUANTE,MANQUANTE,MANQUANTE,MANQUANTE,MANQUANTE,MANQUANTE,A_COMPLETER_PREUVES_SSI,A_VERIFIER,MANQUANTE,B1: référence de preuve absente | B2: référence de preuve absente | B3: référence de preuve absente | B4: référence de preuve absente | B5: référence de preuve absente | B6: référence de preuve absente | B7: référence de preuve absente | exclusions non vérifiées | preuve du contrôle des exclusions absente
0PQ.F,ProQR Therapeutics N.V.       A,Allemagne,202646944.0,117125000.0,15312000.0,-41902000.0,-19073124.0,1.204,1.0,0.17157,141119032.0,Yahoo Finance / yfinance get_info,2026-10-08,0.0,-6.813758500237299,-3.624162394733799,False,MANQUANTE,MANQUANTE,MANQUANTE,MANQUANTE,MANQUANTE,MANQUANTE,MANQUANTE,MANQUANTE,MANQUANTE,MANQUANTE,MANQUANTE,MANQUANTE,MANQUANTE,MANQUANTE,MANQUANTE,A_COMPLETER_PREUVES_SSI,A_VERIFIER,MANQUANTE,B1: référence de preuve absente | B2: référence de preuve absente | B3: référence de preuve absente | B4: référence de preuve absente | B5: référence de preuve absente | B6: référence de preuve absente | B7: référence de preuve absente | exclusions non vérifiées | preuve du contrôle des exclusions absente
NUS.F,NU SKIN ENTERPRISES INC.      R,Allemagne,202981552.0,191386000.0,288096000.0,120310000.0,35201500.0,-0.171,0.69187,0.03398,48676634.0,Yahoo Finance / yfinance get_info,2026-10-08,0.0,-8.2710058778099,-34.01898792674001,False,MANQUANTE,MANQUANTE,MANQUANTE,MANQUANTE,MANQUANTE,MANQUANTE,MANQUANTE,MANQUANTE,MANQUANTE,MANQUANTE,MANQUANTE,MANQUANTE,MANQUANTE,MANQUANTE,MANQUANTE,A_COMPLETER_PREUVES_SSI,A_VERIFIER,MANQUANTE,B1: référence de preuve absente | B2: référence de preuve absente | B3: référence de preuve absente | B4: référence de preuve absente | B5: référence de preuve absente | B6: référence de preuve absente | B7: référence de preuve absente | exclusions non vérifiées | preuve du contrôle des exclusions absente
2FH.SG,Fourlis Holding S.A.,Allemagne,203213680.0,46980000.0,626288000.0,21872000.0,1705875.0,0.035,0.46730998,0.17778,51840225.0,Yahoo Finance / yfinance get_info,2026-10-08,0.0,-5.542169006941256,-12.402231065168989,False,MANQUANTE,MANQUANTE,MANQUANTE,MANQUANTE,MANQUANTE,MANQUANTE,MANQUANTE,MANQUANTE,MANQUANTE,MANQUANTE,MANQUANTE,MANQUANTE,MANQUANTE,MANQUANTE,MANQUANTE,A_COMPLETER_PREUVES_SSI,A_VERIFIER,MANQUANTE,B1: référence de preuve absente | B2: référence de preuve absente | B3: référence de preuve absente | B4: référence de preuve absente | B5: référence de preuve absente | B6: référence de preuve absente | B7: référence de preuve absente | exclusions non vérifiées | preuve du contrôle des exclusions absente
784.F,E Split Corp.                 R,Allemagne,203346864.0,643399744.0,210284864.0,,88648560.0,2.919,1.0,0.0,20856087.0,Yahoo Finance / yfinance get_info,2026-10-08,0.0,-15.217391304347828,-11.363636363636363,,MANQUANTE,MANQUANTE,MANQUANTE,MANQUANTE,MANQUANTE,MANQUANTE,MANQUANTE,MANQUANTE,MANQUANTE,MANQUANTE,MANQUANTE,MANQUANTE,MANQUANTE,MANQUANTE,MANQUANTE,A_COMPLETER_PREUVES_SSI,A_VERIFIER,MANQUANTE,B1: référence de preuve absente | B2: référence de preuve absente | B3: référence de preuve absente | B4: référence de preuve absente | B5: référence de preuve absente | B6: référence de preuve absente | B7: référence de preuve absente | exclusions non vérifiées | preuve du contrôle des exclusions absente
HAO.F,Hainan Meilan Intl Airport Co.R,Allemagne,203481584.0,544022016.0,5279627776.0,128043128.0,-408336480.0,0.011,-0.02116,0.23873,226913000.0,Yahoo Finance / yfinance get_info,2026-10-08,0.0,-0.4629638891753718,-41.09589097020682,False,MANQUANTE,MANQUANTE,MANQUANTE,MANQUANTE,MANQUANTE,MANQUANTE,MANQUANTE,MANQUANTE,MANQUANTE,MANQUANTE,MANQUANTE,MANQUANTE,MANQUANTE,MANQUANTE,MANQUANTE,A_COMPLETER_PREUVES_SSI,A_VERIFIER,MANQUANTE,B1: référence de preuve absente | B2: référence de preuve absente | B3: référence de preuve absente | B4: référence de preuve absente | B5: référence de preuve absente | B6: référence de preuve absente | B7: référence de preuve absente | exclusions non vérifiées | preuve du contrôle des exclusions absente
II8.F,ENDO LIGHTING CORP.           R,Allemagne,203806928.0,22518999040.0,14709999616.0,9383749632.0,,0.038,0.41455,0.34887,14768618.0,Yahoo Finance / yfinance get_info,2026-10-08,0.0,10.4000015258789,-2.8168987598808592,True,MANQUANTE,MANQUANTE,MANQUANTE,MANQUANTE,MANQUANTE,MANQUANTE,MANQUANTE,MANQUANTE,MANQUANTE,MANQUANTE,MANQUANTE,MANQUANTE,MANQUANTE,MANQUANTE,MANQUANTE,A_COMPLETER_PREUVES_SSI,A_VERIFIER,MANQUANTE,B1: référence de preuve absente | B2: référence de preuve absente | B3: référence de preuve absente | B4: référence de preuve absente | B5: référence de preuve absente | B6: référence de preuve absente | B7: référence de preuve absente | exclusions non vérifiées | preuve du contrôle des exclusions absente
S090.F,Sutro Biopharma Inc.          R,Allemagne,203816400.0,164346000.0,10783000.0,-125795000.0,-100756000.0,-0.846,-2.1671,0.02258,16570439.0,Yahoo Finance / yfinance get_info,2026-10-08,0.0,-50.79999923706055,-42.52336257013628,False,MANQUANTE,MANQUANTE,MANQUANTE,MANQUANTE,MANQUANTE,MANQUANTE,MANQUANTE,MANQUANTE,MANQUANTE,MANQUANTE,MANQUANTE,MANQUANTE,MANQUANTE,MANQUANTE,MANQUANTE,A_COMPLETER_PREUVES_SSI,A_VERIFIER,MANQUANTE,B1: référence de preuve absente | B2: référence de preuve absente | B3: référence de preuve absente | B4: référence de preuve absente | B5: référence de preuve absente | B6: référence de preuve absente | B7: référence de preuve absente | exclusions non vérifiées | preuve du contrôle des exclusions absente
SWQ.F,Silver Mines Ltd.             R,Allemagne,204182416.0,35751420.0,0.0,-3664598.0,-7038613.0,0.989,0.75209,0.03638,2552280312.0,Yahoo Finance / yfinance get_info,2026-10-08,0.0,2.9601052555170426,-18.28396772095042,False,MANQUANTE,MANQUANTE,MANQUANTE,MANQUANTE,MANQUANTE,MANQUANTE,MANQUANTE,MANQUANTE,MANQUANTE,MANQUANTE,MANQUANTE,MANQUANTE,MANQUANTE,MANQUANTE,MANQUANTE,A_COMPLETER_PREUVES_SSI,A_VERIFIER,MANQUANTE,B1: référence de preuve absente | B2: référence de preuve absente | B3: référence de preuve absente | B4: référence de preuve absente | B5: référence de preuve absente | B6: référence de preuve absente | B7: référence de preuve absente | exclusions non vérifiées | preuve du contrôle des exclusions absente
2OZA.F,Microvast Holdings Inc.       R,Allemagne,204572352.0,127828000.0,193042000.0,40798000.0,63391876.0,-0.045,0.33957002,0.45736998,384534486.0,Yahoo Finance / yfinance get_info,2026-10-08,0.0,-42.2366989096945,-61.44927484902532,False,MANQUANTE,MANQUANTE,MANQUANTE,MANQUANTE,MANQUANTE,MANQUANTE,MANQUANTE,MANQUANTE,MANQUANTE,MANQUANTE,MANQUANTE,MANQUANTE,MANQUANTE,MANQUANTE,MANQUANTE,A_COMPLETER_PREUVES_SSI,A_VERIFIER,MANQUANTE,B1: référence de preuve absente | B2: référence de preuve absente | B3: référence de preuve absente | B4: référence de preuve absente | B5: référence de preuve absente | B6: référence de preuve absente | B7: référence de preuve absente | exclusions non vérifiées | preuve du contrôle des exclusions absente
M3O.F,Beacon Minerals Ltd.          R,Allemagne,204785776.0,39740416.0,9293150.0,61076028.0,16930212.0,-0.145,0.37939,0.62376,116355553.0,Yahoo Finance / yfinance get_info,2026-10-08,0.0,1.7341023733535632,-10.65990025873862,False,MANQUANTE,MANQUANTE,MANQUANTE,MANQUANTE,MANQUANTE,MANQUANTE,MANQUANTE,MANQUANTE,MANQUANTE,MANQUANTE,MANQUANTE,MANQUANTE,MANQUANTE,MANQUANTE,MANQUANTE,A_COMPLETER_PREUVES_SSI,A_VERIFIER,MANQUANTE,B1: référence de preuve absente | B2: référence de preuve absente | B3: référence de preuve absente | B4: référence de preuve absente | B5: référence de preuve absente | B6: référence de preuve absente | B7: référence de preuve absente | exclusions non vérifiées | preuve du contrôle des exclusions absente
BT3.F,Lineage Cell Therapeutics Inc.R,Allemagne,204855040.0,50829000.0,2299000.0,-26111000.0,-14774250.0,-0.613,-0.57365,0.048600003,252907464.0,Yahoo Finance / yfinance get_info,2026-10-08,0.0,-25.41436206343164,-34.88745741909196,False,MANQUANTE,MANQUANTE,MANQUANTE,MANQUANTE,MANQUANTE,MANQUANTE,MANQUANTE,MANQUANTE,MANQUANTE,MANQUANTE,MANQUANTE,MANQUANTE,MANQUANTE,MANQUANTE,MANQUANTE,A_COMPLETER_PREUVES_SSI,A_VERIFIER,MANQUANTE,B1: référence de preuve absente | B2: référence de preuve absente | B3: référence de preuve absente | B4: référence de preuve absente | B5: référence de preuve absente | B6: référence de preuve absente | B7: référence de preuve absente | exclusions non vérifiées | preuve du contrôle des exclusions absente
1E91.F,Econocom Group SE             A,Allemagne,204990544.0,396100000.0,689600000.0,88100000.0,137075008.0,-0.037,0.1019,0.548,146421832.0,Yahoo Finance / yfinance get_info,2026-10-08,0.0,0.7194237817389482,0.358422602149977,False,MANQUANTE,MANQUANTE,MANQUANTE,MANQUANTE,MANQUANTE,MANQUANTE,MANQUANTE,MANQUANTE,MANQUANTE,MANQUANTE,MANQUANTE,MANQUANTE,MANQUANTE,MANQUANTE,MANQUANTE,A_COMPLETER_PREUVES_SSI,A_VERIFIER,MANQUANTE,B1: référence de preuve absente | B2: référence de preuve absente | B3: référence de preuve absente | B4: référence de preuve absente | B5: référence de preuve absente | B6: référence de preuve absente | B7: référence de preuve absente | exclusions non vérifiées | preuve du contrôle des exclusions absente
M55.F,MacroGenics Inc.              R,Allemagne,205114608.0,173304992.0,35092000.0,-32169000.0,-69411128.0,3.78,-0.00745,0.03481,63700187.0,Yahoo Finance / yfinance get_info,2026-10-08,0.0,-14.361701149538986,11.03448009377579,True,MANQUANTE,MANQUANTE,MANQUANTE,MANQUANTE,MANQUANTE,MANQUANTE,MANQUANTE,MANQUANTE,MANQUANTE,MANQUANTE,MANQUANTE,MANQUANTE,MANQUANTE,MANQUANTE,MANQUANTE,A_COMPLETER_PREUVES_SSI,A_VERIFIER,MANQUANTE,B1: référence de preuve absente | B2: référence de preuve absente | B3: référence de preuve absente | B4: référence de preuve absente | B5: référence de preuve absente | B6: référence de preuve absente | B7: référence de preuve absente | exclusions non vérifiées | preuve du contrôle des exclusions absente
BTA.F,BTG Consulting PLC            R,Allemagne,205343408.0,6000000.0,21600000.0,25300000.0,12137500.0,0.118,0.43205002,0.22367,161687735.0,Yahoo Finance / yfinance get_info,2026-10-08,0.0,4.958672800657649,-0.7812492724042275,False,MANQUANTE,MANQUANTE,MANQUANTE,MANQUANTE,MANQUANTE,MANQUANTE,MANQUANTE,MANQUANTE,MANQUANTE,MANQUANTE,MANQUANTE,MANQUANTE,MANQUANTE,MANQUANTE,MANQUANTE,A_COMPLETER_PREUVES_SSI,A_VERIFIER,MANQUANTE,B1: référence de preuve absente | B2: référence de preuve absente | B3: référence de preuve absente | B4: référence de preuve absente | B5: référence de preuve absente | B6: référence de preuve absente | B7: référence de preuve absente | exclusions non vérifiées | preuve du contrôle des exclusions absente
GLV.F,GLORIOUS SUN ENTERPRISES LTD. R,Allemagne,205499984.0,1223192960.0,68296000.0,67721000.0,37497752.0,-0.011,0.22063999,0.70373,1500000000.0,Yahoo Finance / yfinance get_info,2026-10-08,0.0,1.4814733870238683,-0.7246391678327524,False,MANQUANTE,MANQUANTE,MANQUANTE,MANQUANTE,MANQUANTE,MANQUANTE,MANQUANTE,MANQUANTE,MANQUANTE,MANQUANTE,MANQUANTE,MANQUANTE,MANQUANTE,MANQUANTE,MANQUANTE,A_COMPLETER_PREUVES_SSI,A_VERIFIER,MANQUANTE,B1: référence de preuve absente | B2: référence de preuve absente | B3: référence de preuve absente | B4: référence de preuve absente | B5: référence de preuve absente | B6: référence de preuve absente | B7: référence de preuve absente | exclusions non vérifiées | preuve du contrôle des exclusions absente
0BK.F,MITSUBISHI STEEL MFG. CO. LTD.R,Allemagne,205647040.0,13054000128.0,45552001024.0,8945500160.0,,0.064,0.13561,0.12549,15121105.0,Yahoo Finance / yfinance get_info,2026-10-08,0.0,21.428576902467466,42.40837811358431,True,MANQUANTE,MANQUANTE,MANQUANTE,MANQUANTE,MANQUANTE,MANQUANTE,MANQUANTE,MANQUANTE,MANQUANTE,MANQUANTE,MANQUANTE,MANQUANTE,MANQUANTE,MANQUANTE,MANQUANTE,A_COMPLETER_PREUVES_SSI,A_VERIFIER,MANQUANTE,B1: référence de preuve absente | B2: référence de preuve absente | B3: référence de preuve absente | B4: référence de preuve absente | B5: référence de preuve absente | B6: référence de preuve absente | B7: référence de preuve absente | exclusions non vérifiées | preuve du contrôle des exclusions absente
AH2N.F,ASCOM HOLDING AG              N,Allemagne,205750128.0,25300000.0,0.0,24400000.0,11562500.0,-0.001,0.47825,0.01811,32920021.0,Yahoo Finance / yfinance get_info,2026-10-08,0.0,-3.846153846153844,9.64912647612477,True,MANQUANTE,MANQUANTE,MANQUANTE,MANQUANTE,MANQUANTE,MANQUANTE,MANQUANTE,MANQUANTE,MANQUANTE,MANQUANTE,MANQUANTE,MANQUANTE,MANQUANTE,MANQUANTE,MANQUANTE,A_COMPLETER_PREUVES_SSI,A_VERIFIER,MANQUANTE,B1: référence de preuve absente | B2: référence de preuve absente | B3: référence de preuve absente | B4: référence de preuve absente | B5: référence de preuve absente | B6: référence de preuve absente | B7: référence de preuve absente | exclusions non vérifiées | preuve du contrôle des exclusions absente
BC70.F,Capital B S.A.                A,Allemagne,206141152.0,3478000.0,99845000.0,48710000.0,-195060368.0,-0.148,0.03295,0.28103,38459169.0,Yahoo Finance / yfinance get_info,2026-10-08,0.0,23.78753413295145,-14.239997863769528,False,MANQUANTE,MANQUANTE,MANQUANTE,MANQUANTE,MANQUANTE,MANQUANTE,MANQUANTE,MANQUANTE,MANQUANTE,MANQUANTE,MANQUANTE,MANQUANTE,MANQUANTE,MANQUANTE,MANQUANTE,A_COMPLETER_PREUVES_SSI,A_VERIFIER,MANQUANTE,B1: référence de preuve absente | B2: référence de preuve absente | B3: référence de preuve absente | B4: référence de preuve absente | B5: référence de preuve absente | B6: référence de preuve absente | B7: référence de preuve absente | exclusions non vérifiées | preuve du contrôle des exclusions absente
J0H.F,H+H International AS          N,Allemagne,206713088.0,241000000.0,1066000000.0,-364000000.0,-554875008.0,0.046,0.20743999,0.25030002,16384387.0,Yahoo Finance / yfinance get_info,2026-10-08,0.0,-4.049847753770209,1.31578823536056,False,MANQUANTE,MANQUANTE,MANQUANTE,MANQUANTE,MANQUANTE,MANQUANTE,MANQUANTE,MANQUANTE,MANQUANTE,MANQUANTE,MANQUANTE,MANQUANTE,MANQUANTE,MANQUANTE,MANQUANTE,A_COMPLETER_PREUVES_SSI,A_VERIFIER,MANQUANTE,B1: référence de preuve absente | B2: référence de preuve absente | B3: référence de preuve absente | B4: référence de preuve absente | B5: référence de preuve absente | B6: référence de preuve absente | B7: référence de preuve absente | exclusions non vérifiées | preuve du contrôle des exclusions absente
2LYA.F,High Tide Inc.                R,Allemagne,206810864.0,38089000.0,123471000.0,35185000.0,-4734750.0,0.328,0.26104,0.121700004,89142614.0,Yahoo Finance / yfinance get_info,2026-10-08,0.0,23.535671316506,19.587621897639785,True,MANQUANTE,MANQUANTE,MANQUANTE,MANQUANTE,MANQUANTE,MANQUANTE,MANQUANTE,MANQUANTE,MANQUANTE,MANQUANTE,MANQUANTE,MANQUANTE,MANQUANTE,MANQUANTE,MANQUANTE,A_COMPLETER_PREUVES_SSI,A_VERIFIER,MANQUANTE,B1: référence de preuve absente | B2: référence de preuve absente | B3: référence de preuve absente | B4: référence de preuve absente | B5: référence de preuve absente | B6: référence de preuve absente | B7: référence de preuve absente | exclusions non vérifiées | preuve du contrôle des exclusions absente
BJ3.F,Beijing North Star Co. Ltd.   R,Allemagne,207071744.0,7800760832.0,24283932672.0,-1022053056.0,3408482816.0,-0.033,0.07039,0.0,707020000.0,Yahoo Finance / yfinance get_info,2026-10-08,0.0,4.237290382967407,-26.78571127633857,False,MANQUANTE,MANQUANTE,MANQUANTE,MANQUANTE,MANQUANTE,MANQUANTE,MANQUANTE,MANQUANTE,MANQUANTE,MANQUANTE,MANQUANTE,MANQUANTE,MANQUANTE,MANQUANTE,MANQUANTE,A_COMPLETER_PREUVES_SSI,A_VERIFIER,MANQUANTE,B1: référence de preuve absente | B2: référence de preuve absente | B3: référence de preuve absente | B4: référence de preuve absente | B5: référence de preuve absente | B6: référence de preuve absente | B7: référence de preuve absente | exclusions non vérifiées | preuve du contrôle des exclusions absente
OP3.F,OP Bancorp                    R,Allemagne,207563344.0,175302000.0,109833000.0,,,0.151,0.0,0.20148,14932615.0,Yahoo Finance / yfinance get_info,2026-10-08,0.0,8.593745401594855,16.80672322783665,True,MANQUANTE,MANQUANTE,MANQUANTE,MANQUANTE,MANQUANTE,MANQUANTE,MANQUANTE,MANQUANTE,MANQUANTE,MANQUANTE,MANQUANTE,MANQUANTE,MANQUANTE,MANQUANTE,MANQUANTE,A_COMPLETER_PREUVES_SSI,A_VERIFIER,MANQUANTE,B1: référence de preuve absente | B2: référence de preuve absente | B3: référence de preuve absente | B4: référence de preuve absente | B5: référence de preuve absente | B6: référence de preuve absente | B7: référence de preuve absente | exclusions non vérifiées | preuve du contrôle des exclusions absente
PRVA.F,Vanquis Banking Group PLC     R,Allemagne,207759952.0,865000000.0,3842400000.0,,,-0.056,0.04101,0.11073,250331804.0,Yahoo Finance / yfinance get_info,2026-10-08,0.0,-40.00000088303176,-39.5522401337635,False,MANQUANTE,MANQUANTE,MANQUANTE,MANQUANTE,MANQUANTE,MANQUANTE,MANQUANTE,MANQUANTE,MANQUANTE,MANQUANTE,MANQUANTE,MANQUANTE,MANQUANTE,MANQUANTE,MANQUANTE,A_COMPLETER_PREUVES_SSI,A_VERIFIER,MANQUANTE,B1: référence de preuve absente | B2: référence de preuve absente | B3: référence de preuve absente | B4: référence de preuve absente | B5: référence de preuve absente | B6: référence de preuve absente | B7: référence de preuve absente | exclusions non vérifiées | preuve du contrôle des exclusions absente
TZ0.F,Jinmao Property Services Co.  R,Allemagne,207963472.0,1696625024.0,225242000.0,432697984.0,181796992.0,0.058,0.17614001,0.74761003,904189000.0,Yahoo Finance / yfinance get_info,2026-10-08,0.0,1.769915122061283,-10.156252637534513,False,MANQUANTE,MANQUANTE,MANQUANTE,MANQUANTE,MANQUANTE,MANQUANTE,MANQUANTE,MANQUANTE,MANQUANTE,MANQUANTE,MANQUANTE,MANQUANTE,MANQUANTE,MANQUANTE,MANQUANTE,A_COMPLETER_PREUVES_SSI,A_VERIFIER,MANQUANTE,B1: référence de preuve absente | B2: référence de preuve absente | B3: référence de preuve absente | B4: référence de preuve absente | B5: référence de preuve absente | B6: référence de preuve absente | B7: référence de preuve absente | exclusions non vérifiées | preuve du contrôle des exclusions absente
JTI.F,Ju Teng Intl Holdings Ltd.    R,Allemagne,208033024.0,590820992.0,2739927040.0,-432876000.0,-264161632.0,-0.053,0.04636,0.59157,845662671.0,Yahoo Finance / yfinance get_info,2026-10-08,0.0,-28.07017505639784,0.0,False,MANQUANTE,MANQUANTE,MANQUANTE,MANQUANTE,MANQUANTE,MANQUANTE,MANQUANTE,MANQUANTE,MANQUANTE,MANQUANTE,MANQUANTE,MANQUANTE,MANQUANTE,MANQUANTE,MANQUANTE,A_COMPLETER_PREUVES_SSI,A_VERIFIER,MANQUANTE,B1: référence de preuve absente | B2: référence de preuve absente | B3: référence de preuve absente | B4: référence de preuve absente | B5: référence de preuve absente | B6: référence de preuve absente | B7: référence de preuve absente | exclusions non vérifiées | preuve du contrôle des exclusions absente
AMH.F,AB Amber Grid                 R,Allemagne,208061680.0,761000.0,111671000.0,34185000.0,4509625.0,0.161,0.83453006,0.96578,178382514.0,Yahoo Finance / yfinance get_info,2026-10-08,0.0,0.0,-1.7857125751218117,False,MANQUANTE,MANQUANTE,MANQUANTE,MANQUANTE,MANQUANTE,MANQUANTE,MANQUANTE,MANQUANTE,MANQUANTE,MANQUANTE,MANQUANTE,MANQUANTE,MANQUANTE,MANQUANTE,MANQUANTE,A_COMPLETER_PREUVES_SSI,A_VERIFIER,MANQUANTE,B1: référence de preuve absente | B2: référence de preuve absente | B3: référence de preuve absente | B4: référence de preuve absente | B5: référence de preuve absente | B6: référence de preuve absente | B7: référence de preuve absente | exclusions non vérifiées | preuve du contrôle des exclusions absente
P5C.F,Pou Sheng Internat. Hldgs Ltd.R,Allemagne,208368976.0,1964546048.0,1176573952.0,769444992.0,778262400.0,-0.034,0.33707002,0.63592,5144912855.0,Yahoo Finance / yfinance get_info,2026-10-08,0.0,6.578951109190512,-5.813956409773258,False,MANQUANTE,MANQUANTE,MANQUANTE,MANQUANTE,MANQUANTE,MANQUANTE,MANQUANTE,MANQUANTE,MANQUANTE,MANQUANTE,MANQUANTE,MANQUANTE,MANQUANTE,MANQUANTE,MANQUANTE,A_COMPLETER_PREUVES_SSI,A_VERIFIER,MANQUANTE,B1: référence de preuve absente | B2: référence de preuve absente | B3: référence de preuve absente | B4: référence de preuve absente | B5: référence de preuve absente | B6: référence de preuve absente | B7: référence de preuve absente | exclusions non vérifiées | preuve du contrôle des exclusions absente
SD4.F,Spectral Medical Inc.         R,Allemagne,208423328.0,803000.0,24730000.0,-10342000.0,12012375.0,-0.236,0.53134,0.17211,293553974.0,Yahoo Finance / yfinance get_info,2026-10-08,0.0,-13.414636007878569,-14.970060264937302,False,MANQUANTE,MANQUANTE,MANQUANTE,MANQUANTE,MANQUANTE,MANQUANTE,MANQUANTE,MANQUANTE,MANQUANTE,MANQUANTE,MANQUANTE,MANQUANTE,MANQUANTE,MANQUANTE,MANQUANTE,A_COMPLETER_PREUVES_SSI,A_VERIFIER,MANQUANTE,B1: référence de preuve absente | B2: référence de preuve absente | B3: référence de preuve absente | B4: référence de preuve absente | B5: référence de preuve absente | B6: référence de preuve absente | B7: référence de preuve absente | exclusions non vérifiées | preuve du contrôle des exclusions absente
JBX.F,JACK IN THE BOX INC.          R,Allemagne,209054688.0,46318000.0,2481620992.0,221896000.0,-9294750.0,-0.018,0.26692,0.095860004,19179330.0,Yahoo Finance / yfinance get_info,2026-10-08,0.0,-15.503876427461982,13.541658181283545,False,MANQUANTE,MANQUANTE,MANQUANTE,MANQUANTE,MANQUANTE,MANQUANTE,MANQUANTE,MANQUANTE,MANQUANTE,MANQUANTE,MANQUANTE,MANQUANTE,MANQUANTE,MANQUANTE,MANQUANTE,A_COMPLETER_PREUVES_SSI,A_VERIFIER,MANQUANTE,B1: référence de preuve absente | B2: référence de preuve absente | B3: référence de preuve absente | B4: référence de preuve absente | B5: référence de preuve absente | B6: référence de preuve absente | B7: référence de preuve absente | exclusions non vérifiées | preuve du contrôle des exclusions absente
YG6.F,Cinkarna Met.kem.ind. Celje ddN,Allemagne,209279200.0,54307836.0,0.0,32380790.0,9502578.0,0.016,0.14158,0.30998,7779896.0,Yahoo Finance / yfinance get_info,2026-10-08,0.0,-3.928572790963314,-5.944058532393948,False,MANQUANTE,MANQUANTE,MANQUANTE,MANQUANTE,MANQUANTE,MANQUANTE,MANQUANTE,MANQUANTE,MANQUANTE,MANQUANTE,MANQUANTE,MANQUANTE,MANQUANTE,MANQUANTE,MANQUANTE,A_COMPLETER_PREUVES_SSI,A_VERIFIER,MANQUANTE,B1: référence de preuve absente | B2: référence de preuve absente | B3: référence de preuve absente | B4: référence de preuve absente | B5: référence de preuve absente | B6: référence de preuve absente | B7: référence de preuve absente | exclusions non vérifiées | preuve du contrôle des exclusions absente
PHE.F,Cipher Pharmaceuticals Inc.   R,Allemagne,209674336.0,9111000.0,367000.0,26480000.0,19214376.0,-0.098,0.81404,0.42540002,25415072.0,Yahoo Finance / yfinance get_info,2026-10-08,0.0,-20.67307401338262,-30.67226668517382,False,MANQUANTE,MANQUANTE,MANQUANTE,MANQUANTE,MANQUANTE,MANQUANTE,MANQUANTE,MANQUANTE,MANQUANTE,MANQUANTE,MANQUANTE,MANQUANTE,MANQUANTE,MANQUANTE,MANQUANTE,A_COMPLETER_PREUVES_SSI,A_VERIFIER,MANQUANTE,B1: référence de preuve absente | B2: référence de preuve absente | B3: référence de preuve absente | B4: référence de preuve absente | B5: référence de preuve absente | B6: référence de preuve absente | B7: référence de preuve absente | exclusions non vérifiées | preuve du contrôle des exclusions absente
6RN.F,China Renaissance Hldgs Ltd.  R,Allemagne,209845280.0,5879439872.0,606129984.0,,,-0.043,1.0,0.45341998,573347776.0,Yahoo Finance / yfinance get_info,2026-10-08,0.0,14.37500151339921,-3.684210196096149,False,MANQUANTE,MANQUANTE,MANQUANTE,MANQUANTE,MANQUANTE,MANQUANTE,MANQUANTE,MANQUANTE,MANQUANTE,MANQUANTE,MANQUANTE,MANQUANTE,MANQUANTE,MANQUANTE,MANQUANTE,A_COMPLETER_PREUVES_SSI,A_VERIFIER,MANQUANTE,B1: référence de preuve absente | B2: référence de preuve absente | B3: référence de preuve absente | B4: référence de preuve absente | B5: référence de preuve absente | B6: référence de preuve absente | B7: référence de preuve absente | exclusions non vérifiées | preuve du contrôle des exclusions absente
6RN.SG,China Renaissance Hldgs Ltd.,Allemagne,209845280.0,5879439872.0,606129984.0,,,-0.043,1.0,0.45341998,573347776.0,Yahoo Finance / yfinance get_info,2026-10-08,0.0,13.664596330778767,-2.1390416944038093,False,MANQUANTE,MANQUANTE,MANQUANTE,MANQUANTE,MANQUANTE,MANQUANTE,MANQUANTE,MANQUANTE,MANQUANTE,MANQUANTE,MANQUANTE,MANQUANTE,MANQUANTE,MANQUANTE,MANQUANTE,A_COMPLETER_PREUVES_SSI,A_VERIFIER,MANQUANTE,B1: référence de preuve absente | B2: référence de preuve absente | B3: référence de preuve absente | B4: référence de preuve absente | B5: référence de preuve absente | B6: référence de preuve absente | B7: référence de preuve absente | exclusions non vérifiées | preuve du contrôle des exclusions absente
3KF0.F,Auxly Cannabis Group Inc.     R,Allemagne,210084112.0,38700000.0,53674000.0,39718000.0,2581875.0,0.18,0.52876,0.23083,103235434.0,Yahoo Finance / yfinance get_info,2026-10-08,0.0,45.06701868589516,81.69643546131493,True,MANQUANTE,MANQUANTE,MANQUANTE,MANQUANTE,MANQUANTE,MANQUANTE,MANQUANTE,MANQUANTE,MANQUANTE,MANQUANTE,MANQUANTE,MANQUANTE,MANQUANTE,MANQUANTE,MANQUANTE,A_COMPLETER_PREUVES_SSI,A_VERIFIER,MANQUANTE,B1: référence de preuve absente | B2: référence de preuve absente | B3: référence de preuve absente | B4: référence de preuve absente | B5: référence de preuve absente | B6: référence de preuve absente | B7: référence de preuve absente | exclusions non vérifiées | preuve du contrôle des exclusions absente
SMG.F,Magnachip Semiconductor Corp. R,Allemagne,210235008.0,87936000.0,43160000.0,-24401000.0,-23868124.0,-0.061,0.15872,0.15323,38041317.0,Yahoo Finance / yfinance get_info,2026-10-08,0.0,-13.496934310049902,8.46153987229934,False,MANQUANTE,MANQUANTE,MANQUANTE,MANQUANTE,MANQUANTE,MANQUANTE,MANQUANTE,MANQUANTE,MANQUANTE,MANQUANTE,MANQUANTE,MANQUANTE,MANQUANTE,MANQUANTE,MANQUANTE,A_COMPLETER_PREUVES_SSI,A_VERIFIER,MANQUANTE,B1: référence de preuve absente | B2: référence de preuve absente | B3: référence de preuve absente | B4: référence de preuve absente | B5: référence de preuve absente | B6: référence de preuve absente | B7: référence de preuve absente | exclusions non vérifiées | preuve du contrôle des exclusions absente
DB0.F,Q32 Bio Inc.                  R,Allemagne,210321280.0,106270000.0,5296000.0,21818000.0,19392250.0,,0.73301005,0.02096,29769466.0,Yahoo Finance / yfinance get_info,2026-10-08,0.0,-52.1341466960419,57.069805014104745,False,MANQUANTE,MANQUANTE,MANQUANTE,MANQUANTE,MANQUANTE,MANQUANTE,MANQUANTE,MANQUANTE,MANQUANTE,MANQUANTE,MANQUANTE,MANQUANTE,MANQUANTE,MANQUANTE,MANQUANTE,A_COMPLETER_PREUVES_SSI,A_VERIFIER,MANQUANTE,B1: référence de preuve absente | B2: référence de preuve absente | B3: référence de preuve absente | B4: référence de preuve absente | B5: référence de preuve absente | B6: référence de preuve absente | B7: référence de preuve absente | exclusions non vérifiées | preuve du contrôle des exclusions absente
56P.F,NG Energy International Corp. R,Allemagne,210397824.0,33232310.0,40145784.0,-22675002.0,-27088392.0,0.32,0.29518,0.30997,296334964.0,Yahoo Finance / yfinance get_info,2026-10-08,0.0,-17.441864333454436,-19.31818381937084,False,MANQUANTE,MANQUANTE,MANQUANTE,MANQUANTE,MANQUANTE,MANQUANTE,MANQUANTE,MANQUANTE,MANQUANTE,MANQUANTE,MANQUANTE,MANQUANTE,MANQUANTE,MANQUANTE,MANQUANTE,A_COMPLETER_PREUVES_SSI,A_VERIFIER,MANQUANTE,B1: référence de preuve absente | B2: référence de preuve absente | B3: référence de preuve absente | B4: référence de preuve absente | B5: référence de preuve absente | B6: référence de preuve absente | B7: référence de preuve absente | exclusions non vérifiées | preuve du contrôle des exclusions absente
9S2.F,Midwich Group PLC             R,Allemagne,210544720.0,54631000.0,213352000.0,6934000.0,2731875.0,0.032,0.17501,0.29038998,103208202.0,Yahoo Finance / yfinance get_info,2026-10-08,0.0,39.72602113368357,19.29824072189241,True,MANQUANTE,MANQUANTE,MANQUANTE,MANQUANTE,MANQUANTE,MANQUANTE,MANQUANTE,MANQUANTE,MANQUANTE,MANQUANTE,MANQUANTE,MANQUANTE,MANQUANTE,MANQUANTE,MANQUANTE,A_COMPLETER_PREUVES_SSI,A_VERIFIER,MANQUANTE,B1: référence de preuve absente | B2: référence de preuve absente | B3: référence de preuve absente | B4: référence de preuve absente | B5: référence de preuve absente | B6: référence de preuve absente | B7: référence de preuve absente | exclusions non vérifiées | preuve du contrôle des exclusions absente
50P.F,Saturn Metals Ltd.            R,Allemagne,210611776.0,40431652.0,445726.0,-7446282.0,-26689740.0,5.09,1.0,0.21965,752184895.0,Yahoo Finance / yfinance get_info,2026-10-08,0.0,8.52713796154183,0.7194259257909286,,MANQUANTE,MANQUANTE,MANQUANTE,MANQUANTE,MANQUANTE,MANQUANTE,MANQUANTE,MANQUANTE,MANQUANTE,MANQUANTE,MANQUANTE,MANQUANTE,MANQUANTE,MANQUANTE,MANQUANTE,A_COMPLETER_PREUVES_SSI,A_VERIFIER,MANQUANTE,B1: référence de preuve absente | B2: référence de preuve absente | B3: référence de preuve absente | B4: référence de preuve absente | B5: référence de preuve absente | B6: référence de preuve absente | B7: référence de preuve absente | exclusions non vérifiées | preuve du contrôle des exclusions absente
5NZ.F,NZX Ltd.                      R,Allemagne,210714320.0,15137000.0,73525000.0,42542000.0,29776500.0,0.133,0.41707,0.15012999,329241123.0,Yahoo Finance / yfinance get_info,2026-10-08,0.0,-1.5384601277006582,6.666660043928618,False,MANQUANTE,MANQUANTE,MANQUANTE,MANQUANTE,MANQUANTE,MANQUANTE,MANQUANTE,MANQUANTE,MANQUANTE,MANQUANTE,MANQUANTE,MANQUANTE,MANQUANTE,MANQUANTE,MANQUANTE,A_COMPLETER_PREUVES_SSI,A_VERIFIER,MANQUANTE,B1: référence de preuve absente | B2: référence de preuve absente | B3: référence de preuve absente | B4: référence de preuve absente | B5: référence de preuve absente | B6: référence de preuve absente | B7: référence de preuve absente | exclusions non vérifiées | preuve du contrôle des exclusions absente
9DB.F,Dave & Buster's Entertain.Inc.R,Allemagne,210725408.0,16000000.0,3585999872.0,370600000.0,-15462500.0,-0.024,0.38292,0.051799998,34830644.0,Yahoo Finance / yfinance get_info,2026-10-08,0.0,-33.14917057207707,-43.45794113476372,False,MANQUANTE,MANQUANTE,MANQUANTE,MANQUANTE,MANQUANTE,MANQUANTE,MANQUANTE,MANQUANTE,MANQUANTE,MANQUANTE,MANQUANTE,MANQUANTE,MANQUANTE,MANQUANTE,MANQUANTE,A_COMPLETER_PREUVES_SSI,A_VERIFIER,MANQUANTE,B1: référence de preuve absente | B2: référence de preuve absente | B3: référence de preuve absente | B4: référence de preuve absente | B5: référence de preuve absente | B6: référence de preuve absente | B7: référence de preuve absente | exclusions non vérifiées | preuve du contrôle des exclusions absente
1J3.F,StarragTornos Group AG        N,Allemagne,210876464.0,58939000.0,29792000.0,23202000.0,25950928.0,0.011,0.58681,0.68478996,5463121.0,Yahoo Finance / yfinance get_info,2026-10-08,0.0,11.560694151451422,5.464481102134866,True,MANQUANTE,MANQUANTE,MANQUANTE,MANQUANTE,MANQUANTE,MANQUANTE,MANQUANTE,MANQUANTE,MANQUANTE,MANQUANTE,MANQUANTE,MANQUANTE,MANQUANTE,MANQUANTE,MANQUANTE,A_COMPLETER_PREUVES_SSI,A_VERIFIER,MANQUANTE,B1: référence de preuve absente | B2: référence de preuve absente | B3: référence de preuve absente | B4: référence de preuve absente | B5: référence de preuve absente | B6: référence de preuve absente | B7: référence de preuve absente | exclusions non vérifiées | preuve du contrôle des exclusions absente
EN0.F,Omega Oil & Gas Ltd.          R,Allemagne,210889472.0,102053088.0,210685.0,-9242339.0,-10583612.0,,0.01977,0.55357,540742257.0,Yahoo Finance / yfinance get_info,2026-10-08,0.0,5.978256776323288,-20.408167733792524,True,MANQUANTE,MANQUANTE,MANQUANTE,MANQUANTE,MANQUANTE,MANQUANTE,MANQUANTE,MANQUANTE,MANQUANTE,MANQUANTE,MANQUANTE,MANQUANTE,MANQUANTE,MANQUANTE,MANQUANTE,A_COMPLETER_PREUVES_SSI,A_VERIFIER,MANQUANTE,B1: référence de preuve absente | B2: référence de preuve absente | B3: référence de preuve absente | B4: référence de preuve absente | B5: référence de preuve absente | B6: référence de preuve absente | B7: référence de preuve absente | exclusions non vérifiées | preuve du contrôle des exclusions absente
FEQ1.F,Laboratorio Reig Jofre S.A.   A,Allemagne,210917408.0,15110000.0,119577000.0,24102500.0,,0.011,0.59430003,0.78456,82069029.0,Yahoo Finance / yfinance get_info,2026-10-08,0.0,-0.772200061362871,3.629028769239073,False,MANQUANTE,MANQUANTE,MANQUANTE,MANQUANTE,MANQUANTE,MANQUANTE,MANQUANTE,MANQUANTE,MANQUANTE,MANQUANTE,MANQUANTE,MANQUANTE,MANQUANTE,MANQUANTE,MANQUANTE,A_COMPLETER_PREUVES_SSI,A_VERIFIER,MANQUANTE,B1: référence de preuve absente | B2: référence de preuve absente | B3: référence de preuve absente | B4: référence de preuve absente | B5: référence de preuve absente | B6: référence de preuve absente | B7: référence de preuve absente | exclusions non vérifiées | preuve du contrôle des exclusions absente
A1T.F,AS Tallinna Vesi              R,Allemagne,211000000.0,7366000.0,178528992.0,30948000.0,-35597124.0,-0.041,0.42369998,0.75429,20000000.0,Yahoo Finance / yfinance get_info,2026-10-08,0.0,-3.211004037104759,-4.954956503001839,False,MANQUANTE,MANQUANTE,MANQUANTE,MANQUANTE,MANQUANTE,MANQUANTE,MANQUANTE,MANQUANTE,MANQUANTE,MANQUANTE,MANQUANTE,MANQUANTE,MANQUANTE,MANQUANTE,MANQUANTE,A_COMPLETER_PREUVES_SSI,A_VERIFIER,MANQUANTE,B1: référence de preuve absente | B2: référence de preuve absente | B3: référence de preuve absente | B4: référence de preuve absente | B5: référence de preuve absente | B6: référence de preuve absente | B7: référence de preuve absente | exclusions non vérifiées | preuve du contrôle des exclusions absente
AX9.F,Akebia Therapeutics Inc.      R,Allemagne,211044112.0,155548000.0,199188000.0,-4296000.0,33636376.0,-0.214,0.81439,0.019809999,277106245.0,Yahoo Finance / yfinance get_info,2026-10-08,0.0,-36.160935144448594,-37.52255710677584,False,MANQUANTE,MANQUANTE,MANQUANTE,MANQUANTE,MANQUANTE,MANQUANTE,MANQUANTE,MANQUANTE,MANQUANTE,MANQUANTE,MANQUANTE,MANQUANTE,MANQUANTE,MANQUANTE,MANQUANTE,A_COMPLETER_PREUVES_SSI,A_VERIFIER,MANQUANTE,B1: référence de preuve absente | B2: référence de preuve absente | B3: référence de preuve absente | B4: référence de preuve absente | B5: référence de preuve absente | B6: référence de preuve absente | B7: référence de preuve absente | exclusions non vérifiées | preuve du contrôle des exclusions absente
FWQ.F,MGX Resources Ltd.            R,Allemagne,211296736.0,393092000.0,575000.0,-2777000.0,25044250.0,-0.666,0.02369,0.19847,1180428735.0,Yahoo Finance / yfinance get_info,2026-10-08,0.0,-3.24324171938456,-17.889903929887442,False,MANQUANTE,MANQUANTE,MANQUANTE,MANQUANTE,MANQUANTE,MANQUANTE,MANQUANTE,MANQUANTE,MANQUANTE,MANQUANTE,MANQUANTE,MANQUANTE,MANQUANTE,MANQUANTE,MANQUANTE,A_COMPLETER_PREUVES_SSI,A_VERIFIER,MANQUANTE,B1: référence de preuve absente | B2: référence de preuve absente | B3: référence de preuve absente | B4: référence de preuve absente | B5: référence de preuve absente | B6: référence de preuve absente | B7: référence de preuve absente | exclusions non vérifiées | preuve du contrôle des exclusions absente
5P1.F,Prim S.A.                     A,Allemagne,211353664.0,25416632.0,19408672.0,25034784.0,15540386.0,-0.01,0.4967,0.59758997,16976198.0,Yahoo Finance / yfinance get_info,2026-10-08,0.0,-5.681818263918248,-4.597704005366299,False,MANQUANTE,MANQUANTE,MANQUANTE,MANQUANTE,MANQUANTE,MANQUANTE,MANQUANTE,MANQUANTE,MANQUANTE,MANQUANTE,MANQUANTE,MANQUANTE,MANQUANTE,MANQUANTE,MANQUANTE,A_COMPLETER_PREUVES_SSI,A_VERIFIER,MANQUANTE,B1: référence de preuve absente | B2: référence de preuve absente | B3: référence de preuve absente | B4: référence de preuve absente | B5: référence de preuve absente | B6: référence de preuve absente | B7: référence de preuve absente | exclusions non vérifiées | preuve du contrôle des exclusions absente
6OJ.F,Stelrad Group PLC             R,Allemagne,211405232.0,17576000.0,81077000.0,39162000.0,23869000.0,-0.091,0.32703,0.6423,127352555.0,Yahoo Finance / yfinance get_info,2026-10-08,0.0,-6.214690140704682,10.666664441426589,True,MANQUANTE,MANQUANTE,MANQUANTE,MANQUANTE,MANQUANTE,MANQUANTE,MANQUANTE,MANQUANTE,MANQUANTE,MANQUANTE,MANQUANTE,MANQUANTE,MANQUANTE,MANQUANTE,MANQUANTE,A_COMPLETER_PREUVES_SSI,A_VERIFIER,MANQUANTE,B1: référence de preuve absente | B2: référence de preuve absente | B3: référence de preuve absente | B4: référence de preuve absente | B5: référence de preuve absente | B6: référence de preuve absente | B7: référence de preuve absente | exclusions non vérifiées | preuve du contrôle des exclusions absente
TU3.F,Tungsten Mining NL            R,Allemagne,211462784.0,49099580.0,377782.0,-19613838.0,-4974325.0,,1.0,0.25264,1552590206.0,Yahoo Finance / yfinance get_info,2026-10-08,19.91999983787537,7.41324539297934,-22.701479003655265,,MANQUANTE,MANQUANTE,MANQUANTE,MANQUANTE,MANQUANTE,MANQUANTE,MANQUANTE,MANQUANTE,MANQUANTE,MANQUANTE,MANQUANTE,MANQUANTE,MANQUANTE,MANQUANTE,MANQUANTE,A_COMPLETER_PREUVES_SSI,A_VERIFIER,MANQUANTE,B1: référence de preuve absente | B2: référence de preuve absente | B3: référence de preuve absente | B4: référence de preuve absente | B5: référence de preuve absente | B6: référence de preuve absente | B7: référence de preuve absente | exclusions non vérifiées | preuve du contrôle des exclusions absente
295.F,Taaleri OYJ                   R,Allemagne,211549168.0,16470000.0,600000.0,28808000.0,20058500.0,0.006,0.59731,0.2521,28168995.0,Yahoo Finance / yfinance get_info,2026-10-08,0.0,4.450628221345032,4.450628221345032,True,MANQUANTE,MANQUANTE,MANQUANTE,MANQUANTE,MANQUANTE,MANQUANTE,MANQUANTE,MANQUANTE,MANQUANTE,MANQUANTE,MANQUANTE,MANQUANTE,MANQUANTE,MANQUANTE,MANQUANTE,A_COMPLETER_PREUVES_SSI,A_VERIFIER,MANQUANTE,B1: référence de preuve absente | B2: référence de preuve absente | B3: référence de preuve absente | B4: référence de preuve absente | B5: référence de preuve absente | B6: référence de preuve absente | B7: référence de preuve absente | exclusions non vérifiées | preuve du contrôle des exclusions absente
EMO.F,EM Holdings Co. Ltd.          R,Allemagne,211967712.0,6583000064.0,405000000.0,3729999872.0,574875008.0,-0.007,0.48722,0.54686,69270500.0,Yahoo Finance / yfinance get_info,2026-10-08,0.0,15.909084135836093,-11.046514770931726,False,MANQUANTE,MANQUANTE,MANQUANTE,MANQUANTE,MANQUANTE,MANQUANTE,MANQUANTE,MANQUANTE,MANQUANTE,MANQUANTE,MANQUANTE,MANQUANTE,MANQUANTE,MANQUANTE,MANQUANTE,A_COMPLETER_PREUVES_SSI,A_VERIFIER,MANQUANTE,B1: référence de preuve absente | B2: référence de preuve absente | B3: référence de preuve absente | B4: référence de preuve absente | B5: référence de preuve absente | B6: référence de preuve absente | B7: référence de preuve absente | exclusions non vérifiées | preuve du contrôle des exclusions absente
LDE.F,Lifecore Biomedical Inc.      R,Allemagne,212272752.0,17241000.0,156375008.0,8242287.0,,,0.31367,0.030439999,37905846.0,Yahoo Finance / yfinance get_info,2026-10-08,0.0,37.25490218994481,36.58536670464694,True,MANQUANTE,MANQUANTE,MANQUANTE,MANQUANTE,MANQUANTE,MANQUANTE,MANQUANTE,MANQUANTE,MANQUANTE,MANQUANTE,MANQUANTE,MANQUANTE,MANQUANTE,MANQUANTE,MANQUANTE,A_COMPLETER_PREUVES_SSI,A_VERIFIER,MANQUANTE,B1: référence de preuve absente | B2: référence de preuve absente | B3: référence de preuve absente | B4: référence de preuve absente | B5: référence de preuve absente | B6: référence de preuve absente | B7: référence de preuve absente | exclusions non vérifiées | preuve du contrôle des exclusions absente
IMV.F,IMMERSION CORP.               R,Allemagne,212684688.0,209504000.0,272824000.0,64289000.0,69696624.0,0.008,0.21535999,0.16895,33206041.0,Yahoo Finance / yfinance get_info,2026-10-08,0.0,9.48718485852078,31.68175196879148,True,MANQUANTE,MANQUANTE,MANQUANTE,MANQUANTE,MANQUANTE,MANQUANTE,MANQUANTE,MANQUANTE,MANQUANTE,MANQUANTE,MANQUANTE,MANQUANTE,MANQUANTE,MANQUANTE,MANQUANTE,A_COMPLETER_PREUVES_SSI,A_VERIFIER,MANQUANTE,B1: référence de preuve absente | B2: référence de preuve absente | B3: référence de preuve absente | B4: référence de preuve absente | B5: référence de preuve absente | B6: référence de preuve absente | B7: référence de preuve absente | exclusions non vérifiées | preuve du contrôle des exclusions absente
UT1.F,ACME UNITED CORP.             R,Allemagne,212777184.0,5041000.0,38480000.0,21723228.0,8329559.0,0.161,0.40083,0.11585,3833823.0,Yahoo Finance / yfinance get_info,2026-10-08,0.0,34.057966073521186,43.041239926077466,True,MANQUANTE,MANQUANTE,MANQUANTE,MANQUANTE,MANQUANTE,MANQUANTE,MANQUANTE,MANQUANTE,MANQUANTE,MANQUANTE,MANQUANTE,MANQUANTE,MANQUANTE,MANQUANTE,MANQUANTE,A_COMPLETER_PREUVES_SSI,A_VERIFIER,MANQUANTE,B1: référence de preuve absente | B2: référence de preuve absente | B3: référence de preuve absente | B4: référence de preuve absente | B5: référence de preuve absente | B6: référence de preuve absente | B7: référence de preuve absente | exclusions non vérifiées | preuve du contrôle des exclusions absente
0P1A.F,Turtle Beach Corp.            R,Allemagne,213125568.0,19565000.0,85333000.0,23133000.0,32764876.0,-0.007,0.37585998,0.13918,17909711.0,Yahoo Finance / yfinance get_info,2026-10-08,0.0,7.207200086191534,33.70786661331806,True,MANQUANTE,MANQUANTE,MANQUANTE,MANQUANTE,MANQUANTE,MANQUANTE,MANQUANTE,MANQUANTE,MANQUANTE,MANQUANTE,MANQUANTE,MANQUANTE,MANQUANTE,MANQUANTE,MANQUANTE,A_COMPLETER_PREUVES_SSI,A_VERIFIER,MANQUANTE,B1: référence de preuve absente | B2: référence de preuve absente | B3: référence de preuve absente | B4: référence de preuve absente | B5: référence de preuve absente | B6: référence de preuve absente | B7: référence de preuve absente | exclusions non vérifiées | preuve du contrôle des exclusions absente
GIO.F,GIORDANO INTERNATIONAL LTD.   R,Allemagne,213361712.0,674000000.0,679000000.0,295000000.0,487875008.0,-0.01,0.56521,0.29456,1616376518.0,Yahoo Finance / yfinance get_info,2026-10-08,0.0,-7.042257068318358,-8.965515115173128,False,MANQUANTE,MANQUANTE,MANQUANTE,MANQUANTE,MANQUANTE,MANQUANTE,MANQUANTE,MANQUANTE,MANQUANTE,MANQUANTE,MANQUANTE,MANQUANTE,MANQUANTE,MANQUANTE,MANQUANTE,A_COMPLETER_PREUVES_SSI,A_VERIFIER,MANQUANTE,B1: référence de preuve absente | B2: référence de preuve absente | B3: référence de preuve absente | B4: référence de preuve absente | B5: référence de preuve absente | B6: référence de preuve absente | B7: référence de preuve absente | exclusions non vérifiées | preuve du contrôle des exclusions absente
B9O2.F,Serabi Gold PLC               R,Allemagne,213661728.0,65689000.0,2718000.0,95773000.0,46560092.0,0.417,0.57762,0.25475,76307760.0,Yahoo Finance / yfinance get_info,2026-10-08,0.0,-8.496731873370123,-24.32432658834293,False,MANQUANTE,MANQUANTE,MANQUANTE,MANQUANTE,MANQUANTE,MANQUANTE,MANQUANTE,MANQUANTE,MANQUANTE,MANQUANTE,MANQUANTE,MANQUANTE,MANQUANTE,MANQUANTE,MANQUANTE,A_COMPLETER_PREUVES_SSI,A_VERIFIER,MANQUANTE,B1: référence de preuve absente | B2: référence de preuve absente | B3: référence de preuve absente | B4: référence de preuve absente | B5: référence de preuve absente | B6: référence de preuve absente | B7: référence de preuve absente | exclusions non vérifiées | preuve du contrôle des exclusions absente
AKP.F,ANIKA THERAPEUTICS INC.       R,Allemagne,214127456.0,38412000.0,25250000.0,3040000.0,3062375.0,0.156,0.62165,0.06403,13382966.0,Yahoo Finance / yfinance get_info,2026-10-08,0.0,20.300750154470148,29.03226203402433,True,MANQUANTE,MANQUANTE,MANQUANTE,MANQUANTE,MANQUANTE,MANQUANTE,MANQUANTE,MANQUANTE,MANQUANTE,MANQUANTE,MANQUANTE,MANQUANTE,MANQUANTE,MANQUANTE,MANQUANTE,A_COMPLETER_PREUVES_SSI,A_VERIFIER,MANQUANTE,B1: référence de preuve absente | B2: référence de preuve absente | B3: référence de preuve absente | B4: référence de preuve absente | B5: référence de preuve absente | B6: référence de preuve absente | B7: référence de preuve absente | exclusions non vérifiées | preuve du contrôle des exclusions absente
4SG.F,Sol-Gel Technologies Ltd.     R,Allemagne,214446928.0,47929000.0,770000.0,-17690000.0,-2120250.0,-0.966,0.0,0.59657,3273999.0,Yahoo Finance / yfinance get_info,2026-10-08,0.0,7.377049180327866,4.800000000000004,True,MANQUANTE,MANQUANTE,MANQUANTE,MANQUANTE,MANQUANTE,MANQUANTE,MANQUANTE,MANQUANTE,MANQUANTE,MANQUANTE,MANQUANTE,MANQUANTE,MANQUANTE,MANQUANTE,MANQUANTE,A_COMPLETER_PREUVES_SSI,A_VERIFIER,MANQUANTE,B1: référence de preuve absente | B2: référence de preuve absente | B3: référence de preuve absente | B4: référence de preuve absente | B5: référence de preuve absente | B6: référence de preuve absente | B7: référence de preuve absente | exclusions non vérifiées | preuve du contrôle des exclusions absente
3IA.F,Pizza Pizza Royalty Corp.     R,Allemagne,214658848.0,2134000.0,46798000.0,,23194500.0,-0.036,1.0,0.00227,24618392.0,Yahoo Finance / yfinance get_info,2026-10-08,0.0,-21.11801547606058,-34.53608217015379,,MANQUANTE,MANQUANTE,MANQUANTE,MANQUANTE,MANQUANTE,MANQUANTE,MANQUANTE,MANQUANTE,MANQUANTE,MANQUANTE,MANQUANTE,MANQUANTE,MANQUANTE,MANQUANTE,MANQUANTE,A_COMPLETER_PREUVES_SSI,A_VERIFIER,MANQUANTE,B1: référence de preuve absente | B2: référence de preuve absente | B3: référence de preuve absente | B4: référence de preuve absente | B5: référence de preuve absente | B6: référence de preuve absente | B7: référence de preuve absente | exclusions non vérifiées | preuve du contrôle des exclusions absente
HOJ.F,Horizon Oil Ltd.              R,Allemagne,214711904.0,37400000.0,47970000.0,38919000.0,29471124.0,-0.201,0.183,0.35801,1774478592.0,Yahoo Finance / yfinance get_info,2026-10-08,0.0,-5.468755002220627,-20.39473471373643,False,MANQUANTE,MANQUANTE,MANQUANTE,MANQUANTE,MANQUANTE,MANQUANTE,MANQUANTE,MANQUANTE,MANQUANTE,MANQUANTE,MANQUANTE,MANQUANTE,MANQUANTE,MANQUANTE,MANQUANTE,A_COMPLETER_PREUVES_SSI,A_VERIFIER,MANQUANTE,B1: référence de preuve absente | B2: référence de preuve absente | B3: référence de preuve absente | B4: référence de preuve absente | B5: référence de preuve absente | B6: référence de preuve absente | B7: référence de preuve absente | exclusions non vérifiées | preuve du contrôle des exclusions absente
2UH0.F,Angi Inc.                     R,Allemagne,214859856.0,188700992.0,422350016.0,110857000.0,13588000.0,-0.109,0.95728,0.113299996,40448016.0,Yahoo Finance / yfinance get_info,2026-10-08,0.0,-3.347889765587153,-17.206984267271984,False,MANQUANTE,MANQUANTE,MANQUANTE,MANQUANTE,MANQUANTE,MANQUANTE,MANQUANTE,MANQUANTE,MANQUANTE,MANQUANTE,MANQUANTE,MANQUANTE,MANQUANTE,MANQUANTE,MANQUANTE,A_COMPLETER_PREUVES_SSI,A_VERIFIER,MANQUANTE,B1: référence de preuve absente | B2: référence de preuve absente | B3: référence de preuve absente | B4: référence de preuve absente | B5: référence de preuve absente | B6: référence de preuve absente | B7: référence de preuve absente | exclusions non vérifiées | preuve du contrôle des exclusions absente
41Y.F,BCB Bancorp. Inc.             R,Allemagne,215262752.0,197622000.0,179288000.0,,,-0.808,0.0,0.08108,30751822.0,Yahoo Finance / yfinance get_info,2026-10-08,0.0,-12.5,-13.043480321197498,False,MANQUANTE,MANQUANTE,MANQUANTE,MANQUANTE,MANQUANTE,MANQUANTE,MANQUANTE,MANQUANTE,MANQUANTE,MANQUANTE,MANQUANTE,MANQUANTE,MANQUANTE,MANQUANTE,MANQUANTE,A_COMPLETER_PREUVES_SSI,A_VERIFIER,MANQUANTE,B1: référence de preuve absente | B2: référence de preuve absente | B3: référence de preuve absente | B4: référence de preuve absente | B5: référence de preuve absente | B6: référence de preuve absente | B7: référence de preuve absente | exclusions non vérifiées | preuve du contrôle des exclusions absente
NH8.F,NIHON TRIM CO. LTD.           R,Allemagne,215658208.0,14043372544.0,995579008.0,3766222080.0,,0.131,0.67665,0.60814,7436490.0,Yahoo Finance / yfinance get_info,2026-10-08,0.0,16.935487468334554,28.318581904882542,True,MANQUANTE,MANQUANTE,MANQUANTE,MANQUANTE,MANQUANTE,MANQUANTE,MANQUANTE,MANQUANTE,MANQUANTE,MANQUANTE,MANQUANTE,MANQUANTE,MANQUANTE,MANQUANTE,MANQUANTE,A_COMPLETER_PREUVES_SSI,A_VERIFIER,MANQUANTE,B1: référence de preuve absente | B2: référence de preuve absente | B3: référence de preuve absente | B4: référence de preuve absente | B5: référence de preuve absente | B6: référence de preuve absente | B7: référence de preuve absente | exclusions non vérifiées | preuve du contrôle des exclusions absente
T70.F,TREDEGAR CORP.                R,Allemagne,215918864.0,17179000.0,60688000.0,62377000.0,15962500.0,0.208,0.14575,0.19612,34825622.0,Yahoo Finance / yfinance get_info,2026-10-08,0.0,-2.3622062617355444,-16.778523919496568,False,MANQUANTE,MANQUANTE,MANQUANTE,MANQUANTE,MANQUANTE,MANQUANTE,MANQUANTE,MANQUANTE,MANQUANTE,MANQUANTE,MANQUANTE,MANQUANTE,MANQUANTE,MANQUANTE,MANQUANTE,A_COMPLETER_PREUVES_SSI,A_VERIFIER,MANQUANTE,B1: référence de preuve absente | B2: référence de preuve absente | B3: référence de preuve absente | B4: référence de preuve absente | B5: référence de preuve absente | B6: référence de preuve absente | B7: référence de preuve absente | exclusions non vérifiées | preuve du contrôle des exclusions absente
71F.F,Virgin. Natl Bankshares Corp. R,Allemagne,215926224.0,77347000.0,29052000.0,,,0.386,0.0,0.12682,5425282.0,Yahoo Finance / yfinance get_info,2026-10-08,0.0,9.340652661138993,25.15723330797,True,MANQUANTE,MANQUANTE,MANQUANTE,MANQUANTE,MANQUANTE,MANQUANTE,MANQUANTE,MANQUANTE,MANQUANTE,MANQUANTE,MANQUANTE,MANQUANTE,MANQUANTE,MANQUANTE,MANQUANTE,A_COMPLETER_PREUVES_SSI,A_VERIFIER,MANQUANTE,B1: référence de preuve absente | B2: référence de preuve absente | B3: référence de preuve absente | B4: référence de preuve absente | B5: référence de preuve absente | B6: référence de preuve absente | B7: référence de preuve absente | exclusions non vérifiées | preuve du contrôle des exclusions absente
RJN.F,Strike Energy Ltd.            R,Allemagne,216374704.0,46283000.0,159172000.0,13077000.0,-120447128.0,-0.275,0.04586,0.32711,3606245224.0,Yahoo Finance / yfinance get_info,2026-10-08,0.0,42.85714159003731,-1.6393475660999357,True,MANQUANTE,MANQUANTE,MANQUANTE,MANQUANTE,MANQUANTE,MANQUANTE,MANQUANTE,MANQUANTE,MANQUANTE,MANQUANTE,MANQUANTE,MANQUANTE,MANQUANTE,MANQUANTE,MANQUANTE,A_COMPLETER_PREUVES_SSI,A_VERIFIER,MANQUANTE,B1: référence de preuve absente | B2: référence de preuve absente | B3: référence de preuve absente | B4: référence de preuve absente | B5: référence de preuve absente | B6: référence de preuve absente | B7: référence de preuve absente | exclusions non vérifiées | preuve du contrôle des exclusions absente
5H3.F,Eleco PLC                     R,Allemagne,217047264.0,15393000.0,912000.0,11482000.0,6273000.0,0.082,0.89616996,0.38825,83479723.0,Yahoo Finance / yfinance get_info,2026-10-08,0.0,106.34920034218744,92.592582127031,True,MANQUANTE,MANQUANTE,MANQUANTE,MANQUANTE,MANQUANTE,MANQUANTE,MANQUANTE,MANQUANTE,MANQUANTE,MANQUANTE,MANQUANTE,MANQUANTE,MANQUANTE,MANQUANTE,MANQUANTE,A_COMPLETER_PREUVES_SSI,A_VERIFIER,MANQUANTE,B1: référence de preuve absente | B2: référence de preuve absente | B3: référence de preuve absente | B4: référence de preuve absente | B5: référence de preuve absente | B6: référence de preuve absente | B7: référence de preuve absente | exclusions non vérifiées | preuve du contrôle des exclusions absente
TUS.F,TUAN SING HOLDINGS LTD.       R,Allemagne,217101872.0,171916992.0,1377209984.0,22486000.0,-55920752.0,-0.042,0.52217,0.6112,1269601474.0,Yahoo Finance / yfinance get_info,2026-10-08,0.0,-9.999996862913395,-9.999996862913395,False,MANQUANTE,MANQUANTE,MANQUANTE,MANQUANTE,MANQUANTE,MANQUANTE,MANQUANTE,MANQUANTE,MANQUANTE,MANQUANTE,MANQUANTE,MANQUANTE,MANQUANTE,MANQUANTE,MANQUANTE,A_COMPLETER_PREUVES_SSI,A_VERIFIER,MANQUANTE,B1: référence de preuve absente | B2: référence de preuve absente | B3: référence de preuve absente | B4: référence de preuve absente | B5: référence de preuve absente | B6: référence de preuve absente | B7: référence de preuve absente | exclusions non vérifiées | preuve du contrôle des exclusions absente
ORN.F,Oryzon Genomics S.A.          A,Allemagne,217187344.0,14688024.0,10797451.0,-5841454.0,-16363554.0,1.06,0.97753,0.20974001,81957484.0,Yahoo Finance / yfinance get_info,2026-10-08,0.0,-5.492147321600149,-3.2846683889073414,False,MANQUANTE,MANQUANTE,MANQUANTE,MANQUANTE,MANQUANTE,MANQUANTE,MANQUANTE,MANQUANTE,MANQUANTE,MANQUANTE,MANQUANTE,MANQUANTE,MANQUANTE,MANQUANTE,MANQUANTE,A_COMPLETER_PREUVES_SSI,A_VERIFIER,MANQUANTE,B1: référence de preuve absente | B2: référence de preuve absente | B3: référence de preuve absente | B4: référence de preuve absente | B5: référence de preuve absente | B6: référence de preuve absente | B7: référence de preuve absente | exclusions non vérifiées | preuve du contrôle des exclusions absente
17J.F,Journey Energy Inc.           R,Allemagne,217288816.0,4000.0,45551000.0,71440000.0,4442000.0,0.286,0.51517,0.09101,67481000.0,Yahoo Finance / yfinance get_info,2026-10-08,0.0,26.77165657361333,5.228761072634303,True,MANQUANTE,MANQUANTE,MANQUANTE,MANQUANTE,MANQUANTE,MANQUANTE,MANQUANTE,MANQUANTE,MANQUANTE,MANQUANTE,MANQUANTE,MANQUANTE,MANQUANTE,MANQUANTE,MANQUANTE,A_COMPLETER_PREUVES_SSI,A_VERIFIER,MANQUANTE,B1: référence de preuve absente | B2: référence de preuve absente | B3: référence de preuve absente | B4: référence de preuve absente | B5: référence de preuve absente | B6: référence de preuve absente | B7: référence de preuve absente | exclusions non vérifiées | preuve du contrôle des exclusions absente
Z4R.F,Hong Kong Gold Industry Group R,Allemagne,217607136.0,266696000.0,520056992.0,-30875000.0,204020256.0,6.158,0.06282,0.53239,548128792.0,Yahoo Finance / yfinance get_info,2026-10-08,0.0,-17.805381706964695,-24.38094613124965,,MANQUANTE,MANQUANTE,MANQUANTE,MANQUANTE,MANQUANTE,MANQUANTE,MANQUANTE,MANQUANTE,MANQUANTE,MANQUANTE,MANQUANTE,MANQUANTE,MANQUANTE,MANQUANTE,MANQUANTE,A_COMPLETER_PREUVES_SSI,A_VERIFIER,MANQUANTE,B1: référence de preuve absente | B2: référence de preuve absente | B3: référence de preuve absente | B4: référence de preuve absente | B5: référence de preuve absente | B6: référence de preuve absente | B7: référence de preuve absente | exclusions non vérifiées | preuve du contrôle des exclusions absente
13H.F,Soho Holly Futures Co. Ltd.   R,Allemagne,217680016.0,8235557888.0,31287212.0,,,0.224,0.98924005,0.04682,249700000.0,Yahoo Finance / yfinance get_info,2026-10-08,0.0,-2.7027014328204646,-28.4768160618341,False,MANQUANTE,MANQUANTE,MANQUANTE,MANQUANTE,MANQUANTE,MANQUANTE,MANQUANTE,MANQUANTE,MANQUANTE,MANQUANTE,MANQUANTE,MANQUANTE,MANQUANTE,MANQUANTE,MANQUANTE,A_COMPLETER_PREUVES_SSI,A_VERIFIER,MANQUANTE,B1: référence de preuve absente | B2: référence de preuve absente | B3: référence de preuve absente | B4: référence de preuve absente | B5: référence de preuve absente | B6: référence de preuve absente | B7: référence de preuve absente | exclusions non vérifiées | preuve du contrôle des exclusions absente
8AE.F,GBank Financial Holdings Inc. R,Allemagne,217746848.0,141328992.0,35710000.0,,,0.145,0.0,0.36023,14516457.0,Yahoo Finance / yfinance get_info,2026-10-08,0.0,-41.4062508731149,-36.97478789561257,False,MANQUANTE,MANQUANTE,MANQUANTE,MANQUANTE,MANQUANTE,MANQUANTE,MANQUANTE,MANQUANTE,MANQUANTE,MANQUANTE,MANQUANTE,MANQUANTE,MANQUANTE,MANQUANTE,MANQUANTE,A_COMPLETER_PREUVES_SSI,A_VERIFIER,MANQUANTE,B1: référence de preuve absente | B2: référence de preuve absente | B3: référence de preuve absente | B4: référence de preuve absente | B5: référence de preuve absente | B6: référence de preuve absente | B7: référence de preuve absente | exclusions non vérifiées | preuve du contrôle des exclusions absente
ND4.F,Odfjell Technology Ltd.       R,Allemagne,217840544.0,524900000.0,2004499968.0,672600000.0,112450000.0,0.015,1.0,0.62982,39463867.0,Yahoo Finance / yfinance get_info,2026-10-08,0.0,6.9767469798464266,-16.61631304604878,False,MANQUANTE,MANQUANTE,MANQUANTE,MANQUANTE,MANQUANTE,MANQUANTE,MANQUANTE,MANQUANTE,MANQUANTE,MANQUANTE,MANQUANTE,MANQUANTE,MANQUANTE,MANQUANTE,MANQUANTE,A_COMPLETER_PREUVES_SSI,A_VERIFIER,MANQUANTE,B1: référence de preuve absente | B2: référence de preuve absente | B3: référence de preuve absente | B4: référence de preuve absente | B5: référence de preuve absente | B6: référence de preuve absente | B7: référence de preuve absente | exclusions non vérifiées | preuve du contrôle des exclusions absente
A6Y0.F,Alvopetro Energy Ltd.         R,Allemagne,218249552.0,35056000.0,26444000.0,47458000.0,7611875.0,0.352,0.90572,0.09057,37307617.0,Yahoo Finance / yfinance get_info,2026-10-08,0.0,-0.8474608462146094,9.345794559118591,True,MANQUANTE,MANQUANTE,MANQUANTE,MANQUANTE,MANQUANTE,MANQUANTE,MANQUANTE,MANQUANTE,MANQUANTE,MANQUANTE,MANQUANTE,MANQUANTE,MANQUANTE,MANQUANTE,MANQUANTE,A_COMPLETER_PREUVES_SSI,A_VERIFIER,MANQUANTE,B1: référence de preuve absente | B2: référence de preuve absente | B3: référence de preuve absente | B4: référence de preuve absente | B5: référence de preuve absente | B6: référence de preuve absente | B7: référence de preuve absente | exclusions non vérifiées | preuve du contrôle des exclusions absente
489.F,Western New England Bancor.IncR,Allemagne,218500000.0,42415000.0,75499000.0,,,-0.024,0.0,0.11691,20045872.0,Yahoo Finance / yfinance get_info,2026-10-08,0.0,0.9259206113829244,-6.837608579286892,False,MANQUANTE,MANQUANTE,MANQUANTE,MANQUANTE,MANQUANTE,MANQUANTE,MANQUANTE,MANQUANTE,MANQUANTE,MANQUANTE,MANQUANTE,MANQUANTE,MANQUANTE,MANQUANTE,MANQUANTE,A_COMPLETER_PREUVES_SSI,A_VERIFIER,MANQUANTE,B1: référence de preuve absente | B2: référence de preuve absente | B3: référence de preuve absente | B4: référence de preuve absente | B5: référence de preuve absente | B6: référence de preuve absente | B7: référence de preuve absente | exclusions non vérifiées | preuve du contrôle des exclusions absente
G0M.F,Gulf Marine Services PLC      R,Allemagne,218911536.0,16432000.0,227780992.0,80928000.0,-10503500.0,-0.087,0.38292,0.30604,1152166012.0,Yahoo Finance / yfinance get_info,2026-10-08,0.0,-4.040404724571223,-14.414416591355394,False,MANQUANTE,MANQUANTE,MANQUANTE,MANQUANTE,MANQUANTE,MANQUANTE,MANQUANTE,MANQUANTE,MANQUANTE,MANQUANTE,MANQUANTE,MANQUANTE,MANQUANTE,MANQUANTE,MANQUANTE,A_COMPLETER_PREUVES_SSI,A_VERIFIER,MANQUANTE,B1: référence de preuve absente | B2: référence de preuve absente | B3: référence de preuve absente | B4: référence de preuve absente | B5: référence de preuve absente | B6: référence de preuve absente | B7: référence de preuve absente | exclusions non vérifiées | preuve du contrôle des exclusions absente
6ME.F,Metro Mining Ltd.             R,Allemagne,218916416.0,23765000.0,72296000.0,14283000.0,31543250.0,-0.319,0.07202,0.17525999,308767862.0,Yahoo Finance / yfinance get_info,2026-10-08,0.0,-24.494144462614308,2.753622299531644,False,MANQUANTE,MANQUANTE,MANQUANTE,MANQUANTE,MANQUANTE,MANQUANTE,MANQUANTE,MANQUANTE,MANQUANTE,MANQUANTE,MANQUANTE,MANQUANTE,MANQUANTE,MANQUANTE,MANQUANTE,A_COMPLETER_PREUVES_SSI,A_VERIFIER,MANQUANTE,B1: référence de preuve absente | B2: référence de preuve absente | B3: référence de preuve absente | B4: référence de preuve absente | B5: référence de preuve absente | B6: référence de preuve absente | B7: référence de preuve absente | exclusions non vérifiées | preuve du contrôle des exclusions absente
J8D0.F,Newegg Commerce Inc.          R,Allemagne,219178288.0,82237000.0,52470000.0,12585000.0,-9215500.0,-0.081,0.12515001,0.95167,20974000.0,Yahoo Finance / yfinance get_info,2026-10-08,0.0,-14.344262519340244,-68.61861847241418,False,MANQUANTE,MANQUANTE,MANQUANTE,MANQUANTE,MANQUANTE,MANQUANTE,MANQUANTE,MANQUANTE,MANQUANTE,MANQUANTE,MANQUANTE,MANQUANTE,MANQUANTE,MANQUANTE,MANQUANTE,A_COMPLETER_PREUVES_SSI,A_VERIFIER,MANQUANTE,B1: référence de preuve absente | B2: référence de preuve absente | B3: référence de preuve absente | B4: référence de preuve absente | B5: référence de preuve absente | B6: référence de preuve absente | B7: référence de preuve absente | exclusions non vérifiées | preuve du contrôle des exclusions absente
4C0.F,Conduent Inc.                 R,Allemagne,219284320.0,228000000.0,851000000.0,76000000.0,96000000.0,-0.119,0.18611999,0.100839995,155520800.0,Yahoo Finance / yfinance get_info,2026-10-08,0.0,8.378168151804278,18.18943965536624,True,MANQUANTE,MANQUANTE,MANQUANTE,MANQUANTE,MANQUANTE,MANQUANTE,MANQUANTE,MANQUANTE,MANQUANTE,MANQUANTE,MANQUANTE,MANQUANTE,MANQUANTE,MANQUANTE,MANQUANTE,A_COMPLETER_PREUVES_SSI,A_VERIFIER,MANQUANTE,B1: référence de preuve absente | B2: référence de preuve absente | B3: référence de preuve absente | B4: référence de preuve absente | B5: référence de preuve absente | B6: référence de preuve absente | B7: référence de preuve absente | exclusions non vérifiées | preuve du contrôle des exclusions absente
9IE.F,Ohara Inc.                    R,Allemagne,219543488.0,15498000384.0,6232999936.0,3023249920.0,,0.252,0.26839,0.66765,23734432.0,Yahoo Finance / yfinance get_info,2026-10-08,0.0,31.205670209149574,56.779658482767225,True,MANQUANTE,MANQUANTE,MANQUANTE,MANQUANTE,MANQUANTE,MANQUANTE,MANQUANTE,MANQUANTE,MANQUANTE,MANQUANTE,MANQUANTE,MANQUANTE,MANQUANTE,MANQUANTE,MANQUANTE,A_COMPLETER_PREUVES_SSI,A_VERIFIER,MANQUANTE,B1: référence de preuve absente | B2: référence de preuve absente | B3: référence de preuve absente | B4: référence de preuve absente | B5: référence de preuve absente | B6: référence de preuve absente | B7: référence de preuve absente | exclusions non vérifiées | preuve du contrôle des exclusions absente
EH3.F,Amarin Corp. PLC              R,Allemagne,220175632.0,314648992.0,7175000.0,-21095000.0,-5569250.0,-0.42,0.41956002,0.37186,20969109.0,Yahoo Finance / yfinance get_info,2026-10-08,0.0,-17.968751222360858,-13.934424883958552,False,MANQUANTE,MANQUANTE,MANQUANTE,MANQUANTE,MANQUANTE,MANQUANTE,MANQUANTE,MANQUANTE,MANQUANTE,MANQUANTE,MANQUANTE,MANQUANTE,MANQUANTE,MANQUANTE,MANQUANTE,A_COMPLETER_PREUVES_SSI,A_VERIFIER,MANQUANTE,B1: référence de preuve absente | B2: référence de preuve absente | B3: référence de preuve absente | B4: référence de preuve absente | B5: référence de preuve absente | B6: référence de preuve absente | B7: référence de preuve absente | exclusions non vérifiées | preuve du contrôle des exclusions absente
NYVU.F,Thoresen Thai Agencies PCL    R,Allemagne,220294480.0,8366728192.0,11257416704.0,2892893952.0,1828388352.0,-0.225,0.15893,0.00168,1805692464.0,Yahoo Finance / yfinance get_info,2026-10-08,0.0,7.017545006245096,7.017545006245096,True,MANQUANTE,MANQUANTE,MANQUANTE,MANQUANTE,MANQUANTE,MANQUANTE,MANQUANTE,MANQUANTE,MANQUANTE,MANQUANTE,MANQUANTE,MANQUANTE,MANQUANTE,MANQUANTE,MANQUANTE,A_COMPLETER_PREUVES_SSI,A_VERIFIER,MANQUANTE,B1: référence de preuve absente | B2: référence de preuve absente | B3: référence de preuve absente | B4: référence de preuve absente | B5: référence de preuve absente | B6: référence de preuve absente | B7: référence de preuve absente | exclusions non vérifiées | preuve du contrôle des exclusions absente
8Q3.F,M+S Hidravlik AD              B,Allemagne,220825920.0,9848000.0,4050000.0,14427012.0,168884.0,0.219,0.56697,0.77002996,39433200.0,Yahoo Finance / yfinance get_info,2026-10-08,0.0,9.803921751955858,16.666660043928626,True,MANQUANTE,MANQUANTE,MANQUANTE,MANQUANTE,MANQUANTE,MANQUANTE,MANQUANTE,MANQUANTE,MANQUANTE,MANQUANTE,MANQUANTE,MANQUANTE,MANQUANTE,MANQUANTE,MANQUANTE,A_COMPLETER_PREUVES_SSI,A_VERIFIER,MANQUANTE,B1: référence de preuve absente | B2: référence de preuve absente | B3: référence de preuve absente | B4: référence de preuve absente | B5: référence de preuve absente | B6: référence de preuve absente | B7: référence de preuve absente | exclusions non vérifiées | preuve du contrôle des exclusions absente
6DY.F,AB Dynamics PLC               R,Allemagne,220889840.0,42900000.0,3600000.0,5900000.0,11987500.0,-0.159,0.63791,0.12896,22890141.0,Yahoo Finance / yfinance get_info,2026-10-08,0.0,-19.58333651224772,-23.412703758945053,False,MANQUANTE,MANQUANTE,MANQUANTE,MANQUANTE,MANQUANTE,MANQUANTE,MANQUANTE,MANQUANTE,MANQUANTE,MANQUANTE,MANQUANTE,MANQUANTE,MANQUANTE,MANQUANTE,MANQUANTE,A_COMPLETER_PREUVES_SSI,A_VERIFIER,MANQUANTE,B1: référence de preuve absente | B2: référence de preuve absente | B3: référence de preuve absente | B4: référence de preuve absente | B5: référence de preuve absente | B6: référence de preuve absente | B7: référence de preuve absente | exclusions non vérifiées | preuve du contrôle des exclusions absente
9CH.F,Galan Lithium Ltd.            R,Allemagne,221350592.0,35496992.0,13043754.0,-14670072.0,-27970132.0,1.258,1.0,0.32811,1272129965.0,Yahoo Finance / yfinance get_info,2026-10-08,0.0,-3.3333399560713795,-32.81853561745693,False,MANQUANTE,MANQUANTE,MANQUANTE,MANQUANTE,MANQUANTE,MANQUANTE,MANQUANTE,MANQUANTE,MANQUANTE,MANQUANTE,MANQUANTE,MANQUANTE,MANQUANTE,MANQUANTE,MANQUANTE,A_COMPLETER_PREUVES_SSI,A_VERIFIER,MANQUANTE,B1: référence de preuve absente | B2: référence de preuve absente | B3: référence de preuve absente | B4: référence de preuve absente | B5: référence de preuve absente | B6: référence de preuve absente | B7: référence de preuve absente | exclusions non vérifiées | preuve du contrôle des exclusions absente
9UG1.F,Integrated Wind Solutions ASA N,Allemagne,221351008.0,45243000.0,190644000.0,44745000.0,-28282124.0,0.273,0.94642997,0.42780998,39955058.0,Yahoo Finance / yfinance get_info,2026-10-08,0.0,11.022048416078768,2.973974795700096,True,MANQUANTE,MANQUANTE,MANQUANTE,MANQUANTE,MANQUANTE,MANQUANTE,MANQUANTE,MANQUANTE,MANQUANTE,MANQUANTE,MANQUANTE,MANQUANTE,MANQUANTE,MANQUANTE,MANQUANTE,A_COMPLETER_PREUVES_SSI,A_VERIFIER,MANQUANTE,B1: référence de preuve absente | B2: référence de preuve absente | B3: référence de preuve absente | B4: référence de preuve absente | B5: référence de preuve absente | B6: référence de preuve absente | B7: référence de preuve absente | exclusions non vérifiées | preuve du contrôle des exclusions absente
2YMA.F,So-Young International Inc.   R,Allemagne,221351424.0,797462016.0,380422016.0,-220909504.0,,0.456,0.46030998,0.21626,85014277.0,Yahoo Finance / yfinance get_info,2026-10-08,0.0,59.42029386126579,0.0,True,MANQUANTE,MANQUANTE,MANQUANTE,MANQUANTE,MANQUANTE,MANQUANTE,MANQUANTE,MANQUANTE,MANQUANTE,MANQUANTE,MANQUANTE,MANQUANTE,MANQUANTE,MANQUANTE,MANQUANTE,A_COMPLETER_PREUVES_SSI,A_VERIFIER,MANQUANTE,B1: référence de preuve absente | B2: référence de preuve absente | B3: référence de preuve absente | B4: référence de preuve absente | B5: référence de preuve absente | B6: référence de preuve absente | B7: référence de preuve absente | exclusions non vérifiées | preuve du contrôle des exclusions absente
JUB.F,Jumbo Interactive Ltd.        R,Allemagne,221986048.0,48076000.0,95178000.0,89702000.0,78075376.0,0.378,0.81257004,0.1884,63082141.0,Yahoo Finance / yfinance get_info,2026-10-08,0.0,-14.233489819126133,-21.85209364137671,False,MANQUANTE,MANQUANTE,MANQUANTE,MANQUANTE,MANQUANTE,MANQUANTE,MANQUANTE,MANQUANTE,MANQUANTE,MANQUANTE,MANQUANTE,MANQUANTE,MANQUANTE,MANQUANTE,MANQUANTE,A_COMPLETER_PREUVES_SSI,A_VERIFIER,MANQUANTE,B1: référence de preuve absente | B2: référence de preuve absente | B3: référence de preuve absente | B4: référence de preuve absente | B5: référence de preuve absente | B6: référence de preuve absente | B7: référence de preuve absente | exclusions non vérifiées | preuve du contrôle des exclusions absente
IMR.F,AC Immune SA                  N,Allemagne,222219168.0,75357000.0,4102000.0,-42479000.0,-33138624.0,10.572,-1.62231,0.38094002,99426932.0,Yahoo Finance / yfinance get_info,2026-10-08,0.0,11.471310101098986,-17.830887074005386,False,MANQUANTE,MANQUANTE,MANQUANTE,MANQUANTE,MANQUANTE,MANQUANTE,MANQUANTE,MANQUANTE,MANQUANTE,MANQUANTE,MANQUANTE,MANQUANTE,MANQUANTE,MANQUANTE,MANQUANTE,A_COMPLETER_PREUVES_SSI,A_VERIFIER,MANQUANTE,B1: référence de preuve absente | B2: référence de preuve absente | B3: référence de preuve absente | B4: référence de preuve absente | B5: référence de preuve absente | B6: référence de preuve absente | B7: référence de preuve absente | exclusions non vérifiées | preuve du contrôle des exclusions absente
D6A.F,PC Gold Ltd.                  R,Allemagne,222426560.0,21675188.0,217265.0,-2999903.0,-8352653.0,4.198,1.0,0.65692,386828791.0,Yahoo Finance / yfinance get_info,2026-10-08,0.0,-14.179108394602313,-20.13889371796871,False,MANQUANTE,MANQUANTE,MANQUANTE,MANQUANTE,MANQUANTE,MANQUANTE,MANQUANTE,MANQUANTE,MANQUANTE,MANQUANTE,MANQUANTE,MANQUANTE,MANQUANTE,MANQUANTE,MANQUANTE,A_COMPLETER_PREUVES_SSI,A_VERIFIER,MANQUANTE,B1: référence de preuve absente | B2: référence de preuve absente | B3: référence de preuve absente | B4: référence de preuve absente | B5: référence de preuve absente | B6: référence de preuve absente | B7: référence de preuve absente | exclusions non vérifiées | preuve du contrôle des exclusions absente
6S7.F,SRT Marine Systems PLC        R,Allemagne,222504880.0,14265772.0,16757503.0,6634959.0,,0.951,0.24988002,0.41772,273012119.0,Yahoo Finance / yfinance get_info,2026-10-08,0.0,-9.944748797698534,-15.104165017449567,False,MANQUANTE,MANQUANTE,MANQUANTE,MANQUANTE,MANQUANTE,MANQUANTE,MANQUANTE,MANQUANTE,MANQUANTE,MANQUANTE,MANQUANTE,MANQUANTE,MANQUANTE,MANQUANTE,MANQUANTE,A_COMPLETER_PREUVES_SSI,A_VERIFIER,MANQUANTE,B1: référence de preuve absente | B2: référence de preuve absente | B3: référence de preuve absente | B4: référence de preuve absente | B5: référence de preuve absente | B6: référence de preuve absente | B7: référence de preuve absente | exclusions non vérifiées | preuve du contrôle des exclusions absente
FOS.F,Fonix PLC                     R,Allemagne,222581952.0,28579000.0,19000.0,14995000.0,15335125.0,0.205,0.25231,0.26474002,97623665.0,Yahoo Finance / yfinance get_info,2026-10-08,0.0,25.274720092338733,16.923072596743836,True,MANQUANTE,MANQUANTE,MANQUANTE,MANQUANTE,MANQUANTE,MANQUANTE,MANQUANTE,MANQUANTE,MANQUANTE,MANQUANTE,MANQUANTE,MANQUANTE,MANQUANTE,MANQUANTE,MANQUANTE,A_COMPLETER_PREUVES_SSI,A_VERIFIER,MANQUANTE,B1: référence de preuve absente | B2: référence de preuve absente | B3: référence de preuve absente | B4: référence de preuve absente | B5: référence de preuve absente | B6: référence de preuve absente | B7: référence de preuve absente | exclusions non vérifiées | preuve du contrôle des exclusions absente
C8V.F,Evoke PLC                     R,Allemagne,222587440.0,201600000.0,1922899968.0,242900000.0,-125162496.0,-0.0,0.90593004,0.20201,450126282.0,Yahoo Finance / yfinance get_info,2026-10-08,0.0,-8.25602330397961,49.84848228969969,True,MANQUANTE,MANQUANTE,MANQUANTE,MANQUANTE,MANQUANTE,MANQUANTE,MANQUANTE,MANQUANTE,MANQUANTE,MANQUANTE,MANQUANTE,MANQUANTE,MANQUANTE,MANQUANTE,MANQUANTE,A_COMPLETER_PREUVES_SSI,A_VERIFIER,MANQUANTE,B1: référence de preuve absente | B2: référence de preuve absente | B3: référence de preuve absente | B4: référence de preuve absente | B5: référence de preuve absente | B6: référence de preuve absente | B7: référence de preuve absente | exclusions non vérifiées | preuve du contrôle des exclusions absente
13B.F,bpost S.A.                    A,Allemagne,222801040.0,1266899968.0,3017400064.0,143400000.0,234012496.0,-0.042,0.15165,0.51037997,200000944.0,Yahoo Finance / yfinance get_info,2026-10-08,0.0,-30.548629550214567,-39.32461962756316,False,MANQUANTE,MANQUANTE,MANQUANTE,MANQUANTE,MANQUANTE,MANQUANTE,MANQUANTE,MANQUANTE,MANQUANTE,MANQUANTE,MANQUANTE,MANQUANTE,MANQUANTE,MANQUANTE,MANQUANTE,A_COMPLETER_PREUVES_SSI,A_VERIFIER,MANQUANTE,B1: référence de preuve absente | B2: référence de preuve absente | B3: référence de preuve absente | B4: référence de preuve absente | B5: référence de preuve absente | B6: référence de preuve absente | B7: référence de preuve absente | exclusions non vérifiées | preuve du contrôle des exclusions absente
TB8A.F,Afentra PLC                   R,Allemagne,222859280.0,97449000.0,69015000.0,57520000.0,25819750.0,0.75,0.34587002,0.39554,275134922.0,Yahoo Finance / yfinance get_info,2026-10-08,0.0,17.391305098987342,-16.06217363753816,True,MANQUANTE,MANQUANTE,MANQUANTE,MANQUANTE,MANQUANTE,MANQUANTE,MANQUANTE,MANQUANTE,MANQUANTE,MANQUANTE,MANQUANTE,MANQUANTE,MANQUANTE,MANQUANTE,MANQUANTE,A_COMPLETER_PREUVES_SSI,A_VERIFIER,MANQUANTE,B1: référence de preuve absente | B2: référence de preuve absente | B3: référence de preuve absente | B4: référence de preuve absente | B5: référence de preuve absente | B6: référence de preuve absente | B7: référence de preuve absente | exclusions non vérifiées | preuve du contrôle des exclusions absente
FRW.F,Martifer SGPS S.A.            A,Allemagne,222947712.0,37194996.0,122660200.0,-4348988.0,-44393532.0,0.035,0.42205003,0.85591006,97784090.0,Yahoo Finance / yfinance get_info,2026-10-08,0.0,0.0,-5.785128119441008,False,MANQUANTE,MANQUANTE,MANQUANTE,MANQUANTE,MANQUANTE,MANQUANTE,MANQUANTE,MANQUANTE,MANQUANTE,MANQUANTE,MANQUANTE,MANQUANTE,MANQUANTE,MANQUANTE,MANQUANTE,A_COMPLETER_PREUVES_SSI,A_VERIFIER,MANQUANTE,B1: référence de preuve absente | B2: référence de preuve absente | B3: référence de preuve absente | B4: référence de preuve absente | B5: référence de preuve absente | B6: référence de preuve absente | B7: référence de preuve absente | exclusions non vérifiées | preuve du contrôle des exclusions absente
T06.F,VISEN Pharmaceuticals         R,Allemagne,222962528.0,505804992.0,176707008.0,-221840000.0,-359396256.0,38.247,0.51188,0.39240003,109295364.0,Yahoo Finance / yfinance get_info,2026-10-08,0.0,-4.672903651825999,-28.67132738881879,False,MANQUANTE,MANQUANTE,MANQUANTE,MANQUANTE,MANQUANTE,MANQUANTE,MANQUANTE,MANQUANTE,MANQUANTE,MANQUANTE,MANQUANTE,MANQUANTE,MANQUANTE,MANQUANTE,MANQUANTE,A_COMPLETER_PREUVES_SSI,A_VERIFIER,MANQUANTE,B1: référence de preuve absente | B2: référence de preuve absente | B3: référence de preuve absente | B4: référence de preuve absente | B5: référence de preuve absente | B6: référence de preuve absente | B7: référence de preuve absente | exclusions non vérifiées | preuve du contrôle des exclusions absente
ZYD.F,Aspo Oyj                      R,Allemagne,224006368.0,22800000.0,207800000.0,39934000.0,-20284500.0,0.044,0.41399,0.40147,31338722.0,Yahoo Finance / yfinance get_info,2026-10-08,0.0,13.24503635409675,2.7027073468436136,True,MANQUANTE,MANQUANTE,MANQUANTE,MANQUANTE,MANQUANTE,MANQUANTE,MANQUANTE,MANQUANTE,MANQUANTE,MANQUANTE,MANQUANTE,MANQUANTE,MANQUANTE,MANQUANTE,MANQUANTE,A_COMPLETER_PREUVES_SSI,A_VERIFIER,MANQUANTE,B1: référence de preuve absente | B2: référence de preuve absente | B3: référence de preuve absente | B4: référence de preuve absente | B5: référence de preuve absente | B6: référence de preuve absente | B7: référence de preuve absente | exclusions non vérifiées | preuve du contrôle des exclusions absente
VG30.F,Generalfinance S.p.A.         A,Allemagne,224272416.0,106365528.0,496438784.0,,,-0.043,0.91902,0.63858,12635066.0,Yahoo Finance / yfinance get_info,2026-10-08,0.0,-36.83274107104616,-38.36805392286655,False,MANQUANTE,MANQUANTE,MANQUANTE,MANQUANTE,MANQUANTE,MANQUANTE,MANQUANTE,MANQUANTE,MANQUANTE,MANQUANTE,MANQUANTE,MANQUANTE,MANQUANTE,MANQUANTE,MANQUANTE,A_COMPLETER_PREUVES_SSI,A_VERIFIER,MANQUANTE,B1: référence de preuve absente | B2: référence de preuve absente | B3: référence de preuve absente | B4: référence de preuve absente | B5: référence de preuve absente | B6: référence de preuve absente | B7: référence de preuve absente | exclusions non vérifiées | preuve du contrôle des exclusions absente
MEF1.F,MCH Group AG                  N,Allemagne,224299248.0,76713000.0,100754000.0,54450000.0,22001124.0,0.115,0.53641,0.80972,30937827.0,Yahoo Finance / yfinance get_info,2026-10-08,0.0,10.687019677576547,71.80095640883297,True,MANQUANTE,MANQUANTE,MANQUANTE,MANQUANTE,MANQUANTE,MANQUANTE,MANQUANTE,MANQUANTE,MANQUANTE,MANQUANTE,MANQUANTE,MANQUANTE,MANQUANTE,MANQUANTE,MANQUANTE,A_COMPLETER_PREUVES_SSI,A_VERIFIER,MANQUANTE,B1: référence de preuve absente | B2: référence de preuve absente | B3: référence de preuve absente | B4: référence de preuve absente | B5: référence de preuve absente | B6: référence de preuve absente | B7: référence de preuve absente | exclusions non vérifiées | preuve du contrôle des exclusions absente
UJ9.F,Shandong Boan Biotechnology CoR,Allemagne,224589920.0,1105453056.0,843587968.0,-14851000.0,-303195264.0,-0.408,0.682,0.66527003,613633694.0,Yahoo Finance / yfinance get_info,2026-10-08,0.0,-30.943393128416307,-50.540541629011024,False,MANQUANTE,MANQUANTE,MANQUANTE,MANQUANTE,MANQUANTE,MANQUANTE,MANQUANTE,MANQUANTE,MANQUANTE,MANQUANTE,MANQUANTE,MANQUANTE,MANQUANTE,MANQUANTE,MANQUANTE,A_COMPLETER_PREUVES_SSI,A_VERIFIER,MANQUANTE,B1: référence de preuve absente | B2: référence de preuve absente | B3: référence de preuve absente | B4: référence de preuve absente | B5: référence de preuve absente | B6: référence de preuve absente | B7: référence de preuve absente | exclusions non vérifiées | preuve du contrôle des exclusions absente
EP3.F,ORASURE TECHNOLOGIES INC.     R,Allemagne,224837712.0,160582000.0,12094000.0,-61556000.0,-44569624.0,-0.019,0.42633998,0.06486,68968627.0,Yahoo Finance / yfinance get_info,2026-10-08,0.0,-12.365592328202911,20.740738255169862,True,MANQUANTE,MANQUANTE,MANQUANTE,MANQUANTE,MANQUANTE,MANQUANTE,MANQUANTE,MANQUANTE,MANQUANTE,MANQUANTE,MANQUANTE,MANQUANTE,MANQUANTE,MANQUANTE,MANQUANTE,A_COMPLETER_PREUVES_SSI,A_VERIFIER,MANQUANTE,B1: référence de preuve absente | B2: référence de preuve absente | B3: référence de preuve absente | B4: référence de preuve absente | B5: référence de preuve absente | B6: référence de preuve absente | B7: référence de preuve absente | exclusions non vérifiées | preuve du contrôle des exclusions absente
2DS.F,CM.com N.V.                   A,Allemagne,224898784.0,33898000.0,87053000.0,6032000.0,-5881750.0,0.091,0.30191,0.61101,33170913.0,Yahoo Finance / yfinance get_info,2026-10-08,0.0,-6.353585301823439,24.17582715089801,True,MANQUANTE,MANQUANTE,MANQUANTE,MANQUANTE,MANQUANTE,MANQUANTE,MANQUANTE,MANQUANTE,MANQUANTE,MANQUANTE,MANQUANTE,MANQUANTE,MANQUANTE,MANQUANTE,MANQUANTE,A_COMPLETER_PREUVES_SSI,A_VERIFIER,MANQUANTE,B1: référence de preuve absente | B2: référence de preuve absente | B3: référence de preuve absente | B4: référence de preuve absente | B5: référence de preuve absente | B6: référence de preuve absente | B7: référence de preuve absente | exclusions non vérifiées | preuve du contrôle des exclusions absente
JDD.F,JDC Corp. i.K.                R,Allemagne,225028256.0,19918999552.0,37911998464.0,8718999552.0,-8266749952.0,-0.004,0.12066,0.28645,79797254.0,Yahoo Finance / yfinance get_info,2026-10-08,0.0,0.7142850452539706,-11.875003399327344,False,MANQUANTE,MANQUANTE,MANQUANTE,MANQUANTE,MANQUANTE,MANQUANTE,MANQUANTE,MANQUANTE,MANQUANTE,MANQUANTE,MANQUANTE,MANQUANTE,MANQUANTE,MANQUANTE,MANQUANTE,A_COMPLETER_PREUVES_SSI,A_VERIFIER,MANQUANTE,B1: référence de preuve absente | B2: référence de preuve absente | B3: référence de preuve absente | B4: référence de preuve absente | B5: référence de preuve absente | B6: référence de preuve absente | B7: référence de preuve absente | exclusions non vérifiées | preuve du contrôle des exclusions absente
92P.F,Outdoor Holding Co.           R,Allemagne,225158208.0,68777368.0,10876666.0,22291048.0,11211302.0,0.221,0.87843,0.16317,116060931.0,Yahoo Finance / yfinance get_info,2026-10-08,0.0,-8.490558398834713,12.138730394895592,True,MANQUANTE,MANQUANTE,MANQUANTE,MANQUANTE,MANQUANTE,MANQUANTE,MANQUANTE,MANQUANTE,MANQUANTE,MANQUANTE,MANQUANTE,MANQUANTE,MANQUANTE,MANQUANTE,MANQUANTE,A_COMPLETER_PREUVES_SSI,A_VERIFIER,MANQUANTE,B1: référence de preuve absente | B2: référence de preuve absente | B3: référence de preuve absente | B4: référence de preuve absente | B5: référence de preuve absente | B6: référence de preuve absente | B7: référence de preuve absente | exclusions non vérifiées | preuve du contrôle des exclusions absente
TJN.F,TIANJIN DEVELOPMENT HLDGS LTD.R,Allemagne,225281712.0,5583465984.0,1967366016.0,127545000.0,405540640.0,-0.035,0.28345,0.62806,1072770125.0,Yahoo Finance / yfinance get_info,2026-10-08,0.0,0.0,-13.934429883716591,False,MANQUANTE,MANQUANTE,MANQUANTE,MANQUANTE,MANQUANTE,MANQUANTE,MANQUANTE,MANQUANTE,MANQUANTE,MANQUANTE,MANQUANTE,MANQUANTE,MANQUANTE,MANQUANTE,MANQUANTE,A_COMPLETER_PREUVES_SSI,A_VERIFIER,MANQUANTE,B1: référence de preuve absente | B2: référence de preuve absente | B3: référence de preuve absente | B4: référence de preuve absente | B5: référence de preuve absente | B6: référence de preuve absente | B7: référence de preuve absente | exclusions non vérifiées | preuve du contrôle des exclusions absente
WQ6.F,Condor Energies Inc.          R,Allemagne,225387728.0,24295000.0,32702000.0,21839000.0,-34515624.0,0.406,0.5091,0.20025,86355455.0,Yahoo Finance / yfinance get_info,2026-10-08,0.0,18.636356296618285,45.40389735356034,True,MANQUANTE,MANQUANTE,MANQUANTE,MANQUANTE,MANQUANTE,MANQUANTE,MANQUANTE,MANQUANTE,MANQUANTE,MANQUANTE,MANQUANTE,MANQUANTE,MANQUANTE,MANQUANTE,MANQUANTE,A_COMPLETER_PREUVES_SSI,A_VERIFIER,MANQUANTE,B1: référence de preuve absente | B2: référence de preuve absente | B3: référence de preuve absente | B4: référence de preuve absente | B5: référence de preuve absente | B6: référence de preuve absente | B7: référence de preuve absente | exclusions non vérifiées | preuve du contrôle des exclusions absente
HRI.F,Shandong Hi-Speed Hldgs.Gr.LtdR,Allemagne,225589936.0,13013741568.0,46430064640.0,2810528000.0,3120147200.0,0.054,0.36325002,0.43398997,6015731109.0,Yahoo Finance / yfinance get_info,2026-10-08,0.0,15.384624201870857,-68.7499980597446,False,MANQUANTE,MANQUANTE,MANQUANTE,MANQUANTE,MANQUANTE,MANQUANTE,MANQUANTE,MANQUANTE,MANQUANTE,MANQUANTE,MANQUANTE,MANQUANTE,MANQUANTE,MANQUANTE,MANQUANTE,A_COMPLETER_PREUVES_SSI,A_VERIFIER,MANQUANTE,B1: référence de preuve absente | B2: référence de preuve absente | B3: référence de preuve absente | B4: référence de preuve absente | B5: référence de preuve absente | B6: référence de preuve absente | B7: référence de preuve absente | exclusions non vérifiées | preuve du contrôle des exclusions absente
CK5A.F,Clarke Inc.                   R,Allemagne,225700848.0,19839000.0,1339425024.0,35216000.0,43787752.0,0.923,0.47787997,0.71887,15458962.0,Yahoo Finance / yfinance get_info,2026-10-08,0.0,3.5460991948418785,-3.9473647060816464,True,MANQUANTE,MANQUANTE,MANQUANTE,MANQUANTE,MANQUANTE,MANQUANTE,MANQUANTE,MANQUANTE,MANQUANTE,MANQUANTE,MANQUANTE,MANQUANTE,MANQUANTE,MANQUANTE,MANQUANTE,A_COMPLETER_PREUVES_SSI,A_VERIFIER,MANQUANTE,B1: référence de preuve absente | B2: référence de preuve absente | B3: référence de preuve absente | B4: référence de preuve absente | B5: référence de preuve absente | B6: référence de preuve absente | B7: référence de preuve absente | exclusions non vérifiées | preuve du contrôle des exclusions absente
81Y.F,Zalaris ASA                   N,Allemagne,225933184.0,148683008.0,515748992.0,113619000.0,146088624.0,-0.049,0.41828,0.88281,21829291.0,Yahoo Finance / yfinance get_info,2026-10-08,0.0,24.69879691115237,17.88155690486837,True,MANQUANTE,MANQUANTE,MANQUANTE,MANQUANTE,MANQUANTE,MANQUANTE,MANQUANTE,MANQUANTE,MANQUANTE,MANQUANTE,MANQUANTE,MANQUANTE,MANQUANTE,MANQUANTE,MANQUANTE,A_COMPLETER_PREUVES_SSI,A_VERIFIER,MANQUANTE,B1: référence de preuve absente | B2: référence de preuve absente | B3: référence de preuve absente | B4: référence de preuve absente | B5: référence de preuve absente | B6: référence de preuve absente | B7: référence de preuve absente | exclusions non vérifiées | preuve du contrôle des exclusions absente
25E.F,Elan Corp.                    R,Allemagne,226217456.0,7383000064.0,731000000.0,5606000128.0,4613250048.0,0.101,0.21997999,0.70899004,60485953.0,Yahoo Finance / yfinance get_info,2026-10-08,0.0,-3.608250019970627,-1.5789458824326583,False,MANQUANTE,MANQUANTE,MANQUANTE,MANQUANTE,MANQUANTE,MANQUANTE,MANQUANTE,MANQUANTE,MANQUANTE,MANQUANTE,MANQUANTE,MANQUANTE,MANQUANTE,MANQUANTE,MANQUANTE,A_COMPLETER_PREUVES_SSI,A_VERIFIER,MANQUANTE,B1: référence de preuve absente | B2: référence de preuve absente | B3: référence de preuve absente | B4: référence de preuve absente | B5: référence de preuve absente | B6: référence de preuve absente | B7: référence de preuve absente | exclusions non vérifiées | preuve du contrôle des exclusions absente
AWT.F,"Hackett Group Inc., The       R",Allemagne,226388640.0,14162000.0,83025000.0,42416000.0,30504624.0,-0.12,0.41814,0.12624,24877873.0,Yahoo Finance / yfinance get_info,2026-10-08,0.0,11.656451624604758,-14.953265946883189,False,MANQUANTE,MANQUANTE,MANQUANTE,MANQUANTE,MANQUANTE,MANQUANTE,MANQUANTE,MANQUANTE,MANQUANTE,MANQUANTE,MANQUANTE,MANQUANTE,MANQUANTE,MANQUANTE,MANQUANTE,A_COMPLETER_PREUVES_SSI,A_VERIFIER,MANQUANTE,B1: référence de preuve absente | B2: référence de preuve absente | B3: référence de preuve absente | B4: référence de preuve absente | B5: référence de preuve absente | B6: référence de preuve absente | B7: référence de preuve absente | exclusions non vérifiées | preuve du contrôle des exclusions absente
R20.F,Palisades Goldcorp Ltd.       R,Allemagne,226425472.0,182995008.0,12000000.0,115061040.0,96572816.0,,1.0,0.46583,71202974.0,Yahoo Finance / yfinance get_info,2026-10-08,0.0,64.7668473150701,118.55669917270392,,MANQUANTE,MANQUANTE,MANQUANTE,MANQUANTE,MANQUANTE,MANQUANTE,MANQUANTE,MANQUANTE,MANQUANTE,MANQUANTE,MANQUANTE,MANQUANTE,MANQUANTE,MANQUANTE,MANQUANTE,A_COMPLETER_PREUVES_SSI,A_VERIFIER,MANQUANTE,B1: référence de preuve absente | B2: référence de preuve absente | B3: référence de preuve absente | B4: référence de preuve absente | B5: référence de preuve absente | B6: référence de preuve absente | B7: référence de preuve absente | exclusions non vérifiées | preuve du contrôle des exclusions absente
ED9.F,ESCALADE INC.                 R,Allemagne,227140224.0,16392000.0,16142000.0,35288000.0,18126000.0,0.062,0.28167,0.39785,13766074.0,Yahoo Finance / yfinance get_info,2026-10-08,0.0,3.125,5.095542678049925,True,MANQUANTE,MANQUANTE,MANQUANTE,MANQUANTE,MANQUANTE,MANQUANTE,MANQUANTE,MANQUANTE,MANQUANTE,MANQUANTE,MANQUANTE,MANQUANTE,MANQUANTE,MANQUANTE,MANQUANTE,A_COMPLETER_PREUVES_SSI,A_VERIFIER,MANQUANTE,B1: référence de preuve absente | B2: référence de preuve absente | B3: référence de preuve absente | B4: référence de preuve absente | B5: référence de preuve absente | B6: référence de preuve absente | B7: référence de preuve absente | exclusions non vérifiées | preuve du contrôle des exclusions absente
MD5.F,MEDALLION FINANCIAL CORP.     R,Allemagne,227306448.0,205991008.0,2640321024.0,177104992.0,-229346000.0,0.025,0.73999,0.32311,22960249.0,Yahoo Finance / yfinance get_info,2026-10-08,0.0,20.731705473264974,32.8859043220137,True,MANQUANTE,MANQUANTE,MANQUANTE,MANQUANTE,MANQUANTE,MANQUANTE,MANQUANTE,MANQUANTE,MANQUANTE,MANQUANTE,MANQUANTE,MANQUANTE,MANQUANTE,MANQUANTE,MANQUANTE,A_COMPLETER_PREUVES_SSI,A_VERIFIER,MANQUANTE,B1: référence de preuve absente | B2: référence de preuve absente | B3: référence de preuve absente | B4: référence de preuve absente | B5: référence de preuve absente | B6: référence de preuve absente | B7: référence de preuve absente | exclusions non vérifiées | preuve du contrôle des exclusions absente
0KH.SG,Henry Boot PLC,Allemagne,227468768.0,21986000.0,154912000.0,16328000.0,-54469624.0,-0.188,0.21150999,0.62636,134596896.0,Yahoo Finance / yfinance get_info,2026-10-08,0.0,-5.58658697003811,-12.88659755805308,False,MANQUANTE,MANQUANTE,MANQUANTE,MANQUANTE,MANQUANTE,MANQUANTE,MANQUANTE,MANQUANTE,MANQUANTE,MANQUANTE,MANQUANTE,MANQUANTE,MANQUANTE,MANQUANTE,MANQUANTE,A_COMPLETER_PREUVES_SSI,A_VERIFIER,MANQUANTE,B1: référence de preuve absente | B2: référence de preuve absente | B3: référence de preuve absente | B4: référence de preuve absente | B5: référence de preuve absente | B6: référence de preuve absente | B7: référence de preuve absente | exclusions non vérifiées | preuve du contrôle des exclusions absente
8KW.F,Jadestone Energy PLC          R,Allemagne,227783664.0,174312000.0,244691008.0,162271008.0,213484496.0,0.025,0.34537,0.34865,544936979.0,Yahoo Finance / yfinance get_info,2026-10-08,0.0,29.81366977008804,39.333332008785725,True,MANQUANTE,MANQUANTE,MANQUANTE,MANQUANTE,MANQUANTE,MANQUANTE,MANQUANTE,MANQUANTE,MANQUANTE,MANQUANTE,MANQUANTE,MANQUANTE,MANQUANTE,MANQUANTE,MANQUANTE,A_COMPLETER_PREUVES_SSI,A_VERIFIER,MANQUANTE,B1: référence de preuve absente | B2: référence de preuve absente | B3: référence de preuve absente | B4: référence de preuve absente | B5: référence de preuve absente | B6: référence de preuve absente | B7: référence de preuve absente | exclusions non vérifiées | preuve du contrôle des exclusions absente
MF3.F,Perma-Pipe International Hdgs R,Allemagne,227825968.0,31778000.0,53043000.0,33514000.0,14419875.0,0.244,0.31128,0.05797,8195179.0,Yahoo Finance / yfinance get_info,2026-10-08,0.0,33.65384738826192,-4.1379336653084575,True,MANQUANTE,MANQUANTE,MANQUANTE,MANQUANTE,MANQUANTE,MANQUANTE,MANQUANTE,MANQUANTE,MANQUANTE,MANQUANTE,MANQUANTE,MANQUANTE,MANQUANTE,MANQUANTE,MANQUANTE,A_COMPLETER_PREUVES_SSI,A_VERIFIER,MANQUANTE,B1: référence de preuve absente | B2: référence de preuve absente | B3: référence de preuve absente | B4: référence de preuve absente | B5: référence de preuve absente | B6: référence de preuve absente | B7: référence de preuve absente | exclusions non vérifiées | preuve du contrôle des exclusions absente
722.F,Antengene Corp. Ltd.          R,Allemagne,228070336.0,773966016.0,257928000.0,184070000.0,-85813504.0,8.648,0.92614,0.37062,613092300.0,Yahoo Finance / yfinance get_info,2026-10-08,0.0,-18.77729141140023,-39.99999903863477,False,MANQUANTE,MANQUANTE,MANQUANTE,MANQUANTE,MANQUANTE,MANQUANTE,MANQUANTE,MANQUANTE,MANQUANTE,MANQUANTE,MANQUANTE,MANQUANTE,MANQUANTE,MANQUANTE,MANQUANTE,A_COMPLETER_PREUVES_SSI,A_VERIFIER,MANQUANTE,B1: référence de preuve absente | B2: référence de preuve absente | B3: référence de preuve absente | B4: référence de preuve absente | B5: référence de preuve absente | B6: référence de preuve absente | B7: référence de preuve absente | exclusions non vérifiées | preuve du contrôle des exclusions absente
7EI.F,Huuuge Inc.                   R,Allemagne,228210288.0,143476000.0,3600000.0,81657000.0,54842624.0,-0.134,0.79078,0.32437,44747115.0,Yahoo Finance / yfinance get_info,2026-10-08,0.0,10.629061972382535,-20.18779325206008,False,MANQUANTE,MANQUANTE,MANQUANTE,MANQUANTE,MANQUANTE,MANQUANTE,MANQUANTE,MANQUANTE,MANQUANTE,MANQUANTE,MANQUANTE,MANQUANTE,MANQUANTE,MANQUANTE,MANQUANTE,A_COMPLETER_PREUVES_SSI,A_VERIFIER,MANQUANTE,B1: référence de preuve absente | B2: référence de preuve absente | B3: référence de preuve absente | B4: référence de preuve absente | B5: référence de preuve absente | B6: référence de preuve absente | B7: référence de preuve absente | exclusions non vérifiées | preuve du contrôle des exclusions absente
H90.F,UXIN Ltd.                     R,Allemagne,228779456.0,82584000.0,1773340032.0,-303672000.0,,0.749,0.049569998,0.0,219844228.0,Yahoo Finance / yfinance get_info,2026-10-08,0.0,-30.66666920979818,-58.400001525878906,False,MANQUANTE,MANQUANTE,MANQUANTE,MANQUANTE,MANQUANTE,MANQUANTE,MANQUANTE,MANQUANTE,MANQUANTE,MANQUANTE,MANQUANTE,MANQUANTE,MANQUANTE,MANQUANTE,MANQUANTE,A_COMPLETER_PREUVES_SSI,A_VERIFIER,MANQUANTE,B1: référence de preuve absente | B2: référence de preuve absente | B3: référence de preuve absente | B4: référence de preuve absente | B5: référence de preuve absente | B6: référence de preuve absente | B7: référence de preuve absente | exclusions non vérifiées | preuve du contrôle des exclusions absente
A23.F,A2Z Cust2Mate Solutions Corp. R,Allemagne,228937632.0,43396000.0,4553000.0,-38092000.0,-26924624.0,4.09,0.13486,0.14696999,44026467.0,Yahoo Finance / yfinance get_info,2026-10-08,0.0,6.995877909675463,-22.962965788664647,False,MANQUANTE,MANQUANTE,MANQUANTE,MANQUANTE,MANQUANTE,MANQUANTE,MANQUANTE,MANQUANTE,MANQUANTE,MANQUANTE,MANQUANTE,MANQUANTE,MANQUANTE,MANQUANTE,MANQUANTE,A_COMPLETER_PREUVES_SSI,A_VERIFIER,MANQUANTE,B1: référence de preuve absente | B2: référence de preuve absente | B3: référence de preuve absente | B4: référence de preuve absente | B5: référence de preuve absente | B6: référence de preuve absente | B7: référence de preuve absente | exclusions non vérifiées | preuve du contrôle des exclusions absente
50BA.F,Bicycle Therapeutics Ltd.     R,Allemagne,228980816.0,510052000.0,14661000.0,-200812000.0,-99822128.0,-0.785,-2.0889301,0.044699997,50373281.0,Yahoo Finance / yfinance get_info,2026-10-08,0.0,-6.285715103149414,-19.99999883698252,False,MANQUANTE,MANQUANTE,MANQUANTE,MANQUANTE,MANQUANTE,MANQUANTE,MANQUANTE,MANQUANTE,MANQUANTE,MANQUANTE,MANQUANTE,MANQUANTE,MANQUANTE,MANQUANTE,MANQUANTE,A_COMPLETER_PREUVES_SSI,A_VERIFIER,MANQUANTE,B1: référence de preuve absente | B2: référence de preuve absente | B3: référence de preuve absente | B4: référence de preuve absente | B5: référence de preuve absente | B6: référence de preuve absente | B7: référence de preuve absente | exclusions non vérifiées | preuve du contrôle des exclusions absente
6VX.F,Healios K.K.                  R,Allemagne,229009248.0,9073999872.0,2568000000.0,-3884000000.0,-6494875136.0,-0.682,-1.05085,0.20903999,135001900.0,Yahoo Finance / yfinance get_info,2026-10-08,0.0,21.80450770643216,-15.624997865719047,False,MANQUANTE,MANQUANTE,MANQUANTE,MANQUANTE,MANQUANTE,MANQUANTE,MANQUANTE,MANQUANTE,MANQUANTE,MANQUANTE,MANQUANTE,MANQUANTE,MANQUANTE,MANQUANTE,MANQUANTE,A_COMPLETER_PREUVES_SSI,A_VERIFIER,MANQUANTE,B1: référence de preuve absente | B2: référence de preuve absente | B3: référence de preuve absente | B4: référence de preuve absente | B5: référence de preuve absente | B6: référence de preuve absente | B7: référence de preuve absente | exclusions non vérifiées | preuve du contrôle des exclusions absente
V2W.F,XPERI Inc.                    R,Allemagne,229715296.0,90590000.0,65171000.0,40988000.0,55337124.0,0.081,0.71949995,0.03968,48771822.0,Yahoo Finance / yfinance get_info,2026-10-08,0.0,-29.70148996670537,-5.799999237060549,,MANQUANTE,MANQUANTE,MANQUANTE,MANQUANTE,MANQUANTE,MANQUANTE,MANQUANTE,MANQUANTE,MANQUANTE,MANQUANTE,MANQUANTE,MANQUANTE,MANQUANTE,MANQUANTE,MANQUANTE,A_COMPLETER_PREUVES_SSI,A_VERIFIER,MANQUANTE,B1: référence de preuve absente | B2: référence de preuve absente | B3: référence de preuve absente | B4: référence de preuve absente | B5: référence de preuve absente | B6: référence de preuve absente | B7: référence de preuve absente | exclusions non vérifiées | preuve du contrôle des exclusions absente
22B.F,Omega Flex Inc.               R,Allemagne,230150528.0,47905000.0,4538000.0,14887000.0,7721875.0,-0.058,0.57784003,0.65169,10094322.0,Yahoo Finance / yfinance get_info,2026-10-08,0.0,-8.800003051757809,-17.985612004386077,False,MANQUANTE,MANQUANTE,MANQUANTE,MANQUANTE,MANQUANTE,MANQUANTE,MANQUANTE,MANQUANTE,MANQUANTE,MANQUANTE,MANQUANTE,MANQUANTE,MANQUANTE,MANQUANTE,MANQUANTE,A_COMPLETER_PREUVES_SSI,A_VERIFIER,MANQUANTE,B1: référence de preuve absente | B2: référence de preuve absente | B3: référence de preuve absente | B4: référence de preuve absente | B5: référence de preuve absente | B6: référence de preuve absente | B7: référence de preuve absente | exclusions non vérifiées | preuve du contrôle des exclusions absente
5FD.F,Frontier Development PLC      R,Allemagne,230232560.0,43968000.0,17668000.0,46263000.0,6329625.0,0.043,0.66667,0.52279,33857728.0,Yahoo Finance / yfinance get_info,2026-10-08,0.0,41.07883710699147,68.31683799362973,True,MANQUANTE,MANQUANTE,MANQUANTE,MANQUANTE,MANQUANTE,MANQUANTE,MANQUANTE,MANQUANTE,MANQUANTE,MANQUANTE,MANQUANTE,MANQUANTE,MANQUANTE,MANQUANTE,MANQUANTE,A_COMPLETER_PREUVES_SSI,A_VERIFIER,MANQUANTE,B1: référence de preuve absente | B2: référence de preuve absente | B3: référence de preuve absente | B4: référence de preuve absente | B5: référence de preuve absente | B6: référence de preuve absente | B7: référence de preuve absente | exclusions non vérifiées | preuve du contrôle des exclusions absente
9F2.F,National Bankshares Inc.      R,Allemagne,230536448.0,54563000.0,1789000.0,,,0.162,0.0,0.03342,6368410.0,Yahoo Finance / yfinance get_info,2026-10-08,0.0,28.36879355873505,15.286628034149796,True,MANQUANTE,MANQUANTE,MANQUANTE,MANQUANTE,MANQUANTE,MANQUANTE,MANQUANTE,MANQUANTE,MANQUANTE,MANQUANTE,MANQUANTE,MANQUANTE,MANQUANTE,MANQUANTE,MANQUANTE,A_COMPLETER_PREUVES_SSI,A_VERIFIER,MANQUANTE,B1: référence de preuve absente | B2: référence de preuve absente | B3: référence de preuve absente | B4: référence de preuve absente | B5: référence de preuve absente | B6: référence de preuve absente | B7: référence de preuve absente | exclusions non vérifiées | preuve du contrôle des exclusions absente
AU1.F,AUDIOCODES LTD.               R,Allemagne,230659184.0,61670000.0,41368000.0,18890000.0,14023500.0,0.031,0.65739995,0.30476,24152794.0,Yahoo Finance / yfinance get_info,2026-10-08,0.0,9.77011954143392,29.054054968369257,True,MANQUANTE,MANQUANTE,MANQUANTE,MANQUANTE,MANQUANTE,MANQUANTE,MANQUANTE,MANQUANTE,MANQUANTE,MANQUANTE,MANQUANTE,MANQUANTE,MANQUANTE,MANQUANTE,MANQUANTE,A_COMPLETER_PREUVES_SSI,A_VERIFIER,MANQUANTE,B1: référence de preuve absente | B2: référence de preuve absente | B3: référence de preuve absente | B4: référence de preuve absente | B5: référence de preuve absente | B6: référence de preuve absente | B7: référence de preuve absente | exclusions non vérifiées | preuve du contrôle des exclusions absente
IM4.SG,IMC S.A.,Allemagne,230753024.0,12482000.0,131917000.0,69735000.0,46887624.0,0.347,0.45868,0.81698996,35500464.0,Yahoo Finance / yfinance get_info,2026-10-08,0.0,-16.129032258064512,-24.41860800372243,False,MANQUANTE,MANQUANTE,MANQUANTE,MANQUANTE,MANQUANTE,MANQUANTE,MANQUANTE,MANQUANTE,MANQUANTE,MANQUANTE,MANQUANTE,MANQUANTE,MANQUANTE,MANQUANTE,MANQUANTE,A_COMPLETER_PREUVES_SSI,A_VERIFIER,MANQUANTE,B1: référence de preuve absente | B2: référence de preuve absente | B3: référence de preuve absente | B4: référence de preuve absente | B5: référence de preuve absente | B6: référence de preuve absente | B7: référence de preuve absente | exclusions non vérifiées | preuve du contrôle des exclusions absente
1VW.F,Cerillion PLC                 R,Allemagne,231900832.0,32467000.0,3999000.0,17217000.0,5650750.0,-0.139,0.79536,0.21037,29541509.0,Yahoo Finance / yfinance get_info,2026-10-08,0.0,-35.65573748065975,-51.84048912846333,False,MANQUANTE,MANQUANTE,MANQUANTE,MANQUANTE,MANQUANTE,MANQUANTE,MANQUANTE,MANQUANTE,MANQUANTE,MANQUANTE,MANQUANTE,MANQUANTE,MANQUANTE,MANQUANTE,MANQUANTE,A_COMPLETER_PREUVES_SSI,A_VERIFIER,MANQUANTE,B1: référence de preuve absente | B2: référence de preuve absente | B3: référence de preuve absente | B4: référence de preuve absente | B5: référence de preuve absente | B6: référence de preuve absente | B7: référence de preuve absente | exclusions non vérifiées | preuve du contrôle des exclusions absente
BI1.F,Commerce.com Inc.             R,Allemagne,232005168.0,156324000.0,164508000.0,21321000.0,28792124.0,0.001,0.77169,0.09309,82858991.0,Yahoo Finance / yfinance get_info,2026-10-08,0.0,7.692309808448994,32.075476578522256,True,MANQUANTE,MANQUANTE,MANQUANTE,MANQUANTE,MANQUANTE,MANQUANTE,MANQUANTE,MANQUANTE,MANQUANTE,MANQUANTE,MANQUANTE,MANQUANTE,MANQUANTE,MANQUANTE,MANQUANTE,A_COMPLETER_PREUVES_SSI,A_VERIFIER,MANQUANTE,B1: référence de preuve absente | B2: référence de preuve absente | B3: référence de preuve absente | B4: référence de preuve absente | B5: référence de preuve absente | B6: référence de preuve absente | B7: référence de preuve absente | exclusions non vérifiées | preuve du contrôle des exclusions absente
1TZ.F,InfuSystems Holdings Inc.     R,Allemagne,232089600.0,964000.0,24531000.0,24229000.0,10263515.0,0.026,0.57453,0.07243,20181703.0,Yahoo Finance / yfinance get_info,2026-10-08,0.0,41.10430108306984,42.8571394723184,True,MANQUANTE,MANQUANTE,MANQUANTE,MANQUANTE,MANQUANTE,MANQUANTE,MANQUANTE,MANQUANTE,MANQUANTE,MANQUANTE,MANQUANTE,MANQUANTE,MANQUANTE,MANQUANTE,MANQUANTE,A_COMPLETER_PREUVES_SSI,A_VERIFIER,MANQUANTE,B1: référence de preuve absente | B2: référence de preuve absente | B3: référence de preuve absente | B4: référence de preuve absente | B5: référence de preuve absente | B6: référence de preuve absente | B7: référence de preuve absente | exclusions non vérifiées | preuve du contrôle des exclusions absente
