Ticker,Societe,Date_collecte_UTC,Source_registre,CIK,Statut_SEC,Depots,Nb_depots
1F6.F,Fermentalg                    A,2026-10-10T12:41:52.289260+00:00,https://www.sec.gov/files/company_tickers.json,MANQUANTE,NON_COUVERT,[],0
HBQ.F,Hofseth BioCare ASA           N,2026-10-10T12:41:52.289393+00:00,https://www.sec.gov/files/company_tickers.json,MANQUANTE,NON_COUVERT,[],0
INVN.F,INVE Technologies Inc.        R,2026-10-10T12:41:52.289481+00:00,https://www.sec.gov/files/company_tickers.json,MANQUANTE,NON_COUVERT,[],0
H460.F,Borgestad ASA                 N,2026-10-10T12:41:52.289566+00:00,https://www.sec.gov/files/company_tickers.json,MANQUANTE,NON_COUVERT,[],0
A5E0.F,Techprecision Corp.           R,2026-10-10T12:41:52.289643+00:00,https://www.sec.gov/files/company_tickers.json,MANQUANTE,NON_COUVERT,[],0
K4H.F,KR1 PLC                       R,2026-10-10T12:41:52.289719+00:00,https://www.sec.gov/files/company_tickers.json,MANQUANTE,NON_COUVERT,[],0
G9D.F,Goldpac Group Ltd.            R,2026-10-10T12:41:52.289793+00:00,https://www.sec.gov/files/company_tickers.json,MANQUANTE,NON_COUVERT,[],0
R5XA.F,Talphera Inc.                 R,2026-10-10T12:41:52.289866+00:00,https://www.sec.gov/files/company_tickers.json,MANQUANTE,NON_COUVERT,[],0
99H.F,Merus Power OYJ               R,2026-10-10T12:41:52.289939+00:00,https://www.sec.gov/files/company_tickers.json,MANQUANTE,NON_COUVERT,[],0
U9D0.F,WeShop Holdings Ltd.          R,2026-10-10T12:41:52.290037+00:00,https://www.sec.gov/files/company_tickers.json,MANQUANTE,NON_COUVERT,[],0
BL00.F,Black Bear Minerals Ltd.      R,2026-10-10T12:41:52.290110+00:00,https://www.sec.gov/files/company_tickers.json,MANQUANTE,NON_COUVERT,[],0
SQL.F,Matador Secondary Pri. Equi.AGI,2026-10-10T12:41:52.290181+00:00,https://www.sec.gov/files/company_tickers.json,MANQUANTE,NON_COUVERT,[],0
93G.F,The Kingfish Company N.V.     A,2026-10-10T12:41:52.290257+00:00,https://www.sec.gov/files/company_tickers.json,MANQUANTE,NON_COUVERT,[],0
B0R.F,Bathurst Resources Ltd.       R,2026-10-10T12:41:52.290335+00:00,https://www.sec.gov/files/company_tickers.json,MANQUANTE,NON_COUVERT,[],0
GTY.SG,Gateway Real Estate AG,2026-10-10T12:41:52.290407+00:00,https://www.sec.gov/files/company_tickers.json,MANQUANTE,NON_COUVERT,[],0
94P.F,AUREA S.A.                    A,2026-10-10T12:41:52.290476+00:00,https://www.sec.gov/files/company_tickers.json,MANQUANTE,NON_COUVERT,[],0
D0E.F,Franchetti S.p.A.             A,2026-10-10T12:41:52.290545+00:00,https://www.sec.gov/files/company_tickers.json,MANQUANTE,NON_COUVERT,[],0
B66.F,Paragon Advanced Labs Inc.    R,2026-10-10T12:41:52.290615+00:00,https://www.sec.gov/files/company_tickers.json,MANQUANTE,NON_COUVERT,[],0
50S.F,SuperCom Ltd.                 R,2026-10-10T12:41:52.290685+00:00,https://www.sec.gov/files/company_tickers.json,MANQUANTE,NON_COUVERT,[],0
7YU.F,Lumos Diagnostics Hldgs Ltd.  R,2026-10-10T12:41:52.290755+00:00,https://www.sec.gov/files/company_tickers.json,MANQUANTE,NON_COUVERT,[],0
NWX.F,NORDWEST HANDEL AG            I,2026-10-10T12:41:52.290824+00:00,https://www.sec.gov/files/company_tickers.json,MANQUANTE,NON_COUVERT,[],0
VF5.F,ONDINE BIOMEDICAL INC         R,2026-10-10T12:41:52.290892+00:00,https://www.sec.gov/files/company_tickers.json,MANQUANTE,NON_COUVERT,[],0
4H7.F,Trophy Games Development A/S  N,2026-10-10T12:41:52.290979+00:00,https://www.sec.gov/files/company_tickers.json,MANQUANTE,NON_COUVERT,[],0
V5W.F,Afarak Group SE               R,2026-10-10T12:41:52.291057+00:00,https://www.sec.gov/files/company_tickers.json,MANQUANTE,NON_COUVERT,[],0
HNT.F,Cinda International Hldgs Ltd.R,2026-10-10T12:41:52.291126+00:00,https://www.sec.gov/files/company_tickers.json,MANQUANTE,NON_COUVERT,[],0
P15.SG,ProCook Group PLC,2026-10-10T12:41:52.291195+00:00,https://www.sec.gov/files/company_tickers.json,MANQUANTE,NON_COUVERT,[],0
ZF6.F,Magis S.p.A.                  A,2026-10-10T12:41:52.291264+00:00,https://www.sec.gov/files/company_tickers.json,MANQUANTE,NON_COUVERT,[],0
6OP.F,OSE Immunotherapeutics S.A.   A,2026-10-10T12:41:52.291332+00:00,https://www.sec.gov/files/company_tickers.json,MANQUANTE,NON_COUVERT,[],0
OSU.F,Staffline Group PLC           R,2026-10-10T12:41:52.291399+00:00,https://www.sec.gov/files/company_tickers.json,MANQUANTE,NON_COUVERT,[],0
MS7.F,MAKING SCIENCE GROUP S.A.     A,2026-10-10T12:41:52.291466+00:00,https://www.sec.gov/files/company_tickers.json,MANQUANTE,NON_COUVERT,[],0
MSH.F,WASGAU Produkt. & Handels AG  N,2026-10-10T12:41:52.291534+00:00,https://www.sec.gov/files/company_tickers.json,MANQUANTE,NON_COUVERT,[],0
U6Q.F,Umbrella Global Energy S.A    A,2026-10-10T12:41:52.291602+00:00,https://www.sec.gov/files/company_tickers.json,MANQUANTE,NON_COUVERT,[],0
W4U.F,Kaleon S.p.A.                 A,2026-10-10T12:41:52.291673+00:00,https://www.sec.gov/files/company_tickers.json,MANQUANTE,NON_COUVERT,[],0
KZ70.F,Talenom Oyj                   R,2026-10-10T12:41:52.291742+00:00,https://www.sec.gov/files/company_tickers.json,MANQUANTE,NON_COUVERT,[],0
GUU.F,GURU Organic Energy Corp.     R,2026-10-10T12:41:52.291809+00:00,https://www.sec.gov/files/company_tickers.json,MANQUANTE,NON_COUVERT,[],0
RAQB.F,Battalion Oil Corp.           R,2026-10-10T12:41:52.291875+00:00,https://www.sec.gov/files/company_tickers.json,MANQUANTE,NON_COUVERT,[],0
QHI.F,Shimao Group Holdings Ltd.    R,2026-10-10T12:41:52.291941+00:00,https://www.sec.gov/files/company_tickers.json,MANQUANTE,NON_COUVERT,[],0
A8D.F,AB Science S.A.               A,2026-10-10T12:41:52.292035+00:00,https://www.sec.gov/files/company_tickers.json,MANQUANTE,NON_COUVERT,[],0
H460.SG,Borgestad ASA,2026-10-10T12:41:52.292110+00:00,https://www.sec.gov/files/company_tickers.json,MANQUANTE,NON_COUVERT,[],0
4K8.F,Kamux Oyj                     R,2026-10-10T12:41:52.292185+00:00,https://www.sec.gov/files/company_tickers.json,MANQUANTE,NON_COUVERT,[],0
KY3.F,Monni NV                      A,2026-10-10T12:41:52.292256+00:00,https://www.sec.gov/files/company_tickers.json,MANQUANTE,NON_COUVERT,[],0
IKL.F,IMPACT Silver Corp.           R,2026-10-10T12:41:52.292326+00:00,https://www.sec.gov/files/company_tickers.json,MANQUANTE,NON_COUVERT,[],0
5ILA.F,Ideal Power Inc.              R,2026-10-10T12:41:52.292394+00:00,https://www.sec.gov/files/company_tickers.json,MANQUANTE,NON_COUVERT,[],0
NHM.F,Marchex Inc.                  R,2026-10-10T12:41:52.292463+00:00,https://www.sec.gov/files/company_tickers.json,MANQUANTE,NON_COUVERT,[],0
2OP.F,DP Poland PLC                 R,2026-10-10T12:41:52.292531+00:00,https://www.sec.gov/files/company_tickers.json,MANQUANTE,NON_COUVERT,[],0
DM7.F,Da Ming International HoldingsR,2026-10-10T12:41:52.292599+00:00,https://www.sec.gov/files/company_tickers.json,MANQUANTE,NON_COUVERT,[],0
ZAY0.F,Zentek Ltd.                   R,2026-10-10T12:41:52.292666+00:00,https://www.sec.gov/files/company_tickers.json,MANQUANTE,NON_COUVERT,[],0
PEH.F,PEH Wertpapier AG             I,2026-10-10T12:41:52.292734+00:00,https://www.sec.gov/files/company_tickers.json,MANQUANTE,NON_COUVERT,[],0
GLY0.F,Global Bio-Chem Techn. Co.Ltd.R,2026-10-10T12:41:52.292803+00:00,https://www.sec.gov/files/company_tickers.json,MANQUANTE,NON_COUVERT,[],0
7UM0.F,Zelluna ASA                   N,2026-10-10T12:41:52.292873+00:00,https://www.sec.gov/files/company_tickers.json,MANQUANTE,NON_COUVERT,[],0
PBN0.F,Alterity Therapeutics Ltd.    R,2026-10-10T12:41:52.292942+00:00,https://www.sec.gov/files/company_tickers.json,MANQUANTE,NON_COUVERT,[],0
PBN0.SG,Alterity Therapeutics Ltd. (ADR,2026-10-10T12:41:52.293037+00:00,https://www.sec.gov/files/company_tickers.json,MANQUANTE,NON_COUVERT,[],0
TP21.F,Tethys Petroleum Ltd.         R,2026-10-10T12:41:52.293113+00:00,https://www.sec.gov/files/company_tickers.json,MANQUANTE,NON_COUVERT,[],0
TJJ.F,Tianjin TEDA Bio.Eng.Co.Ltd.  R,2026-10-10T12:41:52.293184+00:00,https://www.sec.gov/files/company_tickers.json,MANQUANTE,NON_COUVERT,[],0
8YW.F,Herige S.A.                   A,2026-10-10T12:41:52.293254+00:00,https://www.sec.gov/files/company_tickers.json,MANQUANTE,NON_COUVERT,[],0
2HU.F,Catana Group S.A.             A,2026-10-10T12:41:52.293322+00:00,https://www.sec.gov/files/company_tickers.json,MANQUANTE,NON_COUVERT,[],0
D3R.F,Austral Gold Ltd.             R,2026-10-10T12:41:52.293389+00:00,https://www.sec.gov/files/company_tickers.json,MANQUANTE,NON_COUVERT,[],0
EVY.F,Everyman Media Group PLC      R,2026-10-10T12:41:52.293459+00:00,https://www.sec.gov/files/company_tickers.json,MANQUANTE,NON_COUVERT,[],0
GPI1.F,China Oil & Gas Group Ltd.    R,2026-10-10T12:41:52.293526+00:00,https://www.sec.gov/files/company_tickers.json,MANQUANTE,NON_COUVERT,[],0
CCO.F,China Chengtong Develop. GroupR,2026-10-10T12:41:52.293606+00:00,https://www.sec.gov/files/company_tickers.json,MANQUANTE,NON_COUVERT,[],0
MJT.F,Majestic Gold Corp.           R,2026-10-10T12:41:52.293673+00:00,https://www.sec.gov/files/company_tickers.json,MANQUANTE,NON_COUVERT,[],0
Z1N.F,MedPal AI PLC                 R,2026-10-10T12:41:52.293740+00:00,https://www.sec.gov/files/company_tickers.json,MANQUANTE,NON_COUVERT,[],0
5AR1.F,AI Financial Corp.            R,2026-10-10T12:41:52.293813+00:00,https://www.sec.gov/files/company_tickers.json,MANQUANTE,NON_COUVERT,[],0
C4G0.F,51 Talk Online Education GroupR,2026-10-10T12:41:52.293883+00:00,https://www.sec.gov/files/company_tickers.json,MANQUANTE,NON_COUVERT,[],0
R9Q.F,Recce Pharmaceuticals Ltd.    R,2026-10-10T12:41:52.293951+00:00,https://www.sec.gov/files/company_tickers.json,MANQUANTE,NON_COUVERT,[],0
CF90.F,Capinfo Co. Ltd.              R,2026-10-10T12:41:52.294047+00:00,https://www.sec.gov/files/company_tickers.json,MANQUANTE,NON_COUVERT,[],0
4W1.F,White Cliff Minerals Ltd.     R,2026-10-10T12:41:52.294116+00:00,https://www.sec.gov/files/company_tickers.json,MANQUANTE,NON_COUVERT,[],0
GC3.F,Novonix Ltd.                  R,2026-10-10T12:41:52.294182+00:00,https://www.sec.gov/files/company_tickers.json,MANQUANTE,NON_COUVERT,[],0
APL.F,ALPHA PRO TECH LTD.           R,2026-10-10T12:41:52.294249+00:00,https://www.sec.gov/files/company_tickers.json,MANQUANTE,NON_COUVERT,[],0
KV7.F,Marks Electrical Group PLC    R,2026-10-10T12:41:52.294316+00:00,https://www.sec.gov/files/company_tickers.json,MANQUANTE,NON_COUVERT,[],0
TS8A.F,DLH Holdings Corp.            R,2026-10-10T12:41:52.294383+00:00,https://www.sec.gov/files/company_tickers.json,MANQUANTE,NON_COUVERT,[],0
6FK.F,Gentian Diagnostics ASA       N,2026-10-10T12:41:52.294455+00:00,https://www.sec.gov/files/company_tickers.json,MANQUANTE,NON_COUVERT,[],0
G4D.F,Winking Studios Ltd.          R,2026-10-10T12:41:52.294524+00:00,https://www.sec.gov/files/company_tickers.json,MANQUANTE,NON_COUVERT,[],0
KG0A.F,China Shuifa Singyes En. HLDGSR,2026-10-10T12:41:52.294592+00:00,https://www.sec.gov/files/company_tickers.json,MANQUANTE,NON_COUVERT,[],0
1G9.F,Gumi Inc.                     R,2026-10-10T12:41:52.294659+00:00,https://www.sec.gov/files/company_tickers.json,MANQUANTE,NON_COUVERT,[],0
GJY.F,Boom Logistics Ltd.           R,2026-10-10T12:41:52.294727+00:00,https://www.sec.gov/files/company_tickers.json,MANQUANTE,NON_COUVERT,[],0
CSO.F,Calnex Solutions PLC          R,2026-10-10T12:41:52.294796+00:00,https://www.sec.gov/files/company_tickers.json,MANQUANTE,NON_COUVERT,[],0
L270.F,Forum Markets Inc.            R,2026-10-10T12:41:52.294866+00:00,https://www.sec.gov/files/company_tickers.json,MANQUANTE,NON_COUVERT,[],0
2CY.F,Canyon Resources Ltd.         R,2026-10-10T12:41:52.294933+00:00,https://www.sec.gov/files/company_tickers.json,MANQUANTE,NON_COUVERT,[],0
MNZ.F,Gattaca PLC                   R,2026-10-10T12:41:52.295028+00:00,https://www.sec.gov/files/company_tickers.json,MANQUANTE,NON_COUVERT,[],0
BY0.F,R.E.A. HOLDINGS PLC           R,2026-10-10T12:41:52.295102+00:00,https://www.sec.gov/files/company_tickers.json,MANQUANTE,NON_COUVERT,[],0
9B5.F,Airtasker Ltd.                R,2026-10-10T12:41:52.295171+00:00,https://www.sec.gov/files/company_tickers.json,MANQUANTE,NON_COUVERT,[],0
SRC.F,Yojee Ltd.                    R,2026-10-10T12:41:52.295247+00:00,https://www.sec.gov/files/company_tickers.json,MANQUANTE,NON_COUVERT,[],0
KK2.F,SUN A. KAKEN CO. LTD.         R,2026-10-10T12:41:52.295316+00:00,https://www.sec.gov/files/company_tickers.json,MANQUANTE,NON_COUVERT,[],0
1MP.F,Scana ASA                     N,2026-10-10T12:41:52.295384+00:00,https://www.sec.gov/files/company_tickers.json,MANQUANTE,NON_COUVERT,[],0
43M.F,Marmota Ltd.                  R,2026-10-10T12:41:52.295450+00:00,https://www.sec.gov/files/company_tickers.json,MANQUANTE,NON_COUVERT,[],0
WFU.F,Quam Plus Intern. Finan. ltd. R,2026-10-10T12:41:52.295524+00:00,https://www.sec.gov/files/company_tickers.json,MANQUANTE,NON_COUVERT,[],0
BG4.F,Kodama Chemical Industry      R,2026-10-10T12:41:52.295592+00:00,https://www.sec.gov/files/company_tickers.json,MANQUANTE,NON_COUVERT,[],0
WE3.F,KH Group Oyj                  R,2026-10-10T12:41:52.295660+00:00,https://www.sec.gov/files/company_tickers.json,MANQUANTE,NON_COUVERT,[],0
P0T.F,Tenet Fintech Group Inc.      R,2026-10-10T12:41:52.295726+00:00,https://www.sec.gov/files/company_tickers.json,MANQUANTE,NON_COUVERT,[],0
XLS.F,Xlife Sciences AG             N,2026-10-10T12:41:52.295794+00:00,https://www.sec.gov/files/company_tickers.json,MANQUANTE,NON_COUVERT,[],0
45P.F,Playmates Toys Group Ltd.     R,2026-10-10T12:41:52.295866+00:00,https://www.sec.gov/files/company_tickers.json,MANQUANTE,NON_COUVERT,[],0
BBA.F,System1 Group PLC             R,2026-10-10T12:41:52.295937+00:00,https://www.sec.gov/files/company_tickers.json,MANQUANTE,NON_COUVERT,[],0
EJ1C.F,Asia Energy Logistics Grp Ltd.R,2026-10-10T12:41:52.296039+00:00,https://www.sec.gov/files/company_tickers.json,MANQUANTE,NON_COUVERT,[],0
ABA.HM,ALBA SE                       I,2026-10-10T12:41:52.296111+00:00,https://www.sec.gov/files/company_tickers.json,MANQUANTE,NON_COUVERT,[],0
FHW.F,FERNHEIZWERK NEUKOELLN AG     I,2026-10-10T12:41:52.296180+00:00,https://www.sec.gov/files/company_tickers.json,MANQUANTE,NON_COUVERT,[],0
FHW.SG,Fernheizwerk Neukölln AG,2026-10-10T12:41:52.296248+00:00,https://www.sec.gov/files/company_tickers.json,MANQUANTE,NON_COUVERT,[],0
67E0.F,Wallbox N.V.                  A,2026-10-10T12:41:52.296315+00:00,https://www.sec.gov/files/company_tickers.json,MANQUANTE,NON_COUVERT,[],0
GUL.F,GUILLEMOT CORP.               A,2026-10-10T12:41:52.296381+00:00,https://www.sec.gov/files/company_tickers.json,MANQUANTE,NON_COUVERT,[],0
AXD2.F,Heron Therapeutics Inc.       R,2026-10-10T12:41:52.296448+00:00,https://www.sec.gov/files/company_tickers.json,MANQUANTE,NON_COUVERT,[],0
PNC.F,Great Elm Group Inc.          R,2026-10-10T12:41:52.296515+00:00,https://www.sec.gov/files/company_tickers.json,MANQUANTE,NON_COUVERT,[],0
RZA.F,Austin Engineering Ltd.       R,2026-10-10T12:41:52.296582+00:00,https://www.sec.gov/files/company_tickers.json,MANQUANTE,NON_COUVERT,[],0
L4Q.F,AMC Robotics Corp.            R,2026-10-10T12:41:52.296649+00:00,https://www.sec.gov/files/company_tickers.json,MANQUANTE,NON_COUVERT,[],0
6H4.F,Invictus Energy Ltd.          R,2026-10-10T12:41:52.296716+00:00,https://www.sec.gov/files/company_tickers.json,MANQUANTE,NON_COUVERT,[],0
5DP.F,Dolphin Drilling AS           N,2026-10-10T12:41:52.296784+00:00,https://www.sec.gov/files/company_tickers.json,MANQUANTE,NON_COUVERT,[],0
O3Z.F,Goodfellow Inc.               R,2026-10-10T12:41:52.296851+00:00,https://www.sec.gov/files/company_tickers.json,MANQUANTE,NON_COUVERT,[],0
1UM0.F,EC Healthcare Ltd.            R,2026-10-10T12:41:52.296918+00:00,https://www.sec.gov/files/company_tickers.json,MANQUANTE,NON_COUVERT,[],0
R0L.F,J Frontier Co. Ltd.           R,2026-10-10T12:41:52.297013+00:00,https://www.sec.gov/files/company_tickers.json,MANQUANTE,NON_COUVERT,[],0
0AD.F,Anfield Energy Inc.           R,2026-10-10T12:41:52.297088+00:00,https://www.sec.gov/files/company_tickers.json,MANQUANTE,NON_COUVERT,[],0
G4A.F,Gear4music (Holdings) PLC     R,2026-10-10T12:41:52.297157+00:00,https://www.sec.gov/files/company_tickers.json,MANQUANTE,NON_COUVERT,[],0
4CI0.F,AIFU Inc.                     R,2026-10-10T12:41:52.297229+00:00,https://www.sec.gov/files/company_tickers.json,MANQUANTE,NON_COUVERT,[],0
ZZF0.F,CarParts.com Inc.             R,2026-10-10T12:41:52.297299+00:00,https://www.sec.gov/files/company_tickers.json,MANQUANTE,NON_COUVERT,[],0
8PR1.F,Soma Gold Corp.               R,2026-10-10T12:41:52.297366+00:00,https://www.sec.gov/files/company_tickers.json,MANQUANTE,NON_COUVERT,[],0
C7W.F,Energy Time S.p.A.            A,2026-10-10T12:41:52.297439+00:00,https://www.sec.gov/files/company_tickers.json,MANQUANTE,NON_COUVERT,[],0
5DP.SG,Dolphin Drilling AS,2026-10-10T12:41:52.297508+00:00,https://www.sec.gov/files/company_tickers.json,MANQUANTE,NON_COUVERT,[],0
IRQ.SG,IRCE S.p.A.,2026-10-10T12:41:52.297575+00:00,https://www.sec.gov/files/company_tickers.json,MANQUANTE,NON_COUVERT,[],0
FBC.SG,Futebol Clube do Porto - Futebo,2026-10-10T12:41:52.297641+00:00,https://www.sec.gov/files/company_tickers.json,MANQUANTE,NON_COUVERT,[],0
Z5S.F,Atenor S.A.                   A,2026-10-10T12:41:52.297710+00:00,https://www.sec.gov/files/company_tickers.json,MANQUANTE,NON_COUVERT,[],0
NWR.F,NEBAG AG                      S,2026-10-10T12:41:52.297778+00:00,https://www.sec.gov/files/company_tickers.json,MANQUANTE,NON_COUVERT,[],0
J0M.F,Masterbeef Group.             R,2026-10-10T12:41:52.297846+00:00,https://www.sec.gov/files/company_tickers.json,MANQUANTE,NON_COUVERT,[],0
6EU.F,TheWorks plc                  R,2026-10-10T12:41:52.297914+00:00,https://www.sec.gov/files/company_tickers.json,MANQUANTE,NON_COUVERT,[],0
GI11.F,Gentoo Media Inc.             R,2026-10-10T12:41:52.298003+00:00,https://www.sec.gov/files/company_tickers.json,MANQUANTE,NON_COUVERT,[],0
PHRE.F,Water Intelligence PLC        R,2026-10-10T12:41:52.298075+00:00,https://www.sec.gov/files/company_tickers.json,MANQUANTE,NON_COUVERT,[],0
1Y0.F,Wise Holdings Co. Ltd.        R,2026-10-10T12:41:52.298143+00:00,https://www.sec.gov/files/company_tickers.json,MANQUANTE,NON_COUVERT,[],0
A8Y1.F,EML Payments Ltd.             R,2026-10-10T12:41:52.298210+00:00,https://www.sec.gov/files/company_tickers.json,MANQUANTE,NON_COUVERT,[],0
IFS.F,infas Holding AG              I,2026-10-10T12:41:52.298283+00:00,https://www.sec.gov/files/company_tickers.json,MANQUANTE,NON_COUVERT,[],0
IY3A.F,Ilyda S.A.                    N,2026-10-10T12:41:52.298354+00:00,https://www.sec.gov/files/company_tickers.json,MANQUANTE,NON_COUVERT,[],0
6CW.F,Charlottes Web Holdings Inc.  R,2026-10-10T12:41:52.298426+00:00,https://www.sec.gov/files/company_tickers.json,MANQUANTE,NON_COUVERT,[],0
AJW.F,"AnGes, Inc.                   R",2026-10-10T12:41:52.298493+00:00,https://www.sec.gov/files/company_tickers.json,MANQUANTE,NON_COUVERT,[],0
6SJA.F,SelectQuote Inc.              R,2026-10-10T12:41:52.298561+00:00,https://www.sec.gov/files/company_tickers.json,MANQUANTE,NON_COUVERT,[],0
TH1.F,TTEC Holdings Inc.            R,2026-10-10T12:41:52.298632+00:00,https://www.sec.gov/files/company_tickers.json,MANQUANTE,NON_COUVERT,[],0
95A.F,Altisource Ptf Solns S.A.     A,2026-10-10T12:41:52.298702+00:00,https://www.sec.gov/files/company_tickers.json,MANQUANTE,NON_COUVERT,[],0
OH5.F,Nissan Securities Grp Co. Ltd.R,2026-10-10T12:41:52.298769+00:00,https://www.sec.gov/files/company_tickers.json,MANQUANTE,NON_COUVERT,[],0
5R6.F,VCREDIT Holdings Ltd.         R,2026-10-10T12:41:52.298836+00:00,https://www.sec.gov/files/company_tickers.json,MANQUANTE,NON_COUVERT,[],0
E9Q.F,Guangdong Kanghua Healthcare  R,2026-10-10T12:41:52.298907+00:00,https://www.sec.gov/files/company_tickers.json,MANQUANTE,NON_COUVERT,[],0
CUEH.F,Chengdu SIWI Sci.+Tech.Co.Ltd.R,2026-10-10T12:41:52.298997+00:00,https://www.sec.gov/files/company_tickers.json,MANQUANTE,NON_COUVERT,[],0
E0J.F,Ekinops S.A.S.                A,2026-10-10T12:41:52.299072+00:00,https://www.sec.gov/files/company_tickers.json,MANQUANTE,NON_COUVERT,[],0
PHT.F,Haulotte Group S.A.           A,2026-10-10T12:41:52.299139+00:00,https://www.sec.gov/files/company_tickers.json,MANQUANTE,NON_COUVERT,[],0
6QN.F,THE ITALIAN SEA GROUP S.P.A.  A,2026-10-10T12:41:52.299205+00:00,https://www.sec.gov/files/company_tickers.json,MANQUANTE,NON_COUVERT,[],0
3CV.F,Victoria PLC                  R,2026-10-10T12:41:52.299279+00:00,https://www.sec.gov/files/company_tickers.json,MANQUANTE,NON_COUVERT,[],0
1JS.F,Shield Therapeutics PLC       R,2026-10-10T12:41:52.299346+00:00,https://www.sec.gov/files/company_tickers.json,MANQUANTE,NON_COUVERT,[],0
ECK.HM,LUDW.BECK A.RATH.ECK-TEXTIL.AGI,2026-10-10T12:41:52.299413+00:00,https://www.sec.gov/files/company_tickers.json,MANQUANTE,NON_COUVERT,[],0
61I.F,Research Solutions Inc.       R,2026-10-10T12:41:52.299481+00:00,https://www.sec.gov/files/company_tickers.json,MANQUANTE,NON_COUVERT,[],0
2I3.F,Champions Oncology Inc.       R,2026-10-10T12:41:52.299548+00:00,https://www.sec.gov/files/company_tickers.json,MANQUANTE,NON_COUVERT,[],0
LXB.F,LEXIBOOK LING. EL. SYS. S.A.  A,2026-10-10T12:41:52.299615+00:00,https://www.sec.gov/files/company_tickers.json,MANQUANTE,NON_COUVERT,[],0
2JY.F,Vala Inc.                     R,2026-10-10T12:41:52.299681+00:00,https://www.sec.gov/files/company_tickers.json,MANQUANTE,NON_COUVERT,[],0
6AX.F,DMG Blockchain Solutions Inc. R,2026-10-10T12:41:52.299747+00:00,https://www.sec.gov/files/company_tickers.json,MANQUANTE,NON_COUVERT,[],0
OPQ.F,Oriental Media Group Ltd.     R,2026-10-10T12:41:52.299813+00:00,https://www.sec.gov/files/company_tickers.json,MANQUANTE,NON_COUVERT,[],0
WKU.F,Aspire Mining Ltd.            R,2026-10-10T12:41:52.299880+00:00,https://www.sec.gov/files/company_tickers.json,MANQUANTE,NON_COUVERT,[],0
5IN.F,AGF A/S                       N,2026-10-10T12:41:52.299971+00:00,https://www.sec.gov/files/company_tickers.json,MANQUANTE,NON_COUVERT,[],0
75V.F,Advini S.A.                   A,2026-10-10T12:41:52.300051+00:00,https://www.sec.gov/files/company_tickers.json,MANQUANTE,NON_COUVERT,[],0
91P.F,Llorente & Cuenca S.A.        A,2026-10-10T12:41:52.300119+00:00,https://www.sec.gov/files/company_tickers.json,MANQUANTE,NON_COUVERT,[],0
315.F,C Capital Holdings AG         I,2026-10-10T12:41:52.300186+00:00,https://www.sec.gov/files/company_tickers.json,MANQUANTE,NON_COUVERT,[],0
0HF.F,Pullup Entertainment S.A.     A,2026-10-10T12:41:52.300253+00:00,https://www.sec.gov/files/company_tickers.json,MANQUANTE,NON_COUVERT,[],0
IFG.F,Atari S.A.                    A,2026-10-10T12:41:52.300320+00:00,https://www.sec.gov/files/company_tickers.json,MANQUANTE,NON_COUVERT,[],0
5H7.F,Sanderson Design Group PLC    R,2026-10-10T12:41:52.300387+00:00,https://www.sec.gov/files/company_tickers.json,MANQUANTE,NON_COUVERT,[],0
A8F.F,Strickland Metals Ltd.        R,2026-10-10T12:41:52.300454+00:00,https://www.sec.gov/files/company_tickers.json,MANQUANTE,NON_COUVERT,[],0
29U.F,Trufin PLC                    R,2026-10-10T12:41:52.300521+00:00,https://www.sec.gov/files/company_tickers.json,MANQUANTE,NON_COUVERT,[],0
2HA.F,Spero Therapeutics Inc.       R,2026-10-10T12:41:52.300587+00:00,https://www.sec.gov/files/company_tickers.json,MANQUANTE,NON_COUVERT,[],0
AWQ.F,ALNG ASA                      N,2026-10-10T12:41:52.300653+00:00,https://www.sec.gov/files/company_tickers.json,MANQUANTE,NON_COUVERT,[],0
TQB0.F,MindWalk Holdings Corp.       R,2026-10-10T12:41:52.300720+00:00,https://www.sec.gov/files/company_tickers.json,MANQUANTE,NON_COUVERT,[],0
2FW.F,Flowtech FluidPower PLC       R,2026-10-10T12:41:52.300787+00:00,https://www.sec.gov/files/company_tickers.json,MANQUANTE,NON_COUVERT,[],0
2FW.SG,Flowtech FluidPower PLC,2026-10-10T12:41:52.300853+00:00,https://www.sec.gov/files/company_tickers.json,MANQUANTE,NON_COUVERT,[],0
B5D1.F,Time Finance PLC              R,2026-10-10T12:41:52.300920+00:00,https://www.sec.gov/files/company_tickers.json,MANQUANTE,NON_COUVERT,[],0
LK1.F,LAKE RESOURCES N.L.           R,2026-10-10T12:41:52.301018+00:00,https://www.sec.gov/files/company_tickers.json,MANQUANTE,NON_COUVERT,[],0
Y0U.F,Vulcan Two Group PLC          R,2026-10-10T12:41:52.301092+00:00,https://www.sec.gov/files/company_tickers.json,MANQUANTE,NON_COUVERT,[],0
92M.F,CML MICROSYSTEMS PLC          R,2026-10-10T12:41:52.301159+00:00,https://www.sec.gov/files/company_tickers.json,MANQUANTE,NON_COUVERT,[],0
0VC.F,OMER - DECUGIS & CIE          A,2026-10-10T12:41:52.301231+00:00,https://www.sec.gov/files/company_tickers.json,MANQUANTE,NON_COUVERT,[],0
IE2A.F,Internet Thailand PCL         R,2026-10-10T12:41:52.301300+00:00,https://www.sec.gov/files/company_tickers.json,MANQUANTE,NON_COUVERT,[],0
NYA1.SG,Corero Network Security PLC,2026-10-10T12:41:52.301371+00:00,https://www.sec.gov/files/company_tickers.json,MANQUANTE,NON_COUVERT,[],0
LT50.F,Luotea PLC                    R,2026-10-10T12:41:52.301440+00:00,https://www.sec.gov/files/company_tickers.json,MANQUANTE,NON_COUVERT,[],0
2F60.F,Awale Resources Ltd.          R,2026-10-10T12:41:52.301509+00:00,https://www.sec.gov/files/company_tickers.json,MANQUANTE,NON_COUVERT,[],0
U1R1.F,Apollo Future Mobility Group  R,2026-10-10T12:41:52.301577+00:00,https://www.sec.gov/files/company_tickers.json,MANQUANTE,NON_COUVERT,[],0
P41.F,Blinklab Ltd.                 R,2026-10-10T12:41:52.301646+00:00,https://www.sec.gov/files/company_tickers.json,MANQUANTE,NON_COUVERT,[],0
0G93.F,Globus Maritime Ltd.          R,2026-10-10T12:41:52.301714+00:00,https://www.sec.gov/files/company_tickers.json,MANQUANTE,NON_COUVERT,[],0
GUJB.F,GDH Guangnan (Holdings) Ltd.  R,2026-10-10T12:41:52.301781+00:00,https://www.sec.gov/files/company_tickers.json,MANQUANTE,NON_COUVERT,[],0
HUV.F,HUNG HING PRINTING GRP LTD.   R,2026-10-10T12:41:52.301847+00:00,https://www.sec.gov/files/company_tickers.json,MANQUANTE,NON_COUVERT,[],0
X62.F,Optex Systems Holdings Inc.   R,2026-10-10T12:41:52.301914+00:00,https://www.sec.gov/files/company_tickers.json,MANQUANTE,NON_COUVERT,[],0
FVA.F,PCI-PAL PLC                   R,2026-10-10T12:41:52.302003+00:00,https://www.sec.gov/files/company_tickers.json,MANQUANTE,NON_COUVERT,[],0
CY9D.F,Microbot Medical Inc.         R,2026-10-10T12:41:52.302075+00:00,https://www.sec.gov/files/company_tickers.json,MANQUANTE,NON_COUVERT,[],0
7XE.F,Nightingale Health Oyj        R,2026-10-10T12:41:52.302142+00:00,https://www.sec.gov/files/company_tickers.json,MANQUANTE,NON_COUVERT,[],0
7KW.F,Daniel Thwaites PLC           R,2026-10-10T12:41:52.302209+00:00,https://www.sec.gov/files/company_tickers.json,MANQUANTE,NON_COUVERT,[],0
7L4.F,Elica S.p.A.                  A,2026-10-10T12:41:52.302286+00:00,https://www.sec.gov/files/company_tickers.json,MANQUANTE,NON_COUVERT,[],0
K6Z.F,Shine Justice Ltd.            R,2026-10-10T12:41:52.302356+00:00,https://www.sec.gov/files/company_tickers.json,MANQUANTE,NON_COUVERT,[],0
RZC.MU,Caica Digital Inc.            R,2026-10-10T12:41:52.302434+00:00,https://www.sec.gov/files/company_tickers.json,MANQUANTE,NON_COUVERT,[],0
CG4.F,The Character Group PLC       R,2026-10-10T12:41:52.302501+00:00,https://www.sec.gov/files/company_tickers.json,MANQUANTE,NON_COUVERT,[],0
1NE0.F,Verrica Pharmaceuticals Inc.  R,2026-10-10T12:41:52.302567+00:00,https://www.sec.gov/files/company_tickers.json,MANQUANTE,NON_COUVERT,[],0
UE1.F,UNIVERSAL ELECTRONICS INC.    R,2026-10-10T12:41:52.302635+00:00,https://www.sec.gov/files/company_tickers.json,MANQUANTE,NON_COUVERT,[],0
C480.F,Atlas Lithium Corp.           R,2026-10-10T12:41:52.302707+00:00,https://www.sec.gov/files/company_tickers.json,MANQUANTE,NON_COUVERT,[],0
7W5.F,Moulinvest                    A,2026-10-10T12:41:52.302776+00:00,https://www.sec.gov/files/company_tickers.json,MANQUANTE,NON_COUVERT,[],0
PJJ1.F,China Display Optoel.Tec.H.LtdR,2026-10-10T12:41:52.302843+00:00,https://www.sec.gov/files/company_tickers.json,MANQUANTE,NON_COUVERT,[],0
92M.SG,CML Microsystems PLC,2026-10-10T12:41:52.302909+00:00,https://www.sec.gov/files/company_tickers.json,MANQUANTE,NON_COUVERT,[],0
SFK.SG,SergeFerrari Group S.A.,2026-10-10T12:41:52.302998+00:00,https://www.sec.gov/files/company_tickers.json,MANQUANTE,NON_COUVERT,[],0
ISC1.F,Arcelormittal South Africa LtdR,2026-10-10T12:41:52.303072+00:00,https://www.sec.gov/files/company_tickers.json,MANQUANTE,NON_COUVERT,[],0
L2T1.F,Lifevantage Corp.             R,2026-10-10T12:41:52.303139+00:00,https://www.sec.gov/files/company_tickers.json,MANQUANTE,NON_COUVERT,[],0
6CE.SG,Groupe LDLC S.A.,2026-10-10T12:41:52.303206+00:00,https://www.sec.gov/files/company_tickers.json,MANQUANTE,NON_COUVERT,[],0
SFK.F,SergeFerrari Group S.A.       A,2026-10-10T12:41:52.303273+00:00,https://www.sec.gov/files/company_tickers.json,MANQUANTE,NON_COUVERT,[],0
UK3.F,Netstars Co. Ltd.             R,2026-10-10T12:41:52.303339+00:00,https://www.sec.gov/files/company_tickers.json,MANQUANTE,NON_COUVERT,[],0
2DI.F,Microlise Group PLC           R,2026-10-10T12:41:52.303407+00:00,https://www.sec.gov/files/company_tickers.json,MANQUANTE,NON_COUVERT,[],0
RGI0.F,Regis Corp. (Minn.)           R,2026-10-10T12:41:52.303473+00:00,https://www.sec.gov/files/company_tickers.json,MANQUANTE,NON_COUVERT,[],0
3DS.F,Dachan Food Asia Ltd.         R,2026-10-10T12:41:52.303540+00:00,https://www.sec.gov/files/company_tickers.json,MANQUANTE,NON_COUVERT,[],0
J9M.F,Virsi-A A/S                   B,2026-10-10T12:41:52.303608+00:00,https://www.sec.gov/files/company_tickers.json,MANQUANTE,NON_COUVERT,[],0
2P4.F,Bioporto A/S                  I,2026-10-10T12:41:52.303674+00:00,https://www.sec.gov/files/company_tickers.json,MANQUANTE,NON_COUVERT,[],0
XC1.F,Cable One Inc.                R,2026-10-10T12:41:52.303740+00:00,https://www.sec.gov/files/company_tickers.json,MANQUANTE,NON_COUVERT,[],0
RN5.F,Risanamento S.p.A.            A,2026-10-10T12:41:52.303806+00:00,https://www.sec.gov/files/company_tickers.json,MANQUANTE,NON_COUVERT,[],0
60Z.F,Banqup Group S.A.             A,2026-10-10T12:41:52.303873+00:00,https://www.sec.gov/files/company_tickers.json,MANQUANTE,NON_COUVERT,[],0
7SS.F,Brii Biosciences Ltd.         R,2026-10-10T12:41:52.303940+00:00,https://www.sec.gov/files/company_tickers.json,MANQUANTE,NON_COUVERT,[],0
TS6.F,TELESTE CORP.                 R,2026-10-10T12:41:52.304031+00:00,https://www.sec.gov/files/company_tickers.json,MANQUANTE,NON_COUVERT,[],0
0QZ.F,Alithya Group Inc.            R,2026-10-10T12:41:52.304106+00:00,https://www.sec.gov/files/company_tickers.json,MANQUANTE,NON_COUVERT,[],0
J4O.F,JINHUI SHIPPING AND TRANSP.LTDR,2026-10-10T12:41:52.304181+00:00,https://www.sec.gov/files/company_tickers.json,MANQUANTE,NON_COUVERT,[],0
RFM0.F,Sensorion S.A.                A,2026-10-10T12:41:52.304252+00:00,https://www.sec.gov/files/company_tickers.json,MANQUANTE,NON_COUVERT,[],0
ZMX1.F,WidePoint Corp.               R,2026-10-10T12:41:52.304319+00:00,https://www.sec.gov/files/company_tickers.json,MANQUANTE,NON_COUVERT,[],0
NS9B.F,NetSol Technologies Inc.      R,2026-10-10T12:41:52.304386+00:00,https://www.sec.gov/files/company_tickers.json,MANQUANTE,NON_COUVERT,[],0
8UK.F,New Zealand Rural Land CompanyR,2026-10-10T12:41:52.304453+00:00,https://www.sec.gov/files/company_tickers.json,MANQUANTE,NON_COUVERT,[],0
6RC.F,ReproCELL Inc.                R,2026-10-10T12:41:52.304520+00:00,https://www.sec.gov/files/company_tickers.json,MANQUANTE,NON_COUVERT,[],0
0FG.F,Advanced Flower Capital Inc.  R,2026-10-10T12:41:52.304586+00:00,https://www.sec.gov/files/company_tickers.json,MANQUANTE,NON_COUVERT,[],0
G7PA.F,Energy Transition Minerals LtdR,2026-10-10T12:41:52.304658+00:00,https://www.sec.gov/files/company_tickers.json,MANQUANTE,NON_COUVERT,[],0
B1O.F,Bango PLC                     R,2026-10-10T12:41:52.304726+00:00,https://www.sec.gov/files/company_tickers.json,MANQUANTE,NON_COUVERT,[],0
4VZ.F,American Tungsten+Antimony LtdR,2026-10-10T12:41:52.304794+00:00,https://www.sec.gov/files/company_tickers.json,MANQUANTE,NON_COUVERT,[],0
4NI.F,Pulmonx Corp.                 R,2026-10-10T12:41:52.304860+00:00,https://www.sec.gov/files/company_tickers.json,MANQUANTE,NON_COUVERT,[],0
AGE.F,AGFA-GEVAERT N.V.             A,2026-10-10T12:41:52.304927+00:00,https://www.sec.gov/files/company_tickers.json,MANQUANTE,NON_COUVERT,[],0
5NX.F,Nexstim Oyj                   R,2026-10-10T12:41:52.305018+00:00,https://www.sec.gov/files/company_tickers.json,MANQUANTE,NON_COUVERT,[],0
BJG.F,Beijing Enterprises Env.Gr.LtdR,2026-10-10T12:41:52.305090+00:00,https://www.sec.gov/files/company_tickers.json,MANQUANTE,NON_COUVERT,[],0
609.F,ABIONYX Pharma S.A.           A,2026-10-10T12:41:52.305157+00:00,https://www.sec.gov/files/company_tickers.json,MANQUANTE,NON_COUVERT,[],0
71W.F,Valtecne S.p.A.               A,2026-10-10T12:41:52.305223+00:00,https://www.sec.gov/files/company_tickers.json,MANQUANTE,NON_COUVERT,[],0
WAB0.F,Articore Group Ltd.           R,2026-10-10T12:41:52.305289+00:00,https://www.sec.gov/files/company_tickers.json,MANQUANTE,NON_COUVERT,[],0
M26.F,SPARQ Systems Inc.            R,2026-10-10T12:41:52.305356+00:00,https://www.sec.gov/files/company_tickers.json,MANQUANTE,NON_COUVERT,[],0
HIH.SG,High Co.,2026-10-10T12:41:52.305429+00:00,https://www.sec.gov/files/company_tickers.json,MANQUANTE,NON_COUVERT,[],0
4YYA.F,Kaldvik AS                    N,2026-10-10T12:41:52.305499+00:00,https://www.sec.gov/files/company_tickers.json,MANQUANTE,NON_COUVERT,[],0
DX4.F,Harboes Bryggeri AS           N,2026-10-10T12:41:52.305568+00:00,https://www.sec.gov/files/company_tickers.json,MANQUANTE,NON_COUVERT,[],0
609.SG,Cerenis Therapeutics Holdings S,2026-10-10T12:41:52.305636+00:00,https://www.sec.gov/files/company_tickers.json,MANQUANTE,NON_COUVERT,[],0
RFM0.SG,Sensorion S.A.,2026-10-10T12:41:52.305704+00:00,https://www.sec.gov/files/company_tickers.json,MANQUANTE,NON_COUVERT,[],0
YKK.F,Boreo Oyj                     R,2026-10-10T12:41:52.305772+00:00,https://www.sec.gov/files/company_tickers.json,MANQUANTE,NON_COUVERT,[],0
HCY.F,Holland Colours N.V.          A,2026-10-10T12:41:52.305841+00:00,https://www.sec.gov/files/company_tickers.json,MANQUANTE,NON_COUVERT,[],0
PSX.F,Daphne International Hldgs LtdR,2026-10-10T12:41:52.305911+00:00,https://www.sec.gov/files/company_tickers.json,MANQUANTE,NON_COUVERT,[],0
T4M.F,Edil San Felice S.p.A. Soc.BenA,2026-10-10T12:41:52.306002+00:00,https://www.sec.gov/files/company_tickers.json,MANQUANTE,NON_COUVERT,[],0
UE22.F,Big Sky Industrial Inc.       R,2026-10-10T12:41:52.306079+00:00,https://www.sec.gov/files/company_tickers.json,MANQUANTE,NON_COUVERT,[],0
SG9.F,Strix Group PLC               R,2026-10-10T12:41:52.306149+00:00,https://www.sec.gov/files/company_tickers.json,MANQUANTE,NON_COUVERT,[],0
J9B.SG,Benakat Petroleum Energy Tbk,2026-10-10T12:41:52.306220+00:00,https://www.sec.gov/files/company_tickers.json,MANQUANTE,NON_COUVERT,[],0
7YR.F,Kaiser Reef Ltd.              R,2026-10-10T12:41:52.306289+00:00,https://www.sec.gov/files/company_tickers.json,MANQUANTE,NON_COUVERT,[],0
FOU1.F,FOUNDER HOLDINGS LTD.         R,2026-10-10T12:41:52.306357+00:00,https://www.sec.gov/files/company_tickers.json,MANQUANTE,NON_COUVERT,[],0
7EJ.F,Western Bulk Chartering AS    N,2026-10-10T12:41:52.306424+00:00,https://www.sec.gov/files/company_tickers.json,MANQUANTE,NON_COUVERT,[],0
4YL.F,Nanoform Finland Oyj          R,2026-10-10T12:41:52.306497+00:00,https://www.sec.gov/files/company_tickers.json,MANQUANTE,NON_COUVERT,[],0
O7U.F,Stakk Ltd.                    R,2026-10-10T12:41:52.306566+00:00,https://www.sec.gov/files/company_tickers.json,MANQUANTE,NON_COUVERT,[],0
S83.F,LBG Media PLC                 R,2026-10-10T12:41:52.306636+00:00,https://www.sec.gov/files/company_tickers.json,MANQUANTE,NON_COUVERT,[],0
V7A0.F,SkinHealth Systems Inc.       R,2026-10-10T12:41:52.306704+00:00,https://www.sec.gov/files/company_tickers.json,MANQUANTE,NON_COUVERT,[],0
WTT0.F,Elevate Uranium Ltd.          R,2026-10-10T12:41:52.306778+00:00,https://www.sec.gov/files/company_tickers.json,MANQUANTE,NON_COUVERT,[],0
NYA1.F,Corero Network Security PLC   R,2026-10-10T12:41:52.306849+00:00,https://www.sec.gov/files/company_tickers.json,MANQUANTE,NON_COUVERT,[],0
G5O.F,Gascogne S.A.                 A,2026-10-10T12:41:52.306923+00:00,https://www.sec.gov/files/company_tickers.json,MANQUANTE,NON_COUVERT,[],0
77P.F,WE Connect                    A,2026-10-10T12:41:52.307016+00:00,https://www.sec.gov/files/company_tickers.json,MANQUANTE,NON_COUVERT,[],0
TSS.F,INNOTEC TSS AG                I,2026-10-10T12:41:52.307088+00:00,https://www.sec.gov/files/company_tickers.json,MANQUANTE,NON_COUVERT,[],0
DCV.F,ADVANEX INC.                  R,2026-10-10T12:41:52.307157+00:00,https://www.sec.gov/files/company_tickers.json,MANQUANTE,NON_COUVERT,[],0
YAJ1.F,Pilbara Gold Ltd.             R,2026-10-10T12:41:52.307236+00:00,https://www.sec.gov/files/company_tickers.json,MANQUANTE,NON_COUVERT,[],0
MB01.F,Scully Royalty Ltd.           R,2026-10-10T12:41:52.307305+00:00,https://www.sec.gov/files/company_tickers.json,MANQUANTE,NON_COUVERT,[],0
VEK.F,Veritone Inc                  R,2026-10-10T12:41:52.307373+00:00,https://www.sec.gov/files/company_tickers.json,MANQUANTE,NON_COUVERT,[],0
6MR1.F,Kuya Silver Corp.             R,2026-10-10T12:41:52.307439+00:00,https://www.sec.gov/files/company_tickers.json,MANQUANTE,NON_COUVERT,[],0
0CG.F,Chegg Inc.                    R,2026-10-10T12:41:52.307506+00:00,https://www.sec.gov/files/company_tickers.json,MANQUANTE,NON_COUVERT,[],0
1BN.F,Abitare In S.p.A.             A,2026-10-10T12:41:52.307574+00:00,https://www.sec.gov/files/company_tickers.json,MANQUANTE,NON_COUVERT,[],0
7ZL.F,Invesque Inc.                 R,2026-10-10T12:41:52.307641+00:00,https://www.sec.gov/files/company_tickers.json,MANQUANTE,NON_COUVERT,[],0
H8A.F,Haivision Systems Inc.        R,2026-10-10T12:41:52.307708+00:00,https://www.sec.gov/files/company_tickers.json,MANQUANTE,NON_COUVERT,[],0
0C9.F,Cheetah Mobile Inc.           R,2026-10-10T12:41:52.307775+00:00,https://www.sec.gov/files/company_tickers.json,MANQUANTE,NON_COUVERT,[],0
RVS1.F,Dawson Geophysical Co.        R,2026-10-10T12:41:52.307841+00:00,https://www.sec.gov/files/company_tickers.json,MANQUANTE,NON_COUVERT,[],0
89K0.F,Otovo ASA                     N,2026-10-10T12:41:52.307908+00:00,https://www.sec.gov/files/company_tickers.json,MANQUANTE,NON_COUVERT,[],0
HAEK.HM,M1 Aesthetics AG              I,2026-10-10T12:41:52.307997+00:00,https://www.sec.gov/files/company_tickers.json,MANQUANTE,NON_COUVERT,[],0
FOV.F,FOUNTAIN SET (HOLDINGS) LTD.  R,2026-10-10T12:41:52.308072+00:00,https://www.sec.gov/files/company_tickers.json,MANQUANTE,NON_COUVERT,[],0
D2L.F,Vitura S.A.                   A,2026-10-10T12:41:52.308140+00:00,https://www.sec.gov/files/company_tickers.json,MANQUANTE,NON_COUVERT,[],0
9WV.F,Nutriband Inc.                R,2026-10-10T12:41:52.308215+00:00,https://www.sec.gov/files/company_tickers.json,MANQUANTE,NON_COUVERT,[],0
JI5.F,Jubilee Metals Group PLC      R,2026-10-10T12:41:52.308288+00:00,https://www.sec.gov/files/company_tickers.json,MANQUANTE,NON_COUVERT,[],0
QJ1.F,LapWall Oyj                   R,2026-10-10T12:41:52.308357+00:00,https://www.sec.gov/files/company_tickers.json,MANQUANTE,NON_COUVERT,[],0
U92.F,Fenbi Ltd.                    R,2026-10-10T12:41:52.308426+00:00,https://www.sec.gov/files/company_tickers.json,MANQUANTE,NON_COUVERT,[],0
7D0.F,Lotus Resources Ltd.          R,2026-10-10T12:41:52.308495+00:00,https://www.sec.gov/files/company_tickers.json,MANQUANTE,NON_COUVERT,[],0
CX40.F,Reitmans (Canada) Ltd.        R,2026-10-10T12:41:52.308561+00:00,https://www.sec.gov/files/company_tickers.json,MANQUANTE,NON_COUVERT,[],0
SST.F,Heeton Holdings Ltd.          R,2026-10-10T12:41:52.308630+00:00,https://www.sec.gov/files/company_tickers.json,MANQUANTE,NON_COUVERT,[],0
SST.SG,Heeton Holdings Ltd.,2026-10-10T12:41:52.308779+00:00,https://www.sec.gov/files/company_tickers.json,MANQUANTE,NON_COUVERT,[],0
BQ3.F,Big River Industries Ltd.     R,2026-10-10T12:41:52.308863+00:00,https://www.sec.gov/files/company_tickers.json,MANQUANTE,NON_COUVERT,[],0
MS4A.F,Mastech Digital Inc.          R,2026-10-10T12:41:52.308933+00:00,https://www.sec.gov/files/company_tickers.json,MANQUANTE,NON_COUVERT,[],0
HSUB.F,Hi Sun Technology (China) Ltd.R,2026-10-10T12:41:52.309030+00:00,https://www.sec.gov/files/company_tickers.json,MANQUANTE,NON_COUVERT,[],0
1TH0.F,Parkit Enterprise Inc.        R,2026-10-10T12:41:52.309113+00:00,https://www.sec.gov/files/company_tickers.json,MANQUANTE,NON_COUVERT,[],0
7EK.F,S.T. DUPONT S.A.              A,2026-10-10T12:41:52.309189+00:00,https://www.sec.gov/files/company_tickers.json,MANQUANTE,NON_COUVERT,[],0
FM2.F,Neodecortech S.p.A.           A,2026-10-10T12:41:52.309280+00:00,https://www.sec.gov/files/company_tickers.json,MANQUANTE,NON_COUVERT,[],0
FMK.F,EcoGraf Ltd.                  R,2026-10-10T12:41:52.309349+00:00,https://www.sec.gov/files/company_tickers.json,MANQUANTE,NON_COUVERT,[],0
45I.F,First Northwest Bancorp       R,2026-10-10T12:41:52.309416+00:00,https://www.sec.gov/files/company_tickers.json,MANQUANTE,NON_COUVERT,[],0
W1T.F,Western Energy Services Corp. R,2026-10-10T12:41:52.309484+00:00,https://www.sec.gov/files/company_tickers.json,MANQUANTE,NON_COUVERT,[],0
1S0.F,Suominen Corp.                R,2026-10-10T12:41:52.309551+00:00,https://www.sec.gov/files/company_tickers.json,MANQUANTE,NON_COUVERT,[],0
2T1.F,Tecogen Inc. (New)            R,2026-10-10T12:41:52.309618+00:00,https://www.sec.gov/files/company_tickers.json,MANQUANTE,NON_COUVERT,[],0
CKW.F,Chu Kong Ship.Ent.(Grp)Co.Ltd.R,2026-10-10T12:41:52.309684+00:00,https://www.sec.gov/files/company_tickers.json,MANQUANTE,NON_COUVERT,[],0
CAJ1.F,"Casino,Guichard-Perrachon S.A.A",2026-10-10T12:41:52.309756+00:00,https://www.sec.gov/files/company_tickers.json,MANQUANTE,NON_COUVERT,[],0
7BL.F,Blue Lagoon Resources Inc.    R,2026-10-10T12:41:52.309824+00:00,https://www.sec.gov/files/company_tickers.json,MANQUANTE,NON_COUVERT,[],0
UNE.F,First US Bancshares Inc.      R,2026-10-10T12:41:52.309893+00:00,https://www.sec.gov/files/company_tickers.json,MANQUANTE,NON_COUVERT,[],0
ON0.F,DelfinGroup SIA               R,2026-10-10T12:41:52.309981+00:00,https://www.sec.gov/files/company_tickers.json,MANQUANTE,NON_COUVERT,[],0
014.F,Rand Mining Ltd.              R,2026-10-10T12:41:52.310058+00:00,https://www.sec.gov/files/company_tickers.json,MANQUANTE,NON_COUVERT,[],0
014.SG,Rand Mining Ltd.,2026-10-10T12:41:52.310127+00:00,https://www.sec.gov/files/company_tickers.json,MANQUANTE,NON_COUVERT,[],0
LB8.F,Mitchell Services Ltd.        R,2026-10-10T12:41:52.310194+00:00,https://www.sec.gov/files/company_tickers.json,MANQUANTE,NON_COUVERT,[],0
BUU.F,Devex Resources Ltd.          R,2026-10-10T12:41:52.310260+00:00,https://www.sec.gov/files/company_tickers.json,MANQUANTE,NON_COUVERT,[],0
99C.F,Casta Diva Group S.p.A.       A,2026-10-10T12:41:52.310334+00:00,https://www.sec.gov/files/company_tickers.json,MANQUANTE,NON_COUVERT,[],0
GLH.F,GOLDLION HOLDINGS LTD.        R,2026-10-10T12:41:52.310410+00:00,https://www.sec.gov/files/company_tickers.json,MANQUANTE,NON_COUVERT,[],0
LWA.F,Eco Animal Health Group PLC   R,2026-10-10T12:41:52.310480+00:00,https://www.sec.gov/files/company_tickers.json,MANQUANTE,NON_COUVERT,[],0
RHGN.F,CN Agri-Products Exchange Ltd.R,2026-10-10T12:41:52.310546+00:00,https://www.sec.gov/files/company_tickers.json,MANQUANTE,NON_COUVERT,[],0
940.F,EuroAPI SAS                   A,2026-10-10T12:41:52.310614+00:00,https://www.sec.gov/files/company_tickers.json,MANQUANTE,NON_COUVERT,[],0
H57.F,Asuntosalkku Oyj              R,2026-10-10T12:41:52.310680+00:00,https://www.sec.gov/files/company_tickers.json,MANQUANTE,NON_COUVERT,[],0
NO30.F,Noodles & Co.                 R,2026-10-10T12:41:52.310747+00:00,https://www.sec.gov/files/company_tickers.json,MANQUANTE,NON_COUVERT,[],0
SO0.F,Being Holdings Co. Ltd        R,2026-10-10T12:41:52.310813+00:00,https://www.sec.gov/files/company_tickers.json,MANQUANTE,NON_COUVERT,[],0
14B0.F,Huddly AS                     N,2026-10-10T12:41:52.310880+00:00,https://www.sec.gov/files/company_tickers.json,MANQUANTE,NON_COUVERT,[],0
2620.F,Juno International Corp.      R,2026-10-10T12:41:52.310947+00:00,https://www.sec.gov/files/company_tickers.json,MANQUANTE,NON_COUVERT,[],0
EMD.F,ENM Holdings Ltd.             R,2026-10-10T12:41:52.311040+00:00,https://www.sec.gov/files/company_tickers.json,MANQUANTE,NON_COUVERT,[],0
JX0.SG,Bien Sparebank ASA,2026-10-10T12:41:52.311114+00:00,https://www.sec.gov/files/company_tickers.json,MANQUANTE,NON_COUVERT,[],0
F7Y.F,Gaush Meditech Ltd.           R,2026-10-10T12:41:52.311184+00:00,https://www.sec.gov/files/company_tickers.json,MANQUANTE,NON_COUVERT,[],0
KJ7A.F,BCP Investment Corp.          R,2026-10-10T12:41:52.311250+00:00,https://www.sec.gov/files/company_tickers.json,MANQUANTE,NON_COUVERT,[],0
YOE.MU,Pieno Zvaigzdes AB            R,2026-10-10T12:41:52.311315+00:00,https://www.sec.gov/files/company_tickers.json,MANQUANTE,NON_COUVERT,[],0
T810.F,ZG Group                      R,2026-10-10T12:41:52.311388+00:00,https://www.sec.gov/files/company_tickers.json,MANQUANTE,NON_COUVERT,[],0
VOP.F,Investigator Silver Ltd.      R,2026-10-10T12:41:52.311456+00:00,https://www.sec.gov/files/company_tickers.json,MANQUANTE,NON_COUVERT,[],0
1L0.F,Audioeye Inc.                 R,2026-10-10T12:41:52.311523+00:00,https://www.sec.gov/files/company_tickers.json,MANQUANTE,NON_COUVERT,[],0
6FZ0.SG,Havila Kystruten AS,2026-10-10T12:41:52.311590+00:00,https://www.sec.gov/files/company_tickers.json,MANQUANTE,NON_COUVERT,[],0
L5B.F,Torque Metals Limited         R,2026-10-10T12:41:52.311657+00:00,https://www.sec.gov/files/company_tickers.json,MANQUANTE,NON_COUVERT,[],0
19YA.F,Yiren Digital Ltd.            R,2026-10-10T12:41:52.311724+00:00,https://www.sec.gov/files/company_tickers.json,MANQUANTE,NON_COUVERT,[],0
GAD.F,GAM Holding AG                N,2026-10-10T12:41:52.311791+00:00,https://www.sec.gov/files/company_tickers.json,MANQUANTE,NON_COUVERT,[],0
Z8J.SG,ICAPE HOLDING,2026-10-10T12:41:52.311858+00:00,https://www.sec.gov/files/company_tickers.json,MANQUANTE,NON_COUVERT,[],0
1CA0.F,Componenta Corp.              R,2026-10-10T12:41:52.311930+00:00,https://www.sec.gov/files/company_tickers.json,MANQUANTE,NON_COUVERT,[],0
0PI.F,Pioneer Credit Ltd.           R,2026-10-10T12:41:52.312024+00:00,https://www.sec.gov/files/company_tickers.json,MANQUANTE,NON_COUVERT,[],0
VP4.F,Vistin Pharma ASA             N,2026-10-10T12:41:52.312094+00:00,https://www.sec.gov/files/company_tickers.json,MANQUANTE,NON_COUVERT,[],0
TD8.SG,Triad Group PLC,2026-10-10T12:41:52.312162+00:00,https://www.sec.gov/files/company_tickers.json,MANQUANTE,NON_COUVERT,[],0
SEF0.F,Byrna Technologies Inc.       R,2026-10-10T12:41:52.312228+00:00,https://www.sec.gov/files/company_tickers.json,MANQUANTE,NON_COUVERT,[],0
9VP.SG,Vranken Pommery Monopole SA,2026-10-10T12:41:52.312295+00:00,https://www.sec.gov/files/company_tickers.json,MANQUANTE,NON_COUVERT,[],0
PW5.F,Powerlong Real Est.Hldgs Ltd. R,2026-10-10T12:41:52.312361+00:00,https://www.sec.gov/files/company_tickers.json,MANQUANTE,NON_COUVERT,[],0
RAP.F,RAPALA VMC OYJ                R,2026-10-10T12:41:52.312429+00:00,https://www.sec.gov/files/company_tickers.json,MANQUANTE,NON_COUVERT,[],0
Z8J.F,ICAPE HOLDING                 A,2026-10-10T12:41:52.312501+00:00,https://www.sec.gov/files/company_tickers.json,MANQUANTE,NON_COUVERT,[],0
STC.F,Caravel Minerals Ltd.         R,2026-10-10T12:41:52.312569+00:00,https://www.sec.gov/files/company_tickers.json,MANQUANTE,NON_COUVERT,[],0
G1MN.F,Globex Mining Enterprises Inc.R,2026-10-10T12:41:52.312636+00:00,https://www.sec.gov/files/company_tickers.json,MANQUANTE,NON_COUVERT,[],0
CKS2.F,GOME Retail Holdings Ltd.     R,2026-10-10T12:41:52.312703+00:00,https://www.sec.gov/files/company_tickers.json,MANQUANTE,NON_COUVERT,[],0
CKS2.SG,GOME Retail Holdings Ltd.,2026-10-10T12:41:52.312769+00:00,https://www.sec.gov/files/company_tickers.json,MANQUANTE,NON_COUVERT,[],0
3WX.F,MediaCo Holding Inc.          R,2026-10-10T12:41:52.312836+00:00,https://www.sec.gov/files/company_tickers.json,MANQUANTE,NON_COUVERT,[],0
HCE.F,HusCompagniet A/S             N,2026-10-10T12:41:52.312902+00:00,https://www.sec.gov/files/company_tickers.json,MANQUANTE,NON_COUVERT,[],0
TF8.F,Marygold Companies Inc.       R,2026-10-10T12:41:52.312989+00:00,https://www.sec.gov/files/company_tickers.json,MANQUANTE,NON_COUVERT,[],0
MTB0.F,CareCloud Inc.                R,2026-10-10T12:41:52.313064+00:00,https://www.sec.gov/files/company_tickers.json,MANQUANTE,NON_COUVERT,[],0
IJM.SG,Athos Immobilien AG,2026-10-10T12:41:52.313132+00:00,https://www.sec.gov/files/company_tickers.json,MANQUANTE,NON_COUVERT,[],0
S1Q.F,Qingda Oriental Group Co. Ltd.R,2026-10-10T12:41:52.313199+00:00,https://www.sec.gov/files/company_tickers.json,MANQUANTE,NON_COUVERT,[],0
W1M.F,SINGAPORE SHIPPING CORP. LTD. R,2026-10-10T12:41:52.313266+00:00,https://www.sec.gov/files/company_tickers.json,MANQUANTE,NON_COUVERT,[],0
XE7C.F,Cardiff Oncology Inc.         R,2026-10-10T12:41:52.313339+00:00,https://www.sec.gov/files/company_tickers.json,MANQUANTE,NON_COUVERT,[],0
5HN.F,SPEEDY HIRE PLC               R,2026-10-10T12:41:52.313409+00:00,https://www.sec.gov/files/company_tickers.json,MANQUANTE,NON_COUVERT,[],0
3GX.F,HF Foods Group Inc.           R,2026-10-10T12:41:52.313474+00:00,https://www.sec.gov/files/company_tickers.json,MANQUANTE,NON_COUVERT,[],0
EQ4.F,F-TECH INC.                   R,2026-10-10T12:41:52.313541+00:00,https://www.sec.gov/files/company_tickers.json,MANQUANTE,NON_COUVERT,[],0
Y7I.F,Haugesund Sparebank           N,2026-10-10T12:41:52.313608+00:00,https://www.sec.gov/files/company_tickers.json,MANQUANTE,NON_COUVERT,[],0
X5X.F,Techno Horizon Co. Ltd.       R,2026-10-10T12:41:52.313675+00:00,https://www.sec.gov/files/company_tickers.json,MANQUANTE,NON_COUVERT,[],0
7GD.F,Geodrill Ltd.                 R,2026-10-10T12:41:52.313741+00:00,https://www.sec.gov/files/company_tickers.json,MANQUANTE,NON_COUVERT,[],0
F7K.F,Maronan Metals Ltd.           R,2026-10-10T12:41:52.313813+00:00,https://www.sec.gov/files/company_tickers.json,MANQUANTE,NON_COUVERT,[],0
3IYA.F,Crypto Flow Technology Ltd.   R,2026-10-10T12:41:52.313882+00:00,https://www.sec.gov/files/company_tickers.json,MANQUANTE,NON_COUVERT,[],0
43Y.F,Shepherd Neame Ltd.           R,2026-10-10T12:41:52.313950+00:00,https://www.sec.gov/files/company_tickers.json,MANQUANTE,NON_COUVERT,[],0
0DY.F,"FLANIGANS ENTER. DL-,1",2026-10-10T12:41:52.314061+00:00,https://www.sec.gov/files/company_tickers.json,MANQUANTE,NON_COUVERT,[],0
2T8.F,Townsquare Media Inc.         R,2026-10-10T12:41:52.314132+00:00,https://www.sec.gov/files/company_tickers.json,MANQUANTE,NON_COUVERT,[],0
04T.F,Tian Ge Interactive Hldgs Ltd.R,2026-10-10T12:41:52.314200+00:00,https://www.sec.gov/files/company_tickers.json,MANQUANTE,NON_COUVERT,[],0
51L.F,LGL Group Inc.                R,2026-10-10T12:41:52.314268+00:00,https://www.sec.gov/files/company_tickers.json,MANQUANTE,NON_COUVERT,[],0
QE1.F,Questerre Energy Corp.        R,2026-10-10T12:41:52.314338+00:00,https://www.sec.gov/files/company_tickers.json,MANQUANTE,NON_COUVERT,[],0
6JC.F,James Cropper PLC             R,2026-10-10T12:41:52.314405+00:00,https://www.sec.gov/files/company_tickers.json,MANQUANTE,NON_COUVERT,[],0
Q29.F,PhenixFIN Corp.               R,2026-10-10T12:41:52.314472+00:00,https://www.sec.gov/files/company_tickers.json,MANQUANTE,NON_COUVERT,[],0
ZE6.F,PesoRama Inc.                 R,2026-10-10T12:41:52.314538+00:00,https://www.sec.gov/files/company_tickers.json,MANQUANTE,NON_COUVERT,[],0
4G8.F,GUERBET S.A.                  A,2026-10-10T12:41:52.314604+00:00,https://www.sec.gov/files/company_tickers.json,MANQUANTE,NON_COUVERT,[],0
O29.F,PLC S.p.A.                    A,2026-10-10T12:41:52.314671+00:00,https://www.sec.gov/files/company_tickers.json,MANQUANTE,NON_COUVERT,[],0
E5T.F,Eurotech S.p.A.               A,2026-10-10T12:41:52.314738+00:00,https://www.sec.gov/files/company_tickers.json,MANQUANTE,NON_COUVERT,[],0
NF00.F,New Fortress Energy Inc.      R,2026-10-10T12:41:52.314804+00:00,https://www.sec.gov/files/company_tickers.json,MANQUANTE,NON_COUVERT,[],0
L1PA.F,Lee s Pharmaceutical Hldgs LtdR,2026-10-10T12:41:52.314871+00:00,https://www.sec.gov/files/company_tickers.json,MANQUANTE,NON_COUVERT,[],0
TJI.F,Dynasty Digital Holdings Ltd. R,2026-10-10T12:41:52.314937+00:00,https://www.sec.gov/files/company_tickers.json,MANQUANTE,NON_COUVERT,[],0
CQH3.F,Cheuk Nang Holdings Ltd.      R,2026-10-10T12:41:52.315028+00:00,https://www.sec.gov/files/company_tickers.json,MANQUANTE,NON_COUVERT,[],0
X0T.F,DEL MONTE PACIFIC LTD.        R,2026-10-10T12:41:52.315100+00:00,https://www.sec.gov/files/company_tickers.json,MANQUANTE,NON_COUVERT,[],0
4QU.F,Orthex Oyj                    R,2026-10-10T12:41:52.315167+00:00,https://www.sec.gov/files/company_tickers.json,MANQUANTE,NON_COUVERT,[],0
T57.F,Trace group Hold AD - Sofia   R,2026-10-10T12:41:52.315238+00:00,https://www.sec.gov/files/company_tickers.json,MANQUANTE,NON_COUVERT,[],0
929.F,Topps Tiles PLC               R,2026-10-10T12:41:52.315307+00:00,https://www.sec.gov/files/company_tickers.json,MANQUANTE,NON_COUVERT,[],0
HA5.F,China Harmony Auto Holding LtdR,2026-10-10T12:41:52.315373+00:00,https://www.sec.gov/files/company_tickers.json,MANQUANTE,NON_COUVERT,[],0
6WU.F,Sourcenext Corp.              R,2026-10-10T12:41:52.315439+00:00,https://www.sec.gov/files/company_tickers.json,MANQUANTE,NON_COUVERT,[],0
OFZ.F,OFX Group Ltd.                R,2026-10-10T12:41:52.315510+00:00,https://www.sec.gov/files/company_tickers.json,MANQUANTE,NON_COUVERT,[],0
SAT.F,Saga Pure ASA                 N,2026-10-10T12:41:52.315578+00:00,https://www.sec.gov/files/company_tickers.json,MANQUANTE,NON_COUVERT,[],0
R8C.F,Raccoon Holdings Inc.         R,2026-10-10T12:41:52.315645+00:00,https://www.sec.gov/files/company_tickers.json,MANQUANTE,NON_COUVERT,[],0
33Z.F,Zeder Investments Ltd.        R,2026-10-10T12:41:52.315711+00:00,https://www.sec.gov/files/company_tickers.json,MANQUANTE,NON_COUVERT,[],0
XE1.F,AXON PARTNERS GROUP S.A.      A,2026-10-10T12:41:52.315777+00:00,https://www.sec.gov/files/company_tickers.json,MANQUANTE,NON_COUVERT,[],0
74D.F,HLS Therapeutics Inc.         R,2026-10-10T12:41:52.315848+00:00,https://www.sec.gov/files/company_tickers.json,MANQUANTE,NON_COUVERT,[],0
OXQ1.F,Arq Inc.                      R,2026-10-10T12:41:52.315915+00:00,https://www.sec.gov/files/company_tickers.json,MANQUANTE,NON_COUVERT,[],0
51M.F,Lacroix Group S.A.            A,2026-10-10T12:41:52.316009+00:00,https://www.sec.gov/files/company_tickers.json,MANQUANTE,NON_COUVERT,[],0
S4O0.F,Source Energy Services Ltd.   R,2026-10-10T12:41:52.316083+00:00,https://www.sec.gov/files/company_tickers.json,MANQUANTE,NON_COUVERT,[],0
5S0A.F,Thinkific Labs Inc.           R,2026-10-10T12:41:52.316150+00:00,https://www.sec.gov/files/company_tickers.json,MANQUANTE,NON_COUVERT,[],0
MK60.F,Here Group Ltd.               R,2026-10-10T12:41:52.316216+00:00,https://www.sec.gov/files/company_tickers.json,MANQUANTE,NON_COUVERT,[],0
MPO.F,Michelmersh Brick Holdings PLCR,2026-10-10T12:41:52.316287+00:00,https://www.sec.gov/files/company_tickers.json,MANQUANTE,NON_COUVERT,[],0
4WK.F,Wenzhou Kangning Hospital Ltd.R,2026-10-10T12:41:52.316355+00:00,https://www.sec.gov/files/company_tickers.json,MANQUANTE,NON_COUVERT,[],0
TGX.F,Talga Group Ltd.              R,2026-10-10T12:41:52.316421+00:00,https://www.sec.gov/files/company_tickers.json,MANQUANTE,NON_COUVERT,[],0
AGRA.F,AGROB Immobilien AG           I,2026-10-10T12:41:52.316487+00:00,https://www.sec.gov/files/company_tickers.json,MANQUANTE,NON_COUVERT,[],0
A4P.F,Alpine Select AG              N,2026-10-10T12:41:52.316558+00:00,https://www.sec.gov/files/company_tickers.json,MANQUANTE,NON_COUVERT,[],0
1FT.F,Sitowise Group OYJ            R,2026-10-10T12:41:52.316626+00:00,https://www.sec.gov/files/company_tickers.json,MANQUANTE,NON_COUVERT,[],0
Q0Z.F,Empery Digital Inc.           R,2026-10-10T12:41:52.316693+00:00,https://www.sec.gov/files/company_tickers.json,MANQUANTE,NON_COUVERT,[],0
GRR.F,Grange Resources Ltd.         R,2026-10-10T12:41:52.316759+00:00,https://www.sec.gov/files/company_tickers.json,MANQUANTE,NON_COUVERT,[],0
8BCN.SG,BCPG Public Company Ltd. (NVDRs,2026-10-10T12:41:52.316824+00:00,https://www.sec.gov/files/company_tickers.json,MANQUANTE,NON_COUVERT,[],0
O6Q0.F,Dellia Group ASA              N,2026-10-10T12:41:52.316890+00:00,https://www.sec.gov/files/company_tickers.json,MANQUANTE,NON_COUVERT,[],0
S1P.F,S.D. Standard ETC PLC         N,2026-10-10T12:41:52.316975+00:00,https://www.sec.gov/files/company_tickers.json,MANQUANTE,NON_COUVERT,[],0
IUL.F,IMMUCELL CORP.                R,2026-10-10T12:41:52.317051+00:00,https://www.sec.gov/files/company_tickers.json,MANQUANTE,NON_COUVERT,[],0
7TQ0.F,Upexi Inc.                    R,2026-10-10T12:41:52.317119+00:00,https://www.sec.gov/files/company_tickers.json,MANQUANTE,NON_COUVERT,[],0
74C.F,CROSSJECT S.A.                A,2026-10-10T12:41:52.317187+00:00,https://www.sec.gov/files/company_tickers.json,MANQUANTE,NON_COUVERT,[],0
KBP0.F,JX Luxventure Group Inc.      R,2026-10-10T12:41:52.317254+00:00,https://www.sec.gov/files/company_tickers.json,MANQUANTE,NON_COUVERT,[],0
R0C.F,Freetrailer Group A/S         N,2026-10-10T12:41:52.317321+00:00,https://www.sec.gov/files/company_tickers.json,MANQUANTE,NON_COUVERT,[],0
QO80.F,FitLife Brands Inc.           R,2026-10-10T12:41:52.317387+00:00,https://www.sec.gov/files/company_tickers.json,MANQUANTE,NON_COUVERT,[],0
HBS.F,Delfingen                     A,2026-10-10T12:41:52.317453+00:00,https://www.sec.gov/files/company_tickers.json,MANQUANTE,NON_COUVERT,[],0
9LG0.F,Norse Atlantic ASA            N,2026-10-10T12:41:52.317518+00:00,https://www.sec.gov/files/company_tickers.json,MANQUANTE,NON_COUVERT,[],0
PNF.F,PININFARINA S.P.A.            A,2026-10-10T12:41:52.317584+00:00,https://www.sec.gov/files/company_tickers.json,MANQUANTE,NON_COUVERT,[],0
276.F,Sif Holding N.V.              R,2026-10-10T12:41:52.317650+00:00,https://www.sec.gov/files/company_tickers.json,MANQUANTE,NON_COUVERT,[],0
4AS.F,Atlantic Sapphire ASA         N,2026-10-10T12:41:52.317715+00:00,https://www.sec.gov/files/company_tickers.json,MANQUANTE,NON_COUVERT,[],0
7DK.F,China Ind.Sec.Int.Fin.Grp.Ltd.R,2026-10-10T12:41:52.317782+00:00,https://www.sec.gov/files/company_tickers.json,MANQUANTE,NON_COUVERT,[],0
0PL.F,Xtract One Technologies Inc.  R,2026-10-10T12:41:52.317849+00:00,https://www.sec.gov/files/company_tickers.json,MANQUANTE,NON_COUVERT,[],0
UQ6.SG,Voss Veksel-OG Landmandsb.,2026-10-10T12:41:52.317922+00:00,https://www.sec.gov/files/company_tickers.json,MANQUANTE,NON_COUVERT,[],0
A2R.F,Accent Resources N.L.         R,2026-10-10T12:41:52.318015+00:00,https://www.sec.gov/files/company_tickers.json,MANQUANTE,NON_COUVERT,[],0
213.F,Vow ASA                       N,2026-10-10T12:41:52.318097+00:00,https://www.sec.gov/files/company_tickers.json,MANQUANTE,NON_COUVERT,[],0
C2I0.F,HK.AI Capital Ltd.            R,2026-10-10T12:41:52.318165+00:00,https://www.sec.gov/files/company_tickers.json,MANQUANTE,NON_COUVERT,[],0
95H.F,I Grandi Viaggi SpA           A,2026-10-10T12:41:52.318231+00:00,https://www.sec.gov/files/company_tickers.json,MANQUANTE,NON_COUVERT,[],0
9Q9.F,Azerion Group N.V.            A,2026-10-10T12:41:52.318297+00:00,https://www.sec.gov/files/company_tickers.json,MANQUANTE,NON_COUVERT,[],0
AJN.F,Ajisen (China) Holdings Ltd.  R,2026-10-10T12:41:52.318363+00:00,https://www.sec.gov/files/company_tickers.json,MANQUANTE,NON_COUVERT,[],0
0AP.F,Appeninn Vag.Holding Ny.M.Res.N,2026-10-10T12:41:52.318436+00:00,https://www.sec.gov/files/company_tickers.json,MANQUANTE,NON_COUVERT,[],0
9OI.F,Orior AG                      N,2026-10-10T12:41:52.318504+00:00,https://www.sec.gov/files/company_tickers.json,MANQUANTE,NON_COUVERT,[],0
1VF0.F,Grown Rogue International Inc.R,2026-10-10T12:41:52.318571+00:00,https://www.sec.gov/files/company_tickers.json,MANQUANTE,NON_COUVERT,[],0
5UH.F,Made Tech Group PLC           R,2026-10-10T12:41:52.318638+00:00,https://www.sec.gov/files/company_tickers.json,MANQUANTE,NON_COUVERT,[],0
AW4.F,Heidmar Maritime Hldgs. Corp. R,2026-10-10T12:41:52.318708+00:00,https://www.sec.gov/files/company_tickers.json,MANQUANTE,NON_COUVERT,[],0
08IA.F,iDreamSky Technology Holdings R,2026-10-10T12:41:52.318774+00:00,https://www.sec.gov/files/company_tickers.json,MANQUANTE,NON_COUVERT,[],0
KEW.SG,Kewaunee Scientific Corp.,2026-10-10T12:41:52.318840+00:00,https://www.sec.gov/files/company_tickers.json,MANQUANTE,NON_COUVERT,[],0
HKC.F,Hongkong Chinese Ltd.         R,2026-10-10T12:41:52.318907+00:00,https://www.sec.gov/files/company_tickers.json,MANQUANTE,NON_COUVERT,[],0
P1M.F,Peninsula Energy Ltd.         R,2026-10-10T12:41:52.318994+00:00,https://www.sec.gov/files/company_tickers.json,MANQUANTE,NON_COUVERT,[],0
53G.F,Empress Royalty Corp.         R,2026-10-10T12:41:52.319067+00:00,https://www.sec.gov/files/company_tickers.json,MANQUANTE,NON_COUVERT,[],0
RF5.F,RF INDUSTRIES LTD.            R,2026-10-10T12:41:52.319141+00:00,https://www.sec.gov/files/company_tickers.json,MANQUANTE,NON_COUVERT,[],0
KEC.F,KECK SENG INVEST. (HK) LTD.   R,2026-10-10T12:41:52.319210+00:00,https://www.sec.gov/files/company_tickers.json,MANQUANTE,NON_COUVERT,[],0
F1B.F,LHYFE S.A.                    A,2026-10-10T12:41:52.319286+00:00,https://www.sec.gov/files/company_tickers.json,MANQUANTE,NON_COUVERT,[],0
K7A.F,Kingdom Holdings Ltd.         R,2026-10-10T12:41:52.319357+00:00,https://www.sec.gov/files/company_tickers.json,MANQUANTE,NON_COUVERT,[],0
A8P.F,Agile Group Holdings Ltd.     R,2026-10-10T12:41:52.319425+00:00,https://www.sec.gov/files/company_tickers.json,MANQUANTE,NON_COUVERT,[],0
A02.F,Adways Inc.                   R,2026-10-10T12:41:52.319491+00:00,https://www.sec.gov/files/company_tickers.json,MANQUANTE,NON_COUVERT,[],0
S2N.F,Shenguan Holdings Group Ltd   R,2026-10-10T12:41:52.319559+00:00,https://www.sec.gov/files/company_tickers.json,MANQUANTE,NON_COUVERT,[],0
ST9.F,Steppe Cement Ltd.            R,2026-10-10T12:41:52.319626+00:00,https://www.sec.gov/files/company_tickers.json,MANQUANTE,NON_COUVERT,[],0
1H7.F,Demae-Can Co. Ltd.            R,2026-10-10T12:41:52.319692+00:00,https://www.sec.gov/files/company_tickers.json,MANQUANTE,NON_COUVERT,[],0
MD0.F,Halmont Properties Corp.      R,2026-10-10T12:41:52.319758+00:00,https://www.sec.gov/files/company_tickers.json,MANQUANTE,NON_COUVERT,[],0
3FS.F,Kalray SA                     A,2026-10-10T12:41:52.319825+00:00,https://www.sec.gov/files/company_tickers.json,MANQUANTE,NON_COUVERT,[],0
4C30.F,CMBC Capital Holdings Ltd.    R,2026-10-10T12:41:52.319892+00:00,https://www.sec.gov/files/company_tickers.json,MANQUANTE,NON_COUVERT,[],0
UH40.F,Iondrive Ltd.                 R,2026-10-10T12:41:52.319978+00:00,https://www.sec.gov/files/company_tickers.json,MANQUANTE,NON_COUVERT,[],0
19C.F,Caesarstone Ltd.              R,2026-10-10T12:41:52.320055+00:00,https://www.sec.gov/files/company_tickers.json,MANQUANTE,NON_COUVERT,[],0
G5HA.F,Guangzhou R&F Proper. Co. Ltd.R,2026-10-10T12:41:52.320121+00:00,https://www.sec.gov/files/company_tickers.json,MANQUANTE,NON_COUVERT,[],0
6Q1.F,Omda AS                       N,2026-10-10T12:41:52.320188+00:00,https://www.sec.gov/files/company_tickers.json,MANQUANTE,NON_COUVERT,[],0
8VJ.F,Ascend Wellness Holdings Inc. R,2026-10-10T12:41:52.320255+00:00,https://www.sec.gov/files/company_tickers.json,MANQUANTE,NON_COUVERT,[],0
1Q2.F,Tat Hong Equipm.Srv.Co. Ltd.  R,2026-10-10T12:41:52.320327+00:00,https://www.sec.gov/files/company_tickers.json,MANQUANTE,NON_COUVERT,[],0
8PF.F,Pathfinder Bancorp Inc.       R,2026-10-10T12:41:52.320396+00:00,https://www.sec.gov/files/company_tickers.json,MANQUANTE,NON_COUVERT,[],0
5K9.F,Braemar PLC                   R,2026-10-10T12:41:52.320462+00:00,https://www.sec.gov/files/company_tickers.json,MANQUANTE,NON_COUVERT,[],0
AT20.F,Atara Biotherapeutics Inc.    R,2026-10-10T12:41:52.320529+00:00,https://www.sec.gov/files/company_tickers.json,MANQUANTE,NON_COUVERT,[],0
9IRA.F,Broadwind Inc.                R,2026-10-10T12:41:52.320596+00:00,https://www.sec.gov/files/company_tickers.json,MANQUANTE,NON_COUVERT,[],0
KEW.F,KEWAUNEE SCIENTIFIC CORP.     R,2026-10-10T12:41:52.320667+00:00,https://www.sec.gov/files/company_tickers.json,MANQUANTE,NON_COUVERT,[],0
86C.F,Biotalys NV                   A,2026-10-10T12:41:52.320736+00:00,https://www.sec.gov/files/company_tickers.json,MANQUANTE,NON_COUVERT,[],0
H2Y.F,Capital Environment Hldgs Ltd.R,2026-10-10T12:41:52.320802+00:00,https://www.sec.gov/files/company_tickers.json,MANQUANTE,NON_COUVERT,[],0
PST0.F,Innovate Corp.                R,2026-10-10T12:41:52.320869+00:00,https://www.sec.gov/files/company_tickers.json,MANQUANTE,NON_COUVERT,[],0
2W9.F,Zerostack Corp.               R,2026-10-10T12:41:52.320935+00:00,https://www.sec.gov/files/company_tickers.json,MANQUANTE,NON_COUVERT,[],0
JX0.F,Bien Sparebank ASA            N,2026-10-10T12:41:52.321028+00:00,https://www.sec.gov/files/company_tickers.json,MANQUANTE,NON_COUVERT,[],0
L4B0.F,Borealis Mining Co. Ltd.      R,2026-10-10T12:41:52.321098+00:00,https://www.sec.gov/files/company_tickers.json,MANQUANTE,NON_COUVERT,[],0
I0P0.F,wrkr Ltd.                     R,2026-10-10T12:41:52.321165+00:00,https://www.sec.gov/files/company_tickers.json,MANQUANTE,NON_COUVERT,[],0
TQZA.F,Technical Olympic S.A.        N,2026-10-10T12:41:52.321232+00:00,https://www.sec.gov/files/company_tickers.json,MANQUANTE,NON_COUVERT,[],0
1U6.F,Chapel Down Group PLC         R,2026-10-10T12:41:52.321297+00:00,https://www.sec.gov/files/company_tickers.json,MANQUANTE,NON_COUVERT,[],0
FDU.F,Commercial Vehicle Group Inc. R,2026-10-10T12:41:52.321363+00:00,https://www.sec.gov/files/company_tickers.json,MANQUANTE,NON_COUVERT,[],0
3EO.F,Evolution PowerX Corp.        R,2026-10-10T12:41:52.321430+00:00,https://www.sec.gov/files/company_tickers.json,MANQUANTE,NON_COUVERT,[],0
0FZ.F,Alligator Energy Ltd.         R,2026-10-10T12:41:52.321495+00:00,https://www.sec.gov/files/company_tickers.json,MANQUANTE,NON_COUVERT,[],0
E40.F,Finder Energy Holdings Ltd.   R,2026-10-10T12:41:52.321562+00:00,https://www.sec.gov/files/company_tickers.json,MANQUANTE,NON_COUVERT,[],0
RAUA.F,RAUTE OY                      R,2026-10-10T12:41:52.321628+00:00,https://www.sec.gov/files/company_tickers.json,MANQUANTE,NON_COUVERT,[],0
6H1.F,Unify Group S.A.              A,2026-10-10T12:41:52.321695+00:00,https://www.sec.gov/files/company_tickers.json,MANQUANTE,NON_COUVERT,[],0
1H3.MU,SunHydrogen Inc.              R,2026-10-10T12:41:52.321762+00:00,https://www.sec.gov/files/company_tickers.json,MANQUANTE,NON_COUVERT,[],0
SMI.F,Tian An Medicare Ltd.         R,2026-10-10T12:41:52.321828+00:00,https://www.sec.gov/files/company_tickers.json,MANQUANTE,NON_COUVERT,[],0
59N.F,NPC Incorporated              R,2026-10-10T12:41:52.321895+00:00,https://www.sec.gov/files/company_tickers.json,MANQUANTE,NON_COUVERT,[],0
BJDH.F,Bj.b.Jade Bird Uni.Sci-T.Co.L.R,2026-10-10T12:41:52.321986+00:00,https://www.sec.gov/files/company_tickers.json,MANQUANTE,NON_COUVERT,[],0
MF1.F,Canbridge Pharmaceuticals Inc.R,2026-10-10T12:41:52.322061+00:00,https://www.sec.gov/files/company_tickers.json,MANQUANTE,NON_COUVERT,[],0
5YO.F,iFabric Corp.                 R,2026-10-10T12:41:52.322128+00:00,https://www.sec.gov/files/company_tickers.json,MANQUANTE,NON_COUVERT,[],0
3C1.F,Carbios S.A.                  A,2026-10-10T12:41:52.322196+00:00,https://www.sec.gov/files/company_tickers.json,MANQUANTE,NON_COUVERT,[],0
2Y5.F,Endava Ltd.                   R,2026-10-10T12:41:52.322273+00:00,https://www.sec.gov/files/company_tickers.json,MANQUANTE,NON_COUVERT,[],0
3SD.F,Sino-Ocean Group Holding Ltd. R,2026-10-10T12:41:52.322341+00:00,https://www.sec.gov/files/company_tickers.json,MANQUANTE,NON_COUVERT,[],0
RU8.F,Renascor Resources Ltd        R,2026-10-10T12:41:52.322408+00:00,https://www.sec.gov/files/company_tickers.json,MANQUANTE,NON_COUVERT,[],0
OSP2.HM,USU Ventures AG               I,2026-10-10T12:41:52.322475+00:00,https://www.sec.gov/files/company_tickers.json,MANQUANTE,NON_COUVERT,[],0
N09.F,Novus Holdings Ltd.           R,2026-10-10T12:41:52.322541+00:00,https://www.sec.gov/files/company_tickers.json,MANQUANTE,NON_COUVERT,[],0
QAT2.F,Stabilis Solutions Inc.       R,2026-10-10T12:41:52.322612+00:00,https://www.sec.gov/files/company_tickers.json,MANQUANTE,NON_COUVERT,[],0
80Y.F,Wynnstay Group PLC            R,2026-10-10T12:41:52.322685+00:00,https://www.sec.gov/files/company_tickers.json,MANQUANTE,NON_COUVERT,[],0
H9G.F,Hansard Global PLC            R,2026-10-10T12:41:52.322751+00:00,https://www.sec.gov/files/company_tickers.json,MANQUANTE,NON_COUVERT,[],0
UH9.F,Beyond Oil Ltd.               R,2026-10-10T12:41:52.322818+00:00,https://www.sec.gov/files/company_tickers.json,MANQUANTE,NON_COUVERT,[],0
FZ70.F,Brazilian Critical Miner. Ltd.R,2026-10-10T12:41:52.322885+00:00,https://www.sec.gov/files/company_tickers.json,MANQUANTE,NON_COUVERT,[],0
NYY.F,NWF Group PLC                 R,2026-10-10T12:41:52.322951+00:00,https://www.sec.gov/files/company_tickers.json,MANQUANTE,NON_COUVERT,[],0
SJY.F,Golden Bridge Group Hldgs.Ltd.R,2026-10-10T12:41:52.323046+00:00,https://www.sec.gov/files/company_tickers.json,MANQUANTE,NON_COUVERT,[],0
JMD.F,Jp.Medi.Dynamic Marketing Inc.R,2026-10-10T12:41:52.323115+00:00,https://www.sec.gov/files/company_tickers.json,MANQUANTE,NON_COUVERT,[],0
4U8.F,Inspired Entertainment Inc.   R,2026-10-10T12:41:52.323181+00:00,https://www.sec.gov/files/company_tickers.json,MANQUANTE,NON_COUVERT,[],0
2U0.F,SOGECLAIR S.A.                A,2026-10-10T12:41:52.323248+00:00,https://www.sec.gov/files/company_tickers.json,MANQUANTE,NON_COUVERT,[],0
RT70.F,Brave Bison Group PLC         R,2026-10-10T12:41:52.323315+00:00,https://www.sec.gov/files/company_tickers.json,MANQUANTE,NON_COUVERT,[],0
Y2O.F,Papoutsanis S.A.              N,2026-10-10T12:41:52.323388+00:00,https://www.sec.gov/files/company_tickers.json,MANQUANTE,NON_COUVERT,[],0
M36.F,Lemonsoft Oyj                 R,2026-10-10T12:41:52.323460+00:00,https://www.sec.gov/files/company_tickers.json,MANQUANTE,NON_COUVERT,[],0
H0U.F,Singular People S.A.          A,2026-10-10T12:41:52.323532+00:00,https://www.sec.gov/files/company_tickers.json,MANQUANTE,NON_COUVERT,[],0
42V.F,Braemar Hotels & Resorts Inc. R,2026-10-10T12:41:52.323600+00:00,https://www.sec.gov/files/company_tickers.json,MANQUANTE,NON_COUVERT,[],0
51J.F,VivoPower PLC                 R,2026-10-10T12:41:52.323667+00:00,https://www.sec.gov/files/company_tickers.json,MANQUANTE,NON_COUVERT,[],0
RNE1.F,Gaming Realms PLC             R,2026-10-10T12:41:52.323735+00:00,https://www.sec.gov/files/company_tickers.json,MANQUANTE,NON_COUVERT,[],0
CAG0.HM,Clere AG                      N,2026-10-10T12:41:52.323802+00:00,https://www.sec.gov/files/company_tickers.json,MANQUANTE,NON_COUVERT,[],0
2I6.F,Indel B S.p.A.                A,2026-10-10T12:41:52.323868+00:00,https://www.sec.gov/files/company_tickers.json,MANQUANTE,NON_COUVERT,[],0
TBCN.F,TVB Ltd.                      R,2026-10-10T12:41:52.323936+00:00,https://www.sec.gov/files/company_tickers.json,MANQUANTE,NON_COUVERT,[],0
K6V0.F,Unidata S.p.A.                A,2026-10-10T12:41:52.324031+00:00,https://www.sec.gov/files/company_tickers.json,MANQUANTE,NON_COUVERT,[],0
LYD.F,Intercede Group PLC           R,2026-10-10T12:41:52.324100+00:00,https://www.sec.gov/files/company_tickers.json,MANQUANTE,NON_COUVERT,[],0
D08.F,STIF                          A,2026-10-10T12:41:52.324167+00:00,https://www.sec.gov/files/company_tickers.json,MANQUANTE,NON_COUVERT,[],0
PN21.F,Patriot Bank N.A.             R,2026-10-10T12:41:52.324235+00:00,https://www.sec.gov/files/company_tickers.json,MANQUANTE,NON_COUVERT,[],0
YC0.F,Great Boulder Resources Ltd   R,2026-10-10T12:41:52.324302+00:00,https://www.sec.gov/files/company_tickers.json,MANQUANTE,NON_COUVERT,[],0
2CS.F,China Silver Group Ltd        R,2026-10-10T12:41:52.324374+00:00,https://www.sec.gov/files/company_tickers.json,MANQUANTE,NON_COUVERT,[],0
P731.F,Medexus Pharmaceuticals Inc.  R,2026-10-10T12:41:52.324440+00:00,https://www.sec.gov/files/company_tickers.json,MANQUANTE,NON_COUVERT,[],0
H7C.F,Star Holdings                 R,2026-10-10T12:41:52.324507+00:00,https://www.sec.gov/files/company_tickers.json,MANQUANTE,NON_COUVERT,[],0
9P60.F,Blue Ant Media Corp.          R,2026-10-10T12:41:52.324574+00:00,https://www.sec.gov/files/company_tickers.json,MANQUANTE,NON_COUVERT,[],0
8KS.F,Lumi Gruppen AS               N,2026-10-10T12:41:52.324648+00:00,https://www.sec.gov/files/company_tickers.json,MANQUANTE,NON_COUVERT,[],0
Q51.F,Altea Green Power S.p.A.      A,2026-10-10T12:41:52.324725+00:00,https://www.sec.gov/files/company_tickers.json,MANQUANTE,NON_COUVERT,[],0
B4V.F,ArcticZymes Technologies ASA  N,2026-10-10T12:41:52.324805+00:00,https://www.sec.gov/files/company_tickers.json,MANQUANTE,NON_COUVERT,[],0
DJX.F,PISCINES DESJOYAUX S.A.       A,2026-10-10T12:41:52.324876+00:00,https://www.sec.gov/files/company_tickers.json,MANQUANTE,NON_COUVERT,[],0
TUQ1.F,Tucows Inc.                   R,2026-10-10T12:41:52.324976+00:00,https://www.sec.gov/files/company_tickers.json,MANQUANTE,NON_COUVERT,[],0
KI9A.F,Anpario PLC                   R,2026-10-10T12:41:52.325052+00:00,https://www.sec.gov/files/company_tickers.json,MANQUANTE,NON_COUVERT,[],0
LFX.F,La Francaise de L'Energie     A,2026-10-10T12:41:52.325120+00:00,https://www.sec.gov/files/company_tickers.json,MANQUANTE,NON_COUVERT,[],0
9V0.F,Hardide PLC                   R,2026-10-10T12:41:52.325188+00:00,https://www.sec.gov/files/company_tickers.json,MANQUANTE,NON_COUVERT,[],0
88A.F,Ateam Holdings Co. Ltd.       R,2026-10-10T12:41:52.325259+00:00,https://www.sec.gov/files/company_tickers.json,MANQUANTE,NON_COUVERT,[],0
VAD.F,SCP Standard Cap.Partners AG  I,2026-10-10T12:41:52.325327+00:00,https://www.sec.gov/files/company_tickers.json,MANQUANTE,NON_COUVERT,[],0
17V.F,Venture Life Group PLC        R,2026-10-10T12:41:52.325394+00:00,https://www.sec.gov/files/company_tickers.json,MANQUANTE,NON_COUVERT,[],0
AD5.F,Advanced Engineered Materials R,2026-10-10T12:41:52.325461+00:00,https://www.sec.gov/files/company_tickers.json,MANQUANTE,NON_COUVERT,[],0
BOV.F,Apyx Medical Corp.            R,2026-10-10T12:41:52.325528+00:00,https://www.sec.gov/files/company_tickers.json,MANQUANTE,NON_COUVERT,[],0
9K0.F,Avation PLC                   R,2026-10-10T12:41:52.325596+00:00,https://www.sec.gov/files/company_tickers.json,MANQUANTE,NON_COUVERT,[],0
GHH.F,Geox S.p.A.                   A,2026-10-10T12:41:52.325663+00:00,https://www.sec.gov/files/company_tickers.json,MANQUANTE,NON_COUVERT,[],0
90N.F,AFYREN SAS                    A,2026-10-10T12:41:52.325729+00:00,https://www.sec.gov/files/company_tickers.json,MANQUANTE,NON_COUVERT,[],0
5GO.F,Shimao Services Holdings Ltd. R,2026-10-10T12:41:52.325795+00:00,https://www.sec.gov/files/company_tickers.json,MANQUANTE,NON_COUVERT,[],0
3S7.F,Syrah Resources Ltd.          R,2026-10-10T12:41:52.325862+00:00,https://www.sec.gov/files/company_tickers.json,MANQUANTE,NON_COUVERT,[],0
LYG.F,IG Design Group PLC           R,2026-10-10T12:41:52.325929+00:00,https://www.sec.gov/files/company_tickers.json,MANQUANTE,NON_COUVERT,[],0
918.F,SoundThinking Inc.            R,2026-10-10T12:41:52.326022+00:00,https://www.sec.gov/files/company_tickers.json,MANQUANTE,NON_COUVERT,[],0
NO9.MU,NORCOD AS                     N,2026-10-10T12:41:52.326092+00:00,https://www.sec.gov/files/company_tickers.json,MANQUANTE,NON_COUVERT,[],0
HD8.F,AS Harju Elekter              R,2026-10-10T12:41:52.326164+00:00,https://www.sec.gov/files/company_tickers.json,MANQUANTE,NON_COUVERT,[],0
6YD0.F,Redcentric PLC                R,2026-10-10T12:41:52.326239+00:00,https://www.sec.gov/files/company_tickers.json,MANQUANTE,NON_COUVERT,[],0
42U.F,Enersense International OYJ.  R,2026-10-10T12:41:52.326307+00:00,https://www.sec.gov/files/company_tickers.json,MANQUANTE,NON_COUVERT,[],0
C7UA.F,Calida Holding AG             N,2026-10-10T12:41:52.326373+00:00,https://www.sec.gov/files/company_tickers.json,MANQUANTE,NON_COUVERT,[],0
ULB.F,Ultralife Corp.               R,2026-10-10T12:41:52.326439+00:00,https://www.sec.gov/files/company_tickers.json,MANQUANTE,NON_COUVERT,[],0
BPA0.F,Banca Profilo S.p.A.          A,2026-10-10T12:41:52.326506+00:00,https://www.sec.gov/files/company_tickers.json,MANQUANTE,NON_COUVERT,[],0
LLI.F,LAKELAND INDUSTRIES INC.      R,2026-10-10T12:41:52.326573+00:00,https://www.sec.gov/files/company_tickers.json,MANQUANTE,NON_COUVERT,[],0
96M.F,Gigante Salmon AS             N,2026-10-10T12:41:52.326639+00:00,https://www.sec.gov/files/company_tickers.json,MANQUANTE,NON_COUVERT,[],0
2MK.F,Klingelnberg AG               N,2026-10-10T12:41:52.326705+00:00,https://www.sec.gov/files/company_tickers.json,MANQUANTE,NON_COUVERT,[],0
MYE0.F,MaxCyte Inc.                  R,2026-10-10T12:41:52.326772+00:00,https://www.sec.gov/files/company_tickers.json,MANQUANTE,NON_COUVERT,[],0
0KP.F,Bulgarian Stock Exchange (BSE)R,2026-10-10T12:41:52.326838+00:00,https://www.sec.gov/files/company_tickers.json,MANQUANTE,NON_COUVERT,[],0
TJ9.F,Cityvarasto OY                R,2026-10-10T12:41:52.326907+00:00,https://www.sec.gov/files/company_tickers.json,MANQUANTE,NON_COUVERT,[],0
0JL.SG,Alumasc Group PLC,2026-10-10T12:41:52.326999+00:00,https://www.sec.gov/files/company_tickers.json,MANQUANTE,NON_COUVERT,[],0
S9S.F,IPAS Indexo                   B,2026-10-10T12:41:52.327073+00:00,https://www.sec.gov/files/company_tickers.json,MANQUANTE,NON_COUVERT,[],0
1LFA.F,LexinFintech Holdings Ltd.    R,2026-10-10T12:41:52.327141+00:00,https://www.sec.gov/files/company_tickers.json,MANQUANTE,NON_COUVERT,[],0
7OC0.F,Insight Molecular Diagno. Inc.R,2026-10-10T12:41:52.327208+00:00,https://www.sec.gov/files/company_tickers.json,MANQUANTE,NON_COUVERT,[],0
YMI.F,Yellow Pages Ltd.             R,2026-10-10T12:41:52.327274+00:00,https://www.sec.gov/files/company_tickers.json,MANQUANTE,NON_COUVERT,[],0
D13.F,DIRTT Environmen.Solutions LtdR,2026-10-10T12:41:52.327340+00:00,https://www.sec.gov/files/company_tickers.json,MANQUANTE,NON_COUVERT,[],0
6UH.F,Ionic Rare Earths Ltd.        R,2026-10-10T12:41:52.327407+00:00,https://www.sec.gov/files/company_tickers.json,MANQUANTE,NON_COUVERT,[],0
21V.F,Terra Metals Ltd.             R,2026-10-10T12:41:52.327479+00:00,https://www.sec.gov/files/company_tickers.json,MANQUANTE,NON_COUVERT,[],0
918.SG,Shotspotter Inc.,2026-10-10T12:41:52.327548+00:00,https://www.sec.gov/files/company_tickers.json,MANQUANTE,NON_COUVERT,[],0
26U.F,Curatis Holding AG            V,2026-10-10T12:41:52.327614+00:00,https://www.sec.gov/files/company_tickers.json,MANQUANTE,NON_COUVERT,[],0
4HB.F,Honghua Group Ltd.            R,2026-10-10T12:41:52.327681+00:00,https://www.sec.gov/files/company_tickers.json,MANQUANTE,NON_COUVERT,[],0
7FA0.F,KULR Technology Group Inc.    R,2026-10-10T12:41:52.327748+00:00,https://www.sec.gov/files/company_tickers.json,MANQUANTE,NON_COUVERT,[],0
6W8.F,Empire Petroleum Corp.        R,2026-10-10T12:41:52.327814+00:00,https://www.sec.gov/files/company_tickers.json,MANQUANTE,NON_COUVERT,[],0
I8O.F,Jutal Offshore Oil Services LtR,2026-10-10T12:41:52.327881+00:00,https://www.sec.gov/files/company_tickers.json,MANQUANTE,NON_COUVERT,[],0
RJR1.F,Stereotaxis Inc.              R,2026-10-10T12:41:52.327951+00:00,https://www.sec.gov/files/company_tickers.json,MANQUANTE,NON_COUVERT,[],0
CW70.F,Shougang Century Holdings Ltd.R,2026-10-10T12:41:52.328053+00:00,https://www.sec.gov/files/company_tickers.json,MANQUANTE,NON_COUVERT,[],0
4RO.F,Roots Corp.                   R,2026-10-10T12:41:52.328122+00:00,https://www.sec.gov/files/company_tickers.json,MANQUANTE,NON_COUVERT,[],0
73Z.F,Ellington Credit Co.          R,2026-10-10T12:41:52.328195+00:00,https://www.sec.gov/files/company_tickers.json,MANQUANTE,NON_COUVERT,[],0
4W3.F,West Wits Mining Ltd.         R,2026-10-10T12:41:52.328263+00:00,https://www.sec.gov/files/company_tickers.json,MANQUANTE,NON_COUVERT,[],0
VK2.SG,Aurskog Sparebank,2026-10-10T12:41:52.328330+00:00,https://www.sec.gov/files/company_tickers.json,MANQUANTE,NON_COUVERT,[],0
MKU0.F,Peking University Res(Hldgs)CoR,2026-10-10T12:41:52.328397+00:00,https://www.sec.gov/files/company_tickers.json,MANQUANTE,NON_COUVERT,[],0
VON.F,Vocento                       A,2026-10-10T12:41:52.328463+00:00,https://www.sec.gov/files/company_tickers.json,MANQUANTE,NON_COUVERT,[],0
67N0.F,Edding Genor Group Hldgs. Ltd.R,2026-10-10T12:41:52.328530+00:00,https://www.sec.gov/files/company_tickers.json,MANQUANTE,NON_COUVERT,[],0
KUD.F,KUDELSKI S.A.                 I,2026-10-10T12:41:52.328596+00:00,https://www.sec.gov/files/company_tickers.json,MANQUANTE,NON_COUVERT,[],0
M3K0.F,Mig Holdings S.A.             N,2026-10-10T12:41:52.328665+00:00,https://www.sec.gov/files/company_tickers.json,MANQUANTE,NON_COUVERT,[],0
RBW.F,ROBERT WALTERS PLC            R,2026-10-10T12:41:52.328732+00:00,https://www.sec.gov/files/company_tickers.json,MANQUANTE,NON_COUVERT,[],0
O8V.F,Gala Technology Holding Ltd.  R,2026-10-10T12:41:52.328799+00:00,https://www.sec.gov/files/company_tickers.json,MANQUANTE,NON_COUVERT,[],0
PUD.F,Pulse Seismic Inc.            R,2026-10-10T12:41:52.328870+00:00,https://www.sec.gov/files/company_tickers.json,MANQUANTE,NON_COUVERT,[],0
51B.F,Bioventix PLC                 R,2026-10-10T12:41:52.328939+00:00,https://www.sec.gov/files/company_tickers.json,MANQUANTE,NON_COUVERT,[],0
NWF0.F,Western Forest Products Inc.  R,2026-10-10T12:41:52.329030+00:00,https://www.sec.gov/files/company_tickers.json,MANQUANTE,NON_COUVERT,[],0
5A40.F,Orion Energy Systems Inc.     R,2026-10-10T12:41:52.329099+00:00,https://www.sec.gov/files/company_tickers.json,MANQUANTE,NON_COUVERT,[],0
AX1.F,Sipai Health Technology Co.LtdR,2026-10-10T12:41:52.329165+00:00,https://www.sec.gov/files/company_tickers.json,MANQUANTE,NON_COUVERT,[],0
88J.F,COMPAGNIE LEBON S.A.          A,2026-10-10T12:41:52.329238+00:00,https://www.sec.gov/files/company_tickers.json,MANQUANTE,NON_COUVERT,[],0
6WT.F,Tongdao Liepin Group Co. Ltd. R,2026-10-10T12:41:52.329305+00:00,https://www.sec.gov/files/company_tickers.json,MANQUANTE,NON_COUVERT,[],0
KUL.MU,KULMBACHER BRAUEREI AG        I,2026-10-10T12:41:52.329371+00:00,https://www.sec.gov/files/company_tickers.json,MANQUANTE,NON_COUVERT,[],0
RTE.F,RTX A/S                       N,2026-10-10T12:41:52.329438+00:00,https://www.sec.gov/files/company_tickers.json,MANQUANTE,NON_COUVERT,[],0
PAJA.F,GLINTT-Gl.Intellig.Technol.SA A,2026-10-10T12:41:52.329504+00:00,https://www.sec.gov/files/company_tickers.json,MANQUANTE,NON_COUVERT,[],0
SCP.F,Scancell Holdings PLC         R,2026-10-10T12:41:52.329570+00:00,https://www.sec.gov/files/company_tickers.json,MANQUANTE,NON_COUVERT,[],0
36A.F,Unifi Inc.                    R,2026-10-10T12:41:52.329652+00:00,https://www.sec.gov/files/company_tickers.json,MANQUANTE,NON_COUVERT,[],0
6TI.SG,Frasers Property (Thailand) Ltd,2026-10-10T12:41:52.329747+00:00,https://www.sec.gov/files/company_tickers.json,MANQUANTE,NON_COUVERT,[],0
4ER.F,Fenix Resources Ltd.          R,2026-10-10T12:41:52.329834+00:00,https://www.sec.gov/files/company_tickers.json,MANQUANTE,NON_COUVERT,[],0
6DT.F,Detection Technology Oyj      R,2026-10-10T12:41:52.329904+00:00,https://www.sec.gov/files/company_tickers.json,MANQUANTE,NON_COUVERT,[],0
WZ2.F,Keep Inc.                     R,2026-10-10T12:41:52.329993+00:00,https://www.sec.gov/files/company_tickers.json,MANQUANTE,NON_COUVERT,[],0
6YH.F,Sopharma Trading AD           R,2026-10-10T12:41:52.330072+00:00,https://www.sec.gov/files/company_tickers.json,MANQUANTE,NON_COUVERT,[],0
5VT0.F,vTv Therapeutics Inc.         R,2026-10-10T12:41:52.330153+00:00,https://www.sec.gov/files/company_tickers.json,MANQUANTE,NON_COUVERT,[],0
T28.F,Audioboom Group PLC           R,2026-10-10T12:41:52.330233+00:00,https://www.sec.gov/files/company_tickers.json,MANQUANTE,NON_COUVERT,[],0
6LY.F,Wuling Motors Holdings Ltd.   R,2026-10-10T12:41:52.330305+00:00,https://www.sec.gov/files/company_tickers.json,MANQUANTE,NON_COUVERT,[],0
DF5B.F,Duro Felguera S.A.            A,2026-10-10T12:41:52.330374+00:00,https://www.sec.gov/files/company_tickers.json,MANQUANTE,NON_COUVERT,[],0
NVAI.F,Loxley PCL                    R,2026-10-10T12:41:52.330441+00:00,https://www.sec.gov/files/company_tickers.json,MANQUANTE,NON_COUVERT,[],0
9WR.F,OMER S.P.A.                   A,2026-10-10T12:41:52.330507+00:00,https://www.sec.gov/files/company_tickers.json,MANQUANTE,NON_COUVERT,[],0
49Q.DU,ZenaTech Inc.                 R,2026-10-10T12:41:52.330574+00:00,https://www.sec.gov/files/company_tickers.json,MANQUANTE,NON_COUVERT,[],0
CJB.F,Carnarvon Energy Ltd.         R,2026-10-10T12:41:52.330639+00:00,https://www.sec.gov/files/company_tickers.json,MANQUANTE,NON_COUVERT,[],0
1KC.F,Western Investment Company of R,2026-10-10T12:41:52.330705+00:00,https://www.sec.gov/files/company_tickers.json,MANQUANTE,NON_COUVERT,[],0
4CN.F,Team Internet Group PLC       R,2026-10-10T12:41:52.330771+00:00,https://www.sec.gov/files/company_tickers.json,MANQUANTE,NON_COUVERT,[],0
K7N.F,Rizhao Port Jurong Co. Ltd.   R,2026-10-10T12:41:52.330837+00:00,https://www.sec.gov/files/company_tickers.json,MANQUANTE,NON_COUVERT,[],0
26Q.F,Aqualis ASA                   N,2026-10-10T12:41:52.330903+00:00,https://www.sec.gov/files/company_tickers.json,MANQUANTE,NON_COUVERT,[],0
8MN.F,Linmon Media Ltd.             R,2026-10-10T12:41:52.330990+00:00,https://www.sec.gov/files/company_tickers.json,MANQUANTE,NON_COUVERT,[],0
HRT.F,SHERRITT INTERNATIONAL CORP.  R,2026-10-10T12:41:52.331062+00:00,https://www.sec.gov/files/company_tickers.json,MANQUANTE,NON_COUVERT,[],0
LQG.F,Accesso Technology Group PLC  R,2026-10-10T12:41:52.331130+00:00,https://www.sec.gov/files/company_tickers.json,MANQUANTE,NON_COUVERT,[],0
9RT.F,BETR Entertainment Ltd.       R,2026-10-10T12:41:52.331197+00:00,https://www.sec.gov/files/company_tickers.json,MANQUANTE,NON_COUVERT,[],0
O5U.F,GoldMoney Inc.                R,2026-10-10T12:41:52.331269+00:00,https://www.sec.gov/files/company_tickers.json,MANQUANTE,NON_COUVERT,[],0
SJ60.F,Victory Metals Ltd.           R,2026-10-10T12:41:52.331337+00:00,https://www.sec.gov/files/company_tickers.json,MANQUANTE,NON_COUVERT,[],0
XXH.F,SSH Communications Securit.OyjR,2026-10-10T12:41:52.331403+00:00,https://www.sec.gov/files/company_tickers.json,MANQUANTE,NON_COUVERT,[],0
GJ60.F,Komplett ASA                  N,2026-10-10T12:41:52.331469+00:00,https://www.sec.gov/files/company_tickers.json,MANQUANTE,NON_COUVERT,[],0
PAJA.SG,Glintt - Global Intelligent Tec,2026-10-10T12:41:52.331536+00:00,https://www.sec.gov/files/company_tickers.json,MANQUANTE,NON_COUVERT,[],0
6W7.F,Aquafil S.p.A.                A,2026-10-10T12:41:52.331602+00:00,https://www.sec.gov/files/company_tickers.json,MANQUANTE,NON_COUVERT,[],0
C7B.F,China New City Commer.Dev.Ltd.R,2026-10-10T12:41:52.331673+00:00,https://www.sec.gov/files/company_tickers.json,MANQUANTE,NON_COUVERT,[],0
52U.F,Hyloris Pharmaceutic. S.A.    A,2026-10-10T12:41:52.331742+00:00,https://www.sec.gov/files/company_tickers.json,MANQUANTE,NON_COUVERT,[],0
8CN.F,China New Higher Ed.Grp Ltd.  R,2026-10-10T12:41:52.331809+00:00,https://www.sec.gov/files/company_tickers.json,MANQUANTE,NON_COUVERT,[],0
PC9.F,Decisive Dividend Corp.       R,2026-10-10T12:41:52.331876+00:00,https://www.sec.gov/files/company_tickers.json,MANQUANTE,NON_COUVERT,[],0
B94.F,6K Additive Inc.              R,2026-10-10T12:41:52.331943+00:00,https://www.sec.gov/files/company_tickers.json,MANQUANTE,NON_COUVERT,[],0
GGI1.F,Beijing Energy Int.Hld.Co.Ltd.R,2026-10-10T12:41:52.332036+00:00,https://www.sec.gov/files/company_tickers.json,MANQUANTE,NON_COUVERT,[],0
DM5.F,DMC Global Inc.               R,2026-10-10T12:41:52.332105+00:00,https://www.sec.gov/files/company_tickers.json,MANQUANTE,NON_COUVERT,[],0
W6O.F,Wintermar Offshore Marine TBK R,2026-10-10T12:41:52.332172+00:00,https://www.sec.gov/files/company_tickers.json,MANQUANTE,NON_COUVERT,[],0
LZO1.F,Societa Sportiva Lazio S.p.A. A,2026-10-10T12:41:52.332239+00:00,https://www.sec.gov/files/company_tickers.json,MANQUANTE,NON_COUVERT,[],0
3XU.F,Huijing Holdings Company Ltd  R,2026-10-10T12:41:52.332310+00:00,https://www.sec.gov/files/company_tickers.json,MANQUANTE,NON_COUVERT,[],0
B40.F,Tiny Ltd.                     R,2026-10-10T12:41:52.332377+00:00,https://www.sec.gov/files/company_tickers.json,MANQUANTE,NON_COUVERT,[],0
09B.F,lastminute.com NV             A,2026-10-10T12:41:52.332444+00:00,https://www.sec.gov/files/company_tickers.json,MANQUANTE,NON_COUVERT,[],0
OUY.F,Solid State PLC               R,2026-10-10T12:41:52.332510+00:00,https://www.sec.gov/files/company_tickers.json,MANQUANTE,NON_COUVERT,[],0
DR7.F,Hoyne Bancorp Inc.            R,2026-10-10T12:41:52.332579+00:00,https://www.sec.gov/files/company_tickers.json,MANQUANTE,NON_COUVERT,[],0
8YN.F,Currency Exchange Intl Corp.  R,2026-10-10T12:41:52.332647+00:00,https://www.sec.gov/files/company_tickers.json,MANQUANTE,NON_COUVERT,[],0
4T2.F,TRACSiS PLC                   R,2026-10-10T12:41:52.332714+00:00,https://www.sec.gov/files/company_tickers.json,MANQUANTE,NON_COUVERT,[],0
5NN.F,NNIT A/S                      N,2026-10-10T12:41:52.332782+00:00,https://www.sec.gov/files/company_tickers.json,MANQUANTE,NON_COUVERT,[],0
05S.F,Adriano Care Socimi SA        A,2026-10-10T12:41:52.332850+00:00,https://www.sec.gov/files/company_tickers.json,MANQUANTE,NON_COUVERT,[],0
WL8.F,Valsoia S.p.A.                A,2026-10-10T12:41:52.332917+00:00,https://www.sec.gov/files/company_tickers.json,MANQUANTE,NON_COUVERT,[],0
OA8.F,Enablence Technologies Inc.   R,2026-10-10T12:41:52.333012+00:00,https://www.sec.gov/files/company_tickers.json,MANQUANTE,NON_COUVERT,[],0
SY4.F,Ascent Industries Co.         R,2026-10-10T12:41:52.333087+00:00,https://www.sec.gov/files/company_tickers.json,MANQUANTE,NON_COUVERT,[],0
597.F,Bocom Internat. Hldgs.Co. Ltd.R,2026-10-10T12:41:52.333155+00:00,https://www.sec.gov/files/company_tickers.json,MANQUANTE,NON_COUVERT,[],0
T9CA.F,Team Inc.                     R,2026-10-10T12:41:52.333223+00:00,https://www.sec.gov/files/company_tickers.json,MANQUANTE,NON_COUVERT,[],0
5ZW.F,Helens International Holdings R,2026-10-10T12:41:52.333289+00:00,https://www.sec.gov/files/company_tickers.json,MANQUANTE,NON_COUVERT,[],0
RMP1.SG,RM PLC,2026-10-10T12:41:52.333356+00:00,https://www.sec.gov/files/company_tickers.json,MANQUANTE,NON_COUVERT,[],0
5I2.F,Gateley (Holdings) PLC        R,2026-10-10T12:41:52.333423+00:00,https://www.sec.gov/files/company_tickers.json,MANQUANTE,NON_COUVERT,[],0
UKC.F,CASH CONVERTERS INTERNATL LTD.R,2026-10-10T12:41:52.333497+00:00,https://www.sec.gov/files/company_tickers.json,MANQUANTE,NON_COUVERT,[],0
V5P.F,VYTRUS BIOTECH S.A.           A,2026-10-10T12:41:52.333569+00:00,https://www.sec.gov/files/company_tickers.json,MANQUANTE,NON_COUVERT,[],0
QIG.F,SIG PLC                       R,2026-10-10T12:41:52.333636+00:00,https://www.sec.gov/files/company_tickers.json,MANQUANTE,NON_COUVERT,[],0
MD8.F,Coast Entertainment Hold. Ltd.R,2026-10-10T12:41:52.333704+00:00,https://www.sec.gov/files/company_tickers.json,MANQUANTE,NON_COUVERT,[],0
6J4.F,AXYZ CO. LTD.                 R,2026-10-10T12:41:52.333784+00:00,https://www.sec.gov/files/company_tickers.json,MANQUANTE,NON_COUVERT,[],0
8YK.F,EXEL INDUSTRIES S.A.          A,2026-10-10T12:41:52.333862+00:00,https://www.sec.gov/files/company_tickers.json,MANQUANTE,NON_COUVERT,[],0
CQ1.F,Cygnus Metals Ltd.            R,2026-10-10T12:41:52.333934+00:00,https://www.sec.gov/files/company_tickers.json,MANQUANTE,NON_COUVERT,[],0
XEUA.F,KSH Holdings Ltd.             R,2026-10-10T12:41:52.334037+00:00,https://www.sec.gov/files/company_tickers.json,MANQUANTE,NON_COUVERT,[],0
RCO.F,RESOURCES CONNECTION INC.     R,2026-10-10T12:41:52.334114+00:00,https://www.sec.gov/files/company_tickers.json,MANQUANTE,NON_COUVERT,[],0
U7Y.F,GL-Carlink Technology Holding R,2026-10-10T12:41:52.334185+00:00,https://www.sec.gov/files/company_tickers.json,MANQUANTE,NON_COUVERT,[],0
5LC.F,Sicily by Car S.p.A.          A,2026-10-10T12:41:52.334253+00:00,https://www.sec.gov/files/company_tickers.json,MANQUANTE,NON_COUVERT,[],0
DW51.F,Aemetis Inc.                  R,2026-10-10T12:41:52.334326+00:00,https://www.sec.gov/files/company_tickers.json,MANQUANTE,NON_COUVERT,[],0
MDF.F,MEDIFAST INC.                 R,2026-10-10T12:41:52.334394+00:00,https://www.sec.gov/files/company_tickers.json,MANQUANTE,NON_COUVERT,[],0
3WY.F,Roadside Real Estate PLC      R,2026-10-10T12:41:52.334467+00:00,https://www.sec.gov/files/company_tickers.json,MANQUANTE,NON_COUVERT,[],0
19R.F,SRP Groupe                    A,2026-10-10T12:41:52.334547+00:00,https://www.sec.gov/files/company_tickers.json,MANQUANTE,NON_COUVERT,[],0
SD0.F,SDI Group PLC                 R,2026-10-10T12:41:52.334616+00:00,https://www.sec.gov/files/company_tickers.json,MANQUANTE,NON_COUVERT,[],0
2S1.F,AIRBOSS OF AMERICA CORP.      R,2026-10-10T12:41:52.334694+00:00,https://www.sec.gov/files/company_tickers.json,MANQUANTE,NON_COUVERT,[],0
8TY0.F,Exel Composites Oyj           R,2026-10-10T12:41:52.334765+00:00,https://www.sec.gov/files/company_tickers.json,MANQUANTE,NON_COUVERT,[],0
0N9.F,Patagonia Gold Corp.          R,2026-10-10T12:41:52.334833+00:00,https://www.sec.gov/files/company_tickers.json,MANQUANTE,NON_COUVERT,[],0
L97.F,Yonghe Medical Group Co. Ltd. R,2026-10-10T12:41:52.334900+00:00,https://www.sec.gov/files/company_tickers.json,MANQUANTE,NON_COUVERT,[],0
CBZ.F,Capral Ltd.                   R,2026-10-10T12:41:52.334992+00:00,https://www.sec.gov/files/company_tickers.json,MANQUANTE,NON_COUVERT,[],0
SOE1.F,Sanden Corp.                  R,2026-10-10T12:41:52.335066+00:00,https://www.sec.gov/files/company_tickers.json,MANQUANTE,NON_COUVERT,[],0
4LZ.F,Piquadro S.p.A.               A,2026-10-10T12:41:52.335134+00:00,https://www.sec.gov/files/company_tickers.json,MANQUANTE,NON_COUVERT,[],0
DY8.F,DouYu International Holdings LR,2026-10-10T12:41:52.335202+00:00,https://www.sec.gov/files/company_tickers.json,MANQUANTE,NON_COUVERT,[],0
9B4.F,Freelance.com                 A,2026-10-10T12:41:52.335271+00:00,https://www.sec.gov/files/company_tickers.json,MANQUANTE,NON_COUVERT,[],0
92I.F,Romerike Sparebank            N,2026-10-10T12:41:52.335339+00:00,https://www.sec.gov/files/company_tickers.json,MANQUANTE,NON_COUVERT,[],0
YY8.F,Stealth Group Holdings Ltd.   R,2026-10-10T12:41:52.335412+00:00,https://www.sec.gov/files/company_tickers.json,MANQUANTE,NON_COUVERT,[],0
5VB.F,Nykode Therapeutics ASA       N,2026-10-10T12:41:52.335482+00:00,https://www.sec.gov/files/company_tickers.json,MANQUANTE,NON_COUVERT,[],0
1ZV.F,AmeriTrust Fin.Technology Inc.R,2026-10-10T12:41:52.335550+00:00,https://www.sec.gov/files/company_tickers.json,MANQUANTE,NON_COUVERT,[],0
LYF.F,EKF Diagnostics Holdings PLC  R,2026-10-10T12:41:52.335619+00:00,https://www.sec.gov/files/company_tickers.json,MANQUANTE,NON_COUVERT,[],0
5YI.F,Nyxoah S.A.                   A,2026-10-10T12:41:52.335693+00:00,https://www.sec.gov/files/company_tickers.json,MANQUANTE,NON_COUVERT,[],0
KGR.F,LEWAG HOLDING AG              I,2026-10-10T12:41:52.335760+00:00,https://www.sec.gov/files/company_tickers.json,MANQUANTE,NON_COUVERT,[],0
NH7.SG,Netcare Ltd.,2026-10-10T12:41:52.335832+00:00,https://www.sec.gov/files/company_tickers.json,MANQUANTE,NON_COUVERT,[],0
11B.F,Advance Terrafund REIT        I,2026-10-10T12:41:52.335901+00:00,https://www.sec.gov/files/company_tickers.json,MANQUANTE,NON_COUVERT,[],0
1GK.F,GateKeeper Systems Inc.       R,2026-10-10T12:41:52.335988+00:00,https://www.sec.gov/files/company_tickers.json,MANQUANTE,NON_COUVERT,[],0
CAA.F,Cafom S.A.                    A,2026-10-10T12:41:52.336062+00:00,https://www.sec.gov/files/company_tickers.json,MANQUANTE,NON_COUVERT,[],0
KF60.F,Videndum PLC                  R,2026-10-10T12:41:52.336130+00:00,https://www.sec.gov/files/company_tickers.json,MANQUANTE,NON_COUVERT,[],0
E1V.MU,Eidesvik Offshore ASA         N,2026-10-10T12:41:52.336198+00:00,https://www.sec.gov/files/company_tickers.json,MANQUANTE,NON_COUVERT,[],0
5U2.F,CYBERTRUST JAPAN CO. LTD.     R,2026-10-10T12:41:52.336268+00:00,https://www.sec.gov/files/company_tickers.json,MANQUANTE,NON_COUVERT,[],0
6AU.F,"TBS Energi Utama Tbk, PT      R",2026-10-10T12:41:52.336338+00:00,https://www.sec.gov/files/company_tickers.json,MANQUANTE,NON_COUVERT,[],0
PCHP.F,SERI INDUSTRIAL S.p.A.        A,2026-10-10T12:41:52.336404+00:00,https://www.sec.gov/files/company_tickers.json,MANQUANTE,NON_COUVERT,[],0
WHE.F,Pacific Textiles Hldgs Ltd.   R,2026-10-10T12:41:52.336483+00:00,https://www.sec.gov/files/company_tickers.json,MANQUANTE,NON_COUVERT,[],0
EK4.F,EMAK S.P.A.                   A,2026-10-10T12:41:52.336562+00:00,https://www.sec.gov/files/company_tickers.json,MANQUANTE,NON_COUVERT,[],0
BDO.F,Clarus Corp.                  R,2026-10-10T12:41:52.336632+00:00,https://www.sec.gov/files/company_tickers.json,MANQUANTE,NON_COUVERT,[],0
LOO.F,Look Holdings Inc.            R,2026-10-10T12:41:52.336703+00:00,https://www.sec.gov/files/company_tickers.json,MANQUANTE,NON_COUVERT,[],0
CCDG.SG,Cal-Comp Electronics Thailand P,2026-10-10T12:41:52.336770+00:00,https://www.sec.gov/files/company_tickers.json,MANQUANTE,NON_COUVERT,[],0
7F9.F,Genesis Land Development Corp.R,2026-10-10T12:41:52.336836+00:00,https://www.sec.gov/files/company_tickers.json,MANQUANTE,NON_COUVERT,[],0
TPM0.F,Tonix Pharma. Holding Corp.   R,2026-10-10T12:41:52.336902+00:00,https://www.sec.gov/files/company_tickers.json,MANQUANTE,NON_COUVERT,[],0
8KH.F,Torex Semiconductor Ltd.      R,2026-10-10T12:41:52.336991+00:00,https://www.sec.gov/files/company_tickers.json,MANQUANTE,NON_COUVERT,[],0
KEBA.F,Kencana Agri Ltd.             R,2026-10-10T12:41:52.337068+00:00,https://www.sec.gov/files/company_tickers.json,MANQUANTE,NON_COUVERT,[],0
DGL.F,Dynagas LNG Partners L.P.     R,2026-10-10T12:41:52.337142+00:00,https://www.sec.gov/files/company_tickers.json,MANQUANTE,NON_COUVERT,[],0
5UP.F,KEYRUS S.A.                   A,2026-10-10T12:41:52.337212+00:00,https://www.sec.gov/files/company_tickers.json,MANQUANTE,NON_COUVERT,[],0
TC1.HM,Tele Columbus AG              N,2026-10-10T12:41:52.337284+00:00,https://www.sec.gov/files/company_tickers.json,MANQUANTE,NON_COUVERT,[],0
0LT.F,Leoch International TechnologyR,2026-10-10T12:41:52.337357+00:00,https://www.sec.gov/files/company_tickers.json,MANQUANTE,NON_COUVERT,[],0
0L3.F,Severfield PLC                R,2026-10-10T12:41:52.337425+00:00,https://www.sec.gov/files/company_tickers.json,MANQUANTE,NON_COUVERT,[],0
IF7.F,Iofina PLC                    R,2026-10-10T12:41:52.337497+00:00,https://www.sec.gov/files/company_tickers.json,MANQUANTE,NON_COUVERT,[],0
2YP.F,Health Catalyst Inc.          R,2026-10-10T12:41:52.337564+00:00,https://www.sec.gov/files/company_tickers.json,MANQUANTE,NON_COUVERT,[],0
MVX.F,Tata Steel (Thailand) PCL     R,2026-10-10T12:41:52.337637+00:00,https://www.sec.gov/files/company_tickers.json,MANQUANTE,NON_COUVERT,[],0
ACS.F,ATHENS MEDICAL CENTER S.A.    N,2026-10-10T12:41:52.337704+00:00,https://www.sec.gov/files/company_tickers.json,MANQUANTE,NON_COUVERT,[],0
1BHA.F,American Rare Earths Ltd.     R,2026-10-10T12:41:52.337771+00:00,https://www.sec.gov/files/company_tickers.json,MANQUANTE,NON_COUVERT,[],0
CI0.F,Aurrigo International PLC     R,2026-10-10T12:41:52.337837+00:00,https://www.sec.gov/files/company_tickers.json,MANQUANTE,NON_COUVERT,[],0
BDG.F,Beijing Urban Cons.D.+Dev.Grp R,2026-10-10T12:41:52.337903+00:00,https://www.sec.gov/files/company_tickers.json,MANQUANTE,NON_COUVERT,[],0
2U2.F,UBM Development AG            I,2026-10-10T12:41:52.337991+00:00,https://www.sec.gov/files/company_tickers.json,MANQUANTE,NON_COUVERT,[],0
PHS.F,PHOTOCURE ASA                 N,2026-10-10T12:41:52.338065+00:00,https://www.sec.gov/files/company_tickers.json,MANQUANTE,NON_COUVERT,[],0
3S8.F,North Media A/S               N,2026-10-10T12:41:52.338133+00:00,https://www.sec.gov/files/company_tickers.json,MANQUANTE,NON_COUVERT,[],0
ON6.F,HAIKI + S.p.A.                A,2026-10-10T12:41:52.338199+00:00,https://www.sec.gov/files/company_tickers.json,MANQUANTE,NON_COUVERT,[],0
37B.F,B&C Speakers S.p.A.           A,2026-10-10T12:41:52.338266+00:00,https://www.sec.gov/files/company_tickers.json,MANQUANTE,NON_COUVERT,[],0
IU8.MU,Zematijos Pienas AB           R,2026-10-10T12:41:52.338332+00:00,https://www.sec.gov/files/company_tickers.json,MANQUANTE,NON_COUVERT,[],0
BSG0.F,Atlantic Lithium Ltd.         R,2026-10-10T12:41:52.338405+00:00,https://www.sec.gov/files/company_tickers.json,MANQUANTE,NON_COUVERT,[],0
B2S.F,Banca Sistema S.p.A.          A,2026-10-10T12:41:52.338474+00:00,https://www.sec.gov/files/company_tickers.json,MANQUANTE,NON_COUVERT,[],0
9EM.F,Elementos Ltd.                R,2026-10-10T12:41:52.338541+00:00,https://www.sec.gov/files/company_tickers.json,MANQUANTE,NON_COUVERT,[],0
O3B.F,Yoma Strategic Holdings Ltd.  R,2026-10-10T12:41:52.338613+00:00,https://www.sec.gov/files/company_tickers.json,MANQUANTE,NON_COUVERT,[],0
WY2.F,YAMAYA CORP.                  R,2026-10-10T12:41:52.338684+00:00,https://www.sec.gov/files/company_tickers.json,MANQUANTE,NON_COUVERT,[],0
5M8.F,Mammoth Energy Services Inc.  R,2026-10-10T12:41:52.338750+00:00,https://www.sec.gov/files/company_tickers.json,MANQUANTE,NON_COUVERT,[],0
E7L.F,Euroz Hartleys Group Ltd.     R,2026-10-10T12:41:52.338817+00:00,https://www.sec.gov/files/company_tickers.json,MANQUANTE,NON_COUVERT,[],0
SO6.F,Hydreight Technologies Inc.   R,2026-10-10T12:41:52.338884+00:00,https://www.sec.gov/files/company_tickers.json,MANQUANTE,NON_COUVERT,[],0
SUO.F,CWT International Ltd.        R,2026-10-10T12:41:52.338949+00:00,https://www.sec.gov/files/company_tickers.json,MANQUANTE,NON_COUVERT,[],0
GM7.F,Gateway Mining Ltd.           R,2026-10-10T12:41:52.339047+00:00,https://www.sec.gov/files/company_tickers.json,MANQUANTE,NON_COUVERT,[],0
HKQ.F,China Vered Financial Holding R,2026-10-10T12:41:52.339119+00:00,https://www.sec.gov/files/company_tickers.json,MANQUANTE,NON_COUVERT,[],0
8OT.F,Douglas Elliman Inc.          R,2026-10-10T12:41:52.339188+00:00,https://www.sec.gov/files/company_tickers.json,MANQUANTE,NON_COUVERT,[],0
3AC.F,Actinogen Medical Ltd.        R,2026-10-10T12:41:52.339255+00:00,https://www.sec.gov/files/company_tickers.json,MANQUANTE,NON_COUVERT,[],0
3WQ0.F,Kenorland Minerals Ltd.       R,2026-10-10T12:41:52.339322+00:00,https://www.sec.gov/files/company_tickers.json,MANQUANTE,NON_COUVERT,[],0
SE0.F,Golden Matrix Group Inc.      R,2026-10-10T12:41:52.339388+00:00,https://www.sec.gov/files/company_tickers.json,MANQUANTE,NON_COUVERT,[],0
PLJ2.F,Playmates Holdings Ltd.       R,2026-10-10T12:41:52.339454+00:00,https://www.sec.gov/files/company_tickers.json,MANQUANTE,NON_COUVERT,[],0
84F.F,Norsk Titanium AS             N,2026-10-10T12:41:52.339522+00:00,https://www.sec.gov/files/company_tickers.json,MANQUANTE,NON_COUVERT,[],0
V3S.HM,Vectron Systems AG            I,2026-10-10T12:41:52.339588+00:00,https://www.sec.gov/files/company_tickers.json,MANQUANTE,NON_COUVERT,[],0
G1V.F,MC Mining Ltd.                R,2026-10-10T12:41:52.339654+00:00,https://www.sec.gov/files/company_tickers.json,MANQUANTE,NON_COUVERT,[],0
QIN.F,Qingling Motors Co. Ltd.      R,2026-10-10T12:41:52.339720+00:00,https://www.sec.gov/files/company_tickers.json,MANQUANTE,NON_COUVERT,[],0
EGCA.F,eGain Corp.                   R,2026-10-10T12:41:52.339786+00:00,https://www.sec.gov/files/company_tickers.json,MANQUANTE,NON_COUVERT,[],0
22T.F,Oxford Square Capital Corp.   R,2026-10-10T12:41:52.339853+00:00,https://www.sec.gov/files/company_tickers.json,MANQUANTE,NON_COUVERT,[],0
2NH.F,Naturhouse Health S.A.        A,2026-10-10T12:41:52.339920+00:00,https://www.sec.gov/files/company_tickers.json,MANQUANTE,NON_COUVERT,[],0
17F.F,FDM Group (Holdings) PLC      R,2026-10-10T12:41:52.340015+00:00,https://www.sec.gov/files/company_tickers.json,MANQUANTE,NON_COUVERT,[],0
I15.F,Telematik Interaktiv BalgariyaR,2026-10-10T12:41:52.340088+00:00,https://www.sec.gov/files/company_tickers.json,MANQUANTE,NON_COUVERT,[],0
CI0.SG,Aurrigo International PLC,2026-10-10T12:41:52.340155+00:00,https://www.sec.gov/files/company_tickers.json,MANQUANTE,NON_COUVERT,[],0
1GJ.F,First Guaranty Bancshares Inc.R,2026-10-10T12:41:52.340222+00:00,https://www.sec.gov/files/company_tickers.json,MANQUANTE,NON_COUVERT,[],0
8NW.F,Newton Resources Ltd          R,2026-10-10T12:41:52.340296+00:00,https://www.sec.gov/files/company_tickers.json,MANQUANTE,NON_COUVERT,[],0
65T.F,Fountaine Pajot SA            A,2026-10-10T12:41:52.340364+00:00,https://www.sec.gov/files/company_tickers.json,MANQUANTE,NON_COUVERT,[],0
VAU.F,Varia US Properties AG        V,2026-10-10T12:41:52.340431+00:00,https://www.sec.gov/files/company_tickers.json,MANQUANTE,NON_COUVERT,[],0
FZS.F,Fleetwood Ltd.                R,2026-10-10T12:41:52.340508+00:00,https://www.sec.gov/files/company_tickers.json,MANQUANTE,NON_COUVERT,[],0
7YM.F,NSE S.A.                      A,2026-10-10T12:41:52.340573+00:00,https://www.sec.gov/files/company_tickers.json,MANQUANTE,NON_COUVERT,[],0
B46.F,Intron Technology Holdings LtdR,2026-10-10T12:41:52.340638+00:00,https://www.sec.gov/files/company_tickers.json,MANQUANTE,NON_COUVERT,[],0
KX4A.F,KLX Energy Services Hldgs Inc.R,2026-10-10T12:41:52.340711+00:00,https://www.sec.gov/files/company_tickers.json,MANQUANTE,NON_COUVERT,[],0
WPK.F,Warehouses Estates Belgium SA A,2026-10-10T12:41:52.340781+00:00,https://www.sec.gov/files/company_tickers.json,MANQUANTE,NON_COUVERT,[],0
FXG.F,Foxtons Group PLC             R,2026-10-10T12:41:52.340847+00:00,https://www.sec.gov/files/company_tickers.json,MANQUANTE,NON_COUVERT,[],0
A10.F,Invinity Energy Systems Ltd.  R,2026-10-10T12:41:52.340914+00:00,https://www.sec.gov/files/company_tickers.json,MANQUANTE,NON_COUVERT,[],0
KN6.F,KGL Resources Ltd.            R,2026-10-10T12:41:52.341004+00:00,https://www.sec.gov/files/company_tickers.json,MANQUANTE,NON_COUVERT,[],0
C7D.F,Chanjet Inform.Techn.Co.Ltd.  R,2026-10-10T12:41:52.341076+00:00,https://www.sec.gov/files/company_tickers.json,MANQUANTE,NON_COUVERT,[],0
PWE.F,PW Medtech Group Ltd.         R,2026-10-10T12:41:52.341143+00:00,https://www.sec.gov/files/company_tickers.json,MANQUANTE,NON_COUVERT,[],0
27V0.F,Avantium N.V.                 B,2026-10-10T12:41:52.341212+00:00,https://www.sec.gov/files/company_tickers.json,MANQUANTE,NON_COUVERT,[],0
T04.F,Titomic Ltd                   R,2026-10-10T12:41:52.341279+00:00,https://www.sec.gov/files/company_tickers.json,MANQUANTE,NON_COUVERT,[],0
QZ2.F,Dexelance S.p.A.              A,2026-10-10T12:41:52.341350+00:00,https://www.sec.gov/files/company_tickers.json,MANQUANTE,NON_COUVERT,[],0
91X.F,Gevorkyan s.r.o.              N,2026-10-10T12:41:52.341420+00:00,https://www.sec.gov/files/company_tickers.json,MANQUANTE,NON_COUVERT,[],0
G12.F,Global Atomic Corp.           R,2026-10-10T12:41:52.341488+00:00,https://www.sec.gov/files/company_tickers.json,MANQUANTE,NON_COUVERT,[],0
F5L.F,Humm Group Ltd.               R,2026-10-10T12:41:52.341557+00:00,https://www.sec.gov/files/company_tickers.json,MANQUANTE,NON_COUVERT,[],0
957.F,Digital Hearts Holdings Co.LtdR,2026-10-10T12:41:52.341626+00:00,https://www.sec.gov/files/company_tickers.json,MANQUANTE,NON_COUVERT,[],0
29C1.F,CareRx Corp.                  R,2026-10-10T12:41:52.341694+00:00,https://www.sec.gov/files/company_tickers.json,MANQUANTE,NON_COUVERT,[],0
QC8.F,H-Power Plc                   R,2026-10-10T12:41:52.341760+00:00,https://www.sec.gov/files/company_tickers.json,MANQUANTE,NON_COUVERT,[],0
2QR.F,QRF CVA                       A,2026-10-10T12:41:52.341827+00:00,https://www.sec.gov/files/company_tickers.json,MANQUANTE,NON_COUVERT,[],0
0B0.F,CBo Territoria                A,2026-10-10T12:41:52.341894+00:00,https://www.sec.gov/files/company_tickers.json,MANQUANTE,NON_COUVERT,[],0
SI7.F,SIFCO INDUSTRIES INC.         R,2026-10-10T12:41:52.341980+00:00,https://www.sec.gov/files/company_tickers.json,MANQUANTE,NON_COUVERT,[],0
ELI.F,Vera Bradley Inc.             R,2026-10-10T12:41:52.342057+00:00,https://www.sec.gov/files/company_tickers.json,MANQUANTE,NON_COUVERT,[],0
1X4.F,Motorpoint Group PLC          R,2026-10-10T12:41:52.342126+00:00,https://www.sec.gov/files/company_tickers.json,MANQUANTE,NON_COUVERT,[],0
0CY.F,Masi Agricola S.p.A.          A,2026-10-10T12:41:52.342194+00:00,https://www.sec.gov/files/company_tickers.json,MANQUANTE,NON_COUVERT,[],0
OCS1.F,Pharos Energy PLC             R,2026-10-10T12:41:52.342261+00:00,https://www.sec.gov/files/company_tickers.json,MANQUANTE,NON_COUVERT,[],0
EP7.F,Evolution Petroleum Corp.     R,2026-10-10T12:41:52.342328+00:00,https://www.sec.gov/files/company_tickers.json,MANQUANTE,NON_COUVERT,[],0
TG1N.F,Armata Pharmaceuticals Inc.   R,2026-10-10T12:41:52.342395+00:00,https://www.sec.gov/files/company_tickers.json,MANQUANTE,NON_COUVERT,[],0
PJ4A.F,ReposiTrak Inc.               R,2026-10-10T12:41:52.342461+00:00,https://www.sec.gov/files/company_tickers.json,MANQUANTE,NON_COUVERT,[],0
BI2.F,BIESSE S.P.A.                 A,2026-10-10T12:41:52.342528+00:00,https://www.sec.gov/files/company_tickers.json,MANQUANTE,NON_COUVERT,[],0
5QA.F,DUG Technology Ltd.           R,2026-10-10T12:41:52.342594+00:00,https://www.sec.gov/files/company_tickers.json,MANQUANTE,NON_COUVERT,[],0
HC2.F,HURCO COMPANIES INC.          R,2026-10-10T12:41:52.342661+00:00,https://www.sec.gov/files/company_tickers.json,MANQUANTE,NON_COUVERT,[],0
B0Z.F,Redelfi S.p.A.                A,2026-10-10T12:41:52.342738+00:00,https://www.sec.gov/files/company_tickers.json,MANQUANTE,NON_COUVERT,[],0
Y87.F,Golconda Gold Ltd.            R,2026-10-10T12:41:52.342807+00:00,https://www.sec.gov/files/company_tickers.json,MANQUANTE,NON_COUVERT,[],0
69R.F,Appear ASA                    R,2026-10-10T12:41:52.342880+00:00,https://www.sec.gov/files/company_tickers.json,MANQUANTE,NON_COUVERT,[],0
Y96.F,Nations Royalty Corp.         R,2026-10-10T12:41:52.342950+00:00,https://www.sec.gov/files/company_tickers.json,MANQUANTE,NON_COUVERT,[],0
GMWA.F,Boab Metals Ltd.              R,2026-10-10T12:41:52.343051+00:00,https://www.sec.gov/files/company_tickers.json,MANQUANTE,NON_COUVERT,[],0
VT6.F,Voyager Therapeutics Inc.     R,2026-10-10T12:41:52.343120+00:00,https://www.sec.gov/files/company_tickers.json,MANQUANTE,NON_COUVERT,[],0
QS0.F,Silver Crown Royalties Inc.   R,2026-10-10T12:41:52.343192+00:00,https://www.sec.gov/files/company_tickers.json,MANQUANTE,NON_COUVERT,[],0
1ON.F,Huckleberry.ai Inc.           R,2026-10-10T12:41:52.343261+00:00,https://www.sec.gov/files/company_tickers.json,MANQUANTE,NON_COUVERT,[],0
I49.F,Master Drilling Group Ltd.    R,2026-10-10T12:41:52.343335+00:00,https://www.sec.gov/files/company_tickers.json,MANQUANTE,NON_COUVERT,[],0
0WT.F,Kanamic Network Co. LTD.      R,2026-10-10T12:41:52.343403+00:00,https://www.sec.gov/files/company_tickers.json,MANQUANTE,NON_COUVERT,[],0
N4Q1.F,Hemisphere Energy Corp.       R,2026-10-10T12:41:52.343470+00:00,https://www.sec.gov/files/company_tickers.json,MANQUANTE,NON_COUVERT,[],0
4LX.F,General de Alquiler de M. S.A.A,2026-10-10T12:41:52.343537+00:00,https://www.sec.gov/files/company_tickers.json,MANQUANTE,NON_COUVERT,[],0
GW7.F,Fais Holding S.A.             N,2026-10-10T12:41:52.343604+00:00,https://www.sec.gov/files/company_tickers.json,MANQUANTE,NON_COUVERT,[],0
5RG.F,Altair Minerals Ltd.          R,2026-10-10T12:41:52.343671+00:00,https://www.sec.gov/files/company_tickers.json,MANQUANTE,NON_COUVERT,[],0
MUT3.F,MINERALBR.UEBERK.-VZ-,2026-10-10T12:41:52.343738+00:00,https://www.sec.gov/files/company_tickers.json,MANQUANTE,NON_COUVERT,[],0
8CB0.F,Cannara Biotech Inc.          R,2026-10-10T12:41:52.343804+00:00,https://www.sec.gov/files/company_tickers.json,MANQUANTE,NON_COUVERT,[],0
1EH.F,Dominion Hosting Hldg S.p.A.  A,2026-10-10T12:41:52.343872+00:00,https://www.sec.gov/files/company_tickers.json,MANQUANTE,NON_COUVERT,[],0
WW60.F,WW International Inc.         R,2026-10-10T12:41:52.343947+00:00,https://www.sec.gov/files/company_tickers.json,MANQUANTE,NON_COUVERT,[],0
0O9.F,Niu Technologies              R,2026-10-10T12:41:52.344042+00:00,https://www.sec.gov/files/company_tickers.json,MANQUANTE,NON_COUVERT,[],0
44N.F,ZUIKO CORP.                   R,2026-10-10T12:41:52.344116+00:00,https://www.sec.gov/files/company_tickers.json,MANQUANTE,NON_COUVERT,[],0
OCC.F,Optical Cable Corp.           R,2026-10-10T12:41:52.344186+00:00,https://www.sec.gov/files/company_tickers.json,MANQUANTE,NON_COUVERT,[],0
LE70.F,Lee Enterprises Inc.          R,2026-10-10T12:41:52.344254+00:00,https://www.sec.gov/files/company_tickers.json,MANQUANTE,NON_COUVERT,[],0
S3T.F,Shutterstock Inc.             R,2026-10-10T12:41:52.344328+00:00,https://www.sec.gov/files/company_tickers.json,MANQUANTE,NON_COUVERT,[],0
8F5.F,Eagle Bancorp Montana Inc.    R,2026-10-10T12:41:52.344408+00:00,https://www.sec.gov/files/company_tickers.json,MANQUANTE,NON_COUVERT,[],0
HSW.F,Hostelworld Group PLC         R,2026-10-10T12:41:52.344476+00:00,https://www.sec.gov/files/company_tickers.json,MANQUANTE,NON_COUVERT,[],0
S2Y.F,Digia Oyj                     R,2026-10-10T12:41:52.344549+00:00,https://www.sec.gov/files/company_tickers.json,MANQUANTE,NON_COUVERT,[],0
X1B.F,HAFFNER ENERGY S.A.           A,2026-10-10T12:41:52.344616+00:00,https://www.sec.gov/files/company_tickers.json,MANQUANTE,NON_COUVERT,[],0
R9L.F,ACRES Commercial Realty Corp. R,2026-10-10T12:41:52.344686+00:00,https://www.sec.gov/files/company_tickers.json,MANQUANTE,NON_COUVERT,[],0
ID9.F,Helloworld Travel Ltd.        R,2026-10-10T12:41:52.344759+00:00,https://www.sec.gov/files/company_tickers.json,MANQUANTE,NON_COUVERT,[],0
XPK.F,White Energy Co. Ltd.         R,2026-10-10T12:41:52.344834+00:00,https://www.sec.gov/files/company_tickers.json,MANQUANTE,NON_COUVERT,[],0
J97.F,EKTER S.A.                    N,2026-10-10T12:41:52.344913+00:00,https://www.sec.gov/files/company_tickers.json,MANQUANTE,NON_COUVERT,[],0
6DU.F,Duluth Holdings Inc.          R,2026-10-10T12:41:52.345005+00:00,https://www.sec.gov/files/company_tickers.json,MANQUANTE,NON_COUVERT,[],0
WAY.F,Shenwan Hongyuan (H.K.) Ltd.  R,2026-10-10T12:41:52.345079+00:00,https://www.sec.gov/files/company_tickers.json,MANQUANTE,NON_COUVERT,[],0
M9X.F,WhiteHorse Finance Inc.       R,2026-10-10T12:41:52.345146+00:00,https://www.sec.gov/files/company_tickers.json,MANQUANTE,NON_COUVERT,[],0
25D.F,TRIFAST PLC                   R,2026-10-10T12:41:52.345218+00:00,https://www.sec.gov/files/company_tickers.json,MANQUANTE,NON_COUVERT,[],0
EWC.SG,Chaowei Power Holdings Ltd,2026-10-10T12:41:52.345296+00:00,https://www.sec.gov/files/company_tickers.json,MANQUANTE,NON_COUVERT,[],0
JNY.F,JW (Cayman) Therapeut. Co. LtdR,2026-10-10T12:41:52.345365+00:00,https://www.sec.gov/files/company_tickers.json,MANQUANTE,NON_COUVERT,[],0
LKT.F,Lucara Diamond Corp.          R,2026-10-10T12:41:52.345432+00:00,https://www.sec.gov/files/company_tickers.json,MANQUANTE,NON_COUVERT,[],0
EAQ.F,EASTERN CO. THE               R,2026-10-10T12:41:52.345499+00:00,https://www.sec.gov/files/company_tickers.json,MANQUANTE,NON_COUVERT,[],0
OA5.F,Dynacor Group Inc.            R,2026-10-10T12:41:52.345575+00:00,https://www.sec.gov/files/company_tickers.json,MANQUANTE,NON_COUVERT,[],0
ZHY.F,Zhou Hei Ya Intrn. Hld.Co.Ltd R,2026-10-10T12:41:52.345644+00:00,https://www.sec.gov/files/company_tickers.json,MANQUANTE,NON_COUVERT,[],0
6C4.F,Chimimport JSC                R,2026-10-10T12:41:52.345713+00:00,https://www.sec.gov/files/company_tickers.json,MANQUANTE,NON_COUVERT,[],0
AYD.SG,Assistance Technique et Etudes,2026-10-10T12:41:52.345782+00:00,https://www.sec.gov/files/company_tickers.json,MANQUANTE,NON_COUVERT,[],0
MZ3.SG,Sparebank 1 Nordmore,2026-10-10T12:41:52.345854+00:00,https://www.sec.gov/files/company_tickers.json,MANQUANTE,NON_COUVERT,[],0
8JC.F,Metallium Ltd.                R,2026-10-10T12:41:52.345924+00:00,https://www.sec.gov/files/company_tickers.json,MANQUANTE,NON_COUVERT,[],0
5YU0.F,Sinclair Gold Ltd.            R,2026-10-10T12:41:52.346033+00:00,https://www.sec.gov/files/company_tickers.json,MANQUANTE,NON_COUVERT,[],0
M7P.F,Intred S.p.A.                 A,2026-10-10T12:41:52.346110+00:00,https://www.sec.gov/files/company_tickers.json,MANQUANTE,NON_COUVERT,[],0
WUG.HM,Westag AG                     I,2026-10-10T12:41:52.346178+00:00,https://www.sec.gov/files/company_tickers.json,MANQUANTE,NON_COUVERT,[],0
9Z9.SG,Castings PLC,2026-10-10T12:41:52.346249+00:00,https://www.sec.gov/files/company_tickers.json,MANQUANTE,NON_COUVERT,[],0
WM8.SG,Grigeo AB,2026-10-10T12:41:52.346322+00:00,https://www.sec.gov/files/company_tickers.json,MANQUANTE,NON_COUVERT,[],0
SJ4A.F,TEXAF S.A.                    A,2026-10-10T12:41:52.346395+00:00,https://www.sec.gov/files/company_tickers.json,MANQUANTE,NON_COUVERT,[],0
P4N.F,POLYTEC Holding AG            I,2026-10-10T12:41:52.346470+00:00,https://www.sec.gov/files/company_tickers.json,MANQUANTE,NON_COUVERT,[],0
3W4.F,Waterco Ltd.                  R,2026-10-10T12:41:52.346540+00:00,https://www.sec.gov/files/company_tickers.json,MANQUANTE,NON_COUVERT,[],0
4QK.F,Codexis Inc.                  R,2026-10-10T12:41:52.346610+00:00,https://www.sec.gov/files/company_tickers.json,MANQUANTE,NON_COUVERT,[],0
6IO.F,Inogen Inc.                   R,2026-10-10T12:41:52.346677+00:00,https://www.sec.gov/files/company_tickers.json,MANQUANTE,NON_COUVERT,[],0
S5B0.F,Fjord Defence Group ASA       N,2026-10-10T12:41:52.346743+00:00,https://www.sec.gov/files/company_tickers.json,MANQUANTE,NON_COUVERT,[],0
VR4.F,LGI Ltd                       R,2026-10-10T12:41:52.346810+00:00,https://www.sec.gov/files/company_tickers.json,MANQUANTE,NON_COUVERT,[],0
GG2.F,Gorilla Gold Mines Ltd.       R,2026-10-10T12:41:52.346878+00:00,https://www.sec.gov/files/company_tickers.json,MANQUANTE,NON_COUVERT,[],0
KC7.F,AMA Group Ltd.                R,2026-10-10T12:41:52.346949+00:00,https://www.sec.gov/files/company_tickers.json,MANQUANTE,NON_COUVERT,[],0
HKR.F,HKR INTERNATIONAL LTD.        R,2026-10-10T12:41:52.347047+00:00,https://www.sec.gov/files/company_tickers.json,MANQUANTE,NON_COUVERT,[],0
HG6.F,Mayne Pharma Group Ltd.       R,2026-10-10T12:41:52.347116+00:00,https://www.sec.gov/files/company_tickers.json,MANQUANTE,NON_COUVERT,[],0
8WG.F,CATERING INTL SVCS S.A.-CIS   A,2026-10-10T12:41:52.347188+00:00,https://www.sec.gov/files/company_tickers.json,MANQUANTE,NON_COUVERT,[],0
LIL3.F,Paradise Entertainment Ltd.   R,2026-10-10T12:41:52.347258+00:00,https://www.sec.gov/files/company_tickers.json,MANQUANTE,NON_COUVERT,[],0
AYD.F,Assistance Tech.+Et.de Mat.El.A,2026-10-10T12:41:52.347326+00:00,https://www.sec.gov/files/company_tickers.json,MANQUANTE,NON_COUVERT,[],0
LW4.F,Impax Asset Management Grp PLCR,2026-10-10T12:41:52.347393+00:00,https://www.sec.gov/files/company_tickers.json,MANQUANTE,NON_COUVERT,[],0
HX1A.F,"Hexindo Adiperkasa, PT        R",2026-10-10T12:41:52.347470+00:00,https://www.sec.gov/files/company_tickers.json,MANQUANTE,NON_COUVERT,[],0
1FQ.F,Adairs Ltd.                   R,2026-10-10T12:41:52.347540+00:00,https://www.sec.gov/files/company_tickers.json,MANQUANTE,NON_COUVERT,[],0
RRN.F,Red Robin Gourmet Burgers Inc.R,2026-10-10T12:41:52.347606+00:00,https://www.sec.gov/files/company_tickers.json,MANQUANTE,NON_COUVERT,[],0
F6S0.F,DeFi Development Corp.        R,2026-10-10T12:41:52.347672+00:00,https://www.sec.gov/files/company_tickers.json,MANQUANTE,NON_COUVERT,[],0
3XS0.F,Gunnison Copper Corp.         R,2026-10-10T12:41:52.347738+00:00,https://www.sec.gov/files/company_tickers.json,MANQUANTE,NON_COUVERT,[],0
X7Q.F,Racing Force S.p.A.           A,2026-10-10T12:41:52.347804+00:00,https://www.sec.gov/files/company_tickers.json,MANQUANTE,NON_COUVERT,[],0
WRI.F,Elme Communities              R,2026-10-10T12:41:52.347870+00:00,https://www.sec.gov/files/company_tickers.json,MANQUANTE,NON_COUVERT,[],0
0JW.F,Jeld-Wen Holding Inc.         R,2026-10-10T12:41:52.347937+00:00,https://www.sec.gov/files/company_tickers.json,MANQUANTE,NON_COUVERT,[],0
BAOA.F,Bastogi S.p.A.                A,2026-10-10T12:41:52.348030+00:00,https://www.sec.gov/files/company_tickers.json,MANQUANTE,NON_COUVERT,[],0
F0Z.F,EnSilica PLC                  R,2026-10-10T12:41:52.348105+00:00,https://www.sec.gov/files/company_tickers.json,MANQUANTE,NON_COUVERT,[],0
MTK.F,Midland Holdings Ltd.         R,2026-10-10T12:41:52.348177+00:00,https://www.sec.gov/files/company_tickers.json,MANQUANTE,NON_COUVERT,[],0
CY3.F,Pacific Edge Ltd              R,2026-10-10T12:41:52.348244+00:00,https://www.sec.gov/files/company_tickers.json,MANQUANTE,NON_COUVERT,[],0
7SA.F,Skymark Airlines Inc.         R,2026-10-10T12:41:52.348310+00:00,https://www.sec.gov/files/company_tickers.json,MANQUANTE,NON_COUVERT,[],0
QS30.F,Solocal Group                 A,2026-10-10T12:41:52.348381+00:00,https://www.sec.gov/files/company_tickers.json,MANQUANTE,NON_COUVERT,[],0
GA7.F,Aimia Inc.                    R,2026-10-10T12:41:52.348457+00:00,https://www.sec.gov/files/company_tickers.json,MANQUANTE,NON_COUVERT,[],0
0FO.F,Focusrite PLC                 R,2026-10-10T12:41:52.348531+00:00,https://www.sec.gov/files/company_tickers.json,MANQUANTE,NON_COUVERT,[],0
HK4.F,HKFoods Oyj                   R,2026-10-10T12:41:52.348612+00:00,https://www.sec.gov/files/company_tickers.json,MANQUANTE,NON_COUVERT,[],0
SM5.SG,Sabaf S.p.A.,2026-10-10T12:41:52.348680+00:00,https://www.sec.gov/files/company_tickers.json,MANQUANTE,NON_COUVERT,[],0
024.F,Mastermyne Group Ltd.         R,2026-10-10T12:41:52.348751+00:00,https://www.sec.gov/files/company_tickers.json,MANQUANTE,NON_COUVERT,[],0
PBS0.F,Precision Biosciences Inc.    R,2026-10-10T12:41:52.348819+00:00,https://www.sec.gov/files/company_tickers.json,MANQUANTE,NON_COUVERT,[],0
ZMK0.F,Mkango Magnetic Materials Ltd.R,2026-10-10T12:41:52.348889+00:00,https://www.sec.gov/files/company_tickers.json,MANQUANTE,NON_COUVERT,[],0
GUV.F,Graphisoft Park SE            N,2026-10-10T12:41:52.348988+00:00,https://www.sec.gov/files/company_tickers.json,MANQUANTE,NON_COUVERT,[],0
D8M.F,Lindbergh S.p.A.              A,2026-10-10T12:41:52.349069+00:00,https://www.sec.gov/files/company_tickers.json,MANQUANTE,NON_COUVERT,[],0
N3A.F,Nippon Aqua Co. Ltd.          R,2026-10-10T12:41:52.349142+00:00,https://www.sec.gov/files/company_tickers.json,MANQUANTE,NON_COUVERT,[],0
92Y.F,Jacktel A.S.                  N,2026-10-10T12:41:52.349210+00:00,https://www.sec.gov/files/company_tickers.json,MANQUANTE,NON_COUVERT,[],0
8XD.F,GEVELOT S.A.                  A,2026-10-10T12:41:52.349277+00:00,https://www.sec.gov/files/company_tickers.json,MANQUANTE,NON_COUVERT,[],0
8C5.F,Coherus Oncology Inc.         R,2026-10-10T12:41:52.349344+00:00,https://www.sec.gov/files/company_tickers.json,MANQUANTE,NON_COUVERT,[],0
3YU.F,Jiumaojiu Interna.Holdings LtdR,2026-10-10T12:41:52.349411+00:00,https://www.sec.gov/files/company_tickers.json,MANQUANTE,NON_COUVERT,[],0
81P.F,Synthetica AD-Sofia           R,2026-10-10T12:41:52.349486+00:00,https://www.sec.gov/files/company_tickers.json,MANQUANTE,NON_COUVERT,[],0
0LQ.F,EuroDry Ltd.                  R,2026-10-10T12:41:52.349559+00:00,https://www.sec.gov/files/company_tickers.json,MANQUANTE,NON_COUVERT,[],0
9Z9.F,CASTINGS PLC                  R,2026-10-10T12:41:52.349627+00:00,https://www.sec.gov/files/company_tickers.json,MANQUANTE,NON_COUVERT,[],0
8L9.F,Atland S.A.                   A,2026-10-10T12:41:52.349693+00:00,https://www.sec.gov/files/company_tickers.json,MANQUANTE,NON_COUVERT,[],0
8YM.F,Intelligent Monitoring Group  R,2026-10-10T12:41:52.349763+00:00,https://www.sec.gov/files/company_tickers.json,MANQUANTE,NON_COUVERT,[],0
XAR.F,XAAR PLC                      R,2026-10-10T12:41:52.349831+00:00,https://www.sec.gov/files/company_tickers.json,MANQUANTE,NON_COUVERT,[],0
0TT.F,Nekkar ASA                    N,2026-10-10T12:41:52.349900+00:00,https://www.sec.gov/files/company_tickers.json,MANQUANTE,NON_COUVERT,[],0
AYR.F,Cyprium Metals Ltd.           R,2026-10-10T12:41:52.349987+00:00,https://www.sec.gov/files/company_tickers.json,MANQUANTE,NON_COUVERT,[],0
G4P0.F,Lycos Energy Inc.             R,2026-10-10T12:41:52.350062+00:00,https://www.sec.gov/files/company_tickers.json,MANQUANTE,NON_COUVERT,[],0
9FX.F,Zhaoke Ophthalmology Ltd.     R,2026-10-10T12:41:52.350129+00:00,https://www.sec.gov/files/company_tickers.json,MANQUANTE,NON_COUVERT,[],0
98A.F,TOKYO SANGYO CO. LTD.         R,2026-10-10T12:41:52.350194+00:00,https://www.sec.gov/files/company_tickers.json,MANQUANTE,NON_COUVERT,[],0
4EB.F,NeoVolta Inc.                 R,2026-10-10T12:41:52.350260+00:00,https://www.sec.gov/files/company_tickers.json,MANQUANTE,NON_COUVERT,[],0
TXW.F,TEXWINCA HOLDINGS LTD.        R,2026-10-10T12:41:52.350329+00:00,https://www.sec.gov/files/company_tickers.json,MANQUANTE,NON_COUVERT,[],0
X4C.F,Polymetals Resources Ltd      R,2026-10-10T12:41:52.350395+00:00,https://www.sec.gov/files/company_tickers.json,MANQUANTE,NON_COUVERT,[],0
BQZ.F,Beijing Jingcheng Machin.El.CoR,2026-10-10T12:41:52.350462+00:00,https://www.sec.gov/files/company_tickers.json,MANQUANTE,NON_COUVERT,[],0
3TT0.F,Tecnotree Oyj                 R,2026-10-10T12:41:52.350528+00:00,https://www.sec.gov/files/company_tickers.json,MANQUANTE,NON_COUVERT,[],0
54GA.F,Sangoma Technologies Corp.    R,2026-10-10T12:41:52.350594+00:00,https://www.sec.gov/files/company_tickers.json,MANQUANTE,NON_COUVERT,[],0
JIL.F,Jilin Prov.Huin.Chang.Bio-pha.R,2026-10-10T12:41:52.350660+00:00,https://www.sec.gov/files/company_tickers.json,MANQUANTE,NON_COUVERT,[],0
DR5.F,Byggma ASA                    N,2026-10-10T12:41:52.350726+00:00,https://www.sec.gov/files/company_tickers.json,MANQUANTE,NON_COUVERT,[],0
DR5.SG,Byggma ASA,2026-10-10T12:41:52.350791+00:00,https://www.sec.gov/files/company_tickers.json,MANQUANTE,NON_COUVERT,[],0
SCD1.F,Shandong Chenm.Paper Hldgs LtdR,2026-10-10T12:41:52.350858+00:00,https://www.sec.gov/files/company_tickers.json,MANQUANTE,NON_COUVERT,[],0
H4N.F,Solar Foods Oyj               R,2026-10-10T12:41:52.350927+00:00,https://www.sec.gov/files/company_tickers.json,MANQUANTE,NON_COUVERT,[],0
MR3.F,Italian Wine Brands S.p.A.    A,2026-10-10T12:41:52.351021+00:00,https://www.sec.gov/files/company_tickers.json,MANQUANTE,NON_COUVERT,[],0
PXS.F,Paragon Care Ltd.             R,2026-10-10T12:41:52.351091+00:00,https://www.sec.gov/files/company_tickers.json,MANQUANTE,NON_COUVERT,[],0
0AS.F,Entech SE                     A,2026-10-10T12:41:52.351164+00:00,https://www.sec.gov/files/company_tickers.json,MANQUANTE,NON_COUVERT,[],0
O5O.F,Oriola Oyj                    R,2026-10-10T12:41:52.351236+00:00,https://www.sec.gov/files/company_tickers.json,MANQUANTE,NON_COUVERT,[],0
LUG.F,Triumph New Energy Co. Ltd.   R,2026-10-10T12:41:52.351303+00:00,https://www.sec.gov/files/company_tickers.json,MANQUANTE,NON_COUVERT,[],0
B34.F,Duke Capital Ltd.             R,2026-10-10T12:41:52.351369+00:00,https://www.sec.gov/files/company_tickers.json,MANQUANTE,NON_COUVERT,[],0
88M.F,Hexaom S.A.                   A,2026-10-10T12:41:52.351440+00:00,https://www.sec.gov/files/company_tickers.json,MANQUANTE,NON_COUVERT,[],0
1BZ.F,Beeks Finan.Cloud Grp.PLC     R,2026-10-10T12:41:52.351506+00:00,https://www.sec.gov/files/company_tickers.json,MANQUANTE,NON_COUVERT,[],0
5E6.F,BRC Group Holdings Inc.       R,2026-10-10T12:41:52.351572+00:00,https://www.sec.gov/files/company_tickers.json,MANQUANTE,NON_COUVERT,[],0
9UQ0.F,Fortifai Ltd.                 R,2026-10-10T12:41:52.351643+00:00,https://www.sec.gov/files/company_tickers.json,MANQUANTE,NON_COUVERT,[],0
LJ0.F,Zeda Ltd.                     R,2026-10-10T12:41:52.351711+00:00,https://www.sec.gov/files/company_tickers.json,MANQUANTE,NON_COUVERT,[],0
3OV.F,Metal Powder Works Ltd.       R,2026-10-10T12:41:52.351777+00:00,https://www.sec.gov/files/company_tickers.json,MANQUANTE,NON_COUVERT,[],0
ESY.HM,EASY SOFTWARE AG              N,2026-10-10T12:41:52.351843+00:00,https://www.sec.gov/files/company_tickers.json,MANQUANTE,NON_COUVERT,[],0
MQR1.F,Multi-Chem Ltd.               R,2026-10-10T12:41:52.351909+00:00,https://www.sec.gov/files/company_tickers.json,MANQUANTE,NON_COUVERT,[],0
GSP0.F,Comstock Inc.                 R,2026-10-10T12:41:52.352003+00:00,https://www.sec.gov/files/company_tickers.json,MANQUANTE,NON_COUVERT,[],0
6BU0.F,Burning Rock Biotech Ltd.     R,2026-10-10T12:41:52.352076+00:00,https://www.sec.gov/files/company_tickers.json,MANQUANTE,NON_COUVERT,[],0
4CM.F,YesAsia Holdings Ltd.         R,2026-10-10T12:41:52.352143+00:00,https://www.sec.gov/files/company_tickers.json,MANQUANTE,NON_COUVERT,[],0
5K6.F,MACFARLANE GROUP PLC          R,2026-10-10T12:41:52.352209+00:00,https://www.sec.gov/files/company_tickers.json,MANQUANTE,NON_COUVERT,[],0
M8W.F,MediWound Ltd.                R,2026-10-10T12:41:52.352275+00:00,https://www.sec.gov/files/company_tickers.json,MANQUANTE,NON_COUVERT,[],0
I6R0.F,Maritana Minerals Ltd.        R,2026-10-10T12:41:52.352343+00:00,https://www.sec.gov/files/company_tickers.json,MANQUANTE,NON_COUVERT,[],0
C7E.F,CEGEDIM S.A.                  A,2026-10-10T12:41:52.352414+00:00,https://www.sec.gov/files/company_tickers.json,MANQUANTE,NON_COUVERT,[],0
88M.SG,Maisons France Confort S.A.,2026-10-10T12:41:52.352487+00:00,https://www.sec.gov/files/company_tickers.json,MANQUANTE,NON_COUVERT,[],0
XUN.F,SHUN TAK HOLDINGS LTD.        R,2026-10-10T12:41:52.352555+00:00,https://www.sec.gov/files/company_tickers.json,MANQUANTE,NON_COUVERT,[],0
R9Z.F,Immuneonco Biopharma.(SH) Inc.R,2026-10-10T12:41:52.352621+00:00,https://www.sec.gov/files/company_tickers.json,MANQUANTE,NON_COUVERT,[],0
YCX.F,CITIZENS INC.                 R,2026-10-10T12:41:52.352687+00:00,https://www.sec.gov/files/company_tickers.json,MANQUANTE,NON_COUVERT,[],0
OT7.F,Ontex Group N.V.              A,2026-10-10T12:41:52.352753+00:00,https://www.sec.gov/files/company_tickers.json,MANQUANTE,NON_COUVERT,[],0
DDR.F,SITE Centers Corp.            R,2026-10-10T12:41:52.352819+00:00,https://www.sec.gov/files/company_tickers.json,MANQUANTE,NON_COUVERT,[],0
4SM.F,Magnora ASA                   N,2026-10-10T12:41:52.352885+00:00,https://www.sec.gov/files/company_tickers.json,MANQUANTE,NON_COUVERT,[],0
NRC.F,Neuronetics Inc.              R,2026-10-10T12:41:52.352951+00:00,https://www.sec.gov/files/company_tickers.json,MANQUANTE,NON_COUVERT,[],0
7RL.F,Likewise Group PLC            R,2026-10-10T12:41:52.353114+00:00,https://www.sec.gov/files/company_tickers.json,MANQUANTE,NON_COUVERT,[],0
VNC1.F,Vince Holding Corp.           R,2026-10-10T12:41:52.353197+00:00,https://www.sec.gov/files/company_tickers.json,MANQUANTE,NON_COUVERT,[],0
ALM1.F,Asara Resources Ltd.          R,2026-10-10T12:41:52.353266+00:00,https://www.sec.gov/files/company_tickers.json,MANQUANTE,NON_COUVERT,[],0
9KH.F,SB Financial Group Inc.       R,2026-10-10T12:41:52.353333+00:00,https://www.sec.gov/files/company_tickers.json,MANQUANTE,NON_COUVERT,[],0
F0Z.SG,EnSilica PLC,2026-10-10T12:41:52.353400+00:00,https://www.sec.gov/files/company_tickers.json,MANQUANTE,NON_COUVERT,[],0
3F3.F,Foraco International SA       A,2026-10-10T12:41:52.353467+00:00,https://www.sec.gov/files/company_tickers.json,MANQUANTE,NON_COUVERT,[],0
1FI.F,Carnaby Resources Ltd.        R,2026-10-10T12:41:52.353533+00:00,https://www.sec.gov/files/company_tickers.json,MANQUANTE,NON_COUVERT,[],0
M0W.F,Sport Lisboa e Benfica SAD    A,2026-10-10T12:41:52.353600+00:00,https://www.sec.gov/files/company_tickers.json,MANQUANTE,NON_COUVERT,[],0
AJXA.F,AFC Ajax N.V.                 A,2026-10-10T12:41:52.353668+00:00,https://www.sec.gov/files/company_tickers.json,MANQUANTE,NON_COUVERT,[],0
8KG.F,EXACOMPTA CLAIREFONTAINE S.A. A,2026-10-10T12:41:52.353736+00:00,https://www.sec.gov/files/company_tickers.json,MANQUANTE,NON_COUVERT,[],0
TIW.F,TIN INN Holding AG            v,2026-10-10T12:41:52.353803+00:00,https://www.sec.gov/files/company_tickers.json,MANQUANTE,NON_COUVERT,[],0
NJ2.F,Nippon Coke & Engineering Co. R,2026-10-10T12:41:52.353872+00:00,https://www.sec.gov/files/company_tickers.json,MANQUANTE,NON_COUVERT,[],0
57V.F,Angel Oak Mortgage REIT Inc.  R,2026-10-10T12:41:52.353944+00:00,https://www.sec.gov/files/company_tickers.json,MANQUANTE,NON_COUVERT,[],0
O94.F,ROULARTA MEDIA GROUP N.V.     A,2026-10-10T12:41:52.354044+00:00,https://www.sec.gov/files/company_tickers.json,MANQUANTE,NON_COUVERT,[],0
USY1.F,Unisys Corp.                  R,2026-10-10T12:41:52.354115+00:00,https://www.sec.gov/files/company_tickers.json,MANQUANTE,NON_COUVERT,[],0
GZT.F,Eva Precision Indl. Hldg. Ltd.R,2026-10-10T12:41:52.354183+00:00,https://www.sec.gov/files/company_tickers.json,MANQUANTE,NON_COUVERT,[],0
2PQ.F,Organogenesis Holdings Inc.   R,2026-10-10T12:41:52.354253+00:00,https://www.sec.gov/files/company_tickers.json,MANQUANTE,NON_COUVERT,[],0
1UC0.F,Cue Biopharma Inc.            R,2026-10-10T12:41:52.354327+00:00,https://www.sec.gov/files/company_tickers.json,MANQUANTE,NON_COUVERT,[],0
I5J.F,INVICTA HOLDINGS LTD.         R,2026-10-10T12:41:52.354395+00:00,https://www.sec.gov/files/company_tickers.json,MANQUANTE,NON_COUVERT,[],0
MUT.F,MINERALBR.UEBERKINGEN ST,2026-10-10T12:41:52.354466+00:00,https://www.sec.gov/files/company_tickers.json,MANQUANTE,NON_COUVERT,[],0
WU3.F,Helius Minerals Ltd.          R,2026-10-10T12:41:52.354541+00:00,https://www.sec.gov/files/company_tickers.json,MANQUANTE,NON_COUVERT,[],0
YSZ0.F,Youzan Technology Ltd.        R,2026-10-10T12:41:52.354613+00:00,https://www.sec.gov/files/company_tickers.json,MANQUANTE,NON_COUVERT,[],0
6G0.F,Aurum Resources Ltd.          R,2026-10-10T12:41:52.354679+00:00,https://www.sec.gov/files/company_tickers.json,MANQUANTE,NON_COUVERT,[],0
0AS.SG,Entech SE,2026-10-10T12:41:52.354751+00:00,https://www.sec.gov/files/company_tickers.json,MANQUANTE,NON_COUVERT,[],0
9MZ.F,Springfield Properties PLC    R,2026-10-10T12:41:52.354819+00:00,https://www.sec.gov/files/company_tickers.json,MANQUANTE,NON_COUVERT,[],0
31F.F,Medical Facilities Corp.      R,2026-10-10T12:41:52.354886+00:00,https://www.sec.gov/files/company_tickers.json,MANQUANTE,NON_COUVERT,[],0
5EV0.F,Orogen Royalties Inc.         R,2026-10-10T12:41:52.354952+00:00,https://www.sec.gov/files/company_tickers.json,MANQUANTE,NON_COUVERT,[],0
5L0.F,Mainstreet Bancshares Inc.    R,2026-10-10T12:41:52.355047+00:00,https://www.sec.gov/files/company_tickers.json,MANQUANTE,NON_COUVERT,[],0
DB2.F,D-Box Technologies Inc.       R,2026-10-10T12:41:52.355115+00:00,https://www.sec.gov/files/company_tickers.json,MANQUANTE,NON_COUVERT,[],0
AGX.F,Silver X Mining Corp.         R,2026-10-10T12:41:52.355181+00:00,https://www.sec.gov/files/company_tickers.json,MANQUANTE,NON_COUVERT,[],0
6NT.F,Mayfield Group Holdings Ltd.  R,2026-10-10T12:41:52.355246+00:00,https://www.sec.gov/files/company_tickers.json,MANQUANTE,NON_COUVERT,[],0
90G.F,DAISHINKU CORP.               R,2026-10-10T12:41:52.355321+00:00,https://www.sec.gov/files/company_tickers.json,MANQUANTE,NON_COUVERT,[],0
B34.SG,Duke Royalty Ltd.,2026-10-10T12:41:52.355402+00:00,https://www.sec.gov/files/company_tickers.json,MANQUANTE,NON_COUVERT,[],0
FQ00.F,PetroNor E&P ASA              N,2026-10-10T12:41:52.355488+00:00,https://www.sec.gov/files/company_tickers.json,MANQUANTE,NON_COUVERT,[],0
R3E.F,Real Matters Inc.             R,2026-10-10T12:41:52.355601+00:00,https://www.sec.gov/files/company_tickers.json,MANQUANTE,NON_COUVERT,[],0
1Q6.F,ProSafe SE                    N,2026-10-10T12:41:52.355673+00:00,https://www.sec.gov/files/company_tickers.json,MANQUANTE,NON_COUVERT,[],0
MJG1.F,Major Cineplex Group PCL      R,2026-10-10T12:41:52.355742+00:00,https://www.sec.gov/files/company_tickers.json,MANQUANTE,NON_COUVERT,[],0
15V.F,Verkkokauppa.com OYJ          R,2026-10-10T12:41:52.355809+00:00,https://www.sec.gov/files/company_tickers.json,MANQUANTE,NON_COUVERT,[],0
K46.F,Jersey Electricity PLC        R,2026-10-10T12:41:52.355875+00:00,https://www.sec.gov/files/company_tickers.json,MANQUANTE,NON_COUVERT,[],0
SUT.F,Productive Technologies Co.LtdR,2026-10-10T12:41:52.355952+00:00,https://www.sec.gov/files/company_tickers.json,MANQUANTE,NON_COUVERT,[],0
6PW.F,Digital Grid Corp.            R,2026-10-10T12:41:52.356062+00:00,https://www.sec.gov/files/company_tickers.json,MANQUANTE,NON_COUVERT,[],0
P1F.F,Columbus A/S                  N,2026-10-10T12:41:52.356134+00:00,https://www.sec.gov/files/company_tickers.json,MANQUANTE,NON_COUVERT,[],0
RAM.F,RADCOM LTD.                   R,2026-10-10T12:41:52.356213+00:00,https://www.sec.gov/files/company_tickers.json,MANQUANTE,NON_COUVERT,[],0
NUN.F,Northern Minerals Ltd.        R,2026-10-10T12:41:52.356279+00:00,https://www.sec.gov/files/company_tickers.json,MANQUANTE,NON_COUVERT,[],0
PEZ.F,Perennial Energy Hldgs Ltd.   R,2026-10-10T12:41:52.356345+00:00,https://www.sec.gov/files/company_tickers.json,MANQUANTE,NON_COUVERT,[],0
3QT1.F,CuriosityStream Inc.          R,2026-10-10T12:41:52.356411+00:00,https://www.sec.gov/files/company_tickers.json,MANQUANTE,NON_COUVERT,[],0
TVJ.F,Tsukada Global Holdings Inc.  R,2026-10-10T12:41:52.356481+00:00,https://www.sec.gov/files/company_tickers.json,MANQUANTE,NON_COUVERT,[],0
QK9.F,Eurogroup Laminations S.p.A.  A,2026-10-10T12:41:52.356554+00:00,https://www.sec.gov/files/company_tickers.json,MANQUANTE,NON_COUVERT,[],0
RLL.F,PERSONAL GROUP HOLDINGS PLC   R,2026-10-10T12:41:52.356624+00:00,https://www.sec.gov/files/company_tickers.json,MANQUANTE,NON_COUVERT,[],0
6H90.F,HealWELL AI Inc.              R,2026-10-10T12:41:52.356701+00:00,https://www.sec.gov/files/company_tickers.json,MANQUANTE,NON_COUVERT,[],0
UD1.F,Pedevco Corp.                 R,2026-10-10T12:41:52.356785+00:00,https://www.sec.gov/files/company_tickers.json,MANQUANTE,NON_COUVERT,[],0
9S5.F,Fine Foods+Phar.N.T.M. S.p.A. A,2026-10-10T12:41:52.356869+00:00,https://www.sec.gov/files/company_tickers.json,MANQUANTE,NON_COUVERT,[],0
YI4.F,GDEV Inc.                     R,2026-10-10T12:41:52.356942+00:00,https://www.sec.gov/files/company_tickers.json,MANQUANTE,NON_COUVERT,[],0
BGD3.F,Barton Gold Holdings Ltd.     R,2026-10-10T12:41:52.357034+00:00,https://www.sec.gov/files/company_tickers.json,MANQUANTE,NON_COUVERT,[],0
W3J.F,Happy Belly Food Group Inc.   R,2026-10-10T12:41:52.357104+00:00,https://www.sec.gov/files/company_tickers.json,MANQUANTE,NON_COUVERT,[],0
6I6.F,HIROSHIMA GAS CO. LTD.        R,2026-10-10T12:41:52.357171+00:00,https://www.sec.gov/files/company_tickers.json,MANQUANTE,NON_COUVERT,[],0
L0A.F,Deezer S.A.                   A,2026-10-10T12:41:52.357239+00:00,https://www.sec.gov/files/company_tickers.json,MANQUANTE,NON_COUVERT,[],0
V6L.F,Better Home & Finance Hldg.Co.R,2026-10-10T12:41:52.357305+00:00,https://www.sec.gov/files/company_tickers.json,MANQUANTE,NON_COUVERT,[],0
8AGA.F,TPG Mortgage Investment Trust R,2026-10-10T12:41:52.357372+00:00,https://www.sec.gov/files/company_tickers.json,MANQUANTE,NON_COUVERT,[],0
45S.F,Soho China Ltd.               R,2026-10-10T12:41:52.357439+00:00,https://www.sec.gov/files/company_tickers.json,MANQUANTE,NON_COUVERT,[],0
6MM.F,Southern Cross Media Group LtdR,2026-10-10T12:41:52.357507+00:00,https://www.sec.gov/files/company_tickers.json,MANQUANTE,NON_COUVERT,[],0
OCD1.F,Niagen Bioscience Inc.        R,2026-10-10T12:41:52.357585+00:00,https://www.sec.gov/files/company_tickers.json,MANQUANTE,NON_COUVERT,[],0
3FDA.F,Premia Real Estate Inv.Co.SA  N,2026-10-10T12:41:52.357656+00:00,https://www.sec.gov/files/company_tickers.json,MANQUANTE,NON_COUVERT,[],0
8NR.F,NRC Group ASA                 N,2026-10-10T12:41:52.357729+00:00,https://www.sec.gov/files/company_tickers.json,MANQUANTE,NON_COUVERT,[],0
D0Y.F,Toro Corp.                    R,2026-10-10T12:41:52.357797+00:00,https://www.sec.gov/files/company_tickers.json,MANQUANTE,NON_COUVERT,[],0
SPT6.F,Beta Systems Software AG      I,2026-10-10T12:41:52.357864+00:00,https://www.sec.gov/files/company_tickers.json,MANQUANTE,NON_COUVERT,[],0
6P4.F,Petrus Resources Ltd.         R,2026-10-10T12:41:52.357931+00:00,https://www.sec.gov/files/company_tickers.json,MANQUANTE,NON_COUVERT,[],0
B5R.F,Berkeley Energia Ltd.         R,2026-10-10T12:41:52.358029+00:00,https://www.sec.gov/files/company_tickers.json,MANQUANTE,NON_COUVERT,[],0
R4I.F,Red Hill Minerals Ltd.        R,2026-10-10T12:41:52.358100+00:00,https://www.sec.gov/files/company_tickers.json,MANQUANTE,NON_COUVERT,[],0
W33.F,BioVersys AG                  N,2026-10-10T12:41:52.358169+00:00,https://www.sec.gov/files/company_tickers.json,MANQUANTE,NON_COUVERT,[],0
DB7.F,DIGITAL BROS S.P.A.           A,2026-10-10T12:41:52.358242+00:00,https://www.sec.gov/files/company_tickers.json,MANQUANTE,NON_COUVERT,[],0
MSGL.HM,msg life ag                   I,2026-10-10T12:41:52.358312+00:00,https://www.sec.gov/files/company_tickers.json,MANQUANTE,NON_COUVERT,[],0
3NA.F,Mobico Group PLC              R,2026-10-10T12:41:52.358379+00:00,https://www.sec.gov/files/company_tickers.json,MANQUANTE,NON_COUVERT,[],0
IN9.F,INTEST CORP.                  R,2026-10-10T12:41:52.358447+00:00,https://www.sec.gov/files/company_tickers.json,MANQUANTE,NON_COUVERT,[],0
71T.F,Brickability Group PLC        R,2026-10-10T12:41:52.358514+00:00,https://www.sec.gov/files/company_tickers.json,MANQUANTE,NON_COUVERT,[],0
FET.F,FAR EAST CONSORTIUM INTL LTD. R,2026-10-10T12:41:52.358583+00:00,https://www.sec.gov/files/company_tickers.json,MANQUANTE,NON_COUVERT,[],0
4ZG.F,Median Technologies           A,2026-10-10T12:41:52.358651+00:00,https://www.sec.gov/files/company_tickers.json,MANQUANTE,NON_COUVERT,[],0
T7C0.F,Denarius Metals Corp.         R,2026-10-10T12:41:52.358725+00:00,https://www.sec.gov/files/company_tickers.json,MANQUANTE,NON_COUVERT,[],0
IZH.F,M & C Saatchi PLC             R,2026-10-10T12:41:52.358794+00:00,https://www.sec.gov/files/company_tickers.json,MANQUANTE,NON_COUVERT,[],0
TED.F,TerrAscend Corp.              R,2026-10-10T12:41:52.358865+00:00,https://www.sec.gov/files/company_tickers.json,MANQUANTE,NON_COUVERT,[],0
T9W.F,Thessal.Water Suppl.+Sewer.Co.N,2026-10-10T12:41:52.358932+00:00,https://www.sec.gov/files/company_tickers.json,MANQUANTE,NON_COUVERT,[],0
BKG.F,Baoye Group Co. Ltd.          R,2026-10-10T12:41:52.359030+00:00,https://www.sec.gov/files/company_tickers.json,MANQUANTE,NON_COUVERT,[],0
CIOC.F,China Aerospace Intl. Ltd.    R,2026-10-10T12:41:52.359107+00:00,https://www.sec.gov/files/company_tickers.json,MANQUANTE,NON_COUVERT,[],0
WS7A.F,Binhai Investment Co. Ltd.    R,2026-10-10T12:41:52.359178+00:00,https://www.sec.gov/files/company_tickers.json,MANQUANTE,NON_COUVERT,[],0
I6X.MU,Icelandic Salmon AS           N,2026-10-10T12:41:52.359245+00:00,https://www.sec.gov/files/company_tickers.json,MANQUANTE,NON_COUVERT,[],0
RZT.F,Merafe Resources Ltd.         R,2026-10-10T12:41:52.359313+00:00,https://www.sec.gov/files/company_tickers.json,MANQUANTE,NON_COUVERT,[],0
MP9.F,Maxim Power Corp.             R,2026-10-10T12:41:52.359382+00:00,https://www.sec.gov/files/company_tickers.json,MANQUANTE,NON_COUVERT,[],0
H1B.F,Olympia Financial Group Inc.  R,2026-10-10T12:41:52.359449+00:00,https://www.sec.gov/files/company_tickers.json,MANQUANTE,NON_COUVERT,[],0
3U8.F,Draganfly Inc.                R,2026-10-10T12:41:52.359516+00:00,https://www.sec.gov/files/company_tickers.json,MANQUANTE,NON_COUVERT,[],0
E8Q.F,Smart Parking Ltd.            R,2026-10-10T12:41:52.359584+00:00,https://www.sec.gov/files/company_tickers.json,MANQUANTE,NON_COUVERT,[],0
3WG.SG,Wallix Group S.A.,2026-10-10T12:41:52.359656+00:00,https://www.sec.gov/files/company_tickers.json,MANQUANTE,NON_COUVERT,[],0
6YQ.F,Eurocell PLC                  R,2026-10-10T12:41:52.359728+00:00,https://www.sec.gov/files/company_tickers.json,MANQUANTE,NON_COUVERT,[],0
U7MA.F,CNNC International Ltd.       R,2026-10-10T12:41:52.359800+00:00,https://www.sec.gov/files/company_tickers.json,MANQUANTE,NON_COUVERT,[],0
K3A.F,Kongsberg Automotive ASA      N,2026-10-10T12:41:52.359870+00:00,https://www.sec.gov/files/company_tickers.json,MANQUANTE,NON_COUVERT,[],0
2GX.F,STONERIDGE INC.               R,2026-10-10T12:41:52.359938+00:00,https://www.sec.gov/files/company_tickers.json,MANQUANTE,NON_COUVERT,[],0
BRW.F,BRIQ Propert.Real Est.Inv.Co. N,2026-10-10T12:41:52.360034+00:00,https://www.sec.gov/files/company_tickers.json,MANQUANTE,NON_COUVERT,[],0
2OQ.F,Amplify Energy Corp. New      R,2026-10-10T12:41:52.360105+00:00,https://www.sec.gov/files/company_tickers.json,MANQUANTE,NON_COUVERT,[],0
ZMM.F,Maisons du Monde S.A.         A,2026-10-10T12:41:52.360183+00:00,https://www.sec.gov/files/company_tickers.json,MANQUANTE,NON_COUVERT,[],0
1D8.F,Accsys Technologies PLC       R,2026-10-10T12:41:52.360257+00:00,https://www.sec.gov/files/company_tickers.json,MANQUANTE,NON_COUVERT,[],0
60E.F,Salmon Evolution ASA          N,2026-10-10T12:41:52.360335+00:00,https://www.sec.gov/files/company_tickers.json,MANQUANTE,NON_COUVERT,[],0
MXD.F,MIN XIN HOLDINGS LTD.         R,2026-10-10T12:41:52.360405+00:00,https://www.sec.gov/files/company_tickers.json,MANQUANTE,NON_COUVERT,[],0
D7Q1.F,Monument Mining Ltd.          R,2026-10-10T12:41:52.360479+00:00,https://www.sec.gov/files/company_tickers.json,MANQUANTE,NON_COUVERT,[],0
3WG.F,Wallix Group S.A.             A,2026-10-10T12:41:52.360551+00:00,https://www.sec.gov/files/company_tickers.json,MANQUANTE,NON_COUVERT,[],0
662.F,Broken Hill Mines Ltd.        R,2026-10-10T12:41:52.360622+00:00,https://www.sec.gov/files/company_tickers.json,MANQUANTE,NON_COUVERT,[],0
MRR.F,Reach PLC                     R,2026-10-10T12:41:52.360690+00:00,https://www.sec.gov/files/company_tickers.json,MANQUANTE,NON_COUVERT,[],0
I9C.F,Amber Int. Holding Ltd.       R,2026-10-10T12:41:52.360758+00:00,https://www.sec.gov/files/company_tickers.json,MANQUANTE,NON_COUVERT,[],0
2ME.F,SHIMA SEIKI MFG. LTD.         R,2026-10-10T12:41:52.360825+00:00,https://www.sec.gov/files/company_tickers.json,MANQUANTE,NON_COUVERT,[],0
7N70.F,Alpha Cognition Inc.          R,2026-10-10T12:41:52.360903+00:00,https://www.sec.gov/files/company_tickers.json,MANQUANTE,NON_COUVERT,[],0
CMF.F,CAMELLIA PLC                  R,2026-10-10T12:41:52.360995+00:00,https://www.sec.gov/files/company_tickers.json,MANQUANTE,NON_COUVERT,[],0
CMF.SG,Camellia PLC,2026-10-10T12:41:52.361079+00:00,https://www.sec.gov/files/company_tickers.json,MANQUANTE,NON_COUVERT,[],0
1CY.F,China Yong.Autom.Ser.Hldgs LtdR,2026-10-10T12:41:52.361154+00:00,https://www.sec.gov/files/company_tickers.json,MANQUANTE,NON_COUVERT,[],0
PC5.F,SODA NIKKA CO. LTD.           R,2026-10-10T12:41:52.361225+00:00,https://www.sec.gov/files/company_tickers.json,MANQUANTE,NON_COUVERT,[],0
24S.F,Strategic Minerals PLC        R,2026-10-10T12:41:52.361297+00:00,https://www.sec.gov/files/company_tickers.json,MANQUANTE,NON_COUVERT,[],0
77Q.F,Knights Group Holdings Ltd.   R,2026-10-10T12:41:52.361383+00:00,https://www.sec.gov/files/company_tickers.json,MANQUANTE,NON_COUVERT,[],0
5NQ.F,Agilyx ASA                    N,2026-10-10T12:41:52.361455+00:00,https://www.sec.gov/files/company_tickers.json,MANQUANTE,NON_COUVERT,[],0
GF7.F,GEFRAN S.P.A.                 A,2026-10-10T12:41:52.361528+00:00,https://www.sec.gov/files/company_tickers.json,MANQUANTE,NON_COUVERT,[],0
NFU.MU,Nisshin Group Holdings Co.Ltd.R,2026-10-10T12:41:52.361597+00:00,https://www.sec.gov/files/company_tickers.json,MANQUANTE,NON_COUVERT,[],0
DKG.DE,DT.KONSUM REAL EST.AG         I,2026-10-10T12:41:52.361667+00:00,https://www.sec.gov/files/company_tickers.json,MANQUANTE,NON_COUVERT,[],0
CHO1.F,Comstock Holding Companies IncR,2026-10-10T12:41:52.361738+00:00,https://www.sec.gov/files/company_tickers.json,MANQUANTE,NON_COUVERT,[],0
4Q01.F,RideNow Group Inc.            R,2026-10-10T12:41:52.361811+00:00,https://www.sec.gov/files/company_tickers.json,MANQUANTE,NON_COUVERT,[],0
OVER.F,Neighborhood Intelligence Inc.R,2026-10-10T12:41:52.361879+00:00,https://www.sec.gov/files/company_tickers.json,MANQUANTE,NON_COUVERT,[],0
6G6.F,Superior Group of Cies Inc.   R,2026-10-10T12:41:52.361946+00:00,https://www.sec.gov/files/company_tickers.json,MANQUANTE,NON_COUVERT,[],0
E35.F,Guanajuato Silver Company Ltd.R,2026-10-10T12:41:52.362042+00:00,https://www.sec.gov/files/company_tickers.json,MANQUANTE,NON_COUVERT,[],0
8OX1.SG,Oxley Holdings Ltd.,2026-10-10T12:41:52.362111+00:00,https://www.sec.gov/files/company_tickers.json,MANQUANTE,NON_COUVERT,[],0
1KX0.F,Meeka Metals Ltd.             R,2026-10-10T12:41:52.362179+00:00,https://www.sec.gov/files/company_tickers.json,MANQUANTE,NON_COUVERT,[],0
M8M.F,CB Financial Services Inc.    R,2026-10-10T12:41:52.362248+00:00,https://www.sec.gov/files/company_tickers.json,MANQUANTE,NON_COUVERT,[],0
5RO.F,Roche Bobois S.A.             A,2026-10-10T12:41:52.362315+00:00,https://www.sec.gov/files/company_tickers.json,MANQUANTE,NON_COUVERT,[],0
TNR.F,Tribune Resources Ltd.        R,2026-10-10T12:41:52.362381+00:00,https://www.sec.gov/files/company_tickers.json,MANQUANTE,NON_COUVERT,[],0
7E1.F,Delta Plus Group S.A.         A,2026-10-10T12:41:52.362447+00:00,https://www.sec.gov/files/company_tickers.json,MANQUANTE,NON_COUVERT,[],0
978.F,Adagene Inc.                  R,2026-10-10T12:41:52.362522+00:00,https://www.sec.gov/files/company_tickers.json,MANQUANTE,NON_COUVERT,[],0
73Q.F,Kaltura Inc.                  R,2026-10-10T12:41:52.362591+00:00,https://www.sec.gov/files/company_tickers.json,MANQUANTE,NON_COUVERT,[],0
9W0.F,Stack Capital Group Inc.      R,2026-10-10T12:41:52.362659+00:00,https://www.sec.gov/files/company_tickers.json,MANQUANTE,NON_COUVERT,[],0
XYUA.F,Hengdeli Holdings Ltd.        R,2026-10-10T12:41:52.362728+00:00,https://www.sec.gov/files/company_tickers.json,MANQUANTE,NON_COUVERT,[],0
HIN0.F,Kantra Copper Ltd.            R,2026-10-10T12:41:52.362805+00:00,https://www.sec.gov/files/company_tickers.json,MANQUANTE,NON_COUVERT,[],0
M2Z.F,Seeing Machines Ltd.          R,2026-10-10T12:41:52.362886+00:00,https://www.sec.gov/files/company_tickers.json,MANQUANTE,NON_COUVERT,[],0
MW4.F,Akwel S.A.                    A,2026-10-10T12:41:52.362976+00:00,https://www.sec.gov/files/company_tickers.json,MANQUANTE,NON_COUVERT,[],0
22L.F,Nordic Aqua Partners AS       N,2026-10-10T12:41:52.363056+00:00,https://www.sec.gov/files/company_tickers.json,MANQUANTE,NON_COUVERT,[],0
8NN.F,Thor Medical ASA              N,2026-10-10T12:41:52.363124+00:00,https://www.sec.gov/files/company_tickers.json,MANQUANTE,NON_COUVERT,[],0
1S70.F,Cartesian Therapeutics Inc.   R,2026-10-10T12:41:52.363194+00:00,https://www.sec.gov/files/company_tickers.json,MANQUANTE,NON_COUVERT,[],0
B7H.F,Horizon Construction Developm.R,2026-10-10T12:41:52.363272+00:00,https://www.sec.gov/files/company_tickers.json,MANQUANTE,NON_COUVERT,[],0
GQ6.F,Lanson-BCC                    A,2026-10-10T12:41:52.363348+00:00,https://www.sec.gov/files/company_tickers.json,MANQUANTE,NON_COUVERT,[],0
GGN.F,CERAGON NETWORKS LTD.         R,2026-10-10T12:41:52.363419+00:00,https://www.sec.gov/files/company_tickers.json,MANQUANTE,NON_COUVERT,[],0
24S.SG,Strategic Minerals PLC,2026-10-10T12:41:52.363486+00:00,https://www.sec.gov/files/company_tickers.json,MANQUANTE,NON_COUVERT,[],0
Y4E.F,Ramada Investiment.e Indust.SAA,2026-10-10T12:41:52.363556+00:00,https://www.sec.gov/files/company_tickers.json,MANQUANTE,NON_COUVERT,[],0
L5D.F,L.K. Technology Holdings Ltd. R,2026-10-10T12:41:52.363622+00:00,https://www.sec.gov/files/company_tickers.json,MANQUANTE,NON_COUVERT,[],0
CK7.F,China Everbright Greent. Ltd. R,2026-10-10T12:41:52.363693+00:00,https://www.sec.gov/files/company_tickers.json,MANQUANTE,NON_COUVERT,[],0
9UZ.F,A.B.P. NOCIVELLI S.p.A.       A,2026-10-10T12:41:52.363768+00:00,https://www.sec.gov/files/company_tickers.json,MANQUANTE,NON_COUVERT,[],0
MIS.F,Monash IVF Group Ltd.         R,2026-10-10T12:41:52.363839+00:00,https://www.sec.gov/files/company_tickers.json,MANQUANTE,NON_COUVERT,[],0
2YU.F,China Yuhua Education Corp.LtdR,2026-10-10T12:41:52.363914+00:00,https://www.sec.gov/files/company_tickers.json,MANQUANTE,NON_COUVERT,[],0
YF0.F,Energy Svcs of America Corp.  R,2026-10-10T12:41:52.364006+00:00,https://www.sec.gov/files/company_tickers.json,MANQUANTE,NON_COUVERT,[],0
61Z1.F,Züblin Immobilien Holding AG,2026-10-10T12:41:52.364079+00:00,https://www.sec.gov/files/company_tickers.json,MANQUANTE,NON_COUVERT,[],0
DGN.F,Dongjiang Environm. Co. Ltd.  R,2026-10-10T12:41:52.364147+00:00,https://www.sec.gov/files/company_tickers.json,MANQUANTE,NON_COUVERT,[],0
0GV.F,Neostellar Capital Corp.      R,2026-10-10T12:41:52.364216+00:00,https://www.sec.gov/files/company_tickers.json,MANQUANTE,NON_COUVERT,[],0
DKC.F,Asia Tele-Net                 C,2026-10-10T12:41:52.364286+00:00,https://www.sec.gov/files/company_tickers.json,MANQUANTE,NON_COUVERT,[],0
E08A.F,Exagen Inc.                   R,2026-10-10T12:41:52.364353+00:00,https://www.sec.gov/files/company_tickers.json,MANQUANTE,NON_COUVERT,[],0
GET.F,Compagnie Chargeurs Invest SA A,2026-10-10T12:41:52.364423+00:00,https://www.sec.gov/files/company_tickers.json,MANQUANTE,NON_COUVERT,[],0
63E.SG,ONWARD Medical B.V.,2026-10-10T12:41:52.364494+00:00,https://www.sec.gov/files/company_tickers.json,MANQUANTE,NON_COUVERT,[],0
D6X.F,WildBrain Ltd.                R,2026-10-10T12:41:52.364564+00:00,https://www.sec.gov/files/company_tickers.json,MANQUANTE,NON_COUVERT,[],0
SZ9.F,Perfect Corp.                 R,2026-10-10T12:41:52.364630+00:00,https://www.sec.gov/files/company_tickers.json,MANQUANTE,NON_COUVERT,[],0
FGPN.F,Octave Specialty Group Inc.   R,2026-10-10T12:41:52.364697+00:00,https://www.sec.gov/files/company_tickers.json,MANQUANTE,NON_COUVERT,[],0
XIC.F,Klaipedos Nafta AB            R,2026-10-10T12:41:52.364767+00:00,https://www.sec.gov/files/company_tickers.json,MANQUANTE,NON_COUVERT,[],0
4JO.F,Northern Ocean Ltd.           R,2026-10-10T12:41:52.364842+00:00,https://www.sec.gov/files/company_tickers.json,MANQUANTE,NON_COUVERT,[],0
O6M.F,ORVANA MINERALS CORP.         R,2026-10-10T12:41:52.364911+00:00,https://www.sec.gov/files/company_tickers.json,MANQUANTE,NON_COUVERT,[],0
OEL.F,ADM Hamburg AG                I,2026-10-10T12:41:52.365005+00:00,https://www.sec.gov/files/company_tickers.json,MANQUANTE,NON_COUVERT,[],0
SC5A.F,Deoleo S.A.                   A,2026-10-10T12:41:52.365081+00:00,https://www.sec.gov/files/company_tickers.json,MANQUANTE,NON_COUVERT,[],0
0TX.F,VEF AB                        N,2026-10-10T12:41:52.365159+00:00,https://www.sec.gov/files/company_tickers.json,MANQUANTE,NON_COUVERT,[],0
07K.F,Krakatau Steel(Persero) TBK PTR,2026-10-10T12:41:52.365226+00:00,https://www.sec.gov/files/company_tickers.json,MANQUANTE,NON_COUVERT,[],0
1C6.F,Corporate Travel Management   R,2026-10-10T12:41:52.365294+00:00,https://www.sec.gov/files/company_tickers.json,MANQUANTE,NON_COUVERT,[],0
HVB.F,STRA Hannov.Verkehrsbetr. AG In,2026-10-10T12:41:52.365365+00:00,https://www.sec.gov/files/company_tickers.json,MANQUANTE,NON_COUVERT,[],0
XQN.F,Core Molding Technologies Inc.R,2026-10-10T12:41:52.365433+00:00,https://www.sec.gov/files/company_tickers.json,MANQUANTE,NON_COUVERT,[],0
T9Z.F,Zumtobel Group AG             I,2026-10-10T12:41:52.365499+00:00,https://www.sec.gov/files/company_tickers.json,MANQUANTE,NON_COUVERT,[],0
5MU.F,One Stop Systems Inc.         R,2026-10-10T12:41:52.365566+00:00,https://www.sec.gov/files/company_tickers.json,MANQUANTE,NON_COUVERT,[],0
BGR.F,China High-Speed Trans.Equip. R,2026-10-10T12:41:52.365631+00:00,https://www.sec.gov/files/company_tickers.json,MANQUANTE,NON_COUVERT,[],0
DHR.F,B & G Foods Inc.(New)         R,2026-10-10T12:41:52.365698+00:00,https://www.sec.gov/files/company_tickers.json,MANQUANTE,NON_COUVERT,[],0
63E.F,ONWARD Medical B.V.           A,2026-10-10T12:41:52.365764+00:00,https://www.sec.gov/files/company_tickers.json,MANQUANTE,NON_COUVERT,[],0
9CK.F,China Kepei Education Grp Ltd.R,2026-10-10T12:41:52.365832+00:00,https://www.sec.gov/files/company_tickers.json,MANQUANTE,NON_COUVERT,[],0
FC8.F,CONSUMER PORTFOLIO SVCS INC.  R,2026-10-10T12:41:52.365907+00:00,https://www.sec.gov/files/company_tickers.json,MANQUANTE,NON_COUVERT,[],0
EDA.F,FocalTherics                  A,2026-10-10T12:41:52.365995+00:00,https://www.sec.gov/files/company_tickers.json,MANQUANTE,NON_COUVERT,[],0
PGZ.F,Healius Ltd.                  R,2026-10-10T12:41:52.366068+00:00,https://www.sec.gov/files/company_tickers.json,MANQUANTE,NON_COUVERT,[],0
LH1.F,Lifetime Brands Inc.          R,2026-10-10T12:41:52.366137+00:00,https://www.sec.gov/files/company_tickers.json,MANQUANTE,NON_COUVERT,[],0
9IA.F,Andrada Mining Ltd.           R,2026-10-10T12:41:52.366205+00:00,https://www.sec.gov/files/company_tickers.json,MANQUANTE,NON_COUVERT,[],0
RIK.F,RCI Hospitality Holdings Inc. R,2026-10-10T12:41:52.366272+00:00,https://www.sec.gov/files/company_tickers.json,MANQUANTE,NON_COUVERT,[],0
95D.F,ActiveOps PLC                 R,2026-10-10T12:41:52.366350+00:00,https://www.sec.gov/files/company_tickers.json,MANQUANTE,NON_COUVERT,[],0
N4T.F,Polaris Renewable Energy Inc. R,2026-10-10T12:41:52.366421+00:00,https://www.sec.gov/files/company_tickers.json,MANQUANTE,NON_COUVERT,[],0
TM9.F,Noram Drilling Company A.S.   N,2026-10-10T12:41:52.366495+00:00,https://www.sec.gov/files/company_tickers.json,MANQUANTE,NON_COUVERT,[],0
LIW.F,LIU CHONG HING INVESTMENT LTD.R,2026-10-10T12:41:52.366564+00:00,https://www.sec.gov/files/company_tickers.json,MANQUANTE,NON_COUVERT,[],0
SG5.F,Troops Inc.                   R,2026-10-10T12:41:52.366632+00:00,https://www.sec.gov/files/company_tickers.json,MANQUANTE,NON_COUVERT,[],0
32D.F,DHI Group Inc.                R,2026-10-10T12:41:52.366708+00:00,https://www.sec.gov/files/company_tickers.json,MANQUANTE,NON_COUVERT,[],0
5IK.F,Inkeverse Group Ltd.          R,2026-10-10T12:41:52.366781+00:00,https://www.sec.gov/files/company_tickers.json,MANQUANTE,NON_COUVERT,[],0
54M.F,Motorcar Parts of America Inc.R,2026-10-10T12:41:52.366859+00:00,https://www.sec.gov/files/company_tickers.json,MANQUANTE,NON_COUVERT,[],0
N67.F,BLE KEDROS REIC               N,2026-10-10T12:41:52.366932+00:00,https://www.sec.gov/files/company_tickers.json,MANQUANTE,NON_COUVERT,[],0
BU3.F,Exodus Movement Inc.          R,2026-10-10T12:41:52.367050+00:00,https://www.sec.gov/files/company_tickers.json,MANQUANTE,NON_COUVERT,[],0
QKL1.F,QuickLogic Corp.              R,2026-10-10T12:41:52.367131+00:00,https://www.sec.gov/files/company_tickers.json,MANQUANTE,NON_COUVERT,[],0
A3A.F,Alumil Aluminium Industry S.A.N,2026-10-10T12:41:52.367202+00:00,https://www.sec.gov/files/company_tickers.json,MANQUANTE,NON_COUVERT,[],0
R9B.F,DeFi Technologies Inc.        R,2026-10-10T12:41:52.367274+00:00,https://www.sec.gov/files/company_tickers.json,MANQUANTE,NON_COUVERT,[],0
MW4.SG,Akwel S.A.,2026-10-10T12:41:52.367345+00:00,https://www.sec.gov/files/company_tickers.json,MANQUANTE,NON_COUVERT,[],0
C38.F,Crest Nicholson Holdings PLC  R,2026-10-10T12:41:52.367412+00:00,https://www.sec.gov/files/company_tickers.json,MANQUANTE,NON_COUVERT,[],0
TM9.SG,Noram Drilling Company A.S.,2026-10-10T12:41:52.367488+00:00,https://www.sec.gov/files/company_tickers.json,MANQUANTE,NON_COUVERT,[],0
ZP7.F,Directa Sim S.p.A.            A,2026-10-10T12:41:52.367561+00:00,https://www.sec.gov/files/company_tickers.json,MANQUANTE,NON_COUVERT,[],0
P9A.F,Praemium Ltd.                 R,2026-10-10T12:41:52.367630+00:00,https://www.sec.gov/files/company_tickers.json,MANQUANTE,NON_COUVERT,[],0
3K2.F,Expert.AI S.p.A.              A,2026-10-10T12:41:52.367697+00:00,https://www.sec.gov/files/company_tickers.json,MANQUANTE,NON_COUVERT,[],0
1J2.F,Warpaint London PLC           R,2026-10-10T12:41:52.367766+00:00,https://www.sec.gov/files/company_tickers.json,MANQUANTE,NON_COUVERT,[],0
F1H.F,Frauenthal Holding AG         I,2026-10-10T12:41:52.367833+00:00,https://www.sec.gov/files/company_tickers.json,MANQUANTE,NON_COUVERT,[],0
XWM0.F,National CineMedia Inc.       R,2026-10-10T12:41:52.367901+00:00,https://www.sec.gov/files/company_tickers.json,MANQUANTE,NON_COUVERT,[],0
Z68.F,Luca Mining Corp.             R,2026-10-10T12:41:52.367997+00:00,https://www.sec.gov/files/company_tickers.json,MANQUANTE,NON_COUVERT,[],0
UJ0.F,West Red Lake Gold Mines Ltd. R,2026-10-10T12:41:52.368072+00:00,https://www.sec.gov/files/company_tickers.json,MANQUANTE,NON_COUVERT,[],0
S0G.F,St. George Mining Ltd.        R,2026-10-10T12:41:52.368142+00:00,https://www.sec.gov/files/company_tickers.json,MANQUANTE,NON_COUVERT,[],0
TNY1.SG,China Merchants Land Ltd.,2026-10-10T12:41:52.368214+00:00,https://www.sec.gov/files/company_tickers.json,MANQUANTE,NON_COUVERT,[],0
6E5.F,Nordhealth AS                 N,2026-10-10T12:41:52.368283+00:00,https://www.sec.gov/files/company_tickers.json,MANQUANTE,NON_COUVERT,[],0
A2T.F,Atrys Health S.A.             A,2026-10-10T12:41:52.368349+00:00,https://www.sec.gov/files/company_tickers.json,MANQUANTE,NON_COUVERT,[],0
3V20.F,Toubani Resources Ltd.        R,2026-10-10T12:41:52.368414+00:00,https://www.sec.gov/files/company_tickers.json,MANQUANTE,NON_COUVERT,[],0
N5X.F,Maritime Launch Services Inc. R,2026-10-10T12:41:52.368482+00:00,https://www.sec.gov/files/company_tickers.json,MANQUANTE,NON_COUVERT,[],0
4VL.F,Genel Energy PLC              R,2026-10-10T12:41:52.368547+00:00,https://www.sec.gov/files/company_tickers.json,MANQUANTE,NON_COUVERT,[],0
FAR.F,FreightCar America Inc.       R,2026-10-10T12:41:52.368611+00:00,https://www.sec.gov/files/company_tickers.json,MANQUANTE,NON_COUVERT,[],0
4C1.F,China Dongxiang Group Co.     R,2026-10-10T12:41:52.368677+00:00,https://www.sec.gov/files/company_tickers.json,MANQUANTE,NON_COUVERT,[],0
ZD8.F,Pacific Lime and Cement Ltd.  R,2026-10-10T12:41:52.368744+00:00,https://www.sec.gov/files/company_tickers.json,MANQUANTE,NON_COUVERT,[],0
IBG.F,IBERPAPEL GESTION S.A.        A,2026-10-10T12:41:52.368810+00:00,https://www.sec.gov/files/company_tickers.json,MANQUANTE,NON_COUVERT,[],0
FFR.F,FORRESTER RESEARCH INC.       R,2026-10-10T12:41:52.368877+00:00,https://www.sec.gov/files/company_tickers.json,MANQUANTE,NON_COUVERT,[],0
T62.F,TOHO ZINC CO. LTD.            R,2026-10-10T12:41:52.368943+00:00,https://www.sec.gov/files/company_tickers.json,MANQUANTE,NON_COUVERT,[],0
LYV.F,Orron Energy AB               N,2026-10-10T12:41:52.369035+00:00,https://www.sec.gov/files/company_tickers.json,MANQUANTE,NON_COUVERT,[],0
GR6.F,Gradus AD                     R,2026-10-10T12:41:52.369104+00:00,https://www.sec.gov/files/company_tickers.json,MANQUANTE,NON_COUVERT,[],0
0GF.F,Graphene Manufacturing Group  R,2026-10-10T12:41:52.369171+00:00,https://www.sec.gov/files/company_tickers.json,MANQUANTE,NON_COUVERT,[],0
R5L.F,CIE IMMOBILIERE DE BELGIQUE SAA,2026-10-10T12:41:52.369236+00:00,https://www.sec.gov/files/company_tickers.json,MANQUANTE,NON_COUVERT,[],0
CB4.F,CAC Holdings Corp.            R,2026-10-10T12:41:52.369301+00:00,https://www.sec.gov/files/company_tickers.json,MANQUANTE,NON_COUVERT,[],0
MIO.F,Mincon Group PLC              R,2026-10-10T12:41:52.369367+00:00,https://www.sec.gov/files/company_tickers.json,MANQUANTE,NON_COUVERT,[],0
07R.F,Streamwide SA                 A,2026-10-10T12:41:52.369433+00:00,https://www.sec.gov/files/company_tickers.json,MANQUANTE,NON_COUVERT,[],0
0MD.F,Squirrel Media S.A.           A,2026-10-10T12:41:52.369503+00:00,https://www.sec.gov/files/company_tickers.json,MANQUANTE,NON_COUVERT,[],0
PDXN.F,Pro-Dex Inc.                  R,2026-10-10T12:41:52.369571+00:00,https://www.sec.gov/files/company_tickers.json,MANQUANTE,NON_COUVERT,[],0
41I.F,Ares Commercial Real Est.Corp.R,2026-10-10T12:41:52.369637+00:00,https://www.sec.gov/files/company_tickers.json,MANQUANTE,NON_COUVERT,[],0
PSQ.F,Somboon Advance Technology PCLR,2026-10-10T12:41:52.369703+00:00,https://www.sec.gov/files/company_tickers.json,MANQUANTE,NON_COUVERT,[],0
MUY.F,MULBERRY GROUP PLC            R,2026-10-10T12:41:52.369769+00:00,https://www.sec.gov/files/company_tickers.json,MANQUANTE,NON_COUVERT,[],0
IMY.F,IMMSI S.P.A.                  A,2026-10-10T12:41:52.369836+00:00,https://www.sec.gov/files/company_tickers.json,MANQUANTE,NON_COUVERT,[],0
27K.SG,Kangda International Environmen,2026-10-10T12:41:52.369901+00:00,https://www.sec.gov/files/company_tickers.json,MANQUANTE,NON_COUVERT,[],0
5PMA.F,GreenX Metals Ltd.            R,2026-10-10T12:41:52.369986+00:00,https://www.sec.gov/files/company_tickers.json,MANQUANTE,NON_COUVERT,[],0
6Z8.F,eVISO S.p.A.                  A,2026-10-10T12:41:52.370061+00:00,https://www.sec.gov/files/company_tickers.json,MANQUANTE,NON_COUVERT,[],0
TQW.F,TULLOW OIL PLC                R,2026-10-10T12:41:52.370134+00:00,https://www.sec.gov/files/company_tickers.json,MANQUANTE,NON_COUVERT,[],0
CCP.SG,Celtic PLC,2026-10-10T12:41:52.370202+00:00,https://www.sec.gov/files/company_tickers.json,MANQUANTE,NON_COUVERT,[],0
3DO.F,dotDigital Group PLC          R,2026-10-10T12:41:52.370267+00:00,https://www.sec.gov/files/company_tickers.json,MANQUANTE,NON_COUVERT,[],0
9KJ.F,NX Filtration B.V.            A,2026-10-10T12:41:52.370344+00:00,https://www.sec.gov/files/company_tickers.json,MANQUANTE,NON_COUVERT,[],0
433.F,Appen Ltd.                    R,2026-10-10T12:41:52.370410+00:00,https://www.sec.gov/files/company_tickers.json,MANQUANTE,NON_COUVERT,[],0
FTO.F,FEINTOOL INTERNATIONAL HOLDINGN,2026-10-10T12:41:52.370483+00:00,https://www.sec.gov/files/company_tickers.json,MANQUANTE,NON_COUVERT,[],0
4RS.F,Reach Subsea ASA              N,2026-10-10T12:41:52.370550+00:00,https://www.sec.gov/files/company_tickers.json,MANQUANTE,NON_COUVERT,[],0
OT8.F,Eleving Group                 A,2026-10-10T12:41:52.370616+00:00,https://www.sec.gov/files/company_tickers.json,MANQUANTE,NON_COUVERT,[],0
EZ8.F,Koskisen Oyj                  R,2026-10-10T12:41:52.370723+00:00,https://www.sec.gov/files/company_tickers.json,MANQUANTE,NON_COUVERT,[],0
EK9.F,Aplicaciones y Tratamiento de A,2026-10-10T12:41:52.370817+00:00,https://www.sec.gov/files/company_tickers.json,MANQUANTE,NON_COUVERT,[],0
ZM3.F,Zumiez Inc.                   R,2026-10-10T12:41:52.370888+00:00,https://www.sec.gov/files/company_tickers.json,MANQUANTE,NON_COUVERT,[],0
000.F,Bitzero Holdings Inc.         R,2026-10-10T12:41:52.370980+00:00,https://www.sec.gov/files/company_tickers.json,MANQUANTE,NON_COUVERT,[],0
TXC2.F,Teixeira Duarte S.A.          N,2026-10-10T12:41:52.371062+00:00,https://www.sec.gov/files/company_tickers.json,MANQUANTE,NON_COUVERT,[],0
JCM.F,JAPAN CASH MACHINE CO. LTD.   R,2026-10-10T12:41:52.371131+00:00,https://www.sec.gov/files/company_tickers.json,MANQUANTE,NON_COUVERT,[],0
BUOB.F,BANG & OLUFSEN AS             N,2026-10-10T12:41:52.371197+00:00,https://www.sec.gov/files/company_tickers.json,MANQUANTE,NON_COUVERT,[],0
2L2.F,Limoneira Co.                 R,2026-10-10T12:41:52.371263+00:00,https://www.sec.gov/files/company_tickers.json,MANQUANTE,NON_COUVERT,[],0
S13.F,Qingdao AInnovation Tech.Grp. R,2026-10-10T12:41:52.371330+00:00,https://www.sec.gov/files/company_tickers.json,MANQUANTE,NON_COUVERT,[],0
CHC1.F,Hot Chili Ltd.                R,2026-10-10T12:41:52.371396+00:00,https://www.sec.gov/files/company_tickers.json,MANQUANTE,NON_COUVERT,[],0
4ZL.F,Alta Equipment Group Inc.     R,2026-10-10T12:41:52.371462+00:00,https://www.sec.gov/files/company_tickers.json,MANQUANTE,NON_COUVERT,[],0
0CD.F,Canatu Oyj                    R,2026-10-10T12:41:52.371529+00:00,https://www.sec.gov/files/company_tickers.json,MANQUANTE,NON_COUVERT,[],0
3XT.F,EXCO TECHNOLOGIES LTD.        R,2026-10-10T12:41:52.371596+00:00,https://www.sec.gov/files/company_tickers.json,MANQUANTE,NON_COUVERT,[],0
I8D.F,ISDN Holdings Ltd.            R,2026-10-10T12:41:52.371662+00:00,https://www.sec.gov/files/company_tickers.json,MANQUANTE,NON_COUVERT,[],0
HF5.F,Honma Golf Ltd                R,2026-10-10T12:41:52.371739+00:00,https://www.sec.gov/files/company_tickers.json,MANQUANTE,NON_COUVERT,[],0
7XR.F,IBJ Inc.                      R,2026-10-10T12:41:52.371805+00:00,https://www.sec.gov/files/company_tickers.json,MANQUANTE,NON_COUVERT,[],0
1E91.SG,Econocom Group S.A.,2026-10-10T12:41:52.371871+00:00,https://www.sec.gov/files/company_tickers.json,MANQUANTE,NON_COUVERT,[],0
35J.F,Canaan Inc.                   R,2026-10-10T12:41:52.371937+00:00,https://www.sec.gov/files/company_tickers.json,MANQUANTE,NON_COUVERT,[],0
9YG.F,Deep Value Driller AS         N,2026-10-10T12:41:52.372030+00:00,https://www.sec.gov/files/company_tickers.json,MANQUANTE,NON_COUVERT,[],0
WWY1.SG,E-Commodities Holdings Ltd.,2026-10-10T12:41:52.372098+00:00,https://www.sec.gov/files/company_tickers.json,MANQUANTE,NON_COUVERT,[],0
BAI0.F,Cerrado Gold Inc.             R,2026-10-10T12:41:52.372164+00:00,https://www.sec.gov/files/company_tickers.json,MANQUANTE,NON_COUVERT,[],0
89W.F,Ecoener S.A.                  A,2026-10-10T12:41:52.372229+00:00,https://www.sec.gov/files/company_tickers.json,MANQUANTE,NON_COUVERT,[],0
UZQ.F,Kogan.Com Ltd                 R,2026-10-10T12:41:52.372300+00:00,https://www.sec.gov/files/company_tickers.json,MANQUANTE,NON_COUVERT,[],0
3T00.F,Titan Mining Corp.            R,2026-10-10T12:41:52.372368+00:00,https://www.sec.gov/files/company_tickers.json,MANQUANTE,NON_COUVERT,[],0
TQ2.F,TOYO KANETSU K.K.             R,2026-10-10T12:41:52.372433+00:00,https://www.sec.gov/files/company_tickers.json,MANQUANTE,NON_COUVERT,[],0
2FH.F,Fourlis Holdings S.A.         N,2026-10-10T12:41:52.372499+00:00,https://www.sec.gov/files/company_tickers.json,MANQUANTE,NON_COUVERT,[],0
ZVR.F,Solar A/S                     N,2026-10-10T12:41:52.372566+00:00,https://www.sec.gov/files/company_tickers.json,MANQUANTE,NON_COUVERT,[],0
BY9.F,Qunabox Group Ltd.            R,2026-10-10T12:41:52.372631+00:00,https://www.sec.gov/files/company_tickers.json,MANQUANTE,NON_COUVERT,[],0
PBDA.F,Protalix BioTherapeutics Inc. R,2026-10-10T12:41:52.372696+00:00,https://www.sec.gov/files/company_tickers.json,MANQUANTE,NON_COUVERT,[],0
5TJ.F,Computer Modelling Group Ltd. R,2026-10-10T12:41:52.372761+00:00,https://www.sec.gov/files/company_tickers.json,MANQUANTE,NON_COUVERT,[],0
5FM0.F,BEWI Invest ASA               N,2026-10-10T12:41:52.372827+00:00,https://www.sec.gov/files/company_tickers.json,MANQUANTE,NON_COUVERT,[],0
CTNK.F,centrotherm international AG  I,2026-10-10T12:41:52.372893+00:00,https://www.sec.gov/files/company_tickers.json,MANQUANTE,NON_COUVERT,[],0
IC5.F,Yamashin-Filter Corp.         R,2026-10-10T12:41:52.372978+00:00,https://www.sec.gov/files/company_tickers.json,MANQUANTE,NON_COUVERT,[],0
2PR3.F,Pruksa Holdings PCL           R,2026-10-10T12:41:52.373053+00:00,https://www.sec.gov/files/company_tickers.json,MANQUANTE,NON_COUVERT,[],0
EPL.F,ETTEPLAN OYI                  R,2026-10-10T12:41:52.373121+00:00,https://www.sec.gov/files/company_tickers.json,MANQUANTE,NON_COUVERT,[],0
AY8.SG,APT Satellite Holdings Ltd.,2026-10-10T12:41:52.373188+00:00,https://www.sec.gov/files/company_tickers.json,MANQUANTE,NON_COUVERT,[],0
TGNA.F,TRANSGENE S.A.                A,2026-10-10T12:41:52.373254+00:00,https://www.sec.gov/files/company_tickers.json,MANQUANTE,NON_COUVERT,[],0
779.F,Acadian Timber Corp.          R,2026-10-10T12:41:52.373320+00:00,https://www.sec.gov/files/company_tickers.json,MANQUANTE,NON_COUVERT,[],0
6TU.F,EnCore Energy Corp.           R,2026-10-10T12:41:52.373386+00:00,https://www.sec.gov/files/company_tickers.json,MANQUANTE,NON_COUVERT,[],0
HX8.F,Ballard Mining Ltd.           R,2026-10-10T12:41:52.373451+00:00,https://www.sec.gov/files/company_tickers.json,MANQUANTE,NON_COUVERT,[],0
45H.F,First Internet Bancorp.       R,2026-10-10T12:41:52.373517+00:00,https://www.sec.gov/files/company_tickers.json,MANQUANTE,NON_COUVERT,[],0
3WB.SG,Waberers International PLC,2026-10-10T12:41:52.373583+00:00,https://www.sec.gov/files/company_tickers.json,MANQUANTE,NON_COUVERT,[],0
8FN.F,FNM S.p.A.                    A,2026-10-10T12:41:52.373654+00:00,https://www.sec.gov/files/company_tickers.json,MANQUANTE,NON_COUVERT,[],0
1SD.F,Smart Sand Inc.               R,2026-10-10T12:41:52.373728+00:00,https://www.sec.gov/files/company_tickers.json,MANQUANTE,NON_COUVERT,[],0
SCG.SG,Sporting Lissabon,2026-10-10T12:41:52.373796+00:00,https://www.sec.gov/files/company_tickers.json,MANQUANTE,NON_COUVERT,[],0
EPU.F,Emperor Watch & Jewellery Ltd.R,2026-10-10T12:41:52.373863+00:00,https://www.sec.gov/files/company_tickers.json,MANQUANTE,NON_COUVERT,[],0
3UD.F,Helios Fairfax Partners Corp. R,2026-10-10T12:41:52.373936+00:00,https://www.sec.gov/files/company_tickers.json,MANQUANTE,NON_COUVERT,[],0
93V.F,Instabank ASA                 N,2026-10-10T12:41:52.374028+00:00,https://www.sec.gov/files/company_tickers.json,MANQUANTE,NON_COUVERT,[],0
M7X.F,Meridian Corp.                R,2026-10-10T12:41:52.374096+00:00,https://www.sec.gov/files/company_tickers.json,MANQUANTE,NON_COUVERT,[],0
81Y.SG,Zalaris ASA,2026-10-10T12:41:52.374163+00:00,https://www.sec.gov/files/company_tickers.json,MANQUANTE,NON_COUVERT,[],0
7DC.F,Diaceutics PLC                R,2026-10-10T12:41:52.374229+00:00,https://www.sec.gov/files/company_tickers.json,MANQUANTE,NON_COUVERT,[],0
OW0A.F,Onity Group Inc.              R,2026-10-10T12:41:52.374297+00:00,https://www.sec.gov/files/company_tickers.json,MANQUANTE,NON_COUVERT,[],0
J4Y.F,Smart Organic Ad              R,2026-10-10T12:41:52.374364+00:00,https://www.sec.gov/files/company_tickers.json,MANQUANTE,NON_COUVERT,[],0
3FF.F,FutureFuel Corp.              R,2026-10-10T12:41:52.374430+00:00,https://www.sec.gov/files/company_tickers.json,MANQUANTE,NON_COUVERT,[],0
UTM.F,UTAH MEDICAL PRODUCTS INC.    R,2026-10-10T12:41:52.374496+00:00,https://www.sec.gov/files/company_tickers.json,MANQUANTE,NON_COUVERT,[],0
T6N.F,Smiths News PLC               R,2026-10-10T12:41:52.374562+00:00,https://www.sec.gov/files/company_tickers.json,MANQUANTE,NON_COUVERT,[],0
K9N.F,ChargePoint Holdings Inc.     R,2026-10-10T12:41:52.374628+00:00,https://www.sec.gov/files/company_tickers.json,MANQUANTE,NON_COUVERT,[],0
N3B.F,Anbio Biotechnology           R,2026-10-10T12:41:52.374693+00:00,https://www.sec.gov/files/company_tickers.json,MANQUANTE,NON_COUVERT,[],0
MBJ.F,MBIA INC.                     R,2026-10-10T12:41:52.374758+00:00,https://www.sec.gov/files/company_tickers.json,MANQUANTE,NON_COUVERT,[],0
30M.F,Myer Holdings Ltd.            R,2026-10-10T12:41:52.374824+00:00,https://www.sec.gov/files/company_tickers.json,MANQUANTE,NON_COUVERT,[],0
84H.F,Sichuan Energy Investment DeveR,2026-10-10T12:41:52.374890+00:00,https://www.sec.gov/files/company_tickers.json,MANQUANTE,NON_COUVERT,[],0
XSNA.F,SECURITY NATIONAL FINL CORP.  R,2026-10-10T12:41:52.374983+00:00,https://www.sec.gov/files/company_tickers.json,MANQUANTE,NON_COUVERT,[],0
2BM.F,CF Bankshares Inc.            R,2026-10-10T12:41:52.375058+00:00,https://www.sec.gov/files/company_tickers.json,MANQUANTE,NON_COUVERT,[],0
SQZ.F,SEACOR Marine Holdings Inc.   R,2026-10-10T12:41:52.375127+00:00,https://www.sec.gov/files/company_tickers.json,MANQUANTE,NON_COUVERT,[],0
CCP.F,CELTIC PLC                    R,2026-10-10T12:41:52.375194+00:00,https://www.sec.gov/files/company_tickers.json,MANQUANTE,NON_COUVERT,[],0
B120.F,Kolibri Global Energy Inc.    R,2026-10-10T12:41:52.375260+00:00,https://www.sec.gov/files/company_tickers.json,MANQUANTE,NON_COUVERT,[],0
OIH.F,CSI Properties Ltd.           R,2026-10-10T12:41:52.375326+00:00,https://www.sec.gov/files/company_tickers.json,MANQUANTE,NON_COUVERT,[],0
8SW.F,Archer Ltd.                   R,2026-10-10T12:41:52.375393+00:00,https://www.sec.gov/files/company_tickers.json,MANQUANTE,NON_COUVERT,[],0
RI7.F,RIBER S.A.                    A,2026-10-10T12:41:52.375458+00:00,https://www.sec.gov/files/company_tickers.json,MANQUANTE,NON_COUVERT,[],0
VCM.F,Vecima Networks Inc.          R,2026-10-10T12:41:52.375525+00:00,https://www.sec.gov/files/company_tickers.json,MANQUANTE,NON_COUVERT,[],0
838.F,CLS Holdings PLC              R,2026-10-10T12:41:52.375591+00:00,https://www.sec.gov/files/company_tickers.json,MANQUANTE,NON_COUVERT,[],0
B2K.F,Bell Equipment Ltd.           R,2026-10-10T12:41:52.375657+00:00,https://www.sec.gov/files/company_tickers.json,MANQUANTE,NON_COUVERT,[],0
7ES1.F,Eastern Water Res Dev&Mgmt PCLR,2026-10-10T12:41:52.375722+00:00,https://www.sec.gov/files/company_tickers.json,MANQUANTE,NON_COUVERT,[],0
XDH.F,Xingda Intl Hldgs Ltd.        R,2026-10-10T12:41:52.375787+00:00,https://www.sec.gov/files/company_tickers.json,MANQUANTE,NON_COUVERT,[],0
35J.SG,Canaan Inc. (ADRs),2026-10-10T12:41:52.375852+00:00,https://www.sec.gov/files/company_tickers.json,MANQUANTE,NON_COUVERT,[],0
6CQ.F,Cresco Labs Inc.              R,2026-10-10T12:41:52.375917+00:00,https://www.sec.gov/files/company_tickers.json,MANQUANTE,NON_COUVERT,[],0
TP3.F,Thrace Plastics Holding&Com.SAN,2026-10-10T12:41:52.376013+00:00,https://www.sec.gov/files/company_tickers.json,MANQUANTE,NON_COUVERT,[],0
FQV.F,Spok Holdings Inc.            R,2026-10-10T12:41:52.376083+00:00,https://www.sec.gov/files/company_tickers.json,MANQUANTE,NON_COUVERT,[],0
G6G0.F,GrafTech International Ltd.   R,2026-10-10T12:41:52.376151+00:00,https://www.sec.gov/files/company_tickers.json,MANQUANTE,NON_COUVERT,[],0
9VI.F,Tess Holdings Co. Ltd.        R,2026-10-10T12:41:52.376227+00:00,https://www.sec.gov/files/company_tickers.json,MANQUANTE,NON_COUVERT,[],0
UM7.F,Eureka Group Holdings Ltd.    R,2026-10-10T12:41:52.376293+00:00,https://www.sec.gov/files/company_tickers.json,MANQUANTE,NON_COUVERT,[],0
6AH.F,Ausnutria Dairy Corp. Ltd.    R,2026-10-10T12:41:52.376365+00:00,https://www.sec.gov/files/company_tickers.json,MANQUANTE,NON_COUVERT,[],0
V7XN.F,Vuzix Corp.                   R,2026-10-10T12:41:52.376433+00:00,https://www.sec.gov/files/company_tickers.json,MANQUANTE,NON_COUVERT,[],0
AR2.F,Imperial Petroleum Inc.       R,2026-10-10T12:41:52.376503+00:00,https://www.sec.gov/files/company_tickers.json,MANQUANTE,NON_COUVERT,[],0
0PQ.F,ProQR Therapeutics N.V.       A,2026-10-10T12:41:52.376569+00:00,https://www.sec.gov/files/company_tickers.json,MANQUANTE,NON_COUVERT,[],0
NUS.F,NU SKIN ENTERPRISES INC.      R,2026-10-10T12:41:52.376636+00:00,https://www.sec.gov/files/company_tickers.json,MANQUANTE,NON_COUVERT,[],0
2FH.SG,Fourlis Holding S.A.,2026-10-10T12:41:52.376702+00:00,https://www.sec.gov/files/company_tickers.json,MANQUANTE,NON_COUVERT,[],0
784.F,E Split Corp.                 R,2026-10-10T12:41:52.376769+00:00,https://www.sec.gov/files/company_tickers.json,MANQUANTE,NON_COUVERT,[],0
HAO.F,Hainan Meilan Intl Airport Co.R,2026-10-10T12:41:52.376841+00:00,https://www.sec.gov/files/company_tickers.json,MANQUANTE,NON_COUVERT,[],0
II8.F,ENDO LIGHTING CORP.           R,2026-10-10T12:41:52.376908+00:00,https://www.sec.gov/files/company_tickers.json,MANQUANTE,NON_COUVERT,[],0
S090.F,Sutro Biopharma Inc.          R,2026-10-10T12:41:52.376995+00:00,https://www.sec.gov/files/company_tickers.json,MANQUANTE,NON_COUVERT,[],0
SWQ.F,Silver Mines Ltd.             R,2026-10-10T12:41:52.377069+00:00,https://www.sec.gov/files/company_tickers.json,MANQUANTE,NON_COUVERT,[],0
2OZA.F,Microvast Holdings Inc.       R,2026-10-10T12:41:52.377136+00:00,https://www.sec.gov/files/company_tickers.json,MANQUANTE,NON_COUVERT,[],0
M3O.F,Beacon Minerals Ltd.          R,2026-10-10T12:41:52.377202+00:00,https://www.sec.gov/files/company_tickers.json,MANQUANTE,NON_COUVERT,[],0
BT3.F,Lineage Cell Therapeutics Inc.R,2026-10-10T12:41:52.377269+00:00,https://www.sec.gov/files/company_tickers.json,MANQUANTE,NON_COUVERT,[],0
1E91.F,Econocom Group SE             A,2026-10-10T12:41:52.377341+00:00,https://www.sec.gov/files/company_tickers.json,MANQUANTE,NON_COUVERT,[],0
M55.F,MacroGenics Inc.              R,2026-10-10T12:41:52.377409+00:00,https://www.sec.gov/files/company_tickers.json,MANQUANTE,NON_COUVERT,[],0
BTA.F,BTG Consulting PLC            R,2026-10-10T12:41:52.377476+00:00,https://www.sec.gov/files/company_tickers.json,MANQUANTE,NON_COUVERT,[],0
GLV.F,GLORIOUS SUN ENTERPRISES LTD. R,2026-10-10T12:41:52.377541+00:00,https://www.sec.gov/files/company_tickers.json,MANQUANTE,NON_COUVERT,[],0
0BK.F,MITSUBISHI STEEL MFG. CO. LTD.R,2026-10-10T12:41:52.377613+00:00,https://www.sec.gov/files/company_tickers.json,MANQUANTE,NON_COUVERT,[],0
AH2N.F,ASCOM HOLDING AG              N,2026-10-10T12:41:52.377684+00:00,https://www.sec.gov/files/company_tickers.json,MANQUANTE,NON_COUVERT,[],0
BC70.F,Capital B S.A.                A,2026-10-10T12:41:52.377754+00:00,https://www.sec.gov/files/company_tickers.json,MANQUANTE,NON_COUVERT,[],0
J0H.F,H+H International AS          N,2026-10-10T12:41:52.377820+00:00,https://www.sec.gov/files/company_tickers.json,MANQUANTE,NON_COUVERT,[],0
2LYA.F,High Tide Inc.                R,2026-10-10T12:41:52.377885+00:00,https://www.sec.gov/files/company_tickers.json,MANQUANTE,NON_COUVERT,[],0
BJ3.F,Beijing North Star Co. Ltd.   R,2026-10-10T12:41:52.377952+00:00,https://www.sec.gov/files/company_tickers.json,MANQUANTE,NON_COUVERT,[],0
OP3.F,OP Bancorp                    R,2026-10-10T12:41:52.378046+00:00,https://www.sec.gov/files/company_tickers.json,MANQUANTE,NON_COUVERT,[],0
PRVA.F,Vanquis Banking Group PLC     R,2026-10-10T12:41:52.378113+00:00,https://www.sec.gov/files/company_tickers.json,MANQUANTE,NON_COUVERT,[],0
TZ0.F,Jinmao Property Services Co.  R,2026-10-10T12:41:52.378202+00:00,https://www.sec.gov/files/company_tickers.json,MANQUANTE,NON_COUVERT,[],0
JTI.F,Ju Teng Intl Holdings Ltd.    R,2026-10-10T12:41:52.378277+00:00,https://www.sec.gov/files/company_tickers.json,MANQUANTE,NON_COUVERT,[],0
AMH.F,AB Amber Grid                 R,2026-10-10T12:41:52.378359+00:00,https://www.sec.gov/files/company_tickers.json,MANQUANTE,NON_COUVERT,[],0
P5C.F,Pou Sheng Internat. Hldgs Ltd.R,2026-10-10T12:41:52.378441+00:00,https://www.sec.gov/files/company_tickers.json,MANQUANTE,NON_COUVERT,[],0
SD4.F,Spectral Medical Inc.         R,2026-10-10T12:41:52.378521+00:00,https://www.sec.gov/files/company_tickers.json,MANQUANTE,NON_COUVERT,[],0
JBX.F,JACK IN THE BOX INC.          R,2026-10-10T12:41:52.378589+00:00,https://www.sec.gov/files/company_tickers.json,MANQUANTE,NON_COUVERT,[],0
YG6.F,Cinkarna Met.kem.ind. Celje ddN,2026-10-10T12:41:52.378659+00:00,https://www.sec.gov/files/company_tickers.json,MANQUANTE,NON_COUVERT,[],0
PHE.F,Cipher Pharmaceuticals Inc.   R,2026-10-10T12:41:52.378736+00:00,https://www.sec.gov/files/company_tickers.json,MANQUANTE,NON_COUVERT,[],0
6RN.F,China Renaissance Hldgs Ltd.  R,2026-10-10T12:41:52.378814+00:00,https://www.sec.gov/files/company_tickers.json,MANQUANTE,NON_COUVERT,[],0
6RN.SG,China Renaissance Hldgs Ltd.,2026-10-10T12:41:52.378887+00:00,https://www.sec.gov/files/company_tickers.json,MANQUANTE,NON_COUVERT,[],0
3KF0.F,Auxly Cannabis Group Inc.     R,2026-10-10T12:41:52.378979+00:00,https://www.sec.gov/files/company_tickers.json,MANQUANTE,NON_COUVERT,[],0
SMG.F,Magnachip Semiconductor Corp. R,2026-10-10T12:41:52.379058+00:00,https://www.sec.gov/files/company_tickers.json,MANQUANTE,NON_COUVERT,[],0
DB0.F,Q32 Bio Inc.                  R,2026-10-10T12:41:52.379130+00:00,https://www.sec.gov/files/company_tickers.json,MANQUANTE,NON_COUVERT,[],0
56P.F,NG Energy International Corp. R,2026-10-10T12:41:52.379204+00:00,https://www.sec.gov/files/company_tickers.json,MANQUANTE,NON_COUVERT,[],0
9S2.F,Midwich Group PLC             R,2026-10-10T12:41:52.379276+00:00,https://www.sec.gov/files/company_tickers.json,MANQUANTE,NON_COUVERT,[],0
50P.F,Saturn Metals Ltd.            R,2026-10-10T12:41:52.379346+00:00,https://www.sec.gov/files/company_tickers.json,MANQUANTE,NON_COUVERT,[],0
5NZ.F,NZX Ltd.                      R,2026-10-10T12:41:52.379412+00:00,https://www.sec.gov/files/company_tickers.json,MANQUANTE,NON_COUVERT,[],0
9DB.F,Dave & Buster's Entertain.Inc.R,2026-10-10T12:41:52.379480+00:00,https://www.sec.gov/files/company_tickers.json,MANQUANTE,NON_COUVERT,[],0
1J3.F,StarragTornos Group AG        N,2026-10-10T12:41:52.379553+00:00,https://www.sec.gov/files/company_tickers.json,MANQUANTE,NON_COUVERT,[],0
EN0.F,Omega Oil & Gas Ltd.          R,2026-10-10T12:41:52.379626+00:00,https://www.sec.gov/files/company_tickers.json,MANQUANTE,NON_COUVERT,[],0
FEQ1.F,Laboratorio Reig Jofre S.A.   A,2026-10-10T12:41:52.379694+00:00,https://www.sec.gov/files/company_tickers.json,MANQUANTE,NON_COUVERT,[],0
A1T.F,AS Tallinna Vesi              R,2026-10-10T12:41:52.379761+00:00,https://www.sec.gov/files/company_tickers.json,MANQUANTE,NON_COUVERT,[],0
AX9.F,Akebia Therapeutics Inc.      R,2026-10-10T12:41:52.379828+00:00,https://www.sec.gov/files/company_tickers.json,MANQUANTE,NON_COUVERT,[],0
FWQ.F,MGX Resources Ltd.            R,2026-10-10T12:41:52.379894+00:00,https://www.sec.gov/files/company_tickers.json,MANQUANTE,NON_COUVERT,[],0
5P1.F,Prim S.A.                     A,2026-10-10T12:41:52.379986+00:00,https://www.sec.gov/files/company_tickers.json,MANQUANTE,NON_COUVERT,[],0
6OJ.F,Stelrad Group PLC             R,2026-10-10T12:41:52.380061+00:00,https://www.sec.gov/files/company_tickers.json,MANQUANTE,NON_COUVERT,[],0
TU3.F,Tungsten Mining NL            R,2026-10-10T12:41:52.380128+00:00,https://www.sec.gov/files/company_tickers.json,MANQUANTE,NON_COUVERT,[],0
295.F,Taaleri OYJ                   R,2026-10-10T12:41:52.380195+00:00,https://www.sec.gov/files/company_tickers.json,MANQUANTE,NON_COUVERT,[],0
EMO.F,EM Holdings Co. Ltd.          R,2026-10-10T12:41:52.380262+00:00,https://www.sec.gov/files/company_tickers.json,MANQUANTE,NON_COUVERT,[],0
LDE.F,Lifecore Biomedical Inc.      R,2026-10-10T12:41:52.380328+00:00,https://www.sec.gov/files/company_tickers.json,MANQUANTE,NON_COUVERT,[],0
IMV.F,IMMERSION CORP.               R,2026-10-10T12:41:52.380395+00:00,https://www.sec.gov/files/company_tickers.json,MANQUANTE,NON_COUVERT,[],0
UT1.F,ACME UNITED CORP.             R,2026-10-10T12:41:52.380462+00:00,https://www.sec.gov/files/company_tickers.json,MANQUANTE,NON_COUVERT,[],0
0P1A.F,Turtle Beach Corp.            R,2026-10-10T12:41:52.380532+00:00,https://www.sec.gov/files/company_tickers.json,MANQUANTE,NON_COUVERT,[],0
GIO.F,GIORDANO INTERNATIONAL LTD.   R,2026-10-10T12:41:52.380599+00:00,https://www.sec.gov/files/company_tickers.json,MANQUANTE,NON_COUVERT,[],0
B9O2.F,Serabi Gold PLC               R,2026-10-10T12:41:52.380678+00:00,https://www.sec.gov/files/company_tickers.json,MANQUANTE,NON_COUVERT,[],0
AKP.F,ANIKA THERAPEUTICS INC.       R,2026-10-10T12:41:52.380744+00:00,https://www.sec.gov/files/company_tickers.json,MANQUANTE,NON_COUVERT,[],0
4SG.F,Sol-Gel Technologies Ltd.     R,2026-10-10T12:41:52.380810+00:00,https://www.sec.gov/files/company_tickers.json,MANQUANTE,NON_COUVERT,[],0
3IA.F,Pizza Pizza Royalty Corp.     R,2026-10-10T12:41:52.380876+00:00,https://www.sec.gov/files/company_tickers.json,MANQUANTE,NON_COUVERT,[],0
HOJ.F,Horizon Oil Ltd.              R,2026-10-10T12:41:52.380946+00:00,https://www.sec.gov/files/company_tickers.json,MANQUANTE,NON_COUVERT,[],0
2UH0.F,Angi Inc.                     R,2026-10-10T12:41:52.381041+00:00,https://www.sec.gov/files/company_tickers.json,MANQUANTE,NON_COUVERT,[],0
41Y.F,BCB Bancorp. Inc.             R,2026-10-10T12:41:52.381111+00:00,https://www.sec.gov/files/company_tickers.json,MANQUANTE,NON_COUVERT,[],0
NH8.F,NIHON TRIM CO. LTD.           R,2026-10-10T12:41:52.381178+00:00,https://www.sec.gov/files/company_tickers.json,MANQUANTE,NON_COUVERT,[],0
T70.F,TREDEGAR CORP.                R,2026-10-10T12:41:52.381245+00:00,https://www.sec.gov/files/company_tickers.json,MANQUANTE,NON_COUVERT,[],0
71F.F,Virgin. Natl Bankshares Corp. R,2026-10-10T12:41:52.381313+00:00,https://www.sec.gov/files/company_tickers.json,MANQUANTE,NON_COUVERT,[],0
RJN.F,Strike Energy Ltd.            R,2026-10-10T12:41:52.381380+00:00,https://www.sec.gov/files/company_tickers.json,MANQUANTE,NON_COUVERT,[],0
5H3.F,Eleco PLC                     R,2026-10-10T12:41:52.381446+00:00,https://www.sec.gov/files/company_tickers.json,MANQUANTE,NON_COUVERT,[],0
TUS.F,TUAN SING HOLDINGS LTD.       R,2026-10-10T12:41:52.381511+00:00,https://www.sec.gov/files/company_tickers.json,MANQUANTE,NON_COUVERT,[],0
ORN.F,Oryzon Genomics S.A.          A,2026-10-10T12:41:52.381578+00:00,https://www.sec.gov/files/company_tickers.json,MANQUANTE,NON_COUVERT,[],0
17J.F,Journey Energy Inc.           R,2026-10-10T12:41:52.381644+00:00,https://www.sec.gov/files/company_tickers.json,MANQUANTE,NON_COUVERT,[],0
Z4R.F,Hong Kong Gold Industry Group R,2026-10-10T12:41:52.381710+00:00,https://www.sec.gov/files/company_tickers.json,MANQUANTE,NON_COUVERT,[],0
13H.F,Soho Holly Futures Co. Ltd.   R,2026-10-10T12:41:52.381775+00:00,https://www.sec.gov/files/company_tickers.json,MANQUANTE,NON_COUVERT,[],0
8AE.F,GBank Financial Holdings Inc. R,2026-10-10T12:41:52.381841+00:00,https://www.sec.gov/files/company_tickers.json,MANQUANTE,NON_COUVERT,[],0
ND4.F,Odfjell Technology Ltd.       R,2026-10-10T12:41:52.381910+00:00,https://www.sec.gov/files/company_tickers.json,MANQUANTE,NON_COUVERT,[],0
A6Y0.F,Alvopetro Energy Ltd.         R,2026-10-10T12:41:52.382008+00:00,https://www.sec.gov/files/company_tickers.json,MANQUANTE,NON_COUVERT,[],0
489.F,Western New England Bancor.IncR,2026-10-10T12:41:52.382091+00:00,https://www.sec.gov/files/company_tickers.json,MANQUANTE,NON_COUVERT,[],0
G0M.F,Gulf Marine Services PLC      R,2026-10-10T12:41:52.382159+00:00,https://www.sec.gov/files/company_tickers.json,MANQUANTE,NON_COUVERT,[],0
6ME.F,Metro Mining Ltd.             R,2026-10-10T12:41:52.382226+00:00,https://www.sec.gov/files/company_tickers.json,MANQUANTE,NON_COUVERT,[],0
J8D0.F,Newegg Commerce Inc.          R,2026-10-10T12:41:52.382292+00:00,https://www.sec.gov/files/company_tickers.json,MANQUANTE,NON_COUVERT,[],0
4C0.F,Conduent Inc.                 R,2026-10-10T12:41:52.382359+00:00,https://www.sec.gov/files/company_tickers.json,MANQUANTE,NON_COUVERT,[],0
9IE.F,Ohara Inc.                    R,2026-10-10T12:41:52.382426+00:00,https://www.sec.gov/files/company_tickers.json,MANQUANTE,NON_COUVERT,[],0
EH3.F,Amarin Corp. PLC              R,2026-10-10T12:41:52.382493+00:00,https://www.sec.gov/files/company_tickers.json,MANQUANTE,NON_COUVERT,[],0
NYVU.F,Thoresen Thai Agencies PCL    R,2026-10-10T12:41:52.382558+00:00,https://www.sec.gov/files/company_tickers.json,MANQUANTE,NON_COUVERT,[],0
8Q3.F,M+S Hidravlik AD              B,2026-10-10T12:41:52.382627+00:00,https://www.sec.gov/files/company_tickers.json,MANQUANTE,NON_COUVERT,[],0
6DY.F,AB Dynamics PLC               R,2026-10-10T12:41:52.382706+00:00,https://www.sec.gov/files/company_tickers.json,MANQUANTE,NON_COUVERT,[],0
9CH.F,Galan Lithium Ltd.            R,2026-10-10T12:41:52.382775+00:00,https://www.sec.gov/files/company_tickers.json,MANQUANTE,NON_COUVERT,[],0
9UG1.F,Integrated Wind Solutions ASA N,2026-10-10T12:41:52.382842+00:00,https://www.sec.gov/files/company_tickers.json,MANQUANTE,NON_COUVERT,[],0
2YMA.F,So-Young International Inc.   R,2026-10-10T12:41:52.382909+00:00,https://www.sec.gov/files/company_tickers.json,MANQUANTE,NON_COUVERT,[],0
JUB.F,Jumbo Interactive Ltd.        R,2026-10-10T12:41:52.383011+00:00,https://www.sec.gov/files/company_tickers.json,MANQUANTE,NON_COUVERT,[],0
IMR.F,AC Immune SA                  N,2026-10-10T12:41:52.383088+00:00,https://www.sec.gov/files/company_tickers.json,MANQUANTE,NON_COUVERT,[],0
D6A.F,PC Gold Ltd.                  R,2026-10-10T12:41:52.383156+00:00,https://www.sec.gov/files/company_tickers.json,MANQUANTE,NON_COUVERT,[],0
6S7.F,SRT Marine Systems PLC        R,2026-10-10T12:41:52.383225+00:00,https://www.sec.gov/files/company_tickers.json,MANQUANTE,NON_COUVERT,[],0
FOS.F,Fonix PLC                     R,2026-10-10T12:41:52.383297+00:00,https://www.sec.gov/files/company_tickers.json,MANQUANTE,NON_COUVERT,[],0
C8V.F,Evoke PLC                     R,2026-10-10T12:41:52.383368+00:00,https://www.sec.gov/files/company_tickers.json,MANQUANTE,NON_COUVERT,[],0
13B.F,bpost S.A.                    A,2026-10-10T12:41:52.383435+00:00,https://www.sec.gov/files/company_tickers.json,MANQUANTE,NON_COUVERT,[],0
TB8A.F,Afentra PLC                   R,2026-10-10T12:41:52.383504+00:00,https://www.sec.gov/files/company_tickers.json,MANQUANTE,NON_COUVERT,[],0
FRW.F,Martifer SGPS S.A.            A,2026-10-10T12:41:52.383571+00:00,https://www.sec.gov/files/company_tickers.json,MANQUANTE,NON_COUVERT,[],0
T06.F,VISEN Pharmaceuticals         R,2026-10-10T12:41:52.383638+00:00,https://www.sec.gov/files/company_tickers.json,MANQUANTE,NON_COUVERT,[],0
ZYD.F,Aspo Oyj                      R,2026-10-10T12:41:52.383710+00:00,https://www.sec.gov/files/company_tickers.json,MANQUANTE,NON_COUVERT,[],0
VG30.F,Generalfinance S.p.A.         A,2026-10-10T12:41:52.383778+00:00,https://www.sec.gov/files/company_tickers.json,MANQUANTE,NON_COUVERT,[],0
MEF1.F,MCH Group AG                  N,2026-10-10T12:41:52.383846+00:00,https://www.sec.gov/files/company_tickers.json,MANQUANTE,NON_COUVERT,[],0
UJ9.F,Shandong Boan Biotechnology CoR,2026-10-10T12:41:52.383913+00:00,https://www.sec.gov/files/company_tickers.json,MANQUANTE,NON_COUVERT,[],0
EP3.F,ORASURE TECHNOLOGIES INC.     R,2026-10-10T12:41:52.384014+00:00,https://www.sec.gov/files/company_tickers.json,MANQUANTE,NON_COUVERT,[],0
2DS.F,CM.com N.V.                   A,2026-10-10T12:41:52.384088+00:00,https://www.sec.gov/files/company_tickers.json,MANQUANTE,NON_COUVERT,[],0
JDD.F,JDC Corp. i.K.                R,2026-10-10T12:41:52.384160+00:00,https://www.sec.gov/files/company_tickers.json,MANQUANTE,NON_COUVERT,[],0
92P.F,Outdoor Holding Co.           R,2026-10-10T12:41:52.384237+00:00,https://www.sec.gov/files/company_tickers.json,MANQUANTE,NON_COUVERT,[],0
TJN.F,TIANJIN DEVELOPMENT HLDGS LTD.R,2026-10-10T12:41:52.384319+00:00,https://www.sec.gov/files/company_tickers.json,MANQUANTE,NON_COUVERT,[],0
WQ6.F,Condor Energies Inc.          R,2026-10-10T12:41:52.384405+00:00,https://www.sec.gov/files/company_tickers.json,MANQUANTE,NON_COUVERT,[],0
HRI.F,Shandong Hi-Speed Hldgs.Gr.LtdR,2026-10-10T12:41:52.384484+00:00,https://www.sec.gov/files/company_tickers.json,MANQUANTE,NON_COUVERT,[],0
CK5A.F,Clarke Inc.                   R,2026-10-10T12:41:52.384555+00:00,https://www.sec.gov/files/company_tickers.json,MANQUANTE,NON_COUVERT,[],0
81Y.F,Zalaris ASA                   N,2026-10-10T12:41:52.384629+00:00,https://www.sec.gov/files/company_tickers.json,MANQUANTE,NON_COUVERT,[],0
25E.F,Elan Corp.                    R,2026-10-10T12:41:52.384704+00:00,https://www.sec.gov/files/company_tickers.json,MANQUANTE,NON_COUVERT,[],0
AWT.F,"Hackett Group Inc., The       R",2026-10-10T12:41:52.384777+00:00,https://www.sec.gov/files/company_tickers.json,MANQUANTE,NON_COUVERT,[],0
R20.F,Palisades Goldcorp Ltd.       R,2026-10-10T12:41:52.384846+00:00,https://www.sec.gov/files/company_tickers.json,MANQUANTE,NON_COUVERT,[],0
ED9.F,ESCALADE INC.                 R,2026-10-10T12:41:52.384914+00:00,https://www.sec.gov/files/company_tickers.json,MANQUANTE,NON_COUVERT,[],0
MD5.F,MEDALLION FINANCIAL CORP.     R,2026-10-10T12:41:52.385003+00:00,https://www.sec.gov/files/company_tickers.json,MANQUANTE,NON_COUVERT,[],0
0KH.SG,Henry Boot PLC,2026-10-10T12:41:52.385077+00:00,https://www.sec.gov/files/company_tickers.json,MANQUANTE,NON_COUVERT,[],0
8KW.F,Jadestone Energy PLC          R,2026-10-10T12:41:52.385145+00:00,https://www.sec.gov/files/company_tickers.json,MANQUANTE,NON_COUVERT,[],0
MF3.F,Perma-Pipe International Hdgs R,2026-10-10T12:41:52.385215+00:00,https://www.sec.gov/files/company_tickers.json,MANQUANTE,NON_COUVERT,[],0
722.F,Antengene Corp. Ltd.          R,2026-10-10T12:41:52.385287+00:00,https://www.sec.gov/files/company_tickers.json,MANQUANTE,NON_COUVERT,[],0
7EI.F,Huuuge Inc.                   R,2026-10-10T12:41:52.385354+00:00,https://www.sec.gov/files/company_tickers.json,MANQUANTE,NON_COUVERT,[],0
H90.F,UXIN Ltd.                     R,2026-10-10T12:41:52.385425+00:00,https://www.sec.gov/files/company_tickers.json,MANQUANTE,NON_COUVERT,[],0
A23.F,A2Z Cust2Mate Solutions Corp. R,2026-10-10T12:41:52.385491+00:00,https://www.sec.gov/files/company_tickers.json,MANQUANTE,NON_COUVERT,[],0
50BA.F,Bicycle Therapeutics Ltd.     R,2026-10-10T12:41:52.385568+00:00,https://www.sec.gov/files/company_tickers.json,MANQUANTE,NON_COUVERT,[],0
6VX.F,Healios K.K.                  R,2026-10-10T12:41:52.385638+00:00,https://www.sec.gov/files/company_tickers.json,MANQUANTE,NON_COUVERT,[],0
V2W.F,XPERI Inc.                    R,2026-10-10T12:41:52.385746+00:00,https://www.sec.gov/files/company_tickers.json,MANQUANTE,NON_COUVERT,[],0
22B.F,Omega Flex Inc.               R,2026-10-10T12:41:52.385851+00:00,https://www.sec.gov/files/company_tickers.json,MANQUANTE,NON_COUVERT,[],0
5FD.F,Frontier Development PLC      R,2026-10-10T12:41:52.385938+00:00,https://www.sec.gov/files/company_tickers.json,MANQUANTE,NON_COUVERT,[],0
9F2.F,National Bankshares Inc.      R,2026-10-10T12:41:52.386032+00:00,https://www.sec.gov/files/company_tickers.json,MANQUANTE,NON_COUVERT,[],0
AU1.F,AUDIOCODES LTD.               R,2026-10-10T12:41:52.386109+00:00,https://www.sec.gov/files/company_tickers.json,MANQUANTE,NON_COUVERT,[],0
IM4.SG,IMC S.A.,2026-10-10T12:41:52.386184+00:00,https://www.sec.gov/files/company_tickers.json,MANQUANTE,NON_COUVERT,[],0
1VW.F,Cerillion PLC                 R,2026-10-10T12:41:52.386258+00:00,https://www.sec.gov/files/company_tickers.json,MANQUANTE,NON_COUVERT,[],0
BI1.F,Commerce.com Inc.             R,2026-10-10T12:41:52.386328+00:00,https://www.sec.gov/files/company_tickers.json,MANQUANTE,NON_COUVERT,[],0
1TZ.F,InfuSystems Holdings Inc.     R,2026-10-10T12:41:52.386396+00:00,https://www.sec.gov/files/company_tickers.json,MANQUANTE,NON_COUVERT,[],0
