Ticker,CIK,Concept,Tag_SEC,Valeur,Unite,Debut_periode,Fin_periode,Date_depot,Formulaire,Accession,Exercice,Periode,Source_officielle,Date_collecte_UTC,Statut_preuve
0FG.F,0001822523,Revenues,RevenueFromContractWithCustomerExcludingAssessedTax,1594769,USD,2020-07-31,2020-09-30,2021-11-04,10-Q,0001140361-21-036497,2021,Q3,https://data.sec.gov/api/xbrl/companyfacts/CIK0001822523.json,2026-10-10T12:46:55.629724+00:00,A_VERIFIER_IDENTITE_ET_PERIODE
0FG.F,0001822523,Revenues,RevenueFromContractWithCustomerExcludingAssessedTax,4685005,USD,2021-01-01,2021-03-31,2021-05-11,10-Q,0001140361-21-016757,2021,Q1,https://data.sec.gov/api/xbrl/companyfacts/CIK0001822523.json,2026-10-10T12:46:55.629751+00:00,A_VERIFIER_IDENTITE_ET_PERIODE
0FG.F,0001822523,Revenues,RevenueFromContractWithCustomerExcludingAssessedTax,13433524,USD,2021-01-01,2021-06-30,2021-08-05,10-Q,0001140361-21-027035,2021,Q2,https://data.sec.gov/api/xbrl/companyfacts/CIK0001822523.json,2026-10-10T12:46:55.629766+00:00,A_VERIFIER_IDENTITE_ET_PERIODE
0FG.F,0001822523,Revenues,RevenueFromContractWithCustomerExcludingAssessedTax,13433524,USD,2021-01-01,2021-06-30,2022-08-09,10-Q,0001822523-22-000005,2022,Q2,https://data.sec.gov/api/xbrl/companyfacts/CIK0001822523.json,2026-10-10T12:46:55.629779+00:00,A_VERIFIER_IDENTITE_ET_PERIODE
0FG.F,0001822523,Revenues,RevenueFromContractWithCustomerExcludingAssessedTax,8748519,USD,2021-04-01,2021-06-30,2021-08-05,10-Q,0001140361-21-027035,2021,Q2,https://data.sec.gov/api/xbrl/companyfacts/CIK0001822523.json,2026-10-10T12:46:55.629791+00:00,A_VERIFIER_IDENTITE_ET_PERIODE
0FG.F,0001822523,Revenues,RevenueFromContractWithCustomerExcludingAssessedTax,8748519,USD,2021-04-01,2021-06-30,2022-08-09,10-Q,0001822523-22-000005,2022,Q2,https://data.sec.gov/api/xbrl/companyfacts/CIK0001822523.json,2026-10-10T12:46:55.629803+00:00,A_VERIFIER_IDENTITE_ET_PERIODE
0FG.F,0001822523,Revenues,RevenueFromContractWithCustomerExcludingAssessedTax,24050062,USD,2021-01-01,2021-09-30,2021-11-04,10-Q,0001140361-21-036497,2021,Q3,https://data.sec.gov/api/xbrl/companyfacts/CIK0001822523.json,2026-10-10T12:46:55.629815+00:00,A_VERIFIER_IDENTITE_ET_PERIODE
0FG.F,0001822523,Revenues,RevenueFromContractWithCustomerExcludingAssessedTax,24050062,USD,2021-01-01,2021-09-30,2022-11-08,10-Q,0001822523-22-000015,2022,Q3,https://data.sec.gov/api/xbrl/companyfacts/CIK0001822523.json,2026-10-10T12:46:55.629827+00:00,A_VERIFIER_IDENTITE_ET_PERIODE
0FG.F,0001822523,Revenues,RevenueFromContractWithCustomerExcludingAssessedTax,10616538,USD,2021-07-01,2021-09-30,2021-11-04,10-Q,0001140361-21-036497,2021,Q3,https://data.sec.gov/api/xbrl/companyfacts/CIK0001822523.json,2026-10-10T12:46:55.629838+00:00,A_VERIFIER_IDENTITE_ET_PERIODE
0FG.F,0001822523,Revenues,RevenueFromContractWithCustomerExcludingAssessedTax,10616538,USD,2021-07-01,2021-09-30,2022-11-08,10-Q,0001822523-22-000015,2022,Q3,https://data.sec.gov/api/xbrl/companyfacts/CIK0001822523.json,2026-10-10T12:46:55.629849+00:00,A_VERIFIER_IDENTITE_ET_PERIODE
0FG.F,0001822523,Revenues,RevenueFromContractWithCustomerExcludingAssessedTax,16935738,USD,2022-01-01,2022-03-31,2023-05-10,10-Q,0001822523-23-000012,2023,Q1,https://data.sec.gov/api/xbrl/companyfacts/CIK0001822523.json,2026-10-10T12:46:55.629860+00:00,A_VERIFIER_IDENTITE_ET_PERIODE
0FG.F,0001822523,Revenues,RevenueFromContractWithCustomerExcludingAssessedTax,36839941,USD,2022-01-01,2022-06-30,2022-08-09,10-Q,0001822523-22-000005,2022,Q2,https://data.sec.gov/api/xbrl/companyfacts/CIK0001822523.json,2026-10-10T12:46:55.629872+00:00,A_VERIFIER_IDENTITE_ET_PERIODE
0FG.F,0001822523,Revenues,RevenueFromContractWithCustomerExcludingAssessedTax,36839941,USD,2022-01-01,2022-06-30,2023-08-08,10-Q,0001822523-23-000024,2023,Q2,https://data.sec.gov/api/xbrl/companyfacts/CIK0001822523.json,2026-10-10T12:46:55.629884+00:00,A_VERIFIER_IDENTITE_ET_PERIODE
0FG.F,0001822523,Revenues,RevenueFromContractWithCustomerExcludingAssessedTax,19904203,USD,2022-04-01,2022-06-30,2022-08-09,10-Q,0001822523-22-000005,2022,Q2,https://data.sec.gov/api/xbrl/companyfacts/CIK0001822523.json,2026-10-10T12:46:55.629895+00:00,A_VERIFIER_IDENTITE_ET_PERIODE
0FG.F,0001822523,Revenues,RevenueFromContractWithCustomerExcludingAssessedTax,19904203,USD,2022-04-01,2022-06-30,2023-08-08,10-Q,0001822523-23-000024,2023,Q2,https://data.sec.gov/api/xbrl/companyfacts/CIK0001822523.json,2026-10-10T12:46:55.629906+00:00,A_VERIFIER_IDENTITE_ET_PERIODE
0FG.F,0001822523,Revenues,RevenueFromContractWithCustomerExcludingAssessedTax,54981436,USD,2022-01-01,2022-09-30,2022-11-08,10-Q,0001822523-22-000015,2022,Q3,https://data.sec.gov/api/xbrl/companyfacts/CIK0001822523.json,2026-10-10T12:46:55.629917+00:00,A_VERIFIER_IDENTITE_ET_PERIODE
0FG.F,0001822523,Revenues,RevenueFromContractWithCustomerExcludingAssessedTax,54981436,USD,2022-01-01,2022-09-30,2023-11-08,10-Q,0001822523-23-000032,2023,Q3,https://data.sec.gov/api/xbrl/companyfacts/CIK0001822523.json,2026-10-10T12:46:55.629929+00:00,A_VERIFIER_IDENTITE_ET_PERIODE
0FG.F,0001822523,Revenues,RevenueFromContractWithCustomerExcludingAssessedTax,18141495,USD,2022-07-01,2022-09-30,2022-11-08,10-Q,0001822523-22-000015,2022,Q3,https://data.sec.gov/api/xbrl/companyfacts/CIK0001822523.json,2026-10-10T12:46:55.629940+00:00,A_VERIFIER_IDENTITE_ET_PERIODE
0FG.F,0001822523,Revenues,RevenueFromContractWithCustomerExcludingAssessedTax,18141495,USD,2022-07-01,2022-09-30,2023-11-08,10-Q,0001822523-23-000032,2023,Q3,https://data.sec.gov/api/xbrl/companyfacts/CIK0001822523.json,2026-10-10T12:46:55.629951+00:00,A_VERIFIER_IDENTITE_ET_PERIODE
0FG.F,0001822523,Revenues,RevenueFromContractWithCustomerExcludingAssessedTax,74684642,USD,2022-01-01,2022-12-31,2024-03-07,10-K,0001822523-24-000014,2023,FY,https://data.sec.gov/api/xbrl/companyfacts/CIK0001822523.json,2026-10-10T12:46:55.629963+00:00,A_VERIFIER_IDENTITE_ET_PERIODE
0FG.F,0001822523,Revenues,RevenueFromContractWithCustomerExcludingAssessedTax,16832326,USD,2023-01-01,2023-03-31,2023-05-10,10-Q,0001822523-23-000012,2023,Q1,https://data.sec.gov/api/xbrl/companyfacts/CIK0001822523.json,2026-10-10T12:46:55.629974+00:00,A_VERIFIER_IDENTITE_ET_PERIODE
0FG.F,0001822523,Revenues,RevenueFromContractWithCustomerExcludingAssessedTax,16832326,USD,2023-01-01,2023-03-31,2024-05-09,10-Q,0001822523-24-000019,2024,Q1,https://data.sec.gov/api/xbrl/companyfacts/CIK0001822523.json,2026-10-10T12:46:55.629994+00:00,A_VERIFIER_IDENTITE_ET_PERIODE
0FG.F,0001822523,Revenues,RevenueFromContractWithCustomerExcludingAssessedTax,32931739,USD,2023-01-01,2023-06-30,2023-08-08,10-Q,0001822523-23-000024,2023,Q2,https://data.sec.gov/api/xbrl/companyfacts/CIK0001822523.json,2026-10-10T12:46:55.630006+00:00,A_VERIFIER_IDENTITE_ET_PERIODE
0FG.F,0001822523,Revenues,RevenueFromContractWithCustomerExcludingAssessedTax,32931739,USD,2023-01-01,2023-06-30,2024-08-07,10-Q,0001822523-24-000037,2024,Q2,https://data.sec.gov/api/xbrl/companyfacts/CIK0001822523.json,2026-10-10T12:46:55.630020+00:00,A_VERIFIER_IDENTITE_ET_PERIODE
0FG.F,0001822523,Revenues,RevenueFromContractWithCustomerExcludingAssessedTax,16099413,USD,2023-04-01,2023-06-30,2023-08-08,10-Q,0001822523-23-000024,2023,Q2,https://data.sec.gov/api/xbrl/companyfacts/CIK0001822523.json,2026-10-10T12:46:55.630031+00:00,A_VERIFIER_IDENTITE_ET_PERIODE
0FG.F,0001822523,Revenues,RevenueFromContractWithCustomerExcludingAssessedTax,16099413,USD,2023-04-01,2023-06-30,2024-08-07,10-Q,0001822523-24-000037,2024,Q2,https://data.sec.gov/api/xbrl/companyfacts/CIK0001822523.json,2026-10-10T12:46:55.630043+00:00,A_VERIFIER_IDENTITE_ET_PERIODE
0FG.F,0001822523,Revenues,RevenueFromContractWithCustomerExcludingAssessedTax,48205004,USD,2023-01-01,2023-09-30,2023-11-08,10-Q,0001822523-23-000032,2023,Q3,https://data.sec.gov/api/xbrl/companyfacts/CIK0001822523.json,2026-10-10T12:46:55.630054+00:00,A_VERIFIER_IDENTITE_ET_PERIODE
0FG.F,0001822523,Revenues,RevenueFromContractWithCustomerExcludingAssessedTax,48197237,USD,2023-01-01,2023-09-30,2024-11-13,10-Q,0001822523-24-000045,2024,Q3,https://data.sec.gov/api/xbrl/companyfacts/CIK0001822523.json,2026-10-10T12:46:55.630066+00:00,A_VERIFIER_IDENTITE_ET_PERIODE
0FG.F,0001822523,Revenues,RevenueFromContractWithCustomerExcludingAssessedTax,15273265,USD,2023-07-01,2023-09-30,2023-11-08,10-Q,0001822523-23-000032,2023,Q3,https://data.sec.gov/api/xbrl/companyfacts/CIK0001822523.json,2026-10-10T12:46:55.630077+00:00,A_VERIFIER_IDENTITE_ET_PERIODE
0FG.F,0001822523,Revenues,RevenueFromContractWithCustomerExcludingAssessedTax,15265498,USD,2023-07-01,2023-09-30,2024-11-13,10-Q,0001822523-24-000045,2024,Q3,https://data.sec.gov/api/xbrl/companyfacts/CIK0001822523.json,2026-10-10T12:46:55.630089+00:00,A_VERIFIER_IDENTITE_ET_PERIODE
0FG.F,0001822523,Revenues,RevenueFromContractWithCustomerExcludingAssessedTax,64177630,USD,2023-01-01,2023-12-31,2024-03-07,10-K,0001822523-24-000014,2023,FY,https://data.sec.gov/api/xbrl/companyfacts/CIK0001822523.json,2026-10-10T12:46:55.630100+00:00,A_VERIFIER_IDENTITE_ET_PERIODE
0FG.F,0001822523,Revenues,RevenueFromContractWithCustomerExcludingAssessedTax,63932888,USD,2023-01-01,2023-12-31,2025-03-13,10-K,0001822523-25-000003,2024,FY,https://data.sec.gov/api/xbrl/companyfacts/CIK0001822523.json,2026-10-10T12:46:55.630111+00:00,A_VERIFIER_IDENTITE_ET_PERIODE
0FG.F,0001822523,Revenues,RevenueFromContractWithCustomerExcludingAssessedTax,14757897,USD,2024-01-01,2024-03-31,2024-05-09,10-Q,0001822523-24-000019,2024,Q1,https://data.sec.gov/api/xbrl/companyfacts/CIK0001822523.json,2026-10-10T12:46:55.630123+00:00,A_VERIFIER_IDENTITE_ET_PERIODE
0FG.F,0001822523,Revenues,RevenueFromContractWithCustomerExcludingAssessedTax,12731591,USD,2024-01-01,2024-03-31,2025-05-14,10-Q,0001822523-25-000016,2025,Q1,https://data.sec.gov/api/xbrl/companyfacts/CIK0001822523.json,2026-10-10T12:46:55.630135+00:00,A_VERIFIER_IDENTITE_ET_PERIODE
0FG.F,0001822523,Revenues,RevenueFromContractWithCustomerExcludingAssessedTax,33142143,USD,2024-01-01,2024-06-30,2024-08-07,10-Q,0001822523-24-000037,2024,Q2,https://data.sec.gov/api/xbrl/companyfacts/CIK0001822523.json,2026-10-10T12:46:55.630146+00:00,A_VERIFIER_IDENTITE_ET_PERIODE
0FG.F,0001822523,Revenues,RevenueFromContractWithCustomerExcludingAssessedTax,29136261,USD,2024-01-01,2024-06-30,2025-08-14,10-Q,0001822523-25-000027,2025,Q2,https://data.sec.gov/api/xbrl/companyfacts/CIK0001822523.json,2026-10-10T12:46:55.630178+00:00,A_VERIFIER_IDENTITE_ET_PERIODE
0FG.F,0001822523,Revenues,RevenueFromContractWithCustomerExcludingAssessedTax,18384246,USD,2024-04-01,2024-06-30,2024-08-07,10-Q,0001822523-24-000037,2024,Q2,https://data.sec.gov/api/xbrl/companyfacts/CIK0001822523.json,2026-10-10T12:46:55.630193+00:00,A_VERIFIER_IDENTITE_ET_PERIODE
0FG.F,0001822523,Revenues,RevenueFromContractWithCustomerExcludingAssessedTax,16404670,USD,2024-04-01,2024-06-30,2025-08-14,10-Q,0001822523-25-000027,2025,Q2,https://data.sec.gov/api/xbrl/companyfacts/CIK0001822523.json,2026-10-10T12:46:55.630205+00:00,A_VERIFIER_IDENTITE_ET_PERIODE
0FG.F,0001822523,Revenues,RevenueFromContractWithCustomerExcludingAssessedTax,38018577,USD,2024-01-01,2024-09-30,2024-11-13,10-Q,0001822523-24-000045,2024,Q3,https://data.sec.gov/api/xbrl/companyfacts/CIK0001822523.json,2026-10-10T12:46:55.630217+00:00,A_VERIFIER_IDENTITE_ET_PERIODE
0FG.F,0001822523,Revenues,RevenueFromContractWithCustomerExcludingAssessedTax,38018577,USD,2024-01-01,2024-09-30,2025-11-12,10-Q,0001628280-25-051319,2025,Q3,https://data.sec.gov/api/xbrl/companyfacts/CIK0001822523.json,2026-10-10T12:46:55.630229+00:00,A_VERIFIER_IDENTITE_ET_PERIODE
0FG.F,0001822523,Revenues,RevenueFromContractWithCustomerExcludingAssessedTax,8882316,USD,2024-07-01,2024-09-30,2024-11-13,10-Q,0001822523-24-000045,2024,Q3,https://data.sec.gov/api/xbrl/companyfacts/CIK0001822523.json,2026-10-10T12:46:55.630241+00:00,A_VERIFIER_IDENTITE_ET_PERIODE
0FG.F,0001822523,Revenues,RevenueFromContractWithCustomerExcludingAssessedTax,8882316,USD,2024-07-01,2024-09-30,2025-11-12,10-Q,0001628280-25-051319,2025,Q3,https://data.sec.gov/api/xbrl/companyfacts/CIK0001822523.json,2026-10-10T12:46:55.630252+00:00,A_VERIFIER_IDENTITE_ET_PERIODE
0FG.F,0001822523,Revenues,RevenueFromContractWithCustomerExcludingAssessedTax,45655481,USD,2024-01-01,2024-12-31,2025-03-13,10-K,0001822523-25-000003,2024,FY,https://data.sec.gov/api/xbrl/companyfacts/CIK0001822523.json,2026-10-10T12:46:55.630264+00:00,A_VERIFIER_IDENTITE_ET_PERIODE
0FG.F,0001822523,Revenues,RevenueFromContractWithCustomerExcludingAssessedTax,45655481,USD,2024-01-01,2024-12-31,2026-03-04,10-K,0001628280-26-014392,2025,FY,https://data.sec.gov/api/xbrl/companyfacts/CIK0001822523.json,2026-10-10T12:46:55.630275+00:00,A_VERIFIER_IDENTITE_ET_PERIODE
0FG.F,0001822523,Revenues,RevenueFromContractWithCustomerExcludingAssessedTax,6642977,USD,2025-01-01,2025-03-31,2025-05-14,10-Q,0001822523-25-000016,2025,Q1,https://data.sec.gov/api/xbrl/companyfacts/CIK0001822523.json,2026-10-10T12:46:55.630287+00:00,A_VERIFIER_IDENTITE_ET_PERIODE
0FG.F,0001822523,Revenues,RevenueFromContractWithCustomerExcludingAssessedTax,6642977,USD,2025-01-01,2025-03-31,2026-05-07,10-Q,0001628280-26-031692,2026,Q1,https://data.sec.gov/api/xbrl/companyfacts/CIK0001822523.json,2026-10-10T12:46:55.630298+00:00,A_VERIFIER_IDENTITE_ET_PERIODE
0FG.F,0001822523,Revenues,RevenueFromContractWithCustomerExcludingAssessedTax,12846312,USD,2025-01-01,2025-06-30,2025-08-14,10-Q,0001822523-25-000027,2025,Q2,https://data.sec.gov/api/xbrl/companyfacts/CIK0001822523.json,2026-10-10T12:46:55.630309+00:00,A_VERIFIER_IDENTITE_ET_PERIODE
0FG.F,0001822523,Revenues,RevenueFromContractWithCustomerExcludingAssessedTax,12846312,USD,2025-01-01,2025-06-30,2026-08-13,10-Q,0001628280-26-056471,2026,Q2,https://data.sec.gov/api/xbrl/companyfacts/CIK0001822523.json,2026-10-10T12:46:55.630320+00:00,A_VERIFIER_IDENTITE_ET_PERIODE
0FG.F,0001822523,Revenues,RevenueFromContractWithCustomerExcludingAssessedTax,6203335,USD,2025-04-01,2025-06-30,2025-08-14,10-Q,0001822523-25-000027,2025,Q2,https://data.sec.gov/api/xbrl/companyfacts/CIK0001822523.json,2026-10-10T12:46:55.630331+00:00,A_VERIFIER_IDENTITE_ET_PERIODE
0FG.F,0001822523,Revenues,RevenueFromContractWithCustomerExcludingAssessedTax,6203335,USD,2025-04-01,2025-06-30,2026-08-13,10-Q,0001628280-26-056471,2026,Q2,https://data.sec.gov/api/xbrl/companyfacts/CIK0001822523.json,2026-10-10T12:46:55.630343+00:00,A_VERIFIER_IDENTITE_ET_PERIODE
0FG.F,0001822523,Revenues,RevenueFromContractWithCustomerExcludingAssessedTax,19377260,USD,2025-01-01,2025-09-30,2025-11-12,10-Q,0001628280-25-051319,2025,Q3,https://data.sec.gov/api/xbrl/companyfacts/CIK0001822523.json,2026-10-10T12:46:55.630354+00:00,A_VERIFIER_IDENTITE_ET_PERIODE
0FG.F,0001822523,Revenues,RevenueFromContractWithCustomerExcludingAssessedTax,6530948,USD,2025-07-01,2025-09-30,2025-11-12,10-Q,0001628280-25-051319,2025,Q3,https://data.sec.gov/api/xbrl/companyfacts/CIK0001822523.json,2026-10-10T12:46:55.630365+00:00,A_VERIFIER_IDENTITE_ET_PERIODE
0FG.F,0001822523,Revenues,RevenueFromContractWithCustomerExcludingAssessedTax,24563601,USD,2025-01-01,2025-12-31,2026-03-04,10-K,0001628280-26-014392,2025,FY,https://data.sec.gov/api/xbrl/companyfacts/CIK0001822523.json,2026-10-10T12:46:55.630377+00:00,A_VERIFIER_IDENTITE_ET_PERIODE
0FG.F,0001822523,Cash,CashAndCashEquivalentsAtCarryingValue,9623820,USD,,2020-12-31,2021-05-11,10-Q,0001140361-21-016757,2021,Q1,https://data.sec.gov/api/xbrl/companyfacts/CIK0001822523.json,2026-10-10T12:46:55.630393+00:00,A_VERIFIER_IDENTITE_ET_PERIODE
0FG.F,0001822523,Cash,CashAndCashEquivalentsAtCarryingValue,9623820,USD,,2020-12-31,2021-08-05,10-Q,0001140361-21-027035,2021,Q2,https://data.sec.gov/api/xbrl/companyfacts/CIK0001822523.json,2026-10-10T12:46:55.630405+00:00,A_VERIFIER_IDENTITE_ET_PERIODE
0FG.F,0001822523,Cash,CashAndCashEquivalentsAtCarryingValue,9623820,USD,,2020-12-31,2021-11-04,10-Q,0001140361-21-036497,2021,Q3,https://data.sec.gov/api/xbrl/companyfacts/CIK0001822523.json,2026-10-10T12:46:55.630417+00:00,A_VERIFIER_IDENTITE_ET_PERIODE
0FG.F,0001822523,Cash,CashAndCashEquivalentsAtCarryingValue,9623820,USD,,2020-12-31,2022-03-10,10-K,0001140361-22-008768,2021,FY,https://data.sec.gov/api/xbrl/companyfacts/CIK0001822523.json,2026-10-10T12:46:55.630428+00:00,A_VERIFIER_IDENTITE_ET_PERIODE
0FG.F,0001822523,Cash,CashAndCashEquivalentsAtCarryingValue,126793972,USD,,2021-03-31,2021-05-11,10-Q,0001140361-21-016757,2021,Q1,https://data.sec.gov/api/xbrl/companyfacts/CIK0001822523.json,2026-10-10T12:46:55.630440+00:00,A_VERIFIER_IDENTITE_ET_PERIODE
0FG.F,0001822523,Cash,CashAndCashEquivalentsAtCarryingValue,124604872,USD,,2021-06-30,2021-08-05,10-Q,0001140361-21-027035,2021,Q2,https://data.sec.gov/api/xbrl/companyfacts/CIK0001822523.json,2026-10-10T12:46:55.630451+00:00,A_VERIFIER_IDENTITE_ET_PERIODE
0FG.F,0001822523,Cash,CashAndCashEquivalentsAtCarryingValue,69974391,USD,,2021-09-30,2021-11-04,10-Q,0001140361-21-036497,2021,Q3,https://data.sec.gov/api/xbrl/companyfacts/CIK0001822523.json,2026-10-10T12:46:55.630462+00:00,A_VERIFIER_IDENTITE_ET_PERIODE
0FG.F,0001822523,Cash,CashAndCashEquivalentsAtCarryingValue,109246048,USD,,2021-12-31,2022-03-10,10-K,0001140361-22-008768,2021,FY,https://data.sec.gov/api/xbrl/companyfacts/CIK0001822523.json,2026-10-10T12:46:55.630473+00:00,A_VERIFIER_IDENTITE_ET_PERIODE
0FG.F,0001822523,Cash,CashAndCashEquivalentsAtCarryingValue,109246048,USD,,2021-12-31,2022-05-10,10-Q,0001140361-22-018393,2022,Q1,https://data.sec.gov/api/xbrl/companyfacts/CIK0001822523.json,2026-10-10T12:46:55.630484+00:00,A_VERIFIER_IDENTITE_ET_PERIODE
0FG.F,0001822523,Cash,CashAndCashEquivalentsAtCarryingValue,109246048,USD,,2021-12-31,2022-08-09,10-Q,0001822523-22-000005,2022,Q2,https://data.sec.gov/api/xbrl/companyfacts/CIK0001822523.json,2026-10-10T12:46:55.630496+00:00,A_VERIFIER_IDENTITE_ET_PERIODE
0FG.F,0001822523,Cash,CashAndCashEquivalentsAtCarryingValue,109246048,USD,,2021-12-31,2022-11-08,10-Q,0001822523-22-000015,2022,Q3,https://data.sec.gov/api/xbrl/companyfacts/CIK0001822523.json,2026-10-10T12:46:55.630508+00:00,A_VERIFIER_IDENTITE_ET_PERIODE
0FG.F,0001822523,Cash,CashAndCashEquivalentsAtCarryingValue,109246048,USD,,2021-12-31,2023-03-07,10-K,0001822523-23-000006,2022,FY,https://data.sec.gov/api/xbrl/companyfacts/CIK0001822523.json,2026-10-10T12:46:55.630520+00:00,A_VERIFIER_IDENTITE_ET_PERIODE
0FG.F,0001822523,Cash,CashAndCashEquivalentsAtCarryingValue,63615179,USD,,2022-03-31,2022-05-10,10-Q,0001140361-22-018393,2022,Q1,https://data.sec.gov/api/xbrl/companyfacts/CIK0001822523.json,2026-10-10T12:46:55.630532+00:00,A_VERIFIER_IDENTITE_ET_PERIODE
0FG.F,0001822523,Cash,CashAndCashEquivalentsAtCarryingValue,45583533,USD,,2022-06-30,2022-08-09,10-Q,0001822523-22-000005,2022,Q2,https://data.sec.gov/api/xbrl/companyfacts/CIK0001822523.json,2026-10-10T12:46:55.630543+00:00,A_VERIFIER_IDENTITE_ET_PERIODE
0FG.F,0001822523,Cash,CashAndCashEquivalentsAtCarryingValue,36319623,USD,,2022-09-30,2022-11-08,10-Q,0001822523-22-000015,2022,Q3,https://data.sec.gov/api/xbrl/companyfacts/CIK0001822523.json,2026-10-10T12:46:55.630554+00:00,A_VERIFIER_IDENTITE_ET_PERIODE
0FG.F,0001822523,Cash,CashAndCashEquivalentsAtCarryingValue,140372841,USD,,2022-12-31,2023-03-07,10-K,0001822523-23-000006,2022,FY,https://data.sec.gov/api/xbrl/companyfacts/CIK0001822523.json,2026-10-10T12:46:55.630565+00:00,A_VERIFIER_IDENTITE_ET_PERIODE
0FG.F,0001822523,Cash,CashAndCashEquivalentsAtCarryingValue,140372841,USD,,2022-12-31,2023-05-10,10-Q,0001822523-23-000012,2023,Q1,https://data.sec.gov/api/xbrl/companyfacts/CIK0001822523.json,2026-10-10T12:46:55.630577+00:00,A_VERIFIER_IDENTITE_ET_PERIODE
0FG.F,0001822523,Cash,CashAndCashEquivalentsAtCarryingValue,140372841,USD,,2022-12-31,2023-08-08,10-Q,0001822523-23-000024,2023,Q2,https://data.sec.gov/api/xbrl/companyfacts/CIK0001822523.json,2026-10-10T12:46:55.630588+00:00,A_VERIFIER_IDENTITE_ET_PERIODE
0FG.F,0001822523,Cash,CashAndCashEquivalentsAtCarryingValue,140372841,USD,,2022-12-31,2023-11-08,10-Q,0001822523-23-000032,2023,Q3,https://data.sec.gov/api/xbrl/companyfacts/CIK0001822523.json,2026-10-10T12:46:55.630599+00:00,A_VERIFIER_IDENTITE_ET_PERIODE
0FG.F,0001822523,Cash,CashAndCashEquivalentsAtCarryingValue,140372841,USD,,2022-12-31,2024-03-07,10-K,0001822523-24-000014,2023,FY,https://data.sec.gov/api/xbrl/companyfacts/CIK0001822523.json,2026-10-10T12:46:55.630610+00:00,A_VERIFIER_IDENTITE_ET_PERIODE
0FG.F,0001822523,Cash,CashAndCashEquivalentsAtCarryingValue,80605744,USD,,2023-03-31,2023-05-10,10-Q,0001822523-23-000012,2023,Q1,https://data.sec.gov/api/xbrl/companyfacts/CIK0001822523.json,2026-10-10T12:46:55.630621+00:00,A_VERIFIER_IDENTITE_ET_PERIODE
0FG.F,0001822523,Cash,CashAndCashEquivalentsAtCarryingValue,82079402,USD,,2023-06-30,2023-08-08,10-Q,0001822523-23-000024,2023,Q2,https://data.sec.gov/api/xbrl/companyfacts/CIK0001822523.json,2026-10-10T12:46:55.630632+00:00,A_VERIFIER_IDENTITE_ET_PERIODE
0FG.F,0001822523,Cash,CashAndCashEquivalentsAtCarryingValue,73204542,USD,,2023-09-30,2023-11-08,10-Q,0001822523-23-000032,2023,Q3,https://data.sec.gov/api/xbrl/companyfacts/CIK0001822523.json,2026-10-10T12:46:55.630643+00:00,A_VERIFIER_IDENTITE_ET_PERIODE
0FG.F,0001822523,Cash,CashAndCashEquivalentsAtCarryingValue,121626453,USD,,2023-12-31,2024-03-07,10-K,0001822523-24-000014,2023,FY,https://data.sec.gov/api/xbrl/companyfacts/CIK0001822523.json,2026-10-10T12:46:55.630654+00:00,A_VERIFIER_IDENTITE_ET_PERIODE
0FG.F,0001822523,Cash,CashAndCashEquivalentsAtCarryingValue,121626453,USD,,2023-12-31,2024-05-09,10-Q,0001822523-24-000019,2024,Q1,https://data.sec.gov/api/xbrl/companyfacts/CIK0001822523.json,2026-10-10T12:46:55.630666+00:00,A_VERIFIER_IDENTITE_ET_PERIODE
0FG.F,0001822523,Cash,CashAndCashEquivalentsAtCarryingValue,121626453,USD,,2023-12-31,2024-08-07,10-Q,0001822523-24-000037,2024,Q2,https://data.sec.gov/api/xbrl/companyfacts/CIK0001822523.json,2026-10-10T12:46:55.630677+00:00,A_VERIFIER_IDENTITE_ET_PERIODE
0FG.F,0001822523,Cash,CashAndCashEquivalentsAtCarryingValue,90381831,USD,,2023-12-31,2024-11-13,10-Q,0001822523-24-000045,2024,Q3,https://data.sec.gov/api/xbrl/companyfacts/CIK0001822523.json,2026-10-10T12:46:55.630689+00:00,A_VERIFIER_IDENTITE_ET_PERIODE
0FG.F,0001822523,Cash,CashAndCashEquivalentsAtCarryingValue,90381831,USD,,2023-12-31,2025-03-13,10-K,0001822523-25-000003,2024,FY,https://data.sec.gov/api/xbrl/companyfacts/CIK0001822523.json,2026-10-10T12:46:55.630700+00:00,A_VERIFIER_IDENTITE_ET_PERIODE
0FG.F,0001822523,Cash,CashAndCashEquivalentsAtCarryingValue,82298440,USD,,2024-03-31,2024-05-09,10-Q,0001822523-24-000019,2024,Q1,https://data.sec.gov/api/xbrl/companyfacts/CIK0001822523.json,2026-10-10T12:46:55.630711+00:00,A_VERIFIER_IDENTITE_ET_PERIODE
0FG.F,0001822523,Cash,CashAndCashEquivalentsAtCarryingValue,170298050,USD,,2024-06-30,2024-08-07,10-Q,0001822523-24-000037,2024,Q2,https://data.sec.gov/api/xbrl/companyfacts/CIK0001822523.json,2026-10-10T12:46:55.630722+00:00,A_VERIFIER_IDENTITE_ET_PERIODE
0FG.F,0001822523,Cash,CashAndCashEquivalentsAtCarryingValue,122163732,USD,,2024-09-30,2024-11-13,10-Q,0001822523-24-000045,2024,Q3,https://data.sec.gov/api/xbrl/companyfacts/CIK0001822523.json,2026-10-10T12:46:55.630734+00:00,A_VERIFIER_IDENTITE_ET_PERIODE
0FG.F,0001822523,Cash,CashAndCashEquivalentsAtCarryingValue,103610460,USD,,2024-12-31,2025-03-13,10-K,0001822523-25-000003,2024,FY,https://data.sec.gov/api/xbrl/companyfacts/CIK0001822523.json,2026-10-10T12:46:55.630745+00:00,A_VERIFIER_IDENTITE_ET_PERIODE
0FG.F,0001822523,Cash,CashAndCashEquivalentsAtCarryingValue,103610460,USD,,2024-12-31,2025-05-14,10-Q,0001822523-25-000016,2025,Q1,https://data.sec.gov/api/xbrl/companyfacts/CIK0001822523.json,2026-10-10T12:46:55.630756+00:00,A_VERIFIER_IDENTITE_ET_PERIODE
0FG.F,0001822523,Cash,CashAndCashEquivalentsAtCarryingValue,103610460,USD,,2024-12-31,2025-08-14,10-Q,0001822523-25-000027,2025,Q2,https://data.sec.gov/api/xbrl/companyfacts/CIK0001822523.json,2026-10-10T12:46:55.630767+00:00,A_VERIFIER_IDENTITE_ET_PERIODE
0FG.F,0001822523,Cash,CashAndCashEquivalentsAtCarryingValue,103610460,USD,,2024-12-31,2025-11-12,10-Q,0001628280-25-051319,2025,Q3,https://data.sec.gov/api/xbrl/companyfacts/CIK0001822523.json,2026-10-10T12:46:55.630780+00:00,A_VERIFIER_IDENTITE_ET_PERIODE
0FG.F,0001822523,Cash,CashAndCashEquivalentsAtCarryingValue,103610460,USD,,2024-12-31,2026-03-04,10-K,0001628280-26-014392,2025,FY,https://data.sec.gov/api/xbrl/companyfacts/CIK0001822523.json,2026-10-10T12:46:55.630791+00:00,A_VERIFIER_IDENTITE_ET_PERIODE
0FG.F,0001822523,Cash,CashAndCashEquivalentsAtCarryingValue,3318303,USD,,2025-03-31,2025-05-14,10-Q,0001822523-25-000016,2025,Q1,https://data.sec.gov/api/xbrl/companyfacts/CIK0001822523.json,2026-10-10T12:46:55.630803+00:00,A_VERIFIER_IDENTITE_ET_PERIODE
0FG.F,0001822523,Cash,CashAndCashEquivalentsAtCarryingValue,3410065,USD,,2025-06-30,2025-08-14,10-Q,0001822523-25-000027,2025,Q2,https://data.sec.gov/api/xbrl/companyfacts/CIK0001822523.json,2026-10-10T12:46:55.630814+00:00,A_VERIFIER_IDENTITE_ET_PERIODE
0FG.F,0001822523,Cash,CashAndCashEquivalentsAtCarryingValue,45120389,USD,,2025-09-30,2025-11-12,10-Q,0001628280-25-051319,2025,Q3,https://data.sec.gov/api/xbrl/companyfacts/CIK0001822523.json,2026-10-10T12:46:55.630825+00:00,A_VERIFIER_IDENTITE_ET_PERIODE
0FG.F,0001822523,Cash,CashAndCashEquivalentsAtCarryingValue,38605507,USD,,2025-12-31,2026-03-04,10-K,0001628280-26-014392,2025,FY,https://data.sec.gov/api/xbrl/companyfacts/CIK0001822523.json,2026-10-10T12:46:55.630837+00:00,A_VERIFIER_IDENTITE_ET_PERIODE
0FG.F,0001822523,Cash,CashAndCashEquivalentsAtCarryingValue,38605507,USD,,2025-12-31,2026-05-07,10-Q,0001628280-26-031692,2026,Q1,https://data.sec.gov/api/xbrl/companyfacts/CIK0001822523.json,2026-10-10T12:46:55.630849+00:00,A_VERIFIER_IDENTITE_ET_PERIODE
0FG.F,0001822523,Cash,CashAndCashEquivalentsAtCarryingValue,38605507,USD,,2025-12-31,2026-08-13,10-Q,0001628280-26-056471,2026,Q2,https://data.sec.gov/api/xbrl/companyfacts/CIK0001822523.json,2026-10-10T12:46:55.630861+00:00,A_VERIFIER_IDENTITE_ET_PERIODE
0FG.F,0001822523,Cash,CashAndCashEquivalentsAtCarryingValue,112730935,USD,,2026-03-31,2026-05-07,10-Q,0001628280-26-031692,2026,Q1,https://data.sec.gov/api/xbrl/companyfacts/CIK0001822523.json,2026-10-10T12:46:55.630873+00:00,A_VERIFIER_IDENTITE_ET_PERIODE
0FG.F,0001822523,Cash,CashAndCashEquivalentsAtCarryingValue,106508623,USD,,2026-06-30,2026-08-13,10-Q,0001628280-26-056471,2026,Q2,https://data.sec.gov/api/xbrl/companyfacts/CIK0001822523.json,2026-10-10T12:46:55.630884+00:00,A_VERIFIER_IDENTITE_ET_PERIODE
0FG.F,0001822523,Assets,Assets,93961692,USD,,2020-12-31,2021-05-11,10-Q,0001140361-21-016757,2021,Q1,https://data.sec.gov/api/xbrl/companyfacts/CIK0001822523.json,2026-10-10T12:46:55.630896+00:00,A_VERIFIER_IDENTITE_ET_PERIODE
0FG.F,0001822523,Assets,Assets,93961692,USD,,2020-12-31,2021-08-05,10-Q,0001140361-21-027035,2021,Q2,https://data.sec.gov/api/xbrl/companyfacts/CIK0001822523.json,2026-10-10T12:46:55.630908+00:00,A_VERIFIER_IDENTITE_ET_PERIODE
0FG.F,0001822523,Assets,Assets,93961692,USD,,2020-12-31,2021-11-04,10-Q,0001140361-21-036497,2021,Q3,https://data.sec.gov/api/xbrl/companyfacts/CIK0001822523.json,2026-10-10T12:46:55.630919+00:00,A_VERIFIER_IDENTITE_ET_PERIODE
0FG.F,0001822523,Assets,Assets,93961692,USD,,2020-12-31,2022-03-10,10-K,0001140361-22-008768,2021,FY,https://data.sec.gov/api/xbrl/companyfacts/CIK0001822523.json,2026-10-10T12:46:55.630930+00:00,A_VERIFIER_IDENTITE_ET_PERIODE
0FG.F,0001822523,Assets,Assets,221505837,USD,,2021-03-31,2021-05-11,10-Q,0001140361-21-016757,2021,Q1,https://data.sec.gov/api/xbrl/companyfacts/CIK0001822523.json,2026-10-10T12:46:55.630941+00:00,A_VERIFIER_IDENTITE_ET_PERIODE
0FG.F,0001822523,Assets,Assets,278511038,USD,,2021-06-30,2021-08-05,10-Q,0001140361-21-027035,2021,Q2,https://data.sec.gov/api/xbrl/companyfacts/CIK0001822523.json,2026-10-10T12:46:55.630953+00:00,A_VERIFIER_IDENTITE_ET_PERIODE
0FG.F,0001822523,Assets,Assets,303884776,USD,,2021-09-30,2021-11-04,10-Q,0001140361-21-036497,2021,Q3,https://data.sec.gov/api/xbrl/companyfacts/CIK0001822523.json,2026-10-10T12:46:55.630964+00:00,A_VERIFIER_IDENTITE_ET_PERIODE
0FG.F,0001822523,Assets,Assets,464848360,USD,,2021-12-31,2022-03-10,10-K,0001140361-22-008768,2021,FY,https://data.sec.gov/api/xbrl/companyfacts/CIK0001822523.json,2026-10-10T12:46:55.630975+00:00,A_VERIFIER_IDENTITE_ET_PERIODE
0FG.F,0001822523,Assets,Assets,464848360,USD,,2021-12-31,2022-05-10,10-Q,0001140361-22-018393,2022,Q1,https://data.sec.gov/api/xbrl/companyfacts/CIK0001822523.json,2026-10-10T12:46:55.630987+00:00,A_VERIFIER_IDENTITE_ET_PERIODE
0FG.F,0001822523,Assets,Assets,464848360,USD,,2021-12-31,2022-08-09,10-Q,0001822523-22-000005,2022,Q2,https://data.sec.gov/api/xbrl/companyfacts/CIK0001822523.json,2026-10-10T12:46:55.630999+00:00,A_VERIFIER_IDENTITE_ET_PERIODE
0FG.F,0001822523,Assets,Assets,464848360,USD,,2021-12-31,2022-11-08,10-Q,0001822523-22-000015,2022,Q3,https://data.sec.gov/api/xbrl/companyfacts/CIK0001822523.json,2026-10-10T12:46:55.631012+00:00,A_VERIFIER_IDENTITE_ET_PERIODE
0FG.F,0001822523,Assets,Assets,464848360,USD,,2021-12-31,2023-03-07,10-K,0001822523-23-000006,2022,FY,https://data.sec.gov/api/xbrl/companyfacts/CIK0001822523.json,2026-10-10T12:46:55.631023+00:00,A_VERIFIER_IDENTITE_ET_PERIODE
0FG.F,0001822523,Assets,Assets,454067583,USD,,2022-03-31,2022-05-10,10-Q,0001140361-22-018393,2022,Q1,https://data.sec.gov/api/xbrl/companyfacts/CIK0001822523.json,2026-10-10T12:46:55.631035+00:00,A_VERIFIER_IDENTITE_ET_PERIODE
0FG.F,0001822523,Assets,Assets,459284204,USD,,2022-06-30,2022-08-09,10-Q,0001822523-22-000005,2022,Q2,https://data.sec.gov/api/xbrl/companyfacts/CIK0001822523.json,2026-10-10T12:46:55.631047+00:00,A_VERIFIER_IDENTITE_ET_PERIODE
0FG.F,0001822523,Assets,Assets,471320735,USD,,2022-09-30,2022-11-08,10-Q,0001822523-22-000015,2022,Q3,https://data.sec.gov/api/xbrl/companyfacts/CIK0001822523.json,2026-10-10T12:46:55.631058+00:00,A_VERIFIER_IDENTITE_ET_PERIODE
0FG.F,0001822523,Assets,Assets,519176899,USD,,2022-12-31,2023-03-07,10-K,0001822523-23-000006,2022,FY,https://data.sec.gov/api/xbrl/companyfacts/CIK0001822523.json,2026-10-10T12:46:55.631070+00:00,A_VERIFIER_IDENTITE_ET_PERIODE
0FG.F,0001822523,Assets,Assets,519176899,USD,,2022-12-31,2023-05-10,10-Q,0001822523-23-000012,2023,Q1,https://data.sec.gov/api/xbrl/companyfacts/CIK0001822523.json,2026-10-10T12:46:55.631081+00:00,A_VERIFIER_IDENTITE_ET_PERIODE
0FG.F,0001822523,Assets,Assets,519176899,USD,,2022-12-31,2023-08-08,10-Q,0001822523-23-000024,2023,Q2,https://data.sec.gov/api/xbrl/companyfacts/CIK0001822523.json,2026-10-10T12:46:55.631092+00:00,A_VERIFIER_IDENTITE_ET_PERIODE
0FG.F,0001822523,Assets,Assets,519176899,USD,,2022-12-31,2023-11-08,10-Q,0001822523-23-000032,2023,Q3,https://data.sec.gov/api/xbrl/companyfacts/CIK0001822523.json,2026-10-10T12:46:55.631104+00:00,A_VERIFIER_IDENTITE_ET_PERIODE
0FG.F,0001822523,Assets,Assets,519176899,USD,,2022-12-31,2024-03-07,10-K,0001822523-24-000014,2023,FY,https://data.sec.gov/api/xbrl/companyfacts/CIK0001822523.json,2026-10-10T12:46:55.631116+00:00,A_VERIFIER_IDENTITE_ET_PERIODE
0FG.F,0001822523,Assets,Assets,447833648,USD,,2023-03-31,2023-05-10,10-Q,0001822523-23-000012,2023,Q1,https://data.sec.gov/api/xbrl/companyfacts/CIK0001822523.json,2026-10-10T12:46:55.631127+00:00,A_VERIFIER_IDENTITE_ET_PERIODE
0FG.F,0001822523,Assets,Assets,453986611,USD,,2023-06-30,2023-08-08,10-Q,0001822523-23-000024,2023,Q2,https://data.sec.gov/api/xbrl/companyfacts/CIK0001822523.json,2026-10-10T12:46:55.631138+00:00,A_VERIFIER_IDENTITE_ET_PERIODE
0FG.F,0001822523,Assets,Assets,445101795,USD,,2023-09-30,2023-11-08,10-Q,0001822523-23-000032,2023,Q3,https://data.sec.gov/api/xbrl/companyfacts/CIK0001822523.json,2026-10-10T12:46:55.631149+00:00,A_VERIFIER_IDENTITE_ET_PERIODE
0FG.F,0001822523,Assets,Assets,466585055,USD,,2023-12-31,2024-03-07,10-K,0001822523-24-000014,2023,FY,https://data.sec.gov/api/xbrl/companyfacts/CIK0001822523.json,2026-10-10T12:46:55.631168+00:00,A_VERIFIER_IDENTITE_ET_PERIODE
0FG.F,0001822523,Assets,Assets,466585055,USD,,2023-12-31,2024-05-09,10-Q,0001822523-24-000019,2024,Q1,https://data.sec.gov/api/xbrl/companyfacts/CIK0001822523.json,2026-10-10T12:46:55.631184+00:00,A_VERIFIER_IDENTITE_ET_PERIODE
0FG.F,0001822523,Assets,Assets,466585055,USD,,2023-12-31,2024-08-07,10-Q,0001822523-24-000037,2024,Q2,https://data.sec.gov/api/xbrl/companyfacts/CIK0001822523.json,2026-10-10T12:46:55.631196+00:00,A_VERIFIER_IDENTITE_ET_PERIODE
0FG.F,0001822523,Assets,Assets,466585055,USD,,2023-12-31,2024-11-13,10-Q,0001822523-24-000045,2024,Q3,https://data.sec.gov/api/xbrl/companyfacts/CIK0001822523.json,2026-10-10T12:46:55.631208+00:00,A_VERIFIER_IDENTITE_ET_PERIODE
0FG.F,0001822523,Assets,Assets,466585055,USD,,2023-12-31,2025-03-13,10-K,0001822523-25-000003,2024,FY,https://data.sec.gov/api/xbrl/companyfacts/CIK0001822523.json,2026-10-10T12:46:55.631219+00:00,A_VERIFIER_IDENTITE_ET_PERIODE
0FG.F,0001822523,Assets,Assets,476405985,USD,,2024-03-31,2024-05-09,10-Q,0001822523-24-000019,2024,Q1,https://data.sec.gov/api/xbrl/companyfacts/CIK0001822523.json,2026-10-10T12:46:55.631231+00:00,A_VERIFIER_IDENTITE_ET_PERIODE
0FG.F,0001822523,Assets,Assets,457991783,USD,,2024-06-30,2024-08-07,10-Q,0001822523-24-000037,2024,Q2,https://data.sec.gov/api/xbrl/companyfacts/CIK0001822523.json,2026-10-10T12:46:55.631242+00:00,A_VERIFIER_IDENTITE_ET_PERIODE
0FG.F,0001822523,Assets,Assets,366618408,USD,,2024-09-30,2024-11-13,10-Q,0001822523-24-000045,2024,Q3,https://data.sec.gov/api/xbrl/companyfacts/CIK0001822523.json,2026-10-10T12:46:55.631253+00:00,A_VERIFIER_IDENTITE_ET_PERIODE
0FG.F,0001822523,Assets,Assets,402057313,USD,,2024-12-31,2025-03-13,10-K,0001822523-25-000003,2024,FY,https://data.sec.gov/api/xbrl/companyfacts/CIK0001822523.json,2026-10-10T12:46:55.631265+00:00,A_VERIFIER_IDENTITE_ET_PERIODE
0FG.F,0001822523,Assets,Assets,402057313,USD,,2024-12-31,2025-05-14,10-Q,0001822523-25-000016,2025,Q1,https://data.sec.gov/api/xbrl/companyfacts/CIK0001822523.json,2026-10-10T12:46:55.631276+00:00,A_VERIFIER_IDENTITE_ET_PERIODE
0FG.F,0001822523,Assets,Assets,402057313,USD,,2024-12-31,2025-08-14,10-Q,0001822523-25-000027,2025,Q2,https://data.sec.gov/api/xbrl/companyfacts/CIK0001822523.json,2026-10-10T12:46:55.631288+00:00,A_VERIFIER_IDENTITE_ET_PERIODE
0FG.F,0001822523,Assets,Assets,402057313,USD,,2024-12-31,2025-11-12,10-Q,0001628280-25-051319,2025,Q3,https://data.sec.gov/api/xbrl/companyfacts/CIK0001822523.json,2026-10-10T12:46:55.631300+00:00,A_VERIFIER_IDENTITE_ET_PERIODE
0FG.F,0001822523,Assets,Assets,402057313,USD,,2024-12-31,2026-03-04,10-K,0001628280-26-014392,2025,FY,https://data.sec.gov/api/xbrl/companyfacts/CIK0001822523.json,2026-10-10T12:46:55.631311+00:00,A_VERIFIER_IDENTITE_ET_PERIODE
0FG.F,0001822523,Assets,Assets,321655289,USD,,2025-03-31,2025-05-14,10-Q,0001822523-25-000016,2025,Q1,https://data.sec.gov/api/xbrl/companyfacts/CIK0001822523.json,2026-10-10T12:46:55.631322+00:00,A_VERIFIER_IDENTITE_ET_PERIODE
0FG.F,0001822523,Assets,Assets,290589955,USD,,2025-06-30,2025-08-14,10-Q,0001822523-25-000027,2025,Q2,https://data.sec.gov/api/xbrl/companyfacts/CIK0001822523.json,2026-10-10T12:46:55.631333+00:00,A_VERIFIER_IDENTITE_ET_PERIODE
0FG.F,0001822523,Assets,Assets,288717219,USD,,2025-09-30,2025-11-12,10-Q,0001628280-25-051319,2025,Q3,https://data.sec.gov/api/xbrl/companyfacts/CIK0001822523.json,2026-10-10T12:46:55.631345+00:00,A_VERIFIER_IDENTITE_ET_PERIODE
0FG.F,0001822523,Assets,Assets,275594747,USD,,2025-12-31,2026-03-04,10-K,0001628280-26-014392,2025,FY,https://data.sec.gov/api/xbrl/companyfacts/CIK0001822523.json,2026-10-10T12:46:55.631356+00:00,A_VERIFIER_IDENTITE_ET_PERIODE
0FG.F,0001822523,Assets,Assets,275594747,USD,,2025-12-31,2026-05-07,10-Q,0001628280-26-031692,2026,Q1,https://data.sec.gov/api/xbrl/companyfacts/CIK0001822523.json,2026-10-10T12:46:55.631368+00:00,A_VERIFIER_IDENTITE_ET_PERIODE
0FG.F,0001822523,Assets,Assets,275594747,USD,,2025-12-31,2026-08-13,10-Q,0001628280-26-056471,2026,Q2,https://data.sec.gov/api/xbrl/companyfacts/CIK0001822523.json,2026-10-10T12:46:55.631379+00:00,A_VERIFIER_IDENTITE_ET_PERIODE
0FG.F,0001822523,Assets,Assets,394876923,USD,,2026-03-31,2026-05-07,10-Q,0001628280-26-031692,2026,Q1,https://data.sec.gov/api/xbrl/companyfacts/CIK0001822523.json,2026-10-10T12:46:55.631390+00:00,A_VERIFIER_IDENTITE_ET_PERIODE
0FG.F,0001822523,Assets,Assets,399718181,USD,,2026-06-30,2026-08-13,10-Q,0001628280-26-056471,2026,Q2,https://data.sec.gov/api/xbrl/companyfacts/CIK0001822523.json,2026-10-10T12:46:55.631401+00:00,A_VERIFIER_IDENTITE_ET_PERIODE
0FG.F,0001822523,Liabilities,Liabilities,2313980,USD,,2020-12-31,2021-05-11,10-Q,0001140361-21-016757,2021,Q1,https://data.sec.gov/api/xbrl/companyfacts/CIK0001822523.json,2026-10-10T12:46:55.631415+00:00,A_VERIFIER_IDENTITE_ET_PERIODE
0FG.F,0001822523,Liabilities,Liabilities,2313980,USD,,2020-12-31,2021-08-05,10-Q,0001140361-21-027035,2021,Q2,https://data.sec.gov/api/xbrl/companyfacts/CIK0001822523.json,2026-10-10T12:46:55.631426+00:00,A_VERIFIER_IDENTITE_ET_PERIODE
0FG.F,0001822523,Liabilities,Liabilities,2313980,USD,,2020-12-31,2021-11-04,10-Q,0001140361-21-036497,2021,Q3,https://data.sec.gov/api/xbrl/companyfacts/CIK0001822523.json,2026-10-10T12:46:55.631437+00:00,A_VERIFIER_IDENTITE_ET_PERIODE
0FG.F,0001822523,Liabilities,Liabilities,2313980,USD,,2020-12-31,2022-03-10,10-K,0001140361-22-008768,2021,FY,https://data.sec.gov/api/xbrl/companyfacts/CIK0001822523.json,2026-10-10T12:46:55.631448+00:00,A_VERIFIER_IDENTITE_ET_PERIODE
0FG.F,0001822523,Liabilities,Liabilities,5173832,USD,,2021-03-31,2021-05-11,10-Q,0001140361-21-016757,2021,Q1,https://data.sec.gov/api/xbrl/companyfacts/CIK0001822523.json,2026-10-10T12:46:55.631459+00:00,A_VERIFIER_IDENTITE_ET_PERIODE
0FG.F,0001822523,Liabilities,Liabilities,10054316,USD,,2021-06-30,2021-08-05,10-Q,0001140361-21-027035,2021,Q2,https://data.sec.gov/api/xbrl/companyfacts/CIK0001822523.json,2026-10-10T12:46:55.631471+00:00,A_VERIFIER_IDENTITE_ET_PERIODE
0FG.F,0001822523,Liabilities,Liabilities,29477832,USD,,2021-09-30,2021-11-04,10-Q,0001140361-21-036497,2021,Q3,https://data.sec.gov/api/xbrl/companyfacts/CIK0001822523.json,2026-10-10T12:46:55.631482+00:00,A_VERIFIER_IDENTITE_ET_PERIODE
0FG.F,0001822523,Liabilities,Liabilities,191773186,USD,,2021-12-31,2022-03-10,10-K,0001140361-22-008768,2021,FY,https://data.sec.gov/api/xbrl/companyfacts/CIK0001822523.json,2026-10-10T12:46:55.631493+00:00,A_VERIFIER_IDENTITE_ET_PERIODE
0FG.F,0001822523,Liabilities,Liabilities,191773186,USD,,2021-12-31,2022-05-10,10-Q,0001140361-22-018393,2022,Q1,https://data.sec.gov/api/xbrl/companyfacts/CIK0001822523.json,2026-10-10T12:46:55.631505+00:00,A_VERIFIER_IDENTITE_ET_PERIODE
0FG.F,0001822523,Liabilities,Liabilities,191773186,USD,,2021-12-31,2022-08-09,10-Q,0001822523-22-000005,2022,Q2,https://data.sec.gov/api/xbrl/companyfacts/CIK0001822523.json,2026-10-10T12:46:55.631516+00:00,A_VERIFIER_IDENTITE_ET_PERIODE
0FG.F,0001822523,Liabilities,Liabilities,191773186,USD,,2021-12-31,2022-11-08,10-Q,0001822523-22-000015,2022,Q3,https://data.sec.gov/api/xbrl/companyfacts/CIK0001822523.json,2026-10-10T12:46:55.631528+00:00,A_VERIFIER_IDENTITE_ET_PERIODE
0FG.F,0001822523,Liabilities,Liabilities,191773186,USD,,2021-12-31,2023-03-07,10-K,0001822523-23-000006,2022,FY,https://data.sec.gov/api/xbrl/companyfacts/CIK0001822523.json,2026-10-10T12:46:55.631539+00:00,A_VERIFIER_IDENTITE_ET_PERIODE
0FG.F,0001822523,Liabilities,Liabilities,117557190,USD,,2022-03-31,2022-05-10,10-Q,0001140361-22-018393,2022,Q1,https://data.sec.gov/api/xbrl/companyfacts/CIK0001822523.json,2026-10-10T12:46:55.631550+00:00,A_VERIFIER_IDENTITE_ET_PERIODE
0FG.F,0001822523,Liabilities,Liabilities,121083839,USD,,2022-06-30,2022-08-09,10-Q,0001822523-22-000005,2022,Q2,https://data.sec.gov/api/xbrl/companyfacts/CIK0001822523.json,2026-10-10T12:46:55.631561+00:00,A_VERIFIER_IDENTITE_ET_PERIODE
0FG.F,0001822523,Liabilities,Liabilities,123905098,USD,,2022-09-30,2022-11-08,10-Q,0001822523-22-000015,2022,Q3,https://data.sec.gov/api/xbrl/companyfacts/CIK0001822523.json,2026-10-10T12:46:55.631573+00:00,A_VERIFIER_IDENTITE_ET_PERIODE
0FG.F,0001822523,Liabilities,Liabilities,180117530,USD,,2022-12-31,2023-03-07,10-K,0001822523-23-000006,2022,FY,https://data.sec.gov/api/xbrl/companyfacts/CIK0001822523.json,2026-10-10T12:46:55.631583+00:00,A_VERIFIER_IDENTITE_ET_PERIODE
0FG.F,0001822523,Liabilities,Liabilities,180117530,USD,,2022-12-31,2023-05-10,10-Q,0001822523-23-000012,2023,Q1,https://data.sec.gov/api/xbrl/companyfacts/CIK0001822523.json,2026-10-10T12:46:55.631595+00:00,A_VERIFIER_IDENTITE_ET_PERIODE
0FG.F,0001822523,Liabilities,Liabilities,180117530,USD,,2022-12-31,2023-08-08,10-Q,0001822523-23-000024,2023,Q2,https://data.sec.gov/api/xbrl/companyfacts/CIK0001822523.json,2026-10-10T12:46:55.631606+00:00,A_VERIFIER_IDENTITE_ET_PERIODE
0FG.F,0001822523,Liabilities,Liabilities,180117530,USD,,2022-12-31,2023-11-08,10-Q,0001822523-23-000032,2023,Q3,https://data.sec.gov/api/xbrl/companyfacts/CIK0001822523.json,2026-10-10T12:46:55.631617+00:00,A_VERIFIER_IDENTITE_ET_PERIODE
0FG.F,0001822523,Liabilities,Liabilities,180117530,USD,,2022-12-31,2024-03-07,10-K,0001822523-24-000014,2023,FY,https://data.sec.gov/api/xbrl/companyfacts/CIK0001822523.json,2026-10-10T12:46:55.631629+00:00,A_VERIFIER_IDENTITE_ET_PERIODE
0FG.F,0001822523,Liabilities,Liabilities,109954318,USD,,2023-03-31,2023-05-10,10-Q,0001822523-23-000012,2023,Q1,https://data.sec.gov/api/xbrl/companyfacts/CIK0001822523.json,2026-10-10T12:46:55.631640+00:00,A_VERIFIER_IDENTITE_ET_PERIODE
0FG.F,0001822523,Liabilities,Liabilities,113668374,USD,,2023-06-30,2023-08-08,10-Q,0001822523-23-000024,2023,Q2,https://data.sec.gov/api/xbrl/companyfacts/CIK0001822523.json,2026-10-10T12:46:55.631651+00:00,A_VERIFIER_IDENTITE_ET_PERIODE
0FG.F,0001822523,Liabilities,Liabilities,106329364,USD,,2023-09-30,2023-11-08,10-Q,0001822523-23-000032,2023,Q3,https://data.sec.gov/api/xbrl/companyfacts/CIK0001822523.json,2026-10-10T12:46:55.631662+00:00,A_VERIFIER_IDENTITE_ET_PERIODE
0FG.F,0001822523,Liabilities,Liabilities,146532830,USD,,2023-12-31,2024-03-07,10-K,0001822523-24-000014,2023,FY,https://data.sec.gov/api/xbrl/companyfacts/CIK0001822523.json,2026-10-10T12:46:55.631673+00:00,A_VERIFIER_IDENTITE_ET_PERIODE
0FG.F,0001822523,Liabilities,Liabilities,146532830,USD,,2023-12-31,2024-05-09,10-Q,0001822523-24-000019,2024,Q1,https://data.sec.gov/api/xbrl/companyfacts/CIK0001822523.json,2026-10-10T12:46:55.631685+00:00,A_VERIFIER_IDENTITE_ET_PERIODE
0FG.F,0001822523,Liabilities,Liabilities,146532830,USD,,2023-12-31,2024-08-07,10-Q,0001822523-24-000037,2024,Q2,https://data.sec.gov/api/xbrl/companyfacts/CIK0001822523.json,2026-10-10T12:46:55.631696+00:00,A_VERIFIER_IDENTITE_ET_PERIODE
0FG.F,0001822523,Liabilities,Liabilities,146532830,USD,,2023-12-31,2024-11-13,10-Q,0001822523-24-000045,2024,Q3,https://data.sec.gov/api/xbrl/companyfacts/CIK0001822523.json,2026-10-10T12:46:55.631707+00:00,A_VERIFIER_IDENTITE_ET_PERIODE
0FG.F,0001822523,Liabilities,Liabilities,146532830,USD,,2023-12-31,2025-03-13,10-K,0001822523-25-000003,2024,FY,https://data.sec.gov/api/xbrl/companyfacts/CIK0001822523.json,2026-10-10T12:46:55.631718+00:00,A_VERIFIER_IDENTITE_ET_PERIODE
0FG.F,0001822523,Liabilities,Liabilities,165784859,USD,,2024-03-31,2024-05-09,10-Q,0001822523-24-000019,2024,Q1,https://data.sec.gov/api/xbrl/companyfacts/CIK0001822523.json,2026-10-10T12:46:55.631730+00:00,A_VERIFIER_IDENTITE_ET_PERIODE
0FG.F,0001822523,Liabilities,Liabilities,143707962,USD,,2024-06-30,2024-08-07,10-Q,0001822523-24-000037,2024,Q2,https://data.sec.gov/api/xbrl/companyfacts/CIK0001822523.json,2026-10-10T12:46:55.631741+00:00,A_VERIFIER_IDENTITE_ET_PERIODE
0FG.F,0001822523,Liabilities,Liabilities,160557096,USD,,2024-09-30,2024-11-13,10-Q,0001822523-24-000045,2024,Q3,https://data.sec.gov/api/xbrl/companyfacts/CIK0001822523.json,2026-10-10T12:46:55.631752+00:00,A_VERIFIER_IDENTITE_ET_PERIODE
0FG.F,0001822523,Liabilities,Liabilities,200681175,USD,,2024-12-31,2025-03-13,10-K,0001822523-25-000003,2024,FY,https://data.sec.gov/api/xbrl/companyfacts/CIK0001822523.json,2026-10-10T12:46:55.631763+00:00,A_VERIFIER_IDENTITE_ET_PERIODE
0FG.F,0001822523,Liabilities,Liabilities,200681175,USD,,2024-12-31,2025-05-14,10-Q,0001822523-25-000016,2025,Q1,https://data.sec.gov/api/xbrl/companyfacts/CIK0001822523.json,2026-10-10T12:46:55.631775+00:00,A_VERIFIER_IDENTITE_ET_PERIODE
0FG.F,0001822523,Liabilities,Liabilities,200681175,USD,,2024-12-31,2025-08-14,10-Q,0001822523-25-000027,2025,Q2,https://data.sec.gov/api/xbrl/companyfacts/CIK0001822523.json,2026-10-10T12:46:55.631786+00:00,A_VERIFIER_IDENTITE_ET_PERIODE
0FG.F,0001822523,Liabilities,Liabilities,200681175,USD,,2024-12-31,2025-11-12,10-Q,0001628280-25-051319,2025,Q3,https://data.sec.gov/api/xbrl/companyfacts/CIK0001822523.json,2026-10-10T12:46:55.631797+00:00,A_VERIFIER_IDENTITE_ET_PERIODE
0FG.F,0001822523,Liabilities,Liabilities,200681175,USD,,2024-12-31,2026-03-04,10-K,0001628280-26-014392,2025,FY,https://data.sec.gov/api/xbrl/companyfacts/CIK0001822523.json,2026-10-10T12:46:55.631808+00:00,A_VERIFIER_IDENTITE_ET_PERIODE
0FG.F,0001822523,Liabilities,Liabilities,120854799,USD,,2025-03-31,2025-05-14,10-Q,0001822523-25-000016,2025,Q1,https://data.sec.gov/api/xbrl/companyfacts/CIK0001822523.json,2026-10-10T12:46:55.631819+00:00,A_VERIFIER_IDENTITE_ET_PERIODE
0FG.F,0001822523,Liabilities,Liabilities,105858881,USD,,2025-06-30,2025-08-14,10-Q,0001822523-25-000027,2025,Q2,https://data.sec.gov/api/xbrl/companyfacts/CIK0001822523.json,2026-10-10T12:46:55.631830+00:00,A_VERIFIER_IDENTITE_ET_PERIODE
0FG.F,0001822523,Liabilities,Liabilities,119378396,USD,,2025-09-30,2025-11-12,10-Q,0001628280-25-051319,2025,Q3,https://data.sec.gov/api/xbrl/companyfacts/CIK0001822523.json,2026-10-10T12:46:55.631841+00:00,A_VERIFIER_IDENTITE_ET_PERIODE
0FG.F,0001822523,Liabilities,Liabilities,100026760,USD,,2025-12-31,2026-03-04,10-K,0001628280-26-014392,2025,FY,https://data.sec.gov/api/xbrl/companyfacts/CIK0001822523.json,2026-10-10T12:46:55.631852+00:00,A_VERIFIER_IDENTITE_ET_PERIODE
0FG.F,0001822523,Liabilities,Liabilities,100026760,USD,,2025-12-31,2026-05-07,10-Q,0001628280-26-031692,2026,Q1,https://data.sec.gov/api/xbrl/companyfacts/CIK0001822523.json,2026-10-10T12:46:55.631863+00:00,A_VERIFIER_IDENTITE_ET_PERIODE
0FG.F,0001822523,Liabilities,Liabilities,100026760,USD,,2025-12-31,2026-08-13,10-Q,0001628280-26-056471,2026,Q2,https://data.sec.gov/api/xbrl/companyfacts/CIK0001822523.json,2026-10-10T12:46:55.631874+00:00,A_VERIFIER_IDENTITE_ET_PERIODE
0FG.F,0001822523,Liabilities,Liabilities,209058031,USD,,2026-03-31,2026-05-07,10-Q,0001628280-26-031692,2026,Q1,https://data.sec.gov/api/xbrl/companyfacts/CIK0001822523.json,2026-10-10T12:46:55.631885+00:00,A_VERIFIER_IDENTITE_ET_PERIODE
0FG.F,0001822523,Liabilities,Liabilities,212448681,USD,,2026-06-30,2026-08-13,10-Q,0001628280-26-056471,2026,Q2,https://data.sec.gov/api/xbrl/companyfacts/CIK0001822523.json,2026-10-10T12:46:55.631896+00:00,A_VERIFIER_IDENTITE_ET_PERIODE
0FG.F,0001822523,NetIncome,NetIncomeLoss,2106250,USD,2020-07-31,2020-09-30,2021-11-04,10-Q,0001140361-21-036497,2021,Q3,https://data.sec.gov/api/xbrl/companyfacts/CIK0001822523.json,2026-10-10T12:46:55.631910+00:00,A_VERIFIER_IDENTITE_ET_PERIODE
0FG.F,0001822523,NetIncome,NetIncomeLoss,4313632,USD,2020-07-31,2020-12-31,2022-03-10,10-K,0001140361-22-008768,2021,FY,https://data.sec.gov/api/xbrl/companyfacts/CIK0001822523.json,2026-10-10T12:46:55.631922+00:00,A_VERIFIER_IDENTITE_ET_PERIODE
0FG.F,0001822523,NetIncome,NetIncomeLoss,1400755,USD,2021-01-01,2021-03-31,2021-05-11,10-Q,0001140361-21-016757,2021,Q1,https://data.sec.gov/api/xbrl/companyfacts/CIK0001822523.json,2026-10-10T12:46:55.631933+00:00,A_VERIFIER_IDENTITE_ET_PERIODE
0FG.F,0001822523,NetIncome,NetIncomeLoss,1400755,USD,2021-01-01,2021-03-31,2022-05-10,10-Q,0001140361-22-018393,2022,Q1,https://data.sec.gov/api/xbrl/companyfacts/CIK0001822523.json,2026-10-10T12:46:55.631944+00:00,A_VERIFIER_IDENTITE_ET_PERIODE
0FG.F,0001822523,NetIncome,NetIncomeLoss,6028542,USD,2021-01-01,2021-06-30,2021-08-05,10-Q,0001140361-21-027035,2021,Q2,https://data.sec.gov/api/xbrl/companyfacts/CIK0001822523.json,2026-10-10T12:46:55.631955+00:00,A_VERIFIER_IDENTITE_ET_PERIODE
0FG.F,0001822523,NetIncome,NetIncomeLoss,6028542,USD,2021-01-01,2021-06-30,2022-08-09,10-Q,0001822523-22-000005,2022,Q2,https://data.sec.gov/api/xbrl/companyfacts/CIK0001822523.json,2026-10-10T12:46:55.631966+00:00,A_VERIFIER_IDENTITE_ET_PERIODE
0FG.F,0001822523,NetIncome,NetIncomeLoss,4627787,USD,2021-04-01,2021-06-30,2021-08-05,10-Q,0001140361-21-027035,2021,Q2,https://data.sec.gov/api/xbrl/companyfacts/CIK0001822523.json,2026-10-10T12:46:55.631977+00:00,A_VERIFIER_IDENTITE_ET_PERIODE
0FG.F,0001822523,NetIncome,NetIncomeLoss,4627787,USD,2021-04-01,2021-06-30,2022-08-09,10-Q,0001822523-22-000005,2022,Q2,https://data.sec.gov/api/xbrl/companyfacts/CIK0001822523.json,2026-10-10T12:46:55.631988+00:00,A_VERIFIER_IDENTITE_ET_PERIODE
0FG.F,0001822523,NetIncome,NetIncomeLoss,13959222,USD,2021-01-01,2021-09-30,2021-11-04,10-Q,0001140361-21-036497,2021,Q3,https://data.sec.gov/api/xbrl/companyfacts/CIK0001822523.json,2026-10-10T12:46:55.631999+00:00,A_VERIFIER_IDENTITE_ET_PERIODE
0FG.F,0001822523,NetIncome,NetIncomeLoss,13959222,USD,2021-01-01,2021-09-30,2022-11-08,10-Q,0001822523-22-000015,2022,Q3,https://data.sec.gov/api/xbrl/companyfacts/CIK0001822523.json,2026-10-10T12:46:55.632011+00:00,A_VERIFIER_IDENTITE_ET_PERIODE
0FG.F,0001822523,NetIncome,NetIncomeLoss,7930680,USD,2021-07-01,2021-09-30,2021-11-04,10-Q,0001140361-21-036497,2021,Q3,https://data.sec.gov/api/xbrl/companyfacts/CIK0001822523.json,2026-10-10T12:46:55.632022+00:00,A_VERIFIER_IDENTITE_ET_PERIODE
0FG.F,0001822523,NetIncome,NetIncomeLoss,7930680,USD,2021-07-01,2021-09-30,2022-11-08,10-Q,0001822523-22-000015,2022,Q3,https://data.sec.gov/api/xbrl/companyfacts/CIK0001822523.json,2026-10-10T12:46:55.632034+00:00,A_VERIFIER_IDENTITE_ET_PERIODE
0FG.F,0001822523,NetIncome,NetIncomeLoss,21000497,USD,2021-01-01,2021-12-31,2022-03-10,10-K,0001140361-22-008768,2021,FY,https://data.sec.gov/api/xbrl/companyfacts/CIK0001822523.json,2026-10-10T12:46:55.632045+00:00,A_VERIFIER_IDENTITE_ET_PERIODE
0FG.F,0001822523,NetIncome,NetIncomeLoss,21000497,USD,2021-01-01,2021-12-31,2023-03-07,10-K,0001822523-23-000006,2022,FY,https://data.sec.gov/api/xbrl/companyfacts/CIK0001822523.json,2026-10-10T12:46:55.632056+00:00,A_VERIFIER_IDENTITE_ET_PERIODE
0FG.F,0001822523,NetIncome,NetIncomeLoss,10162120,USD,2022-01-01,2022-03-31,2022-05-10,10-Q,0001140361-22-018393,2022,Q1,https://data.sec.gov/api/xbrl/companyfacts/CIK0001822523.json,2026-10-10T12:46:55.632067+00:00,A_VERIFIER_IDENTITE_ET_PERIODE
0FG.F,0001822523,NetIncome,NetIncomeLoss,10162120,USD,2022-01-01,2022-03-31,2023-05-10,10-Q,0001822523-23-000012,2023,Q1,https://data.sec.gov/api/xbrl/companyfacts/CIK0001822523.json,2026-10-10T12:46:55.632078+00:00,A_VERIFIER_IDENTITE_ET_PERIODE
0FG.F,0001822523,NetIncome,NetIncomeLoss,21513793,USD,2022-01-01,2022-06-30,2022-08-09,10-Q,0001822523-22-000005,2022,Q2,https://data.sec.gov/api/xbrl/companyfacts/CIK0001822523.json,2026-10-10T12:46:55.632090+00:00,A_VERIFIER_IDENTITE_ET_PERIODE
0FG.F,0001822523,NetIncome,NetIncomeLoss,21513793,USD,2022-01-01,2022-06-30,2023-08-08,10-Q,0001822523-23-000024,2023,Q2,https://data.sec.gov/api/xbrl/companyfacts/CIK0001822523.json,2026-10-10T12:46:55.632102+00:00,A_VERIFIER_IDENTITE_ET_PERIODE
0FG.F,0001822523,NetIncome,NetIncomeLoss,11351673,USD,2022-04-01,2022-06-30,2022-08-09,10-Q,0001822523-22-000005,2022,Q2,https://data.sec.gov/api/xbrl/companyfacts/CIK0001822523.json,2026-10-10T12:46:55.632113+00:00,A_VERIFIER_IDENTITE_ET_PERIODE
0FG.F,0001822523,NetIncome,NetIncomeLoss,11351673,USD,2022-04-01,2022-06-30,2023-08-08,10-Q,0001822523-23-000024,2023,Q2,https://data.sec.gov/api/xbrl/companyfacts/CIK0001822523.json,2026-10-10T12:46:55.632124+00:00,A_VERIFIER_IDENTITE_ET_PERIODE
0FG.F,0001822523,NetIncome,NetIncomeLoss,32994312,USD,2022-01-01,2022-09-30,2022-11-08,10-Q,0001822523-22-000015,2022,Q3,https://data.sec.gov/api/xbrl/companyfacts/CIK0001822523.json,2026-10-10T12:46:55.632135+00:00,A_VERIFIER_IDENTITE_ET_PERIODE
0FG.F,0001822523,NetIncome,NetIncomeLoss,32994312,USD,2022-01-01,2022-09-30,2023-11-08,10-Q,0001822523-23-000032,2023,Q3,https://data.sec.gov/api/xbrl/companyfacts/CIK0001822523.json,2026-10-10T12:46:55.632147+00:00,A_VERIFIER_IDENTITE_ET_PERIODE
0FG.F,0001822523,NetIncome,NetIncomeLoss,11480519,USD,2022-07-01,2022-09-30,2022-11-08,10-Q,0001822523-22-000015,2022,Q3,https://data.sec.gov/api/xbrl/companyfacts/CIK0001822523.json,2026-10-10T12:46:55.632158+00:00,A_VERIFIER_IDENTITE_ET_PERIODE
0FG.F,0001822523,NetIncome,NetIncomeLoss,11480519,USD,2022-07-01,2022-09-30,2023-11-08,10-Q,0001822523-23-000032,2023,Q3,https://data.sec.gov/api/xbrl/companyfacts/CIK0001822523.json,2026-10-10T12:46:55.632181+00:00,A_VERIFIER_IDENTITE_ET_PERIODE
0FG.F,0001822523,NetIncome,NetIncomeLoss,35932397,USD,2022-01-01,2022-12-31,2023-03-07,10-K,0001822523-23-000006,2022,FY,https://data.sec.gov/api/xbrl/companyfacts/CIK0001822523.json,2026-10-10T12:46:55.632193+00:00,A_VERIFIER_IDENTITE_ET_PERIODE
0FG.F,0001822523,NetIncome,NetIncomeLoss,35932397,USD,2022-01-01,2022-12-31,2024-03-07,10-K,0001822523-24-000014,2023,FY,https://data.sec.gov/api/xbrl/companyfacts/CIK0001822523.json,2026-10-10T12:46:55.632205+00:00,A_VERIFIER_IDENTITE_ET_PERIODE
0FG.F,0001822523,NetIncome,NetIncomeLoss,10025274,USD,2023-01-01,2023-03-31,2023-05-10,10-Q,0001822523-23-000012,2023,Q1,https://data.sec.gov/api/xbrl/companyfacts/CIK0001822523.json,2026-10-10T12:46:55.632216+00:00,A_VERIFIER_IDENTITE_ET_PERIODE
0FG.F,0001822523,NetIncome,NetIncomeLoss,10025274,USD,2023-01-01,2023-03-31,2024-05-09,10-Q,0001822523-24-000019,2024,Q1,https://data.sec.gov/api/xbrl/companyfacts/CIK0001822523.json,2026-10-10T12:46:55.632227+00:00,A_VERIFIER_IDENTITE_ET_PERIODE
0FG.F,0001822523,NetIncome,NetIncomeLoss,22160607,USD,2023-01-01,2023-06-30,2023-08-08,10-Q,0001822523-23-000024,2023,Q2,https://data.sec.gov/api/xbrl/companyfacts/CIK0001822523.json,2026-10-10T12:46:55.632238+00:00,A_VERIFIER_IDENTITE_ET_PERIODE
0FG.F,0001822523,NetIncome,NetIncomeLoss,22160607,USD,2023-01-01,2023-06-30,2024-08-07,10-Q,0001822523-24-000037,2024,Q2,https://data.sec.gov/api/xbrl/companyfacts/CIK0001822523.json,2026-10-10T12:46:55.632251+00:00,A_VERIFIER_IDENTITE_ET_PERIODE
0FG.F,0001822523,NetIncome,NetIncomeLoss,12135333,USD,2023-04-01,2023-06-30,2023-08-08,10-Q,0001822523-23-000024,2023,Q2,https://data.sec.gov/api/xbrl/companyfacts/CIK0001822523.json,2026-10-10T12:46:55.632262+00:00,A_VERIFIER_IDENTITE_ET_PERIODE
0FG.F,0001822523,NetIncome,NetIncomeLoss,12135333,USD,2023-04-01,2023-06-30,2024-08-07,10-Q,0001822523-24-000037,2024,Q2,https://data.sec.gov/api/xbrl/companyfacts/CIK0001822523.json,2026-10-10T12:46:55.632274+00:00,A_VERIFIER_IDENTITE_ET_PERIODE
0FG.F,0001822523,NetIncome,NetIncomeLoss,30140482,USD,2023-01-01,2023-09-30,2023-11-08,10-Q,0001822523-23-000032,2023,Q3,https://data.sec.gov/api/xbrl/companyfacts/CIK0001822523.json,2026-10-10T12:46:55.632285+00:00,A_VERIFIER_IDENTITE_ET_PERIODE
0FG.F,0001822523,NetIncome,NetIncomeLoss,7979875,USD,2023-07-01,2023-09-30,2023-11-08,10-Q,0001822523-23-000032,2023,Q3,https://data.sec.gov/api/xbrl/companyfacts/CIK0001822523.json,2026-10-10T12:46:55.632297+00:00,A_VERIFIER_IDENTITE_ET_PERIODE
0FG.F,0001822523,NetIncome,NetIncomeLoss,20951999,USD,2023-01-01,2023-12-31,2024-03-07,10-K,0001822523-24-000014,2023,FY,https://data.sec.gov/api/xbrl/companyfacts/CIK0001822523.json,2026-10-10T12:46:55.632308+00:00,A_VERIFIER_IDENTITE_ET_PERIODE
0FG.F,0001822523,NetIncome,NetIncomeLoss,-54116,USD,2024-01-01,2024-03-31,2024-05-09,10-Q,0001822523-24-000019,2024,Q1,https://data.sec.gov/api/xbrl/companyfacts/CIK0001822523.json,2026-10-10T12:46:55.632320+00:00,A_VERIFIER_IDENTITE_ET_PERIODE
0FG.F,0001822523,NetIncome,NetIncomeLoss,16392005,USD,2024-01-01,2024-06-30,2024-08-07,10-Q,0001822523-24-000037,2024,Q2,https://data.sec.gov/api/xbrl/companyfacts/CIK0001822523.json,2026-10-10T12:46:55.632331+00:00,A_VERIFIER_IDENTITE_ET_PERIODE
0FG.F,0001822523,NetIncome,NetIncomeLoss,16446121,USD,2024-04-01,2024-06-30,2024-08-07,10-Q,0001822523-24-000037,2024,Q2,https://data.sec.gov/api/xbrl/companyfacts/CIK0001822523.json,2026-10-10T12:46:55.632342+00:00,A_VERIFIER_IDENTITE_ET_PERIODE
0FG.F,0001822523,NetIncome,NetIncomeLoss,4067685,USD,2025-01-01,2025-03-31,2026-05-07,10-Q,0001628280-26-031692,2026,Q1,https://data.sec.gov/api/xbrl/companyfacts/CIK0001822523.json,2026-10-10T12:46:55.632353+00:00,A_VERIFIER_IDENTITE_ET_PERIODE
0FG.F,0001822523,NetIncome,NetIncomeLoss,-9096966,USD,2025-01-01,2025-06-30,2026-08-13,10-Q,0001628280-26-056471,2026,Q2,https://data.sec.gov/api/xbrl/companyfacts/CIK0001822523.json,2026-10-10T12:46:55.632365+00:00,A_VERIFIER_IDENTITE_ET_PERIODE
0FG.F,0001822523,NetIncome,NetIncomeLoss,-13164651,USD,2025-04-01,2025-06-30,2026-08-13,10-Q,0001628280-26-056471,2026,Q2,https://data.sec.gov/api/xbrl/companyfacts/CIK0001822523.json,2026-10-10T12:46:55.632376+00:00,A_VERIFIER_IDENTITE_ET_PERIODE
0FG.F,0001822523,NetIncome,NetIncomeLoss,11427347,USD,2026-01-01,2026-03-31,2026-05-07,10-Q,0001628280-26-031692,2026,Q1,https://data.sec.gov/api/xbrl/companyfacts/CIK0001822523.json,2026-10-10T12:46:55.632387+00:00,A_VERIFIER_IDENTITE_ET_PERIODE
0FG.F,0001822523,NetIncome,NetIncomeLoss,16787395,USD,2026-01-01,2026-06-30,2026-08-13,10-Q,0001628280-26-056471,2026,Q2,https://data.sec.gov/api/xbrl/companyfacts/CIK0001822523.json,2026-10-10T12:46:55.632398+00:00,A_VERIFIER_IDENTITE_ET_PERIODE
0FG.F,0001822523,NetIncome,NetIncomeLoss,5360048,USD,2026-04-01,2026-06-30,2026-08-13,10-Q,0001628280-26-056471,2026,Q2,https://data.sec.gov/api/xbrl/companyfacts/CIK0001822523.json,2026-10-10T12:46:55.632410+00:00,A_VERIFIER_IDENTITE_ET_PERIODE
0FG.F,0001822523,OperatingCashFlow,NetCashProvidedByUsedInOperatingActivities,-56428,USD,2020-07-31,2020-09-30,2021-11-04,10-Q,0001140361-21-036497,2021,Q3,https://data.sec.gov/api/xbrl/companyfacts/CIK0001822523.json,2026-10-10T12:46:55.632423+00:00,A_VERIFIER_IDENTITE_ET_PERIODE
0FG.F,0001822523,OperatingCashFlow,NetCashProvidedByUsedInOperatingActivities,1518856,USD,2020-07-31,2020-12-31,2022-03-10,10-K,0001140361-22-008768,2021,FY,https://data.sec.gov/api/xbrl/companyfacts/CIK0001822523.json,2026-10-10T12:46:55.632434+00:00,A_VERIFIER_IDENTITE_ET_PERIODE
0FG.F,0001822523,OperatingCashFlow,NetCashProvidedByUsedInOperatingActivities,2370785,USD,2021-01-01,2021-03-31,2021-05-11,10-Q,0001140361-21-016757,2021,Q1,https://data.sec.gov/api/xbrl/companyfacts/CIK0001822523.json,2026-10-10T12:46:55.632445+00:00,A_VERIFIER_IDENTITE_ET_PERIODE
0FG.F,0001822523,OperatingCashFlow,NetCashProvidedByUsedInOperatingActivities,2370785,USD,2021-01-01,2021-03-31,2022-05-10,10-Q,0001140361-22-018393,2022,Q1,https://data.sec.gov/api/xbrl/companyfacts/CIK0001822523.json,2026-10-10T12:46:55.632456+00:00,A_VERIFIER_IDENTITE_ET_PERIODE
0FG.F,0001822523,OperatingCashFlow,NetCashProvidedByUsedInOperatingActivities,7495887,USD,2021-01-01,2021-06-30,2021-08-05,10-Q,0001140361-21-027035,2021,Q2,https://data.sec.gov/api/xbrl/companyfacts/CIK0001822523.json,2026-10-10T12:46:55.632469+00:00,A_VERIFIER_IDENTITE_ET_PERIODE
0FG.F,0001822523,OperatingCashFlow,NetCashProvidedByUsedInOperatingActivities,7495887,USD,2021-01-01,2021-06-30,2022-08-09,10-Q,0001822523-22-000005,2022,Q2,https://data.sec.gov/api/xbrl/companyfacts/CIK0001822523.json,2026-10-10T12:46:55.632480+00:00,A_VERIFIER_IDENTITE_ET_PERIODE
0FG.F,0001822523,OperatingCashFlow,NetCashProvidedByUsedInOperatingActivities,7605744,USD,2021-01-01,2021-09-30,2021-11-04,10-Q,0001140361-21-036497,2021,Q3,https://data.sec.gov/api/xbrl/companyfacts/CIK0001822523.json,2026-10-10T12:46:55.632491+00:00,A_VERIFIER_IDENTITE_ET_PERIODE
0FG.F,0001822523,OperatingCashFlow,NetCashProvidedByUsedInOperatingActivities,7605744,USD,2021-01-01,2021-09-30,2022-11-08,10-Q,0001822523-22-000015,2022,Q3,https://data.sec.gov/api/xbrl/companyfacts/CIK0001822523.json,2026-10-10T12:46:55.632503+00:00,A_VERIFIER_IDENTITE_ET_PERIODE
0FG.F,0001822523,OperatingCashFlow,NetCashProvidedByUsedInOperatingActivities,9538562,USD,2021-01-01,2021-12-31,2022-03-10,10-K,0001140361-22-008768,2021,FY,https://data.sec.gov/api/xbrl/companyfacts/CIK0001822523.json,2026-10-10T12:46:55.632515+00:00,A_VERIFIER_IDENTITE_ET_PERIODE
0FG.F,0001822523,OperatingCashFlow,NetCashProvidedByUsedInOperatingActivities,9538562,USD,2021-01-01,2021-12-31,2023-03-07,10-K,0001822523-23-000006,2022,FY,https://data.sec.gov/api/xbrl/companyfacts/CIK0001822523.json,2026-10-10T12:46:55.632526+00:00,A_VERIFIER_IDENTITE_ET_PERIODE
0FG.F,0001822523,OperatingCashFlow,NetCashProvidedByUsedInOperatingActivities,4665347,USD,2022-01-01,2022-03-31,2022-05-10,10-Q,0001140361-22-018393,2022,Q1,https://data.sec.gov/api/xbrl/companyfacts/CIK0001822523.json,2026-10-10T12:46:55.632538+00:00,A_VERIFIER_IDENTITE_ET_PERIODE
0FG.F,0001822523,OperatingCashFlow,NetCashProvidedByUsedInOperatingActivities,4665347,USD,2022-01-01,2022-03-31,2023-05-10,10-Q,0001822523-23-000012,2023,Q1,https://data.sec.gov/api/xbrl/companyfacts/CIK0001822523.json,2026-10-10T12:46:55.632549+00:00,A_VERIFIER_IDENTITE_ET_PERIODE
0FG.F,0001822523,OperatingCashFlow,NetCashProvidedByUsedInOperatingActivities,15226222,USD,2022-01-01,2022-06-30,2022-08-09,10-Q,0001822523-22-000005,2022,Q2,https://data.sec.gov/api/xbrl/companyfacts/CIK0001822523.json,2026-10-10T12:46:55.632560+00:00,A_VERIFIER_IDENTITE_ET_PERIODE
0FG.F,0001822523,OperatingCashFlow,NetCashProvidedByUsedInOperatingActivities,15226222,USD,2022-01-01,2022-06-30,2023-08-08,10-Q,0001822523-23-000024,2023,Q2,https://data.sec.gov/api/xbrl/companyfacts/CIK0001822523.json,2026-10-10T12:46:55.632571+00:00,A_VERIFIER_IDENTITE_ET_PERIODE
0FG.F,0001822523,OperatingCashFlow,NetCashProvidedByUsedInOperatingActivities,27456066,USD,2022-01-01,2022-09-30,2022-11-08,10-Q,0001822523-22-000015,2022,Q3,https://data.sec.gov/api/xbrl/companyfacts/CIK0001822523.json,2026-10-10T12:46:55.632582+00:00,A_VERIFIER_IDENTITE_ET_PERIODE
0FG.F,0001822523,OperatingCashFlow,NetCashProvidedByUsedInOperatingActivities,27456066,USD,2022-01-01,2022-09-30,2023-11-08,10-Q,0001822523-23-000032,2023,Q3,https://data.sec.gov/api/xbrl/companyfacts/CIK0001822523.json,2026-10-10T12:46:55.632593+00:00,A_VERIFIER_IDENTITE_ET_PERIODE
0FG.F,0001822523,OperatingCashFlow,NetCashProvidedByUsedInOperatingActivities,31321973,USD,2022-01-01,2022-12-31,2023-03-07,10-K,0001822523-23-000006,2022,FY,https://data.sec.gov/api/xbrl/companyfacts/CIK0001822523.json,2026-10-10T12:46:55.632605+00:00,A_VERIFIER_IDENTITE_ET_PERIODE
0FG.F,0001822523,OperatingCashFlow,NetCashProvidedByUsedInOperatingActivities,31321973,USD,2022-01-01,2022-12-31,2024-03-07,10-K,0001822523-24-000014,2023,FY,https://data.sec.gov/api/xbrl/companyfacts/CIK0001822523.json,2026-10-10T12:46:55.632616+00:00,A_VERIFIER_IDENTITE_ET_PERIODE
0FG.F,0001822523,OperatingCashFlow,NetCashProvidedByUsedInOperatingActivities,4382627,USD,2023-01-01,2023-03-31,2023-05-10,10-Q,0001822523-23-000012,2023,Q1,https://data.sec.gov/api/xbrl/companyfacts/CIK0001822523.json,2026-10-10T12:46:55.632628+00:00,A_VERIFIER_IDENTITE_ET_PERIODE
0FG.F,0001822523,OperatingCashFlow,NetCashProvidedByUsedInOperatingActivities,4382627,USD,2023-01-01,2023-03-31,2024-05-09,10-Q,0001822523-24-000019,2024,Q1,https://data.sec.gov/api/xbrl/companyfacts/CIK0001822523.json,2026-10-10T12:46:55.632639+00:00,A_VERIFIER_IDENTITE_ET_PERIODE
0FG.F,0001822523,OperatingCashFlow,NetCashProvidedByUsedInOperatingActivities,9528462,USD,2023-01-01,2023-06-30,2023-08-08,10-Q,0001822523-23-000024,2023,Q2,https://data.sec.gov/api/xbrl/companyfacts/CIK0001822523.json,2026-10-10T12:46:55.632650+00:00,A_VERIFIER_IDENTITE_ET_PERIODE
0FG.F,0001822523,OperatingCashFlow,NetCashProvidedByUsedInOperatingActivities,9528462,USD,2023-01-01,2023-06-30,2024-08-07,10-Q,0001822523-24-000037,2024,Q2,https://data.sec.gov/api/xbrl/companyfacts/CIK0001822523.json,2026-10-10T12:46:55.632661+00:00,A_VERIFIER_IDENTITE_ET_PERIODE
0FG.F,0001822523,OperatingCashFlow,NetCashProvidedByUsedInOperatingActivities,14990354,USD,2023-01-01,2023-09-30,2023-11-08,10-Q,0001822523-23-000032,2023,Q3,https://data.sec.gov/api/xbrl/companyfacts/CIK0001822523.json,2026-10-10T12:46:55.632673+00:00,A_VERIFIER_IDENTITE_ET_PERIODE
0FG.F,0001822523,OperatingCashFlow,NetCashProvidedByUsedInOperatingActivities,14990354,USD,2023-01-01,2023-09-30,2024-11-13,10-Q,0001822523-24-000045,2024,Q3,https://data.sec.gov/api/xbrl/companyfacts/CIK0001822523.json,2026-10-10T12:46:55.632684+00:00,A_VERIFIER_IDENTITE_ET_PERIODE
0FG.F,0001822523,OperatingCashFlow,NetCashProvidedByUsedInOperatingActivities,21228934,USD,2023-01-01,2023-12-31,2024-03-07,10-K,0001822523-24-000014,2023,FY,https://data.sec.gov/api/xbrl/companyfacts/CIK0001822523.json,2026-10-10T12:46:55.632695+00:00,A_VERIFIER_IDENTITE_ET_PERIODE
0FG.F,0001822523,OperatingCashFlow,NetCashProvidedByUsedInOperatingActivities,21228934,USD,2023-01-01,2023-12-31,2025-03-13,10-K,0001822523-25-000003,2024,FY,https://data.sec.gov/api/xbrl/companyfacts/CIK0001822523.json,2026-10-10T12:46:55.632706+00:00,A_VERIFIER_IDENTITE_ET_PERIODE
0FG.F,0001822523,OperatingCashFlow,NetCashProvidedByUsedInOperatingActivities,6372548,USD,2024-01-01,2024-03-31,2024-05-09,10-Q,0001822523-24-000019,2024,Q1,https://data.sec.gov/api/xbrl/companyfacts/CIK0001822523.json,2026-10-10T12:46:55.632718+00:00,A_VERIFIER_IDENTITE_ET_PERIODE
0FG.F,0001822523,OperatingCashFlow,NetCashProvidedByUsedInOperatingActivities,6372548,USD,2024-01-01,2024-03-31,2025-05-14,10-Q,0001822523-25-000016,2025,Q1,https://data.sec.gov/api/xbrl/companyfacts/CIK0001822523.json,2026-10-10T12:46:55.632729+00:00,A_VERIFIER_IDENTITE_ET_PERIODE
0FG.F,0001822523,OperatingCashFlow,NetCashProvidedByUsedInOperatingActivities,16692097,USD,2024-01-01,2024-06-30,2024-08-07,10-Q,0001822523-24-000037,2024,Q2,https://data.sec.gov/api/xbrl/companyfacts/CIK0001822523.json,2026-10-10T12:46:55.632740+00:00,A_VERIFIER_IDENTITE_ET_PERIODE
0FG.F,0001822523,OperatingCashFlow,NetCashProvidedByUsedInOperatingActivities,16692097,USD,2024-01-01,2024-06-30,2025-08-14,10-Q,0001822523-25-000027,2025,Q2,https://data.sec.gov/api/xbrl/companyfacts/CIK0001822523.json,2026-10-10T12:46:55.632752+00:00,A_VERIFIER_IDENTITE_ET_PERIODE
0FG.F,0001822523,OperatingCashFlow,NetCashProvidedByUsedInOperatingActivities,19335647,USD,2024-01-01,2024-09-30,2024-11-13,10-Q,0001822523-24-000045,2024,Q3,https://data.sec.gov/api/xbrl/companyfacts/CIK0001822523.json,2026-10-10T12:46:55.632763+00:00,A_VERIFIER_IDENTITE_ET_PERIODE
0FG.F,0001822523,OperatingCashFlow,NetCashProvidedByUsedInOperatingActivities,19335647,USD,2024-01-01,2024-09-30,2025-11-12,10-Q,0001628280-25-051319,2025,Q3,https://data.sec.gov/api/xbrl/companyfacts/CIK0001822523.json,2026-10-10T12:46:55.632774+00:00,A_VERIFIER_IDENTITE_ET_PERIODE
0FG.F,0001822523,OperatingCashFlow,NetCashProvidedByUsedInOperatingActivities,21557675,USD,2024-01-01,2024-12-31,2025-03-13,10-K,0001822523-25-000003,2024,FY,https://data.sec.gov/api/xbrl/companyfacts/CIK0001822523.json,2026-10-10T12:46:55.632786+00:00,A_VERIFIER_IDENTITE_ET_PERIODE
0FG.F,0001822523,OperatingCashFlow,NetCashProvidedByUsedInOperatingActivities,21557675,USD,2024-01-01,2024-12-31,2026-03-04,10-K,0001628280-26-014392,2025,FY,https://data.sec.gov/api/xbrl/companyfacts/CIK0001822523.json,2026-10-10T12:46:55.632797+00:00,A_VERIFIER_IDENTITE_ET_PERIODE
0FG.F,0001822523,OperatingCashFlow,NetCashProvidedByUsedInOperatingActivities,3921374,USD,2025-01-01,2025-03-31,2025-05-14,10-Q,0001822523-25-000016,2025,Q1,https://data.sec.gov/api/xbrl/companyfacts/CIK0001822523.json,2026-10-10T12:46:55.632808+00:00,A_VERIFIER_IDENTITE_ET_PERIODE
0FG.F,0001822523,OperatingCashFlow,NetCashProvidedByUsedInOperatingActivities,3921374,USD,2025-01-01,2025-03-31,2026-05-07,10-Q,0001628280-26-031692,2026,Q1,https://data.sec.gov/api/xbrl/companyfacts/CIK0001822523.json,2026-10-10T12:46:55.632819+00:00,A_VERIFIER_IDENTITE_ET_PERIODE
0FG.F,0001822523,OperatingCashFlow,NetCashProvidedByUsedInOperatingActivities,5681365,USD,2025-01-01,2025-06-30,2025-08-14,10-Q,0001822523-25-000027,2025,Q2,https://data.sec.gov/api/xbrl/companyfacts/CIK0001822523.json,2026-10-10T12:46:55.632831+00:00,A_VERIFIER_IDENTITE_ET_PERIODE
0FG.F,0001822523,OperatingCashFlow,NetCashProvidedByUsedInOperatingActivities,5681365,USD,2025-01-01,2025-06-30,2026-08-13,10-Q,0001628280-26-056471,2026,Q2,https://data.sec.gov/api/xbrl/companyfacts/CIK0001822523.json,2026-10-10T12:46:55.632842+00:00,A_VERIFIER_IDENTITE_ET_PERIODE
0FG.F,0001822523,OperatingCashFlow,NetCashProvidedByUsedInOperatingActivities,11796234,USD,2025-01-01,2025-09-30,2025-11-12,10-Q,0001628280-25-051319,2025,Q3,https://data.sec.gov/api/xbrl/companyfacts/CIK0001822523.json,2026-10-10T12:46:55.632854+00:00,A_VERIFIER_IDENTITE_ET_PERIODE
0FG.F,0001822523,OperatingCashFlow,NetCashProvidedByUsedInOperatingActivities,11235352,USD,2025-01-01,2025-12-31,2026-03-04,10-K,0001628280-26-014392,2025,FY,https://data.sec.gov/api/xbrl/companyfacts/CIK0001822523.json,2026-10-10T12:46:55.632866+00:00,A_VERIFIER_IDENTITE_ET_PERIODE
0FG.F,0001822523,OperatingCashFlow,NetCashProvidedByUsedInOperatingActivities,-30844148,USD,2026-01-01,2026-03-31,2026-05-07,10-Q,0001628280-26-031692,2026,Q1,https://data.sec.gov/api/xbrl/companyfacts/CIK0001822523.json,2026-10-10T12:46:55.632878+00:00,A_VERIFIER_IDENTITE_ET_PERIODE
0FG.F,0001822523,OperatingCashFlow,NetCashProvidedByUsedInOperatingActivities,-37046374,USD,2026-01-01,2026-06-30,2026-08-13,10-Q,0001628280-26-056471,2026,Q2,https://data.sec.gov/api/xbrl/companyfacts/CIK0001822523.json,2026-10-10T12:46:55.632889+00:00,A_VERIFIER_IDENTITE_ET_PERIODE
0FG.F,0001822523,Shares,CommonStockSharesOutstanding,6179392,shares,,2020-12-31,2021-05-11,10-Q,0001140361-21-016757,2021,Q1,https://data.sec.gov/api/xbrl/companyfacts/CIK0001822523.json,2026-10-10T12:46:55.632902+00:00,A_VERIFIER_IDENTITE_ET_PERIODE
0FG.F,0001822523,Shares,CommonStockSharesOutstanding,6179392,shares,,2020-12-31,2021-08-05,10-Q,0001140361-21-027035,2021,Q2,https://data.sec.gov/api/xbrl/companyfacts/CIK0001822523.json,2026-10-10T12:46:55.632914+00:00,A_VERIFIER_IDENTITE_ET_PERIODE
0FG.F,0001822523,Shares,CommonStockSharesOutstanding,6179392,shares,,2020-12-31,2021-11-04,10-Q,0001140361-21-036497,2021,Q3,https://data.sec.gov/api/xbrl/companyfacts/CIK0001822523.json,2026-10-10T12:46:55.632925+00:00,A_VERIFIER_IDENTITE_ET_PERIODE
0FG.F,0001822523,Shares,CommonStockSharesOutstanding,6179392,shares,,2020-12-31,2022-03-10,10-K,0001140361-22-008768,2021,FY,https://data.sec.gov/api/xbrl/companyfacts/CIK0001822523.json,2026-10-10T12:46:55.632937+00:00,A_VERIFIER_IDENTITE_ET_PERIODE
0FG.F,0001822523,Shares,CommonStockSharesOutstanding,13366877,shares,,2021-03-31,2021-05-11,10-Q,0001140361-21-016757,2021,Q1,https://data.sec.gov/api/xbrl/companyfacts/CIK0001822523.json,2026-10-10T12:46:55.632948+00:00,A_VERIFIER_IDENTITE_ET_PERIODE
0FG.F,0001822523,Shares,CommonStockSharesOutstanding,16116877,shares,,2021-06-30,2021-08-05,10-Q,0001140361-21-027035,2021,Q2,https://data.sec.gov/api/xbrl/companyfacts/CIK0001822523.json,2026-10-10T12:46:55.632959+00:00,A_VERIFIER_IDENTITE_ET_PERIODE
0FG.F,0001822523,Shares,CommonStockSharesOutstanding,16442812,shares,,2021-09-30,2021-11-04,10-Q,0001140361-21-036497,2021,Q3,https://data.sec.gov/api/xbrl/companyfacts/CIK0001822523.json,2026-10-10T12:46:55.632970+00:00,A_VERIFIER_IDENTITE_ET_PERIODE
0FG.F,0001822523,Shares,CommonStockSharesOutstanding,16442812,shares,,2021-12-31,2022-03-10,10-K,0001140361-22-008768,2021,FY,https://data.sec.gov/api/xbrl/companyfacts/CIK0001822523.json,2026-10-10T12:46:55.632982+00:00,A_VERIFIER_IDENTITE_ET_PERIODE
0FG.F,0001822523,Shares,CommonStockSharesOutstanding,16442812,shares,,2021-12-31,2022-05-10,10-Q,0001140361-22-018393,2022,Q1,https://data.sec.gov/api/xbrl/companyfacts/CIK0001822523.json,2026-10-10T12:46:55.632993+00:00,A_VERIFIER_IDENTITE_ET_PERIODE
0FG.F,0001822523,Shares,CommonStockSharesOutstanding,16442812,shares,,2021-12-31,2022-08-09,10-Q,0001822523-22-000005,2022,Q2,https://data.sec.gov/api/xbrl/companyfacts/CIK0001822523.json,2026-10-10T12:46:55.633004+00:00,A_VERIFIER_IDENTITE_ET_PERIODE
0FG.F,0001822523,Shares,CommonStockSharesOutstanding,16442812,shares,,2021-12-31,2022-11-08,10-Q,0001822523-22-000015,2022,Q3,https://data.sec.gov/api/xbrl/companyfacts/CIK0001822523.json,2026-10-10T12:46:55.633015+00:00,A_VERIFIER_IDENTITE_ET_PERIODE
0FG.F,0001822523,Shares,CommonStockSharesOutstanding,16442812,shares,,2021-12-31,2023-03-07,10-K,0001822523-23-000006,2022,FY,https://data.sec.gov/api/xbrl/companyfacts/CIK0001822523.json,2026-10-10T12:46:55.633026+00:00,A_VERIFIER_IDENTITE_ET_PERIODE
0FG.F,0001822523,Shares,CommonStockSharesOutstanding,19742940,shares,,2022-03-31,2022-05-10,10-Q,0001140361-22-018393,2022,Q1,https://data.sec.gov/api/xbrl/companyfacts/CIK0001822523.json,2026-10-10T12:46:55.633038+00:00,A_VERIFIER_IDENTITE_ET_PERIODE
0FG.F,0001822523,Shares,CommonStockSharesOutstanding,19857872,shares,,2022-06-30,2022-08-09,10-Q,0001822523-22-000005,2022,Q2,https://data.sec.gov/api/xbrl/companyfacts/CIK0001822523.json,2026-10-10T12:46:55.633049+00:00,A_VERIFIER_IDENTITE_ET_PERIODE
0FG.F,0001822523,Shares,CommonStockSharesOutstanding,20364000,shares,,2022-09-30,2022-11-08,10-Q,0001822523-22-000015,2022,Q3,https://data.sec.gov/api/xbrl/companyfacts/CIK0001822523.json,2026-10-10T12:46:55.633061+00:00,A_VERIFIER_IDENTITE_ET_PERIODE
0FG.F,0001822523,Shares,CommonStockSharesOutstanding,20364000,shares,,2022-12-31,2023-03-07,10-K,0001822523-23-000006,2022,FY,https://data.sec.gov/api/xbrl/companyfacts/CIK0001822523.json,2026-10-10T12:46:55.633072+00:00,A_VERIFIER_IDENTITE_ET_PERIODE
0FG.F,0001822523,Shares,CommonStockSharesOutstanding,20364000,shares,,2022-12-31,2023-05-10,10-Q,0001822523-23-000012,2023,Q1,https://data.sec.gov/api/xbrl/companyfacts/CIK0001822523.json,2026-10-10T12:46:55.633083+00:00,A_VERIFIER_IDENTITE_ET_PERIODE
0FG.F,0001822523,Shares,CommonStockSharesOutstanding,20364000,shares,,2022-12-31,2023-08-08,10-Q,0001822523-23-000024,2023,Q2,https://data.sec.gov/api/xbrl/companyfacts/CIK0001822523.json,2026-10-10T12:46:55.633094+00:00,A_VERIFIER_IDENTITE_ET_PERIODE
0FG.F,0001822523,Shares,CommonStockSharesOutstanding,20364000,shares,,2022-12-31,2023-11-08,10-Q,0001822523-23-000032,2023,Q3,https://data.sec.gov/api/xbrl/companyfacts/CIK0001822523.json,2026-10-10T12:46:55.633106+00:00,A_VERIFIER_IDENTITE_ET_PERIODE
0FG.F,0001822523,Shares,CommonStockSharesOutstanding,20364000,shares,,2022-12-31,2024-03-07,10-K,0001822523-24-000014,2023,FY,https://data.sec.gov/api/xbrl/companyfacts/CIK0001822523.json,2026-10-10T12:46:55.633117+00:00,A_VERIFIER_IDENTITE_ET_PERIODE
0FG.F,0001822523,Shares,CommonStockSharesOutstanding,20489234,shares,,2023-03-31,2023-05-10,10-Q,0001822523-23-000012,2023,Q1,https://data.sec.gov/api/xbrl/companyfacts/CIK0001822523.json,2026-10-10T12:46:55.633128+00:00,A_VERIFIER_IDENTITE_ET_PERIODE
0FG.F,0001822523,Shares,CommonStockSharesOutstanding,20457697,shares,,2023-06-30,2023-08-08,10-Q,0001822523-23-000024,2023,Q2,https://data.sec.gov/api/xbrl/companyfacts/CIK0001822523.json,2026-10-10T12:46:55.633139+00:00,A_VERIFIER_IDENTITE_ET_PERIODE
0FG.F,0001822523,Shares,CommonStockSharesOutstanding,20457697,shares,,2023-09-30,2023-11-08,10-Q,0001822523-23-000032,2023,Q3,https://data.sec.gov/api/xbrl/companyfacts/CIK0001822523.json,2026-10-10T12:46:55.633150+00:00,A_VERIFIER_IDENTITE_ET_PERIODE
0FG.F,0001822523,Shares,CommonStockSharesOutstanding,20457697,shares,,2023-12-31,2024-03-07,10-K,0001822523-24-000014,2023,FY,https://data.sec.gov/api/xbrl/companyfacts/CIK0001822523.json,2026-10-10T12:46:55.633181+00:00,A_VERIFIER_IDENTITE_ET_PERIODE
0FG.F,0001822523,Shares,CommonStockSharesOutstanding,20457697,shares,,2023-12-31,2024-05-09,10-Q,0001822523-24-000019,2024,Q1,https://data.sec.gov/api/xbrl/companyfacts/CIK0001822523.json,2026-10-10T12:46:55.633203+00:00,A_VERIFIER_IDENTITE_ET_PERIODE
0FG.F,0001822523,Shares,CommonStockSharesOutstanding,20457697,shares,,2023-12-31,2024-08-07,10-Q,0001822523-24-000037,2024,Q2,https://data.sec.gov/api/xbrl/companyfacts/CIK0001822523.json,2026-10-10T12:46:55.633220+00:00,A_VERIFIER_IDENTITE_ET_PERIODE
0FG.F,0001822523,Shares,CommonStockSharesOutstanding,20457697,shares,,2023-12-31,2024-11-13,10-Q,0001822523-24-000045,2024,Q3,https://data.sec.gov/api/xbrl/companyfacts/CIK0001822523.json,2026-10-10T12:46:55.633239+00:00,A_VERIFIER_IDENTITE_ET_PERIODE
0FG.F,0001822523,Shares,CommonStockSharesOutstanding,20457697,shares,,2023-12-31,2025-03-13,10-K,0001822523-25-000003,2024,FY,https://data.sec.gov/api/xbrl/companyfacts/CIK0001822523.json,2026-10-10T12:46:55.633260+00:00,A_VERIFIER_IDENTITE_ET_PERIODE
0FG.F,0001822523,Shares,CommonStockSharesOutstanding,20667094,shares,,2024-03-31,2024-05-09,10-Q,0001822523-24-000019,2024,Q1,https://data.sec.gov/api/xbrl/companyfacts/CIK0001822523.json,2026-10-10T12:46:55.633280+00:00,A_VERIFIER_IDENTITE_ET_PERIODE
0FG.F,0001822523,Shares,CommonStockSharesOutstanding,20667094,shares,,2024-06-30,2024-08-07,10-Q,0001822523-24-000037,2024,Q2,https://data.sec.gov/api/xbrl/companyfacts/CIK0001822523.json,2026-10-10T12:46:55.633300+00:00,A_VERIFIER_IDENTITE_ET_PERIODE
0FG.F,0001822523,Shares,CommonStockSharesOutstanding,21882047,shares,,2024-09-30,2024-11-13,10-Q,0001822523-24-000045,2024,Q3,https://data.sec.gov/api/xbrl/companyfacts/CIK0001822523.json,2026-10-10T12:46:55.633317+00:00,A_VERIFIER_IDENTITE_ET_PERIODE
0FG.F,0001822523,Shares,CommonStockSharesOutstanding,22332927,shares,,2024-12-31,2025-03-13,10-K,0001822523-25-000003,2024,FY,https://data.sec.gov/api/xbrl/companyfacts/CIK0001822523.json,2026-10-10T12:46:55.633350+00:00,A_VERIFIER_IDENTITE_ET_PERIODE
0FG.F,0001822523,Shares,CommonStockSharesOutstanding,22332927,shares,,2024-12-31,2025-05-14,10-Q,0001822523-25-000016,2025,Q1,https://data.sec.gov/api/xbrl/companyfacts/CIK0001822523.json,2026-10-10T12:46:55.633362+00:00,A_VERIFIER_IDENTITE_ET_PERIODE
0FG.F,0001822523,Shares,CommonStockSharesOutstanding,22332927,shares,,2024-12-31,2025-08-14,10-Q,0001822523-25-000027,2025,Q2,https://data.sec.gov/api/xbrl/companyfacts/CIK0001822523.json,2026-10-10T12:46:55.633374+00:00,A_VERIFIER_IDENTITE_ET_PERIODE
0FG.F,0001822523,Shares,CommonStockSharesOutstanding,22332927,shares,,2024-12-31,2025-11-12,10-Q,0001628280-25-051319,2025,Q3,https://data.sec.gov/api/xbrl/companyfacts/CIK0001822523.json,2026-10-10T12:46:55.633385+00:00,A_VERIFIER_IDENTITE_ET_PERIODE
0FG.F,0001822523,Shares,CommonStockSharesOutstanding,22332927,shares,,2024-12-31,2026-03-04,10-K,0001628280-26-014392,2025,FY,https://data.sec.gov/api/xbrl/companyfacts/CIK0001822523.json,2026-10-10T12:46:55.633396+00:00,A_VERIFIER_IDENTITE_ET_PERIODE
0FG.F,0001822523,Shares,CommonStockSharesOutstanding,22596007,shares,,2025-03-31,2025-05-14,10-Q,0001822523-25-000016,2025,Q1,https://data.sec.gov/api/xbrl/companyfacts/CIK0001822523.json,2026-10-10T12:46:55.633408+00:00,A_VERIFIER_IDENTITE_ET_PERIODE
0FG.F,0001822523,Shares,CommonStockSharesOutstanding,22595111,shares,,2025-06-30,2025-08-14,10-Q,0001822523-25-000027,2025,Q2,https://data.sec.gov/api/xbrl/companyfacts/CIK0001822523.json,2026-10-10T12:46:55.633420+00:00,A_VERIFIER_IDENTITE_ET_PERIODE
0FG.F,0001822523,Shares,CommonStockSharesOutstanding,22594541,shares,,2025-09-30,2025-11-12,10-Q,0001628280-25-051319,2025,Q3,https://data.sec.gov/api/xbrl/companyfacts/CIK0001822523.json,2026-10-10T12:46:55.633433+00:00,A_VERIFIER_IDENTITE_ET_PERIODE
0FG.F,0001822523,Shares,CommonStockSharesOutstanding,23528844,shares,,2025-12-31,2026-03-04,10-K,0001628280-26-014392,2025,FY,https://data.sec.gov/api/xbrl/companyfacts/CIK0001822523.json,2026-10-10T12:46:55.633445+00:00,A_VERIFIER_IDENTITE_ET_PERIODE
0FG.F,0001822523,Shares,CommonStockSharesOutstanding,23528844,shares,,2025-12-31,2026-05-07,10-Q,0001628280-26-031692,2026,Q1,https://data.sec.gov/api/xbrl/companyfacts/CIK0001822523.json,2026-10-10T12:46:55.633456+00:00,A_VERIFIER_IDENTITE_ET_PERIODE
0FG.F,0001822523,Shares,CommonStockSharesOutstanding,23528844,shares,,2025-12-31,2026-08-13,10-Q,0001628280-26-056471,2026,Q2,https://data.sec.gov/api/xbrl/companyfacts/CIK0001822523.json,2026-10-10T12:46:55.633468+00:00,A_VERIFIER_IDENTITE_ET_PERIODE
0FG.F,0001822523,Shares,CommonStockSharesOutstanding,23528844,shares,,2026-03-31,2026-05-07,10-Q,0001628280-26-031692,2026,Q1,https://data.sec.gov/api/xbrl/companyfacts/CIK0001822523.json,2026-10-10T12:46:55.633480+00:00,A_VERIFIER_IDENTITE_ET_PERIODE
0FG.F,0001822523,Shares,CommonStockSharesOutstanding,22689438,shares,,2026-06-30,2026-08-13,10-Q,0001628280-26-056471,2026,Q2,https://data.sec.gov/api/xbrl/companyfacts/CIK0001822523.json,2026-10-10T12:46:55.633492+00:00,A_VERIFIER_IDENTITE_ET_PERIODE
0CG.F,0001364954,Revenues,RevenueFromContractWithCustomerExcludingAssessedTax,131590000,USD,2020-01-01,2020-03-31,2021-05-03,10-Q,0001364954-21-000048,2021,Q1,https://data.sec.gov/api/xbrl/companyfacts/CIK0001364954.json,2026-10-10T12:46:56.245347+00:00,A_VERIFIER_IDENTITE_ET_PERIODE
0CG.F,0001364954,Revenues,RevenueFromContractWithCustomerExcludingAssessedTax,284599000,USD,2020-01-01,2020-06-30,2021-08-09,10-Q,0001364954-21-000071,2021,Q2,https://data.sec.gov/api/xbrl/companyfacts/CIK0001364954.json,2026-10-10T12:46:56.245369+00:00,A_VERIFIER_IDENTITE_ET_PERIODE
0CG.F,0001364954,Revenues,RevenueFromContractWithCustomerExcludingAssessedTax,153009000,USD,2020-04-01,2020-06-30,2021-08-09,10-Q,0001364954-21-000071,2021,Q2,https://data.sec.gov/api/xbrl/companyfacts/CIK0001364954.json,2026-10-10T12:46:56.245382+00:00,A_VERIFIER_IDENTITE_ET_PERIODE
0CG.F,0001364954,Revenues,RevenueFromContractWithCustomerExcludingAssessedTax,438617000,USD,2020-01-01,2020-09-30,2021-11-01,10-Q,0001364954-21-000113,2021,Q3,https://data.sec.gov/api/xbrl/companyfacts/CIK0001364954.json,2026-10-10T12:46:56.245396+00:00,A_VERIFIER_IDENTITE_ET_PERIODE
0CG.F,0001364954,Revenues,RevenueFromContractWithCustomerExcludingAssessedTax,154018000,USD,2020-07-01,2020-09-30,2021-11-01,10-Q,0001364954-21-000113,2021,Q3,https://data.sec.gov/api/xbrl/companyfacts/CIK0001364954.json,2026-10-10T12:46:56.245407+00:00,A_VERIFIER_IDENTITE_ET_PERIODE
0CG.F,0001364954,Revenues,RevenueFromContractWithCustomerExcludingAssessedTax,644338000,USD,2020-01-01,2020-12-31,2023-02-21,10-K,0001364954-23-000013,2022,FY,https://data.sec.gov/api/xbrl/companyfacts/CIK0001364954.json,2026-10-10T12:46:56.245419+00:00,A_VERIFIER_IDENTITE_ET_PERIODE
0CG.F,0001364954,Revenues,RevenueFromContractWithCustomerExcludingAssessedTax,198378000,USD,2021-01-01,2021-03-31,2021-05-03,10-Q,0001364954-21-000048,2021,Q1,https://data.sec.gov/api/xbrl/companyfacts/CIK0001364954.json,2026-10-10T12:46:56.245431+00:00,A_VERIFIER_IDENTITE_ET_PERIODE
0CG.F,0001364954,Revenues,RevenueFromContractWithCustomerExcludingAssessedTax,198378000,USD,2021-01-01,2021-03-31,2022-05-02,10-Q,0001364954-22-000050,2022,Q1,https://data.sec.gov/api/xbrl/companyfacts/CIK0001364954.json,2026-10-10T12:46:56.245442+00:00,A_VERIFIER_IDENTITE_ET_PERIODE
0CG.F,0001364954,Revenues,RevenueFromContractWithCustomerExcludingAssessedTax,396856000,USD,2021-01-01,2021-06-30,2021-08-09,10-Q,0001364954-21-000071,2021,Q2,https://data.sec.gov/api/xbrl/companyfacts/CIK0001364954.json,2026-10-10T12:46:56.245453+00:00,A_VERIFIER_IDENTITE_ET_PERIODE
0CG.F,0001364954,Revenues,RevenueFromContractWithCustomerExcludingAssessedTax,396856000,USD,2021-01-01,2021-06-30,2022-08-04,10-Q,0001364954-22-000088,2022,Q2,https://data.sec.gov/api/xbrl/companyfacts/CIK0001364954.json,2026-10-10T12:46:56.245465+00:00,A_VERIFIER_IDENTITE_ET_PERIODE
0CG.F,0001364954,Revenues,RevenueFromContractWithCustomerExcludingAssessedTax,198478000,USD,2021-04-01,2021-06-30,2021-08-09,10-Q,0001364954-21-000071,2021,Q2,https://data.sec.gov/api/xbrl/companyfacts/CIK0001364954.json,2026-10-10T12:46:56.245476+00:00,A_VERIFIER_IDENTITE_ET_PERIODE
0CG.F,0001364954,Revenues,RevenueFromContractWithCustomerExcludingAssessedTax,198478000,USD,2021-04-01,2021-06-30,2022-08-04,10-Q,0001364954-22-000088,2022,Q2,https://data.sec.gov/api/xbrl/companyfacts/CIK0001364954.json,2026-10-10T12:46:56.245487+00:00,A_VERIFIER_IDENTITE_ET_PERIODE
0CG.F,0001364954,Revenues,RevenueFromContractWithCustomerExcludingAssessedTax,568798000,USD,2021-01-01,2021-09-30,2021-11-01,10-Q,0001364954-21-000113,2021,Q3,https://data.sec.gov/api/xbrl/companyfacts/CIK0001364954.json,2026-10-10T12:46:56.245498+00:00,A_VERIFIER_IDENTITE_ET_PERIODE
0CG.F,0001364954,Revenues,RevenueFromContractWithCustomerExcludingAssessedTax,568798000,USD,2021-01-01,2021-09-30,2022-11-01,10-Q,0001364954-22-000107,2022,Q3,https://data.sec.gov/api/xbrl/companyfacts/CIK0001364954.json,2026-10-10T12:46:56.245509+00:00,A_VERIFIER_IDENTITE_ET_PERIODE
0CG.F,0001364954,Revenues,RevenueFromContractWithCustomerExcludingAssessedTax,171942000,USD,2021-07-01,2021-09-30,2021-11-01,10-Q,0001364954-21-000113,2021,Q3,https://data.sec.gov/api/xbrl/companyfacts/CIK0001364954.json,2026-10-10T12:46:56.245520+00:00,A_VERIFIER_IDENTITE_ET_PERIODE
0CG.F,0001364954,Revenues,RevenueFromContractWithCustomerExcludingAssessedTax,171942000,USD,2021-07-01,2021-09-30,2022-11-01,10-Q,0001364954-22-000107,2022,Q3,https://data.sec.gov/api/xbrl/companyfacts/CIK0001364954.json,2026-10-10T12:46:56.245531+00:00,A_VERIFIER_IDENTITE_ET_PERIODE
0CG.F,0001364954,Revenues,RevenueFromContractWithCustomerExcludingAssessedTax,776265000,USD,2021-01-01,2021-12-31,2023-02-21,10-K,0001364954-23-000013,2022,FY,https://data.sec.gov/api/xbrl/companyfacts/CIK0001364954.json,2026-10-10T12:46:56.245543+00:00,A_VERIFIER_IDENTITE_ET_PERIODE
0CG.F,0001364954,Revenues,RevenueFromContractWithCustomerExcludingAssessedTax,776265000,USD,2021-01-01,2021-12-31,2024-02-20,10-K,0001364954-24-000009,2023,FY,https://data.sec.gov/api/xbrl/companyfacts/CIK0001364954.json,2026-10-10T12:46:56.245554+00:00,A_VERIFIER_IDENTITE_ET_PERIODE
0CG.F,0001364954,Revenues,RevenueFromContractWithCustomerExcludingAssessedTax,202244000,USD,2022-01-01,2022-03-31,2022-05-02,10-Q,0001364954-22-000050,2022,Q1,https://data.sec.gov/api/xbrl/companyfacts/CIK0001364954.json,2026-10-10T12:46:56.245565+00:00,A_VERIFIER_IDENTITE_ET_PERIODE
0CG.F,0001364954,Revenues,RevenueFromContractWithCustomerExcludingAssessedTax,202244000,USD,2022-01-01,2022-03-31,2023-05-01,10-Q,0001364954-23-000068,2023,Q1,https://data.sec.gov/api/xbrl/companyfacts/CIK0001364954.json,2026-10-10T12:46:56.245576+00:00,A_VERIFIER_IDENTITE_ET_PERIODE
0CG.F,0001364954,Revenues,RevenueFromContractWithCustomerExcludingAssessedTax,396965000,USD,2022-01-01,2022-06-30,2022-08-04,10-Q,0001364954-22-000088,2022,Q2,https://data.sec.gov/api/xbrl/companyfacts/CIK0001364954.json,2026-10-10T12:46:56.245588+00:00,A_VERIFIER_IDENTITE_ET_PERIODE
0CG.F,0001364954,Revenues,RevenueFromContractWithCustomerExcludingAssessedTax,396965000,USD,2022-01-01,2022-06-30,2023-08-07,10-Q,0001364954-23-000121,2023,Q2,https://data.sec.gov/api/xbrl/companyfacts/CIK0001364954.json,2026-10-10T12:46:56.245599+00:00,A_VERIFIER_IDENTITE_ET_PERIODE
0CG.F,0001364954,Revenues,RevenueFromContractWithCustomerExcludingAssessedTax,194721000,USD,2022-04-01,2022-06-30,2022-08-04,10-Q,0001364954-22-000088,2022,Q2,https://data.sec.gov/api/xbrl/companyfacts/CIK0001364954.json,2026-10-10T12:46:56.245610+00:00,A_VERIFIER_IDENTITE_ET_PERIODE
0CG.F,0001364954,Revenues,RevenueFromContractWithCustomerExcludingAssessedTax,194721000,USD,2022-04-01,2022-06-30,2023-08-07,10-Q,0001364954-23-000121,2023,Q2,https://data.sec.gov/api/xbrl/companyfacts/CIK0001364954.json,2026-10-10T12:46:56.245621+00:00,A_VERIFIER_IDENTITE_ET_PERIODE
0CG.F,0001364954,Revenues,RevenueFromContractWithCustomerExcludingAssessedTax,561704000,USD,2022-01-01,2022-09-30,2022-11-01,10-Q,0001364954-22-000107,2022,Q3,https://data.sec.gov/api/xbrl/companyfacts/CIK0001364954.json,2026-10-10T12:46:56.245632+00:00,A_VERIFIER_IDENTITE_ET_PERIODE
0CG.F,0001364954,Revenues,RevenueFromContractWithCustomerExcludingAssessedTax,561704000,USD,2022-01-01,2022-09-30,2023-10-30,10-Q,0001364954-23-000146,2023,Q3,https://data.sec.gov/api/xbrl/companyfacts/CIK0001364954.json,2026-10-10T12:46:56.245643+00:00,A_VERIFIER_IDENTITE_ET_PERIODE
0CG.F,0001364954,Revenues,RevenueFromContractWithCustomerExcludingAssessedTax,164739000,USD,2022-07-01,2022-09-30,2022-11-01,10-Q,0001364954-22-000107,2022,Q3,https://data.sec.gov/api/xbrl/companyfacts/CIK0001364954.json,2026-10-10T12:46:56.245654+00:00,A_VERIFIER_IDENTITE_ET_PERIODE
0CG.F,0001364954,Revenues,RevenueFromContractWithCustomerExcludingAssessedTax,164739000,USD,2022-07-01,2022-09-30,2023-10-30,10-Q,0001364954-23-000146,2023,Q3,https://data.sec.gov/api/xbrl/companyfacts/CIK0001364954.json,2026-10-10T12:46:56.245665+00:00,A_VERIFIER_IDENTITE_ET_PERIODE
0CG.F,0001364954,Revenues,RevenueFromContractWithCustomerExcludingAssessedTax,766897000,USD,2022-01-01,2022-12-31,2023-02-21,10-K,0001364954-23-000013,2022,FY,https://data.sec.gov/api/xbrl/companyfacts/CIK0001364954.json,2026-10-10T12:46:56.245676+00:00,A_VERIFIER_IDENTITE_ET_PERIODE
0CG.F,0001364954,Revenues,RevenueFromContractWithCustomerExcludingAssessedTax,766897000,USD,2022-01-01,2022-12-31,2024-02-20,10-K,0001364954-24-000009,2023,FY,https://data.sec.gov/api/xbrl/companyfacts/CIK0001364954.json,2026-10-10T12:46:56.245687+00:00,A_VERIFIER_IDENTITE_ET_PERIODE
0CG.F,0001364954,Revenues,RevenueFromContractWithCustomerExcludingAssessedTax,766897000,USD,2022-01-01,2022-12-31,2025-02-24,10-K,0001364954-25-000013,2024,FY,https://data.sec.gov/api/xbrl/companyfacts/CIK0001364954.json,2026-10-10T12:46:56.245698+00:00,A_VERIFIER_IDENTITE_ET_PERIODE
0CG.F,0001364954,Revenues,RevenueFromContractWithCustomerExcludingAssessedTax,187601000,USD,2023-01-01,2023-03-31,2023-05-01,10-Q,0001364954-23-000068,2023,Q1,https://data.sec.gov/api/xbrl/companyfacts/CIK0001364954.json,2026-10-10T12:46:56.245710+00:00,A_VERIFIER_IDENTITE_ET_PERIODE
0CG.F,0001364954,Revenues,RevenueFromContractWithCustomerExcludingAssessedTax,187601000,USD,2023-01-01,2023-03-31,2024-04-29,10-Q,0001364954-24-000042,2024,Q1,https://data.sec.gov/api/xbrl/companyfacts/CIK0001364954.json,2026-10-10T12:46:56.245721+00:00,A_VERIFIER_IDENTITE_ET_PERIODE
0CG.F,0001364954,Revenues,RevenueFromContractWithCustomerExcludingAssessedTax,370454000,USD,2023-01-01,2023-06-30,2023-08-07,10-Q,0001364954-23-000121,2023,Q2,https://data.sec.gov/api/xbrl/companyfacts/CIK0001364954.json,2026-10-10T12:46:56.245732+00:00,A_VERIFIER_IDENTITE_ET_PERIODE
0CG.F,0001364954,Revenues,RevenueFromContractWithCustomerExcludingAssessedTax,370454000,USD,2023-01-01,2023-06-30,2024-08-05,10-Q,0001364954-24-000072,2024,Q2,https://data.sec.gov/api/xbrl/companyfacts/CIK0001364954.json,2026-10-10T12:46:56.245743+00:00,A_VERIFIER_IDENTITE_ET_PERIODE
0CG.F,0001364954,Revenues,RevenueFromContractWithCustomerExcludingAssessedTax,182853000,USD,2023-04-01,2023-06-30,2023-08-07,10-Q,0001364954-23-000121,2023,Q2,https://data.sec.gov/api/xbrl/companyfacts/CIK0001364954.json,2026-10-10T12:46:56.245754+00:00,A_VERIFIER_IDENTITE_ET_PERIODE
0CG.F,0001364954,Revenues,RevenueFromContractWithCustomerExcludingAssessedTax,182853000,USD,2023-04-01,2023-06-30,2024-08-05,10-Q,0001364954-24-000072,2024,Q2,https://data.sec.gov/api/xbrl/companyfacts/CIK0001364954.json,2026-10-10T12:46:56.245766+00:00,A_VERIFIER_IDENTITE_ET_PERIODE
0CG.F,0001364954,Revenues,RevenueFromContractWithCustomerExcludingAssessedTax,528308000,USD,2023-01-01,2023-09-30,2023-10-30,10-Q,0001364954-23-000146,2023,Q3,https://data.sec.gov/api/xbrl/companyfacts/CIK0001364954.json,2026-10-10T12:46:56.245777+00:00,A_VERIFIER_IDENTITE_ET_PERIODE
0CG.F,0001364954,Revenues,RevenueFromContractWithCustomerExcludingAssessedTax,528308000,USD,2023-01-01,2023-09-30,2024-11-12,10-Q,0001364954-24-000085,2024,Q3,https://data.sec.gov/api/xbrl/companyfacts/CIK0001364954.json,2026-10-10T12:46:56.245789+00:00,A_VERIFIER_IDENTITE_ET_PERIODE
0CG.F,0001364954,Revenues,RevenueFromContractWithCustomerExcludingAssessedTax,157854000,USD,2023-07-01,2023-09-30,2023-10-30,10-Q,0001364954-23-000146,2023,Q3,https://data.sec.gov/api/xbrl/companyfacts/CIK0001364954.json,2026-10-10T12:46:56.245800+00:00,A_VERIFIER_IDENTITE_ET_PERIODE
0CG.F,0001364954,Revenues,RevenueFromContractWithCustomerExcludingAssessedTax,157854000,USD,2023-07-01,2023-09-30,2024-11-12,10-Q,0001364954-24-000085,2024,Q3,https://data.sec.gov/api/xbrl/companyfacts/CIK0001364954.json,2026-10-10T12:46:56.245811+00:00,A_VERIFIER_IDENTITE_ET_PERIODE
0CG.F,0001364954,Revenues,RevenueFromContractWithCustomerExcludingAssessedTax,716295000,USD,2023-01-01,2023-12-31,2024-02-20,10-K,0001364954-24-000009,2023,FY,https://data.sec.gov/api/xbrl/companyfacts/CIK0001364954.json,2026-10-10T12:46:56.245823+00:00,A_VERIFIER_IDENTITE_ET_PERIODE
0CG.F,0001364954,Revenues,RevenueFromContractWithCustomerExcludingAssessedTax,716295000,USD,2023-01-01,2023-12-31,2025-02-24,10-K,0001364954-25-000013,2024,FY,https://data.sec.gov/api/xbrl/companyfacts/CIK0001364954.json,2026-10-10T12:46:56.245834+00:00,A_VERIFIER_IDENTITE_ET_PERIODE
0CG.F,0001364954,Revenues,RevenueFromContractWithCustomerExcludingAssessedTax,716295000,USD,2023-01-01,2023-12-31,2026-03-09,10-K,0001364954-26-000021,2025,FY,https://data.sec.gov/api/xbrl/companyfacts/CIK0001364954.json,2026-10-10T12:46:56.245845+00:00,A_VERIFIER_IDENTITE_ET_PERIODE
0CG.F,0001364954,Revenues,RevenueFromContractWithCustomerExcludingAssessedTax,174350000,USD,2024-01-01,2024-03-31,2024-04-29,10-Q,0001364954-24-000042,2024,Q1,https://data.sec.gov/api/xbrl/companyfacts/CIK0001364954.json,2026-10-10T12:46:56.245856+00:00,A_VERIFIER_IDENTITE_ET_PERIODE
0CG.F,0001364954,Revenues,RevenueFromContractWithCustomerExcludingAssessedTax,174350000,USD,2024-01-01,2024-03-31,2025-05-12,10-Q,0001364954-25-000052,2025,Q1,https://data.sec.gov/api/xbrl/companyfacts/CIK0001364954.json,2026-10-10T12:46:56.245867+00:00,A_VERIFIER_IDENTITE_ET_PERIODE
0CG.F,0001364954,Revenues,RevenueFromContractWithCustomerExcludingAssessedTax,337497000,USD,2024-01-01,2024-06-30,2024-08-05,10-Q,0001364954-24-000072,2024,Q2,https://data.sec.gov/api/xbrl/companyfacts/CIK0001364954.json,2026-10-10T12:46:56.245879+00:00,A_VERIFIER_IDENTITE_ET_PERIODE
0CG.F,0001364954,Revenues,RevenueFromContractWithCustomerExcludingAssessedTax,337497000,USD,2024-01-01,2024-06-30,2025-08-08,10-Q,0001364954-25-000096,2025,Q2,https://data.sec.gov/api/xbrl/companyfacts/CIK0001364954.json,2026-10-10T12:46:56.245891+00:00,A_VERIFIER_IDENTITE_ET_PERIODE
0CG.F,0001364954,Revenues,RevenueFromContractWithCustomerExcludingAssessedTax,163147000,USD,2024-04-01,2024-06-30,2024-08-05,10-Q,0001364954-24-000072,2024,Q2,https://data.sec.gov/api/xbrl/companyfacts/CIK0001364954.json,2026-10-10T12:46:56.245902+00:00,A_VERIFIER_IDENTITE_ET_PERIODE
0CG.F,0001364954,Revenues,RevenueFromContractWithCustomerExcludingAssessedTax,163147000,USD,2024-04-01,2024-06-30,2025-08-08,10-Q,0001364954-25-000096,2025,Q2,https://data.sec.gov/api/xbrl/companyfacts/CIK0001364954.json,2026-10-10T12:46:56.245913+00:00,A_VERIFIER_IDENTITE_ET_PERIODE
0CG.F,0001364954,Revenues,RevenueFromContractWithCustomerExcludingAssessedTax,474090000,USD,2024-01-01,2024-09-30,2024-11-12,10-Q,0001364954-24-000085,2024,Q3,https://data.sec.gov/api/xbrl/companyfacts/CIK0001364954.json,2026-10-10T12:46:56.245924+00:00,A_VERIFIER_IDENTITE_ET_PERIODE
0CG.F,0001364954,Revenues,RevenueFromContractWithCustomerExcludingAssessedTax,474090000,USD,2024-01-01,2024-09-30,2025-11-10,10-Q,0001364954-25-000117,2025,Q3,https://data.sec.gov/api/xbrl/companyfacts/CIK0001364954.json,2026-10-10T12:46:56.245936+00:00,A_VERIFIER_IDENTITE_ET_PERIODE
0CG.F,0001364954,Revenues,RevenueFromContractWithCustomerExcludingAssessedTax,136593000,USD,2024-07-01,2024-09-30,2024-11-12,10-Q,0001364954-24-000085,2024,Q3,https://data.sec.gov/api/xbrl/companyfacts/CIK0001364954.json,2026-10-10T12:46:56.245947+00:00,A_VERIFIER_IDENTITE_ET_PERIODE
0CG.F,0001364954,Revenues,RevenueFromContractWithCustomerExcludingAssessedTax,136593000,USD,2024-07-01,2024-09-30,2025-11-10,10-Q,0001364954-25-000117,2025,Q3,https://data.sec.gov/api/xbrl/companyfacts/CIK0001364954.json,2026-10-10T12:46:56.245958+00:00,A_VERIFIER_IDENTITE_ET_PERIODE
0CG.F,0001364954,Revenues,RevenueFromContractWithCustomerExcludingAssessedTax,617574000,USD,2024-01-01,2024-12-31,2025-02-24,10-K,0001364954-25-000013,2024,FY,https://data.sec.gov/api/xbrl/companyfacts/CIK0001364954.json,2026-10-10T12:46:56.245969+00:00,A_VERIFIER_IDENTITE_ET_PERIODE
0CG.F,0001364954,Revenues,RevenueFromContractWithCustomerExcludingAssessedTax,617574000,USD,2024-01-01,2024-12-31,2026-03-09,10-K,0001364954-26-000021,2025,FY,https://data.sec.gov/api/xbrl/companyfacts/CIK0001364954.json,2026-10-10T12:46:56.245980+00:00,A_VERIFIER_IDENTITE_ET_PERIODE
0CG.F,0001364954,Revenues,RevenueFromContractWithCustomerExcludingAssessedTax,121387000,USD,2025-01-01,2025-03-31,2025-05-12,10-Q,0001364954-25-000052,2025,Q1,https://data.sec.gov/api/xbrl/companyfacts/CIK0001364954.json,2026-10-10T12:46:56.245991+00:00,A_VERIFIER_IDENTITE_ET_PERIODE
0CG.F,0001364954,Revenues,RevenueFromContractWithCustomerExcludingAssessedTax,121387000,USD,2025-01-01,2025-03-31,2026-05-11,10-Q,0001364954-26-000048,2026,Q1,https://data.sec.gov/api/xbrl/companyfacts/CIK0001364954.json,2026-10-10T12:46:56.246002+00:00,A_VERIFIER_IDENTITE_ET_PERIODE
0CG.F,0001364954,Revenues,RevenueFromContractWithCustomerExcludingAssessedTax,226507000,USD,2025-01-01,2025-06-30,2025-08-08,10-Q,0001364954-25-000096,2025,Q2,https://data.sec.gov/api/xbrl/companyfacts/CIK0001364954.json,2026-10-10T12:46:56.246013+00:00,A_VERIFIER_IDENTITE_ET_PERIODE
0CG.F,0001364954,Revenues,RevenueFromContractWithCustomerExcludingAssessedTax,226507000,USD,2025-01-01,2025-06-30,2026-08-06,10-Q,0001364954-26-000088,2026,Q2,https://data.sec.gov/api/xbrl/companyfacts/CIK0001364954.json,2026-10-10T12:46:56.246024+00:00,A_VERIFIER_IDENTITE_ET_PERIODE
0CG.F,0001364954,Revenues,RevenueFromContractWithCustomerExcludingAssessedTax,105120000,USD,2025-04-01,2025-06-30,2025-08-08,10-Q,0001364954-25-000096,2025,Q2,https://data.sec.gov/api/xbrl/companyfacts/CIK0001364954.json,2026-10-10T12:46:56.246035+00:00,A_VERIFIER_IDENTITE_ET_PERIODE
0CG.F,0001364954,Revenues,RevenueFromContractWithCustomerExcludingAssessedTax,105120000,USD,2025-04-01,2025-06-30,2026-08-06,10-Q,0001364954-26-000088,2026,Q2,https://data.sec.gov/api/xbrl/companyfacts/CIK0001364954.json,2026-10-10T12:46:56.246046+00:00,A_VERIFIER_IDENTITE_ET_PERIODE
0CG.F,0001364954,Revenues,RevenueFromContractWithCustomerExcludingAssessedTax,304249000,USD,2025-01-01,2025-09-30,2025-11-10,10-Q,0001364954-25-000117,2025,Q3,https://data.sec.gov/api/xbrl/companyfacts/CIK0001364954.json,2026-10-10T12:46:56.246057+00:00,A_VERIFIER_IDENTITE_ET_PERIODE
0CG.F,0001364954,Revenues,RevenueFromContractWithCustomerExcludingAssessedTax,77742000,USD,2025-07-01,2025-09-30,2025-11-10,10-Q,0001364954-25-000117,2025,Q3,https://data.sec.gov/api/xbrl/companyfacts/CIK0001364954.json,2026-10-10T12:46:56.246069+00:00,A_VERIFIER_IDENTITE_ET_PERIODE
0CG.F,0001364954,Revenues,RevenueFromContractWithCustomerExcludingAssessedTax,376908000,USD,2025-01-01,2025-12-31,2026-03-09,10-K,0001364954-26-000021,2025,FY,https://data.sec.gov/api/xbrl/companyfacts/CIK0001364954.json,2026-10-10T12:46:56.246080+00:00,A_VERIFIER_IDENTITE_ET_PERIODE
0CG.F,0001364954,Revenues,RevenueFromContractWithCustomerExcludingAssessedTax,63262000,USD,2026-01-01,2026-03-31,2026-05-11,10-Q,0001364954-26-000048,2026,Q1,https://data.sec.gov/api/xbrl/companyfacts/CIK0001364954.json,2026-10-10T12:46:56.246098+00:00,A_VERIFIER_IDENTITE_ET_PERIODE
0CG.F,0001364954,Revenues,RevenueFromContractWithCustomerExcludingAssessedTax,115111000,USD,2026-01-01,2026-06-30,2026-08-06,10-Q,0001364954-26-000088,2026,Q2,https://data.sec.gov/api/xbrl/companyfacts/CIK0001364954.json,2026-10-10T12:46:56.246110+00:00,A_VERIFIER_IDENTITE_ET_PERIODE
0CG.F,0001364954,Revenues,RevenueFromContractWithCustomerExcludingAssessedTax,51849000,USD,2026-04-01,2026-06-30,2026-08-06,10-Q,0001364954-26-000088,2026,Q2,https://data.sec.gov/api/xbrl/companyfacts/CIK0001364954.json,2026-10-10T12:46:56.246121+00:00,A_VERIFIER_IDENTITE_ET_PERIODE
0CG.F,0001364954,Revenues,SalesRevenueNet,213334000,USD,2012-01-01,2012-12-31,2015-03-06,10-K,0001364954-15-000009,2014,FY,https://data.sec.gov/api/xbrl/companyfacts/CIK0001364954.json,2026-10-10T12:46:56.246134+00:00,A_VERIFIER_IDENTITE_ET_PERIODE
0CG.F,0001364954,Revenues,SalesRevenueNet,61015000,USD,2013-01-01,2013-03-31,2014-05-12,10-Q,0001564590-14-002022,2014,Q1,https://data.sec.gov/api/xbrl/companyfacts/CIK0001364954.json,2026-10-10T12:46:56.246146+00:00,A_VERIFIER_IDENTITE_ET_PERIODE
0CG.F,0001364954,Revenues,SalesRevenueNet,61015000,USD,2013-01-01,2013-03-31,2015-03-06,10-K,0001364954-15-000009,2014,FY,https://data.sec.gov/api/xbrl/companyfacts/CIK0001364954.json,2026-10-10T12:46:56.246157+00:00,A_VERIFIER_IDENTITE_ET_PERIODE
0CG.F,0001364954,Revenues,SalesRevenueNet,116872000,USD,2013-01-01,2013-06-30,2014-08-08,10-Q,0001564590-14-003407,2014,Q2,https://data.sec.gov/api/xbrl/companyfacts/CIK0001364954.json,2026-10-10T12:46:56.246207+00:00,A_VERIFIER_IDENTITE_ET_PERIODE
0CG.F,0001364954,Revenues,SalesRevenueNet,55857000,USD,2013-04-01,2013-06-30,2014-08-08,10-Q,0001564590-14-003407,2014,Q2,https://data.sec.gov/api/xbrl/companyfacts/CIK0001364954.json,2026-10-10T12:46:56.246221+00:00,A_VERIFIER_IDENTITE_ET_PERIODE
0CG.F,0001364954,Revenues,SalesRevenueNet,55857000,USD,2013-04-01,2013-06-30,2015-03-06,10-K,0001364954-15-000009,2014,FY,https://data.sec.gov/api/xbrl/companyfacts/CIK0001364954.json,2026-10-10T12:46:56.246232+00:00,A_VERIFIER_IDENTITE_ET_PERIODE
0CG.F,0001364954,Revenues,SalesRevenueNet,178459000,USD,2013-01-01,2013-09-30,2014-11-07,10-Q,0001564590-14-005296,2014,Q3,https://data.sec.gov/api/xbrl/companyfacts/CIK0001364954.json,2026-10-10T12:46:56.246243+00:00,A_VERIFIER_IDENTITE_ET_PERIODE
0CG.F,0001364954,Revenues,SalesRevenueNet,61587000,USD,2013-07-01,2013-09-30,2014-11-07,10-Q,0001564590-14-005296,2014,Q3,https://data.sec.gov/api/xbrl/companyfacts/CIK0001364954.json,2026-10-10T12:46:56.246255+00:00,A_VERIFIER_IDENTITE_ET_PERIODE
0CG.F,0001364954,Revenues,SalesRevenueNet,61587000,USD,2013-07-01,2013-09-30,2015-03-06,10-K,0001364954-15-000009,2014,FY,https://data.sec.gov/api/xbrl/companyfacts/CIK0001364954.json,2026-10-10T12:46:56.246267+00:00,A_VERIFIER_IDENTITE_ET_PERIODE
0CG.F,0001364954,Revenues,SalesRevenueNet,255575000,USD,2013-01-01,2013-12-31,2015-03-06,10-K,0001364954-15-000009,2014,FY,https://data.sec.gov/api/xbrl/companyfacts/CIK0001364954.json,2026-10-10T12:46:56.246278+00:00,A_VERIFIER_IDENTITE_ET_PERIODE
0CG.F,0001364954,Revenues,SalesRevenueNet,255575000,USD,2013-01-01,2013-12-31,2016-03-04,10-K,0001364954-16-000291,2015,FY,https://data.sec.gov/api/xbrl/companyfacts/CIK0001364954.json,2026-10-10T12:46:56.246290+00:00,A_VERIFIER_IDENTITE_ET_PERIODE
0CG.F,0001364954,Revenues,SalesRevenueNet,77116000,USD,2013-10-01,2013-12-31,2015-03-06,10-K,0001364954-15-000009,2014,FY,https://data.sec.gov/api/xbrl/companyfacts/CIK0001364954.json,2026-10-10T12:46:56.246301+00:00,A_VERIFIER_IDENTITE_ET_PERIODE
0CG.F,0001364954,Revenues,SalesRevenueNet,74393000,USD,2014-01-01,2014-03-31,2014-05-12,10-Q,0001564590-14-002022,2014,Q1,https://data.sec.gov/api/xbrl/companyfacts/CIK0001364954.json,2026-10-10T12:46:56.246313+00:00,A_VERIFIER_IDENTITE_ET_PERIODE
0CG.F,0001364954,Revenues,SalesRevenueNet,74393000,USD,2014-01-01,2014-03-31,2015-03-06,10-K,0001364954-15-000009,2014,FY,https://data.sec.gov/api/xbrl/companyfacts/CIK0001364954.json,2026-10-10T12:46:56.246324+00:00,A_VERIFIER_IDENTITE_ET_PERIODE
0CG.F,0001364954,Revenues,SalesRevenueNet,74393000,USD,2014-01-01,2014-03-31,2015-05-08,10-Q,0001364954-15-000032,2015,Q1,https://data.sec.gov/api/xbrl/companyfacts/CIK0001364954.json,2026-10-10T12:46:56.246335+00:00,A_VERIFIER_IDENTITE_ET_PERIODE
0CG.F,0001364954,Revenues,SalesRevenueNet,74393000,USD,2014-01-01,2014-03-31,2016-03-04,10-K,0001364954-16-000291,2015,FY,https://data.sec.gov/api/xbrl/companyfacts/CIK0001364954.json,2026-10-10T12:46:56.246347+00:00,A_VERIFIER_IDENTITE_ET_PERIODE
0CG.F,0001364954,Revenues,SalesRevenueNet,138885000,USD,2014-01-01,2014-06-30,2014-08-08,10-Q,0001564590-14-003407,2014,Q2,https://data.sec.gov/api/xbrl/companyfacts/CIK0001364954.json,2026-10-10T12:46:56.246359+00:00,A_VERIFIER_IDENTITE_ET_PERIODE
0CG.F,0001364954,Revenues,SalesRevenueNet,138885000,USD,2014-01-01,2014-06-30,2015-08-06,10-Q,0001364954-15-000088,2015,Q2,https://data.sec.gov/api/xbrl/companyfacts/CIK0001364954.json,2026-10-10T12:46:56.246370+00:00,A_VERIFIER_IDENTITE_ET_PERIODE
0CG.F,0001364954,Revenues,SalesRevenueNet,138885000,USD,2014-01-01,2014-06-30,2015-12-21,10-Q,0001364954-15-000198,2015,Q2,https://data.sec.gov/api/xbrl/companyfacts/CIK0001364954.json,2026-10-10T12:46:56.246386+00:00,A_VERIFIER_IDENTITE_ET_PERIODE
0CG.F,0001364954,Revenues,SalesRevenueNet,64492000,USD,2014-04-01,2014-06-30,2014-08-08,10-Q,0001564590-14-003407,2014,Q2,https://data.sec.gov/api/xbrl/companyfacts/CIK0001364954.json,2026-10-10T12:46:56.246397+00:00,A_VERIFIER_IDENTITE_ET_PERIODE
0CG.F,0001364954,Revenues,SalesRevenueNet,64492000,USD,2014-04-01,2014-06-30,2015-03-06,10-K,0001364954-15-000009,2014,FY,https://data.sec.gov/api/xbrl/companyfacts/CIK0001364954.json,2026-10-10T12:46:56.246408+00:00,A_VERIFIER_IDENTITE_ET_PERIODE
0CG.F,0001364954,Revenues,SalesRevenueNet,64492000,USD,2014-04-01,2014-06-30,2015-08-06,10-Q,0001364954-15-000088,2015,Q2,https://data.sec.gov/api/xbrl/companyfacts/CIK0001364954.json,2026-10-10T12:46:56.246420+00:00,A_VERIFIER_IDENTITE_ET_PERIODE
0CG.F,0001364954,Revenues,SalesRevenueNet,64492000,USD,2014-04-01,2014-06-30,2015-12-21,10-Q,0001364954-15-000198,2015,Q2,https://data.sec.gov/api/xbrl/companyfacts/CIK0001364954.json,2026-10-10T12:46:56.246431+00:00,A_VERIFIER_IDENTITE_ET_PERIODE
0CG.F,0001364954,Revenues,SalesRevenueNet,64492000,USD,2014-04-01,2014-06-30,2016-03-04,10-K,0001364954-16-000291,2015,FY,https://data.sec.gov/api/xbrl/companyfacts/CIK0001364954.json,2026-10-10T12:46:56.246443+00:00,A_VERIFIER_IDENTITE_ET_PERIODE
0CG.F,0001364954,Revenues,SalesRevenueNet,220417000,USD,2014-01-01,2014-09-30,2014-11-07,10-Q,0001564590-14-005296,2014,Q3,https://data.sec.gov/api/xbrl/companyfacts/CIK0001364954.json,2026-10-10T12:46:56.246454+00:00,A_VERIFIER_IDENTITE_ET_PERIODE
0CG.F,0001364954,Revenues,SalesRevenueNet,220417000,USD,2014-01-01,2014-09-30,2015-11-05,10-Q,0001364954-15-000150,2015,Q3,https://data.sec.gov/api/xbrl/companyfacts/CIK0001364954.json,2026-10-10T12:46:56.246466+00:00,A_VERIFIER_IDENTITE_ET_PERIODE
0CG.F,0001364954,Revenues,SalesRevenueNet,220417000,USD,2014-01-01,2014-09-30,2015-12-21,10-Q,0001364954-15-000199,2015,Q3,https://data.sec.gov/api/xbrl/companyfacts/CIK0001364954.json,2026-10-10T12:46:56.246477+00:00,A_VERIFIER_IDENTITE_ET_PERIODE
0CG.F,0001364954,Revenues,SalesRevenueNet,81532000,USD,2014-07-01,2014-09-30,2014-11-07,10-Q,0001564590-14-005296,2014,Q3,https://data.sec.gov/api/xbrl/companyfacts/CIK0001364954.json,2026-10-10T12:46:56.246488+00:00,A_VERIFIER_IDENTITE_ET_PERIODE
0CG.F,0001364954,Revenues,SalesRevenueNet,81532000,USD,2014-07-01,2014-09-30,2015-03-06,10-K,0001364954-15-000009,2014,FY,https://data.sec.gov/api/xbrl/companyfacts/CIK0001364954.json,2026-10-10T12:46:56.246501+00:00,A_VERIFIER_IDENTITE_ET_PERIODE
0CG.F,0001364954,Revenues,SalesRevenueNet,81532000,USD,2014-07-01,2014-09-30,2015-11-05,10-Q,0001364954-15-000150,2015,Q3,https://data.sec.gov/api/xbrl/companyfacts/CIK0001364954.json,2026-10-10T12:46:56.246512+00:00,A_VERIFIER_IDENTITE_ET_PERIODE
0CG.F,0001364954,Revenues,SalesRevenueNet,81532000,USD,2014-07-01,2014-09-30,2015-12-21,10-Q,0001364954-15-000199,2015,Q3,https://data.sec.gov/api/xbrl/companyfacts/CIK0001364954.json,2026-10-10T12:46:56.246524+00:00,A_VERIFIER_IDENTITE_ET_PERIODE
0CG.F,0001364954,Revenues,SalesRevenueNet,81532000,USD,2014-07-01,2014-09-30,2016-03-04,10-K,0001364954-16-000291,2015,FY,https://data.sec.gov/api/xbrl/companyfacts/CIK0001364954.json,2026-10-10T12:46:56.246535+00:00,A_VERIFIER_IDENTITE_ET_PERIODE
0CG.F,0001364954,Revenues,SalesRevenueNet,304834000,USD,2014-01-01,2014-12-31,2015-03-06,10-K,0001364954-15-000009,2014,FY,https://data.sec.gov/api/xbrl/companyfacts/CIK0001364954.json,2026-10-10T12:46:56.246546+00:00,A_VERIFIER_IDENTITE_ET_PERIODE
0CG.F,0001364954,Revenues,SalesRevenueNet,304834000,USD,2014-01-01,2014-12-31,2016-03-04,10-K,0001364954-16-000291,2015,FY,https://data.sec.gov/api/xbrl/companyfacts/CIK0001364954.json,2026-10-10T12:46:56.246557+00:00,A_VERIFIER_IDENTITE_ET_PERIODE
0CG.F,0001364954,Revenues,SalesRevenueNet,304834000,USD,2014-01-01,2014-12-31,2017-02-23,10-K,0001364954-17-000031,2016,FY,https://data.sec.gov/api/xbrl/companyfacts/CIK0001364954.json,2026-10-10T12:46:56.246569+00:00,A_VERIFIER_IDENTITE_ET_PERIODE
0CG.F,0001364954,Revenues,SalesRevenueNet,84417000,USD,2014-10-01,2014-12-31,2015-03-06,10-K,0001364954-15-000009,2014,FY,https://data.sec.gov/api/xbrl/companyfacts/CIK0001364954.json,2026-10-10T12:46:56.246580+00:00,A_VERIFIER_IDENTITE_ET_PERIODE
0CG.F,0001364954,Revenues,SalesRevenueNet,84417000,USD,2014-10-01,2014-12-31,2016-03-04,10-K,0001364954-16-000291,2015,FY,https://data.sec.gov/api/xbrl/companyfacts/CIK0001364954.json,2026-10-10T12:46:56.246592+00:00,A_VERIFIER_IDENTITE_ET_PERIODE
0CG.F,0001364954,Revenues,SalesRevenueNet,84872000,USD,2015-01-01,2015-03-31,2015-05-08,10-Q,0001364954-15-000032,2015,Q1,https://data.sec.gov/api/xbrl/companyfacts/CIK0001364954.json,2026-10-10T12:46:56.246603+00:00,A_VERIFIER_IDENTITE_ET_PERIODE
0CG.F,0001364954,Revenues,SalesRevenueNet,84872000,USD,2015-01-01,2015-03-31,2016-03-04,10-K,0001364954-16-000291,2015,FY,https://data.sec.gov/api/xbrl/companyfacts/CIK0001364954.json,2026-10-10T12:46:56.246616+00:00,A_VERIFIER_IDENTITE_ET_PERIODE
0CG.F,0001364954,Revenues,SalesRevenueNet,84872000,USD,2015-01-01,2015-03-31,2016-05-03,10-Q,0001364954-16-000337,2016,Q1,https://data.sec.gov/api/xbrl/companyfacts/CIK0001364954.json,2026-10-10T12:46:56.246627+00:00,A_VERIFIER_IDENTITE_ET_PERIODE
0CG.F,0001364954,Revenues,SalesRevenueNet,84872000,USD,2015-01-01,2015-03-31,2017-02-23,10-K,0001364954-17-000031,2016,FY,https://data.sec.gov/api/xbrl/companyfacts/CIK0001364954.json,2026-10-10T12:46:56.246638+00:00,A_VERIFIER_IDENTITE_ET_PERIODE
0CG.F,0001364954,Revenues,SalesRevenueNet,151933000,USD,2015-01-01,2015-06-30,2015-08-06,10-Q,0001364954-15-000088,2015,Q2,https://data.sec.gov/api/xbrl/companyfacts/CIK0001364954.json,2026-10-10T12:46:56.246649+00:00,A_VERIFIER_IDENTITE_ET_PERIODE
0CG.F,0001364954,Revenues,SalesRevenueNet,151933000,USD,2015-01-01,2015-06-30,2015-12-21,10-Q,0001364954-15-000198,2015,Q2,https://data.sec.gov/api/xbrl/companyfacts/CIK0001364954.json,2026-10-10T12:46:56.246661+00:00,A_VERIFIER_IDENTITE_ET_PERIODE
0CG.F,0001364954,Revenues,SalesRevenueNet,151933000,USD,2015-01-01,2015-06-30,2016-08-03,10-Q,0001364954-16-000398,2016,Q2,https://data.sec.gov/api/xbrl/companyfacts/CIK0001364954.json,2026-10-10T12:46:56.246673+00:00,A_VERIFIER_IDENTITE_ET_PERIODE
0CG.F,0001364954,Revenues,SalesRevenueNet,67061000,USD,2015-04-01,2015-06-30,2015-08-06,10-Q,0001364954-15-000088,2015,Q2,https://data.sec.gov/api/xbrl/companyfacts/CIK0001364954.json,2026-10-10T12:46:56.246684+00:00,A_VERIFIER_IDENTITE_ET_PERIODE
0CG.F,0001364954,Revenues,SalesRevenueNet,67061000,USD,2015-04-01,2015-06-30,2015-12-21,10-Q,0001364954-15-000198,2015,Q2,https://data.sec.gov/api/xbrl/companyfacts/CIK0001364954.json,2026-10-10T12:46:56.246696+00:00,A_VERIFIER_IDENTITE_ET_PERIODE
0CG.F,0001364954,Revenues,SalesRevenueNet,67061000,USD,2015-04-01,2015-06-30,2016-03-04,10-K,0001364954-16-000291,2015,FY,https://data.sec.gov/api/xbrl/companyfacts/CIK0001364954.json,2026-10-10T12:46:56.246707+00:00,A_VERIFIER_IDENTITE_ET_PERIODE
0CG.F,0001364954,Revenues,SalesRevenueNet,67061000,USD,2015-04-01,2015-06-30,2016-08-03,10-Q,0001364954-16-000398,2016,Q2,https://data.sec.gov/api/xbrl/companyfacts/CIK0001364954.json,2026-10-10T12:46:56.246718+00:00,A_VERIFIER_IDENTITE_ET_PERIODE
0CG.F,0001364954,Revenues,SalesRevenueNet,67061000,USD,2015-04-01,2015-06-30,2017-02-23,10-K,0001364954-17-000031,2016,FY,https://data.sec.gov/api/xbrl/companyfacts/CIK0001364954.json,2026-10-10T12:46:56.246731+00:00,A_VERIFIER_IDENTITE_ET_PERIODE
0CG.F,0001364954,Revenues,SalesRevenueNet,233219000,USD,2015-01-01,2015-09-30,2015-11-05,10-Q,0001364954-15-000150,2015,Q3,https://data.sec.gov/api/xbrl/companyfacts/CIK0001364954.json,2026-10-10T12:46:56.246742+00:00,A_VERIFIER_IDENTITE_ET_PERIODE
0CG.F,0001364954,Revenues,SalesRevenueNet,233219000,USD,2015-01-01,2015-09-30,2015-12-21,10-Q,0001364954-15-000199,2015,Q3,https://data.sec.gov/api/xbrl/companyfacts/CIK0001364954.json,2026-10-10T12:46:56.246753+00:00,A_VERIFIER_IDENTITE_ET_PERIODE
0CG.F,0001364954,Revenues,SalesRevenueNet,233219000,USD,2015-01-01,2015-09-30,2016-11-07,10-Q,0001364954-16-000457,2016,Q3,https://data.sec.gov/api/xbrl/companyfacts/CIK0001364954.json,2026-10-10T12:46:56.246765+00:00,A_VERIFIER_IDENTITE_ET_PERIODE
0CG.F,0001364954,Revenues,SalesRevenueNet,81286000,USD,2015-07-01,2015-09-30,2015-11-05,10-Q,0001364954-15-000150,2015,Q3,https://data.sec.gov/api/xbrl/companyfacts/CIK0001364954.json,2026-10-10T12:46:56.246776+00:00,A_VERIFIER_IDENTITE_ET_PERIODE
0CG.F,0001364954,Revenues,SalesRevenueNet,81286000,USD,2015-07-01,2015-09-30,2015-12-21,10-Q,0001364954-15-000199,2015,Q3,https://data.sec.gov/api/xbrl/companyfacts/CIK0001364954.json,2026-10-10T12:46:56.246787+00:00,A_VERIFIER_IDENTITE_ET_PERIODE
0CG.F,0001364954,Revenues,SalesRevenueNet,81286000,USD,2015-07-01,2015-09-30,2016-03-04,10-K,0001364954-16-000291,2015,FY,https://data.sec.gov/api/xbrl/companyfacts/CIK0001364954.json,2026-10-10T12:46:56.246798+00:00,A_VERIFIER_IDENTITE_ET_PERIODE
0CG.F,0001364954,Revenues,SalesRevenueNet,81286000,USD,2015-07-01,2015-09-30,2016-11-07,10-Q,0001364954-16-000457,2016,Q3,https://data.sec.gov/api/xbrl/companyfacts/CIK0001364954.json,2026-10-10T12:46:56.246809+00:00,A_VERIFIER_IDENTITE_ET_PERIODE
0CG.F,0001364954,Revenues,SalesRevenueNet,81286000,USD,2015-07-01,2015-09-30,2017-02-23,10-K,0001364954-17-000031,2016,FY,https://data.sec.gov/api/xbrl/companyfacts/CIK0001364954.json,2026-10-10T12:46:56.246820+00:00,A_VERIFIER_IDENTITE_ET_PERIODE
0CG.F,0001364954,Revenues,SalesRevenueNet,301373000,USD,2015-01-01,2015-12-31,2016-03-04,10-K,0001364954-16-000291,2015,FY,https://data.sec.gov/api/xbrl/companyfacts/CIK0001364954.json,2026-10-10T12:46:56.246831+00:00,A_VERIFIER_IDENTITE_ET_PERIODE
0CG.F,0001364954,Revenues,SalesRevenueNet,301373000,USD,2015-01-01,2015-12-31,2017-02-23,10-K,0001364954-17-000031,2016,FY,https://data.sec.gov/api/xbrl/companyfacts/CIK0001364954.json,2026-10-10T12:46:56.246844+00:00,A_VERIFIER_IDENTITE_ET_PERIODE
0CG.F,0001364954,Revenues,SalesRevenueNet,301373000,USD,2015-01-01,2015-12-31,2018-02-26,10-K,0001364954-18-000039,2017,FY,https://data.sec.gov/api/xbrl/companyfacts/CIK0001364954.json,2026-10-10T12:46:56.246855+00:00,A_VERIFIER_IDENTITE_ET_PERIODE
0CG.F,0001364954,Revenues,SalesRevenueNet,68154000,USD,2015-10-01,2015-12-31,2016-03-04,10-K,0001364954-16-000291,2015,FY,https://data.sec.gov/api/xbrl/companyfacts/CIK0001364954.json,2026-10-10T12:46:56.246866+00:00,A_VERIFIER_IDENTITE_ET_PERIODE
0CG.F,0001364954,Revenues,SalesRevenueNet,68154000,USD,2015-10-01,2015-12-31,2017-02-23,10-K,0001364954-17-000031,2016,FY,https://data.sec.gov/api/xbrl/companyfacts/CIK0001364954.json,2026-10-10T12:46:56.246877+00:00,A_VERIFIER_IDENTITE_ET_PERIODE
0CG.F,0001364954,Revenues,SalesRevenueNet,66654000,USD,2016-01-01,2016-03-31,2016-05-03,10-Q,0001364954-16-000337,2016,Q1,https://data.sec.gov/api/xbrl/companyfacts/CIK0001364954.json,2026-10-10T12:46:56.246888+00:00,A_VERIFIER_IDENTITE_ET_PERIODE
0CG.F,0001364954,Revenues,SalesRevenueNet,66654000,USD,2016-01-01,2016-03-31,2017-02-23,10-K,0001364954-17-000031,2016,FY,https://data.sec.gov/api/xbrl/companyfacts/CIK0001364954.json,2026-10-10T12:46:56.246899+00:00,A_VERIFIER_IDENTITE_ET_PERIODE
0CG.F,0001364954,Revenues,SalesRevenueNet,66654000,USD,2016-01-01,2016-03-31,2017-05-01,10-Q,0001364954-17-000103,2017,Q1,https://data.sec.gov/api/xbrl/companyfacts/CIK0001364954.json,2026-10-10T12:46:56.246911+00:00,A_VERIFIER_IDENTITE_ET_PERIODE
0CG.F,0001364954,Revenues,SalesRevenueNet,66654000,USD,2016-01-01,2016-03-31,2018-02-26,10-K,0001364954-18-000039,2017,FY,https://data.sec.gov/api/xbrl/companyfacts/CIK0001364954.json,2026-10-10T12:46:56.246921+00:00,A_VERIFIER_IDENTITE_ET_PERIODE
0CG.F,0001364954,Revenues,SalesRevenueNet,119690000,USD,2016-01-01,2016-06-30,2016-08-03,10-Q,0001364954-16-000398,2016,Q2,https://data.sec.gov/api/xbrl/companyfacts/CIK0001364954.json,2026-10-10T12:46:56.246933+00:00,A_VERIFIER_IDENTITE_ET_PERIODE
0CG.F,0001364954,Revenues,SalesRevenueNet,119690000,USD,2016-01-01,2016-06-30,2017-07-31,10-Q,0001364954-17-000157,2017,Q2,https://data.sec.gov/api/xbrl/companyfacts/CIK0001364954.json,2026-10-10T12:46:56.246944+00:00,A_VERIFIER_IDENTITE_ET_PERIODE
0CG.F,0001364954,Revenues,SalesRevenueNet,53036000,USD,2016-04-01,2016-06-30,2016-08-03,10-Q,0001364954-16-000398,2016,Q2,https://data.sec.gov/api/xbrl/companyfacts/CIK0001364954.json,2026-10-10T12:46:56.246956+00:00,A_VERIFIER_IDENTITE_ET_PERIODE
0CG.F,0001364954,Revenues,SalesRevenueNet,53036000,USD,2016-04-01,2016-06-30,2017-02-23,10-K,0001364954-17-000031,2016,FY,https://data.sec.gov/api/xbrl/companyfacts/CIK0001364954.json,2026-10-10T12:46:56.246968+00:00,A_VERIFIER_IDENTITE_ET_PERIODE
0CG.F,0001364954,Revenues,SalesRevenueNet,53036000,USD,2016-04-01,2016-06-30,2017-07-31,10-Q,0001364954-17-000157,2017,Q2,https://data.sec.gov/api/xbrl/companyfacts/CIK0001364954.json,2026-10-10T12:46:56.246978+00:00,A_VERIFIER_IDENTITE_ET_PERIODE
0CG.F,0001364954,Revenues,SalesRevenueNet,53036000,USD,2016-04-01,2016-06-30,2018-02-26,10-K,0001364954-18-000039,2017,FY,https://data.sec.gov/api/xbrl/companyfacts/CIK0001364954.json,2026-10-10T12:46:56.246990+00:00,A_VERIFIER_IDENTITE_ET_PERIODE
0CG.F,0001364954,Revenues,SalesRevenueNet,191033000,USD,2016-01-01,2016-09-30,2016-11-07,10-Q,0001364954-16-000457,2016,Q3,https://data.sec.gov/api/xbrl/companyfacts/CIK0001364954.json,2026-10-10T12:46:56.247001+00:00,A_VERIFIER_IDENTITE_ET_PERIODE
0CG.F,0001364954,Revenues,SalesRevenueNet,191033000,USD,2016-01-01,2016-09-30,2017-10-30,10-Q,0001364954-17-000188,2017,Q3,https://data.sec.gov/api/xbrl/companyfacts/CIK0001364954.json,2026-10-10T12:46:56.247013+00:00,A_VERIFIER_IDENTITE_ET_PERIODE
0CG.F,0001364954,Revenues,SalesRevenueNet,71343000,USD,2016-07-01,2016-09-30,2016-11-07,10-Q,0001364954-16-000457,2016,Q3,https://data.sec.gov/api/xbrl/companyfacts/CIK0001364954.json,2026-10-10T12:46:56.247025+00:00,A_VERIFIER_IDENTITE_ET_PERIODE
0CG.F,0001364954,Revenues,SalesRevenueNet,71343000,USD,2016-07-01,2016-09-30,2017-02-23,10-K,0001364954-17-000031,2016,FY,https://data.sec.gov/api/xbrl/companyfacts/CIK0001364954.json,2026-10-10T12:46:56.247037+00:00,A_VERIFIER_IDENTITE_ET_PERIODE
0CG.F,0001364954,Revenues,SalesRevenueNet,71343000,USD,2016-07-01,2016-09-30,2017-10-30,10-Q,0001364954-17-000188,2017,Q3,https://data.sec.gov/api/xbrl/companyfacts/CIK0001364954.json,2026-10-10T12:46:56.247049+00:00,A_VERIFIER_IDENTITE_ET_PERIODE
0CG.F,0001364954,Revenues,SalesRevenueNet,71343000,USD,2016-07-01,2016-09-30,2018-02-26,10-K,0001364954-18-000039,2017,FY,https://data.sec.gov/api/xbrl/companyfacts/CIK0001364954.json,2026-10-10T12:46:56.247060+00:00,A_VERIFIER_IDENTITE_ET_PERIODE
0CG.F,0001364954,Revenues,SalesRevenueNet,254090000,USD,2016-01-01,2016-12-31,2017-02-23,10-K,0001364954-17-000031,2016,FY,https://data.sec.gov/api/xbrl/companyfacts/CIK0001364954.json,2026-10-10T12:46:56.247072+00:00,A_VERIFIER_IDENTITE_ET_PERIODE
0CG.F,0001364954,Revenues,SalesRevenueNet,254090000,USD,2016-01-01,2016-12-31,2018-02-26,10-K,0001364954-18-000039,2017,FY,https://data.sec.gov/api/xbrl/companyfacts/CIK0001364954.json,2026-10-10T12:46:56.247083+00:00,A_VERIFIER_IDENTITE_ET_PERIODE
0CG.F,0001364954,Revenues,SalesRevenueNet,63057000,USD,2016-10-01,2016-12-31,2017-02-23,10-K,0001364954-17-000031,2016,FY,https://data.sec.gov/api/xbrl/companyfacts/CIK0001364954.json,2026-10-10T12:46:56.247094+00:00,A_VERIFIER_IDENTITE_ET_PERIODE
0CG.F,0001364954,Revenues,SalesRevenueNet,63057000,USD,2016-10-01,2016-12-31,2018-02-26,10-K,0001364954-18-000039,2017,FY,https://data.sec.gov/api/xbrl/companyfacts/CIK0001364954.json,2026-10-10T12:46:56.247105+00:00,A_VERIFIER_IDENTITE_ET_PERIODE
0CG.F,0001364954,Revenues,SalesRevenueNet,62602000,USD,2017-01-01,2017-03-31,2017-05-01,10-Q,0001364954-17-000103,2017,Q1,https://data.sec.gov/api/xbrl/companyfacts/CIK0001364954.json,2026-10-10T12:46:56.247119+00:00,A_VERIFIER_IDENTITE_ET_PERIODE
0CG.F,0001364954,Revenues,SalesRevenueNet,62602000,USD,2017-01-01,2017-03-31,2018-02-26,10-K,0001364954-18-000039,2017,FY,https://data.sec.gov/api/xbrl/companyfacts/CIK0001364954.json,2026-10-10T12:46:56.247130+00:00,A_VERIFIER_IDENTITE_ET_PERIODE
0CG.F,0001364954,Revenues,SalesRevenueNet,62602000,USD,2017-01-01,2017-03-31,2018-04-26,10-Q,0001364954-18-000113,2018,Q1,https://data.sec.gov/api/xbrl/companyfacts/CIK0001364954.json,2026-10-10T12:46:56.247141+00:00,A_VERIFIER_IDENTITE_ET_PERIODE
0CG.F,0001364954,Revenues,SalesRevenueNet,118919000,USD,2017-01-01,2017-06-30,2017-07-31,10-Q,0001364954-17-000157,2017,Q2,https://data.sec.gov/api/xbrl/companyfacts/CIK0001364954.json,2026-10-10T12:46:56.247153+00:00,A_VERIFIER_IDENTITE_ET_PERIODE
0CG.F,0001364954,Revenues,SalesRevenueNet,118919000,USD,2017-01-01,2017-06-30,2018-07-30,10-Q,0001364954-18-000170,2018,Q2,https://data.sec.gov/api/xbrl/companyfacts/CIK0001364954.json,2026-10-10T12:46:56.247175+00:00,A_VERIFIER_IDENTITE_ET_PERIODE
0CG.F,0001364954,Revenues,SalesRevenueNet,56317000,USD,2017-04-01,2017-06-30,2017-07-31,10-Q,0001364954-17-000157,2017,Q2,https://data.sec.gov/api/xbrl/companyfacts/CIK0001364954.json,2026-10-10T12:46:56.247188+00:00,A_VERIFIER_IDENTITE_ET_PERIODE
0CG.F,0001364954,Revenues,SalesRevenueNet,56317000,USD,2017-04-01,2017-06-30,2018-02-26,10-K,0001364954-18-000039,2017,FY,https://data.sec.gov/api/xbrl/companyfacts/CIK0001364954.json,2026-10-10T12:46:56.247204+00:00,A_VERIFIER_IDENTITE_ET_PERIODE
0CG.F,0001364954,Revenues,SalesRevenueNet,56317000,USD,2017-04-01,2017-06-30,2018-07-30,10-Q,0001364954-18-000170,2018,Q2,https://data.sec.gov/api/xbrl/companyfacts/CIK0001364954.json,2026-10-10T12:46:56.247215+00:00,A_VERIFIER_IDENTITE_ET_PERIODE
0CG.F,0001364954,Revenues,SalesRevenueNet,181559000,USD,2017-01-01,2017-09-30,2017-10-30,10-Q,0001364954-17-000188,2017,Q3,https://data.sec.gov/api/xbrl/companyfacts/CIK0001364954.json,2026-10-10T12:46:56.247227+00:00,A_VERIFIER_IDENTITE_ET_PERIODE
0CG.F,0001364954,Revenues,SalesRevenueNet,62640000,USD,2017-07-01,2017-09-30,2017-10-30,10-Q,0001364954-17-000188,2017,Q3,https://data.sec.gov/api/xbrl/companyfacts/CIK0001364954.json,2026-10-10T12:46:56.247238+00:00,A_VERIFIER_IDENTITE_ET_PERIODE
0CG.F,0001364954,Revenues,SalesRevenueNet,62640000,USD,2017-07-01,2017-09-30,2018-02-26,10-K,0001364954-18-000039,2017,FY,https://data.sec.gov/api/xbrl/companyfacts/CIK0001364954.json,2026-10-10T12:46:56.247250+00:00,A_VERIFIER_IDENTITE_ET_PERIODE
0CG.F,0001364954,Revenues,SalesRevenueNet,255066000,USD,2017-01-01,2017-12-31,2018-02-26,10-K,0001364954-18-000039,2017,FY,https://data.sec.gov/api/xbrl/companyfacts/CIK0001364954.json,2026-10-10T12:46:56.247261+00:00,A_VERIFIER_IDENTITE_ET_PERIODE
0CG.F,0001364954,Revenues,SalesRevenueNet,73507000,USD,2017-10-01,2017-12-31,2018-02-26,10-K,0001364954-18-000039,2017,FY,https://data.sec.gov/api/xbrl/companyfacts/CIK0001364954.json,2026-10-10T12:46:56.247272+00:00,A_VERIFIER_IDENTITE_ET_PERIODE
0CG.F,0001364954,Revenues,SalesRevenueNet,76949000,USD,2018-01-01,2018-03-31,2018-04-26,10-Q,0001364954-18-000113,2018,Q1,https://data.sec.gov/api/xbrl/companyfacts/CIK0001364954.json,2026-10-10T12:46:56.247284+00:00,A_VERIFIER_IDENTITE_ET_PERIODE
0CG.F,0001364954,Revenues,SalesRevenueNet,151171000,USD,2018-01-01,2018-06-30,2018-07-30,10-Q,0001364954-18-000170,2018,Q2,https://data.sec.gov/api/xbrl/companyfacts/CIK0001364954.json,2026-10-10T12:46:56.247295+00:00,A_VERIFIER_IDENTITE_ET_PERIODE
0CG.F,0001364954,Revenues,SalesRevenueNet,74222000,USD,2018-04-01,2018-06-30,2018-07-30,10-Q,0001364954-18-000170,2018,Q2,https://data.sec.gov/api/xbrl/companyfacts/CIK0001364954.json,2026-10-10T12:46:56.247306+00:00,A_VERIFIER_IDENTITE_ET_PERIODE
0CG.F,0001364954,Cash,CashAndCashEquivalentsAtCarryingValue,34607000,USD,,2011-12-31,2015-03-06,10-K,0001364954-15-000009,2014,FY,https://data.sec.gov/api/xbrl/companyfacts/CIK0001364954.json,2026-10-10T12:46:56.247323+00:00,A_VERIFIER_IDENTITE_ET_PERIODE
0CG.F,0001364954,Cash,CashAndCashEquivalentsAtCarryingValue,21030000,USD,,2012-12-31,2014-05-12,10-Q,0001564590-14-002022,2014,Q1,https://data.sec.gov/api/xbrl/companyfacts/CIK0001364954.json,2026-10-10T12:46:56.247334+00:00,A_VERIFIER_IDENTITE_ET_PERIODE
0CG.F,0001364954,Cash,CashAndCashEquivalentsAtCarryingValue,21030000,USD,,2012-12-31,2014-08-08,10-Q,0001564590-14-003407,2014,Q2,https://data.sec.gov/api/xbrl/companyfacts/CIK0001364954.json,2026-10-10T12:46:56.247346+00:00,A_VERIFIER_IDENTITE_ET_PERIODE
0CG.F,0001364954,Cash,CashAndCashEquivalentsAtCarryingValue,21030000,USD,,2012-12-31,2014-11-07,10-Q,0001564590-14-005296,2014,Q3,https://data.sec.gov/api/xbrl/companyfacts/CIK0001364954.json,2026-10-10T12:46:56.247358+00:00,A_VERIFIER_IDENTITE_ET_PERIODE
0CG.F,0001364954,Cash,CashAndCashEquivalentsAtCarryingValue,21030000,USD,,2012-12-31,2015-03-06,10-K,0001364954-15-000009,2014,FY,https://data.sec.gov/api/xbrl/companyfacts/CIK0001364954.json,2026-10-10T12:46:56.247369+00:00,A_VERIFIER_IDENTITE_ET_PERIODE
0CG.F,0001364954,Cash,CashAndCashEquivalentsAtCarryingValue,21030000,USD,,2012-12-31,2016-03-04,10-K,0001364954-16-000291,2015,FY,https://data.sec.gov/api/xbrl/companyfacts/CIK0001364954.json,2026-10-10T12:46:56.247380+00:00,A_VERIFIER_IDENTITE_ET_PERIODE
0CG.F,0001364954,Cash,CashAndCashEquivalentsAtCarryingValue,30294000,USD,,2013-03-31,2014-05-12,10-Q,0001564590-14-002022,2014,Q1,https://data.sec.gov/api/xbrl/companyfacts/CIK0001364954.json,2026-10-10T12:46:56.247392+00:00,A_VERIFIER_IDENTITE_ET_PERIODE
0CG.F,0001364954,Cash,CashAndCashEquivalentsAtCarryingValue,21639000,USD,,2013-06-30,2014-08-08,10-Q,0001564590-14-003407,2014,Q2,https://data.sec.gov/api/xbrl/companyfacts/CIK0001364954.json,2026-10-10T12:46:56.247403+00:00,A_VERIFIER_IDENTITE_ET_PERIODE
0CG.F,0001364954,Cash,CashAndCashEquivalentsAtCarryingValue,15927000,USD,,2013-09-30,2014-11-07,10-Q,0001564590-14-005296,2014,Q3,https://data.sec.gov/api/xbrl/companyfacts/CIK0001364954.json,2026-10-10T12:46:56.247414+00:00,A_VERIFIER_IDENTITE_ET_PERIODE
0CG.F,0001364954,Cash,CashAndCashEquivalentsAtCarryingValue,76864000,USD,,2013-12-31,2014-05-12,10-Q,0001564590-14-002022,2014,Q1,https://data.sec.gov/api/xbrl/companyfacts/CIK0001364954.json,2026-10-10T12:46:56.247425+00:00,A_VERIFIER_IDENTITE_ET_PERIODE
0CG.F,0001364954,Cash,CashAndCashEquivalentsAtCarryingValue,76864000,USD,,2013-12-31,2014-08-08,10-Q,0001564590-14-003407,2014,Q2,https://data.sec.gov/api/xbrl/companyfacts/CIK0001364954.json,2026-10-10T12:46:56.247438+00:00,A_VERIFIER_IDENTITE_ET_PERIODE
0CG.F,0001364954,Cash,CashAndCashEquivalentsAtCarryingValue,76864000,USD,,2013-12-31,2014-11-07,10-Q,0001564590-14-005296,2014,Q3,https://data.sec.gov/api/xbrl/companyfacts/CIK0001364954.json,2026-10-10T12:46:56.247449+00:00,A_VERIFIER_IDENTITE_ET_PERIODE
0CG.F,0001364954,Cash,CashAndCashEquivalentsAtCarryingValue,76864000,USD,,2013-12-31,2015-03-06,10-K,0001364954-15-000009,2014,FY,https://data.sec.gov/api/xbrl/companyfacts/CIK0001364954.json,2026-10-10T12:46:56.247461+00:00,A_VERIFIER_IDENTITE_ET_PERIODE
0CG.F,0001364954,Cash,CashAndCashEquivalentsAtCarryingValue,76864000,USD,,2013-12-31,2015-05-08,10-Q,0001364954-15-000032,2015,Q1,https://data.sec.gov/api/xbrl/companyfacts/CIK0001364954.json,2026-10-10T12:46:56.247473+00:00,A_VERIFIER_IDENTITE_ET_PERIODE
0CG.F,0001364954,Cash,CashAndCashEquivalentsAtCarryingValue,76864000,USD,,2013-12-31,2015-08-06,10-Q,0001364954-15-000088,2015,Q2,https://data.sec.gov/api/xbrl/companyfacts/CIK0001364954.json,2026-10-10T12:46:56.247483+00:00,A_VERIFIER_IDENTITE_ET_PERIODE
0CG.F,0001364954,Cash,CashAndCashEquivalentsAtCarryingValue,76864000,USD,,2013-12-31,2015-11-05,10-Q,0001364954-15-000150,2015,Q3,https://data.sec.gov/api/xbrl/companyfacts/CIK0001364954.json,2026-10-10T12:46:56.247495+00:00,A_VERIFIER_IDENTITE_ET_PERIODE
0CG.F,0001364954,Cash,CashAndCashEquivalentsAtCarryingValue,76864000,USD,,2013-12-31,2015-12-21,10-Q,0001364954-15-000198,2015,Q2,https://data.sec.gov/api/xbrl/companyfacts/CIK0001364954.json,2026-10-10T12:46:56.247506+00:00,A_VERIFIER_IDENTITE_ET_PERIODE
0CG.F,0001364954,Cash,CashAndCashEquivalentsAtCarryingValue,76864000,USD,,2013-12-31,2015-12-21,10-Q,0001364954-15-000199,2015,Q3,https://data.sec.gov/api/xbrl/companyfacts/CIK0001364954.json,2026-10-10T12:46:56.247517+00:00,A_VERIFIER_IDENTITE_ET_PERIODE
0CG.F,0001364954,Cash,CashAndCashEquivalentsAtCarryingValue,76864000,USD,,2013-12-31,2016-03-04,10-K,0001364954-16-000291,2015,FY,https://data.sec.gov/api/xbrl/companyfacts/CIK0001364954.json,2026-10-10T12:46:56.247528+00:00,A_VERIFIER_IDENTITE_ET_PERIODE
0CG.F,0001364954,Cash,CashAndCashEquivalentsAtCarryingValue,76864000,USD,,2013-12-31,2017-02-23,10-K,0001364954-17-000031,2016,FY,https://data.sec.gov/api/xbrl/companyfacts/CIK0001364954.json,2026-10-10T12:46:56.247539+00:00,A_VERIFIER_IDENTITE_ET_PERIODE
0CG.F,0001364954,Cash,CashAndCashEquivalentsAtCarryingValue,39440000,USD,,2014-03-31,2014-05-12,10-Q,0001564590-14-002022,2014,Q1,https://data.sec.gov/api/xbrl/companyfacts/CIK0001364954.json,2026-10-10T12:46:56.247552+00:00,A_VERIFIER_IDENTITE_ET_PERIODE
0CG.F,0001364954,Cash,CashAndCashEquivalentsAtCarryingValue,39440000,USD,,2014-03-31,2015-05-08,10-Q,0001364954-15-000032,2015,Q1,https://data.sec.gov/api/xbrl/companyfacts/CIK0001364954.json,2026-10-10T12:46:56.247564+00:00,A_VERIFIER_IDENTITE_ET_PERIODE
0CG.F,0001364954,Cash,CashAndCashEquivalentsAtCarryingValue,30783000,USD,,2014-06-30,2014-08-08,10-Q,0001564590-14-003407,2014,Q2,https://data.sec.gov/api/xbrl/companyfacts/CIK0001364954.json,2026-10-10T12:46:56.247575+00:00,A_VERIFIER_IDENTITE_ET_PERIODE
0CG.F,0001364954,Cash,CashAndCashEquivalentsAtCarryingValue,30783000,USD,,2014-06-30,2015-08-06,10-Q,0001364954-15-000088,2015,Q2,https://data.sec.gov/api/xbrl/companyfacts/CIK0001364954.json,2026-10-10T12:46:56.247587+00:00,A_VERIFIER_IDENTITE_ET_PERIODE
0CG.F,0001364954,Cash,CashAndCashEquivalentsAtCarryingValue,30783000,USD,,2014-06-30,2015-12-21,10-Q,0001364954-15-000198,2015,Q2,https://data.sec.gov/api/xbrl/companyfacts/CIK0001364954.json,2026-10-10T12:46:56.247598+00:00,A_VERIFIER_IDENTITE_ET_PERIODE
0CG.F,0001364954,Cash,CashAndCashEquivalentsAtCarryingValue,53186000,USD,,2014-09-30,2014-11-07,10-Q,0001564590-14-005296,2014,Q3,https://data.sec.gov/api/xbrl/companyfacts/CIK0001364954.json,2026-10-10T12:46:56.247609+00:00,A_VERIFIER_IDENTITE_ET_PERIODE
0CG.F,0001364954,Cash,CashAndCashEquivalentsAtCarryingValue,53186000,USD,,2014-09-30,2015-11-05,10-Q,0001364954-15-000150,2015,Q3,https://data.sec.gov/api/xbrl/companyfacts/CIK0001364954.json,2026-10-10T12:46:56.247620+00:00,A_VERIFIER_IDENTITE_ET_PERIODE
0CG.F,0001364954,Cash,CashAndCashEquivalentsAtCarryingValue,53186000,USD,,2014-09-30,2015-12-21,10-Q,0001364954-15-000199,2015,Q3,https://data.sec.gov/api/xbrl/companyfacts/CIK0001364954.json,2026-10-10T12:46:56.247631+00:00,A_VERIFIER_IDENTITE_ET_PERIODE
0CG.F,0001364954,Cash,CashAndCashEquivalentsAtCarryingValue,56117000,USD,,2014-12-31,2015-03-06,10-K,0001364954-15-000009,2014,FY,https://data.sec.gov/api/xbrl/companyfacts/CIK0001364954.json,2026-10-10T12:46:56.247643+00:00,A_VERIFIER_IDENTITE_ET_PERIODE
0CG.F,0001364954,Cash,CashAndCashEquivalentsAtCarryingValue,56117000,USD,,2014-12-31,2015-05-08,10-Q,0001364954-15-000032,2015,Q1,https://data.sec.gov/api/xbrl/companyfacts/CIK0001364954.json,2026-10-10T12:46:56.247654+00:00,A_VERIFIER_IDENTITE_ET_PERIODE
0CG.F,0001364954,Cash,CashAndCashEquivalentsAtCarryingValue,56117000,USD,,2014-12-31,2015-08-06,10-Q,0001364954-15-000088,2015,Q2,https://data.sec.gov/api/xbrl/companyfacts/CIK0001364954.json,2026-10-10T12:46:56.247667+00:00,A_VERIFIER_IDENTITE_ET_PERIODE
0CG.F,0001364954,Cash,CashAndCashEquivalentsAtCarryingValue,56117000,USD,,2014-12-31,2015-11-05,10-Q,0001364954-15-000150,2015,Q3,https://data.sec.gov/api/xbrl/companyfacts/CIK0001364954.json,2026-10-10T12:46:56.247678+00:00,A_VERIFIER_IDENTITE_ET_PERIODE
0CG.F,0001364954,Cash,CashAndCashEquivalentsAtCarryingValue,56117000,USD,,2014-12-31,2015-12-21,10-Q,0001364954-15-000198,2015,Q2,https://data.sec.gov/api/xbrl/companyfacts/CIK0001364954.json,2026-10-10T12:46:56.247690+00:00,A_VERIFIER_IDENTITE_ET_PERIODE
0CG.F,0001364954,Cash,CashAndCashEquivalentsAtCarryingValue,56117000,USD,,2014-12-31,2015-12-21,10-Q,0001364954-15-000199,2015,Q3,https://data.sec.gov/api/xbrl/companyfacts/CIK0001364954.json,2026-10-10T12:46:56.247701+00:00,A_VERIFIER_IDENTITE_ET_PERIODE
0CG.F,0001364954,Cash,CashAndCashEquivalentsAtCarryingValue,56117000,USD,,2014-12-31,2016-03-04,10-K,0001364954-16-000291,2015,FY,https://data.sec.gov/api/xbrl/companyfacts/CIK0001364954.json,2026-10-10T12:46:56.247712+00:00,A_VERIFIER_IDENTITE_ET_PERIODE
0CG.F,0001364954,Cash,CashAndCashEquivalentsAtCarryingValue,56117000,USD,,2014-12-31,2016-05-03,10-Q,0001364954-16-000337,2016,Q1,https://data.sec.gov/api/xbrl/companyfacts/CIK0001364954.json,2026-10-10T12:46:56.247722+00:00,A_VERIFIER_IDENTITE_ET_PERIODE
0CG.F,0001364954,Cash,CashAndCashEquivalentsAtCarryingValue,56117000,USD,,2014-12-31,2016-08-03,10-Q,0001364954-16-000398,2016,Q2,https://data.sec.gov/api/xbrl/companyfacts/CIK0001364954.json,2026-10-10T12:46:56.247734+00:00,A_VERIFIER_IDENTITE_ET_PERIODE
0CG.F,0001364954,Cash,CashAndCashEquivalentsAtCarryingValue,56117000,USD,,2014-12-31,2016-11-07,10-Q,0001364954-16-000457,2016,Q3,https://data.sec.gov/api/xbrl/companyfacts/CIK0001364954.json,2026-10-10T12:46:56.247745+00:00,A_VERIFIER_IDENTITE_ET_PERIODE
0CG.F,0001364954,Cash,CashAndCashEquivalentsAtCarryingValue,56117000,USD,,2014-12-31,2017-02-23,10-K,0001364954-17-000031,2016,FY,https://data.sec.gov/api/xbrl/companyfacts/CIK0001364954.json,2026-10-10T12:46:56.247757+00:00,A_VERIFIER_IDENTITE_ET_PERIODE
0CG.F,0001364954,Cash,CashAndCashEquivalentsAtCarryingValue,56117000,USD,,2014-12-31,2018-02-26,10-K,0001364954-18-000039,2017,FY,https://data.sec.gov/api/xbrl/companyfacts/CIK0001364954.json,2026-10-10T12:46:56.247769+00:00,A_VERIFIER_IDENTITE_ET_PERIODE
0CG.F,0001364954,Cash,CashAndCashEquivalentsAtCarryingValue,50028000,USD,,2015-03-31,2015-05-08,10-Q,0001364954-15-000032,2015,Q1,https://data.sec.gov/api/xbrl/companyfacts/CIK0001364954.json,2026-10-10T12:46:56.247782+00:00,A_VERIFIER_IDENTITE_ET_PERIODE
0CG.F,0001364954,Cash,CashAndCashEquivalentsAtCarryingValue,50028000,USD,,2015-03-31,2016-05-03,10-Q,0001364954-16-000337,2016,Q1,https://data.sec.gov/api/xbrl/companyfacts/CIK0001364954.json,2026-10-10T12:46:56.247793+00:00,A_VERIFIER_IDENTITE_ET_PERIODE
0CG.F,0001364954,Cash,CashAndCashEquivalentsAtCarryingValue,35087000,USD,,2015-06-30,2015-08-06,10-Q,0001364954-15-000088,2015,Q2,https://data.sec.gov/api/xbrl/companyfacts/CIK0001364954.json,2026-10-10T12:46:56.247805+00:00,A_VERIFIER_IDENTITE_ET_PERIODE
0CG.F,0001364954,Cash,CashAndCashEquivalentsAtCarryingValue,35087000,USD,,2015-06-30,2015-12-21,10-Q,0001364954-15-000198,2015,Q2,https://data.sec.gov/api/xbrl/companyfacts/CIK0001364954.json,2026-10-10T12:46:56.247816+00:00,A_VERIFIER_IDENTITE_ET_PERIODE
0CG.F,0001364954,Cash,CashAndCashEquivalentsAtCarryingValue,35087000,USD,,2015-06-30,2016-08-03,10-Q,0001364954-16-000398,2016,Q2,https://data.sec.gov/api/xbrl/companyfacts/CIK0001364954.json,2026-10-10T12:46:56.247827+00:00,A_VERIFIER_IDENTITE_ET_PERIODE
0CG.F,0001364954,Cash,CashAndCashEquivalentsAtCarryingValue,80941000,USD,,2015-09-30,2015-11-05,10-Q,0001364954-15-000150,2015,Q3,https://data.sec.gov/api/xbrl/companyfacts/CIK0001364954.json,2026-10-10T12:46:56.247838+00:00,A_VERIFIER_IDENTITE_ET_PERIODE
0CG.F,0001364954,Cash,CashAndCashEquivalentsAtCarryingValue,80941000,USD,,2015-09-30,2015-12-21,10-Q,0001364954-15-000199,2015,Q3,https://data.sec.gov/api/xbrl/companyfacts/CIK0001364954.json,2026-10-10T12:46:56.247849+00:00,A_VERIFIER_IDENTITE_ET_PERIODE
0CG.F,0001364954,Cash,CashAndCashEquivalentsAtCarryingValue,80941000,USD,,2015-09-30,2016-11-07,10-Q,0001364954-16-000457,2016,Q3,https://data.sec.gov/api/xbrl/companyfacts/CIK0001364954.json,2026-10-10T12:46:56.247861+00:00,A_VERIFIER_IDENTITE_ET_PERIODE
0CG.F,0001364954,Cash,CashAndCashEquivalentsAtCarryingValue,67029000,USD,,2015-12-31,2016-03-04,10-K,0001364954-16-000291,2015,FY,https://data.sec.gov/api/xbrl/companyfacts/CIK0001364954.json,2026-10-10T12:46:56.247872+00:00,A_VERIFIER_IDENTITE_ET_PERIODE
0CG.F,0001364954,Cash,CashAndCashEquivalentsAtCarryingValue,67029000,USD,,2015-12-31,2016-05-03,10-Q,0001364954-16-000337,2016,Q1,https://data.sec.gov/api/xbrl/companyfacts/CIK0001364954.json,2026-10-10T12:46:56.247883+00:00,A_VERIFIER_IDENTITE_ET_PERIODE
0CG.F,0001364954,Cash,CashAndCashEquivalentsAtCarryingValue,67029000,USD,,2015-12-31,2016-08-03,10-Q,0001364954-16-000398,2016,Q2,https://data.sec.gov/api/xbrl/companyfacts/CIK0001364954.json,2026-10-10T12:46:56.247895+00:00,A_VERIFIER_IDENTITE_ET_PERIODE
0CG.F,0001364954,Cash,CashAndCashEquivalentsAtCarryingValue,67029000,USD,,2015-12-31,2016-11-07,10-Q,0001364954-16-000457,2016,Q3,https://data.sec.gov/api/xbrl/companyfacts/CIK0001364954.json,2026-10-10T12:46:56.247906+00:00,A_VERIFIER_IDENTITE_ET_PERIODE
0CG.F,0001364954,Cash,CashAndCashEquivalentsAtCarryingValue,67029000,USD,,2015-12-31,2017-02-23,10-K,0001364954-17-000031,2016,FY,https://data.sec.gov/api/xbrl/companyfacts/CIK0001364954.json,2026-10-10T12:46:56.247918+00:00,A_VERIFIER_IDENTITE_ET_PERIODE
0CG.F,0001364954,Cash,CashAndCashEquivalentsAtCarryingValue,67029000,USD,,2015-12-31,2017-05-01,10-Q,0001364954-17-000103,2017,Q1,https://data.sec.gov/api/xbrl/companyfacts/CIK0001364954.json,2026-10-10T12:46:56.247929+00:00,A_VERIFIER_IDENTITE_ET_PERIODE
0CG.F,0001364954,Cash,CashAndCashEquivalentsAtCarryingValue,67029000,USD,,2015-12-31,2017-07-31,10-Q,0001364954-17-000157,2017,Q2,https://data.sec.gov/api/xbrl/companyfacts/CIK0001364954.json,2026-10-10T12:46:56.247940+00:00,A_VERIFIER_IDENTITE_ET_PERIODE
0CG.F,0001364954,Cash,CashAndCashEquivalentsAtCarryingValue,67029000,USD,,2015-12-31,2017-10-30,10-Q,0001364954-17-000188,2017,Q3,https://data.sec.gov/api/xbrl/companyfacts/CIK0001364954.json,2026-10-10T12:46:56.247952+00:00,A_VERIFIER_IDENTITE_ET_PERIODE
0CG.F,0001364954,Cash,CashAndCashEquivalentsAtCarryingValue,67029000,USD,,2015-12-31,2018-02-26,10-K,0001364954-18-000039,2017,FY,https://data.sec.gov/api/xbrl/companyfacts/CIK0001364954.json,2026-10-10T12:46:56.247963+00:00,A_VERIFIER_IDENTITE_ET_PERIODE
0CG.F,0001364954,Cash,CashAndCashEquivalentsAtCarryingValue,41504000,USD,,2016-03-31,2016-05-03,10-Q,0001364954-16-000337,2016,Q1,https://data.sec.gov/api/xbrl/companyfacts/CIK0001364954.json,2026-10-10T12:46:56.247975+00:00,A_VERIFIER_IDENTITE_ET_PERIODE
0CG.F,0001364954,Cash,CashAndCashEquivalentsAtCarryingValue,41504000,USD,,2016-03-31,2017-05-01,10-Q,0001364954-17-000103,2017,Q1,https://data.sec.gov/api/xbrl/companyfacts/CIK0001364954.json,2026-10-10T12:46:56.247986+00:00,A_VERIFIER_IDENTITE_ET_PERIODE
0CG.F,0001364954,Cash,CashAndCashEquivalentsAtCarryingValue,49679000,USD,,2016-06-30,2016-08-03,10-Q,0001364954-16-000398,2016,Q2,https://data.sec.gov/api/xbrl/companyfacts/CIK0001364954.json,2026-10-10T12:46:56.247997+00:00,A_VERIFIER_IDENTITE_ET_PERIODE
0CG.F,0001364954,Cash,CashAndCashEquivalentsAtCarryingValue,49679000,USD,,2016-06-30,2017-07-31,10-Q,0001364954-17-000157,2017,Q2,https://data.sec.gov/api/xbrl/companyfacts/CIK0001364954.json,2026-10-10T12:46:56.248009+00:00,A_VERIFIER_IDENTITE_ET_PERIODE
0CG.F,0001364954,Cash,CashAndCashEquivalentsAtCarryingValue,90213000,USD,,2016-09-30,2016-11-07,10-Q,0001364954-16-000457,2016,Q3,https://data.sec.gov/api/xbrl/companyfacts/CIK0001364954.json,2026-10-10T12:46:56.248020+00:00,A_VERIFIER_IDENTITE_ET_PERIODE
0CG.F,0001364954,Cash,CashAndCashEquivalentsAtCarryingValue,90213000,USD,,2016-09-30,2017-10-30,10-Q,0001364954-17-000188,2017,Q3,https://data.sec.gov/api/xbrl/companyfacts/CIK0001364954.json,2026-10-10T12:46:56.248032+00:00,A_VERIFIER_IDENTITE_ET_PERIODE
0CG.F,0001364954,Cash,CashAndCashEquivalentsAtCarryingValue,77329000,USD,,2016-12-31,2017-02-23,10-K,0001364954-17-000031,2016,FY,https://data.sec.gov/api/xbrl/companyfacts/CIK0001364954.json,2026-10-10T12:46:56.248045+00:00,A_VERIFIER_IDENTITE_ET_PERIODE
0CG.F,0001364954,Cash,CashAndCashEquivalentsAtCarryingValue,77329000,USD,,2016-12-31,2017-05-01,10-Q,0001364954-17-000103,2017,Q1,https://data.sec.gov/api/xbrl/companyfacts/CIK0001364954.json,2026-10-10T12:46:56.248056+00:00,A_VERIFIER_IDENTITE_ET_PERIODE
0CG.F,0001364954,Cash,CashAndCashEquivalentsAtCarryingValue,77329000,USD,,2016-12-31,2017-07-31,10-Q,0001364954-17-000157,2017,Q2,https://data.sec.gov/api/xbrl/companyfacts/CIK0001364954.json,2026-10-10T12:46:56.248067+00:00,A_VERIFIER_IDENTITE_ET_PERIODE
0CG.F,0001364954,Cash,CashAndCashEquivalentsAtCarryingValue,77329000,USD,,2016-12-31,2017-10-30,10-Q,0001364954-17-000188,2017,Q3,https://data.sec.gov/api/xbrl/companyfacts/CIK0001364954.json,2026-10-10T12:46:56.248078+00:00,A_VERIFIER_IDENTITE_ET_PERIODE
0CG.F,0001364954,Cash,CashAndCashEquivalentsAtCarryingValue,77329000,USD,,2016-12-31,2018-02-26,10-K,0001364954-18-000039,2017,FY,https://data.sec.gov/api/xbrl/companyfacts/CIK0001364954.json,2026-10-10T12:46:56.248090+00:00,A_VERIFIER_IDENTITE_ET_PERIODE
0CG.F,0001364954,Cash,CashAndCashEquivalentsAtCarryingValue,77329000,USD,,2016-12-31,2019-02-25,10-K,0001364954-19-000027,2018,FY,https://data.sec.gov/api/xbrl/companyfacts/CIK0001364954.json,2026-10-10T12:46:56.248101+00:00,A_VERIFIER_IDENTITE_ET_PERIODE
0CG.F,0001364954,Cash,CashAndCashEquivalentsAtCarryingValue,70294000,USD,,2017-03-31,2017-05-01,10-Q,0001364954-17-000103,2017,Q1,https://data.sec.gov/api/xbrl/companyfacts/CIK0001364954.json,2026-10-10T12:46:56.248113+00:00,A_VERIFIER_IDENTITE_ET_PERIODE
0CG.F,0001364954,Cash,CashAndCashEquivalentsAtCarryingValue,70294000,USD,,2017-03-31,2018-04-26,10-Q,0001364954-18-000113,2018,Q1,https://data.sec.gov/api/xbrl/companyfacts/CIK0001364954.json,2026-10-10T12:46:56.248125+00:00,A_VERIFIER_IDENTITE_ET_PERIODE
0CG.F,0001364954,Cash,CashAndCashEquivalentsAtCarryingValue,66086000,USD,,2017-06-30,2017-07-31,10-Q,0001364954-17-000157,2017,Q2,https://data.sec.gov/api/xbrl/companyfacts/CIK0001364954.json,2026-10-10T12:46:56.248136+00:00,A_VERIFIER_IDENTITE_ET_PERIODE
0CG.F,0001364954,Cash,CashAndCashEquivalentsAtCarryingValue,66086000,USD,,2017-06-30,2018-07-30,10-Q,0001364954-18-000170,2018,Q2,https://data.sec.gov/api/xbrl/companyfacts/CIK0001364954.json,2026-10-10T12:46:56.248147+00:00,A_VERIFIER_IDENTITE_ET_PERIODE
0CG.F,0001364954,Cash,CashAndCashEquivalentsAtCarryingValue,122227000,USD,,2017-09-30,2017-10-30,10-Q,0001364954-17-000188,2017,Q3,https://data.sec.gov/api/xbrl/companyfacts/CIK0001364954.json,2026-10-10T12:46:56.248164+00:00,A_VERIFIER_IDENTITE_ET_PERIODE
0CG.F,0001364954,Cash,CashAndCashEquivalentsAtCarryingValue,122227000,USD,,2017-09-30,2018-10-29,10-Q,0001364954-18-000200,2018,Q3,https://data.sec.gov/api/xbrl/companyfacts/CIK0001364954.json,2026-10-10T12:46:56.248180+00:00,A_VERIFIER_IDENTITE_ET_PERIODE
0CG.F,0001364954,Cash,CashAndCashEquivalentsAtCarryingValue,126457000,USD,,2017-12-31,2018-02-26,10-K,0001364954-18-000039,2017,FY,https://data.sec.gov/api/xbrl/companyfacts/CIK0001364954.json,2026-10-10T12:46:56.248191+00:00,A_VERIFIER_IDENTITE_ET_PERIODE
0CG.F,0001364954,Cash,CashAndCashEquivalentsAtCarryingValue,126457000,USD,,2017-12-31,2018-04-26,10-Q,0001364954-18-000113,2018,Q1,https://data.sec.gov/api/xbrl/companyfacts/CIK0001364954.json,2026-10-10T12:46:56.248203+00:00,A_VERIFIER_IDENTITE_ET_PERIODE
0CG.F,0001364954,Cash,CashAndCashEquivalentsAtCarryingValue,126457000,USD,,2017-12-31,2018-07-30,10-Q,0001364954-18-000170,2018,Q2,https://data.sec.gov/api/xbrl/companyfacts/CIK0001364954.json,2026-10-10T12:46:56.248214+00:00,A_VERIFIER_IDENTITE_ET_PERIODE
0CG.F,0001364954,Cash,CashAndCashEquivalentsAtCarryingValue,126457000,USD,,2017-12-31,2018-10-29,10-Q,0001364954-18-000200,2018,Q3,https://data.sec.gov/api/xbrl/companyfacts/CIK0001364954.json,2026-10-10T12:46:56.248226+00:00,A_VERIFIER_IDENTITE_ET_PERIODE
0CG.F,0001364954,Cash,CashAndCashEquivalentsAtCarryingValue,126457000,USD,,2017-12-31,2019-02-25,10-K,0001364954-19-000027,2018,FY,https://data.sec.gov/api/xbrl/companyfacts/CIK0001364954.json,2026-10-10T12:46:56.248237+00:00,A_VERIFIER_IDENTITE_ET_PERIODE
0CG.F,0001364954,Cash,CashAndCashEquivalentsAtCarryingValue,126457000,USD,,2017-12-31,2020-02-20,10-K,0001364954-20-000041,2019,FY,https://data.sec.gov/api/xbrl/companyfacts/CIK0001364954.json,2026-10-10T12:46:56.248249+00:00,A_VERIFIER_IDENTITE_ET_PERIODE
0CG.F,0001364954,Cash,CashAndCashEquivalentsAtCarryingValue,106827000,USD,,2018-03-31,2018-04-26,10-Q,0001364954-18-000113,2018,Q1,https://data.sec.gov/api/xbrl/companyfacts/CIK0001364954.json,2026-10-10T12:46:56.248261+00:00,A_VERIFIER_IDENTITE_ET_PERIODE
0CG.F,0001364954,Cash,CashAndCashEquivalentsAtCarryingValue,106827000,USD,,2018-03-31,2019-04-29,10-Q,0001364954-19-000125,2019,Q1,https://data.sec.gov/api/xbrl/companyfacts/CIK0001364954.json,2026-10-10T12:46:56.248272+00:00,A_VERIFIER_IDENTITE_ET_PERIODE
0CG.F,0001364954,Cash,CashAndCashEquivalentsAtCarryingValue,384926000,USD,,2018-06-30,2018-07-30,10-Q,0001364954-18-000170,2018,Q2,https://data.sec.gov/api/xbrl/companyfacts/CIK0001364954.json,2026-10-10T12:46:56.248284+00:00,A_VERIFIER_IDENTITE_ET_PERIODE
0CG.F,0001364954,Cash,CashAndCashEquivalentsAtCarryingValue,384926000,USD,,2018-06-30,2019-07-29,10-Q,0001364954-19-000188,2019,Q2,https://data.sec.gov/api/xbrl/companyfacts/CIK0001364954.json,2026-10-10T12:46:56.248295+00:00,A_VERIFIER_IDENTITE_ET_PERIODE
0CG.F,0001364954,Cash,CashAndCashEquivalentsAtCarryingValue,379020000,USD,,2018-09-30,2018-10-29,10-Q,0001364954-18-000200,2018,Q3,https://data.sec.gov/api/xbrl/companyfacts/CIK0001364954.json,2026-10-10T12:46:56.248306+00:00,A_VERIFIER_IDENTITE_ET_PERIODE
0CG.F,0001364954,Cash,CashAndCashEquivalentsAtCarryingValue,379020000,USD,,2018-09-30,2019-11-04,10-Q,0001364954-19-000251,2019,Q3,https://data.sec.gov/api/xbrl/companyfacts/CIK0001364954.json,2026-10-10T12:46:56.248317+00:00,A_VERIFIER_IDENTITE_ET_PERIODE
0CG.F,0001364954,Cash,CashAndCashEquivalentsAtCarryingValue,374664000,USD,,2018-12-31,2019-02-25,10-K,0001364954-19-000027,2018,FY,https://data.sec.gov/api/xbrl/companyfacts/CIK0001364954.json,2026-10-10T12:46:56.248329+00:00,A_VERIFIER_IDENTITE_ET_PERIODE
0CG.F,0001364954,Cash,CashAndCashEquivalentsAtCarryingValue,374664000,USD,,2018-12-31,2019-04-29,10-Q,0001364954-19-000125,2019,Q1,https://data.sec.gov/api/xbrl/companyfacts/CIK0001364954.json,2026-10-10T12:46:56.248340+00:00,A_VERIFIER_IDENTITE_ET_PERIODE
0CG.F,0001364954,Cash,CashAndCashEquivalentsAtCarryingValue,374664000,USD,,2018-12-31,2019-07-29,10-Q,0001364954-19-000188,2019,Q2,https://data.sec.gov/api/xbrl/companyfacts/CIK0001364954.json,2026-10-10T12:46:56.248351+00:00,A_VERIFIER_IDENTITE_ET_PERIODE
0CG.F,0001364954,Cash,CashAndCashEquivalentsAtCarryingValue,374664000,USD,,2018-12-31,2019-11-04,10-Q,0001364954-19-000251,2019,Q3,https://data.sec.gov/api/xbrl/companyfacts/CIK0001364954.json,2026-10-10T12:46:56.248364+00:00,A_VERIFIER_IDENTITE_ET_PERIODE
0CG.F,0001364954,Cash,CashAndCashEquivalentsAtCarryingValue,374664000,USD,,2018-12-31,2020-02-20,10-K,0001364954-20-000041,2019,FY,https://data.sec.gov/api/xbrl/companyfacts/CIK0001364954.json,2026-10-10T12:46:56.248375+00:00,A_VERIFIER_IDENTITE_ET_PERIODE
0CG.F,0001364954,Cash,CashAndCashEquivalentsAtCarryingValue,374664000,USD,,2018-12-31,2021-02-22,10-K,0001364954-21-000013,2020,FY,https://data.sec.gov/api/xbrl/companyfacts/CIK0001364954.json,2026-10-10T12:46:56.248387+00:00,A_VERIFIER_IDENTITE_ET_PERIODE
0CG.F,0001364954,Cash,CashAndCashEquivalentsAtCarryingValue,914500000,USD,,2019-03-31,2019-04-29,10-Q,0001364954-19-000125,2019,Q1,https://data.sec.gov/api/xbrl/companyfacts/CIK0001364954.json,2026-10-10T12:46:56.248398+00:00,A_VERIFIER_IDENTITE_ET_PERIODE
0CG.F,0001364954,Cash,CashAndCashEquivalentsAtCarryingValue,914500000,USD,,2019-03-31,2020-05-04,10-Q,0001364954-20-000094,2020,Q1,https://data.sec.gov/api/xbrl/companyfacts/CIK0001364954.json,2026-10-10T12:46:56.248409+00:00,A_VERIFIER_IDENTITE_ET_PERIODE
0CG.F,0001364954,Cash,CashAndCashEquivalentsAtCarryingValue,555792000,USD,,2019-06-30,2019-07-29,10-Q,0001364954-19-000188,2019,Q2,https://data.sec.gov/api/xbrl/companyfacts/CIK0001364954.json,2026-10-10T12:46:56.248420+00:00,A_VERIFIER_IDENTITE_ET_PERIODE
0CG.F,0001364954,Cash,CashAndCashEquivalentsAtCarryingValue,555792000,USD,,2019-06-30,2020-08-03,10-Q,0001364954-20-000172,2020,Q2,https://data.sec.gov/api/xbrl/companyfacts/CIK0001364954.json,2026-10-10T12:46:56.248431+00:00,A_VERIFIER_IDENTITE_ET_PERIODE
0CG.F,0001364954,Cash,CashAndCashEquivalentsAtCarryingValue,450457000,USD,,2019-09-30,2019-11-04,10-Q,0001364954-19-000251,2019,Q3,https://data.sec.gov/api/xbrl/companyfacts/CIK0001364954.json,2026-10-10T12:46:56.248442+00:00,A_VERIFIER_IDENTITE_ET_PERIODE
0CG.F,0001364954,Cash,CashAndCashEquivalentsAtCarryingValue,450457000,USD,,2019-09-30,2020-10-26,10-Q,0001364954-20-000210,2020,Q3,https://data.sec.gov/api/xbrl/companyfacts/CIK0001364954.json,2026-10-10T12:46:56.248454+00:00,A_VERIFIER_IDENTITE_ET_PERIODE
0CG.F,0001364954,Cash,CashAndCashEquivalentsAtCarryingValue,387520000,USD,,2019-12-31,2020-02-20,10-K,0001364954-20-000041,2019,FY,https://data.sec.gov/api/xbrl/companyfacts/CIK0001364954.json,2026-10-10T12:46:56.248465+00:00,A_VERIFIER_IDENTITE_ET_PERIODE
0CG.F,0001364954,Cash,CashAndCashEquivalentsAtCarryingValue,387520000,USD,,2019-12-31,2020-05-04,10-Q,0001364954-20-000094,2020,Q1,https://data.sec.gov/api/xbrl/companyfacts/CIK0001364954.json,2026-10-10T12:46:56.248478+00:00,A_VERIFIER_IDENTITE_ET_PERIODE
0CG.F,0001364954,Cash,CashAndCashEquivalentsAtCarryingValue,387520000,USD,,2019-12-31,2020-08-03,10-Q,0001364954-20-000172,2020,Q2,https://data.sec.gov/api/xbrl/companyfacts/CIK0001364954.json,2026-10-10T12:46:56.248489+00:00,A_VERIFIER_IDENTITE_ET_PERIODE
0CG.F,0001364954,Cash,CashAndCashEquivalentsAtCarryingValue,387520000,USD,,2019-12-31,2020-10-26,10-Q,0001364954-20-000210,2020,Q3,https://data.sec.gov/api/xbrl/companyfacts/CIK0001364954.json,2026-10-10T12:46:56.248501+00:00,A_VERIFIER_IDENTITE_ET_PERIODE
0CG.F,0001364954,Cash,CashAndCashEquivalentsAtCarryingValue,387520000,USD,,2019-12-31,2021-02-22,10-K,0001364954-21-000013,2020,FY,https://data.sec.gov/api/xbrl/companyfacts/CIK0001364954.json,2026-10-10T12:46:56.248512+00:00,A_VERIFIER_IDENTITE_ET_PERIODE
0CG.F,0001364954,Cash,CashAndCashEquivalentsAtCarryingValue,387520000,USD,,2019-12-31,2022-02-22,10-K,0001364954-22-000011,2021,FY,https://data.sec.gov/api/xbrl/companyfacts/CIK0001364954.json,2026-10-10T12:46:56.248523+00:00,A_VERIFIER_IDENTITE_ET_PERIODE
0CG.F,0001364954,Cash,CashAndCashEquivalentsAtCarryingValue,359101000,USD,,2020-03-31,2020-05-04,10-Q,0001364954-20-000094,2020,Q1,https://data.sec.gov/api/xbrl/companyfacts/CIK0001364954.json,2026-10-10T12:46:56.248534+00:00,A_VERIFIER_IDENTITE_ET_PERIODE
0CG.F,0001364954,Cash,CashAndCashEquivalentsAtCarryingValue,359101000,USD,,2020-03-31,2021-05-03,10-Q,0001364954-21-000048,2021,Q1,https://data.sec.gov/api/xbrl/companyfacts/CIK0001364954.json,2026-10-10T12:46:56.248545+00:00,A_VERIFIER_IDENTITE_ET_PERIODE
0CG.F,0001364954,Cash,CashAndCashEquivalentsAtCarryingValue,285064000,USD,,2020-06-30,2020-08-03,10-Q,0001364954-20-000172,2020,Q2,https://data.sec.gov/api/xbrl/companyfacts/CIK0001364954.json,2026-10-10T12:46:56.248556+00:00,A_VERIFIER_IDENTITE_ET_PERIODE
0CG.F,0001364954,Cash,CashAndCashEquivalentsAtCarryingValue,285064000,USD,,2020-06-30,2021-08-09,10-Q,0001364954-21-000071,2021,Q2,https://data.sec.gov/api/xbrl/companyfacts/CIK0001364954.json,2026-10-10T12:46:56.248567+00:00,A_VERIFIER_IDENTITE_ET_PERIODE
0CG.F,0001364954,Cash,CashAndCashEquivalentsAtCarryingValue,527541000,USD,,2020-09-30,2020-10-26,10-Q,0001364954-20-000210,2020,Q3,https://data.sec.gov/api/xbrl/companyfacts/CIK0001364954.json,2026-10-10T12:46:56.248578+00:00,A_VERIFIER_IDENTITE_ET_PERIODE
0CG.F,0001364954,Cash,CashAndCashEquivalentsAtCarryingValue,527541000,USD,,2020-09-30,2021-11-01,10-Q,0001364954-21-000113,2021,Q3,https://data.sec.gov/api/xbrl/companyfacts/CIK0001364954.json,2026-10-10T12:46:56.248591+00:00,A_VERIFIER_IDENTITE_ET_PERIODE
0CG.F,0001364954,Cash,CashAndCashEquivalentsAtCarryingValue,479853000,USD,,2020-12-31,2021-02-22,10-K,0001364954-21-000013,2020,FY,https://data.sec.gov/api/xbrl/companyfacts/CIK0001364954.json,2026-10-10T12:46:56.248602+00:00,A_VERIFIER_IDENTITE_ET_PERIODE
0CG.F,0001364954,Cash,CashAndCashEquivalentsAtCarryingValue,479853000,USD,,2020-12-31,2021-05-03,10-Q,0001364954-21-000048,2021,Q1,https://data.sec.gov/api/xbrl/companyfacts/CIK0001364954.json,2026-10-10T12:46:56.248614+00:00,A_VERIFIER_IDENTITE_ET_PERIODE
0CG.F,0001364954,Cash,CashAndCashEquivalentsAtCarryingValue,479853000,USD,,2020-12-31,2021-08-09,10-Q,0001364954-21-000071,2021,Q2,https://data.sec.gov/api/xbrl/companyfacts/CIK0001364954.json,2026-10-10T12:46:56.248625+00:00,A_VERIFIER_IDENTITE_ET_PERIODE
0CG.F,0001364954,Cash,CashAndCashEquivalentsAtCarryingValue,479853000,USD,,2020-12-31,2021-11-01,10-Q,0001364954-21-000113,2021,Q3,https://data.sec.gov/api/xbrl/companyfacts/CIK0001364954.json,2026-10-10T12:46:56.248636+00:00,A_VERIFIER_IDENTITE_ET_PERIODE
0CG.F,0001364954,Cash,CashAndCashEquivalentsAtCarryingValue,479853000,USD,,2020-12-31,2022-02-22,10-K,0001364954-22-000011,2021,FY,https://data.sec.gov/api/xbrl/companyfacts/CIK0001364954.json,2026-10-10T12:46:56.248649+00:00,A_VERIFIER_IDENTITE_ET_PERIODE
0CG.F,0001364954,Cash,CashAndCashEquivalentsAtCarryingValue,479853000,USD,,2020-12-31,2023-02-21,10-K,0001364954-23-000013,2022,FY,https://data.sec.gov/api/xbrl/companyfacts/CIK0001364954.json,2026-10-10T12:46:56.248662+00:00,A_VERIFIER_IDENTITE_ET_PERIODE
0CG.F,0001364954,Cash,CashAndCashEquivalentsAtCarryingValue,656168000,USD,,2021-03-31,2021-05-03,10-Q,0001364954-21-000048,2021,Q1,https://data.sec.gov/api/xbrl/companyfacts/CIK0001364954.json,2026-10-10T12:46:56.248674+00:00,A_VERIFIER_IDENTITE_ET_PERIODE
0CG.F,0001364954,Cash,CashAndCashEquivalentsAtCarryingValue,656168000,USD,,2021-03-31,2022-05-02,10-Q,0001364954-22-000050,2022,Q1,https://data.sec.gov/api/xbrl/companyfacts/CIK0001364954.json,2026-10-10T12:46:56.248685+00:00,A_VERIFIER_IDENTITE_ET_PERIODE
0CG.F,0001364954,Cash,CashAndCashEquivalentsAtCarryingValue,840056000,USD,,2021-06-30,2021-08-09,10-Q,0001364954-21-000071,2021,Q2,https://data.sec.gov/api/xbrl/companyfacts/CIK0001364954.json,2026-10-10T12:46:56.248696+00:00,A_VERIFIER_IDENTITE_ET_PERIODE
0CG.F,0001364954,Cash,CashAndCashEquivalentsAtCarryingValue,840056000,USD,,2021-06-30,2022-08-04,10-Q,0001364954-22-000088,2022,Q2,https://data.sec.gov/api/xbrl/companyfacts/CIK0001364954.json,2026-10-10T12:46:56.248710+00:00,A_VERIFIER_IDENTITE_ET_PERIODE
0CG.F,0001364954,Cash,CashAndCashEquivalentsAtCarryingValue,713837000,USD,,2021-09-30,2021-11-01,10-Q,0001364954-21-000113,2021,Q3,https://data.sec.gov/api/xbrl/companyfacts/CIK0001364954.json,2026-10-10T12:46:56.248721+00:00,A_VERIFIER_IDENTITE_ET_PERIODE
0CG.F,0001364954,Cash,CashAndCashEquivalentsAtCarryingValue,713837000,USD,,2021-09-30,2022-11-01,10-Q,0001364954-22-000107,2022,Q3,https://data.sec.gov/api/xbrl/companyfacts/CIK0001364954.json,2026-10-10T12:46:56.248732+00:00,A_VERIFIER_IDENTITE_ET_PERIODE
0CG.F,0001364954,Cash,CashAndCashEquivalentsAtCarryingValue,854078000,USD,,2021-12-31,2022-02-22,10-K,0001364954-22-000011,2021,FY,https://data.sec.gov/api/xbrl/companyfacts/CIK0001364954.json,2026-10-10T12:46:56.248744+00:00,A_VERIFIER_IDENTITE_ET_PERIODE
0CG.F,0001364954,Cash,CashAndCashEquivalentsAtCarryingValue,854078000,USD,,2021-12-31,2022-05-02,10-Q,0001364954-22-000050,2022,Q1,https://data.sec.gov/api/xbrl/companyfacts/CIK0001364954.json,2026-10-10T12:46:56.248755+00:00,A_VERIFIER_IDENTITE_ET_PERIODE
0CG.F,0001364954,Cash,CashAndCashEquivalentsAtCarryingValue,854078000,USD,,2021-12-31,2022-08-04,10-Q,0001364954-22-000088,2022,Q2,https://data.sec.gov/api/xbrl/companyfacts/CIK0001364954.json,2026-10-10T12:46:56.248766+00:00,A_VERIFIER_IDENTITE_ET_PERIODE
0CG.F,0001364954,Cash,CashAndCashEquivalentsAtCarryingValue,854078000,USD,,2021-12-31,2022-11-01,10-Q,0001364954-22-000107,2022,Q3,https://data.sec.gov/api/xbrl/companyfacts/CIK0001364954.json,2026-10-10T12:46:56.248778+00:00,A_VERIFIER_IDENTITE_ET_PERIODE
0CG.F,0001364954,Cash,CashAndCashEquivalentsAtCarryingValue,854078000,USD,,2021-12-31,2023-02-21,10-K,0001364954-23-000013,2022,FY,https://data.sec.gov/api/xbrl/companyfacts/CIK0001364954.json,2026-10-10T12:46:56.248789+00:00,A_VERIFIER_IDENTITE_ET_PERIODE
0CG.F,0001364954,Cash,CashAndCashEquivalentsAtCarryingValue,854078000,USD,,2021-12-31,2024-02-20,10-K,0001364954-24-000009,2023,FY,https://data.sec.gov/api/xbrl/companyfacts/CIK0001364954.json,2026-10-10T12:46:56.248800+00:00,A_VERIFIER_IDENTITE_ET_PERIODE
0CG.F,0001364954,Cash,CashAndCashEquivalentsAtCarryingValue,267731000,USD,,2022-03-31,2022-05-02,10-Q,0001364954-22-000050,2022,Q1,https://data.sec.gov/api/xbrl/companyfacts/CIK0001364954.json,2026-10-10T12:46:56.248811+00:00,A_VERIFIER_IDENTITE_ET_PERIODE
0CG.F,0001364954,Cash,CashAndCashEquivalentsAtCarryingValue,267731000,USD,,2022-03-31,2023-05-01,10-Q,0001364954-23-000068,2023,Q1,https://data.sec.gov/api/xbrl/companyfacts/CIK0001364954.json,2026-10-10T12:46:56.248824+00:00,A_VERIFIER_IDENTITE_ET_PERIODE
0CG.F,0001364954,Cash,CashAndCashEquivalentsAtCarryingValue,402089000,USD,,2022-06-30,2022-08-04,10-Q,0001364954-22-000088,2022,Q2,https://data.sec.gov/api/xbrl/companyfacts/CIK0001364954.json,2026-10-10T12:46:56.248835+00:00,A_VERIFIER_IDENTITE_ET_PERIODE
0CG.F,0001364954,Cash,CashAndCashEquivalentsAtCarryingValue,402089000,USD,,2022-06-30,2023-08-07,10-Q,0001364954-23-000121,2023,Q2,https://data.sec.gov/api/xbrl/companyfacts/CIK0001364954.json,2026-10-10T12:46:56.248846+00:00,A_VERIFIER_IDENTITE_ET_PERIODE
0CG.F,0001364954,Cash,CashAndCashEquivalentsAtCarryingValue,69349000,USD,,2022-09-30,2022-11-01,10-Q,0001364954-22-000107,2022,Q3,https://data.sec.gov/api/xbrl/companyfacts/CIK0001364954.json,2026-10-10T12:46:56.248857+00:00,A_VERIFIER_IDENTITE_ET_PERIODE
0CG.F,0001364954,Cash,CashAndCashEquivalentsAtCarryingValue,69349000,USD,,2022-09-30,2023-10-30,10-Q,0001364954-23-000146,2023,Q3,https://data.sec.gov/api/xbrl/companyfacts/CIK0001364954.json,2026-10-10T12:46:56.248868+00:00,A_VERIFIER_IDENTITE_ET_PERIODE
0CG.F,0001364954,Cash,CashAndCashEquivalentsAtCarryingValue,473677000,USD,,2022-12-31,2023-02-21,10-K,0001364954-23-000013,2022,FY,https://data.sec.gov/api/xbrl/companyfacts/CIK0001364954.json,2026-10-10T12:46:56.248880+00:00,A_VERIFIER_IDENTITE_ET_PERIODE
0CG.F,0001364954,Cash,CashAndCashEquivalentsAtCarryingValue,473677000,USD,,2022-12-31,2023-05-01,10-Q,0001364954-23-000068,2023,Q1,https://data.sec.gov/api/xbrl/companyfacts/CIK0001364954.json,2026-10-10T12:46:56.248891+00:00,A_VERIFIER_IDENTITE_ET_PERIODE
0CG.F,0001364954,Cash,CashAndCashEquivalentsAtCarryingValue,473677000,USD,,2022-12-31,2023-08-07,10-Q,0001364954-23-000121,2023,Q2,https://data.sec.gov/api/xbrl/companyfacts/CIK0001364954.json,2026-10-10T12:46:56.248902+00:00,A_VERIFIER_IDENTITE_ET_PERIODE
0CG.F,0001364954,Cash,CashAndCashEquivalentsAtCarryingValue,473677000,USD,,2022-12-31,2023-10-30,10-Q,0001364954-23-000146,2023,Q3,https://data.sec.gov/api/xbrl/companyfacts/CIK0001364954.json,2026-10-10T12:46:56.248913+00:00,A_VERIFIER_IDENTITE_ET_PERIODE
0CG.F,0001364954,Cash,CashAndCashEquivalentsAtCarryingValue,473677000,USD,,2022-12-31,2024-02-20,10-K,0001364954-24-000009,2023,FY,https://data.sec.gov/api/xbrl/companyfacts/CIK0001364954.json,2026-10-10T12:46:56.248925+00:00,A_VERIFIER_IDENTITE_ET_PERIODE
0CG.F,0001364954,Cash,CashAndCashEquivalentsAtCarryingValue,473677000,USD,,2022-12-31,2025-02-24,10-K,0001364954-25-000013,2024,FY,https://data.sec.gov/api/xbrl/companyfacts/CIK0001364954.json,2026-10-10T12:46:56.248937+00:00,A_VERIFIER_IDENTITE_ET_PERIODE
0CG.F,0001364954,Cash,CashAndCashEquivalentsAtCarryingValue,281302000,USD,,2023-03-31,2023-05-01,10-Q,0001364954-23-000068,2023,Q1,https://data.sec.gov/api/xbrl/companyfacts/CIK0001364954.json,2026-10-10T12:46:56.248949+00:00,A_VERIFIER_IDENTITE_ET_PERIODE
0CG.F,0001364954,Cash,CashAndCashEquivalentsAtCarryingValue,281302000,USD,,2023-03-31,2024-04-29,10-Q,0001364954-24-000042,2024,Q1,https://data.sec.gov/api/xbrl/companyfacts/CIK0001364954.json,2026-10-10T12:46:56.248961+00:00,A_VERIFIER_IDENTITE_ET_PERIODE
0CG.F,0001364954,Cash,CashAndCashEquivalentsAtCarryingValue,175368000,USD,,2023-06-30,2023-08-07,10-Q,0001364954-23-000121,2023,Q2,https://data.sec.gov/api/xbrl/companyfacts/CIK0001364954.json,2026-10-10T12:46:56.248972+00:00,A_VERIFIER_IDENTITE_ET_PERIODE
0CG.F,0001364954,Cash,CashAndCashEquivalentsAtCarryingValue,175368000,USD,,2023-06-30,2024-08-05,10-Q,0001364954-24-000072,2024,Q2,https://data.sec.gov/api/xbrl/companyfacts/CIK0001364954.json,2026-10-10T12:46:56.248983+00:00,A_VERIFIER_IDENTITE_ET_PERIODE
0CG.F,0001364954,Cash,CashAndCashEquivalentsAtCarryingValue,94419000,USD,,2023-09-30,2023-10-30,10-Q,0001364954-23-000146,2023,Q3,https://data.sec.gov/api/xbrl/companyfacts/CIK0001364954.json,2026-10-10T12:46:56.248994+00:00,A_VERIFIER_IDENTITE_ET_PERIODE
0CG.F,0001364954,Cash,CashAndCashEquivalentsAtCarryingValue,94419000,USD,,2023-09-30,2024-11-12,10-Q,0001364954-24-000085,2024,Q3,https://data.sec.gov/api/xbrl/companyfacts/CIK0001364954.json,2026-10-10T12:46:56.249005+00:00,A_VERIFIER_IDENTITE_ET_PERIODE
0CG.F,0001364954,Cash,CashAndCashEquivalentsAtCarryingValue,135757000,USD,,2023-12-31,2024-02-20,10-K,0001364954-24-000009,2023,FY,https://data.sec.gov/api/xbrl/companyfacts/CIK0001364954.json,2026-10-10T12:46:56.249017+00:00,A_VERIFIER_IDENTITE_ET_PERIODE
0CG.F,0001364954,Cash,CashAndCashEquivalentsAtCarryingValue,135757000,USD,,2023-12-31,2024-04-29,10-Q,0001364954-24-000042,2024,Q1,https://data.sec.gov/api/xbrl/companyfacts/CIK0001364954.json,2026-10-10T12:46:56.249028+00:00,A_VERIFIER_IDENTITE_ET_PERIODE
0CG.F,0001364954,Cash,CashAndCashEquivalentsAtCarryingValue,135757000,USD,,2023-12-31,2024-08-05,10-Q,0001364954-24-000072,2024,Q2,https://data.sec.gov/api/xbrl/companyfacts/CIK0001364954.json,2026-10-10T12:46:56.249039+00:00,A_VERIFIER_IDENTITE_ET_PERIODE
0CG.F,0001364954,Cash,CashAndCashEquivalentsAtCarryingValue,135757000,USD,,2023-12-31,2024-11-12,10-Q,0001364954-24-000085,2024,Q3,https://data.sec.gov/api/xbrl/companyfacts/CIK0001364954.json,2026-10-10T12:46:56.249051+00:00,A_VERIFIER_IDENTITE_ET_PERIODE
0CG.F,0001364954,Cash,CashAndCashEquivalentsAtCarryingValue,135757000,USD,,2023-12-31,2025-02-24,10-K,0001364954-25-000013,2024,FY,https://data.sec.gov/api/xbrl/companyfacts/CIK0001364954.json,2026-10-10T12:46:56.249063+00:00,A_VERIFIER_IDENTITE_ET_PERIODE
0CG.F,0001364954,Cash,CashAndCashEquivalentsAtCarryingValue,135757000,USD,,2023-12-31,2026-03-09,10-K,0001364954-26-000021,2025,FY,https://data.sec.gov/api/xbrl/companyfacts/CIK0001364954.json,2026-10-10T12:46:56.249074+00:00,A_VERIFIER_IDENTITE_ET_PERIODE
0CG.F,0001364954,Cash,CashAndCashEquivalentsAtCarryingValue,143747000,USD,,2024-03-31,2024-04-29,10-Q,0001364954-24-000042,2024,Q1,https://data.sec.gov/api/xbrl/companyfacts/CIK0001364954.json,2026-10-10T12:46:56.249085+00:00,A_VERIFIER_IDENTITE_ET_PERIODE
0CG.F,0001364954,Cash,CashAndCashEquivalentsAtCarryingValue,143747000,USD,,2024-03-31,2025-05-12,10-Q,0001364954-25-000052,2025,Q1,https://data.sec.gov/api/xbrl/companyfacts/CIK0001364954.json,2026-10-10T12:46:56.249096+00:00,A_VERIFIER_IDENTITE_ET_PERIODE
0CG.F,0001364954,Cash,CashAndCashEquivalentsAtCarryingValue,133068000,USD,,2024-06-30,2024-08-05,10-Q,0001364954-24-000072,2024,Q2,https://data.sec.gov/api/xbrl/companyfacts/CIK0001364954.json,2026-10-10T12:46:56.249108+00:00,A_VERIFIER_IDENTITE_ET_PERIODE
0CG.F,0001364954,Cash,CashAndCashEquivalentsAtCarryingValue,133068000,USD,,2024-06-30,2025-08-08,10-Q,0001364954-25-000096,2025,Q2,https://data.sec.gov/api/xbrl/companyfacts/CIK0001364954.json,2026-10-10T12:46:56.249119+00:00,A_VERIFIER_IDENTITE_ET_PERIODE
0CG.F,0001364954,Cash,CashAndCashEquivalentsAtCarryingValue,152073000,USD,,2024-09-30,2024-11-12,10-Q,0001364954-24-000085,2024,Q3,https://data.sec.gov/api/xbrl/companyfacts/CIK0001364954.json,2026-10-10T12:46:56.249130+00:00,A_VERIFIER_IDENTITE_ET_PERIODE
0CG.F,0001364954,Cash,CashAndCashEquivalentsAtCarryingValue,152073000,USD,,2024-09-30,2025-11-10,10-Q,0001364954-25-000117,2025,Q3,https://data.sec.gov/api/xbrl/companyfacts/CIK0001364954.json,2026-10-10T12:46:56.249142+00:00,A_VERIFIER_IDENTITE_ET_PERIODE
0CG.F,0001364954,Cash,CashAndCashEquivalentsAtCarryingValue,161475000,USD,,2024-12-31,2025-02-24,10-K,0001364954-25-000013,2024,FY,https://data.sec.gov/api/xbrl/companyfacts/CIK0001364954.json,2026-10-10T12:46:56.249153+00:00,A_VERIFIER_IDENTITE_ET_PERIODE
0CG.F,0001364954,Cash,CashAndCashEquivalentsAtCarryingValue,161475000,USD,,2024-12-31,2025-05-12,10-Q,0001364954-25-000052,2025,Q1,https://data.sec.gov/api/xbrl/companyfacts/CIK0001364954.json,2026-10-10T12:46:56.249174+00:00,A_VERIFIER_IDENTITE_ET_PERIODE
0CG.F,0001364954,Cash,CashAndCashEquivalentsAtCarryingValue,161475000,USD,,2024-12-31,2026-03-09,10-K,0001364954-26-000021,2025,FY,https://data.sec.gov/api/xbrl/companyfacts/CIK0001364954.json,2026-10-10T12:46:56.249188+00:00,A_VERIFIER_IDENTITE_ET_PERIODE
0CG.F,0001364954,Cash,CashAndCashEquivalentsAtCarryingValue,44105000,USD,,2025-03-31,2025-05-12,10-Q,0001364954-25-000052,2025,Q1,https://data.sec.gov/api/xbrl/companyfacts/CIK0001364954.json,2026-10-10T12:46:56.249199+00:00,A_VERIFIER_IDENTITE_ET_PERIODE
0CG.F,0001364954,Cash,CashAndCashEquivalentsAtCarryingValue,44105000,USD,,2025-03-31,2026-05-11,10-Q,0001364954-26-000048,2026,Q1,https://data.sec.gov/api/xbrl/companyfacts/CIK0001364954.json,2026-10-10T12:46:56.249210+00:00,A_VERIFIER_IDENTITE_ET_PERIODE
0CG.F,0001364954,Cash,CashAndCashEquivalentsAtCarryingValue,36825000,USD,,2025-06-30,2025-08-08,10-Q,0001364954-25-000096,2025,Q2,https://data.sec.gov/api/xbrl/companyfacts/CIK0001364954.json,2026-10-10T12:46:56.249221+00:00,A_VERIFIER_IDENTITE_ET_PERIODE
0CG.F,0001364954,Cash,CashAndCashEquivalentsAtCarryingValue,36825000,USD,,2025-06-30,2026-08-06,10-Q,0001364954-26-000088,2026,Q2,https://data.sec.gov/api/xbrl/companyfacts/CIK0001364954.json,2026-10-10T12:46:56.249233+00:00,A_VERIFIER_IDENTITE_ET_PERIODE
0CG.F,0001364954,Cash,CashAndCashEquivalentsAtCarryingValue,38180000,USD,,2025-09-30,2025-11-10,10-Q,0001364954-25-000117,2025,Q3,https://data.sec.gov/api/xbrl/companyfacts/CIK0001364954.json,2026-10-10T12:46:56.249245+00:00,A_VERIFIER_IDENTITE_ET_PERIODE
0CG.F,0001364954,Cash,CashAndCashEquivalentsAtCarryingValue,31146000,USD,,2025-12-31,2026-03-09,10-K,0001364954-26-000021,2025,FY,https://data.sec.gov/api/xbrl/companyfacts/CIK0001364954.json,2026-10-10T12:46:56.249257+00:00,A_VERIFIER_IDENTITE_ET_PERIODE
0CG.F,0001364954,Cash,CashAndCashEquivalentsAtCarryingValue,33526000,USD,,2026-03-31,2026-05-11,10-Q,0001364954-26-000048,2026,Q1,https://data.sec.gov/api/xbrl/companyfacts/CIK0001364954.json,2026-10-10T12:46:56.249267+00:00,A_VERIFIER_IDENTITE_ET_PERIODE
0CG.F,0001364954,Cash,CashAndCashEquivalentsAtCarryingValue,44623000,USD,,2026-06-30,2026-08-06,10-Q,0001364954-26-000088,2026,Q2,https://data.sec.gov/api/xbrl/companyfacts/CIK0001364954.json,2026-10-10T12:46:56.249279+00:00,A_VERIFIER_IDENTITE_ET_PERIODE
0CG.F,0001364954,Assets,Assets,327371000,USD,,2013-12-31,2014-05-12,10-Q,0001564590-14-002022,2014,Q1,https://data.sec.gov/api/xbrl/companyfacts/CIK0001364954.json,2026-10-10T12:46:56.249294+00:00,A_VERIFIER_IDENTITE_ET_PERIODE
0CG.F,0001364954,Assets,Assets,327371000,USD,,2013-12-31,2014-08-08,10-Q,0001564590-14-003407,2014,Q2,https://data.sec.gov/api/xbrl/companyfacts/CIK0001364954.json,2026-10-10T12:46:56.249306+00:00,A_VERIFIER_IDENTITE_ET_PERIODE
0CG.F,0001364954,Assets,Assets,327371000,USD,,2013-12-31,2014-11-07,10-Q,0001564590-14-005296,2014,Q3,https://data.sec.gov/api/xbrl/companyfacts/CIK0001364954.json,2026-10-10T12:46:56.249317+00:00,A_VERIFIER_IDENTITE_ET_PERIODE
0CG.F,0001364954,Assets,Assets,327371000,USD,,2013-12-31,2015-03-06,10-K,0001364954-15-000009,2014,FY,https://data.sec.gov/api/xbrl/companyfacts/CIK0001364954.json,2026-10-10T12:46:56.249328+00:00,A_VERIFIER_IDENTITE_ET_PERIODE
0CG.F,0001364954,Assets,Assets,332765000,USD,,2014-03-31,2014-05-12,10-Q,0001564590-14-002022,2014,Q1,https://data.sec.gov/api/xbrl/companyfacts/CIK0001364954.json,2026-10-10T12:46:56.249340+00:00,A_VERIFIER_IDENTITE_ET_PERIODE
0CG.F,0001364954,Assets,Assets,314522000,USD,,2014-06-30,2014-08-08,10-Q,0001564590-14-003407,2014,Q2,https://data.sec.gov/api/xbrl/companyfacts/CIK0001364954.json,2026-10-10T12:46:56.249351+00:00,A_VERIFIER_IDENTITE_ET_PERIODE
0CG.F,0001364954,Assets,Assets,348133000,USD,,2014-09-30,2014-11-07,10-Q,0001564590-14-005296,2014,Q3,https://data.sec.gov/api/xbrl/companyfacts/CIK0001364954.json,2026-10-10T12:46:56.249363+00:00,A_VERIFIER_IDENTITE_ET_PERIODE
0CG.F,0001364954,Assets,Assets,318127000,USD,,2014-12-31,2015-03-06,10-K,0001364954-15-000009,2014,FY,https://data.sec.gov/api/xbrl/companyfacts/CIK0001364954.json,2026-10-10T12:46:56.249374+00:00,A_VERIFIER_IDENTITE_ET_PERIODE
0CG.F,0001364954,Assets,Assets,318127000,USD,,2014-12-31,2015-05-08,10-Q,0001364954-15-000032,2015,Q1,https://data.sec.gov/api/xbrl/companyfacts/CIK0001364954.json,2026-10-10T12:46:56.249384+00:00,A_VERIFIER_IDENTITE_ET_PERIODE
0CG.F,0001364954,Assets,Assets,318127000,USD,,2014-12-31,2015-08-06,10-Q,0001364954-15-000088,2015,Q2,https://data.sec.gov/api/xbrl/companyfacts/CIK0001364954.json,2026-10-10T12:46:56.249395+00:00,A_VERIFIER_IDENTITE_ET_PERIODE
0CG.F,0001364954,Assets,Assets,318127000,USD,,2014-12-31,2015-11-05,10-Q,0001364954-15-000150,2015,Q3,https://data.sec.gov/api/xbrl/companyfacts/CIK0001364954.json,2026-10-10T12:46:56.249408+00:00,A_VERIFIER_IDENTITE_ET_PERIODE
0CG.F,0001364954,Assets,Assets,318127000,USD,,2014-12-31,2015-12-21,10-Q,0001364954-15-000198,2015,Q2,https://data.sec.gov/api/xbrl/companyfacts/CIK0001364954.json,2026-10-10T12:46:56.249419+00:00,A_VERIFIER_IDENTITE_ET_PERIODE
0CG.F,0001364954,Assets,Assets,318127000,USD,,2014-12-31,2015-12-21,10-Q,0001364954-15-000199,2015,Q3,https://data.sec.gov/api/xbrl/companyfacts/CIK0001364954.json,2026-10-10T12:46:56.249430+00:00,A_VERIFIER_IDENTITE_ET_PERIODE
0CG.F,0001364954,Assets,Assets,318127000,USD,,2014-12-31,2016-03-04,10-K,0001364954-16-000291,2015,FY,https://data.sec.gov/api/xbrl/companyfacts/CIK0001364954.json,2026-10-10T12:46:56.249442+00:00,A_VERIFIER_IDENTITE_ET_PERIODE
0CG.F,0001364954,Assets,Assets,309728000,USD,,2015-03-31,2015-05-08,10-Q,0001364954-15-000032,2015,Q1,https://data.sec.gov/api/xbrl/companyfacts/CIK0001364954.json,2026-10-10T12:46:56.249453+00:00,A_VERIFIER_IDENTITE_ET_PERIODE
0CG.F,0001364954,Assets,Assets,287564000,USD,,2015-06-30,2015-08-06,10-Q,0001364954-15-000088,2015,Q2,https://data.sec.gov/api/xbrl/companyfacts/CIK0001364954.json,2026-10-10T12:46:56.249464+00:00,A_VERIFIER_IDENTITE_ET_PERIODE
0CG.F,0001364954,Assets,Assets,287564000,USD,,2015-06-30,2015-12-21,10-Q,0001364954-15-000198,2015,Q2,https://data.sec.gov/api/xbrl/companyfacts/CIK0001364954.json,2026-10-10T12:46:56.249475+00:00,A_VERIFIER_IDENTITE_ET_PERIODE
0CG.F,0001364954,Assets,Assets,322057000,USD,,2015-09-30,2015-11-05,10-Q,0001364954-15-000150,2015,Q3,https://data.sec.gov/api/xbrl/companyfacts/CIK0001364954.json,2026-10-10T12:46:56.249486+00:00,A_VERIFIER_IDENTITE_ET_PERIODE
0CG.F,0001364954,Assets,Assets,322057000,USD,,2015-09-30,2015-12-21,10-Q,0001364954-15-000199,2015,Q3,https://data.sec.gov/api/xbrl/companyfacts/CIK0001364954.json,2026-10-10T12:46:56.249498+00:00,A_VERIFIER_IDENTITE_ET_PERIODE
0CG.F,0001364954,Assets,Assets,291356000,USD,,2015-12-31,2016-03-04,10-K,0001364954-16-000291,2015,FY,https://data.sec.gov/api/xbrl/companyfacts/CIK0001364954.json,2026-10-10T12:46:56.249509+00:00,A_VERIFIER_IDENTITE_ET_PERIODE
0CG.F,0001364954,Assets,Assets,291356000,USD,,2015-12-31,2016-05-03,10-Q,0001364954-16-000337,2016,Q1,https://data.sec.gov/api/xbrl/companyfacts/CIK0001364954.json,2026-10-10T12:46:56.249522+00:00,A_VERIFIER_IDENTITE_ET_PERIODE
0CG.F,0001364954,Assets,Assets,291356000,USD,,2015-12-31,2016-08-03,10-Q,0001364954-16-000398,2016,Q2,https://data.sec.gov/api/xbrl/companyfacts/CIK0001364954.json,2026-10-10T12:46:56.249533+00:00,A_VERIFIER_IDENTITE_ET_PERIODE
0CG.F,0001364954,Assets,Assets,291356000,USD,,2015-12-31,2016-11-07,10-Q,0001364954-16-000457,2016,Q3,https://data.sec.gov/api/xbrl/companyfacts/CIK0001364954.json,2026-10-10T12:46:56.249545+00:00,A_VERIFIER_IDENTITE_ET_PERIODE
0CG.F,0001364954,Assets,Assets,291356000,USD,,2015-12-31,2017-02-23,10-K,0001364954-17-000031,2016,FY,https://data.sec.gov/api/xbrl/companyfacts/CIK0001364954.json,2026-10-10T12:46:56.249556+00:00,A_VERIFIER_IDENTITE_ET_PERIODE
0CG.F,0001364954,Assets,Assets,274716000,USD,,2016-03-31,2016-05-03,10-Q,0001364954-16-000337,2016,Q1,https://data.sec.gov/api/xbrl/companyfacts/CIK0001364954.json,2026-10-10T12:46:56.249568+00:00,A_VERIFIER_IDENTITE_ET_PERIODE
0CG.F,0001364954,Assets,Assets,292888000,USD,,2016-06-30,2016-08-03,10-Q,0001364954-16-000398,2016,Q2,https://data.sec.gov/api/xbrl/companyfacts/CIK0001364954.json,2026-10-10T12:46:56.249579+00:00,A_VERIFIER_IDENTITE_ET_PERIODE
0CG.F,0001364954,Assets,Assets,316208000,USD,,2016-09-30,2016-11-07,10-Q,0001364954-16-000457,2016,Q3,https://data.sec.gov/api/xbrl/companyfacts/CIK0001364954.json,2026-10-10T12:46:56.249591+00:00,A_VERIFIER_IDENTITE_ET_PERIODE
0CG.F,0001364954,Assets,Assets,290652000,USD,,2016-12-31,2017-02-23,10-K,0001364954-17-000031,2016,FY,https://data.sec.gov/api/xbrl/companyfacts/CIK0001364954.json,2026-10-10T12:46:56.249602+00:00,A_VERIFIER_IDENTITE_ET_PERIODE
0CG.F,0001364954,Assets,Assets,290652000,USD,,2016-12-31,2017-05-01,10-Q,0001364954-17-000103,2017,Q1,https://data.sec.gov/api/xbrl/companyfacts/CIK0001364954.json,2026-10-10T12:46:56.249614+00:00,A_VERIFIER_IDENTITE_ET_PERIODE
0CG.F,0001364954,Assets,Assets,290652000,USD,,2016-12-31,2017-07-31,10-Q,0001364954-17-000157,2017,Q2,https://data.sec.gov/api/xbrl/companyfacts/CIK0001364954.json,2026-10-10T12:46:56.249625+00:00,A_VERIFIER_IDENTITE_ET_PERIODE
0CG.F,0001364954,Assets,Assets,290652000,USD,,2016-12-31,2017-10-30,10-Q,0001364954-17-000188,2017,Q3,https://data.sec.gov/api/xbrl/companyfacts/CIK0001364954.json,2026-10-10T12:46:56.249638+00:00,A_VERIFIER_IDENTITE_ET_PERIODE
0CG.F,0001364954,Assets,Assets,290652000,USD,,2016-12-31,2018-02-26,10-K,0001364954-18-000039,2017,FY,https://data.sec.gov/api/xbrl/companyfacts/CIK0001364954.json,2026-10-10T12:46:56.249649+00:00,A_VERIFIER_IDENTITE_ET_PERIODE
0CG.F,0001364954,Assets,Assets,280976000,USD,,2017-03-31,2017-05-01,10-Q,0001364954-17-000103,2017,Q1,https://data.sec.gov/api/xbrl/companyfacts/CIK0001364954.json,2026-10-10T12:46:56.249661+00:00,A_VERIFIER_IDENTITE_ET_PERIODE
0CG.F,0001364954,Assets,Assets,268157000,USD,,2017-06-30,2017-07-31,10-Q,0001364954-17-000157,2017,Q2,https://data.sec.gov/api/xbrl/companyfacts/CIK0001364954.json,2026-10-10T12:46:56.249672+00:00,A_VERIFIER_IDENTITE_ET_PERIODE
0CG.F,0001364954,Assets,Assets,440152000,USD,,2017-09-30,2017-10-30,10-Q,0001364954-17-000188,2017,Q3,https://data.sec.gov/api/xbrl/companyfacts/CIK0001364954.json,2026-10-10T12:46:56.249683+00:00,A_VERIFIER_IDENTITE_ET_PERIODE
0CG.F,0001364954,Assets,Assets,446930000,USD,,2017-12-31,2018-02-26,10-K,0001364954-18-000039,2017,FY,https://data.sec.gov/api/xbrl/companyfacts/CIK0001364954.json,2026-10-10T12:46:56.249694+00:00,A_VERIFIER_IDENTITE_ET_PERIODE
0CG.F,0001364954,Assets,Assets,446930000,USD,,2017-12-31,2018-04-26,10-Q,0001364954-18-000113,2018,Q1,https://data.sec.gov/api/xbrl/companyfacts/CIK0001364954.json,2026-10-10T12:46:56.249705+00:00,A_VERIFIER_IDENTITE_ET_PERIODE
0CG.F,0001364954,Assets,Assets,446930000,USD,,2017-12-31,2018-07-30,10-Q,0001364954-18-000170,2018,Q2,https://data.sec.gov/api/xbrl/companyfacts/CIK0001364954.json,2026-10-10T12:46:56.249717+00:00,A_VERIFIER_IDENTITE_ET_PERIODE
0CG.F,0001364954,Assets,Assets,446930000,USD,,2017-12-31,2018-10-29,10-Q,0001364954-18-000200,2018,Q3,https://data.sec.gov/api/xbrl/companyfacts/CIK0001364954.json,2026-10-10T12:46:56.249728+00:00,A_VERIFIER_IDENTITE_ET_PERIODE
0CG.F,0001364954,Assets,Assets,446930000,USD,,2017-12-31,2019-02-25,10-K,0001364954-19-000027,2018,FY,https://data.sec.gov/api/xbrl/companyfacts/CIK0001364954.json,2026-10-10T12:46:56.249739+00:00,A_VERIFIER_IDENTITE_ET_PERIODE
0CG.F,0001364954,Assets,Assets,423478000,USD,,2018-03-31,2018-04-26,10-Q,0001364954-18-000113,2018,Q1,https://data.sec.gov/api/xbrl/companyfacts/CIK0001364954.json,2026-10-10T12:46:56.249751+00:00,A_VERIFIER_IDENTITE_ET_PERIODE
0CG.F,0001364954,Assets,Assets,720571000,USD,,2018-06-30,2018-07-30,10-Q,0001364954-18-000170,2018,Q2,https://data.sec.gov/api/xbrl/companyfacts/CIK0001364954.json,2026-10-10T12:46:56.249763+00:00,A_VERIFIER_IDENTITE_ET_PERIODE
0CG.F,0001364954,Assets,Assets,752292000,USD,,2018-09-30,2018-10-29,10-Q,0001364954-18-000200,2018,Q3,https://data.sec.gov/api/xbrl/companyfacts/CIK0001364954.json,2026-10-10T12:46:56.249774+00:00,A_VERIFIER_IDENTITE_ET_PERIODE
0CG.F,0001364954,Assets,Assets,760938000,USD,,2018-12-31,2019-02-25,10-K,0001364954-19-000027,2018,FY,https://data.sec.gov/api/xbrl/companyfacts/CIK0001364954.json,2026-10-10T12:46:56.249785+00:00,A_VERIFIER_IDENTITE_ET_PERIODE
0CG.F,0001364954,Assets,Assets,760938000,USD,,2018-12-31,2019-04-29,10-Q,0001364954-19-000125,2019,Q1,https://data.sec.gov/api/xbrl/companyfacts/CIK0001364954.json,2026-10-10T12:46:56.249796+00:00,A_VERIFIER_IDENTITE_ET_PERIODE
0CG.F,0001364954,Assets,Assets,760938000,USD,,2018-12-31,2019-07-29,10-Q,0001364954-19-000188,2019,Q2,https://data.sec.gov/api/xbrl/companyfacts/CIK0001364954.json,2026-10-10T12:46:56.249807+00:00,A_VERIFIER_IDENTITE_ET_PERIODE
0CG.F,0001364954,Assets,Assets,760938000,USD,,2018-12-31,2019-11-04,10-Q,0001364954-19-000251,2019,Q3,https://data.sec.gov/api/xbrl/companyfacts/CIK0001364954.json,2026-10-10T12:46:56.249820+00:00,A_VERIFIER_IDENTITE_ET_PERIODE
0CG.F,0001364954,Assets,Assets,760938000,USD,,2018-12-31,2020-02-20,10-K,0001364954-20-000041,2019,FY,https://data.sec.gov/api/xbrl/companyfacts/CIK0001364954.json,2026-10-10T12:46:56.249832+00:00,A_VERIFIER_IDENTITE_ET_PERIODE
0CG.F,0001364954,Assets,Assets,1309215000,USD,,2019-03-31,2019-04-29,10-Q,0001364954-19-000125,2019,Q1,https://data.sec.gov/api/xbrl/companyfacts/CIK0001364954.json,2026-10-10T12:46:56.249843+00:00,A_VERIFIER_IDENTITE_ET_PERIODE
0CG.F,0001364954,Assets,Assets,1415683000,USD,,2019-06-30,2019-07-29,10-Q,0001364954-19-000188,2019,Q2,https://data.sec.gov/api/xbrl/companyfacts/CIK0001364954.json,2026-10-10T12:46:56.249854+00:00,A_VERIFIER_IDENTITE_ET_PERIODE
0CG.F,0001364954,Assets,Assets,1463692000,USD,,2019-09-30,2019-11-04,10-Q,0001364954-19-000251,2019,Q3,https://data.sec.gov/api/xbrl/companyfacts/CIK0001364954.json,2026-10-10T12:46:56.249867+00:00,A_VERIFIER_IDENTITE_ET_PERIODE
0CG.F,0001364954,Assets,Assets,1488998000,USD,,2019-12-31,2020-02-20,10-K,0001364954-20-000041,2019,FY,https://data.sec.gov/api/xbrl/companyfacts/CIK0001364954.json,2026-10-10T12:46:56.249878+00:00,A_VERIFIER_IDENTITE_ET_PERIODE
0CG.F,0001364954,Assets,Assets,1488998000,USD,,2019-12-31,2020-05-04,10-Q,0001364954-20-000094,2020,Q1,https://data.sec.gov/api/xbrl/companyfacts/CIK0001364954.json,2026-10-10T12:46:56.249889+00:00,A_VERIFIER_IDENTITE_ET_PERIODE
0CG.F,0001364954,Assets,Assets,1488998000,USD,,2019-12-31,2020-08-03,10-Q,0001364954-20-000172,2020,Q2,https://data.sec.gov/api/xbrl/companyfacts/CIK0001364954.json,2026-10-10T12:46:56.249901+00:00,A_VERIFIER_IDENTITE_ET_PERIODE
0CG.F,0001364954,Assets,Assets,1488998000,USD,,2019-12-31,2020-10-26,10-Q,0001364954-20-000210,2020,Q3,https://data.sec.gov/api/xbrl/companyfacts/CIK0001364954.json,2026-10-10T12:46:56.249912+00:00,A_VERIFIER_IDENTITE_ET_PERIODE
0CG.F,0001364954,Assets,Assets,1488998000,USD,,2019-12-31,2021-02-22,10-K,0001364954-21-000013,2020,FY,https://data.sec.gov/api/xbrl/companyfacts/CIK0001364954.json,2026-10-10T12:46:56.249924+00:00,A_VERIFIER_IDENTITE_ET_PERIODE
0CG.F,0001364954,Assets,Assets,1495004000,USD,,2020-03-31,2020-05-04,10-Q,0001364954-20-000094,2020,Q1,https://data.sec.gov/api/xbrl/companyfacts/CIK0001364954.json,2026-10-10T12:46:56.249935+00:00,A_VERIFIER_IDENTITE_ET_PERIODE
0CG.F,0001364954,Assets,Assets,1539878000,USD,,2020-06-30,2020-08-03,10-Q,0001364954-20-000172,2020,Q2,https://data.sec.gov/api/xbrl/companyfacts/CIK0001364954.json,2026-10-10T12:46:56.249946+00:00,A_VERIFIER_IDENTITE_ET_PERIODE
0CG.F,0001364954,Assets,Assets,2341657000,USD,,2020-09-30,2020-10-26,10-Q,0001364954-20-000210,2020,Q3,https://data.sec.gov/api/xbrl/companyfacts/CIK0001364954.json,2026-10-10T12:46:56.249957+00:00,A_VERIFIER_IDENTITE_ET_PERIODE
0CG.F,0001364954,Assets,Assets,2251258000,USD,,2020-12-31,2021-02-22,10-K,0001364954-21-000013,2020,FY,https://data.sec.gov/api/xbrl/companyfacts/CIK0001364954.json,2026-10-10T12:46:56.249968+00:00,A_VERIFIER_IDENTITE_ET_PERIODE
0CG.F,0001364954,Assets,Assets,2251258000,USD,,2020-12-31,2021-05-03,10-Q,0001364954-21-000048,2021,Q1,https://data.sec.gov/api/xbrl/companyfacts/CIK0001364954.json,2026-10-10T12:46:56.249981+00:00,A_VERIFIER_IDENTITE_ET_PERIODE
0CG.F,0001364954,Assets,Assets,2251258000,USD,,2020-12-31,2021-08-09,10-Q,0001364954-21-000071,2021,Q2,https://data.sec.gov/api/xbrl/companyfacts/CIK0001364954.json,2026-10-10T12:46:56.249992+00:00,A_VERIFIER_IDENTITE_ET_PERIODE
0CG.F,0001364954,Assets,Assets,2251258000,USD,,2020-12-31,2021-11-01,10-Q,0001364954-21-000113,2021,Q3,https://data.sec.gov/api/xbrl/companyfacts/CIK0001364954.json,2026-10-10T12:46:56.250003+00:00,A_VERIFIER_IDENTITE_ET_PERIODE
0CG.F,0001364954,Assets,Assets,2251258000,USD,,2020-12-31,2022-02-22,10-K,0001364954-22-000011,2021,FY,https://data.sec.gov/api/xbrl/companyfacts/CIK0001364954.json,2026-10-10T12:46:56.250014+00:00,A_VERIFIER_IDENTITE_ET_PERIODE
0CG.F,0001364954,Assets,Assets,3193561000,USD,,2021-03-31,2021-05-03,10-Q,0001364954-21-000048,2021,Q1,https://data.sec.gov/api/xbrl/companyfacts/CIK0001364954.json,2026-10-10T12:46:56.250025+00:00,A_VERIFIER_IDENTITE_ET_PERIODE
0CG.F,0001364954,Assets,Assets,3150947000,USD,,2021-06-30,2021-08-09,10-Q,0001364954-21-000071,2021,Q2,https://data.sec.gov/api/xbrl/companyfacts/CIK0001364954.json,2026-10-10T12:46:56.250036+00:00,A_VERIFIER_IDENTITE_ET_PERIODE
0CG.F,0001364954,Assets,Assets,3187495000,USD,,2021-09-30,2021-11-01,10-Q,0001364954-21-000113,2021,Q3,https://data.sec.gov/api/xbrl/companyfacts/CIK0001364954.json,2026-10-10T12:46:56.250047+00:00,A_VERIFIER_IDENTITE_ET_PERIODE
0CG.F,0001364954,Assets,Assets,2919246000,USD,,2021-12-31,2022-02-22,10-K,0001364954-22-000011,2021,FY,https://data.sec.gov/api/xbrl/companyfacts/CIK0001364954.json,2026-10-10T12:46:56.250059+00:00,A_VERIFIER_IDENTITE_ET_PERIODE
0CG.F,0001364954,Assets,Assets,2919246000,USD,,2021-12-31,2022-05-02,10-Q,0001364954-22-000050,2022,Q1,https://data.sec.gov/api/xbrl/companyfacts/CIK0001364954.json,2026-10-10T12:46:56.250070+00:00,A_VERIFIER_IDENTITE_ET_PERIODE
0CG.F,0001364954,Assets,Assets,2919246000,USD,,2021-12-31,2022-08-04,10-Q,0001364954-22-000088,2022,Q2,https://data.sec.gov/api/xbrl/companyfacts/CIK0001364954.json,2026-10-10T12:46:56.250081+00:00,A_VERIFIER_IDENTITE_ET_PERIODE
0CG.F,0001364954,Assets,Assets,2919246000,USD,,2021-12-31,2022-11-01,10-Q,0001364954-22-000107,2022,Q3,https://data.sec.gov/api/xbrl/companyfacts/CIK0001364954.json,2026-10-10T12:46:56.250094+00:00,A_VERIFIER_IDENTITE_ET_PERIODE
0CG.F,0001364954,Assets,Assets,2919246000,USD,,2021-12-31,2023-02-21,10-K,0001364954-23-000013,2022,FY,https://data.sec.gov/api/xbrl/companyfacts/CIK0001364954.json,2026-10-10T12:46:56.250105+00:00,A_VERIFIER_IDENTITE_ET_PERIODE
0CG.F,0001364954,Assets,Assets,2662470000,USD,,2022-03-31,2022-05-02,10-Q,0001364954-22-000050,2022,Q1,https://data.sec.gov/api/xbrl/companyfacts/CIK0001364954.json,2026-10-10T12:46:56.250116+00:00,A_VERIFIER_IDENTITE_ET_PERIODE
0CG.F,0001364954,Assets,Assets,2654519000,USD,,2022-06-30,2022-08-04,10-Q,0001364954-22-000088,2022,Q2,https://data.sec.gov/api/xbrl/companyfacts/CIK0001364954.json,2026-10-10T12:46:56.250127+00:00,A_VERIFIER_IDENTITE_ET_PERIODE
0CG.F,0001364954,Assets,Assets,2397861000,USD,,2022-09-30,2022-11-01,10-Q,0001364954-22-000107,2022,Q3,https://data.sec.gov/api/xbrl/companyfacts/CIK0001364954.json,2026-10-10T12:46:56.250138+00:00,A_VERIFIER_IDENTITE_ET_PERIODE
0CG.F,0001364954,Assets,Assets,2465416000,USD,,2022-12-31,2023-02-21,10-K,0001364954-23-000013,2022,FY,https://data.sec.gov/api/xbrl/companyfacts/CIK0001364954.json,2026-10-10T12:46:56.250149+00:00,A_VERIFIER_IDENTITE_ET_PERIODE
0CG.F,0001364954,Assets,Assets,2465416000,USD,,2022-12-31,2023-05-01,10-Q,0001364954-23-000068,2023,Q1,https://data.sec.gov/api/xbrl/companyfacts/CIK0001364954.json,2026-10-10T12:46:56.250167+00:00,A_VERIFIER_IDENTITE_ET_PERIODE
0CG.F,0001364954,Assets,Assets,2465416000,USD,,2022-12-31,2023-08-07,10-Q,0001364954-23-000121,2023,Q2,https://data.sec.gov/api/xbrl/companyfacts/CIK0001364954.json,2026-10-10T12:46:56.250182+00:00,A_VERIFIER_IDENTITE_ET_PERIODE
0CG.F,0001364954,Assets,Assets,2465416000,USD,,2022-12-31,2023-10-30,10-Q,0001364954-23-000146,2023,Q3,https://data.sec.gov/api/xbrl/companyfacts/CIK0001364954.json,2026-10-10T12:46:56.250193+00:00,A_VERIFIER_IDENTITE_ET_PERIODE
0CG.F,0001364954,Assets,Assets,2465416000,USD,,2022-12-31,2024-02-20,10-K,0001364954-24-000009,2023,FY,https://data.sec.gov/api/xbrl/companyfacts/CIK0001364954.json,2026-10-10T12:46:56.250204+00:00,A_VERIFIER_IDENTITE_ET_PERIODE
0CG.F,0001364954,Assets,Assets,2361787000,USD,,2023-03-31,2023-05-01,10-Q,0001364954-23-000068,2023,Q1,https://data.sec.gov/api/xbrl/companyfacts/CIK0001364954.json,2026-10-10T12:46:56.250219+00:00,A_VERIFIER_IDENTITE_ET_PERIODE
0CG.F,0001364954,Assets,Assets,1968535000,USD,,2023-06-30,2023-08-07,10-Q,0001364954-23-000121,2023,Q2,https://data.sec.gov/api/xbrl/companyfacts/CIK0001364954.json,2026-10-10T12:46:56.250230+00:00,A_VERIFIER_IDENTITE_ET_PERIODE
0CG.F,0001364954,Assets,Assets,1804639000,USD,,2023-09-30,2023-10-30,10-Q,0001364954-23-000146,2023,Q3,https://data.sec.gov/api/xbrl/companyfacts/CIK0001364954.json,2026-10-10T12:46:56.250242+00:00,A_VERIFIER_IDENTITE_ET_PERIODE
0CG.F,0001364954,Assets,Assets,1727235000,USD,,2023-12-31,2024-02-20,10-K,0001364954-24-000009,2023,FY,https://data.sec.gov/api/xbrl/companyfacts/CIK0001364954.json,2026-10-10T12:46:56.250253+00:00,A_VERIFIER_IDENTITE_ET_PERIODE
0CG.F,0001364954,Assets,Assets,1727235000,USD,,2023-12-31,2024-04-29,10-Q,0001364954-24-000042,2024,Q1,https://data.sec.gov/api/xbrl/companyfacts/CIK0001364954.json,2026-10-10T12:46:56.250264+00:00,A_VERIFIER_IDENTITE_ET_PERIODE
0CG.F,0001364954,Assets,Assets,1727235000,USD,,2023-12-31,2024-08-05,10-Q,0001364954-24-000072,2024,Q2,https://data.sec.gov/api/xbrl/companyfacts/CIK0001364954.json,2026-10-10T12:46:56.250275+00:00,A_VERIFIER_IDENTITE_ET_PERIODE
0CG.F,0001364954,Assets,Assets,1727235000,USD,,2023-12-31,2024-11-12,10-Q,0001364954-24-000085,2024,Q3,https://data.sec.gov/api/xbrl/companyfacts/CIK0001364954.json,2026-10-10T12:46:56.250287+00:00,A_VERIFIER_IDENTITE_ET_PERIODE
0CG.F,0001364954,Assets,Assets,1727235000,USD,,2023-12-31,2025-02-24,10-K,0001364954-25-000013,2024,FY,https://data.sec.gov/api/xbrl/companyfacts/CIK0001364954.json,2026-10-10T12:46:56.250298+00:00,A_VERIFIER_IDENTITE_ET_PERIODE
0CG.F,0001364954,Assets,Assets,1732644000,USD,,2024-03-31,2024-04-29,10-Q,0001364954-24-000042,2024,Q1,https://data.sec.gov/api/xbrl/companyfacts/CIK0001364954.json,2026-10-10T12:46:56.250309+00:00,A_VERIFIER_IDENTITE_ET_PERIODE
0CG.F,0001364954,Assets,Assets,1114330000,USD,,2024-06-30,2024-08-05,10-Q,0001364954-24-000072,2024,Q2,https://data.sec.gov/api/xbrl/companyfacts/CIK0001364954.json,2026-10-10T12:46:56.250320+00:00,A_VERIFIER_IDENTITE_ET_PERIODE
0CG.F,0001364954,Assets,Assets,1002672000,USD,,2024-09-30,2024-11-12,10-Q,0001364954-24-000085,2024,Q3,https://data.sec.gov/api/xbrl/companyfacts/CIK0001364954.json,2026-10-10T12:46:56.250332+00:00,A_VERIFIER_IDENTITE_ET_PERIODE
0CG.F,0001364954,Assets,Assets,868951000,USD,,2024-12-31,2025-02-24,10-K,0001364954-25-000013,2024,FY,https://data.sec.gov/api/xbrl/companyfacts/CIK0001364954.json,2026-10-10T12:46:56.250343+00:00,A_VERIFIER_IDENTITE_ET_PERIODE
0CG.F,0001364954,Assets,Assets,868951000,USD,,2024-12-31,2025-05-12,10-Q,0001364954-25-000052,2025,Q1,https://data.sec.gov/api/xbrl/companyfacts/CIK0001364954.json,2026-10-10T12:46:56.250354+00:00,A_VERIFIER_IDENTITE_ET_PERIODE
0CG.F,0001364954,Assets,Assets,868951000,USD,,2024-12-31,2025-08-08,10-Q,0001364954-25-000096,2025,Q2,https://data.sec.gov/api/xbrl/companyfacts/CIK0001364954.json,2026-10-10T12:46:56.250365+00:00,A_VERIFIER_IDENTITE_ET_PERIODE
0CG.F,0001364954,Assets,Assets,868951000,USD,,2024-12-31,2025-11-10,10-Q,0001364954-25-000117,2025,Q3,https://data.sec.gov/api/xbrl/companyfacts/CIK0001364954.json,2026-10-10T12:46:56.250376+00:00,A_VERIFIER_IDENTITE_ET_PERIODE
0CG.F,0001364954,Assets,Assets,868951000,USD,,2024-12-31,2026-03-09,10-K,0001364954-26-000021,2025,FY,https://data.sec.gov/api/xbrl/companyfacts/CIK0001364954.json,2026-10-10T12:46:56.250387+00:00,A_VERIFIER_IDENTITE_ET_PERIODE
0CG.F,0001364954,Assets,Assets,438769000,USD,,2025-03-31,2025-05-12,10-Q,0001364954-25-000052,2025,Q1,https://data.sec.gov/api/xbrl/companyfacts/CIK0001364954.json,2026-10-10T12:46:56.250398+00:00,A_VERIFIER_IDENTITE_ET_PERIODE
0CG.F,0001364954,Assets,Assets,404453000,USD,,2025-06-30,2025-08-08,10-Q,0001364954-25-000096,2025,Q2,https://data.sec.gov/api/xbrl/companyfacts/CIK0001364954.json,2026-10-10T12:46:56.250409+00:00,A_VERIFIER_IDENTITE_ET_PERIODE
0CG.F,0001364954,Assets,Assets,378271000,USD,,2025-09-30,2025-11-10,10-Q,0001364954-25-000117,2025,Q3,https://data.sec.gov/api/xbrl/companyfacts/CIK0001364954.json,2026-10-10T12:46:56.250422+00:00,A_VERIFIER_IDENTITE_ET_PERIODE
0CG.F,0001364954,Assets,Assets,278014000,USD,,2025-12-31,2026-03-09,10-K,0001364954-26-000021,2025,FY,https://data.sec.gov/api/xbrl/companyfacts/CIK0001364954.json,2026-10-10T12:46:56.250433+00:00,A_VERIFIER_IDENTITE_ET_PERIODE
0CG.F,0001364954,Assets,Assets,278014000,USD,,2025-12-31,2026-05-11,10-Q,0001364954-26-000048,2026,Q1,https://data.sec.gov/api/xbrl/companyfacts/CIK0001364954.json,2026-10-10T12:46:56.250445+00:00,A_VERIFIER_IDENTITE_ET_PERIODE
0CG.F,0001364954,Assets,Assets,278014000,USD,,2025-12-31,2026-08-06,10-Q,0001364954-26-000088,2026,Q2,https://data.sec.gov/api/xbrl/companyfacts/CIK0001364954.json,2026-10-10T12:46:56.250456+00:00,A_VERIFIER_IDENTITE_ET_PERIODE
0CG.F,0001364954,Assets,Assets,244102000,USD,,2026-03-31,2026-05-11,10-Q,0001364954-26-000048,2026,Q1,https://data.sec.gov/api/xbrl/companyfacts/CIK0001364954.json,2026-10-10T12:46:56.250467+00:00,A_VERIFIER_IDENTITE_ET_PERIODE
0CG.F,0001364954,Assets,Assets,227625000,USD,,2026-06-30,2026-08-06,10-Q,0001364954-26-000088,2026,Q2,https://data.sec.gov/api/xbrl/companyfacts/CIK0001364954.json,2026-10-10T12:46:56.250479+00:00,A_VERIFIER_IDENTITE_ET_PERIODE
0CG.F,0001364954,Liabilities,Liabilities,53131000,USD,,2013-12-31,2014-05-12,10-Q,0001564590-14-002022,2014,Q1,https://data.sec.gov/api/xbrl/companyfacts/CIK0001364954.json,2026-10-10T12:46:56.250492+00:00,A_VERIFIER_IDENTITE_ET_PERIODE
0CG.F,0001364954,Liabilities,Liabilities,53131000,USD,,2013-12-31,2014-08-08,10-Q,0001564590-14-003407,2014,Q2,https://data.sec.gov/api/xbrl/companyfacts/CIK0001364954.json,2026-10-10T12:46:56.250503+00:00,A_VERIFIER_IDENTITE_ET_PERIODE
0CG.F,0001364954,Liabilities,Liabilities,53131000,USD,,2013-12-31,2014-11-07,10-Q,0001564590-14-005296,2014,Q3,https://data.sec.gov/api/xbrl/companyfacts/CIK0001364954.json,2026-10-10T12:46:56.250514+00:00,A_VERIFIER_IDENTITE_ET_PERIODE
0CG.F,0001364954,Liabilities,Liabilities,53131000,USD,,2013-12-31,2015-03-06,10-K,0001364954-15-000009,2014,FY,https://data.sec.gov/api/xbrl/companyfacts/CIK0001364954.json,2026-10-10T12:46:56.250526+00:00,A_VERIFIER_IDENTITE_ET_PERIODE
0CG.F,0001364954,Liabilities,Liabilities,80837000,USD,,2014-03-31,2014-05-12,10-Q,0001564590-14-002022,2014,Q1,https://data.sec.gov/api/xbrl/companyfacts/CIK0001364954.json,2026-10-10T12:46:56.250537+00:00,A_VERIFIER_IDENTITE_ET_PERIODE
0CG.F,0001364954,Liabilities,Liabilities,59166000,USD,,2014-06-30,2014-08-08,10-Q,0001564590-14-003407,2014,Q2,https://data.sec.gov/api/xbrl/companyfacts/CIK0001364954.json,2026-10-10T12:46:56.250548+00:00,A_VERIFIER_IDENTITE_ET_PERIODE
0CG.F,0001364954,Liabilities,Liabilities,113403000,USD,,2014-09-30,2014-11-07,10-Q,0001564590-14-005296,2014,Q3,https://data.sec.gov/api/xbrl/companyfacts/CIK0001364954.json,2026-10-10T12:46:56.250561+00:00,A_VERIFIER_IDENTITE_ET_PERIODE
0CG.F,0001364954,Liabilities,Liabilities,71084000,USD,,2014-12-31,2015-03-06,10-K,0001364954-15-000009,2014,FY,https://data.sec.gov/api/xbrl/companyfacts/CIK0001364954.json,2026-10-10T12:46:56.250573+00:00,A_VERIFIER_IDENTITE_ET_PERIODE
0CG.F,0001364954,Liabilities,Liabilities,71084000,USD,,2014-12-31,2015-05-08,10-Q,0001364954-15-000032,2015,Q1,https://data.sec.gov/api/xbrl/companyfacts/CIK0001364954.json,2026-10-10T12:46:56.250584+00:00,A_VERIFIER_IDENTITE_ET_PERIODE
0CG.F,0001364954,Liabilities,Liabilities,71084000,USD,,2014-12-31,2015-08-06,10-Q,0001364954-15-000088,2015,Q2,https://data.sec.gov/api/xbrl/companyfacts/CIK0001364954.json,2026-10-10T12:46:56.250594+00:00,A_VERIFIER_IDENTITE_ET_PERIODE
0CG.F,0001364954,Liabilities,Liabilities,71084000,USD,,2014-12-31,2015-11-05,10-Q,0001364954-15-000150,2015,Q3,https://data.sec.gov/api/xbrl/companyfacts/CIK0001364954.json,2026-10-10T12:46:56.250606+00:00,A_VERIFIER_IDENTITE_ET_PERIODE
0CG.F,0001364954,Liabilities,Liabilities,71084000,USD,,2014-12-31,2015-12-21,10-Q,0001364954-15-000198,2015,Q2,https://data.sec.gov/api/xbrl/companyfacts/CIK0001364954.json,2026-10-10T12:46:56.250617+00:00,A_VERIFIER_IDENTITE_ET_PERIODE
0CG.F,0001364954,Liabilities,Liabilities,71084000,USD,,2014-12-31,2015-12-21,10-Q,0001364954-15-000199,2015,Q3,https://data.sec.gov/api/xbrl/companyfacts/CIK0001364954.json,2026-10-10T12:46:56.250628+00:00,A_VERIFIER_IDENTITE_ET_PERIODE
0CG.F,0001364954,Liabilities,Liabilities,71084000,USD,,2014-12-31,2016-03-04,10-K,0001364954-16-000291,2015,FY,https://data.sec.gov/api/xbrl/companyfacts/CIK0001364954.json,2026-10-10T12:46:56.250639+00:00,A_VERIFIER_IDENTITE_ET_PERIODE
0CG.F,0001364954,Liabilities,Liabilities,74287000,USD,,2015-03-31,2015-05-08,10-Q,0001364954-15-000032,2015,Q1,https://data.sec.gov/api/xbrl/companyfacts/CIK0001364954.json,2026-10-10T12:46:56.250650+00:00,A_VERIFIER_IDENTITE_ET_PERIODE
0CG.F,0001364954,Liabilities,Liabilities,52219000,USD,,2015-06-30,2015-08-06,10-Q,0001364954-15-000088,2015,Q2,https://data.sec.gov/api/xbrl/companyfacts/CIK0001364954.json,2026-10-10T12:46:56.250661+00:00,A_VERIFIER_IDENTITE_ET_PERIODE
0CG.F,0001364954,Liabilities,Liabilities,52219000,USD,,2015-06-30,2015-12-21,10-Q,0001364954-15-000198,2015,Q2,https://data.sec.gov/api/xbrl/companyfacts/CIK0001364954.json,2026-10-10T12:46:56.250673+00:00,A_VERIFIER_IDENTITE_ET_PERIODE
0CG.F,0001364954,Liabilities,Liabilities,101998000,USD,,2015-09-30,2015-11-05,10-Q,0001364954-15-000150,2015,Q3,https://data.sec.gov/api/xbrl/companyfacts/CIK0001364954.json,2026-10-10T12:46:56.250685+00:00,A_VERIFIER_IDENTITE_ET_PERIODE
0CG.F,0001364954,Liabilities,Liabilities,101998000,USD,,2015-09-30,2015-12-21,10-Q,0001364954-15-000199,2015,Q3,https://data.sec.gov/api/xbrl/companyfacts/CIK0001364954.json,2026-10-10T12:46:56.250696+00:00,A_VERIFIER_IDENTITE_ET_PERIODE
0CG.F,0001364954,Liabilities,Liabilities,60281000,USD,,2015-12-31,2016-03-04,10-K,0001364954-16-000291,2015,FY,https://data.sec.gov/api/xbrl/companyfacts/CIK0001364954.json,2026-10-10T12:46:56.250707+00:00,A_VERIFIER_IDENTITE_ET_PERIODE
0CG.F,0001364954,Liabilities,Liabilities,60281000,USD,,2015-12-31,2016-05-03,10-Q,0001364954-16-000337,2016,Q1,https://data.sec.gov/api/xbrl/companyfacts/CIK0001364954.json,2026-10-10T12:46:56.250718+00:00,A_VERIFIER_IDENTITE_ET_PERIODE
0CG.F,0001364954,Liabilities,Liabilities,60281000,USD,,2015-12-31,2016-08-03,10-Q,0001364954-16-000398,2016,Q2,https://data.sec.gov/api/xbrl/companyfacts/CIK0001364954.json,2026-10-10T12:46:56.250729+00:00,A_VERIFIER_IDENTITE_ET_PERIODE
0CG.F,0001364954,Liabilities,Liabilities,60281000,USD,,2015-12-31,2016-11-07,10-Q,0001364954-16-000457,2016,Q3,https://data.sec.gov/api/xbrl/companyfacts/CIK0001364954.json,2026-10-10T12:46:56.250740+00:00,A_VERIFIER_IDENTITE_ET_PERIODE
0CG.F,0001364954,Liabilities,Liabilities,60281000,USD,,2015-12-31,2017-02-23,10-K,0001364954-17-000031,2016,FY,https://data.sec.gov/api/xbrl/companyfacts/CIK0001364954.json,2026-10-10T12:46:56.250753+00:00,A_VERIFIER_IDENTITE_ET_PERIODE
0CG.F,0001364954,Liabilities,Liabilities,54319000,USD,,2016-03-31,2016-05-03,10-Q,0001364954-16-000337,2016,Q1,https://data.sec.gov/api/xbrl/companyfacts/CIK0001364954.json,2026-10-10T12:46:56.250765+00:00,A_VERIFIER_IDENTITE_ET_PERIODE
0CG.F,0001364954,Liabilities,Liabilities,71155000,USD,,2016-06-30,2016-08-03,10-Q,0001364954-16-000398,2016,Q2,https://data.sec.gov/api/xbrl/companyfacts/CIK0001364954.json,2026-10-10T12:46:56.250776+00:00,A_VERIFIER_IDENTITE_ET_PERIODE
0CG.F,0001364954,Liabilities,Liabilities,101105000,USD,,2016-09-30,2016-11-07,10-Q,0001364954-16-000457,2016,Q3,https://data.sec.gov/api/xbrl/companyfacts/CIK0001364954.json,2026-10-10T12:46:56.250789+00:00,A_VERIFIER_IDENTITE_ET_PERIODE
0CG.F,0001364954,Liabilities,Liabilities,68713000,USD,,2016-12-31,2017-02-23,10-K,0001364954-17-000031,2016,FY,https://data.sec.gov/api/xbrl/companyfacts/CIK0001364954.json,2026-10-10T12:46:56.250800+00:00,A_VERIFIER_IDENTITE_ET_PERIODE
0CG.F,0001364954,Liabilities,Liabilities,68713000,USD,,2016-12-31,2017-05-01,10-Q,0001364954-17-000103,2017,Q1,https://data.sec.gov/api/xbrl/companyfacts/CIK0001364954.json,2026-10-10T12:46:56.250811+00:00,A_VERIFIER_IDENTITE_ET_PERIODE
0CG.F,0001364954,Liabilities,Liabilities,68713000,USD,,2016-12-31,2017-07-31,10-Q,0001364954-17-000157,2017,Q2,https://data.sec.gov/api/xbrl/companyfacts/CIK0001364954.json,2026-10-10T12:46:56.250822+00:00,A_VERIFIER_IDENTITE_ET_PERIODE
0CG.F,0001364954,Liabilities,Liabilities,68713000,USD,,2016-12-31,2017-10-30,10-Q,0001364954-17-000188,2017,Q3,https://data.sec.gov/api/xbrl/companyfacts/CIK0001364954.json,2026-10-10T12:46:56.250833+00:00,A_VERIFIER_IDENTITE_ET_PERIODE
0CG.F,0001364954,Liabilities,Liabilities,68713000,USD,,2016-12-31,2018-02-26,10-K,0001364954-18-000039,2017,FY,https://data.sec.gov/api/xbrl/companyfacts/CIK0001364954.json,2026-10-10T12:46:56.250845+00:00,A_VERIFIER_IDENTITE_ET_PERIODE
0CG.F,0001364954,Liabilities,Liabilities,66914000,USD,,2017-03-31,2017-05-01,10-Q,0001364954-17-000103,2017,Q1,https://data.sec.gov/api/xbrl/companyfacts/CIK0001364954.json,2026-10-10T12:46:56.250856+00:00,A_VERIFIER_IDENTITE_ET_PERIODE
0CG.F,0001364954,Liabilities,Liabilities,46101000,USD,,2017-06-30,2017-07-31,10-Q,0001364954-17-000157,2017,Q2,https://data.sec.gov/api/xbrl/companyfacts/CIK0001364954.json,2026-10-10T12:46:56.250867+00:00,A_VERIFIER_IDENTITE_ET_PERIODE
0CG.F,0001364954,Liabilities,Liabilities,71198000,USD,,2017-09-30,2017-10-30,10-Q,0001364954-17-000188,2017,Q3,https://data.sec.gov/api/xbrl/companyfacts/CIK0001364954.json,2026-10-10T12:46:56.250878+00:00,A_VERIFIER_IDENTITE_ET_PERIODE
0CG.F,0001364954,Liabilities,Liabilities,55868000,USD,,2017-12-31,2018-02-26,10-K,0001364954-18-000039,2017,FY,https://data.sec.gov/api/xbrl/companyfacts/CIK0001364954.json,2026-10-10T12:46:56.250889+00:00,A_VERIFIER_IDENTITE_ET_PERIODE
0CG.F,0001364954,Liabilities,Liabilities,55868000,USD,,2017-12-31,2018-04-26,10-Q,0001364954-18-000113,2018,Q1,https://data.sec.gov/api/xbrl/companyfacts/CIK0001364954.json,2026-10-10T12:46:56.250902+00:00,A_VERIFIER_IDENTITE_ET_PERIODE
0CG.F,0001364954,Liabilities,Liabilities,55868000,USD,,2017-12-31,2018-07-30,10-Q,0001364954-18-000170,2018,Q2,https://data.sec.gov/api/xbrl/companyfacts/CIK0001364954.json,2026-10-10T12:46:56.250913+00:00,A_VERIFIER_IDENTITE_ET_PERIODE
0CG.F,0001364954,Liabilities,Liabilities,55868000,USD,,2017-12-31,2018-10-29,10-Q,0001364954-18-000200,2018,Q3,https://data.sec.gov/api/xbrl/companyfacts/CIK0001364954.json,2026-10-10T12:46:56.250924+00:00,A_VERIFIER_IDENTITE_ET_PERIODE
0CG.F,0001364954,Liabilities,Liabilities,55868000,USD,,2017-12-31,2019-02-25,10-K,0001364954-19-000027,2018,FY,https://data.sec.gov/api/xbrl/companyfacts/CIK0001364954.json,2026-10-10T12:46:56.250935+00:00,A_VERIFIER_IDENTITE_ET_PERIODE
0CG.F,0001364954,Liabilities,Liabilities,53467000,USD,,2018-03-31,2018-04-26,10-Q,0001364954-18-000113,2018,Q1,https://data.sec.gov/api/xbrl/companyfacts/CIK0001364954.json,2026-10-10T12:46:56.250947+00:00,A_VERIFIER_IDENTITE_ET_PERIODE
0CG.F,0001364954,Liabilities,Liabilities,331852000,USD,,2018-06-30,2018-07-30,10-Q,0001364954-18-000170,2018,Q2,https://data.sec.gov/api/xbrl/companyfacts/CIK0001364954.json,2026-10-10T12:46:56.250958+00:00,A_VERIFIER_IDENTITE_ET_PERIODE
0CG.F,0001364954,Liabilities,Liabilities,363711000,USD,,2018-09-30,2018-10-29,10-Q,0001364954-18-000200,2018,Q3,https://data.sec.gov/api/xbrl/companyfacts/CIK0001364954.json,2026-10-10T12:46:56.250969+00:00,A_VERIFIER_IDENTITE_ET_PERIODE
0CG.F,0001364954,Liabilities,Liabilities,350304000,USD,,2018-12-31,2019-02-25,10-K,0001364954-19-000027,2018,FY,https://data.sec.gov/api/xbrl/companyfacts/CIK0001364954.json,2026-10-10T12:46:56.250980+00:00,A_VERIFIER_IDENTITE_ET_PERIODE
0CG.F,0001364954,Liabilities,Liabilities,350304000,USD,,2018-12-31,2019-04-29,10-Q,0001364954-19-000125,2019,Q1,https://data.sec.gov/api/xbrl/companyfacts/CIK0001364954.json,2026-10-10T12:46:56.250991+00:00,A_VERIFIER_IDENTITE_ET_PERIODE
0CG.F,0001364954,Liabilities,Liabilities,350304000,USD,,2018-12-31,2019-07-29,10-Q,0001364954-19-000188,2019,Q2,https://data.sec.gov/api/xbrl/companyfacts/CIK0001364954.json,2026-10-10T12:46:56.251002+00:00,A_VERIFIER_IDENTITE_ET_PERIODE
0CG.F,0001364954,Liabilities,Liabilities,350304000,USD,,2018-12-31,2019-11-04,10-Q,0001364954-19-000251,2019,Q3,https://data.sec.gov/api/xbrl/companyfacts/CIK0001364954.json,2026-10-10T12:46:56.251015+00:00,A_VERIFIER_IDENTITE_ET_PERIODE
0CG.F,0001364954,Liabilities,Liabilities,350304000,USD,,2018-12-31,2020-02-20,10-K,0001364954-20-000041,2019,FY,https://data.sec.gov/api/xbrl/companyfacts/CIK0001364954.json,2026-10-10T12:46:56.251029+00:00,A_VERIFIER_IDENTITE_ET_PERIODE
0CG.F,0001364954,Liabilities,Liabilities,881078000,USD,,2019-03-31,2019-04-29,10-Q,0001364954-19-000125,2019,Q1,https://data.sec.gov/api/xbrl/companyfacts/CIK0001364954.json,2026-10-10T12:46:56.251041+00:00,A_VERIFIER_IDENTITE_ET_PERIODE
0CG.F,0001364954,Liabilities,Liabilities,956112000,USD,,2019-06-30,2019-07-29,10-Q,0001364954-19-000188,2019,Q2,https://data.sec.gov/api/xbrl/companyfacts/CIK0001364954.json,2026-10-10T12:46:56.251052+00:00,A_VERIFIER_IDENTITE_ET_PERIODE
0CG.F,0001364954,Liabilities,Liabilities,995180000,USD,,2019-09-30,2019-11-04,10-Q,0001364954-19-000251,2019,Q3,https://data.sec.gov/api/xbrl/companyfacts/CIK0001364954.json,2026-10-10T12:46:56.251063+00:00,A_VERIFIER_IDENTITE_ET_PERIODE
0CG.F,0001364954,Liabilities,Liabilities,990169000,USD,,2019-12-31,2020-02-20,10-K,0001364954-20-000041,2019,FY,https://data.sec.gov/api/xbrl/companyfacts/CIK0001364954.json,2026-10-10T12:46:56.251074+00:00,A_VERIFIER_IDENTITE_ET_PERIODE
0CG.F,0001364954,Liabilities,Liabilities,990169000,USD,,2019-12-31,2020-05-04,10-Q,0001364954-20-000094,2020,Q1,https://data.sec.gov/api/xbrl/companyfacts/CIK0001364954.json,2026-10-10T12:46:56.251085+00:00,A_VERIFIER_IDENTITE_ET_PERIODE
0CG.F,0001364954,Liabilities,Liabilities,990169000,USD,,2019-12-31,2020-08-03,10-Q,0001364954-20-000172,2020,Q2,https://data.sec.gov/api/xbrl/companyfacts/CIK0001364954.json,2026-10-10T12:46:56.251096+00:00,A_VERIFIER_IDENTITE_ET_PERIODE
0CG.F,0001364954,Liabilities,Liabilities,990169000,USD,,2019-12-31,2020-10-26,10-Q,0001364954-20-000210,2020,Q3,https://data.sec.gov/api/xbrl/companyfacts/CIK0001364954.json,2026-10-10T12:46:56.251107+00:00,A_VERIFIER_IDENTITE_ET_PERIODE
0CG.F,0001364954,Liabilities,Liabilities,990169000,USD,,2019-12-31,2021-02-22,10-K,0001364954-21-000013,2020,FY,https://data.sec.gov/api/xbrl/companyfacts/CIK0001364954.json,2026-10-10T12:46:56.251118+00:00,A_VERIFIER_IDENTITE_ET_PERIODE
0CG.F,0001364954,Liabilities,Liabilities,1032077000,USD,,2020-03-31,2020-05-04,10-Q,0001364954-20-000094,2020,Q1,https://data.sec.gov/api/xbrl/companyfacts/CIK0001364954.json,2026-10-10T12:46:56.251131+00:00,A_VERIFIER_IDENTITE_ET_PERIODE
0CG.F,0001364954,Liabilities,Liabilities,1041500000,USD,,2020-06-30,2020-08-03,10-Q,0001364954-20-000172,2020,Q2,https://data.sec.gov/api/xbrl/companyfacts/CIK0001364954.json,2026-10-10T12:46:56.251142+00:00,A_VERIFIER_IDENTITE_ET_PERIODE
0CG.F,0001364954,Liabilities,Liabilities,1696265000,USD,,2020-09-30,2020-10-26,10-Q,0001364954-20-000210,2020,Q3,https://data.sec.gov/api/xbrl/companyfacts/CIK0001364954.json,2026-10-10T12:46:56.251154+00:00,A_VERIFIER_IDENTITE_ET_PERIODE
0CG.F,0001364954,Liabilities,Liabilities,1641623000,USD,,2020-12-31,2021-02-22,10-K,0001364954-21-000013,2020,FY,https://data.sec.gov/api/xbrl/companyfacts/CIK0001364954.json,2026-10-10T12:46:56.251174+00:00,A_VERIFIER_IDENTITE_ET_PERIODE
0CG.F,0001364954,Liabilities,Liabilities,1641623000,USD,,2020-12-31,2021-05-03,10-Q,0001364954-21-000048,2021,Q1,https://data.sec.gov/api/xbrl/companyfacts/CIK0001364954.json,2026-10-10T12:46:56.251187+00:00,A_VERIFIER_IDENTITE_ET_PERIODE
0CG.F,0001364954,Liabilities,Liabilities,1641623000,USD,,2020-12-31,2021-08-09,10-Q,0001364954-21-000071,2021,Q2,https://data.sec.gov/api/xbrl/companyfacts/CIK0001364954.json,2026-10-10T12:46:56.251198+00:00,A_VERIFIER_IDENTITE_ET_PERIODE
0CG.F,0001364954,Liabilities,Liabilities,1641623000,USD,,2020-12-31,2021-11-01,10-Q,0001364954-21-000113,2021,Q3,https://data.sec.gov/api/xbrl/companyfacts/CIK0001364954.json,2026-10-10T12:46:56.251209+00:00,A_VERIFIER_IDENTITE_ET_PERIODE
0CG.F,0001364954,Liabilities,Liabilities,1641623000,USD,,2020-12-31,2022-02-22,10-K,0001364954-22-000011,2021,FY,https://data.sec.gov/api/xbrl/companyfacts/CIK0001364954.json,2026-10-10T12:46:56.251221+00:00,A_VERIFIER_IDENTITE_ET_PERIODE
0CG.F,0001364954,Liabilities,Liabilities,1950218000,USD,,2021-03-31,2021-05-03,10-Q,0001364954-21-000048,2021,Q1,https://data.sec.gov/api/xbrl/companyfacts/CIK0001364954.json,2026-10-10T12:46:56.251232+00:00,A_VERIFIER_IDENTITE_ET_PERIODE
0CG.F,0001364954,Liabilities,Liabilities,1813065000,USD,,2021-06-30,2021-08-09,10-Q,0001364954-21-000071,2021,Q2,https://data.sec.gov/api/xbrl/companyfacts/CIK0001364954.json,2026-10-10T12:46:56.251243+00:00,A_VERIFIER_IDENTITE_ET_PERIODE
0CG.F,0001364954,Liabilities,Liabilities,1832978000,USD,,2021-09-30,2021-11-01,10-Q,0001364954-21-000113,2021,Q3,https://data.sec.gov/api/xbrl/companyfacts/CIK0001364954.json,2026-10-10T12:46:56.251255+00:00,A_VERIFIER_IDENTITE_ET_PERIODE
0CG.F,0001364954,Liabilities,Liabilities,1812329000,USD,,2021-12-31,2022-02-22,10-K,0001364954-22-000011,2021,FY,https://data.sec.gov/api/xbrl/companyfacts/CIK0001364954.json,2026-10-10T12:46:56.251266+00:00,A_VERIFIER_IDENTITE_ET_PERIODE
0CG.F,0001364954,Liabilities,Liabilities,1812329000,USD,,2021-12-31,2022-05-02,10-Q,0001364954-22-000050,2022,Q1,https://data.sec.gov/api/xbrl/companyfacts/CIK0001364954.json,2026-10-10T12:46:56.251277+00:00,A_VERIFIER_IDENTITE_ET_PERIODE
0CG.F,0001364954,Liabilities,Liabilities,1812329000,USD,,2021-12-31,2022-08-04,10-Q,0001364954-22-000088,2022,Q2,https://data.sec.gov/api/xbrl/companyfacts/CIK0001364954.json,2026-10-10T12:46:56.251288+00:00,A_VERIFIER_IDENTITE_ET_PERIODE
0CG.F,0001364954,Liabilities,Liabilities,1812329000,USD,,2021-12-31,2022-11-01,10-Q,0001364954-22-000107,2022,Q3,https://data.sec.gov/api/xbrl/companyfacts/CIK0001364954.json,2026-10-10T12:46:56.251299+00:00,A_VERIFIER_IDENTITE_ET_PERIODE
0CG.F,0001364954,Liabilities,Liabilities,1812329000,USD,,2021-12-31,2023-02-21,10-K,0001364954-23-000013,2022,FY,https://data.sec.gov/api/xbrl/companyfacts/CIK0001364954.json,2026-10-10T12:46:56.251310+00:00,A_VERIFIER_IDENTITE_ET_PERIODE
0CG.F,0001364954,Liabilities,Liabilities,1853949000,USD,,2022-03-31,2022-05-02,10-Q,0001364954-22-000050,2022,Q1,https://data.sec.gov/api/xbrl/companyfacts/CIK0001364954.json,2026-10-10T12:46:56.251321+00:00,A_VERIFIER_IDENTITE_ET_PERIODE
0CG.F,0001364954,Liabilities,Liabilities,1835728000,USD,,2022-06-30,2022-08-04,10-Q,0001364954-22-000088,2022,Q2,https://data.sec.gov/api/xbrl/companyfacts/CIK0001364954.json,2026-10-10T12:46:56.251332+00:00,A_VERIFIER_IDENTITE_ET_PERIODE
0CG.F,0001364954,Liabilities,Liabilities,1351329000,USD,,2022-09-30,2022-11-01,10-Q,0001364954-22-000107,2022,Q3,https://data.sec.gov/api/xbrl/companyfacts/CIK0001364954.json,2026-10-10T12:46:56.251344+00:00,A_VERIFIER_IDENTITE_ET_PERIODE
0CG.F,0001364954,Liabilities,Liabilities,1348827000,USD,,2022-12-31,2023-02-21,10-K,0001364954-23-000013,2022,FY,https://data.sec.gov/api/xbrl/companyfacts/CIK0001364954.json,2026-10-10T12:46:56.251355+00:00,A_VERIFIER_IDENTITE_ET_PERIODE
0CG.F,0001364954,Liabilities,Liabilities,1348827000,USD,,2022-12-31,2023-05-01,10-Q,0001364954-23-000068,2023,Q1,https://data.sec.gov/api/xbrl/companyfacts/CIK0001364954.json,2026-10-10T12:46:56.251367+00:00,A_VERIFIER_IDENTITE_ET_PERIODE
0CG.F,0001364954,Liabilities,Liabilities,1348827000,USD,,2022-12-31,2023-08-07,10-Q,0001364954-23-000121,2023,Q2,https://data.sec.gov/api/xbrl/companyfacts/CIK0001364954.json,2026-10-10T12:46:56.251378+00:00,A_VERIFIER_IDENTITE_ET_PERIODE
0CG.F,0001364954,Liabilities,Liabilities,1348827000,USD,,2022-12-31,2023-10-30,10-Q,0001364954-23-000146,2023,Q3,https://data.sec.gov/api/xbrl/companyfacts/CIK0001364954.json,2026-10-10T12:46:56.251389+00:00,A_VERIFIER_IDENTITE_ET_PERIODE
0CG.F,0001364954,Liabilities,Liabilities,1348827000,USD,,2022-12-31,2024-02-20,10-K,0001364954-24-000009,2023,FY,https://data.sec.gov/api/xbrl/companyfacts/CIK0001364954.json,2026-10-10T12:46:56.251400+00:00,A_VERIFIER_IDENTITE_ET_PERIODE
0CG.F,0001364954,Liabilities,Liabilities,1355028000,USD,,2023-03-31,2023-05-01,10-Q,0001364954-23-000068,2023,Q1,https://data.sec.gov/api/xbrl/companyfacts/CIK0001364954.json,2026-10-10T12:46:56.251411+00:00,A_VERIFIER_IDENTITE_ET_PERIODE
0CG.F,0001364954,Liabilities,Liabilities,933534000,USD,,2023-06-30,2023-08-07,10-Q,0001364954-23-000121,2023,Q2,https://data.sec.gov/api/xbrl/companyfacts/CIK0001364954.json,2026-10-10T12:46:56.251423+00:00,A_VERIFIER_IDENTITE_ET_PERIODE
0CG.F,0001364954,Liabilities,Liabilities,771290000,USD,,2023-09-30,2023-10-30,10-Q,0001364954-23-000146,2023,Q3,https://data.sec.gov/api/xbrl/companyfacts/CIK0001364954.json,2026-10-10T12:46:56.251434+00:00,A_VERIFIER_IDENTITE_ET_PERIODE
0CG.F,0001364954,Liabilities,Liabilities,782617000,USD,,2023-12-31,2024-02-20,10-K,0001364954-24-000009,2023,FY,https://data.sec.gov/api/xbrl/companyfacts/CIK0001364954.json,2026-10-10T12:46:56.251445+00:00,A_VERIFIER_IDENTITE_ET_PERIODE
0CG.F,0001364954,Liabilities,Liabilities,782617000,USD,,2023-12-31,2024-04-29,10-Q,0001364954-24-000042,2024,Q1,https://data.sec.gov/api/xbrl/companyfacts/CIK0001364954.json,2026-10-10T12:46:56.251455+00:00,A_VERIFIER_IDENTITE_ET_PERIODE
0CG.F,0001364954,Liabilities,Liabilities,782617000,USD,,2023-12-31,2024-08-05,10-Q,0001364954-24-000072,2024,Q2,https://data.sec.gov/api/xbrl/companyfacts/CIK0001364954.json,2026-10-10T12:46:56.251466+00:00,A_VERIFIER_IDENTITE_ET_PERIODE
0CG.F,0001364954,Liabilities,Liabilities,782617000,USD,,2023-12-31,2024-11-12,10-Q,0001364954-24-000085,2024,Q3,https://data.sec.gov/api/xbrl/companyfacts/CIK0001364954.json,2026-10-10T12:46:56.251478+00:00,A_VERIFIER_IDENTITE_ET_PERIODE
0CG.F,0001364954,Liabilities,Liabilities,782617000,USD,,2023-12-31,2025-02-24,10-K,0001364954-25-000013,2024,FY,https://data.sec.gov/api/xbrl/companyfacts/CIK0001364954.json,2026-10-10T12:46:56.251490+00:00,A_VERIFIER_IDENTITE_ET_PERIODE
0CG.F,0001364954,Liabilities,Liabilities,769170000,USD,,2024-03-31,2024-04-29,10-Q,0001364954-24-000042,2024,Q1,https://data.sec.gov/api/xbrl/companyfacts/CIK0001364954.json,2026-10-10T12:46:56.251501+00:00,A_VERIFIER_IDENTITE_ET_PERIODE
0CG.F,0001364954,Liabilities,Liabilities,748830000,USD,,2024-06-30,2024-08-05,10-Q,0001364954-24-000072,2024,Q2,https://data.sec.gov/api/xbrl/companyfacts/CIK0001364954.json,2026-10-10T12:46:56.251512+00:00,A_VERIFIER_IDENTITE_ET_PERIODE
0CG.F,0001364954,Liabilities,Liabilities,817691000,USD,,2024-09-30,2024-11-12,10-Q,0001364954-24-000085,2024,Q3,https://data.sec.gov/api/xbrl/companyfacts/CIK0001364954.json,2026-10-10T12:46:56.251523+00:00,A_VERIFIER_IDENTITE_ET_PERIODE
0CG.F,0001364954,Liabilities,Liabilities,675970000,USD,,2024-12-31,2025-02-24,10-K,0001364954-25-000013,2024,FY,https://data.sec.gov/api/xbrl/companyfacts/CIK0001364954.json,2026-10-10T12:46:56.251534+00:00,A_VERIFIER_IDENTITE_ET_PERIODE
0CG.F,0001364954,Liabilities,Liabilities,675970000,USD,,2024-12-31,2025-05-12,10-Q,0001364954-25-000052,2025,Q1,https://data.sec.gov/api/xbrl/companyfacts/CIK0001364954.json,2026-10-10T12:46:56.251546+00:00,A_VERIFIER_IDENTITE_ET_PERIODE
0CG.F,0001364954,Liabilities,Liabilities,675970000,USD,,2024-12-31,2025-08-08,10-Q,0001364954-25-000096,2025,Q2,https://data.sec.gov/api/xbrl/companyfacts/CIK0001364954.json,2026-10-10T12:46:56.251557+00:00,A_VERIFIER_IDENTITE_ET_PERIODE
0CG.F,0001364954,Liabilities,Liabilities,675970000,USD,,2024-12-31,2025-11-10,10-Q,0001364954-25-000117,2025,Q3,https://data.sec.gov/api/xbrl/companyfacts/CIK0001364954.json,2026-10-10T12:46:56.251568+00:00,A_VERIFIER_IDENTITE_ET_PERIODE
0CG.F,0001364954,Liabilities,Liabilities,675970000,USD,,2024-12-31,2026-03-09,10-K,0001364954-26-000021,2025,FY,https://data.sec.gov/api/xbrl/companyfacts/CIK0001364954.json,2026-10-10T12:46:56.251579+00:00,A_VERIFIER_IDENTITE_ET_PERIODE
0CG.F,0001364954,Liabilities,Liabilities,253098000,USD,,2025-03-31,2025-05-12,10-Q,0001364954-25-000052,2025,Q1,https://data.sec.gov/api/xbrl/companyfacts/CIK0001364954.json,2026-10-10T12:46:56.251592+00:00,A_VERIFIER_IDENTITE_ET_PERIODE
0CG.F,0001364954,Liabilities,Liabilities,246597000,USD,,2025-06-30,2025-08-08,10-Q,0001364954-25-000096,2025,Q2,https://data.sec.gov/api/xbrl/companyfacts/CIK0001364954.json,2026-10-10T12:46:56.251603+00:00,A_VERIFIER_IDENTITE_ET_PERIODE
0CG.F,0001364954,Liabilities,Liabilities,232218000,USD,,2025-09-30,2025-11-10,10-Q,0001364954-25-000117,2025,Q3,https://data.sec.gov/api/xbrl/companyfacts/CIK0001364954.json,2026-10-10T12:46:56.251615+00:00,A_VERIFIER_IDENTITE_ET_PERIODE
0CG.F,0001364954,Liabilities,Liabilities,158391000,USD,,2025-12-31,2026-03-09,10-K,0001364954-26-000021,2025,FY,https://data.sec.gov/api/xbrl/companyfacts/CIK0001364954.json,2026-10-10T12:46:56.251625+00:00,A_VERIFIER_IDENTITE_ET_PERIODE
0CG.F,0001364954,Liabilities,Liabilities,158391000,USD,,2025-12-31,2026-05-11,10-Q,0001364954-26-000048,2026,Q1,https://data.sec.gov/api/xbrl/companyfacts/CIK0001364954.json,2026-10-10T12:46:56.251637+00:00,A_VERIFIER_IDENTITE_ET_PERIODE
0CG.F,0001364954,Liabilities,Liabilities,158391000,USD,,2025-12-31,2026-08-06,10-Q,0001364954-26-000088,2026,Q2,https://data.sec.gov/api/xbrl/companyfacts/CIK0001364954.json,2026-10-10T12:46:56.251648+00:00,A_VERIFIER_IDENTITE_ET_PERIODE
0CG.F,0001364954,Liabilities,Liabilities,122959000,USD,,2026-03-31,2026-05-11,10-Q,0001364954-26-000048,2026,Q1,https://data.sec.gov/api/xbrl/companyfacts/CIK0001364954.json,2026-10-10T12:46:56.251659+00:00,A_VERIFIER_IDENTITE_ET_PERIODE
0CG.F,0001364954,Liabilities,Liabilities,109011000,USD,,2026-06-30,2026-08-06,10-Q,0001364954-26-000088,2026,Q2,https://data.sec.gov/api/xbrl/companyfacts/CIK0001364954.json,2026-10-10T12:46:56.251670+00:00,A_VERIFIER_IDENTITE_ET_PERIODE
0CG.F,0001364954,OperatingIncome,OperatingIncomeLoss,-45255000,USD,2012-01-01,2012-12-31,2015-03-06,10-K,0001364954-15-000009,2014,FY,https://data.sec.gov/api/xbrl/companyfacts/CIK0001364954.json,2026-10-10T12:46:56.251683+00:00,A_VERIFIER_IDENTITE_ET_PERIODE
0CG.F,0001364954,OperatingIncome,OperatingIncomeLoss,-16170000,USD,2013-01-01,2013-03-31,2014-05-12,10-Q,0001564590-14-002022,2014,Q1,https://data.sec.gov/api/xbrl/companyfacts/CIK0001364954.json,2026-10-10T12:46:56.251695+00:00,A_VERIFIER_IDENTITE_ET_PERIODE
0CG.F,0001364954,OperatingIncome,OperatingIncomeLoss,-17637000,USD,2013-01-01,2013-06-30,2014-08-08,10-Q,0001564590-14-003407,2014,Q2,https://data.sec.gov/api/xbrl/companyfacts/CIK0001364954.json,2026-10-10T12:46:56.251708+00:00,A_VERIFIER_IDENTITE_ET_PERIODE
0CG.F,0001364954,OperatingIncome,OperatingIncomeLoss,-1467000,USD,2013-04-01,2013-06-30,2014-08-08,10-Q,0001564590-14-003407,2014,Q2,https://data.sec.gov/api/xbrl/companyfacts/CIK0001364954.json,2026-10-10T12:46:56.251719+00:00,A_VERIFIER_IDENTITE_ET_PERIODE
0CG.F,0001364954,OperatingIncome,OperatingIncomeLoss,-42541000,USD,2013-01-01,2013-09-30,2014-11-07,10-Q,0001564590-14-005296,2014,Q3,https://data.sec.gov/api/xbrl/companyfacts/CIK0001364954.json,2026-10-10T12:46:56.251730+00:00,A_VERIFIER_IDENTITE_ET_PERIODE
0CG.F,0001364954,OperatingIncome,OperatingIncomeLoss,-24904000,USD,2013-07-01,2013-09-30,2014-11-07,10-Q,0001564590-14-005296,2014,Q3,https://data.sec.gov/api/xbrl/companyfacts/CIK0001364954.json,2026-10-10T12:46:56.251741+00:00,A_VERIFIER_IDENTITE_ET_PERIODE
0CG.F,0001364954,OperatingIncome,OperatingIncomeLoss,-51031000,USD,2013-01-01,2013-12-31,2015-03-06,10-K,0001364954-15-000009,2014,FY,https://data.sec.gov/api/xbrl/companyfacts/CIK0001364954.json,2026-10-10T12:46:56.251752+00:00,A_VERIFIER_IDENTITE_ET_PERIODE
0CG.F,0001364954,OperatingIncome,OperatingIncomeLoss,-51031000,USD,2013-01-01,2013-12-31,2016-03-04,10-K,0001364954-16-000291,2015,FY,https://data.sec.gov/api/xbrl/companyfacts/CIK0001364954.json,2026-10-10T12:46:56.251764+00:00,A_VERIFIER_IDENTITE_ET_PERIODE
0CG.F,0001364954,OperatingIncome,OperatingIncomeLoss,-25601000,USD,2014-01-01,2014-03-31,2014-05-12,10-Q,0001564590-14-002022,2014,Q1,https://data.sec.gov/api/xbrl/companyfacts/CIK0001364954.json,2026-10-10T12:46:56.251775+00:00,A_VERIFIER_IDENTITE_ET_PERIODE
0CG.F,0001364954,OperatingIncome,OperatingIncomeLoss,-25601000,USD,2014-01-01,2014-03-31,2015-05-08,10-Q,0001364954-15-000032,2015,Q1,https://data.sec.gov/api/xbrl/companyfacts/CIK0001364954.json,2026-10-10T12:46:56.251786+00:00,A_VERIFIER_IDENTITE_ET_PERIODE
0CG.F,0001364954,OperatingIncome,OperatingIncomeLoss,-35243000,USD,2014-01-01,2014-06-30,2014-08-08,10-Q,0001564590-14-003407,2014,Q2,https://data.sec.gov/api/xbrl/companyfacts/CIK0001364954.json,2026-10-10T12:46:56.251797+00:00,A_VERIFIER_IDENTITE_ET_PERIODE
0CG.F,0001364954,OperatingIncome,OperatingIncomeLoss,-35243000,USD,2014-01-01,2014-06-30,2015-08-06,10-Q,0001364954-15-000088,2015,Q2,https://data.sec.gov/api/xbrl/companyfacts/CIK0001364954.json,2026-10-10T12:46:56.251808+00:00,A_VERIFIER_IDENTITE_ET_PERIODE
0CG.F,0001364954,OperatingIncome,OperatingIncomeLoss,-35243000,USD,2014-01-01,2014-06-30,2015-12-21,10-Q,0001364954-15-000198,2015,Q2,https://data.sec.gov/api/xbrl/companyfacts/CIK0001364954.json,2026-10-10T12:46:56.251820+00:00,A_VERIFIER_IDENTITE_ET_PERIODE
0CG.F,0001364954,OperatingIncome,OperatingIncomeLoss,-9642000,USD,2014-04-01,2014-06-30,2014-08-08,10-Q,0001564590-14-003407,2014,Q2,https://data.sec.gov/api/xbrl/companyfacts/CIK0001364954.json,2026-10-10T12:46:56.251831+00:00,A_VERIFIER_IDENTITE_ET_PERIODE
0CG.F,0001364954,OperatingIncome,OperatingIncomeLoss,-9642000,USD,2014-04-01,2014-06-30,2015-08-06,10-Q,0001364954-15-000088,2015,Q2,https://data.sec.gov/api/xbrl/companyfacts/CIK0001364954.json,2026-10-10T12:46:56.251842+00:00,A_VERIFIER_IDENTITE_ET_PERIODE
0CG.F,0001364954,OperatingIncome,OperatingIncomeLoss,-9642000,USD,2014-04-01,2014-06-30,2015-12-21,10-Q,0001364954-15-000198,2015,Q2,https://data.sec.gov/api/xbrl/companyfacts/CIK0001364954.json,2026-10-10T12:46:56.251854+00:00,A_VERIFIER_IDENTITE_ET_PERIODE
0CG.F,0001364954,OperatingIncome,OperatingIncomeLoss,-67877000,USD,2014-01-01,2014-09-30,2014-11-07,10-Q,0001564590-14-005296,2014,Q3,https://data.sec.gov/api/xbrl/companyfacts/CIK0001364954.json,2026-10-10T12:46:56.251866+00:00,A_VERIFIER_IDENTITE_ET_PERIODE
0CG.F,0001364954,OperatingIncome,OperatingIncomeLoss,-67877000,USD,2014-01-01,2014-09-30,2015-11-05,10-Q,0001364954-15-000150,2015,Q3,https://data.sec.gov/api/xbrl/companyfacts/CIK0001364954.json,2026-10-10T12:46:56.251877+00:00,A_VERIFIER_IDENTITE_ET_PERIODE
0CG.F,0001364954,OperatingIncome,OperatingIncomeLoss,-67877000,USD,2014-01-01,2014-09-30,2015-12-21,10-Q,0001364954-15-000199,2015,Q3,https://data.sec.gov/api/xbrl/companyfacts/CIK0001364954.json,2026-10-10T12:46:56.251888+00:00,A_VERIFIER_IDENTITE_ET_PERIODE
0CG.F,0001364954,OperatingIncome,OperatingIncomeLoss,-32634000,USD,2014-07-01,2014-09-30,2014-11-07,10-Q,0001564590-14-005296,2014,Q3,https://data.sec.gov/api/xbrl/companyfacts/CIK0001364954.json,2026-10-10T12:46:56.251899+00:00,A_VERIFIER_IDENTITE_ET_PERIODE
0CG.F,0001364954,OperatingIncome,OperatingIncomeLoss,-32634000,USD,2014-07-01,2014-09-30,2015-11-05,10-Q,0001364954-15-000150,2015,Q3,https://data.sec.gov/api/xbrl/companyfacts/CIK0001364954.json,2026-10-10T12:46:56.251910+00:00,A_VERIFIER_IDENTITE_ET_PERIODE
0CG.F,0001364954,OperatingIncome,OperatingIncomeLoss,-32634000,USD,2014-07-01,2014-09-30,2015-12-21,10-Q,0001364954-15-000199,2015,Q3,https://data.sec.gov/api/xbrl/companyfacts/CIK0001364954.json,2026-10-10T12:46:56.251921+00:00,A_VERIFIER_IDENTITE_ET_PERIODE
0CG.F,0001364954,OperatingIncome,OperatingIncomeLoss,-65134000,USD,2014-01-01,2014-12-31,2015-03-06,10-K,0001364954-15-000009,2014,FY,https://data.sec.gov/api/xbrl/companyfacts/CIK0001364954.json,2026-10-10T12:46:56.251934+00:00,A_VERIFIER_IDENTITE_ET_PERIODE
0CG.F,0001364954,OperatingIncome,OperatingIncomeLoss,-65134000,USD,2014-01-01,2014-12-31,2016-03-04,10-K,0001364954-16-000291,2015,FY,https://data.sec.gov/api/xbrl/companyfacts/CIK0001364954.json,2026-10-10T12:46:56.251945+00:00,A_VERIFIER_IDENTITE_ET_PERIODE
0CG.F,0001364954,OperatingIncome,OperatingIncomeLoss,-65134000,USD,2014-01-01,2014-12-31,2017-02-23,10-K,0001364954-17-000031,2016,FY,https://data.sec.gov/api/xbrl/companyfacts/CIK0001364954.json,2026-10-10T12:46:56.251956+00:00,A_VERIFIER_IDENTITE_ET_PERIODE
0CG.F,0001364954,OperatingIncome,OperatingIncomeLoss,-28263000,USD,2015-01-01,2015-03-31,2015-05-08,10-Q,0001364954-15-000032,2015,Q1,https://data.sec.gov/api/xbrl/companyfacts/CIK0001364954.json,2026-10-10T12:46:56.251967+00:00,A_VERIFIER_IDENTITE_ET_PERIODE
0CG.F,0001364954,OperatingIncome,OperatingIncomeLoss,-28263000,USD,2015-01-01,2015-03-31,2016-05-03,10-Q,0001364954-16-000337,2016,Q1,https://data.sec.gov/api/xbrl/companyfacts/CIK0001364954.json,2026-10-10T12:46:56.251978+00:00,A_VERIFIER_IDENTITE_ET_PERIODE
0CG.F,0001364954,OperatingIncome,OperatingIncomeLoss,-37960000,USD,2015-01-01,2015-06-30,2015-08-06,10-Q,0001364954-15-000088,2015,Q2,https://data.sec.gov/api/xbrl/companyfacts/CIK0001364954.json,2026-10-10T12:46:56.251989+00:00,A_VERIFIER_IDENTITE_ET_PERIODE
0CG.F,0001364954,OperatingIncome,OperatingIncomeLoss,-37960000,USD,2015-01-01,2015-06-30,2015-12-21,10-Q,0001364954-15-000198,2015,Q2,https://data.sec.gov/api/xbrl/companyfacts/CIK0001364954.json,2026-10-10T12:46:56.252000+00:00,A_VERIFIER_IDENTITE_ET_PERIODE
0CG.F,0001364954,OperatingIncome,OperatingIncomeLoss,-37960000,USD,2015-01-01,2015-06-30,2016-08-03,10-Q,0001364954-16-000398,2016,Q2,https://data.sec.gov/api/xbrl/companyfacts/CIK0001364954.json,2026-10-10T12:46:56.252011+00:00,A_VERIFIER_IDENTITE_ET_PERIODE
0CG.F,0001364954,OperatingIncome,OperatingIncomeLoss,-9697000,USD,2015-04-01,2015-06-30,2015-08-06,10-Q,0001364954-15-000088,2015,Q2,https://data.sec.gov/api/xbrl/companyfacts/CIK0001364954.json,2026-10-10T12:46:56.252022+00:00,A_VERIFIER_IDENTITE_ET_PERIODE
0CG.F,0001364954,OperatingIncome,OperatingIncomeLoss,-9697000,USD,2015-04-01,2015-06-30,2015-12-21,10-Q,0001364954-15-000198,2015,Q2,https://data.sec.gov/api/xbrl/companyfacts/CIK0001364954.json,2026-10-10T12:46:56.252033+00:00,A_VERIFIER_IDENTITE_ET_PERIODE
0CG.F,0001364954,OperatingIncome,OperatingIncomeLoss,-9697000,USD,2015-04-01,2015-06-30,2016-08-03,10-Q,0001364954-16-000398,2016,Q2,https://data.sec.gov/api/xbrl/companyfacts/CIK0001364954.json,2026-10-10T12:46:56.252045+00:00,A_VERIFIER_IDENTITE_ET_PERIODE
0CG.F,0001364954,OperatingIncome,OperatingIncomeLoss,-61762000,USD,2015-01-01,2015-09-30,2015-11-05,10-Q,0001364954-15-000150,2015,Q3,https://data.sec.gov/api/xbrl/companyfacts/CIK0001364954.json,2026-10-10T12:46:56.252057+00:00,A_VERIFIER_IDENTITE_ET_PERIODE
0CG.F,0001364954,OperatingIncome,OperatingIncomeLoss,-61762000,USD,2015-01-01,2015-09-30,2015-12-21,10-Q,0001364954-15-000199,2015,Q3,https://data.sec.gov/api/xbrl/companyfacts/CIK0001364954.json,2026-10-10T12:46:56.252068+00:00,A_VERIFIER_IDENTITE_ET_PERIODE
0CG.F,0001364954,OperatingIncome,OperatingIncomeLoss,-61762000,USD,2015-01-01,2015-09-30,2016-11-07,10-Q,0001364954-16-000457,2016,Q3,https://data.sec.gov/api/xbrl/companyfacts/CIK0001364954.json,2026-10-10T12:46:56.252080+00:00,A_VERIFIER_IDENTITE_ET_PERIODE
0CG.F,0001364954,OperatingIncome,OperatingIncomeLoss,-23802000,USD,2015-07-01,2015-09-30,2015-11-05,10-Q,0001364954-15-000150,2015,Q3,https://data.sec.gov/api/xbrl/companyfacts/CIK0001364954.json,2026-10-10T12:46:56.252091+00:00,A_VERIFIER_IDENTITE_ET_PERIODE
0CG.F,0001364954,OperatingIncome,OperatingIncomeLoss,-23802000,USD,2015-07-01,2015-09-30,2015-12-21,10-Q,0001364954-15-000199,2015,Q3,https://data.sec.gov/api/xbrl/companyfacts/CIK0001364954.json,2026-10-10T12:46:56.252102+00:00,A_VERIFIER_IDENTITE_ET_PERIODE
0CG.F,0001364954,OperatingIncome,OperatingIncomeLoss,-23802000,USD,2015-07-01,2015-09-30,2016-11-07,10-Q,0001364954-16-000457,2016,Q3,https://data.sec.gov/api/xbrl/companyfacts/CIK0001364954.json,2026-10-10T12:46:56.252113+00:00,A_VERIFIER_IDENTITE_ET_PERIODE
0CG.F,0001364954,OperatingIncome,OperatingIncomeLoss,-57700000,USD,2015-01-01,2015-12-31,2016-03-04,10-K,0001364954-16-000291,2015,FY,https://data.sec.gov/api/xbrl/companyfacts/CIK0001364954.json,2026-10-10T12:46:56.252124+00:00,A_VERIFIER_IDENTITE_ET_PERIODE
0CG.F,0001364954,OperatingIncome,OperatingIncomeLoss,-57700000,USD,2015-01-01,2015-12-31,2017-02-23,10-K,0001364954-17-000031,2016,FY,https://data.sec.gov/api/xbrl/companyfacts/CIK0001364954.json,2026-10-10T12:46:56.252135+00:00,A_VERIFIER_IDENTITE_ET_PERIODE
0CG.F,0001364954,OperatingIncome,OperatingIncomeLoss,-57700000,USD,2015-01-01,2015-12-31,2018-02-26,10-K,0001364954-18-000039,2017,FY,https://data.sec.gov/api/xbrl/companyfacts/CIK0001364954.json,2026-10-10T12:46:56.252147+00:00,A_VERIFIER_IDENTITE_ET_PERIODE
0CG.F,0001364954,OperatingIncome,OperatingIncomeLoss,-15290000,USD,2016-01-01,2016-03-31,2016-05-03,10-Q,0001364954-16-000337,2016,Q1,https://data.sec.gov/api/xbrl/companyfacts/CIK0001364954.json,2026-10-10T12:46:56.252165+00:00,A_VERIFIER_IDENTITE_ET_PERIODE
0CG.F,0001364954,OperatingIncome,OperatingIncomeLoss,-15290000,USD,2016-01-01,2016-03-31,2017-05-01,10-Q,0001364954-17-000103,2017,Q1,https://data.sec.gov/api/xbrl/companyfacts/CIK0001364954.json,2026-10-10T12:46:56.252182+00:00,A_VERIFIER_IDENTITE_ET_PERIODE
0CG.F,0001364954,OperatingIncome,OperatingIncomeLoss,-23665000,USD,2016-01-01,2016-06-30,2016-08-03,10-Q,0001364954-16-000398,2016,Q2,https://data.sec.gov/api/xbrl/companyfacts/CIK0001364954.json,2026-10-10T12:46:56.252193+00:00,A_VERIFIER_IDENTITE_ET_PERIODE
0CG.F,0001364954,OperatingIncome,OperatingIncomeLoss,-23665000,USD,2016-01-01,2016-06-30,2017-07-31,10-Q,0001364954-17-000157,2017,Q2,https://data.sec.gov/api/xbrl/companyfacts/CIK0001364954.json,2026-10-10T12:46:56.252204+00:00,A_VERIFIER_IDENTITE_ET_PERIODE
0CG.F,0001364954,OperatingIncome,OperatingIncomeLoss,-8375000,USD,2016-04-01,2016-06-30,2016-08-03,10-Q,0001364954-16-000398,2016,Q2,https://data.sec.gov/api/xbrl/companyfacts/CIK0001364954.json,2026-10-10T12:46:56.252215+00:00,A_VERIFIER_IDENTITE_ET_PERIODE
0CG.F,0001364954,OperatingIncome,OperatingIncomeLoss,-8375000,USD,2016-04-01,2016-06-30,2017-07-31,10-Q,0001364954-17-000157,2017,Q2,https://data.sec.gov/api/xbrl/companyfacts/CIK0001364954.json,2026-10-10T12:46:56.252226+00:00,A_VERIFIER_IDENTITE_ET_PERIODE
0CG.F,0001364954,OperatingIncome,OperatingIncomeLoss,-38996000,USD,2016-01-01,2016-09-30,2016-11-07,10-Q,0001364954-16-000457,2016,Q3,https://data.sec.gov/api/xbrl/companyfacts/CIK0001364954.json,2026-10-10T12:46:56.252237+00:00,A_VERIFIER_IDENTITE_ET_PERIODE
0CG.F,0001364954,OperatingIncome,OperatingIncomeLoss,-38996000,USD,2016-01-01,2016-09-30,2017-10-30,10-Q,0001364954-17-000188,2017,Q3,https://data.sec.gov/api/xbrl/companyfacts/CIK0001364954.json,2026-10-10T12:46:56.252248+00:00,A_VERIFIER_IDENTITE_ET_PERIODE
0CG.F,0001364954,OperatingIncome,OperatingIncomeLoss,-15331000,USD,2016-07-01,2016-09-30,2016-11-07,10-Q,0001364954-16-000457,2016,Q3,https://data.sec.gov/api/xbrl/companyfacts/CIK0001364954.json,2026-10-10T12:46:56.252259+00:00,A_VERIFIER_IDENTITE_ET_PERIODE
0CG.F,0001364954,OperatingIncome,OperatingIncomeLoss,-15331000,USD,2016-07-01,2016-09-30,2017-10-30,10-Q,0001364954-17-000188,2017,Q3,https://data.sec.gov/api/xbrl/companyfacts/CIK0001364954.json,2026-10-10T12:46:56.252270+00:00,A_VERIFIER_IDENTITE_ET_PERIODE
0CG.F,0001364954,OperatingIncome,OperatingIncomeLoss,-40070000,USD,2016-01-01,2016-12-31,2017-02-23,10-K,0001364954-17-000031,2016,FY,https://data.sec.gov/api/xbrl/companyfacts/CIK0001364954.json,2026-10-10T12:46:56.252283+00:00,A_VERIFIER_IDENTITE_ET_PERIODE
0CG.F,0001364954,OperatingIncome,OperatingIncomeLoss,-40070000,USD,2016-01-01,2016-12-31,2018-02-26,10-K,0001364954-18-000039,2017,FY,https://data.sec.gov/api/xbrl/companyfacts/CIK0001364954.json,2026-10-10T12:46:56.252294+00:00,A_VERIFIER_IDENTITE_ET_PERIODE
0CG.F,0001364954,OperatingIncome,OperatingIncomeLoss,-40070000,USD,2016-01-01,2016-12-31,2019-02-25,10-K,0001364954-19-000027,2018,FY,https://data.sec.gov/api/xbrl/companyfacts/CIK0001364954.json,2026-10-10T12:46:56.252305+00:00,A_VERIFIER_IDENTITE_ET_PERIODE
0CG.F,0001364954,OperatingIncome,OperatingIncomeLoss,-5536000,USD,2017-01-01,2017-03-31,2017-05-01,10-Q,0001364954-17-000103,2017,Q1,https://data.sec.gov/api/xbrl/companyfacts/CIK0001364954.json,2026-10-10T12:46:56.252316+00:00,A_VERIFIER_IDENTITE_ET_PERIODE
0CG.F,0001364954,OperatingIncome,OperatingIncomeLoss,-5536000,USD,2017-01-01,2017-03-31,2018-04-26,10-Q,0001364954-18-000113,2018,Q1,https://data.sec.gov/api/xbrl/companyfacts/CIK0001364954.json,2026-10-10T12:46:56.252327+00:00,A_VERIFIER_IDENTITE_ET_PERIODE
0CG.F,0001364954,OperatingIncome,OperatingIncomeLoss,-10818000,USD,2017-01-01,2017-06-30,2017-07-31,10-Q,0001364954-17-000157,2017,Q2,https://data.sec.gov/api/xbrl/companyfacts/CIK0001364954.json,2026-10-10T12:46:56.252338+00:00,A_VERIFIER_IDENTITE_ET_PERIODE
0CG.F,0001364954,OperatingIncome,OperatingIncomeLoss,-10818000,USD,2017-01-01,2017-06-30,2018-07-30,10-Q,0001364954-18-000170,2018,Q2,https://data.sec.gov/api/xbrl/companyfacts/CIK0001364954.json,2026-10-10T12:46:56.252349+00:00,A_VERIFIER_IDENTITE_ET_PERIODE
0CG.F,0001364954,OperatingIncome,OperatingIncomeLoss,-5282000,USD,2017-04-01,2017-06-30,2017-07-31,10-Q,0001364954-17-000157,2017,Q2,https://data.sec.gov/api/xbrl/companyfacts/CIK0001364954.json,2026-10-10T12:46:56.252360+00:00,A_VERIFIER_IDENTITE_ET_PERIODE
0CG.F,0001364954,OperatingIncome,OperatingIncomeLoss,-5282000,USD,2017-04-01,2017-06-30,2018-07-30,10-Q,0001364954-18-000170,2018,Q2,https://data.sec.gov/api/xbrl/companyfacts/CIK0001364954.json,2026-10-10T12:46:56.252371+00:00,A_VERIFIER_IDENTITE_ET_PERIODE
0CG.F,0001364954,OperatingIncome,OperatingIncomeLoss,-21978000,USD,2017-01-01,2017-09-30,2017-10-30,10-Q,0001364954-17-000188,2017,Q3,https://data.sec.gov/api/xbrl/companyfacts/CIK0001364954.json,2026-10-10T12:46:56.252382+00:00,A_VERIFIER_IDENTITE_ET_PERIODE
0CG.F,0001364954,OperatingIncome,OperatingIncomeLoss,-21978000,USD,2017-01-01,2017-09-30,2018-10-29,10-Q,0001364954-18-000200,2018,Q3,https://data.sec.gov/api/xbrl/companyfacts/CIK0001364954.json,2026-10-10T12:46:56.252394+00:00,A_VERIFIER_IDENTITE_ET_PERIODE
0CG.F,0001364954,OperatingIncome,OperatingIncomeLoss,-11160000,USD,2017-07-01,2017-09-30,2017-10-30,10-Q,0001364954-17-000188,2017,Q3,https://data.sec.gov/api/xbrl/companyfacts/CIK0001364954.json,2026-10-10T12:46:56.252405+00:00,A_VERIFIER_IDENTITE_ET_PERIODE
0CG.F,0001364954,OperatingIncome,OperatingIncomeLoss,-11160000,USD,2017-07-01,2017-09-30,2018-10-29,10-Q,0001364954-18-000200,2018,Q3,https://data.sec.gov/api/xbrl/companyfacts/CIK0001364954.json,2026-10-10T12:46:56.252416+00:00,A_VERIFIER_IDENTITE_ET_PERIODE
0CG.F,0001364954,OperatingIncome,OperatingIncomeLoss,-18967000,USD,2017-01-01,2017-12-31,2018-02-26,10-K,0001364954-18-000039,2017,FY,https://data.sec.gov/api/xbrl/companyfacts/CIK0001364954.json,2026-10-10T12:46:56.252427+00:00,A_VERIFIER_IDENTITE_ET_PERIODE
0CG.F,0001364954,OperatingIncome,OperatingIncomeLoss,-18967000,USD,2017-01-01,2017-12-31,2019-02-25,10-K,0001364954-19-000027,2018,FY,https://data.sec.gov/api/xbrl/companyfacts/CIK0001364954.json,2026-10-10T12:46:56.252438+00:00,A_VERIFIER_IDENTITE_ET_PERIODE
0CG.F,0001364954,OperatingIncome,OperatingIncomeLoss,-18967000,USD,2017-01-01,2017-12-31,2020-02-20,10-K,0001364954-20-000041,2019,FY,https://data.sec.gov/api/xbrl/companyfacts/CIK0001364954.json,2026-10-10T12:46:56.252449+00:00,A_VERIFIER_IDENTITE_ET_PERIODE
0CG.F,0001364954,OperatingIncome,OperatingIncomeLoss,-2620000,USD,2018-01-01,2018-03-31,2018-04-26,10-Q,0001364954-18-000113,2018,Q1,https://data.sec.gov/api/xbrl/companyfacts/CIK0001364954.json,2026-10-10T12:46:56.252460+00:00,A_VERIFIER_IDENTITE_ET_PERIODE
0CG.F,0001364954,OperatingIncome,OperatingIncomeLoss,-2620000,USD,2018-01-01,2018-03-31,2019-04-29,10-Q,0001364954-19-000125,2019,Q1,https://data.sec.gov/api/xbrl/companyfacts/CIK0001364954.json,2026-10-10T12:46:56.252471+00:00,A_VERIFIER_IDENTITE_ET_PERIODE
0CG.F,0001364954,OperatingIncome,OperatingIncomeLoss,-2620000,USD,2018-01-01,2018-03-31,2020-02-20,10-K,0001364954-20-000041,2019,FY,https://data.sec.gov/api/xbrl/companyfacts/CIK0001364954.json,2026-10-10T12:46:56.252482+00:00,A_VERIFIER_IDENTITE_ET_PERIODE
0CG.F,0001364954,OperatingIncome,OperatingIncomeLoss,-3331000,USD,2018-01-01,2018-06-30,2018-07-30,10-Q,0001364954-18-000170,2018,Q2,https://data.sec.gov/api/xbrl/companyfacts/CIK0001364954.json,2026-10-10T12:46:56.252493+00:00,A_VERIFIER_IDENTITE_ET_PERIODE
0CG.F,0001364954,OperatingIncome,OperatingIncomeLoss,-3331000,USD,2018-01-01,2018-06-30,2019-07-29,10-Q,0001364954-19-000188,2019,Q2,https://data.sec.gov/api/xbrl/companyfacts/CIK0001364954.json,2026-10-10T12:46:56.252504+00:00,A_VERIFIER_IDENTITE_ET_PERIODE
0CG.F,0001364954,OperatingIncome,OperatingIncomeLoss,-711000,USD,2018-04-01,2018-06-30,2018-07-30,10-Q,0001364954-18-000170,2018,Q2,https://data.sec.gov/api/xbrl/companyfacts/CIK0001364954.json,2026-10-10T12:46:56.252516+00:00,A_VERIFIER_IDENTITE_ET_PERIODE
0CG.F,0001364954,OperatingIncome,OperatingIncomeLoss,-711000,USD,2018-04-01,2018-06-30,2019-07-29,10-Q,0001364954-19-000188,2019,Q2,https://data.sec.gov/api/xbrl/companyfacts/CIK0001364954.json,2026-10-10T12:46:56.252527+00:00,A_VERIFIER_IDENTITE_ET_PERIODE
0CG.F,0001364954,OperatingIncome,OperatingIncomeLoss,-711000,USD,2018-04-01,2018-06-30,2020-02-20,10-K,0001364954-20-000041,2019,FY,https://data.sec.gov/api/xbrl/companyfacts/CIK0001364954.json,2026-10-10T12:46:56.252538+00:00,A_VERIFIER_IDENTITE_ET_PERIODE
0CG.F,0001364954,OperatingIncome,OperatingIncomeLoss,-13764000,USD,2018-01-01,2018-09-30,2018-10-29,10-Q,0001364954-18-000200,2018,Q3,https://data.sec.gov/api/xbrl/companyfacts/CIK0001364954.json,2026-10-10T12:46:56.252549+00:00,A_VERIFIER_IDENTITE_ET_PERIODE
0CG.F,0001364954,OperatingIncome,OperatingIncomeLoss,-13764000,USD,2018-01-01,2018-09-30,2019-11-04,10-Q,0001364954-19-000251,2019,Q3,https://data.sec.gov/api/xbrl/companyfacts/CIK0001364954.json,2026-10-10T12:46:56.252560+00:00,A_VERIFIER_IDENTITE_ET_PERIODE
0CG.F,0001364954,OperatingIncome,OperatingIncomeLoss,-10433000,USD,2018-07-01,2018-09-30,2018-10-29,10-Q,0001364954-18-000200,2018,Q3,https://data.sec.gov/api/xbrl/companyfacts/CIK0001364954.json,2026-10-10T12:46:56.252572+00:00,A_VERIFIER_IDENTITE_ET_PERIODE
0CG.F,0001364954,OperatingIncome,OperatingIncomeLoss,-10433000,USD,2018-07-01,2018-09-30,2019-11-04,10-Q,0001364954-19-000251,2019,Q3,https://data.sec.gov/api/xbrl/companyfacts/CIK0001364954.json,2026-10-10T12:46:56.252583+00:00,A_VERIFIER_IDENTITE_ET_PERIODE
0CG.F,0001364954,OperatingIncome,OperatingIncomeLoss,-10433000,USD,2018-07-01,2018-09-30,2020-02-20,10-K,0001364954-20-000041,2019,FY,https://data.sec.gov/api/xbrl/companyfacts/CIK0001364954.json,2026-10-10T12:46:56.252594+00:00,A_VERIFIER_IDENTITE_ET_PERIODE
0CG.F,0001364954,OperatingIncome,OperatingIncomeLoss,-6220000,USD,2018-01-01,2018-12-31,2019-02-25,10-K,0001364954-19-000027,2018,FY,https://data.sec.gov/api/xbrl/companyfacts/CIK0001364954.json,2026-10-10T12:46:56.252605+00:00,A_VERIFIER_IDENTITE_ET_PERIODE
0CG.F,0001364954,OperatingIncome,OperatingIncomeLoss,-6220000,USD,2018-01-01,2018-12-31,2020-02-20,10-K,0001364954-20-000041,2019,FY,https://data.sec.gov/api/xbrl/companyfacts/CIK0001364954.json,2026-10-10T12:46:56.252617+00:00,A_VERIFIER_IDENTITE_ET_PERIODE
0CG.F,0001364954,OperatingIncome,OperatingIncomeLoss,-6220000,USD,2018-01-01,2018-12-31,2021-02-22,10-K,0001364954-21-000013,2020,FY,https://data.sec.gov/api/xbrl/companyfacts/CIK0001364954.json,2026-10-10T12:46:56.252628+00:00,A_VERIFIER_IDENTITE_ET_PERIODE
0CG.F,0001364954,OperatingIncome,OperatingIncomeLoss,7544000,USD,2018-10-01,2018-12-31,2020-02-20,10-K,0001364954-20-000041,2019,FY,https://data.sec.gov/api/xbrl/companyfacts/CIK0001364954.json,2026-10-10T12:46:56.252639+00:00,A_VERIFIER_IDENTITE_ET_PERIODE
0CG.F,0001364954,OperatingIncome,OperatingIncomeLoss,-1027000,USD,2019-01-01,2019-03-31,2019-04-29,10-Q,0001364954-19-000125,2019,Q1,https://data.sec.gov/api/xbrl/companyfacts/CIK0001364954.json,2026-10-10T12:46:56.252650+00:00,A_VERIFIER_IDENTITE_ET_PERIODE
0CG.F,0001364954,OperatingIncome,OperatingIncomeLoss,-1027000,USD,2019-01-01,2019-03-31,2020-02-20,10-K,0001364954-20-000041,2019,FY,https://data.sec.gov/api/xbrl/companyfacts/CIK0001364954.json,2026-10-10T12:46:56.252661+00:00,A_VERIFIER_IDENTITE_ET_PERIODE
0CG.F,0001364954,OperatingIncome,OperatingIncomeLoss,-1027000,USD,2019-01-01,2019-03-31,2020-05-04,10-Q,0001364954-20-000094,2020,Q1,https://data.sec.gov/api/xbrl/companyfacts/CIK0001364954.json,2026-10-10T12:46:56.252672+00:00,A_VERIFIER_IDENTITE_ET_PERIODE
0CG.F,0001364954,OperatingIncome,OperatingIncomeLoss,-1027000,USD,2019-01-01,2019-03-31,2021-02-22,10-K,0001364954-21-000013,2020,FY,https://data.sec.gov/api/xbrl/companyfacts/CIK0001364954.json,2026-10-10T12:46:56.252683+00:00,A_VERIFIER_IDENTITE_ET_PERIODE
0CG.F,0001364954,OperatingIncome,OperatingIncomeLoss,5788000,USD,2019-01-01,2019-06-30,2019-07-29,10-Q,0001364954-19-000188,2019,Q2,https://data.sec.gov/api/xbrl/companyfacts/CIK0001364954.json,2026-10-10T12:46:56.252694+00:00,A_VERIFIER_IDENTITE_ET_PERIODE
0CG.F,0001364954,OperatingIncome,OperatingIncomeLoss,5788000,USD,2019-01-01,2019-06-30,2020-08-03,10-Q,0001364954-20-000172,2020,Q2,https://data.sec.gov/api/xbrl/companyfacts/CIK0001364954.json,2026-10-10T12:46:56.252706+00:00,A_VERIFIER_IDENTITE_ET_PERIODE
0CG.F,0001364954,OperatingIncome,OperatingIncomeLoss,6815000,USD,2019-04-01,2019-06-30,2019-07-29,10-Q,0001364954-19-000188,2019,Q2,https://data.sec.gov/api/xbrl/companyfacts/CIK0001364954.json,2026-10-10T12:46:56.252717+00:00,A_VERIFIER_IDENTITE_ET_PERIODE
0CG.F,0001364954,OperatingIncome,OperatingIncomeLoss,6815000,USD,2019-04-01,2019-06-30,2020-02-20,10-K,0001364954-20-000041,2019,FY,https://data.sec.gov/api/xbrl/companyfacts/CIK0001364954.json,2026-10-10T12:46:56.252728+00:00,A_VERIFIER_IDENTITE_ET_PERIODE
0CG.F,0001364954,OperatingIncome,OperatingIncomeLoss,6815000,USD,2019-04-01,2019-06-30,2020-08-03,10-Q,0001364954-20-000172,2020,Q2,https://data.sec.gov/api/xbrl/companyfacts/CIK0001364954.json,2026-10-10T12:46:56.252739+00:00,A_VERIFIER_IDENTITE_ET_PERIODE
0CG.F,0001364954,OperatingIncome,OperatingIncomeLoss,6815000,USD,2019-04-01,2019-06-30,2021-02-22,10-K,0001364954-21-000013,2020,FY,https://data.sec.gov/api/xbrl/companyfacts/CIK0001364954.json,2026-10-10T12:46:56.252751+00:00,A_VERIFIER_IDENTITE_ET_PERIODE
0CG.F,0001364954,OperatingIncome,OperatingIncomeLoss,731000,USD,2019-01-01,2019-09-30,2019-11-04,10-Q,0001364954-19-000251,2019,Q3,https://data.sec.gov/api/xbrl/companyfacts/CIK0001364954.json,2026-10-10T12:46:56.252762+00:00,A_VERIFIER_IDENTITE_ET_PERIODE
0CG.F,0001364954,OperatingIncome,OperatingIncomeLoss,731000,USD,2019-01-01,2019-09-30,2020-10-26,10-Q,0001364954-20-000210,2020,Q3,https://data.sec.gov/api/xbrl/companyfacts/CIK0001364954.json,2026-10-10T12:46:56.252773+00:00,A_VERIFIER_IDENTITE_ET_PERIODE
0CG.F,0001364954,OperatingIncome,OperatingIncomeLoss,-5057000,USD,2019-07-01,2019-09-30,2019-11-04,10-Q,0001364954-19-000251,2019,Q3,https://data.sec.gov/api/xbrl/companyfacts/CIK0001364954.json,2026-10-10T12:46:56.252784+00:00,A_VERIFIER_IDENTITE_ET_PERIODE
0CG.F,0001364954,OperatingIncome,OperatingIncomeLoss,-5057000,USD,2019-07-01,2019-09-30,2020-02-20,10-K,0001364954-20-000041,2019,FY,https://data.sec.gov/api/xbrl/companyfacts/CIK0001364954.json,2026-10-10T12:46:56.252796+00:00,A_VERIFIER_IDENTITE_ET_PERIODE
0CG.F,0001364954,OperatingIncome,OperatingIncomeLoss,-5057000,USD,2019-07-01,2019-09-30,2020-10-26,10-Q,0001364954-20-000210,2020,Q3,https://data.sec.gov/api/xbrl/companyfacts/CIK0001364954.json,2026-10-10T12:46:56.252807+00:00,A_VERIFIER_IDENTITE_ET_PERIODE
0CG.F,0001364954,OperatingIncome,OperatingIncomeLoss,-5057000,USD,2019-07-01,2019-09-30,2021-02-22,10-K,0001364954-21-000013,2020,FY,https://data.sec.gov/api/xbrl/companyfacts/CIK0001364954.json,2026-10-10T12:46:56.252818+00:00,A_VERIFIER_IDENTITE_ET_PERIODE
0CG.F,0001364954,OperatingIncome,OperatingIncomeLoss,17817000,USD,2019-01-01,2019-12-31,2020-02-20,10-K,0001364954-20-000041,2019,FY,https://data.sec.gov/api/xbrl/companyfacts/CIK0001364954.json,2026-10-10T12:46:56.252829+00:00,A_VERIFIER_IDENTITE_ET_PERIODE
0CG.F,0001364954,OperatingIncome,OperatingIncomeLoss,17817000,USD,2019-01-01,2019-12-31,2021-02-22,10-K,0001364954-21-000013,2020,FY,https://data.sec.gov/api/xbrl/companyfacts/CIK0001364954.json,2026-10-10T12:46:56.252840+00:00,A_VERIFIER_IDENTITE_ET_PERIODE
0CG.F,0001364954,OperatingIncome,OperatingIncomeLoss,17817000,USD,2019-01-01,2019-12-31,2022-02-22,10-K,0001364954-22-000011,2021,FY,https://data.sec.gov/api/xbrl/companyfacts/CIK0001364954.json,2026-10-10T12:46:56.252851+00:00,A_VERIFIER_IDENTITE_ET_PERIODE
0CG.F,0001364954,OperatingIncome,OperatingIncomeLoss,17086000,USD,2019-10-01,2019-12-31,2020-02-20,10-K,0001364954-20-000041,2019,FY,https://data.sec.gov/api/xbrl/companyfacts/CIK0001364954.json,2026-10-10T12:46:56.252862+00:00,A_VERIFIER_IDENTITE_ET_PERIODE
0CG.F,0001364954,OperatingIncome,OperatingIncomeLoss,17086000,USD,2019-10-01,2019-12-31,2021-02-22,10-K,0001364954-21-000013,2020,FY,https://data.sec.gov/api/xbrl/companyfacts/CIK0001364954.json,2026-10-10T12:46:56.252873+00:00,A_VERIFIER_IDENTITE_ET_PERIODE
0CG.F,0001364954,OperatingIncome,OperatingIncomeLoss,3276000,USD,2020-01-01,2020-03-31,2020-05-04,10-Q,0001364954-20-000094,2020,Q1,https://data.sec.gov/api/xbrl/companyfacts/CIK0001364954.json,2026-10-10T12:46:56.252884+00:00,A_VERIFIER_IDENTITE_ET_PERIODE
0CG.F,0001364954,OperatingIncome,OperatingIncomeLoss,3276000,USD,2020-01-01,2020-03-31,2021-02-22,10-K,0001364954-21-000013,2020,FY,https://data.sec.gov/api/xbrl/companyfacts/CIK0001364954.json,2026-10-10T12:46:56.252895+00:00,A_VERIFIER_IDENTITE_ET_PERIODE
0CG.F,0001364954,OperatingIncome,OperatingIncomeLoss,3276000,USD,2020-01-01,2020-03-31,2021-05-03,10-Q,0001364954-21-000048,2021,Q1,https://data.sec.gov/api/xbrl/companyfacts/CIK0001364954.json,2026-10-10T12:46:56.252906+00:00,A_VERIFIER_IDENTITE_ET_PERIODE
0CG.F,0001364954,OperatingIncome,OperatingIncomeLoss,25337000,USD,2020-01-01,2020-06-30,2020-08-03,10-Q,0001364954-20-000172,2020,Q2,https://data.sec.gov/api/xbrl/companyfacts/CIK0001364954.json,2026-10-10T12:46:56.252917+00:00,A_VERIFIER_IDENTITE_ET_PERIODE
0CG.F,0001364954,OperatingIncome,OperatingIncomeLoss,25337000,USD,2020-01-01,2020-06-30,2021-08-09,10-Q,0001364954-21-000071,2021,Q2,https://data.sec.gov/api/xbrl/companyfacts/CIK0001364954.json,2026-10-10T12:46:56.252928+00:00,A_VERIFIER_IDENTITE_ET_PERIODE
0CG.F,0001364954,OperatingIncome,OperatingIncomeLoss,22061000,USD,2020-04-01,2020-06-30,2020-08-03,10-Q,0001364954-20-000172,2020,Q2,https://data.sec.gov/api/xbrl/companyfacts/CIK0001364954.json,2026-10-10T12:46:56.252939+00:00,A_VERIFIER_IDENTITE_ET_PERIODE
0CG.F,0001364954,OperatingIncome,OperatingIncomeLoss,22061000,USD,2020-04-01,2020-06-30,2021-02-22,10-K,0001364954-21-000013,2020,FY,https://data.sec.gov/api/xbrl/companyfacts/CIK0001364954.json,2026-10-10T12:46:56.252950+00:00,A_VERIFIER_IDENTITE_ET_PERIODE
0CG.F,0001364954,OperatingIncome,OperatingIncomeLoss,22061000,USD,2020-04-01,2020-06-30,2021-08-09,10-Q,0001364954-21-000071,2021,Q2,https://data.sec.gov/api/xbrl/companyfacts/CIK0001364954.json,2026-10-10T12:46:56.252961+00:00,A_VERIFIER_IDENTITE_ET_PERIODE
0CG.F,0001364954,OperatingIncome,OperatingIncomeLoss,7535000,USD,2020-01-01,2020-09-30,2020-10-26,10-Q,0001364954-20-000210,2020,Q3,https://data.sec.gov/api/xbrl/companyfacts/CIK0001364954.json,2026-10-10T12:46:56.252973+00:00,A_VERIFIER_IDENTITE_ET_PERIODE
0CG.F,0001364954,OperatingIncome,OperatingIncomeLoss,7535000,USD,2020-01-01,2020-09-30,2021-11-01,10-Q,0001364954-21-000113,2021,Q3,https://data.sec.gov/api/xbrl/companyfacts/CIK0001364954.json,2026-10-10T12:46:56.252984+00:00,A_VERIFIER_IDENTITE_ET_PERIODE
0CG.F,0001364954,OperatingIncome,OperatingIncomeLoss,-17802000,USD,2020-07-01,2020-09-30,2020-10-26,10-Q,0001364954-20-000210,2020,Q3,https://data.sec.gov/api/xbrl/companyfacts/CIK0001364954.json,2026-10-10T12:46:56.252995+00:00,A_VERIFIER_IDENTITE_ET_PERIODE
0CG.F,0001364954,OperatingIncome,OperatingIncomeLoss,-17802000,USD,2020-07-01,2020-09-30,2021-02-22,10-K,0001364954-21-000013,2020,FY,https://data.sec.gov/api/xbrl/companyfacts/CIK0001364954.json,2026-10-10T12:46:56.253006+00:00,A_VERIFIER_IDENTITE_ET_PERIODE
0CG.F,0001364954,OperatingIncome,OperatingIncomeLoss,-17802000,USD,2020-07-01,2020-09-30,2021-11-01,10-Q,0001364954-21-000113,2021,Q3,https://data.sec.gov/api/xbrl/companyfacts/CIK0001364954.json,2026-10-10T12:46:56.253017+00:00,A_VERIFIER_IDENTITE_ET_PERIODE
0CG.F,0001364954,OperatingIncome,OperatingIncomeLoss,56753000,USD,2020-01-01,2020-12-31,2021-02-22,10-K,0001364954-21-000013,2020,FY,https://data.sec.gov/api/xbrl/companyfacts/CIK0001364954.json,2026-10-10T12:46:56.253028+00:00,A_VERIFIER_IDENTITE_ET_PERIODE
0CG.F,0001364954,OperatingIncome,OperatingIncomeLoss,56753000,USD,2020-01-01,2020-12-31,2022-02-22,10-K,0001364954-22-000011,2021,FY,https://data.sec.gov/api/xbrl/companyfacts/CIK0001364954.json,2026-10-10T12:46:56.253039+00:00,A_VERIFIER_IDENTITE_ET_PERIODE
0CG.F,0001364954,OperatingIncome,OperatingIncomeLoss,56753000,USD,2020-01-01,2020-12-31,2023-02-21,10-K,0001364954-23-000013,2022,FY,https://data.sec.gov/api/xbrl/companyfacts/CIK0001364954.json,2026-10-10T12:46:56.253050+00:00,A_VERIFIER_IDENTITE_ET_PERIODE
0CG.F,0001364954,OperatingIncome,OperatingIncomeLoss,49218000,USD,2020-10-01,2020-12-31,2021-02-22,10-K,0001364954-21-000013,2020,FY,https://data.sec.gov/api/xbrl/companyfacts/CIK0001364954.json,2026-10-10T12:46:56.253061+00:00,A_VERIFIER_IDENTITE_ET_PERIODE
0CG.F,0001364954,OperatingIncome,OperatingIncomeLoss,16779000,USD,2021-01-01,2021-03-31,2021-05-03,10-Q,0001364954-21-000048,2021,Q1,https://data.sec.gov/api/xbrl/companyfacts/CIK0001364954.json,2026-10-10T12:46:56.253072+00:00,A_VERIFIER_IDENTITE_ET_PERIODE
0CG.F,0001364954,OperatingIncome,OperatingIncomeLoss,16779000,USD,2021-01-01,2021-03-31,2022-05-02,10-Q,0001364954-22-000050,2022,Q1,https://data.sec.gov/api/xbrl/companyfacts/CIK0001364954.json,2026-10-10T12:46:56.253083+00:00,A_VERIFIER_IDENTITE_ET_PERIODE
0CG.F,0001364954,OperatingIncome,OperatingIncomeLoss,51549000,USD,2021-01-01,2021-06-30,2021-08-09,10-Q,0001364954-21-000071,2021,Q2,https://data.sec.gov/api/xbrl/companyfacts/CIK0001364954.json,2026-10-10T12:46:56.253094+00:00,A_VERIFIER_IDENTITE_ET_PERIODE
0CG.F,0001364954,OperatingIncome,OperatingIncomeLoss,51549000,USD,2021-01-01,2021-06-30,2022-08-04,10-Q,0001364954-22-000088,2022,Q2,https://data.sec.gov/api/xbrl/companyfacts/CIK0001364954.json,2026-10-10T12:46:56.253105+00:00,A_VERIFIER_IDENTITE_ET_PERIODE
0CG.F,0001364954,OperatingIncome,OperatingIncomeLoss,34770000,USD,2021-04-01,2021-06-30,2021-08-09,10-Q,0001364954-21-000071,2021,Q2,https://data.sec.gov/api/xbrl/companyfacts/CIK0001364954.json,2026-10-10T12:46:56.253116+00:00,A_VERIFIER_IDENTITE_ET_PERIODE
0CG.F,0001364954,OperatingIncome,OperatingIncomeLoss,34770000,USD,2021-04-01,2021-06-30,2022-08-04,10-Q,0001364954-22-000088,2022,Q2,https://data.sec.gov/api/xbrl/companyfacts/CIK0001364954.json,2026-10-10T12:46:56.253127+00:00,A_VERIFIER_IDENTITE_ET_PERIODE
0CG.F,0001364954,OperatingIncome,OperatingIncomeLoss,51910000,USD,2021-01-01,2021-09-30,2021-11-01,10-Q,0001364954-21-000113,2021,Q3,https://data.sec.gov/api/xbrl/companyfacts/CIK0001364954.json,2026-10-10T12:46:56.253138+00:00,A_VERIFIER_IDENTITE_ET_PERIODE
0CG.F,0001364954,OperatingIncome,OperatingIncomeLoss,51910000,USD,2021-01-01,2021-09-30,2022-11-01,10-Q,0001364954-22-000107,2022,Q3,https://data.sec.gov/api/xbrl/companyfacts/CIK0001364954.json,2026-10-10T12:46:56.253149+00:00,A_VERIFIER_IDENTITE_ET_PERIODE
0CG.F,0001364954,OperatingIncome,OperatingIncomeLoss,361000,USD,2021-07-01,2021-09-30,2021-11-01,10-Q,0001364954-21-000113,2021,Q3,https://data.sec.gov/api/xbrl/companyfacts/CIK0001364954.json,2026-10-10T12:46:56.253174+00:00,A_VERIFIER_IDENTITE_ET_PERIODE
0CG.F,0001364954,OperatingIncome,OperatingIncomeLoss,361000,USD,2021-07-01,2021-09-30,2022-11-01,10-Q,0001364954-22-000107,2022,Q3,https://data.sec.gov/api/xbrl/companyfacts/CIK0001364954.json,2026-10-10T12:46:56.253199+00:00,A_VERIFIER_IDENTITE_ET_PERIODE
0CG.F,0001364954,OperatingIncome,OperatingIncomeLoss,78107000,USD,2021-01-01,2021-12-31,2022-02-22,10-K,0001364954-22-000011,2021,FY,https://data.sec.gov/api/xbrl/companyfacts/CIK0001364954.json,2026-10-10T12:46:56.253210+00:00,A_VERIFIER_IDENTITE_ET_PERIODE
0CG.F,0001364954,OperatingIncome,OperatingIncomeLoss,78107000,USD,2021-01-01,2021-12-31,2023-02-21,10-K,0001364954-23-000013,2022,FY,https://data.sec.gov/api/xbrl/companyfacts/CIK0001364954.json,2026-10-10T12:46:56.253222+00:00,A_VERIFIER_IDENTITE_ET_PERIODE
0CG.F,0001364954,OperatingIncome,OperatingIncomeLoss,78107000,USD,2021-01-01,2021-12-31,2024-02-20,10-K,0001364954-24-000009,2023,FY,https://data.sec.gov/api/xbrl/companyfacts/CIK0001364954.json,2026-10-10T12:46:56.253233+00:00,A_VERIFIER_IDENTITE_ET_PERIODE
0CG.F,0001364954,OperatingIncome,OperatingIncomeLoss,5376000,USD,2022-01-01,2022-03-31,2022-05-02,10-Q,0001364954-22-000050,2022,Q1,https://data.sec.gov/api/xbrl/companyfacts/CIK0001364954.json,2026-10-10T12:46:56.253244+00:00,A_VERIFIER_IDENTITE_ET_PERIODE
0CG.F,0001364954,OperatingIncome,OperatingIncomeLoss,5376000,USD,2022-01-01,2022-03-31,2023-05-01,10-Q,0001364954-23-000068,2023,Q1,https://data.sec.gov/api/xbrl/companyfacts/CIK0001364954.json,2026-10-10T12:46:56.253256+00:00,A_VERIFIER_IDENTITE_ET_PERIODE
0CG.F,0001364954,OperatingIncome,OperatingIncomeLoss,12719000,USD,2022-01-01,2022-06-30,2022-08-04,10-Q,0001364954-22-000088,2022,Q2,https://data.sec.gov/api/xbrl/companyfacts/CIK0001364954.json,2026-10-10T12:46:56.253267+00:00,A_VERIFIER_IDENTITE_ET_PERIODE
0CG.F,0001364954,OperatingIncome,OperatingIncomeLoss,12719000,USD,2022-01-01,2022-06-30,2023-08-07,10-Q,0001364954-23-000121,2023,Q2,https://data.sec.gov/api/xbrl/companyfacts/CIK0001364954.json,2026-10-10T12:46:56.253278+00:00,A_VERIFIER_IDENTITE_ET_PERIODE
0CG.F,0001364954,OperatingIncome,OperatingIncomeLoss,7343000,USD,2022-04-01,2022-06-30,2022-08-04,10-Q,0001364954-22-000088,2022,Q2,https://data.sec.gov/api/xbrl/companyfacts/CIK0001364954.json,2026-10-10T12:46:56.253288+00:00,A_VERIFIER_IDENTITE_ET_PERIODE
0CG.F,0001364954,OperatingIncome,OperatingIncomeLoss,7343000,USD,2022-04-01,2022-06-30,2023-08-07,10-Q,0001364954-23-000121,2023,Q2,https://data.sec.gov/api/xbrl/companyfacts/CIK0001364954.json,2026-10-10T12:46:56.253299+00:00,A_VERIFIER_IDENTITE_ET_PERIODE
0CG.F,0001364954,OperatingIncome,OperatingIncomeLoss,1284000,USD,2022-01-01,2022-09-30,2022-11-01,10-Q,0001364954-22-000107,2022,Q3,https://data.sec.gov/api/xbrl/companyfacts/CIK0001364954.json,2026-10-10T12:46:56.253311+00:00,A_VERIFIER_IDENTITE_ET_PERIODE
0CG.F,0001364954,OperatingIncome,OperatingIncomeLoss,1284000,USD,2022-01-01,2022-09-30,2023-10-30,10-Q,0001364954-23-000146,2023,Q3,https://data.sec.gov/api/xbrl/companyfacts/CIK0001364954.json,2026-10-10T12:46:56.253322+00:00,A_VERIFIER_IDENTITE_ET_PERIODE
0CG.F,0001364954,OperatingIncome,OperatingIncomeLoss,-11435000,USD,2022-07-01,2022-09-30,2022-11-01,10-Q,0001364954-22-000107,2022,Q3,https://data.sec.gov/api/xbrl/companyfacts/CIK0001364954.json,2026-10-10T12:46:56.253333+00:00,A_VERIFIER_IDENTITE_ET_PERIODE
0CG.F,0001364954,OperatingIncome,OperatingIncomeLoss,-11435000,USD,2022-07-01,2022-09-30,2023-10-30,10-Q,0001364954-23-000146,2023,Q3,https://data.sec.gov/api/xbrl/companyfacts/CIK0001364954.json,2026-10-10T12:46:56.253344+00:00,A_VERIFIER_IDENTITE_ET_PERIODE
0CG.F,0001364954,OperatingIncome,OperatingIncomeLoss,8957000,USD,2022-01-01,2022-12-31,2023-02-21,10-K,0001364954-23-000013,2022,FY,https://data.sec.gov/api/xbrl/companyfacts/CIK0001364954.json,2026-10-10T12:46:56.253356+00:00,A_VERIFIER_IDENTITE_ET_PERIODE
0CG.F,0001364954,OperatingIncome,OperatingIncomeLoss,8957000,USD,2022-01-01,2022-12-31,2024-02-20,10-K,0001364954-24-000009,2023,FY,https://data.sec.gov/api/xbrl/companyfacts/CIK0001364954.json,2026-10-10T12:46:56.253369+00:00,A_VERIFIER_IDENTITE_ET_PERIODE
0CG.F,0001364954,OperatingIncome,OperatingIncomeLoss,8957000,USD,2022-01-01,2022-12-31,2025-02-24,10-K,0001364954-25-000013,2024,FY,https://data.sec.gov/api/xbrl/companyfacts/CIK0001364954.json,2026-10-10T12:46:56.253381+00:00,A_VERIFIER_IDENTITE_ET_PERIODE
0CG.F,0001364954,OperatingIncome,OperatingIncomeLoss,-4446000,USD,2023-01-01,2023-03-31,2023-05-01,10-Q,0001364954-23-000068,2023,Q1,https://data.sec.gov/api/xbrl/companyfacts/CIK0001364954.json,2026-10-10T12:46:56.253392+00:00,A_VERIFIER_IDENTITE_ET_PERIODE
0CG.F,0001364954,OperatingIncome,OperatingIncomeLoss,-4446000,USD,2023-01-01,2023-03-31,2024-04-29,10-Q,0001364954-24-000042,2024,Q1,https://data.sec.gov/api/xbrl/companyfacts/CIK0001364954.json,2026-10-10T12:46:56.253404+00:00,A_VERIFIER_IDENTITE_ET_PERIODE
0CG.F,0001364954,OperatingIncome,OperatingIncomeLoss,-23142000,USD,2023-01-01,2023-06-30,2023-08-07,10-Q,0001364954-23-000121,2023,Q2,https://data.sec.gov/api/xbrl/companyfacts/CIK0001364954.json,2026-10-10T12:46:56.253415+00:00,A_VERIFIER_IDENTITE_ET_PERIODE
0CG.F,0001364954,OperatingIncome,OperatingIncomeLoss,-23142000,USD,2023-01-01,2023-06-30,2024-08-05,10-Q,0001364954-24-000072,2024,Q2,https://data.sec.gov/api/xbrl/companyfacts/CIK0001364954.json,2026-10-10T12:46:56.253426+00:00,A_VERIFIER_IDENTITE_ET_PERIODE
0CG.F,0001364954,OperatingIncome,OperatingIncomeLoss,-18696000,USD,2023-04-01,2023-06-30,2023-08-07,10-Q,0001364954-23-000121,2023,Q2,https://data.sec.gov/api/xbrl/companyfacts/CIK0001364954.json,2026-10-10T12:46:56.253437+00:00,A_VERIFIER_IDENTITE_ET_PERIODE
0CG.F,0001364954,OperatingIncome,OperatingIncomeLoss,-18696000,USD,2023-04-01,2023-06-30,2024-08-05,10-Q,0001364954-24-000072,2024,Q2,https://data.sec.gov/api/xbrl/companyfacts/CIK0001364954.json,2026-10-10T12:46:56.253449+00:00,A_VERIFIER_IDENTITE_ET_PERIODE
0CG.F,0001364954,OperatingIncome,OperatingIncomeLoss,-81012000,USD,2023-01-01,2023-09-30,2023-10-30,10-Q,0001364954-23-000146,2023,Q3,https://data.sec.gov/api/xbrl/companyfacts/CIK0001364954.json,2026-10-10T12:46:56.253460+00:00,A_VERIFIER_IDENTITE_ET_PERIODE
0CG.F,0001364954,OperatingIncome,OperatingIncomeLoss,-81012000,USD,2023-01-01,2023-09-30,2024-11-12,10-Q,0001364954-24-000085,2024,Q3,https://data.sec.gov/api/xbrl/companyfacts/CIK0001364954.json,2026-10-10T12:46:56.253472+00:00,A_VERIFIER_IDENTITE_ET_PERIODE
0CG.F,0001364954,OperatingIncome,OperatingIncomeLoss,-57870000,USD,2023-07-01,2023-09-30,2023-10-30,10-Q,0001364954-23-000146,2023,Q3,https://data.sec.gov/api/xbrl/companyfacts/CIK0001364954.json,2026-10-10T12:46:56.253484+00:00,A_VERIFIER_IDENTITE_ET_PERIODE
0CG.F,0001364954,OperatingIncome,OperatingIncomeLoss,-57870000,USD,2023-07-01,2023-09-30,2024-11-12,10-Q,0001364954-24-000085,2024,Q3,https://data.sec.gov/api/xbrl/companyfacts/CIK0001364954.json,2026-10-10T12:46:56.253495+00:00,A_VERIFIER_IDENTITE_ET_PERIODE
0CG.F,0001364954,OperatingIncome,OperatingIncomeLoss,-67725000,USD,2023-01-01,2023-12-31,2024-02-20,10-K,0001364954-24-000009,2023,FY,https://data.sec.gov/api/xbrl/companyfacts/CIK0001364954.json,2026-10-10T12:46:56.253506+00:00,A_VERIFIER_IDENTITE_ET_PERIODE
0CG.F,0001364954,OperatingIncome,OperatingIncomeLoss,-67725000,USD,2023-01-01,2023-12-31,2025-02-24,10-K,0001364954-25-000013,2024,FY,https://data.sec.gov/api/xbrl/companyfacts/CIK0001364954.json,2026-10-10T12:46:56.253517+00:00,A_VERIFIER_IDENTITE_ET_PERIODE
0CG.F,0001364954,OperatingIncome,OperatingIncomeLoss,-67725000,USD,2023-01-01,2023-12-31,2026-03-09,10-K,0001364954-26-000021,2025,FY,https://data.sec.gov/api/xbrl/companyfacts/CIK0001364954.json,2026-10-10T12:46:56.253528+00:00,A_VERIFIER_IDENTITE_ET_PERIODE
0CG.F,0001364954,OperatingIncome,OperatingIncomeLoss,-2491000,USD,2024-01-01,2024-03-31,2024-04-29,10-Q,0001364954-24-000042,2024,Q1,https://data.sec.gov/api/xbrl/companyfacts/CIK0001364954.json,2026-10-10T12:46:56.253540+00:00,A_VERIFIER_IDENTITE_ET_PERIODE
0CG.F,0001364954,OperatingIncome,OperatingIncomeLoss,-2491000,USD,2024-01-01,2024-03-31,2025-05-12,10-Q,0001364954-25-000052,2025,Q1,https://data.sec.gov/api/xbrl/companyfacts/CIK0001364954.json,2026-10-10T12:46:56.253551+00:00,A_VERIFIER_IDENTITE_ET_PERIODE
0CG.F,0001364954,OperatingIncome,OperatingIncomeLoss,-487498000,USD,2024-01-01,2024-06-30,2024-08-05,10-Q,0001364954-24-000072,2024,Q2,https://data.sec.gov/api/xbrl/companyfacts/CIK0001364954.json,2026-10-10T12:46:56.253562+00:00,A_VERIFIER_IDENTITE_ET_PERIODE
0CG.F,0001364954,OperatingIncome,OperatingIncomeLoss,-487498000,USD,2024-01-01,2024-06-30,2025-08-08,10-Q,0001364954-25-000096,2025,Q2,https://data.sec.gov/api/xbrl/companyfacts/CIK0001364954.json,2026-10-10T12:46:56.253573+00:00,A_VERIFIER_IDENTITE_ET_PERIODE
0CG.F,0001364954,OperatingIncome,OperatingIncomeLoss,-485007000,USD,2024-04-01,2024-06-30,2024-08-05,10-Q,0001364954-24-000072,2024,Q2,https://data.sec.gov/api/xbrl/companyfacts/CIK0001364954.json,2026-10-10T12:46:56.253585+00:00,A_VERIFIER_IDENTITE_ET_PERIODE
0CG.F,0001364954,OperatingIncome,OperatingIncomeLoss,-485007000,USD,2024-04-01,2024-06-30,2025-08-08,10-Q,0001364954-25-000096,2025,Q2,https://data.sec.gov/api/xbrl/companyfacts/CIK0001364954.json,2026-10-10T12:46:56.253595+00:00,A_VERIFIER_IDENTITE_ET_PERIODE
0CG.F,0001364954,OperatingIncome,OperatingIncomeLoss,-709788000,USD,2024-01-01,2024-09-30,2024-11-12,10-Q,0001364954-24-000085,2024,Q3,https://data.sec.gov/api/xbrl/companyfacts/CIK0001364954.json,2026-10-10T12:46:56.253607+00:00,A_VERIFIER_IDENTITE_ET_PERIODE
0CG.F,0001364954,OperatingIncome,OperatingIncomeLoss,-709788000,USD,2024-01-01,2024-09-30,2025-11-10,10-Q,0001364954-25-000117,2025,Q3,https://data.sec.gov/api/xbrl/companyfacts/CIK0001364954.json,2026-10-10T12:46:56.253618+00:00,A_VERIFIER_IDENTITE_ET_PERIODE
0CG.F,0001364954,OperatingIncome,OperatingIncomeLoss,-222290000,USD,2024-07-01,2024-09-30,2024-11-12,10-Q,0001364954-24-000085,2024,Q3,https://data.sec.gov/api/xbrl/companyfacts/CIK0001364954.json,2026-10-10T12:46:56.253629+00:00,A_VERIFIER_IDENTITE_ET_PERIODE
0CG.F,0001364954,OperatingIncome,OperatingIncomeLoss,-222290000,USD,2024-07-01,2024-09-30,2025-11-10,10-Q,0001364954-25-000117,2025,Q3,https://data.sec.gov/api/xbrl/companyfacts/CIK0001364954.json,2026-10-10T12:46:56.253641+00:00,A_VERIFIER_IDENTITE_ET_PERIODE
0CG.F,0001364954,OperatingIncome,OperatingIncomeLoss,-737108000,USD,2024-01-01,2024-12-31,2025-02-24,10-K,0001364954-25-000013,2024,FY,https://data.sec.gov/api/xbrl/companyfacts/CIK0001364954.json,2026-10-10T12:46:56.253652+00:00,A_VERIFIER_IDENTITE_ET_PERIODE
0CG.F,0001364954,OperatingIncome,OperatingIncomeLoss,-737108000,USD,2024-01-01,2024-12-31,2026-03-09,10-K,0001364954-26-000021,2025,FY,https://data.sec.gov/api/xbrl/companyfacts/CIK0001364954.json,2026-10-10T12:46:56.253664+00:00,A_VERIFIER_IDENTITE_ET_PERIODE
0CG.F,0001364954,OperatingIncome,OperatingIncomeLoss,-29002000,USD,2025-01-01,2025-03-31,2025-05-12,10-Q,0001364954-25-000052,2025,Q1,https://data.sec.gov/api/xbrl/companyfacts/CIK0001364954.json,2026-10-10T12:46:56.253675+00:00,A_VERIFIER_IDENTITE_ET_PERIODE
0CG.F,0001364954,OperatingIncome,OperatingIncomeLoss,-29002000,USD,2025-01-01,2025-03-31,2026-05-11,10-Q,0001364954-26-000048,2026,Q1,https://data.sec.gov/api/xbrl/companyfacts/CIK0001364954.json,2026-10-10T12:46:56.253686+00:00,A_VERIFIER_IDENTITE_ET_PERIODE
0CG.F,0001364954,OperatingIncome,OperatingIncomeLoss,-65460000,USD,2025-01-01,2025-06-30,2025-08-08,10-Q,0001364954-25-000096,2025,Q2,https://data.sec.gov/api/xbrl/companyfacts/CIK0001364954.json,2026-10-10T12:46:56.253697+00:00,A_VERIFIER_IDENTITE_ET_PERIODE
0CG.F,0001364954,OperatingIncome,OperatingIncomeLoss,-65460000,USD,2025-01-01,2025-06-30,2026-08-06,10-Q,0001364954-26-000088,2026,Q2,https://data.sec.gov/api/xbrl/companyfacts/CIK0001364954.json,2026-10-10T12:46:56.253707+00:00,A_VERIFIER_IDENTITE_ET_PERIODE
0CG.F,0001364954,OperatingIncome,OperatingIncomeLoss,-36458000,USD,2025-04-01,2025-06-30,2025-08-08,10-Q,0001364954-25-000096,2025,Q2,https://data.sec.gov/api/xbrl/companyfacts/CIK0001364954.json,2026-10-10T12:46:56.253718+00:00,A_VERIFIER_IDENTITE_ET_PERIODE
0CG.F,0001364954,OperatingIncome,OperatingIncomeLoss,-36458000,USD,2025-04-01,2025-06-30,2026-08-06,10-Q,0001364954-26-000088,2026,Q2,https://data.sec.gov/api/xbrl/companyfacts/CIK0001364954.json,2026-10-10T12:46:56.253729+00:00,A_VERIFIER_IDENTITE_ET_PERIODE
0CG.F,0001364954,OperatingIncome,OperatingIncomeLoss,-82584000,USD,2025-01-01,2025-09-30,2025-11-10,10-Q,0001364954-25-000117,2025,Q3,https://data.sec.gov/api/xbrl/companyfacts/CIK0001364954.json,2026-10-10T12:46:56.253741+00:00,A_VERIFIER_IDENTITE_ET_PERIODE
0CG.F,0001364954,OperatingIncome,OperatingIncomeLoss,-17124000,USD,2025-07-01,2025-09-30,2025-11-10,10-Q,0001364954-25-000117,2025,Q3,https://data.sec.gov/api/xbrl/companyfacts/CIK0001364954.json,2026-10-10T12:46:56.253752+00:00,A_VERIFIER_IDENTITE_ET_PERIODE
0CG.F,0001364954,OperatingIncome,OperatingIncomeLoss,-116856000,USD,2025-01-01,2025-12-31,2026-03-09,10-K,0001364954-26-000021,2025,FY,https://data.sec.gov/api/xbrl/companyfacts/CIK0001364954.json,2026-10-10T12:46:56.253763+00:00,A_VERIFIER_IDENTITE_ET_PERIODE
0CG.F,0001364954,OperatingIncome,OperatingIncomeLoss,-1037000,USD,2026-01-01,2026-03-31,2026-05-11,10-Q,0001364954-26-000048,2026,Q1,https://data.sec.gov/api/xbrl/companyfacts/CIK0001364954.json,2026-10-10T12:46:56.253774+00:00,A_VERIFIER_IDENTITE_ET_PERIODE
0CG.F,0001364954,OperatingIncome,OperatingIncomeLoss,-4212000,USD,2026-01-01,2026-06-30,2026-08-06,10-Q,0001364954-26-000088,2026,Q2,https://data.sec.gov/api/xbrl/companyfacts/CIK0001364954.json,2026-10-10T12:46:56.253786+00:00,A_VERIFIER_IDENTITE_ET_PERIODE
0CG.F,0001364954,OperatingIncome,OperatingIncomeLoss,-3175000,USD,2026-04-01,2026-06-30,2026-08-06,10-Q,0001364954-26-000088,2026,Q2,https://data.sec.gov/api/xbrl/companyfacts/CIK0001364954.json,2026-10-10T12:46:56.253796+00:00,A_VERIFIER_IDENTITE_ET_PERIODE
0CG.F,0001364954,NetIncome,NetIncomeLoss,-49043000,USD,2012-01-01,2012-12-31,2015-03-06,10-K,0001364954-15-000009,2014,FY,https://data.sec.gov/api/xbrl/companyfacts/CIK0001364954.json,2026-10-10T12:46:56.253810+00:00,A_VERIFIER_IDENTITE_ET_PERIODE
0CG.F,0001364954,NetIncome,NetIncomeLoss,-17825000,USD,2013-01-01,2013-03-31,2014-05-12,10-Q,0001564590-14-002022,2014,Q1,https://data.sec.gov/api/xbrl/companyfacts/CIK0001364954.json,2026-10-10T12:46:56.253821+00:00,A_VERIFIER_IDENTITE_ET_PERIODE
0CG.F,0001364954,NetIncome,NetIncomeLoss,-17825000,USD,2013-01-01,2013-03-31,2015-03-06,10-K,0001364954-15-000009,2014,FY,https://data.sec.gov/api/xbrl/companyfacts/CIK0001364954.json,2026-10-10T12:46:56.253832+00:00,A_VERIFIER_IDENTITE_ET_PERIODE
0CG.F,0001364954,NetIncome,NetIncomeLoss,-21178000,USD,2013-01-01,2013-06-30,2014-08-08,10-Q,0001564590-14-003407,2014,Q2,https://data.sec.gov/api/xbrl/companyfacts/CIK0001364954.json,2026-10-10T12:46:56.253843+00:00,A_VERIFIER_IDENTITE_ET_PERIODE
0CG.F,0001364954,NetIncome,NetIncomeLoss,-3353000,USD,2013-04-01,2013-06-30,2014-08-08,10-Q,0001564590-14-003407,2014,Q2,https://data.sec.gov/api/xbrl/companyfacts/CIK0001364954.json,2026-10-10T12:46:56.253854+00:00,A_VERIFIER_IDENTITE_ET_PERIODE
0CG.F,0001364954,NetIncome,NetIncomeLoss,-3353000,USD,2013-04-01,2013-06-30,2015-03-06,10-K,0001364954-15-000009,2014,FY,https://data.sec.gov/api/xbrl/companyfacts/CIK0001364954.json,2026-10-10T12:46:56.253865+00:00,A_VERIFIER_IDENTITE_ET_PERIODE
0CG.F,0001364954,NetIncome,NetIncomeLoss,-50433000,USD,2013-01-01,2013-09-30,2014-11-07,10-Q,0001564590-14-005296,2014,Q3,https://data.sec.gov/api/xbrl/companyfacts/CIK0001364954.json,2026-10-10T12:46:56.253876+00:00,A_VERIFIER_IDENTITE_ET_PERIODE
0CG.F,0001364954,NetIncome,NetIncomeLoss,-29255000,USD,2013-07-01,2013-09-30,2014-11-07,10-Q,0001564590-14-005296,2014,Q3,https://data.sec.gov/api/xbrl/companyfacts/CIK0001364954.json,2026-10-10T12:46:56.253887+00:00,A_VERIFIER_IDENTITE_ET_PERIODE
0CG.F,0001364954,NetIncome,NetIncomeLoss,-29255000,USD,2013-07-01,2013-09-30,2015-03-06,10-K,0001364954-15-000009,2014,FY,https://data.sec.gov/api/xbrl/companyfacts/CIK0001364954.json,2026-10-10T12:46:56.253899+00:00,A_VERIFIER_IDENTITE_ET_PERIODE
0CG.F,0001364954,NetIncome,NetIncomeLoss,-55850000,USD,2013-01-01,2013-12-31,2015-03-06,10-K,0001364954-15-000009,2014,FY,https://data.sec.gov/api/xbrl/companyfacts/CIK0001364954.json,2026-10-10T12:46:56.253910+00:00,A_VERIFIER_IDENTITE_ET_PERIODE
0CG.F,0001364954,NetIncome,NetIncomeLoss,-55850000,USD,2013-01-01,2013-12-31,2016-03-04,10-K,0001364954-16-000291,2015,FY,https://data.sec.gov/api/xbrl/companyfacts/CIK0001364954.json,2026-10-10T12:46:56.253921+00:00,A_VERIFIER_IDENTITE_ET_PERIODE
0CG.F,0001364954,NetIncome,NetIncomeLoss,-5417000,USD,2013-10-01,2013-12-31,2015-03-06,10-K,0001364954-15-000009,2014,FY,https://data.sec.gov/api/xbrl/companyfacts/CIK0001364954.json,2026-10-10T12:46:56.253932+00:00,A_VERIFIER_IDENTITE_ET_PERIODE
0CG.F,0001364954,NetIncome,NetIncomeLoss,-25759000,USD,2014-01-01,2014-03-31,2014-05-12,10-Q,0001564590-14-002022,2014,Q1,https://data.sec.gov/api/xbrl/companyfacts/CIK0001364954.json,2026-10-10T12:46:56.253943+00:00,A_VERIFIER_IDENTITE_ET_PERIODE
0CG.F,0001364954,NetIncome,NetIncomeLoss,-25759000,USD,2014-01-01,2014-03-31,2015-03-06,10-K,0001364954-15-000009,2014,FY,https://data.sec.gov/api/xbrl/companyfacts/CIK0001364954.json,2026-10-10T12:46:56.253954+00:00,A_VERIFIER_IDENTITE_ET_PERIODE
0CG.F,0001364954,NetIncome,NetIncomeLoss,-25759000,USD,2014-01-01,2014-03-31,2015-05-08,10-Q,0001364954-15-000032,2015,Q1,https://data.sec.gov/api/xbrl/companyfacts/CIK0001364954.json,2026-10-10T12:46:56.253965+00:00,A_VERIFIER_IDENTITE_ET_PERIODE
0CG.F,0001364954,NetIncome,NetIncomeLoss,-25759000,USD,2014-01-01,2014-03-31,2016-03-04,10-K,0001364954-16-000291,2015,FY,https://data.sec.gov/api/xbrl/companyfacts/CIK0001364954.json,2026-10-10T12:46:56.253976+00:00,A_VERIFIER_IDENTITE_ET_PERIODE
0CG.F,0001364954,NetIncome,NetIncomeLoss,-34005000,USD,2014-01-01,2014-06-30,2014-08-08,10-Q,0001564590-14-003407,2014,Q2,https://data.sec.gov/api/xbrl/companyfacts/CIK0001364954.json,2026-10-10T12:46:56.253987+00:00,A_VERIFIER_IDENTITE_ET_PERIODE
0CG.F,0001364954,NetIncome,NetIncomeLoss,-34005000,USD,2014-01-01,2014-06-30,2015-08-06,10-Q,0001364954-15-000088,2015,Q2,https://data.sec.gov/api/xbrl/companyfacts/CIK0001364954.json,2026-10-10T12:46:56.253998+00:00,A_VERIFIER_IDENTITE_ET_PERIODE
0CG.F,0001364954,NetIncome,NetIncomeLoss,-34005000,USD,2014-01-01,2014-06-30,2015-12-21,10-Q,0001364954-15-000198,2015,Q2,https://data.sec.gov/api/xbrl/companyfacts/CIK0001364954.json,2026-10-10T12:46:56.254009+00:00,A_VERIFIER_IDENTITE_ET_PERIODE
0CG.F,0001364954,NetIncome,NetIncomeLoss,-8246000,USD,2014-04-01,2014-06-30,2014-08-08,10-Q,0001564590-14-003407,2014,Q2,https://data.sec.gov/api/xbrl/companyfacts/CIK0001364954.json,2026-10-10T12:46:56.254020+00:00,A_VERIFIER_IDENTITE_ET_PERIODE
0CG.F,0001364954,NetIncome,NetIncomeLoss,-8246000,USD,2014-04-01,2014-06-30,2015-03-06,10-K,0001364954-15-000009,2014,FY,https://data.sec.gov/api/xbrl/companyfacts/CIK0001364954.json,2026-10-10T12:46:56.254031+00:00,A_VERIFIER_IDENTITE_ET_PERIODE
0CG.F,0001364954,NetIncome,NetIncomeLoss,-8246000,USD,2014-04-01,2014-06-30,2015-08-06,10-Q,0001364954-15-000088,2015,Q2,https://data.sec.gov/api/xbrl/companyfacts/CIK0001364954.json,2026-10-10T12:46:56.254042+00:00,A_VERIFIER_IDENTITE_ET_PERIODE
0CG.F,0001364954,NetIncome,NetIncomeLoss,-8246000,USD,2014-04-01,2014-06-30,2015-12-21,10-Q,0001364954-15-000198,2015,Q2,https://data.sec.gov/api/xbrl/companyfacts/CIK0001364954.json,2026-10-10T12:46:56.254053+00:00,A_VERIFIER_IDENTITE_ET_PERIODE
0CG.F,0001364954,NetIncome,NetIncomeLoss,-8246000,USD,2014-04-01,2014-06-30,2016-03-04,10-K,0001364954-16-000291,2015,FY,https://data.sec.gov/api/xbrl/companyfacts/CIK0001364954.json,2026-10-10T12:46:56.254065+00:00,A_VERIFIER_IDENTITE_ET_PERIODE
0CG.F,0001364954,NetIncome,NetIncomeLoss,-66446000,USD,2014-01-01,2014-09-30,2014-11-07,10-Q,0001564590-14-005296,2014,Q3,https://data.sec.gov/api/xbrl/companyfacts/CIK0001364954.json,2026-10-10T12:46:56.254076+00:00,A_VERIFIER_IDENTITE_ET_PERIODE
0CG.F,0001364954,NetIncome,NetIncomeLoss,-66446000,USD,2014-01-01,2014-09-30,2015-11-05,10-Q,0001364954-15-000150,2015,Q3,https://data.sec.gov/api/xbrl/companyfacts/CIK0001364954.json,2026-10-10T12:46:56.254087+00:00,A_VERIFIER_IDENTITE_ET_PERIODE
0CG.F,0001364954,NetIncome,NetIncomeLoss,-66446000,USD,2014-01-01,2014-09-30,2015-12-21,10-Q,0001364954-15-000199,2015,Q3,https://data.sec.gov/api/xbrl/companyfacts/CIK0001364954.json,2026-10-10T12:46:56.254098+00:00,A_VERIFIER_IDENTITE_ET_PERIODE
0CG.F,0001364954,NetIncome,NetIncomeLoss,-32441000,USD,2014-07-01,2014-09-30,2014-11-07,10-Q,0001564590-14-005296,2014,Q3,https://data.sec.gov/api/xbrl/companyfacts/CIK0001364954.json,2026-10-10T12:46:56.254109+00:00,A_VERIFIER_IDENTITE_ET_PERIODE
0CG.F,0001364954,NetIncome,NetIncomeLoss,-32441000,USD,2014-07-01,2014-09-30,2015-03-06,10-K,0001364954-15-000009,2014,FY,https://data.sec.gov/api/xbrl/companyfacts/CIK0001364954.json,2026-10-10T12:46:56.254120+00:00,A_VERIFIER_IDENTITE_ET_PERIODE
0CG.F,0001364954,NetIncome,NetIncomeLoss,-32441000,USD,2014-07-01,2014-09-30,2015-11-05,10-Q,0001364954-15-000150,2015,Q3,https://data.sec.gov/api/xbrl/companyfacts/CIK0001364954.json,2026-10-10T12:46:56.254131+00:00,A_VERIFIER_IDENTITE_ET_PERIODE
0CG.F,0001364954,NetIncome,NetIncomeLoss,-32441000,USD,2014-07-01,2014-09-30,2015-12-21,10-Q,0001364954-15-000199,2015,Q3,https://data.sec.gov/api/xbrl/companyfacts/CIK0001364954.json,2026-10-10T12:46:56.254143+00:00,A_VERIFIER_IDENTITE_ET_PERIODE
0CG.F,0001364954,NetIncome,NetIncomeLoss,-32441000,USD,2014-07-01,2014-09-30,2016-03-04,10-K,0001364954-16-000291,2015,FY,https://data.sec.gov/api/xbrl/companyfacts/CIK0001364954.json,2026-10-10T12:46:56.254154+00:00,A_VERIFIER_IDENTITE_ET_PERIODE
0CG.F,0001364954,NetIncome,NetIncomeLoss,-64758000,USD,2014-01-01,2014-12-31,2015-03-06,10-K,0001364954-15-000009,2014,FY,https://data.sec.gov/api/xbrl/companyfacts/CIK0001364954.json,2026-10-10T12:46:56.254175+00:00,A_VERIFIER_IDENTITE_ET_PERIODE
0CG.F,0001364954,NetIncome,NetIncomeLoss,-64758000,USD,2014-01-01,2014-12-31,2016-03-04,10-K,0001364954-16-000291,2015,FY,https://data.sec.gov/api/xbrl/companyfacts/CIK0001364954.json,2026-10-10T12:46:56.254188+00:00,A_VERIFIER_IDENTITE_ET_PERIODE
0CG.F,0001364954,NetIncome,NetIncomeLoss,-64758000,USD,2014-01-01,2014-12-31,2017-02-23,10-K,0001364954-17-000031,2016,FY,https://data.sec.gov/api/xbrl/companyfacts/CIK0001364954.json,2026-10-10T12:46:56.254199+00:00,A_VERIFIER_IDENTITE_ET_PERIODE
0CG.F,0001364954,NetIncome,NetIncomeLoss,1688000,USD,2014-10-01,2014-12-31,2015-03-06,10-K,0001364954-15-000009,2014,FY,https://data.sec.gov/api/xbrl/companyfacts/CIK0001364954.json,2026-10-10T12:46:56.254210+00:00,A_VERIFIER_IDENTITE_ET_PERIODE
0CG.F,0001364954,NetIncome,NetIncomeLoss,1688000,USD,2014-10-01,2014-12-31,2016-03-04,10-K,0001364954-16-000291,2015,FY,https://data.sec.gov/api/xbrl/companyfacts/CIK0001364954.json,2026-10-10T12:46:56.254221+00:00,A_VERIFIER_IDENTITE_ET_PERIODE
0CG.F,0001364954,NetIncome,NetIncomeLoss,-28542000,USD,2015-01-01,2015-03-31,2015-05-08,10-Q,0001364954-15-000032,2015,Q1,https://data.sec.gov/api/xbrl/companyfacts/CIK0001364954.json,2026-10-10T12:46:56.254233+00:00,A_VERIFIER_IDENTITE_ET_PERIODE
0CG.F,0001364954,NetIncome,NetIncomeLoss,-28542000,USD,2015-01-01,2015-03-31,2016-03-04,10-K,0001364954-16-000291,2015,FY,https://data.sec.gov/api/xbrl/companyfacts/CIK0001364954.json,2026-10-10T12:46:56.254244+00:00,A_VERIFIER_IDENTITE_ET_PERIODE
0CG.F,0001364954,NetIncome,NetIncomeLoss,-28542000,USD,2015-01-01,2015-03-31,2016-05-03,10-Q,0001364954-16-000337,2016,Q1,https://data.sec.gov/api/xbrl/companyfacts/CIK0001364954.json,2026-10-10T12:46:56.254256+00:00,A_VERIFIER_IDENTITE_ET_PERIODE
0CG.F,0001364954,NetIncome,NetIncomeLoss,-28542000,USD,2015-01-01,2015-03-31,2017-02-23,10-K,0001364954-17-000031,2016,FY,https://data.sec.gov/api/xbrl/companyfacts/CIK0001364954.json,2026-10-10T12:46:56.254267+00:00,A_VERIFIER_IDENTITE_ET_PERIODE
0CG.F,0001364954,NetIncome,NetIncomeLoss,-38673000,USD,2015-01-01,2015-06-30,2015-08-06,10-Q,0001364954-15-000088,2015,Q2,https://data.sec.gov/api/xbrl/companyfacts/CIK0001364954.json,2026-10-10T12:46:56.254278+00:00,A_VERIFIER_IDENTITE_ET_PERIODE
0CG.F,0001364954,NetIncome,NetIncomeLoss,-38673000,USD,2015-01-01,2015-06-30,2015-12-21,10-Q,0001364954-15-000198,2015,Q2,https://data.sec.gov/api/xbrl/companyfacts/CIK0001364954.json,2026-10-10T12:46:56.254289+00:00,A_VERIFIER_IDENTITE_ET_PERIODE
0CG.F,0001364954,NetIncome,NetIncomeLoss,-38673000,USD,2015-01-01,2015-06-30,2016-08-03,10-Q,0001364954-16-000398,2016,Q2,https://data.sec.gov/api/xbrl/companyfacts/CIK0001364954.json,2026-10-10T12:46:56.254301+00:00,A_VERIFIER_IDENTITE_ET_PERIODE
0CG.F,0001364954,NetIncome,NetIncomeLoss,-10131000,USD,2015-04-01,2015-06-30,2015-08-06,10-Q,0001364954-15-000088,2015,Q2,https://data.sec.gov/api/xbrl/companyfacts/CIK0001364954.json,2026-10-10T12:46:56.254312+00:00,A_VERIFIER_IDENTITE_ET_PERIODE
0CG.F,0001364954,NetIncome,NetIncomeLoss,-10131000,USD,2015-04-01,2015-06-30,2015-12-21,10-Q,0001364954-15-000198,2015,Q2,https://data.sec.gov/api/xbrl/companyfacts/CIK0001364954.json,2026-10-10T12:46:56.254326+00:00,A_VERIFIER_IDENTITE_ET_PERIODE
0CG.F,0001364954,NetIncome,NetIncomeLoss,-10131000,USD,2015-04-01,2015-06-30,2016-03-04,10-K,0001364954-16-000291,2015,FY,https://data.sec.gov/api/xbrl/companyfacts/CIK0001364954.json,2026-10-10T12:46:56.254338+00:00,A_VERIFIER_IDENTITE_ET_PERIODE
0CG.F,0001364954,NetIncome,NetIncomeLoss,-10131000,USD,2015-04-01,2015-06-30,2016-08-03,10-Q,0001364954-16-000398,2016,Q2,https://data.sec.gov/api/xbrl/companyfacts/CIK0001364954.json,2026-10-10T12:46:56.254349+00:00,A_VERIFIER_IDENTITE_ET_PERIODE
0CG.F,0001364954,NetIncome,NetIncomeLoss,-10131000,USD,2015-04-01,2015-06-30,2017-02-23,10-K,0001364954-17-000031,2016,FY,https://data.sec.gov/api/xbrl/companyfacts/CIK0001364954.json,2026-10-10T12:46:56.254360+00:00,A_VERIFIER_IDENTITE_ET_PERIODE
0CG.F,0001364954,NetIncome,NetIncomeLoss,-62840000,USD,2015-01-01,2015-09-30,2015-11-05,10-Q,0001364954-15-000150,2015,Q3,https://data.sec.gov/api/xbrl/companyfacts/CIK0001364954.json,2026-10-10T12:46:56.254371+00:00,A_VERIFIER_IDENTITE_ET_PERIODE
0CG.F,0001364954,NetIncome,NetIncomeLoss,-62840000,USD,2015-01-01,2015-09-30,2015-12-21,10-Q,0001364954-15-000199,2015,Q3,https://data.sec.gov/api/xbrl/companyfacts/CIK0001364954.json,2026-10-10T12:46:56.254382+00:00,A_VERIFIER_IDENTITE_ET_PERIODE
0CG.F,0001364954,NetIncome,NetIncomeLoss,-62840000,USD,2015-01-01,2015-09-30,2016-11-07,10-Q,0001364954-16-000457,2016,Q3,https://data.sec.gov/api/xbrl/companyfacts/CIK0001364954.json,2026-10-10T12:46:56.254393+00:00,A_VERIFIER_IDENTITE_ET_PERIODE
0CG.F,0001364954,NetIncome,NetIncomeLoss,-24167000,USD,2015-07-01,2015-09-30,2015-11-05,10-Q,0001364954-15-000150,2015,Q3,https://data.sec.gov/api/xbrl/companyfacts/CIK0001364954.json,2026-10-10T12:46:56.254404+00:00,A_VERIFIER_IDENTITE_ET_PERIODE
0CG.F,0001364954,NetIncome,NetIncomeLoss,-24167000,USD,2015-07-01,2015-09-30,2015-12-21,10-Q,0001364954-15-000199,2015,Q3,https://data.sec.gov/api/xbrl/companyfacts/CIK0001364954.json,2026-10-10T12:46:56.254415+00:00,A_VERIFIER_IDENTITE_ET_PERIODE
0CG.F,0001364954,NetIncome,NetIncomeLoss,-24167000,USD,2015-07-01,2015-09-30,2016-03-04,10-K,0001364954-16-000291,2015,FY,https://data.sec.gov/api/xbrl/companyfacts/CIK0001364954.json,2026-10-10T12:46:56.254426+00:00,A_VERIFIER_IDENTITE_ET_PERIODE
0CG.F,0001364954,NetIncome,NetIncomeLoss,-24167000,USD,2015-07-01,2015-09-30,2016-11-07,10-Q,0001364954-16-000457,2016,Q3,https://data.sec.gov/api/xbrl/companyfacts/CIK0001364954.json,2026-10-10T12:46:56.254437+00:00,A_VERIFIER_IDENTITE_ET_PERIODE
0CG.F,0001364954,NetIncome,NetIncomeLoss,-24167000,USD,2015-07-01,2015-09-30,2017-02-23,10-K,0001364954-17-000031,2016,FY,https://data.sec.gov/api/xbrl/companyfacts/CIK0001364954.json,2026-10-10T12:46:56.254449+00:00,A_VERIFIER_IDENTITE_ET_PERIODE
0CG.F,0001364954,NetIncome,NetIncomeLoss,-59210000,USD,2015-01-01,2015-12-31,2016-03-04,10-K,0001364954-16-000291,2015,FY,https://data.sec.gov/api/xbrl/companyfacts/CIK0001364954.json,2026-10-10T12:46:56.254460+00:00,A_VERIFIER_IDENTITE_ET_PERIODE
0CG.F,0001364954,NetIncome,NetIncomeLoss,-59210000,USD,2015-01-01,2015-12-31,2017-02-23,10-K,0001364954-17-000031,2016,FY,https://data.sec.gov/api/xbrl/companyfacts/CIK0001364954.json,2026-10-10T12:46:56.254471+00:00,A_VERIFIER_IDENTITE_ET_PERIODE
0CG.F,0001364954,NetIncome,NetIncomeLoss,-59210000,USD,2015-01-01,2015-12-31,2018-02-26,10-K,0001364954-18-000039,2017,FY,https://data.sec.gov/api/xbrl/companyfacts/CIK0001364954.json,2026-10-10T12:46:56.254482+00:00,A_VERIFIER_IDENTITE_ET_PERIODE
0CG.F,0001364954,NetIncome,NetIncomeLoss,3630000,USD,2015-10-01,2015-12-31,2016-03-04,10-K,0001364954-16-000291,2015,FY,https://data.sec.gov/api/xbrl/companyfacts/CIK0001364954.json,2026-10-10T12:46:56.254493+00:00,A_VERIFIER_IDENTITE_ET_PERIODE
0CG.F,0001364954,NetIncome,NetIncomeLoss,3630000,USD,2015-10-01,2015-12-31,2017-02-23,10-K,0001364954-17-000031,2016,FY,https://data.sec.gov/api/xbrl/companyfacts/CIK0001364954.json,2026-10-10T12:46:56.254504+00:00,A_VERIFIER_IDENTITE_ET_PERIODE
0CG.F,0001364954,NetIncome,NetIncomeLoss,-15685000,USD,2016-01-01,2016-03-31,2016-05-03,10-Q,0001364954-16-000337,2016,Q1,https://data.sec.gov/api/xbrl/companyfacts/CIK0001364954.json,2026-10-10T12:46:56.254515+00:00,A_VERIFIER_IDENTITE_ET_PERIODE
0CG.F,0001364954,NetIncome,NetIncomeLoss,-15685000,USD,2016-01-01,2016-03-31,2017-02-23,10-K,0001364954-17-000031,2016,FY,https://data.sec.gov/api/xbrl/companyfacts/CIK0001364954.json,2026-10-10T12:46:56.254527+00:00,A_VERIFIER_IDENTITE_ET_PERIODE
0CG.F,0001364954,NetIncome,NetIncomeLoss,-15685000,USD,2016-01-01,2016-03-31,2017-05-01,10-Q,0001364954-17-000103,2017,Q1,https://data.sec.gov/api/xbrl/companyfacts/CIK0001364954.json,2026-10-10T12:46:56.254538+00:00,A_VERIFIER_IDENTITE_ET_PERIODE
0CG.F,0001364954,NetIncome,NetIncomeLoss,-15685000,USD,2016-01-01,2016-03-31,2018-02-26,10-K,0001364954-18-000039,2017,FY,https://data.sec.gov/api/xbrl/companyfacts/CIK0001364954.json,2026-10-10T12:46:56.254549+00:00,A_VERIFIER_IDENTITE_ET_PERIODE
0CG.F,0001364954,NetIncome,NetIncomeLoss,-24693000,USD,2016-01-01,2016-06-30,2016-08-03,10-Q,0001364954-16-000398,2016,Q2,https://data.sec.gov/api/xbrl/companyfacts/CIK0001364954.json,2026-10-10T12:46:56.254560+00:00,A_VERIFIER_IDENTITE_ET_PERIODE
0CG.F,0001364954,NetIncome,NetIncomeLoss,-24693000,USD,2016-01-01,2016-06-30,2017-07-31,10-Q,0001364954-17-000157,2017,Q2,https://data.sec.gov/api/xbrl/companyfacts/CIK0001364954.json,2026-10-10T12:46:56.254571+00:00,A_VERIFIER_IDENTITE_ET_PERIODE
0CG.F,0001364954,NetIncome,NetIncomeLoss,-9008000,USD,2016-04-01,2016-06-30,2016-08-03,10-Q,0001364954-16-000398,2016,Q2,https://data.sec.gov/api/xbrl/companyfacts/CIK0001364954.json,2026-10-10T12:46:56.254581+00:00,A_VERIFIER_IDENTITE_ET_PERIODE
0CG.F,0001364954,NetIncome,NetIncomeLoss,-9008000,USD,2016-04-01,2016-06-30,2017-02-23,10-K,0001364954-17-000031,2016,FY,https://data.sec.gov/api/xbrl/companyfacts/CIK0001364954.json,2026-10-10T12:46:56.254593+00:00,A_VERIFIER_IDENTITE_ET_PERIODE
0CG.F,0001364954,NetIncome,NetIncomeLoss,-9008000,USD,2016-04-01,2016-06-30,2017-07-31,10-Q,0001364954-17-000157,2017,Q2,https://data.sec.gov/api/xbrl/companyfacts/CIK0001364954.json,2026-10-10T12:46:56.254604+00:00,A_VERIFIER_IDENTITE_ET_PERIODE
0CG.F,0001364954,NetIncome,NetIncomeLoss,-9008000,USD,2016-04-01,2016-06-30,2018-02-26,10-K,0001364954-18-000039,2017,FY,https://data.sec.gov/api/xbrl/companyfacts/CIK0001364954.json,2026-10-10T12:46:56.254615+00:00,A_VERIFIER_IDENTITE_ET_PERIODE
0CG.F,0001364954,NetIncome,NetIncomeLoss,-40756000,USD,2016-01-01,2016-09-30,2016-11-07,10-Q,0001364954-16-000457,2016,Q3,https://data.sec.gov/api/xbrl/companyfacts/CIK0001364954.json,2026-10-10T12:46:56.254626+00:00,A_VERIFIER_IDENTITE_ET_PERIODE
0CG.F,0001364954,NetIncome,NetIncomeLoss,-40756000,USD,2016-01-01,2016-09-30,2017-10-30,10-Q,0001364954-17-000188,2017,Q3,https://data.sec.gov/api/xbrl/companyfacts/CIK0001364954.json,2026-10-10T12:46:56.254637+00:00,A_VERIFIER_IDENTITE_ET_PERIODE
0CG.F,0001364954,NetIncome,NetIncomeLoss,-16063000,USD,2016-07-01,2016-09-30,2016-11-07,10-Q,0001364954-16-000457,2016,Q3,https://data.sec.gov/api/xbrl/companyfacts/CIK0001364954.json,2026-10-10T12:46:56.254648+00:00,A_VERIFIER_IDENTITE_ET_PERIODE
0CG.F,0001364954,NetIncome,NetIncomeLoss,-16063000,USD,2016-07-01,2016-09-30,2017-02-23,10-K,0001364954-17-000031,2016,FY,https://data.sec.gov/api/xbrl/companyfacts/CIK0001364954.json,2026-10-10T12:46:56.254659+00:00,A_VERIFIER_IDENTITE_ET_PERIODE
0CG.F,0001364954,NetIncome,NetIncomeLoss,-16063000,USD,2016-07-01,2016-09-30,2017-10-30,10-Q,0001364954-17-000188,2017,Q3,https://data.sec.gov/api/xbrl/companyfacts/CIK0001364954.json,2026-10-10T12:46:56.254670+00:00,A_VERIFIER_IDENTITE_ET_PERIODE
0CG.F,0001364954,NetIncome,NetIncomeLoss,-16063000,USD,2016-07-01,2016-09-30,2018-02-26,10-K,0001364954-18-000039,2017,FY,https://data.sec.gov/api/xbrl/companyfacts/CIK0001364954.json,2026-10-10T12:46:56.254681+00:00,A_VERIFIER_IDENTITE_ET_PERIODE
0CG.F,0001364954,NetIncome,NetIncomeLoss,-42245000,USD,2016-01-01,2016-12-31,2017-02-23,10-K,0001364954-17-000031,2016,FY,https://data.sec.gov/api/xbrl/companyfacts/CIK0001364954.json,2026-10-10T12:46:56.254693+00:00,A_VERIFIER_IDENTITE_ET_PERIODE
0CG.F,0001364954,NetIncome,NetIncomeLoss,-42245000,USD,2016-01-01,2016-12-31,2018-02-26,10-K,0001364954-18-000039,2017,FY,https://data.sec.gov/api/xbrl/companyfacts/CIK0001364954.json,2026-10-10T12:46:56.254704+00:00,A_VERIFIER_IDENTITE_ET_PERIODE
0CG.F,0001364954,NetIncome,NetIncomeLoss,-42245000,USD,2016-01-01,2016-12-31,2019-02-25,10-K,0001364954-19-000027,2018,FY,https://data.sec.gov/api/xbrl/companyfacts/CIK0001364954.json,2026-10-10T12:46:56.254715+00:00,A_VERIFIER_IDENTITE_ET_PERIODE
0CG.F,0001364954,NetIncome,NetIncomeLoss,-1489000,USD,2016-10-01,2016-12-31,2017-02-23,10-K,0001364954-17-000031,2016,FY,https://data.sec.gov/api/xbrl/companyfacts/CIK0001364954.json,2026-10-10T12:46:56.254726+00:00,A_VERIFIER_IDENTITE_ET_PERIODE
0CG.F,0001364954,NetIncome,NetIncomeLoss,-1489000,USD,2016-10-01,2016-12-31,2018-02-26,10-K,0001364954-18-000039,2017,FY,https://data.sec.gov/api/xbrl/companyfacts/CIK0001364954.json,2026-10-10T12:46:56.254737+00:00,A_VERIFIER_IDENTITE_ET_PERIODE
0CG.F,0001364954,NetIncome,NetIncomeLoss,-6401000,USD,2017-01-01,2017-03-31,2017-05-01,10-Q,0001364954-17-000103,2017,Q1,https://data.sec.gov/api/xbrl/companyfacts/CIK0001364954.json,2026-10-10T12:46:56.254748+00:00,A_VERIFIER_IDENTITE_ET_PERIODE
0CG.F,0001364954,NetIncome,NetIncomeLoss,-6401000,USD,2017-01-01,2017-03-31,2018-02-26,10-K,0001364954-18-000039,2017,FY,https://data.sec.gov/api/xbrl/companyfacts/CIK0001364954.json,2026-10-10T12:46:56.254759+00:00,A_VERIFIER_IDENTITE_ET_PERIODE
0CG.F,0001364954,NetIncome,NetIncomeLoss,-6401000,USD,2017-01-01,2017-03-31,2018-04-26,10-Q,0001364954-18-000113,2018,Q1,https://data.sec.gov/api/xbrl/companyfacts/CIK0001364954.json,2026-10-10T12:46:56.254770+00:00,A_VERIFIER_IDENTITE_ET_PERIODE
0CG.F,0001364954,NetIncome,NetIncomeLoss,-6401000,USD,2017-01-01,2017-03-31,2019-02-25,10-K,0001364954-19-000027,2018,FY,https://data.sec.gov/api/xbrl/companyfacts/CIK0001364954.json,2026-10-10T12:46:56.254781+00:00,A_VERIFIER_IDENTITE_ET_PERIODE
0CG.F,0001364954,NetIncome,NetIncomeLoss,-12426000,USD,2017-01-01,2017-06-30,2017-07-31,10-Q,0001364954-17-000157,2017,Q2,https://data.sec.gov/api/xbrl/companyfacts/CIK0001364954.json,2026-10-10T12:46:56.254792+00:00,A_VERIFIER_IDENTITE_ET_PERIODE
0CG.F,0001364954,NetIncome,NetIncomeLoss,-12426000,USD,2017-01-01,2017-06-30,2018-07-30,10-Q,0001364954-18-000170,2018,Q2,https://data.sec.gov/api/xbrl/companyfacts/CIK0001364954.json,2026-10-10T12:46:56.254803+00:00,A_VERIFIER_IDENTITE_ET_PERIODE
0CG.F,0001364954,NetIncome,NetIncomeLoss,-6025000,USD,2017-04-01,2017-06-30,2017-07-31,10-Q,0001364954-17-000157,2017,Q2,https://data.sec.gov/api/xbrl/companyfacts/CIK0001364954.json,2026-10-10T12:46:56.254814+00:00,A_VERIFIER_IDENTITE_ET_PERIODE
0CG.F,0001364954,NetIncome,NetIncomeLoss,-6025000,USD,2017-04-01,2017-06-30,2018-02-26,10-K,0001364954-18-000039,2017,FY,https://data.sec.gov/api/xbrl/companyfacts/CIK0001364954.json,2026-10-10T12:46:56.254825+00:00,A_VERIFIER_IDENTITE_ET_PERIODE
0CG.F,0001364954,NetIncome,NetIncomeLoss,-6025000,USD,2017-04-01,2017-06-30,2018-07-30,10-Q,0001364954-18-000170,2018,Q2,https://data.sec.gov/api/xbrl/companyfacts/CIK0001364954.json,2026-10-10T12:46:56.254836+00:00,A_VERIFIER_IDENTITE_ET_PERIODE
0CG.F,0001364954,NetIncome,NetIncomeLoss,-6025000,USD,2017-04-01,2017-06-30,2019-02-25,10-K,0001364954-19-000027,2018,FY,https://data.sec.gov/api/xbrl/companyfacts/CIK0001364954.json,2026-10-10T12:46:56.254847+00:00,A_VERIFIER_IDENTITE_ET_PERIODE
0CG.F,0001364954,NetIncome,NetIncomeLoss,-23942000,USD,2017-01-01,2017-09-30,2017-10-30,10-Q,0001364954-17-000188,2017,Q3,https://data.sec.gov/api/xbrl/companyfacts/CIK0001364954.json,2026-10-10T12:46:56.254858+00:00,A_VERIFIER_IDENTITE_ET_PERIODE
0CG.F,0001364954,NetIncome,NetIncomeLoss,-23942000,USD,2017-01-01,2017-09-30,2018-10-29,10-Q,0001364954-18-000200,2018,Q3,https://data.sec.gov/api/xbrl/companyfacts/CIK0001364954.json,2026-10-10T12:46:56.254869+00:00,A_VERIFIER_IDENTITE_ET_PERIODE
0CG.F,0001364954,NetIncome,NetIncomeLoss,-11516000,USD,2017-07-01,2017-09-30,2017-10-30,10-Q,0001364954-17-000188,2017,Q3,https://data.sec.gov/api/xbrl/companyfacts/CIK0001364954.json,2026-10-10T12:46:56.254880+00:00,A_VERIFIER_IDENTITE_ET_PERIODE
0CG.F,0001364954,NetIncome,NetIncomeLoss,-11516000,USD,2017-07-01,2017-09-30,2018-02-26,10-K,0001364954-18-000039,2017,FY,https://data.sec.gov/api/xbrl/companyfacts/CIK0001364954.json,2026-10-10T12:46:56.254891+00:00,A_VERIFIER_IDENTITE_ET_PERIODE
0CG.F,0001364954,NetIncome,NetIncomeLoss,-11516000,USD,2017-07-01,2017-09-30,2018-10-29,10-Q,0001364954-18-000200,2018,Q3,https://data.sec.gov/api/xbrl/companyfacts/CIK0001364954.json,2026-10-10T12:46:56.254903+00:00,A_VERIFIER_IDENTITE_ET_PERIODE
0CG.F,0001364954,NetIncome,NetIncomeLoss,-11516000,USD,2017-07-01,2017-09-30,2019-02-25,10-K,0001364954-19-000027,2018,FY,https://data.sec.gov/api/xbrl/companyfacts/CIK0001364954.json,2026-10-10T12:46:56.254914+00:00,A_VERIFIER_IDENTITE_ET_PERIODE
0CG.F,0001364954,NetIncome,NetIncomeLoss,-20283000,USD,2017-01-01,2017-12-31,2018-02-26,10-K,0001364954-18-000039,2017,FY,https://data.sec.gov/api/xbrl/companyfacts/CIK0001364954.json,2026-10-10T12:46:56.254925+00:00,A_VERIFIER_IDENTITE_ET_PERIODE
0CG.F,0001364954,NetIncome,NetIncomeLoss,-20283000,USD,2017-01-01,2017-12-31,2019-02-25,10-K,0001364954-19-000027,2018,FY,https://data.sec.gov/api/xbrl/companyfacts/CIK0001364954.json,2026-10-10T12:46:56.254936+00:00,A_VERIFIER_IDENTITE_ET_PERIODE
0CG.F,0001364954,NetIncome,NetIncomeLoss,-20283000,USD,2017-01-01,2017-12-31,2020-02-20,10-K,0001364954-20-000041,2019,FY,https://data.sec.gov/api/xbrl/companyfacts/CIK0001364954.json,2026-10-10T12:46:56.254947+00:00,A_VERIFIER_IDENTITE_ET_PERIODE
0CG.F,0001364954,NetIncome,NetIncomeLoss,3659000,USD,2017-10-01,2017-12-31,2018-02-26,10-K,0001364954-18-000039,2017,FY,https://data.sec.gov/api/xbrl/companyfacts/CIK0001364954.json,2026-10-10T12:46:56.254958+00:00,A_VERIFIER_IDENTITE_ET_PERIODE
0CG.F,0001364954,NetIncome,NetIncomeLoss,3659000,USD,2017-10-01,2017-12-31,2019-02-25,10-K,0001364954-19-000027,2018,FY,https://data.sec.gov/api/xbrl/companyfacts/CIK0001364954.json,2026-10-10T12:46:56.254970+00:00,A_VERIFIER_IDENTITE_ET_PERIODE
0CG.F,0001364954,NetIncome,NetIncomeLoss,-2617000,USD,2018-01-01,2018-03-31,2018-04-26,10-Q,0001364954-18-000113,2018,Q1,https://data.sec.gov/api/xbrl/companyfacts/CIK0001364954.json,2026-10-10T12:46:56.254981+00:00,A_VERIFIER_IDENTITE_ET_PERIODE
0CG.F,0001364954,NetIncome,NetIncomeLoss,-2617000,USD,2018-01-01,2018-03-31,2019-02-25,10-K,0001364954-19-000027,2018,FY,https://data.sec.gov/api/xbrl/companyfacts/CIK0001364954.json,2026-10-10T12:46:56.254992+00:00,A_VERIFIER_IDENTITE_ET_PERIODE
0CG.F,0001364954,NetIncome,NetIncomeLoss,-2617000,USD,2018-01-01,2018-03-31,2019-04-29,10-Q,0001364954-19-000125,2019,Q1,https://data.sec.gov/api/xbrl/companyfacts/CIK0001364954.json,2026-10-10T12:46:56.255003+00:00,A_VERIFIER_IDENTITE_ET_PERIODE
0CG.F,0001364954,NetIncome,NetIncomeLoss,-2617000,USD,2018-01-01,2018-03-31,2020-02-20,10-K,0001364954-20-000041,2019,FY,https://data.sec.gov/api/xbrl/companyfacts/CIK0001364954.json,2026-10-10T12:46:56.255014+00:00,A_VERIFIER_IDENTITE_ET_PERIODE
0CG.F,0001364954,NetIncome,NetIncomeLoss,-6526000,USD,2018-01-01,2018-06-30,2018-07-30,10-Q,0001364954-18-000170,2018,Q2,https://data.sec.gov/api/xbrl/companyfacts/CIK0001364954.json,2026-10-10T12:46:56.255025+00:00,A_VERIFIER_IDENTITE_ET_PERIODE
0CG.F,0001364954,NetIncome,NetIncomeLoss,-6526000,USD,2018-01-01,2018-06-30,2019-07-29,10-Q,0001364954-19-000188,2019,Q2,https://data.sec.gov/api/xbrl/companyfacts/CIK0001364954.json,2026-10-10T12:46:56.255036+00:00,A_VERIFIER_IDENTITE_ET_PERIODE
0CG.F,0001364954,NetIncome,NetIncomeLoss,-3909000,USD,2018-04-01,2018-06-30,2018-07-30,10-Q,0001364954-18-000170,2018,Q2,https://data.sec.gov/api/xbrl/companyfacts/CIK0001364954.json,2026-10-10T12:46:56.255047+00:00,A_VERIFIER_IDENTITE_ET_PERIODE
0CG.F,0001364954,NetIncome,NetIncomeLoss,-3909000,USD,2018-04-01,2018-06-30,2019-02-25,10-K,0001364954-19-000027,2018,FY,https://data.sec.gov/api/xbrl/companyfacts/CIK0001364954.json,2026-10-10T12:46:56.255058+00:00,A_VERIFIER_IDENTITE_ET_PERIODE
0CG.F,0001364954,NetIncome,NetIncomeLoss,-3909000,USD,2018-04-01,2018-06-30,2019-07-29,10-Q,0001364954-19-000188,2019,Q2,https://data.sec.gov/api/xbrl/companyfacts/CIK0001364954.json,2026-10-10T12:46:56.255069+00:00,A_VERIFIER_IDENTITE_ET_PERIODE
0CG.F,0001364954,NetIncome,NetIncomeLoss,-3909000,USD,2018-04-01,2018-06-30,2020-02-20,10-K,0001364954-20-000041,2019,FY,https://data.sec.gov/api/xbrl/companyfacts/CIK0001364954.json,2026-10-10T12:46:56.255080+00:00,A_VERIFIER_IDENTITE_ET_PERIODE
0CG.F,0001364954,NetIncome,NetIncomeLoss,-20235000,USD,2018-01-01,2018-09-30,2018-10-29,10-Q,0001364954-18-000200,2018,Q3,https://data.sec.gov/api/xbrl/companyfacts/CIK0001364954.json,2026-10-10T12:46:56.255091+00:00,A_VERIFIER_IDENTITE_ET_PERIODE
0CG.F,0001364954,NetIncome,NetIncomeLoss,-20235000,USD,2018-01-01,2018-09-30,2019-11-04,10-Q,0001364954-19-000251,2019,Q3,https://data.sec.gov/api/xbrl/companyfacts/CIK0001364954.json,2026-10-10T12:46:56.255103+00:00,A_VERIFIER_IDENTITE_ET_PERIODE
0CG.F,0001364954,NetIncome,NetIncomeLoss,-13709000,USD,2018-07-01,2018-09-30,2018-10-29,10-Q,0001364954-18-000200,2018,Q3,https://data.sec.gov/api/xbrl/companyfacts/CIK0001364954.json,2026-10-10T12:46:56.255114+00:00,A_VERIFIER_IDENTITE_ET_PERIODE
0CG.F,0001364954,NetIncome,NetIncomeLoss,-13709000,USD,2018-07-01,2018-09-30,2019-02-25,10-K,0001364954-19-000027,2018,FY,https://data.sec.gov/api/xbrl/companyfacts/CIK0001364954.json,2026-10-10T12:46:56.255125+00:00,A_VERIFIER_IDENTITE_ET_PERIODE
0CG.F,0001364954,NetIncome,NetIncomeLoss,-13709000,USD,2018-07-01,2018-09-30,2019-11-04,10-Q,0001364954-19-000251,2019,Q3,https://data.sec.gov/api/xbrl/companyfacts/CIK0001364954.json,2026-10-10T12:46:56.255136+00:00,A_VERIFIER_IDENTITE_ET_PERIODE
0CG.F,0001364954,NetIncome,NetIncomeLoss,-13709000,USD,2018-07-01,2018-09-30,2020-02-20,10-K,0001364954-20-000041,2019,FY,https://data.sec.gov/api/xbrl/companyfacts/CIK0001364954.json,2026-10-10T12:46:56.255148+00:00,A_VERIFIER_IDENTITE_ET_PERIODE
0CG.F,0001364954,NetIncome,NetIncomeLoss,-14888000,USD,2018-01-01,2018-12-31,2019-02-25,10-K,0001364954-19-000027,2018,FY,https://data.sec.gov/api/xbrl/companyfacts/CIK0001364954.json,2026-10-10T12:46:56.255164+00:00,A_VERIFIER_IDENTITE_ET_PERIODE
0CG.F,0001364954,NetIncome,NetIncomeLoss,-14888000,USD,2018-01-01,2018-12-31,2020-02-20,10-K,0001364954-20-000041,2019,FY,https://data.sec.gov/api/xbrl/companyfacts/CIK0001364954.json,2026-10-10T12:46:56.255180+00:00,A_VERIFIER_IDENTITE_ET_PERIODE
0CG.F,0001364954,NetIncome,NetIncomeLoss,-14888000,USD,2018-01-01,2018-12-31,2021-02-22,10-K,0001364954-21-000013,2020,FY,https://data.sec.gov/api/xbrl/companyfacts/CIK0001364954.json,2026-10-10T12:46:56.255192+00:00,A_VERIFIER_IDENTITE_ET_PERIODE
0CG.F,0001364954,NetIncome,NetIncomeLoss,5347000,USD,2018-10-01,2018-12-31,2019-02-25,10-K,0001364954-19-000027,2018,FY,https://data.sec.gov/api/xbrl/companyfacts/CIK0001364954.json,2026-10-10T12:46:56.255203+00:00,A_VERIFIER_IDENTITE_ET_PERIODE
0CG.F,0001364954,NetIncome,NetIncomeLoss,5347000,USD,2018-10-01,2018-12-31,2020-02-20,10-K,0001364954-20-000041,2019,FY,https://data.sec.gov/api/xbrl/companyfacts/CIK0001364954.json,2026-10-10T12:46:56.255215+00:00,A_VERIFIER_IDENTITE_ET_PERIODE
0CG.F,0001364954,NetIncome,NetIncomeLoss,-4318000,USD,2019-01-01,2019-03-31,2019-04-29,10-Q,0001364954-19-000125,2019,Q1,https://data.sec.gov/api/xbrl/companyfacts/CIK0001364954.json,2026-10-10T12:46:56.255226+00:00,A_VERIFIER_IDENTITE_ET_PERIODE
0CG.F,0001364954,NetIncome,NetIncomeLoss,-4318000,USD,2019-01-01,2019-03-31,2020-02-20,10-K,0001364954-20-000041,2019,FY,https://data.sec.gov/api/xbrl/companyfacts/CIK0001364954.json,2026-10-10T12:46:56.255237+00:00,A_VERIFIER_IDENTITE_ET_PERIODE
0CG.F,0001364954,NetIncome,NetIncomeLoss,-4318000,USD,2019-01-01,2019-03-31,2020-05-04,10-Q,0001364954-20-000094,2020,Q1,https://data.sec.gov/api/xbrl/companyfacts/CIK0001364954.json,2026-10-10T12:46:56.255248+00:00,A_VERIFIER_IDENTITE_ET_PERIODE
0CG.F,0001364954,NetIncome,NetIncomeLoss,-4318000,USD,2019-01-01,2019-03-31,2021-02-22,10-K,0001364954-21-000013,2020,FY,https://data.sec.gov/api/xbrl/companyfacts/CIK0001364954.json,2026-10-10T12:46:56.255259+00:00,A_VERIFIER_IDENTITE_ET_PERIODE
0CG.F,0001364954,NetIncome,NetIncomeLoss,-6347000,USD,2019-01-01,2019-06-30,2019-07-29,10-Q,0001364954-19-000188,2019,Q2,https://data.sec.gov/api/xbrl/companyfacts/CIK0001364954.json,2026-10-10T12:46:56.255271+00:00,A_VERIFIER_IDENTITE_ET_PERIODE
0CG.F,0001364954,NetIncome,NetIncomeLoss,-6347000,USD,2019-01-01,2019-06-30,2020-08-03,10-Q,0001364954-20-000172,2020,Q2,https://data.sec.gov/api/xbrl/companyfacts/CIK0001364954.json,2026-10-10T12:46:56.255282+00:00,A_VERIFIER_IDENTITE_ET_PERIODE
0CG.F,0001364954,NetIncome,NetIncomeLoss,-2029000,USD,2019-04-01,2019-06-30,2019-07-29,10-Q,0001364954-19-000188,2019,Q2,https://data.sec.gov/api/xbrl/companyfacts/CIK0001364954.json,2026-10-10T12:46:56.255293+00:00,A_VERIFIER_IDENTITE_ET_PERIODE
0CG.F,0001364954,NetIncome,NetIncomeLoss,-2029000,USD,2019-04-01,2019-06-30,2020-02-20,10-K,0001364954-20-000041,2019,FY,https://data.sec.gov/api/xbrl/companyfacts/CIK0001364954.json,2026-10-10T12:46:56.255304+00:00,A_VERIFIER_IDENTITE_ET_PERIODE
0CG.F,0001364954,NetIncome,NetIncomeLoss,-2029000,USD,2019-04-01,2019-06-30,2020-08-03,10-Q,0001364954-20-000172,2020,Q2,https://data.sec.gov/api/xbrl/companyfacts/CIK0001364954.json,2026-10-10T12:46:56.255315+00:00,A_VERIFIER_IDENTITE_ET_PERIODE
0CG.F,0001364954,NetIncome,NetIncomeLoss,-2029000,USD,2019-04-01,2019-06-30,2021-02-22,10-K,0001364954-21-000013,2020,FY,https://data.sec.gov/api/xbrl/companyfacts/CIK0001364954.json,2026-10-10T12:46:56.255326+00:00,A_VERIFIER_IDENTITE_ET_PERIODE
0CG.F,0001364954,NetIncome,NetIncomeLoss,-17824000,USD,2019-01-01,2019-09-30,2019-11-04,10-Q,0001364954-19-000251,2019,Q3,https://data.sec.gov/api/xbrl/companyfacts/CIK0001364954.json,2026-10-10T12:46:56.255337+00:00,A_VERIFIER_IDENTITE_ET_PERIODE
0CG.F,0001364954,NetIncome,NetIncomeLoss,-17824000,USD,2019-01-01,2019-09-30,2020-10-26,10-Q,0001364954-20-000210,2020,Q3,https://data.sec.gov/api/xbrl/companyfacts/CIK0001364954.json,2026-10-10T12:46:56.255348+00:00,A_VERIFIER_IDENTITE_ET_PERIODE
0CG.F,0001364954,NetIncome,NetIncomeLoss,-11477000,USD,2019-07-01,2019-09-30,2019-11-04,10-Q,0001364954-19-000251,2019,Q3,https://data.sec.gov/api/xbrl/companyfacts/CIK0001364954.json,2026-10-10T12:46:56.255359+00:00,A_VERIFIER_IDENTITE_ET_PERIODE
0CG.F,0001364954,NetIncome,NetIncomeLoss,-11477000,USD,2019-07-01,2019-09-30,2020-02-20,10-K,0001364954-20-000041,2019,FY,https://data.sec.gov/api/xbrl/companyfacts/CIK0001364954.json,2026-10-10T12:46:56.255370+00:00,A_VERIFIER_IDENTITE_ET_PERIODE
0CG.F,0001364954,NetIncome,NetIncomeLoss,-11477000,USD,2019-07-01,2019-09-30,2020-10-26,10-Q,0001364954-20-000210,2020,Q3,https://data.sec.gov/api/xbrl/companyfacts/CIK0001364954.json,2026-10-10T12:46:56.255382+00:00,A_VERIFIER_IDENTITE_ET_PERIODE
0CG.F,0001364954,NetIncome,NetIncomeLoss,-11477000,USD,2019-07-01,2019-09-30,2021-02-22,10-K,0001364954-21-000013,2020,FY,https://data.sec.gov/api/xbrl/companyfacts/CIK0001364954.json,2026-10-10T12:46:56.255393+00:00,A_VERIFIER_IDENTITE_ET_PERIODE
0CG.F,0001364954,NetIncome,NetIncomeLoss,-9605000,USD,2019-01-01,2019-12-31,2020-02-20,10-K,0001364954-20-000041,2019,FY,https://data.sec.gov/api/xbrl/companyfacts/CIK0001364954.json,2026-10-10T12:46:56.255404+00:00,A_VERIFIER_IDENTITE_ET_PERIODE
0CG.F,0001364954,NetIncome,NetIncomeLoss,-9605000,USD,2019-01-01,2019-12-31,2021-02-22,10-K,0001364954-21-000013,2020,FY,https://data.sec.gov/api/xbrl/companyfacts/CIK0001364954.json,2026-10-10T12:46:56.255415+00:00,A_VERIFIER_IDENTITE_ET_PERIODE
0CG.F,0001364954,NetIncome,NetIncomeLoss,-9605000,USD,2019-01-01,2019-12-31,2022-02-22,10-K,0001364954-22-000011,2021,FY,https://data.sec.gov/api/xbrl/companyfacts/CIK0001364954.json,2026-10-10T12:46:56.255426+00:00,A_VERIFIER_IDENTITE_ET_PERIODE
0CG.F,0001364954,NetIncome,NetIncomeLoss,8219000,USD,2019-10-01,2019-12-31,2020-02-20,10-K,0001364954-20-000041,2019,FY,https://data.sec.gov/api/xbrl/companyfacts/CIK0001364954.json,2026-10-10T12:46:56.255437+00:00,A_VERIFIER_IDENTITE_ET_PERIODE
0CG.F,0001364954,NetIncome,NetIncomeLoss,8219000,USD,2019-10-01,2019-12-31,2021-02-22,10-K,0001364954-21-000013,2020,FY,https://data.sec.gov/api/xbrl/companyfacts/CIK0001364954.json,2026-10-10T12:46:56.255448+00:00,A_VERIFIER_IDENTITE_ET_PERIODE
0CG.F,0001364954,NetIncome,NetIncomeLoss,-5713000,USD,2020-01-01,2020-03-31,2020-05-04,10-Q,0001364954-20-000094,2020,Q1,https://data.sec.gov/api/xbrl/companyfacts/CIK0001364954.json,2026-10-10T12:46:56.255459+00:00,A_VERIFIER_IDENTITE_ET_PERIODE
0CG.F,0001364954,NetIncome,NetIncomeLoss,-5713000,USD,2020-01-01,2020-03-31,2021-02-22,10-K,0001364954-21-000013,2020,FY,https://data.sec.gov/api/xbrl/companyfacts/CIK0001364954.json,2026-10-10T12:46:56.255470+00:00,A_VERIFIER_IDENTITE_ET_PERIODE
0CG.F,0001364954,NetIncome,NetIncomeLoss,-5713000,USD,2020-01-01,2020-03-31,2021-05-03,10-Q,0001364954-21-000048,2021,Q1,https://data.sec.gov/api/xbrl/companyfacts/CIK0001364954.json,2026-10-10T12:46:56.255482+00:00,A_VERIFIER_IDENTITE_ET_PERIODE
0CG.F,0001364954,NetIncome,NetIncomeLoss,4876000,USD,2020-01-01,2020-06-30,2020-08-03,10-Q,0001364954-20-000172,2020,Q2,https://data.sec.gov/api/xbrl/companyfacts/CIK0001364954.json,2026-10-10T12:46:56.255493+00:00,A_VERIFIER_IDENTITE_ET_PERIODE
0CG.F,0001364954,NetIncome,NetIncomeLoss,4876000,USD,2020-01-01,2020-06-30,2021-08-09,10-Q,0001364954-21-000071,2021,Q2,https://data.sec.gov/api/xbrl/companyfacts/CIK0001364954.json,2026-10-10T12:46:56.255504+00:00,A_VERIFIER_IDENTITE_ET_PERIODE
0CG.F,0001364954,NetIncome,NetIncomeLoss,10589000,USD,2020-04-01,2020-06-30,2020-08-03,10-Q,0001364954-20-000172,2020,Q2,https://data.sec.gov/api/xbrl/companyfacts/CIK0001364954.json,2026-10-10T12:46:56.255515+00:00,A_VERIFIER_IDENTITE_ET_PERIODE
0CG.F,0001364954,NetIncome,NetIncomeLoss,10589000,USD,2020-04-01,2020-06-30,2021-02-22,10-K,0001364954-21-000013,2020,FY,https://data.sec.gov/api/xbrl/companyfacts/CIK0001364954.json,2026-10-10T12:46:56.255526+00:00,A_VERIFIER_IDENTITE_ET_PERIODE
0CG.F,0001364954,NetIncome,NetIncomeLoss,10589000,USD,2020-04-01,2020-06-30,2021-08-09,10-Q,0001364954-21-000071,2021,Q2,https://data.sec.gov/api/xbrl/companyfacts/CIK0001364954.json,2026-10-10T12:46:56.255537+00:00,A_VERIFIER_IDENTITE_ET_PERIODE
0CG.F,0001364954,NetIncome,NetIncomeLoss,-32264000,USD,2020-01-01,2020-09-30,2020-10-26,10-Q,0001364954-20-000210,2020,Q3,https://data.sec.gov/api/xbrl/companyfacts/CIK0001364954.json,2026-10-10T12:46:56.255548+00:00,A_VERIFIER_IDENTITE_ET_PERIODE
0CG.F,0001364954,NetIncome,NetIncomeLoss,-32264000,USD,2020-01-01,2020-09-30,2021-11-01,10-Q,0001364954-21-000113,2021,Q3,https://data.sec.gov/api/xbrl/companyfacts/CIK0001364954.json,2026-10-10T12:46:56.255559+00:00,A_VERIFIER_IDENTITE_ET_PERIODE
0CG.F,0001364954,NetIncome,NetIncomeLoss,-37140000,USD,2020-07-01,2020-09-30,2020-10-26,10-Q,0001364954-20-000210,2020,Q3,https://data.sec.gov/api/xbrl/companyfacts/CIK0001364954.json,2026-10-10T12:46:56.255570+00:00,A_VERIFIER_IDENTITE_ET_PERIODE
0CG.F,0001364954,NetIncome,NetIncomeLoss,-37140000,USD,2020-07-01,2020-09-30,2021-02-22,10-K,0001364954-21-000013,2020,FY,https://data.sec.gov/api/xbrl/companyfacts/CIK0001364954.json,2026-10-10T12:46:56.255582+00:00,A_VERIFIER_IDENTITE_ET_PERIODE
0CG.F,0001364954,NetIncome,NetIncomeLoss,-37140000,USD,2020-07-01,2020-09-30,2021-11-01,10-Q,0001364954-21-000113,2021,Q3,https://data.sec.gov/api/xbrl/companyfacts/CIK0001364954.json,2026-10-10T12:46:56.255593+00:00,A_VERIFIER_IDENTITE_ET_PERIODE
0CG.F,0001364954,NetIncome,NetIncomeLoss,-6221000,USD,2020-01-01,2020-12-31,2021-02-22,10-K,0001364954-21-000013,2020,FY,https://data.sec.gov/api/xbrl/companyfacts/CIK0001364954.json,2026-10-10T12:46:56.255604+00:00,A_VERIFIER_IDENTITE_ET_PERIODE
0CG.F,0001364954,NetIncome,NetIncomeLoss,-6221000,USD,2020-01-01,2020-12-31,2022-02-22,10-K,0001364954-22-000011,2021,FY,https://data.sec.gov/api/xbrl/companyfacts/CIK0001364954.json,2026-10-10T12:46:56.255615+00:00,A_VERIFIER_IDENTITE_ET_PERIODE
0CG.F,0001364954,NetIncome,NetIncomeLoss,-6221000,USD,2020-01-01,2020-12-31,2023-02-21,10-K,0001364954-23-000013,2022,FY,https://data.sec.gov/api/xbrl/companyfacts/CIK0001364954.json,2026-10-10T12:46:56.255626+00:00,A_VERIFIER_IDENTITE_ET_PERIODE
0CG.F,0001364954,NetIncome,NetIncomeLoss,26043000,USD,2020-10-01,2020-12-31,2021-02-22,10-K,0001364954-21-000013,2020,FY,https://data.sec.gov/api/xbrl/companyfacts/CIK0001364954.json,2026-10-10T12:46:56.255638+00:00,A_VERIFIER_IDENTITE_ET_PERIODE
0CG.F,0001364954,NetIncome,NetIncomeLoss,-65179000,USD,2021-01-01,2021-03-31,2021-05-03,10-Q,0001364954-21-000048,2021,Q1,https://data.sec.gov/api/xbrl/companyfacts/CIK0001364954.json,2026-10-10T12:46:56.255649+00:00,A_VERIFIER_IDENTITE_ET_PERIODE
0CG.F,0001364954,NetIncome,NetIncomeLoss,-65179000,USD,2021-01-01,2021-03-31,2022-05-02,10-Q,0001364954-22-000050,2022,Q1,https://data.sec.gov/api/xbrl/companyfacts/CIK0001364954.json,2026-10-10T12:46:56.255660+00:00,A_VERIFIER_IDENTITE_ET_PERIODE
0CG.F,0001364954,NetIncome,NetIncomeLoss,-32415000,USD,2021-01-01,2021-06-30,2021-08-09,10-Q,0001364954-21-000071,2021,Q2,https://data.sec.gov/api/xbrl/companyfacts/CIK0001364954.json,2026-10-10T12:46:56.255672+00:00,A_VERIFIER_IDENTITE_ET_PERIODE
0CG.F,0001364954,NetIncome,NetIncomeLoss,-32415000,USD,2021-01-01,2021-06-30,2022-08-04,10-Q,0001364954-22-000088,2022,Q2,https://data.sec.gov/api/xbrl/companyfacts/CIK0001364954.json,2026-10-10T12:46:56.255684+00:00,A_VERIFIER_IDENTITE_ET_PERIODE
0CG.F,0001364954,NetIncome,NetIncomeLoss,32764000,USD,2021-04-01,2021-06-30,2021-08-09,10-Q,0001364954-21-000071,2021,Q2,https://data.sec.gov/api/xbrl/companyfacts/CIK0001364954.json,2026-10-10T12:46:56.255695+00:00,A_VERIFIER_IDENTITE_ET_PERIODE
0CG.F,0001364954,NetIncome,NetIncomeLoss,32764000,USD,2021-04-01,2021-06-30,2022-08-04,10-Q,0001364954-22-000088,2022,Q2,https://data.sec.gov/api/xbrl/companyfacts/CIK0001364954.json,2026-10-10T12:46:56.255706+00:00,A_VERIFIER_IDENTITE_ET_PERIODE
0CG.F,0001364954,NetIncome,NetIncomeLoss,-25764000,USD,2021-01-01,2021-09-30,2021-11-01,10-Q,0001364954-21-000113,2021,Q3,https://data.sec.gov/api/xbrl/companyfacts/CIK0001364954.json,2026-10-10T12:46:56.255717+00:00,A_VERIFIER_IDENTITE_ET_PERIODE
0CG.F,0001364954,NetIncome,NetIncomeLoss,-25764000,USD,2021-01-01,2021-09-30,2022-11-01,10-Q,0001364954-22-000107,2022,Q3,https://data.sec.gov/api/xbrl/companyfacts/CIK0001364954.json,2026-10-10T12:46:56.255728+00:00,A_VERIFIER_IDENTITE_ET_PERIODE
0CG.F,0001364954,NetIncome,NetIncomeLoss,6651000,USD,2021-07-01,2021-09-30,2021-11-01,10-Q,0001364954-21-000113,2021,Q3,https://data.sec.gov/api/xbrl/companyfacts/CIK0001364954.json,2026-10-10T12:46:56.255739+00:00,A_VERIFIER_IDENTITE_ET_PERIODE
0CG.F,0001364954,NetIncome,NetIncomeLoss,6651000,USD,2021-07-01,2021-09-30,2022-11-01,10-Q,0001364954-22-000107,2022,Q3,https://data.sec.gov/api/xbrl/companyfacts/CIK0001364954.json,2026-10-10T12:46:56.255750+00:00,A_VERIFIER_IDENTITE_ET_PERIODE
0CG.F,0001364954,NetIncome,NetIncomeLoss,-1458000,USD,2021-01-01,2021-12-31,2022-02-22,10-K,0001364954-22-000011,2021,FY,https://data.sec.gov/api/xbrl/companyfacts/CIK0001364954.json,2026-10-10T12:46:56.255761+00:00,A_VERIFIER_IDENTITE_ET_PERIODE
0CG.F,0001364954,NetIncome,NetIncomeLoss,-1458000,USD,2021-01-01,2021-12-31,2023-02-21,10-K,0001364954-23-000013,2022,FY,https://data.sec.gov/api/xbrl/companyfacts/CIK0001364954.json,2026-10-10T12:46:56.255772+00:00,A_VERIFIER_IDENTITE_ET_PERIODE
0CG.F,0001364954,NetIncome,NetIncomeLoss,-1458000,USD,2021-01-01,2021-12-31,2024-02-20,10-K,0001364954-24-000009,2023,FY,https://data.sec.gov/api/xbrl/companyfacts/CIK0001364954.json,2026-10-10T12:46:56.255783+00:00,A_VERIFIER_IDENTITE_ET_PERIODE
0CG.F,0001364954,NetIncome,NetIncomeLoss,5742000,USD,2022-01-01,2022-03-31,2022-05-02,10-Q,0001364954-22-000050,2022,Q1,https://data.sec.gov/api/xbrl/companyfacts/CIK0001364954.json,2026-10-10T12:46:56.255794+00:00,A_VERIFIER_IDENTITE_ET_PERIODE
0CG.F,0001364954,NetIncome,NetIncomeLoss,5742000,USD,2022-01-01,2022-03-31,2023-05-01,10-Q,0001364954-23-000068,2023,Q1,https://data.sec.gov/api/xbrl/companyfacts/CIK0001364954.json,2026-10-10T12:46:56.255805+00:00,A_VERIFIER_IDENTITE_ET_PERIODE
0CG.F,0001364954,NetIncome,NetIncomeLoss,13218000,USD,2022-01-01,2022-06-30,2022-08-04,10-Q,0001364954-22-000088,2022,Q2,https://data.sec.gov/api/xbrl/companyfacts/CIK0001364954.json,2026-10-10T12:46:56.255816+00:00,A_VERIFIER_IDENTITE_ET_PERIODE
0CG.F,0001364954,NetIncome,NetIncomeLoss,13218000,USD,2022-01-01,2022-06-30,2023-08-07,10-Q,0001364954-23-000121,2023,Q2,https://data.sec.gov/api/xbrl/companyfacts/CIK0001364954.json,2026-10-10T12:46:56.255827+00:00,A_VERIFIER_IDENTITE_ET_PERIODE
0CG.F,0001364954,NetIncome,NetIncomeLoss,7476000,USD,2022-04-01,2022-06-30,2022-08-04,10-Q,0001364954-22-000088,2022,Q2,https://data.sec.gov/api/xbrl/companyfacts/CIK0001364954.json,2026-10-10T12:46:56.255838+00:00,A_VERIFIER_IDENTITE_ET_PERIODE
0CG.F,0001364954,NetIncome,NetIncomeLoss,7476000,USD,2022-04-01,2022-06-30,2023-08-07,10-Q,0001364954-23-000121,2023,Q2,https://data.sec.gov/api/xbrl/companyfacts/CIK0001364954.json,2026-10-10T12:46:56.255849+00:00,A_VERIFIER_IDENTITE_ET_PERIODE
0CG.F,0001364954,NetIncome,NetIncomeLoss,264780000,USD,2022-01-01,2022-09-30,2022-11-01,10-Q,0001364954-22-000107,2022,Q3,https://data.sec.gov/api/xbrl/companyfacts/CIK0001364954.json,2026-10-10T12:46:56.255860+00:00,A_VERIFIER_IDENTITE_ET_PERIODE
0CG.F,0001364954,NetIncome,NetIncomeLoss,264780000,USD,2022-01-01,2022-09-30,2023-10-30,10-Q,0001364954-23-000146,2023,Q3,https://data.sec.gov/api/xbrl/companyfacts/CIK0001364954.json,2026-10-10T12:46:56.255871+00:00,A_VERIFIER_IDENTITE_ET_PERIODE
0CG.F,0001364954,NetIncome,NetIncomeLoss,251562000,USD,2022-07-01,2022-09-30,2022-11-01,10-Q,0001364954-22-000107,2022,Q3,https://data.sec.gov/api/xbrl/companyfacts/CIK0001364954.json,2026-10-10T12:46:56.255882+00:00,A_VERIFIER_IDENTITE_ET_PERIODE
0CG.F,0001364954,NetIncome,NetIncomeLoss,251562000,USD,2022-07-01,2022-09-30,2023-10-30,10-Q,0001364954-23-000146,2023,Q3,https://data.sec.gov/api/xbrl/companyfacts/CIK0001364954.json,2026-10-10T12:46:56.255893+00:00,A_VERIFIER_IDENTITE_ET_PERIODE
0CG.F,0001364954,NetIncome,NetIncomeLoss,266638000,USD,2022-01-01,2022-12-31,2023-02-21,10-K,0001364954-23-000013,2022,FY,https://data.sec.gov/api/xbrl/companyfacts/CIK0001364954.json,2026-10-10T12:46:56.255904+00:00,A_VERIFIER_IDENTITE_ET_PERIODE
0CG.F,0001364954,NetIncome,NetIncomeLoss,266638000,USD,2022-01-01,2022-12-31,2024-02-20,10-K,0001364954-24-000009,2023,FY,https://data.sec.gov/api/xbrl/companyfacts/CIK0001364954.json,2026-10-10T12:46:56.255915+00:00,A_VERIFIER_IDENTITE_ET_PERIODE
0CG.F,0001364954,NetIncome,NetIncomeLoss,266638000,USD,2022-01-01,2022-12-31,2025-02-24,10-K,0001364954-25-000013,2024,FY,https://data.sec.gov/api/xbrl/companyfacts/CIK0001364954.json,2026-10-10T12:46:56.255927+00:00,A_VERIFIER_IDENTITE_ET_PERIODE
0CG.F,0001364954,NetIncome,NetIncomeLoss,2186000,USD,2023-01-01,2023-03-31,2023-05-01,10-Q,0001364954-23-000068,2023,Q1,https://data.sec.gov/api/xbrl/companyfacts/CIK0001364954.json,2026-10-10T12:46:56.255938+00:00,A_VERIFIER_IDENTITE_ET_PERIODE
0CG.F,0001364954,NetIncome,NetIncomeLoss,2186000,USD,2023-01-01,2023-03-31,2024-04-29,10-Q,0001364954-24-000042,2024,Q1,https://data.sec.gov/api/xbrl/companyfacts/CIK0001364954.json,2026-10-10T12:46:56.255949+00:00,A_VERIFIER_IDENTITE_ET_PERIODE
0CG.F,0001364954,NetIncome,NetIncomeLoss,26798000,USD,2023-01-01,2023-06-30,2023-08-07,10-Q,0001364954-23-000121,2023,Q2,https://data.sec.gov/api/xbrl/companyfacts/CIK0001364954.json,2026-10-10T12:46:56.255960+00:00,A_VERIFIER_IDENTITE_ET_PERIODE
0CG.F,0001364954,NetIncome,NetIncomeLoss,26798000,USD,2023-01-01,2023-06-30,2024-08-05,10-Q,0001364954-24-000072,2024,Q2,https://data.sec.gov/api/xbrl/companyfacts/CIK0001364954.json,2026-10-10T12:46:56.255971+00:00,A_VERIFIER_IDENTITE_ET_PERIODE
0CG.F,0001364954,NetIncome,NetIncomeLoss,24612000,USD,2023-04-01,2023-06-30,2023-08-07,10-Q,0001364954-23-000121,2023,Q2,https://data.sec.gov/api/xbrl/companyfacts/CIK0001364954.json,2026-10-10T12:46:56.255982+00:00,A_VERIFIER_IDENTITE_ET_PERIODE
0CG.F,0001364954,NetIncome,NetIncomeLoss,24612000,USD,2023-04-01,2023-06-30,2024-08-05,10-Q,0001364954-24-000072,2024,Q2,https://data.sec.gov/api/xbrl/companyfacts/CIK0001364954.json,2026-10-10T12:46:56.255993+00:00,A_VERIFIER_IDENTITE_ET_PERIODE
0CG.F,0001364954,NetIncome,NetIncomeLoss,8515000,USD,2023-01-01,2023-09-30,2023-10-30,10-Q,0001364954-23-000146,2023,Q3,https://data.sec.gov/api/xbrl/companyfacts/CIK0001364954.json,2026-10-10T12:46:56.256003+00:00,A_VERIFIER_IDENTITE_ET_PERIODE
0CG.F,0001364954,NetIncome,NetIncomeLoss,8515000,USD,2023-01-01,2023-09-30,2024-11-12,10-Q,0001364954-24-000085,2024,Q3,https://data.sec.gov/api/xbrl/companyfacts/CIK0001364954.json,2026-10-10T12:46:56.256014+00:00,A_VERIFIER_IDENTITE_ET_PERIODE
0CG.F,0001364954,NetIncome,NetIncomeLoss,-18283000,USD,2023-07-01,2023-09-30,2023-10-30,10-Q,0001364954-23-000146,2023,Q3,https://data.sec.gov/api/xbrl/companyfacts/CIK0001364954.json,2026-10-10T12:46:56.256026+00:00,A_VERIFIER_IDENTITE_ET_PERIODE
0CG.F,0001364954,NetIncome,NetIncomeLoss,-18283000,USD,2023-07-01,2023-09-30,2024-11-12,10-Q,0001364954-24-000085,2024,Q3,https://data.sec.gov/api/xbrl/companyfacts/CIK0001364954.json,2026-10-10T12:46:56.256037+00:00,A_VERIFIER_IDENTITE_ET_PERIODE
0CG.F,0001364954,NetIncome,NetIncomeLoss,18180000,USD,2023-01-01,2023-12-31,2024-02-20,10-K,0001364954-24-000009,2023,FY,https://data.sec.gov/api/xbrl/companyfacts/CIK0001364954.json,2026-10-10T12:46:56.256048+00:00,A_VERIFIER_IDENTITE_ET_PERIODE
0CG.F,0001364954,NetIncome,NetIncomeLoss,18180000,USD,2023-01-01,2023-12-31,2025-02-24,10-K,0001364954-25-000013,2024,FY,https://data.sec.gov/api/xbrl/companyfacts/CIK0001364954.json,2026-10-10T12:46:56.256059+00:00,A_VERIFIER_IDENTITE_ET_PERIODE
0CG.F,0001364954,NetIncome,NetIncomeLoss,18180000,USD,2023-01-01,2023-12-31,2026-03-09,10-K,0001364954-26-000021,2025,FY,https://data.sec.gov/api/xbrl/companyfacts/CIK0001364954.json,2026-10-10T12:46:56.256070+00:00,A_VERIFIER_IDENTITE_ET_PERIODE
0CG.F,0001364954,NetIncome,NetIncomeLoss,-1420000,USD,2024-01-01,2024-03-31,2024-04-29,10-Q,0001364954-24-000042,2024,Q1,https://data.sec.gov/api/xbrl/companyfacts/CIK0001364954.json,2026-10-10T12:46:56.256081+00:00,A_VERIFIER_IDENTITE_ET_PERIODE
0CG.F,0001364954,NetIncome,NetIncomeLoss,-1420000,USD,2024-01-01,2024-03-31,2025-05-12,10-Q,0001364954-25-000052,2025,Q1,https://data.sec.gov/api/xbrl/companyfacts/CIK0001364954.json,2026-10-10T12:46:56.256099+00:00,A_VERIFIER_IDENTITE_ET_PERIODE
0CG.F,0001364954,NetIncome,NetIncomeLoss,-618304000,USD,2024-01-01,2024-06-30,2024-08-05,10-Q,0001364954-24-000072,2024,Q2,https://data.sec.gov/api/xbrl/companyfacts/CIK0001364954.json,2026-10-10T12:46:56.256111+00:00,A_VERIFIER_IDENTITE_ET_PERIODE
0CG.F,0001364954,NetIncome,NetIncomeLoss,-618304000,USD,2024-01-01,2024-06-30,2025-08-08,10-Q,0001364954-25-000096,2025,Q2,https://data.sec.gov/api/xbrl/companyfacts/CIK0001364954.json,2026-10-10T12:46:56.256122+00:00,A_VERIFIER_IDENTITE_ET_PERIODE
0CG.F,0001364954,NetIncome,NetIncomeLoss,-616884000,USD,2024-04-01,2024-06-30,2024-08-05,10-Q,0001364954-24-000072,2024,Q2,https://data.sec.gov/api/xbrl/companyfacts/CIK0001364954.json,2026-10-10T12:46:56.256134+00:00,A_VERIFIER_IDENTITE_ET_PERIODE
0CG.F,0001364954,NetIncome,NetIncomeLoss,-616884000,USD,2024-04-01,2024-06-30,2025-08-08,10-Q,0001364954-25-000096,2025,Q2,https://data.sec.gov/api/xbrl/companyfacts/CIK0001364954.json,2026-10-10T12:46:56.256145+00:00,A_VERIFIER_IDENTITE_ET_PERIODE
0CG.F,0001364954,NetIncome,NetIncomeLoss,-830943000,USD,2024-01-01,2024-09-30,2024-11-12,10-Q,0001364954-24-000085,2024,Q3,https://data.sec.gov/api/xbrl/companyfacts/CIK0001364954.json,2026-10-10T12:46:56.256156+00:00,A_VERIFIER_IDENTITE_ET_PERIODE
0CG.F,0001364954,NetIncome,NetIncomeLoss,-830943000,USD,2024-01-01,2024-09-30,2025-11-10,10-Q,0001364954-25-000117,2025,Q3,https://data.sec.gov/api/xbrl/companyfacts/CIK0001364954.json,2026-10-10T12:46:56.256177+00:00,A_VERIFIER_IDENTITE_ET_PERIODE
0CG.F,0001364954,NetIncome,NetIncomeLoss,-212639000,USD,2024-07-01,2024-09-30,2024-11-12,10-Q,0001364954-24-000085,2024,Q3,https://data.sec.gov/api/xbrl/companyfacts/CIK0001364954.json,2026-10-10T12:46:56.256188+00:00,A_VERIFIER_IDENTITE_ET_PERIODE
0CG.F,0001364954,NetIncome,NetIncomeLoss,-212639000,USD,2024-07-01,2024-09-30,2025-11-10,10-Q,0001364954-25-000117,2025,Q3,https://data.sec.gov/api/xbrl/companyfacts/CIK0001364954.json,2026-10-10T12:46:56.256199+00:00,A_VERIFIER_IDENTITE_ET_PERIODE
0CG.F,0001364954,NetIncome,NetIncomeLoss,-837068000,USD,2024-01-01,2024-12-31,2025-02-24,10-K,0001364954-25-000013,2024,FY,https://data.sec.gov/api/xbrl/companyfacts/CIK0001364954.json,2026-10-10T12:46:56.256211+00:00,A_VERIFIER_IDENTITE_ET_PERIODE
0CG.F,0001364954,NetIncome,NetIncomeLoss,-837068000,USD,2024-01-01,2024-12-31,2026-03-09,10-K,0001364954-26-000021,2025,FY,https://data.sec.gov/api/xbrl/companyfacts/CIK0001364954.json,2026-10-10T12:46:56.256222+00:00,A_VERIFIER_IDENTITE_ET_PERIODE
0CG.F,0001364954,NetIncome,NetIncomeLoss,-17484000,USD,2025-01-01,2025-03-31,2025-05-12,10-Q,0001364954-25-000052,2025,Q1,https://data.sec.gov/api/xbrl/companyfacts/CIK0001364954.json,2026-10-10T12:46:56.256234+00:00,A_VERIFIER_IDENTITE_ET_PERIODE
0CG.F,0001364954,NetIncome,NetIncomeLoss,-17484000,USD,2025-01-01,2025-03-31,2026-05-11,10-Q,0001364954-26-000048,2026,Q1,https://data.sec.gov/api/xbrl/companyfacts/CIK0001364954.json,2026-10-10T12:46:56.256245+00:00,A_VERIFIER_IDENTITE_ET_PERIODE
0CG.F,0001364954,NetIncome,NetIncomeLoss,-53147000,USD,2025-01-01,2025-06-30,2025-08-08,10-Q,0001364954-25-000096,2025,Q2,https://data.sec.gov/api/xbrl/companyfacts/CIK0001364954.json,2026-10-10T12:46:56.256256+00:00,A_VERIFIER_IDENTITE_ET_PERIODE
0CG.F,0001364954,NetIncome,NetIncomeLoss,-53147000,USD,2025-01-01,2025-06-30,2026-08-06,10-Q,0001364954-26-000088,2026,Q2,https://data.sec.gov/api/xbrl/companyfacts/CIK0001364954.json,2026-10-10T12:46:56.256267+00:00,A_VERIFIER_IDENTITE_ET_PERIODE
0CG.F,0001364954,NetIncome,NetIncomeLoss,-35663000,USD,2025-04-01,2025-06-30,2025-08-08,10-Q,0001364954-25-000096,2025,Q2,https://data.sec.gov/api/xbrl/companyfacts/CIK0001364954.json,2026-10-10T12:46:56.256278+00:00,A_VERIFIER_IDENTITE_ET_PERIODE
0CG.F,0001364954,NetIncome,NetIncomeLoss,-35663000,USD,2025-04-01,2025-06-30,2026-08-06,10-Q,0001364954-26-000088,2026,Q2,https://data.sec.gov/api/xbrl/companyfacts/CIK0001364954.json,2026-10-10T12:46:56.256290+00:00,A_VERIFIER_IDENTITE_ET_PERIODE
0CG.F,0001364954,NetIncome,NetIncomeLoss,-70618000,USD,2025-01-01,2025-09-30,2025-11-10,10-Q,0001364954-25-000117,2025,Q3,https://data.sec.gov/api/xbrl/companyfacts/CIK0001364954.json,2026-10-10T12:46:56.256301+00:00,A_VERIFIER_IDENTITE_ET_PERIODE
0CG.F,0001364954,NetIncome,NetIncomeLoss,-17471000,USD,2025-07-01,2025-09-30,2025-11-10,10-Q,0001364954-25-000117,2025,Q3,https://data.sec.gov/api/xbrl/companyfacts/CIK0001364954.json,2026-10-10T12:46:56.256312+00:00,A_VERIFIER_IDENTITE_ET_PERIODE
0CG.F,0001364954,NetIncome,NetIncomeLoss,-103421000,USD,2025-01-01,2025-12-31,2026-03-09,10-K,0001364954-26-000021,2025,FY,https://data.sec.gov/api/xbrl/companyfacts/CIK0001364954.json,2026-10-10T12:46:56.256324+00:00,A_VERIFIER_IDENTITE_ET_PERIODE
0CG.F,0001364954,NetIncome,NetIncomeLoss,228000,USD,2026-01-01,2026-03-31,2026-05-11,10-Q,0001364954-26-000048,2026,Q1,https://data.sec.gov/api/xbrl/companyfacts/CIK0001364954.json,2026-10-10T12:46:56.256335+00:00,A_VERIFIER_IDENTITE_ET_PERIODE
0CG.F,0001364954,NetIncome,NetIncomeLoss,-2723000,USD,2026-01-01,2026-06-30,2026-08-06,10-Q,0001364954-26-000088,2026,Q2,https://data.sec.gov/api/xbrl/companyfacts/CIK0001364954.json,2026-10-10T12:46:56.256346+00:00,A_VERIFIER_IDENTITE_ET_PERIODE
0CG.F,0001364954,NetIncome,NetIncomeLoss,-2951000,USD,2026-04-01,2026-06-30,2026-08-06,10-Q,0001364954-26-000088,2026,Q2,https://data.sec.gov/api/xbrl/companyfacts/CIK0001364954.json,2026-10-10T12:46:56.256357+00:00,A_VERIFIER_IDENTITE_ET_PERIODE
0CG.F,0001364954,OperatingCashFlow,NetCashProvidedByUsedInOperatingActivities,29579000,USD,2013-01-01,2013-03-31,2014-05-12,10-Q,0001564590-14-002022,2014,Q1,https://data.sec.gov/api/xbrl/companyfacts/CIK0001364954.json,2026-10-10T12:46:56.256371+00:00,A_VERIFIER_IDENTITE_ET_PERIODE
0CG.F,0001364954,OperatingCashFlow,NetCashProvidedByUsedInOperatingActivities,22485000,USD,2013-01-01,2013-06-30,2014-08-08,10-Q,0001564590-14-003407,2014,Q2,https://data.sec.gov/api/xbrl/companyfacts/CIK0001364954.json,2026-10-10T12:46:56.256382+00:00,A_VERIFIER_IDENTITE_ET_PERIODE
0CG.F,0001364954,OperatingCashFlow,NetCashProvidedByUsedInOperatingActivities,29142000,USD,2014-01-01,2014-03-31,2014-05-12,10-Q,0001564590-14-002022,2014,Q1,https://data.sec.gov/api/xbrl/companyfacts/CIK0001364954.json,2026-10-10T12:46:56.256392+00:00,A_VERIFIER_IDENTITE_ET_PERIODE
0CG.F,0001364954,OperatingCashFlow,NetCashProvidedByUsedInOperatingActivities,22598000,USD,2014-01-01,2014-06-30,2014-08-08,10-Q,0001564590-14-003407,2014,Q2,https://data.sec.gov/api/xbrl/companyfacts/CIK0001364954.json,2026-10-10T12:46:56.256403+00:00,A_VERIFIER_IDENTITE_ET_PERIODE
0CG.F,0001364954,OperatingCashFlow,NetCashProvidedByUsedInOperatingActivities,-13059000,USD,2015-01-01,2015-06-30,2016-08-03,10-Q,0001364954-16-000398,2016,Q2,https://data.sec.gov/api/xbrl/companyfacts/CIK0001364954.json,2026-10-10T12:46:56.256414+00:00,A_VERIFIER_IDENTITE_ET_PERIODE
0CG.F,0001364954,OperatingCashFlow,NetCashProvidedByUsedInOperatingActivities,18114000,USD,2015-01-01,2015-09-30,2016-11-07,10-Q,0001364954-16-000457,2016,Q3,https://data.sec.gov/api/xbrl/companyfacts/CIK0001364954.json,2026-10-10T12:46:56.256425+00:00,A_VERIFIER_IDENTITE_ET_PERIODE
0CG.F,0001364954,OperatingCashFlow,NetCashProvidedByUsedInOperatingActivities,-82000,USD,2015-01-01,2015-12-31,2018-02-26,10-K,0001364954-18-000039,2017,FY,https://data.sec.gov/api/xbrl/companyfacts/CIK0001364954.json,2026-10-10T12:46:56.256436+00:00,A_VERIFIER_IDENTITE_ET_PERIODE
0CG.F,0001364954,OperatingCashFlow,NetCashProvidedByUsedInOperatingActivities,-19233000,USD,2016-01-01,2016-03-31,2017-05-01,10-Q,0001364954-17-000103,2017,Q1,https://data.sec.gov/api/xbrl/companyfacts/CIK0001364954.json,2026-10-10T12:46:56.256447+00:00,A_VERIFIER_IDENTITE_ET_PERIODE
0CG.F,0001364954,OperatingCashFlow,NetCashProvidedByUsedInOperatingActivities,-7123000,USD,2016-01-01,2016-06-30,2016-08-03,10-Q,0001364954-16-000398,2016,Q2,https://data.sec.gov/api/xbrl/companyfacts/CIK0001364954.json,2026-10-10T12:46:56.256458+00:00,A_VERIFIER_IDENTITE_ET_PERIODE
0CG.F,0001364954,OperatingCashFlow,NetCashProvidedByUsedInOperatingActivities,-7123000,USD,2016-01-01,2016-06-30,2017-07-31,10-Q,0001364954-17-000157,2017,Q2,https://data.sec.gov/api/xbrl/companyfacts/CIK0001364954.json,2026-10-10T12:46:56.256469+00:00,A_VERIFIER_IDENTITE_ET_PERIODE
0CG.F,0001364954,OperatingCashFlow,NetCashProvidedByUsedInOperatingActivities,30726000,USD,2016-01-01,2016-09-30,2016-11-07,10-Q,0001364954-16-000457,2016,Q3,https://data.sec.gov/api/xbrl/companyfacts/CIK0001364954.json,2026-10-10T12:46:56.256481+00:00,A_VERIFIER_IDENTITE_ET_PERIODE
0CG.F,0001364954,OperatingCashFlow,NetCashProvidedByUsedInOperatingActivities,30726000,USD,2016-01-01,2016-09-30,2017-10-30,10-Q,0001364954-17-000188,2017,Q3,https://data.sec.gov/api/xbrl/companyfacts/CIK0001364954.json,2026-10-10T12:46:56.256492+00:00,A_VERIFIER_IDENTITE_ET_PERIODE
0CG.F,0001364954,OperatingCashFlow,NetCashProvidedByUsedInOperatingActivities,24938000,USD,2016-01-01,2016-12-31,2018-02-26,10-K,0001364954-18-000039,2017,FY,https://data.sec.gov/api/xbrl/companyfacts/CIK0001364954.json,2026-10-10T12:46:56.256503+00:00,A_VERIFIER_IDENTITE_ET_PERIODE
0CG.F,0001364954,OperatingCashFlow,NetCashProvidedByUsedInOperatingActivities,24262000,USD,2016-01-01,2016-12-31,2019-02-25,10-K,0001364954-19-000027,2018,FY,https://data.sec.gov/api/xbrl/companyfacts/CIK0001364954.json,2026-10-10T12:46:56.256514+00:00,A_VERIFIER_IDENTITE_ET_PERIODE
0CG.F,0001364954,OperatingCashFlow,NetCashProvidedByUsedInOperatingActivities,835000,USD,2017-01-01,2017-03-31,2017-05-01,10-Q,0001364954-17-000103,2017,Q1,https://data.sec.gov/api/xbrl/companyfacts/CIK0001364954.json,2026-10-10T12:46:56.256525+00:00,A_VERIFIER_IDENTITE_ET_PERIODE
0CG.F,0001364954,OperatingCashFlow,NetCashProvidedByUsedInOperatingActivities,1194000,USD,2017-01-01,2017-03-31,2018-04-26,10-Q,0001364954-18-000113,2018,Q1,https://data.sec.gov/api/xbrl/companyfacts/CIK0001364954.json,2026-10-10T12:46:56.256536+00:00,A_VERIFIER_IDENTITE_ET_PERIODE
0CG.F,0001364954,OperatingCashFlow,NetCashProvidedByUsedInOperatingActivities,16156000,USD,2017-01-01,2017-06-30,2017-07-31,10-Q,0001364954-17-000157,2017,Q2,https://data.sec.gov/api/xbrl/companyfacts/CIK0001364954.json,2026-10-10T12:46:56.256547+00:00,A_VERIFIER_IDENTITE_ET_PERIODE
0CG.F,0001364954,OperatingCashFlow,NetCashProvidedByUsedInOperatingActivities,16514000,USD,2017-01-01,2017-06-30,2018-07-30,10-Q,0001364954-18-000170,2018,Q2,https://data.sec.gov/api/xbrl/companyfacts/CIK0001364954.json,2026-10-10T12:46:56.256558+00:00,A_VERIFIER_IDENTITE_ET_PERIODE
0CG.F,0001364954,OperatingCashFlow,NetCashProvidedByUsedInOperatingActivities,29447000,USD,2017-01-01,2017-09-30,2017-10-30,10-Q,0001364954-17-000188,2017,Q3,https://data.sec.gov/api/xbrl/companyfacts/CIK0001364954.json,2026-10-10T12:46:56.256569+00:00,A_VERIFIER_IDENTITE_ET_PERIODE
0CG.F,0001364954,OperatingCashFlow,NetCashProvidedByUsedInOperatingActivities,29787000,USD,2017-01-01,2017-09-30,2018-10-29,10-Q,0001364954-18-000200,2018,Q3,https://data.sec.gov/api/xbrl/companyfacts/CIK0001364954.json,2026-10-10T12:46:56.256580+00:00,A_VERIFIER_IDENTITE_ET_PERIODE
0CG.F,0001364954,OperatingCashFlow,NetCashProvidedByUsedInOperatingActivities,51148000,USD,2017-01-01,2017-12-31,2018-02-26,10-K,0001364954-18-000039,2017,FY,https://data.sec.gov/api/xbrl/companyfacts/CIK0001364954.json,2026-10-10T12:46:56.256591+00:00,A_VERIFIER_IDENTITE_ET_PERIODE
0CG.F,0001364954,OperatingCashFlow,NetCashProvidedByUsedInOperatingActivities,51550000,USD,2017-01-01,2017-12-31,2019-02-25,10-K,0001364954-19-000027,2018,FY,https://data.sec.gov/api/xbrl/companyfacts/CIK0001364954.json,2026-10-10T12:46:56.256602+00:00,A_VERIFIER_IDENTITE_ET_PERIODE
0CG.F,0001364954,OperatingCashFlow,NetCashProvidedByUsedInOperatingActivities,51550000,USD,2017-01-01,2017-12-31,2020-02-20,10-K,0001364954-20-000041,2019,FY,https://data.sec.gov/api/xbrl/companyfacts/CIK0001364954.json,2026-10-10T12:46:56.256613+00:00,A_VERIFIER_IDENTITE_ET_PERIODE
0CG.F,0001364954,OperatingCashFlow,NetCashProvidedByUsedInOperatingActivities,6553000,USD,2018-01-01,2018-03-31,2018-04-26,10-Q,0001364954-18-000113,2018,Q1,https://data.sec.gov/api/xbrl/companyfacts/CIK0001364954.json,2026-10-10T12:46:56.256625+00:00,A_VERIFIER_IDENTITE_ET_PERIODE
0CG.F,0001364954,OperatingCashFlow,NetCashProvidedByUsedInOperatingActivities,6553000,USD,2018-01-01,2018-03-31,2019-04-29,10-Q,0001364954-19-000125,2019,Q1,https://data.sec.gov/api/xbrl/companyfacts/CIK0001364954.json,2026-10-10T12:46:56.256635+00:00,A_VERIFIER_IDENTITE_ET_PERIODE
0CG.F,0001364954,OperatingCashFlow,NetCashProvidedByUsedInOperatingActivities,23515000,USD,2018-01-01,2018-06-30,2018-07-30,10-Q,0001364954-18-000170,2018,Q2,https://data.sec.gov/api/xbrl/companyfacts/CIK0001364954.json,2026-10-10T12:46:56.256646+00:00,A_VERIFIER_IDENTITE_ET_PERIODE
0CG.F,0001364954,OperatingCashFlow,NetCashProvidedByUsedInOperatingActivities,23515000,USD,2018-01-01,2018-06-30,2019-07-29,10-Q,0001364954-19-000188,2019,Q2,https://data.sec.gov/api/xbrl/companyfacts/CIK0001364954.json,2026-10-10T12:46:56.256657+00:00,A_VERIFIER_IDENTITE_ET_PERIODE
0CG.F,0001364954,OperatingCashFlow,NetCashProvidedByUsedInOperatingActivities,44667000,USD,2018-01-01,2018-09-30,2018-10-29,10-Q,0001364954-18-000200,2018,Q3,https://data.sec.gov/api/xbrl/companyfacts/CIK0001364954.json,2026-10-10T12:46:56.256668+00:00,A_VERIFIER_IDENTITE_ET_PERIODE
0CG.F,0001364954,OperatingCashFlow,NetCashProvidedByUsedInOperatingActivities,44667000,USD,2018-01-01,2018-09-30,2019-11-04,10-Q,0001364954-19-000251,2019,Q3,https://data.sec.gov/api/xbrl/companyfacts/CIK0001364954.json,2026-10-10T12:46:56.256679+00:00,A_VERIFIER_IDENTITE_ET_PERIODE
0CG.F,0001364954,OperatingCashFlow,NetCashProvidedByUsedInOperatingActivities,75113000,USD,2018-01-01,2018-12-31,2019-02-25,10-K,0001364954-19-000027,2018,FY,https://data.sec.gov/api/xbrl/companyfacts/CIK0001364954.json,2026-10-10T12:46:56.256690+00:00,A_VERIFIER_IDENTITE_ET_PERIODE
0CG.F,0001364954,OperatingCashFlow,NetCashProvidedByUsedInOperatingActivities,75113000,USD,2018-01-01,2018-12-31,2020-02-20,10-K,0001364954-20-000041,2019,FY,https://data.sec.gov/api/xbrl/companyfacts/CIK0001364954.json,2026-10-10T12:46:56.256701+00:00,A_VERIFIER_IDENTITE_ET_PERIODE
0CG.F,0001364954,OperatingCashFlow,NetCashProvidedByUsedInOperatingActivities,75113000,USD,2018-01-01,2018-12-31,2021-02-22,10-K,0001364954-21-000013,2020,FY,https://data.sec.gov/api/xbrl/companyfacts/CIK0001364954.json,2026-10-10T12:46:56.256712+00:00,A_VERIFIER_IDENTITE_ET_PERIODE
0CG.F,0001364954,OperatingCashFlow,NetCashProvidedByUsedInOperatingActivities,17941000,USD,2019-01-01,2019-03-31,2019-04-29,10-Q,0001364954-19-000125,2019,Q1,https://data.sec.gov/api/xbrl/companyfacts/CIK0001364954.json,2026-10-10T12:46:56.256723+00:00,A_VERIFIER_IDENTITE_ET_PERIODE
0CG.F,0001364954,OperatingCashFlow,NetCashProvidedByUsedInOperatingActivities,17941000,USD,2019-01-01,2019-03-31,2020-05-04,10-Q,0001364954-20-000094,2020,Q1,https://data.sec.gov/api/xbrl/companyfacts/CIK0001364954.json,2026-10-10T12:46:56.256734+00:00,A_VERIFIER_IDENTITE_ET_PERIODE
0CG.F,0001364954,OperatingCashFlow,NetCashProvidedByUsedInOperatingActivities,47846000,USD,2019-01-01,2019-06-30,2019-07-29,10-Q,0001364954-19-000188,2019,Q2,https://data.sec.gov/api/xbrl/companyfacts/CIK0001364954.json,2026-10-10T12:46:56.256745+00:00,A_VERIFIER_IDENTITE_ET_PERIODE
0CG.F,0001364954,OperatingCashFlow,NetCashProvidedByUsedInOperatingActivities,47846000,USD,2019-01-01,2019-06-30,2020-08-03,10-Q,0001364954-20-000172,2020,Q2,https://data.sec.gov/api/xbrl/companyfacts/CIK0001364954.json,2026-10-10T12:46:56.256756+00:00,A_VERIFIER_IDENTITE_ET_PERIODE
0CG.F,0001364954,OperatingCashFlow,NetCashProvidedByUsedInOperatingActivities,86575000,USD,2019-01-01,2019-09-30,2019-11-04,10-Q,0001364954-19-000251,2019,Q3,https://data.sec.gov/api/xbrl/companyfacts/CIK0001364954.json,2026-10-10T12:46:56.256767+00:00,A_VERIFIER_IDENTITE_ET_PERIODE
0CG.F,0001364954,OperatingCashFlow,NetCashProvidedByUsedInOperatingActivities,86575000,USD,2019-01-01,2019-09-30,2020-10-26,10-Q,0001364954-20-000210,2020,Q3,https://data.sec.gov/api/xbrl/companyfacts/CIK0001364954.json,2026-10-10T12:46:56.256778+00:00,A_VERIFIER_IDENTITE_ET_PERIODE
0CG.F,0001364954,OperatingCashFlow,NetCashProvidedByUsedInOperatingActivities,113403000,USD,2019-01-01,2019-12-31,2020-02-20,10-K,0001364954-20-000041,2019,FY,https://data.sec.gov/api/xbrl/companyfacts/CIK0001364954.json,2026-10-10T12:46:56.256789+00:00,A_VERIFIER_IDENTITE_ET_PERIODE
0CG.F,0001364954,OperatingCashFlow,NetCashProvidedByUsedInOperatingActivities,113403000,USD,2019-01-01,2019-12-31,2021-02-22,10-K,0001364954-21-000013,2020,FY,https://data.sec.gov/api/xbrl/companyfacts/CIK0001364954.json,2026-10-10T12:46:56.256800+00:00,A_VERIFIER_IDENTITE_ET_PERIODE
0CG.F,0001364954,OperatingCashFlow,NetCashProvidedByUsedInOperatingActivities,113403000,USD,2019-01-01,2019-12-31,2022-02-22,10-K,0001364954-22-000011,2021,FY,https://data.sec.gov/api/xbrl/companyfacts/CIK0001364954.json,2026-10-10T12:46:56.256811+00:00,A_VERIFIER_IDENTITE_ET_PERIODE
0CG.F,0001364954,OperatingCashFlow,NetCashProvidedByUsedInOperatingActivities,62967000,USD,2020-01-01,2020-03-31,2020-05-04,10-Q,0001364954-20-000094,2020,Q1,https://data.sec.gov/api/xbrl/companyfacts/CIK0001364954.json,2026-10-10T12:46:56.256822+00:00,A_VERIFIER_IDENTITE_ET_PERIODE
0CG.F,0001364954,OperatingCashFlow,NetCashProvidedByUsedInOperatingActivities,62967000,USD,2020-01-01,2020-03-31,2021-05-03,10-Q,0001364954-21-000048,2021,Q1,https://data.sec.gov/api/xbrl/companyfacts/CIK0001364954.json,2026-10-10T12:46:56.256833+00:00,A_VERIFIER_IDENTITE_ET_PERIODE
0CG.F,0001364954,OperatingCashFlow,NetCashProvidedByUsedInOperatingActivities,122205000,USD,2020-01-01,2020-06-30,2020-08-03,10-Q,0001364954-20-000172,2020,Q2,https://data.sec.gov/api/xbrl/companyfacts/CIK0001364954.json,2026-10-10T12:46:56.256844+00:00,A_VERIFIER_IDENTITE_ET_PERIODE
0CG.F,0001364954,OperatingCashFlow,NetCashProvidedByUsedInOperatingActivities,122205000,USD,2020-01-01,2020-06-30,2021-08-09,10-Q,0001364954-21-000071,2021,Q2,https://data.sec.gov/api/xbrl/companyfacts/CIK0001364954.json,2026-10-10T12:46:56.256855+00:00,A_VERIFIER_IDENTITE_ET_PERIODE
0CG.F,0001364954,OperatingCashFlow,NetCashProvidedByUsedInOperatingActivities,168655000,USD,2020-01-01,2020-09-30,2020-10-26,10-Q,0001364954-20-000210,2020,Q3,https://data.sec.gov/api/xbrl/companyfacts/CIK0001364954.json,2026-10-10T12:46:56.256866+00:00,A_VERIFIER_IDENTITE_ET_PERIODE
0CG.F,0001364954,OperatingCashFlow,NetCashProvidedByUsedInOperatingActivities,168655000,USD,2020-01-01,2020-09-30,2021-11-01,10-Q,0001364954-21-000113,2021,Q3,https://data.sec.gov/api/xbrl/companyfacts/CIK0001364954.json,2026-10-10T12:46:56.256877+00:00,A_VERIFIER_IDENTITE_ET_PERIODE
0CG.F,0001364954,OperatingCashFlow,NetCashProvidedByUsedInOperatingActivities,236442000,USD,2020-01-01,2020-12-31,2021-02-22,10-K,0001364954-21-000013,2020,FY,https://data.sec.gov/api/xbrl/companyfacts/CIK0001364954.json,2026-10-10T12:46:56.256888+00:00,A_VERIFIER_IDENTITE_ET_PERIODE
0CG.F,0001364954,OperatingCashFlow,NetCashProvidedByUsedInOperatingActivities,236442000,USD,2020-01-01,2020-12-31,2022-02-22,10-K,0001364954-22-000011,2021,FY,https://data.sec.gov/api/xbrl/companyfacts/CIK0001364954.json,2026-10-10T12:46:56.256899+00:00,A_VERIFIER_IDENTITE_ET_PERIODE
0CG.F,0001364954,OperatingCashFlow,NetCashProvidedByUsedInOperatingActivities,236442000,USD,2020-01-01,2020-12-31,2023-02-21,10-K,0001364954-23-000013,2022,FY,https://data.sec.gov/api/xbrl/companyfacts/CIK0001364954.json,2026-10-10T12:46:56.256910+00:00,A_VERIFIER_IDENTITE_ET_PERIODE
0CG.F,0001364954,OperatingCashFlow,NetCashProvidedByUsedInOperatingActivities,73573000,USD,2021-01-01,2021-03-31,2021-05-03,10-Q,0001364954-21-000048,2021,Q1,https://data.sec.gov/api/xbrl/companyfacts/CIK0001364954.json,2026-10-10T12:46:56.256921+00:00,A_VERIFIER_IDENTITE_ET_PERIODE
0CG.F,0001364954,OperatingCashFlow,NetCashProvidedByUsedInOperatingActivities,73573000,USD,2021-01-01,2021-03-31,2022-05-02,10-Q,0001364954-22-000050,2022,Q1,https://data.sec.gov/api/xbrl/companyfacts/CIK0001364954.json,2026-10-10T12:46:56.256932+00:00,A_VERIFIER_IDENTITE_ET_PERIODE
0CG.F,0001364954,OperatingCashFlow,NetCashProvidedByUsedInOperatingActivities,144501000,USD,2021-01-01,2021-06-30,2021-08-09,10-Q,0001364954-21-000071,2021,Q2,https://data.sec.gov/api/xbrl/companyfacts/CIK0001364954.json,2026-10-10T12:46:56.256943+00:00,A_VERIFIER_IDENTITE_ET_PERIODE
0CG.F,0001364954,OperatingCashFlow,NetCashProvidedByUsedInOperatingActivities,144501000,USD,2021-01-01,2021-06-30,2022-08-04,10-Q,0001364954-22-000088,2022,Q2,https://data.sec.gov/api/xbrl/companyfacts/CIK0001364954.json,2026-10-10T12:46:56.256954+00:00,A_VERIFIER_IDENTITE_ET_PERIODE
0CG.F,0001364954,OperatingCashFlow,NetCashProvidedByUsedInOperatingActivities,208123000,USD,2021-01-01,2021-09-30,2021-11-01,10-Q,0001364954-21-000113,2021,Q3,https://data.sec.gov/api/xbrl/companyfacts/CIK0001364954.json,2026-10-10T12:46:56.256965+00:00,A_VERIFIER_IDENTITE_ET_PERIODE
0CG.F,0001364954,OperatingCashFlow,NetCashProvidedByUsedInOperatingActivities,208123000,USD,2021-01-01,2021-09-30,2022-11-01,10-Q,0001364954-22-000107,2022,Q3,https://data.sec.gov/api/xbrl/companyfacts/CIK0001364954.json,2026-10-10T12:46:56.256976+00:00,A_VERIFIER_IDENTITE_ET_PERIODE
0CG.F,0001364954,OperatingCashFlow,NetCashProvidedByUsedInOperatingActivities,273224000,USD,2021-01-01,2021-12-31,2022-02-22,10-K,0001364954-22-000011,2021,FY,https://data.sec.gov/api/xbrl/companyfacts/CIK0001364954.json,2026-10-10T12:46:56.256987+00:00,A_VERIFIER_IDENTITE_ET_PERIODE
0CG.F,0001364954,OperatingCashFlow,NetCashProvidedByUsedInOperatingActivities,273224000,USD,2021-01-01,2021-12-31,2023-02-21,10-K,0001364954-23-000013,2022,FY,https://data.sec.gov/api/xbrl/companyfacts/CIK0001364954.json,2026-10-10T12:46:56.256998+00:00,A_VERIFIER_IDENTITE_ET_PERIODE
0CG.F,0001364954,OperatingCashFlow,NetCashProvidedByUsedInOperatingActivities,273224000,USD,2021-01-01,2021-12-31,2024-02-20,10-K,0001364954-24-000009,2023,FY,https://data.sec.gov/api/xbrl/companyfacts/CIK0001364954.json,2026-10-10T12:46:56.257009+00:00,A_VERIFIER_IDENTITE_ET_PERIODE
0CG.F,0001364954,OperatingCashFlow,NetCashProvidedByUsedInOperatingActivities,80035000,USD,2022-01-01,2022-03-31,2022-05-02,10-Q,0001364954-22-000050,2022,Q1,https://data.sec.gov/api/xbrl/companyfacts/CIK0001364954.json,2026-10-10T12:46:56.257020+00:00,A_VERIFIER_IDENTITE_ET_PERIODE
0CG.F,0001364954,OperatingCashFlow,NetCashProvidedByUsedInOperatingActivities,80035000,USD,2022-01-01,2022-03-31,2023-05-01,10-Q,0001364954-23-000068,2023,Q1,https://data.sec.gov/api/xbrl/companyfacts/CIK0001364954.json,2026-10-10T12:46:56.257031+00:00,A_VERIFIER_IDENTITE_ET_PERIODE
0CG.F,0001364954,OperatingCashFlow,NetCashProvidedByUsedInOperatingActivities,143755000,USD,2022-01-01,2022-06-30,2022-08-04,10-Q,0001364954-22-000088,2022,Q2,https://data.sec.gov/api/xbrl/companyfacts/CIK0001364954.json,2026-10-10T12:46:56.257043+00:00,A_VERIFIER_IDENTITE_ET_PERIODE
0CG.F,0001364954,OperatingCashFlow,NetCashProvidedByUsedInOperatingActivities,143755000,USD,2022-01-01,2022-06-30,2023-08-07,10-Q,0001364954-23-000121,2023,Q2,https://data.sec.gov/api/xbrl/companyfacts/CIK0001364954.json,2026-10-10T12:46:56.257054+00:00,A_VERIFIER_IDENTITE_ET_PERIODE
0CG.F,0001364954,OperatingCashFlow,NetCashProvidedByUsedInOperatingActivities,181716000,USD,2022-01-01,2022-09-30,2022-11-01,10-Q,0001364954-22-000107,2022,Q3,https://data.sec.gov/api/xbrl/companyfacts/CIK0001364954.json,2026-10-10T12:46:56.257065+00:00,A_VERIFIER_IDENTITE_ET_PERIODE
0CG.F,0001364954,OperatingCashFlow,NetCashProvidedByUsedInOperatingActivities,181716000,USD,2022-01-01,2022-09-30,2023-10-30,10-Q,0001364954-23-000146,2023,Q3,https://data.sec.gov/api/xbrl/companyfacts/CIK0001364954.json,2026-10-10T12:46:56.257076+00:00,A_VERIFIER_IDENTITE_ET_PERIODE
0CG.F,0001364954,OperatingCashFlow,NetCashProvidedByUsedInOperatingActivities,255736000,USD,2022-01-01,2022-12-31,2023-02-21,10-K,0001364954-23-000013,2022,FY,https://data.sec.gov/api/xbrl/companyfacts/CIK0001364954.json,2026-10-10T12:46:56.257087+00:00,A_VERIFIER_IDENTITE_ET_PERIODE
0CG.F,0001364954,OperatingCashFlow,NetCashProvidedByUsedInOperatingActivities,255736000,USD,2022-01-01,2022-12-31,2024-02-20,10-K,0001364954-24-000009,2023,FY,https://data.sec.gov/api/xbrl/companyfacts/CIK0001364954.json,2026-10-10T12:46:56.257098+00:00,A_VERIFIER_IDENTITE_ET_PERIODE
0CG.F,0001364954,OperatingCashFlow,NetCashProvidedByUsedInOperatingActivities,255736000,USD,2022-01-01,2022-12-31,2025-02-24,10-K,0001364954-25-000013,2024,FY,https://data.sec.gov/api/xbrl/companyfacts/CIK0001364954.json,2026-10-10T12:46:56.257109+00:00,A_VERIFIER_IDENTITE_ET_PERIODE
0CG.F,0001364954,OperatingCashFlow,NetCashProvidedByUsedInOperatingActivities,73160000,USD,2023-01-01,2023-03-31,2023-05-01,10-Q,0001364954-23-000068,2023,Q1,https://data.sec.gov/api/xbrl/companyfacts/CIK0001364954.json,2026-10-10T12:46:56.257120+00:00,A_VERIFIER_IDENTITE_ET_PERIODE
0CG.F,0001364954,OperatingCashFlow,NetCashProvidedByUsedInOperatingActivities,73160000,USD,2023-01-01,2023-03-31,2024-04-29,10-Q,0001364954-24-000042,2024,Q1,https://data.sec.gov/api/xbrl/companyfacts/CIK0001364954.json,2026-10-10T12:46:56.257132+00:00,A_VERIFIER_IDENTITE_ET_PERIODE
0CG.F,0001364954,OperatingCashFlow,NetCashProvidedByUsedInOperatingActivities,135907000,USD,2023-01-01,2023-06-30,2023-08-07,10-Q,0001364954-23-000121,2023,Q2,https://data.sec.gov/api/xbrl/companyfacts/CIK0001364954.json,2026-10-10T12:46:56.257142+00:00,A_VERIFIER_IDENTITE_ET_PERIODE
0CG.F,0001364954,OperatingCashFlow,NetCashProvidedByUsedInOperatingActivities,135907000,USD,2023-01-01,2023-06-30,2024-08-05,10-Q,0001364954-24-000072,2024,Q2,https://data.sec.gov/api/xbrl/companyfacts/CIK0001364954.json,2026-10-10T12:46:56.257154+00:00,A_VERIFIER_IDENTITE_ET_PERIODE
0CG.F,0001364954,OperatingCashFlow,NetCashProvidedByUsedInOperatingActivities,168714000,USD,2023-01-01,2023-09-30,2023-10-30,10-Q,0001364954-23-000146,2023,Q3,https://data.sec.gov/api/xbrl/companyfacts/CIK0001364954.json,2026-10-10T12:46:56.257174+00:00,A_VERIFIER_IDENTITE_ET_PERIODE
0CG.F,0001364954,OperatingCashFlow,NetCashProvidedByUsedInOperatingActivities,168714000,USD,2023-01-01,2023-09-30,2024-11-12,10-Q,0001364954-24-000085,2024,Q3,https://data.sec.gov/api/xbrl/companyfacts/CIK0001364954.json,2026-10-10T12:46:56.257186+00:00,A_VERIFIER_IDENTITE_ET_PERIODE
0CG.F,0001364954,OperatingCashFlow,NetCashProvidedByUsedInOperatingActivities,246198000,USD,2023-01-01,2023-12-31,2024-02-20,10-K,0001364954-24-000009,2023,FY,https://data.sec.gov/api/xbrl/companyfacts/CIK0001364954.json,2026-10-10T12:46:56.257198+00:00,A_VERIFIER_IDENTITE_ET_PERIODE
0CG.F,0001364954,OperatingCashFlow,NetCashProvidedByUsedInOperatingActivities,246198000,USD,2023-01-01,2023-12-31,2025-02-24,10-K,0001364954-25-000013,2024,FY,https://data.sec.gov/api/xbrl/companyfacts/CIK0001364954.json,2026-10-10T12:46:56.257209+00:00,A_VERIFIER_IDENTITE_ET_PERIODE
0CG.F,0001364954,OperatingCashFlow,NetCashProvidedByUsedInOperatingActivities,246198000,USD,2023-01-01,2023-12-31,2026-03-09,10-K,0001364954-26-000021,2025,FY,https://data.sec.gov/api/xbrl/companyfacts/CIK0001364954.json,2026-10-10T12:46:56.257221+00:00,A_VERIFIER_IDENTITE_ET_PERIODE
0CG.F,0001364954,OperatingCashFlow,NetCashProvidedByUsedInOperatingActivities,53318000,USD,2024-01-01,2024-03-31,2024-04-29,10-Q,0001364954-24-000042,2024,Q1,https://data.sec.gov/api/xbrl/companyfacts/CIK0001364954.json,2026-10-10T12:46:56.257232+00:00,A_VERIFIER_IDENTITE_ET_PERIODE
0CG.F,0001364954,OperatingCashFlow,NetCashProvidedByUsedInOperatingActivities,53318000,USD,2024-01-01,2024-03-31,2025-05-12,10-Q,0001364954-25-000052,2025,Q1,https://data.sec.gov/api/xbrl/companyfacts/CIK0001364954.json,2026-10-10T12:46:56.257243+00:00,A_VERIFIER_IDENTITE_ET_PERIODE
0CG.F,0001364954,OperatingCashFlow,NetCashProvidedByUsedInOperatingActivities,67545000,USD,2024-01-01,2024-06-30,2024-08-05,10-Q,0001364954-24-000072,2024,Q2,https://data.sec.gov/api/xbrl/companyfacts/CIK0001364954.json,2026-10-10T12:46:56.257255+00:00,A_VERIFIER_IDENTITE_ET_PERIODE
0CG.F,0001364954,OperatingCashFlow,NetCashProvidedByUsedInOperatingActivities,67545000,USD,2024-01-01,2024-06-30,2025-08-08,10-Q,0001364954-25-000096,2025,Q2,https://data.sec.gov/api/xbrl/companyfacts/CIK0001364954.json,2026-10-10T12:46:56.257266+00:00,A_VERIFIER_IDENTITE_ET_PERIODE
0CG.F,0001364954,OperatingCashFlow,NetCashProvidedByUsedInOperatingActivities,107077000,USD,2024-01-01,2024-09-30,2024-11-12,10-Q,0001364954-24-000085,2024,Q3,https://data.sec.gov/api/xbrl/companyfacts/CIK0001364954.json,2026-10-10T12:46:56.257277+00:00,A_VERIFIER_IDENTITE_ET_PERIODE
0CG.F,0001364954,OperatingCashFlow,NetCashProvidedByUsedInOperatingActivities,107077000,USD,2024-01-01,2024-09-30,2025-11-10,10-Q,0001364954-25-000117,2025,Q3,https://data.sec.gov/api/xbrl/companyfacts/CIK0001364954.json,2026-10-10T12:46:56.257289+00:00,A_VERIFIER_IDENTITE_ET_PERIODE
0CG.F,0001364954,OperatingCashFlow,NetCashProvidedByUsedInOperatingActivities,125205000,USD,2024-01-01,2024-12-31,2025-02-24,10-K,0001364954-25-000013,2024,FY,https://data.sec.gov/api/xbrl/companyfacts/CIK0001364954.json,2026-10-10T12:46:56.257300+00:00,A_VERIFIER_IDENTITE_ET_PERIODE
0CG.F,0001364954,OperatingCashFlow,NetCashProvidedByUsedInOperatingActivities,125205000,USD,2024-01-01,2024-12-31,2026-03-09,10-K,0001364954-26-000021,2025,FY,https://data.sec.gov/api/xbrl/companyfacts/CIK0001364954.json,2026-10-10T12:46:56.257311+00:00,A_VERIFIER_IDENTITE_ET_PERIODE
0CG.F,0001364954,OperatingCashFlow,NetCashProvidedByUsedInOperatingActivities,24526000,USD,2025-01-01,2025-03-31,2025-05-12,10-Q,0001364954-25-000052,2025,Q1,https://data.sec.gov/api/xbrl/companyfacts/CIK0001364954.json,2026-10-10T12:46:56.257333+00:00,A_VERIFIER_IDENTITE_ET_PERIODE
0CG.F,0001364954,OperatingCashFlow,NetCashProvidedByUsedInOperatingActivities,24526000,USD,2025-01-01,2025-03-31,2026-05-11,10-Q,0001364954-26-000048,2026,Q1,https://data.sec.gov/api/xbrl/companyfacts/CIK0001364954.json,2026-10-10T12:46:56.257350+00:00,A_VERIFIER_IDENTITE_ET_PERIODE
0CG.F,0001364954,OperatingCashFlow,NetCashProvidedByUsedInOperatingActivities,19686000,USD,2025-01-01,2025-06-30,2025-08-08,10-Q,0001364954-25-000096,2025,Q2,https://data.sec.gov/api/xbrl/companyfacts/CIK0001364954.json,2026-10-10T12:46:56.257366+00:00,A_VERIFIER_IDENTITE_ET_PERIODE
0CG.F,0001364954,OperatingCashFlow,NetCashProvidedByUsedInOperatingActivities,19686000,USD,2025-01-01,2025-06-30,2026-08-06,10-Q,0001364954-26-000088,2026,Q2,https://data.sec.gov/api/xbrl/companyfacts/CIK0001364954.json,2026-10-10T12:46:56.257383+00:00,A_VERIFIER_IDENTITE_ET_PERIODE
0CG.F,0001364954,OperatingCashFlow,NetCashProvidedByUsedInOperatingActivities,24499000,USD,2025-01-01,2025-09-30,2025-11-10,10-Q,0001364954-25-000117,2025,Q3,https://data.sec.gov/api/xbrl/companyfacts/CIK0001364954.json,2026-10-10T12:46:56.257399+00:00,A_VERIFIER_IDENTITE_ET_PERIODE
0CG.F,0001364954,OperatingCashFlow,NetCashProvidedByUsedInOperatingActivities,15490000,USD,2025-01-01,2025-12-31,2026-03-09,10-K,0001364954-26-000021,2025,FY,https://data.sec.gov/api/xbrl/companyfacts/CIK0001364954.json,2026-10-10T12:46:56.257418+00:00,A_VERIFIER_IDENTITE_ET_PERIODE
0CG.F,0001364954,OperatingCashFlow,NetCashProvidedByUsedInOperatingActivities,4105000,USD,2026-01-01,2026-03-31,2026-05-11,10-Q,0001364954-26-000048,2026,Q1,https://data.sec.gov/api/xbrl/companyfacts/CIK0001364954.json,2026-10-10T12:46:56.257436+00:00,A_VERIFIER_IDENTITE_ET_PERIODE
0CG.F,0001364954,OperatingCashFlow,NetCashProvidedByUsedInOperatingActivities,14161000,USD,2026-01-01,2026-06-30,2026-08-06,10-Q,0001364954-26-000088,2026,Q2,https://data.sec.gov/api/xbrl/companyfacts/CIK0001364954.json,2026-10-10T12:46:56.257454+00:00,A_VERIFIER_IDENTITE_ET_PERIODE
0CG.F,0001364954,Shares,CommonStockSharesOutstanding,81708202,shares,,2013-12-31,2014-05-12,10-Q,0001564590-14-002022,2014,Q1,https://data.sec.gov/api/xbrl/companyfacts/CIK0001364954.json,2026-10-10T12:46:56.257474+00:00,A_VERIFIER_IDENTITE_ET_PERIODE
0CG.F,0001364954,Shares,CommonStockSharesOutstanding,81708202,shares,,2013-12-31,2014-08-08,10-Q,0001564590-14-003407,2014,Q2,https://data.sec.gov/api/xbrl/companyfacts/CIK0001364954.json,2026-10-10T12:46:56.257487+00:00,A_VERIFIER_IDENTITE_ET_PERIODE
0CG.F,0001364954,Shares,CommonStockSharesOutstanding,81708202,shares,,2013-12-31,2014-11-07,10-Q,0001564590-14-005296,2014,Q3,https://data.sec.gov/api/xbrl/companyfacts/CIK0001364954.json,2026-10-10T12:46:56.257499+00:00,A_VERIFIER_IDENTITE_ET_PERIODE
0CG.F,0001364954,Shares,CommonStockSharesOutstanding,81708202,shares,,2013-12-31,2015-03-06,10-K,0001364954-15-000009,2014,FY,https://data.sec.gov/api/xbrl/companyfacts/CIK0001364954.json,2026-10-10T12:46:56.257510+00:00,A_VERIFIER_IDENTITE_ET_PERIODE
0CG.F,0001364954,Shares,CommonStockSharesOutstanding,82686142,shares,,2014-03-31,2014-05-12,10-Q,0001564590-14-002022,2014,Q1,https://data.sec.gov/api/xbrl/companyfacts/CIK0001364954.json,2026-10-10T12:46:56.257522+00:00,A_VERIFIER_IDENTITE_ET_PERIODE
0CG.F,0001364954,Shares,CommonStockSharesOutstanding,83644883,shares,,2014-06-30,2014-08-08,10-Q,0001564590-14-003407,2014,Q2,https://data.sec.gov/api/xbrl/companyfacts/CIK0001364954.json,2026-10-10T12:46:56.257533+00:00,A_VERIFIER_IDENTITE_ET_PERIODE
0CG.F,0001364954,Shares,CommonStockSharesOutstanding,83738790,shares,,2014-09-30,2014-11-07,10-Q,0001564590-14-005296,2014,Q3,https://data.sec.gov/api/xbrl/companyfacts/CIK0001364954.json,2026-10-10T12:46:56.257544+00:00,A_VERIFIER_IDENTITE_ET_PERIODE
0CG.F,0001364954,Shares,CommonStockSharesOutstanding,84008043,shares,,2014-12-31,2015-03-06,10-K,0001364954-15-000009,2014,FY,https://data.sec.gov/api/xbrl/companyfacts/CIK0001364954.json,2026-10-10T12:46:56.257556+00:00,A_VERIFIER_IDENTITE_ET_PERIODE
0CG.F,0001364954,Shares,CommonStockSharesOutstanding,84008043,shares,,2014-12-31,2015-05-08,10-Q,0001364954-15-000032,2015,Q1,https://data.sec.gov/api/xbrl/companyfacts/CIK0001364954.json,2026-10-10T12:46:56.257567+00:00,A_VERIFIER_IDENTITE_ET_PERIODE
0CG.F,0001364954,Shares,CommonStockSharesOutstanding,84008043,shares,,2014-12-31,2015-08-06,10-Q,0001364954-15-000088,2015,Q2,https://data.sec.gov/api/xbrl/companyfacts/CIK0001364954.json,2026-10-10T12:46:56.257578+00:00,A_VERIFIER_IDENTITE_ET_PERIODE
0CG.F,0001364954,Shares,CommonStockSharesOutstanding,84008043,shares,,2014-12-31,2015-11-05,10-Q,0001364954-15-000150,2015,Q3,https://data.sec.gov/api/xbrl/companyfacts/CIK0001364954.json,2026-10-10T12:46:56.257589+00:00,A_VERIFIER_IDENTITE_ET_PERIODE
0CG.F,0001364954,Shares,CommonStockSharesOutstanding,84008043,shares,,2014-12-31,2015-12-21,10-Q,0001364954-15-000198,2015,Q2,https://data.sec.gov/api/xbrl/companyfacts/CIK0001364954.json,2026-10-10T12:46:56.257601+00:00,A_VERIFIER_IDENTITE_ET_PERIODE
0CG.F,0001364954,Shares,CommonStockSharesOutstanding,84008043,shares,,2014-12-31,2015-12-21,10-Q,0001364954-15-000199,2015,Q3,https://data.sec.gov/api/xbrl/companyfacts/CIK0001364954.json,2026-10-10T12:46:56.257612+00:00,A_VERIFIER_IDENTITE_ET_PERIODE
0CG.F,0001364954,Shares,CommonStockSharesOutstanding,84008043,shares,,2014-12-31,2016-03-04,10-K,0001364954-16-000291,2015,FY,https://data.sec.gov/api/xbrl/companyfacts/CIK0001364954.json,2026-10-10T12:46:56.257623+00:00,A_VERIFIER_IDENTITE_ET_PERIODE
0CG.F,0001364954,Shares,CommonStockSharesOutstanding,85849349,shares,,2015-03-31,2015-05-08,10-Q,0001364954-15-000032,2015,Q1,https://data.sec.gov/api/xbrl/companyfacts/CIK0001364954.json,2026-10-10T12:46:56.257634+00:00,A_VERIFIER_IDENTITE_ET_PERIODE
0CG.F,0001364954,Shares,CommonStockSharesOutstanding,87560103,shares,,2015-06-30,2015-08-06,10-Q,0001364954-15-000088,2015,Q2,https://data.sec.gov/api/xbrl/companyfacts/CIK0001364954.json,2026-10-10T12:46:56.257645+00:00,A_VERIFIER_IDENTITE_ET_PERIODE
0CG.F,0001364954,Shares,CommonStockSharesOutstanding,87560103,shares,,2015-06-30,2015-12-21,10-Q,0001364954-15-000198,2015,Q2,https://data.sec.gov/api/xbrl/companyfacts/CIK0001364954.json,2026-10-10T12:46:56.257657+00:00,A_VERIFIER_IDENTITE_ET_PERIODE
0CG.F,0001364954,Shares,CommonStockSharesOutstanding,87762853,shares,,2015-09-30,2015-11-05,10-Q,0001364954-15-000150,2015,Q3,https://data.sec.gov/api/xbrl/companyfacts/CIK0001364954.json,2026-10-10T12:46:56.257668+00:00,A_VERIFIER_IDENTITE_ET_PERIODE
0CG.F,0001364954,Shares,CommonStockSharesOutstanding,87762853,shares,,2015-09-30,2015-12-21,10-Q,0001364954-15-000199,2015,Q3,https://data.sec.gov/api/xbrl/companyfacts/CIK0001364954.json,2026-10-10T12:46:56.257680+00:00,A_VERIFIER_IDENTITE_ET_PERIODE
0CG.F,0001364954,Shares,CommonStockSharesOutstanding,88099983,shares,,2015-12-31,2016-03-04,10-K,0001364954-16-000291,2015,FY,https://data.sec.gov/api/xbrl/companyfacts/CIK0001364954.json,2026-10-10T12:46:56.257691+00:00,A_VERIFIER_IDENTITE_ET_PERIODE
0CG.F,0001364954,Shares,CommonStockSharesOutstanding,88099983,shares,,2015-12-31,2016-05-03,10-Q,0001364954-16-000337,2016,Q1,https://data.sec.gov/api/xbrl/companyfacts/CIK0001364954.json,2026-10-10T12:46:56.257702+00:00,A_VERIFIER_IDENTITE_ET_PERIODE
0CG.F,0001364954,Shares,CommonStockSharesOutstanding,88099983,shares,,2015-12-31,2016-08-03,10-Q,0001364954-16-000398,2016,Q2,https://data.sec.gov/api/xbrl/companyfacts/CIK0001364954.json,2026-10-10T12:46:56.257713+00:00,A_VERIFIER_IDENTITE_ET_PERIODE
0CG.F,0001364954,Shares,CommonStockSharesOutstanding,88099983,shares,,2015-12-31,2016-11-07,10-Q,0001364954-16-000457,2016,Q3,https://data.sec.gov/api/xbrl/companyfacts/CIK0001364954.json,2026-10-10T12:46:56.257724+00:00,A_VERIFIER_IDENTITE_ET_PERIODE
0CG.F,0001364954,Shares,CommonStockSharesOutstanding,88099983,shares,,2015-12-31,2017-02-23,10-K,0001364954-17-000031,2016,FY,https://data.sec.gov/api/xbrl/companyfacts/CIK0001364954.json,2026-10-10T12:46:56.257735+00:00,A_VERIFIER_IDENTITE_ET_PERIODE
0CG.F,0001364954,Shares,CommonStockSharesOutstanding,89962865,shares,,2016-03-31,2016-05-03,10-Q,0001364954-16-000337,2016,Q1,https://data.sec.gov/api/xbrl/companyfacts/CIK0001364954.json,2026-10-10T12:46:56.257747+00:00,A_VERIFIER_IDENTITE_ET_PERIODE
0CG.F,0001364954,Shares,CommonStockSharesOutstanding,90893175,shares,,2016-06-30,2016-08-03,10-Q,0001364954-16-000398,2016,Q2,https://data.sec.gov/api/xbrl/companyfacts/CIK0001364954.json,2026-10-10T12:46:56.257758+00:00,A_VERIFIER_IDENTITE_ET_PERIODE
0CG.F,0001364954,Shares,CommonStockSharesOutstanding,91113230,shares,,2016-09-30,2016-11-07,10-Q,0001364954-16-000457,2016,Q3,https://data.sec.gov/api/xbrl/companyfacts/CIK0001364954.json,2026-10-10T12:46:56.257769+00:00,A_VERIFIER_IDENTITE_ET_PERIODE
0CG.F,0001364954,Shares,CommonStockSharesOutstanding,91708839,shares,,2016-12-31,2017-02-23,10-K,0001364954-17-000031,2016,FY,https://data.sec.gov/api/xbrl/companyfacts/CIK0001364954.json,2026-10-10T12:46:56.257780+00:00,A_VERIFIER_IDENTITE_ET_PERIODE
0CG.F,0001364954,Shares,CommonStockSharesOutstanding,91708839,shares,,2016-12-31,2017-05-01,10-Q,0001364954-17-000103,2017,Q1,https://data.sec.gov/api/xbrl/companyfacts/CIK0001364954.json,2026-10-10T12:46:56.257791+00:00,A_VERIFIER_IDENTITE_ET_PERIODE
0CG.F,0001364954,Shares,CommonStockSharesOutstanding,91708839,shares,,2016-12-31,2017-07-31,10-Q,0001364954-17-000157,2017,Q2,https://data.sec.gov/api/xbrl/companyfacts/CIK0001364954.json,2026-10-10T12:46:56.257802+00:00,A_VERIFIER_IDENTITE_ET_PERIODE
0CG.F,0001364954,Shares,CommonStockSharesOutstanding,91708839,shares,,2016-12-31,2017-10-30,10-Q,0001364954-17-000188,2017,Q3,https://data.sec.gov/api/xbrl/companyfacts/CIK0001364954.json,2026-10-10T12:46:56.257813+00:00,A_VERIFIER_IDENTITE_ET_PERIODE
0CG.F,0001364954,Shares,CommonStockSharesOutstanding,91708839,shares,,2016-12-31,2018-02-26,10-K,0001364954-18-000039,2017,FY,https://data.sec.gov/api/xbrl/companyfacts/CIK0001364954.json,2026-10-10T12:46:56.257824+00:00,A_VERIFIER_IDENTITE_ET_PERIODE
0CG.F,0001364954,Shares,CommonStockSharesOutstanding,94244990,shares,,2017-03-31,2017-05-01,10-Q,0001364954-17-000103,2017,Q1,https://data.sec.gov/api/xbrl/companyfacts/CIK0001364954.json,2026-10-10T12:46:56.257836+00:00,A_VERIFIER_IDENTITE_ET_PERIODE
0CG.F,0001364954,Shares,CommonStockSharesOutstanding,95684945,shares,,2017-06-30,2017-07-31,10-Q,0001364954-17-000157,2017,Q2,https://data.sec.gov/api/xbrl/companyfacts/CIK0001364954.json,2026-10-10T12:46:56.257847+00:00,A_VERIFIER_IDENTITE_ET_PERIODE
0CG.F,0001364954,Shares,CommonStockSharesOutstanding,108163229,shares,,2017-09-30,2017-10-30,10-Q,0001364954-17-000188,2017,Q3,https://data.sec.gov/api/xbrl/companyfacts/CIK0001364954.json,2026-10-10T12:46:56.257858+00:00,A_VERIFIER_IDENTITE_ET_PERIODE
0CG.F,0001364954,Shares,CommonStockSharesOutstanding,109667640,shares,,2017-12-31,2018-02-26,10-K,0001364954-18-000039,2017,FY,https://data.sec.gov/api/xbrl/companyfacts/CIK0001364954.json,2026-10-10T12:46:56.257870+00:00,A_VERIFIER_IDENTITE_ET_PERIODE
0CG.F,0001364954,Shares,CommonStockSharesOutstanding,109667640,shares,,2017-12-31,2018-04-26,10-Q,0001364954-18-000113,2018,Q1,https://data.sec.gov/api/xbrl/companyfacts/CIK0001364954.json,2026-10-10T12:46:56.257881+00:00,A_VERIFIER_IDENTITE_ET_PERIODE
0CG.F,0001364954,Shares,CommonStockSharesOutstanding,109667640,shares,,2017-12-31,2018-07-30,10-Q,0001364954-18-000170,2018,Q2,https://data.sec.gov/api/xbrl/companyfacts/CIK0001364954.json,2026-10-10T12:46:56.257892+00:00,A_VERIFIER_IDENTITE_ET_PERIODE
0CG.F,0001364954,Shares,CommonStockSharesOutstanding,109667640,shares,,2017-12-31,2018-10-29,10-Q,0001364954-18-000200,2018,Q3,https://data.sec.gov/api/xbrl/companyfacts/CIK0001364954.json,2026-10-10T12:46:56.257903+00:00,A_VERIFIER_IDENTITE_ET_PERIODE
0CG.F,0001364954,Shares,CommonStockSharesOutstanding,109667640,shares,,2017-12-31,2019-02-25,10-K,0001364954-19-000027,2018,FY,https://data.sec.gov/api/xbrl/companyfacts/CIK0001364954.json,2026-10-10T12:46:56.257914+00:00,A_VERIFIER_IDENTITE_ET_PERIODE
0CG.F,0001364954,Shares,CommonStockSharesOutstanding,112748665,shares,,2018-03-31,2018-04-26,10-Q,0001364954-18-000113,2018,Q1,https://data.sec.gov/api/xbrl/companyfacts/CIK0001364954.json,2026-10-10T12:46:56.257925+00:00,A_VERIFIER_IDENTITE_ET_PERIODE
0CG.F,0001364954,Shares,CommonStockSharesOutstanding,113551003,shares,,2018-06-30,2018-07-30,10-Q,0001364954-18-000170,2018,Q2,https://data.sec.gov/api/xbrl/companyfacts/CIK0001364954.json,2026-10-10T12:46:56.257937+00:00,A_VERIFIER_IDENTITE_ET_PERIODE
0CG.F,0001364954,Shares,CommonStockSharesOutstanding,114598041,shares,,2018-09-30,2018-10-29,10-Q,0001364954-18-000200,2018,Q3,https://data.sec.gov/api/xbrl/companyfacts/CIK0001364954.json,2026-10-10T12:46:56.257948+00:00,A_VERIFIER_IDENTITE_ET_PERIODE
0CG.F,0001364954,Shares,CommonStockSharesOutstanding,115500418,shares,,2018-12-31,2019-02-25,10-K,0001364954-19-000027,2018,FY,https://data.sec.gov/api/xbrl/companyfacts/CIK0001364954.json,2026-10-10T12:46:56.257960+00:00,A_VERIFIER_IDENTITE_ET_PERIODE
0CG.F,0001364954,Shares,CommonStockSharesOutstanding,115500418,shares,,2018-12-31,2019-04-29,10-Q,0001364954-19-000125,2019,Q1,https://data.sec.gov/api/xbrl/companyfacts/CIK0001364954.json,2026-10-10T12:46:56.257971+00:00,A_VERIFIER_IDENTITE_ET_PERIODE
0CG.F,0001364954,Shares,CommonStockSharesOutstanding,115500418,shares,,2018-12-31,2019-07-29,10-Q,0001364954-19-000188,2019,Q2,https://data.sec.gov/api/xbrl/companyfacts/CIK0001364954.json,2026-10-10T12:46:56.257982+00:00,A_VERIFIER_IDENTITE_ET_PERIODE
0CG.F,0001364954,Shares,CommonStockSharesOutstanding,115500418,shares,,2018-12-31,2019-11-04,10-Q,0001364954-19-000251,2019,Q3,https://data.sec.gov/api/xbrl/companyfacts/CIK0001364954.json,2026-10-10T12:46:56.257993+00:00,A_VERIFIER_IDENTITE_ET_PERIODE
0CG.F,0001364954,Shares,CommonStockSharesOutstanding,115500418,shares,,2018-12-31,2020-02-20,10-K,0001364954-20-000041,2019,FY,https://data.sec.gov/api/xbrl/companyfacts/CIK0001364954.json,2026-10-10T12:46:56.258005+00:00,A_VERIFIER_IDENTITE_ET_PERIODE
0CG.F,0001364954,Shares,CommonStockSharesOutstanding,118196707,shares,,2019-03-31,2019-04-29,10-Q,0001364954-19-000125,2019,Q1,https://data.sec.gov/api/xbrl/companyfacts/CIK0001364954.json,2026-10-10T12:46:56.258016+00:00,A_VERIFIER_IDENTITE_ET_PERIODE
0CG.F,0001364954,Shares,CommonStockSharesOutstanding,119335960,shares,,2019-06-30,2019-07-29,10-Q,0001364954-19-000188,2019,Q2,https://data.sec.gov/api/xbrl/companyfacts/CIK0001364954.json,2026-10-10T12:46:56.258028+00:00,A_VERIFIER_IDENTITE_ET_PERIODE
0CG.F,0001364954,Shares,CommonStockSharesOutstanding,120668843,shares,,2019-09-30,2019-11-04,10-Q,0001364954-19-000251,2019,Q3,https://data.sec.gov/api/xbrl/companyfacts/CIK0001364954.json,2026-10-10T12:46:56.258040+00:00,A_VERIFIER_IDENTITE_ET_PERIODE
0CG.F,0001364954,Shares,CommonStockSharesOutstanding,121583501,shares,,2019-12-31,2020-02-20,10-K,0001364954-20-000041,2019,FY,https://data.sec.gov/api/xbrl/companyfacts/CIK0001364954.json,2026-10-10T12:46:56.258051+00:00,A_VERIFIER_IDENTITE_ET_PERIODE
0CG.F,0001364954,Shares,CommonStockSharesOutstanding,121583501,shares,,2019-12-31,2020-05-04,10-Q,0001364954-20-000094,2020,Q1,https://data.sec.gov/api/xbrl/companyfacts/CIK0001364954.json,2026-10-10T12:46:56.258063+00:00,A_VERIFIER_IDENTITE_ET_PERIODE
0CG.F,0001364954,Shares,CommonStockSharesOutstanding,121583501,shares,,2019-12-31,2020-08-03,10-Q,0001364954-20-000172,2020,Q2,https://data.sec.gov/api/xbrl/companyfacts/CIK0001364954.json,2026-10-10T12:46:56.258074+00:00,A_VERIFIER_IDENTITE_ET_PERIODE
0CG.F,0001364954,Shares,CommonStockSharesOutstanding,121583501,shares,,2019-12-31,2020-10-26,10-Q,0001364954-20-000210,2020,Q3,https://data.sec.gov/api/xbrl/companyfacts/CIK0001364954.json,2026-10-10T12:46:56.258085+00:00,A_VERIFIER_IDENTITE_ET_PERIODE
0CG.F,0001364954,Shares,CommonStockSharesOutstanding,121583501,shares,,2019-12-31,2021-02-22,10-K,0001364954-21-000013,2020,FY,https://data.sec.gov/api/xbrl/companyfacts/CIK0001364954.json,2026-10-10T12:46:56.258096+00:00,A_VERIFIER_IDENTITE_ET_PERIODE
0CG.F,0001364954,Shares,CommonStockSharesOutstanding,123542833,shares,,2020-03-31,2020-05-04,10-Q,0001364954-20-000094,2020,Q1,https://data.sec.gov/api/xbrl/companyfacts/CIK0001364954.json,2026-10-10T12:46:56.258107+00:00,A_VERIFIER_IDENTITE_ET_PERIODE
0CG.F,0001364954,Shares,CommonStockSharesOutstanding,124122675,shares,,2020-06-30,2020-08-03,10-Q,0001364954-20-000172,2020,Q2,https://data.sec.gov/api/xbrl/companyfacts/CIK0001364954.json,2026-10-10T12:46:56.258118+00:00,A_VERIFIER_IDENTITE_ET_PERIODE
0CG.F,0001364954,Shares,CommonStockSharesOutstanding,128654401,shares,,2020-09-30,2020-10-26,10-Q,0001364954-20-000210,2020,Q3,https://data.sec.gov/api/xbrl/companyfacts/CIK0001364954.json,2026-10-10T12:46:56.258129+00:00,A_VERIFIER_IDENTITE_ET_PERIODE
0CG.F,0001364954,Shares,CommonStockSharesOutstanding,129343524,shares,,2020-12-31,2021-02-22,10-K,0001364954-21-000013,2020,FY,https://data.sec.gov/api/xbrl/companyfacts/CIK0001364954.json,2026-10-10T12:46:56.258141+00:00,A_VERIFIER_IDENTITE_ET_PERIODE
0CG.F,0001364954,Shares,CommonStockSharesOutstanding,129343524,shares,,2020-12-31,2021-05-03,10-Q,0001364954-21-000048,2021,Q1,https://data.sec.gov/api/xbrl/companyfacts/CIK0001364954.json,2026-10-10T12:46:56.258152+00:00,A_VERIFIER_IDENTITE_ET_PERIODE
0CG.F,0001364954,Shares,CommonStockSharesOutstanding,129343524,shares,,2020-12-31,2021-08-09,10-Q,0001364954-21-000071,2021,Q2,https://data.sec.gov/api/xbrl/companyfacts/CIK0001364954.json,2026-10-10T12:46:56.258173+00:00,A_VERIFIER_IDENTITE_ET_PERIODE
0CG.F,0001364954,Shares,CommonStockSharesOutstanding,129343524,shares,,2020-12-31,2021-11-01,10-Q,0001364954-21-000113,2021,Q3,https://data.sec.gov/api/xbrl/companyfacts/CIK0001364954.json,2026-10-10T12:46:56.258186+00:00,A_VERIFIER_IDENTITE_ET_PERIODE
0CG.F,0001364954,Shares,CommonStockSharesOutstanding,129343524,shares,,2020-12-31,2022-02-22,10-K,0001364954-22-000011,2021,FY,https://data.sec.gov/api/xbrl/companyfacts/CIK0001364954.json,2026-10-10T12:46:56.258198+00:00,A_VERIFIER_IDENTITE_ET_PERIODE
0CG.F,0001364954,Shares,CommonStockSharesOutstanding,141317066,shares,,2021-03-31,2021-05-03,10-Q,0001364954-21-000048,2021,Q1,https://data.sec.gov/api/xbrl/companyfacts/CIK0001364954.json,2026-10-10T12:46:56.258209+00:00,A_VERIFIER_IDENTITE_ET_PERIODE
0CG.F,0001364954,Shares,CommonStockSharesOutstanding,144621425,shares,,2021-06-30,2021-08-09,10-Q,0001364954-21-000071,2021,Q2,https://data.sec.gov/api/xbrl/companyfacts/CIK0001364954.json,2026-10-10T12:46:56.258221+00:00,A_VERIFIER_IDENTITE_ET_PERIODE
0CG.F,0001364954,Shares,CommonStockSharesOutstanding,144901435,shares,,2021-09-30,2021-11-01,10-Q,0001364954-21-000113,2021,Q3,https://data.sec.gov/api/xbrl/companyfacts/CIK0001364954.json,2026-10-10T12:46:56.258232+00:00,A_VERIFIER_IDENTITE_ET_PERIODE
0CG.F,0001364954,Shares,CommonStockSharesOutstanding,136951956,shares,,2021-12-31,2022-02-22,10-K,0001364954-22-000011,2021,FY,https://data.sec.gov/api/xbrl/companyfacts/CIK0001364954.json,2026-10-10T12:46:56.258243+00:00,A_VERIFIER_IDENTITE_ET_PERIODE
0CG.F,0001364954,Shares,CommonStockSharesOutstanding,136951956,shares,,2021-12-31,2022-05-02,10-Q,0001364954-22-000050,2022,Q1,https://data.sec.gov/api/xbrl/companyfacts/CIK0001364954.json,2026-10-10T12:46:56.258254+00:00,A_VERIFIER_IDENTITE_ET_PERIODE
0CG.F,0001364954,Shares,CommonStockSharesOutstanding,136951956,shares,,2021-12-31,2022-08-04,10-Q,0001364954-22-000088,2022,Q2,https://data.sec.gov/api/xbrl/companyfacts/CIK0001364954.json,2026-10-10T12:46:56.258266+00:00,A_VERIFIER_IDENTITE_ET_PERIODE
0CG.F,0001364954,Shares,CommonStockSharesOutstanding,136951956,shares,,2021-12-31,2022-11-01,10-Q,0001364954-22-000107,2022,Q3,https://data.sec.gov/api/xbrl/companyfacts/CIK0001364954.json,2026-10-10T12:46:56.258277+00:00,A_VERIFIER_IDENTITE_ET_PERIODE
0CG.F,0001364954,Shares,CommonStockSharesOutstanding,136951956,shares,,2021-12-31,2023-02-21,10-K,0001364954-23-000013,2022,FY,https://data.sec.gov/api/xbrl/companyfacts/CIK0001364954.json,2026-10-10T12:46:56.258288+00:00,A_VERIFIER_IDENTITE_ET_PERIODE
0CG.F,0001364954,Shares,CommonStockSharesOutstanding,126681972,shares,,2022-03-31,2022-05-02,10-Q,0001364954-22-000050,2022,Q1,https://data.sec.gov/api/xbrl/companyfacts/CIK0001364954.json,2026-10-10T12:46:56.258299+00:00,A_VERIFIER_IDENTITE_ET_PERIODE
0CG.F,0001364954,Shares,CommonStockSharesOutstanding,126343933,shares,,2022-06-30,2022-08-04,10-Q,0001364954-22-000088,2022,Q2,https://data.sec.gov/api/xbrl/companyfacts/CIK0001364954.json,2026-10-10T12:46:56.258310+00:00,A_VERIFIER_IDENTITE_ET_PERIODE
0CG.F,0001364954,Shares,CommonStockSharesOutstanding,125423860,shares,,2022-09-30,2022-11-01,10-Q,0001364954-22-000107,2022,Q3,https://data.sec.gov/api/xbrl/companyfacts/CIK0001364954.json,2026-10-10T12:46:56.258321+00:00,A_VERIFIER_IDENTITE_ET_PERIODE
0CG.F,0001364954,Shares,CommonStockSharesOutstanding,126473827,shares,,2022-12-31,2023-02-21,10-K,0001364954-23-000013,2022,FY,https://data.sec.gov/api/xbrl/companyfacts/CIK0001364954.json,2026-10-10T12:46:56.258333+00:00,A_VERIFIER_IDENTITE_ET_PERIODE
0CG.F,0001364954,Shares,CommonStockSharesOutstanding,126473827,shares,,2022-12-31,2023-05-01,10-Q,0001364954-23-000068,2023,Q1,https://data.sec.gov/api/xbrl/companyfacts/CIK0001364954.json,2026-10-10T12:46:56.258344+00:00,A_VERIFIER_IDENTITE_ET_PERIODE
0CG.F,0001364954,Shares,CommonStockSharesOutstanding,126473827,shares,,2022-12-31,2023-08-07,10-Q,0001364954-23-000121,2023,Q2,https://data.sec.gov/api/xbrl/companyfacts/CIK0001364954.json,2026-10-10T12:46:56.258355+00:00,A_VERIFIER_IDENTITE_ET_PERIODE
0CG.F,0001364954,Shares,CommonStockSharesOutstanding,126473827,shares,,2022-12-31,2023-10-30,10-Q,0001364954-23-000146,2023,Q3,https://data.sec.gov/api/xbrl/companyfacts/CIK0001364954.json,2026-10-10T12:46:56.258366+00:00,A_VERIFIER_IDENTITE_ET_PERIODE
0CG.F,0001364954,Shares,CommonStockSharesOutstanding,126473827,shares,,2022-12-31,2024-02-20,10-K,0001364954-24-000009,2023,FY,https://data.sec.gov/api/xbrl/companyfacts/CIK0001364954.json,2026-10-10T12:46:56.258377+00:00,A_VERIFIER_IDENTITE_ET_PERIODE
0CG.F,0001364954,Shares,CommonStockSharesOutstanding,119628297,shares,,2023-03-31,2023-05-01,10-Q,0001364954-23-000068,2023,Q1,https://data.sec.gov/api/xbrl/companyfacts/CIK0001364954.json,2026-10-10T12:46:56.258388+00:00,A_VERIFIER_IDENTITE_ET_PERIODE
0CG.F,0001364954,Shares,CommonStockSharesOutstanding,115177618,shares,,2023-06-30,2023-08-07,10-Q,0001364954-23-000121,2023,Q2,https://data.sec.gov/api/xbrl/companyfacts/CIK0001364954.json,2026-10-10T12:46:56.258400+00:00,A_VERIFIER_IDENTITE_ET_PERIODE
0CG.F,0001364954,Shares,CommonStockSharesOutstanding,115671820,shares,,2023-09-30,2023-10-30,10-Q,0001364954-23-000146,2023,Q3,https://data.sec.gov/api/xbrl/companyfacts/CIK0001364954.json,2026-10-10T12:46:56.258411+00:00,A_VERIFIER_IDENTITE_ET_PERIODE
0CG.F,0001364954,Shares,CommonStockSharesOutstanding,102823700,shares,,2023-12-31,2024-02-20,10-K,0001364954-24-000009,2023,FY,https://data.sec.gov/api/xbrl/companyfacts/CIK0001364954.json,2026-10-10T12:46:56.258422+00:00,A_VERIFIER_IDENTITE_ET_PERIODE
0CG.F,0001364954,Shares,CommonStockSharesOutstanding,102823700,shares,,2023-12-31,2024-04-29,10-Q,0001364954-24-000042,2024,Q1,https://data.sec.gov/api/xbrl/companyfacts/CIK0001364954.json,2026-10-10T12:46:56.258433+00:00,A_VERIFIER_IDENTITE_ET_PERIODE
0CG.F,0001364954,Shares,CommonStockSharesOutstanding,102823700,shares,,2023-12-31,2024-08-05,10-Q,0001364954-24-000072,2024,Q2,https://data.sec.gov/api/xbrl/companyfacts/CIK0001364954.json,2026-10-10T12:46:56.258444+00:00,A_VERIFIER_IDENTITE_ET_PERIODE
0CG.F,0001364954,Shares,CommonStockSharesOutstanding,102823700,shares,,2023-12-31,2024-11-12,10-Q,0001364954-24-000085,2024,Q3,https://data.sec.gov/api/xbrl/companyfacts/CIK0001364954.json,2026-10-10T12:46:56.258455+00:00,A_VERIFIER_IDENTITE_ET_PERIODE
0CG.F,0001364954,Shares,CommonStockSharesOutstanding,102823700,shares,,2023-12-31,2025-02-24,10-K,0001364954-25-000013,2024,FY,https://data.sec.gov/api/xbrl/companyfacts/CIK0001364954.json,2026-10-10T12:46:56.258466+00:00,A_VERIFIER_IDENTITE_ET_PERIODE
0CG.F,0001364954,Shares,CommonStockSharesOutstanding,101569933,shares,,2024-03-31,2024-04-29,10-Q,0001364954-24-000042,2024,Q1,https://data.sec.gov/api/xbrl/companyfacts/CIK0001364954.json,2026-10-10T12:46:56.258477+00:00,A_VERIFIER_IDENTITE_ET_PERIODE
0CG.F,0001364954,Shares,CommonStockSharesOutstanding,103360633,shares,,2024-06-30,2024-08-05,10-Q,0001364954-24-000072,2024,Q2,https://data.sec.gov/api/xbrl/companyfacts/CIK0001364954.json,2026-10-10T12:46:56.258488+00:00,A_VERIFIER_IDENTITE_ET_PERIODE
0CG.F,0001364954,Shares,CommonStockSharesOutstanding,103967436,shares,,2024-09-30,2024-11-12,10-Q,0001364954-24-000085,2024,Q3,https://data.sec.gov/api/xbrl/companyfacts/CIK0001364954.json,2026-10-10T12:46:56.258499+00:00,A_VERIFIER_IDENTITE_ET_PERIODE
0CG.F,0001364954,Shares,CommonStockSharesOutstanding,104880048,shares,,2024-12-31,2025-02-24,10-K,0001364954-25-000013,2024,FY,https://data.sec.gov/api/xbrl/companyfacts/CIK0001364954.json,2026-10-10T12:46:56.258511+00:00,A_VERIFIER_IDENTITE_ET_PERIODE
0CG.F,0001364954,Shares,CommonStockSharesOutstanding,104880048,shares,,2024-12-31,2025-05-12,10-Q,0001364954-25-000052,2025,Q1,https://data.sec.gov/api/xbrl/companyfacts/CIK0001364954.json,2026-10-10T12:46:56.258522+00:00,A_VERIFIER_IDENTITE_ET_PERIODE
0CG.F,0001364954,Shares,CommonStockSharesOutstanding,104880048,shares,,2024-12-31,2025-08-08,10-Q,0001364954-25-000096,2025,Q2,https://data.sec.gov/api/xbrl/companyfacts/CIK0001364954.json,2026-10-10T12:46:56.258533+00:00,A_VERIFIER_IDENTITE_ET_PERIODE
0CG.F,0001364954,Shares,CommonStockSharesOutstanding,104880048,shares,,2024-12-31,2025-11-10,10-Q,0001364954-25-000117,2025,Q3,https://data.sec.gov/api/xbrl/companyfacts/CIK0001364954.json,2026-10-10T12:46:56.258544+00:00,A_VERIFIER_IDENTITE_ET_PERIODE
0CG.F,0001364954,Shares,CommonStockSharesOutstanding,104880048,shares,,2024-12-31,2026-03-09,10-K,0001364954-26-000021,2025,FY,https://data.sec.gov/api/xbrl/companyfacts/CIK0001364954.json,2026-10-10T12:46:56.258555+00:00,A_VERIFIER_IDENTITE_ET_PERIODE
0CG.F,0001364954,Shares,CommonStockSharesOutstanding,105376973,shares,,2025-03-31,2025-05-12,10-Q,0001364954-25-000052,2025,Q1,https://data.sec.gov/api/xbrl/companyfacts/CIK0001364954.json,2026-10-10T12:46:56.258566+00:00,A_VERIFIER_IDENTITE_ET_PERIODE
0CG.F,0001364954,Shares,CommonStockSharesOutstanding,107821415,shares,,2025-06-30,2025-08-08,10-Q,0001364954-25-000096,2025,Q2,https://data.sec.gov/api/xbrl/companyfacts/CIK0001364954.json,2026-10-10T12:46:56.258578+00:00,A_VERIFIER_IDENTITE_ET_PERIODE
0CG.F,0001364954,Shares,CommonStockSharesOutstanding,108776132,shares,,2025-09-30,2025-11-10,10-Q,0001364954-25-000117,2025,Q3,https://data.sec.gov/api/xbrl/companyfacts/CIK0001364954.json,2026-10-10T12:46:56.258589+00:00,A_VERIFIER_IDENTITE_ET_PERIODE
0CG.F,0001364954,Shares,CommonStockSharesOutstanding,110985562,shares,,2025-12-31,2026-03-09,10-K,0001364954-26-000021,2025,FY,https://data.sec.gov/api/xbrl/companyfacts/CIK0001364954.json,2026-10-10T12:46:56.258600+00:00,A_VERIFIER_IDENTITE_ET_PERIODE
0CG.F,0001364954,Shares,CommonStockSharesOutstanding,110985562,shares,,2025-12-31,2026-05-11,10-Q,0001364954-26-000048,2026,Q1,https://data.sec.gov/api/xbrl/companyfacts/CIK0001364954.json,2026-10-10T12:46:56.258612+00:00,A_VERIFIER_IDENTITE_ET_PERIODE
0CG.F,0001364954,Shares,CommonStockSharesOutstanding,110985562,shares,,2025-12-31,2026-08-06,10-Q,0001364954-26-000088,2026,Q2,https://data.sec.gov/api/xbrl/companyfacts/CIK0001364954.json,2026-10-10T12:46:56.258623+00:00,A_VERIFIER_IDENTITE_ET_PERIODE
0CG.F,0001364954,Shares,CommonStockSharesOutstanding,111841854,shares,,2026-03-31,2026-05-11,10-Q,0001364954-26-000048,2026,Q1,https://data.sec.gov/api/xbrl/companyfacts/CIK0001364954.json,2026-10-10T12:46:56.258634+00:00,A_VERIFIER_IDENTITE_ET_PERIODE
0CG.F,0001364954,Shares,CommonStockSharesOutstanding,110913557,shares,,2026-06-30,2026-08-06,10-Q,0001364954-26-000088,2026,Q2,https://data.sec.gov/api/xbrl/companyfacts/CIK0001364954.json,2026-10-10T12:46:56.258645+00:00,A_VERIFIER_IDENTITE_ET_PERIODE
0C9.F,0001597835,Revenues,RevenueFromContractWithCustomerExcludingAssessedTax,4981705000,CNY,2018-01-01,2018-12-31,2019-04-26,20-F,0001193125-19-122322,2018,FY,https://data.sec.gov/api/xbrl/companyfacts/CIK0001597835.json,2026-10-10T12:46:56.802246+00:00,A_VERIFIER_IDENTITE_ET_PERIODE
0C9.F,0001597835,Revenues,RevenueFromContractWithCustomerExcludingAssessedTax,4981705000,CNY,2018-01-01,2018-12-31,2021-05-14,20-F,0001193125-21-162007,2020,FY,https://data.sec.gov/api/xbrl/companyfacts/CIK0001597835.json,2026-10-10T12:46:56.802282+00:00,A_VERIFIER_IDENTITE_ET_PERIODE
0C9.F,0001597835,Revenues,RevenueFromContractWithCustomerExcludingAssessedTax,3587695000,CNY,2019-01-01,2019-12-31,2020-05-15,20-F,0001193125-20-143414,2019,FY,https://data.sec.gov/api/xbrl/companyfacts/CIK0001597835.json,2026-10-10T12:46:56.802302+00:00,A_VERIFIER_IDENTITE_ET_PERIODE
0C9.F,0001597835,Revenues,RevenueFromContractWithCustomerExcludingAssessedTax,3587695000,CNY,2019-01-01,2019-12-31,2021-05-14,20-F,0001193125-21-162007,2020,FY,https://data.sec.gov/api/xbrl/companyfacts/CIK0001597835.json,2026-10-10T12:46:56.802319+00:00,A_VERIFIER_IDENTITE_ET_PERIODE
0C9.F,0001597835,Revenues,RevenueFromContractWithCustomerExcludingAssessedTax,3587695000,CNY,2019-01-01,2019-12-31,2022-07-26,20-F,0001193125-22-201423,2021,FY,https://data.sec.gov/api/xbrl/companyfacts/CIK0001597835.json,2026-10-10T12:46:56.802334+00:00,A_VERIFIER_IDENTITE_ET_PERIODE
0C9.F,0001597835,Revenues,RevenueFromContractWithCustomerExcludingAssessedTax,1552645000,CNY,2020-01-01,2020-12-31,2021-05-14,20-F,0001193125-21-162007,2020,FY,https://data.sec.gov/api/xbrl/companyfacts/CIK0001597835.json,2026-10-10T12:46:56.802349+00:00,A_VERIFIER_IDENTITE_ET_PERIODE
0C9.F,0001597835,Revenues,RevenueFromContractWithCustomerExcludingAssessedTax,1552645000,CNY,2020-01-01,2020-12-31,2022-07-26,20-F,0001193125-22-201423,2021,FY,https://data.sec.gov/api/xbrl/companyfacts/CIK0001597835.json,2026-10-10T12:46:56.802365+00:00,A_VERIFIER_IDENTITE_ET_PERIODE
0C9.F,0001597835,Revenues,RevenueFromContractWithCustomerExcludingAssessedTax,1552645000,CNY,2020-01-01,2020-12-31,2023-04-18,20-F,0000950170-23-013158,2022,FY,https://data.sec.gov/api/xbrl/companyfacts/CIK0001597835.json,2026-10-10T12:46:56.802381+00:00,A_VERIFIER_IDENTITE_ET_PERIODE
0C9.F,0001597835,Revenues,RevenueFromContractWithCustomerExcludingAssessedTax,784616000,CNY,2021-01-01,2021-12-31,2022-07-26,20-F,0001193125-22-201423,2021,FY,https://data.sec.gov/api/xbrl/companyfacts/CIK0001597835.json,2026-10-10T12:46:56.802397+00:00,A_VERIFIER_IDENTITE_ET_PERIODE
0C9.F,0001597835,Revenues,RevenueFromContractWithCustomerExcludingAssessedTax,784616000,CNY,2021-01-01,2021-12-31,2023-04-18,20-F,0000950170-23-013158,2022,FY,https://data.sec.gov/api/xbrl/companyfacts/CIK0001597835.json,2026-10-10T12:46:56.802413+00:00,A_VERIFIER_IDENTITE_ET_PERIODE
0C9.F,0001597835,Revenues,RevenueFromContractWithCustomerExcludingAssessedTax,784616000,CNY,2021-01-01,2021-12-31,2024-04-18,20-F,0000950170-24-045305,2023,FY,https://data.sec.gov/api/xbrl/companyfacts/CIK0001597835.json,2026-10-10T12:46:56.802430+00:00,A_VERIFIER_IDENTITE_ET_PERIODE
0C9.F,0001597835,Revenues,RevenueFromContractWithCustomerExcludingAssessedTax,884066000,CNY,2022-01-01,2022-12-31,2023-04-18,20-F,0000950170-23-013158,2022,FY,https://data.sec.gov/api/xbrl/companyfacts/CIK0001597835.json,2026-10-10T12:46:56.802444+00:00,A_VERIFIER_IDENTITE_ET_PERIODE
0C9.F,0001597835,Revenues,RevenueFromContractWithCustomerExcludingAssessedTax,884066000,CNY,2022-01-01,2022-12-31,2024-04-18,20-F,0000950170-24-045305,2023,FY,https://data.sec.gov/api/xbrl/companyfacts/CIK0001597835.json,2026-10-10T12:46:56.802459+00:00,A_VERIFIER_IDENTITE_ET_PERIODE
0C9.F,0001597835,Revenues,RevenueFromContractWithCustomerExcludingAssessedTax,884066000,CNY,2022-01-01,2022-12-31,2025-04-15,20-F,0000950170-25-053935,2024,FY,https://data.sec.gov/api/xbrl/companyfacts/CIK0001597835.json,2026-10-10T12:46:56.802475+00:00,A_VERIFIER_IDENTITE_ET_PERIODE
0C9.F,0001597835,Revenues,RevenueFromContractWithCustomerExcludingAssessedTax,669503000,CNY,2023-01-01,2023-12-31,2024-04-18,20-F,0000950170-24-045305,2023,FY,https://data.sec.gov/api/xbrl/companyfacts/CIK0001597835.json,2026-10-10T12:46:56.802490+00:00,A_VERIFIER_IDENTITE_ET_PERIODE
0C9.F,0001597835,Revenues,RevenueFromContractWithCustomerExcludingAssessedTax,669503000,CNY,2023-01-01,2023-12-31,2025-04-15,20-F,0000950170-25-053935,2024,FY,https://data.sec.gov/api/xbrl/companyfacts/CIK0001597835.json,2026-10-10T12:46:56.802507+00:00,A_VERIFIER_IDENTITE_ET_PERIODE
0C9.F,0001597835,Revenues,RevenueFromContractWithCustomerExcludingAssessedTax,669503000,CNY,2023-01-01,2023-12-31,2026-04-23,20-F,0001193125-26-171821,2025,FY,https://data.sec.gov/api/xbrl/companyfacts/CIK0001597835.json,2026-10-10T12:46:56.802521+00:00,A_VERIFIER_IDENTITE_ET_PERIODE
0C9.F,0001597835,Revenues,RevenueFromContractWithCustomerExcludingAssessedTax,806877000,CNY,2024-01-01,2024-12-31,2025-04-15,20-F,0000950170-25-053935,2024,FY,https://data.sec.gov/api/xbrl/companyfacts/CIK0001597835.json,2026-10-10T12:46:56.802535+00:00,A_VERIFIER_IDENTITE_ET_PERIODE
0C9.F,0001597835,Revenues,RevenueFromContractWithCustomerExcludingAssessedTax,806877000,CNY,2024-01-01,2024-12-31,2026-04-23,20-F,0001193125-26-171821,2025,FY,https://data.sec.gov/api/xbrl/companyfacts/CIK0001597835.json,2026-10-10T12:46:56.802551+00:00,A_VERIFIER_IDENTITE_ET_PERIODE
0C9.F,0001597835,Revenues,RevenueFromContractWithCustomerExcludingAssessedTax,1150444000,CNY,2025-01-01,2025-12-31,2026-04-23,20-F,0001193125-26-171821,2025,FY,https://data.sec.gov/api/xbrl/companyfacts/CIK0001597835.json,2026-10-10T12:46:56.802566+00:00,A_VERIFIER_IDENTITE_ET_PERIODE
0C9.F,0001597835,Revenues,RevenueFromContractWithCustomerExcludingAssessedTax,724559000,USD,2018-01-01,2018-12-31,2019-04-26,20-F,0001193125-19-122322,2018,FY,https://data.sec.gov/api/xbrl/companyfacts/CIK0001597835.json,2026-10-10T12:46:56.802582+00:00,A_VERIFIER_IDENTITE_ET_PERIODE
0C9.F,0001597835,Revenues,RevenueFromContractWithCustomerExcludingAssessedTax,515340000,USD,2019-01-01,2019-12-31,2020-05-15,20-F,0001193125-20-143414,2019,FY,https://data.sec.gov/api/xbrl/companyfacts/CIK0001597835.json,2026-10-10T12:46:56.802598+00:00,A_VERIFIER_IDENTITE_ET_PERIODE
0C9.F,0001597835,Revenues,RevenueFromContractWithCustomerExcludingAssessedTax,237953000,USD,2020-01-01,2020-12-31,2021-05-14,20-F,0001193125-21-162007,2020,FY,https://data.sec.gov/api/xbrl/companyfacts/CIK0001597835.json,2026-10-10T12:46:56.802615+00:00,A_VERIFIER_IDENTITE_ET_PERIODE
0C9.F,0001597835,Revenues,RevenueFromContractWithCustomerExcludingAssessedTax,123123000,USD,2021-01-01,2021-12-31,2022-07-26,20-F,0001193125-22-201423,2021,FY,https://data.sec.gov/api/xbrl/companyfacts/CIK0001597835.json,2026-10-10T12:46:56.802633+00:00,A_VERIFIER_IDENTITE_ET_PERIODE
0C9.F,0001597835,Revenues,RevenueFromContractWithCustomerExcludingAssessedTax,128178000,USD,2022-01-01,2022-12-31,2023-04-18,20-F,0000950170-23-013158,2022,FY,https://data.sec.gov/api/xbrl/companyfacts/CIK0001597835.json,2026-10-10T12:46:56.802647+00:00,A_VERIFIER_IDENTITE_ET_PERIODE
0C9.F,0001597835,Revenues,RevenueFromContractWithCustomerExcludingAssessedTax,94298000,USD,2023-01-01,2023-12-31,2024-04-18,20-F,0000950170-24-045305,2023,FY,https://data.sec.gov/api/xbrl/companyfacts/CIK0001597835.json,2026-10-10T12:46:56.802660+00:00,A_VERIFIER_IDENTITE_ET_PERIODE
0C9.F,0001597835,Revenues,RevenueFromContractWithCustomerExcludingAssessedTax,110541000,USD,2024-01-01,2024-12-31,2025-04-15,20-F,0000950170-25-053935,2024,FY,https://data.sec.gov/api/xbrl/companyfacts/CIK0001597835.json,2026-10-10T12:46:56.802674+00:00,A_VERIFIER_IDENTITE_ET_PERIODE
0C9.F,0001597835,Revenues,RevenueFromContractWithCustomerExcludingAssessedTax,164511000,USD,2025-01-01,2025-12-31,2026-04-23,20-F,0001193125-26-171821,2025,FY,https://data.sec.gov/api/xbrl/companyfacts/CIK0001597835.json,2026-10-10T12:46:56.802689+00:00,A_VERIFIER_IDENTITE_ET_PERIODE
0C9.F,0001597835,Cash,CashAndCashEquivalentsAtCarryingValue,139349000,CNY,,2011-12-31,2015-04-30,20-F,0001104659-15-031909,2014,FY,https://data.sec.gov/api/xbrl/companyfacts/CIK0001597835.json,2026-10-10T12:46:56.802709+00:00,A_VERIFIER_IDENTITE_ET_PERIODE
0C9.F,0001597835,Cash,CashAndCashEquivalentsAtCarryingValue,134376000,CNY,,2012-12-31,2015-04-30,20-F,0001104659-15-031909,2014,FY,https://data.sec.gov/api/xbrl/companyfacts/CIK0001597835.json,2026-10-10T12:46:56.802723+00:00,A_VERIFIER_IDENTITE_ET_PERIODE
0C9.F,0001597835,Cash,CashAndCashEquivalentsAtCarryingValue,134376000,CNY,,2012-12-31,2016-04-22,20-F,0001104659-16-113518,2015,FY,https://data.sec.gov/api/xbrl/companyfacts/CIK0001597835.json,2026-10-10T12:46:56.802737+00:00,A_VERIFIER_IDENTITE_ET_PERIODE
0C9.F,0001597835,Cash,CashAndCashEquivalentsAtCarryingValue,530536000,CNY,,2013-12-31,2015-04-30,20-F,0001104659-15-031909,2014,FY,https://data.sec.gov/api/xbrl/companyfacts/CIK0001597835.json,2026-10-10T12:46:56.802751+00:00,A_VERIFIER_IDENTITE_ET_PERIODE
0C9.F,0001597835,Cash,CashAndCashEquivalentsAtCarryingValue,530536000,CNY,,2013-12-31,2016-04-22,20-F,0001104659-16-113518,2015,FY,https://data.sec.gov/api/xbrl/companyfacts/CIK0001597835.json,2026-10-10T12:46:56.802764+00:00,A_VERIFIER_IDENTITE_ET_PERIODE
0C9.F,0001597835,Cash,CashAndCashEquivalentsAtCarryingValue,554451000,CNY,,2013-12-31,2017-04-26,20-F,0001104659-17-026157,2016,FY,https://data.sec.gov/api/xbrl/companyfacts/CIK0001597835.json,2026-10-10T12:46:56.802778+00:00,A_VERIFIER_IDENTITE_ET_PERIODE
0C9.F,0001597835,Cash,CashAndCashEquivalentsAtCarryingValue,1093285000,CNY,,2014-12-31,2015-04-30,20-F,0001104659-15-031909,2014,FY,https://data.sec.gov/api/xbrl/companyfacts/CIK0001597835.json,2026-10-10T12:46:56.802792+00:00,A_VERIFIER_IDENTITE_ET_PERIODE
0C9.F,0001597835,Cash,CashAndCashEquivalentsAtCarryingValue,1093285000,CNY,,2014-12-31,2016-04-22,20-F,0001104659-16-113518,2015,FY,https://data.sec.gov/api/xbrl/companyfacts/CIK0001597835.json,2026-10-10T12:46:56.802806+00:00,A_VERIFIER_IDENTITE_ET_PERIODE
0C9.F,0001597835,Cash,CashAndCashEquivalentsAtCarryingValue,1115738000,CNY,,2014-12-31,2017-04-26,20-F,0001104659-17-026157,2016,FY,https://data.sec.gov/api/xbrl/companyfacts/CIK0001597835.json,2026-10-10T12:46:56.802820+00:00,A_VERIFIER_IDENTITE_ET_PERIODE
0C9.F,0001597835,Cash,CashAndCashEquivalentsAtCarryingValue,1115738000,CNY,,2014-12-31,2018-04-24,20-F,0001193125-18-128749,2017,FY,https://data.sec.gov/api/xbrl/companyfacts/CIK0001597835.json,2026-10-10T12:46:56.802834+00:00,A_VERIFIER_IDENTITE_ET_PERIODE
0C9.F,0001597835,Cash,CashAndCashEquivalentsAtCarryingValue,1809288000,CNY,,2015-12-31,2016-04-22,20-F,0001104659-16-113518,2015,FY,https://data.sec.gov/api/xbrl/companyfacts/CIK0001597835.json,2026-10-10T12:46:56.802848+00:00,A_VERIFIER_IDENTITE_ET_PERIODE
0C9.F,0001597835,Cash,CashAndCashEquivalentsAtCarryingValue,1843233000,CNY,,2015-12-31,2017-04-26,20-F,0001104659-17-026157,2016,FY,https://data.sec.gov/api/xbrl/companyfacts/CIK0001597835.json,2026-10-10T12:46:56.802865+00:00,A_VERIFIER_IDENTITE_ET_PERIODE
0C9.F,0001597835,Cash,CashAndCashEquivalentsAtCarryingValue,1843233000,CNY,,2015-12-31,2018-04-24,20-F,0001193125-18-128749,2017,FY,https://data.sec.gov/api/xbrl/companyfacts/CIK0001597835.json,2026-10-10T12:46:56.802879+00:00,A_VERIFIER_IDENTITE_ET_PERIODE
0C9.F,0001597835,Cash,CashAndCashEquivalentsAtCarryingValue,1411000000,CNY,,2016-12-31,2017-04-26,20-F,0001104659-17-026157,2016,FY,https://data.sec.gov/api/xbrl/companyfacts/CIK0001597835.json,2026-10-10T12:46:56.802893+00:00,A_VERIFIER_IDENTITE_ET_PERIODE
0C9.F,0001597835,Cash,CashAndCashEquivalentsAtCarryingValue,1411000000,CNY,,2016-12-31,2018-04-24,20-F,0001193125-18-128749,2017,FY,https://data.sec.gov/api/xbrl/companyfacts/CIK0001597835.json,2026-10-10T12:46:56.802908+00:00,A_VERIFIER_IDENTITE_ET_PERIODE
0C9.F,0001597835,Cash,CashAndCashEquivalentsAtCarryingValue,2317488000,CNY,,2017-12-31,2018-04-24,20-F,0001193125-18-128749,2017,FY,https://data.sec.gov/api/xbrl/companyfacts/CIK0001597835.json,2026-10-10T12:46:56.802921+00:00,A_VERIFIER_IDENTITE_ET_PERIODE
0C9.F,0001597835,Cash,CashAndCashEquivalentsAtCarryingValue,2317488000,CNY,,2017-12-31,2019-04-26,20-F,0001193125-19-122322,2018,FY,https://data.sec.gov/api/xbrl/companyfacts/CIK0001597835.json,2026-10-10T12:46:56.802935+00:00,A_VERIFIER_IDENTITE_ET_PERIODE
0C9.F,0001597835,Cash,CashAndCashEquivalentsAtCarryingValue,2783843000,CNY,,2018-12-31,2019-04-26,20-F,0001193125-19-122322,2018,FY,https://data.sec.gov/api/xbrl/companyfacts/CIK0001597835.json,2026-10-10T12:46:56.802949+00:00,A_VERIFIER_IDENTITE_ET_PERIODE
0C9.F,0001597835,Cash,CashAndCashEquivalentsAtCarryingValue,2783843000,CNY,,2018-12-31,2020-05-15,20-F,0001193125-20-143414,2019,FY,https://data.sec.gov/api/xbrl/companyfacts/CIK0001597835.json,2026-10-10T12:46:56.802962+00:00,A_VERIFIER_IDENTITE_ET_PERIODE
0C9.F,0001597835,Cash,CashAndCashEquivalentsAtCarryingValue,983004000,CNY,,2019-12-31,2020-05-15,20-F,0001193125-20-143414,2019,FY,https://data.sec.gov/api/xbrl/companyfacts/CIK0001597835.json,2026-10-10T12:46:56.802976+00:00,A_VERIFIER_IDENTITE_ET_PERIODE
0C9.F,0001597835,Cash,CashAndCashEquivalentsAtCarryingValue,983004000,CNY,,2019-12-31,2021-05-14,20-F,0001193125-21-162007,2020,FY,https://data.sec.gov/api/xbrl/companyfacts/CIK0001597835.json,2026-10-10T12:46:56.802990+00:00,A_VERIFIER_IDENTITE_ET_PERIODE
0C9.F,0001597835,Cash,CashAndCashEquivalentsAtCarryingValue,1299658000,CNY,,2020-12-31,2021-05-14,20-F,0001193125-21-162007,2020,FY,https://data.sec.gov/api/xbrl/companyfacts/CIK0001597835.json,2026-10-10T12:46:56.803004+00:00,A_VERIFIER_IDENTITE_ET_PERIODE
0C9.F,0001597835,Cash,CashAndCashEquivalentsAtCarryingValue,1299658000,CNY,,2020-12-31,2022-07-26,20-F,0001193125-22-201423,2021,FY,https://data.sec.gov/api/xbrl/companyfacts/CIK0001597835.json,2026-10-10T12:46:56.803017+00:00,A_VERIFIER_IDENTITE_ET_PERIODE
0C9.F,0001597835,Cash,CashAndCashEquivalentsAtCarryingValue,1583926000,CNY,,2021-12-31,2022-07-26,20-F,0001193125-22-201423,2021,FY,https://data.sec.gov/api/xbrl/companyfacts/CIK0001597835.json,2026-10-10T12:46:56.803031+00:00,A_VERIFIER_IDENTITE_ET_PERIODE
0C9.F,0001597835,Cash,CashAndCashEquivalentsAtCarryingValue,1583926000,CNY,,2021-12-31,2023-04-18,20-F,0000950170-23-013158,2022,FY,https://data.sec.gov/api/xbrl/companyfacts/CIK0001597835.json,2026-10-10T12:46:56.803045+00:00,A_VERIFIER_IDENTITE_ET_PERIODE
0C9.F,0001597835,Cash,CashAndCashEquivalentsAtCarryingValue,1515799000,CNY,,2022-12-31,2023-04-18,20-F,0000950170-23-013158,2022,FY,https://data.sec.gov/api/xbrl/companyfacts/CIK0001597835.json,2026-10-10T12:46:56.803059+00:00,A_VERIFIER_IDENTITE_ET_PERIODE
0C9.F,0001597835,Cash,CashAndCashEquivalentsAtCarryingValue,1515799000,CNY,,2022-12-31,2024-04-18,20-F,0000950170-24-045305,2023,FY,https://data.sec.gov/api/xbrl/companyfacts/CIK0001597835.json,2026-10-10T12:46:56.803073+00:00,A_VERIFIER_IDENTITE_ET_PERIODE
0C9.F,0001597835,Cash,CashAndCashEquivalentsAtCarryingValue,2020191000,CNY,,2023-12-31,2024-04-18,20-F,0000950170-24-045305,2023,FY,https://data.sec.gov/api/xbrl/companyfacts/CIK0001597835.json,2026-10-10T12:46:56.803087+00:00,A_VERIFIER_IDENTITE_ET_PERIODE
0C9.F,0001597835,Cash,CashAndCashEquivalentsAtCarryingValue,2020191000,CNY,,2023-12-31,2025-04-15,20-F,0000950170-25-053935,2024,FY,https://data.sec.gov/api/xbrl/companyfacts/CIK0001597835.json,2026-10-10T12:46:56.803101+00:00,A_VERIFIER_IDENTITE_ET_PERIODE
0C9.F,0001597835,Cash,CashAndCashEquivalentsAtCarryingValue,1833031000,CNY,,2024-12-31,2025-04-15,20-F,0000950170-25-053935,2024,FY,https://data.sec.gov/api/xbrl/companyfacts/CIK0001597835.json,2026-10-10T12:46:56.803114+00:00,A_VERIFIER_IDENTITE_ET_PERIODE
0C9.F,0001597835,Cash,CashAndCashEquivalentsAtCarryingValue,1833031000,CNY,,2024-12-31,2026-04-23,20-F,0001193125-26-171821,2025,FY,https://data.sec.gov/api/xbrl/companyfacts/CIK0001597835.json,2026-10-10T12:46:56.803128+00:00,A_VERIFIER_IDENTITE_ET_PERIODE
0C9.F,0001597835,Cash,CashAndCashEquivalentsAtCarryingValue,1506625000,CNY,,2025-12-31,2026-04-23,20-F,0001193125-26-171821,2025,FY,https://data.sec.gov/api/xbrl/companyfacts/CIK0001597835.json,2026-10-10T12:46:56.803142+00:00,A_VERIFIER_IDENTITE_ET_PERIODE
0C9.F,0001597835,Cash,CashAndCashEquivalentsAtCarryingValue,85507000,USD,,2013-12-31,2015-04-30,20-F,0001104659-15-031909,2014,FY,https://data.sec.gov/api/xbrl/companyfacts/CIK0001597835.json,2026-10-10T12:46:56.803156+00:00,A_VERIFIER_IDENTITE_ET_PERIODE
0C9.F,0001597835,Cash,CashAndCashEquivalentsAtCarryingValue,176206000,USD,,2014-12-31,2015-04-30,20-F,0001104659-15-031909,2014,FY,https://data.sec.gov/api/xbrl/companyfacts/CIK0001597835.json,2026-10-10T12:46:56.803187+00:00,A_VERIFIER_IDENTITE_ET_PERIODE
0C9.F,0001597835,Cash,CashAndCashEquivalentsAtCarryingValue,168774000,USD,,2014-12-31,2016-04-22,20-F,0001104659-16-113518,2015,FY,https://data.sec.gov/api/xbrl/companyfacts/CIK0001597835.json,2026-10-10T12:46:56.803202+00:00,A_VERIFIER_IDENTITE_ET_PERIODE
0C9.F,0001597835,Cash,CashAndCashEquivalentsAtCarryingValue,279306000,USD,,2015-12-31,2016-04-22,20-F,0001104659-16-113518,2015,FY,https://data.sec.gov/api/xbrl/companyfacts/CIK0001597835.json,2026-10-10T12:46:56.803216+00:00,A_VERIFIER_IDENTITE_ET_PERIODE
0C9.F,0001597835,Cash,CashAndCashEquivalentsAtCarryingValue,265481000,USD,,2015-12-31,2017-04-26,20-F,0001104659-17-026157,2016,FY,https://data.sec.gov/api/xbrl/companyfacts/CIK0001597835.json,2026-10-10T12:46:56.803229+00:00,A_VERIFIER_IDENTITE_ET_PERIODE
0C9.F,0001597835,Cash,CashAndCashEquivalentsAtCarryingValue,203226000,USD,,2016-12-31,2017-04-26,20-F,0001104659-17-026157,2016,FY,https://data.sec.gov/api/xbrl/companyfacts/CIK0001597835.json,2026-10-10T12:46:56.803243+00:00,A_VERIFIER_IDENTITE_ET_PERIODE
0C9.F,0001597835,Cash,CashAndCashEquivalentsAtCarryingValue,216867000,USD,,2016-12-31,2018-04-24,20-F,0001193125-18-128749,2017,FY,https://data.sec.gov/api/xbrl/companyfacts/CIK0001597835.json,2026-10-10T12:46:56.803257+00:00,A_VERIFIER_IDENTITE_ET_PERIODE
0C9.F,0001597835,Cash,CashAndCashEquivalentsAtCarryingValue,356191000,USD,,2017-12-31,2018-04-24,20-F,0001193125-18-128749,2017,FY,https://data.sec.gov/api/xbrl/companyfacts/CIK0001597835.json,2026-10-10T12:46:56.803271+00:00,A_VERIFIER_IDENTITE_ET_PERIODE
0C9.F,0001597835,Cash,CashAndCashEquivalentsAtCarryingValue,404893000,USD,,2018-12-31,2019-04-26,20-F,0001193125-19-122322,2018,FY,https://data.sec.gov/api/xbrl/companyfacts/CIK0001597835.json,2026-10-10T12:46:56.803284+00:00,A_VERIFIER_IDENTITE_ET_PERIODE
0C9.F,0001597835,Cash,CashAndCashEquivalentsAtCarryingValue,141200000,USD,,2019-12-31,2020-05-15,20-F,0001193125-20-143414,2019,FY,https://data.sec.gov/api/xbrl/companyfacts/CIK0001597835.json,2026-10-10T12:46:56.803299+00:00,A_VERIFIER_IDENTITE_ET_PERIODE
0C9.F,0001597835,Cash,CashAndCashEquivalentsAtCarryingValue,199181000,USD,,2020-12-31,2021-05-14,20-F,0001193125-21-162007,2020,FY,https://data.sec.gov/api/xbrl/companyfacts/CIK0001597835.json,2026-10-10T12:46:56.803313+00:00,A_VERIFIER_IDENTITE_ET_PERIODE
0C9.F,0001597835,Cash,CashAndCashEquivalentsAtCarryingValue,248553000,USD,,2021-12-31,2022-07-26,20-F,0001193125-22-201423,2021,FY,https://data.sec.gov/api/xbrl/companyfacts/CIK0001597835.json,2026-10-10T12:46:56.803326+00:00,A_VERIFIER_IDENTITE_ET_PERIODE
0C9.F,0001597835,Cash,CashAndCashEquivalentsAtCarryingValue,219770000,USD,,2022-12-31,2023-04-18,20-F,0000950170-23-013158,2022,FY,https://data.sec.gov/api/xbrl/companyfacts/CIK0001597835.json,2026-10-10T12:46:56.803340+00:00,A_VERIFIER_IDENTITE_ET_PERIODE
0C9.F,0001597835,Cash,CashAndCashEquivalentsAtCarryingValue,284538000,USD,,2023-12-31,2024-04-18,20-F,0000950170-24-045305,2023,FY,https://data.sec.gov/api/xbrl/companyfacts/CIK0001597835.json,2026-10-10T12:46:56.803354+00:00,A_VERIFIER_IDENTITE_ET_PERIODE
0C9.F,0001597835,Cash,CashAndCashEquivalentsAtCarryingValue,251124000,USD,,2024-12-31,2025-04-15,20-F,0000950170-25-053935,2024,FY,https://data.sec.gov/api/xbrl/companyfacts/CIK0001597835.json,2026-10-10T12:46:56.803368+00:00,A_VERIFIER_IDENTITE_ET_PERIODE
0C9.F,0001597835,Cash,CashAndCashEquivalentsAtCarryingValue,215445000,USD,,2025-12-31,2026-04-23,20-F,0001193125-26-171821,2025,FY,https://data.sec.gov/api/xbrl/companyfacts/CIK0001597835.json,2026-10-10T12:46:56.803382+00:00,A_VERIFIER_IDENTITE_ET_PERIODE
0C9.F,0001597835,Assets,Assets,909593000,CNY,,2013-12-31,2015-04-30,20-F,0001104659-15-031909,2014,FY,https://data.sec.gov/api/xbrl/companyfacts/CIK0001597835.json,2026-10-10T12:46:56.803398+00:00,A_VERIFIER_IDENTITE_ET_PERIODE
0C9.F,0001597835,Assets,Assets,3001175000,CNY,,2014-12-31,2015-04-30,20-F,0001104659-15-031909,2014,FY,https://data.sec.gov/api/xbrl/companyfacts/CIK0001597835.json,2026-10-10T12:46:56.803412+00:00,A_VERIFIER_IDENTITE_ET_PERIODE
0C9.F,0001597835,Assets,Assets,3001175000,CNY,,2014-12-31,2016-04-22,20-F,0001104659-16-113518,2015,FY,https://data.sec.gov/api/xbrl/companyfacts/CIK0001597835.json,2026-10-10T12:46:56.803426+00:00,A_VERIFIER_IDENTITE_ET_PERIODE
0C9.F,0001597835,Assets,Assets,4942649000,CNY,,2015-12-31,2016-04-22,20-F,0001104659-16-113518,2015,FY,https://data.sec.gov/api/xbrl/companyfacts/CIK0001597835.json,2026-10-10T12:46:56.803440+00:00,A_VERIFIER_IDENTITE_ET_PERIODE
0C9.F,0001597835,Assets,Assets,4926551000,CNY,,2015-12-31,2017-04-26,20-F,0001104659-17-026157,2016,FY,https://data.sec.gov/api/xbrl/companyfacts/CIK0001597835.json,2026-10-10T12:46:56.803454+00:00,A_VERIFIER_IDENTITE_ET_PERIODE
0C9.F,0001597835,Assets,Assets,5541134000,CNY,,2016-12-31,2017-04-26,20-F,0001104659-17-026157,2016,FY,https://data.sec.gov/api/xbrl/companyfacts/CIK0001597835.json,2026-10-10T12:46:56.803468+00:00,A_VERIFIER_IDENTITE_ET_PERIODE
0C9.F,0001597835,Assets,Assets,5541134000,CNY,,2016-12-31,2018-04-24,20-F,0001193125-18-128749,2017,FY,https://data.sec.gov/api/xbrl/companyfacts/CIK0001597835.json,2026-10-10T12:46:56.803482+00:00,A_VERIFIER_IDENTITE_ET_PERIODE
0C9.F,0001597835,Assets,Assets,7448931000,CNY,,2017-12-31,2018-04-24,20-F,0001193125-18-128749,2017,FY,https://data.sec.gov/api/xbrl/companyfacts/CIK0001597835.json,2026-10-10T12:46:56.803496+00:00,A_VERIFIER_IDENTITE_ET_PERIODE
0C9.F,0001597835,Assets,Assets,7448931000,CNY,,2017-12-31,2019-04-26,20-F,0001193125-19-122322,2018,FY,https://data.sec.gov/api/xbrl/companyfacts/CIK0001597835.json,2026-10-10T12:46:56.803510+00:00,A_VERIFIER_IDENTITE_ET_PERIODE
0C9.F,0001597835,Assets,Assets,8292636000,CNY,,2018-12-31,2019-04-26,20-F,0001193125-19-122322,2018,FY,https://data.sec.gov/api/xbrl/companyfacts/CIK0001597835.json,2026-10-10T12:46:56.803524+00:00,A_VERIFIER_IDENTITE_ET_PERIODE
0C9.F,0001597835,Assets,Assets,8292636000,CNY,,2018-12-31,2020-05-15,20-F,0001193125-20-143414,2019,FY,https://data.sec.gov/api/xbrl/companyfacts/CIK0001597835.json,2026-10-10T12:46:56.803538+00:00,A_VERIFIER_IDENTITE_ET_PERIODE
0C9.F,0001597835,Assets,Assets,7011744000,CNY,,2019-12-31,2020-05-15,20-F,0001193125-20-143414,2019,FY,https://data.sec.gov/api/xbrl/companyfacts/CIK0001597835.json,2026-10-10T12:46:56.803553+00:00,A_VERIFIER_IDENTITE_ET_PERIODE
0C9.F,0001597835,Assets,Assets,7011744000,CNY,,2019-12-31,2021-05-14,20-F,0001193125-21-162007,2020,FY,https://data.sec.gov/api/xbrl/companyfacts/CIK0001597835.json,2026-10-10T12:46:56.803568+00:00,A_VERIFIER_IDENTITE_ET_PERIODE
0C9.F,0001597835,Assets,Assets,5613483000,CNY,,2020-12-31,2021-05-14,20-F,0001193125-21-162007,2020,FY,https://data.sec.gov/api/xbrl/companyfacts/CIK0001597835.json,2026-10-10T12:46:56.803583+00:00,A_VERIFIER_IDENTITE_ET_PERIODE
0C9.F,0001597835,Assets,Assets,5613483000,CNY,,2020-12-31,2022-07-26,20-F,0001193125-22-201423,2021,FY,https://data.sec.gov/api/xbrl/companyfacts/CIK0001597835.json,2026-10-10T12:46:56.803597+00:00,A_VERIFIER_IDENTITE_ET_PERIODE
0C9.F,0001597835,Assets,Assets,4978318000,CNY,,2021-12-31,2022-07-26,20-F,0001193125-22-201423,2021,FY,https://data.sec.gov/api/xbrl/companyfacts/CIK0001597835.json,2026-10-10T12:46:56.803611+00:00,A_VERIFIER_IDENTITE_ET_PERIODE
0C9.F,0001597835,Assets,Assets,4978318000,CNY,,2021-12-31,2023-04-18,20-F,0000950170-23-013158,2022,FY,https://data.sec.gov/api/xbrl/companyfacts/CIK0001597835.json,2026-10-10T12:46:56.803625+00:00,A_VERIFIER_IDENTITE_ET_PERIODE
0C9.F,0001597835,Assets,Assets,5139419000,CNY,,2022-12-31,2023-04-18,20-F,0000950170-23-013158,2022,FY,https://data.sec.gov/api/xbrl/companyfacts/CIK0001597835.json,2026-10-10T12:46:56.803639+00:00,A_VERIFIER_IDENTITE_ET_PERIODE
0C9.F,0001597835,Assets,Assets,5139419000,CNY,,2022-12-31,2024-04-18,20-F,0000950170-24-045305,2023,FY,https://data.sec.gov/api/xbrl/companyfacts/CIK0001597835.json,2026-10-10T12:46:56.803653+00:00,A_VERIFIER_IDENTITE_ET_PERIODE
0C9.F,0001597835,Assets,Assets,5633184000,CNY,,2023-12-31,2024-04-18,20-F,0000950170-24-045305,2023,FY,https://data.sec.gov/api/xbrl/companyfacts/CIK0001597835.json,2026-10-10T12:46:56.803667+00:00,A_VERIFIER_IDENTITE_ET_PERIODE
0C9.F,0001597835,Assets,Assets,5633184000,CNY,,2023-12-31,2025-04-15,20-F,0000950170-25-053935,2024,FY,https://data.sec.gov/api/xbrl/companyfacts/CIK0001597835.json,2026-10-10T12:46:56.803681+00:00,A_VERIFIER_IDENTITE_ET_PERIODE
0C9.F,0001597835,Assets,Assets,5504301000,CNY,,2024-12-31,2025-04-15,20-F,0000950170-25-053935,2024,FY,https://data.sec.gov/api/xbrl/companyfacts/CIK0001597835.json,2026-10-10T12:46:56.803695+00:00,A_VERIFIER_IDENTITE_ET_PERIODE
0C9.F,0001597835,Assets,Assets,5504301000,CNY,,2024-12-31,2026-04-23,20-F,0001193125-26-171821,2025,FY,https://data.sec.gov/api/xbrl/companyfacts/CIK0001597835.json,2026-10-10T12:46:56.803709+00:00,A_VERIFIER_IDENTITE_ET_PERIODE
0C9.F,0001597835,Assets,Assets,4683872000,CNY,,2025-12-31,2026-04-23,20-F,0001193125-26-171821,2025,FY,https://data.sec.gov/api/xbrl/companyfacts/CIK0001597835.json,2026-10-10T12:46:56.803723+00:00,A_VERIFIER_IDENTITE_ET_PERIODE
0C9.F,0001597835,Assets,Assets,483703000,USD,,2014-12-31,2015-04-30,20-F,0001104659-15-031909,2014,FY,https://data.sec.gov/api/xbrl/companyfacts/CIK0001597835.json,2026-10-10T12:46:56.803738+00:00,A_VERIFIER_IDENTITE_ET_PERIODE
0C9.F,0001597835,Assets,Assets,763012000,USD,,2015-12-31,2016-04-22,20-F,0001104659-16-113518,2015,FY,https://data.sec.gov/api/xbrl/companyfacts/CIK0001597835.json,2026-10-10T12:46:56.803752+00:00,A_VERIFIER_IDENTITE_ET_PERIODE
0C9.F,0001597835,Assets,Assets,798088000,USD,,2016-12-31,2017-04-26,20-F,0001104659-17-026157,2016,FY,https://data.sec.gov/api/xbrl/companyfacts/CIK0001597835.json,2026-10-10T12:46:56.803766+00:00,A_VERIFIER_IDENTITE_ET_PERIODE
0C9.F,0001597835,Assets,Assets,1144879000,USD,,2017-12-31,2018-04-24,20-F,0001193125-18-128749,2017,FY,https://data.sec.gov/api/xbrl/companyfacts/CIK0001597835.json,2026-10-10T12:46:56.803780+00:00,A_VERIFIER_IDENTITE_ET_PERIODE
0C9.F,0001597835,Assets,Assets,1206113000,USD,,2018-12-31,2019-04-26,20-F,0001193125-19-122322,2018,FY,https://data.sec.gov/api/xbrl/companyfacts/CIK0001597835.json,2026-10-10T12:46:56.803794+00:00,A_VERIFIER_IDENTITE_ET_PERIODE
0C9.F,0001597835,Assets,Assets,1007173000,USD,,2019-12-31,2020-05-15,20-F,0001193125-20-143414,2019,FY,https://data.sec.gov/api/xbrl/companyfacts/CIK0001597835.json,2026-10-10T12:46:56.803807+00:00,A_VERIFIER_IDENTITE_ET_PERIODE
0C9.F,0001597835,Assets,Assets,860304000,USD,,2020-12-31,2021-05-14,20-F,0001193125-21-162007,2020,FY,https://data.sec.gov/api/xbrl/companyfacts/CIK0001597835.json,2026-10-10T12:46:56.803821+00:00,A_VERIFIER_IDENTITE_ET_PERIODE
0C9.F,0001597835,Assets,Assets,781205000,USD,,2021-12-31,2022-07-26,20-F,0001193125-22-201423,2021,FY,https://data.sec.gov/api/xbrl/companyfacts/CIK0001597835.json,2026-10-10T12:46:56.803835+00:00,A_VERIFIER_IDENTITE_ET_PERIODE
0C9.F,0001597835,Assets,Assets,745146000,USD,,2022-12-31,2023-04-18,20-F,0000950170-23-013158,2022,FY,https://data.sec.gov/api/xbrl/companyfacts/CIK0001597835.json,2026-10-10T12:46:56.803849+00:00,A_VERIFIER_IDENTITE_ET_PERIODE
0C9.F,0001597835,Assets,Assets,793417000,USD,,2023-12-31,2024-04-18,20-F,0000950170-24-045305,2023,FY,https://data.sec.gov/api/xbrl/companyfacts/CIK0001597835.json,2026-10-10T12:46:56.803863+00:00,A_VERIFIER_IDENTITE_ET_PERIODE
0C9.F,0001597835,Assets,Assets,754086000,USD,,2024-12-31,2025-04-15,20-F,0000950170-25-053935,2024,FY,https://data.sec.gov/api/xbrl/companyfacts/CIK0001597835.json,2026-10-10T12:46:56.803877+00:00,A_VERIFIER_IDENTITE_ET_PERIODE
0C9.F,0001597835,Assets,Assets,669785000,USD,,2025-12-31,2026-04-23,20-F,0001193125-26-171821,2025,FY,https://data.sec.gov/api/xbrl/companyfacts/CIK0001597835.json,2026-10-10T12:46:56.803890+00:00,A_VERIFIER_IDENTITE_ET_PERIODE
0C9.F,0001597835,Liabilities,Liabilities,315525000,CNY,,2013-12-31,2015-04-30,20-F,0001104659-15-031909,2014,FY,https://data.sec.gov/api/xbrl/companyfacts/CIK0001597835.json,2026-10-10T12:46:56.803906+00:00,A_VERIFIER_IDENTITE_ET_PERIODE
0C9.F,0001597835,Liabilities,Liabilities,718306000,CNY,,2014-12-31,2015-04-30,20-F,0001104659-15-031909,2014,FY,https://data.sec.gov/api/xbrl/companyfacts/CIK0001597835.json,2026-10-10T12:46:56.803919+00:00,A_VERIFIER_IDENTITE_ET_PERIODE
0C9.F,0001597835,Liabilities,Liabilities,718306000,CNY,,2014-12-31,2016-04-22,20-F,0001104659-16-113518,2015,FY,https://data.sec.gov/api/xbrl/companyfacts/CIK0001597835.json,2026-10-10T12:46:56.803934+00:00,A_VERIFIER_IDENTITE_ET_PERIODE
0C9.F,0001597835,Liabilities,Liabilities,1894519000,CNY,,2015-12-31,2016-04-22,20-F,0001104659-16-113518,2015,FY,https://data.sec.gov/api/xbrl/companyfacts/CIK0001597835.json,2026-10-10T12:46:56.803947+00:00,A_VERIFIER_IDENTITE_ET_PERIODE
0C9.F,0001597835,Liabilities,Liabilities,1912106000,CNY,,2015-12-31,2017-04-26,20-F,0001104659-17-026157,2016,FY,https://data.sec.gov/api/xbrl/companyfacts/CIK0001597835.json,2026-10-10T12:46:56.803961+00:00,A_VERIFIER_IDENTITE_ET_PERIODE
0C9.F,0001597835,Liabilities,Liabilities,2339956000,CNY,,2016-12-31,2017-04-26,20-F,0001104659-17-026157,2016,FY,https://data.sec.gov/api/xbrl/companyfacts/CIK0001597835.json,2026-10-10T12:46:56.803977+00:00,A_VERIFIER_IDENTITE_ET_PERIODE
0C9.F,0001597835,Liabilities,Liabilities,2339956000,CNY,,2016-12-31,2018-04-24,20-F,0001193125-18-128749,2017,FY,https://data.sec.gov/api/xbrl/companyfacts/CIK0001597835.json,2026-10-10T12:46:56.803991+00:00,A_VERIFIER_IDENTITE_ET_PERIODE
0C9.F,0001597835,Liabilities,Liabilities,2293721000,CNY,,2017-12-31,2018-04-24,20-F,0001193125-18-128749,2017,FY,https://data.sec.gov/api/xbrl/companyfacts/CIK0001597835.json,2026-10-10T12:46:56.804006+00:00,A_VERIFIER_IDENTITE_ET_PERIODE
0C9.F,0001597835,Liabilities,Liabilities,2293721000,CNY,,2017-12-31,2019-04-26,20-F,0001193125-19-122322,2018,FY,https://data.sec.gov/api/xbrl/companyfacts/CIK0001597835.json,2026-10-10T12:46:56.804019+00:00,A_VERIFIER_IDENTITE_ET_PERIODE
0C9.F,0001597835,Liabilities,Liabilities,2010241000,CNY,,2018-12-31,2019-04-26,20-F,0001193125-19-122322,2018,FY,https://data.sec.gov/api/xbrl/companyfacts/CIK0001597835.json,2026-10-10T12:46:56.804033+00:00,A_VERIFIER_IDENTITE_ET_PERIODE
0C9.F,0001597835,Liabilities,Liabilities,2010241000,CNY,,2018-12-31,2020-05-15,20-F,0001193125-20-143414,2019,FY,https://data.sec.gov/api/xbrl/companyfacts/CIK0001597835.json,2026-10-10T12:46:56.804047+00:00,A_VERIFIER_IDENTITE_ET_PERIODE
0C9.F,0001597835,Liabilities,Liabilities,2017197000,CNY,,2019-12-31,2020-05-15,20-F,0001193125-20-143414,2019,FY,https://data.sec.gov/api/xbrl/companyfacts/CIK0001597835.json,2026-10-10T12:46:56.804061+00:00,A_VERIFIER_IDENTITE_ET_PERIODE
0C9.F,0001597835,Liabilities,Liabilities,2017197000,CNY,,2019-12-31,2021-05-14,20-F,0001193125-21-162007,2020,FY,https://data.sec.gov/api/xbrl/companyfacts/CIK0001597835.json,2026-10-10T12:46:56.804075+00:00,A_VERIFIER_IDENTITE_ET_PERIODE
0C9.F,0001597835,Liabilities,Liabilities,1825091000,CNY,,2020-12-31,2021-05-14,20-F,0001193125-21-162007,2020,FY,https://data.sec.gov/api/xbrl/companyfacts/CIK0001597835.json,2026-10-10T12:46:56.804089+00:00,A_VERIFIER_IDENTITE_ET_PERIODE
0C9.F,0001597835,Liabilities,Liabilities,1825091000,CNY,,2020-12-31,2022-07-26,20-F,0001193125-22-201423,2021,FY,https://data.sec.gov/api/xbrl/companyfacts/CIK0001597835.json,2026-10-10T12:46:56.804103+00:00,A_VERIFIER_IDENTITE_ET_PERIODE
0C9.F,0001597835,Liabilities,Liabilities,1618175000,CNY,,2021-12-31,2022-07-26,20-F,0001193125-22-201423,2021,FY,https://data.sec.gov/api/xbrl/companyfacts/CIK0001597835.json,2026-10-10T12:46:56.804117+00:00,A_VERIFIER_IDENTITE_ET_PERIODE
0C9.F,0001597835,Liabilities,Liabilities,1618175000,CNY,,2021-12-31,2023-04-18,20-F,0000950170-23-013158,2022,FY,https://data.sec.gov/api/xbrl/companyfacts/CIK0001597835.json,2026-10-10T12:46:56.804132+00:00,A_VERIFIER_IDENTITE_ET_PERIODE
0C9.F,0001597835,Liabilities,Liabilities,2034633000,CNY,,2022-12-31,2023-04-18,20-F,0000950170-23-013158,2022,FY,https://data.sec.gov/api/xbrl/companyfacts/CIK0001597835.json,2026-10-10T12:46:56.804147+00:00,A_VERIFIER_IDENTITE_ET_PERIODE
0C9.F,0001597835,Liabilities,Liabilities,2034633000,CNY,,2022-12-31,2024-04-18,20-F,0000950170-24-045305,2023,FY,https://data.sec.gov/api/xbrl/companyfacts/CIK0001597835.json,2026-10-10T12:46:56.804171+00:00,A_VERIFIER_IDENTITE_ET_PERIODE
0C9.F,0001597835,Liabilities,Liabilities,2972628000,CNY,,2023-12-31,2024-04-18,20-F,0000950170-24-045305,2023,FY,https://data.sec.gov/api/xbrl/companyfacts/CIK0001597835.json,2026-10-10T12:46:56.804191+00:00,A_VERIFIER_IDENTITE_ET_PERIODE
0C9.F,0001597835,Liabilities,Liabilities,2972628000,CNY,,2023-12-31,2025-04-15,20-F,0000950170-25-053935,2024,FY,https://data.sec.gov/api/xbrl/companyfacts/CIK0001597835.json,2026-10-10T12:46:56.804205+00:00,A_VERIFIER_IDENTITE_ET_PERIODE
0C9.F,0001597835,Liabilities,Liabilities,3297175000,CNY,,2024-12-31,2025-04-15,20-F,0000950170-25-053935,2024,FY,https://data.sec.gov/api/xbrl/companyfacts/CIK0001597835.json,2026-10-10T12:46:56.804219+00:00,A_VERIFIER_IDENTITE_ET_PERIODE
0C9.F,0001597835,Liabilities,Liabilities,3297175000,CNY,,2024-12-31,2026-04-23,20-F,0001193125-26-171821,2025,FY,https://data.sec.gov/api/xbrl/companyfacts/CIK0001597835.json,2026-10-10T12:46:56.804234+00:00,A_VERIFIER_IDENTITE_ET_PERIODE
0C9.F,0001597835,Liabilities,Liabilities,2725524000,CNY,,2025-12-31,2026-04-23,20-F,0001193125-26-171821,2025,FY,https://data.sec.gov/api/xbrl/companyfacts/CIK0001597835.json,2026-10-10T12:46:56.804248+00:00,A_VERIFIER_IDENTITE_ET_PERIODE
0C9.F,0001597835,Liabilities,Liabilities,115772000,USD,,2014-12-31,2015-04-30,20-F,0001104659-15-031909,2014,FY,https://data.sec.gov/api/xbrl/companyfacts/CIK0001597835.json,2026-10-10T12:46:56.804262+00:00,A_VERIFIER_IDENTITE_ET_PERIODE
0C9.F,0001597835,Liabilities,Liabilities,292463000,USD,,2015-12-31,2016-04-22,20-F,0001104659-16-113518,2015,FY,https://data.sec.gov/api/xbrl/companyfacts/CIK0001597835.json,2026-10-10T12:46:56.804276+00:00,A_VERIFIER_IDENTITE_ET_PERIODE
0C9.F,0001597835,Liabilities,Liabilities,337024000,USD,,2016-12-31,2017-04-26,20-F,0001104659-17-026157,2016,FY,https://data.sec.gov/api/xbrl/companyfacts/CIK0001597835.json,2026-10-10T12:46:56.804290+00:00,A_VERIFIER_IDENTITE_ET_PERIODE
0C9.F,0001597835,Liabilities,Liabilities,352538000,USD,,2017-12-31,2018-04-24,20-F,0001193125-18-128749,2017,FY,https://data.sec.gov/api/xbrl/companyfacts/CIK0001597835.json,2026-10-10T12:46:56.804304+00:00,A_VERIFIER_IDENTITE_ET_PERIODE
0C9.F,0001597835,Liabilities,Liabilities,292378000,USD,,2018-12-31,2019-04-26,20-F,0001193125-19-122322,2018,FY,https://data.sec.gov/api/xbrl/companyfacts/CIK0001597835.json,2026-10-10T12:46:56.804318+00:00,A_VERIFIER_IDENTITE_ET_PERIODE
0C9.F,0001597835,Liabilities,Liabilities,289752000,USD,,2019-12-31,2020-05-15,20-F,0001193125-20-143414,2019,FY,https://data.sec.gov/api/xbrl/companyfacts/CIK0001597835.json,2026-10-10T12:46:56.804332+00:00,A_VERIFIER_IDENTITE_ET_PERIODE
0C9.F,0001597835,Liabilities,Liabilities,279707000,USD,,2020-12-31,2021-05-14,20-F,0001193125-21-162007,2020,FY,https://data.sec.gov/api/xbrl/companyfacts/CIK0001597835.json,2026-10-10T12:46:56.804346+00:00,A_VERIFIER_IDENTITE_ET_PERIODE
0C9.F,0001597835,Liabilities,Liabilities,253926000,USD,,2021-12-31,2022-07-26,20-F,0001193125-22-201423,2021,FY,https://data.sec.gov/api/xbrl/companyfacts/CIK0001597835.json,2026-10-10T12:46:56.804359+00:00,A_VERIFIER_IDENTITE_ET_PERIODE
0C9.F,0001597835,Liabilities,Liabilities,294994000,USD,,2022-12-31,2023-04-18,20-F,0000950170-23-013158,2022,FY,https://data.sec.gov/api/xbrl/companyfacts/CIK0001597835.json,2026-10-10T12:46:56.804373+00:00,A_VERIFIER_IDENTITE_ET_PERIODE
0C9.F,0001597835,Liabilities,Liabilities,418685000,USD,,2023-12-31,2024-04-18,20-F,0000950170-24-045305,2023,FY,https://data.sec.gov/api/xbrl/companyfacts/CIK0001597835.json,2026-10-10T12:46:56.804387+00:00,A_VERIFIER_IDENTITE_ET_PERIODE
0C9.F,0001597835,Liabilities,Liabilities,451711000,USD,,2024-12-31,2025-04-15,20-F,0000950170-25-053935,2024,FY,https://data.sec.gov/api/xbrl/companyfacts/CIK0001597835.json,2026-10-10T12:46:56.804401+00:00,A_VERIFIER_IDENTITE_ET_PERIODE
0C9.F,0001597835,Liabilities,Liabilities,389745000,USD,,2025-12-31,2026-04-23,20-F,0001193125-26-171821,2025,FY,https://data.sec.gov/api/xbrl/companyfacts/CIK0001597835.json,2026-10-10T12:46:56.804415+00:00,A_VERIFIER_IDENTITE_ET_PERIODE
0C9.F,0001597835,OperatingIncome,OperatingIncomeLoss,10463000,CNY,2012-01-01,2012-12-31,2015-04-30,20-F,0001104659-15-031909,2014,FY,https://data.sec.gov/api/xbrl/companyfacts/CIK0001597835.json,2026-10-10T12:46:56.804431+00:00,A_VERIFIER_IDENTITE_ET_PERIODE
0C9.F,0001597835,OperatingIncome,OperatingIncomeLoss,92218000,CNY,2013-01-01,2013-12-31,2015-04-30,20-F,0001104659-15-031909,2014,FY,https://data.sec.gov/api/xbrl/companyfacts/CIK0001597835.json,2026-10-10T12:46:56.804445+00:00,A_VERIFIER_IDENTITE_ET_PERIODE
0C9.F,0001597835,OperatingIncome,OperatingIncomeLoss,92218000,CNY,2013-01-01,2013-12-31,2016-04-22,20-F,0001104659-16-113518,2015,FY,https://data.sec.gov/api/xbrl/companyfacts/CIK0001597835.json,2026-10-10T12:46:56.804459+00:00,A_VERIFIER_IDENTITE_ET_PERIODE
0C9.F,0001597835,OperatingIncome,OperatingIncomeLoss,82670000,CNY,2014-01-01,2014-12-31,2015-04-30,20-F,0001104659-15-031909,2014,FY,https://data.sec.gov/api/xbrl/companyfacts/CIK0001597835.json,2026-10-10T12:46:56.804473+00:00,A_VERIFIER_IDENTITE_ET_PERIODE
0C9.F,0001597835,OperatingIncome,OperatingIncomeLoss,82670000,CNY,2014-01-01,2014-12-31,2016-04-22,20-F,0001104659-16-113518,2015,FY,https://data.sec.gov/api/xbrl/companyfacts/CIK0001597835.json,2026-10-10T12:46:56.804488+00:00,A_VERIFIER_IDENTITE_ET_PERIODE
0C9.F,0001597835,OperatingIncome,OperatingIncomeLoss,92666000,CNY,2014-01-01,2014-12-31,2017-04-26,20-F,0001104659-17-026157,2016,FY,https://data.sec.gov/api/xbrl/companyfacts/CIK0001597835.json,2026-10-10T12:46:56.804502+00:00,A_VERIFIER_IDENTITE_ET_PERIODE
0C9.F,0001597835,OperatingIncome,OperatingIncomeLoss,206937000,CNY,2015-01-01,2015-12-31,2016-04-22,20-F,0001104659-16-113518,2015,FY,https://data.sec.gov/api/xbrl/companyfacts/CIK0001597835.json,2026-10-10T12:46:56.804516+00:00,A_VERIFIER_IDENTITE_ET_PERIODE
0C9.F,0001597835,OperatingIncome,OperatingIncomeLoss,216898000,CNY,2015-01-01,2015-12-31,2017-04-26,20-F,0001104659-17-026157,2016,FY,https://data.sec.gov/api/xbrl/companyfacts/CIK0001597835.json,2026-10-10T12:46:56.804529+00:00,A_VERIFIER_IDENTITE_ET_PERIODE
0C9.F,0001597835,OperatingIncome,OperatingIncomeLoss,216898000,CNY,2015-01-01,2015-12-31,2018-04-24,20-F,0001193125-18-128749,2017,FY,https://data.sec.gov/api/xbrl/companyfacts/CIK0001597835.json,2026-10-10T12:46:56.804543+00:00,A_VERIFIER_IDENTITE_ET_PERIODE
0C9.F,0001597835,OperatingIncome,OperatingIncomeLoss,-12448000,CNY,2016-01-01,2016-12-31,2017-04-26,20-F,0001104659-17-026157,2016,FY,https://data.sec.gov/api/xbrl/companyfacts/CIK0001597835.json,2026-10-10T12:46:56.804557+00:00,A_VERIFIER_IDENTITE_ET_PERIODE
0C9.F,0001597835,OperatingIncome,OperatingIncomeLoss,-12448000,CNY,2016-01-01,2016-12-31,2018-04-24,20-F,0001193125-18-128749,2017,FY,https://data.sec.gov/api/xbrl/companyfacts/CIK0001597835.json,2026-10-10T12:46:56.804571+00:00,A_VERIFIER_IDENTITE_ET_PERIODE
0C9.F,0001597835,OperatingIncome,OperatingIncomeLoss,-12448000,CNY,2016-01-01,2016-12-31,2019-04-26,20-F,0001193125-19-122322,2018,FY,https://data.sec.gov/api/xbrl/companyfacts/CIK0001597835.json,2026-10-10T12:46:56.804586+00:00,A_VERIFIER_IDENTITE_ET_PERIODE
0C9.F,0001597835,OperatingIncome,OperatingIncomeLoss,446880000,CNY,2017-01-01,2017-12-31,2018-04-24,20-F,0001193125-18-128749,2017,FY,https://data.sec.gov/api/xbrl/companyfacts/CIK0001597835.json,2026-10-10T12:46:56.804600+00:00,A_VERIFIER_IDENTITE_ET_PERIODE
0C9.F,0001597835,OperatingIncome,OperatingIncomeLoss,446880000,CNY,2017-01-01,2017-12-31,2019-04-26,20-F,0001193125-19-122322,2018,FY,https://data.sec.gov/api/xbrl/companyfacts/CIK0001597835.json,2026-10-10T12:46:56.804613+00:00,A_VERIFIER_IDENTITE_ET_PERIODE
0C9.F,0001597835,OperatingIncome,OperatingIncomeLoss,446880000,CNY,2017-01-01,2017-12-31,2020-05-15,20-F,0001193125-20-143414,2019,FY,https://data.sec.gov/api/xbrl/companyfacts/CIK0001597835.json,2026-10-10T12:46:56.804628+00:00,A_VERIFIER_IDENTITE_ET_PERIODE
0C9.F,0001597835,OperatingIncome,OperatingIncomeLoss,467222000,CNY,2018-01-01,2018-12-31,2019-04-26,20-F,0001193125-19-122322,2018,FY,https://data.sec.gov/api/xbrl/companyfacts/CIK0001597835.json,2026-10-10T12:46:56.804641+00:00,A_VERIFIER_IDENTITE_ET_PERIODE
0C9.F,0001597835,OperatingIncome,OperatingIncomeLoss,467222000,CNY,2018-01-01,2018-12-31,2020-05-15,20-F,0001193125-20-143414,2019,FY,https://data.sec.gov/api/xbrl/companyfacts/CIK0001597835.json,2026-10-10T12:46:56.804655+00:00,A_VERIFIER_IDENTITE_ET_PERIODE
0C9.F,0001597835,OperatingIncome,OperatingIncomeLoss,467222000,CNY,2018-01-01,2018-12-31,2021-05-14,20-F,0001193125-21-162007,2020,FY,https://data.sec.gov/api/xbrl/companyfacts/CIK0001597835.json,2026-10-10T12:46:56.804669+00:00,A_VERIFIER_IDENTITE_ET_PERIODE
0C9.F,0001597835,OperatingIncome,OperatingIncomeLoss,-1110912000,CNY,2019-01-01,2019-12-31,2020-05-15,20-F,0001193125-20-143414,2019,FY,https://data.sec.gov/api/xbrl/companyfacts/CIK0001597835.json,2026-10-10T12:46:56.804683+00:00,A_VERIFIER_IDENTITE_ET_PERIODE
0C9.F,0001597835,OperatingIncome,OperatingIncomeLoss,-1110912000,CNY,2019-01-01,2019-12-31,2021-05-14,20-F,0001193125-21-162007,2020,FY,https://data.sec.gov/api/xbrl/companyfacts/CIK0001597835.json,2026-10-10T12:46:56.804697+00:00,A_VERIFIER_IDENTITE_ET_PERIODE
0C9.F,0001597835,OperatingIncome,OperatingIncomeLoss,-1110912000,CNY,2019-01-01,2019-12-31,2022-07-26,20-F,0001193125-22-201423,2021,FY,https://data.sec.gov/api/xbrl/companyfacts/CIK0001597835.json,2026-10-10T12:46:56.804711+00:00,A_VERIFIER_IDENTITE_ET_PERIODE
0C9.F,0001597835,OperatingIncome,OperatingIncomeLoss,-531115000,CNY,2020-01-01,2020-12-31,2021-05-14,20-F,0001193125-21-162007,2020,FY,https://data.sec.gov/api/xbrl/companyfacts/CIK0001597835.json,2026-10-10T12:46:56.804726+00:00,A_VERIFIER_IDENTITE_ET_PERIODE
0C9.F,0001597835,OperatingIncome,OperatingIncomeLoss,-531115000,CNY,2020-01-01,2020-12-31,2022-07-26,20-F,0001193125-22-201423,2021,FY,https://data.sec.gov/api/xbrl/companyfacts/CIK0001597835.json,2026-10-10T12:46:56.804740+00:00,A_VERIFIER_IDENTITE_ET_PERIODE
0C9.F,0001597835,OperatingIncome,OperatingIncomeLoss,-531115000,CNY,2020-01-01,2020-12-31,2023-04-18,20-F,0000950170-23-013158,2022,FY,https://data.sec.gov/api/xbrl/companyfacts/CIK0001597835.json,2026-10-10T12:46:56.804754+00:00,A_VERIFIER_IDENTITE_ET_PERIODE
0C9.F,0001597835,OperatingIncome,OperatingIncomeLoss,-229571000,CNY,2021-01-01,2021-12-31,2022-07-26,20-F,0001193125-22-201423,2021,FY,https://data.sec.gov/api/xbrl/companyfacts/CIK0001597835.json,2026-10-10T12:46:56.804768+00:00,A_VERIFIER_IDENTITE_ET_PERIODE
0C9.F,0001597835,OperatingIncome,OperatingIncomeLoss,-229571000,CNY,2021-01-01,2021-12-31,2023-04-18,20-F,0000950170-23-013158,2022,FY,https://data.sec.gov/api/xbrl/companyfacts/CIK0001597835.json,2026-10-10T12:46:56.804781+00:00,A_VERIFIER_IDENTITE_ET_PERIODE
0C9.F,0001597835,OperatingIncome,OperatingIncomeLoss,-229571000,CNY,2021-01-01,2021-12-31,2024-04-18,20-F,0000950170-24-045305,2023,FY,https://data.sec.gov/api/xbrl/companyfacts/CIK0001597835.json,2026-10-10T12:46:56.804795+00:00,A_VERIFIER_IDENTITE_ET_PERIODE
0C9.F,0001597835,OperatingIncome,OperatingIncomeLoss,-225591000,CNY,2022-01-01,2022-12-31,2023-04-18,20-F,0000950170-23-013158,2022,FY,https://data.sec.gov/api/xbrl/companyfacts/CIK0001597835.json,2026-10-10T12:46:56.804809+00:00,A_VERIFIER_IDENTITE_ET_PERIODE
0C9.F,0001597835,OperatingIncome,OperatingIncomeLoss,-225591000,CNY,2022-01-01,2022-12-31,2024-04-18,20-F,0000950170-24-045305,2023,FY,https://data.sec.gov/api/xbrl/companyfacts/CIK0001597835.json,2026-10-10T12:46:56.804822+00:00,A_VERIFIER_IDENTITE_ET_PERIODE
0C9.F,0001597835,OperatingIncome,OperatingIncomeLoss,-225591000,CNY,2022-01-01,2022-12-31,2025-04-15,20-F,0000950170-25-053935,2024,FY,https://data.sec.gov/api/xbrl/companyfacts/CIK0001597835.json,2026-10-10T12:46:56.804836+00:00,A_VERIFIER_IDENTITE_ET_PERIODE
0C9.F,0001597835,OperatingIncome,OperatingIncomeLoss,-209837000,CNY,2023-01-01,2023-12-31,2024-04-18,20-F,0000950170-24-045305,2023,FY,https://data.sec.gov/api/xbrl/companyfacts/CIK0001597835.json,2026-10-10T12:46:56.804850+00:00,A_VERIFIER_IDENTITE_ET_PERIODE
0C9.F,0001597835,OperatingIncome,OperatingIncomeLoss,-209837000,CNY,2023-01-01,2023-12-31,2025-04-15,20-F,0000950170-25-053935,2024,FY,https://data.sec.gov/api/xbrl/companyfacts/CIK0001597835.json,2026-10-10T12:46:56.804864+00:00,A_VERIFIER_IDENTITE_ET_PERIODE
0C9.F,0001597835,OperatingIncome,OperatingIncomeLoss,-209837000,CNY,2023-01-01,2023-12-31,2026-04-23,20-F,0001193125-26-171821,2025,FY,https://data.sec.gov/api/xbrl/companyfacts/CIK0001597835.json,2026-10-10T12:46:56.804878+00:00,A_VERIFIER_IDENTITE_ET_PERIODE
0C9.F,0001597835,OperatingIncome,OperatingIncomeLoss,-437255000,CNY,2024-01-01,2024-12-31,2025-04-15,20-F,0000950170-25-053935,2024,FY,https://data.sec.gov/api/xbrl/companyfacts/CIK0001597835.json,2026-10-10T12:46:56.804892+00:00,A_VERIFIER_IDENTITE_ET_PERIODE
0C9.F,0001597835,OperatingIncome,OperatingIncomeLoss,-437255000,CNY,2024-01-01,2024-12-31,2026-04-23,20-F,0001193125-26-171821,2025,FY,https://data.sec.gov/api/xbrl/companyfacts/CIK0001597835.json,2026-10-10T12:46:56.804906+00:00,A_VERIFIER_IDENTITE_ET_PERIODE
0C9.F,0001597835,OperatingIncome,OperatingIncomeLoss,-179443000,CNY,2025-01-01,2025-12-31,2026-04-23,20-F,0001193125-26-171821,2025,FY,https://data.sec.gov/api/xbrl/companyfacts/CIK0001597835.json,2026-10-10T12:46:56.804919+00:00,A_VERIFIER_IDENTITE_ET_PERIODE
0C9.F,0001597835,OperatingIncome,OperatingIncomeLoss,13324000,USD,2014-01-01,2014-12-31,2015-04-30,20-F,0001104659-15-031909,2014,FY,https://data.sec.gov/api/xbrl/companyfacts/CIK0001597835.json,2026-10-10T12:46:56.804933+00:00,A_VERIFIER_IDENTITE_ET_PERIODE
0C9.F,0001597835,OperatingIncome,OperatingIncomeLoss,31946000,USD,2015-01-01,2015-12-31,2016-04-22,20-F,0001104659-16-113518,2015,FY,https://data.sec.gov/api/xbrl/companyfacts/CIK0001597835.json,2026-10-10T12:46:56.804947+00:00,A_VERIFIER_IDENTITE_ET_PERIODE
0C9.F,0001597835,OperatingIncome,OperatingIncomeLoss,-1793000,USD,2016-01-01,2016-12-31,2017-04-26,20-F,0001104659-17-026157,2016,FY,https://data.sec.gov/api/xbrl/companyfacts/CIK0001597835.json,2026-10-10T12:46:56.804961+00:00,A_VERIFIER_IDENTITE_ET_PERIODE
0C9.F,0001597835,OperatingIncome,OperatingIncomeLoss,68683000,USD,2017-01-01,2017-12-31,2018-04-24,20-F,0001193125-18-128749,2017,FY,https://data.sec.gov/api/xbrl/companyfacts/CIK0001597835.json,2026-10-10T12:46:56.804975+00:00,A_VERIFIER_IDENTITE_ET_PERIODE
0C9.F,0001597835,OperatingIncome,OperatingIncomeLoss,67955000,USD,2018-01-01,2018-12-31,2019-04-26,20-F,0001193125-19-122322,2018,FY,https://data.sec.gov/api/xbrl/companyfacts/CIK0001597835.json,2026-10-10T12:46:56.804989+00:00,A_VERIFIER_IDENTITE_ET_PERIODE
0C9.F,0001597835,OperatingIncome,OperatingIncomeLoss,-159573000,USD,2019-01-01,2019-12-31,2020-05-15,20-F,0001193125-20-143414,2019,FY,https://data.sec.gov/api/xbrl/companyfacts/CIK0001597835.json,2026-10-10T12:46:56.805003+00:00,A_VERIFIER_IDENTITE_ET_PERIODE
0C9.F,0001597835,OperatingIncome,OperatingIncomeLoss,-81397000,USD,2020-01-01,2020-12-31,2021-05-14,20-F,0001193125-21-162007,2020,FY,https://data.sec.gov/api/xbrl/companyfacts/CIK0001597835.json,2026-10-10T12:46:56.805017+00:00,A_VERIFIER_IDENTITE_ET_PERIODE
0C9.F,0001597835,OperatingIncome,OperatingIncomeLoss,-36025000,USD,2021-01-01,2021-12-31,2022-07-26,20-F,0001193125-22-201423,2021,FY,https://data.sec.gov/api/xbrl/companyfacts/CIK0001597835.json,2026-10-10T12:46:56.805030+00:00,A_VERIFIER_IDENTITE_ET_PERIODE
0C9.F,0001597835,OperatingIncome,OperatingIncomeLoss,-32707000,USD,2022-01-01,2022-12-31,2023-04-18,20-F,0000950170-23-013158,2022,FY,https://data.sec.gov/api/xbrl/companyfacts/CIK0001597835.json,2026-10-10T12:46:56.805044+00:00,A_VERIFIER_IDENTITE_ET_PERIODE
0C9.F,0001597835,OperatingIncome,OperatingIncomeLoss,-29554000,USD,2023-01-01,2023-12-31,2024-04-18,20-F,0000950170-24-045305,2023,FY,https://data.sec.gov/api/xbrl/companyfacts/CIK0001597835.json,2026-10-10T12:46:56.805058+00:00,A_VERIFIER_IDENTITE_ET_PERIODE
0C9.F,0001597835,OperatingIncome,OperatingIncomeLoss,-59904000,USD,2024-01-01,2024-12-31,2025-04-15,20-F,0000950170-25-053935,2024,FY,https://data.sec.gov/api/xbrl/companyfacts/CIK0001597835.json,2026-10-10T12:46:56.805072+00:00,A_VERIFIER_IDENTITE_ET_PERIODE
0C9.F,0001597835,OperatingIncome,OperatingIncomeLoss,-25659000,USD,2025-01-01,2025-12-31,2026-04-23,20-F,0001193125-26-171821,2025,FY,https://data.sec.gov/api/xbrl/companyfacts/CIK0001597835.json,2026-10-10T12:46:56.805086+00:00,A_VERIFIER_IDENTITE_ET_PERIODE
0C9.F,0001597835,NetIncome,NetIncomeLoss,9844000,CNY,2012-01-01,2012-12-31,2015-04-30,20-F,0001104659-15-031909,2014,FY,https://data.sec.gov/api/xbrl/companyfacts/CIK0001597835.json,2026-10-10T12:46:56.805101+00:00,A_VERIFIER_IDENTITE_ET_PERIODE
0C9.F,0001597835,NetIncome,NetIncomeLoss,62018000,CNY,2013-01-01,2013-12-31,2015-04-30,20-F,0001104659-15-031909,2014,FY,https://data.sec.gov/api/xbrl/companyfacts/CIK0001597835.json,2026-10-10T12:46:56.805115+00:00,A_VERIFIER_IDENTITE_ET_PERIODE
0C9.F,0001597835,NetIncome,NetIncomeLoss,62018000,CNY,2013-01-01,2013-12-31,2016-04-22,20-F,0001104659-16-113518,2015,FY,https://data.sec.gov/api/xbrl/companyfacts/CIK0001597835.json,2026-10-10T12:46:56.805129+00:00,A_VERIFIER_IDENTITE_ET_PERIODE
0C9.F,0001597835,NetIncome,NetIncomeLoss,67941000,CNY,2014-01-01,2014-12-31,2015-04-30,20-F,0001104659-15-031909,2014,FY,https://data.sec.gov/api/xbrl/companyfacts/CIK0001597835.json,2026-10-10T12:46:56.805143+00:00,A_VERIFIER_IDENTITE_ET_PERIODE
0C9.F,0001597835,NetIncome,NetIncomeLoss,67941000,CNY,2014-01-01,2014-12-31,2016-04-22,20-F,0001104659-16-113518,2015,FY,https://data.sec.gov/api/xbrl/companyfacts/CIK0001597835.json,2026-10-10T12:46:56.805158+00:00,A_VERIFIER_IDENTITE_ET_PERIODE
0C9.F,0001597835,NetIncome,NetIncomeLoss,68317000,CNY,2014-01-01,2014-12-31,2017-04-26,20-F,0001104659-17-026157,2016,FY,https://data.sec.gov/api/xbrl/companyfacts/CIK0001597835.json,2026-10-10T12:46:56.805193+00:00,A_VERIFIER_IDENTITE_ET_PERIODE
0C9.F,0001597835,NetIncome,NetIncomeLoss,176596000,CNY,2015-01-01,2015-12-31,2016-04-22,20-F,0001104659-16-113518,2015,FY,https://data.sec.gov/api/xbrl/companyfacts/CIK0001597835.json,2026-10-10T12:46:56.805208+00:00,A_VERIFIER_IDENTITE_ET_PERIODE
0C9.F,0001597835,NetIncome,NetIncomeLoss,176347000,CNY,2015-01-01,2015-12-31,2017-04-26,20-F,0001104659-17-026157,2016,FY,https://data.sec.gov/api/xbrl/companyfacts/CIK0001597835.json,2026-10-10T12:46:56.805222+00:00,A_VERIFIER_IDENTITE_ET_PERIODE
0C9.F,0001597835,NetIncome,NetIncomeLoss,176347000,CNY,2015-01-01,2015-12-31,2018-04-24,20-F,0001193125-18-128749,2017,FY,https://data.sec.gov/api/xbrl/companyfacts/CIK0001597835.json,2026-10-10T12:46:56.805236+00:00,A_VERIFIER_IDENTITE_ET_PERIODE
0C9.F,0001597835,NetIncome,NetIncomeLoss,-80525000,CNY,2016-01-01,2016-12-31,2017-04-26,20-F,0001104659-17-026157,2016,FY,https://data.sec.gov/api/xbrl/companyfacts/CIK0001597835.json,2026-10-10T12:46:56.805250+00:00,A_VERIFIER_IDENTITE_ET_PERIODE
0C9.F,0001597835,NetIncome,NetIncomeLoss,-80525000,CNY,2016-01-01,2016-12-31,2018-04-24,20-F,0001193125-18-128749,2017,FY,https://data.sec.gov/api/xbrl/companyfacts/CIK0001597835.json,2026-10-10T12:46:56.805264+00:00,A_VERIFIER_IDENTITE_ET_PERIODE
0C9.F,0001597835,NetIncome,NetIncomeLoss,-80525000,CNY,2016-01-01,2016-12-31,2019-04-26,20-F,0001193125-19-122322,2018,FY,https://data.sec.gov/api/xbrl/companyfacts/CIK0001597835.json,2026-10-10T12:46:56.805279+00:00,A_VERIFIER_IDENTITE_ET_PERIODE
0C9.F,0001597835,NetIncome,NetIncomeLoss,1348194000,CNY,2017-01-01,2017-12-31,2018-04-24,20-F,0001193125-18-128749,2017,FY,https://data.sec.gov/api/xbrl/companyfacts/CIK0001597835.json,2026-10-10T12:46:56.805293+00:00,A_VERIFIER_IDENTITE_ET_PERIODE
0C9.F,0001597835,NetIncome,NetIncomeLoss,1348194000,CNY,2017-01-01,2017-12-31,2019-04-26,20-F,0001193125-19-122322,2018,FY,https://data.sec.gov/api/xbrl/companyfacts/CIK0001597835.json,2026-10-10T12:46:56.805307+00:00,A_VERIFIER_IDENTITE_ET_PERIODE
0C9.F,0001597835,NetIncome,NetIncomeLoss,1348194000,CNY,2017-01-01,2017-12-31,2020-05-15,20-F,0001193125-20-143414,2019,FY,https://data.sec.gov/api/xbrl/companyfacts/CIK0001597835.json,2026-10-10T12:46:56.805321+00:00,A_VERIFIER_IDENTITE_ET_PERIODE
0C9.F,0001597835,NetIncome,NetIncomeLoss,1166909000,CNY,2018-01-01,2018-12-31,2019-04-26,20-F,0001193125-19-122322,2018,FY,https://data.sec.gov/api/xbrl/companyfacts/CIK0001597835.json,2026-10-10T12:46:56.805335+00:00,A_VERIFIER_IDENTITE_ET_PERIODE
0C9.F,0001597835,NetIncome,NetIncomeLoss,1166909000,CNY,2018-01-01,2018-12-31,2020-05-15,20-F,0001193125-20-143414,2019,FY,https://data.sec.gov/api/xbrl/companyfacts/CIK0001597835.json,2026-10-10T12:46:56.805349+00:00,A_VERIFIER_IDENTITE_ET_PERIODE
0C9.F,0001597835,NetIncome,NetIncomeLoss,1166909000,CNY,2018-01-01,2018-12-31,2021-05-14,20-F,0001193125-21-162007,2020,FY,https://data.sec.gov/api/xbrl/companyfacts/CIK0001597835.json,2026-10-10T12:46:56.805364+00:00,A_VERIFIER_IDENTITE_ET_PERIODE
0C9.F,0001597835,NetIncome,NetIncomeLoss,-313977000,CNY,2019-01-01,2019-12-31,2020-05-15,20-F,0001193125-20-143414,2019,FY,https://data.sec.gov/api/xbrl/companyfacts/CIK0001597835.json,2026-10-10T12:46:56.805378+00:00,A_VERIFIER_IDENTITE_ET_PERIODE
0C9.F,0001597835,NetIncome,NetIncomeLoss,-313977000,CNY,2019-01-01,2019-12-31,2021-05-14,20-F,0001193125-21-162007,2020,FY,https://data.sec.gov/api/xbrl/companyfacts/CIK0001597835.json,2026-10-10T12:46:56.805392+00:00,A_VERIFIER_IDENTITE_ET_PERIODE
0C9.F,0001597835,NetIncome,NetIncomeLoss,-313977000,CNY,2019-01-01,2019-12-31,2022-07-26,20-F,0001193125-22-201423,2021,FY,https://data.sec.gov/api/xbrl/companyfacts/CIK0001597835.json,2026-10-10T12:46:56.805406+00:00,A_VERIFIER_IDENTITE_ET_PERIODE
0C9.F,0001597835,NetIncome,NetIncomeLoss,416732000,CNY,2020-01-01,2020-12-31,2021-05-14,20-F,0001193125-21-162007,2020,FY,https://data.sec.gov/api/xbrl/companyfacts/CIK0001597835.json,2026-10-10T12:46:56.805420+00:00,A_VERIFIER_IDENTITE_ET_PERIODE
0C9.F,0001597835,NetIncome,NetIncomeLoss,416732000,CNY,2020-01-01,2020-12-31,2022-07-26,20-F,0001193125-22-201423,2021,FY,https://data.sec.gov/api/xbrl/companyfacts/CIK0001597835.json,2026-10-10T12:46:56.805434+00:00,A_VERIFIER_IDENTITE_ET_PERIODE
0C9.F,0001597835,NetIncome,NetIncomeLoss,416732000,CNY,2020-01-01,2020-12-31,2023-04-18,20-F,0000950170-23-013158,2022,FY,https://data.sec.gov/api/xbrl/companyfacts/CIK0001597835.json,2026-10-10T12:46:56.805448+00:00,A_VERIFIER_IDENTITE_ET_PERIODE
0C9.F,0001597835,NetIncome,NetIncomeLoss,-351126000,CNY,2021-01-01,2021-12-31,2022-07-26,20-F,0001193125-22-201423,2021,FY,https://data.sec.gov/api/xbrl/companyfacts/CIK0001597835.json,2026-10-10T12:46:56.805462+00:00,A_VERIFIER_IDENTITE_ET_PERIODE
0C9.F,0001597835,NetIncome,NetIncomeLoss,-351126000,CNY,2021-01-01,2021-12-31,2023-04-18,20-F,0000950170-23-013158,2022,FY,https://data.sec.gov/api/xbrl/companyfacts/CIK0001597835.json,2026-10-10T12:46:56.805476+00:00,A_VERIFIER_IDENTITE_ET_PERIODE
0C9.F,0001597835,NetIncome,NetIncomeLoss,-351126000,CNY,2021-01-01,2021-12-31,2024-04-18,20-F,0000950170-24-045305,2023,FY,https://data.sec.gov/api/xbrl/companyfacts/CIK0001597835.json,2026-10-10T12:46:56.805491+00:00,A_VERIFIER_IDENTITE_ET_PERIODE
0C9.F,0001597835,NetIncome,NetIncomeLoss,-513475000,CNY,2022-01-01,2022-12-31,2023-04-18,20-F,0000950170-23-013158,2022,FY,https://data.sec.gov/api/xbrl/companyfacts/CIK0001597835.json,2026-10-10T12:46:56.805506+00:00,A_VERIFIER_IDENTITE_ET_PERIODE
0C9.F,0001597835,NetIncome,NetIncomeLoss,-513475000,CNY,2022-01-01,2022-12-31,2024-04-18,20-F,0000950170-24-045305,2023,FY,https://data.sec.gov/api/xbrl/companyfacts/CIK0001597835.json,2026-10-10T12:46:56.805519+00:00,A_VERIFIER_IDENTITE_ET_PERIODE
0C9.F,0001597835,NetIncome,NetIncomeLoss,-513475000,CNY,2022-01-01,2022-12-31,2025-04-15,20-F,0000950170-25-053935,2024,FY,https://data.sec.gov/api/xbrl/companyfacts/CIK0001597835.json,2026-10-10T12:46:56.805534+00:00,A_VERIFIER_IDENTITE_ET_PERIODE
0C9.F,0001597835,NetIncome,NetIncomeLoss,-602898000,CNY,2023-01-01,2023-12-31,2024-04-18,20-F,0000950170-24-045305,2023,FY,https://data.sec.gov/api/xbrl/companyfacts/CIK0001597835.json,2026-10-10T12:46:56.805547+00:00,A_VERIFIER_IDENTITE_ET_PERIODE
0C9.F,0001597835,NetIncome,NetIncomeLoss,-602898000,CNY,2023-01-01,2023-12-31,2025-04-15,20-F,0000950170-25-053935,2024,FY,https://data.sec.gov/api/xbrl/companyfacts/CIK0001597835.json,2026-10-10T12:46:56.805561+00:00,A_VERIFIER_IDENTITE_ET_PERIODE
0C9.F,0001597835,NetIncome,NetIncomeLoss,-602898000,CNY,2023-01-01,2023-12-31,2026-04-23,20-F,0001193125-26-171821,2025,FY,https://data.sec.gov/api/xbrl/companyfacts/CIK0001597835.json,2026-10-10T12:46:56.805575+00:00,A_VERIFIER_IDENTITE_ET_PERIODE
0C9.F,0001597835,NetIncome,NetIncomeLoss,-617557000,CNY,2024-01-01,2024-12-31,2025-04-15,20-F,0000950170-25-053935,2024,FY,https://data.sec.gov/api/xbrl/companyfacts/CIK0001597835.json,2026-10-10T12:46:56.805590+00:00,A_VERIFIER_IDENTITE_ET_PERIODE
0C9.F,0001597835,NetIncome,NetIncomeLoss,-617557000,CNY,2024-01-01,2024-12-31,2026-04-23,20-F,0001193125-26-171821,2025,FY,https://data.sec.gov/api/xbrl/companyfacts/CIK0001597835.json,2026-10-10T12:46:56.805604+00:00,A_VERIFIER_IDENTITE_ET_PERIODE
0C9.F,0001597835,NetIncome,NetIncomeLoss,-257713000,CNY,2025-01-01,2025-12-31,2026-04-23,20-F,0001193125-26-171821,2025,FY,https://data.sec.gov/api/xbrl/companyfacts/CIK0001597835.json,2026-10-10T12:46:56.805619+00:00,A_VERIFIER_IDENTITE_ET_PERIODE
0C9.F,0001597835,NetIncome,NetIncomeLoss,10950000,USD,2014-01-01,2014-12-31,2015-04-30,20-F,0001104659-15-031909,2014,FY,https://data.sec.gov/api/xbrl/companyfacts/CIK0001597835.json,2026-10-10T12:46:56.805633+00:00,A_VERIFIER_IDENTITE_ET_PERIODE
0C9.F,0001597835,NetIncome,NetIncomeLoss,27261000,USD,2015-01-01,2015-12-31,2016-04-22,20-F,0001104659-16-113518,2015,FY,https://data.sec.gov/api/xbrl/companyfacts/CIK0001597835.json,2026-10-10T12:46:56.805647+00:00,A_VERIFIER_IDENTITE_ET_PERIODE
0C9.F,0001597835,NetIncome,NetIncomeLoss,-11598000,USD,2016-01-01,2016-12-31,2017-04-26,20-F,0001104659-17-026157,2016,FY,https://data.sec.gov/api/xbrl/companyfacts/CIK0001597835.json,2026-10-10T12:46:56.805662+00:00,A_VERIFIER_IDENTITE_ET_PERIODE
0C9.F,0001597835,NetIncome,NetIncomeLoss,207213000,USD,2017-01-01,2017-12-31,2018-04-24,20-F,0001193125-18-128749,2017,FY,https://data.sec.gov/api/xbrl/companyfacts/CIK0001597835.json,2026-10-10T12:46:56.805676+00:00,A_VERIFIER_IDENTITE_ET_PERIODE
0C9.F,0001597835,NetIncome,NetIncomeLoss,169720000,USD,2018-01-01,2018-12-31,2019-04-26,20-F,0001193125-19-122322,2018,FY,https://data.sec.gov/api/xbrl/companyfacts/CIK0001597835.json,2026-10-10T12:46:56.805690+00:00,A_VERIFIER_IDENTITE_ET_PERIODE
0C9.F,0001597835,NetIncome,NetIncomeLoss,-45101000,USD,2019-01-01,2019-12-31,2020-05-15,20-F,0001193125-20-143414,2019,FY,https://data.sec.gov/api/xbrl/companyfacts/CIK0001597835.json,2026-10-10T12:46:56.805704+00:00,A_VERIFIER_IDENTITE_ET_PERIODE
0C9.F,0001597835,NetIncome,NetIncomeLoss,63866000,USD,2020-01-01,2020-12-31,2021-05-14,20-F,0001193125-21-162007,2020,FY,https://data.sec.gov/api/xbrl/companyfacts/CIK0001597835.json,2026-10-10T12:46:56.805718+00:00,A_VERIFIER_IDENTITE_ET_PERIODE
0C9.F,0001597835,NetIncome,NetIncomeLoss,-55101000,USD,2021-01-01,2021-12-31,2022-07-26,20-F,0001193125-22-201423,2021,FY,https://data.sec.gov/api/xbrl/companyfacts/CIK0001597835.json,2026-10-10T12:46:56.805732+00:00,A_VERIFIER_IDENTITE_ET_PERIODE
0C9.F,0001597835,NetIncome,NetIncomeLoss,-74446000,USD,2022-01-01,2022-12-31,2023-04-18,20-F,0000950170-23-013158,2022,FY,https://data.sec.gov/api/xbrl/companyfacts/CIK0001597835.json,2026-10-10T12:46:56.805746+00:00,A_VERIFIER_IDENTITE_ET_PERIODE
0C9.F,0001597835,NetIncome,NetIncomeLoss,-84916000,USD,2023-01-01,2023-12-31,2024-04-18,20-F,0000950170-24-045305,2023,FY,https://data.sec.gov/api/xbrl/companyfacts/CIK0001597835.json,2026-10-10T12:46:56.805760+00:00,A_VERIFIER_IDENTITE_ET_PERIODE
0C9.F,0001597835,NetIncome,NetIncomeLoss,-84604000,USD,2024-01-01,2024-12-31,2025-04-15,20-F,0000950170-25-053935,2024,FY,https://data.sec.gov/api/xbrl/companyfacts/CIK0001597835.json,2026-10-10T12:46:56.805774+00:00,A_VERIFIER_IDENTITE_ET_PERIODE
0C9.F,0001597835,NetIncome,NetIncomeLoss,-36851000,USD,2025-01-01,2025-12-31,2026-04-23,20-F,0001193125-26-171821,2025,FY,https://data.sec.gov/api/xbrl/companyfacts/CIK0001597835.json,2026-10-10T12:46:56.805789+00:00,A_VERIFIER_IDENTITE_ET_PERIODE
0C9.F,0001597835,OperatingCashFlow,NetCashProvidedByUsedInOperatingActivities,393586000,CNY,2016-01-01,2016-12-31,2019-04-26,20-F,0001193125-19-122322,2018,FY,https://data.sec.gov/api/xbrl/companyfacts/CIK0001597835.json,2026-10-10T12:46:56.805805+00:00,A_VERIFIER_IDENTITE_ET_PERIODE
0C9.F,0001597835,OperatingCashFlow,NetCashProvidedByUsedInOperatingActivities,625588000,CNY,2017-01-01,2017-12-31,2019-04-26,20-F,0001193125-19-122322,2018,FY,https://data.sec.gov/api/xbrl/companyfacts/CIK0001597835.json,2026-10-10T12:46:56.805820+00:00,A_VERIFIER_IDENTITE_ET_PERIODE
0C9.F,0001597835,OperatingCashFlow,NetCashProvidedByUsedInOperatingActivities,625588000,CNY,2017-01-01,2017-12-31,2020-05-15,20-F,0001193125-20-143414,2019,FY,https://data.sec.gov/api/xbrl/companyfacts/CIK0001597835.json,2026-10-10T12:46:56.805834+00:00,A_VERIFIER_IDENTITE_ET_PERIODE
0C9.F,0001597835,OperatingCashFlow,NetCashProvidedByUsedInOperatingActivities,345590000,CNY,2018-01-01,2018-12-31,2019-04-26,20-F,0001193125-19-122322,2018,FY,https://data.sec.gov/api/xbrl/companyfacts/CIK0001597835.json,2026-10-10T12:46:56.805848+00:00,A_VERIFIER_IDENTITE_ET_PERIODE
0C9.F,0001597835,OperatingCashFlow,NetCashProvidedByUsedInOperatingActivities,345590000,CNY,2018-01-01,2018-12-31,2020-05-15,20-F,0001193125-20-143414,2019,FY,https://data.sec.gov/api/xbrl/companyfacts/CIK0001597835.json,2026-10-10T12:46:56.805862+00:00,A_VERIFIER_IDENTITE_ET_PERIODE
0C9.F,0001597835,OperatingCashFlow,NetCashProvidedByUsedInOperatingActivities,345590000,CNY,2018-01-01,2018-12-31,2021-05-14,20-F,0001193125-21-162007,2020,FY,https://data.sec.gov/api/xbrl/companyfacts/CIK0001597835.json,2026-10-10T12:46:56.805876+00:00,A_VERIFIER_IDENTITE_ET_PERIODE
0C9.F,0001597835,OperatingCashFlow,NetCashProvidedByUsedInOperatingActivities,-239544000,CNY,2019-01-01,2019-12-31,2020-05-15,20-F,0001193125-20-143414,2019,FY,https://data.sec.gov/api/xbrl/companyfacts/CIK0001597835.json,2026-10-10T12:46:56.805890+00:00,A_VERIFIER_IDENTITE_ET_PERIODE
0C9.F,0001597835,OperatingCashFlow,NetCashProvidedByUsedInOperatingActivities,-239544000,CNY,2019-01-01,2019-12-31,2021-05-14,20-F,0001193125-21-162007,2020,FY,https://data.sec.gov/api/xbrl/companyfacts/CIK0001597835.json,2026-10-10T12:46:56.805904+00:00,A_VERIFIER_IDENTITE_ET_PERIODE
0C9.F,0001597835,OperatingCashFlow,NetCashProvidedByUsedInOperatingActivities,-239544000,CNY,2019-01-01,2019-12-31,2022-07-26,20-F,0001193125-22-201423,2021,FY,https://data.sec.gov/api/xbrl/companyfacts/CIK0001597835.json,2026-10-10T12:46:56.805918+00:00,A_VERIFIER_IDENTITE_ET_PERIODE
0C9.F,0001597835,OperatingCashFlow,NetCashProvidedByUsedInOperatingActivities,-46132000,CNY,2020-01-01,2020-12-31,2021-05-14,20-F,0001193125-21-162007,2020,FY,https://data.sec.gov/api/xbrl/companyfacts/CIK0001597835.json,2026-10-10T12:46:56.805932+00:00,A_VERIFIER_IDENTITE_ET_PERIODE
0C9.F,0001597835,OperatingCashFlow,NetCashProvidedByUsedInOperatingActivities,-46132000,CNY,2020-01-01,2020-12-31,2022-07-26,20-F,0001193125-22-201423,2021,FY,https://data.sec.gov/api/xbrl/companyfacts/CIK0001597835.json,2026-10-10T12:46:56.805945+00:00,A_VERIFIER_IDENTITE_ET_PERIODE
0C9.F,0001597835,OperatingCashFlow,NetCashProvidedByUsedInOperatingActivities,-46132000,CNY,2020-01-01,2020-12-31,2023-04-18,20-F,0000950170-23-013158,2022,FY,https://data.sec.gov/api/xbrl/companyfacts/CIK0001597835.json,2026-10-10T12:46:56.805959+00:00,A_VERIFIER_IDENTITE_ET_PERIODE
0C9.F,0001597835,OperatingCashFlow,NetCashProvidedByUsedInOperatingActivities,102811000,CNY,2021-01-01,2021-12-31,2022-07-26,20-F,0001193125-22-201423,2021,FY,https://data.sec.gov/api/xbrl/companyfacts/CIK0001597835.json,2026-10-10T12:46:56.805973+00:00,A_VERIFIER_IDENTITE_ET_PERIODE
0C9.F,0001597835,OperatingCashFlow,NetCashProvidedByUsedInOperatingActivities,102811000,CNY,2021-01-01,2021-12-31,2023-04-18,20-F,0000950170-23-013158,2022,FY,https://data.sec.gov/api/xbrl/companyfacts/CIK0001597835.json,2026-10-10T12:46:56.805987+00:00,A_VERIFIER_IDENTITE_ET_PERIODE
0C9.F,0001597835,OperatingCashFlow,NetCashProvidedByUsedInOperatingActivities,102811000,CNY,2021-01-01,2021-12-31,2024-04-18,20-F,0000950170-24-045305,2023,FY,https://data.sec.gov/api/xbrl/companyfacts/CIK0001597835.json,2026-10-10T12:46:56.806001+00:00,A_VERIFIER_IDENTITE_ET_PERIODE
0C9.F,0001597835,OperatingCashFlow,NetCashProvidedByUsedInOperatingActivities,-424249000,CNY,2022-01-01,2022-12-31,2023-04-18,20-F,0000950170-23-013158,2022,FY,https://data.sec.gov/api/xbrl/companyfacts/CIK0001597835.json,2026-10-10T12:46:56.806015+00:00,A_VERIFIER_IDENTITE_ET_PERIODE
0C9.F,0001597835,OperatingCashFlow,NetCashProvidedByUsedInOperatingActivities,-424249000,CNY,2022-01-01,2022-12-31,2024-04-18,20-F,0000950170-24-045305,2023,FY,https://data.sec.gov/api/xbrl/companyfacts/CIK0001597835.json,2026-10-10T12:46:56.806029+00:00,A_VERIFIER_IDENTITE_ET_PERIODE
0C9.F,0001597835,OperatingCashFlow,NetCashProvidedByUsedInOperatingActivities,-424249000,CNY,2022-01-01,2022-12-31,2025-04-15,20-F,0000950170-25-053935,2024,FY,https://data.sec.gov/api/xbrl/companyfacts/CIK0001597835.json,2026-10-10T12:46:56.806044+00:00,A_VERIFIER_IDENTITE_ET_PERIODE
0C9.F,0001597835,OperatingCashFlow,NetCashProvidedByUsedInOperatingActivities,550462000,CNY,2023-01-01,2023-12-31,2024-04-18,20-F,0000950170-24-045305,2023,FY,https://data.sec.gov/api/xbrl/companyfacts/CIK0001597835.json,2026-10-10T12:46:56.806058+00:00,A_VERIFIER_IDENTITE_ET_PERIODE
0C9.F,0001597835,OperatingCashFlow,NetCashProvidedByUsedInOperatingActivities,550462000,CNY,2023-01-01,2023-12-31,2025-04-15,20-F,0000950170-25-053935,2024,FY,https://data.sec.gov/api/xbrl/companyfacts/CIK0001597835.json,2026-10-10T12:46:56.806072+00:00,A_VERIFIER_IDENTITE_ET_PERIODE
0C9.F,0001597835,OperatingCashFlow,NetCashProvidedByUsedInOperatingActivities,550462000,CNY,2023-01-01,2023-12-31,2026-04-23,20-F,0001193125-26-171821,2025,FY,https://data.sec.gov/api/xbrl/companyfacts/CIK0001597835.json,2026-10-10T12:46:56.806086+00:00,A_VERIFIER_IDENTITE_ET_PERIODE
0C9.F,0001597835,OperatingCashFlow,NetCashProvidedByUsedInOperatingActivities,-238323000,CNY,2024-01-01,2024-12-31,2025-04-15,20-F,0000950170-25-053935,2024,FY,https://data.sec.gov/api/xbrl/companyfacts/CIK0001597835.json,2026-10-10T12:46:56.806100+00:00,A_VERIFIER_IDENTITE_ET_PERIODE
0C9.F,0001597835,OperatingCashFlow,NetCashProvidedByUsedInOperatingActivities,-238323000,CNY,2024-01-01,2024-12-31,2026-04-23,20-F,0001193125-26-171821,2025,FY,https://data.sec.gov/api/xbrl/companyfacts/CIK0001597835.json,2026-10-10T12:46:56.806114+00:00,A_VERIFIER_IDENTITE_ET_PERIODE
0C9.F,0001597835,OperatingCashFlow,NetCashProvidedByUsedInOperatingActivities,-172256000,CNY,2025-01-01,2025-12-31,2026-04-23,20-F,0001193125-26-171821,2025,FY,https://data.sec.gov/api/xbrl/companyfacts/CIK0001597835.json,2026-10-10T12:46:56.806128+00:00,A_VERIFIER_IDENTITE_ET_PERIODE
0C9.F,0001597835,OperatingCashFlow,NetCashProvidedByUsedInOperatingActivities,50265000,USD,2018-01-01,2018-12-31,2019-04-26,20-F,0001193125-19-122322,2018,FY,https://data.sec.gov/api/xbrl/companyfacts/CIK0001597835.json,2026-10-10T12:46:56.806142+00:00,A_VERIFIER_IDENTITE_ET_PERIODE
0C9.F,0001597835,OperatingCashFlow,NetCashProvidedByUsedInOperatingActivities,-34408000,USD,2019-01-01,2019-12-31,2020-05-15,20-F,0001193125-20-143414,2019,FY,https://data.sec.gov/api/xbrl/companyfacts/CIK0001597835.json,2026-10-10T12:46:56.806156+00:00,A_VERIFIER_IDENTITE_ET_PERIODE
0C9.F,0001597835,OperatingCashFlow,NetCashProvidedByUsedInOperatingActivities,-7071000,USD,2020-01-01,2020-12-31,2021-05-14,20-F,0001193125-21-162007,2020,FY,https://data.sec.gov/api/xbrl/companyfacts/CIK0001597835.json,2026-10-10T12:46:56.806186+00:00,A_VERIFIER_IDENTITE_ET_PERIODE
0C9.F,0001597835,OperatingCashFlow,NetCashProvidedByUsedInOperatingActivities,16133000,USD,2021-01-01,2021-12-31,2022-07-26,20-F,0001193125-22-201423,2021,FY,https://data.sec.gov/api/xbrl/companyfacts/CIK0001597835.json,2026-10-10T12:46:56.806202+00:00,A_VERIFIER_IDENTITE_ET_PERIODE
0C9.F,0001597835,OperatingCashFlow,NetCashProvidedByUsedInOperatingActivities,-61512000,USD,2022-01-01,2022-12-31,2023-04-18,20-F,0000950170-23-013158,2022,FY,https://data.sec.gov/api/xbrl/companyfacts/CIK0001597835.json,2026-10-10T12:46:56.806216+00:00,A_VERIFIER_IDENTITE_ET_PERIODE
0C9.F,0001597835,OperatingCashFlow,NetCashProvidedByUsedInOperatingActivities,77530000,USD,2023-01-01,2023-12-31,2024-04-18,20-F,0000950170-24-045305,2023,FY,https://data.sec.gov/api/xbrl/companyfacts/CIK0001597835.json,2026-10-10T12:46:56.806231+00:00,A_VERIFIER_IDENTITE_ET_PERIODE
0C9.F,0001597835,OperatingCashFlow,NetCashProvidedByUsedInOperatingActivities,-32649000,USD,2024-01-01,2024-12-31,2025-04-15,20-F,0000950170-25-053935,2024,FY,https://data.sec.gov/api/xbrl/companyfacts/CIK0001597835.json,2026-10-10T12:46:56.806245+00:00,A_VERIFIER_IDENTITE_ET_PERIODE
0C9.F,0001597835,OperatingCashFlow,NetCashProvidedByUsedInOperatingActivities,-24631000,USD,2025-01-01,2025-12-31,2026-04-23,20-F,0001193125-26-171821,2025,FY,https://data.sec.gov/api/xbrl/companyfacts/CIK0001597835.json,2026-10-10T12:46:56.806260+00:00,A_VERIFIER_IDENTITE_ET_PERIODE
0C9.F,0001597835,Shares,CommonStockSharesOutstanding,900551482,shares,,2013-12-31,2015-04-30,20-F,0001104659-15-031909,2014,FY,https://data.sec.gov/api/xbrl/companyfacts/CIK0001597835.json,2026-10-10T12:46:56.806276+00:00,A_VERIFIER_IDENTITE_ET_PERIODE
0C9.F,0001597835,Shares,CommonStockSharesOutstanding,0,shares,,2014-12-31,2015-04-30,20-F,0001104659-15-031909,2014,FY,https://data.sec.gov/api/xbrl/companyfacts/CIK0001597835.json,2026-10-10T12:46:56.806290+00:00,A_VERIFIER_IDENTITE_ET_PERIODE
0O9.F,0001744781,Revenues,RevenueFromContractWithCustomerExcludingAssessedTax,354810048,CNY,2016-01-01,2016-12-31,2019-04-25,20-F,0001104659-19-023545,2018,FY,https://data.sec.gov/api/xbrl/companyfacts/CIK0001744781.json,2026-10-10T12:46:57.245598+00:00,A_VERIFIER_IDENTITE_ET_PERIODE
0O9.F,0001744781,Revenues,RevenueFromContractWithCustomerExcludingAssessedTax,769368001,CNY,2017-01-01,2017-12-31,2019-04-25,20-F,0001104659-19-023545,2018,FY,https://data.sec.gov/api/xbrl/companyfacts/CIK0001744781.json,2026-10-10T12:46:57.245621+00:00,A_VERIFIER_IDENTITE_ET_PERIODE
0O9.F,0001744781,Revenues,RevenueFromContractWithCustomerExcludingAssessedTax,769368001,CNY,2017-01-01,2017-12-31,2020-04-24,20-F,0001104659-20-050585,2019,FY,https://data.sec.gov/api/xbrl/companyfacts/CIK0001744781.json,2026-10-10T12:46:57.245635+00:00,A_VERIFIER_IDENTITE_ET_PERIODE
0O9.F,0001744781,Revenues,RevenueFromContractWithCustomerExcludingAssessedTax,1477781304,CNY,2018-01-01,2018-12-31,2019-04-25,20-F,0001104659-19-023545,2018,FY,https://data.sec.gov/api/xbrl/companyfacts/CIK0001744781.json,2026-10-10T12:46:57.245647+00:00,A_VERIFIER_IDENTITE_ET_PERIODE
0O9.F,0001744781,Revenues,RevenueFromContractWithCustomerExcludingAssessedTax,1477781304,CNY,2018-01-01,2018-12-31,2020-04-24,20-F,0001104659-20-050585,2019,FY,https://data.sec.gov/api/xbrl/companyfacts/CIK0001744781.json,2026-10-10T12:46:57.245658+00:00,A_VERIFIER_IDENTITE_ET_PERIODE
0O9.F,0001744781,Revenues,RevenueFromContractWithCustomerExcludingAssessedTax,1477781304,CNY,2018-01-01,2018-12-31,2021-04-09,20-F,0001104659-21-048371,2020,FY,https://data.sec.gov/api/xbrl/companyfacts/CIK0001744781.json,2026-10-10T12:46:57.245670+00:00,A_VERIFIER_IDENTITE_ET_PERIODE
0O9.F,0001744781,Revenues,RevenueFromContractWithCustomerExcludingAssessedTax,2076289101,CNY,2019-01-01,2019-12-31,2020-04-24,20-F,0001104659-20-050585,2019,FY,https://data.sec.gov/api/xbrl/companyfacts/CIK0001744781.json,2026-10-10T12:46:57.245681+00:00,A_VERIFIER_IDENTITE_ET_PERIODE
0O9.F,0001744781,Revenues,RevenueFromContractWithCustomerExcludingAssessedTax,2076289101,CNY,2019-01-01,2019-12-31,2021-04-09,20-F,0001104659-21-048371,2020,FY,https://data.sec.gov/api/xbrl/companyfacts/CIK0001744781.json,2026-10-10T12:46:57.245693+00:00,A_VERIFIER_IDENTITE_ET_PERIODE
0O9.F,0001744781,Revenues,RevenueFromContractWithCustomerExcludingAssessedTax,2076289101,CNY,2019-01-01,2019-12-31,2022-04-27,20-F,0001104659-22-051148,2021,FY,https://data.sec.gov/api/xbrl/companyfacts/CIK0001744781.json,2026-10-10T12:46:57.245705+00:00,A_VERIFIER_IDENTITE_ET_PERIODE
0O9.F,0001744781,Revenues,RevenueFromContractWithCustomerExcludingAssessedTax,2444328764,CNY,2020-01-01,2020-12-31,2021-04-09,20-F,0001104659-21-048371,2020,FY,https://data.sec.gov/api/xbrl/companyfacts/CIK0001744781.json,2026-10-10T12:46:57.245716+00:00,A_VERIFIER_IDENTITE_ET_PERIODE
0O9.F,0001744781,Revenues,RevenueFromContractWithCustomerExcludingAssessedTax,2444328764,CNY,2020-01-01,2020-12-31,2022-04-27,20-F,0001104659-22-051148,2021,FY,https://data.sec.gov/api/xbrl/companyfacts/CIK0001744781.json,2026-10-10T12:46:57.245727+00:00,A_VERIFIER_IDENTITE_ET_PERIODE
0O9.F,0001744781,Revenues,RevenueFromContractWithCustomerExcludingAssessedTax,2444328764,CNY,2020-01-01,2020-12-31,2023-04-21,20-F,0001104659-23-047988,2022,FY,https://data.sec.gov/api/xbrl/companyfacts/CIK0001744781.json,2026-10-10T12:46:57.245740+00:00,A_VERIFIER_IDENTITE_ET_PERIODE
0O9.F,0001744781,Revenues,RevenueFromContractWithCustomerExcludingAssessedTax,3704537419,CNY,2021-01-01,2021-12-31,2022-04-27,20-F,0001104659-22-051148,2021,FY,https://data.sec.gov/api/xbrl/companyfacts/CIK0001744781.json,2026-10-10T12:46:57.245752+00:00,A_VERIFIER_IDENTITE_ET_PERIODE
0O9.F,0001744781,Revenues,RevenueFromContractWithCustomerExcludingAssessedTax,3704537419,CNY,2021-01-01,2021-12-31,2023-04-21,20-F,0001104659-23-047988,2022,FY,https://data.sec.gov/api/xbrl/companyfacts/CIK0001744781.json,2026-10-10T12:46:57.245763+00:00,A_VERIFIER_IDENTITE_ET_PERIODE
0O9.F,0001744781,Revenues,RevenueFromContractWithCustomerExcludingAssessedTax,3704537419,CNY,2021-01-01,2021-12-31,2024-04-24,20-F,0001104659-24-050776,2023,FY,https://data.sec.gov/api/xbrl/companyfacts/CIK0001744781.json,2026-10-10T12:46:57.245775+00:00,A_VERIFIER_IDENTITE_ET_PERIODE
0O9.F,0001744781,Revenues,RevenueFromContractWithCustomerExcludingAssessedTax,3168597334,CNY,2022-01-01,2022-12-31,2023-04-21,20-F,0001104659-23-047988,2022,FY,https://data.sec.gov/api/xbrl/companyfacts/CIK0001744781.json,2026-10-10T12:46:57.245787+00:00,A_VERIFIER_IDENTITE_ET_PERIODE
0O9.F,0001744781,Revenues,RevenueFromContractWithCustomerExcludingAssessedTax,3168597334,CNY,2022-01-01,2022-12-31,2024-04-24,20-F,0001104659-24-050776,2023,FY,https://data.sec.gov/api/xbrl/companyfacts/CIK0001744781.json,2026-10-10T12:46:57.245798+00:00,A_VERIFIER_IDENTITE_ET_PERIODE
0O9.F,0001744781,Revenues,RevenueFromContractWithCustomerExcludingAssessedTax,3168597334,CNY,2022-01-01,2022-12-31,2025-04-18,20-F,0001410578-25-000798,2024,FY,https://data.sec.gov/api/xbrl/companyfacts/CIK0001744781.json,2026-10-10T12:46:57.245809+00:00,A_VERIFIER_IDENTITE_ET_PERIODE
0O9.F,0001744781,Revenues,RevenueFromContractWithCustomerExcludingAssessedTax,2651757646,CNY,2023-01-01,2023-12-31,2024-04-24,20-F,0001104659-24-050776,2023,FY,https://data.sec.gov/api/xbrl/companyfacts/CIK0001744781.json,2026-10-10T12:46:57.245821+00:00,A_VERIFIER_IDENTITE_ET_PERIODE
0O9.F,0001744781,Revenues,RevenueFromContractWithCustomerExcludingAssessedTax,2651757646,CNY,2023-01-01,2023-12-31,2025-04-18,20-F,0001410578-25-000798,2024,FY,https://data.sec.gov/api/xbrl/companyfacts/CIK0001744781.json,2026-10-10T12:46:57.245832+00:00,A_VERIFIER_IDENTITE_ET_PERIODE
0O9.F,0001744781,Revenues,RevenueFromContractWithCustomerExcludingAssessedTax,2651757646,CNY,2023-01-01,2023-12-31,2026-04-17,20-F,0001104659-26-044568,2025,FY,https://data.sec.gov/api/xbrl/companyfacts/CIK0001744781.json,2026-10-10T12:46:57.245844+00:00,A_VERIFIER_IDENTITE_ET_PERIODE
0O9.F,0001744781,Revenues,RevenueFromContractWithCustomerExcludingAssessedTax,3288296344,CNY,2024-01-01,2024-12-31,2025-04-18,20-F,0001410578-25-000798,2024,FY,https://data.sec.gov/api/xbrl/companyfacts/CIK0001744781.json,2026-10-10T12:46:57.245855+00:00,A_VERIFIER_IDENTITE_ET_PERIODE
0O9.F,0001744781,Revenues,RevenueFromContractWithCustomerExcludingAssessedTax,3288296344,CNY,2024-01-01,2024-12-31,2026-04-17,20-F,0001104659-26-044568,2025,FY,https://data.sec.gov/api/xbrl/companyfacts/CIK0001744781.json,2026-10-10T12:46:57.245867+00:00,A_VERIFIER_IDENTITE_ET_PERIODE
0O9.F,0001744781,Revenues,RevenueFromContractWithCustomerExcludingAssessedTax,4307865498,CNY,2025-01-01,2025-12-31,2026-04-17,20-F,0001104659-26-044568,2025,FY,https://data.sec.gov/api/xbrl/companyfacts/CIK0001744781.json,2026-10-10T12:46:57.245878+00:00,A_VERIFIER_IDENTITE_ET_PERIODE
0O9.F,0001744781,Revenues,RevenueFromContractWithCustomerExcludingAssessedTax,214934376,USD,2018-01-01,2018-12-31,2019-04-25,20-F,0001104659-19-023545,2018,FY,https://data.sec.gov/api/xbrl/companyfacts/CIK0001744781.json,2026-10-10T12:46:57.245890+00:00,A_VERIFIER_IDENTITE_ET_PERIODE
0O9.F,0001744781,Revenues,RevenueFromContractWithCustomerExcludingAssessedTax,298240268,USD,2019-01-01,2019-12-31,2020-04-24,20-F,0001104659-20-050585,2019,FY,https://data.sec.gov/api/xbrl/companyfacts/CIK0001744781.json,2026-10-10T12:46:57.245901+00:00,A_VERIFIER_IDENTITE_ET_PERIODE
0O9.F,0001744781,Revenues,RevenueFromContractWithCustomerExcludingAssessedTax,374609772,USD,2020-01-01,2020-12-31,2021-04-09,20-F,0001104659-21-048371,2020,FY,https://data.sec.gov/api/xbrl/companyfacts/CIK0001744781.json,2026-10-10T12:46:57.245913+00:00,A_VERIFIER_IDENTITE_ET_PERIODE
0O9.F,0001744781,Revenues,RevenueFromContractWithCustomerExcludingAssessedTax,581322760,USD,2021-01-01,2021-12-31,2022-04-27,20-F,0001104659-22-051148,2021,FY,https://data.sec.gov/api/xbrl/companyfacts/CIK0001744781.json,2026-10-10T12:46:57.245924+00:00,A_VERIFIER_IDENTITE_ET_PERIODE
0O9.F,0001744781,Revenues,RevenueFromContractWithCustomerExcludingAssessedTax,459403430,USD,2022-01-01,2022-12-31,2023-04-21,20-F,0001104659-23-047988,2022,FY,https://data.sec.gov/api/xbrl/companyfacts/CIK0001744781.json,2026-10-10T12:46:57.245936+00:00,A_VERIFIER_IDENTITE_ET_PERIODE
0O9.F,0001744781,Revenues,RevenueFromContractWithCustomerExcludingAssessedTax,373492253,USD,2023-01-01,2023-12-31,2024-04-24,20-F,0001104659-24-050776,2023,FY,https://data.sec.gov/api/xbrl/companyfacts/CIK0001744781.json,2026-10-10T12:46:57.245947+00:00,A_VERIFIER_IDENTITE_ET_PERIODE
0O9.F,0001744781,Revenues,RevenueFromContractWithCustomerExcludingAssessedTax,450494752,USD,2024-01-01,2024-12-31,2025-04-18,20-F,0001410578-25-000798,2024,FY,https://data.sec.gov/api/xbrl/companyfacts/CIK0001744781.json,2026-10-10T12:46:57.245959+00:00,A_VERIFIER_IDENTITE_ET_PERIODE
0O9.F,0001744781,Revenues,RevenueFromContractWithCustomerExcludingAssessedTax,616016573,USD,2025-01-01,2025-12-31,2026-04-17,20-F,0001104659-26-044568,2025,FY,https://data.sec.gov/api/xbrl/companyfacts/CIK0001744781.json,2026-10-10T12:46:57.245970+00:00,A_VERIFIER_IDENTITE_ET_PERIODE
0O9.F,0001744781,Cash,CashAndCashEquivalentsAtCarryingValue,227004137,CNY,,2020-12-31,2022-04-27,20-F,0001104659-22-051148,2021,FY,https://data.sec.gov/api/xbrl/companyfacts/CIK0001744781.json,2026-10-10T12:46:57.245984+00:00,A_VERIFIER_IDENTITE_ET_PERIODE
0O9.F,0001744781,Cash,CashAndCashEquivalentsAtCarryingValue,208373759,CNY,,2021-12-31,2022-04-27,20-F,0001104659-22-051148,2021,FY,https://data.sec.gov/api/xbrl/companyfacts/CIK0001744781.json,2026-10-10T12:46:57.245996+00:00,A_VERIFIER_IDENTITE_ET_PERIODE
0O9.F,0001744781,Cash,CashAndCashEquivalentsAtCarryingValue,208373759,CNY,,2021-12-31,2023-04-21,20-F,0001104659-23-047988,2022,FY,https://data.sec.gov/api/xbrl/companyfacts/CIK0001744781.json,2026-10-10T12:46:57.246007+00:00,A_VERIFIER_IDENTITE_ET_PERIODE
0O9.F,0001744781,Cash,CashAndCashEquivalentsAtCarryingValue,534286849,CNY,,2022-12-31,2023-04-21,20-F,0001104659-23-047988,2022,FY,https://data.sec.gov/api/xbrl/companyfacts/CIK0001744781.json,2026-10-10T12:46:57.246018+00:00,A_VERIFIER_IDENTITE_ET_PERIODE
0O9.F,0001744781,Cash,CashAndCashEquivalentsAtCarryingValue,534286849,CNY,,2022-12-31,2024-04-24,20-F,0001104659-24-050776,2023,FY,https://data.sec.gov/api/xbrl/companyfacts/CIK0001744781.json,2026-10-10T12:46:57.246030+00:00,A_VERIFIER_IDENTITE_ET_PERIODE
0O9.F,0001744781,Cash,CashAndCashEquivalentsAtCarryingValue,872573460,CNY,,2023-12-31,2024-04-24,20-F,0001104659-24-050776,2023,FY,https://data.sec.gov/api/xbrl/companyfacts/CIK0001744781.json,2026-10-10T12:46:57.246041+00:00,A_VERIFIER_IDENTITE_ET_PERIODE
0O9.F,0001744781,Cash,CashAndCashEquivalentsAtCarryingValue,872573460,CNY,,2023-12-31,2025-04-18,20-F,0001410578-25-000798,2024,FY,https://data.sec.gov/api/xbrl/companyfacts/CIK0001744781.json,2026-10-10T12:46:57.246053+00:00,A_VERIFIER_IDENTITE_ET_PERIODE
0O9.F,0001744781,Cash,CashAndCashEquivalentsAtCarryingValue,630021303,CNY,,2024-12-31,2025-04-18,20-F,0001410578-25-000798,2024,FY,https://data.sec.gov/api/xbrl/companyfacts/CIK0001744781.json,2026-10-10T12:46:57.246064+00:00,A_VERIFIER_IDENTITE_ET_PERIODE
0O9.F,0001744781,Cash,CashAndCashEquivalentsAtCarryingValue,630021303,CNY,,2024-12-31,2026-04-17,20-F,0001104659-26-044568,2025,FY,https://data.sec.gov/api/xbrl/companyfacts/CIK0001744781.json,2026-10-10T12:46:57.246075+00:00,A_VERIFIER_IDENTITE_ET_PERIODE
0O9.F,0001744781,Cash,CashAndCashEquivalentsAtCarryingValue,924738132,CNY,,2025-12-31,2026-04-17,20-F,0001104659-26-044568,2025,FY,https://data.sec.gov/api/xbrl/companyfacts/CIK0001744781.json,2026-10-10T12:46:57.246086+00:00,A_VERIFIER_IDENTITE_ET_PERIODE
0O9.F,0001744781,Cash,CashAndCashEquivalentsAtCarryingValue,32698390,USD,,2021-12-31,2022-04-27,20-F,0001104659-22-051148,2021,FY,https://data.sec.gov/api/xbrl/companyfacts/CIK0001744781.json,2026-10-10T12:46:57.246098+00:00,A_VERIFIER_IDENTITE_ET_PERIODE
0O9.F,0001744781,Cash,CashAndCashEquivalentsAtCarryingValue,77464311,USD,,2022-12-31,2023-04-21,20-F,0001104659-23-047988,2022,FY,https://data.sec.gov/api/xbrl/companyfacts/CIK0001744781.json,2026-10-10T12:46:57.246110+00:00,A_VERIFIER_IDENTITE_ET_PERIODE
0O9.F,0001744781,Cash,CashAndCashEquivalentsAtCarryingValue,122899401,USD,,2023-12-31,2024-04-24,20-F,0001104659-24-050776,2023,FY,https://data.sec.gov/api/xbrl/companyfacts/CIK0001744781.json,2026-10-10T12:46:57.246121+00:00,A_VERIFIER_IDENTITE_ET_PERIODE
0O9.F,0001744781,Cash,CashAndCashEquivalentsAtCarryingValue,86312565,USD,,2024-12-31,2025-04-18,20-F,0001410578-25-000798,2024,FY,https://data.sec.gov/api/xbrl/companyfacts/CIK0001744781.json,2026-10-10T12:46:57.246133+00:00,A_VERIFIER_IDENTITE_ET_PERIODE
0O9.F,0001744781,Cash,CashAndCashEquivalentsAtCarryingValue,132235794,USD,,2025-12-31,2026-04-17,20-F,0001104659-26-044568,2025,FY,https://data.sec.gov/api/xbrl/companyfacts/CIK0001744781.json,2026-10-10T12:46:57.246144+00:00,A_VERIFIER_IDENTITE_ET_PERIODE
0O9.F,0001744781,Assets,Assets,503631577,CNY,,2017-12-31,2019-04-25,20-F,0001104659-19-023545,2018,FY,https://data.sec.gov/api/xbrl/companyfacts/CIK0001744781.json,2026-10-10T12:46:57.246157+00:00,A_VERIFIER_IDENTITE_ET_PERIODE
0O9.F,0001744781,Assets,Assets,1185251799,CNY,,2018-12-31,2019-04-25,20-F,0001104659-19-023545,2018,FY,https://data.sec.gov/api/xbrl/companyfacts/CIK0001744781.json,2026-10-10T12:46:57.246188+00:00,A_VERIFIER_IDENTITE_ET_PERIODE
0O9.F,0001744781,Assets,Assets,1185251799,CNY,,2018-12-31,2020-04-24,20-F,0001104659-20-050585,2019,FY,https://data.sec.gov/api/xbrl/companyfacts/CIK0001744781.json,2026-10-10T12:46:57.246200+00:00,A_VERIFIER_IDENTITE_ET_PERIODE
0O9.F,0001744781,Assets,Assets,1510839608,CNY,,2019-12-31,2020-04-24,20-F,0001104659-20-050585,2019,FY,https://data.sec.gov/api/xbrl/companyfacts/CIK0001744781.json,2026-10-10T12:46:57.246212+00:00,A_VERIFIER_IDENTITE_ET_PERIODE
0O9.F,0001744781,Assets,Assets,1510839608,CNY,,2019-12-31,2021-04-09,20-F,0001104659-21-048371,2020,FY,https://data.sec.gov/api/xbrl/companyfacts/CIK0001744781.json,2026-10-10T12:46:57.246224+00:00,A_VERIFIER_IDENTITE_ET_PERIODE
0O9.F,0001744781,Assets,Assets,1846809383,CNY,,2020-12-31,2021-04-09,20-F,0001104659-21-048371,2020,FY,https://data.sec.gov/api/xbrl/companyfacts/CIK0001744781.json,2026-10-10T12:46:57.246235+00:00,A_VERIFIER_IDENTITE_ET_PERIODE
0O9.F,0001744781,Assets,Assets,1846809383,CNY,,2020-12-31,2022-04-27,20-F,0001104659-22-051148,2021,FY,https://data.sec.gov/api/xbrl/companyfacts/CIK0001744781.json,2026-10-10T12:46:57.246247+00:00,A_VERIFIER_IDENTITE_ET_PERIODE
0O9.F,0001744781,Assets,Assets,2441213413,CNY,,2021-12-31,2022-04-27,20-F,0001104659-22-051148,2021,FY,https://data.sec.gov/api/xbrl/companyfacts/CIK0001744781.json,2026-10-10T12:46:57.246258+00:00,A_VERIFIER_IDENTITE_ET_PERIODE
0O9.F,0001744781,Assets,Assets,2441213413,CNY,,2021-12-31,2023-04-21,20-F,0001104659-23-047988,2022,FY,https://data.sec.gov/api/xbrl/companyfacts/CIK0001744781.json,2026-10-10T12:46:57.246269+00:00,A_VERIFIER_IDENTITE_ET_PERIODE
0O9.F,0001744781,Assets,Assets,2536697854,CNY,,2022-12-31,2023-04-21,20-F,0001104659-23-047988,2022,FY,https://data.sec.gov/api/xbrl/companyfacts/CIK0001744781.json,2026-10-10T12:46:57.246281+00:00,A_VERIFIER_IDENTITE_ET_PERIODE
0O9.F,0001744781,Assets,Assets,2536697854,CNY,,2022-12-31,2024-04-24,20-F,0001104659-24-050776,2023,FY,https://data.sec.gov/api/xbrl/companyfacts/CIK0001744781.json,2026-10-10T12:46:57.246292+00:00,A_VERIFIER_IDENTITE_ET_PERIODE
0O9.F,0001744781,Assets,Assets,2189331649,CNY,,2023-12-31,2024-04-24,20-F,0001104659-24-050776,2023,FY,https://data.sec.gov/api/xbrl/companyfacts/CIK0001744781.json,2026-10-10T12:46:57.246304+00:00,A_VERIFIER_IDENTITE_ET_PERIODE
0O9.F,0001744781,Assets,Assets,2189331649,CNY,,2023-12-31,2025-04-18,20-F,0001410578-25-000798,2024,FY,https://data.sec.gov/api/xbrl/companyfacts/CIK0001744781.json,2026-10-10T12:46:57.246316+00:00,A_VERIFIER_IDENTITE_ET_PERIODE
0O9.F,0001744781,Assets,Assets,2613158167,CNY,,2024-12-31,2025-04-18,20-F,0001410578-25-000798,2024,FY,https://data.sec.gov/api/xbrl/companyfacts/CIK0001744781.json,2026-10-10T12:46:57.246328+00:00,A_VERIFIER_IDENTITE_ET_PERIODE
0O9.F,0001744781,Assets,Assets,2613158167,CNY,,2024-12-31,2026-04-17,20-F,0001104659-26-044568,2025,FY,https://data.sec.gov/api/xbrl/companyfacts/CIK0001744781.json,2026-10-10T12:46:57.246339+00:00,A_VERIFIER_IDENTITE_ET_PERIODE
0O9.F,0001744781,Assets,Assets,2950336404,CNY,,2025-12-31,2026-04-17,20-F,0001104659-26-044568,2025,FY,https://data.sec.gov/api/xbrl/companyfacts/CIK0001744781.json,2026-10-10T12:46:57.246351+00:00,A_VERIFIER_IDENTITE_ET_PERIODE
0O9.F,0001744781,Assets,Assets,172387725,USD,,2018-12-31,2019-04-25,20-F,0001104659-19-023545,2018,FY,https://data.sec.gov/api/xbrl/companyfacts/CIK0001744781.json,2026-10-10T12:46:57.246362+00:00,A_VERIFIER_IDENTITE_ET_PERIODE
0O9.F,0001744781,Assets,Assets,217018530,USD,,2019-12-31,2020-04-24,20-F,0001104659-20-050585,2019,FY,https://data.sec.gov/api/xbrl/companyfacts/CIK0001744781.json,2026-10-10T12:46:57.246374+00:00,A_VERIFIER_IDENTITE_ET_PERIODE
0O9.F,0001744781,Assets,Assets,283035922,USD,,2020-12-31,2021-04-09,20-F,0001104659-21-048371,2020,FY,https://data.sec.gov/api/xbrl/companyfacts/CIK0001744781.json,2026-10-10T12:46:57.246385+00:00,A_VERIFIER_IDENTITE_ET_PERIODE
0O9.F,0001744781,Assets,Assets,383079656,USD,,2021-12-31,2022-04-27,20-F,0001104659-22-051148,2021,FY,https://data.sec.gov/api/xbrl/companyfacts/CIK0001744781.json,2026-10-10T12:46:57.246398+00:00,A_VERIFIER_IDENTITE_ET_PERIODE
0O9.F,0001744781,Assets,Assets,367786617,USD,,2022-12-31,2023-04-21,20-F,0001104659-23-047988,2022,FY,https://data.sec.gov/api/xbrl/companyfacts/CIK0001744781.json,2026-10-10T12:46:57.246409+00:00,A_VERIFIER_IDENTITE_ET_PERIODE
0O9.F,0001744781,Assets,Assets,308360914,USD,,2023-12-31,2024-04-24,20-F,0001104659-24-050776,2023,FY,https://data.sec.gov/api/xbrl/companyfacts/CIK0001744781.json,2026-10-10T12:46:57.246421+00:00,A_VERIFIER_IDENTITE_ET_PERIODE
0O9.F,0001744781,Assets,Assets,358001202,USD,,2024-12-31,2025-04-18,20-F,0001410578-25-000798,2024,FY,https://data.sec.gov/api/xbrl/companyfacts/CIK0001744781.json,2026-10-10T12:46:57.246432+00:00,A_VERIFIER_IDENTITE_ET_PERIODE
0O9.F,0001744781,Assets,Assets,421892493,USD,,2025-12-31,2026-04-17,20-F,0001104659-26-044568,2025,FY,https://data.sec.gov/api/xbrl/companyfacts/CIK0001744781.json,2026-10-10T12:46:57.246444+00:00,A_VERIFIER_IDENTITE_ET_PERIODE
0O9.F,0001744781,Liabilities,Liabilities,591022538,CNY,,2017-12-31,2019-04-25,20-F,0001104659-19-023545,2018,FY,https://data.sec.gov/api/xbrl/companyfacts/CIK0001744781.json,2026-10-10T12:46:57.246457+00:00,A_VERIFIER_IDENTITE_ET_PERIODE
0O9.F,0001744781,Liabilities,Liabilities,614844753,CNY,,2018-12-31,2019-04-25,20-F,0001104659-19-023545,2018,FY,https://data.sec.gov/api/xbrl/companyfacts/CIK0001744781.json,2026-10-10T12:46:57.246468+00:00,A_VERIFIER_IDENTITE_ET_PERIODE
0O9.F,0001744781,Liabilities,Liabilities,614844753,CNY,,2018-12-31,2020-04-24,20-F,0001104659-20-050585,2019,FY,https://data.sec.gov/api/xbrl/companyfacts/CIK0001744781.json,2026-10-10T12:46:57.246480+00:00,A_VERIFIER_IDENTITE_ET_PERIODE
0O9.F,0001744781,Liabilities,Liabilities,719309388,CNY,,2019-12-31,2020-04-24,20-F,0001104659-20-050585,2019,FY,https://data.sec.gov/api/xbrl/companyfacts/CIK0001744781.json,2026-10-10T12:46:57.246492+00:00,A_VERIFIER_IDENTITE_ET_PERIODE
0O9.F,0001744781,Liabilities,Liabilities,719309388,CNY,,2019-12-31,2021-04-09,20-F,0001104659-21-048371,2020,FY,https://data.sec.gov/api/xbrl/companyfacts/CIK0001744781.json,2026-10-10T12:46:57.246503+00:00,A_VERIFIER_IDENTITE_ET_PERIODE
0O9.F,0001744781,Liabilities,Liabilities,853435139,CNY,,2020-12-31,2021-04-09,20-F,0001104659-21-048371,2020,FY,https://data.sec.gov/api/xbrl/companyfacts/CIK0001744781.json,2026-10-10T12:46:57.246515+00:00,A_VERIFIER_IDENTITE_ET_PERIODE
0O9.F,0001744781,Liabilities,Liabilities,853435139,CNY,,2020-12-31,2022-04-27,20-F,0001104659-22-051148,2021,FY,https://data.sec.gov/api/xbrl/companyfacts/CIK0001744781.json,2026-10-10T12:46:57.246526+00:00,A_VERIFIER_IDENTITE_ET_PERIODE
0O9.F,0001744781,Liabilities,Liabilities,1176659223,CNY,,2021-12-31,2022-04-27,20-F,0001104659-22-051148,2021,FY,https://data.sec.gov/api/xbrl/companyfacts/CIK0001744781.json,2026-10-10T12:46:57.246538+00:00,A_VERIFIER_IDENTITE_ET_PERIODE
0O9.F,0001744781,Liabilities,Liabilities,1176659223,CNY,,2021-12-31,2023-04-21,20-F,0001104659-23-047988,2022,FY,https://data.sec.gov/api/xbrl/companyfacts/CIK0001744781.json,2026-10-10T12:46:57.246549+00:00,A_VERIFIER_IDENTITE_ET_PERIODE
0O9.F,0001744781,Liabilities,Liabilities,1226599977,CNY,,2022-12-31,2023-04-21,20-F,0001104659-23-047988,2022,FY,https://data.sec.gov/api/xbrl/companyfacts/CIK0001744781.json,2026-10-10T12:46:57.246561+00:00,A_VERIFIER_IDENTITE_ET_PERIODE
0O9.F,0001744781,Liabilities,Liabilities,1226599977,CNY,,2022-12-31,2024-04-24,20-F,0001104659-24-050776,2023,FY,https://data.sec.gov/api/xbrl/companyfacts/CIK0001744781.json,2026-10-10T12:46:57.246572+00:00,A_VERIFIER_IDENTITE_ET_PERIODE
0O9.F,0001744781,Liabilities,Liabilities,1095715415,CNY,,2023-12-31,2024-04-24,20-F,0001104659-24-050776,2023,FY,https://data.sec.gov/api/xbrl/companyfacts/CIK0001744781.json,2026-10-10T12:46:57.246584+00:00,A_VERIFIER_IDENTITE_ET_PERIODE
0O9.F,0001744781,Liabilities,Liabilities,1095715415,CNY,,2023-12-31,2025-04-18,20-F,0001410578-25-000798,2024,FY,https://data.sec.gov/api/xbrl/companyfacts/CIK0001744781.json,2026-10-10T12:46:57.246595+00:00,A_VERIFIER_IDENTITE_ET_PERIODE
0O9.F,0001744781,Liabilities,Liabilities,1681875947,CNY,,2024-12-31,2025-04-18,20-F,0001410578-25-000798,2024,FY,https://data.sec.gov/api/xbrl/companyfacts/CIK0001744781.json,2026-10-10T12:46:57.246607+00:00,A_VERIFIER_IDENTITE_ET_PERIODE
0O9.F,0001744781,Liabilities,Liabilities,1681875947,CNY,,2024-12-31,2026-04-17,20-F,0001104659-26-044568,2025,FY,https://data.sec.gov/api/xbrl/companyfacts/CIK0001744781.json,2026-10-10T12:46:57.246618+00:00,A_VERIFIER_IDENTITE_ET_PERIODE
0O9.F,0001744781,Liabilities,Liabilities,2045405100,CNY,,2025-12-31,2026-04-17,20-F,0001104659-26-044568,2025,FY,https://data.sec.gov/api/xbrl/companyfacts/CIK0001744781.json,2026-10-10T12:46:57.246629+00:00,A_VERIFIER_IDENTITE_ET_PERIODE
0O9.F,0001744781,Liabilities,Liabilities,89425461,USD,,2018-12-31,2019-04-25,20-F,0001104659-19-023545,2018,FY,https://data.sec.gov/api/xbrl/companyfacts/CIK0001744781.json,2026-10-10T12:46:57.246641+00:00,A_VERIFIER_IDENTITE_ET_PERIODE
0O9.F,0001744781,Liabilities,Liabilities,103322328,USD,,2019-12-31,2020-04-24,20-F,0001104659-20-050585,2019,FY,https://data.sec.gov/api/xbrl/companyfacts/CIK0001744781.json,2026-10-10T12:46:57.246652+00:00,A_VERIFIER_IDENTITE_ET_PERIODE
0O9.F,0001744781,Liabilities,Liabilities,130794659,USD,,2020-12-31,2021-04-09,20-F,0001104659-21-048371,2020,FY,https://data.sec.gov/api/xbrl/companyfacts/CIK0001744781.json,2026-10-10T12:46:57.246664+00:00,A_VERIFIER_IDENTITE_ET_PERIODE
0O9.F,0001744781,Liabilities,Liabilities,184643508,USD,,2021-12-31,2022-04-27,20-F,0001104659-22-051148,2021,FY,https://data.sec.gov/api/xbrl/companyfacts/CIK0001744781.json,2026-10-10T12:46:57.246676+00:00,A_VERIFIER_IDENTITE_ET_PERIODE
0O9.F,0001744781,Liabilities,Liabilities,177840279,USD,,2022-12-31,2023-04-21,20-F,0001104659-23-047988,2022,FY,https://data.sec.gov/api/xbrl/companyfacts/CIK0001744781.json,2026-10-10T12:46:57.246688+00:00,A_VERIFIER_IDENTITE_ET_PERIODE
0O9.F,0001744781,Liabilities,Liabilities,154328289,USD,,2023-12-31,2024-04-24,20-F,0001104659-24-050776,2023,FY,https://data.sec.gov/api/xbrl/companyfacts/CIK0001744781.json,2026-10-10T12:46:57.246700+00:00,A_VERIFIER_IDENTITE_ET_PERIODE
0O9.F,0001744781,Liabilities,Liabilities,230416061,USD,,2024-12-31,2025-04-18,20-F,0001410578-25-000798,2024,FY,https://data.sec.gov/api/xbrl/companyfacts/CIK0001744781.json,2026-10-10T12:46:57.246711+00:00,A_VERIFIER_IDENTITE_ET_PERIODE
0O9.F,0001744781,Liabilities,Liabilities,292489037,USD,,2025-12-31,2026-04-17,20-F,0001104659-26-044568,2025,FY,https://data.sec.gov/api/xbrl/companyfacts/CIK0001744781.json,2026-10-10T12:46:57.246723+00:00,A_VERIFIER_IDENTITE_ET_PERIODE
0O9.F,0001744781,OperatingIncome,OperatingIncomeLoss,-226460239,CNY,2016-01-01,2016-12-31,2019-04-25,20-F,0001104659-19-023545,2018,FY,https://data.sec.gov/api/xbrl/companyfacts/CIK0001744781.json,2026-10-10T12:46:57.246736+00:00,A_VERIFIER_IDENTITE_ET_PERIODE
0O9.F,0001744781,OperatingIncome,OperatingIncomeLoss,-144271225,CNY,2017-01-01,2017-12-31,2019-04-25,20-F,0001104659-19-023545,2018,FY,https://data.sec.gov/api/xbrl/companyfacts/CIK0001744781.json,2026-10-10T12:46:57.246748+00:00,A_VERIFIER_IDENTITE_ET_PERIODE
0O9.F,0001744781,OperatingIncome,OperatingIncomeLoss,-141825459,CNY,2017-01-01,2017-12-31,2020-04-24,20-F,0001104659-20-050585,2019,FY,https://data.sec.gov/api/xbrl/companyfacts/CIK0001744781.json,2026-10-10T12:46:57.246759+00:00,A_VERIFIER_IDENTITE_ET_PERIODE
0O9.F,0001744781,OperatingIncome,OperatingIncomeLoss,-317447961,CNY,2018-01-01,2018-12-31,2019-04-25,20-F,0001104659-19-023545,2018,FY,https://data.sec.gov/api/xbrl/companyfacts/CIK0001744781.json,2026-10-10T12:46:57.246771+00:00,A_VERIFIER_IDENTITE_ET_PERIODE
0O9.F,0001744781,OperatingIncome,OperatingIncomeLoss,-314406588,CNY,2018-01-01,2018-12-31,2020-04-24,20-F,0001104659-20-050585,2019,FY,https://data.sec.gov/api/xbrl/companyfacts/CIK0001744781.json,2026-10-10T12:46:57.246783+00:00,A_VERIFIER_IDENTITE_ET_PERIODE
0O9.F,0001744781,OperatingIncome,OperatingIncomeLoss,-314406588,CNY,2018-01-01,2018-12-31,2021-04-09,20-F,0001104659-21-048371,2020,FY,https://data.sec.gov/api/xbrl/companyfacts/CIK0001744781.json,2026-10-10T12:46:57.246794+00:00,A_VERIFIER_IDENTITE_ET_PERIODE
0O9.F,0001744781,OperatingIncome,OperatingIncomeLoss,186708900,CNY,2019-01-01,2019-12-31,2020-04-24,20-F,0001104659-20-050585,2019,FY,https://data.sec.gov/api/xbrl/companyfacts/CIK0001744781.json,2026-10-10T12:46:57.246805+00:00,A_VERIFIER_IDENTITE_ET_PERIODE
0O9.F,0001744781,OperatingIncome,OperatingIncomeLoss,186708900,CNY,2019-01-01,2019-12-31,2021-04-09,20-F,0001104659-21-048371,2020,FY,https://data.sec.gov/api/xbrl/companyfacts/CIK0001744781.json,2026-10-10T12:46:57.246817+00:00,A_VERIFIER_IDENTITE_ET_PERIODE
0O9.F,0001744781,OperatingIncome,OperatingIncomeLoss,186708900,CNY,2019-01-01,2019-12-31,2022-04-27,20-F,0001104659-22-051148,2021,FY,https://data.sec.gov/api/xbrl/companyfacts/CIK0001744781.json,2026-10-10T12:46:57.246828+00:00,A_VERIFIER_IDENTITE_ET_PERIODE
0O9.F,0001744781,OperatingIncome,OperatingIncomeLoss,170634446,CNY,2020-01-01,2020-12-31,2021-04-09,20-F,0001104659-21-048371,2020,FY,https://data.sec.gov/api/xbrl/companyfacts/CIK0001744781.json,2026-10-10T12:46:57.246839+00:00,A_VERIFIER_IDENTITE_ET_PERIODE
0O9.F,0001744781,OperatingIncome,OperatingIncomeLoss,170634446,CNY,2020-01-01,2020-12-31,2022-04-27,20-F,0001104659-22-051148,2021,FY,https://data.sec.gov/api/xbrl/companyfacts/CIK0001744781.json,2026-10-10T12:46:57.246851+00:00,A_VERIFIER_IDENTITE_ET_PERIODE
0O9.F,0001744781,OperatingIncome,OperatingIncomeLoss,170634446,CNY,2020-01-01,2020-12-31,2023-04-21,20-F,0001104659-23-047988,2022,FY,https://data.sec.gov/api/xbrl/companyfacts/CIK0001744781.json,2026-10-10T12:46:57.246862+00:00,A_VERIFIER_IDENTITE_ET_PERIODE
0O9.F,0001744781,OperatingIncome,OperatingIncomeLoss,252481278,CNY,2021-01-01,2021-12-31,2022-04-27,20-F,0001104659-22-051148,2021,FY,https://data.sec.gov/api/xbrl/companyfacts/CIK0001744781.json,2026-10-10T12:46:57.246873+00:00,A_VERIFIER_IDENTITE_ET_PERIODE
0O9.F,0001744781,OperatingIncome,OperatingIncomeLoss,252481278,CNY,2021-01-01,2021-12-31,2023-04-21,20-F,0001104659-23-047988,2022,FY,https://data.sec.gov/api/xbrl/companyfacts/CIK0001744781.json,2026-10-10T12:46:57.246885+00:00,A_VERIFIER_IDENTITE_ET_PERIODE
0O9.F,0001744781,OperatingIncome,OperatingIncomeLoss,252481278,CNY,2021-01-01,2021-12-31,2024-04-24,20-F,0001104659-24-050776,2023,FY,https://data.sec.gov/api/xbrl/companyfacts/CIK0001744781.json,2026-10-10T12:46:57.246896+00:00,A_VERIFIER_IDENTITE_ET_PERIODE
0O9.F,0001744781,OperatingIncome,OperatingIncomeLoss,-89281947,CNY,2022-01-01,2022-12-31,2023-04-21,20-F,0001104659-23-047988,2022,FY,https://data.sec.gov/api/xbrl/companyfacts/CIK0001744781.json,2026-10-10T12:46:57.246907+00:00,A_VERIFIER_IDENTITE_ET_PERIODE
0O9.F,0001744781,OperatingIncome,OperatingIncomeLoss,-89281947,CNY,2022-01-01,2022-12-31,2024-04-24,20-F,0001104659-24-050776,2023,FY,https://data.sec.gov/api/xbrl/companyfacts/CIK0001744781.json,2026-10-10T12:46:57.246919+00:00,A_VERIFIER_IDENTITE_ET_PERIODE
0O9.F,0001744781,OperatingIncome,OperatingIncomeLoss,-89281947,CNY,2022-01-01,2022-12-31,2025-04-18,20-F,0001410578-25-000798,2024,FY,https://data.sec.gov/api/xbrl/companyfacts/CIK0001744781.json,2026-10-10T12:46:57.246930+00:00,A_VERIFIER_IDENTITE_ET_PERIODE
0O9.F,0001744781,OperatingIncome,OperatingIncomeLoss,-317523502,CNY,2023-01-01,2023-12-31,2024-04-24,20-F,0001104659-24-050776,2023,FY,https://data.sec.gov/api/xbrl/companyfacts/CIK0001744781.json,2026-10-10T12:46:57.246941+00:00,A_VERIFIER_IDENTITE_ET_PERIODE
0O9.F,0001744781,OperatingIncome,OperatingIncomeLoss,-317523502,CNY,2023-01-01,2023-12-31,2025-04-18,20-F,0001410578-25-000798,2024,FY,https://data.sec.gov/api/xbrl/companyfacts/CIK0001744781.json,2026-10-10T12:46:57.246953+00:00,A_VERIFIER_IDENTITE_ET_PERIODE
0O9.F,0001744781,OperatingIncome,OperatingIncomeLoss,-317523502,CNY,2023-01-01,2023-12-31,2026-04-17,20-F,0001104659-26-044568,2025,FY,https://data.sec.gov/api/xbrl/companyfacts/CIK0001744781.json,2026-10-10T12:46:57.246964+00:00,A_VERIFIER_IDENTITE_ET_PERIODE
0O9.F,0001744781,OperatingIncome,OperatingIncomeLoss,-250632128,CNY,2024-01-01,2024-12-31,2025-04-18,20-F,0001410578-25-000798,2024,FY,https://data.sec.gov/api/xbrl/companyfacts/CIK0001744781.json,2026-10-10T12:46:57.246975+00:00,A_VERIFIER_IDENTITE_ET_PERIODE
0O9.F,0001744781,OperatingIncome,OperatingIncomeLoss,-250632128,CNY,2024-01-01,2024-12-31,2026-04-17,20-F,0001104659-26-044568,2025,FY,https://data.sec.gov/api/xbrl/companyfacts/CIK0001744781.json,2026-10-10T12:46:57.246986+00:00,A_VERIFIER_IDENTITE_ET_PERIODE
0O9.F,0001744781,OperatingIncome,OperatingIncomeLoss,-88247064,CNY,2025-01-01,2025-12-31,2026-04-17,20-F,0001104659-26-044568,2025,FY,https://data.sec.gov/api/xbrl/companyfacts/CIK0001744781.json,2026-10-10T12:46:57.246998+00:00,A_VERIFIER_IDENTITE_ET_PERIODE
0O9.F,0001744781,OperatingIncome,OperatingIncomeLoss,-46170892,USD,2018-01-01,2018-12-31,2019-04-25,20-F,0001104659-19-023545,2018,FY,https://data.sec.gov/api/xbrl/companyfacts/CIK0001744781.json,2026-10-10T12:46:57.247009+00:00,A_VERIFIER_IDENTITE_ET_PERIODE
0O9.F,0001744781,OperatingIncome,OperatingIncomeLoss,26819055,USD,2019-01-01,2019-12-31,2020-04-24,20-F,0001104659-20-050585,2019,FY,https://data.sec.gov/api/xbrl/companyfacts/CIK0001744781.json,2026-10-10T12:46:57.247020+00:00,A_VERIFIER_IDENTITE_ET_PERIODE
0O9.F,0001744781,OperatingIncome,OperatingIncomeLoss,26150873,USD,2020-01-01,2020-12-31,2021-04-09,20-F,0001104659-21-048371,2020,FY,https://data.sec.gov/api/xbrl/companyfacts/CIK0001744781.json,2026-10-10T12:46:57.247032+00:00,A_VERIFIER_IDENTITE_ET_PERIODE
0O9.F,0001744781,OperatingIncome,OperatingIncomeLoss,39619823,USD,2021-01-01,2021-12-31,2022-04-27,20-F,0001104659-22-051148,2021,FY,https://data.sec.gov/api/xbrl/companyfacts/CIK0001744781.json,2026-10-10T12:46:57.247043+00:00,A_VERIFIER_IDENTITE_ET_PERIODE
0O9.F,0001744781,OperatingIncome,OperatingIncomeLoss,-12944665,USD,2022-01-01,2022-12-31,2023-04-21,20-F,0001104659-23-047988,2022,FY,https://data.sec.gov/api/xbrl/companyfacts/CIK0001744781.json,2026-10-10T12:46:57.247054+00:00,A_VERIFIER_IDENTITE_ET_PERIODE
0O9.F,0001744781,OperatingIncome,OperatingIncomeLoss,-44722249,USD,2023-01-01,2023-12-31,2024-04-24,20-F,0001104659-24-050776,2023,FY,https://data.sec.gov/api/xbrl/companyfacts/CIK0001744781.json,2026-10-10T12:46:57.247065+00:00,A_VERIFIER_IDENTITE_ET_PERIODE
0O9.F,0001744781,OperatingIncome,OperatingIncomeLoss,-34336461,USD,2024-01-01,2024-12-31,2025-04-18,20-F,0001410578-25-000798,2024,FY,https://data.sec.gov/api/xbrl/companyfacts/CIK0001744781.json,2026-10-10T12:46:57.247076+00:00,A_VERIFIER_IDENTITE_ET_PERIODE
0O9.F,0001744781,OperatingIncome,OperatingIncomeLoss,-12619163,USD,2025-01-01,2025-12-31,2026-04-17,20-F,0001104659-26-044568,2025,FY,https://data.sec.gov/api/xbrl/companyfacts/CIK0001744781.json,2026-10-10T12:46:57.247088+00:00,A_VERIFIER_IDENTITE_ET_PERIODE
0O9.F,0001744781,NetIncome,NetIncomeLoss,-232720922,CNY,2016-01-01,2016-12-31,2019-04-25,20-F,0001104659-19-023545,2018,FY,https://data.sec.gov/api/xbrl/companyfacts/CIK0001744781.json,2026-10-10T12:46:57.247100+00:00,A_VERIFIER_IDENTITE_ET_PERIODE
0O9.F,0001744781,NetIncome,NetIncomeLoss,-184662871,CNY,2017-01-01,2017-12-31,2019-04-25,20-F,0001104659-19-023545,2018,FY,https://data.sec.gov/api/xbrl/companyfacts/CIK0001744781.json,2026-10-10T12:46:57.247112+00:00,A_VERIFIER_IDENTITE_ET_PERIODE
0O9.F,0001744781,NetIncome,NetIncomeLoss,-184662871,CNY,2017-01-01,2017-12-31,2020-04-24,20-F,0001104659-20-050585,2019,FY,https://data.sec.gov/api/xbrl/companyfacts/CIK0001744781.json,2026-10-10T12:46:57.247123+00:00,A_VERIFIER_IDENTITE_ET_PERIODE
0O9.F,0001744781,NetIncome,NetIncomeLoss,-349027476,CNY,2018-01-01,2018-12-31,2019-04-25,20-F,0001104659-19-023545,2018,FY,https://data.sec.gov/api/xbrl/companyfacts/CIK0001744781.json,2026-10-10T12:46:57.247134+00:00,A_VERIFIER_IDENTITE_ET_PERIODE
0O9.F,0001744781,NetIncome,NetIncomeLoss,-349027476,CNY,2018-01-01,2018-12-31,2020-04-24,20-F,0001104659-20-050585,2019,FY,https://data.sec.gov/api/xbrl/companyfacts/CIK0001744781.json,2026-10-10T12:46:57.247146+00:00,A_VERIFIER_IDENTITE_ET_PERIODE
0O9.F,0001744781,NetIncome,NetIncomeLoss,-349027476,CNY,2018-01-01,2018-12-31,2021-04-09,20-F,0001104659-21-048371,2020,FY,https://data.sec.gov/api/xbrl/companyfacts/CIK0001744781.json,2026-10-10T12:46:57.247157+00:00,A_VERIFIER_IDENTITE_ET_PERIODE
0O9.F,0001744781,NetIncome,NetIncomeLoss,190084771,CNY,2019-01-01,2019-12-31,2020-04-24,20-F,0001104659-20-050585,2019,FY,https://data.sec.gov/api/xbrl/companyfacts/CIK0001744781.json,2026-10-10T12:46:57.247187+00:00,A_VERIFIER_IDENTITE_ET_PERIODE
0O9.F,0001744781,NetIncome,NetIncomeLoss,190084771,CNY,2019-01-01,2019-12-31,2021-04-09,20-F,0001104659-21-048371,2020,FY,https://data.sec.gov/api/xbrl/companyfacts/CIK0001744781.json,2026-10-10T12:46:57.247199+00:00,A_VERIFIER_IDENTITE_ET_PERIODE
0O9.F,0001744781,NetIncome,NetIncomeLoss,190084771,CNY,2019-01-01,2019-12-31,2022-04-27,20-F,0001104659-22-051148,2021,FY,https://data.sec.gov/api/xbrl/companyfacts/CIK0001744781.json,2026-10-10T12:46:57.247210+00:00,A_VERIFIER_IDENTITE_ET_PERIODE
0O9.F,0001744781,NetIncome,NetIncomeLoss,168652466,CNY,2020-01-01,2020-12-31,2021-04-09,20-F,0001104659-21-048371,2020,FY,https://data.sec.gov/api/xbrl/companyfacts/CIK0001744781.json,2026-10-10T12:46:57.247221+00:00,A_VERIFIER_IDENTITE_ET_PERIODE
0O9.F,0001744781,NetIncome,NetIncomeLoss,168652466,CNY,2020-01-01,2020-12-31,2022-04-27,20-F,0001104659-22-051148,2021,FY,https://data.sec.gov/api/xbrl/companyfacts/CIK0001744781.json,2026-10-10T12:46:57.247233+00:00,A_VERIFIER_IDENTITE_ET_PERIODE
0O9.F,0001744781,NetIncome,NetIncomeLoss,168652466,CNY,2020-01-01,2020-12-31,2023-04-21,20-F,0001104659-23-047988,2022,FY,https://data.sec.gov/api/xbrl/companyfacts/CIK0001744781.json,2026-10-10T12:46:57.247244+00:00,A_VERIFIER_IDENTITE_ET_PERIODE
0O9.F,0001744781,NetIncome,NetIncomeLoss,225820409,CNY,2021-01-01,2021-12-31,2022-04-27,20-F,0001104659-22-051148,2021,FY,https://data.sec.gov/api/xbrl/companyfacts/CIK0001744781.json,2026-10-10T12:46:57.247255+00:00,A_VERIFIER_IDENTITE_ET_PERIODE
0O9.F,0001744781,NetIncome,NetIncomeLoss,225820409,CNY,2021-01-01,2021-12-31,2023-04-21,20-F,0001104659-23-047988,2022,FY,https://data.sec.gov/api/xbrl/companyfacts/CIK0001744781.json,2026-10-10T12:46:57.247267+00:00,A_VERIFIER_IDENTITE_ET_PERIODE
0O9.F,0001744781,NetIncome,NetIncomeLoss,225820409,CNY,2021-01-01,2021-12-31,2024-04-24,20-F,0001104659-24-050776,2023,FY,https://data.sec.gov/api/xbrl/companyfacts/CIK0001744781.json,2026-10-10T12:46:57.247279+00:00,A_VERIFIER_IDENTITE_ET_PERIODE
0O9.F,0001744781,NetIncome,NetIncomeLoss,-49462929,CNY,2022-01-01,2022-12-31,2023-04-21,20-F,0001104659-23-047988,2022,FY,https://data.sec.gov/api/xbrl/companyfacts/CIK0001744781.json,2026-10-10T12:46:57.247290+00:00,A_VERIFIER_IDENTITE_ET_PERIODE
0O9.F,0001744781,NetIncome,NetIncomeLoss,-49462929,CNY,2022-01-01,2022-12-31,2024-04-24,20-F,0001104659-24-050776,2023,FY,https://data.sec.gov/api/xbrl/companyfacts/CIK0001744781.json,2026-10-10T12:46:57.247301+00:00,A_VERIFIER_IDENTITE_ET_PERIODE
0O9.F,0001744781,NetIncome,NetIncomeLoss,-49462929,CNY,2022-01-01,2022-12-31,2025-04-18,20-F,0001410578-25-000798,2024,FY,https://data.sec.gov/api/xbrl/companyfacts/CIK0001744781.json,2026-10-10T12:46:57.247313+00:00,A_VERIFIER_IDENTITE_ET_PERIODE
0O9.F,0001744781,NetIncome,NetIncomeLoss,-271835982,CNY,2023-01-01,2023-12-31,2024-04-24,20-F,0001104659-24-050776,2023,FY,https://data.sec.gov/api/xbrl/companyfacts/CIK0001744781.json,2026-10-10T12:46:57.247324+00:00,A_VERIFIER_IDENTITE_ET_PERIODE
0O9.F,0001744781,NetIncome,NetIncomeLoss,-271835982,CNY,2023-01-01,2023-12-31,2025-04-18,20-F,0001410578-25-000798,2024,FY,https://data.sec.gov/api/xbrl/companyfacts/CIK0001744781.json,2026-10-10T12:46:57.247335+00:00,A_VERIFIER_IDENTITE_ET_PERIODE
0O9.F,0001744781,NetIncome,NetIncomeLoss,-271835982,CNY,2023-01-01,2023-12-31,2026-04-17,20-F,0001104659-26-044568,2025,FY,https://data.sec.gov/api/xbrl/companyfacts/CIK0001744781.json,2026-10-10T12:46:57.247346+00:00,A_VERIFIER_IDENTITE_ET_PERIODE
0O9.F,0001744781,NetIncome,NetIncomeLoss,-193200639,CNY,2024-01-01,2024-12-31,2025-04-18,20-F,0001410578-25-000798,2024,FY,https://data.sec.gov/api/xbrl/companyfacts/CIK0001744781.json,2026-10-10T12:46:57.247358+00:00,A_VERIFIER_IDENTITE_ET_PERIODE
0O9.F,0001744781,NetIncome,NetIncomeLoss,-193200639,CNY,2024-01-01,2024-12-31,2026-04-17,20-F,0001104659-26-044568,2025,FY,https://data.sec.gov/api/xbrl/companyfacts/CIK0001744781.json,2026-10-10T12:46:57.247369+00:00,A_VERIFIER_IDENTITE_ET_PERIODE
0O9.F,0001744781,NetIncome,NetIncomeLoss,-39385588,CNY,2025-01-01,2025-12-31,2026-04-17,20-F,0001104659-26-044568,2025,FY,https://data.sec.gov/api/xbrl/companyfacts/CIK0001744781.json,2026-10-10T12:46:57.247380+00:00,A_VERIFIER_IDENTITE_ET_PERIODE
0O9.F,0001744781,NetIncome,NetIncomeLoss,-50763942,USD,2018-01-01,2018-12-31,2019-04-25,20-F,0001104659-19-023545,2018,FY,https://data.sec.gov/api/xbrl/companyfacts/CIK0001744781.json,2026-10-10T12:46:57.247393+00:00,A_VERIFIER_IDENTITE_ET_PERIODE
0O9.F,0001744781,NetIncome,NetIncomeLoss,27303970,USD,2019-01-01,2019-12-31,2020-04-24,20-F,0001104659-20-050585,2019,FY,https://data.sec.gov/api/xbrl/companyfacts/CIK0001744781.json,2026-10-10T12:46:57.247404+00:00,A_VERIFIER_IDENTITE_ET_PERIODE
0O9.F,0001744781,NetIncome,NetIncomeLoss,25847122,USD,2020-01-01,2020-12-31,2021-04-09,20-F,0001104659-21-048371,2020,FY,https://data.sec.gov/api/xbrl/companyfacts/CIK0001744781.json,2026-10-10T12:46:57.247415+00:00,A_VERIFIER_IDENTITE_ET_PERIODE
0O9.F,0001744781,NetIncome,NetIncomeLoss,35436151,USD,2021-01-01,2021-12-31,2022-04-27,20-F,0001104659-22-051148,2021,FY,https://data.sec.gov/api/xbrl/companyfacts/CIK0001744781.json,2026-10-10T12:46:57.247426+00:00,A_VERIFIER_IDENTITE_ET_PERIODE
0O9.F,0001744781,NetIncome,NetIncomeLoss,-7171450,USD,2022-01-01,2022-12-31,2023-04-21,20-F,0001104659-23-047988,2022,FY,https://data.sec.gov/api/xbrl/companyfacts/CIK0001744781.json,2026-10-10T12:46:57.247438+00:00,A_VERIFIER_IDENTITE_ET_PERIODE
0O9.F,0001744781,NetIncome,NetIncomeLoss,-38287297,USD,2023-01-01,2023-12-31,2024-04-24,20-F,0001104659-24-050776,2023,FY,https://data.sec.gov/api/xbrl/companyfacts/CIK0001744781.json,2026-10-10T12:46:57.247449+00:00,A_VERIFIER_IDENTITE_ET_PERIODE
0O9.F,0001744781,NetIncome,NetIncomeLoss,-26468379,USD,2024-01-01,2024-12-31,2025-04-18,20-F,0001410578-25-000798,2024,FY,https://data.sec.gov/api/xbrl/companyfacts/CIK0001744781.json,2026-10-10T12:46:57.247460+00:00,A_VERIFIER_IDENTITE_ET_PERIODE
0O9.F,0001744781,NetIncome,NetIncomeLoss,-5632064,USD,2025-01-01,2025-12-31,2026-04-17,20-F,0001104659-26-044568,2025,FY,https://data.sec.gov/api/xbrl/companyfacts/CIK0001744781.json,2026-10-10T12:46:57.247472+00:00,A_VERIFIER_IDENTITE_ET_PERIODE
0O9.F,0001744781,OperatingCashFlow,NetCashProvidedByUsedInOperatingActivities,-123053734,CNY,2016-01-01,2016-12-31,2019-04-25,20-F,0001104659-19-023545,2018,FY,https://data.sec.gov/api/xbrl/companyfacts/CIK0001744781.json,2026-10-10T12:46:57.247485+00:00,A_VERIFIER_IDENTITE_ET_PERIODE
0O9.F,0001744781,OperatingCashFlow,NetCashProvidedByUsedInOperatingActivities,80063278,CNY,2017-01-01,2017-12-31,2019-04-25,20-F,0001104659-19-023545,2018,FY,https://data.sec.gov/api/xbrl/companyfacts/CIK0001744781.json,2026-10-10T12:46:57.247496+00:00,A_VERIFIER_IDENTITE_ET_PERIODE
0O9.F,0001744781,OperatingCashFlow,NetCashProvidedByUsedInOperatingActivities,80063278,CNY,2017-01-01,2017-12-31,2020-04-24,20-F,0001104659-20-050585,2019,FY,https://data.sec.gov/api/xbrl/companyfacts/CIK0001744781.json,2026-10-10T12:46:57.247507+00:00,A_VERIFIER_IDENTITE_ET_PERIODE
0O9.F,0001744781,OperatingCashFlow,NetCashProvidedByUsedInOperatingActivities,7779366,CNY,2018-01-01,2018-12-31,2019-04-25,20-F,0001104659-19-023545,2018,FY,https://data.sec.gov/api/xbrl/companyfacts/CIK0001744781.json,2026-10-10T12:46:57.247519+00:00,A_VERIFIER_IDENTITE_ET_PERIODE
0O9.F,0001744781,OperatingCashFlow,NetCashProvidedByUsedInOperatingActivities,8569117,CNY,2018-01-01,2018-12-31,2020-04-24,20-F,0001104659-20-050585,2019,FY,https://data.sec.gov/api/xbrl/companyfacts/CIK0001744781.json,2026-10-10T12:46:57.247530+00:00,A_VERIFIER_IDENTITE_ET_PERIODE
0O9.F,0001744781,OperatingCashFlow,NetCashProvidedByUsedInOperatingActivities,8569117,CNY,2018-01-01,2018-12-31,2021-04-09,20-F,0001104659-21-048371,2020,FY,https://data.sec.gov/api/xbrl/companyfacts/CIK0001744781.json,2026-10-10T12:46:57.247541+00:00,A_VERIFIER_IDENTITE_ET_PERIODE
0O9.F,0001744781,OperatingCashFlow,NetCashProvidedByUsedInOperatingActivities,178680435,CNY,2019-01-01,2019-12-31,2020-04-24,20-F,0001104659-20-050585,2019,FY,https://data.sec.gov/api/xbrl/companyfacts/CIK0001744781.json,2026-10-10T12:46:57.247552+00:00,A_VERIFIER_IDENTITE_ET_PERIODE
0O9.F,0001744781,OperatingCashFlow,NetCashProvidedByUsedInOperatingActivities,178680435,CNY,2019-01-01,2019-12-31,2021-04-09,20-F,0001104659-21-048371,2020,FY,https://data.sec.gov/api/xbrl/companyfacts/CIK0001744781.json,2026-10-10T12:46:57.247579+00:00,A_VERIFIER_IDENTITE_ET_PERIODE
0O9.F,0001744781,OperatingCashFlow,NetCashProvidedByUsedInOperatingActivities,178680435,CNY,2019-01-01,2019-12-31,2022-04-27,20-F,0001104659-22-051148,2021,FY,https://data.sec.gov/api/xbrl/companyfacts/CIK0001744781.json,2026-10-10T12:46:57.247591+00:00,A_VERIFIER_IDENTITE_ET_PERIODE
0O9.F,0001744781,OperatingCashFlow,NetCashProvidedByUsedInOperatingActivities,465598711,CNY,2020-01-01,2020-12-31,2021-04-09,20-F,0001104659-21-048371,2020,FY,https://data.sec.gov/api/xbrl/companyfacts/CIK0001744781.json,2026-10-10T12:46:57.247603+00:00,A_VERIFIER_IDENTITE_ET_PERIODE
0O9.F,0001744781,OperatingCashFlow,NetCashProvidedByUsedInOperatingActivities,465598711,CNY,2020-01-01,2020-12-31,2022-04-27,20-F,0001104659-22-051148,2021,FY,https://data.sec.gov/api/xbrl/companyfacts/CIK0001744781.json,2026-10-10T12:46:57.247615+00:00,A_VERIFIER_IDENTITE_ET_PERIODE
0O9.F,0001744781,OperatingCashFlow,NetCashProvidedByUsedInOperatingActivities,465598711,CNY,2020-01-01,2020-12-31,2023-04-21,20-F,0001104659-23-047988,2022,FY,https://data.sec.gov/api/xbrl/companyfacts/CIK0001744781.json,2026-10-10T12:46:57.247626+00:00,A_VERIFIER_IDENTITE_ET_PERIODE
0O9.F,0001744781,OperatingCashFlow,NetCashProvidedByUsedInOperatingActivities,334174702,CNY,2021-01-01,2021-12-31,2022-04-27,20-F,0001104659-22-051148,2021,FY,https://data.sec.gov/api/xbrl/companyfacts/CIK0001744781.json,2026-10-10T12:46:57.247637+00:00,A_VERIFIER_IDENTITE_ET_PERIODE
0O9.F,0001744781,OperatingCashFlow,NetCashProvidedByUsedInOperatingActivities,334174702,CNY,2021-01-01,2021-12-31,2023-04-21,20-F,0001104659-23-047988,2022,FY,https://data.sec.gov/api/xbrl/companyfacts/CIK0001744781.json,2026-10-10T12:46:57.247648+00:00,A_VERIFIER_IDENTITE_ET_PERIODE
0O9.F,0001744781,OperatingCashFlow,NetCashProvidedByUsedInOperatingActivities,334174702,CNY,2021-01-01,2021-12-31,2024-04-24,20-F,0001104659-24-050776,2023,FY,https://data.sec.gov/api/xbrl/companyfacts/CIK0001744781.json,2026-10-10T12:46:57.247660+00:00,A_VERIFIER_IDENTITE_ET_PERIODE
0O9.F,0001744781,OperatingCashFlow,NetCashProvidedByUsedInOperatingActivities,-121856343,CNY,2022-01-01,2022-12-31,2023-04-21,20-F,0001104659-23-047988,2022,FY,https://data.sec.gov/api/xbrl/companyfacts/CIK0001744781.json,2026-10-10T12:46:57.247671+00:00,A_VERIFIER_IDENTITE_ET_PERIODE
0O9.F,0001744781,OperatingCashFlow,NetCashProvidedByUsedInOperatingActivities,-121856343,CNY,2022-01-01,2022-12-31,2024-04-24,20-F,0001104659-24-050776,2023,FY,https://data.sec.gov/api/xbrl/companyfacts/CIK0001744781.json,2026-10-10T12:46:57.247682+00:00,A_VERIFIER_IDENTITE_ET_PERIODE
0O9.F,0001744781,OperatingCashFlow,NetCashProvidedByUsedInOperatingActivities,-121856343,CNY,2022-01-01,2022-12-31,2025-04-18,20-F,0001410578-25-000798,2024,FY,https://data.sec.gov/api/xbrl/companyfacts/CIK0001744781.json,2026-10-10T12:46:57.247693+00:00,A_VERIFIER_IDENTITE_ET_PERIODE
0O9.F,0001744781,OperatingCashFlow,NetCashProvidedByUsedInOperatingActivities,93735092,CNY,2023-01-01,2023-12-31,2024-04-24,20-F,0001104659-24-050776,2023,FY,https://data.sec.gov/api/xbrl/companyfacts/CIK0001744781.json,2026-10-10T12:46:57.247704+00:00,A_VERIFIER_IDENTITE_ET_PERIODE
0O9.F,0001744781,OperatingCashFlow,NetCashProvidedByUsedInOperatingActivities,93735092,CNY,2023-01-01,2023-12-31,2025-04-18,20-F,0001410578-25-000798,2024,FY,https://data.sec.gov/api/xbrl/companyfacts/CIK0001744781.json,2026-10-10T12:46:57.247715+00:00,A_VERIFIER_IDENTITE_ET_PERIODE
0O9.F,0001744781,OperatingCashFlow,NetCashProvidedByUsedInOperatingActivities,93735092,CNY,2023-01-01,2023-12-31,2026-04-17,20-F,0001104659-26-044568,2025,FY,https://data.sec.gov/api/xbrl/companyfacts/CIK0001744781.json,2026-10-10T12:46:57.247727+00:00,A_VERIFIER_IDENTITE_ET_PERIODE
0O9.F,0001744781,OperatingCashFlow,NetCashProvidedByUsedInOperatingActivities,52286618,CNY,2024-01-01,2024-12-31,2025-04-18,20-F,0001410578-25-000798,2024,FY,https://data.sec.gov/api/xbrl/companyfacts/CIK0001744781.json,2026-10-10T12:46:57.247738+00:00,A_VERIFIER_IDENTITE_ET_PERIODE
0O9.F,0001744781,OperatingCashFlow,NetCashProvidedByUsedInOperatingActivities,52286618,CNY,2024-01-01,2024-12-31,2026-04-17,20-F,0001104659-26-044568,2025,FY,https://data.sec.gov/api/xbrl/companyfacts/CIK0001744781.json,2026-10-10T12:46:57.247749+00:00,A_VERIFIER_IDENTITE_ET_PERIODE
0O9.F,0001744781,OperatingCashFlow,NetCashProvidedByUsedInOperatingActivities,353270015,CNY,2025-01-01,2025-12-31,2026-04-17,20-F,0001104659-26-044568,2025,FY,https://data.sec.gov/api/xbrl/companyfacts/CIK0001744781.json,2026-10-10T12:46:57.247760+00:00,A_VERIFIER_IDENTITE_ET_PERIODE
0O9.F,0001744781,OperatingCashFlow,NetCashProvidedByUsedInOperatingActivities,1131460,USD,2018-01-01,2018-12-31,2019-04-25,20-F,0001104659-19-023545,2018,FY,https://data.sec.gov/api/xbrl/companyfacts/CIK0001744781.json,2026-10-10T12:46:57.247772+00:00,A_VERIFIER_IDENTITE_ET_PERIODE
0O9.F,0001744781,OperatingCashFlow,NetCashProvidedByUsedInOperatingActivities,25665838,USD,2019-01-01,2019-12-31,2020-04-24,20-F,0001104659-20-050585,2019,FY,https://data.sec.gov/api/xbrl/companyfacts/CIK0001744781.json,2026-10-10T12:46:57.247783+00:00,A_VERIFIER_IDENTITE_ET_PERIODE
0O9.F,0001744781,OperatingCashFlow,NetCashProvidedByUsedInOperatingActivities,71356124,USD,2020-01-01,2020-12-31,2021-04-09,20-F,0001104659-21-048371,2020,FY,https://data.sec.gov/api/xbrl/companyfacts/CIK0001744781.json,2026-10-10T12:46:57.247795+00:00,A_VERIFIER_IDENTITE_ET_PERIODE
0O9.F,0001744781,OperatingCashFlow,NetCashProvidedByUsedInOperatingActivities,52439303,USD,2021-01-01,2021-12-31,2022-04-27,20-F,0001104659-22-051148,2021,FY,https://data.sec.gov/api/xbrl/companyfacts/CIK0001744781.json,2026-10-10T12:46:57.247806+00:00,A_VERIFIER_IDENTITE_ET_PERIODE
0O9.F,0001744781,OperatingCashFlow,NetCashProvidedByUsedInOperatingActivities,-17667508,USD,2022-01-01,2022-12-31,2023-04-21,20-F,0001104659-23-047988,2022,FY,https://data.sec.gov/api/xbrl/companyfacts/CIK0001744781.json,2026-10-10T12:46:57.247817+00:00,A_VERIFIER_IDENTITE_ET_PERIODE
0O9.F,0001744781,OperatingCashFlow,NetCashProvidedByUsedInOperatingActivities,13202312,USD,2023-01-01,2023-12-31,2024-04-24,20-F,0001104659-24-050776,2023,FY,https://data.sec.gov/api/xbrl/companyfacts/CIK0001744781.json,2026-10-10T12:46:57.247829+00:00,A_VERIFIER_IDENTITE_ET_PERIODE
0O9.F,0001744781,OperatingCashFlow,NetCashProvidedByUsedInOperatingActivities,7163238,USD,2024-01-01,2024-12-31,2025-04-18,20-F,0001410578-25-000798,2024,FY,https://data.sec.gov/api/xbrl/companyfacts/CIK0001744781.json,2026-10-10T12:46:57.247840+00:00,A_VERIFIER_IDENTITE_ET_PERIODE
0O9.F,0001744781,OperatingCashFlow,NetCashProvidedByUsedInOperatingActivities,50516940,USD,2025-01-01,2025-12-31,2026-04-17,20-F,0001104659-26-044568,2025,FY,https://data.sec.gov/api/xbrl/companyfacts/CIK0001744781.json,2026-10-10T12:46:57.247851+00:00,A_VERIFIER_IDENTITE_ET_PERIODE
0O9.F,0001744781,Shares,CommonStockSharesOutstanding,64570520,shares,,2017-12-31,2019-04-25,20-F,0001104659-19-023545,2018,FY,https://data.sec.gov/api/xbrl/companyfacts/CIK0001744781.json,2026-10-10T12:46:57.247864+00:00,A_VERIFIER_IDENTITE_ET_PERIODE
0JW.F,0001674335,Revenues,RevenueFromContractWithCustomerExcludingAssessedTax,3666942000,USD,2016-01-01,2016-12-31,2019-03-01,10-K,0001674335-19-000023,2018,FY,https://data.sec.gov/api/xbrl/companyfacts/CIK0001674335.json,2026-10-10T12:46:58.015405+00:00,A_VERIFIER_IDENTITE_ET_PERIODE
0JW.F,0001674335,Revenues,RevenueFromContractWithCustomerExcludingAssessedTax,3666930000,USD,2016-01-01,2016-12-31,2019-08-07,10-Q,0001674335-19-000072,2019,Q2,https://data.sec.gov/api/xbrl/companyfacts/CIK0001674335.json,2026-10-10T12:46:58.015429+00:00,A_VERIFIER_IDENTITE_ET_PERIODE
0JW.F,0001674335,Revenues,RevenueFromContractWithCustomerExcludingAssessedTax,847853000,USD,2017-01-01,2017-04-01,2019-03-01,10-K,0001674335-19-000023,2018,FY,https://data.sec.gov/api/xbrl/companyfacts/CIK0001674335.json,2026-10-10T12:46:58.015442+00:00,A_VERIFIER_IDENTITE_ET_PERIODE
0JW.F,0001674335,Revenues,RevenueFromContractWithCustomerExcludingAssessedTax,948788000,USD,2017-04-02,2017-07-01,2019-03-01,10-K,0001674335-19-000023,2018,FY,https://data.sec.gov/api/xbrl/companyfacts/CIK0001674335.json,2026-10-10T12:46:58.015454+00:00,A_VERIFIER_IDENTITE_ET_PERIODE
0JW.F,0001674335,Revenues,RevenueFromContractWithCustomerExcludingAssessedTax,2787966000,USD,2017-01-01,2017-09-30,2018-11-07,10-Q,0001674335-18-000108,2018,Q3,https://data.sec.gov/api/xbrl/companyfacts/CIK0001674335.json,2026-10-10T12:46:58.015466+00:00,A_VERIFIER_IDENTITE_ET_PERIODE
0JW.F,0001674335,Revenues,RevenueFromContractWithCustomerExcludingAssessedTax,991325000,USD,2017-07-02,2017-09-30,2018-11-07,10-Q,0001674335-18-000108,2018,Q3,https://data.sec.gov/api/xbrl/companyfacts/CIK0001674335.json,2026-10-10T12:46:58.015477+00:00,A_VERIFIER_IDENTITE_ET_PERIODE
0JW.F,0001674335,Revenues,RevenueFromContractWithCustomerExcludingAssessedTax,991325000,USD,2017-07-02,2017-09-30,2019-03-01,10-K,0001674335-19-000023,2018,FY,https://data.sec.gov/api/xbrl/companyfacts/CIK0001674335.json,2026-10-10T12:46:58.015488+00:00,A_VERIFIER_IDENTITE_ET_PERIODE
0JW.F,0001674335,Revenues,RevenueFromContractWithCustomerExcludingAssessedTax,3763749000,USD,2017-01-01,2017-12-31,2019-03-01,10-K,0001674335-19-000023,2018,FY,https://data.sec.gov/api/xbrl/companyfacts/CIK0001674335.json,2026-10-10T12:46:58.015499+00:00,A_VERIFIER_IDENTITE_ET_PERIODE
0JW.F,0001674335,Revenues,RevenueFromContractWithCustomerExcludingAssessedTax,3763749000,USD,2017-01-01,2017-12-31,2020-02-24,10-K,0001674335-20-000033,2019,FY,https://data.sec.gov/api/xbrl/companyfacts/CIK0001674335.json,2026-10-10T12:46:58.015511+00:00,A_VERIFIER_IDENTITE_ET_PERIODE
0JW.F,0001674335,Revenues,RevenueFromContractWithCustomerExcludingAssessedTax,975783000,USD,2017-10-01,2017-12-31,2019-03-01,10-K,0001674335-19-000023,2018,FY,https://data.sec.gov/api/xbrl/companyfacts/CIK0001674335.json,2026-10-10T12:46:58.015522+00:00,A_VERIFIER_IDENTITE_ET_PERIODE
0JW.F,0001674335,Revenues,RevenueFromContractWithCustomerExcludingAssessedTax,946179000,USD,2018-01-01,2018-03-31,2019-03-01,10-K,0001674335-19-000023,2018,FY,https://data.sec.gov/api/xbrl/companyfacts/CIK0001674335.json,2026-10-10T12:46:58.015533+00:00,A_VERIFIER_IDENTITE_ET_PERIODE
0JW.F,0001674335,Revenues,RevenueFromContractWithCustomerExcludingAssessedTax,946179000,USD,2018-01-01,2018-03-31,2019-05-08,10-Q,0001674335-19-000039,2019,Q1,https://data.sec.gov/api/xbrl/companyfacts/CIK0001674335.json,2026-10-10T12:46:58.015544+00:00,A_VERIFIER_IDENTITE_ET_PERIODE
0JW.F,0001674335,Revenues,RevenueFromContractWithCustomerExcludingAssessedTax,946165000,USD,2018-01-01,2018-03-31,2019-08-07,10-Q,0001674335-19-000072,2019,Q2,https://data.sec.gov/api/xbrl/companyfacts/CIK0001674335.json,2026-10-10T12:46:58.015555+00:00,A_VERIFIER_IDENTITE_ET_PERIODE
0JW.F,0001674335,Revenues,RevenueFromContractWithCustomerExcludingAssessedTax,946165000,USD,2018-01-01,2018-03-31,2020-02-24,10-K,0001674335-20-000033,2019,FY,https://data.sec.gov/api/xbrl/companyfacts/CIK0001674335.json,2026-10-10T12:46:58.015567+00:00,A_VERIFIER_IDENTITE_ET_PERIODE
0JW.F,0001674335,Revenues,RevenueFromContractWithCustomerExcludingAssessedTax,2118630000,USD,2018-01-01,2018-06-30,2019-08-07,10-Q,0001674335-19-000072,2019,Q2,https://data.sec.gov/api/xbrl/companyfacts/CIK0001674335.json,2026-10-10T12:46:58.015578+00:00,A_VERIFIER_IDENTITE_ET_PERIODE
0JW.F,0001674335,Revenues,RevenueFromContractWithCustomerExcludingAssessedTax,1172497000,USD,2018-04-01,2018-06-30,2019-03-01,10-K,0001674335-19-000023,2018,FY,https://data.sec.gov/api/xbrl/companyfacts/CIK0001674335.json,2026-10-10T12:46:58.015589+00:00,A_VERIFIER_IDENTITE_ET_PERIODE
0JW.F,0001674335,Revenues,RevenueFromContractWithCustomerExcludingAssessedTax,1172465000,USD,2018-04-01,2018-06-30,2019-08-07,10-Q,0001674335-19-000072,2019,Q2,https://data.sec.gov/api/xbrl/companyfacts/CIK0001674335.json,2026-10-10T12:46:58.015600+00:00,A_VERIFIER_IDENTITE_ET_PERIODE
0JW.F,0001674335,Revenues,RevenueFromContractWithCustomerExcludingAssessedTax,1172465000,USD,2018-04-01,2018-06-30,2020-02-24,10-K,0001674335-20-000033,2019,FY,https://data.sec.gov/api/xbrl/companyfacts/CIK0001674335.json,2026-10-10T12:46:58.015611+00:00,A_VERIFIER_IDENTITE_ET_PERIODE
0JW.F,0001674335,Revenues,RevenueFromContractWithCustomerExcludingAssessedTax,3255625000,USD,2018-01-01,2018-09-29,2018-11-07,10-Q,0001674335-18-000108,2018,Q3,https://data.sec.gov/api/xbrl/companyfacts/CIK0001674335.json,2026-10-10T12:46:58.015622+00:00,A_VERIFIER_IDENTITE_ET_PERIODE
0JW.F,0001674335,Revenues,RevenueFromContractWithCustomerExcludingAssessedTax,3255108000,USD,2018-01-01,2018-09-29,2019-08-07,10-Q,0001674335-19-000072,2019,Q2,https://data.sec.gov/api/xbrl/companyfacts/CIK0001674335.json,2026-10-10T12:46:58.015633+00:00,A_VERIFIER_IDENTITE_ET_PERIODE
0JW.F,0001674335,Revenues,RevenueFromContractWithCustomerExcludingAssessedTax,3255108000,USD,2018-01-01,2018-09-29,2019-11-06,10-Q,0001674335-19-000090,2019,Q3,https://data.sec.gov/api/xbrl/companyfacts/CIK0001674335.json,2026-10-10T12:46:58.015644+00:00,A_VERIFIER_IDENTITE_ET_PERIODE
0JW.F,0001674335,Revenues,RevenueFromContractWithCustomerExcludingAssessedTax,1136949000,USD,2018-07-01,2018-09-29,2018-11-07,10-Q,0001674335-18-000108,2018,Q3,https://data.sec.gov/api/xbrl/companyfacts/CIK0001674335.json,2026-10-10T12:46:58.015656+00:00,A_VERIFIER_IDENTITE_ET_PERIODE
0JW.F,0001674335,Revenues,RevenueFromContractWithCustomerExcludingAssessedTax,1136949000,USD,2018-07-01,2018-09-29,2019-03-01,10-K,0001674335-19-000023,2018,FY,https://data.sec.gov/api/xbrl/companyfacts/CIK0001674335.json,2026-10-10T12:46:58.015667+00:00,A_VERIFIER_IDENTITE_ET_PERIODE
0JW.F,0001674335,Revenues,RevenueFromContractWithCustomerExcludingAssessedTax,1136478000,USD,2018-07-01,2018-09-29,2019-08-07,10-Q,0001674335-19-000072,2019,Q2,https://data.sec.gov/api/xbrl/companyfacts/CIK0001674335.json,2026-10-10T12:46:58.015678+00:00,A_VERIFIER_IDENTITE_ET_PERIODE
0JW.F,0001674335,Revenues,RevenueFromContractWithCustomerExcludingAssessedTax,1136478000,USD,2018-07-01,2018-09-29,2019-11-06,10-Q,0001674335-19-000090,2019,Q3,https://data.sec.gov/api/xbrl/companyfacts/CIK0001674335.json,2026-10-10T12:46:58.015689+00:00,A_VERIFIER_IDENTITE_ET_PERIODE
0JW.F,0001674335,Revenues,RevenueFromContractWithCustomerExcludingAssessedTax,1136478000,USD,2018-07-01,2018-09-29,2020-02-24,10-K,0001674335-20-000033,2019,FY,https://data.sec.gov/api/xbrl/companyfacts/CIK0001674335.json,2026-10-10T12:46:58.015701+00:00,A_VERIFIER_IDENTITE_ET_PERIODE
0JW.F,0001674335,Revenues,RevenueFromContractWithCustomerExcludingAssessedTax,4346703000,USD,2018-01-01,2018-12-31,2019-03-01,10-K,0001674335-19-000023,2018,FY,https://data.sec.gov/api/xbrl/companyfacts/CIK0001674335.json,2026-10-10T12:46:58.015712+00:00,A_VERIFIER_IDENTITE_ET_PERIODE
0JW.F,0001674335,Revenues,RevenueFromContractWithCustomerExcludingAssessedTax,4346847000,USD,2018-01-01,2018-12-31,2019-08-07,10-Q,0001674335-19-000072,2019,Q2,https://data.sec.gov/api/xbrl/companyfacts/CIK0001674335.json,2026-10-10T12:46:58.015723+00:00,A_VERIFIER_IDENTITE_ET_PERIODE
0JW.F,0001674335,Revenues,RevenueFromContractWithCustomerExcludingAssessedTax,4346847000,USD,2018-01-01,2018-12-31,2020-02-24,10-K,0001674335-20-000033,2019,FY,https://data.sec.gov/api/xbrl/companyfacts/CIK0001674335.json,2026-10-10T12:46:58.015734+00:00,A_VERIFIER_IDENTITE_ET_PERIODE
0JW.F,0001674335,Revenues,RevenueFromContractWithCustomerExcludingAssessedTax,4346847000,USD,2018-01-01,2018-12-31,2020-05-06,10-Q,0001674335-20-000043,2020,Q1,https://data.sec.gov/api/xbrl/companyfacts/CIK0001674335.json,2026-10-10T12:46:58.015745+00:00,A_VERIFIER_IDENTITE_ET_PERIODE
0JW.F,0001674335,Revenues,RevenueFromContractWithCustomerExcludingAssessedTax,4346847000,USD,2018-01-01,2018-12-31,2021-02-23,10-K,0001674335-21-000012,2020,FY,https://data.sec.gov/api/xbrl/companyfacts/CIK0001674335.json,2026-10-10T12:46:58.015756+00:00,A_VERIFIER_IDENTITE_ET_PERIODE
0JW.F,0001674335,Revenues,RevenueFromContractWithCustomerExcludingAssessedTax,1091078000,USD,2018-09-30,2018-12-31,2019-03-01,10-K,0001674335-19-000023,2018,FY,https://data.sec.gov/api/xbrl/companyfacts/CIK0001674335.json,2026-10-10T12:46:58.015767+00:00,A_VERIFIER_IDENTITE_ET_PERIODE
0JW.F,0001674335,Revenues,RevenueFromContractWithCustomerExcludingAssessedTax,1091739000,USD,2018-09-30,2018-12-31,2019-08-07,10-Q,0001674335-19-000072,2019,Q2,https://data.sec.gov/api/xbrl/companyfacts/CIK0001674335.json,2026-10-10T12:46:58.015779+00:00,A_VERIFIER_IDENTITE_ET_PERIODE
0JW.F,0001674335,Revenues,RevenueFromContractWithCustomerExcludingAssessedTax,1091739000,USD,2018-09-30,2018-12-31,2020-02-24,10-K,0001674335-20-000033,2019,FY,https://data.sec.gov/api/xbrl/companyfacts/CIK0001674335.json,2026-10-10T12:46:58.015790+00:00,A_VERIFIER_IDENTITE_ET_PERIODE
0JW.F,0001674335,Revenues,RevenueFromContractWithCustomerExcludingAssessedTax,1010906000,USD,2019-01-01,2019-03-30,2019-05-08,10-Q,0001674335-19-000039,2019,Q1,https://data.sec.gov/api/xbrl/companyfacts/CIK0001674335.json,2026-10-10T12:46:58.015801+00:00,A_VERIFIER_IDENTITE_ET_PERIODE
0JW.F,0001674335,Revenues,RevenueFromContractWithCustomerExcludingAssessedTax,1010260000,USD,2019-01-01,2019-03-30,2019-08-07,10-Q,0001674335-19-000072,2019,Q2,https://data.sec.gov/api/xbrl/companyfacts/CIK0001674335.json,2026-10-10T12:46:58.015812+00:00,A_VERIFIER_IDENTITE_ET_PERIODE
0JW.F,0001674335,Revenues,RevenueFromContractWithCustomerExcludingAssessedTax,1010260000,USD,2019-01-01,2019-03-30,2020-02-24,10-K,0001674335-20-000033,2019,FY,https://data.sec.gov/api/xbrl/companyfacts/CIK0001674335.json,2026-10-10T12:46:58.015823+00:00,A_VERIFIER_IDENTITE_ET_PERIODE
0JW.F,0001674335,Revenues,RevenueFromContractWithCustomerExcludingAssessedTax,1010260000,USD,2019-01-01,2019-03-30,2020-05-06,10-Q,0001674335-20-000043,2020,Q1,https://data.sec.gov/api/xbrl/companyfacts/CIK0001674335.json,2026-10-10T12:46:58.015834+00:00,A_VERIFIER_IDENTITE_ET_PERIODE
0JW.F,0001674335,Revenues,RevenueFromContractWithCustomerExcludingAssessedTax,2129247000,USD,2019-01-01,2019-06-29,2019-08-07,10-Q,0001674335-19-000072,2019,Q2,https://data.sec.gov/api/xbrl/companyfacts/CIK0001674335.json,2026-10-10T12:46:58.015846+00:00,A_VERIFIER_IDENTITE_ET_PERIODE
0JW.F,0001674335,Revenues,RevenueFromContractWithCustomerExcludingAssessedTax,2129247000,USD,2019-01-01,2019-06-29,2020-08-05,10-Q,0001674335-20-000082,2020,Q1,https://data.sec.gov/api/xbrl/companyfacts/CIK0001674335.json,2026-10-10T12:46:58.015857+00:00,A_VERIFIER_IDENTITE_ET_PERIODE
0JW.F,0001674335,Revenues,RevenueFromContractWithCustomerExcludingAssessedTax,1118987000,USD,2019-03-31,2019-06-29,2019-08-07,10-Q,0001674335-19-000072,2019,Q2,https://data.sec.gov/api/xbrl/companyfacts/CIK0001674335.json,2026-10-10T12:46:58.015868+00:00,A_VERIFIER_IDENTITE_ET_PERIODE
0JW.F,0001674335,Revenues,RevenueFromContractWithCustomerExcludingAssessedTax,1118987000,USD,2019-03-31,2019-06-29,2020-02-24,10-K,0001674335-20-000033,2019,FY,https://data.sec.gov/api/xbrl/companyfacts/CIK0001674335.json,2026-10-10T12:46:58.015879+00:00,A_VERIFIER_IDENTITE_ET_PERIODE
0JW.F,0001674335,Revenues,RevenueFromContractWithCustomerExcludingAssessedTax,1118987000,USD,2019-03-31,2019-06-29,2020-08-05,10-Q,0001674335-20-000082,2020,Q1,https://data.sec.gov/api/xbrl/companyfacts/CIK0001674335.json,2026-10-10T12:46:58.015890+00:00,A_VERIFIER_IDENTITE_ET_PERIODE
0JW.F,0001674335,Revenues,RevenueFromContractWithCustomerExcludingAssessedTax,3221200000,USD,2019-01-01,2019-09-28,2019-11-06,10-Q,0001674335-19-000090,2019,Q3,https://data.sec.gov/api/xbrl/companyfacts/CIK0001674335.json,2026-10-10T12:46:58.015901+00:00,A_VERIFIER_IDENTITE_ET_PERIODE
0JW.F,0001674335,Revenues,RevenueFromContractWithCustomerExcludingAssessedTax,3221200000,USD,2019-01-01,2019-09-28,2020-11-03,10-Q,0001674335-20-000098,2020,Q3,https://data.sec.gov/api/xbrl/companyfacts/CIK0001674335.json,2026-10-10T12:46:58.015913+00:00,A_VERIFIER_IDENTITE_ET_PERIODE
0JW.F,0001674335,Revenues,RevenueFromContractWithCustomerExcludingAssessedTax,1091953000,USD,2019-06-30,2019-09-28,2019-11-06,10-Q,0001674335-19-000090,2019,Q3,https://data.sec.gov/api/xbrl/companyfacts/CIK0001674335.json,2026-10-10T12:46:58.015924+00:00,A_VERIFIER_IDENTITE_ET_PERIODE
0JW.F,0001674335,Revenues,RevenueFromContractWithCustomerExcludingAssessedTax,1091953000,USD,2019-06-30,2019-09-28,2020-02-24,10-K,0001674335-20-000033,2019,FY,https://data.sec.gov/api/xbrl/companyfacts/CIK0001674335.json,2026-10-10T12:46:58.015935+00:00,A_VERIFIER_IDENTITE_ET_PERIODE
0JW.F,0001674335,Revenues,RevenueFromContractWithCustomerExcludingAssessedTax,1091953000,USD,2019-06-30,2019-09-28,2020-11-03,10-Q,0001674335-20-000098,2020,Q3,https://data.sec.gov/api/xbrl/companyfacts/CIK0001674335.json,2026-10-10T12:46:58.015946+00:00,A_VERIFIER_IDENTITE_ET_PERIODE
0JW.F,0001674335,Revenues,RevenueFromContractWithCustomerExcludingAssessedTax,4289761000,USD,2019-01-01,2019-12-31,2020-02-24,10-K,0001674335-20-000033,2019,FY,https://data.sec.gov/api/xbrl/companyfacts/CIK0001674335.json,2026-10-10T12:46:58.015957+00:00,A_VERIFIER_IDENTITE_ET_PERIODE
0JW.F,0001674335,Revenues,RevenueFromContractWithCustomerExcludingAssessedTax,4289761000,USD,2019-01-01,2019-12-31,2021-02-23,10-K,0001674335-21-000012,2020,FY,https://data.sec.gov/api/xbrl/companyfacts/CIK0001674335.json,2026-10-10T12:46:58.015969+00:00,A_VERIFIER_IDENTITE_ET_PERIODE
0JW.F,0001674335,Revenues,RevenueFromContractWithCustomerExcludingAssessedTax,4289761000,USD,2019-01-01,2019-12-31,2022-02-22,10-K,0001674335-22-000028,2021,FY,https://data.sec.gov/api/xbrl/companyfacts/CIK0001674335.json,2026-10-10T12:46:58.015980+00:00,A_VERIFIER_IDENTITE_ET_PERIODE
0JW.F,0001674335,Revenues,RevenueFromContractWithCustomerExcludingAssessedTax,1068561000,USD,2019-09-29,2019-12-31,2020-02-24,10-K,0001674335-20-000033,2019,FY,https://data.sec.gov/api/xbrl/companyfacts/CIK0001674335.json,2026-10-10T12:46:58.015991+00:00,A_VERIFIER_IDENTITE_ET_PERIODE
0JW.F,0001674335,Revenues,RevenueFromContractWithCustomerExcludingAssessedTax,979187000,USD,2020-01-01,2020-03-28,2020-05-06,10-Q,0001674335-20-000043,2020,Q1,https://data.sec.gov/api/xbrl/companyfacts/CIK0001674335.json,2026-10-10T12:46:58.016002+00:00,A_VERIFIER_IDENTITE_ET_PERIODE
0JW.F,0001674335,Revenues,RevenueFromContractWithCustomerExcludingAssessedTax,979187000,USD,2020-01-01,2020-03-28,2021-04-30,10-Q,0001674335-21-000039,2021,Q1,https://data.sec.gov/api/xbrl/companyfacts/CIK0001674335.json,2026-10-10T12:46:58.016013+00:00,A_VERIFIER_IDENTITE_ET_PERIODE
0JW.F,0001674335,Revenues,RevenueFromContractWithCustomerExcludingAssessedTax,1971533000,USD,2020-01-01,2020-06-27,2020-08-05,10-Q,0001674335-20-000082,2020,Q1,https://data.sec.gov/api/xbrl/companyfacts/CIK0001674335.json,2026-10-10T12:46:58.016024+00:00,A_VERIFIER_IDENTITE_ET_PERIODE
0JW.F,0001674335,Revenues,RevenueFromContractWithCustomerExcludingAssessedTax,1971533000,USD,2020-01-01,2020-06-27,2021-08-02,10-Q,0001674335-21-000090,2021,Q2,https://data.sec.gov/api/xbrl/companyfacts/CIK0001674335.json,2026-10-10T12:46:58.016035+00:00,A_VERIFIER_IDENTITE_ET_PERIODE
0JW.F,0001674335,Revenues,RevenueFromContractWithCustomerExcludingAssessedTax,992346000,USD,2020-03-29,2020-06-27,2020-08-05,10-Q,0001674335-20-000082,2020,Q1,https://data.sec.gov/api/xbrl/companyfacts/CIK0001674335.json,2026-10-10T12:46:58.016046+00:00,A_VERIFIER_IDENTITE_ET_PERIODE
0JW.F,0001674335,Revenues,RevenueFromContractWithCustomerExcludingAssessedTax,992346000,USD,2020-03-29,2020-06-27,2021-08-02,10-Q,0001674335-21-000090,2021,Q2,https://data.sec.gov/api/xbrl/companyfacts/CIK0001674335.json,2026-10-10T12:46:58.016057+00:00,A_VERIFIER_IDENTITE_ET_PERIODE
0JW.F,0001674335,Revenues,RevenueFromContractWithCustomerExcludingAssessedTax,3084399000,USD,2020-01-01,2020-09-26,2020-11-03,10-Q,0001674335-20-000098,2020,Q3,https://data.sec.gov/api/xbrl/companyfacts/CIK0001674335.json,2026-10-10T12:46:58.016068+00:00,A_VERIFIER_IDENTITE_ET_PERIODE
0JW.F,0001674335,Revenues,RevenueFromContractWithCustomerExcludingAssessedTax,3084399000,USD,2020-01-01,2020-09-26,2021-11-01,10-Q,0001674335-21-000105,2021,Q3,https://data.sec.gov/api/xbrl/companyfacts/CIK0001674335.json,2026-10-10T12:46:58.016080+00:00,A_VERIFIER_IDENTITE_ET_PERIODE
0JW.F,0001674335,Revenues,RevenueFromContractWithCustomerExcludingAssessedTax,1112866000,USD,2020-06-28,2020-09-26,2020-11-03,10-Q,0001674335-20-000098,2020,Q3,https://data.sec.gov/api/xbrl/companyfacts/CIK0001674335.json,2026-10-10T12:46:58.016091+00:00,A_VERIFIER_IDENTITE_ET_PERIODE
0JW.F,0001674335,Revenues,RevenueFromContractWithCustomerExcludingAssessedTax,1112866000,USD,2020-06-28,2020-09-26,2021-11-01,10-Q,0001674335-21-000105,2021,Q3,https://data.sec.gov/api/xbrl/companyfacts/CIK0001674335.json,2026-10-10T12:46:58.016102+00:00,A_VERIFIER_IDENTITE_ET_PERIODE
0JW.F,0001674335,Revenues,RevenueFromContractWithCustomerExcludingAssessedTax,4235677000,USD,2020-01-01,2020-12-31,2021-02-23,10-K,0001674335-21-000012,2020,FY,https://data.sec.gov/api/xbrl/companyfacts/CIK0001674335.json,2026-10-10T12:46:58.016113+00:00,A_VERIFIER_IDENTITE_ET_PERIODE
0JW.F,0001674335,Revenues,RevenueFromContractWithCustomerExcludingAssessedTax,4235677000,USD,2020-01-01,2020-12-31,2022-02-22,10-K,0001674335-22-000028,2021,FY,https://data.sec.gov/api/xbrl/companyfacts/CIK0001674335.json,2026-10-10T12:46:58.016125+00:00,A_VERIFIER_IDENTITE_ET_PERIODE
0JW.F,0001674335,Revenues,RevenueFromContractWithCustomerExcludingAssessedTax,4235677000,USD,2020-01-01,2020-12-31,2023-02-21,10-K,0001674335-23-000039,2022,FY,https://data.sec.gov/api/xbrl/companyfacts/CIK0001674335.json,2026-10-10T12:46:58.016136+00:00,A_VERIFIER_IDENTITE_ET_PERIODE
0JW.F,0001674335,Revenues,RevenueFromContractWithCustomerExcludingAssessedTax,1092383000,USD,2021-01-01,2021-03-27,2021-04-30,10-Q,0001674335-21-000039,2021,Q1,https://data.sec.gov/api/xbrl/companyfacts/CIK0001674335.json,2026-10-10T12:46:58.016147+00:00,A_VERIFIER_IDENTITE_ET_PERIODE
0JW.F,0001674335,Revenues,RevenueFromContractWithCustomerExcludingAssessedTax,1092383000,USD,2021-01-01,2021-03-27,2022-05-02,10-Q,0001674335-22-000070,2022,Q1,https://data.sec.gov/api/xbrl/companyfacts/CIK0001674335.json,2026-10-10T12:46:58.016166+00:00,A_VERIFIER_IDENTITE_ET_PERIODE
0JW.F,0001674335,Revenues,RevenueFromContractWithCustomerExcludingAssessedTax,2338198000,USD,2021-01-01,2021-06-26,2021-08-02,10-Q,0001674335-21-000090,2021,Q2,https://data.sec.gov/api/xbrl/companyfacts/CIK0001674335.json,2026-10-10T12:46:58.016182+00:00,A_VERIFIER_IDENTITE_ET_PERIODE
0JW.F,0001674335,Revenues,RevenueFromContractWithCustomerExcludingAssessedTax,2338198000,USD,2021-01-01,2021-06-26,2022-08-01,10-Q,0001674335-22-000110,2022,Q2,https://data.sec.gov/api/xbrl/companyfacts/CIK0001674335.json,2026-10-10T12:46:58.016193+00:00,A_VERIFIER_IDENTITE_ET_PERIODE
0JW.F,0001674335,Revenues,RevenueFromContractWithCustomerExcludingAssessedTax,1245815000,USD,2021-03-28,2021-06-26,2021-08-02,10-Q,0001674335-21-000090,2021,Q2,https://data.sec.gov/api/xbrl/companyfacts/CIK0001674335.json,2026-10-10T12:46:58.016204+00:00,A_VERIFIER_IDENTITE_ET_PERIODE
0JW.F,0001674335,Revenues,RevenueFromContractWithCustomerExcludingAssessedTax,1245815000,USD,2021-03-28,2021-06-26,2022-08-01,10-Q,0001674335-22-000110,2022,Q2,https://data.sec.gov/api/xbrl/companyfacts/CIK0001674335.json,2026-10-10T12:46:58.016216+00:00,A_VERIFIER_IDENTITE_ET_PERIODE
0JW.F,0001674335,Revenues,RevenueFromContractWithCustomerExcludingAssessedTax,3484783000,USD,2021-01-01,2021-09-25,2021-11-01,10-Q,0001674335-21-000105,2021,Q3,https://data.sec.gov/api/xbrl/companyfacts/CIK0001674335.json,2026-10-10T12:46:58.016227+00:00,A_VERIFIER_IDENTITE_ET_PERIODE
0JW.F,0001674335,Revenues,RevenueFromContractWithCustomerExcludingAssessedTax,3484783000,USD,2021-01-01,2021-09-25,2022-11-01,10-Q,0001674335-22-000137,2022,Q3,https://data.sec.gov/api/xbrl/companyfacts/CIK0001674335.json,2026-10-10T12:46:58.016238+00:00,A_VERIFIER_IDENTITE_ET_PERIODE
0JW.F,0001674335,Revenues,RevenueFromContractWithCustomerExcludingAssessedTax,1146585000,USD,2021-06-27,2021-09-25,2021-11-01,10-Q,0001674335-21-000105,2021,Q3,https://data.sec.gov/api/xbrl/companyfacts/CIK0001674335.json,2026-10-10T12:46:58.016249+00:00,A_VERIFIER_IDENTITE_ET_PERIODE
0JW.F,0001674335,Revenues,RevenueFromContractWithCustomerExcludingAssessedTax,1146585000,USD,2021-06-27,2021-09-25,2022-11-01,10-Q,0001674335-22-000137,2022,Q3,https://data.sec.gov/api/xbrl/companyfacts/CIK0001674335.json,2026-10-10T12:46:58.016260+00:00,A_VERIFIER_IDENTITE_ET_PERIODE
0JW.F,0001674335,Revenues,RevenueFromContractWithCustomerExcludingAssessedTax,4771719000,USD,2021-01-01,2021-12-31,2022-02-22,10-K,0001674335-22-000028,2021,FY,https://data.sec.gov/api/xbrl/companyfacts/CIK0001674335.json,2026-10-10T12:46:58.016271+00:00,A_VERIFIER_IDENTITE_ET_PERIODE
0JW.F,0001674335,Revenues,RevenueFromContractWithCustomerExcludingAssessedTax,4771719000,USD,2021-01-01,2021-12-31,2023-02-21,10-K,0001674335-23-000039,2022,FY,https://data.sec.gov/api/xbrl/companyfacts/CIK0001674335.json,2026-10-10T12:46:58.016282+00:00,A_VERIFIER_IDENTITE_ET_PERIODE
0JW.F,0001674335,Revenues,RevenueFromContractWithCustomerExcludingAssessedTax,4181690000,USD,2021-01-01,2021-12-31,2024-02-20,10-K,0001674335-24-000059,2023,FY,https://data.sec.gov/api/xbrl/companyfacts/CIK0001674335.json,2026-10-10T12:46:58.016293+00:00,A_VERIFIER_IDENTITE_ET_PERIODE
0JW.F,0001674335,Revenues,RevenueFromContractWithCustomerExcludingAssessedTax,1171022000,USD,2022-01-01,2022-03-26,2022-05-02,10-Q,0001674335-22-000070,2022,Q1,https://data.sec.gov/api/xbrl/companyfacts/CIK0001674335.json,2026-10-10T12:46:58.016304+00:00,A_VERIFIER_IDENTITE_ET_PERIODE
0JW.F,0001674335,Revenues,RevenueFromContractWithCustomerExcludingAssessedTax,1171022000,USD,2022-01-01,2022-03-26,2023-05-09,10-Q,0001674335-23-000109,2023,Q1,https://data.sec.gov/api/xbrl/companyfacts/CIK0001674335.json,2026-10-10T12:46:58.016319+00:00,A_VERIFIER_IDENTITE_ET_PERIODE
0JW.F,0001674335,Revenues,RevenueFromContractWithCustomerExcludingAssessedTax,1045615000,USD,2022-01-01,2022-03-26,2024-02-20,10-K,0001674335-24-000059,2023,FY,https://data.sec.gov/api/xbrl/companyfacts/CIK0001674335.json,2026-10-10T12:46:58.016331+00:00,A_VERIFIER_IDENTITE_ET_PERIODE
0JW.F,0001674335,Revenues,RevenueFromContractWithCustomerExcludingAssessedTax,2501990000,USD,2022-01-01,2022-06-25,2022-08-01,10-Q,0001674335-22-000110,2022,Q2,https://data.sec.gov/api/xbrl/companyfacts/CIK0001674335.json,2026-10-10T12:46:58.016342+00:00,A_VERIFIER_IDENTITE_ET_PERIODE
0JW.F,0001674335,Revenues,RevenueFromContractWithCustomerExcludingAssessedTax,2224769000,USD,2022-01-01,2022-06-25,2023-08-08,10-Q,0001674335-23-000156,2023,Q2,https://data.sec.gov/api/xbrl/companyfacts/CIK0001674335.json,2026-10-10T12:46:58.016353+00:00,A_VERIFIER_IDENTITE_ET_PERIODE
0JW.F,0001674335,Revenues,RevenueFromContractWithCustomerExcludingAssessedTax,1330968000,USD,2022-03-27,2022-06-25,2022-08-01,10-Q,0001674335-22-000110,2022,Q2,https://data.sec.gov/api/xbrl/companyfacts/CIK0001674335.json,2026-10-10T12:46:58.016364+00:00,A_VERIFIER_IDENTITE_ET_PERIODE
0JW.F,0001674335,Revenues,RevenueFromContractWithCustomerExcludingAssessedTax,1179154000,USD,2022-03-27,2022-06-25,2023-08-08,10-Q,0001674335-23-000156,2023,Q2,https://data.sec.gov/api/xbrl/companyfacts/CIK0001674335.json,2026-10-10T12:46:58.016375+00:00,A_VERIFIER_IDENTITE_ET_PERIODE
0JW.F,0001674335,Revenues,RevenueFromContractWithCustomerExcludingAssessedTax,1179154000,USD,2022-03-27,2022-06-25,2024-02-20,10-K,0001674335-24-000059,2023,FY,https://data.sec.gov/api/xbrl/companyfacts/CIK0001674335.json,2026-10-10T12:46:58.016386+00:00,A_VERIFIER_IDENTITE_ET_PERIODE
0JW.F,0001674335,Revenues,RevenueFromContractWithCustomerExcludingAssessedTax,3797800000,USD,2022-01-01,2022-09-24,2022-11-01,10-Q,0001674335-22-000137,2022,Q3,https://data.sec.gov/api/xbrl/companyfacts/CIK0001674335.json,2026-10-10T12:46:58.016397+00:00,A_VERIFIER_IDENTITE_ET_PERIODE
0JW.F,0001674335,Revenues,RevenueFromContractWithCustomerExcludingAssessedTax,3364794000,USD,2022-01-01,2022-09-24,2023-11-07,10-Q,0001674335-23-000168,2023,Q3,https://data.sec.gov/api/xbrl/companyfacts/CIK0001674335.json,2026-10-10T12:46:58.016409+00:00,A_VERIFIER_IDENTITE_ET_PERIODE
0JW.F,0001674335,Revenues,RevenueFromContractWithCustomerExcludingAssessedTax,1295810000,USD,2022-06-26,2022-09-24,2022-11-01,10-Q,0001674335-22-000137,2022,Q3,https://data.sec.gov/api/xbrl/companyfacts/CIK0001674335.json,2026-10-10T12:46:58.016420+00:00,A_VERIFIER_IDENTITE_ET_PERIODE
0JW.F,0001674335,Revenues,RevenueFromContractWithCustomerExcludingAssessedTax,1140025000,USD,2022-06-26,2022-09-24,2023-11-07,10-Q,0001674335-23-000168,2023,Q3,https://data.sec.gov/api/xbrl/companyfacts/CIK0001674335.json,2026-10-10T12:46:58.016431+00:00,A_VERIFIER_IDENTITE_ET_PERIODE
0JW.F,0001674335,Revenues,RevenueFromContractWithCustomerExcludingAssessedTax,1140025000,USD,2022-06-26,2022-09-24,2024-02-20,10-K,0001674335-24-000059,2023,FY,https://data.sec.gov/api/xbrl/companyfacts/CIK0001674335.json,2026-10-10T12:46:58.016442+00:00,A_VERIFIER_IDENTITE_ET_PERIODE
0JW.F,0001674335,Revenues,RevenueFromContractWithCustomerExcludingAssessedTax,5129179000,USD,2022-01-01,2022-12-31,2023-02-21,10-K,0001674335-23-000039,2022,FY,https://data.sec.gov/api/xbrl/companyfacts/CIK0001674335.json,2026-10-10T12:46:58.016454+00:00,A_VERIFIER_IDENTITE_ET_PERIODE
0JW.F,0001674335,Revenues,RevenueFromContractWithCustomerExcludingAssessedTax,4543808000,USD,2022-01-01,2022-12-31,2024-02-20,10-K,0001674335-24-000059,2023,FY,https://data.sec.gov/api/xbrl/companyfacts/CIK0001674335.json,2026-10-10T12:46:58.016465+00:00,A_VERIFIER_IDENTITE_ET_PERIODE
0JW.F,0001674335,Revenues,RevenueFromContractWithCustomerExcludingAssessedTax,4543808000,USD,2022-01-01,2022-12-31,2025-02-20,10-K,0001674335-25-000055,2024,FY,https://data.sec.gov/api/xbrl/companyfacts/CIK0001674335.json,2026-10-10T12:46:58.016476+00:00,A_VERIFIER_IDENTITE_ET_PERIODE
0JW.F,0001674335,Revenues,RevenueFromContractWithCustomerExcludingAssessedTax,1179014000,USD,2022-09-25,2022-12-31,2024-02-20,10-K,0001674335-24-000059,2023,FY,https://data.sec.gov/api/xbrl/companyfacts/CIK0001674335.json,2026-10-10T12:46:58.016487+00:00,A_VERIFIER_IDENTITE_ET_PERIODE
0JW.F,0001674335,Revenues,RevenueFromContractWithCustomerExcludingAssessedTax,1222617000,USD,2023-01-01,2023-04-01,2023-05-09,10-Q,0001674335-23-000109,2023,Q1,https://data.sec.gov/api/xbrl/companyfacts/CIK0001674335.json,2026-10-10T12:46:58.016499+00:00,A_VERIFIER_IDENTITE_ET_PERIODE
0JW.F,0001674335,Revenues,RevenueFromContractWithCustomerExcludingAssessedTax,1080522000,USD,2023-01-01,2023-04-01,2024-02-20,10-K,0001674335-24-000059,2023,FY,https://data.sec.gov/api/xbrl/companyfacts/CIK0001674335.json,2026-10-10T12:46:58.016511+00:00,A_VERIFIER_IDENTITE_ET_PERIODE
0JW.F,0001674335,Revenues,RevenueFromContractWithCustomerExcludingAssessedTax,1080522000,USD,2023-01-01,2023-04-01,2024-05-07,10-Q,0001674335-24-000127,2024,Q1,https://data.sec.gov/api/xbrl/companyfacts/CIK0001674335.json,2026-10-10T12:46:58.016523+00:00,A_VERIFIER_IDENTITE_ET_PERIODE
0JW.F,0001674335,Revenues,RevenueFromContractWithCustomerExcludingAssessedTax,2206289000,USD,2023-01-01,2023-07-01,2023-08-08,10-Q,0001674335-23-000156,2023,Q2,https://data.sec.gov/api/xbrl/companyfacts/CIK0001674335.json,2026-10-10T12:46:58.016535+00:00,A_VERIFIER_IDENTITE_ET_PERIODE
0JW.F,0001674335,Revenues,RevenueFromContractWithCustomerExcludingAssessedTax,2206289000,USD,2023-01-01,2023-07-01,2024-08-06,10-Q,0001674335-24-000154,2024,Q2,https://data.sec.gov/api/xbrl/companyfacts/CIK0001674335.json,2026-10-10T12:46:58.016547+00:00,A_VERIFIER_IDENTITE_ET_PERIODE
0JW.F,0001674335,Revenues,RevenueFromContractWithCustomerExcludingAssessedTax,1125767000,USD,2023-04-02,2023-07-01,2023-08-08,10-Q,0001674335-23-000156,2023,Q2,https://data.sec.gov/api/xbrl/companyfacts/CIK0001674335.json,2026-10-10T12:46:58.016558+00:00,A_VERIFIER_IDENTITE_ET_PERIODE
0JW.F,0001674335,Revenues,RevenueFromContractWithCustomerExcludingAssessedTax,1125767000,USD,2023-04-02,2023-07-01,2024-02-20,10-K,0001674335-24-000059,2023,FY,https://data.sec.gov/api/xbrl/companyfacts/CIK0001674335.json,2026-10-10T12:46:58.016569+00:00,A_VERIFIER_IDENTITE_ET_PERIODE
0JW.F,0001674335,Revenues,RevenueFromContractWithCustomerExcludingAssessedTax,1125767000,USD,2023-04-02,2023-07-01,2024-08-06,10-Q,0001674335-24-000154,2024,Q2,https://data.sec.gov/api/xbrl/companyfacts/CIK0001674335.json,2026-10-10T12:46:58.016580+00:00,A_VERIFIER_IDENTITE_ET_PERIODE
0JW.F,0001674335,Revenues,RevenueFromContractWithCustomerExcludingAssessedTax,3283269000,USD,2023-01-01,2023-09-30,2023-11-07,10-Q,0001674335-23-000168,2023,Q3,https://data.sec.gov/api/xbrl/companyfacts/CIK0001674335.json,2026-10-10T12:46:58.016591+00:00,A_VERIFIER_IDENTITE_ET_PERIODE
0JW.F,0001674335,Revenues,RevenueFromContractWithCustomerExcludingAssessedTax,3283269000,USD,2023-01-01,2023-09-30,2024-11-06,10-Q,0001674335-24-000177,2024,Q3,https://data.sec.gov/api/xbrl/companyfacts/CIK0001674335.json,2026-10-10T12:46:58.016603+00:00,A_VERIFIER_IDENTITE_ET_PERIODE
0JW.F,0001674335,Revenues,RevenueFromContractWithCustomerExcludingAssessedTax,1076980000,USD,2023-07-02,2023-09-30,2023-11-07,10-Q,0001674335-23-000168,2023,Q3,https://data.sec.gov/api/xbrl/companyfacts/CIK0001674335.json,2026-10-10T12:46:58.016614+00:00,A_VERIFIER_IDENTITE_ET_PERIODE
0JW.F,0001674335,Revenues,RevenueFromContractWithCustomerExcludingAssessedTax,1076980000,USD,2023-07-02,2023-09-30,2024-02-20,10-K,0001674335-24-000059,2023,FY,https://data.sec.gov/api/xbrl/companyfacts/CIK0001674335.json,2026-10-10T12:46:58.016625+00:00,A_VERIFIER_IDENTITE_ET_PERIODE
0JW.F,0001674335,Revenues,RevenueFromContractWithCustomerExcludingAssessedTax,1076980000,USD,2023-07-02,2023-09-30,2024-11-06,10-Q,0001674335-24-000177,2024,Q3,https://data.sec.gov/api/xbrl/companyfacts/CIK0001674335.json,2026-10-10T12:46:58.016636+00:00,A_VERIFIER_IDENTITE_ET_PERIODE
0JW.F,0001674335,Revenues,RevenueFromContractWithCustomerExcludingAssessedTax,4304334000,USD,2023-01-01,2023-12-31,2024-02-20,10-K,0001674335-24-000059,2023,FY,https://data.sec.gov/api/xbrl/companyfacts/CIK0001674335.json,2026-10-10T12:46:58.016648+00:00,A_VERIFIER_IDENTITE_ET_PERIODE
0JW.F,0001674335,Revenues,RevenueFromContractWithCustomerExcludingAssessedTax,4304334000,USD,2023-01-01,2023-12-31,2025-02-20,10-K,0001674335-25-000055,2024,FY,https://data.sec.gov/api/xbrl/companyfacts/CIK0001674335.json,2026-10-10T12:46:58.016659+00:00,A_VERIFIER_IDENTITE_ET_PERIODE
0JW.F,0001674335,Revenues,RevenueFromContractWithCustomerExcludingAssessedTax,4304334000,USD,2023-01-01,2023-12-31,2026-02-23,10-K,0001674335-26-000043,2025,FY,https://data.sec.gov/api/xbrl/companyfacts/CIK0001674335.json,2026-10-10T12:46:58.016670+00:00,A_VERIFIER_IDENTITE_ET_PERIODE
0JW.F,0001674335,Revenues,RevenueFromContractWithCustomerExcludingAssessedTax,1021065000,USD,2023-10-01,2023-12-31,2024-02-20,10-K,0001674335-24-000059,2023,FY,https://data.sec.gov/api/xbrl/companyfacts/CIK0001674335.json,2026-10-10T12:46:58.016681+00:00,A_VERIFIER_IDENTITE_ET_PERIODE
0JW.F,0001674335,Revenues,RevenueFromContractWithCustomerExcludingAssessedTax,959126000,USD,2024-01-01,2024-03-30,2024-05-07,10-Q,0001674335-24-000127,2024,Q1,https://data.sec.gov/api/xbrl/companyfacts/CIK0001674335.json,2026-10-10T12:46:58.016692+00:00,A_VERIFIER_IDENTITE_ET_PERIODE
0JW.F,0001674335,Revenues,RevenueFromContractWithCustomerExcludingAssessedTax,959126000,USD,2024-01-01,2024-03-30,2025-05-08,10-Q,0001674335-25-000100,2025,Q1,https://data.sec.gov/api/xbrl/companyfacts/CIK0001674335.json,2026-10-10T12:46:58.016704+00:00,A_VERIFIER_IDENTITE_ET_PERIODE
0JW.F,0001674335,Revenues,RevenueFromContractWithCustomerExcludingAssessedTax,1945142000,USD,2024-01-01,2024-06-29,2024-08-06,10-Q,0001674335-24-000154,2024,Q2,https://data.sec.gov/api/xbrl/companyfacts/CIK0001674335.json,2026-10-10T12:46:58.016715+00:00,A_VERIFIER_IDENTITE_ET_PERIODE
0JW.F,0001674335,Revenues,RevenueFromContractWithCustomerExcludingAssessedTax,1945142000,USD,2024-01-01,2024-06-29,2025-08-06,10-Q,0001674335-25-000146,2025,Q2,https://data.sec.gov/api/xbrl/companyfacts/CIK0001674335.json,2026-10-10T12:46:58.016726+00:00,A_VERIFIER_IDENTITE_ET_PERIODE
0JW.F,0001674335,Revenues,RevenueFromContractWithCustomerExcludingAssessedTax,986016000,USD,2024-03-31,2024-06-29,2024-08-06,10-Q,0001674335-24-000154,2024,Q2,https://data.sec.gov/api/xbrl/companyfacts/CIK0001674335.json,2026-10-10T12:46:58.016737+00:00,A_VERIFIER_IDENTITE_ET_PERIODE
0JW.F,0001674335,Revenues,RevenueFromContractWithCustomerExcludingAssessedTax,986016000,USD,2024-03-31,2024-06-29,2025-08-06,10-Q,0001674335-25-000146,2025,Q2,https://data.sec.gov/api/xbrl/companyfacts/CIK0001674335.json,2026-10-10T12:46:58.016747+00:00,A_VERIFIER_IDENTITE_ET_PERIODE
0JW.F,0001674335,Revenues,RevenueFromContractWithCustomerExcludingAssessedTax,2879858000,USD,2024-01-01,2024-09-28,2024-11-06,10-Q,0001674335-24-000177,2024,Q3,https://data.sec.gov/api/xbrl/companyfacts/CIK0001674335.json,2026-10-10T12:46:58.016759+00:00,A_VERIFIER_IDENTITE_ET_PERIODE
0JW.F,0001674335,Revenues,RevenueFromContractWithCustomerExcludingAssessedTax,2879858000,USD,2024-01-01,2024-09-28,2025-11-06,10-Q,0001674335-25-000174,2025,Q3,https://data.sec.gov/api/xbrl/companyfacts/CIK0001674335.json,2026-10-10T12:46:58.016770+00:00,A_VERIFIER_IDENTITE_ET_PERIODE
0JW.F,0001674335,Revenues,RevenueFromContractWithCustomerExcludingAssessedTax,934716000,USD,2024-06-30,2024-09-28,2024-11-06,10-Q,0001674335-24-000177,2024,Q3,https://data.sec.gov/api/xbrl/companyfacts/CIK0001674335.json,2026-10-10T12:46:58.016781+00:00,A_VERIFIER_IDENTITE_ET_PERIODE
0JW.F,0001674335,Revenues,RevenueFromContractWithCustomerExcludingAssessedTax,934716000,USD,2024-06-30,2024-09-28,2025-11-06,10-Q,0001674335-25-000174,2025,Q3,https://data.sec.gov/api/xbrl/companyfacts/CIK0001674335.json,2026-10-10T12:46:58.016792+00:00,A_VERIFIER_IDENTITE_ET_PERIODE
0JW.F,0001674335,Revenues,RevenueFromContractWithCustomerExcludingAssessedTax,3775592000,USD,2024-01-01,2024-12-31,2025-02-20,10-K,0001674335-25-000055,2024,FY,https://data.sec.gov/api/xbrl/companyfacts/CIK0001674335.json,2026-10-10T12:46:58.016803+00:00,A_VERIFIER_IDENTITE_ET_PERIODE
0JW.F,0001674335,Revenues,RevenueFromContractWithCustomerExcludingAssessedTax,3775592000,USD,2024-01-01,2024-12-31,2026-02-23,10-K,0001674335-26-000043,2025,FY,https://data.sec.gov/api/xbrl/companyfacts/CIK0001674335.json,2026-10-10T12:46:58.016814+00:00,A_VERIFIER_IDENTITE_ET_PERIODE
0JW.F,0001674335,Revenues,RevenueFromContractWithCustomerExcludingAssessedTax,776006000,USD,2025-01-01,2025-03-29,2025-05-08,10-Q,0001674335-25-000100,2025,Q1,https://data.sec.gov/api/xbrl/companyfacts/CIK0001674335.json,2026-10-10T12:46:58.016825+00:00,A_VERIFIER_IDENTITE_ET_PERIODE
0JW.F,0001674335,Revenues,RevenueFromContractWithCustomerExcludingAssessedTax,776006000,USD,2025-01-01,2025-03-29,2026-05-05,10-Q,0001674335-26-000069,2026,Q1,https://data.sec.gov/api/xbrl/companyfacts/CIK0001674335.json,2026-10-10T12:46:58.016837+00:00,A_VERIFIER_IDENTITE_ET_PERIODE
0JW.F,0001674335,Revenues,RevenueFromContractWithCustomerExcludingAssessedTax,1599735000,USD,2025-01-01,2025-06-28,2025-08-06,10-Q,0001674335-25-000146,2025,Q2,https://data.sec.gov/api/xbrl/companyfacts/CIK0001674335.json,2026-10-10T12:46:58.016848+00:00,A_VERIFIER_IDENTITE_ET_PERIODE
0JW.F,0001674335,Revenues,RevenueFromContractWithCustomerExcludingAssessedTax,1599735000,USD,2025-01-01,2025-06-28,2026-08-04,10-Q,0001674335-26-000123,2026,Q2,https://data.sec.gov/api/xbrl/companyfacts/CIK0001674335.json,2026-10-10T12:46:58.016859+00:00,A_VERIFIER_IDENTITE_ET_PERIODE
0JW.F,0001674335,Revenues,RevenueFromContractWithCustomerExcludingAssessedTax,823729000,USD,2025-03-30,2025-06-28,2025-08-06,10-Q,0001674335-25-000146,2025,Q2,https://data.sec.gov/api/xbrl/companyfacts/CIK0001674335.json,2026-10-10T12:46:58.016870+00:00,A_VERIFIER_IDENTITE_ET_PERIODE
0JW.F,0001674335,Revenues,RevenueFromContractWithCustomerExcludingAssessedTax,823729000,USD,2025-03-30,2025-06-28,2026-08-04,10-Q,0001674335-26-000123,2026,Q2,https://data.sec.gov/api/xbrl/companyfacts/CIK0001674335.json,2026-10-10T12:46:58.016881+00:00,A_VERIFIER_IDENTITE_ET_PERIODE
0JW.F,0001674335,Revenues,RevenueFromContractWithCustomerExcludingAssessedTax,2409217000,USD,2025-01-01,2025-09-27,2025-11-06,10-Q,0001674335-25-000174,2025,Q3,https://data.sec.gov/api/xbrl/companyfacts/CIK0001674335.json,2026-10-10T12:46:58.016892+00:00,A_VERIFIER_IDENTITE_ET_PERIODE
0JW.F,0001674335,Revenues,RevenueFromContractWithCustomerExcludingAssessedTax,809482000,USD,2025-06-29,2025-09-27,2025-11-06,10-Q,0001674335-25-000174,2025,Q3,https://data.sec.gov/api/xbrl/companyfacts/CIK0001674335.json,2026-10-10T12:46:58.016903+00:00,A_VERIFIER_IDENTITE_ET_PERIODE
0JW.F,0001674335,Revenues,RevenueFromContractWithCustomerExcludingAssessedTax,3211181000,USD,2025-01-01,2025-12-31,2026-02-23,10-K,0001674335-26-000043,2025,FY,https://data.sec.gov/api/xbrl/companyfacts/CIK0001674335.json,2026-10-10T12:46:58.016914+00:00,A_VERIFIER_IDENTITE_ET_PERIODE
0JW.F,0001674335,Revenues,RevenueFromContractWithCustomerExcludingAssessedTax,722125000,USD,2026-01-01,2026-03-28,2026-05-05,10-Q,0001674335-26-000069,2026,Q1,https://data.sec.gov/api/xbrl/companyfacts/CIK0001674335.json,2026-10-10T12:46:58.016925+00:00,A_VERIFIER_IDENTITE_ET_PERIODE
0JW.F,0001674335,Revenues,RevenueFromContractWithCustomerExcludingAssessedTax,1539960000,USD,2026-01-01,2026-06-27,2026-08-04,10-Q,0001674335-26-000123,2026,Q2,https://data.sec.gov/api/xbrl/companyfacts/CIK0001674335.json,2026-10-10T12:46:58.016936+00:00,A_VERIFIER_IDENTITE_ET_PERIODE
0JW.F,0001674335,Revenues,RevenueFromContractWithCustomerExcludingAssessedTax,817835000,USD,2026-03-29,2026-06-27,2026-08-04,10-Q,0001674335-26-000123,2026,Q2,https://data.sec.gov/api/xbrl/companyfacts/CIK0001674335.json,2026-10-10T12:46:58.016948+00:00,A_VERIFIER_IDENTITE_ET_PERIODE
0JW.F,0001674335,Revenues,SalesRevenueNet,3381060000,USD,2015-01-01,2015-12-31,2018-03-06,10-K,0001674335-18-000038,2017,Q4,https://data.sec.gov/api/xbrl/companyfacts/CIK0001674335.json,2026-10-10T12:46:58.016962+00:00,A_VERIFIER_IDENTITE_ET_PERIODE
0JW.F,0001674335,Revenues,SalesRevenueNet,796547000,USD,2016-01-01,2016-03-26,2017-05-12,10-Q,0001674335-17-000018,2017,Q1,https://data.sec.gov/api/xbrl/companyfacts/CIK0001674335.json,2026-10-10T12:46:58.016973+00:00,A_VERIFIER_IDENTITE_ET_PERIODE
0JW.F,0001674335,Revenues,SalesRevenueNet,796547000,USD,2016-01-01,2016-03-26,2018-03-06,10-K,0001674335-18-000038,2017,Q4,https://data.sec.gov/api/xbrl/companyfacts/CIK0001674335.json,2026-10-10T12:46:58.016984+00:00,A_VERIFIER_IDENTITE_ET_PERIODE
0JW.F,0001674335,Revenues,SalesRevenueNet,1761155000,USD,2016-01-01,2016-06-25,2017-08-08,10-Q,0001674335-17-000028,2017,Q2,https://data.sec.gov/api/xbrl/companyfacts/CIK0001674335.json,2026-10-10T12:46:58.016995+00:00,A_VERIFIER_IDENTITE_ET_PERIODE
0JW.F,0001674335,Revenues,SalesRevenueNet,964608000,USD,2016-03-27,2016-06-25,2017-08-08,10-Q,0001674335-17-000028,2017,Q2,https://data.sec.gov/api/xbrl/companyfacts/CIK0001674335.json,2026-10-10T12:46:58.017006+00:00,A_VERIFIER_IDENTITE_ET_PERIODE
0JW.F,0001674335,Revenues,SalesRevenueNet,964608000,USD,2016-03-27,2016-06-25,2018-03-06,10-K,0001674335-18-000038,2017,Q4,https://data.sec.gov/api/xbrl/companyfacts/CIK0001674335.json,2026-10-10T12:46:58.017017+00:00,A_VERIFIER_IDENTITE_ET_PERIODE
0JW.F,0001674335,Revenues,SalesRevenueNet,2693630000,USD,2016-01-01,2016-09-24,2017-11-08,10-Q,0001674335-17-000054,2017,Q3,https://data.sec.gov/api/xbrl/companyfacts/CIK0001674335.json,2026-10-10T12:46:58.017028+00:00,A_VERIFIER_IDENTITE_ET_PERIODE
0JW.F,0001674335,Revenues,SalesRevenueNet,932475000,USD,2016-06-26,2016-09-24,2017-11-08,10-Q,0001674335-17-000054,2017,Q3,https://data.sec.gov/api/xbrl/companyfacts/CIK0001674335.json,2026-10-10T12:46:58.017039+00:00,A_VERIFIER_IDENTITE_ET_PERIODE
0JW.F,0001674335,Revenues,SalesRevenueNet,932475000,USD,2016-06-26,2016-09-24,2018-03-06,10-K,0001674335-18-000038,2017,Q4,https://data.sec.gov/api/xbrl/companyfacts/CIK0001674335.json,2026-10-10T12:46:58.017050+00:00,A_VERIFIER_IDENTITE_ET_PERIODE
0JW.F,0001674335,Revenues,SalesRevenueNet,3666799000,USD,2016-01-01,2016-12-31,2018-03-06,10-K,0001674335-18-000038,2017,Q4,https://data.sec.gov/api/xbrl/companyfacts/CIK0001674335.json,2026-10-10T12:46:58.017061+00:00,A_VERIFIER_IDENTITE_ET_PERIODE
0JW.F,0001674335,Revenues,SalesRevenueNet,973169000,USD,2016-09-25,2016-12-31,2018-03-06,10-K,0001674335-18-000038,2017,Q4,https://data.sec.gov/api/xbrl/companyfacts/CIK0001674335.json,2026-10-10T12:46:58.017072+00:00,A_VERIFIER_IDENTITE_ET_PERIODE
0JW.F,0001674335,Revenues,SalesRevenueNet,847787000,USD,2017-01-01,2017-04-01,2017-05-12,10-Q,0001674335-17-000018,2017,Q1,https://data.sec.gov/api/xbrl/companyfacts/CIK0001674335.json,2026-10-10T12:46:58.017083+00:00,A_VERIFIER_IDENTITE_ET_PERIODE
0JW.F,0001674335,Revenues,SalesRevenueNet,847787000,USD,2017-01-01,2017-04-01,2018-03-06,10-K,0001674335-18-000038,2017,Q4,https://data.sec.gov/api/xbrl/companyfacts/CIK0001674335.json,2026-10-10T12:46:58.017095+00:00,A_VERIFIER_IDENTITE_ET_PERIODE
0JW.F,0001674335,Revenues,SalesRevenueNet,847853000,USD,2017-01-01,2017-04-01,2018-05-09,10-Q,0001674335-18-000068,2018,Q1,https://data.sec.gov/api/xbrl/companyfacts/CIK0001674335.json,2026-10-10T12:46:58.017106+00:00,A_VERIFIER_IDENTITE_ET_PERIODE
0JW.F,0001674335,Revenues,SalesRevenueNet,1796523000,USD,2017-01-01,2017-07-01,2017-08-08,10-Q,0001674335-17-000028,2017,Q2,https://data.sec.gov/api/xbrl/companyfacts/CIK0001674335.json,2026-10-10T12:46:58.017117+00:00,A_VERIFIER_IDENTITE_ET_PERIODE
0JW.F,0001674335,Revenues,SalesRevenueNet,1796641000,USD,2017-01-01,2017-07-01,2018-08-07,10-Q,0001674335-18-000090,2018,Q2,https://data.sec.gov/api/xbrl/companyfacts/CIK0001674335.json,2026-10-10T12:46:58.017128+00:00,A_VERIFIER_IDENTITE_ET_PERIODE
0JW.F,0001674335,Revenues,SalesRevenueNet,948736000,USD,2017-04-02,2017-07-01,2017-08-08,10-Q,0001674335-17-000028,2017,Q2,https://data.sec.gov/api/xbrl/companyfacts/CIK0001674335.json,2026-10-10T12:46:58.017138+00:00,A_VERIFIER_IDENTITE_ET_PERIODE
0JW.F,0001674335,Revenues,SalesRevenueNet,948736000,USD,2017-04-02,2017-07-01,2018-03-06,10-K,0001674335-18-000038,2017,Q4,https://data.sec.gov/api/xbrl/companyfacts/CIK0001674335.json,2026-10-10T12:46:58.017149+00:00,A_VERIFIER_IDENTITE_ET_PERIODE
0JW.F,0001674335,Revenues,SalesRevenueNet,948788000,USD,2017-04-02,2017-07-01,2018-08-07,10-Q,0001674335-18-000090,2018,Q2,https://data.sec.gov/api/xbrl/companyfacts/CIK0001674335.json,2026-10-10T12:46:58.017167+00:00,A_VERIFIER_IDENTITE_ET_PERIODE
0JW.F,0001674335,Revenues,SalesRevenueNet,2787931000,USD,2017-01-01,2017-09-30,2017-11-08,10-Q,0001674335-17-000054,2017,Q3,https://data.sec.gov/api/xbrl/companyfacts/CIK0001674335.json,2026-10-10T12:46:58.017183+00:00,A_VERIFIER_IDENTITE_ET_PERIODE
0JW.F,0001674335,Revenues,SalesRevenueNet,991408000,USD,2017-07-02,2017-09-30,2017-11-08,10-Q,0001674335-17-000054,2017,Q3,https://data.sec.gov/api/xbrl/companyfacts/CIK0001674335.json,2026-10-10T12:46:58.017194+00:00,A_VERIFIER_IDENTITE_ET_PERIODE
0JW.F,0001674335,Revenues,SalesRevenueNet,991408000,USD,2017-07-02,2017-09-30,2018-03-06,10-K,0001674335-18-000038,2017,Q4,https://data.sec.gov/api/xbrl/companyfacts/CIK0001674335.json,2026-10-10T12:46:58.017205+00:00,A_VERIFIER_IDENTITE_ET_PERIODE
0JW.F,0001674335,Revenues,SalesRevenueNet,3763934000,USD,2017-01-01,2017-12-31,2018-03-06,10-K,0001674335-18-000038,2017,Q4,https://data.sec.gov/api/xbrl/companyfacts/CIK0001674335.json,2026-10-10T12:46:58.017217+00:00,A_VERIFIER_IDENTITE_ET_PERIODE
0JW.F,0001674335,Revenues,SalesRevenueNet,976003000,USD,2017-10-01,2017-12-31,2018-03-06,10-K,0001674335-18-000038,2017,Q4,https://data.sec.gov/api/xbrl/companyfacts/CIK0001674335.json,2026-10-10T12:46:58.017228+00:00,A_VERIFIER_IDENTITE_ET_PERIODE
0JW.F,0001674335,Revenues,SalesRevenueNet,946179000,USD,2018-01-01,2018-03-31,2018-05-09,10-Q,0001674335-18-000068,2018,Q1,https://data.sec.gov/api/xbrl/companyfacts/CIK0001674335.json,2026-10-10T12:46:58.017239+00:00,A_VERIFIER_IDENTITE_ET_PERIODE
0JW.F,0001674335,Revenues,SalesRevenueNet,2118676000,USD,2018-01-01,2018-06-30,2018-08-07,10-Q,0001674335-18-000090,2018,Q2,https://data.sec.gov/api/xbrl/companyfacts/CIK0001674335.json,2026-10-10T12:46:58.017250+00:00,A_VERIFIER_IDENTITE_ET_PERIODE
0JW.F,0001674335,Revenues,SalesRevenueNet,1172497000,USD,2018-04-01,2018-06-30,2018-08-07,10-Q,0001674335-18-000090,2018,Q2,https://data.sec.gov/api/xbrl/companyfacts/CIK0001674335.json,2026-10-10T12:46:58.017261+00:00,A_VERIFIER_IDENTITE_ET_PERIODE
0JW.F,0001674335,Cash,CashAndCashEquivalentsAtCarryingValue,113571000,USD,,2015-12-31,2017-05-12,10-Q,0001674335-17-000018,2017,Q1,https://data.sec.gov/api/xbrl/companyfacts/CIK0001674335.json,2026-10-10T12:46:58.017275+00:00,A_VERIFIER_IDENTITE_ET_PERIODE
0JW.F,0001674335,Cash,CashAndCashEquivalentsAtCarryingValue,113571000,USD,,2015-12-31,2017-08-08,10-Q,0001674335-17-000028,2017,Q2,https://data.sec.gov/api/xbrl/companyfacts/CIK0001674335.json,2026-10-10T12:46:58.017286+00:00,A_VERIFIER_IDENTITE_ET_PERIODE
0JW.F,0001674335,Cash,CashAndCashEquivalentsAtCarryingValue,113571000,USD,,2015-12-31,2017-11-08,10-Q,0001674335-17-000054,2017,Q3,https://data.sec.gov/api/xbrl/companyfacts/CIK0001674335.json,2026-10-10T12:46:58.017297+00:00,A_VERIFIER_IDENTITE_ET_PERIODE
0JW.F,0001674335,Cash,CashAndCashEquivalentsAtCarryingValue,43224000,USD,,2016-03-26,2017-05-12,10-Q,0001674335-17-000018,2017,Q1,https://data.sec.gov/api/xbrl/companyfacts/CIK0001674335.json,2026-10-10T12:46:58.017308+00:00,A_VERIFIER_IDENTITE_ET_PERIODE
0JW.F,0001674335,Cash,CashAndCashEquivalentsAtCarryingValue,56417000,USD,,2016-06-25,2017-08-08,10-Q,0001674335-17-000028,2017,Q2,https://data.sec.gov/api/xbrl/companyfacts/CIK0001674335.json,2026-10-10T12:46:58.017319+00:00,A_VERIFIER_IDENTITE_ET_PERIODE
0JW.F,0001674335,Cash,CashAndCashEquivalentsAtCarryingValue,65357000,USD,,2016-09-24,2017-11-08,10-Q,0001674335-17-000054,2017,Q3,https://data.sec.gov/api/xbrl/companyfacts/CIK0001674335.json,2026-10-10T12:46:58.017330+00:00,A_VERIFIER_IDENTITE_ET_PERIODE
0JW.F,0001674335,Cash,CashAndCashEquivalentsAtCarryingValue,102701000,USD,,2016-12-31,2017-05-12,10-Q,0001674335-17-000018,2017,Q1,https://data.sec.gov/api/xbrl/companyfacts/CIK0001674335.json,2026-10-10T12:46:58.017341+00:00,A_VERIFIER_IDENTITE_ET_PERIODE
0JW.F,0001674335,Cash,CashAndCashEquivalentsAtCarryingValue,102701000,USD,,2016-12-31,2017-08-08,10-Q,0001674335-17-000028,2017,Q2,https://data.sec.gov/api/xbrl/companyfacts/CIK0001674335.json,2026-10-10T12:46:58.017352+00:00,A_VERIFIER_IDENTITE_ET_PERIODE
0JW.F,0001674335,Cash,CashAndCashEquivalentsAtCarryingValue,102701000,USD,,2016-12-31,2017-11-08,10-Q,0001674335-17-000054,2017,Q3,https://data.sec.gov/api/xbrl/companyfacts/CIK0001674335.json,2026-10-10T12:46:58.017364+00:00,A_VERIFIER_IDENTITE_ET_PERIODE
0JW.F,0001674335,Cash,CashAndCashEquivalentsAtCarryingValue,102701000,USD,,2016-12-31,2018-03-06,10-K,0001674335-18-000038,2017,Q4,https://data.sec.gov/api/xbrl/companyfacts/CIK0001674335.json,2026-10-10T12:46:58.017375+00:00,A_VERIFIER_IDENTITE_ET_PERIODE
0JW.F,0001674335,Cash,CashAndCashEquivalentsAtCarryingValue,185505000,USD,,2017-04-01,2017-05-12,10-Q,0001674335-17-000018,2017,Q1,https://data.sec.gov/api/xbrl/companyfacts/CIK0001674335.json,2026-10-10T12:46:58.017386+00:00,A_VERIFIER_IDENTITE_ET_PERIODE
0JW.F,0001674335,Cash,CashAndCashEquivalentsAtCarryingValue,227663000,USD,,2017-07-01,2017-08-08,10-Q,0001674335-17-000028,2017,Q2,https://data.sec.gov/api/xbrl/companyfacts/CIK0001674335.json,2026-10-10T12:46:58.017398+00:00,A_VERIFIER_IDENTITE_ET_PERIODE
0JW.F,0001674335,Cash,CashAndCashEquivalentsAtCarryingValue,219457000,USD,,2017-09-30,2017-11-08,10-Q,0001674335-17-000054,2017,Q3,https://data.sec.gov/api/xbrl/companyfacts/CIK0001674335.json,2026-10-10T12:46:58.017410+00:00,A_VERIFIER_IDENTITE_ET_PERIODE
0JW.F,0001674335,Cash,CashAndCashEquivalentsAtCarryingValue,220175000,USD,,2017-12-31,2018-03-06,10-K,0001674335-18-000038,2017,Q4,https://data.sec.gov/api/xbrl/companyfacts/CIK0001674335.json,2026-10-10T12:46:58.017421+00:00,A_VERIFIER_IDENTITE_ET_PERIODE
0JW.F,0001674335,Cash,CashAndCashEquivalentsAtCarryingValue,220175000,USD,,2017-12-31,2018-05-09,10-Q,0001674335-18-000068,2018,Q1,https://data.sec.gov/api/xbrl/companyfacts/CIK0001674335.json,2026-10-10T12:46:58.017432+00:00,A_VERIFIER_IDENTITE_ET_PERIODE
0JW.F,0001674335,Cash,CashAndCashEquivalentsAtCarryingValue,220175000,USD,,2017-12-31,2018-08-07,10-Q,0001674335-18-000090,2018,Q2,https://data.sec.gov/api/xbrl/companyfacts/CIK0001674335.json,2026-10-10T12:46:58.017443+00:00,A_VERIFIER_IDENTITE_ET_PERIODE
0JW.F,0001674335,Cash,CashAndCashEquivalentsAtCarryingValue,220175000,USD,,2017-12-31,2018-11-07,10-Q,0001674335-18-000108,2018,Q3,https://data.sec.gov/api/xbrl/companyfacts/CIK0001674335.json,2026-10-10T12:46:58.017454+00:00,A_VERIFIER_IDENTITE_ET_PERIODE
0JW.F,0001674335,Cash,CashAndCashEquivalentsAtCarryingValue,220175000,USD,,2017-12-31,2019-03-01,10-K,0001674335-19-000023,2018,FY,https://data.sec.gov/api/xbrl/companyfacts/CIK0001674335.json,2026-10-10T12:46:58.017466+00:00,A_VERIFIER_IDENTITE_ET_PERIODE
0JW.F,0001674335,Cash,CashAndCashEquivalentsAtCarryingValue,102972000,USD,,2018-03-31,2018-05-09,10-Q,0001674335-18-000068,2018,Q1,https://data.sec.gov/api/xbrl/companyfacts/CIK0001674335.json,2026-10-10T12:46:58.017477+00:00,A_VERIFIER_IDENTITE_ET_PERIODE
0JW.F,0001674335,Cash,CashAndCashEquivalentsAtCarryingValue,137619000,USD,,2018-06-30,2018-08-07,10-Q,0001674335-18-000090,2018,Q2,https://data.sec.gov/api/xbrl/companyfacts/CIK0001674335.json,2026-10-10T12:46:58.017488+00:00,A_VERIFIER_IDENTITE_ET_PERIODE
0JW.F,0001674335,Cash,CashAndCashEquivalentsAtCarryingValue,151436000,USD,,2018-09-29,2018-11-07,10-Q,0001674335-18-000108,2018,Q3,https://data.sec.gov/api/xbrl/companyfacts/CIK0001674335.json,2026-10-10T12:46:58.017500+00:00,A_VERIFIER_IDENTITE_ET_PERIODE
0JW.F,0001674335,Cash,CashAndCashEquivalentsAtCarryingValue,116991000,USD,,2018-12-31,2019-03-01,10-K,0001674335-19-000023,2018,FY,https://data.sec.gov/api/xbrl/companyfacts/CIK0001674335.json,2026-10-10T12:46:58.017511+00:00,A_VERIFIER_IDENTITE_ET_PERIODE
0JW.F,0001674335,Cash,CashAndCashEquivalentsAtCarryingValue,116991000,USD,,2018-12-31,2019-05-08,10-Q,0001674335-19-000039,2019,Q1,https://data.sec.gov/api/xbrl/companyfacts/CIK0001674335.json,2026-10-10T12:46:58.017522+00:00,A_VERIFIER_IDENTITE_ET_PERIODE
0JW.F,0001674335,Cash,CashAndCashEquivalentsAtCarryingValue,116991000,USD,,2018-12-31,2019-08-07,10-Q,0001674335-19-000072,2019,Q2,https://data.sec.gov/api/xbrl/companyfacts/CIK0001674335.json,2026-10-10T12:46:58.017533+00:00,A_VERIFIER_IDENTITE_ET_PERIODE
0JW.F,0001674335,Cash,CashAndCashEquivalentsAtCarryingValue,116991000,USD,,2018-12-31,2019-11-06,10-Q,0001674335-19-000090,2019,Q3,https://data.sec.gov/api/xbrl/companyfacts/CIK0001674335.json,2026-10-10T12:46:58.017544+00:00,A_VERIFIER_IDENTITE_ET_PERIODE
0JW.F,0001674335,Cash,CashAndCashEquivalentsAtCarryingValue,116991000,USD,,2018-12-31,2020-02-24,10-K,0001674335-20-000033,2019,FY,https://data.sec.gov/api/xbrl/companyfacts/CIK0001674335.json,2026-10-10T12:46:58.017555+00:00,A_VERIFIER_IDENTITE_ET_PERIODE
0JW.F,0001674335,Cash,CashAndCashEquivalentsAtCarryingValue,94003000,USD,,2019-03-30,2019-05-08,10-Q,0001674335-19-000039,2019,Q1,https://data.sec.gov/api/xbrl/companyfacts/CIK0001674335.json,2026-10-10T12:46:58.017566+00:00,A_VERIFIER_IDENTITE_ET_PERIODE
0JW.F,0001674335,Cash,CashAndCashEquivalentsAtCarryingValue,119562000,USD,,2019-06-29,2019-08-07,10-Q,0001674335-19-000072,2019,Q2,https://data.sec.gov/api/xbrl/companyfacts/CIK0001674335.json,2026-10-10T12:46:58.017577+00:00,A_VERIFIER_IDENTITE_ET_PERIODE
0JW.F,0001674335,Cash,CashAndCashEquivalentsAtCarryingValue,127857000,USD,,2019-09-28,2019-11-06,10-Q,0001674335-19-000090,2019,Q3,https://data.sec.gov/api/xbrl/companyfacts/CIK0001674335.json,2026-10-10T12:46:58.017589+00:00,A_VERIFIER_IDENTITE_ET_PERIODE
0JW.F,0001674335,Cash,CashAndCashEquivalentsAtCarryingValue,225962000,USD,,2019-12-31,2020-02-24,10-K,0001674335-20-000033,2019,FY,https://data.sec.gov/api/xbrl/companyfacts/CIK0001674335.json,2026-10-10T12:46:58.017600+00:00,A_VERIFIER_IDENTITE_ET_PERIODE
0JW.F,0001674335,Cash,CashAndCashEquivalentsAtCarryingValue,225962000,USD,,2019-12-31,2020-05-06,10-Q,0001674335-20-000043,2020,Q1,https://data.sec.gov/api/xbrl/companyfacts/CIK0001674335.json,2026-10-10T12:46:58.017611+00:00,A_VERIFIER_IDENTITE_ET_PERIODE
0JW.F,0001674335,Cash,CashAndCashEquivalentsAtCarryingValue,225962000,USD,,2019-12-31,2020-08-05,10-Q,0001674335-20-000082,2020,Q1,https://data.sec.gov/api/xbrl/companyfacts/CIK0001674335.json,2026-10-10T12:46:58.017622+00:00,A_VERIFIER_IDENTITE_ET_PERIODE
0JW.F,0001674335,Cash,CashAndCashEquivalentsAtCarryingValue,225962000,USD,,2019-12-31,2020-11-03,10-Q,0001674335-20-000098,2020,Q3,https://data.sec.gov/api/xbrl/companyfacts/CIK0001674335.json,2026-10-10T12:46:58.017634+00:00,A_VERIFIER_IDENTITE_ET_PERIODE
0JW.F,0001674335,Cash,CashAndCashEquivalentsAtCarryingValue,225962000,USD,,2019-12-31,2021-02-23,10-K,0001674335-21-000012,2020,FY,https://data.sec.gov/api/xbrl/companyfacts/CIK0001674335.json,2026-10-10T12:46:58.017645+00:00,A_VERIFIER_IDENTITE_ET_PERIODE
0JW.F,0001674335,Cash,CashAndCashEquivalentsAtCarryingValue,214297000,USD,,2020-03-28,2020-05-06,10-Q,0001674335-20-000043,2020,Q1,https://data.sec.gov/api/xbrl/companyfacts/CIK0001674335.json,2026-10-10T12:46:58.017656+00:00,A_VERIFIER_IDENTITE_ET_PERIODE
0JW.F,0001674335,Cash,CashAndCashEquivalentsAtCarryingValue,457655000,USD,,2020-06-27,2020-08-05,10-Q,0001674335-20-000082,2020,Q1,https://data.sec.gov/api/xbrl/companyfacts/CIK0001674335.json,2026-10-10T12:46:58.017667+00:00,A_VERIFIER_IDENTITE_ET_PERIODE
0JW.F,0001674335,Cash,CashAndCashEquivalentsAtCarryingValue,605779000,USD,,2020-09-26,2020-11-03,10-Q,0001674335-20-000098,2020,Q3,https://data.sec.gov/api/xbrl/companyfacts/CIK0001674335.json,2026-10-10T12:46:58.017679+00:00,A_VERIFIER_IDENTITE_ET_PERIODE
0JW.F,0001674335,Cash,CashAndCashEquivalentsAtCarryingValue,735820000,USD,,2020-12-31,2021-02-23,10-K,0001674335-21-000012,2020,FY,https://data.sec.gov/api/xbrl/companyfacts/CIK0001674335.json,2026-10-10T12:46:58.017690+00:00,A_VERIFIER_IDENTITE_ET_PERIODE
0JW.F,0001674335,Cash,CashAndCashEquivalentsAtCarryingValue,735820000,USD,,2020-12-31,2021-04-30,10-Q,0001674335-21-000039,2021,Q1,https://data.sec.gov/api/xbrl/companyfacts/CIK0001674335.json,2026-10-10T12:46:58.017701+00:00,A_VERIFIER_IDENTITE_ET_PERIODE
0JW.F,0001674335,Cash,CashAndCashEquivalentsAtCarryingValue,735820000,USD,,2020-12-31,2021-08-02,10-Q,0001674335-21-000090,2021,Q2,https://data.sec.gov/api/xbrl/companyfacts/CIK0001674335.json,2026-10-10T12:46:58.017712+00:00,A_VERIFIER_IDENTITE_ET_PERIODE
0JW.F,0001674335,Cash,CashAndCashEquivalentsAtCarryingValue,735820000,USD,,2020-12-31,2021-11-01,10-Q,0001674335-21-000105,2021,Q3,https://data.sec.gov/api/xbrl/companyfacts/CIK0001674335.json,2026-10-10T12:46:58.017724+00:00,A_VERIFIER_IDENTITE_ET_PERIODE
0JW.F,0001674335,Cash,CashAndCashEquivalentsAtCarryingValue,735820000,USD,,2020-12-31,2022-02-22,10-K,0001674335-22-000028,2021,FY,https://data.sec.gov/api/xbrl/companyfacts/CIK0001674335.json,2026-10-10T12:46:58.017735+00:00,A_VERIFIER_IDENTITE_ET_PERIODE
0JW.F,0001674335,Cash,CashAndCashEquivalentsAtCarryingValue,612818000,USD,,2021-03-27,2021-04-30,10-Q,0001674335-21-000039,2021,Q1,https://data.sec.gov/api/xbrl/companyfacts/CIK0001674335.json,2026-10-10T12:46:58.017746+00:00,A_VERIFIER_IDENTITE_ET_PERIODE
0JW.F,0001674335,Cash,CashAndCashEquivalentsAtCarryingValue,618311000,USD,,2021-06-26,2021-08-02,10-Q,0001674335-21-000090,2021,Q2,https://data.sec.gov/api/xbrl/companyfacts/CIK0001674335.json,2026-10-10T12:46:58.017758+00:00,A_VERIFIER_IDENTITE_ET_PERIODE
0JW.F,0001674335,Cash,CashAndCashEquivalentsAtCarryingValue,443851000,USD,,2021-09-25,2021-11-01,10-Q,0001674335-21-000105,2021,Q3,https://data.sec.gov/api/xbrl/companyfacts/CIK0001674335.json,2026-10-10T12:46:58.017769+00:00,A_VERIFIER_IDENTITE_ET_PERIODE
0JW.F,0001674335,Cash,CashAndCashEquivalentsAtCarryingValue,395596000,USD,,2021-12-31,2022-02-22,10-K,0001674335-22-000028,2021,FY,https://data.sec.gov/api/xbrl/companyfacts/CIK0001674335.json,2026-10-10T12:46:58.017780+00:00,A_VERIFIER_IDENTITE_ET_PERIODE
0JW.F,0001674335,Cash,CashAndCashEquivalentsAtCarryingValue,395596000,USD,,2021-12-31,2022-05-02,10-Q,0001674335-22-000070,2022,Q1,https://data.sec.gov/api/xbrl/companyfacts/CIK0001674335.json,2026-10-10T12:46:58.017791+00:00,A_VERIFIER_IDENTITE_ET_PERIODE
0JW.F,0001674335,Cash,CashAndCashEquivalentsAtCarryingValue,395596000,USD,,2021-12-31,2022-08-01,10-Q,0001674335-22-000110,2022,Q2,https://data.sec.gov/api/xbrl/companyfacts/CIK0001674335.json,2026-10-10T12:46:58.017803+00:00,A_VERIFIER_IDENTITE_ET_PERIODE
0JW.F,0001674335,Cash,CashAndCashEquivalentsAtCarryingValue,395596000,USD,,2021-12-31,2022-11-01,10-Q,0001674335-22-000137,2022,Q3,https://data.sec.gov/api/xbrl/companyfacts/CIK0001674335.json,2026-10-10T12:46:58.017814+00:00,A_VERIFIER_IDENTITE_ET_PERIODE
0JW.F,0001674335,Cash,CashAndCashEquivalentsAtCarryingValue,395596000,USD,,2021-12-31,2023-02-21,10-K,0001674335-23-000039,2022,FY,https://data.sec.gov/api/xbrl/companyfacts/CIK0001674335.json,2026-10-10T12:46:58.017825+00:00,A_VERIFIER_IDENTITE_ET_PERIODE
0JW.F,0001674335,Cash,CashAndCashEquivalentsAtCarryingValue,265649000,USD,,2022-03-26,2022-05-02,10-Q,0001674335-22-000070,2022,Q1,https://data.sec.gov/api/xbrl/companyfacts/CIK0001674335.json,2026-10-10T12:46:58.017836+00:00,A_VERIFIER_IDENTITE_ET_PERIODE
0JW.F,0001674335,Cash,CashAndCashEquivalentsAtCarryingValue,272510000,USD,,2022-06-25,2022-08-01,10-Q,0001674335-22-000110,2022,Q2,https://data.sec.gov/api/xbrl/companyfacts/CIK0001674335.json,2026-10-10T12:46:58.017847+00:00,A_VERIFIER_IDENTITE_ET_PERIODE
0JW.F,0001674335,Cash,CashAndCashEquivalentsAtCarryingValue,199809000,USD,,2022-09-24,2022-11-01,10-Q,0001674335-22-000137,2022,Q3,https://data.sec.gov/api/xbrl/companyfacts/CIK0001674335.json,2026-10-10T12:46:58.017858+00:00,A_VERIFIER_IDENTITE_ET_PERIODE
0JW.F,0001674335,Cash,CashAndCashEquivalentsAtCarryingValue,219405000,USD,,2022-12-31,2023-02-21,10-K,0001674335-23-000039,2022,FY,https://data.sec.gov/api/xbrl/companyfacts/CIK0001674335.json,2026-10-10T12:46:58.017870+00:00,A_VERIFIER_IDENTITE_ET_PERIODE
0JW.F,0001674335,Cash,CashAndCashEquivalentsAtCarryingValue,219405000,USD,,2022-12-31,2023-05-09,10-Q,0001674335-23-000109,2023,Q1,https://data.sec.gov/api/xbrl/companyfacts/CIK0001674335.json,2026-10-10T12:46:58.017881+00:00,A_VERIFIER_IDENTITE_ET_PERIODE
0JW.F,0001674335,Cash,CashAndCashEquivalentsAtCarryingValue,164475000,USD,,2022-12-31,2023-08-08,10-Q,0001674335-23-000156,2023,Q2,https://data.sec.gov/api/xbrl/companyfacts/CIK0001674335.json,2026-10-10T12:46:58.017892+00:00,A_VERIFIER_IDENTITE_ET_PERIODE
0JW.F,0001674335,Cash,CashAndCashEquivalentsAtCarryingValue,164475000,USD,,2022-12-31,2023-11-07,10-Q,0001674335-23-000168,2023,Q3,https://data.sec.gov/api/xbrl/companyfacts/CIK0001674335.json,2026-10-10T12:46:58.017906+00:00,A_VERIFIER_IDENTITE_ET_PERIODE
0JW.F,0001674335,Cash,CashAndCashEquivalentsAtCarryingValue,164475000,USD,,2022-12-31,2024-02-20,10-K,0001674335-24-000059,2023,FY,https://data.sec.gov/api/xbrl/companyfacts/CIK0001674335.json,2026-10-10T12:46:58.017918+00:00,A_VERIFIER_IDENTITE_ET_PERIODE
0JW.F,0001674335,Cash,CashAndCashEquivalentsAtCarryingValue,202552000,USD,,2023-04-01,2023-05-09,10-Q,0001674335-23-000109,2023,Q1,https://data.sec.gov/api/xbrl/companyfacts/CIK0001674335.json,2026-10-10T12:46:58.017929+00:00,A_VERIFIER_IDENTITE_ET_PERIODE
0JW.F,0001674335,Cash,CashAndCashEquivalentsAtCarryingValue,188948000,USD,,2023-07-01,2023-08-08,10-Q,0001674335-23-000156,2023,Q2,https://data.sec.gov/api/xbrl/companyfacts/CIK0001674335.json,2026-10-10T12:46:58.017940+00:00,A_VERIFIER_IDENTITE_ET_PERIODE
0JW.F,0001674335,Cash,CashAndCashEquivalentsAtCarryingValue,239219000,USD,,2023-09-30,2023-11-07,10-Q,0001674335-23-000168,2023,Q3,https://data.sec.gov/api/xbrl/companyfacts/CIK0001674335.json,2026-10-10T12:46:58.017951+00:00,A_VERIFIER_IDENTITE_ET_PERIODE
0JW.F,0001674335,Cash,CashAndCashEquivalentsAtCarryingValue,288312000,USD,,2023-12-31,2024-02-20,10-K,0001674335-24-000059,2023,FY,https://data.sec.gov/api/xbrl/companyfacts/CIK0001674335.json,2026-10-10T12:46:58.017963+00:00,A_VERIFIER_IDENTITE_ET_PERIODE
0JW.F,0001674335,Cash,CashAndCashEquivalentsAtCarryingValue,288312000,USD,,2023-12-31,2024-05-07,10-Q,0001674335-24-000127,2024,Q1,https://data.sec.gov/api/xbrl/companyfacts/CIK0001674335.json,2026-10-10T12:46:58.017974+00:00,A_VERIFIER_IDENTITE_ET_PERIODE
0JW.F,0001674335,Cash,CashAndCashEquivalentsAtCarryingValue,288312000,USD,,2023-12-31,2024-08-06,10-Q,0001674335-24-000154,2024,Q2,https://data.sec.gov/api/xbrl/companyfacts/CIK0001674335.json,2026-10-10T12:46:58.017985+00:00,A_VERIFIER_IDENTITE_ET_PERIODE
0JW.F,0001674335,Cash,CashAndCashEquivalentsAtCarryingValue,288312000,USD,,2023-12-31,2024-11-06,10-Q,0001674335-24-000177,2024,Q3,https://data.sec.gov/api/xbrl/companyfacts/CIK0001674335.json,2026-10-10T12:46:58.017996+00:00,A_VERIFIER_IDENTITE_ET_PERIODE
0JW.F,0001674335,Cash,CashAndCashEquivalentsAtCarryingValue,288312000,USD,,2023-12-31,2025-02-20,10-K,0001674335-25-000055,2024,FY,https://data.sec.gov/api/xbrl/companyfacts/CIK0001674335.json,2026-10-10T12:46:58.018007+00:00,A_VERIFIER_IDENTITE_ET_PERIODE
0JW.F,0001674335,Cash,CashAndCashEquivalentsAtCarryingValue,234452000,USD,,2024-03-30,2024-05-07,10-Q,0001674335-24-000127,2024,Q1,https://data.sec.gov/api/xbrl/companyfacts/CIK0001674335.json,2026-10-10T12:46:58.018018+00:00,A_VERIFIER_IDENTITE_ET_PERIODE
0JW.F,0001674335,Cash,CashAndCashEquivalentsAtCarryingValue,212821000,USD,,2024-06-29,2024-08-06,10-Q,0001674335-24-000154,2024,Q2,https://data.sec.gov/api/xbrl/companyfacts/CIK0001674335.json,2026-10-10T12:46:58.018030+00:00,A_VERIFIER_IDENTITE_ET_PERIODE
0JW.F,0001674335,Cash,CashAndCashEquivalentsAtCarryingValue,208500000,USD,,2024-09-28,2024-11-06,10-Q,0001674335-24-000177,2024,Q3,https://data.sec.gov/api/xbrl/companyfacts/CIK0001674335.json,2026-10-10T12:46:58.018041+00:00,A_VERIFIER_IDENTITE_ET_PERIODE
0JW.F,0001674335,Cash,CashAndCashEquivalentsAtCarryingValue,150337000,USD,,2024-12-31,2025-02-20,10-K,0001674335-25-000055,2024,FY,https://data.sec.gov/api/xbrl/companyfacts/CIK0001674335.json,2026-10-10T12:46:58.018052+00:00,A_VERIFIER_IDENTITE_ET_PERIODE
0JW.F,0001674335,Cash,CashAndCashEquivalentsAtCarryingValue,150337000,USD,,2024-12-31,2025-05-08,10-Q,0001674335-25-000100,2025,Q1,https://data.sec.gov/api/xbrl/companyfacts/CIK0001674335.json,2026-10-10T12:46:58.018064+00:00,A_VERIFIER_IDENTITE_ET_PERIODE
0JW.F,0001674335,Cash,CashAndCashEquivalentsAtCarryingValue,150337000,USD,,2024-12-31,2025-08-06,10-Q,0001674335-25-000146,2025,Q2,https://data.sec.gov/api/xbrl/companyfacts/CIK0001674335.json,2026-10-10T12:46:58.018075+00:00,A_VERIFIER_IDENTITE_ET_PERIODE
0JW.F,0001674335,Cash,CashAndCashEquivalentsAtCarryingValue,150337000,USD,,2024-12-31,2025-11-06,10-Q,0001674335-25-000174,2025,Q3,https://data.sec.gov/api/xbrl/companyfacts/CIK0001674335.json,2026-10-10T12:46:58.018086+00:00,A_VERIFIER_IDENTITE_ET_PERIODE
0JW.F,0001674335,Cash,CashAndCashEquivalentsAtCarryingValue,150337000,USD,,2024-12-31,2026-02-23,10-K,0001674335-26-000043,2025,FY,https://data.sec.gov/api/xbrl/companyfacts/CIK0001674335.json,2026-10-10T12:46:58.018097+00:00,A_VERIFIER_IDENTITE_ET_PERIODE
0JW.F,0001674335,Cash,CashAndCashEquivalentsAtCarryingValue,132469000,USD,,2025-03-29,2025-05-08,10-Q,0001674335-25-000100,2025,Q1,https://data.sec.gov/api/xbrl/companyfacts/CIK0001674335.json,2026-10-10T12:46:58.018109+00:00,A_VERIFIER_IDENTITE_ET_PERIODE
0JW.F,0001674335,Cash,CashAndCashEquivalentsAtCarryingValue,134109000,USD,,2025-06-28,2025-08-06,10-Q,0001674335-25-000146,2025,Q2,https://data.sec.gov/api/xbrl/companyfacts/CIK0001674335.json,2026-10-10T12:46:58.018120+00:00,A_VERIFIER_IDENTITE_ET_PERIODE
0JW.F,0001674335,Cash,CashAndCashEquivalentsAtCarryingValue,106676000,USD,,2025-09-27,2025-11-06,10-Q,0001674335-25-000174,2025,Q3,https://data.sec.gov/api/xbrl/companyfacts/CIK0001674335.json,2026-10-10T12:46:58.018131+00:00,A_VERIFIER_IDENTITE_ET_PERIODE
0JW.F,0001674335,Cash,CashAndCashEquivalentsAtCarryingValue,136103000,USD,,2025-12-31,2026-02-23,10-K,0001674335-26-000043,2025,FY,https://data.sec.gov/api/xbrl/companyfacts/CIK0001674335.json,2026-10-10T12:46:58.018142+00:00,A_VERIFIER_IDENTITE_ET_PERIODE
0JW.F,0001674335,Cash,CashAndCashEquivalentsAtCarryingValue,136103000,USD,,2025-12-31,2026-05-05,10-Q,0001674335-26-000069,2026,Q1,https://data.sec.gov/api/xbrl/companyfacts/CIK0001674335.json,2026-10-10T12:46:58.018154+00:00,A_VERIFIER_IDENTITE_ET_PERIODE
0JW.F,0001674335,Cash,CashAndCashEquivalentsAtCarryingValue,136103000,USD,,2025-12-31,2026-08-04,10-Q,0001674335-26-000123,2026,Q2,https://data.sec.gov/api/xbrl/companyfacts/CIK0001674335.json,2026-10-10T12:46:58.018179+00:00,A_VERIFIER_IDENTITE_ET_PERIODE
0JW.F,0001674335,Cash,CashAndCashEquivalentsAtCarryingValue,50361000,USD,,2026-03-28,2026-05-05,10-Q,0001674335-26-000069,2026,Q1,https://data.sec.gov/api/xbrl/companyfacts/CIK0001674335.json,2026-10-10T12:46:58.018191+00:00,A_VERIFIER_IDENTITE_ET_PERIODE
0JW.F,0001674335,Cash,CashAndCashEquivalentsAtCarryingValue,57218000,USD,,2026-06-27,2026-08-04,10-Q,0001674335-26-000123,2026,Q2,https://data.sec.gov/api/xbrl/companyfacts/CIK0001674335.json,2026-10-10T12:46:58.018203+00:00,A_VERIFIER_IDENTITE_ET_PERIODE
0JW.F,0001674335,Assets,Assets,2182373000,USD,,2015-12-31,2018-03-06,10-K,0001674335-18-000038,2017,Q4,https://data.sec.gov/api/xbrl/companyfacts/CIK0001674335.json,2026-10-10T12:46:58.018216+00:00,A_VERIFIER_IDENTITE_ET_PERIODE
0JW.F,0001674335,Assets,Assets,2362709000,USD,,2016-06-25,2017-05-12,10-Q,0001674335-17-000018,2017,Q1,https://data.sec.gov/api/xbrl/companyfacts/CIK0001674335.json,2026-10-10T12:46:58.018228+00:00,A_VERIFIER_IDENTITE_ET_PERIODE
0JW.F,0001674335,Assets,Assets,2362709000,USD,,2016-06-25,2017-08-08,10-Q,0001674335-17-000028,2017,Q2,https://data.sec.gov/api/xbrl/companyfacts/CIK0001674335.json,2026-10-10T12:46:58.018240+00:00,A_VERIFIER_IDENTITE_ET_PERIODE
0JW.F,0001674335,Assets,Assets,2429125000,USD,,2016-09-24,2017-05-12,10-Q,0001674335-17-000018,2017,Q1,https://data.sec.gov/api/xbrl/companyfacts/CIK0001674335.json,2026-10-10T12:46:58.018251+00:00,A_VERIFIER_IDENTITE_ET_PERIODE
0JW.F,0001674335,Assets,Assets,2530079000,USD,,2016-12-31,2017-05-12,10-Q,0001674335-17-000018,2017,Q1,https://data.sec.gov/api/xbrl/companyfacts/CIK0001674335.json,2026-10-10T12:46:58.018262+00:00,A_VERIFIER_IDENTITE_ET_PERIODE
0JW.F,0001674335,Assets,Assets,2530079000,USD,,2016-12-31,2017-08-08,10-Q,0001674335-17-000028,2017,Q2,https://data.sec.gov/api/xbrl/companyfacts/CIK0001674335.json,2026-10-10T12:46:58.018273+00:00,A_VERIFIER_IDENTITE_ET_PERIODE
0JW.F,0001674335,Assets,Assets,2530079000,USD,,2016-12-31,2017-11-08,10-Q,0001674335-17-000054,2017,Q3,https://data.sec.gov/api/xbrl/companyfacts/CIK0001674335.json,2026-10-10T12:46:58.018284+00:00,A_VERIFIER_IDENTITE_ET_PERIODE
0JW.F,0001674335,Assets,Assets,2536046000,USD,,2016-12-31,2018-03-06,10-K,0001674335-18-000038,2017,Q4,https://data.sec.gov/api/xbrl/companyfacts/CIK0001674335.json,2026-10-10T12:46:58.018296+00:00,A_VERIFIER_IDENTITE_ET_PERIODE
0JW.F,0001674335,Assets,Assets,2536046000,USD,,2016-12-31,2019-03-01,10-K,0001674335-19-000023,2018,FY,https://data.sec.gov/api/xbrl/companyfacts/CIK0001674335.json,2026-10-10T12:46:58.018307+00:00,A_VERIFIER_IDENTITE_ET_PERIODE
0JW.F,0001674335,Assets,Assets,2535117000,USD,,2016-12-31,2019-08-07,10-Q,0001674335-19-000072,2019,Q2,https://data.sec.gov/api/xbrl/companyfacts/CIK0001674335.json,2026-10-10T12:46:58.018318+00:00,A_VERIFIER_IDENTITE_ET_PERIODE
0JW.F,0001674335,Assets,Assets,2677850000,USD,,2017-04-01,2017-05-12,10-Q,0001674335-17-000018,2017,Q1,https://data.sec.gov/api/xbrl/companyfacts/CIK0001674335.json,2026-10-10T12:46:58.018329+00:00,A_VERIFIER_IDENTITE_ET_PERIODE
0JW.F,0001674335,Assets,Assets,2824368000,USD,,2017-07-01,2017-08-08,10-Q,0001674335-17-000028,2017,Q2,https://data.sec.gov/api/xbrl/companyfacts/CIK0001674335.json,2026-10-10T12:46:58.018342+00:00,A_VERIFIER_IDENTITE_ET_PERIODE
0JW.F,0001674335,Assets,Assets,2965277000,USD,,2017-09-30,2017-11-08,10-Q,0001674335-17-000054,2017,Q3,https://data.sec.gov/api/xbrl/companyfacts/CIK0001674335.json,2026-10-10T12:46:58.018353+00:00,A_VERIFIER_IDENTITE_ET_PERIODE
0JW.F,0001674335,Assets,Assets,2862940000,USD,,2017-12-31,2018-03-06,10-K,0001674335-18-000038,2017,Q4,https://data.sec.gov/api/xbrl/companyfacts/CIK0001674335.json,2026-10-10T12:46:58.018365+00:00,A_VERIFIER_IDENTITE_ET_PERIODE
0JW.F,0001674335,Assets,Assets,2862940000,USD,,2017-12-31,2018-05-09,10-Q,0001674335-18-000068,2018,Q1,https://data.sec.gov/api/xbrl/companyfacts/CIK0001674335.json,2026-10-10T12:46:58.018376+00:00,A_VERIFIER_IDENTITE_ET_PERIODE
0JW.F,0001674335,Assets,Assets,2862940000,USD,,2017-12-31,2018-08-07,10-Q,0001674335-18-000090,2018,Q2,https://data.sec.gov/api/xbrl/companyfacts/CIK0001674335.json,2026-10-10T12:46:58.018387+00:00,A_VERIFIER_IDENTITE_ET_PERIODE
0JW.F,0001674335,Assets,Assets,2862940000,USD,,2017-12-31,2018-11-07,10-Q,0001674335-18-000108,2018,Q3,https://data.sec.gov/api/xbrl/companyfacts/CIK0001674335.json,2026-10-10T12:46:58.018399+00:00,A_VERIFIER_IDENTITE_ET_PERIODE
0JW.F,0001674335,Assets,Assets,2862940000,USD,,2017-12-31,2019-03-01,10-K,0001674335-19-000023,2018,FY,https://data.sec.gov/api/xbrl/companyfacts/CIK0001674335.json,2026-10-10T12:46:58.018410+00:00,A_VERIFIER_IDENTITE_ET_PERIODE
0JW.F,0001674335,Assets,Assets,2860077000,USD,,2017-12-31,2019-08-07,10-Q,0001674335-19-000072,2019,Q2,https://data.sec.gov/api/xbrl/companyfacts/CIK0001674335.json,2026-10-10T12:46:58.018421+00:00,A_VERIFIER_IDENTITE_ET_PERIODE
0JW.F,0001674335,Assets,Assets,2860077000,USD,,2017-12-31,2020-02-24,10-K,0001674335-20-000033,2019,FY,https://data.sec.gov/api/xbrl/companyfacts/CIK0001674335.json,2026-10-10T12:46:58.018432+00:00,A_VERIFIER_IDENTITE_ET_PERIODE
0JW.F,0001674335,Assets,Assets,3171703000,USD,,2018-03-31,2018-05-09,10-Q,0001674335-18-000068,2018,Q1,https://data.sec.gov/api/xbrl/companyfacts/CIK0001674335.json,2026-10-10T12:46:58.018444+00:00,A_VERIFIER_IDENTITE_ET_PERIODE
0JW.F,0001674335,Assets,Assets,3164899000,USD,,2018-03-31,2019-08-07,10-Q,0001674335-19-000072,2019,Q2,https://data.sec.gov/api/xbrl/companyfacts/CIK0001674335.json,2026-10-10T12:46:58.018455+00:00,A_VERIFIER_IDENTITE_ET_PERIODE
0JW.F,0001674335,Assets,Assets,3166843000,USD,,2018-06-30,2018-08-07,10-Q,0001674335-18-000090,2018,Q2,https://data.sec.gov/api/xbrl/companyfacts/CIK0001674335.json,2026-10-10T12:46:58.018466+00:00,A_VERIFIER_IDENTITE_ET_PERIODE
0JW.F,0001674335,Assets,Assets,3162910000,USD,,2018-06-30,2019-08-07,10-Q,0001674335-19-000072,2019,Q2,https://data.sec.gov/api/xbrl/companyfacts/CIK0001674335.json,2026-10-10T12:46:58.018477+00:00,A_VERIFIER_IDENTITE_ET_PERIODE
0JW.F,0001674335,Assets,Assets,3202736000,USD,,2018-09-29,2018-11-07,10-Q,0001674335-18-000108,2018,Q3,https://data.sec.gov/api/xbrl/companyfacts/CIK0001674335.json,2026-10-10T12:46:58.018488+00:00,A_VERIFIER_IDENTITE_ET_PERIODE
0JW.F,0001674335,Assets,Assets,3199619000,USD,,2018-09-29,2019-08-07,10-Q,0001674335-19-000072,2019,Q2,https://data.sec.gov/api/xbrl/companyfacts/CIK0001674335.json,2026-10-10T12:46:58.018501+00:00,A_VERIFIER_IDENTITE_ET_PERIODE
0JW.F,0001674335,Assets,Assets,3199619000,USD,,2018-09-29,2019-11-06,10-Q,0001674335-19-000090,2019,Q3,https://data.sec.gov/api/xbrl/companyfacts/CIK0001674335.json,2026-10-10T12:46:58.018512+00:00,A_VERIFIER_IDENTITE_ET_PERIODE
0JW.F,0001674335,Assets,Assets,3051055000,USD,,2018-12-31,2019-03-01,10-K,0001674335-19-000023,2018,FY,https://data.sec.gov/api/xbrl/companyfacts/CIK0001674335.json,2026-10-10T12:46:58.018523+00:00,A_VERIFIER_IDENTITE_ET_PERIODE
0JW.F,0001674335,Assets,Assets,3051055000,USD,,2018-12-31,2019-05-08,10-Q,0001674335-19-000039,2019,Q1,https://data.sec.gov/api/xbrl/companyfacts/CIK0001674335.json,2026-10-10T12:46:58.018535+00:00,A_VERIFIER_IDENTITE_ET_PERIODE
0JW.F,0001674335,Assets,Assets,3047525000,USD,,2018-12-31,2019-08-07,10-Q,0001674335-19-000072,2019,Q2,https://data.sec.gov/api/xbrl/companyfacts/CIK0001674335.json,2026-10-10T12:46:58.018546+00:00,A_VERIFIER_IDENTITE_ET_PERIODE
0JW.F,0001674335,Assets,Assets,3047525000,USD,,2018-12-31,2019-11-06,10-Q,0001674335-19-000090,2019,Q3,https://data.sec.gov/api/xbrl/companyfacts/CIK0001674335.json,2026-10-10T12:46:58.018558+00:00,A_VERIFIER_IDENTITE_ET_PERIODE
0JW.F,0001674335,Assets,Assets,3047525000,USD,,2018-12-31,2020-02-24,10-K,0001674335-20-000033,2019,FY,https://data.sec.gov/api/xbrl/companyfacts/CIK0001674335.json,2026-10-10T12:46:58.018569+00:00,A_VERIFIER_IDENTITE_ET_PERIODE
0JW.F,0001674335,Assets,Assets,3047525000,USD,,2018-12-31,2021-02-23,10-K,0001674335-21-000012,2020,FY,https://data.sec.gov/api/xbrl/companyfacts/CIK0001674335.json,2026-10-10T12:46:58.018580+00:00,A_VERIFIER_IDENTITE_ET_PERIODE
0JW.F,0001674335,Assets,Assets,3391540000,USD,,2019-03-30,2019-05-08,10-Q,0001674335-19-000039,2019,Q1,https://data.sec.gov/api/xbrl/companyfacts/CIK0001674335.json,2026-10-10T12:46:58.018591+00:00,A_VERIFIER_IDENTITE_ET_PERIODE
0JW.F,0001674335,Assets,Assets,3390413000,USD,,2019-03-30,2019-08-07,10-Q,0001674335-19-000072,2019,Q2,https://data.sec.gov/api/xbrl/companyfacts/CIK0001674335.json,2026-10-10T12:46:58.018602+00:00,A_VERIFIER_IDENTITE_ET_PERIODE
0JW.F,0001674335,Assets,Assets,3414474000,USD,,2019-06-29,2019-08-07,10-Q,0001674335-19-000072,2019,Q2,https://data.sec.gov/api/xbrl/companyfacts/CIK0001674335.json,2026-10-10T12:46:58.018614+00:00,A_VERIFIER_IDENTITE_ET_PERIODE
0JW.F,0001674335,Assets,Assets,3345400000,USD,,2019-09-28,2019-11-06,10-Q,0001674335-19-000090,2019,Q3,https://data.sec.gov/api/xbrl/companyfacts/CIK0001674335.json,2026-10-10T12:46:58.018625+00:00,A_VERIFIER_IDENTITE_ET_PERIODE
0JW.F,0001674335,Assets,Assets,3381332000,USD,,2019-12-31,2020-02-24,10-K,0001674335-20-000033,2019,FY,https://data.sec.gov/api/xbrl/companyfacts/CIK0001674335.json,2026-10-10T12:46:58.018637+00:00,A_VERIFIER_IDENTITE_ET_PERIODE
0JW.F,0001674335,Assets,Assets,3381332000,USD,,2019-12-31,2020-05-06,10-Q,0001674335-20-000043,2020,Q1,https://data.sec.gov/api/xbrl/companyfacts/CIK0001674335.json,2026-10-10T12:46:58.018648+00:00,A_VERIFIER_IDENTITE_ET_PERIODE
0JW.F,0001674335,Assets,Assets,3381332000,USD,,2019-12-31,2020-08-05,10-Q,0001674335-20-000082,2020,Q1,https://data.sec.gov/api/xbrl/companyfacts/CIK0001674335.json,2026-10-10T12:46:58.018659+00:00,A_VERIFIER_IDENTITE_ET_PERIODE
0JW.F,0001674335,Assets,Assets,3381332000,USD,,2019-12-31,2020-11-03,10-Q,0001674335-20-000098,2020,Q3,https://data.sec.gov/api/xbrl/companyfacts/CIK0001674335.json,2026-10-10T12:46:58.018670+00:00,A_VERIFIER_IDENTITE_ET_PERIODE
0JW.F,0001674335,Assets,Assets,3381332000,USD,,2019-12-31,2021-02-23,10-K,0001674335-21-000012,2020,FY,https://data.sec.gov/api/xbrl/companyfacts/CIK0001674335.json,2026-10-10T12:46:58.018682+00:00,A_VERIFIER_IDENTITE_ET_PERIODE
0JW.F,0001674335,Assets,Assets,3381332000,USD,,2019-12-31,2022-02-22,10-K,0001674335-22-000028,2021,FY,https://data.sec.gov/api/xbrl/companyfacts/CIK0001674335.json,2026-10-10T12:46:58.018693+00:00,A_VERIFIER_IDENTITE_ET_PERIODE
0JW.F,0001674335,Assets,Assets,3406578000,USD,,2020-03-28,2020-05-06,10-Q,0001674335-20-000043,2020,Q1,https://data.sec.gov/api/xbrl/companyfacts/CIK0001674335.json,2026-10-10T12:46:58.018704+00:00,A_VERIFIER_IDENTITE_ET_PERIODE
0JW.F,0001674335,Assets,Assets,3698881000,USD,,2020-06-27,2020-08-05,10-Q,0001674335-20-000082,2020,Q1,https://data.sec.gov/api/xbrl/companyfacts/CIK0001674335.json,2026-10-10T12:46:58.018715+00:00,A_VERIFIER_IDENTITE_ET_PERIODE
0JW.F,0001674335,Assets,Assets,3853065000,USD,,2020-09-26,2020-11-03,10-Q,0001674335-20-000098,2020,Q3,https://data.sec.gov/api/xbrl/companyfacts/CIK0001674335.json,2026-10-10T12:46:58.018726+00:00,A_VERIFIER_IDENTITE_ET_PERIODE
0JW.F,0001674335,Assets,Assets,3964685000,USD,,2020-12-31,2021-02-23,10-K,0001674335-21-000012,2020,FY,https://data.sec.gov/api/xbrl/companyfacts/CIK0001674335.json,2026-10-10T12:46:58.018738+00:00,A_VERIFIER_IDENTITE_ET_PERIODE
0JW.F,0001674335,Assets,Assets,3964685000,USD,,2020-12-31,2021-04-30,10-Q,0001674335-21-000039,2021,Q1,https://data.sec.gov/api/xbrl/companyfacts/CIK0001674335.json,2026-10-10T12:46:58.018749+00:00,A_VERIFIER_IDENTITE_ET_PERIODE
0JW.F,0001674335,Assets,Assets,3964685000,USD,,2020-12-31,2021-08-02,10-Q,0001674335-21-000090,2021,Q2,https://data.sec.gov/api/xbrl/companyfacts/CIK0001674335.json,2026-10-10T12:46:58.018760+00:00,A_VERIFIER_IDENTITE_ET_PERIODE
0JW.F,0001674335,Assets,Assets,3964685000,USD,,2020-12-31,2021-11-01,10-Q,0001674335-21-000105,2021,Q3,https://data.sec.gov/api/xbrl/companyfacts/CIK0001674335.json,2026-10-10T12:46:58.018772+00:00,A_VERIFIER_IDENTITE_ET_PERIODE
0JW.F,0001674335,Assets,Assets,3964685000,USD,,2020-12-31,2022-02-22,10-K,0001674335-22-000028,2021,FY,https://data.sec.gov/api/xbrl/companyfacts/CIK0001674335.json,2026-10-10T12:46:58.018783+00:00,A_VERIFIER_IDENTITE_ET_PERIODE
0JW.F,0001674335,Assets,Assets,3964685000,USD,,2020-12-31,2023-02-21,10-K,0001674335-23-000039,2022,FY,https://data.sec.gov/api/xbrl/companyfacts/CIK0001674335.json,2026-10-10T12:46:58.018794+00:00,A_VERIFIER_IDENTITE_ET_PERIODE
0JW.F,0001674335,Assets,Assets,3983465000,USD,,2021-03-27,2021-04-30,10-Q,0001674335-21-000039,2021,Q1,https://data.sec.gov/api/xbrl/companyfacts/CIK0001674335.json,2026-10-10T12:46:58.018806+00:00,A_VERIFIER_IDENTITE_ET_PERIODE
0JW.F,0001674335,Assets,Assets,4004391000,USD,,2021-06-26,2021-08-02,10-Q,0001674335-21-000090,2021,Q2,https://data.sec.gov/api/xbrl/companyfacts/CIK0001674335.json,2026-10-10T12:46:58.018817+00:00,A_VERIFIER_IDENTITE_ET_PERIODE
0JW.F,0001674335,Assets,Assets,3826547000,USD,,2021-09-25,2021-11-01,10-Q,0001674335-21-000105,2021,Q3,https://data.sec.gov/api/xbrl/companyfacts/CIK0001674335.json,2026-10-10T12:46:58.018828+00:00,A_VERIFIER_IDENTITE_ET_PERIODE
0JW.F,0001674335,Assets,Assets,3738671000,USD,,2021-12-31,2022-02-22,10-K,0001674335-22-000028,2021,FY,https://data.sec.gov/api/xbrl/companyfacts/CIK0001674335.json,2026-10-10T12:46:58.018839+00:00,A_VERIFIER_IDENTITE_ET_PERIODE
0JW.F,0001674335,Assets,Assets,3738671000,USD,,2021-12-31,2022-05-02,10-Q,0001674335-22-000070,2022,Q1,https://data.sec.gov/api/xbrl/companyfacts/CIK0001674335.json,2026-10-10T12:46:58.018850+00:00,A_VERIFIER_IDENTITE_ET_PERIODE
0JW.F,0001674335,Assets,Assets,3738671000,USD,,2021-12-31,2022-08-01,10-Q,0001674335-22-000110,2022,Q2,https://data.sec.gov/api/xbrl/companyfacts/CIK0001674335.json,2026-10-10T12:46:58.018862+00:00,A_VERIFIER_IDENTITE_ET_PERIODE
0JW.F,0001674335,Assets,Assets,3738671000,USD,,2021-12-31,2022-11-01,10-Q,0001674335-22-000137,2022,Q3,https://data.sec.gov/api/xbrl/companyfacts/CIK0001674335.json,2026-10-10T12:46:58.018873+00:00,A_VERIFIER_IDENTITE_ET_PERIODE
0JW.F,0001674335,Assets,Assets,3738671000,USD,,2021-12-31,2023-02-21,10-K,0001674335-23-000039,2022,FY,https://data.sec.gov/api/xbrl/companyfacts/CIK0001674335.json,2026-10-10T12:46:58.018884+00:00,A_VERIFIER_IDENTITE_ET_PERIODE
0JW.F,0001674335,Assets,Assets,3196675000,USD,,2021-12-31,2024-02-20,10-K,0001674335-24-000059,2023,FY,https://data.sec.gov/api/xbrl/companyfacts/CIK0001674335.json,2026-10-10T12:46:58.018896+00:00,A_VERIFIER_IDENTITE_ET_PERIODE
0JW.F,0001674335,Assets,Assets,3835786000,USD,,2022-03-26,2022-05-02,10-Q,0001674335-22-000070,2022,Q1,https://data.sec.gov/api/xbrl/companyfacts/CIK0001674335.json,2026-10-10T12:46:58.018907+00:00,A_VERIFIER_IDENTITE_ET_PERIODE
0JW.F,0001674335,Assets,Assets,3815310000,USD,,2022-06-25,2022-08-01,10-Q,0001674335-22-000110,2022,Q2,https://data.sec.gov/api/xbrl/companyfacts/CIK0001674335.json,2026-10-10T12:46:58.018918+00:00,A_VERIFIER_IDENTITE_ET_PERIODE
0JW.F,0001674335,Assets,Assets,3614924000,USD,,2022-09-24,2022-11-01,10-Q,0001674335-22-000137,2022,Q3,https://data.sec.gov/api/xbrl/companyfacts/CIK0001674335.json,2026-10-10T12:46:58.018930+00:00,A_VERIFIER_IDENTITE_ET_PERIODE
0JW.F,0001674335,Assets,Assets,3501361000,USD,,2022-12-31,2023-02-21,10-K,0001674335-23-000039,2022,FY,https://data.sec.gov/api/xbrl/companyfacts/CIK0001674335.json,2026-10-10T12:46:58.018941+00:00,A_VERIFIER_IDENTITE_ET_PERIODE
0JW.F,0001674335,Assets,Assets,3501361000,USD,,2022-12-31,2023-05-09,10-Q,0001674335-23-000109,2023,Q1,https://data.sec.gov/api/xbrl/companyfacts/CIK0001674335.json,2026-10-10T12:46:58.018952+00:00,A_VERIFIER_IDENTITE_ET_PERIODE
0JW.F,0001674335,Assets,Assets,3501361000,USD,,2022-12-31,2023-08-08,10-Q,0001674335-23-000156,2023,Q2,https://data.sec.gov/api/xbrl/companyfacts/CIK0001674335.json,2026-10-10T12:46:58.018963+00:00,A_VERIFIER_IDENTITE_ET_PERIODE
0JW.F,0001674335,Assets,Assets,3501361000,USD,,2022-12-31,2023-11-07,10-Q,0001674335-23-000168,2023,Q3,https://data.sec.gov/api/xbrl/companyfacts/CIK0001674335.json,2026-10-10T12:46:58.018975+00:00,A_VERIFIER_IDENTITE_ET_PERIODE
0JW.F,0001674335,Assets,Assets,3501361000,USD,,2022-12-31,2024-02-20,10-K,0001674335-24-000059,2023,FY,https://data.sec.gov/api/xbrl/companyfacts/CIK0001674335.json,2026-10-10T12:46:58.018986+00:00,A_VERIFIER_IDENTITE_ET_PERIODE
0JW.F,0001674335,Assets,Assets,3560522000,USD,,2023-04-01,2023-05-09,10-Q,0001674335-23-000109,2023,Q1,https://data.sec.gov/api/xbrl/companyfacts/CIK0001674335.json,2026-10-10T12:46:58.018997+00:00,A_VERIFIER_IDENTITE_ET_PERIODE
0JW.F,0001674335,Assets,Assets,3545849000,USD,,2023-07-01,2023-08-08,10-Q,0001674335-23-000156,2023,Q2,https://data.sec.gov/api/xbrl/companyfacts/CIK0001674335.json,2026-10-10T12:46:58.019009+00:00,A_VERIFIER_IDENTITE_ET_PERIODE
0JW.F,0001674335,Assets,Assets,3008317000,USD,,2023-09-30,2023-11-07,10-Q,0001674335-23-000168,2023,Q3,https://data.sec.gov/api/xbrl/companyfacts/CIK0001674335.json,2026-10-10T12:46:58.019020+00:00,A_VERIFIER_IDENTITE_ET_PERIODE
0JW.F,0001674335,Assets,Assets,2980125000,USD,,2023-12-31,2024-02-20,10-K,0001674335-24-000059,2023,FY,https://data.sec.gov/api/xbrl/companyfacts/CIK0001674335.json,2026-10-10T12:46:58.019031+00:00,A_VERIFIER_IDENTITE_ET_PERIODE
0JW.F,0001674335,Assets,Assets,2980125000,USD,,2023-12-31,2024-05-07,10-Q,0001674335-24-000127,2024,Q1,https://data.sec.gov/api/xbrl/companyfacts/CIK0001674335.json,2026-10-10T12:46:58.019042+00:00,A_VERIFIER_IDENTITE_ET_PERIODE
0JW.F,0001674335,Assets,Assets,2980125000,USD,,2023-12-31,2024-08-06,10-Q,0001674335-24-000154,2024,Q2,https://data.sec.gov/api/xbrl/companyfacts/CIK0001674335.json,2026-10-10T12:46:58.019053+00:00,A_VERIFIER_IDENTITE_ET_PERIODE
0JW.F,0001674335,Assets,Assets,2980125000,USD,,2023-12-31,2024-11-06,10-Q,0001674335-24-000177,2024,Q3,https://data.sec.gov/api/xbrl/companyfacts/CIK0001674335.json,2026-10-10T12:46:58.019065+00:00,A_VERIFIER_IDENTITE_ET_PERIODE
0JW.F,0001674335,Assets,Assets,2980125000,USD,,2023-12-31,2025-02-20,10-K,0001674335-25-000055,2024,FY,https://data.sec.gov/api/xbrl/companyfacts/CIK0001674335.json,2026-10-10T12:46:58.019077+00:00,A_VERIFIER_IDENTITE_ET_PERIODE
0JW.F,0001674335,Assets,Assets,2933766000,USD,,2024-03-30,2024-05-07,10-Q,0001674335-24-000127,2024,Q1,https://data.sec.gov/api/xbrl/companyfacts/CIK0001674335.json,2026-10-10T12:46:58.019088+00:00,A_VERIFIER_IDENTITE_ET_PERIODE
0JW.F,0001674335,Assets,Assets,2888076000,USD,,2024-06-29,2024-08-06,10-Q,0001674335-24-000154,2024,Q2,https://data.sec.gov/api/xbrl/companyfacts/CIK0001674335.json,2026-10-10T12:46:58.019099+00:00,A_VERIFIER_IDENTITE_ET_PERIODE
0JW.F,0001674335,Assets,Assets,2834720000,USD,,2024-09-28,2024-11-06,10-Q,0001674335-24-000177,2024,Q3,https://data.sec.gov/api/xbrl/companyfacts/CIK0001674335.json,2026-10-10T12:46:58.019110+00:00,A_VERIFIER_IDENTITE_ET_PERIODE
0JW.F,0001674335,Assets,Assets,2620169000,USD,,2024-12-31,2025-02-20,10-K,0001674335-25-000055,2024,FY,https://data.sec.gov/api/xbrl/companyfacts/CIK0001674335.json,2026-10-10T12:46:58.019122+00:00,A_VERIFIER_IDENTITE_ET_PERIODE
0JW.F,0001674335,Assets,Assets,2620169000,USD,,2024-12-31,2025-05-08,10-Q,0001674335-25-000100,2025,Q1,https://data.sec.gov/api/xbrl/companyfacts/CIK0001674335.json,2026-10-10T12:46:58.019133+00:00,A_VERIFIER_IDENTITE_ET_PERIODE
0JW.F,0001674335,Assets,Assets,2620169000,USD,,2024-12-31,2025-08-06,10-Q,0001674335-25-000146,2025,Q2,https://data.sec.gov/api/xbrl/companyfacts/CIK0001674335.json,2026-10-10T12:46:58.019144+00:00,A_VERIFIER_IDENTITE_ET_PERIODE
0JW.F,0001674335,Assets,Assets,2620169000,USD,,2024-12-31,2025-11-06,10-Q,0001674335-25-000174,2025,Q3,https://data.sec.gov/api/xbrl/companyfacts/CIK0001674335.json,2026-10-10T12:46:58.019155+00:00,A_VERIFIER_IDENTITE_ET_PERIODE
0JW.F,0001674335,Assets,Assets,2620169000,USD,,2024-12-31,2026-02-23,10-K,0001674335-26-000043,2025,FY,https://data.sec.gov/api/xbrl/companyfacts/CIK0001674335.json,2026-10-10T12:46:58.019179+00:00,A_VERIFIER_IDENTITE_ET_PERIODE
0JW.F,0001674335,Assets,Assets,2418915000,USD,,2025-03-29,2025-05-08,10-Q,0001674335-25-000100,2025,Q1,https://data.sec.gov/api/xbrl/companyfacts/CIK0001674335.json,2026-10-10T12:46:58.019192+00:00,A_VERIFIER_IDENTITE_ET_PERIODE
0JW.F,0001674335,Assets,Assets,2542944000,USD,,2025-06-28,2025-08-06,10-Q,0001674335-25-000146,2025,Q2,https://data.sec.gov/api/xbrl/companyfacts/CIK0001674335.json,2026-10-10T12:46:58.019203+00:00,A_VERIFIER_IDENTITE_ET_PERIODE
0JW.F,0001674335,Assets,Assets,2171754000,USD,,2025-09-27,2025-11-06,10-Q,0001674335-25-000174,2025,Q3,https://data.sec.gov/api/xbrl/companyfacts/CIK0001674335.json,2026-10-10T12:46:58.019215+00:00,A_VERIFIER_IDENTITE_ET_PERIODE
0JW.F,0001674335,Assets,Assets,2102814000,USD,,2025-12-31,2026-02-23,10-K,0001674335-26-000043,2025,FY,https://data.sec.gov/api/xbrl/companyfacts/CIK0001674335.json,2026-10-10T12:46:58.019226+00:00,A_VERIFIER_IDENTITE_ET_PERIODE
0JW.F,0001674335,Assets,Assets,2102814000,USD,,2025-12-31,2026-05-05,10-Q,0001674335-26-000069,2026,Q1,https://data.sec.gov/api/xbrl/companyfacts/CIK0001674335.json,2026-10-10T12:46:58.019237+00:00,A_VERIFIER_IDENTITE_ET_PERIODE
0JW.F,0001674335,Assets,Assets,2102814000,USD,,2025-12-31,2026-08-04,10-Q,0001674335-26-000123,2026,Q2,https://data.sec.gov/api/xbrl/companyfacts/CIK0001674335.json,2026-10-10T12:46:58.019249+00:00,A_VERIFIER_IDENTITE_ET_PERIODE
0JW.F,0001674335,Assets,Assets,2077268000,USD,,2026-03-28,2026-05-05,10-Q,0001674335-26-000069,2026,Q1,https://data.sec.gov/api/xbrl/companyfacts/CIK0001674335.json,2026-10-10T12:46:58.019260+00:00,A_VERIFIER_IDENTITE_ET_PERIODE
0JW.F,0001674335,Assets,Assets,2068353000,USD,,2026-06-27,2026-08-04,10-Q,0001674335-26-000123,2026,Q2,https://data.sec.gov/api/xbrl/companyfacts/CIK0001674335.json,2026-10-10T12:46:58.019271+00:00,A_VERIFIER_IDENTITE_ET_PERIODE
0JW.F,0001674335,Liabilities,Liabilities,1997248000,USD,,2016-03-26,2017-05-12,10-Q,0001674335-17-000018,2017,Q1,https://data.sec.gov/api/xbrl/companyfacts/CIK0001674335.json,2026-10-10T12:46:58.019285+00:00,A_VERIFIER_IDENTITE_ET_PERIODE
0JW.F,0001674335,Liabilities,Liabilities,2025161000,USD,,2016-06-25,2017-05-12,10-Q,0001674335-17-000018,2017,Q1,https://data.sec.gov/api/xbrl/companyfacts/CIK0001674335.json,2026-10-10T12:46:58.019296+00:00,A_VERIFIER_IDENTITE_ET_PERIODE
0JW.F,0001674335,Liabilities,Liabilities,2025161000,USD,,2016-06-25,2017-08-08,10-Q,0001674335-17-000028,2017,Q2,https://data.sec.gov/api/xbrl/companyfacts/CIK0001674335.json,2026-10-10T12:46:58.019307+00:00,A_VERIFIER_IDENTITE_ET_PERIODE
0JW.F,0001674335,Liabilities,Liabilities,2055568000,USD,,2016-09-24,2017-05-12,10-Q,0001674335-17-000018,2017,Q1,https://data.sec.gov/api/xbrl/companyfacts/CIK0001674335.json,2026-10-10T12:46:58.019318+00:00,A_VERIFIER_IDENTITE_ET_PERIODE
0JW.F,0001674335,Liabilities,Liabilities,2323123000,USD,,2016-12-31,2017-05-12,10-Q,0001674335-17-000018,2017,Q1,https://data.sec.gov/api/xbrl/companyfacts/CIK0001674335.json,2026-10-10T12:46:58.019330+00:00,A_VERIFIER_IDENTITE_ET_PERIODE
0JW.F,0001674335,Liabilities,Liabilities,2323123000,USD,,2016-12-31,2017-08-08,10-Q,0001674335-17-000028,2017,Q2,https://data.sec.gov/api/xbrl/companyfacts/CIK0001674335.json,2026-10-10T12:46:58.019341+00:00,A_VERIFIER_IDENTITE_ET_PERIODE
0JW.F,0001674335,Liabilities,Liabilities,2323123000,USD,,2016-12-31,2017-11-08,10-Q,0001674335-17-000054,2017,Q3,https://data.sec.gov/api/xbrl/companyfacts/CIK0001674335.json,2026-10-10T12:46:58.019352+00:00,A_VERIFIER_IDENTITE_ET_PERIODE
0JW.F,0001674335,Liabilities,Liabilities,2323497000,USD,,2016-12-31,2018-03-06,10-K,0001674335-18-000038,2017,Q4,https://data.sec.gov/api/xbrl/companyfacts/CIK0001674335.json,2026-10-10T12:46:58.019363+00:00,A_VERIFIER_IDENTITE_ET_PERIODE
0JW.F,0001674335,Liabilities,Liabilities,2323654000,USD,,2016-12-31,2019-08-07,10-Q,0001674335-19-000072,2019,Q2,https://data.sec.gov/api/xbrl/companyfacts/CIK0001674335.json,2026-10-10T12:46:58.019374+00:00,A_VERIFIER_IDENTITE_ET_PERIODE
0JW.F,0001674335,Liabilities,Liabilities,1963106000,USD,,2017-04-01,2017-05-12,10-Q,0001674335-17-000018,2017,Q1,https://data.sec.gov/api/xbrl/companyfacts/CIK0001674335.json,2026-10-10T12:46:58.019385+00:00,A_VERIFIER_IDENTITE_ET_PERIODE
0JW.F,0001674335,Liabilities,Liabilities,2021172000,USD,,2017-07-01,2017-08-08,10-Q,0001674335-17-000028,2017,Q2,https://data.sec.gov/api/xbrl/companyfacts/CIK0001674335.json,2026-10-10T12:46:58.019396+00:00,A_VERIFIER_IDENTITE_ET_PERIODE
0JW.F,0001674335,Liabilities,Liabilities,2080580000,USD,,2017-09-30,2017-11-08,10-Q,0001674335-17-000054,2017,Q3,https://data.sec.gov/api/xbrl/companyfacts/CIK0001674335.json,2026-10-10T12:46:58.019408+00:00,A_VERIFIER_IDENTITE_ET_PERIODE
0JW.F,0001674335,Liabilities,Liabilities,2070903000,USD,,2017-12-31,2018-03-06,10-K,0001674335-18-000038,2017,Q4,https://data.sec.gov/api/xbrl/companyfacts/CIK0001674335.json,2026-10-10T12:46:58.019419+00:00,A_VERIFIER_IDENTITE_ET_PERIODE
0JW.F,0001674335,Liabilities,Liabilities,2070903000,USD,,2017-12-31,2018-05-09,10-Q,0001674335-18-000068,2018,Q1,https://data.sec.gov/api/xbrl/companyfacts/CIK0001674335.json,2026-10-10T12:46:58.019430+00:00,A_VERIFIER_IDENTITE_ET_PERIODE
0JW.F,0001674335,Liabilities,Liabilities,2070903000,USD,,2017-12-31,2018-08-07,10-Q,0001674335-18-000090,2018,Q2,https://data.sec.gov/api/xbrl/companyfacts/CIK0001674335.json,2026-10-10T12:46:58.019441+00:00,A_VERIFIER_IDENTITE_ET_PERIODE
0JW.F,0001674335,Liabilities,Liabilities,2070903000,USD,,2017-12-31,2018-11-07,10-Q,0001674335-18-000108,2018,Q3,https://data.sec.gov/api/xbrl/companyfacts/CIK0001674335.json,2026-10-10T12:46:58.019452+00:00,A_VERIFIER_IDENTITE_ET_PERIODE
0JW.F,0001674335,Liabilities,Liabilities,2070903000,USD,,2017-12-31,2019-03-01,10-K,0001674335-19-000023,2018,FY,https://data.sec.gov/api/xbrl/companyfacts/CIK0001674335.json,2026-10-10T12:46:58.019463+00:00,A_VERIFIER_IDENTITE_ET_PERIODE
0JW.F,0001674335,Liabilities,Liabilities,2070941000,USD,,2017-12-31,2019-08-07,10-Q,0001674335-19-000072,2019,Q2,https://data.sec.gov/api/xbrl/companyfacts/CIK0001674335.json,2026-10-10T12:46:58.019475+00:00,A_VERIFIER_IDENTITE_ET_PERIODE
0JW.F,0001674335,Liabilities,Liabilities,2319655000,USD,,2018-03-31,2018-05-09,10-Q,0001674335-18-000068,2018,Q1,https://data.sec.gov/api/xbrl/companyfacts/CIK0001674335.json,2026-10-10T12:46:58.019486+00:00,A_VERIFIER_IDENTITE_ET_PERIODE
0JW.F,0001674335,Liabilities,Liabilities,2317132000,USD,,2018-03-31,2019-08-07,10-Q,0001674335-19-000072,2019,Q2,https://data.sec.gov/api/xbrl/companyfacts/CIK0001674335.json,2026-10-10T12:46:58.019497+00:00,A_VERIFIER_IDENTITE_ET_PERIODE
0JW.F,0001674335,Liabilities,Liabilities,2375996000,USD,,2018-06-30,2018-08-07,10-Q,0001674335-18-000090,2018,Q2,https://data.sec.gov/api/xbrl/companyfacts/CIK0001674335.json,2026-10-10T12:46:58.019508+00:00,A_VERIFIER_IDENTITE_ET_PERIODE
0JW.F,0001674335,Liabilities,Liabilities,2376441000,USD,,2018-06-30,2019-08-07,10-Q,0001674335-19-000072,2019,Q2,https://data.sec.gov/api/xbrl/companyfacts/CIK0001674335.json,2026-10-10T12:46:58.019519+00:00,A_VERIFIER_IDENTITE_ET_PERIODE
0JW.F,0001674335,Liabilities,Liabilities,2424993000,USD,,2018-09-29,2018-11-07,10-Q,0001674335-18-000108,2018,Q3,https://data.sec.gov/api/xbrl/companyfacts/CIK0001674335.json,2026-10-10T12:46:58.019530+00:00,A_VERIFIER_IDENTITE_ET_PERIODE
0JW.F,0001674335,Liabilities,Liabilities,2426514000,USD,,2018-09-29,2019-08-07,10-Q,0001674335-19-000072,2019,Q2,https://data.sec.gov/api/xbrl/companyfacts/CIK0001674335.json,2026-10-10T12:46:58.019541+00:00,A_VERIFIER_IDENTITE_ET_PERIODE
0JW.F,0001674335,Liabilities,Liabilities,2426514000,USD,,2018-09-29,2019-11-06,10-Q,0001674335-19-000090,2019,Q3,https://data.sec.gov/api/xbrl/companyfacts/CIK0001674335.json,2026-10-10T12:46:58.019552+00:00,A_VERIFIER_IDENTITE_ET_PERIODE
0JW.F,0001674335,Liabilities,Liabilities,2283248000,USD,,2018-12-31,2019-03-01,10-K,0001674335-19-000023,2018,FY,https://data.sec.gov/api/xbrl/companyfacts/CIK0001674335.json,2026-10-10T12:46:58.019563+00:00,A_VERIFIER_IDENTITE_ET_PERIODE
0JW.F,0001674335,Liabilities,Liabilities,2283248000,USD,,2018-12-31,2019-05-08,10-Q,0001674335-19-000039,2019,Q1,https://data.sec.gov/api/xbrl/companyfacts/CIK0001674335.json,2026-10-10T12:46:58.019574+00:00,A_VERIFIER_IDENTITE_ET_PERIODE
0JW.F,0001674335,Liabilities,Liabilities,2285908000,USD,,2018-12-31,2019-08-07,10-Q,0001674335-19-000072,2019,Q2,https://data.sec.gov/api/xbrl/companyfacts/CIK0001674335.json,2026-10-10T12:46:58.019586+00:00,A_VERIFIER_IDENTITE_ET_PERIODE
0JW.F,0001674335,Liabilities,Liabilities,2285891000,USD,,2018-12-31,2019-11-06,10-Q,0001674335-19-000090,2019,Q3,https://data.sec.gov/api/xbrl/companyfacts/CIK0001674335.json,2026-10-10T12:46:58.019597+00:00,A_VERIFIER_IDENTITE_ET_PERIODE
0JW.F,0001674335,Liabilities,Liabilities,2285891000,USD,,2018-12-31,2020-02-24,10-K,0001674335-20-000033,2019,FY,https://data.sec.gov/api/xbrl/companyfacts/CIK0001674335.json,2026-10-10T12:46:58.019608+00:00,A_VERIFIER_IDENTITE_ET_PERIODE
0JW.F,0001674335,Liabilities,Liabilities,2627682000,USD,,2019-03-30,2019-05-08,10-Q,0001674335-19-000039,2019,Q1,https://data.sec.gov/api/xbrl/companyfacts/CIK0001674335.json,2026-10-10T12:46:58.019620+00:00,A_VERIFIER_IDENTITE_ET_PERIODE
0JW.F,0001674335,Liabilities,Liabilities,2633721000,USD,,2019-03-30,2019-08-07,10-Q,0001674335-19-000072,2019,Q2,https://data.sec.gov/api/xbrl/companyfacts/CIK0001674335.json,2026-10-10T12:46:58.019631+00:00,A_VERIFIER_IDENTITE_ET_PERIODE
0JW.F,0001674335,Liabilities,Liabilities,2625030000,USD,,2019-06-29,2019-08-07,10-Q,0001674335-19-000072,2019,Q2,https://data.sec.gov/api/xbrl/companyfacts/CIK0001674335.json,2026-10-10T12:46:58.019642+00:00,A_VERIFIER_IDENTITE_ET_PERIODE
0JW.F,0001674335,Liabilities,Liabilities,2564650000,USD,,2019-09-28,2019-11-06,10-Q,0001674335-19-000090,2019,Q3,https://data.sec.gov/api/xbrl/companyfacts/CIK0001674335.json,2026-10-10T12:46:58.019653+00:00,A_VERIFIER_IDENTITE_ET_PERIODE
0JW.F,0001674335,Liabilities,Liabilities,2569245000,USD,,2019-12-31,2020-02-24,10-K,0001674335-20-000033,2019,FY,https://data.sec.gov/api/xbrl/companyfacts/CIK0001674335.json,2026-10-10T12:46:58.019664+00:00,A_VERIFIER_IDENTITE_ET_PERIODE
0JW.F,0001674335,Liabilities,Liabilities,2569245000,USD,,2019-12-31,2020-05-06,10-Q,0001674335-20-000043,2020,Q1,https://data.sec.gov/api/xbrl/companyfacts/CIK0001674335.json,2026-10-10T12:46:58.019676+00:00,A_VERIFIER_IDENTITE_ET_PERIODE
0JW.F,0001674335,Liabilities,Liabilities,2569245000,USD,,2019-12-31,2020-08-05,10-Q,0001674335-20-000082,2020,Q1,https://data.sec.gov/api/xbrl/companyfacts/CIK0001674335.json,2026-10-10T12:46:58.019689+00:00,A_VERIFIER_IDENTITE_ET_PERIODE
0JW.F,0001674335,Liabilities,Liabilities,2569245000,USD,,2019-12-31,2020-11-03,10-Q,0001674335-20-000098,2020,Q3,https://data.sec.gov/api/xbrl/companyfacts/CIK0001674335.json,2026-10-10T12:46:58.019701+00:00,A_VERIFIER_IDENTITE_ET_PERIODE
0JW.F,0001674335,Liabilities,Liabilities,2569245000,USD,,2019-12-31,2021-02-23,10-K,0001674335-21-000012,2020,FY,https://data.sec.gov/api/xbrl/companyfacts/CIK0001674335.json,2026-10-10T12:46:58.019713+00:00,A_VERIFIER_IDENTITE_ET_PERIODE
0JW.F,0001674335,Liabilities,Liabilities,2652810000,USD,,2020-03-28,2020-05-06,10-Q,0001674335-20-000043,2020,Q1,https://data.sec.gov/api/xbrl/companyfacts/CIK0001674335.json,2026-10-10T12:46:58.019725+00:00,A_VERIFIER_IDENTITE_ET_PERIODE
0JW.F,0001674335,Liabilities,Liabilities,2868279000,USD,,2020-06-27,2020-08-05,10-Q,0001674335-20-000082,2020,Q1,https://data.sec.gov/api/xbrl/companyfacts/CIK0001674335.json,2026-10-10T12:46:58.019736+00:00,A_VERIFIER_IDENTITE_ET_PERIODE
0JW.F,0001674335,Liabilities,Liabilities,2959755000,USD,,2020-09-26,2020-11-03,10-Q,0001674335-20-000098,2020,Q3,https://data.sec.gov/api/xbrl/companyfacts/CIK0001674335.json,2026-10-10T12:46:58.019747+00:00,A_VERIFIER_IDENTITE_ET_PERIODE
0JW.F,0001674335,Liabilities,Liabilities,2960221000,USD,,2020-12-31,2021-02-23,10-K,0001674335-21-000012,2020,FY,https://data.sec.gov/api/xbrl/companyfacts/CIK0001674335.json,2026-10-10T12:46:58.019758+00:00,A_VERIFIER_IDENTITE_ET_PERIODE
0JW.F,0001674335,Liabilities,Liabilities,2960221000,USD,,2020-12-31,2021-04-30,10-Q,0001674335-21-000039,2021,Q1,https://data.sec.gov/api/xbrl/companyfacts/CIK0001674335.json,2026-10-10T12:46:58.019769+00:00,A_VERIFIER_IDENTITE_ET_PERIODE
0JW.F,0001674335,Liabilities,Liabilities,2960221000,USD,,2020-12-31,2021-08-02,10-Q,0001674335-21-000090,2021,Q2,https://data.sec.gov/api/xbrl/companyfacts/CIK0001674335.json,2026-10-10T12:46:58.019780+00:00,A_VERIFIER_IDENTITE_ET_PERIODE
0JW.F,0001674335,Liabilities,Liabilities,2960221000,USD,,2020-12-31,2021-11-01,10-Q,0001674335-21-000105,2021,Q3,https://data.sec.gov/api/xbrl/companyfacts/CIK0001674335.json,2026-10-10T12:46:58.019792+00:00,A_VERIFIER_IDENTITE_ET_PERIODE
0JW.F,0001674335,Liabilities,Liabilities,2960221000,USD,,2020-12-31,2022-02-22,10-K,0001674335-22-000028,2021,FY,https://data.sec.gov/api/xbrl/companyfacts/CIK0001674335.json,2026-10-10T12:46:58.019803+00:00,A_VERIFIER_IDENTITE_ET_PERIODE
0JW.F,0001674335,Liabilities,Liabilities,3006313000,USD,,2021-03-27,2021-04-30,10-Q,0001674335-21-000039,2021,Q1,https://data.sec.gov/api/xbrl/companyfacts/CIK0001674335.json,2026-10-10T12:46:58.019815+00:00,A_VERIFIER_IDENTITE_ET_PERIODE
0JW.F,0001674335,Liabilities,Liabilities,2977938000,USD,,2021-06-26,2021-08-02,10-Q,0001674335-21-000090,2021,Q2,https://data.sec.gov/api/xbrl/companyfacts/CIK0001674335.json,2026-10-10T12:46:58.019826+00:00,A_VERIFIER_IDENTITE_ET_PERIODE
0JW.F,0001674335,Liabilities,Liabilities,2996123000,USD,,2021-09-25,2021-11-01,10-Q,0001674335-21-000105,2021,Q3,https://data.sec.gov/api/xbrl/companyfacts/CIK0001674335.json,2026-10-10T12:46:58.019837+00:00,A_VERIFIER_IDENTITE_ET_PERIODE
0JW.F,0001674335,Liabilities,Liabilities,2896453000,USD,,2021-12-31,2022-02-22,10-K,0001674335-22-000028,2021,FY,https://data.sec.gov/api/xbrl/companyfacts/CIK0001674335.json,2026-10-10T12:46:58.019848+00:00,A_VERIFIER_IDENTITE_ET_PERIODE
0JW.F,0001674335,Liabilities,Liabilities,2896453000,USD,,2021-12-31,2022-05-02,10-Q,0001674335-22-000070,2022,Q1,https://data.sec.gov/api/xbrl/companyfacts/CIK0001674335.json,2026-10-10T12:46:58.019859+00:00,A_VERIFIER_IDENTITE_ET_PERIODE
0JW.F,0001674335,Liabilities,Liabilities,2896453000,USD,,2021-12-31,2022-08-01,10-Q,0001674335-22-000110,2022,Q2,https://data.sec.gov/api/xbrl/companyfacts/CIK0001674335.json,2026-10-10T12:46:58.019870+00:00,A_VERIFIER_IDENTITE_ET_PERIODE
0JW.F,0001674335,Liabilities,Liabilities,2896453000,USD,,2021-12-31,2022-11-01,10-Q,0001674335-22-000137,2022,Q3,https://data.sec.gov/api/xbrl/companyfacts/CIK0001674335.json,2026-10-10T12:46:58.019881+00:00,A_VERIFIER_IDENTITE_ET_PERIODE
0JW.F,0001674335,Liabilities,Liabilities,2896453000,USD,,2021-12-31,2023-02-21,10-K,0001674335-23-000039,2022,FY,https://data.sec.gov/api/xbrl/companyfacts/CIK0001674335.json,2026-10-10T12:46:58.019892+00:00,A_VERIFIER_IDENTITE_ET_PERIODE
0JW.F,0001674335,Liabilities,Liabilities,3024011000,USD,,2022-03-26,2022-05-02,10-Q,0001674335-22-000070,2022,Q1,https://data.sec.gov/api/xbrl/companyfacts/CIK0001674335.json,2026-10-10T12:46:58.019903+00:00,A_VERIFIER_IDENTITE_ET_PERIODE
0JW.F,0001674335,Liabilities,Liabilities,3078803000,USD,,2022-06-25,2022-08-01,10-Q,0001674335-22-000110,2022,Q2,https://data.sec.gov/api/xbrl/companyfacts/CIK0001674335.json,2026-10-10T12:46:58.019915+00:00,A_VERIFIER_IDENTITE_ET_PERIODE
0JW.F,0001674335,Liabilities,Liabilities,2989828000,USD,,2022-09-24,2022-11-01,10-Q,0001674335-22-000137,2022,Q3,https://data.sec.gov/api/xbrl/companyfacts/CIK0001674335.json,2026-10-10T12:46:58.019926+00:00,A_VERIFIER_IDENTITE_ET_PERIODE
0JW.F,0001674335,Liabilities,Liabilities,2777813000,USD,,2022-12-31,2023-02-21,10-K,0001674335-23-000039,2022,FY,https://data.sec.gov/api/xbrl/companyfacts/CIK0001674335.json,2026-10-10T12:46:58.019937+00:00,A_VERIFIER_IDENTITE_ET_PERIODE
0JW.F,0001674335,Liabilities,Liabilities,2777813000,USD,,2022-12-31,2023-05-09,10-Q,0001674335-23-000109,2023,Q1,https://data.sec.gov/api/xbrl/companyfacts/CIK0001674335.json,2026-10-10T12:46:58.019949+00:00,A_VERIFIER_IDENTITE_ET_PERIODE
0JW.F,0001674335,Liabilities,Liabilities,2777813000,USD,,2022-12-31,2023-08-08,10-Q,0001674335-23-000156,2023,Q2,https://data.sec.gov/api/xbrl/companyfacts/CIK0001674335.json,2026-10-10T12:46:58.019959+00:00,A_VERIFIER_IDENTITE_ET_PERIODE
0JW.F,0001674335,Liabilities,Liabilities,2777813000,USD,,2022-12-31,2023-11-07,10-Q,0001674335-23-000168,2023,Q3,https://data.sec.gov/api/xbrl/companyfacts/CIK0001674335.json,2026-10-10T12:46:58.019971+00:00,A_VERIFIER_IDENTITE_ET_PERIODE
0JW.F,0001674335,Liabilities,Liabilities,2777813000,USD,,2022-12-31,2024-02-20,10-K,0001674335-24-000059,2023,FY,https://data.sec.gov/api/xbrl/companyfacts/CIK0001674335.json,2026-10-10T12:46:58.019982+00:00,A_VERIFIER_IDENTITE_ET_PERIODE
0JW.F,0001674335,Liabilities,Liabilities,2812763000,USD,,2023-04-01,2023-05-09,10-Q,0001674335-23-000109,2023,Q1,https://data.sec.gov/api/xbrl/companyfacts/CIK0001674335.json,2026-10-10T12:46:58.019993+00:00,A_VERIFIER_IDENTITE_ET_PERIODE
0JW.F,0001674335,Liabilities,Liabilities,2763465000,USD,,2023-07-01,2023-08-08,10-Q,0001674335-23-000156,2023,Q2,https://data.sec.gov/api/xbrl/companyfacts/CIK0001674335.json,2026-10-10T12:46:58.020004+00:00,A_VERIFIER_IDENTITE_ET_PERIODE
0JW.F,0001674335,Liabilities,Liabilities,2171159000,USD,,2023-09-30,2023-11-07,10-Q,0001674335-23-000168,2023,Q3,https://data.sec.gov/api/xbrl/companyfacts/CIK0001674335.json,2026-10-10T12:46:58.020016+00:00,A_VERIFIER_IDENTITE_ET_PERIODE
0JW.F,0001674335,Liabilities,Liabilities,2129480000,USD,,2023-12-31,2024-02-20,10-K,0001674335-24-000059,2023,FY,https://data.sec.gov/api/xbrl/companyfacts/CIK0001674335.json,2026-10-10T12:46:58.020027+00:00,A_VERIFIER_IDENTITE_ET_PERIODE
0JW.F,0001674335,Liabilities,Liabilities,2129480000,USD,,2023-12-31,2024-05-07,10-Q,0001674335-24-000127,2024,Q1,https://data.sec.gov/api/xbrl/companyfacts/CIK0001674335.json,2026-10-10T12:46:58.020039+00:00,A_VERIFIER_IDENTITE_ET_PERIODE
0JW.F,0001674335,Liabilities,Liabilities,2129480000,USD,,2023-12-31,2024-08-06,10-Q,0001674335-24-000154,2024,Q2,https://data.sec.gov/api/xbrl/companyfacts/CIK0001674335.json,2026-10-10T12:46:58.020050+00:00,A_VERIFIER_IDENTITE_ET_PERIODE
0JW.F,0001674335,Liabilities,Liabilities,2129480000,USD,,2023-12-31,2024-11-06,10-Q,0001674335-24-000177,2024,Q3,https://data.sec.gov/api/xbrl/companyfacts/CIK0001674335.json,2026-10-10T12:46:58.020061+00:00,A_VERIFIER_IDENTITE_ET_PERIODE
0JW.F,0001674335,Liabilities,Liabilities,2129480000,USD,,2023-12-31,2025-02-20,10-K,0001674335-25-000055,2024,FY,https://data.sec.gov/api/xbrl/companyfacts/CIK0001674335.json,2026-10-10T12:46:58.020072+00:00,A_VERIFIER_IDENTITE_ET_PERIODE
0JW.F,0001674335,Liabilities,Liabilities,2122216000,USD,,2024-03-30,2024-05-07,10-Q,0001674335-24-000127,2024,Q1,https://data.sec.gov/api/xbrl/companyfacts/CIK0001674335.json,2026-10-10T12:46:58.020084+00:00,A_VERIFIER_IDENTITE_ET_PERIODE
0JW.F,0001674335,Liabilities,Liabilities,2118051000,USD,,2024-06-29,2024-08-06,10-Q,0001674335-24-000154,2024,Q2,https://data.sec.gov/api/xbrl/companyfacts/CIK0001674335.json,2026-10-10T12:46:58.020095+00:00,A_VERIFIER_IDENTITE_ET_PERIODE
0JW.F,0001674335,Liabilities,Liabilities,2114430000,USD,,2024-09-28,2024-11-06,10-Q,0001674335-24-000177,2024,Q3,https://data.sec.gov/api/xbrl/companyfacts/CIK0001674335.json,2026-10-10T12:46:58.020106+00:00,A_VERIFIER_IDENTITE_ET_PERIODE
0JW.F,0001674335,Liabilities,Liabilities,2000107000,USD,,2024-12-31,2025-02-20,10-K,0001674335-25-000055,2024,FY,https://data.sec.gov/api/xbrl/companyfacts/CIK0001674335.json,2026-10-10T12:46:58.020118+00:00,A_VERIFIER_IDENTITE_ET_PERIODE
0JW.F,0001674335,Liabilities,Liabilities,2000107000,USD,,2024-12-31,2025-05-08,10-Q,0001674335-25-000100,2025,Q1,https://data.sec.gov/api/xbrl/companyfacts/CIK0001674335.json,2026-10-10T12:46:58.020129+00:00,A_VERIFIER_IDENTITE_ET_PERIODE
0JW.F,0001674335,Liabilities,Liabilities,2000107000,USD,,2024-12-31,2025-08-06,10-Q,0001674335-25-000146,2025,Q2,https://data.sec.gov/api/xbrl/companyfacts/CIK0001674335.json,2026-10-10T12:46:58.020140+00:00,A_VERIFIER_IDENTITE_ET_PERIODE
0JW.F,0001674335,Liabilities,Liabilities,2000107000,USD,,2024-12-31,2025-11-06,10-Q,0001674335-25-000174,2025,Q3,https://data.sec.gov/api/xbrl/companyfacts/CIK0001674335.json,2026-10-10T12:46:58.020151+00:00,A_VERIFIER_IDENTITE_ET_PERIODE
0JW.F,0001674335,Liabilities,Liabilities,2000107000,USD,,2024-12-31,2026-02-23,10-K,0001674335-26-000043,2025,FY,https://data.sec.gov/api/xbrl/companyfacts/CIK0001674335.json,2026-10-10T12:46:58.020172+00:00,A_VERIFIER_IDENTITE_ET_PERIODE
0JW.F,0001674335,Liabilities,Liabilities,1966776000,USD,,2025-03-29,2025-05-08,10-Q,0001674335-25-000100,2025,Q1,https://data.sec.gov/api/xbrl/companyfacts/CIK0001674335.json,2026-10-10T12:46:58.020184+00:00,A_VERIFIER_IDENTITE_ET_PERIODE
0JW.F,0001674335,Liabilities,Liabilities,2065822000,USD,,2025-06-28,2025-08-06,10-Q,0001674335-25-000146,2025,Q2,https://data.sec.gov/api/xbrl/companyfacts/CIK0001674335.json,2026-10-10T12:46:58.020196+00:00,A_VERIFIER_IDENTITE_ET_PERIODE
0JW.F,0001674335,Liabilities,Liabilities,2057815000,USD,,2025-09-27,2025-11-06,10-Q,0001674335-25-000174,2025,Q3,https://data.sec.gov/api/xbrl/companyfacts/CIK0001674335.json,2026-10-10T12:46:58.020207+00:00,A_VERIFIER_IDENTITE_ET_PERIODE
0JW.F,0001674335,Liabilities,Liabilities,2010598000,USD,,2025-12-31,2026-02-23,10-K,0001674335-26-000043,2025,FY,https://data.sec.gov/api/xbrl/companyfacts/CIK0001674335.json,2026-10-10T12:46:58.020218+00:00,A_VERIFIER_IDENTITE_ET_PERIODE
0JW.F,0001674335,Liabilities,Liabilities,2010598000,USD,,2025-12-31,2026-05-05,10-Q,0001674335-26-000069,2026,Q1,https://data.sec.gov/api/xbrl/companyfacts/CIK0001674335.json,2026-10-10T12:46:58.020229+00:00,A_VERIFIER_IDENTITE_ET_PERIODE
0JW.F,0001674335,Liabilities,Liabilities,2010598000,USD,,2025-12-31,2026-08-04,10-Q,0001674335-26-000123,2026,Q2,https://data.sec.gov/api/xbrl/companyfacts/CIK0001674335.json,2026-10-10T12:46:58.020241+00:00,A_VERIFIER_IDENTITE_ET_PERIODE
0JW.F,0001674335,Liabilities,Liabilities,2065087000,USD,,2026-03-28,2026-05-05,10-Q,0001674335-26-000069,2026,Q1,https://data.sec.gov/api/xbrl/companyfacts/CIK0001674335.json,2026-10-10T12:46:58.020252+00:00,A_VERIFIER_IDENTITE_ET_PERIODE
0JW.F,0001674335,Liabilities,Liabilities,2092222000,USD,,2026-06-27,2026-08-04,10-Q,0001674335-26-000123,2026,Q2,https://data.sec.gov/api/xbrl/companyfacts/CIK0001674335.json,2026-10-10T12:46:58.020263+00:00,A_VERIFIER_IDENTITE_ET_PERIODE
0JW.F,0001674335,OperatingIncome,OperatingIncomeLoss,60477000,USD,2014-01-01,2014-12-31,2017-11-08,10-Q,0001674335-17-000054,2017,Q3,https://data.sec.gov/api/xbrl/companyfacts/CIK0001674335.json,2026-10-10T12:46:58.020276+00:00,A_VERIFIER_IDENTITE_ET_PERIODE
0JW.F,0001674335,OperatingIncome,OperatingIncomeLoss,60477000,USD,2014-01-01,2014-12-31,2018-03-06,10-K,0001674335-18-000038,2017,Q4,https://data.sec.gov/api/xbrl/companyfacts/CIK0001674335.json,2026-10-10T12:46:58.020288+00:00,A_VERIFIER_IDENTITE_ET_PERIODE
0JW.F,0001674335,OperatingIncome,OperatingIncomeLoss,132467000,USD,2015-01-01,2015-12-31,2017-11-08,10-Q,0001674335-17-000054,2017,Q3,https://data.sec.gov/api/xbrl/companyfacts/CIK0001674335.json,2026-10-10T12:46:58.020299+00:00,A_VERIFIER_IDENTITE_ET_PERIODE
0JW.F,0001674335,OperatingIncome,OperatingIncomeLoss,132467000,USD,2015-01-01,2015-12-31,2018-03-06,10-K,0001674335-18-000038,2017,Q4,https://data.sec.gov/api/xbrl/companyfacts/CIK0001674335.json,2026-10-10T12:46:58.020311+00:00,A_VERIFIER_IDENTITE_ET_PERIODE
0JW.F,0001674335,OperatingIncome,OperatingIncomeLoss,23150000,USD,2016-01-01,2016-03-26,2017-05-12,10-Q,0001674335-17-000018,2017,Q1,https://data.sec.gov/api/xbrl/companyfacts/CIK0001674335.json,2026-10-10T12:46:58.020322+00:00,A_VERIFIER_IDENTITE_ET_PERIODE
0JW.F,0001674335,OperatingIncome,OperatingIncomeLoss,23150000,USD,2016-01-01,2016-03-26,2017-11-08,10-Q,0001674335-17-000054,2017,Q3,https://data.sec.gov/api/xbrl/companyfacts/CIK0001674335.json,2026-10-10T12:46:58.020333+00:00,A_VERIFIER_IDENTITE_ET_PERIODE
0JW.F,0001674335,OperatingIncome,OperatingIncomeLoss,23150000,USD,2016-01-01,2016-03-26,2018-03-06,10-K,0001674335-18-000038,2017,Q4,https://data.sec.gov/api/xbrl/companyfacts/CIK0001674335.json,2026-10-10T12:46:58.020345+00:00,A_VERIFIER_IDENTITE_ET_PERIODE
0JW.F,0001674335,OperatingIncome,OperatingIncomeLoss,92120000,USD,2016-01-01,2016-06-25,2017-08-08,10-Q,0001674335-17-000028,2017,Q2,https://data.sec.gov/api/xbrl/companyfacts/CIK0001674335.json,2026-10-10T12:46:58.020356+00:00,A_VERIFIER_IDENTITE_ET_PERIODE
0JW.F,0001674335,OperatingIncome,OperatingIncomeLoss,68970000,USD,2016-03-27,2016-06-25,2017-05-12,10-Q,0001674335-17-000018,2017,Q1,https://data.sec.gov/api/xbrl/companyfacts/CIK0001674335.json,2026-10-10T12:46:58.020368+00:00,A_VERIFIER_IDENTITE_ET_PERIODE
0JW.F,0001674335,OperatingIncome,OperatingIncomeLoss,68970000,USD,2016-03-27,2016-06-25,2017-08-08,10-Q,0001674335-17-000028,2017,Q2,https://data.sec.gov/api/xbrl/companyfacts/CIK0001674335.json,2026-10-10T12:46:58.020379+00:00,A_VERIFIER_IDENTITE_ET_PERIODE
0JW.F,0001674335,OperatingIncome,OperatingIncomeLoss,68970000,USD,2016-03-27,2016-06-25,2017-11-08,10-Q,0001674335-17-000054,2017,Q3,https://data.sec.gov/api/xbrl/companyfacts/CIK0001674335.json,2026-10-10T12:46:58.020391+00:00,A_VERIFIER_IDENTITE_ET_PERIODE
0JW.F,0001674335,OperatingIncome,OperatingIncomeLoss,68970000,USD,2016-03-27,2016-06-25,2018-03-06,10-K,0001674335-18-000038,2017,Q4,https://data.sec.gov/api/xbrl/companyfacts/CIK0001674335.json,2026-10-10T12:46:58.020402+00:00,A_VERIFIER_IDENTITE_ET_PERIODE
0JW.F,0001674335,OperatingIncome,OperatingIncomeLoss,164040000,USD,2016-01-01,2016-09-24,2017-11-08,10-Q,0001674335-17-000054,2017,Q3,https://data.sec.gov/api/xbrl/companyfacts/CIK0001674335.json,2026-10-10T12:46:58.020413+00:00,A_VERIFIER_IDENTITE_ET_PERIODE
0JW.F,0001674335,OperatingIncome,OperatingIncomeLoss,71920000,USD,2016-06-26,2016-09-24,2017-05-12,10-Q,0001674335-17-000018,2017,Q1,https://data.sec.gov/api/xbrl/companyfacts/CIK0001674335.json,2026-10-10T12:46:58.020425+00:00,A_VERIFIER_IDENTITE_ET_PERIODE
0JW.F,0001674335,OperatingIncome,OperatingIncomeLoss,71920000,USD,2016-06-26,2016-09-24,2017-11-08,10-Q,0001674335-17-000054,2017,Q3,https://data.sec.gov/api/xbrl/companyfacts/CIK0001674335.json,2026-10-10T12:46:58.020436+00:00,A_VERIFIER_IDENTITE_ET_PERIODE
0JW.F,0001674335,OperatingIncome,OperatingIncomeLoss,71920000,USD,2016-06-26,2016-09-24,2018-03-06,10-K,0001674335-18-000038,2017,Q4,https://data.sec.gov/api/xbrl/companyfacts/CIK0001674335.json,2026-10-10T12:46:58.020447+00:00,A_VERIFIER_IDENTITE_ET_PERIODE
0JW.F,0001674335,OperatingIncome,OperatingIncomeLoss,195085000,USD,2016-01-01,2016-12-31,2017-05-12,10-Q,0001674335-17-000018,2017,Q1,https://data.sec.gov/api/xbrl/companyfacts/CIK0001674335.json,2026-10-10T12:46:58.020458+00:00,A_VERIFIER_IDENTITE_ET_PERIODE
0JW.F,0001674335,OperatingIncome,OperatingIncomeLoss,195085000,USD,2016-01-01,2016-12-31,2017-11-08,10-Q,0001674335-17-000054,2017,Q3,https://data.sec.gov/api/xbrl/companyfacts/CIK0001674335.json,2026-10-10T12:46:58.020469+00:00,A_VERIFIER_IDENTITE_ET_PERIODE
0JW.F,0001674335,OperatingIncome,OperatingIncomeLoss,195085000,USD,2016-01-01,2016-12-31,2018-03-06,10-K,0001674335-18-000038,2017,Q4,https://data.sec.gov/api/xbrl/companyfacts/CIK0001674335.json,2026-10-10T12:46:58.020481+00:00,A_VERIFIER_IDENTITE_ET_PERIODE
0JW.F,0001674335,OperatingIncome,OperatingIncomeLoss,209320000,USD,2016-01-01,2016-12-31,2019-03-01,10-K,0001674335-19-000023,2018,FY,https://data.sec.gov/api/xbrl/companyfacts/CIK0001674335.json,2026-10-10T12:46:58.020492+00:00,A_VERIFIER_IDENTITE_ET_PERIODE
0JW.F,0001674335,OperatingIncome,OperatingIncomeLoss,207865000,USD,2016-01-01,2016-12-31,2019-08-07,10-Q,0001674335-19-000072,2019,Q2,https://data.sec.gov/api/xbrl/companyfacts/CIK0001674335.json,2026-10-10T12:46:58.020503+00:00,A_VERIFIER_IDENTITE_ET_PERIODE
0JW.F,0001674335,OperatingIncome,OperatingIncomeLoss,31045000,USD,2016-09-25,2016-12-31,2017-05-12,10-Q,0001674335-17-000018,2017,Q1,https://data.sec.gov/api/xbrl/companyfacts/CIK0001674335.json,2026-10-10T12:46:58.020514+00:00,A_VERIFIER_IDENTITE_ET_PERIODE
0JW.F,0001674335,OperatingIncome,OperatingIncomeLoss,31045000,USD,2016-09-25,2016-12-31,2017-11-08,10-Q,0001674335-17-000054,2017,Q3,https://data.sec.gov/api/xbrl/companyfacts/CIK0001674335.json,2026-10-10T12:46:58.020525+00:00,A_VERIFIER_IDENTITE_ET_PERIODE
0JW.F,0001674335,OperatingIncome,OperatingIncomeLoss,31045000,USD,2016-09-25,2016-12-31,2018-03-06,10-K,0001674335-18-000038,2017,Q4,https://data.sec.gov/api/xbrl/companyfacts/CIK0001674335.json,2026-10-10T12:46:58.020536+00:00,A_VERIFIER_IDENTITE_ET_PERIODE
0JW.F,0001674335,OperatingIncome,OperatingIncomeLoss,37690000,USD,2017-01-01,2017-04-01,2017-05-12,10-Q,0001674335-17-000018,2017,Q1,https://data.sec.gov/api/xbrl/companyfacts/CIK0001674335.json,2026-10-10T12:46:58.020548+00:00,A_VERIFIER_IDENTITE_ET_PERIODE
0JW.F,0001674335,OperatingIncome,OperatingIncomeLoss,37690000,USD,2017-01-01,2017-04-01,2017-11-08,10-Q,0001674335-17-000054,2017,Q3,https://data.sec.gov/api/xbrl/companyfacts/CIK0001674335.json,2026-10-10T12:46:58.020559+00:00,A_VERIFIER_IDENTITE_ET_PERIODE
0JW.F,0001674335,OperatingIncome,OperatingIncomeLoss,37690000,USD,2017-01-01,2017-04-01,2018-03-06,10-K,0001674335-18-000038,2017,Q4,https://data.sec.gov/api/xbrl/companyfacts/CIK0001674335.json,2026-10-10T12:46:58.020570+00:00,A_VERIFIER_IDENTITE_ET_PERIODE
0JW.F,0001674335,OperatingIncome,OperatingIncomeLoss,40821000,USD,2017-01-01,2017-04-01,2018-05-09,10-Q,0001674335-18-000068,2018,Q1,https://data.sec.gov/api/xbrl/companyfacts/CIK0001674335.json,2026-10-10T12:46:58.020581+00:00,A_VERIFIER_IDENTITE_ET_PERIODE
0JW.F,0001674335,OperatingIncome,OperatingIncomeLoss,40821000,USD,2017-01-01,2017-04-01,2019-03-01,10-K,0001674335-19-000023,2018,FY,https://data.sec.gov/api/xbrl/companyfacts/CIK0001674335.json,2026-10-10T12:46:58.020592+00:00,A_VERIFIER_IDENTITE_ET_PERIODE
0JW.F,0001674335,OperatingIncome,OperatingIncomeLoss,121410000,USD,2017-01-01,2017-07-01,2017-08-08,10-Q,0001674335-17-000028,2017,Q2,https://data.sec.gov/api/xbrl/companyfacts/CIK0001674335.json,2026-10-10T12:46:58.020603+00:00,A_VERIFIER_IDENTITE_ET_PERIODE
0JW.F,0001674335,OperatingIncome,OperatingIncomeLoss,127644000,USD,2017-01-01,2017-07-01,2018-08-07,10-Q,0001674335-18-000090,2018,Q2,https://data.sec.gov/api/xbrl/companyfacts/CIK0001674335.json,2026-10-10T12:46:58.020615+00:00,A_VERIFIER_IDENTITE_ET_PERIODE
0JW.F,0001674335,OperatingIncome,OperatingIncomeLoss,83720000,USD,2017-04-02,2017-07-01,2017-08-08,10-Q,0001674335-17-000028,2017,Q2,https://data.sec.gov/api/xbrl/companyfacts/CIK0001674335.json,2026-10-10T12:46:58.020626+00:00,A_VERIFIER_IDENTITE_ET_PERIODE
0JW.F,0001674335,OperatingIncome,OperatingIncomeLoss,83720000,USD,2017-04-02,2017-07-01,2017-11-08,10-Q,0001674335-17-000054,2017,Q3,https://data.sec.gov/api/xbrl/companyfacts/CIK0001674335.json,2026-10-10T12:46:58.020637+00:00,A_VERIFIER_IDENTITE_ET_PERIODE
0JW.F,0001674335,OperatingIncome,OperatingIncomeLoss,83720000,USD,2017-04-02,2017-07-01,2018-03-06,10-K,0001674335-18-000038,2017,Q4,https://data.sec.gov/api/xbrl/companyfacts/CIK0001674335.json,2026-10-10T12:46:58.020649+00:00,A_VERIFIER_IDENTITE_ET_PERIODE
0JW.F,0001674335,OperatingIncome,OperatingIncomeLoss,86823000,USD,2017-04-02,2017-07-01,2018-08-07,10-Q,0001674335-18-000090,2018,Q2,https://data.sec.gov/api/xbrl/companyfacts/CIK0001674335.json,2026-10-10T12:46:58.020660+00:00,A_VERIFIER_IDENTITE_ET_PERIODE
0JW.F,0001674335,OperatingIncome,OperatingIncomeLoss,86823000,USD,2017-04-02,2017-07-01,2019-03-01,10-K,0001674335-19-000023,2018,FY,https://data.sec.gov/api/xbrl/companyfacts/CIK0001674335.json,2026-10-10T12:46:58.020672+00:00,A_VERIFIER_IDENTITE_ET_PERIODE
0JW.F,0001674335,OperatingIncome,OperatingIncomeLoss,204745000,USD,2017-01-01,2017-09-30,2017-11-08,10-Q,0001674335-17-000054,2017,Q3,https://data.sec.gov/api/xbrl/companyfacts/CIK0001674335.json,2026-10-10T12:46:58.020683+00:00,A_VERIFIER_IDENTITE_ET_PERIODE
0JW.F,0001674335,OperatingIncome,OperatingIncomeLoss,214090000,USD,2017-01-01,2017-09-30,2018-11-07,10-Q,0001674335-18-000108,2018,Q3,https://data.sec.gov/api/xbrl/companyfacts/CIK0001674335.json,2026-10-10T12:46:58.020695+00:00,A_VERIFIER_IDENTITE_ET_PERIODE
0JW.F,0001674335,OperatingIncome,OperatingIncomeLoss,83335000,USD,2017-07-02,2017-09-30,2017-11-08,10-Q,0001674335-17-000054,2017,Q3,https://data.sec.gov/api/xbrl/companyfacts/CIK0001674335.json,2026-10-10T12:46:58.020706+00:00,A_VERIFIER_IDENTITE_ET_PERIODE
0JW.F,0001674335,OperatingIncome,OperatingIncomeLoss,83335000,USD,2017-07-02,2017-09-30,2018-03-06,10-K,0001674335-18-000038,2017,Q4,https://data.sec.gov/api/xbrl/companyfacts/CIK0001674335.json,2026-10-10T12:46:58.020717+00:00,A_VERIFIER_IDENTITE_ET_PERIODE
0JW.F,0001674335,OperatingIncome,OperatingIncomeLoss,86446000,USD,2017-07-02,2017-09-30,2018-11-07,10-Q,0001674335-18-000108,2018,Q3,https://data.sec.gov/api/xbrl/companyfacts/CIK0001674335.json,2026-10-10T12:46:58.020728+00:00,A_VERIFIER_IDENTITE_ET_PERIODE
0JW.F,0001674335,OperatingIncome,OperatingIncomeLoss,86446000,USD,2017-07-02,2017-09-30,2019-03-01,10-K,0001674335-19-000023,2018,FY,https://data.sec.gov/api/xbrl/companyfacts/CIK0001674335.json,2026-10-10T12:46:58.020739+00:00,A_VERIFIER_IDENTITE_ET_PERIODE
0JW.F,0001674335,OperatingIncome,OperatingIncomeLoss,250068000,USD,2017-01-01,2017-12-31,2018-03-06,10-K,0001674335-18-000038,2017,Q4,https://data.sec.gov/api/xbrl/companyfacts/CIK0001674335.json,2026-10-10T12:46:58.020751+00:00,A_VERIFIER_IDENTITE_ET_PERIODE
0JW.F,0001674335,OperatingIncome,OperatingIncomeLoss,263908000,USD,2017-01-01,2017-12-31,2019-03-01,10-K,0001674335-19-000023,2018,FY,https://data.sec.gov/api/xbrl/companyfacts/CIK0001674335.json,2026-10-10T12:46:58.020762+00:00,A_VERIFIER_IDENTITE_ET_PERIODE
0JW.F,0001674335,OperatingIncome,OperatingIncomeLoss,261457000,USD,2017-01-01,2017-12-31,2019-08-07,10-Q,0001674335-19-000072,2019,Q2,https://data.sec.gov/api/xbrl/companyfacts/CIK0001674335.json,2026-10-10T12:46:58.020773+00:00,A_VERIFIER_IDENTITE_ET_PERIODE
0JW.F,0001674335,OperatingIncome,OperatingIncomeLoss,261457000,USD,2017-01-01,2017-12-31,2020-02-24,10-K,0001674335-20-000033,2019,FY,https://data.sec.gov/api/xbrl/companyfacts/CIK0001674335.json,2026-10-10T12:46:58.020785+00:00,A_VERIFIER_IDENTITE_ET_PERIODE
0JW.F,0001674335,OperatingIncome,OperatingIncomeLoss,45323000,USD,2017-10-01,2017-12-31,2018-03-06,10-K,0001674335-18-000038,2017,Q4,https://data.sec.gov/api/xbrl/companyfacts/CIK0001674335.json,2026-10-10T12:46:58.020796+00:00,A_VERIFIER_IDENTITE_ET_PERIODE
0JW.F,0001674335,OperatingIncome,OperatingIncomeLoss,49818000,USD,2017-10-01,2017-12-31,2019-03-01,10-K,0001674335-19-000023,2018,FY,https://data.sec.gov/api/xbrl/companyfacts/CIK0001674335.json,2026-10-10T12:46:58.020807+00:00,A_VERIFIER_IDENTITE_ET_PERIODE
0JW.F,0001674335,OperatingIncome,OperatingIncomeLoss,38165000,USD,2018-01-01,2018-03-31,2018-05-09,10-Q,0001674335-18-000068,2018,Q1,https://data.sec.gov/api/xbrl/companyfacts/CIK0001674335.json,2026-10-10T12:46:58.020818+00:00,A_VERIFIER_IDENTITE_ET_PERIODE
0JW.F,0001674335,OperatingIncome,OperatingIncomeLoss,38165000,USD,2018-01-01,2018-03-31,2019-03-01,10-K,0001674335-19-000023,2018,FY,https://data.sec.gov/api/xbrl/companyfacts/CIK0001674335.json,2026-10-10T12:46:58.020829+00:00,A_VERIFIER_IDENTITE_ET_PERIODE
0JW.F,0001674335,OperatingIncome,OperatingIncomeLoss,38165000,USD,2018-01-01,2018-03-31,2019-05-08,10-Q,0001674335-19-000039,2019,Q1,https://data.sec.gov/api/xbrl/companyfacts/CIK0001674335.json,2026-10-10T12:46:58.020840+00:00,A_VERIFIER_IDENTITE_ET_PERIODE
0JW.F,0001674335,OperatingIncome,OperatingIncomeLoss,36730000,USD,2018-01-01,2018-03-31,2019-08-07,10-Q,0001674335-19-000072,2019,Q2,https://data.sec.gov/api/xbrl/companyfacts/CIK0001674335.json,2026-10-10T12:46:58.020851+00:00,A_VERIFIER_IDENTITE_ET_PERIODE
0JW.F,0001674335,OperatingIncome,OperatingIncomeLoss,36730000,USD,2018-01-01,2018-03-31,2020-02-24,10-K,0001674335-20-000033,2019,FY,https://data.sec.gov/api/xbrl/companyfacts/CIK0001674335.json,2026-10-10T12:46:58.020862+00:00,A_VERIFIER_IDENTITE_ET_PERIODE
0JW.F,0001674335,OperatingIncome,OperatingIncomeLoss,109263000,USD,2018-01-01,2018-06-30,2018-08-07,10-Q,0001674335-18-000090,2018,Q2,https://data.sec.gov/api/xbrl/companyfacts/CIK0001674335.json,2026-10-10T12:46:58.020873+00:00,A_VERIFIER_IDENTITE_ET_PERIODE
0JW.F,0001674335,OperatingIncome,OperatingIncomeLoss,106994000,USD,2018-01-01,2018-06-30,2019-08-07,10-Q,0001674335-19-000072,2019,Q2,https://data.sec.gov/api/xbrl/companyfacts/CIK0001674335.json,2026-10-10T12:46:58.020885+00:00,A_VERIFIER_IDENTITE_ET_PERIODE
0JW.F,0001674335,OperatingIncome,OperatingIncomeLoss,71098000,USD,2018-04-01,2018-06-30,2018-08-07,10-Q,0001674335-18-000090,2018,Q2,https://data.sec.gov/api/xbrl/companyfacts/CIK0001674335.json,2026-10-10T12:46:58.020896+00:00,A_VERIFIER_IDENTITE_ET_PERIODE
0JW.F,0001674335,OperatingIncome,OperatingIncomeLoss,71098000,USD,2018-04-01,2018-06-30,2019-03-01,10-K,0001674335-19-000023,2018,FY,https://data.sec.gov/api/xbrl/companyfacts/CIK0001674335.json,2026-10-10T12:46:58.020907+00:00,A_VERIFIER_IDENTITE_ET_PERIODE
0JW.F,0001674335,OperatingIncome,OperatingIncomeLoss,70264000,USD,2018-04-01,2018-06-30,2019-08-07,10-Q,0001674335-19-000072,2019,Q2,https://data.sec.gov/api/xbrl/companyfacts/CIK0001674335.json,2026-10-10T12:46:58.020918+00:00,A_VERIFIER_IDENTITE_ET_PERIODE
0JW.F,0001674335,OperatingIncome,OperatingIncomeLoss,70264000,USD,2018-04-01,2018-06-30,2020-02-24,10-K,0001674335-20-000033,2019,FY,https://data.sec.gov/api/xbrl/companyfacts/CIK0001674335.json,2026-10-10T12:46:58.020929+00:00,A_VERIFIER_IDENTITE_ET_PERIODE
0JW.F,0001674335,OperatingIncome,OperatingIncomeLoss,116876000,USD,2018-01-01,2018-09-29,2018-11-07,10-Q,0001674335-18-000108,2018,Q3,https://data.sec.gov/api/xbrl/companyfacts/CIK0001674335.json,2026-10-10T12:46:58.020940+00:00,A_VERIFIER_IDENTITE_ET_PERIODE
0JW.F,0001674335,OperatingIncome,OperatingIncomeLoss,114287000,USD,2018-01-01,2018-09-29,2019-08-07,10-Q,0001674335-19-000072,2019,Q2,https://data.sec.gov/api/xbrl/companyfacts/CIK0001674335.json,2026-10-10T12:46:58.020952+00:00,A_VERIFIER_IDENTITE_ET_PERIODE
0JW.F,0001674335,OperatingIncome,OperatingIncomeLoss,114287000,USD,2018-01-01,2018-09-29,2019-11-06,10-Q,0001674335-19-000090,2019,Q3,https://data.sec.gov/api/xbrl/companyfacts/CIK0001674335.json,2026-10-10T12:46:58.020963+00:00,A_VERIFIER_IDENTITE_ET_PERIODE
0JW.F,0001674335,OperatingIncome,OperatingIncomeLoss,7613000,USD,2018-07-01,2018-09-29,2018-11-07,10-Q,0001674335-18-000108,2018,Q3,https://data.sec.gov/api/xbrl/companyfacts/CIK0001674335.json,2026-10-10T12:46:58.020974+00:00,A_VERIFIER_IDENTITE_ET_PERIODE
0JW.F,0001674335,OperatingIncome,OperatingIncomeLoss,7613000,USD,2018-07-01,2018-09-29,2019-03-01,10-K,0001674335-19-000023,2018,FY,https://data.sec.gov/api/xbrl/companyfacts/CIK0001674335.json,2026-10-10T12:46:58.020985+00:00,A_VERIFIER_IDENTITE_ET_PERIODE
0JW.F,0001674335,OperatingIncome,OperatingIncomeLoss,7293000,USD,2018-07-01,2018-09-29,2019-08-07,10-Q,0001674335-19-000072,2019,Q2,https://data.sec.gov/api/xbrl/companyfacts/CIK0001674335.json,2026-10-10T12:46:58.020996+00:00,A_VERIFIER_IDENTITE_ET_PERIODE
0JW.F,0001674335,OperatingIncome,OperatingIncomeLoss,7293000,USD,2018-07-01,2018-09-29,2019-11-06,10-Q,0001674335-19-000090,2019,Q3,https://data.sec.gov/api/xbrl/companyfacts/CIK0001674335.json,2026-10-10T12:46:58.021007+00:00,A_VERIFIER_IDENTITE_ET_PERIODE
0JW.F,0001674335,OperatingIncome,OperatingIncomeLoss,7293000,USD,2018-07-01,2018-09-29,2020-02-24,10-K,0001674335-20-000033,2019,FY,https://data.sec.gov/api/xbrl/companyfacts/CIK0001674335.json,2026-10-10T12:46:58.021019+00:00,A_VERIFIER_IDENTITE_ET_PERIODE
0JW.F,0001674335,OperatingIncome,OperatingIncomeLoss,172658000,USD,2018-01-01,2018-12-31,2019-03-01,10-K,0001674335-19-000023,2018,FY,https://data.sec.gov/api/xbrl/companyfacts/CIK0001674335.json,2026-10-10T12:46:58.021030+00:00,A_VERIFIER_IDENTITE_ET_PERIODE
0JW.F,0001674335,OperatingIncome,OperatingIncomeLoss,167042000,USD,2018-01-01,2018-12-31,2019-08-07,10-Q,0001674335-19-000072,2019,Q2,https://data.sec.gov/api/xbrl/companyfacts/CIK0001674335.json,2026-10-10T12:46:58.021041+00:00,A_VERIFIER_IDENTITE_ET_PERIODE
0JW.F,0001674335,OperatingIncome,OperatingIncomeLoss,167042000,USD,2018-01-01,2018-12-31,2020-02-24,10-K,0001674335-20-000033,2019,FY,https://data.sec.gov/api/xbrl/companyfacts/CIK0001674335.json,2026-10-10T12:46:58.021053+00:00,A_VERIFIER_IDENTITE_ET_PERIODE
0JW.F,0001674335,OperatingIncome,OperatingIncomeLoss,167042000,USD,2018-01-01,2018-12-31,2020-05-06,10-Q,0001674335-20-000043,2020,Q1,https://data.sec.gov/api/xbrl/companyfacts/CIK0001674335.json,2026-10-10T12:46:58.021064+00:00,A_VERIFIER_IDENTITE_ET_PERIODE
0JW.F,0001674335,OperatingIncome,OperatingIncomeLoss,167042000,USD,2018-01-01,2018-12-31,2021-02-23,10-K,0001674335-21-000012,2020,FY,https://data.sec.gov/api/xbrl/companyfacts/CIK0001674335.json,2026-10-10T12:46:58.021075+00:00,A_VERIFIER_IDENTITE_ET_PERIODE
0JW.F,0001674335,OperatingIncome,OperatingIncomeLoss,55782000,USD,2018-09-30,2018-12-31,2019-03-01,10-K,0001674335-19-000023,2018,FY,https://data.sec.gov/api/xbrl/companyfacts/CIK0001674335.json,2026-10-10T12:46:58.021086+00:00,A_VERIFIER_IDENTITE_ET_PERIODE
0JW.F,0001674335,OperatingIncome,OperatingIncomeLoss,52755000,USD,2018-09-30,2018-12-31,2019-08-07,10-Q,0001674335-19-000072,2019,Q2,https://data.sec.gov/api/xbrl/companyfacts/CIK0001674335.json,2026-10-10T12:46:58.021097+00:00,A_VERIFIER_IDENTITE_ET_PERIODE
0JW.F,0001674335,OperatingIncome,OperatingIncomeLoss,52755000,USD,2018-09-30,2018-12-31,2020-02-24,10-K,0001674335-20-000033,2019,FY,https://data.sec.gov/api/xbrl/companyfacts/CIK0001674335.json,2026-10-10T12:46:58.021108+00:00,A_VERIFIER_IDENTITE_ET_PERIODE
0JW.F,0001674335,OperatingIncome,OperatingIncomeLoss,41351000,USD,2019-01-01,2019-03-30,2019-05-08,10-Q,0001674335-19-000039,2019,Q1,https://data.sec.gov/api/xbrl/companyfacts/CIK0001674335.json,2026-10-10T12:46:58.021120+00:00,A_VERIFIER_IDENTITE_ET_PERIODE
0JW.F,0001674335,OperatingIncome,OperatingIncomeLoss,40310000,USD,2019-01-01,2019-03-30,2019-08-07,10-Q,0001674335-19-000072,2019,Q2,https://data.sec.gov/api/xbrl/companyfacts/CIK0001674335.json,2026-10-10T12:46:58.021131+00:00,A_VERIFIER_IDENTITE_ET_PERIODE
0JW.F,0001674335,OperatingIncome,OperatingIncomeLoss,40310000,USD,2019-01-01,2019-03-30,2020-02-24,10-K,0001674335-20-000033,2019,FY,https://data.sec.gov/api/xbrl/companyfacts/CIK0001674335.json,2026-10-10T12:46:58.021142+00:00,A_VERIFIER_IDENTITE_ET_PERIODE
0JW.F,0001674335,OperatingIncome,OperatingIncomeLoss,40310000,USD,2019-01-01,2019-03-30,2020-05-06,10-Q,0001674335-20-000043,2020,Q1,https://data.sec.gov/api/xbrl/companyfacts/CIK0001674335.json,2026-10-10T12:46:58.021153+00:00,A_VERIFIER_IDENTITE_ET_PERIODE
0JW.F,0001674335,OperatingIncome,OperatingIncomeLoss,98210000,USD,2019-01-01,2019-06-29,2019-08-07,10-Q,0001674335-19-000072,2019,Q2,https://data.sec.gov/api/xbrl/companyfacts/CIK0001674335.json,2026-10-10T12:46:58.021174+00:00,A_VERIFIER_IDENTITE_ET_PERIODE
0JW.F,0001674335,OperatingIncome,OperatingIncomeLoss,98210000,USD,2019-01-01,2019-06-29,2020-08-05,10-Q,0001674335-20-000082,2020,Q1,https://data.sec.gov/api/xbrl/companyfacts/CIK0001674335.json,2026-10-10T12:46:58.021187+00:00,A_VERIFIER_IDENTITE_ET_PERIODE
0JW.F,0001674335,OperatingIncome,OperatingIncomeLoss,57900000,USD,2019-03-31,2019-06-29,2019-08-07,10-Q,0001674335-19-000072,2019,Q2,https://data.sec.gov/api/xbrl/companyfacts/CIK0001674335.json,2026-10-10T12:46:58.021198+00:00,A_VERIFIER_IDENTITE_ET_PERIODE
0JW.F,0001674335,OperatingIncome,OperatingIncomeLoss,57900000,USD,2019-03-31,2019-06-29,2020-02-24,10-K,0001674335-20-000033,2019,FY,https://data.sec.gov/api/xbrl/companyfacts/CIK0001674335.json,2026-10-10T12:46:58.021209+00:00,A_VERIFIER_IDENTITE_ET_PERIODE
0JW.F,0001674335,OperatingIncome,OperatingIncomeLoss,57900000,USD,2019-03-31,2019-06-29,2020-08-05,10-Q,0001674335-20-000082,2020,Q1,https://data.sec.gov/api/xbrl/companyfacts/CIK0001674335.json,2026-10-10T12:46:58.021220+00:00,A_VERIFIER_IDENTITE_ET_PERIODE
0JW.F,0001674335,OperatingIncome,OperatingIncomeLoss,152636000,USD,2019-01-01,2019-09-28,2019-11-06,10-Q,0001674335-19-000090,2019,Q3,https://data.sec.gov/api/xbrl/companyfacts/CIK0001674335.json,2026-10-10T12:46:58.021232+00:00,A_VERIFIER_IDENTITE_ET_PERIODE
0JW.F,0001674335,OperatingIncome,OperatingIncomeLoss,152636000,USD,2019-01-01,2019-09-28,2020-11-03,10-Q,0001674335-20-000098,2020,Q3,https://data.sec.gov/api/xbrl/companyfacts/CIK0001674335.json,2026-10-10T12:46:58.021243+00:00,A_VERIFIER_IDENTITE_ET_PERIODE
0JW.F,0001674335,OperatingIncome,OperatingIncomeLoss,54426000,USD,2019-06-30,2019-09-28,2019-11-06,10-Q,0001674335-19-000090,2019,Q3,https://data.sec.gov/api/xbrl/companyfacts/CIK0001674335.json,2026-10-10T12:46:58.021254+00:00,A_VERIFIER_IDENTITE_ET_PERIODE
0JW.F,0001674335,OperatingIncome,OperatingIncomeLoss,54426000,USD,2019-06-30,2019-09-28,2020-02-24,10-K,0001674335-20-000033,2019,FY,https://data.sec.gov/api/xbrl/companyfacts/CIK0001674335.json,2026-10-10T12:46:58.021266+00:00,A_VERIFIER_IDENTITE_ET_PERIODE
0JW.F,0001674335,OperatingIncome,OperatingIncomeLoss,54426000,USD,2019-06-30,2019-09-28,2020-11-03,10-Q,0001674335-20-000098,2020,Q3,https://data.sec.gov/api/xbrl/companyfacts/CIK0001674335.json,2026-10-10T12:46:58.021277+00:00,A_VERIFIER_IDENTITE_ET_PERIODE
0JW.F,0001674335,OperatingIncome,OperatingIncomeLoss,190414000,USD,2019-01-01,2019-12-31,2020-02-24,10-K,0001674335-20-000033,2019,FY,https://data.sec.gov/api/xbrl/companyfacts/CIK0001674335.json,2026-10-10T12:46:58.021288+00:00,A_VERIFIER_IDENTITE_ET_PERIODE
0JW.F,0001674335,OperatingIncome,OperatingIncomeLoss,190414000,USD,2019-01-01,2019-12-31,2021-02-23,10-K,0001674335-21-000012,2020,FY,https://data.sec.gov/api/xbrl/companyfacts/CIK0001674335.json,2026-10-10T12:46:58.021299+00:00,A_VERIFIER_IDENTITE_ET_PERIODE
0JW.F,0001674335,OperatingIncome,OperatingIncomeLoss,190414000,USD,2019-01-01,2019-12-31,2022-02-22,10-K,0001674335-22-000028,2021,FY,https://data.sec.gov/api/xbrl/companyfacts/CIK0001674335.json,2026-10-10T12:46:58.021310+00:00,A_VERIFIER_IDENTITE_ET_PERIODE
0JW.F,0001674335,OperatingIncome,OperatingIncomeLoss,37778000,USD,2019-09-29,2019-12-31,2020-02-24,10-K,0001674335-20-000033,2019,FY,https://data.sec.gov/api/xbrl/companyfacts/CIK0001674335.json,2026-10-10T12:46:58.021321+00:00,A_VERIFIER_IDENTITE_ET_PERIODE
0JW.F,0001674335,OperatingIncome,OperatingIncomeLoss,15240000,USD,2020-01-01,2020-03-28,2020-05-06,10-Q,0001674335-20-000043,2020,Q1,https://data.sec.gov/api/xbrl/companyfacts/CIK0001674335.json,2026-10-10T12:46:58.021333+00:00,A_VERIFIER_IDENTITE_ET_PERIODE
0JW.F,0001674335,OperatingIncome,OperatingIncomeLoss,15240000,USD,2020-01-01,2020-03-28,2021-04-30,10-Q,0001674335-21-000039,2021,Q1,https://data.sec.gov/api/xbrl/companyfacts/CIK0001674335.json,2026-10-10T12:46:58.021344+00:00,A_VERIFIER_IDENTITE_ET_PERIODE
0JW.F,0001674335,OperatingIncome,OperatingIncomeLoss,65318000,USD,2020-01-01,2020-06-27,2020-08-05,10-Q,0001674335-20-000082,2020,Q1,https://data.sec.gov/api/xbrl/companyfacts/CIK0001674335.json,2026-10-10T12:46:58.021355+00:00,A_VERIFIER_IDENTITE_ET_PERIODE
0JW.F,0001674335,OperatingIncome,OperatingIncomeLoss,65318000,USD,2020-01-01,2020-06-27,2021-08-02,10-Q,0001674335-21-000090,2021,Q2,https://data.sec.gov/api/xbrl/companyfacts/CIK0001674335.json,2026-10-10T12:46:58.021366+00:00,A_VERIFIER_IDENTITE_ET_PERIODE
0JW.F,0001674335,OperatingIncome,OperatingIncomeLoss,50078000,USD,2020-03-29,2020-06-27,2020-08-05,10-Q,0001674335-20-000082,2020,Q1,https://data.sec.gov/api/xbrl/companyfacts/CIK0001674335.json,2026-10-10T12:46:58.021377+00:00,A_VERIFIER_IDENTITE_ET_PERIODE
0JW.F,0001674335,OperatingIncome,OperatingIncomeLoss,50078000,USD,2020-03-29,2020-06-27,2021-08-02,10-Q,0001674335-21-000090,2021,Q2,https://data.sec.gov/api/xbrl/companyfacts/CIK0001674335.json,2026-10-10T12:46:58.021387+00:00,A_VERIFIER_IDENTITE_ET_PERIODE
0JW.F,0001674335,OperatingIncome,OperatingIncomeLoss,126930000,USD,2020-01-01,2020-09-26,2020-11-03,10-Q,0001674335-20-000098,2020,Q3,https://data.sec.gov/api/xbrl/companyfacts/CIK0001674335.json,2026-10-10T12:46:58.021398+00:00,A_VERIFIER_IDENTITE_ET_PERIODE
0JW.F,0001674335,OperatingIncome,OperatingIncomeLoss,126930000,USD,2020-01-01,2020-09-26,2021-11-01,10-Q,0001674335-21-000105,2021,Q3,https://data.sec.gov/api/xbrl/companyfacts/CIK0001674335.json,2026-10-10T12:46:58.021410+00:00,A_VERIFIER_IDENTITE_ET_PERIODE
0JW.F,0001674335,OperatingIncome,OperatingIncomeLoss,61612000,USD,2020-06-28,2020-09-26,2020-11-03,10-Q,0001674335-20-000098,2020,Q3,https://data.sec.gov/api/xbrl/companyfacts/CIK0001674335.json,2026-10-10T12:46:58.021421+00:00,A_VERIFIER_IDENTITE_ET_PERIODE
0JW.F,0001674335,OperatingIncome,OperatingIncomeLoss,61612000,USD,2020-06-28,2020-09-26,2021-11-01,10-Q,0001674335-21-000105,2021,Q3,https://data.sec.gov/api/xbrl/companyfacts/CIK0001674335.json,2026-10-10T12:46:58.021432+00:00,A_VERIFIER_IDENTITE_ET_PERIODE
0JW.F,0001674335,OperatingIncome,OperatingIncomeLoss,188723000,USD,2020-01-01,2020-12-31,2021-02-23,10-K,0001674335-21-000012,2020,FY,https://data.sec.gov/api/xbrl/companyfacts/CIK0001674335.json,2026-10-10T12:46:58.021443+00:00,A_VERIFIER_IDENTITE_ET_PERIODE
0JW.F,0001674335,OperatingIncome,OperatingIncomeLoss,188723000,USD,2020-01-01,2020-12-31,2022-02-22,10-K,0001674335-22-000028,2021,FY,https://data.sec.gov/api/xbrl/companyfacts/CIK0001674335.json,2026-10-10T12:46:58.021454+00:00,A_VERIFIER_IDENTITE_ET_PERIODE
0JW.F,0001674335,OperatingIncome,OperatingIncomeLoss,188723000,USD,2020-01-01,2020-12-31,2023-02-21,10-K,0001674335-23-000039,2022,FY,https://data.sec.gov/api/xbrl/companyfacts/CIK0001674335.json,2026-10-10T12:46:58.021466+00:00,A_VERIFIER_IDENTITE_ET_PERIODE
0JW.F,0001674335,OperatingIncome,OperatingIncomeLoss,43458000,USD,2021-01-01,2021-03-27,2021-04-30,10-Q,0001674335-21-000039,2021,Q1,https://data.sec.gov/api/xbrl/companyfacts/CIK0001674335.json,2026-10-10T12:46:58.021477+00:00,A_VERIFIER_IDENTITE_ET_PERIODE
0JW.F,0001674335,OperatingIncome,OperatingIncomeLoss,43458000,USD,2021-01-01,2021-03-27,2022-05-02,10-Q,0001674335-22-000070,2022,Q1,https://data.sec.gov/api/xbrl/companyfacts/CIK0001674335.json,2026-10-10T12:46:58.021488+00:00,A_VERIFIER_IDENTITE_ET_PERIODE
0JW.F,0001674335,OperatingIncome,OperatingIncomeLoss,145539000,USD,2021-01-01,2021-06-26,2021-08-02,10-Q,0001674335-21-000090,2021,Q2,https://data.sec.gov/api/xbrl/companyfacts/CIK0001674335.json,2026-10-10T12:46:58.021499+00:00,A_VERIFIER_IDENTITE_ET_PERIODE
0JW.F,0001674335,OperatingIncome,OperatingIncomeLoss,145539000,USD,2021-01-01,2021-06-26,2022-08-01,10-Q,0001674335-22-000110,2022,Q2,https://data.sec.gov/api/xbrl/companyfacts/CIK0001674335.json,2026-10-10T12:46:58.021510+00:00,A_VERIFIER_IDENTITE_ET_PERIODE
0JW.F,0001674335,OperatingIncome,OperatingIncomeLoss,102081000,USD,2021-03-28,2021-06-26,2021-08-02,10-Q,0001674335-21-000090,2021,Q2,https://data.sec.gov/api/xbrl/companyfacts/CIK0001674335.json,2026-10-10T12:46:58.021521+00:00,A_VERIFIER_IDENTITE_ET_PERIODE
0JW.F,0001674335,OperatingIncome,OperatingIncomeLoss,102081000,USD,2021-03-28,2021-06-26,2022-08-01,10-Q,0001674335-22-000110,2022,Q2,https://data.sec.gov/api/xbrl/companyfacts/CIK0001674335.json,2026-10-10T12:46:58.021532+00:00,A_VERIFIER_IDENTITE_ET_PERIODE
0JW.F,0001674335,OperatingIncome,OperatingIncomeLoss,199261000,USD,2021-01-01,2021-09-25,2021-11-01,10-Q,0001674335-21-000105,2021,Q3,https://data.sec.gov/api/xbrl/companyfacts/CIK0001674335.json,2026-10-10T12:46:58.021543+00:00,A_VERIFIER_IDENTITE_ET_PERIODE
0JW.F,0001674335,OperatingIncome,OperatingIncomeLoss,199261000,USD,2021-01-01,2021-09-25,2022-11-01,10-Q,0001674335-22-000137,2022,Q3,https://data.sec.gov/api/xbrl/companyfacts/CIK0001674335.json,2026-10-10T12:46:58.021554+00:00,A_VERIFIER_IDENTITE_ET_PERIODE
0JW.F,0001674335,OperatingIncome,OperatingIncomeLoss,53722000,USD,2021-06-27,2021-09-25,2021-11-01,10-Q,0001674335-21-000105,2021,Q3,https://data.sec.gov/api/xbrl/companyfacts/CIK0001674335.json,2026-10-10T12:46:58.021565+00:00,A_VERIFIER_IDENTITE_ET_PERIODE
0JW.F,0001674335,OperatingIncome,OperatingIncomeLoss,53722000,USD,2021-06-27,2021-09-25,2022-11-01,10-Q,0001674335-22-000137,2022,Q3,https://data.sec.gov/api/xbrl/companyfacts/CIK0001674335.json,2026-10-10T12:46:58.021576+00:00,A_VERIFIER_IDENTITE_ET_PERIODE
0JW.F,0001674335,OperatingIncome,OperatingIncomeLoss,267425000,USD,2021-01-01,2021-12-31,2022-02-22,10-K,0001674335-22-000028,2021,FY,https://data.sec.gov/api/xbrl/companyfacts/CIK0001674335.json,2026-10-10T12:46:58.021587+00:00,A_VERIFIER_IDENTITE_ET_PERIODE
0JW.F,0001674335,OperatingIncome,OperatingIncomeLoss,267425000,USD,2021-01-01,2021-12-31,2023-02-21,10-K,0001674335-23-000039,2022,FY,https://data.sec.gov/api/xbrl/companyfacts/CIK0001674335.json,2026-10-10T12:46:58.021598+00:00,A_VERIFIER_IDENTITE_ET_PERIODE
0JW.F,0001674335,OperatingIncome,OperatingIncomeLoss,215847000,USD,2021-01-01,2021-12-31,2024-02-20,10-K,0001674335-24-000059,2023,FY,https://data.sec.gov/api/xbrl/companyfacts/CIK0001674335.json,2026-10-10T12:46:58.021609+00:00,A_VERIFIER_IDENTITE_ET_PERIODE
0JW.F,0001674335,OperatingIncome,OperatingIncomeLoss,10301000,USD,2022-01-01,2022-03-26,2022-05-02,10-Q,0001674335-22-000070,2022,Q1,https://data.sec.gov/api/xbrl/companyfacts/CIK0001674335.json,2026-10-10T12:46:58.021620+00:00,A_VERIFIER_IDENTITE_ET_PERIODE
0JW.F,0001674335,OperatingIncome,OperatingIncomeLoss,10301000,USD,2022-01-01,2022-03-26,2023-05-09,10-Q,0001674335-23-000109,2023,Q1,https://data.sec.gov/api/xbrl/companyfacts/CIK0001674335.json,2026-10-10T12:46:58.021631+00:00,A_VERIFIER_IDENTITE_ET_PERIODE
0JW.F,0001674335,OperatingIncome,OperatingIncomeLoss,70683000,USD,2022-01-01,2022-06-25,2022-08-01,10-Q,0001674335-22-000110,2022,Q2,https://data.sec.gov/api/xbrl/companyfacts/CIK0001674335.json,2026-10-10T12:46:58.021642+00:00,A_VERIFIER_IDENTITE_ET_PERIODE
0JW.F,0001674335,OperatingIncome,OperatingIncomeLoss,52995000,USD,2022-01-01,2022-06-25,2023-08-08,10-Q,0001674335-23-000156,2023,Q2,https://data.sec.gov/api/xbrl/companyfacts/CIK0001674335.json,2026-10-10T12:46:58.021653+00:00,A_VERIFIER_IDENTITE_ET_PERIODE
0JW.F,0001674335,OperatingIncome,OperatingIncomeLoss,60382000,USD,2022-03-27,2022-06-25,2022-08-01,10-Q,0001674335-22-000110,2022,Q2,https://data.sec.gov/api/xbrl/companyfacts/CIK0001674335.json,2026-10-10T12:46:58.021664+00:00,A_VERIFIER_IDENTITE_ET_PERIODE
0JW.F,0001674335,OperatingIncome,OperatingIncomeLoss,48926000,USD,2022-03-27,2022-06-25,2023-08-08,10-Q,0001674335-23-000156,2023,Q2,https://data.sec.gov/api/xbrl/companyfacts/CIK0001674335.json,2026-10-10T12:46:58.021675+00:00,A_VERIFIER_IDENTITE_ET_PERIODE
0JW.F,0001674335,OperatingIncome,OperatingIncomeLoss,67604000,USD,2022-01-01,2022-09-24,2022-11-01,10-Q,0001674335-22-000137,2022,Q3,https://data.sec.gov/api/xbrl/companyfacts/CIK0001674335.json,2026-10-10T12:46:58.021687+00:00,A_VERIFIER_IDENTITE_ET_PERIODE
0JW.F,0001674335,OperatingIncome,OperatingIncomeLoss,35739000,USD,2022-01-01,2022-09-24,2023-11-07,10-Q,0001674335-23-000168,2023,Q3,https://data.sec.gov/api/xbrl/companyfacts/CIK0001674335.json,2026-10-10T12:46:58.021698+00:00,A_VERIFIER_IDENTITE_ET_PERIODE
0JW.F,0001674335,OperatingIncome,OperatingIncomeLoss,-3079000,USD,2022-06-26,2022-09-24,2022-11-01,10-Q,0001674335-22-000137,2022,Q3,https://data.sec.gov/api/xbrl/companyfacts/CIK0001674335.json,2026-10-10T12:46:58.021708+00:00,A_VERIFIER_IDENTITE_ET_PERIODE
0JW.F,0001674335,OperatingIncome,OperatingIncomeLoss,-17256000,USD,2022-06-26,2022-09-24,2023-11-07,10-Q,0001674335-23-000168,2023,Q3,https://data.sec.gov/api/xbrl/companyfacts/CIK0001674335.json,2026-10-10T12:46:58.021720+00:00,A_VERIFIER_IDENTITE_ET_PERIODE
0JW.F,0001674335,OperatingIncome,OperatingIncomeLoss,106216000,USD,2022-01-01,2022-12-31,2023-02-21,10-K,0001674335-23-000039,2022,FY,https://data.sec.gov/api/xbrl/companyfacts/CIK0001674335.json,2026-10-10T12:46:58.021731+00:00,A_VERIFIER_IDENTITE_ET_PERIODE
0JW.F,0001674335,OperatingIncome,OperatingIncomeLoss,59336000,USD,2022-01-01,2022-12-31,2024-02-20,10-K,0001674335-24-000059,2023,FY,https://data.sec.gov/api/xbrl/companyfacts/CIK0001674335.json,2026-10-10T12:46:58.021742+00:00,A_VERIFIER_IDENTITE_ET_PERIODE
0JW.F,0001674335,OperatingIncome,OperatingIncomeLoss,59336000,USD,2022-01-01,2022-12-31,2025-02-20,10-K,0001674335-25-000055,2024,FY,https://data.sec.gov/api/xbrl/companyfacts/CIK0001674335.json,2026-10-10T12:46:58.021753+00:00,A_VERIFIER_IDENTITE_ET_PERIODE
0JW.F,0001674335,OperatingIncome,OperatingIncomeLoss,37295000,USD,2023-01-01,2023-04-01,2023-05-09,10-Q,0001674335-23-000109,2023,Q1,https://data.sec.gov/api/xbrl/companyfacts/CIK0001674335.json,2026-10-10T12:46:58.021764+00:00,A_VERIFIER_IDENTITE_ET_PERIODE
0JW.F,0001674335,OperatingIncome,OperatingIncomeLoss,29758000,USD,2023-01-01,2023-04-01,2024-05-07,10-Q,0001674335-24-000127,2024,Q1,https://data.sec.gov/api/xbrl/companyfacts/CIK0001674335.json,2026-10-10T12:46:58.021775+00:00,A_VERIFIER_IDENTITE_ET_PERIODE
0JW.F,0001674335,OperatingIncome,OperatingIncomeLoss,86024000,USD,2023-01-01,2023-07-01,2023-08-08,10-Q,0001674335-23-000156,2023,Q2,https://data.sec.gov/api/xbrl/companyfacts/CIK0001674335.json,2026-10-10T12:46:58.021786+00:00,A_VERIFIER_IDENTITE_ET_PERIODE
0JW.F,0001674335,OperatingIncome,OperatingIncomeLoss,86024000,USD,2023-01-01,2023-07-01,2024-08-06,10-Q,0001674335-24-000154,2024,Q2,https://data.sec.gov/api/xbrl/companyfacts/CIK0001674335.json,2026-10-10T12:46:58.021797+00:00,A_VERIFIER_IDENTITE_ET_PERIODE
0JW.F,0001674335,OperatingIncome,OperatingIncomeLoss,56266000,USD,2023-04-02,2023-07-01,2023-08-08,10-Q,0001674335-23-000156,2023,Q2,https://data.sec.gov/api/xbrl/companyfacts/CIK0001674335.json,2026-10-10T12:46:58.021808+00:00,A_VERIFIER_IDENTITE_ET_PERIODE
0JW.F,0001674335,OperatingIncome,OperatingIncomeLoss,56266000,USD,2023-04-02,2023-07-01,2024-08-06,10-Q,0001674335-24-000154,2024,Q2,https://data.sec.gov/api/xbrl/companyfacts/CIK0001674335.json,2026-10-10T12:46:58.021819+00:00,A_VERIFIER_IDENTITE_ET_PERIODE
0JW.F,0001674335,OperatingIncome,OperatingIncomeLoss,134102000,USD,2023-01-01,2023-09-30,2023-11-07,10-Q,0001674335-23-000168,2023,Q3,https://data.sec.gov/api/xbrl/companyfacts/CIK0001674335.json,2026-10-10T12:46:58.021830+00:00,A_VERIFIER_IDENTITE_ET_PERIODE
0JW.F,0001674335,OperatingIncome,OperatingIncomeLoss,134102000,USD,2023-01-01,2023-09-30,2024-11-06,10-Q,0001674335-24-000177,2024,Q3,https://data.sec.gov/api/xbrl/companyfacts/CIK0001674335.json,2026-10-10T12:46:58.021841+00:00,A_VERIFIER_IDENTITE_ET_PERIODE
0JW.F,0001674335,OperatingIncome,OperatingIncomeLoss,48078000,USD,2023-07-02,2023-09-30,2023-11-07,10-Q,0001674335-23-000168,2023,Q3,https://data.sec.gov/api/xbrl/companyfacts/CIK0001674335.json,2026-10-10T12:46:58.021852+00:00,A_VERIFIER_IDENTITE_ET_PERIODE
0JW.F,0001674335,OperatingIncome,OperatingIncomeLoss,48078000,USD,2023-07-02,2023-09-30,2024-11-06,10-Q,0001674335-24-000177,2024,Q3,https://data.sec.gov/api/xbrl/companyfacts/CIK0001674335.json,2026-10-10T12:46:58.021863+00:00,A_VERIFIER_IDENTITE_ET_PERIODE
0JW.F,0001674335,OperatingIncome,OperatingIncomeLoss,141600000,USD,2023-01-01,2023-12-31,2024-02-20,10-K,0001674335-24-000059,2023,FY,https://data.sec.gov/api/xbrl/companyfacts/CIK0001674335.json,2026-10-10T12:46:58.021875+00:00,A_VERIFIER_IDENTITE_ET_PERIODE
0JW.F,0001674335,OperatingIncome,OperatingIncomeLoss,141600000,USD,2023-01-01,2023-12-31,2025-02-20,10-K,0001674335-25-000055,2024,FY,https://data.sec.gov/api/xbrl/companyfacts/CIK0001674335.json,2026-10-10T12:46:58.021886+00:00,A_VERIFIER_IDENTITE_ET_PERIODE
0JW.F,0001674335,OperatingIncome,OperatingIncomeLoss,141600000,USD,2023-01-01,2023-12-31,2026-02-23,10-K,0001674335-26-000043,2025,FY,https://data.sec.gov/api/xbrl/companyfacts/CIK0001674335.json,2026-10-10T12:46:58.021897+00:00,A_VERIFIER_IDENTITE_ET_PERIODE
0JW.F,0001674335,OperatingIncome,OperatingIncomeLoss,-28283000,USD,2024-01-01,2024-03-30,2024-05-07,10-Q,0001674335-24-000127,2024,Q1,https://data.sec.gov/api/xbrl/companyfacts/CIK0001674335.json,2026-10-10T12:46:58.021908+00:00,A_VERIFIER_IDENTITE_ET_PERIODE
0JW.F,0001674335,OperatingIncome,OperatingIncomeLoss,-28283000,USD,2024-01-01,2024-03-30,2025-05-08,10-Q,0001674335-25-000100,2025,Q1,https://data.sec.gov/api/xbrl/companyfacts/CIK0001674335.json,2026-10-10T12:46:58.021919+00:00,A_VERIFIER_IDENTITE_ET_PERIODE
0JW.F,0001674335,OperatingIncome,OperatingIncomeLoss,-23135000,USD,2024-01-01,2024-06-29,2024-08-06,10-Q,0001674335-24-000154,2024,Q2,https://data.sec.gov/api/xbrl/companyfacts/CIK0001674335.json,2026-10-10T12:46:58.021930+00:00,A_VERIFIER_IDENTITE_ET_PERIODE
0JW.F,0001674335,OperatingIncome,OperatingIncomeLoss,-23135000,USD,2024-01-01,2024-06-29,2025-08-06,10-Q,0001674335-25-000146,2025,Q2,https://data.sec.gov/api/xbrl/companyfacts/CIK0001674335.json,2026-10-10T12:46:58.021941+00:00,A_VERIFIER_IDENTITE_ET_PERIODE
0JW.F,0001674335,OperatingIncome,OperatingIncomeLoss,5148000,USD,2024-03-31,2024-06-29,2024-08-06,10-Q,0001674335-24-000154,2024,Q2,https://data.sec.gov/api/xbrl/companyfacts/CIK0001674335.json,2026-10-10T12:46:58.021952+00:00,A_VERIFIER_IDENTITE_ET_PERIODE
0JW.F,0001674335,OperatingIncome,OperatingIncomeLoss,5148000,USD,2024-03-31,2024-06-29,2025-08-06,10-Q,0001674335-25-000146,2025,Q2,https://data.sec.gov/api/xbrl/companyfacts/CIK0001674335.json,2026-10-10T12:46:58.021963+00:00,A_VERIFIER_IDENTITE_ET_PERIODE
0JW.F,0001674335,OperatingIncome,OperatingIncomeLoss,-75543000,USD,2024-01-01,2024-09-28,2024-11-06,10-Q,0001674335-24-000177,2024,Q3,https://data.sec.gov/api/xbrl/companyfacts/CIK0001674335.json,2026-10-10T12:46:58.021974+00:00,A_VERIFIER_IDENTITE_ET_PERIODE
0JW.F,0001674335,OperatingIncome,OperatingIncomeLoss,-75543000,USD,2024-01-01,2024-09-28,2025-11-06,10-Q,0001674335-25-000174,2025,Q3,https://data.sec.gov/api/xbrl/companyfacts/CIK0001674335.json,2026-10-10T12:46:58.021986+00:00,A_VERIFIER_IDENTITE_ET_PERIODE
0JW.F,0001674335,OperatingIncome,OperatingIncomeLoss,-52408000,USD,2024-06-30,2024-09-28,2024-11-06,10-Q,0001674335-24-000177,2024,Q3,https://data.sec.gov/api/xbrl/companyfacts/CIK0001674335.json,2026-10-10T12:46:58.021998+00:00,A_VERIFIER_IDENTITE_ET_PERIODE
0JW.F,0001674335,OperatingIncome,OperatingIncomeLoss,-52408000,USD,2024-06-30,2024-09-28,2025-11-06,10-Q,0001674335-25-000174,2025,Q3,https://data.sec.gov/api/xbrl/companyfacts/CIK0001674335.json,2026-10-10T12:46:58.022009+00:00,A_VERIFIER_IDENTITE_ET_PERIODE
0JW.F,0001674335,OperatingIncome,OperatingIncomeLoss,-126446000,USD,2024-01-01,2024-12-31,2025-02-20,10-K,0001674335-25-000055,2024,FY,https://data.sec.gov/api/xbrl/companyfacts/CIK0001674335.json,2026-10-10T12:46:58.022021+00:00,A_VERIFIER_IDENTITE_ET_PERIODE
0JW.F,0001674335,OperatingIncome,OperatingIncomeLoss,-126446000,USD,2024-01-01,2024-12-31,2026-02-23,10-K,0001674335-26-000043,2025,FY,https://data.sec.gov/api/xbrl/companyfacts/CIK0001674335.json,2026-10-10T12:46:58.022032+00:00,A_VERIFIER_IDENTITE_ET_PERIODE
0JW.F,0001674335,OperatingIncome,OperatingIncomeLoss,-184951000,USD,2025-01-01,2025-03-29,2025-05-08,10-Q,0001674335-25-000100,2025,Q1,https://data.sec.gov/api/xbrl/companyfacts/CIK0001674335.json,2026-10-10T12:46:58.022043+00:00,A_VERIFIER_IDENTITE_ET_PERIODE
0JW.F,0001674335,OperatingIncome,OperatingIncomeLoss,-184951000,USD,2025-01-01,2025-03-29,2026-05-05,10-Q,0001674335-26-000069,2026,Q1,https://data.sec.gov/api/xbrl/companyfacts/CIK0001674335.json,2026-10-10T12:46:58.022054+00:00,A_VERIFIER_IDENTITE_ET_PERIODE
0JW.F,0001674335,OperatingIncome,OperatingIncomeLoss,-198875000,USD,2025-01-01,2025-06-28,2025-08-06,10-Q,0001674335-25-000146,2025,Q2,https://data.sec.gov/api/xbrl/companyfacts/CIK0001674335.json,2026-10-10T12:46:58.022065+00:00,A_VERIFIER_IDENTITE_ET_PERIODE
0JW.F,0001674335,OperatingIncome,OperatingIncomeLoss,-198875000,USD,2025-01-01,2025-06-28,2026-08-04,10-Q,0001674335-26-000123,2026,Q2,https://data.sec.gov/api/xbrl/companyfacts/CIK0001674335.json,2026-10-10T12:46:58.022076+00:00,A_VERIFIER_IDENTITE_ET_PERIODE
0JW.F,0001674335,OperatingIncome,OperatingIncomeLoss,-13924000,USD,2025-03-30,2025-06-28,2025-08-06,10-Q,0001674335-25-000146,2025,Q2,https://data.sec.gov/api/xbrl/companyfacts/CIK0001674335.json,2026-10-10T12:46:58.022087+00:00,A_VERIFIER_IDENTITE_ET_PERIODE
0JW.F,0001674335,OperatingIncome,OperatingIncomeLoss,-13924000,USD,2025-03-30,2025-06-28,2026-08-04,10-Q,0001674335-26-000123,2026,Q2,https://data.sec.gov/api/xbrl/companyfacts/CIK0001674335.json,2026-10-10T12:46:58.022098+00:00,A_VERIFIER_IDENTITE_ET_PERIODE
0JW.F,0001674335,OperatingIncome,OperatingIncomeLoss,-401399000,USD,2025-01-01,2025-09-27,2025-11-06,10-Q,0001674335-25-000174,2025,Q3,https://data.sec.gov/api/xbrl/companyfacts/CIK0001674335.json,2026-10-10T12:46:58.022109+00:00,A_VERIFIER_IDENTITE_ET_PERIODE
0JW.F,0001674335,OperatingIncome,OperatingIncomeLoss,-202524000,USD,2025-06-29,2025-09-27,2025-11-06,10-Q,0001674335-25-000174,2025,Q3,https://data.sec.gov/api/xbrl/companyfacts/CIK0001674335.json,2026-10-10T12:46:58.022120+00:00,A_VERIFIER_IDENTITE_ET_PERIODE
0JW.F,0001674335,OperatingIncome,OperatingIncomeLoss,-416044000,USD,2025-01-01,2025-12-31,2026-02-23,10-K,0001674335-26-000043,2025,FY,https://data.sec.gov/api/xbrl/companyfacts/CIK0001674335.json,2026-10-10T12:46:58.022131+00:00,A_VERIFIER_IDENTITE_ET_PERIODE
0JW.F,0001674335,OperatingIncome,OperatingIncomeLoss,-55222000,USD,2026-01-01,2026-03-28,2026-05-05,10-Q,0001674335-26-000069,2026,Q1,https://data.sec.gov/api/xbrl/companyfacts/CIK0001674335.json,2026-10-10T12:46:58.022142+00:00,A_VERIFIER_IDENTITE_ET_PERIODE
0JW.F,0001674335,OperatingIncome,OperatingIncomeLoss,-60317000,USD,2026-01-01,2026-06-27,2026-08-04,10-Q,0001674335-26-000123,2026,Q2,https://data.sec.gov/api/xbrl/companyfacts/CIK0001674335.json,2026-10-10T12:46:58.022153+00:00,A_VERIFIER_IDENTITE_ET_PERIODE
0JW.F,0001674335,OperatingIncome,OperatingIncomeLoss,-5095000,USD,2026-03-29,2026-06-27,2026-08-04,10-Q,0001674335-26-000123,2026,Q2,https://data.sec.gov/api/xbrl/companyfacts/CIK0001674335.json,2026-10-10T12:46:58.022178+00:00,A_VERIFIER_IDENTITE_ET_PERIODE
0JW.F,0001674335,NetIncome,NetIncomeLoss,90918000,USD,2015-01-01,2015-12-31,2018-03-06,10-K,0001674335-18-000038,2017,Q4,https://data.sec.gov/api/xbrl/companyfacts/CIK0001674335.json,2026-10-10T12:46:58.022192+00:00,A_VERIFIER_IDENTITE_ET_PERIODE
0JW.F,0001674335,NetIncome,NetIncomeLoss,6045000,USD,2016-01-01,2016-03-26,2017-05-12,10-Q,0001674335-17-000018,2017,Q1,https://data.sec.gov/api/xbrl/companyfacts/CIK0001674335.json,2026-10-10T12:46:58.022203+00:00,A_VERIFIER_IDENTITE_ET_PERIODE
0JW.F,0001674335,NetIncome,NetIncomeLoss,6045000,USD,2016-01-01,2016-03-26,2018-03-06,10-K,0001674335-18-000038,2017,Q4,https://data.sec.gov/api/xbrl/companyfacts/CIK0001674335.json,2026-10-10T12:46:58.022214+00:00,A_VERIFIER_IDENTITE_ET_PERIODE
0JW.F,0001674335,NetIncome,NetIncomeLoss,72935000,USD,2016-01-01,2016-06-25,2017-08-08,10-Q,0001674335-17-000028,2017,Q2,https://data.sec.gov/api/xbrl/companyfacts/CIK0001674335.json,2026-10-10T12:46:58.022225+00:00,A_VERIFIER_IDENTITE_ET_PERIODE
0JW.F,0001674335,NetIncome,NetIncomeLoss,66890000,USD,2016-03-27,2016-06-25,2017-05-12,10-Q,0001674335-17-000018,2017,Q1,https://data.sec.gov/api/xbrl/companyfacts/CIK0001674335.json,2026-10-10T12:46:58.022236+00:00,A_VERIFIER_IDENTITE_ET_PERIODE
0JW.F,0001674335,NetIncome,NetIncomeLoss,66890000,USD,2016-03-27,2016-06-25,2017-08-08,10-Q,0001674335-17-000028,2017,Q2,https://data.sec.gov/api/xbrl/companyfacts/CIK0001674335.json,2026-10-10T12:46:58.022247+00:00,A_VERIFIER_IDENTITE_ET_PERIODE
0JW.F,0001674335,NetIncome,NetIncomeLoss,66890000,USD,2016-03-27,2016-06-25,2018-03-06,10-K,0001674335-18-000038,2017,Q4,https://data.sec.gov/api/xbrl/companyfacts/CIK0001674335.json,2026-10-10T12:46:58.022258+00:00,A_VERIFIER_IDENTITE_ET_PERIODE
0JW.F,0001674335,NetIncome,NetIncomeLoss,119019000,USD,2016-01-01,2016-09-24,2017-11-08,10-Q,0001674335-17-000054,2017,Q3,https://data.sec.gov/api/xbrl/companyfacts/CIK0001674335.json,2026-10-10T12:46:58.022270+00:00,A_VERIFIER_IDENTITE_ET_PERIODE
0JW.F,0001674335,NetIncome,NetIncomeLoss,46084000,USD,2016-06-26,2016-09-24,2017-05-12,10-Q,0001674335-17-000018,2017,Q1,https://data.sec.gov/api/xbrl/companyfacts/CIK0001674335.json,2026-10-10T12:46:58.022281+00:00,A_VERIFIER_IDENTITE_ET_PERIODE
0JW.F,0001674335,NetIncome,NetIncomeLoss,46084000,USD,2016-06-26,2016-09-24,2017-11-08,10-Q,0001674335-17-000054,2017,Q3,https://data.sec.gov/api/xbrl/companyfacts/CIK0001674335.json,2026-10-10T12:46:58.022292+00:00,A_VERIFIER_IDENTITE_ET_PERIODE
0JW.F,0001674335,NetIncome,NetIncomeLoss,46084000,USD,2016-06-26,2016-09-24,2018-03-06,10-K,0001674335-18-000038,2017,Q4,https://data.sec.gov/api/xbrl/companyfacts/CIK0001674335.json,2026-10-10T12:46:58.022304+00:00,A_VERIFIER_IDENTITE_ET_PERIODE
0JW.F,0001674335,NetIncome,NetIncomeLoss,371588000,USD,2016-01-01,2016-12-31,2017-05-12,10-Q,0001674335-17-000018,2017,Q1,https://data.sec.gov/api/xbrl/companyfacts/CIK0001674335.json,2026-10-10T12:46:58.022315+00:00,A_VERIFIER_IDENTITE_ET_PERIODE
0JW.F,0001674335,NetIncome,NetIncomeLoss,371588000,USD,2016-01-01,2016-12-31,2017-11-08,10-Q,0001674335-17-000054,2017,Q3,https://data.sec.gov/api/xbrl/companyfacts/CIK0001674335.json,2026-10-10T12:46:58.022326+00:00,A_VERIFIER_IDENTITE_ET_PERIODE
0JW.F,0001674335,NetIncome,NetIncomeLoss,377181000,USD,2016-01-01,2016-12-31,2018-03-06,10-K,0001674335-18-000038,2017,Q4,https://data.sec.gov/api/xbrl/companyfacts/CIK0001674335.json,2026-10-10T12:46:58.022337+00:00,A_VERIFIER_IDENTITE_ET_PERIODE
0JW.F,0001674335,NetIncome,NetIncomeLoss,377181000,USD,2016-01-01,2016-12-31,2019-03-01,10-K,0001674335-19-000023,2018,FY,https://data.sec.gov/api/xbrl/companyfacts/CIK0001674335.json,2026-10-10T12:46:58.022348+00:00,A_VERIFIER_IDENTITE_ET_PERIODE
0JW.F,0001674335,NetIncome,NetIncomeLoss,376095000,USD,2016-01-01,2016-12-31,2019-08-07,10-Q,0001674335-19-000072,2019,Q2,https://data.sec.gov/api/xbrl/companyfacts/CIK0001674335.json,2026-10-10T12:46:58.022360+00:00,A_VERIFIER_IDENTITE_ET_PERIODE
0JW.F,0001674335,NetIncome,NetIncomeLoss,252569000,USD,2016-09-25,2016-12-31,2017-05-12,10-Q,0001674335-17-000018,2017,Q1,https://data.sec.gov/api/xbrl/companyfacts/CIK0001674335.json,2026-10-10T12:46:58.022371+00:00,A_VERIFIER_IDENTITE_ET_PERIODE
0JW.F,0001674335,NetIncome,NetIncomeLoss,252569000,USD,2016-09-25,2016-12-31,2017-11-08,10-Q,0001674335-17-000054,2017,Q3,https://data.sec.gov/api/xbrl/companyfacts/CIK0001674335.json,2026-10-10T12:46:58.022382+00:00,A_VERIFIER_IDENTITE_ET_PERIODE
0JW.F,0001674335,NetIncome,NetIncomeLoss,258162000,USD,2016-09-25,2016-12-31,2018-03-06,10-K,0001674335-18-000038,2017,Q4,https://data.sec.gov/api/xbrl/companyfacts/CIK0001674335.json,2026-10-10T12:46:58.022394+00:00,A_VERIFIER_IDENTITE_ET_PERIODE
0JW.F,0001674335,NetIncome,NetIncomeLoss,6428000,USD,2017-01-01,2017-04-01,2017-05-12,10-Q,0001674335-17-000018,2017,Q1,https://data.sec.gov/api/xbrl/companyfacts/CIK0001674335.json,2026-10-10T12:46:58.022405+00:00,A_VERIFIER_IDENTITE_ET_PERIODE
0JW.F,0001674335,NetIncome,NetIncomeLoss,6428000,USD,2017-01-01,2017-04-01,2018-03-06,10-K,0001674335-18-000038,2017,Q4,https://data.sec.gov/api/xbrl/companyfacts/CIK0001674335.json,2026-10-10T12:46:58.022416+00:00,A_VERIFIER_IDENTITE_ET_PERIODE
0JW.F,0001674335,NetIncome,NetIncomeLoss,6428000,USD,2017-01-01,2017-04-01,2018-05-09,10-Q,0001674335-18-000068,2018,Q1,https://data.sec.gov/api/xbrl/companyfacts/CIK0001674335.json,2026-10-10T12:46:58.022427+00:00,A_VERIFIER_IDENTITE_ET_PERIODE
0JW.F,0001674335,NetIncome,NetIncomeLoss,6428000,USD,2017-01-01,2017-04-01,2019-03-01,10-K,0001674335-19-000023,2018,FY,https://data.sec.gov/api/xbrl/companyfacts/CIK0001674335.json,2026-10-10T12:46:58.022438+00:00,A_VERIFIER_IDENTITE_ET_PERIODE
0JW.F,0001674335,NetIncome,NetIncomeLoss,53206000,USD,2017-01-01,2017-07-01,2017-08-08,10-Q,0001674335-17-000028,2017,Q2,https://data.sec.gov/api/xbrl/companyfacts/CIK0001674335.json,2026-10-10T12:46:58.022449+00:00,A_VERIFIER_IDENTITE_ET_PERIODE
0JW.F,0001674335,NetIncome,NetIncomeLoss,53206000,USD,2017-01-01,2017-07-01,2018-08-07,10-Q,0001674335-18-000090,2018,Q2,https://data.sec.gov/api/xbrl/companyfacts/CIK0001674335.json,2026-10-10T12:46:58.022461+00:00,A_VERIFIER_IDENTITE_ET_PERIODE
0JW.F,0001674335,NetIncome,NetIncomeLoss,46778000,USD,2017-04-02,2017-07-01,2017-08-08,10-Q,0001674335-17-000028,2017,Q2,https://data.sec.gov/api/xbrl/companyfacts/CIK0001674335.json,2026-10-10T12:46:58.022472+00:00,A_VERIFIER_IDENTITE_ET_PERIODE
0JW.F,0001674335,NetIncome,NetIncomeLoss,46778000,USD,2017-04-02,2017-07-01,2018-03-06,10-K,0001674335-18-000038,2017,Q4,https://data.sec.gov/api/xbrl/companyfacts/CIK0001674335.json,2026-10-10T12:46:58.022482+00:00,A_VERIFIER_IDENTITE_ET_PERIODE
0JW.F,0001674335,NetIncome,NetIncomeLoss,46778000,USD,2017-04-02,2017-07-01,2018-08-07,10-Q,0001674335-18-000090,2018,Q2,https://data.sec.gov/api/xbrl/companyfacts/CIK0001674335.json,2026-10-10T12:46:58.022493+00:00,A_VERIFIER_IDENTITE_ET_PERIODE
0JW.F,0001674335,NetIncome,NetIncomeLoss,46778000,USD,2017-04-02,2017-07-01,2019-03-01,10-K,0001674335-19-000023,2018,FY,https://data.sec.gov/api/xbrl/companyfacts/CIK0001674335.json,2026-10-10T12:46:58.022504+00:00,A_VERIFIER_IDENTITE_ET_PERIODE
0JW.F,0001674335,NetIncome,NetIncomeLoss,104481000,USD,2017-01-01,2017-09-30,2017-11-08,10-Q,0001674335-17-000054,2017,Q3,https://data.sec.gov/api/xbrl/companyfacts/CIK0001674335.json,2026-10-10T12:46:58.022516+00:00,A_VERIFIER_IDENTITE_ET_PERIODE
0JW.F,0001674335,NetIncome,NetIncomeLoss,104481000,USD,2017-01-01,2017-09-30,2018-11-07,10-Q,0001674335-18-000108,2018,Q3,https://data.sec.gov/api/xbrl/companyfacts/CIK0001674335.json,2026-10-10T12:46:58.022528+00:00,A_VERIFIER_IDENTITE_ET_PERIODE
0JW.F,0001674335,NetIncome,NetIncomeLoss,51275000,USD,2017-07-02,2017-09-30,2017-11-08,10-Q,0001674335-17-000054,2017,Q3,https://data.sec.gov/api/xbrl/companyfacts/CIK0001674335.json,2026-10-10T12:46:58.022539+00:00,A_VERIFIER_IDENTITE_ET_PERIODE
0JW.F,0001674335,NetIncome,NetIncomeLoss,51275000,USD,2017-07-02,2017-09-30,2018-03-06,10-K,0001674335-18-000038,2017,Q4,https://data.sec.gov/api/xbrl/companyfacts/CIK0001674335.json,2026-10-10T12:46:58.022550+00:00,A_VERIFIER_IDENTITE_ET_PERIODE
0JW.F,0001674335,NetIncome,NetIncomeLoss,51275000,USD,2017-07-02,2017-09-30,2018-11-07,10-Q,0001674335-18-000108,2018,Q3,https://data.sec.gov/api/xbrl/companyfacts/CIK0001674335.json,2026-10-10T12:46:58.022561+00:00,A_VERIFIER_IDENTITE_ET_PERIODE
0JW.F,0001674335,NetIncome,NetIncomeLoss,51275000,USD,2017-07-02,2017-09-30,2019-03-01,10-K,0001674335-19-000023,2018,FY,https://data.sec.gov/api/xbrl/companyfacts/CIK0001674335.json,2026-10-10T12:46:58.022572+00:00,A_VERIFIER_IDENTITE_ET_PERIODE
0JW.F,0001674335,NetIncome,NetIncomeLoss,10791000,USD,2017-01-01,2017-12-31,2018-03-06,10-K,0001674335-18-000038,2017,Q4,https://data.sec.gov/api/xbrl/companyfacts/CIK0001674335.json,2026-10-10T12:46:58.022583+00:00,A_VERIFIER_IDENTITE_ET_PERIODE
0JW.F,0001674335,NetIncome,NetIncomeLoss,10791000,USD,2017-01-01,2017-12-31,2019-03-01,10-K,0001674335-19-000023,2018,FY,https://data.sec.gov/api/xbrl/companyfacts/CIK0001674335.json,2026-10-10T12:46:58.022594+00:00,A_VERIFIER_IDENTITE_ET_PERIODE
0JW.F,0001674335,NetIncome,NetIncomeLoss,8122000,USD,2017-01-01,2017-12-31,2019-08-07,10-Q,0001674335-19-000072,2019,Q2,https://data.sec.gov/api/xbrl/companyfacts/CIK0001674335.json,2026-10-10T12:46:58.022606+00:00,A_VERIFIER_IDENTITE_ET_PERIODE
0JW.F,0001674335,NetIncome,NetIncomeLoss,8122000,USD,2017-01-01,2017-12-31,2020-02-24,10-K,0001674335-20-000033,2019,FY,https://data.sec.gov/api/xbrl/companyfacts/CIK0001674335.json,2026-10-10T12:46:58.022617+00:00,A_VERIFIER_IDENTITE_ET_PERIODE
0JW.F,0001674335,NetIncome,NetIncomeLoss,-93690000,USD,2017-10-01,2017-12-31,2018-03-06,10-K,0001674335-18-000038,2017,Q4,https://data.sec.gov/api/xbrl/companyfacts/CIK0001674335.json,2026-10-10T12:46:58.022628+00:00,A_VERIFIER_IDENTITE_ET_PERIODE
0JW.F,0001674335,NetIncome,NetIncomeLoss,-93690000,USD,2017-10-01,2017-12-31,2019-03-01,10-K,0001674335-19-000023,2018,FY,https://data.sec.gov/api/xbrl/companyfacts/CIK0001674335.json,2026-10-10T12:46:58.022639+00:00,A_VERIFIER_IDENTITE_ET_PERIODE
0JW.F,0001674335,NetIncome,NetIncomeLoss,40271000,USD,2018-01-01,2018-03-31,2018-05-09,10-Q,0001674335-18-000068,2018,Q1,https://data.sec.gov/api/xbrl/companyfacts/CIK0001674335.json,2026-10-10T12:46:58.022651+00:00,A_VERIFIER_IDENTITE_ET_PERIODE
0JW.F,0001674335,NetIncome,NetIncomeLoss,40271000,USD,2018-01-01,2018-03-31,2019-03-01,10-K,0001674335-19-000023,2018,FY,https://data.sec.gov/api/xbrl/companyfacts/CIK0001674335.json,2026-10-10T12:46:58.022662+00:00,A_VERIFIER_IDENTITE_ET_PERIODE
0JW.F,0001674335,NetIncome,NetIncomeLoss,40410000,USD,2018-01-01,2018-03-31,2019-08-07,10-Q,0001674335-19-000072,2019,Q2,https://data.sec.gov/api/xbrl/companyfacts/CIK0001674335.json,2026-10-10T12:46:58.022673+00:00,A_VERIFIER_IDENTITE_ET_PERIODE
0JW.F,0001674335,NetIncome,NetIncomeLoss,40404000,USD,2018-01-01,2018-03-31,2020-02-24,10-K,0001674335-20-000033,2019,FY,https://data.sec.gov/api/xbrl/companyfacts/CIK0001674335.json,2026-10-10T12:46:58.022684+00:00,A_VERIFIER_IDENTITE_ET_PERIODE
0JW.F,0001674335,NetIncome,NetIncomeLoss,75723000,USD,2018-01-01,2018-06-30,2018-08-07,10-Q,0001674335-18-000090,2018,Q2,https://data.sec.gov/api/xbrl/companyfacts/CIK0001674335.json,2026-10-10T12:46:58.022695+00:00,A_VERIFIER_IDENTITE_ET_PERIODE
0JW.F,0001674335,NetIncome,NetIncomeLoss,75127000,USD,2018-01-01,2018-06-30,2019-08-07,10-Q,0001674335-19-000072,2019,Q2,https://data.sec.gov/api/xbrl/companyfacts/CIK0001674335.json,2026-10-10T12:46:58.022705+00:00,A_VERIFIER_IDENTITE_ET_PERIODE
0JW.F,0001674335,NetIncome,NetIncomeLoss,35452000,USD,2018-04-01,2018-06-30,2018-08-07,10-Q,0001674335-18-000090,2018,Q2,https://data.sec.gov/api/xbrl/companyfacts/CIK0001674335.json,2026-10-10T12:46:58.022717+00:00,A_VERIFIER_IDENTITE_ET_PERIODE
0JW.F,0001674335,NetIncome,NetIncomeLoss,35452000,USD,2018-04-01,2018-06-30,2019-03-01,10-K,0001674335-19-000023,2018,FY,https://data.sec.gov/api/xbrl/companyfacts/CIK0001674335.json,2026-10-10T12:46:58.022728+00:00,A_VERIFIER_IDENTITE_ET_PERIODE
0JW.F,0001674335,NetIncome,NetIncomeLoss,34717000,USD,2018-04-01,2018-06-30,2019-08-07,10-Q,0001674335-19-000072,2019,Q2,https://data.sec.gov/api/xbrl/companyfacts/CIK0001674335.json,2026-10-10T12:46:58.022739+00:00,A_VERIFIER_IDENTITE_ET_PERIODE
0JW.F,0001674335,NetIncome,NetIncomeLoss,34776000,USD,2018-04-01,2018-06-30,2020-02-24,10-K,0001674335-20-000033,2019,FY,https://data.sec.gov/api/xbrl/companyfacts/CIK0001674335.json,2026-10-10T12:46:58.022750+00:00,A_VERIFIER_IDENTITE_ET_PERIODE
0JW.F,0001674335,NetIncome,NetIncomeLoss,104608000,USD,2018-01-01,2018-09-29,2018-11-07,10-Q,0001674335-18-000108,2018,Q3,https://data.sec.gov/api/xbrl/companyfacts/CIK0001674335.json,2026-10-10T12:46:58.022761+00:00,A_VERIFIER_IDENTITE_ET_PERIODE
0JW.F,0001674335,NetIncome,NetIncomeLoss,103770000,USD,2018-01-01,2018-09-29,2019-08-07,10-Q,0001674335-19-000072,2019,Q2,https://data.sec.gov/api/xbrl/companyfacts/CIK0001674335.json,2026-10-10T12:46:58.022772+00:00,A_VERIFIER_IDENTITE_ET_PERIODE
0JW.F,0001674335,NetIncome,NetIncomeLoss,103817000,USD,2018-01-01,2018-09-29,2019-11-06,10-Q,0001674335-19-000090,2019,Q3,https://data.sec.gov/api/xbrl/companyfacts/CIK0001674335.json,2026-10-10T12:46:58.022784+00:00,A_VERIFIER_IDENTITE_ET_PERIODE
0JW.F,0001674335,NetIncome,NetIncomeLoss,28885000,USD,2018-07-01,2018-09-29,2018-11-07,10-Q,0001674335-18-000108,2018,Q3,https://data.sec.gov/api/xbrl/companyfacts/CIK0001674335.json,2026-10-10T12:46:58.022795+00:00,A_VERIFIER_IDENTITE_ET_PERIODE
0JW.F,0001674335,NetIncome,NetIncomeLoss,28885000,USD,2018-07-01,2018-09-29,2019-03-01,10-K,0001674335-19-000023,2018,FY,https://data.sec.gov/api/xbrl/companyfacts/CIK0001674335.json,2026-10-10T12:46:58.022806+00:00,A_VERIFIER_IDENTITE_ET_PERIODE
0JW.F,0001674335,NetIncome,NetIncomeLoss,28643000,USD,2018-07-01,2018-09-29,2019-08-07,10-Q,0001674335-19-000072,2019,Q2,https://data.sec.gov/api/xbrl/companyfacts/CIK0001674335.json,2026-10-10T12:46:58.022817+00:00,A_VERIFIER_IDENTITE_ET_PERIODE
0JW.F,0001674335,NetIncome,NetIncomeLoss,28637000,USD,2018-07-01,2018-09-29,2019-11-06,10-Q,0001674335-19-000090,2019,Q3,https://data.sec.gov/api/xbrl/companyfacts/CIK0001674335.json,2026-10-10T12:46:58.022828+00:00,A_VERIFIER_IDENTITE_ET_PERIODE
0JW.F,0001674335,NetIncome,NetIncomeLoss,28637000,USD,2018-07-01,2018-09-29,2020-02-24,10-K,0001674335-20-000033,2019,FY,https://data.sec.gov/api/xbrl/companyfacts/CIK0001674335.json,2026-10-10T12:46:58.022839+00:00,A_VERIFIER_IDENTITE_ET_PERIODE
0JW.F,0001674335,NetIncome,NetIncomeLoss,144273000,USD,2018-01-01,2018-12-31,2019-03-01,10-K,0001674335-19-000023,2018,FY,https://data.sec.gov/api/xbrl/companyfacts/CIK0001674335.json,2026-10-10T12:46:58.022850+00:00,A_VERIFIER_IDENTITE_ET_PERIODE
0JW.F,0001674335,NetIncome,NetIncomeLoss,141820000,USD,2018-01-01,2018-12-31,2019-08-07,10-Q,0001674335-19-000072,2019,Q2,https://data.sec.gov/api/xbrl/companyfacts/CIK0001674335.json,2026-10-10T12:46:58.022861+00:00,A_VERIFIER_IDENTITE_ET_PERIODE
0JW.F,0001674335,NetIncome,NetIncomeLoss,141907000,USD,2018-01-01,2018-12-31,2020-02-24,10-K,0001674335-20-000033,2019,FY,https://data.sec.gov/api/xbrl/companyfacts/CIK0001674335.json,2026-10-10T12:46:58.022873+00:00,A_VERIFIER_IDENTITE_ET_PERIODE
0JW.F,0001674335,NetIncome,NetIncomeLoss,141907000,USD,2018-01-01,2018-12-31,2021-02-23,10-K,0001674335-21-000012,2020,FY,https://data.sec.gov/api/xbrl/companyfacts/CIK0001674335.json,2026-10-10T12:46:58.022884+00:00,A_VERIFIER_IDENTITE_ET_PERIODE
0JW.F,0001674335,NetIncome,NetIncomeLoss,39665000,USD,2018-09-30,2018-12-31,2019-03-01,10-K,0001674335-19-000023,2018,FY,https://data.sec.gov/api/xbrl/companyfacts/CIK0001674335.json,2026-10-10T12:46:58.022895+00:00,A_VERIFIER_IDENTITE_ET_PERIODE
0JW.F,0001674335,NetIncome,NetIncomeLoss,38050000,USD,2018-09-30,2018-12-31,2019-08-07,10-Q,0001674335-19-000072,2019,Q2,https://data.sec.gov/api/xbrl/companyfacts/CIK0001674335.json,2026-10-10T12:46:58.022906+00:00,A_VERIFIER_IDENTITE_ET_PERIODE
0JW.F,0001674335,NetIncome,NetIncomeLoss,38090000,USD,2018-09-30,2018-12-31,2020-02-24,10-K,0001674335-20-000033,2019,FY,https://data.sec.gov/api/xbrl/companyfacts/CIK0001674335.json,2026-10-10T12:46:58.022917+00:00,A_VERIFIER_IDENTITE_ET_PERIODE
0JW.F,0001674335,NetIncome,NetIncomeLoss,15761000,USD,2019-01-01,2019-03-30,2019-08-07,10-Q,0001674335-19-000072,2019,Q2,https://data.sec.gov/api/xbrl/companyfacts/CIK0001674335.json,2026-10-10T12:46:58.022929+00:00,A_VERIFIER_IDENTITE_ET_PERIODE
0JW.F,0001674335,NetIncome,NetIncomeLoss,15777000,USD,2019-01-01,2019-03-30,2020-02-24,10-K,0001674335-20-000033,2019,FY,https://data.sec.gov/api/xbrl/companyfacts/CIK0001674335.json,2026-10-10T12:46:58.022940+00:00,A_VERIFIER_IDENTITE_ET_PERIODE
0JW.F,0001674335,NetIncome,NetIncomeLoss,15777000,USD,2019-01-01,2019-03-30,2020-05-06,10-Q,0001674335-20-000043,2020,Q1,https://data.sec.gov/api/xbrl/companyfacts/CIK0001674335.json,2026-10-10T12:46:58.022951+00:00,A_VERIFIER_IDENTITE_ET_PERIODE
0JW.F,0001674335,NetIncome,NetIncomeLoss,38133000,USD,2019-01-01,2019-06-29,2020-08-05,10-Q,0001674335-20-000082,2020,Q1,https://data.sec.gov/api/xbrl/companyfacts/CIK0001674335.json,2026-10-10T12:46:58.022962+00:00,A_VERIFIER_IDENTITE_ET_PERIODE
0JW.F,0001674335,NetIncome,NetIncomeLoss,22356000,USD,2019-03-31,2019-06-29,2020-02-24,10-K,0001674335-20-000033,2019,FY,https://data.sec.gov/api/xbrl/companyfacts/CIK0001674335.json,2026-10-10T12:46:58.022973+00:00,A_VERIFIER_IDENTITE_ET_PERIODE
0JW.F,0001674335,NetIncome,NetIncomeLoss,22356000,USD,2019-03-31,2019-06-29,2020-08-05,10-Q,0001674335-20-000082,2020,Q1,https://data.sec.gov/api/xbrl/companyfacts/CIK0001674335.json,2026-10-10T12:46:58.022984+00:00,A_VERIFIER_IDENTITE_ET_PERIODE
0JW.F,0001674335,NetIncome,NetIncomeLoss,55175000,USD,2019-01-01,2019-09-28,2019-11-06,10-Q,0001674335-19-000090,2019,Q3,https://data.sec.gov/api/xbrl/companyfacts/CIK0001674335.json,2026-10-10T12:46:58.022995+00:00,A_VERIFIER_IDENTITE_ET_PERIODE
0JW.F,0001674335,NetIncome,NetIncomeLoss,55175000,USD,2019-01-01,2019-09-28,2020-11-03,10-Q,0001674335-20-000098,2020,Q3,https://data.sec.gov/api/xbrl/companyfacts/CIK0001674335.json,2026-10-10T12:46:58.023006+00:00,A_VERIFIER_IDENTITE_ET_PERIODE
0JW.F,0001674335,NetIncome,NetIncomeLoss,17042000,USD,2019-06-30,2019-09-28,2019-11-06,10-Q,0001674335-19-000090,2019,Q3,https://data.sec.gov/api/xbrl/companyfacts/CIK0001674335.json,2026-10-10T12:46:58.023017+00:00,A_VERIFIER_IDENTITE_ET_PERIODE
0JW.F,0001674335,NetIncome,NetIncomeLoss,17042000,USD,2019-06-30,2019-09-28,2020-02-24,10-K,0001674335-20-000033,2019,FY,https://data.sec.gov/api/xbrl/companyfacts/CIK0001674335.json,2026-10-10T12:46:58.023028+00:00,A_VERIFIER_IDENTITE_ET_PERIODE
0JW.F,0001674335,NetIncome,NetIncomeLoss,17042000,USD,2019-06-30,2019-09-28,2020-11-03,10-Q,0001674335-20-000098,2020,Q3,https://data.sec.gov/api/xbrl/companyfacts/CIK0001674335.json,2026-10-10T12:46:58.023040+00:00,A_VERIFIER_IDENTITE_ET_PERIODE
0JW.F,0001674335,NetIncome,NetIncomeLoss,62971000,USD,2019-01-01,2019-12-31,2020-02-24,10-K,0001674335-20-000033,2019,FY,https://data.sec.gov/api/xbrl/companyfacts/CIK0001674335.json,2026-10-10T12:46:58.023051+00:00,A_VERIFIER_IDENTITE_ET_PERIODE
0JW.F,0001674335,NetIncome,NetIncomeLoss,62971000,USD,2019-01-01,2019-12-31,2021-02-23,10-K,0001674335-21-000012,2020,FY,https://data.sec.gov/api/xbrl/companyfacts/CIK0001674335.json,2026-10-10T12:46:58.023062+00:00,A_VERIFIER_IDENTITE_ET_PERIODE
0JW.F,0001674335,NetIncome,NetIncomeLoss,62971000,USD,2019-01-01,2019-12-31,2022-02-22,10-K,0001674335-22-000028,2021,FY,https://data.sec.gov/api/xbrl/companyfacts/CIK0001674335.json,2026-10-10T12:46:58.023073+00:00,A_VERIFIER_IDENTITE_ET_PERIODE
0JW.F,0001674335,NetIncome,NetIncomeLoss,7796000,USD,2019-09-29,2019-12-31,2020-02-24,10-K,0001674335-20-000033,2019,FY,https://data.sec.gov/api/xbrl/companyfacts/CIK0001674335.json,2026-10-10T12:46:58.023084+00:00,A_VERIFIER_IDENTITE_ET_PERIODE
0JW.F,0001674335,NetIncome,NetIncomeLoss,-230000,USD,2020-01-01,2020-03-28,2020-05-06,10-Q,0001674335-20-000043,2020,Q1,https://data.sec.gov/api/xbrl/companyfacts/CIK0001674335.json,2026-10-10T12:46:58.023095+00:00,A_VERIFIER_IDENTITE_ET_PERIODE
0JW.F,0001674335,NetIncome,NetIncomeLoss,-230000,USD,2020-01-01,2020-03-28,2021-04-30,10-Q,0001674335-21-000039,2021,Q1,https://data.sec.gov/api/xbrl/companyfacts/CIK0001674335.json,2026-10-10T12:46:58.023107+00:00,A_VERIFIER_IDENTITE_ET_PERIODE
0JW.F,0001674335,NetIncome,NetIncomeLoss,22867000,USD,2020-01-01,2020-06-27,2020-08-05,10-Q,0001674335-20-000082,2020,Q1,https://data.sec.gov/api/xbrl/companyfacts/CIK0001674335.json,2026-10-10T12:46:58.023118+00:00,A_VERIFIER_IDENTITE_ET_PERIODE
0JW.F,0001674335,NetIncome,NetIncomeLoss,22867000,USD,2020-01-01,2020-06-27,2021-08-02,10-Q,0001674335-21-000090,2021,Q2,https://data.sec.gov/api/xbrl/companyfacts/CIK0001674335.json,2026-10-10T12:46:58.023129+00:00,A_VERIFIER_IDENTITE_ET_PERIODE
0JW.F,0001674335,NetIncome,NetIncomeLoss,23097000,USD,2020-03-29,2020-06-27,2020-08-05,10-Q,0001674335-20-000082,2020,Q1,https://data.sec.gov/api/xbrl/companyfacts/CIK0001674335.json,2026-10-10T12:46:58.023140+00:00,A_VERIFIER_IDENTITE_ET_PERIODE
0JW.F,0001674335,NetIncome,NetIncomeLoss,23097000,USD,2020-03-29,2020-06-27,2021-08-02,10-Q,0001674335-21-000090,2021,Q2,https://data.sec.gov/api/xbrl/companyfacts/CIK0001674335.json,2026-10-10T12:46:58.023152+00:00,A_VERIFIER_IDENTITE_ET_PERIODE
0JW.F,0001674335,NetIncome,NetIncomeLoss,48347000,USD,2020-01-01,2020-09-26,2020-11-03,10-Q,0001674335-20-000098,2020,Q3,https://data.sec.gov/api/xbrl/companyfacts/CIK0001674335.json,2026-10-10T12:46:58.023172+00:00,A_VERIFIER_IDENTITE_ET_PERIODE
0JW.F,0001674335,NetIncome,NetIncomeLoss,48347000,USD,2020-01-01,2020-09-26,2021-11-01,10-Q,0001674335-21-000105,2021,Q3,https://data.sec.gov/api/xbrl/companyfacts/CIK0001674335.json,2026-10-10T12:46:58.023185+00:00,A_VERIFIER_IDENTITE_ET_PERIODE
0JW.F,0001674335,NetIncome,NetIncomeLoss,25480000,USD,2020-06-28,2020-09-26,2020-11-03,10-Q,0001674335-20-000098,2020,Q3,https://data.sec.gov/api/xbrl/companyfacts/CIK0001674335.json,2026-10-10T12:46:58.023196+00:00,A_VERIFIER_IDENTITE_ET_PERIODE
0JW.F,0001674335,NetIncome,NetIncomeLoss,25480000,USD,2020-06-28,2020-09-26,2021-11-01,10-Q,0001674335-21-000105,2021,Q3,https://data.sec.gov/api/xbrl/companyfacts/CIK0001674335.json,2026-10-10T12:46:58.023207+00:00,A_VERIFIER_IDENTITE_ET_PERIODE
0JW.F,0001674335,NetIncome,NetIncomeLoss,91586000,USD,2020-01-01,2020-12-31,2021-02-23,10-K,0001674335-21-000012,2020,FY,https://data.sec.gov/api/xbrl/companyfacts/CIK0001674335.json,2026-10-10T12:46:58.023219+00:00,A_VERIFIER_IDENTITE_ET_PERIODE
0JW.F,0001674335,NetIncome,NetIncomeLoss,91586000,USD,2020-01-01,2020-12-31,2022-02-22,10-K,0001674335-22-000028,2021,FY,https://data.sec.gov/api/xbrl/companyfacts/CIK0001674335.json,2026-10-10T12:46:58.023230+00:00,A_VERIFIER_IDENTITE_ET_PERIODE
0JW.F,0001674335,NetIncome,NetIncomeLoss,91586000,USD,2020-01-01,2020-12-31,2023-02-21,10-K,0001674335-23-000039,2022,FY,https://data.sec.gov/api/xbrl/companyfacts/CIK0001674335.json,2026-10-10T12:46:58.023241+00:00,A_VERIFIER_IDENTITE_ET_PERIODE
0JW.F,0001674335,NetIncome,NetIncomeLoss,25485000,USD,2021-01-01,2021-03-27,2021-04-30,10-Q,0001674335-21-000039,2021,Q1,https://data.sec.gov/api/xbrl/companyfacts/CIK0001674335.json,2026-10-10T12:46:58.023252+00:00,A_VERIFIER_IDENTITE_ET_PERIODE
0JW.F,0001674335,NetIncome,NetIncomeLoss,25485000,USD,2021-01-01,2021-03-27,2022-05-02,10-Q,0001674335-22-000070,2022,Q1,https://data.sec.gov/api/xbrl/companyfacts/CIK0001674335.json,2026-10-10T12:46:58.023263+00:00,A_VERIFIER_IDENTITE_ET_PERIODE
0JW.F,0001674335,NetIncome,NetIncomeLoss,86195000,USD,2021-01-01,2021-06-26,2021-08-02,10-Q,0001674335-21-000090,2021,Q2,https://data.sec.gov/api/xbrl/companyfacts/CIK0001674335.json,2026-10-10T12:46:58.023274+00:00,A_VERIFIER_IDENTITE_ET_PERIODE
0JW.F,0001674335,NetIncome,NetIncomeLoss,86195000,USD,2021-01-01,2021-06-26,2022-08-01,10-Q,0001674335-22-000110,2022,Q2,https://data.sec.gov/api/xbrl/companyfacts/CIK0001674335.json,2026-10-10T12:46:58.023285+00:00,A_VERIFIER_IDENTITE_ET_PERIODE
0JW.F,0001674335,NetIncome,NetIncomeLoss,60710000,USD,2021-03-28,2021-06-26,2021-08-02,10-Q,0001674335-21-000090,2021,Q2,https://data.sec.gov/api/xbrl/companyfacts/CIK0001674335.json,2026-10-10T12:46:58.023296+00:00,A_VERIFIER_IDENTITE_ET_PERIODE
0JW.F,0001674335,NetIncome,NetIncomeLoss,60710000,USD,2021-03-28,2021-06-26,2022-08-01,10-Q,0001674335-22-000110,2022,Q2,https://data.sec.gov/api/xbrl/companyfacts/CIK0001674335.json,2026-10-10T12:46:58.023307+00:00,A_VERIFIER_IDENTITE_ET_PERIODE
0JW.F,0001674335,NetIncome,NetIncomeLoss,126737000,USD,2021-01-01,2021-09-25,2021-11-01,10-Q,0001674335-21-000105,2021,Q3,https://data.sec.gov/api/xbrl/companyfacts/CIK0001674335.json,2026-10-10T12:46:58.023318+00:00,A_VERIFIER_IDENTITE_ET_PERIODE
0JW.F,0001674335,NetIncome,NetIncomeLoss,126737000,USD,2021-01-01,2021-09-25,2022-11-01,10-Q,0001674335-22-000137,2022,Q3,https://data.sec.gov/api/xbrl/companyfacts/CIK0001674335.json,2026-10-10T12:46:58.023329+00:00,A_VERIFIER_IDENTITE_ET_PERIODE
0JW.F,0001674335,NetIncome,NetIncomeLoss,40542000,USD,2021-06-27,2021-09-25,2021-11-01,10-Q,0001674335-21-000105,2021,Q3,https://data.sec.gov/api/xbrl/companyfacts/CIK0001674335.json,2026-10-10T12:46:58.023340+00:00,A_VERIFIER_IDENTITE_ET_PERIODE
0JW.F,0001674335,NetIncome,NetIncomeLoss,40542000,USD,2021-06-27,2021-09-25,2022-11-01,10-Q,0001674335-22-000137,2022,Q3,https://data.sec.gov/api/xbrl/companyfacts/CIK0001674335.json,2026-10-10T12:46:58.023351+00:00,A_VERIFIER_IDENTITE_ET_PERIODE
0JW.F,0001674335,NetIncome,NetIncomeLoss,168822000,USD,2021-01-01,2021-12-31,2022-02-22,10-K,0001674335-22-000028,2021,FY,https://data.sec.gov/api/xbrl/companyfacts/CIK0001674335.json,2026-10-10T12:46:58.023362+00:00,A_VERIFIER_IDENTITE_ET_PERIODE
0JW.F,0001674335,NetIncome,NetIncomeLoss,168822000,USD,2021-01-01,2021-12-31,2023-02-21,10-K,0001674335-23-000039,2022,FY,https://data.sec.gov/api/xbrl/companyfacts/CIK0001674335.json,2026-10-10T12:46:58.023374+00:00,A_VERIFIER_IDENTITE_ET_PERIODE
0JW.F,0001674335,NetIncome,NetIncomeLoss,168822000,USD,2021-01-01,2021-12-31,2024-02-20,10-K,0001674335-24-000059,2023,FY,https://data.sec.gov/api/xbrl/companyfacts/CIK0001674335.json,2026-10-10T12:46:58.023385+00:00,A_VERIFIER_IDENTITE_ET_PERIODE
0JW.F,0001674335,NetIncome,NetIncomeLoss,-528000,USD,2022-01-01,2022-03-26,2022-05-02,10-Q,0001674335-22-000070,2022,Q1,https://data.sec.gov/api/xbrl/companyfacts/CIK0001674335.json,2026-10-10T12:46:58.023396+00:00,A_VERIFIER_IDENTITE_ET_PERIODE
0JW.F,0001674335,NetIncome,NetIncomeLoss,-528000,USD,2022-01-01,2022-03-26,2023-05-09,10-Q,0001674335-23-000109,2023,Q1,https://data.sec.gov/api/xbrl/companyfacts/CIK0001674335.json,2026-10-10T12:46:58.023407+00:00,A_VERIFIER_IDENTITE_ET_PERIODE
0JW.F,0001674335,NetIncome,NetIncomeLoss,-528000,USD,2022-01-01,2022-03-26,2024-02-20,10-K,0001674335-24-000059,2023,FY,https://data.sec.gov/api/xbrl/companyfacts/CIK0001674335.json,2026-10-10T12:46:58.023418+00:00,A_VERIFIER_IDENTITE_ET_PERIODE
0JW.F,0001674335,NetIncome,NetIncomeLoss,45298000,USD,2022-01-01,2022-06-25,2022-08-01,10-Q,0001674335-22-000110,2022,Q2,https://data.sec.gov/api/xbrl/companyfacts/CIK0001674335.json,2026-10-10T12:46:58.023430+00:00,A_VERIFIER_IDENTITE_ET_PERIODE
0JW.F,0001674335,NetIncome,NetIncomeLoss,45298000,USD,2022-01-01,2022-06-25,2023-08-08,10-Q,0001674335-23-000156,2023,Q2,https://data.sec.gov/api/xbrl/companyfacts/CIK0001674335.json,2026-10-10T12:46:58.023441+00:00,A_VERIFIER_IDENTITE_ET_PERIODE
0JW.F,0001674335,NetIncome,NetIncomeLoss,45826000,USD,2022-03-27,2022-06-25,2022-08-01,10-Q,0001674335-22-000110,2022,Q2,https://data.sec.gov/api/xbrl/companyfacts/CIK0001674335.json,2026-10-10T12:46:58.023452+00:00,A_VERIFIER_IDENTITE_ET_PERIODE
0JW.F,0001674335,NetIncome,NetIncomeLoss,45826000,USD,2022-03-27,2022-06-25,2023-08-08,10-Q,0001674335-23-000156,2023,Q2,https://data.sec.gov/api/xbrl/companyfacts/CIK0001674335.json,2026-10-10T12:46:58.023464+00:00,A_VERIFIER_IDENTITE_ET_PERIODE
0JW.F,0001674335,NetIncome,NetIncomeLoss,45826000,USD,2022-03-27,2022-06-25,2024-02-20,10-K,0001674335-24-000059,2023,FY,https://data.sec.gov/api/xbrl/companyfacts/CIK0001674335.json,2026-10-10T12:46:58.023475+00:00,A_VERIFIER_IDENTITE_ET_PERIODE
0JW.F,0001674335,NetIncome,NetIncomeLoss,12106000,USD,2022-01-01,2022-09-24,2022-11-01,10-Q,0001674335-22-000137,2022,Q3,https://data.sec.gov/api/xbrl/companyfacts/CIK0001674335.json,2026-10-10T12:46:58.023486+00:00,A_VERIFIER_IDENTITE_ET_PERIODE
0JW.F,0001674335,NetIncome,NetIncomeLoss,12106000,USD,2022-01-01,2022-09-24,2023-11-07,10-Q,0001674335-23-000168,2023,Q3,https://data.sec.gov/api/xbrl/companyfacts/CIK0001674335.json,2026-10-10T12:46:58.023498+00:00,A_VERIFIER_IDENTITE_ET_PERIODE
0JW.F,0001674335,NetIncome,NetIncomeLoss,-33192000,USD,2022-06-26,2022-09-24,2022-11-01,10-Q,0001674335-22-000137,2022,Q3,https://data.sec.gov/api/xbrl/companyfacts/CIK0001674335.json,2026-10-10T12:46:58.023509+00:00,A_VERIFIER_IDENTITE_ET_PERIODE
0JW.F,0001674335,NetIncome,NetIncomeLoss,-33192000,USD,2022-06-26,2022-09-24,2023-11-07,10-Q,0001674335-23-000168,2023,Q3,https://data.sec.gov/api/xbrl/companyfacts/CIK0001674335.json,2026-10-10T12:46:58.023520+00:00,A_VERIFIER_IDENTITE_ET_PERIODE
0JW.F,0001674335,NetIncome,NetIncomeLoss,-33192000,USD,2022-06-26,2022-09-24,2024-02-20,10-K,0001674335-24-000059,2023,FY,https://data.sec.gov/api/xbrl/companyfacts/CIK0001674335.json,2026-10-10T12:46:58.023531+00:00,A_VERIFIER_IDENTITE_ET_PERIODE
0JW.F,0001674335,NetIncome,NetIncomeLoss,45727000,USD,2022-01-01,2022-12-31,2023-02-21,10-K,0001674335-23-000039,2022,FY,https://data.sec.gov/api/xbrl/companyfacts/CIK0001674335.json,2026-10-10T12:46:58.023543+00:00,A_VERIFIER_IDENTITE_ET_PERIODE
0JW.F,0001674335,NetIncome,NetIncomeLoss,45727000,USD,2022-01-01,2022-12-31,2024-02-20,10-K,0001674335-24-000059,2023,FY,https://data.sec.gov/api/xbrl/companyfacts/CIK0001674335.json,2026-10-10T12:46:58.023554+00:00,A_VERIFIER_IDENTITE_ET_PERIODE
0JW.F,0001674335,NetIncome,NetIncomeLoss,45727000,USD,2022-01-01,2022-12-31,2025-02-20,10-K,0001674335-25-000055,2024,FY,https://data.sec.gov/api/xbrl/companyfacts/CIK0001674335.json,2026-10-10T12:46:58.023565+00:00,A_VERIFIER_IDENTITE_ET_PERIODE
0JW.F,0001674335,NetIncome,NetIncomeLoss,33621000,USD,2022-09-25,2022-12-31,2024-02-20,10-K,0001674335-24-000059,2023,FY,https://data.sec.gov/api/xbrl/companyfacts/CIK0001674335.json,2026-10-10T12:46:58.023576+00:00,A_VERIFIER_IDENTITE_ET_PERIODE
0JW.F,0001674335,NetIncome,NetIncomeLoss,15134000,USD,2023-01-01,2023-04-01,2023-05-09,10-Q,0001674335-23-000109,2023,Q1,https://data.sec.gov/api/xbrl/companyfacts/CIK0001674335.json,2026-10-10T12:46:58.023588+00:00,A_VERIFIER_IDENTITE_ET_PERIODE
0JW.F,0001674335,NetIncome,NetIncomeLoss,15134000,USD,2023-01-01,2023-04-01,2024-02-20,10-K,0001674335-24-000059,2023,FY,https://data.sec.gov/api/xbrl/companyfacts/CIK0001674335.json,2026-10-10T12:46:58.023599+00:00,A_VERIFIER_IDENTITE_ET_PERIODE
0JW.F,0001674335,NetIncome,NetIncomeLoss,15134000,USD,2023-01-01,2023-04-01,2024-05-07,10-Q,0001674335-24-000127,2024,Q1,https://data.sec.gov/api/xbrl/companyfacts/CIK0001674335.json,2026-10-10T12:46:58.023610+00:00,A_VERIFIER_IDENTITE_ET_PERIODE
0JW.F,0001674335,NetIncome,NetIncomeLoss,53415000,USD,2023-01-01,2023-07-01,2023-08-08,10-Q,0001674335-23-000156,2023,Q2,https://data.sec.gov/api/xbrl/companyfacts/CIK0001674335.json,2026-10-10T12:46:58.023621+00:00,A_VERIFIER_IDENTITE_ET_PERIODE
0JW.F,0001674335,NetIncome,NetIncomeLoss,53415000,USD,2023-01-01,2023-07-01,2024-08-06,10-Q,0001674335-24-000154,2024,Q2,https://data.sec.gov/api/xbrl/companyfacts/CIK0001674335.json,2026-10-10T12:46:58.023632+00:00,A_VERIFIER_IDENTITE_ET_PERIODE
0JW.F,0001674335,NetIncome,NetIncomeLoss,38281000,USD,2023-04-02,2023-07-01,2023-08-08,10-Q,0001674335-23-000156,2023,Q2,https://data.sec.gov/api/xbrl/companyfacts/CIK0001674335.json,2026-10-10T12:46:58.023644+00:00,A_VERIFIER_IDENTITE_ET_PERIODE
0JW.F,0001674335,NetIncome,NetIncomeLoss,38281000,USD,2023-04-02,2023-07-01,2024-02-20,10-K,0001674335-24-000059,2023,FY,https://data.sec.gov/api/xbrl/companyfacts/CIK0001674335.json,2026-10-10T12:46:58.023655+00:00,A_VERIFIER_IDENTITE_ET_PERIODE
0JW.F,0001674335,NetIncome,NetIncomeLoss,38281000,USD,2023-04-02,2023-07-01,2024-08-06,10-Q,0001674335-24-000154,2024,Q2,https://data.sec.gov/api/xbrl/companyfacts/CIK0001674335.json,2026-10-10T12:46:58.023666+00:00,A_VERIFIER_IDENTITE_ET_PERIODE
0JW.F,0001674335,NetIncome,NetIncomeLoss,97200000,USD,2023-01-01,2023-09-30,2023-11-07,10-Q,0001674335-23-000168,2023,Q3,https://data.sec.gov/api/xbrl/companyfacts/CIK0001674335.json,2026-10-10T12:46:58.023677+00:00,A_VERIFIER_IDENTITE_ET_PERIODE
0JW.F,0001674335,NetIncome,NetIncomeLoss,97200000,USD,2023-01-01,2023-09-30,2024-11-06,10-Q,0001674335-24-000177,2024,Q3,https://data.sec.gov/api/xbrl/companyfacts/CIK0001674335.json,2026-10-10T12:46:58.023689+00:00,A_VERIFIER_IDENTITE_ET_PERIODE
0JW.F,0001674335,NetIncome,NetIncomeLoss,43785000,USD,2023-07-02,2023-09-30,2023-11-07,10-Q,0001674335-23-000168,2023,Q3,https://data.sec.gov/api/xbrl/companyfacts/CIK0001674335.json,2026-10-10T12:46:58.023700+00:00,A_VERIFIER_IDENTITE_ET_PERIODE
0JW.F,0001674335,NetIncome,NetIncomeLoss,43785000,USD,2023-07-02,2023-09-30,2024-02-20,10-K,0001674335-24-000059,2023,FY,https://data.sec.gov/api/xbrl/companyfacts/CIK0001674335.json,2026-10-10T12:46:58.023711+00:00,A_VERIFIER_IDENTITE_ET_PERIODE
0JW.F,0001674335,NetIncome,NetIncomeLoss,43785000,USD,2023-07-02,2023-09-30,2024-11-06,10-Q,0001674335-24-000177,2024,Q3,https://data.sec.gov/api/xbrl/companyfacts/CIK0001674335.json,2026-10-10T12:46:58.023722+00:00,A_VERIFIER_IDENTITE_ET_PERIODE
0JW.F,0001674335,NetIncome,NetIncomeLoss,62445000,USD,2023-01-01,2023-12-31,2024-02-20,10-K,0001674335-24-000059,2023,FY,https://data.sec.gov/api/xbrl/companyfacts/CIK0001674335.json,2026-10-10T12:46:58.023733+00:00,A_VERIFIER_IDENTITE_ET_PERIODE
0JW.F,0001674335,NetIncome,NetIncomeLoss,62445000,USD,2023-01-01,2023-12-31,2025-02-20,10-K,0001674335-25-000055,2024,FY,https://data.sec.gov/api/xbrl/companyfacts/CIK0001674335.json,2026-10-10T12:46:58.023744+00:00,A_VERIFIER_IDENTITE_ET_PERIODE
0JW.F,0001674335,NetIncome,NetIncomeLoss,62445000,USD,2023-01-01,2023-12-31,2026-02-23,10-K,0001674335-26-000043,2025,FY,https://data.sec.gov/api/xbrl/companyfacts/CIK0001674335.json,2026-10-10T12:46:58.023755+00:00,A_VERIFIER_IDENTITE_ET_PERIODE
0JW.F,0001674335,NetIncome,NetIncomeLoss,-34755000,USD,2023-10-01,2023-12-31,2024-02-20,10-K,0001674335-24-000059,2023,FY,https://data.sec.gov/api/xbrl/companyfacts/CIK0001674335.json,2026-10-10T12:46:58.023767+00:00,A_VERIFIER_IDENTITE_ET_PERIODE
0JW.F,0001674335,NetIncome,NetIncomeLoss,-27730000,USD,2024-01-01,2024-03-30,2024-05-07,10-Q,0001674335-24-000127,2024,Q1,https://data.sec.gov/api/xbrl/companyfacts/CIK0001674335.json,2026-10-10T12:46:58.023778+00:00,A_VERIFIER_IDENTITE_ET_PERIODE
0JW.F,0001674335,NetIncome,NetIncomeLoss,-27730000,USD,2024-01-01,2024-03-30,2025-05-08,10-Q,0001674335-25-000100,2025,Q1,https://data.sec.gov/api/xbrl/companyfacts/CIK0001674335.json,2026-10-10T12:46:58.023789+00:00,A_VERIFIER_IDENTITE_ET_PERIODE
0JW.F,0001674335,NetIncome,NetIncomeLoss,-46221000,USD,2024-01-01,2024-06-29,2024-08-06,10-Q,0001674335-24-000154,2024,Q2,https://data.sec.gov/api/xbrl/companyfacts/CIK0001674335.json,2026-10-10T12:46:58.023801+00:00,A_VERIFIER_IDENTITE_ET_PERIODE
0JW.F,0001674335,NetIncome,NetIncomeLoss,-46221000,USD,2024-01-01,2024-06-29,2025-08-06,10-Q,0001674335-25-000146,2025,Q2,https://data.sec.gov/api/xbrl/companyfacts/CIK0001674335.json,2026-10-10T12:46:58.023812+00:00,A_VERIFIER_IDENTITE_ET_PERIODE
0JW.F,0001674335,NetIncome,NetIncomeLoss,-18491000,USD,2024-03-31,2024-06-29,2024-08-06,10-Q,0001674335-24-000154,2024,Q2,https://data.sec.gov/api/xbrl/companyfacts/CIK0001674335.json,2026-10-10T12:46:58.023823+00:00,A_VERIFIER_IDENTITE_ET_PERIODE
0JW.F,0001674335,NetIncome,NetIncomeLoss,-18491000,USD,2024-03-31,2024-06-29,2025-08-06,10-Q,0001674335-25-000146,2025,Q2,https://data.sec.gov/api/xbrl/companyfacts/CIK0001674335.json,2026-10-10T12:46:58.023835+00:00,A_VERIFIER_IDENTITE_ET_PERIODE
0JW.F,0001674335,NetIncome,NetIncomeLoss,-120623000,USD,2024-01-01,2024-09-28,2024-11-06,10-Q,0001674335-24-000177,2024,Q3,https://data.sec.gov/api/xbrl/companyfacts/CIK0001674335.json,2026-10-10T12:46:58.023846+00:00,A_VERIFIER_IDENTITE_ET_PERIODE
0JW.F,0001674335,NetIncome,NetIncomeLoss,-120623000,USD,2024-01-01,2024-09-28,2025-11-06,10-Q,0001674335-25-000174,2025,Q3,https://data.sec.gov/api/xbrl/companyfacts/CIK0001674335.json,2026-10-10T12:46:58.023858+00:00,A_VERIFIER_IDENTITE_ET_PERIODE
0JW.F,0001674335,NetIncome,NetIncomeLoss,-74402000,USD,2024-06-30,2024-09-28,2024-11-06,10-Q,0001674335-24-000177,2024,Q3,https://data.sec.gov/api/xbrl/companyfacts/CIK0001674335.json,2026-10-10T12:46:58.023869+00:00,A_VERIFIER_IDENTITE_ET_PERIODE
0JW.F,0001674335,NetIncome,NetIncomeLoss,-74402000,USD,2024-06-30,2024-09-28,2025-11-06,10-Q,0001674335-25-000174,2025,Q3,https://data.sec.gov/api/xbrl/companyfacts/CIK0001674335.json,2026-10-10T12:46:58.023880+00:00,A_VERIFIER_IDENTITE_ET_PERIODE
0JW.F,0001674335,NetIncome,NetIncomeLoss,-189020000,USD,2024-01-01,2024-12-31,2025-02-20,10-K,0001674335-25-000055,2024,FY,https://data.sec.gov/api/xbrl/companyfacts/CIK0001674335.json,2026-10-10T12:46:58.023891+00:00,A_VERIFIER_IDENTITE_ET_PERIODE
0JW.F,0001674335,NetIncome,NetIncomeLoss,-189020000,USD,2024-01-01,2024-12-31,2026-02-23,10-K,0001674335-26-000043,2025,FY,https://data.sec.gov/api/xbrl/companyfacts/CIK0001674335.json,2026-10-10T12:46:58.023903+00:00,A_VERIFIER_IDENTITE_ET_PERIODE
0JW.F,0001674335,NetIncome,NetIncomeLoss,-190138000,USD,2025-01-01,2025-03-29,2025-05-08,10-Q,0001674335-25-000100,2025,Q1,https://data.sec.gov/api/xbrl/companyfacts/CIK0001674335.json,2026-10-10T12:46:58.023914+00:00,A_VERIFIER_IDENTITE_ET_PERIODE
0JW.F,0001674335,NetIncome,NetIncomeLoss,-190138000,USD,2025-01-01,2025-03-29,2026-05-05,10-Q,0001674335-26-000069,2026,Q1,https://data.sec.gov/api/xbrl/companyfacts/CIK0001674335.json,2026-10-10T12:46:58.023926+00:00,A_VERIFIER_IDENTITE_ET_PERIODE
0JW.F,0001674335,NetIncome,NetIncomeLoss,-211663000,USD,2025-01-01,2025-06-28,2025-08-06,10-Q,0001674335-25-000146,2025,Q2,https://data.sec.gov/api/xbrl/companyfacts/CIK0001674335.json,2026-10-10T12:46:58.023937+00:00,A_VERIFIER_IDENTITE_ET_PERIODE
0JW.F,0001674335,NetIncome,NetIncomeLoss,-211663000,USD,2025-01-01,2025-06-28,2026-08-04,10-Q,0001674335-26-000123,2026,Q2,https://data.sec.gov/api/xbrl/companyfacts/CIK0001674335.json,2026-10-10T12:46:58.023948+00:00,A_VERIFIER_IDENTITE_ET_PERIODE
0JW.F,0001674335,NetIncome,NetIncomeLoss,-21525000,USD,2025-03-30,2025-06-28,2025-08-06,10-Q,0001674335-25-000146,2025,Q2,https://data.sec.gov/api/xbrl/companyfacts/CIK0001674335.json,2026-10-10T12:46:58.023960+00:00,A_VERIFIER_IDENTITE_ET_PERIODE
0JW.F,0001674335,NetIncome,NetIncomeLoss,-21525000,USD,2025-03-30,2025-06-28,2026-08-04,10-Q,0001674335-26-000123,2026,Q2,https://data.sec.gov/api/xbrl/companyfacts/CIK0001674335.json,2026-10-10T12:46:58.023971+00:00,A_VERIFIER_IDENTITE_ET_PERIODE
0JW.F,0001674335,NetIncome,NetIncomeLoss,-579261000,USD,2025-01-01,2025-09-27,2025-11-06,10-Q,0001674335-25-000174,2025,Q3,https://data.sec.gov/api/xbrl/companyfacts/CIK0001674335.json,2026-10-10T12:46:58.023982+00:00,A_VERIFIER_IDENTITE_ET_PERIODE
0JW.F,0001674335,NetIncome,NetIncomeLoss,-367598000,USD,2025-06-29,2025-09-27,2025-11-06,10-Q,0001674335-25-000174,2025,Q3,https://data.sec.gov/api/xbrl/companyfacts/CIK0001674335.json,2026-10-10T12:46:58.023994+00:00,A_VERIFIER_IDENTITE_ET_PERIODE
0JW.F,0001674335,NetIncome,NetIncomeLoss,-621209000,USD,2025-01-01,2025-12-31,2026-02-23,10-K,0001674335-26-000043,2025,FY,https://data.sec.gov/api/xbrl/companyfacts/CIK0001674335.json,2026-10-10T12:46:58.024005+00:00,A_VERIFIER_IDENTITE_ET_PERIODE
0JW.F,0001674335,NetIncome,NetIncomeLoss,-76844000,USD,2026-01-01,2026-03-28,2026-05-05,10-Q,0001674335-26-000069,2026,Q1,https://data.sec.gov/api/xbrl/companyfacts/CIK0001674335.json,2026-10-10T12:46:58.024016+00:00,A_VERIFIER_IDENTITE_ET_PERIODE
0JW.F,0001674335,NetIncome,NetIncomeLoss,-108384000,USD,2026-01-01,2026-06-27,2026-08-04,10-Q,0001674335-26-000123,2026,Q2,https://data.sec.gov/api/xbrl/companyfacts/CIK0001674335.json,2026-10-10T12:46:58.024027+00:00,A_VERIFIER_IDENTITE_ET_PERIODE
0JW.F,0001674335,NetIncome,NetIncomeLoss,-31540000,USD,2026-03-29,2026-06-27,2026-08-04,10-Q,0001674335-26-000123,2026,Q2,https://data.sec.gov/api/xbrl/companyfacts/CIK0001674335.json,2026-10-10T12:46:58.024038+00:00,A_VERIFIER_IDENTITE_ET_PERIODE
0JW.F,0001674335,OperatingCashFlow,NetCashProvidedByUsedInOperatingActivities,172379000,USD,2015-01-01,2015-12-31,2018-03-06,10-K,0001674335-18-000038,2017,Q4,https://data.sec.gov/api/xbrl/companyfacts/CIK0001674335.json,2026-10-10T12:46:58.024051+00:00,A_VERIFIER_IDENTITE_ET_PERIODE
0JW.F,0001674335,OperatingCashFlow,NetCashProvidedByUsedInOperatingActivities,-28197000,USD,2016-01-01,2016-03-26,2017-05-12,10-Q,0001674335-17-000018,2017,Q1,https://data.sec.gov/api/xbrl/companyfacts/CIK0001674335.json,2026-10-10T12:46:58.024062+00:00,A_VERIFIER_IDENTITE_ET_PERIODE
0JW.F,0001674335,OperatingCashFlow,NetCashProvidedByUsedInOperatingActivities,12593000,USD,2016-01-01,2016-06-25,2017-08-08,10-Q,0001674335-17-000028,2017,Q2,https://data.sec.gov/api/xbrl/companyfacts/CIK0001674335.json,2026-10-10T12:46:58.024074+00:00,A_VERIFIER_IDENTITE_ET_PERIODE
0JW.F,0001674335,OperatingCashFlow,NetCashProvidedByUsedInOperatingActivities,110190000,USD,2016-01-01,2016-09-24,2017-11-08,10-Q,0001674335-17-000054,2017,Q3,https://data.sec.gov/api/xbrl/companyfacts/CIK0001674335.json,2026-10-10T12:46:58.024085+00:00,A_VERIFIER_IDENTITE_ET_PERIODE
0JW.F,0001674335,OperatingCashFlow,NetCashProvidedByUsedInOperatingActivities,201655000,USD,2016-01-01,2016-12-31,2018-03-06,10-K,0001674335-18-000038,2017,Q4,https://data.sec.gov/api/xbrl/companyfacts/CIK0001674335.json,2026-10-10T12:46:58.024096+00:00,A_VERIFIER_IDENTITE_ET_PERIODE
0JW.F,0001674335,OperatingCashFlow,NetCashProvidedByUsedInOperatingActivities,201655000,USD,2016-01-01,2016-12-31,2019-03-01,10-K,0001674335-19-000023,2018,FY,https://data.sec.gov/api/xbrl/companyfacts/CIK0001674335.json,2026-10-10T12:46:58.024108+00:00,A_VERIFIER_IDENTITE_ET_PERIODE
0JW.F,0001674335,OperatingCashFlow,NetCashProvidedByUsedInOperatingActivities,-9485000,USD,2017-01-01,2017-04-01,2017-05-12,10-Q,0001674335-17-000018,2017,Q1,https://data.sec.gov/api/xbrl/companyfacts/CIK0001674335.json,2026-10-10T12:46:58.024119+00:00,A_VERIFIER_IDENTITE_ET_PERIODE
0JW.F,0001674335,OperatingCashFlow,NetCashProvidedByUsedInOperatingActivities,-9245000,USD,2017-01-01,2017-04-01,2018-05-09,10-Q,0001674335-18-000068,2018,Q1,https://data.sec.gov/api/xbrl/companyfacts/CIK0001674335.json,2026-10-10T12:46:58.024139+00:00,A_VERIFIER_IDENTITE_ET_PERIODE
0JW.F,0001674335,OperatingCashFlow,NetCashProvidedByUsedInOperatingActivities,66151000,USD,2017-01-01,2017-07-01,2017-08-08,10-Q,0001674335-17-000028,2017,Q2,https://data.sec.gov/api/xbrl/companyfacts/CIK0001674335.json,2026-10-10T12:46:58.024150+00:00,A_VERIFIER_IDENTITE_ET_PERIODE
0JW.F,0001674335,OperatingCashFlow,NetCashProvidedByUsedInOperatingActivities,66383000,USD,2017-01-01,2017-07-01,2018-08-07,10-Q,0001674335-18-000090,2018,Q2,https://data.sec.gov/api/xbrl/companyfacts/CIK0001674335.json,2026-10-10T12:46:58.024169+00:00,A_VERIFIER_IDENTITE_ET_PERIODE
0JW.F,0001674335,OperatingCashFlow,NetCashProvidedByUsedInOperatingActivities,174127000,USD,2017-01-01,2017-09-30,2017-11-08,10-Q,0001674335-17-000054,2017,Q3,https://data.sec.gov/api/xbrl/companyfacts/CIK0001674335.json,2026-10-10T12:46:58.024183+00:00,A_VERIFIER_IDENTITE_ET_PERIODE
0JW.F,0001674335,OperatingCashFlow,NetCashProvidedByUsedInOperatingActivities,174348000,USD,2017-01-01,2017-09-30,2018-11-07,10-Q,0001674335-18-000108,2018,Q3,https://data.sec.gov/api/xbrl/companyfacts/CIK0001674335.json,2026-10-10T12:46:58.024194+00:00,A_VERIFIER_IDENTITE_ET_PERIODE
0JW.F,0001674335,OperatingCashFlow,NetCashProvidedByUsedInOperatingActivities,265793000,USD,2017-01-01,2017-12-31,2018-03-06,10-K,0001674335-18-000038,2017,Q4,https://data.sec.gov/api/xbrl/companyfacts/CIK0001674335.json,2026-10-10T12:46:58.024205+00:00,A_VERIFIER_IDENTITE_ET_PERIODE
0JW.F,0001674335,OperatingCashFlow,NetCashProvidedByUsedInOperatingActivities,265793000,USD,2017-01-01,2017-12-31,2019-03-01,10-K,0001674335-19-000023,2018,FY,https://data.sec.gov/api/xbrl/companyfacts/CIK0001674335.json,2026-10-10T12:46:58.024217+00:00,A_VERIFIER_IDENTITE_ET_PERIODE
0JW.F,0001674335,OperatingCashFlow,NetCashProvidedByUsedInOperatingActivities,265793000,USD,2017-01-01,2017-12-31,2020-02-24,10-K,0001674335-20-000033,2019,FY,https://data.sec.gov/api/xbrl/companyfacts/CIK0001674335.json,2026-10-10T12:46:58.024228+00:00,A_VERIFIER_IDENTITE_ET_PERIODE
0JW.F,0001674335,OperatingCashFlow,NetCashProvidedByUsedInOperatingActivities,-65312000,USD,2018-01-01,2018-03-31,2018-05-09,10-Q,0001674335-18-000068,2018,Q1,https://data.sec.gov/api/xbrl/companyfacts/CIK0001674335.json,2026-10-10T12:46:58.024240+00:00,A_VERIFIER_IDENTITE_ET_PERIODE
0JW.F,0001674335,OperatingCashFlow,NetCashProvidedByUsedInOperatingActivities,-65312000,USD,2018-01-01,2018-03-31,2019-05-08,10-Q,0001674335-19-000039,2019,Q1,https://data.sec.gov/api/xbrl/companyfacts/CIK0001674335.json,2026-10-10T12:46:58.024251+00:00,A_VERIFIER_IDENTITE_ET_PERIODE
0JW.F,0001674335,OperatingCashFlow,NetCashProvidedByUsedInOperatingActivities,-8309000,USD,2018-01-01,2018-06-30,2018-08-07,10-Q,0001674335-18-000090,2018,Q2,https://data.sec.gov/api/xbrl/companyfacts/CIK0001674335.json,2026-10-10T12:46:58.024263+00:00,A_VERIFIER_IDENTITE_ET_PERIODE
0JW.F,0001674335,OperatingCashFlow,NetCashProvidedByUsedInOperatingActivities,-8311000,USD,2018-01-01,2018-06-30,2019-08-07,10-Q,0001674335-19-000072,2019,Q2,https://data.sec.gov/api/xbrl/companyfacts/CIK0001674335.json,2026-10-10T12:46:58.024278+00:00,A_VERIFIER_IDENTITE_ET_PERIODE
0JW.F,0001674335,OperatingCashFlow,NetCashProvidedByUsedInOperatingActivities,87969000,USD,2018-01-01,2018-09-29,2018-11-07,10-Q,0001674335-18-000108,2018,Q3,https://data.sec.gov/api/xbrl/companyfacts/CIK0001674335.json,2026-10-10T12:46:58.024290+00:00,A_VERIFIER_IDENTITE_ET_PERIODE
0JW.F,0001674335,OperatingCashFlow,NetCashProvidedByUsedInOperatingActivities,87969000,USD,2018-01-01,2018-09-29,2019-11-06,10-Q,0001674335-19-000090,2019,Q3,https://data.sec.gov/api/xbrl/companyfacts/CIK0001674335.json,2026-10-10T12:46:58.024301+00:00,A_VERIFIER_IDENTITE_ET_PERIODE
0JW.F,0001674335,OperatingCashFlow,NetCashProvidedByUsedInOperatingActivities,219653000,USD,2018-01-01,2018-12-31,2019-03-01,10-K,0001674335-19-000023,2018,FY,https://data.sec.gov/api/xbrl/companyfacts/CIK0001674335.json,2026-10-10T12:46:58.024312+00:00,A_VERIFIER_IDENTITE_ET_PERIODE
0JW.F,0001674335,OperatingCashFlow,NetCashProvidedByUsedInOperatingActivities,219653000,USD,2018-01-01,2018-12-31,2020-02-24,10-K,0001674335-20-000033,2019,FY,https://data.sec.gov/api/xbrl/companyfacts/CIK0001674335.json,2026-10-10T12:46:58.024324+00:00,A_VERIFIER_IDENTITE_ET_PERIODE
0JW.F,0001674335,OperatingCashFlow,NetCashProvidedByUsedInOperatingActivities,219653000,USD,2018-01-01,2018-12-31,2021-02-23,10-K,0001674335-21-000012,2020,FY,https://data.sec.gov/api/xbrl/companyfacts/CIK0001674335.json,2026-10-10T12:46:58.024336+00:00,A_VERIFIER_IDENTITE_ET_PERIODE
0JW.F,0001674335,OperatingCashFlow,NetCashProvidedByUsedInOperatingActivities,-27958000,USD,2019-01-01,2019-03-30,2019-05-08,10-Q,0001674335-19-000039,2019,Q1,https://data.sec.gov/api/xbrl/companyfacts/CIK0001674335.json,2026-10-10T12:46:58.024347+00:00,A_VERIFIER_IDENTITE_ET_PERIODE
0JW.F,0001674335,OperatingCashFlow,NetCashProvidedByUsedInOperatingActivities,-27958000,USD,2019-01-01,2019-03-30,2020-05-06,10-Q,0001674335-20-000043,2020,Q1,https://data.sec.gov/api/xbrl/companyfacts/CIK0001674335.json,2026-10-10T12:46:58.024359+00:00,A_VERIFIER_IDENTITE_ET_PERIODE
0JW.F,0001674335,OperatingCashFlow,NetCashProvidedByUsedInOperatingActivities,42605000,USD,2019-01-01,2019-06-29,2019-08-07,10-Q,0001674335-19-000072,2019,Q2,https://data.sec.gov/api/xbrl/companyfacts/CIK0001674335.json,2026-10-10T12:46:58.024370+00:00,A_VERIFIER_IDENTITE_ET_PERIODE
0JW.F,0001674335,OperatingCashFlow,NetCashProvidedByUsedInOperatingActivities,42605000,USD,2019-01-01,2019-06-29,2020-08-05,10-Q,0001674335-20-000082,2020,Q1,https://data.sec.gov/api/xbrl/companyfacts/CIK0001674335.json,2026-10-10T12:46:58.024381+00:00,A_VERIFIER_IDENTITE_ET_PERIODE
0JW.F,0001674335,OperatingCashFlow,NetCashProvidedByUsedInOperatingActivities,164892000,USD,2019-01-01,2019-09-28,2019-11-06,10-Q,0001674335-19-000090,2019,Q3,https://data.sec.gov/api/xbrl/companyfacts/CIK0001674335.json,2026-10-10T12:46:58.024393+00:00,A_VERIFIER_IDENTITE_ET_PERIODE
0JW.F,0001674335,OperatingCashFlow,NetCashProvidedByUsedInOperatingActivities,164892000,USD,2019-01-01,2019-09-28,2020-11-03,10-Q,0001674335-20-000098,2020,Q3,https://data.sec.gov/api/xbrl/companyfacts/CIK0001674335.json,2026-10-10T12:46:58.024404+00:00,A_VERIFIER_IDENTITE_ET_PERIODE
0JW.F,0001674335,OperatingCashFlow,NetCashProvidedByUsedInOperatingActivities,302709000,USD,2019-01-01,2019-12-31,2020-02-24,10-K,0001674335-20-000033,2019,FY,https://data.sec.gov/api/xbrl/companyfacts/CIK0001674335.json,2026-10-10T12:46:58.024415+00:00,A_VERIFIER_IDENTITE_ET_PERIODE
0JW.F,0001674335,OperatingCashFlow,NetCashProvidedByUsedInOperatingActivities,302709000,USD,2019-01-01,2019-12-31,2021-02-23,10-K,0001674335-21-000012,2020,FY,https://data.sec.gov/api/xbrl/companyfacts/CIK0001674335.json,2026-10-10T12:46:58.024426+00:00,A_VERIFIER_IDENTITE_ET_PERIODE
0JW.F,0001674335,OperatingCashFlow,NetCashProvidedByUsedInOperatingActivities,302709000,USD,2019-01-01,2019-12-31,2022-02-22,10-K,0001674335-22-000028,2021,FY,https://data.sec.gov/api/xbrl/companyfacts/CIK0001674335.json,2026-10-10T12:46:58.024437+00:00,A_VERIFIER_IDENTITE_ET_PERIODE
0JW.F,0001674335,OperatingCashFlow,NetCashProvidedByUsedInOperatingActivities,-76575000,USD,2020-01-01,2020-03-28,2020-05-06,10-Q,0001674335-20-000043,2020,Q1,https://data.sec.gov/api/xbrl/companyfacts/CIK0001674335.json,2026-10-10T12:46:58.024449+00:00,A_VERIFIER_IDENTITE_ET_PERIODE
0JW.F,0001674335,OperatingCashFlow,NetCashProvidedByUsedInOperatingActivities,-76575000,USD,2020-01-01,2020-03-28,2021-04-30,10-Q,0001674335-21-000039,2021,Q1,https://data.sec.gov/api/xbrl/companyfacts/CIK0001674335.json,2026-10-10T12:46:58.024460+00:00,A_VERIFIER_IDENTITE_ET_PERIODE
0JW.F,0001674335,OperatingCashFlow,NetCashProvidedByUsedInOperatingActivities,38315000,USD,2020-01-01,2020-06-27,2020-08-05,10-Q,0001674335-20-000082,2020,Q1,https://data.sec.gov/api/xbrl/companyfacts/CIK0001674335.json,2026-10-10T12:46:58.024471+00:00,A_VERIFIER_IDENTITE_ET_PERIODE
0JW.F,0001674335,OperatingCashFlow,NetCashProvidedByUsedInOperatingActivities,38315000,USD,2020-01-01,2020-06-27,2021-08-02,10-Q,0001674335-21-000090,2021,Q2,https://data.sec.gov/api/xbrl/companyfacts/CIK0001674335.json,2026-10-10T12:46:58.024482+00:00,A_VERIFIER_IDENTITE_ET_PERIODE
0JW.F,0001674335,OperatingCashFlow,NetCashProvidedByUsedInOperatingActivities,210581000,USD,2020-01-01,2020-09-26,2020-11-03,10-Q,0001674335-20-000098,2020,Q3,https://data.sec.gov/api/xbrl/companyfacts/CIK0001674335.json,2026-10-10T12:46:58.024494+00:00,A_VERIFIER_IDENTITE_ET_PERIODE
0JW.F,0001674335,OperatingCashFlow,NetCashProvidedByUsedInOperatingActivities,210581000,USD,2020-01-01,2020-09-26,2021-11-01,10-Q,0001674335-21-000105,2021,Q3,https://data.sec.gov/api/xbrl/companyfacts/CIK0001674335.json,2026-10-10T12:46:58.024505+00:00,A_VERIFIER_IDENTITE_ET_PERIODE
0JW.F,0001674335,OperatingCashFlow,NetCashProvidedByUsedInOperatingActivities,355655000,USD,2020-01-01,2020-12-31,2021-02-23,10-K,0001674335-21-000012,2020,FY,https://data.sec.gov/api/xbrl/companyfacts/CIK0001674335.json,2026-10-10T12:46:58.024516+00:00,A_VERIFIER_IDENTITE_ET_PERIODE
0JW.F,0001674335,OperatingCashFlow,NetCashProvidedByUsedInOperatingActivities,355655000,USD,2020-01-01,2020-12-31,2022-02-22,10-K,0001674335-22-000028,2021,FY,https://data.sec.gov/api/xbrl/companyfacts/CIK0001674335.json,2026-10-10T12:46:58.024528+00:00,A_VERIFIER_IDENTITE_ET_PERIODE
0JW.F,0001674335,OperatingCashFlow,NetCashProvidedByUsedInOperatingActivities,355655000,USD,2020-01-01,2020-12-31,2023-02-21,10-K,0001674335-23-000039,2022,FY,https://data.sec.gov/api/xbrl/companyfacts/CIK0001674335.json,2026-10-10T12:46:58.024539+00:00,A_VERIFIER_IDENTITE_ET_PERIODE
0JW.F,0001674335,OperatingCashFlow,NetCashProvidedByUsedInOperatingActivities,-64881000,USD,2021-01-01,2021-03-27,2021-04-30,10-Q,0001674335-21-000039,2021,Q1,https://data.sec.gov/api/xbrl/companyfacts/CIK0001674335.json,2026-10-10T12:46:58.024550+00:00,A_VERIFIER_IDENTITE_ET_PERIODE
0JW.F,0001674335,OperatingCashFlow,NetCashProvidedByUsedInOperatingActivities,-64881000,USD,2021-01-01,2021-03-27,2022-05-02,10-Q,0001674335-22-000070,2022,Q1,https://data.sec.gov/api/xbrl/companyfacts/CIK0001674335.json,2026-10-10T12:46:58.024561+00:00,A_VERIFIER_IDENTITE_ET_PERIODE
0JW.F,0001674335,OperatingCashFlow,NetCashProvidedByUsedInOperatingActivities,40741000,USD,2021-01-01,2021-06-26,2021-08-02,10-Q,0001674335-21-000090,2021,Q2,https://data.sec.gov/api/xbrl/companyfacts/CIK0001674335.json,2026-10-10T12:46:58.024572+00:00,A_VERIFIER_IDENTITE_ET_PERIODE
0JW.F,0001674335,OperatingCashFlow,NetCashProvidedByUsedInOperatingActivities,40741000,USD,2021-01-01,2021-06-26,2022-08-01,10-Q,0001674335-22-000110,2022,Q2,https://data.sec.gov/api/xbrl/companyfacts/CIK0001674335.json,2026-10-10T12:46:58.024584+00:00,A_VERIFIER_IDENTITE_ET_PERIODE
0JW.F,0001674335,OperatingCashFlow,NetCashProvidedByUsedInOperatingActivities,135284000,USD,2021-01-01,2021-09-25,2021-11-01,10-Q,0001674335-21-000105,2021,Q3,https://data.sec.gov/api/xbrl/companyfacts/CIK0001674335.json,2026-10-10T12:46:58.024595+00:00,A_VERIFIER_IDENTITE_ET_PERIODE
0JW.F,0001674335,OperatingCashFlow,NetCashProvidedByUsedInOperatingActivities,135284000,USD,2021-01-01,2021-09-25,2022-11-01,10-Q,0001674335-22-000137,2022,Q3,https://data.sec.gov/api/xbrl/companyfacts/CIK0001674335.json,2026-10-10T12:46:58.024607+00:00,A_VERIFIER_IDENTITE_ET_PERIODE
0JW.F,0001674335,OperatingCashFlow,NetCashProvidedByUsedInOperatingActivities,175666000,USD,2021-01-01,2021-12-31,2022-02-22,10-K,0001674335-22-000028,2021,FY,https://data.sec.gov/api/xbrl/companyfacts/CIK0001674335.json,2026-10-10T12:46:58.024618+00:00,A_VERIFIER_IDENTITE_ET_PERIODE
0JW.F,0001674335,OperatingCashFlow,NetCashProvidedByUsedInOperatingActivities,175666000,USD,2021-01-01,2021-12-31,2023-02-21,10-K,0001674335-23-000039,2022,FY,https://data.sec.gov/api/xbrl/companyfacts/CIK0001674335.json,2026-10-10T12:46:58.024629+00:00,A_VERIFIER_IDENTITE_ET_PERIODE
0JW.F,0001674335,OperatingCashFlow,NetCashProvidedByUsedInOperatingActivities,175666000,USD,2021-01-01,2021-12-31,2024-02-20,10-K,0001674335-24-000059,2023,FY,https://data.sec.gov/api/xbrl/companyfacts/CIK0001674335.json,2026-10-10T12:46:58.024641+00:00,A_VERIFIER_IDENTITE_ET_PERIODE
0JW.F,0001674335,OperatingCashFlow,NetCashProvidedByUsedInOperatingActivities,-186867000,USD,2022-01-01,2022-03-26,2022-05-02,10-Q,0001674335-22-000070,2022,Q1,https://data.sec.gov/api/xbrl/companyfacts/CIK0001674335.json,2026-10-10T12:46:58.024652+00:00,A_VERIFIER_IDENTITE_ET_PERIODE
0JW.F,0001674335,OperatingCashFlow,NetCashProvidedByUsedInOperatingActivities,-186867000,USD,2022-01-01,2022-03-26,2023-05-09,10-Q,0001674335-23-000109,2023,Q1,https://data.sec.gov/api/xbrl/companyfacts/CIK0001674335.json,2026-10-10T12:46:58.024663+00:00,A_VERIFIER_IDENTITE_ET_PERIODE
0JW.F,0001674335,OperatingCashFlow,NetCashProvidedByUsedInOperatingActivities,-165711000,USD,2022-01-01,2022-06-25,2022-08-01,10-Q,0001674335-22-000110,2022,Q2,https://data.sec.gov/api/xbrl/companyfacts/CIK0001674335.json,2026-10-10T12:46:58.024674+00:00,A_VERIFIER_IDENTITE_ET_PERIODE
0JW.F,0001674335,OperatingCashFlow,NetCashProvidedByUsedInOperatingActivities,-165711000,USD,2022-01-01,2022-06-25,2023-08-08,10-Q,0001674335-23-000156,2023,Q2,https://data.sec.gov/api/xbrl/companyfacts/CIK0001674335.json,2026-10-10T12:46:58.024685+00:00,A_VERIFIER_IDENTITE_ET_PERIODE
0JW.F,0001674335,OperatingCashFlow,NetCashProvidedByUsedInOperatingActivities,-73426000,USD,2022-01-01,2022-09-24,2022-11-01,10-Q,0001674335-22-000137,2022,Q3,https://data.sec.gov/api/xbrl/companyfacts/CIK0001674335.json,2026-10-10T12:46:58.024696+00:00,A_VERIFIER_IDENTITE_ET_PERIODE
0JW.F,0001674335,OperatingCashFlow,NetCashProvidedByUsedInOperatingActivities,-73426000,USD,2022-01-01,2022-09-24,2023-11-07,10-Q,0001674335-23-000168,2023,Q3,https://data.sec.gov/api/xbrl/companyfacts/CIK0001674335.json,2026-10-10T12:46:58.024708+00:00,A_VERIFIER_IDENTITE_ET_PERIODE
0JW.F,0001674335,OperatingCashFlow,NetCashProvidedByUsedInOperatingActivities,30337000,USD,2022-01-01,2022-12-31,2023-02-21,10-K,0001674335-23-000039,2022,FY,https://data.sec.gov/api/xbrl/companyfacts/CIK0001674335.json,2026-10-10T12:46:58.024719+00:00,A_VERIFIER_IDENTITE_ET_PERIODE
0JW.F,0001674335,OperatingCashFlow,NetCashProvidedByUsedInOperatingActivities,30337000,USD,2022-01-01,2022-12-31,2024-02-20,10-K,0001674335-24-000059,2023,FY,https://data.sec.gov/api/xbrl/companyfacts/CIK0001674335.json,2026-10-10T12:46:58.024731+00:00,A_VERIFIER_IDENTITE_ET_PERIODE
0JW.F,0001674335,OperatingCashFlow,NetCashProvidedByUsedInOperatingActivities,30337000,USD,2022-01-01,2022-12-31,2025-02-20,10-K,0001674335-25-000055,2024,FY,https://data.sec.gov/api/xbrl/companyfacts/CIK0001674335.json,2026-10-10T12:46:58.024742+00:00,A_VERIFIER_IDENTITE_ET_PERIODE
0JW.F,0001674335,OperatingCashFlow,NetCashProvidedByUsedInOperatingActivities,-656000,USD,2023-01-01,2023-04-01,2023-05-09,10-Q,0001674335-23-000109,2023,Q1,https://data.sec.gov/api/xbrl/companyfacts/CIK0001674335.json,2026-10-10T12:46:58.024753+00:00,A_VERIFIER_IDENTITE_ET_PERIODE
0JW.F,0001674335,OperatingCashFlow,NetCashProvidedByUsedInOperatingActivities,-656000,USD,2023-01-01,2023-04-01,2024-05-07,10-Q,0001674335-24-000127,2024,Q1,https://data.sec.gov/api/xbrl/companyfacts/CIK0001674335.json,2026-10-10T12:46:58.024764+00:00,A_VERIFIER_IDENTITE_ET_PERIODE
0JW.F,0001674335,OperatingCashFlow,NetCashProvidedByUsedInOperatingActivities,153371000,USD,2023-01-01,2023-07-01,2023-08-08,10-Q,0001674335-23-000156,2023,Q2,https://data.sec.gov/api/xbrl/companyfacts/CIK0001674335.json,2026-10-10T12:46:58.024775+00:00,A_VERIFIER_IDENTITE_ET_PERIODE
0JW.F,0001674335,OperatingCashFlow,NetCashProvidedByUsedInOperatingActivities,153371000,USD,2023-01-01,2023-07-01,2024-08-06,10-Q,0001674335-24-000154,2024,Q2,https://data.sec.gov/api/xbrl/companyfacts/CIK0001674335.json,2026-10-10T12:46:58.024787+00:00,A_VERIFIER_IDENTITE_ET_PERIODE
0JW.F,0001674335,OperatingCashFlow,NetCashProvidedByUsedInOperatingActivities,272983000,USD,2023-01-01,2023-09-30,2023-11-07,10-Q,0001674335-23-000168,2023,Q3,https://data.sec.gov/api/xbrl/companyfacts/CIK0001674335.json,2026-10-10T12:46:58.024798+00:00,A_VERIFIER_IDENTITE_ET_PERIODE
0JW.F,0001674335,OperatingCashFlow,NetCashProvidedByUsedInOperatingActivities,272983000,USD,2023-01-01,2023-09-30,2024-11-06,10-Q,0001674335-24-000177,2024,Q3,https://data.sec.gov/api/xbrl/companyfacts/CIK0001674335.json,2026-10-10T12:46:58.024809+00:00,A_VERIFIER_IDENTITE_ET_PERIODE
0JW.F,0001674335,OperatingCashFlow,NetCashProvidedByUsedInOperatingActivities,345188000,USD,2023-01-01,2023-12-31,2024-02-20,10-K,0001674335-24-000059,2023,FY,https://data.sec.gov/api/xbrl/companyfacts/CIK0001674335.json,2026-10-10T12:46:58.024820+00:00,A_VERIFIER_IDENTITE_ET_PERIODE
0JW.F,0001674335,OperatingCashFlow,NetCashProvidedByUsedInOperatingActivities,345188000,USD,2023-01-01,2023-12-31,2025-02-20,10-K,0001674335-25-000055,2024,FY,https://data.sec.gov/api/xbrl/companyfacts/CIK0001674335.json,2026-10-10T12:46:58.024832+00:00,A_VERIFIER_IDENTITE_ET_PERIODE
0JW.F,0001674335,OperatingCashFlow,NetCashProvidedByUsedInOperatingActivities,345188000,USD,2023-01-01,2023-12-31,2026-02-23,10-K,0001674335-26-000043,2025,FY,https://data.sec.gov/api/xbrl/companyfacts/CIK0001674335.json,2026-10-10T12:46:58.024843+00:00,A_VERIFIER_IDENTITE_ET_PERIODE
0JW.F,0001674335,OperatingCashFlow,NetCashProvidedByUsedInOperatingActivities,-10998000,USD,2024-01-01,2024-03-30,2024-05-07,10-Q,0001674335-24-000127,2024,Q1,https://data.sec.gov/api/xbrl/companyfacts/CIK0001674335.json,2026-10-10T12:46:58.024854+00:00,A_VERIFIER_IDENTITE_ET_PERIODE
0JW.F,0001674335,OperatingCashFlow,NetCashProvidedByUsedInOperatingActivities,-10998000,USD,2024-01-01,2024-03-30,2025-05-08,10-Q,0001674335-25-000100,2025,Q1,https://data.sec.gov/api/xbrl/companyfacts/CIK0001674335.json,2026-10-10T12:46:58.024865+00:00,A_VERIFIER_IDENTITE_ET_PERIODE
0JW.F,0001674335,OperatingCashFlow,NetCashProvidedByUsedInOperatingActivities,40378000,USD,2024-01-01,2024-06-29,2024-08-06,10-Q,0001674335-24-000154,2024,Q2,https://data.sec.gov/api/xbrl/companyfacts/CIK0001674335.json,2026-10-10T12:46:58.024877+00:00,A_VERIFIER_IDENTITE_ET_PERIODE
0JW.F,0001674335,OperatingCashFlow,NetCashProvidedByUsedInOperatingActivities,40378000,USD,2024-01-01,2024-06-29,2025-08-06,10-Q,0001674335-25-000146,2025,Q2,https://data.sec.gov/api/xbrl/companyfacts/CIK0001674335.json,2026-10-10T12:46:58.024888+00:00,A_VERIFIER_IDENTITE_ET_PERIODE
0JW.F,0001674335,OperatingCashFlow,NetCashProvidedByUsedInOperatingActivities,78025000,USD,2024-01-01,2024-09-28,2024-11-06,10-Q,0001674335-24-000177,2024,Q3,https://data.sec.gov/api/xbrl/companyfacts/CIK0001674335.json,2026-10-10T12:46:58.024899+00:00,A_VERIFIER_IDENTITE_ET_PERIODE
0JW.F,0001674335,OperatingCashFlow,NetCashProvidedByUsedInOperatingActivities,78025000,USD,2024-01-01,2024-09-28,2025-11-06,10-Q,0001674335-25-000174,2025,Q3,https://data.sec.gov/api/xbrl/companyfacts/CIK0001674335.json,2026-10-10T12:46:58.024910+00:00,A_VERIFIER_IDENTITE_ET_PERIODE
0JW.F,0001674335,OperatingCashFlow,NetCashProvidedByUsedInOperatingActivities,106214000,USD,2024-01-01,2024-12-31,2025-02-20,10-K,0001674335-25-000055,2024,FY,https://data.sec.gov/api/xbrl/companyfacts/CIK0001674335.json,2026-10-10T12:46:58.024921+00:00,A_VERIFIER_IDENTITE_ET_PERIODE
0JW.F,0001674335,OperatingCashFlow,NetCashProvidedByUsedInOperatingActivities,106214000,USD,2024-01-01,2024-12-31,2026-02-23,10-K,0001674335-26-000043,2025,FY,https://data.sec.gov/api/xbrl/companyfacts/CIK0001674335.json,2026-10-10T12:46:58.024932+00:00,A_VERIFIER_IDENTITE_ET_PERIODE
0JW.F,0001674335,OperatingCashFlow,NetCashProvidedByUsedInOperatingActivities,-83494000,USD,2025-01-01,2025-03-29,2025-05-08,10-Q,0001674335-25-000100,2025,Q1,https://data.sec.gov/api/xbrl/companyfacts/CIK0001674335.json,2026-10-10T12:46:58.024944+00:00,A_VERIFIER_IDENTITE_ET_PERIODE
0JW.F,0001674335,OperatingCashFlow,NetCashProvidedByUsedInOperatingActivities,-83494000,USD,2025-01-01,2025-03-29,2026-05-05,10-Q,0001674335-26-000069,2026,Q1,https://data.sec.gov/api/xbrl/companyfacts/CIK0001674335.json,2026-10-10T12:46:58.024955+00:00,A_VERIFIER_IDENTITE_ET_PERIODE
0JW.F,0001674335,OperatingCashFlow,NetCashProvidedByUsedInOperatingActivities,-48931000,USD,2025-01-01,2025-06-28,2025-08-06,10-Q,0001674335-25-000146,2025,Q2,https://data.sec.gov/api/xbrl/companyfacts/CIK0001674335.json,2026-10-10T12:46:58.024966+00:00,A_VERIFIER_IDENTITE_ET_PERIODE
0JW.F,0001674335,OperatingCashFlow,NetCashProvidedByUsedInOperatingActivities,-48931000,USD,2025-01-01,2025-06-28,2026-08-04,10-Q,0001674335-26-000123,2026,Q2,https://data.sec.gov/api/xbrl/companyfacts/CIK0001674335.json,2026-10-10T12:46:58.024977+00:00,A_VERIFIER_IDENTITE_ET_PERIODE
0JW.F,0001674335,OperatingCashFlow,NetCashProvidedByUsedInOperatingActivities,-37700000,USD,2025-01-01,2025-09-27,2025-11-06,10-Q,0001674335-25-000174,2025,Q3,https://data.sec.gov/api/xbrl/companyfacts/CIK0001674335.json,2026-10-10T12:46:58.024988+00:00,A_VERIFIER_IDENTITE_ET_PERIODE
0JW.F,0001674335,OperatingCashFlow,NetCashProvidedByUsedInOperatingActivities,-4861000,USD,2025-01-01,2025-12-31,2026-02-23,10-K,0001674335-26-000043,2025,FY,https://data.sec.gov/api/xbrl/companyfacts/CIK0001674335.json,2026-10-10T12:46:58.024999+00:00,A_VERIFIER_IDENTITE_ET_PERIODE
0JW.F,0001674335,OperatingCashFlow,NetCashProvidedByUsedInOperatingActivities,-91215000,USD,2026-01-01,2026-03-28,2026-05-05,10-Q,0001674335-26-000069,2026,Q1,https://data.sec.gov/api/xbrl/companyfacts/CIK0001674335.json,2026-10-10T12:46:58.025010+00:00,A_VERIFIER_IDENTITE_ET_PERIODE
0JW.F,0001674335,OperatingCashFlow,NetCashProvidedByUsedInOperatingActivities,-100210000,USD,2026-01-01,2026-06-27,2026-08-04,10-Q,0001674335-26-000123,2026,Q2,https://data.sec.gov/api/xbrl/companyfacts/CIK0001674335.json,2026-10-10T12:46:58.025021+00:00,A_VERIFIER_IDENTITE_ET_PERIODE
0JW.F,0001674335,Shares,CommonStockSharesOutstanding,17894393,shares,,2016-12-31,2017-05-12,10-Q,0001674335-17-000018,2017,Q1,https://data.sec.gov/api/xbrl/companyfacts/CIK0001674335.json,2026-10-10T12:46:58.025034+00:00,A_VERIFIER_IDENTITE_ET_PERIODE
0JW.F,0001674335,Shares,CommonStockSharesOutstanding,17894393,shares,,2016-12-31,2017-08-08,10-Q,0001674335-17-000028,2017,Q2,https://data.sec.gov/api/xbrl/companyfacts/CIK0001674335.json,2026-10-10T12:46:58.025046+00:00,A_VERIFIER_IDENTITE_ET_PERIODE
0JW.F,0001674335,Shares,CommonStockSharesOutstanding,17894393,shares,,2016-12-31,2017-11-08,10-Q,0001674335-17-000054,2017,Q3,https://data.sec.gov/api/xbrl/companyfacts/CIK0001674335.json,2026-10-10T12:46:58.025057+00:00,A_VERIFIER_IDENTITE_ET_PERIODE
0JW.F,0001674335,Shares,CommonStockSharesOutstanding,17894393,shares,,2016-12-31,2018-03-06,10-K,0001674335-18-000038,2017,Q4,https://data.sec.gov/api/xbrl/companyfacts/CIK0001674335.json,2026-10-10T12:46:58.025069+00:00,A_VERIFIER_IDENTITE_ET_PERIODE
0JW.F,0001674335,Shares,CommonStockSharesOutstanding,104744087,shares,,2017-04-01,2017-05-12,10-Q,0001674335-17-000018,2017,Q1,https://data.sec.gov/api/xbrl/companyfacts/CIK0001674335.json,2026-10-10T12:46:58.025080+00:00,A_VERIFIER_IDENTITE_ET_PERIODE
0JW.F,0001674335,Shares,CommonStockSharesOutstanding,104923708,shares,,2017-07-01,2017-08-08,10-Q,0001674335-17-000028,2017,Q2,https://data.sec.gov/api/xbrl/companyfacts/CIK0001674335.json,2026-10-10T12:46:58.025091+00:00,A_VERIFIER_IDENTITE_ET_PERIODE
0JW.F,0001674335,Shares,CommonStockSharesOutstanding,105194748,shares,,2017-09-30,2017-11-08,10-Q,0001674335-17-000054,2017,Q3,https://data.sec.gov/api/xbrl/companyfacts/CIK0001674335.json,2026-10-10T12:46:58.025103+00:00,A_VERIFIER_IDENTITE_ET_PERIODE
0JW.F,0001674335,Shares,CommonStockSharesOutstanding,105990483,shares,,2017-12-31,2018-03-06,10-K,0001674335-18-000038,2017,Q4,https://data.sec.gov/api/xbrl/companyfacts/CIK0001674335.json,2026-10-10T12:46:58.025114+00:00,A_VERIFIER_IDENTITE_ET_PERIODE
0JW.F,0001674335,Shares,CommonStockSharesOutstanding,105990483,shares,,2017-12-31,2018-05-09,10-Q,0001674335-18-000068,2018,Q1,https://data.sec.gov/api/xbrl/companyfacts/CIK0001674335.json,2026-10-10T12:46:58.025125+00:00,A_VERIFIER_IDENTITE_ET_PERIODE
0JW.F,0001674335,Shares,CommonStockSharesOutstanding,105990483,shares,,2017-12-31,2018-08-07,10-Q,0001674335-18-000090,2018,Q2,https://data.sec.gov/api/xbrl/companyfacts/CIK0001674335.json,2026-10-10T12:46:58.025136+00:00,A_VERIFIER_IDENTITE_ET_PERIODE
0JW.F,0001674335,Shares,CommonStockSharesOutstanding,105990483,shares,,2017-12-31,2018-11-07,10-Q,0001674335-18-000108,2018,Q3,https://data.sec.gov/api/xbrl/companyfacts/CIK0001674335.json,2026-10-10T12:46:58.025147+00:00,A_VERIFIER_IDENTITE_ET_PERIODE
0JW.F,0001674335,Shares,CommonStockSharesOutstanding,105990483,shares,,2017-12-31,2019-03-01,10-K,0001674335-19-000023,2018,FY,https://data.sec.gov/api/xbrl/companyfacts/CIK0001674335.json,2026-10-10T12:46:58.025163+00:00,A_VERIFIER_IDENTITE_ET_PERIODE
0JW.F,0001674335,Shares,CommonStockSharesOutstanding,106220558,shares,,2018-03-31,2018-05-09,10-Q,0001674335-18-000068,2018,Q1,https://data.sec.gov/api/xbrl/companyfacts/CIK0001674335.json,2026-10-10T12:46:58.025180+00:00,A_VERIFIER_IDENTITE_ET_PERIODE
0JW.F,0001674335,Shares,CommonStockSharesOutstanding,104723933,shares,,2018-06-30,2018-08-07,10-Q,0001674335-18-000090,2018,Q2,https://data.sec.gov/api/xbrl/companyfacts/CIK0001674335.json,2026-10-10T12:46:58.025191+00:00,A_VERIFIER_IDENTITE_ET_PERIODE
0JW.F,0001674335,Shares,CommonStockSharesOutstanding,103420959,shares,,2018-09-29,2018-11-07,10-Q,0001674335-18-000108,2018,Q3,https://data.sec.gov/api/xbrl/companyfacts/CIK0001674335.json,2026-10-10T12:46:58.025202+00:00,A_VERIFIER_IDENTITE_ET_PERIODE
0JW.F,0001674335,Shares,CommonStockSharesOutstanding,101310862,shares,,2018-12-31,2019-03-01,10-K,0001674335-19-000023,2018,FY,https://data.sec.gov/api/xbrl/companyfacts/CIK0001674335.json,2026-10-10T12:46:58.025213+00:00,A_VERIFIER_IDENTITE_ET_PERIODE
0JW.F,0001674335,Shares,CommonStockSharesOutstanding,101310862,shares,,2018-12-31,2019-05-08,10-Q,0001674335-19-000039,2019,Q1,https://data.sec.gov/api/xbrl/companyfacts/CIK0001674335.json,2026-10-10T12:46:58.025224+00:00,A_VERIFIER_IDENTITE_ET_PERIODE
0JW.F,0001674335,Shares,CommonStockSharesOutstanding,101310862,shares,,2018-12-31,2019-08-07,10-Q,0001674335-19-000072,2019,Q2,https://data.sec.gov/api/xbrl/companyfacts/CIK0001674335.json,2026-10-10T12:46:58.025235+00:00,A_VERIFIER_IDENTITE_ET_PERIODE
0JW.F,0001674335,Shares,CommonStockSharesOutstanding,101310862,shares,,2018-12-31,2019-11-06,10-Q,0001674335-19-000090,2019,Q3,https://data.sec.gov/api/xbrl/companyfacts/CIK0001674335.json,2026-10-10T12:46:58.025247+00:00,A_VERIFIER_IDENTITE_ET_PERIODE
0JW.F,0001674335,Shares,CommonStockSharesOutstanding,101310862,shares,,2018-12-31,2020-02-24,10-K,0001674335-20-000033,2019,FY,https://data.sec.gov/api/xbrl/companyfacts/CIK0001674335.json,2026-10-10T12:46:58.025258+00:00,A_VERIFIER_IDENTITE_ET_PERIODE
0JW.F,0001674335,Shares,CommonStockSharesOutstanding,100664822,shares,,2019-03-30,2019-05-08,10-Q,0001674335-19-000039,2019,Q1,https://data.sec.gov/api/xbrl/companyfacts/CIK0001674335.json,2026-10-10T12:46:58.025269+00:00,A_VERIFIER_IDENTITE_ET_PERIODE
0JW.F,0001674335,Shares,CommonStockSharesOutstanding,100543160,shares,,2019-06-29,2019-08-07,10-Q,0001674335-19-000072,2019,Q2,https://data.sec.gov/api/xbrl/companyfacts/CIK0001674335.json,2026-10-10T12:46:58.025281+00:00,A_VERIFIER_IDENTITE_ET_PERIODE
0JW.F,0001674335,Shares,CommonStockSharesOutstanding,100588973,shares,,2019-09-28,2019-11-06,10-Q,0001674335-19-000090,2019,Q3,https://data.sec.gov/api/xbrl/companyfacts/CIK0001674335.json,2026-10-10T12:46:58.025292+00:00,A_VERIFIER_IDENTITE_ET_PERIODE
0JW.F,0001674335,Shares,CommonStockSharesOutstanding,100668003,shares,,2019-12-31,2020-02-24,10-K,0001674335-20-000033,2019,FY,https://data.sec.gov/api/xbrl/companyfacts/CIK0001674335.json,2026-10-10T12:46:58.025303+00:00,A_VERIFIER_IDENTITE_ET_PERIODE
0JW.F,0001674335,Shares,CommonStockSharesOutstanding,100668003,shares,,2019-12-31,2020-05-06,10-Q,0001674335-20-000043,2020,Q1,https://data.sec.gov/api/xbrl/companyfacts/CIK0001674335.json,2026-10-10T12:46:58.025315+00:00,A_VERIFIER_IDENTITE_ET_PERIODE
0JW.F,0001674335,Shares,CommonStockSharesOutstanding,100668003,shares,,2019-12-31,2020-08-05,10-Q,0001674335-20-000082,2020,Q1,https://data.sec.gov/api/xbrl/companyfacts/CIK0001674335.json,2026-10-10T12:46:58.025326+00:00,A_VERIFIER_IDENTITE_ET_PERIODE
0JW.F,0001674335,Shares,CommonStockSharesOutstanding,100668003,shares,,2019-12-31,2020-11-03,10-Q,0001674335-20-000098,2020,Q3,https://data.sec.gov/api/xbrl/companyfacts/CIK0001674335.json,2026-10-10T12:46:58.025338+00:00,A_VERIFIER_IDENTITE_ET_PERIODE
0JW.F,0001674335,Shares,CommonStockSharesOutstanding,100668003,shares,,2019-12-31,2021-02-23,10-K,0001674335-21-000012,2020,FY,https://data.sec.gov/api/xbrl/companyfacts/CIK0001674335.json,2026-10-10T12:46:58.025349+00:00,A_VERIFIER_IDENTITE_ET_PERIODE
0JW.F,0001674335,Shares,CommonStockSharesOutstanding,100487485,shares,,2020-03-28,2020-05-06,10-Q,0001674335-20-000043,2020,Q1,https://data.sec.gov/api/xbrl/companyfacts/CIK0001674335.json,2026-10-10T12:46:58.025360+00:00,A_VERIFIER_IDENTITE_ET_PERIODE
0JW.F,0001674335,Shares,CommonStockSharesOutstanding,10553258,shares,,2020-06-27,2020-08-05,10-Q,0001674335-20-000082,2020,Q1,https://data.sec.gov/api/xbrl/companyfacts/CIK0001674335.json,2026-10-10T12:46:58.025372+00:00,A_VERIFIER_IDENTITE_ET_PERIODE
0JW.F,0001674335,Shares,CommonStockSharesOutstanding,100662383,shares,,2020-09-26,2020-11-03,10-Q,0001674335-20-000098,2020,Q3,https://data.sec.gov/api/xbrl/companyfacts/CIK0001674335.json,2026-10-10T12:46:58.025383+00:00,A_VERIFIER_IDENTITE_ET_PERIODE
0JW.F,0001674335,Shares,CommonStockSharesOutstanding,100806068,shares,,2020-12-31,2021-02-23,10-K,0001674335-21-000012,2020,FY,https://data.sec.gov/api/xbrl/companyfacts/CIK0001674335.json,2026-10-10T12:46:58.025394+00:00,A_VERIFIER_IDENTITE_ET_PERIODE
0JW.F,0001674335,Shares,CommonStockSharesOutstanding,100806068,shares,,2020-12-31,2021-04-30,10-Q,0001674335-21-000039,2021,Q1,https://data.sec.gov/api/xbrl/companyfacts/CIK0001674335.json,2026-10-10T12:46:58.025406+00:00,A_VERIFIER_IDENTITE_ET_PERIODE
0JW.F,0001674335,Shares,CommonStockSharesOutstanding,100806068,shares,,2020-12-31,2021-08-02,10-Q,0001674335-21-000090,2021,Q2,https://data.sec.gov/api/xbrl/companyfacts/CIK0001674335.json,2026-10-10T12:46:58.025417+00:00,A_VERIFIER_IDENTITE_ET_PERIODE
0JW.F,0001674335,Shares,CommonStockSharesOutstanding,100806068,shares,,2020-12-31,2021-11-01,10-Q,0001674335-21-000105,2021,Q3,https://data.sec.gov/api/xbrl/companyfacts/CIK0001674335.json,2026-10-10T12:46:58.025428+00:00,A_VERIFIER_IDENTITE_ET_PERIODE
0JW.F,0001674335,Shares,CommonStockSharesOutstanding,100806068,shares,,2020-12-31,2022-02-22,10-K,0001674335-22-000028,2021,FY,https://data.sec.gov/api/xbrl/companyfacts/CIK0001674335.json,2026-10-10T12:46:58.025439+00:00,A_VERIFIER_IDENTITE_ET_PERIODE
0JW.F,0001674335,Shares,CommonStockSharesOutstanding,100146904,shares,,2021-03-27,2021-04-30,10-Q,0001674335-21-000039,2021,Q1,https://data.sec.gov/api/xbrl/companyfacts/CIK0001674335.json,2026-10-10T12:46:58.025450+00:00,A_VERIFIER_IDENTITE_ET_PERIODE
0JW.F,0001674335,Shares,CommonStockSharesOutstanding,99131782,shares,,2021-06-26,2021-08-02,10-Q,0001674335-21-000090,2021,Q2,https://data.sec.gov/api/xbrl/companyfacts/CIK0001674335.json,2026-10-10T12:46:58.025461+00:00,A_VERIFIER_IDENTITE_ET_PERIODE
0JW.F,0001674335,Shares,CommonStockSharesOutstanding,91621565,shares,,2021-09-25,2021-11-01,10-Q,0001674335-21-000105,2021,Q3,https://data.sec.gov/api/xbrl/companyfacts/CIK0001674335.json,2026-10-10T12:46:58.025473+00:00,A_VERIFIER_IDENTITE_ET_PERIODE
0JW.F,0001674335,Shares,CommonStockSharesOutstanding,90193550,shares,,2021-12-31,2022-02-22,10-K,0001674335-22-000028,2021,FY,https://data.sec.gov/api/xbrl/companyfacts/CIK0001674335.json,2026-10-10T12:46:58.025484+00:00,A_VERIFIER_IDENTITE_ET_PERIODE
0JW.F,0001674335,Shares,CommonStockSharesOutstanding,90193550,shares,,2021-12-31,2022-05-02,10-Q,0001674335-22-000070,2022,Q1,https://data.sec.gov/api/xbrl/companyfacts/CIK0001674335.json,2026-10-10T12:46:58.025495+00:00,A_VERIFIER_IDENTITE_ET_PERIODE
0JW.F,0001674335,Shares,CommonStockSharesOutstanding,90193550,shares,,2021-12-31,2022-08-01,10-Q,0001674335-22-000110,2022,Q2,https://data.sec.gov/api/xbrl/companyfacts/CIK0001674335.json,2026-10-10T12:46:58.025507+00:00,A_VERIFIER_IDENTITE_ET_PERIODE
0JW.F,0001674335,Shares,CommonStockSharesOutstanding,90193550,shares,,2021-12-31,2022-11-01,10-Q,0001674335-22-000137,2022,Q3,https://data.sec.gov/api/xbrl/companyfacts/CIK0001674335.json,2026-10-10T12:46:58.025518+00:00,A_VERIFIER_IDENTITE_ET_PERIODE
0JW.F,0001674335,Shares,CommonStockSharesOutstanding,90193550,shares,,2021-12-31,2023-02-21,10-K,0001674335-23-000039,2022,FY,https://data.sec.gov/api/xbrl/companyfacts/CIK0001674335.json,2026-10-10T12:46:58.025529+00:00,A_VERIFIER_IDENTITE_ET_PERIODE
0JW.F,0001674335,Shares,CommonStockSharesOutstanding,89136454,shares,,2022-03-26,2022-05-02,10-Q,0001674335-22-000070,2022,Q1,https://data.sec.gov/api/xbrl/companyfacts/CIK0001674335.json,2026-10-10T12:46:58.025540+00:00,A_VERIFIER_IDENTITE_ET_PERIODE
0JW.F,0001674335,Shares,CommonStockSharesOutstanding,85857994,shares,,2022-06-25,2022-08-01,10-Q,0001674335-22-000110,2022,Q2,https://data.sec.gov/api/xbrl/companyfacts/CIK0001674335.json,2026-10-10T12:46:58.025551+00:00,A_VERIFIER_IDENTITE_ET_PERIODE
0JW.F,0001674335,Shares,CommonStockSharesOutstanding,84331536,shares,,2022-09-24,2022-11-01,10-Q,0001674335-22-000137,2022,Q3,https://data.sec.gov/api/xbrl/companyfacts/CIK0001674335.json,2026-10-10T12:46:58.025563+00:00,A_VERIFIER_IDENTITE_ET_PERIODE
0JW.F,0001674335,Shares,CommonStockSharesOutstanding,84347712,shares,,2022-12-31,2023-02-21,10-K,0001674335-23-000039,2022,FY,https://data.sec.gov/api/xbrl/companyfacts/CIK0001674335.json,2026-10-10T12:46:58.025574+00:00,A_VERIFIER_IDENTITE_ET_PERIODE
0JW.F,0001674335,Shares,CommonStockSharesOutstanding,84347712,shares,,2022-12-31,2023-05-09,10-Q,0001674335-23-000109,2023,Q1,https://data.sec.gov/api/xbrl/companyfacts/CIK0001674335.json,2026-10-10T12:46:58.025585+00:00,A_VERIFIER_IDENTITE_ET_PERIODE
0JW.F,0001674335,Shares,CommonStockSharesOutstanding,84347712,shares,,2022-12-31,2023-08-08,10-Q,0001674335-23-000156,2023,Q2,https://data.sec.gov/api/xbrl/companyfacts/CIK0001674335.json,2026-10-10T12:46:58.025597+00:00,A_VERIFIER_IDENTITE_ET_PERIODE
0JW.F,0001674335,Shares,CommonStockSharesOutstanding,84347712,shares,,2022-12-31,2023-11-07,10-Q,0001674335-23-000168,2023,Q3,https://data.sec.gov/api/xbrl/companyfacts/CIK0001674335.json,2026-10-10T12:46:58.025608+00:00,A_VERIFIER_IDENTITE_ET_PERIODE
0JW.F,0001674335,Shares,CommonStockSharesOutstanding,84347712,shares,,2022-12-31,2024-02-20,10-K,0001674335-24-000059,2023,FY,https://data.sec.gov/api/xbrl/companyfacts/CIK0001674335.json,2026-10-10T12:46:58.025619+00:00,A_VERIFIER_IDENTITE_ET_PERIODE
0JW.F,0001674335,Shares,CommonStockSharesOutstanding,84916876,shares,,2023-04-01,2023-05-09,10-Q,0001674335-23-000109,2023,Q1,https://data.sec.gov/api/xbrl/companyfacts/CIK0001674335.json,2026-10-10T12:46:58.025630+00:00,A_VERIFIER_IDENTITE_ET_PERIODE
0JW.F,0001674335,Shares,CommonStockSharesOutstanding,85048937,shares,,2023-07-01,2023-08-08,10-Q,0001674335-23-000156,2023,Q2,https://data.sec.gov/api/xbrl/companyfacts/CIK0001674335.json,2026-10-10T12:46:58.025642+00:00,A_VERIFIER_IDENTITE_ET_PERIODE
0JW.F,0001674335,Shares,CommonStockSharesOutstanding,85214451,shares,,2023-09-30,2023-11-07,10-Q,0001674335-23-000168,2023,Q3,https://data.sec.gov/api/xbrl/companyfacts/CIK0001674335.json,2026-10-10T12:46:58.025653+00:00,A_VERIFIER_IDENTITE_ET_PERIODE
0JW.F,0001674335,Shares,CommonStockSharesOutstanding,85309220,shares,,2023-12-31,2024-02-20,10-K,0001674335-24-000059,2023,FY,https://data.sec.gov/api/xbrl/companyfacts/CIK0001674335.json,2026-10-10T12:46:58.025664+00:00,A_VERIFIER_IDENTITE_ET_PERIODE
0JW.F,0001674335,Shares,CommonStockSharesOutstanding,85309220,shares,,2023-12-31,2024-05-07,10-Q,0001674335-24-000127,2024,Q1,https://data.sec.gov/api/xbrl/companyfacts/CIK0001674335.json,2026-10-10T12:46:58.025675+00:00,A_VERIFIER_IDENTITE_ET_PERIODE
0JW.F,0001674335,Shares,CommonStockSharesOutstanding,85309220,shares,,2023-12-31,2024-08-06,10-Q,0001674335-24-000154,2024,Q2,https://data.sec.gov/api/xbrl/companyfacts/CIK0001674335.json,2026-10-10T12:46:58.025687+00:00,A_VERIFIER_IDENTITE_ET_PERIODE
0JW.F,0001674335,Shares,CommonStockSharesOutstanding,85309220,shares,,2023-12-31,2024-11-06,10-Q,0001674335-24-000177,2024,Q3,https://data.sec.gov/api/xbrl/companyfacts/CIK0001674335.json,2026-10-10T12:46:58.025698+00:00,A_VERIFIER_IDENTITE_ET_PERIODE
0JW.F,0001674335,Shares,CommonStockSharesOutstanding,85901543,shares,,2024-03-30,2024-05-07,10-Q,0001674335-24-000127,2024,Q1,https://data.sec.gov/api/xbrl/companyfacts/CIK0001674335.json,2026-10-10T12:46:58.025709+00:00,A_VERIFIER_IDENTITE_ET_PERIODE
0JW.F,0001674335,Shares,CommonStockSharesOutstanding,84653408,shares,,2024-12-31,2025-05-08,10-Q,0001674335-25-000100,2025,Q1,https://data.sec.gov/api/xbrl/companyfacts/CIK0001674335.json,2026-10-10T12:46:58.025720+00:00,A_VERIFIER_IDENTITE_ET_PERIODE
0JW.F,0001674335,Shares,CommonStockSharesOutstanding,84653408,shares,,2024-12-31,2025-08-06,10-Q,0001674335-25-000146,2025,Q2,https://data.sec.gov/api/xbrl/companyfacts/CIK0001674335.json,2026-10-10T12:46:58.025731+00:00,A_VERIFIER_IDENTITE_ET_PERIODE
0JW.F,0001674335,Shares,CommonStockSharesOutstanding,84653408,shares,,2024-12-31,2025-11-06,10-Q,0001674335-25-000174,2025,Q3,https://data.sec.gov/api/xbrl/companyfacts/CIK0001674335.json,2026-10-10T12:46:58.025743+00:00,A_VERIFIER_IDENTITE_ET_PERIODE
0JW.F,0001674335,Shares,CommonStockSharesOutstanding,84653408,shares,,2024-12-31,2026-02-23,10-K,0001674335-26-000043,2025,FY,https://data.sec.gov/api/xbrl/companyfacts/CIK0001674335.json,2026-10-10T12:46:58.025754+00:00,A_VERIFIER_IDENTITE_ET_PERIODE
0JW.F,0001674335,Shares,CommonStockSharesOutstanding,85217425,shares,,2025-03-29,2025-05-08,10-Q,0001674335-25-000100,2025,Q1,https://data.sec.gov/api/xbrl/companyfacts/CIK0001674335.json,2026-10-10T12:46:58.025766+00:00,A_VERIFIER_IDENTITE_ET_PERIODE
0JW.F,0001674335,Shares,CommonStockSharesOutstanding,85338335,shares,,2025-06-28,2025-08-06,10-Q,0001674335-25-000146,2025,Q2,https://data.sec.gov/api/xbrl/companyfacts/CIK0001674335.json,2026-10-10T12:46:58.025777+00:00,A_VERIFIER_IDENTITE_ET_PERIODE
0JW.F,0001674335,Shares,CommonStockSharesOutstanding,85413805,shares,,2025-09-27,2025-11-06,10-Q,0001674335-25-000174,2025,Q3,https://data.sec.gov/api/xbrl/companyfacts/CIK0001674335.json,2026-10-10T12:46:58.025788+00:00,A_VERIFIER_IDENTITE_ET_PERIODE
0JW.F,0001674335,Shares,CommonStockSharesOutstanding,85489683,shares,,2025-12-31,2026-02-23,10-K,0001674335-26-000043,2025,FY,https://data.sec.gov/api/xbrl/companyfacts/CIK0001674335.json,2026-10-10T12:46:58.025799+00:00,A_VERIFIER_IDENTITE_ET_PERIODE
0JW.F,0001674335,Shares,CommonStockSharesOutstanding,85489683,shares,,2025-12-31,2026-05-05,10-Q,0001674335-26-000069,2026,Q1,https://data.sec.gov/api/xbrl/companyfacts/CIK0001674335.json,2026-10-10T12:46:58.025810+00:00,A_VERIFIER_IDENTITE_ET_PERIODE
0JW.F,0001674335,Shares,CommonStockSharesOutstanding,85489683,shares,,2025-12-31,2026-08-04,10-Q,0001674335-26-000123,2026,Q2,https://data.sec.gov/api/xbrl/companyfacts/CIK0001674335.json,2026-10-10T12:46:58.025821+00:00,A_VERIFIER_IDENTITE_ET_PERIODE
0JW.F,0001674335,Shares,CommonStockSharesOutstanding,86120743,shares,,2026-03-28,2026-05-05,10-Q,0001674335-26-000069,2026,Q1,https://data.sec.gov/api/xbrl/companyfacts/CIK0001674335.json,2026-10-10T12:46:58.025832+00:00,A_VERIFIER_IDENTITE_ET_PERIODE
0JW.F,0001674335,Shares,CommonStockSharesOutstanding,86610380,shares,,2026-06-27,2026-08-04,10-Q,0001674335-26-000123,2026,Q2,https://data.sec.gov/api/xbrl/companyfacts/CIK0001674335.json,2026-10-10T12:46:58.025843+00:00,A_VERIFIER_IDENTITE_ET_PERIODE
0LQ.F,0001731388,Cash,CashAndCashEquivalentsAtCarryingValue,591108,USD,,2016-12-31,2019-04-30,20-F,0000919574-19-003068,2018,FY,https://data.sec.gov/api/xbrl/companyfacts/CIK0001731388.json,2026-10-10T12:46:58.540053+00:00,A_VERIFIER_IDENTITE_ET_PERIODE
0LQ.F,0001731388,Cash,CashAndCashEquivalentsAtCarryingValue,1257058,USD,,2017-12-31,2019-04-30,20-F,0000919574-19-003068,2018,FY,https://data.sec.gov/api/xbrl/companyfacts/CIK0001731388.json,2026-10-10T12:46:58.540076+00:00,A_VERIFIER_IDENTITE_ET_PERIODE
0LQ.F,0001731388,Cash,CashAndCashEquivalentsAtCarryingValue,1257058,USD,,2017-12-31,2020-04-17,20-F,0000919574-20-002943,2019,FY,https://data.sec.gov/api/xbrl/companyfacts/CIK0001731388.json,2026-10-10T12:46:58.540091+00:00,A_VERIFIER_IDENTITE_ET_PERIODE
0LQ.F,0001731388,Cash,CashAndCashEquivalentsAtCarryingValue,4375972,USD,,2018-12-31,2019-04-30,20-F,0000919574-19-003068,2018,FY,https://data.sec.gov/api/xbrl/companyfacts/CIK0001731388.json,2026-10-10T12:46:58.540103+00:00,A_VERIFIER_IDENTITE_ET_PERIODE
0LQ.F,0001731388,Cash,CashAndCashEquivalentsAtCarryingValue,4375972,USD,,2018-12-31,2020-04-17,20-F,0000919574-20-002943,2019,FY,https://data.sec.gov/api/xbrl/companyfacts/CIK0001731388.json,2026-10-10T12:46:58.540116+00:00,A_VERIFIER_IDENTITE_ET_PERIODE
0LQ.F,0001731388,Cash,CashAndCashEquivalentsAtCarryingValue,4375972,USD,,2018-12-31,2021-04-22,20-F,0000919574-21-003064,2020,FY,https://data.sec.gov/api/xbrl/companyfacts/CIK0001731388.json,2026-10-10T12:46:58.540127+00:00,A_VERIFIER_IDENTITE_ET_PERIODE
0LQ.F,0001731388,Cash,CashAndCashEquivalentsAtCarryingValue,5396406,USD,,2019-12-31,2020-04-17,20-F,0000919574-20-002943,2019,FY,https://data.sec.gov/api/xbrl/companyfacts/CIK0001731388.json,2026-10-10T12:46:58.540139+00:00,A_VERIFIER_IDENTITE_ET_PERIODE
0LQ.F,0001731388,Cash,CashAndCashEquivalentsAtCarryingValue,5396406,USD,,2019-12-31,2021-04-22,20-F,0000919574-21-003064,2020,FY,https://data.sec.gov/api/xbrl/companyfacts/CIK0001731388.json,2026-10-10T12:46:58.540151+00:00,A_VERIFIER_IDENTITE_ET_PERIODE
0LQ.F,0001731388,Cash,CashAndCashEquivalentsAtCarryingValue,5396406,USD,,2019-12-31,2022-04-15,20-F,0001171843-22-002600,2021,FY,https://data.sec.gov/api/xbrl/companyfacts/CIK0001731388.json,2026-10-10T12:46:58.540183+00:00,A_VERIFIER_IDENTITE_ET_PERIODE
0LQ.F,0001731388,Cash,CashAndCashEquivalentsAtCarryingValue,938282,USD,,2020-12-31,2021-04-22,20-F,0000919574-21-003064,2020,FY,https://data.sec.gov/api/xbrl/companyfacts/CIK0001731388.json,2026-10-10T12:46:58.540197+00:00,A_VERIFIER_IDENTITE_ET_PERIODE
0LQ.F,0001731388,Cash,CashAndCashEquivalentsAtCarryingValue,938282,USD,,2020-12-31,2022-04-15,20-F,0001171843-22-002600,2021,FY,https://data.sec.gov/api/xbrl/companyfacts/CIK0001731388.json,2026-10-10T12:46:58.540209+00:00,A_VERIFIER_IDENTITE_ET_PERIODE
0LQ.F,0001731388,Cash,CashAndCashEquivalentsAtCarryingValue,938282,USD,,2020-12-31,2023-04-24,20-F,0001171843-23-002475,2022,FY,https://data.sec.gov/api/xbrl/companyfacts/CIK0001731388.json,2026-10-10T12:46:58.540221+00:00,A_VERIFIER_IDENTITE_ET_PERIODE
0LQ.F,0001731388,Cash,CashAndCashEquivalentsAtCarryingValue,26847426,USD,,2021-12-31,2022-04-15,20-F,0001171843-22-002600,2021,FY,https://data.sec.gov/api/xbrl/companyfacts/CIK0001731388.json,2026-10-10T12:46:58.540233+00:00,A_VERIFIER_IDENTITE_ET_PERIODE
0LQ.F,0001731388,Cash,CashAndCashEquivalentsAtCarryingValue,26847426,USD,,2021-12-31,2023-04-24,20-F,0001171843-23-002475,2022,FY,https://data.sec.gov/api/xbrl/companyfacts/CIK0001731388.json,2026-10-10T12:46:58.540245+00:00,A_VERIFIER_IDENTITE_ET_PERIODE
0LQ.F,0001731388,Cash,CashAndCashEquivalentsAtCarryingValue,26847426,USD,,2021-12-31,2024-04-24,20-F,0001171843-24-002177,2023,FY,https://data.sec.gov/api/xbrl/companyfacts/CIK0001731388.json,2026-10-10T12:46:58.540256+00:00,A_VERIFIER_IDENTITE_ET_PERIODE
0LQ.F,0001731388,Cash,CashAndCashEquivalentsAtCarryingValue,34042150,USD,,2022-12-31,2023-04-24,20-F,0001171843-23-002475,2022,FY,https://data.sec.gov/api/xbrl/companyfacts/CIK0001731388.json,2026-10-10T12:46:58.540268+00:00,A_VERIFIER_IDENTITE_ET_PERIODE
0LQ.F,0001731388,Cash,CashAndCashEquivalentsAtCarryingValue,34042150,USD,,2022-12-31,2024-04-24,20-F,0001171843-24-002177,2023,FY,https://data.sec.gov/api/xbrl/companyfacts/CIK0001731388.json,2026-10-10T12:46:58.540280+00:00,A_VERIFIER_IDENTITE_ET_PERIODE
0LQ.F,0001731388,Cash,CashAndCashEquivalentsAtCarryingValue,34042150,USD,,2022-12-31,2025-05-15,20-F,0001171843-25-003244,2024,FY,https://data.sec.gov/api/xbrl/companyfacts/CIK0001731388.json,2026-10-10T12:46:58.540291+00:00,A_VERIFIER_IDENTITE_ET_PERIODE
0LQ.F,0001731388,Cash,CashAndCashEquivalentsAtCarryingValue,8002024,USD,,2023-12-31,2024-04-24,20-F,0001171843-24-002177,2023,FY,https://data.sec.gov/api/xbrl/companyfacts/CIK0001731388.json,2026-10-10T12:46:58.540303+00:00,A_VERIFIER_IDENTITE_ET_PERIODE
0LQ.F,0001731388,Cash,CashAndCashEquivalentsAtCarryingValue,8002024,USD,,2023-12-31,2025-05-15,20-F,0001171843-25-003244,2024,FY,https://data.sec.gov/api/xbrl/companyfacts/CIK0001731388.json,2026-10-10T12:46:58.540314+00:00,A_VERIFIER_IDENTITE_ET_PERIODE
0LQ.F,0001731388,Cash,CashAndCashEquivalentsAtCarryingValue,8002024,USD,,2023-12-31,2026-04-28,20-F,0001171843-26-002768,2025,FY,https://data.sec.gov/api/xbrl/companyfacts/CIK0001731388.json,2026-10-10T12:46:58.540326+00:00,A_VERIFIER_IDENTITE_ET_PERIODE
0LQ.F,0001731388,Cash,CashAndCashEquivalentsAtCarryingValue,6711327,USD,,2024-12-31,2025-05-15,20-F,0001171843-25-003244,2024,FY,https://data.sec.gov/api/xbrl/companyfacts/CIK0001731388.json,2026-10-10T12:46:58.540337+00:00,A_VERIFIER_IDENTITE_ET_PERIODE
0LQ.F,0001731388,Cash,CashAndCashEquivalentsAtCarryingValue,6711327,USD,,2024-12-31,2026-04-28,20-F,0001171843-26-002768,2025,FY,https://data.sec.gov/api/xbrl/companyfacts/CIK0001731388.json,2026-10-10T12:46:58.540349+00:00,A_VERIFIER_IDENTITE_ET_PERIODE
0LQ.F,0001731388,Cash,CashAndCashEquivalentsAtCarryingValue,20315532,USD,,2025-12-31,2026-04-28,20-F,0001171843-26-002768,2025,FY,https://data.sec.gov/api/xbrl/companyfacts/CIK0001731388.json,2026-10-10T12:46:58.540361+00:00,A_VERIFIER_IDENTITE_ET_PERIODE
0LQ.F,0001731388,Assets,Assets,97452676,USD,,2017-12-31,2019-04-30,20-F,0000919574-19-003068,2018,FY,https://data.sec.gov/api/xbrl/companyfacts/CIK0001731388.json,2026-10-10T12:46:58.540375+00:00,A_VERIFIER_IDENTITE_ET_PERIODE
0LQ.F,0001731388,Assets,Assets,127707761,USD,,2018-12-31,2019-04-30,20-F,0000919574-19-003068,2018,FY,https://data.sec.gov/api/xbrl/companyfacts/CIK0001731388.json,2026-10-10T12:46:58.540387+00:00,A_VERIFIER_IDENTITE_ET_PERIODE
0LQ.F,0001731388,Assets,Assets,127707761,USD,,2018-12-31,2020-04-17,20-F,0000919574-20-002943,2019,FY,https://data.sec.gov/api/xbrl/companyfacts/CIK0001731388.json,2026-10-10T12:46:58.540398+00:00,A_VERIFIER_IDENTITE_ET_PERIODE
0LQ.F,0001731388,Assets,Assets,117688922,USD,,2019-12-31,2020-04-17,20-F,0000919574-20-002943,2019,FY,https://data.sec.gov/api/xbrl/companyfacts/CIK0001731388.json,2026-10-10T12:46:58.540409+00:00,A_VERIFIER_IDENTITE_ET_PERIODE
0LQ.F,0001731388,Assets,Assets,117688922,USD,,2019-12-31,2021-04-22,20-F,0000919574-21-003064,2020,FY,https://data.sec.gov/api/xbrl/companyfacts/CIK0001731388.json,2026-10-10T12:46:58.540421+00:00,A_VERIFIER_IDENTITE_ET_PERIODE
0LQ.F,0001731388,Assets,Assets,107511885,USD,,2020-12-31,2021-04-22,20-F,0000919574-21-003064,2020,FY,https://data.sec.gov/api/xbrl/companyfacts/CIK0001731388.json,2026-10-10T12:46:58.540432+00:00,A_VERIFIER_IDENTITE_ET_PERIODE
0LQ.F,0001731388,Assets,Assets,107511885,USD,,2020-12-31,2022-04-15,20-F,0001171843-22-002600,2021,FY,https://data.sec.gov/api/xbrl/companyfacts/CIK0001731388.json,2026-10-10T12:46:58.540444+00:00,A_VERIFIER_IDENTITE_ET_PERIODE
0LQ.F,0001731388,Assets,Assets,161332875,USD,,2021-12-31,2022-04-15,20-F,0001171843-22-002600,2021,FY,https://data.sec.gov/api/xbrl/companyfacts/CIK0001731388.json,2026-10-10T12:46:58.540456+00:00,A_VERIFIER_IDENTITE_ET_PERIODE
0LQ.F,0001731388,Assets,Assets,161332875,USD,,2021-12-31,2023-04-24,20-F,0001171843-23-002475,2022,FY,https://data.sec.gov/api/xbrl/companyfacts/CIK0001731388.json,2026-10-10T12:46:58.540467+00:00,A_VERIFIER_IDENTITE_ET_PERIODE
0LQ.F,0001731388,Assets,Assets,199505159,USD,,2022-12-31,2023-04-24,20-F,0001171843-23-002475,2022,FY,https://data.sec.gov/api/xbrl/companyfacts/CIK0001731388.json,2026-10-10T12:46:58.540479+00:00,A_VERIFIER_IDENTITE_ET_PERIODE
0LQ.F,0001731388,Assets,Assets,199505159,USD,,2022-12-31,2024-04-24,20-F,0001171843-24-002177,2023,FY,https://data.sec.gov/api/xbrl/companyfacts/CIK0001731388.json,2026-10-10T12:46:58.540490+00:00,A_VERIFIER_IDENTITE_ET_PERIODE
0LQ.F,0001731388,Assets,Assets,231053251,USD,,2023-12-31,2024-04-24,20-F,0001171843-24-002177,2023,FY,https://data.sec.gov/api/xbrl/companyfacts/CIK0001731388.json,2026-10-10T12:46:58.540501+00:00,A_VERIFIER_IDENTITE_ET_PERIODE
0LQ.F,0001731388,Assets,Assets,231053251,USD,,2023-12-31,2025-05-15,20-F,0001171843-25-003244,2024,FY,https://data.sec.gov/api/xbrl/companyfacts/CIK0001731388.json,2026-10-10T12:46:58.540513+00:00,A_VERIFIER_IDENTITE_ET_PERIODE
0LQ.F,0001731388,Assets,Assets,219735195,USD,,2024-12-31,2025-05-15,20-F,0001171843-25-003244,2024,FY,https://data.sec.gov/api/xbrl/companyfacts/CIK0001731388.json,2026-10-10T12:46:58.540525+00:00,A_VERIFIER_IDENTITE_ET_PERIODE
0LQ.F,0001731388,Assets,Assets,219735195,USD,,2024-12-31,2026-04-28,20-F,0001171843-26-002768,2025,FY,https://data.sec.gov/api/xbrl/companyfacts/CIK0001731388.json,2026-10-10T12:46:58.540536+00:00,A_VERIFIER_IDENTITE_ET_PERIODE
0LQ.F,0001731388,Assets,Assets,212100098,USD,,2025-12-31,2026-04-28,20-F,0001171843-26-002768,2025,FY,https://data.sec.gov/api/xbrl/companyfacts/CIK0001731388.json,2026-10-10T12:46:58.540548+00:00,A_VERIFIER_IDENTITE_ET_PERIODE
0LQ.F,0001731388,Liabilities,Liabilities,64590553,USD,,2017-12-31,2019-04-30,20-F,0000919574-19-003068,2018,FY,https://data.sec.gov/api/xbrl/companyfacts/CIK0001731388.json,2026-10-10T12:46:58.540561+00:00,A_VERIFIER_IDENTITE_ET_PERIODE
0LQ.F,0001731388,Liabilities,Liabilities,65411848,USD,,2018-12-31,2019-04-30,20-F,0000919574-19-003068,2018,FY,https://data.sec.gov/api/xbrl/companyfacts/CIK0001731388.json,2026-10-10T12:46:58.540572+00:00,A_VERIFIER_IDENTITE_ET_PERIODE
0LQ.F,0001731388,Liabilities,Liabilities,65411848,USD,,2018-12-31,2020-04-17,20-F,0000919574-20-002943,2019,FY,https://data.sec.gov/api/xbrl/companyfacts/CIK0001731388.json,2026-10-10T12:46:58.540583+00:00,A_VERIFIER_IDENTITE_ET_PERIODE
0LQ.F,0001731388,Liabilities,Liabilities,61162052,USD,,2019-12-31,2020-04-17,20-F,0000919574-20-002943,2019,FY,https://data.sec.gov/api/xbrl/companyfacts/CIK0001731388.json,2026-10-10T12:46:58.540594+00:00,A_VERIFIER_IDENTITE_ET_PERIODE
0LQ.F,0001731388,Liabilities,Liabilities,61162052,USD,,2019-12-31,2021-04-22,20-F,0000919574-21-003064,2020,FY,https://data.sec.gov/api/xbrl/companyfacts/CIK0001731388.json,2026-10-10T12:46:58.540606+00:00,A_VERIFIER_IDENTITE_ET_PERIODE
0LQ.F,0001731388,Liabilities,Liabilities,56971780,USD,,2020-12-31,2021-04-22,20-F,0000919574-21-003064,2020,FY,https://data.sec.gov/api/xbrl/companyfacts/CIK0001731388.json,2026-10-10T12:46:58.540618+00:00,A_VERIFIER_IDENTITE_ET_PERIODE
0LQ.F,0001731388,Liabilities,Liabilities,56971780,USD,,2020-12-31,2022-04-15,20-F,0001171843-22-002600,2021,FY,https://data.sec.gov/api/xbrl/companyfacts/CIK0001731388.json,2026-10-10T12:46:58.540630+00:00,A_VERIFIER_IDENTITE_ET_PERIODE
0LQ.F,0001731388,Liabilities,Liabilities,82409494,USD,,2021-12-31,2022-04-15,20-F,0001171843-22-002600,2021,FY,https://data.sec.gov/api/xbrl/companyfacts/CIK0001731388.json,2026-10-10T12:46:58.540642+00:00,A_VERIFIER_IDENTITE_ET_PERIODE
0LQ.F,0001731388,Liabilities,Liabilities,82409494,USD,,2021-12-31,2023-04-24,20-F,0001171843-23-002475,2022,FY,https://data.sec.gov/api/xbrl/companyfacts/CIK0001731388.json,2026-10-10T12:46:58.540653+00:00,A_VERIFIER_IDENTITE_ET_PERIODE
0LQ.F,0001731388,Liabilities,Liabilities,85564042,USD,,2022-12-31,2023-04-24,20-F,0001171843-23-002475,2022,FY,https://data.sec.gov/api/xbrl/companyfacts/CIK0001731388.json,2026-10-10T12:46:58.540664+00:00,A_VERIFIER_IDENTITE_ET_PERIODE
0LQ.F,0001731388,Liabilities,Liabilities,85564042,USD,,2022-12-31,2024-04-24,20-F,0001171843-24-002177,2023,FY,https://data.sec.gov/api/xbrl/companyfacts/CIK0001731388.json,2026-10-10T12:46:58.540676+00:00,A_VERIFIER_IDENTITE_ET_PERIODE
0LQ.F,0001731388,Liabilities,Liabilities,111625022,USD,,2023-12-31,2024-04-24,20-F,0001171843-24-002177,2023,FY,https://data.sec.gov/api/xbrl/companyfacts/CIK0001731388.json,2026-10-10T12:46:58.540687+00:00,A_VERIFIER_IDENTITE_ET_PERIODE
0LQ.F,0001731388,Liabilities,Liabilities,111625022,USD,,2023-12-31,2025-05-15,20-F,0001171843-25-003244,2024,FY,https://data.sec.gov/api/xbrl/companyfacts/CIK0001731388.json,2026-10-10T12:46:58.540698+00:00,A_VERIFIER_IDENTITE_ET_PERIODE
0LQ.F,0001731388,Liabilities,Liabilities,114142750,USD,,2024-12-31,2025-05-15,20-F,0001171843-25-003244,2024,FY,https://data.sec.gov/api/xbrl/companyfacts/CIK0001731388.json,2026-10-10T12:46:58.540710+00:00,A_VERIFIER_IDENTITE_ET_PERIODE
0LQ.F,0001731388,Liabilities,Liabilities,114142750,USD,,2024-12-31,2026-04-28,20-F,0001171843-26-002768,2025,FY,https://data.sec.gov/api/xbrl/companyfacts/CIK0001731388.json,2026-10-10T12:46:58.540721+00:00,A_VERIFIER_IDENTITE_ET_PERIODE
0LQ.F,0001731388,Liabilities,Liabilities,109592766,USD,,2025-12-31,2026-04-28,20-F,0001171843-26-002768,2025,FY,https://data.sec.gov/api/xbrl/companyfacts/CIK0001731388.json,2026-10-10T12:46:58.540733+00:00,A_VERIFIER_IDENTITE_ET_PERIODE
0LQ.F,0001731388,OperatingIncome,OperatingIncomeLoss,-8969868,USD,2016-01-01,2016-12-31,2019-04-30,20-F,0000919574-19-003068,2018,FY,https://data.sec.gov/api/xbrl/companyfacts/CIK0001731388.json,2026-10-10T12:46:58.540747+00:00,A_VERIFIER_IDENTITE_ET_PERIODE
0LQ.F,0001731388,OperatingIncome,OperatingIncomeLoss,2628656,USD,2017-01-01,2017-12-31,2019-04-30,20-F,0000919574-19-003068,2018,FY,https://data.sec.gov/api/xbrl/companyfacts/CIK0001731388.json,2026-10-10T12:46:58.540759+00:00,A_VERIFIER_IDENTITE_ET_PERIODE
0LQ.F,0001731388,OperatingIncome,OperatingIncomeLoss,2628656,USD,2017-01-01,2017-12-31,2020-04-17,20-F,0000919574-20-002943,2019,FY,https://data.sec.gov/api/xbrl/companyfacts/CIK0001731388.json,2026-10-10T12:46:58.540770+00:00,A_VERIFIER_IDENTITE_ET_PERIODE
0LQ.F,0001731388,OperatingIncome,OperatingIncomeLoss,3993967,USD,2018-01-01,2018-12-31,2019-04-30,20-F,0000919574-19-003068,2018,FY,https://data.sec.gov/api/xbrl/companyfacts/CIK0001731388.json,2026-10-10T12:46:58.540782+00:00,A_VERIFIER_IDENTITE_ET_PERIODE
0LQ.F,0001731388,OperatingIncome,OperatingIncomeLoss,3993967,USD,2018-01-01,2018-12-31,2020-04-17,20-F,0000919574-20-002943,2019,FY,https://data.sec.gov/api/xbrl/companyfacts/CIK0001731388.json,2026-10-10T12:46:58.540793+00:00,A_VERIFIER_IDENTITE_ET_PERIODE
0LQ.F,0001731388,OperatingIncome,OperatingIncomeLoss,3993967,USD,2018-01-01,2018-12-31,2021-04-22,20-F,0000919574-21-003064,2020,FY,https://data.sec.gov/api/xbrl/companyfacts/CIK0001731388.json,2026-10-10T12:46:58.540804+00:00,A_VERIFIER_IDENTITE_ET_PERIODE
0LQ.F,0001731388,OperatingIncome,OperatingIncomeLoss,3007734,USD,2019-01-01,2019-12-31,2020-04-17,20-F,0000919574-20-002943,2019,FY,https://data.sec.gov/api/xbrl/companyfacts/CIK0001731388.json,2026-10-10T12:46:58.540815+00:00,A_VERIFIER_IDENTITE_ET_PERIODE
0LQ.F,0001731388,OperatingIncome,OperatingIncomeLoss,3007734,USD,2019-01-01,2019-12-31,2021-04-22,20-F,0000919574-21-003064,2020,FY,https://data.sec.gov/api/xbrl/companyfacts/CIK0001731388.json,2026-10-10T12:46:58.540827+00:00,A_VERIFIER_IDENTITE_ET_PERIODE
0LQ.F,0001731388,OperatingIncome,OperatingIncomeLoss,3007734,USD,2019-01-01,2019-12-31,2022-04-15,20-F,0001171843-22-002600,2021,FY,https://data.sec.gov/api/xbrl/companyfacts/CIK0001731388.json,2026-10-10T12:46:58.540848+00:00,A_VERIFIER_IDENTITE_ET_PERIODE
0LQ.F,0001731388,OperatingIncome,OperatingIncomeLoss,-2741143,USD,2020-01-01,2020-12-31,2021-04-22,20-F,0000919574-21-003064,2020,FY,https://data.sec.gov/api/xbrl/companyfacts/CIK0001731388.json,2026-10-10T12:46:58.540860+00:00,A_VERIFIER_IDENTITE_ET_PERIODE
0LQ.F,0001731388,OperatingIncome,OperatingIncomeLoss,-2741143,USD,2020-01-01,2020-12-31,2022-04-15,20-F,0001171843-22-002600,2021,FY,https://data.sec.gov/api/xbrl/companyfacts/CIK0001731388.json,2026-10-10T12:46:58.540871+00:00,A_VERIFIER_IDENTITE_ET_PERIODE
0LQ.F,0001731388,OperatingIncome,OperatingIncomeLoss,-2741143,USD,2020-01-01,2020-12-31,2023-04-24,20-F,0001171843-23-002475,2022,FY,https://data.sec.gov/api/xbrl/companyfacts/CIK0001731388.json,2026-10-10T12:46:58.540883+00:00,A_VERIFIER_IDENTITE_ET_PERIODE
0LQ.F,0001731388,OperatingIncome,OperatingIncomeLoss,38889826,USD,2021-01-01,2021-12-31,2022-04-15,20-F,0001171843-22-002600,2021,FY,https://data.sec.gov/api/xbrl/companyfacts/CIK0001731388.json,2026-10-10T12:46:58.540894+00:00,A_VERIFIER_IDENTITE_ET_PERIODE
0LQ.F,0001731388,OperatingIncome,OperatingIncomeLoss,38889826,USD,2021-01-01,2021-12-31,2023-04-24,20-F,0001171843-23-002475,2022,FY,https://data.sec.gov/api/xbrl/companyfacts/CIK0001731388.json,2026-10-10T12:46:58.540905+00:00,A_VERIFIER_IDENTITE_ET_PERIODE
0LQ.F,0001731388,OperatingIncome,OperatingIncomeLoss,38889826,USD,2021-01-01,2021-12-31,2024-04-24,20-F,0001171843-24-002177,2023,FY,https://data.sec.gov/api/xbrl/companyfacts/CIK0001731388.json,2026-10-10T12:46:58.540917+00:00,A_VERIFIER_IDENTITE_ET_PERIODE
0LQ.F,0001731388,OperatingIncome,OperatingIncomeLoss,34116725,USD,2022-01-01,2022-12-31,2023-04-24,20-F,0001171843-23-002475,2022,FY,https://data.sec.gov/api/xbrl/companyfacts/CIK0001731388.json,2026-10-10T12:46:58.540928+00:00,A_VERIFIER_IDENTITE_ET_PERIODE
0LQ.F,0001731388,OperatingIncome,OperatingIncomeLoss,34116725,USD,2022-01-01,2022-12-31,2024-04-24,20-F,0001171843-24-002177,2023,FY,https://data.sec.gov/api/xbrl/companyfacts/CIK0001731388.json,2026-10-10T12:46:58.540940+00:00,A_VERIFIER_IDENTITE_ET_PERIODE
0LQ.F,0001731388,OperatingIncome,OperatingIncomeLoss,34116725,USD,2022-01-01,2022-12-31,2025-05-15,20-F,0001171843-25-003244,2024,FY,https://data.sec.gov/api/xbrl/companyfacts/CIK0001731388.json,2026-10-10T12:46:58.540951+00:00,A_VERIFIER_IDENTITE_ET_PERIODE
0LQ.F,0001731388,OperatingIncome,OperatingIncomeLoss,1093643,USD,2023-01-01,2023-12-31,2024-04-24,20-F,0001171843-24-002177,2023,FY,https://data.sec.gov/api/xbrl/companyfacts/CIK0001731388.json,2026-10-10T12:46:58.540962+00:00,A_VERIFIER_IDENTITE_ET_PERIODE
0LQ.F,0001731388,OperatingIncome,OperatingIncomeLoss,1093643,USD,2023-01-01,2023-12-31,2025-05-15,20-F,0001171843-25-003244,2024,FY,https://data.sec.gov/api/xbrl/companyfacts/CIK0001731388.json,2026-10-10T12:46:58.540973+00:00,A_VERIFIER_IDENTITE_ET_PERIODE
0LQ.F,0001731388,OperatingIncome,OperatingIncomeLoss,1093643,USD,2023-01-01,2023-12-31,2026-04-28,20-F,0001171843-26-002768,2025,FY,https://data.sec.gov/api/xbrl/companyfacts/CIK0001731388.json,2026-10-10T12:46:58.540985+00:00,A_VERIFIER_IDENTITE_ET_PERIODE
0LQ.F,0001731388,OperatingIncome,OperatingIncomeLoss,-6296049,USD,2024-01-01,2024-12-31,2025-05-15,20-F,0001171843-25-003244,2024,FY,https://data.sec.gov/api/xbrl/companyfacts/CIK0001731388.json,2026-10-10T12:46:58.540996+00:00,A_VERIFIER_IDENTITE_ET_PERIODE
0LQ.F,0001731388,OperatingIncome,OperatingIncomeLoss,-6296049,USD,2024-01-01,2024-12-31,2026-04-28,20-F,0001171843-26-002768,2025,FY,https://data.sec.gov/api/xbrl/companyfacts/CIK0001731388.json,2026-10-10T12:46:58.541008+00:00,A_VERIFIER_IDENTITE_ET_PERIODE
0LQ.F,0001731388,OperatingIncome,OperatingIncomeLoss,2970129,USD,2025-01-01,2025-12-31,2026-04-28,20-F,0001171843-26-002768,2025,FY,https://data.sec.gov/api/xbrl/companyfacts/CIK0001731388.json,2026-10-10T12:46:58.541019+00:00,A_VERIFIER_IDENTITE_ET_PERIODE
0LQ.F,0001731388,NetIncome,NetIncomeLoss,-10141353,USD,2016-01-01,2016-12-31,2019-04-30,20-F,0000919574-19-003068,2018,FY,https://data.sec.gov/api/xbrl/companyfacts/CIK0001731388.json,2026-10-10T12:46:58.541032+00:00,A_VERIFIER_IDENTITE_ET_PERIODE
0LQ.F,0001731388,NetIncome,NetIncomeLoss,849701,USD,2017-01-01,2017-12-31,2019-04-30,20-F,0000919574-19-003068,2018,FY,https://data.sec.gov/api/xbrl/companyfacts/CIK0001731388.json,2026-10-10T12:46:58.541044+00:00,A_VERIFIER_IDENTITE_ET_PERIODE
0LQ.F,0001731388,NetIncome,NetIncomeLoss,849701,USD,2017-01-01,2017-12-31,2020-04-17,20-F,0000919574-20-002943,2019,FY,https://data.sec.gov/api/xbrl/companyfacts/CIK0001731388.json,2026-10-10T12:46:58.541055+00:00,A_VERIFIER_IDENTITE_ET_PERIODE
0LQ.F,0001731388,NetIncome,NetIncomeLoss,1119735,USD,2018-01-01,2018-12-31,2019-04-30,20-F,0000919574-19-003068,2018,FY,https://data.sec.gov/api/xbrl/companyfacts/CIK0001731388.json,2026-10-10T12:46:58.541066+00:00,A_VERIFIER_IDENTITE_ET_PERIODE
0LQ.F,0001731388,NetIncome,NetIncomeLoss,1119735,USD,2018-01-01,2018-12-31,2020-04-17,20-F,0000919574-20-002943,2019,FY,https://data.sec.gov/api/xbrl/companyfacts/CIK0001731388.json,2026-10-10T12:46:58.541078+00:00,A_VERIFIER_IDENTITE_ET_PERIODE
0LQ.F,0001731388,NetIncome,NetIncomeLoss,1119735,USD,2018-01-01,2018-12-31,2021-04-22,20-F,0000919574-21-003064,2020,FY,https://data.sec.gov/api/xbrl/companyfacts/CIK0001731388.json,2026-10-10T12:46:58.541089+00:00,A_VERIFIER_IDENTITE_ET_PERIODE
0LQ.F,0001731388,NetIncome,NetIncomeLoss,16497,USD,2019-01-01,2019-12-31,2020-04-17,20-F,0000919574-20-002943,2019,FY,https://data.sec.gov/api/xbrl/companyfacts/CIK0001731388.json,2026-10-10T12:46:58.541101+00:00,A_VERIFIER_IDENTITE_ET_PERIODE
0LQ.F,0001731388,NetIncome,NetIncomeLoss,16497,USD,2019-01-01,2019-12-31,2021-04-22,20-F,0000919574-21-003064,2020,FY,https://data.sec.gov/api/xbrl/companyfacts/CIK0001731388.json,2026-10-10T12:46:58.541112+00:00,A_VERIFIER_IDENTITE_ET_PERIODE
0LQ.F,0001731388,NetIncome,NetIncomeLoss,16497,USD,2019-01-01,2019-12-31,2022-04-15,20-F,0001171843-22-002600,2021,FY,https://data.sec.gov/api/xbrl/companyfacts/CIK0001731388.json,2026-10-10T12:46:58.541123+00:00,A_VERIFIER_IDENTITE_ET_PERIODE
0LQ.F,0001731388,NetIncome,NetIncomeLoss,-5877861,USD,2020-01-01,2020-12-31,2021-04-22,20-F,0000919574-21-003064,2020,FY,https://data.sec.gov/api/xbrl/companyfacts/CIK0001731388.json,2026-10-10T12:46:58.541134+00:00,A_VERIFIER_IDENTITE_ET_PERIODE
0LQ.F,0001731388,NetIncome,NetIncomeLoss,-5877861,USD,2020-01-01,2020-12-31,2022-04-15,20-F,0001171843-22-002600,2021,FY,https://data.sec.gov/api/xbrl/companyfacts/CIK0001731388.json,2026-10-10T12:46:58.541146+00:00,A_VERIFIER_IDENTITE_ET_PERIODE
0LQ.F,0001731388,NetIncome,NetIncomeLoss,-5877861,USD,2020-01-01,2020-12-31,2023-04-24,20-F,0001171843-23-002475,2022,FY,https://data.sec.gov/api/xbrl/companyfacts/CIK0001731388.json,2026-10-10T12:46:58.541157+00:00,A_VERIFIER_IDENTITE_ET_PERIODE
0LQ.F,0001731388,NetIncome,NetIncomeLoss,31153821,USD,2021-01-01,2021-12-31,2022-04-15,20-F,0001171843-22-002600,2021,FY,https://data.sec.gov/api/xbrl/companyfacts/CIK0001731388.json,2026-10-10T12:46:58.541181+00:00,A_VERIFIER_IDENTITE_ET_PERIODE
0LQ.F,0001731388,NetIncome,NetIncomeLoss,31153821,USD,2021-01-01,2021-12-31,2023-04-24,20-F,0001171843-23-002475,2022,FY,https://data.sec.gov/api/xbrl/companyfacts/CIK0001731388.json,2026-10-10T12:46:58.541193+00:00,A_VERIFIER_IDENTITE_ET_PERIODE
0LQ.F,0001731388,NetIncome,NetIncomeLoss,33542671,USD,2022-01-01,2022-12-31,2023-04-24,20-F,0001171843-23-002475,2022,FY,https://data.sec.gov/api/xbrl/companyfacts/CIK0001731388.json,2026-10-10T12:46:58.541205+00:00,A_VERIFIER_IDENTITE_ET_PERIODE
0LQ.F,0001731388,OperatingCashFlow,NetCashProvidedByUsedInOperatingActivities,4255829,USD,2016-01-01,2016-12-31,2019-04-30,20-F,0000919574-19-003068,2018,FY,https://data.sec.gov/api/xbrl/companyfacts/CIK0001731388.json,2026-10-10T12:46:58.541217+00:00,A_VERIFIER_IDENTITE_ET_PERIODE
0LQ.F,0001731388,OperatingCashFlow,NetCashProvidedByUsedInOperatingActivities,2910287,USD,2017-01-01,2017-12-31,2019-04-30,20-F,0000919574-19-003068,2018,FY,https://data.sec.gov/api/xbrl/companyfacts/CIK0001731388.json,2026-10-10T12:46:58.541229+00:00,A_VERIFIER_IDENTITE_ET_PERIODE
0LQ.F,0001731388,OperatingCashFlow,NetCashProvidedByUsedInOperatingActivities,2910287,USD,2017-01-01,2017-12-31,2020-04-17,20-F,0000919574-20-002943,2019,FY,https://data.sec.gov/api/xbrl/companyfacts/CIK0001731388.json,2026-10-10T12:46:58.541240+00:00,A_VERIFIER_IDENTITE_ET_PERIODE
0LQ.F,0001731388,OperatingCashFlow,NetCashProvidedByUsedInOperatingActivities,3970170,USD,2018-01-01,2018-12-31,2019-04-30,20-F,0000919574-19-003068,2018,FY,https://data.sec.gov/api/xbrl/companyfacts/CIK0001731388.json,2026-10-10T12:46:58.541251+00:00,A_VERIFIER_IDENTITE_ET_PERIODE
0LQ.F,0001731388,OperatingCashFlow,NetCashProvidedByUsedInOperatingActivities,3970170,USD,2018-01-01,2018-12-31,2020-04-17,20-F,0000919574-20-002943,2019,FY,https://data.sec.gov/api/xbrl/companyfacts/CIK0001731388.json,2026-10-10T12:46:58.541262+00:00,A_VERIFIER_IDENTITE_ET_PERIODE
0LQ.F,0001731388,OperatingCashFlow,NetCashProvidedByUsedInOperatingActivities,3970170,USD,2018-01-01,2018-12-31,2021-04-22,20-F,0000919574-21-003064,2020,FY,https://data.sec.gov/api/xbrl/companyfacts/CIK0001731388.json,2026-10-10T12:46:58.541274+00:00,A_VERIFIER_IDENTITE_ET_PERIODE
0LQ.F,0001731388,OperatingCashFlow,NetCashProvidedByUsedInOperatingActivities,15113924,USD,2019-01-01,2019-12-31,2020-04-17,20-F,0000919574-20-002943,2019,FY,https://data.sec.gov/api/xbrl/companyfacts/CIK0001731388.json,2026-10-10T12:46:58.541285+00:00,A_VERIFIER_IDENTITE_ET_PERIODE
0LQ.F,0001731388,OperatingCashFlow,NetCashProvidedByUsedInOperatingActivities,15113924,USD,2019-01-01,2019-12-31,2021-04-22,20-F,0000919574-21-003064,2020,FY,https://data.sec.gov/api/xbrl/companyfacts/CIK0001731388.json,2026-10-10T12:46:58.541296+00:00,A_VERIFIER_IDENTITE_ET_PERIODE
0LQ.F,0001731388,OperatingCashFlow,NetCashProvidedByUsedInOperatingActivities,15113924,USD,2019-01-01,2019-12-31,2022-04-15,20-F,0001171843-22-002600,2021,FY,https://data.sec.gov/api/xbrl/companyfacts/CIK0001731388.json,2026-10-10T12:46:58.541308+00:00,A_VERIFIER_IDENTITE_ET_PERIODE
0LQ.F,0001731388,OperatingCashFlow,NetCashProvidedByUsedInOperatingActivities,2325534,USD,2020-01-01,2020-12-31,2021-04-22,20-F,0000919574-21-003064,2020,FY,https://data.sec.gov/api/xbrl/companyfacts/CIK0001731388.json,2026-10-10T12:46:58.541319+00:00,A_VERIFIER_IDENTITE_ET_PERIODE
0LQ.F,0001731388,OperatingCashFlow,NetCashProvidedByUsedInOperatingActivities,2325534,USD,2020-01-01,2020-12-31,2022-04-15,20-F,0001171843-22-002600,2021,FY,https://data.sec.gov/api/xbrl/companyfacts/CIK0001731388.json,2026-10-10T12:46:58.541331+00:00,A_VERIFIER_IDENTITE_ET_PERIODE
0LQ.F,0001731388,OperatingCashFlow,NetCashProvidedByUsedInOperatingActivities,2325534,USD,2020-01-01,2020-12-31,2023-04-24,20-F,0001171843-23-002475,2022,FY,https://data.sec.gov/api/xbrl/companyfacts/CIK0001731388.json,2026-10-10T12:46:58.541342+00:00,A_VERIFIER_IDENTITE_ET_PERIODE
0LQ.F,0001731388,OperatingCashFlow,NetCashProvidedByUsedInOperatingActivities,39138291,USD,2021-01-01,2021-12-31,2022-04-15,20-F,0001171843-22-002600,2021,FY,https://data.sec.gov/api/xbrl/companyfacts/CIK0001731388.json,2026-10-10T12:46:58.541353+00:00,A_VERIFIER_IDENTITE_ET_PERIODE
0LQ.F,0001731388,OperatingCashFlow,NetCashProvidedByUsedInOperatingActivities,39138291,USD,2021-01-01,2021-12-31,2023-04-24,20-F,0001171843-23-002475,2022,FY,https://data.sec.gov/api/xbrl/companyfacts/CIK0001731388.json,2026-10-10T12:46:58.541364+00:00,A_VERIFIER_IDENTITE_ET_PERIODE
0LQ.F,0001731388,OperatingCashFlow,NetCashProvidedByUsedInOperatingActivities,39138291,USD,2021-01-01,2021-12-31,2024-04-24,20-F,0001171843-24-002177,2023,FY,https://data.sec.gov/api/xbrl/companyfacts/CIK0001731388.json,2026-10-10T12:46:58.541375+00:00,A_VERIFIER_IDENTITE_ET_PERIODE
0LQ.F,0001731388,OperatingCashFlow,NetCashProvidedByUsedInOperatingActivities,32985341,USD,2022-01-01,2022-12-31,2023-04-24,20-F,0001171843-23-002475,2022,FY,https://data.sec.gov/api/xbrl/companyfacts/CIK0001731388.json,2026-10-10T12:46:58.541387+00:00,A_VERIFIER_IDENTITE_ET_PERIODE
0LQ.F,0001731388,OperatingCashFlow,NetCashProvidedByUsedInOperatingActivities,32985341,USD,2022-01-01,2022-12-31,2024-04-24,20-F,0001171843-24-002177,2023,FY,https://data.sec.gov/api/xbrl/companyfacts/CIK0001731388.json,2026-10-10T12:46:58.541399+00:00,A_VERIFIER_IDENTITE_ET_PERIODE
0LQ.F,0001731388,OperatingCashFlow,NetCashProvidedByUsedInOperatingActivities,32985341,USD,2022-01-01,2022-12-31,2025-05-15,20-F,0001171843-25-003244,2024,FY,https://data.sec.gov/api/xbrl/companyfacts/CIK0001731388.json,2026-10-10T12:46:58.541410+00:00,A_VERIFIER_IDENTITE_ET_PERIODE
0LQ.F,0001731388,OperatingCashFlow,NetCashProvidedByUsedInOperatingActivities,11806062,USD,2023-01-01,2023-12-31,2024-04-24,20-F,0001171843-24-002177,2023,FY,https://data.sec.gov/api/xbrl/companyfacts/CIK0001731388.json,2026-10-10T12:46:58.541422+00:00,A_VERIFIER_IDENTITE_ET_PERIODE
0LQ.F,0001731388,OperatingCashFlow,NetCashProvidedByUsedInOperatingActivities,11806062,USD,2023-01-01,2023-12-31,2025-05-15,20-F,0001171843-25-003244,2024,FY,https://data.sec.gov/api/xbrl/companyfacts/CIK0001731388.json,2026-10-10T12:46:58.541434+00:00,A_VERIFIER_IDENTITE_ET_PERIODE
0LQ.F,0001731388,OperatingCashFlow,NetCashProvidedByUsedInOperatingActivities,11806062,USD,2023-01-01,2023-12-31,2026-04-28,20-F,0001171843-26-002768,2025,FY,https://data.sec.gov/api/xbrl/companyfacts/CIK0001731388.json,2026-10-10T12:46:58.541445+00:00,A_VERIFIER_IDENTITE_ET_PERIODE
0LQ.F,0001731388,OperatingCashFlow,NetCashProvidedByUsedInOperatingActivities,4810897,USD,2024-01-01,2024-12-31,2025-05-15,20-F,0001171843-25-003244,2024,FY,https://data.sec.gov/api/xbrl/companyfacts/CIK0001731388.json,2026-10-10T12:46:58.541456+00:00,A_VERIFIER_IDENTITE_ET_PERIODE
0LQ.F,0001731388,OperatingCashFlow,NetCashProvidedByUsedInOperatingActivities,4810897,USD,2024-01-01,2024-12-31,2026-04-28,20-F,0001171843-26-002768,2025,FY,https://data.sec.gov/api/xbrl/companyfacts/CIK0001731388.json,2026-10-10T12:46:58.541467+00:00,A_VERIFIER_IDENTITE_ET_PERIODE
0LQ.F,0001731388,OperatingCashFlow,NetCashProvidedByUsedInOperatingActivities,12760620,USD,2025-01-01,2025-12-31,2026-04-28,20-F,0001171843-26-002768,2025,FY,https://data.sec.gov/api/xbrl/companyfacts/CIK0001731388.json,2026-10-10T12:46:58.541479+00:00,A_VERIFIER_IDENTITE_ET_PERIODE
0LQ.F,0001731388,Shares,CommonStockSharesOutstanding,0,shares,,2017-12-31,2019-04-30,20-F,0000919574-19-003068,2018,FY,https://data.sec.gov/api/xbrl/companyfacts/CIK0001731388.json,2026-10-10T12:46:58.541492+00:00,A_VERIFIER_IDENTITE_ET_PERIODE
0LQ.F,0001731388,Shares,CommonStockSharesOutstanding,2279920,shares,,2018-12-31,2019-04-30,20-F,0000919574-19-003068,2018,FY,https://data.sec.gov/api/xbrl/companyfacts/CIK0001731388.json,2026-10-10T12:46:58.541503+00:00,A_VERIFIER_IDENTITE_ET_PERIODE
0LQ.F,0001731388,Shares,CommonStockSharesOutstanding,2279920,shares,,2018-12-31,2020-04-17,20-F,0000919574-20-002943,2019,FY,https://data.sec.gov/api/xbrl/companyfacts/CIK0001731388.json,2026-10-10T12:46:58.541514+00:00,A_VERIFIER_IDENTITE_ET_PERIODE
0LQ.F,0001731388,Shares,CommonStockSharesOutstanding,2304630,shares,,2019-12-31,2020-04-17,20-F,0000919574-20-002943,2019,FY,https://data.sec.gov/api/xbrl/companyfacts/CIK0001731388.json,2026-10-10T12:46:58.541526+00:00,A_VERIFIER_IDENTITE_ET_PERIODE
0LQ.F,0001731388,Shares,CommonStockSharesOutstanding,2304630,shares,,2019-12-31,2021-04-22,20-F,0000919574-21-003064,2020,FY,https://data.sec.gov/api/xbrl/companyfacts/CIK0001731388.json,2026-10-10T12:46:58.541538+00:00,A_VERIFIER_IDENTITE_ET_PERIODE
0LQ.F,0001731388,Shares,CommonStockSharesOutstanding,2348216,shares,,2020-12-31,2021-04-22,20-F,0000919574-21-003064,2020,FY,https://data.sec.gov/api/xbrl/companyfacts/CIK0001731388.json,2026-10-10T12:46:58.541549+00:00,A_VERIFIER_IDENTITE_ET_PERIODE
0LQ.F,0001731388,Shares,CommonStockSharesOutstanding,2348216,shares,,2020-12-31,2022-04-15,20-F,0001171843-22-002600,2021,FY,https://data.sec.gov/api/xbrl/companyfacts/CIK0001731388.json,2026-10-10T12:46:58.541561+00:00,A_VERIFIER_IDENTITE_ET_PERIODE
0LQ.F,0001731388,Shares,CommonStockSharesOutstanding,2919191,shares,,2021-12-31,2022-04-15,20-F,0001171843-22-002600,2021,FY,https://data.sec.gov/api/xbrl/companyfacts/CIK0001731388.json,2026-10-10T12:46:58.541572+00:00,A_VERIFIER_IDENTITE_ET_PERIODE
0LQ.F,0001731388,Shares,CommonStockSharesOutstanding,2919191,shares,,2021-12-31,2023-04-24,20-F,0001171843-23-002475,2022,FY,https://data.sec.gov/api/xbrl/companyfacts/CIK0001731388.json,2026-10-10T12:46:58.541584+00:00,A_VERIFIER_IDENTITE_ET_PERIODE
0LQ.F,0001731388,Shares,CommonStockSharesOutstanding,2902620,shares,,2022-12-31,2023-04-24,20-F,0001171843-23-002475,2022,FY,https://data.sec.gov/api/xbrl/companyfacts/CIK0001731388.json,2026-10-10T12:46:58.541595+00:00,A_VERIFIER_IDENTITE_ET_PERIODE
0LQ.F,0001731388,Shares,CommonStockSharesOutstanding,2902620,shares,,2022-12-31,2024-04-24,20-F,0001171843-24-002177,2023,FY,https://data.sec.gov/api/xbrl/companyfacts/CIK0001731388.json,2026-10-10T12:46:58.541607+00:00,A_VERIFIER_IDENTITE_ET_PERIODE
0LQ.F,0001731388,Shares,CommonStockSharesOutstanding,2832417,shares,,2023-12-31,2024-04-24,20-F,0001171843-24-002177,2023,FY,https://data.sec.gov/api/xbrl/companyfacts/CIK0001731388.json,2026-10-10T12:46:58.541618+00:00,A_VERIFIER_IDENTITE_ET_PERIODE
0LQ.F,0001731388,Shares,CommonStockSharesOutstanding,2832417,shares,,2023-12-31,2025-05-15,20-F,0001171843-25-003244,2024,FY,https://data.sec.gov/api/xbrl/companyfacts/CIK0001731388.json,2026-10-10T12:46:58.541629+00:00,A_VERIFIER_IDENTITE_ET_PERIODE
0LQ.F,0001731388,Shares,CommonStockSharesOutstanding,2826697,shares,,2024-12-31,2025-05-15,20-F,0001171843-25-003244,2024,FY,https://data.sec.gov/api/xbrl/companyfacts/CIK0001731388.json,2026-10-10T12:46:58.541641+00:00,A_VERIFIER_IDENTITE_ET_PERIODE
0LQ.F,0001731388,Shares,CommonStockSharesOutstanding,2826697,shares,,2024-12-31,2026-04-28,20-F,0001171843-26-002768,2025,FY,https://data.sec.gov/api/xbrl/companyfacts/CIK0001731388.json,2026-10-10T12:46:58.541652+00:00,A_VERIFIER_IDENTITE_ET_PERIODE
0LQ.F,0001731388,Shares,CommonStockSharesOutstanding,2890547,shares,,2025-12-31,2026-04-28,20-F,0001171843-26-002768,2025,FY,https://data.sec.gov/api/xbrl/companyfacts/CIK0001731388.json,2026-10-10T12:46:58.541664+00:00,A_VERIFIER_IDENTITE_ET_PERIODE
0GV.F,0001509470,Assets,Assets,462315827,USD,,2021-12-31,2022-11-09,10-Q,0001493152-22-031063,2022,Q3,https://data.sec.gov/api/xbrl/companyfacts/CIK0001509470.json,2026-10-10T12:46:59.006434+00:00,A_VERIFIER_IDENTITE_ET_PERIODE
0GV.F,0001509470,Assets,Assets,462315827,USD,,2021-12-31,2023-03-16,10-K,0001493152-23-007850,2022,FY,https://data.sec.gov/api/xbrl/companyfacts/CIK0001509470.json,2026-10-10T12:46:59.006455+00:00,A_VERIFIER_IDENTITE_ET_PERIODE
0GV.F,0001509470,Assets,Assets,298861844,USD,,2022-09-30,2022-11-09,10-Q,0001493152-22-031063,2022,Q3,https://data.sec.gov/api/xbrl/companyfacts/CIK0001509470.json,2026-10-10T12:46:59.006470+00:00,A_VERIFIER_IDENTITE_ET_PERIODE
0GV.F,0001509470,Assets,Assets,284412858,USD,,2022-12-31,2023-03-16,10-K,0001493152-23-007850,2022,FY,https://data.sec.gov/api/xbrl/companyfacts/CIK0001509470.json,2026-10-10T12:46:59.006483+00:00,A_VERIFIER_IDENTITE_ET_PERIODE
0GV.F,0001509470,Assets,Assets,284412858,USD,,2022-12-31,2023-05-10,10-Q,0001493152-23-016116,2023,Q1,https://data.sec.gov/api/xbrl/companyfacts/CIK0001509470.json,2026-10-10T12:46:59.006495+00:00,A_VERIFIER_IDENTITE_ET_PERIODE
0GV.F,0001509470,Assets,Assets,284412858,USD,,2022-12-31,2023-08-09,10-Q,0001493152-23-027374,2023,Q2,https://data.sec.gov/api/xbrl/companyfacts/CIK0001509470.json,2026-10-10T12:46:59.006507+00:00,A_VERIFIER_IDENTITE_ET_PERIODE
0GV.F,0001509470,Assets,Assets,284412858,USD,,2022-12-31,2023-11-09,10-Q,0001493152-23-040034,2023,Q3,https://data.sec.gov/api/xbrl/companyfacts/CIK0001509470.json,2026-10-10T12:46:59.006518+00:00,A_VERIFIER_IDENTITE_ET_PERIODE
0GV.F,0001509470,Assets,Assets,284412858,USD,,2022-12-31,2024-03-14,10-K,0001493152-24-009905,2023,FY,https://data.sec.gov/api/xbrl/companyfacts/CIK0001509470.json,2026-10-10T12:46:59.006530+00:00,A_VERIFIER_IDENTITE_ET_PERIODE
0GV.F,0001509470,Assets,Assets,291096643,USD,,2023-03-31,2023-05-10,10-Q,0001493152-23-016116,2023,Q1,https://data.sec.gov/api/xbrl/companyfacts/CIK0001509470.json,2026-10-10T12:46:59.006542+00:00,A_VERIFIER_IDENTITE_ET_PERIODE
0GV.F,0001509470,Assets,Assets,262956993,USD,,2023-06-30,2023-08-09,10-Q,0001493152-23-027374,2023,Q2,https://data.sec.gov/api/xbrl/companyfacts/CIK0001509470.json,2026-10-10T12:46:59.006554+00:00,A_VERIFIER_IDENTITE_ET_PERIODE
0GV.F,0001509470,Assets,Assets,288976828,USD,,2023-09-30,2023-11-09,10-Q,0001493152-23-040034,2023,Q3,https://data.sec.gov/api/xbrl/companyfacts/CIK0001509470.json,2026-10-10T12:46:59.006567+00:00,A_VERIFIER_IDENTITE_ET_PERIODE
0GV.F,0001509470,Assets,Assets,277601684,USD,,2023-12-31,2024-03-14,10-K,0001493152-24-009905,2023,FY,https://data.sec.gov/api/xbrl/companyfacts/CIK0001509470.json,2026-10-10T12:46:59.006578+00:00,A_VERIFIER_IDENTITE_ET_PERIODE
0GV.F,0001509470,Assets,Assets,277601684,USD,,2023-12-31,2024-05-09,10-Q,0001493152-24-018344,2024,Q1,https://data.sec.gov/api/xbrl/companyfacts/CIK0001509470.json,2026-10-10T12:46:59.006590+00:00,A_VERIFIER_IDENTITE_ET_PERIODE
0GV.F,0001509470,Assets,Assets,277601684,USD,,2023-12-31,2024-08-08,10-Q,0001493152-24-030665,2024,Q2,https://data.sec.gov/api/xbrl/companyfacts/CIK0001509470.json,2026-10-10T12:46:59.006602+00:00,A_VERIFIER_IDENTITE_ET_PERIODE
0GV.F,0001509470,Assets,Assets,277601684,USD,,2023-12-31,2024-11-08,10-Q,0001493152-24-044171,2024,Q3,https://data.sec.gov/api/xbrl/companyfacts/CIK0001509470.json,2026-10-10T12:46:59.006614+00:00,A_VERIFIER_IDENTITE_ET_PERIODE
0GV.F,0001509470,Assets,Assets,277601684,USD,,2023-12-31,2025-03-12,10-K,0001493152-25-009940,2024,FY,https://data.sec.gov/api/xbrl/companyfacts/CIK0001509470.json,2026-10-10T12:46:59.006626+00:00,A_VERIFIER_IDENTITE_ET_PERIODE
0GV.F,0001509470,Assets,Assets,256870892,USD,,2024-03-31,2024-05-09,10-Q,0001493152-24-018344,2024,Q1,https://data.sec.gov/api/xbrl/companyfacts/CIK0001509470.json,2026-10-10T12:46:59.006639+00:00,A_VERIFIER_IDENTITE_ET_PERIODE
0GV.F,0001509470,Assets,Assets,238283171,USD,,2024-06-30,2024-08-08,10-Q,0001493152-24-030665,2024,Q2,https://data.sec.gov/api/xbrl/companyfacts/CIK0001509470.json,2026-10-10T12:46:59.006650+00:00,A_VERIFIER_IDENTITE_ET_PERIODE
0GV.F,0001509470,Assets,Assets,233781849,USD,,2024-09-30,2024-11-08,10-Q,0001493152-24-044171,2024,Q3,https://data.sec.gov/api/xbrl/companyfacts/CIK0001509470.json,2026-10-10T12:46:59.006662+00:00,A_VERIFIER_IDENTITE_ET_PERIODE
0GV.F,0001509470,Assets,Assets,231599593,USD,,2024-12-31,2025-03-12,10-K,0001493152-25-009940,2024,FY,https://data.sec.gov/api/xbrl/companyfacts/CIK0001509470.json,2026-10-10T12:46:59.006674+00:00,A_VERIFIER_IDENTITE_ET_PERIODE
0GV.F,0001509470,Assets,Assets,231599593,USD,,2024-12-31,2025-05-07,10-Q,0001641172-25-008970,2025,Q1,https://data.sec.gov/api/xbrl/companyfacts/CIK0001509470.json,2026-10-10T12:46:59.006686+00:00,A_VERIFIER_IDENTITE_ET_PERIODE
0GV.F,0001509470,Assets,Assets,231599593,USD,,2024-12-31,2025-08-07,10-Q,0001493152-25-011683,2025,Q2,https://data.sec.gov/api/xbrl/companyfacts/CIK0001509470.json,2026-10-10T12:46:59.006697+00:00,A_VERIFIER_IDENTITE_ET_PERIODE
0GV.F,0001509470,Assets,Assets,231599593,USD,,2024-12-31,2025-11-06,10-Q,0001493152-25-020943,2025,Q3,https://data.sec.gov/api/xbrl/companyfacts/CIK0001509470.json,2026-10-10T12:46:59.006709+00:00,A_VERIFIER_IDENTITE_ET_PERIODE
0GV.F,0001509470,Assets,Assets,231599593,USD,,2024-12-31,2026-03-11,10-K,0001493152-26-009641,2025,FY,https://data.sec.gov/api/xbrl/companyfacts/CIK0001509470.json,2026-10-10T12:46:59.006720+00:00,A_VERIFIER_IDENTITE_ET_PERIODE
0GV.F,0001509470,Assets,Assets,231667159,USD,,2025-03-31,2025-05-07,10-Q,0001641172-25-008970,2025,Q1,https://data.sec.gov/api/xbrl/companyfacts/CIK0001509470.json,2026-10-10T12:46:59.006732+00:00,A_VERIFIER_IDENTITE_ET_PERIODE
0GV.F,0001509470,Assets,Assets,295053224,USD,,2025-06-30,2025-08-07,10-Q,0001493152-25-011683,2025,Q2,https://data.sec.gov/api/xbrl/companyfacts/CIK0001509470.json,2026-10-10T12:46:59.006744+00:00,A_VERIFIER_IDENTITE_ET_PERIODE
0GV.F,0001509470,Assets,Assets,308301950,USD,,2025-09-30,2025-11-06,10-Q,0001493152-25-020943,2025,Q3,https://data.sec.gov/api/xbrl/companyfacts/CIK0001509470.json,2026-10-10T12:46:59.006755+00:00,A_VERIFIER_IDENTITE_ET_PERIODE
0GV.F,0001509470,Assets,Assets,276018722,USD,,2025-12-31,2026-03-11,10-K,0001493152-26-009641,2025,FY,https://data.sec.gov/api/xbrl/companyfacts/CIK0001509470.json,2026-10-10T12:46:59.006767+00:00,A_VERIFIER_IDENTITE_ET_PERIODE
0GV.F,0001509470,Assets,Assets,276018722,USD,,2025-12-31,2026-05-06,10-Q,0001493152-26-021430,2026,Q1,https://data.sec.gov/api/xbrl/companyfacts/CIK0001509470.json,2026-10-10T12:46:59.006778+00:00,A_VERIFIER_IDENTITE_ET_PERIODE
0GV.F,0001509470,Assets,Assets,276018722,USD,,2025-12-31,2026-08-06,10-Q,0001493152-26-036285,2026,Q2,https://data.sec.gov/api/xbrl/companyfacts/CIK0001509470.json,2026-10-10T12:46:59.006790+00:00,A_VERIFIER_IDENTITE_ET_PERIODE
0GV.F,0001509470,Assets,Assets,433266156,USD,,2026-03-31,2026-05-06,10-Q,0001493152-26-021430,2026,Q1,https://data.sec.gov/api/xbrl/companyfacts/CIK0001509470.json,2026-10-10T12:46:59.006801+00:00,A_VERIFIER_IDENTITE_ET_PERIODE
0GV.F,0001509470,Assets,Assets,420124274,USD,,2026-06-30,2026-08-06,10-Q,0001493152-26-036285,2026,Q2,https://data.sec.gov/api/xbrl/companyfacts/CIK0001509470.json,2026-10-10T12:46:59.006812+00:00,A_VERIFIER_IDENTITE_ET_PERIODE
0GV.F,0001509470,Liabilities,Liabilities,97469203,USD,,2021-12-31,2022-11-09,10-Q,0001493152-22-031063,2022,Q3,https://data.sec.gov/api/xbrl/companyfacts/CIK0001509470.json,2026-10-10T12:46:59.006828+00:00,A_VERIFIER_IDENTITE_ET_PERIODE
0GV.F,0001509470,Liabilities,Liabilities,97469203,USD,,2021-12-31,2023-03-16,10-K,0001493152-23-007850,2022,FY,https://data.sec.gov/api/xbrl/companyfacts/CIK0001509470.json,2026-10-10T12:46:59.006839+00:00,A_VERIFIER_IDENTITE_ET_PERIODE
0GV.F,0001509470,Liabilities,Liabilities,77078233,USD,,2022-09-30,2022-11-09,10-Q,0001493152-22-031063,2022,Q3,https://data.sec.gov/api/xbrl/companyfacts/CIK0001509470.json,2026-10-10T12:46:59.006852+00:00,A_VERIFIER_IDENTITE_ET_PERIODE
0GV.F,0001509470,Liabilities,Liabilities,74392156,USD,,2022-12-31,2023-03-16,10-K,0001493152-23-007850,2022,FY,https://data.sec.gov/api/xbrl/companyfacts/CIK0001509470.json,2026-10-10T12:46:59.006863+00:00,A_VERIFIER_IDENTITE_ET_PERIODE
0GV.F,0001509470,Liabilities,Liabilities,74392156,USD,,2022-12-31,2023-05-10,10-Q,0001493152-23-016116,2023,Q1,https://data.sec.gov/api/xbrl/companyfacts/CIK0001509470.json,2026-10-10T12:46:59.006874+00:00,A_VERIFIER_IDENTITE_ET_PERIODE
0GV.F,0001509470,Liabilities,Liabilities,74392156,USD,,2022-12-31,2023-08-09,10-Q,0001493152-23-027374,2023,Q2,https://data.sec.gov/api/xbrl/companyfacts/CIK0001509470.json,2026-10-10T12:46:59.006886+00:00,A_VERIFIER_IDENTITE_ET_PERIODE
0GV.F,0001509470,Liabilities,Liabilities,74392156,USD,,2022-12-31,2023-11-09,10-Q,0001493152-23-040034,2023,Q3,https://data.sec.gov/api/xbrl/companyfacts/CIK0001509470.json,2026-10-10T12:46:59.006897+00:00,A_VERIFIER_IDENTITE_ET_PERIODE
0GV.F,0001509470,Liabilities,Liabilities,74392156,USD,,2022-12-31,2024-03-14,10-K,0001493152-24-009905,2023,FY,https://data.sec.gov/api/xbrl/companyfacts/CIK0001509470.json,2026-10-10T12:46:59.006908+00:00,A_VERIFIER_IDENTITE_ET_PERIODE
0GV.F,0001509470,Liabilities,Liabilities,76053574,USD,,2023-03-31,2023-05-10,10-Q,0001493152-23-016116,2023,Q1,https://data.sec.gov/api/xbrl/companyfacts/CIK0001509470.json,2026-10-10T12:46:59.006919+00:00,A_VERIFIER_IDENTITE_ET_PERIODE
0GV.F,0001509470,Liabilities,Liabilities,76264269,USD,,2023-06-30,2023-08-09,10-Q,0001493152-23-027374,2023,Q2,https://data.sec.gov/api/xbrl/companyfacts/CIK0001509470.json,2026-10-10T12:46:59.006930+00:00,A_VERIFIER_IDENTITE_ET_PERIODE
0GV.F,0001509470,Liabilities,Liabilities,77005785,USD,,2023-09-30,2023-11-09,10-Q,0001493152-23-040034,2023,Q3,https://data.sec.gov/api/xbrl/companyfacts/CIK0001509470.json,2026-10-10T12:46:59.006941+00:00,A_VERIFIER_IDENTITE_ET_PERIODE
0GV.F,0001509470,Liabilities,Liabilities,74244038,USD,,2023-12-31,2024-03-14,10-K,0001493152-24-009905,2023,FY,https://data.sec.gov/api/xbrl/companyfacts/CIK0001509470.json,2026-10-10T12:46:59.006952+00:00,A_VERIFIER_IDENTITE_ET_PERIODE
0GV.F,0001509470,Liabilities,Liabilities,74244038,USD,,2023-12-31,2024-05-09,10-Q,0001493152-24-018344,2024,Q1,https://data.sec.gov/api/xbrl/companyfacts/CIK0001509470.json,2026-10-10T12:46:59.006964+00:00,A_VERIFIER_IDENTITE_ET_PERIODE
0GV.F,0001509470,Liabilities,Liabilities,74244038,USD,,2023-12-31,2024-08-08,10-Q,0001493152-24-030665,2024,Q2,https://data.sec.gov/api/xbrl/companyfacts/CIK0001509470.json,2026-10-10T12:46:59.006975+00:00,A_VERIFIER_IDENTITE_ET_PERIODE
0GV.F,0001509470,Liabilities,Liabilities,74244038,USD,,2023-12-31,2024-11-08,10-Q,0001493152-24-044171,2024,Q3,https://data.sec.gov/api/xbrl/companyfacts/CIK0001509470.json,2026-10-10T12:46:59.006986+00:00,A_VERIFIER_IDENTITE_ET_PERIODE
0GV.F,0001509470,Liabilities,Liabilities,74244038,USD,,2023-12-31,2025-03-12,10-K,0001493152-25-009940,2024,FY,https://data.sec.gov/api/xbrl/companyfacts/CIK0001509470.json,2026-10-10T12:46:59.006997+00:00,A_VERIFIER_IDENTITE_ET_PERIODE
0GV.F,0001509470,Liabilities,Liabilities,75149757,USD,,2024-03-31,2024-05-09,10-Q,0001493152-24-018344,2024,Q1,https://data.sec.gov/api/xbrl/companyfacts/CIK0001509470.json,2026-10-10T12:46:59.007008+00:00,A_VERIFIER_IDENTITE_ET_PERIODE
0GV.F,0001509470,Liabilities,Liabilities,75970980,USD,,2024-06-30,2024-08-08,10-Q,0001493152-24-030665,2024,Q2,https://data.sec.gov/api/xbrl/companyfacts/CIK0001509470.json,2026-10-10T12:46:59.007020+00:00,A_VERIFIER_IDENTITE_ET_PERIODE
0GV.F,0001509470,Liabilities,Liabilities,76344642,USD,,2024-09-30,2024-11-08,10-Q,0001493152-24-044171,2024,Q3,https://data.sec.gov/api/xbrl/companyfacts/CIK0001509470.json,2026-10-10T12:46:59.007031+00:00,A_VERIFIER_IDENTITE_ET_PERIODE
0GV.F,0001509470,Liabilities,Liabilities,74027507,USD,,2024-12-31,2025-03-12,10-K,0001493152-25-009940,2024,FY,https://data.sec.gov/api/xbrl/companyfacts/CIK0001509470.json,2026-10-10T12:46:59.007042+00:00,A_VERIFIER_IDENTITE_ET_PERIODE
0GV.F,0001509470,Liabilities,Liabilities,74027507,USD,,2024-12-31,2025-05-07,10-Q,0001641172-25-008970,2025,Q1,https://data.sec.gov/api/xbrl/companyfacts/CIK0001509470.json,2026-10-10T12:46:59.007053+00:00,A_VERIFIER_IDENTITE_ET_PERIODE
0GV.F,0001509470,Liabilities,Liabilities,74027507,USD,,2024-12-31,2025-08-07,10-Q,0001493152-25-011683,2025,Q2,https://data.sec.gov/api/xbrl/companyfacts/CIK0001509470.json,2026-10-10T12:46:59.007064+00:00,A_VERIFIER_IDENTITE_ET_PERIODE
0GV.F,0001509470,Liabilities,Liabilities,74027507,USD,,2024-12-31,2025-11-06,10-Q,0001493152-25-020943,2025,Q3,https://data.sec.gov/api/xbrl/companyfacts/CIK0001509470.json,2026-10-10T12:46:59.007075+00:00,A_VERIFIER_IDENTITE_ET_PERIODE
0GV.F,0001509470,Liabilities,Liabilities,74027507,USD,,2024-12-31,2026-03-11,10-K,0001493152-26-009641,2025,FY,https://data.sec.gov/api/xbrl/companyfacts/CIK0001509470.json,2026-10-10T12:46:59.007086+00:00,A_VERIFIER_IDENTITE_ET_PERIODE
0GV.F,0001509470,Liabilities,Liabilities,74863004,USD,,2025-03-31,2025-05-07,10-Q,0001641172-25-008970,2025,Q1,https://data.sec.gov/api/xbrl/companyfacts/CIK0001509470.json,2026-10-10T12:46:59.007098+00:00,A_VERIFIER_IDENTITE_ET_PERIODE
0GV.F,0001509470,Liabilities,Liabilities,75643629,USD,,2025-06-30,2025-08-07,10-Q,0001493152-25-011683,2025,Q2,https://data.sec.gov/api/xbrl/companyfacts/CIK0001509470.json,2026-10-10T12:46:59.007109+00:00,A_VERIFIER_IDENTITE_ET_PERIODE
0GV.F,0001509470,Liabilities,Liabilities,76514922,USD,,2025-09-30,2025-11-06,10-Q,0001493152-25-020943,2025,Q3,https://data.sec.gov/api/xbrl/companyfacts/CIK0001509470.json,2026-10-10T12:46:59.007120+00:00,A_VERIFIER_IDENTITE_ET_PERIODE
0GV.F,0001509470,Liabilities,Liabilities,70702471,USD,,2025-12-31,2026-03-11,10-K,0001493152-26-009641,2025,FY,https://data.sec.gov/api/xbrl/companyfacts/CIK0001509470.json,2026-10-10T12:46:59.007131+00:00,A_VERIFIER_IDENTITE_ET_PERIODE
0GV.F,0001509470,Liabilities,Liabilities,70702471,USD,,2025-12-31,2026-05-06,10-Q,0001493152-26-021430,2026,Q1,https://data.sec.gov/api/xbrl/companyfacts/CIK0001509470.json,2026-10-10T12:46:59.007142+00:00,A_VERIFIER_IDENTITE_ET_PERIODE
0GV.F,0001509470,Liabilities,Liabilities,70702471,USD,,2025-12-31,2026-08-06,10-Q,0001493152-26-036285,2026,Q2,https://data.sec.gov/api/xbrl/companyfacts/CIK0001509470.json,2026-10-10T12:46:59.007153+00:00,A_VERIFIER_IDENTITE_ET_PERIODE
0GV.F,0001509470,Liabilities,Liabilities,71714574,USD,,2026-03-31,2026-05-06,10-Q,0001493152-26-021430,2026,Q1,https://data.sec.gov/api/xbrl/companyfacts/CIK0001509470.json,2026-10-10T12:46:59.007175+00:00,A_VERIFIER_IDENTITE_ET_PERIODE
0GV.F,0001509470,Liabilities,Liabilities,64267288,USD,,2026-06-30,2026-08-06,10-Q,0001493152-26-036285,2026,Q2,https://data.sec.gov/api/xbrl/companyfacts/CIK0001509470.json,2026-10-10T12:46:59.007188+00:00,A_VERIFIER_IDENTITE_ET_PERIODE
0GV.F,0001509470,NetIncome,NetIncomeLoss,-23692247,USD,2020-01-01,2020-03-31,2023-03-16,10-K,0001493152-23-007850,2022,FY,https://data.sec.gov/api/xbrl/companyfacts/CIK0001509470.json,2026-10-10T12:46:59.007203+00:00,A_VERIFIER_IDENTITE_ET_PERIODE
0GV.F,0001509470,NetIncome,NetIncomeLoss,21830820,USD,2020-04-01,2020-06-30,2023-03-16,10-K,0001493152-23-007850,2022,FY,https://data.sec.gov/api/xbrl/companyfacts/CIK0001509470.json,2026-10-10T12:46:59.007214+00:00,A_VERIFIER_IDENTITE_ET_PERIODE
0GV.F,0001509470,NetIncome,NetIncomeLoss,15919941,USD,2020-07-01,2020-09-30,2023-03-16,10-K,0001493152-23-007850,2022,FY,https://data.sec.gov/api/xbrl/companyfacts/CIK0001509470.json,2026-10-10T12:46:59.007227+00:00,A_VERIFIER_IDENTITE_ET_PERIODE
0GV.F,0001509470,NetIncome,NetIncomeLoss,75337438,USD,2020-01-01,2020-12-31,2023-03-16,10-K,0001493152-23-007850,2022,FY,https://data.sec.gov/api/xbrl/companyfacts/CIK0001509470.json,2026-10-10T12:46:59.007240+00:00,A_VERIFIER_IDENTITE_ET_PERIODE
0GV.F,0001509470,NetIncome,NetIncomeLoss,61278924,USD,2020-10-01,2020-12-31,2023-03-16,10-K,0001493152-23-007850,2022,FY,https://data.sec.gov/api/xbrl/companyfacts/CIK0001509470.json,2026-10-10T12:46:59.007251+00:00,A_VERIFIER_IDENTITE_ET_PERIODE
0GV.F,0001509470,NetIncome,NetIncomeLoss,108002363,USD,2021-01-01,2021-03-31,2023-03-16,10-K,0001493152-23-007850,2022,FY,https://data.sec.gov/api/xbrl/companyfacts/CIK0001509470.json,2026-10-10T12:46:59.007263+00:00,A_VERIFIER_IDENTITE_ET_PERIODE
0GV.F,0001509470,NetIncome,NetIncomeLoss,108002363,USD,2021-01-01,2021-03-31,2024-03-14,10-K,0001493152-24-009905,2023,FY,https://data.sec.gov/api/xbrl/companyfacts/CIK0001509470.json,2026-10-10T12:46:59.007274+00:00,A_VERIFIER_IDENTITE_ET_PERIODE
0GV.F,0001509470,NetIncome,NetIncomeLoss,33357064,USD,2021-04-01,2021-06-30,2023-03-16,10-K,0001493152-23-007850,2022,FY,https://data.sec.gov/api/xbrl/companyfacts/CIK0001509470.json,2026-10-10T12:46:59.007286+00:00,A_VERIFIER_IDENTITE_ET_PERIODE
0GV.F,0001509470,NetIncome,NetIncomeLoss,33357064,USD,2021-04-01,2021-06-30,2024-03-14,10-K,0001493152-24-009905,2023,FY,https://data.sec.gov/api/xbrl/companyfacts/CIK0001509470.json,2026-10-10T12:46:59.007297+00:00,A_VERIFIER_IDENTITE_ET_PERIODE
0GV.F,0001509470,NetIncome,NetIncomeLoss,15248404,USD,2021-07-01,2021-09-30,2023-03-16,10-K,0001493152-23-007850,2022,FY,https://data.sec.gov/api/xbrl/companyfacts/CIK0001509470.json,2026-10-10T12:46:59.007308+00:00,A_VERIFIER_IDENTITE_ET_PERIODE
0GV.F,0001509470,NetIncome,NetIncomeLoss,15248404,USD,2021-07-01,2021-09-30,2024-03-14,10-K,0001493152-24-009905,2023,FY,https://data.sec.gov/api/xbrl/companyfacts/CIK0001509470.json,2026-10-10T12:46:59.007319+00:00,A_VERIFIER_IDENTITE_ET_PERIODE
0GV.F,0001509470,NetIncome,NetIncomeLoss,147071721,USD,2021-01-01,2021-12-31,2023-03-16,10-K,0001493152-23-007850,2022,FY,https://data.sec.gov/api/xbrl/companyfacts/CIK0001509470.json,2026-10-10T12:46:59.007331+00:00,A_VERIFIER_IDENTITE_ET_PERIODE
0GV.F,0001509470,NetIncome,NetIncomeLoss,147071721,USD,2021-01-01,2021-12-31,2024-03-14,10-K,0001493152-24-009905,2023,FY,https://data.sec.gov/api/xbrl/companyfacts/CIK0001509470.json,2026-10-10T12:46:59.007342+00:00,A_VERIFIER_IDENTITE_ET_PERIODE
0GV.F,0001509470,NetIncome,NetIncomeLoss,-9536110,USD,2021-10-01,2021-12-31,2023-03-16,10-K,0001493152-23-007850,2022,FY,https://data.sec.gov/api/xbrl/companyfacts/CIK0001509470.json,2026-10-10T12:46:59.007354+00:00,A_VERIFIER_IDENTITE_ET_PERIODE
0GV.F,0001509470,NetIncome,NetIncomeLoss,-9536110,USD,2021-10-01,2021-12-31,2024-03-14,10-K,0001493152-24-009905,2023,FY,https://data.sec.gov/api/xbrl/companyfacts/CIK0001509470.json,2026-10-10T12:46:59.007365+00:00,A_VERIFIER_IDENTITE_ET_PERIODE
0GV.F,0001509470,NetIncome,NetIncomeLoss,20456455,USD,2022-01-01,2022-03-31,2023-03-16,10-K,0001493152-23-007850,2022,FY,https://data.sec.gov/api/xbrl/companyfacts/CIK0001509470.json,2026-10-10T12:46:59.007377+00:00,A_VERIFIER_IDENTITE_ET_PERIODE
0GV.F,0001509470,NetIncome,NetIncomeLoss,20456455,USD,2022-01-01,2022-03-31,2023-05-10,10-Q,0001493152-23-016116,2023,Q1,https://data.sec.gov/api/xbrl/companyfacts/CIK0001509470.json,2026-10-10T12:46:59.007388+00:00,A_VERIFIER_IDENTITE_ET_PERIODE
0GV.F,0001509470,NetIncome,NetIncomeLoss,20456455,USD,2022-01-01,2022-03-31,2023-08-09,10-Q,0001493152-23-027374,2023,Q2,https://data.sec.gov/api/xbrl/companyfacts/CIK0001509470.json,2026-10-10T12:46:59.007400+00:00,A_VERIFIER_IDENTITE_ET_PERIODE
0GV.F,0001509470,NetIncome,NetIncomeLoss,20456455,USD,2022-01-01,2022-03-31,2023-11-09,10-Q,0001493152-23-040034,2023,Q3,https://data.sec.gov/api/xbrl/companyfacts/CIK0001509470.json,2026-10-10T12:46:59.007411+00:00,A_VERIFIER_IDENTITE_ET_PERIODE
0GV.F,0001509470,NetIncome,NetIncomeLoss,20456455,USD,2022-01-01,2022-03-31,2024-03-14,10-K,0001493152-24-009905,2023,FY,https://data.sec.gov/api/xbrl/companyfacts/CIK0001509470.json,2026-10-10T12:46:59.007422+00:00,A_VERIFIER_IDENTITE_ET_PERIODE
0GV.F,0001509470,NetIncome,NetIncomeLoss,20456455,USD,2022-01-01,2022-03-31,2025-03-12,10-K,0001493152-25-009940,2024,FY,https://data.sec.gov/api/xbrl/companyfacts/CIK0001509470.json,2026-10-10T12:46:59.007433+00:00,A_VERIFIER_IDENTITE_ET_PERIODE
0GV.F,0001509470,NetIncome,NetIncomeLoss,-73883233,USD,2022-01-01,2022-06-30,2023-08-09,10-Q,0001493152-23-027374,2023,Q2,https://data.sec.gov/api/xbrl/companyfacts/CIK0001509470.json,2026-10-10T12:46:59.007445+00:00,A_VERIFIER_IDENTITE_ET_PERIODE
0GV.F,0001509470,NetIncome,NetIncomeLoss,-94339688,USD,2022-04-01,2022-06-30,2023-03-16,10-K,0001493152-23-007850,2022,FY,https://data.sec.gov/api/xbrl/companyfacts/CIK0001509470.json,2026-10-10T12:46:59.007456+00:00,A_VERIFIER_IDENTITE_ET_PERIODE
0GV.F,0001509470,NetIncome,NetIncomeLoss,-94339688,USD,2022-04-01,2022-06-30,2023-08-09,10-Q,0001493152-23-027374,2023,Q2,https://data.sec.gov/api/xbrl/companyfacts/CIK0001509470.json,2026-10-10T12:46:59.007467+00:00,A_VERIFIER_IDENTITE_ET_PERIODE
0GV.F,0001509470,NetIncome,NetIncomeLoss,-94339688,USD,2022-04-01,2022-06-30,2023-11-09,10-Q,0001493152-23-040034,2023,Q3,https://data.sec.gov/api/xbrl/companyfacts/CIK0001509470.json,2026-10-10T12:46:59.007479+00:00,A_VERIFIER_IDENTITE_ET_PERIODE
0GV.F,0001509470,NetIncome,NetIncomeLoss,-94339688,USD,2022-04-01,2022-06-30,2024-03-14,10-K,0001493152-24-009905,2023,FY,https://data.sec.gov/api/xbrl/companyfacts/CIK0001509470.json,2026-10-10T12:46:59.007490+00:00,A_VERIFIER_IDENTITE_ET_PERIODE
0GV.F,0001509470,NetIncome,NetIncomeLoss,-94339688,USD,2022-04-01,2022-06-30,2025-03-12,10-K,0001493152-25-009940,2024,FY,https://data.sec.gov/api/xbrl/companyfacts/CIK0001509470.json,2026-10-10T12:46:59.007502+00:00,A_VERIFIER_IDENTITE_ET_PERIODE
0GV.F,0001509470,NetIncome,NetIncomeLoss,-119785483,USD,2022-01-01,2022-09-30,2023-11-09,10-Q,0001493152-23-040034,2023,Q3,https://data.sec.gov/api/xbrl/companyfacts/CIK0001509470.json,2026-10-10T12:46:59.007514+00:00,A_VERIFIER_IDENTITE_ET_PERIODE
0GV.F,0001509470,NetIncome,NetIncomeLoss,-45902250,USD,2022-07-01,2022-09-30,2023-03-16,10-K,0001493152-23-007850,2022,FY,https://data.sec.gov/api/xbrl/companyfacts/CIK0001509470.json,2026-10-10T12:46:59.007525+00:00,A_VERIFIER_IDENTITE_ET_PERIODE
0GV.F,0001509470,NetIncome,NetIncomeLoss,-45902250,USD,2022-07-01,2022-09-30,2023-11-09,10-Q,0001493152-23-040034,2023,Q3,https://data.sec.gov/api/xbrl/companyfacts/CIK0001509470.json,2026-10-10T12:46:59.007536+00:00,A_VERIFIER_IDENTITE_ET_PERIODE
0GV.F,0001509470,NetIncome,NetIncomeLoss,-45902250,USD,2022-07-01,2022-09-30,2024-03-14,10-K,0001493152-24-009905,2023,FY,https://data.sec.gov/api/xbrl/companyfacts/CIK0001509470.json,2026-10-10T12:46:59.007547+00:00,A_VERIFIER_IDENTITE_ET_PERIODE
0GV.F,0001509470,NetIncome,NetIncomeLoss,-45902250,USD,2022-07-01,2022-09-30,2025-03-12,10-K,0001493152-25-009940,2024,FY,https://data.sec.gov/api/xbrl/companyfacts/CIK0001509470.json,2026-10-10T12:46:59.007559+00:00,A_VERIFIER_IDENTITE_ET_PERIODE
0GV.F,0001509470,NetIncome,NetIncomeLoss,-132177053,USD,2022-01-01,2022-12-31,2023-03-16,10-K,0001493152-23-007850,2022,FY,https://data.sec.gov/api/xbrl/companyfacts/CIK0001509470.json,2026-10-10T12:46:59.007570+00:00,A_VERIFIER_IDENTITE_ET_PERIODE
0GV.F,0001509470,NetIncome,NetIncomeLoss,-132177053,USD,2022-01-01,2022-12-31,2024-03-14,10-K,0001493152-24-009905,2023,FY,https://data.sec.gov/api/xbrl/companyfacts/CIK0001509470.json,2026-10-10T12:46:59.007581+00:00,A_VERIFIER_IDENTITE_ET_PERIODE
0GV.F,0001509470,NetIncome,NetIncomeLoss,-132177053,USD,2022-01-01,2022-12-31,2025-03-12,10-K,0001493152-25-009940,2024,FY,https://data.sec.gov/api/xbrl/companyfacts/CIK0001509470.json,2026-10-10T12:46:59.007593+00:00,A_VERIFIER_IDENTITE_ET_PERIODE
0GV.F,0001509470,NetIncome,NetIncomeLoss,-12391570,USD,2022-10-01,2022-12-31,2023-03-16,10-K,0001493152-23-007850,2022,FY,https://data.sec.gov/api/xbrl/companyfacts/CIK0001509470.json,2026-10-10T12:46:59.007604+00:00,A_VERIFIER_IDENTITE_ET_PERIODE
0GV.F,0001509470,NetIncome,NetIncomeLoss,-12391570,USD,2022-10-01,2022-12-31,2024-03-14,10-K,0001493152-24-009905,2023,FY,https://data.sec.gov/api/xbrl/companyfacts/CIK0001509470.json,2026-10-10T12:46:59.007615+00:00,A_VERIFIER_IDENTITE_ET_PERIODE
0GV.F,0001509470,NetIncome,NetIncomeLoss,-12391570,USD,2022-10-01,2022-12-31,2025-03-12,10-K,0001493152-25-009940,2024,FY,https://data.sec.gov/api/xbrl/companyfacts/CIK0001509470.json,2026-10-10T12:46:59.007626+00:00,A_VERIFIER_IDENTITE_ET_PERIODE
0GV.F,0001509470,NetIncome,NetIncomeLoss,4616509,USD,2023-01-01,2023-03-31,2023-05-10,10-Q,0001493152-23-016116,2023,Q1,https://data.sec.gov/api/xbrl/companyfacts/CIK0001509470.json,2026-10-10T12:46:59.007638+00:00,A_VERIFIER_IDENTITE_ET_PERIODE
0GV.F,0001509470,NetIncome,NetIncomeLoss,4616509,USD,2023-01-01,2023-03-31,2023-08-09,10-Q,0001493152-23-027374,2023,Q2,https://data.sec.gov/api/xbrl/companyfacts/CIK0001509470.json,2026-10-10T12:46:59.007649+00:00,A_VERIFIER_IDENTITE_ET_PERIODE
0GV.F,0001509470,NetIncome,NetIncomeLoss,4616509,USD,2023-01-01,2023-03-31,2023-11-09,10-Q,0001493152-23-040034,2023,Q3,https://data.sec.gov/api/xbrl/companyfacts/CIK0001509470.json,2026-10-10T12:46:59.007660+00:00,A_VERIFIER_IDENTITE_ET_PERIODE
0GV.F,0001509470,NetIncome,NetIncomeLoss,4616509,USD,2023-01-01,2023-03-31,2024-03-14,10-K,0001493152-24-009905,2023,FY,https://data.sec.gov/api/xbrl/companyfacts/CIK0001509470.json,2026-10-10T12:46:59.007672+00:00,A_VERIFIER_IDENTITE_ET_PERIODE
0GV.F,0001509470,NetIncome,NetIncomeLoss,4616509,USD,2023-01-01,2023-03-31,2024-05-09,10-Q,0001493152-24-018344,2024,Q1,https://data.sec.gov/api/xbrl/companyfacts/CIK0001509470.json,2026-10-10T12:46:59.007683+00:00,A_VERIFIER_IDENTITE_ET_PERIODE
0GV.F,0001509470,NetIncome,NetIncomeLoss,4616509,USD,2023-01-01,2023-03-31,2024-08-08,10-Q,0001493152-24-030665,2024,Q2,https://data.sec.gov/api/xbrl/companyfacts/CIK0001509470.json,2026-10-10T12:46:59.007694+00:00,A_VERIFIER_IDENTITE_ET_PERIODE
0GV.F,0001509470,NetIncome,NetIncomeLoss,4616509,USD,2023-01-01,2023-03-31,2024-11-08,10-Q,0001493152-24-044171,2024,Q3,https://data.sec.gov/api/xbrl/companyfacts/CIK0001509470.json,2026-10-10T12:46:59.007706+00:00,A_VERIFIER_IDENTITE_ET_PERIODE
0GV.F,0001509470,NetIncome,NetIncomeLoss,4616509,USD,2023-01-01,2023-03-31,2025-03-12,10-K,0001493152-25-009940,2024,FY,https://data.sec.gov/api/xbrl/companyfacts/CIK0001509470.json,2026-10-10T12:46:59.007717+00:00,A_VERIFIER_IDENTITE_ET_PERIODE
0GV.F,0001509470,NetIncome,NetIncomeLoss,4616509,USD,2023-01-01,2023-03-31,2026-03-11,10-K,0001493152-26-009641,2025,FY,https://data.sec.gov/api/xbrl/companyfacts/CIK0001509470.json,2026-10-10T12:46:59.007728+00:00,A_VERIFIER_IDENTITE_ET_PERIODE
0GV.F,0001509470,NetIncome,NetIncomeLoss,-11003515,USD,2023-01-01,2023-06-30,2023-08-09,10-Q,0001493152-23-027374,2023,Q2,https://data.sec.gov/api/xbrl/companyfacts/CIK0001509470.json,2026-10-10T12:46:59.007740+00:00,A_VERIFIER_IDENTITE_ET_PERIODE
0GV.F,0001509470,NetIncome,NetIncomeLoss,-11003515,USD,2023-01-01,2023-06-30,2024-08-08,10-Q,0001493152-24-030665,2024,Q2,https://data.sec.gov/api/xbrl/companyfacts/CIK0001509470.json,2026-10-10T12:46:59.007751+00:00,A_VERIFIER_IDENTITE_ET_PERIODE
0GV.F,0001509470,NetIncome,NetIncomeLoss,-15620024,USD,2023-04-01,2023-06-30,2023-08-09,10-Q,0001493152-23-027374,2023,Q2,https://data.sec.gov/api/xbrl/companyfacts/CIK0001509470.json,2026-10-10T12:46:59.007762+00:00,A_VERIFIER_IDENTITE_ET_PERIODE
0GV.F,0001509470,NetIncome,NetIncomeLoss,-15620024,USD,2023-04-01,2023-06-30,2023-11-09,10-Q,0001493152-23-040034,2023,Q3,https://data.sec.gov/api/xbrl/companyfacts/CIK0001509470.json,2026-10-10T12:46:59.007774+00:00,A_VERIFIER_IDENTITE_ET_PERIODE
0GV.F,0001509470,NetIncome,NetIncomeLoss,-15620024,USD,2023-04-01,2023-06-30,2024-03-14,10-K,0001493152-24-009905,2023,FY,https://data.sec.gov/api/xbrl/companyfacts/CIK0001509470.json,2026-10-10T12:46:59.007785+00:00,A_VERIFIER_IDENTITE_ET_PERIODE
0GV.F,0001509470,NetIncome,NetIncomeLoss,-15620024,USD,2023-04-01,2023-06-30,2024-08-08,10-Q,0001493152-24-030665,2024,Q2,https://data.sec.gov/api/xbrl/companyfacts/CIK0001509470.json,2026-10-10T12:46:59.007796+00:00,A_VERIFIER_IDENTITE_ET_PERIODE
0GV.F,0001509470,NetIncome,NetIncomeLoss,-15620024,USD,2023-04-01,2023-06-30,2024-11-08,10-Q,0001493152-24-044171,2024,Q3,https://data.sec.gov/api/xbrl/companyfacts/CIK0001509470.json,2026-10-10T12:46:59.007807+00:00,A_VERIFIER_IDENTITE_ET_PERIODE
0GV.F,0001509470,NetIncome,NetIncomeLoss,-15620024,USD,2023-04-01,2023-06-30,2025-03-12,10-K,0001493152-25-009940,2024,FY,https://data.sec.gov/api/xbrl/companyfacts/CIK0001509470.json,2026-10-10T12:46:59.007818+00:00,A_VERIFIER_IDENTITE_ET_PERIODE
0GV.F,0001509470,NetIncome,NetIncomeLoss,-15620024,USD,2023-04-01,2023-06-30,2026-03-11,10-K,0001493152-26-009641,2025,FY,https://data.sec.gov/api/xbrl/companyfacts/CIK0001509470.json,2026-10-10T12:46:59.007829+00:00,A_VERIFIER_IDENTITE_ET_PERIODE
0GV.F,0001509470,NetIncome,NetIncomeLoss,14189845,USD,2023-01-01,2023-09-30,2023-11-09,10-Q,0001493152-23-040034,2023,Q3,https://data.sec.gov/api/xbrl/companyfacts/CIK0001509470.json,2026-10-10T12:46:59.007841+00:00,A_VERIFIER_IDENTITE_ET_PERIODE
0GV.F,0001509470,NetIncome,NetIncomeLoss,14189845,USD,2023-01-01,2023-09-30,2024-11-08,10-Q,0001493152-24-044171,2024,Q3,https://data.sec.gov/api/xbrl/companyfacts/CIK0001509470.json,2026-10-10T12:46:59.007852+00:00,A_VERIFIER_IDENTITE_ET_PERIODE
0GV.F,0001509470,NetIncome,NetIncomeLoss,25193360,USD,2023-07-01,2023-09-30,2023-11-09,10-Q,0001493152-23-040034,2023,Q3,https://data.sec.gov/api/xbrl/companyfacts/CIK0001509470.json,2026-10-10T12:46:59.007864+00:00,A_VERIFIER_IDENTITE_ET_PERIODE
0GV.F,0001509470,NetIncome,NetIncomeLoss,25193360,USD,2023-07-01,2023-09-30,2024-03-14,10-K,0001493152-24-009905,2023,FY,https://data.sec.gov/api/xbrl/companyfacts/CIK0001509470.json,2026-10-10T12:46:59.007875+00:00,A_VERIFIER_IDENTITE_ET_PERIODE
0GV.F,0001509470,NetIncome,NetIncomeLoss,25193360,USD,2023-07-01,2023-09-30,2024-11-08,10-Q,0001493152-24-044171,2024,Q3,https://data.sec.gov/api/xbrl/companyfacts/CIK0001509470.json,2026-10-10T12:46:59.007886+00:00,A_VERIFIER_IDENTITE_ET_PERIODE
0GV.F,0001509470,NetIncome,NetIncomeLoss,25193360,USD,2023-07-01,2023-09-30,2025-03-12,10-K,0001493152-25-009940,2024,FY,https://data.sec.gov/api/xbrl/companyfacts/CIK0001509470.json,2026-10-10T12:46:59.007897+00:00,A_VERIFIER_IDENTITE_ET_PERIODE
0GV.F,0001509470,NetIncome,NetIncomeLoss,25193360,USD,2023-07-01,2023-09-30,2026-03-11,10-K,0001493152-26-009641,2025,FY,https://data.sec.gov/api/xbrl/companyfacts/CIK0001509470.json,2026-10-10T12:46:59.007908+00:00,A_VERIFIER_IDENTITE_ET_PERIODE
0GV.F,0001509470,NetIncome,NetIncomeLoss,5066822,USD,2023-01-01,2023-12-31,2024-03-14,10-K,0001493152-24-009905,2023,FY,https://data.sec.gov/api/xbrl/companyfacts/CIK0001509470.json,2026-10-10T12:46:59.007920+00:00,A_VERIFIER_IDENTITE_ET_PERIODE
0GV.F,0001509470,NetIncome,NetIncomeLoss,5066822,USD,2023-01-01,2023-12-31,2025-03-12,10-K,0001493152-25-009940,2024,FY,https://data.sec.gov/api/xbrl/companyfacts/CIK0001509470.json,2026-10-10T12:46:59.007931+00:00,A_VERIFIER_IDENTITE_ET_PERIODE
0GV.F,0001509470,NetIncome,NetIncomeLoss,5066822,USD,2023-01-01,2023-12-31,2026-03-11,10-K,0001493152-26-009641,2025,FY,https://data.sec.gov/api/xbrl/companyfacts/CIK0001509470.json,2026-10-10T12:46:59.007942+00:00,A_VERIFIER_IDENTITE_ET_PERIODE
0GV.F,0001509470,NetIncome,NetIncomeLoss,-9123023,USD,2023-10-01,2023-12-31,2024-03-14,10-K,0001493152-24-009905,2023,FY,https://data.sec.gov/api/xbrl/companyfacts/CIK0001509470.json,2026-10-10T12:46:59.007953+00:00,A_VERIFIER_IDENTITE_ET_PERIODE
0GV.F,0001509470,NetIncome,NetIncomeLoss,-9123023,USD,2023-10-01,2023-12-31,2025-03-12,10-K,0001493152-25-009940,2024,FY,https://data.sec.gov/api/xbrl/companyfacts/CIK0001509470.json,2026-10-10T12:46:59.007964+00:00,A_VERIFIER_IDENTITE_ET_PERIODE
0GV.F,0001509470,NetIncome,NetIncomeLoss,-9123023,USD,2023-10-01,2023-12-31,2026-03-11,10-K,0001493152-26-009641,2025,FY,https://data.sec.gov/api/xbrl/companyfacts/CIK0001509470.json,2026-10-10T12:46:59.007976+00:00,A_VERIFIER_IDENTITE_ET_PERIODE
0GV.F,0001509470,NetIncome,NetIncomeLoss,-22065346,USD,2024-01-01,2024-03-31,2024-05-09,10-Q,0001493152-24-018344,2024,Q1,https://data.sec.gov/api/xbrl/companyfacts/CIK0001509470.json,2026-10-10T12:46:59.007987+00:00,A_VERIFIER_IDENTITE_ET_PERIODE
0GV.F,0001509470,NetIncome,NetIncomeLoss,-22065346,USD,2024-01-01,2024-03-31,2024-08-08,10-Q,0001493152-24-030665,2024,Q2,https://data.sec.gov/api/xbrl/companyfacts/CIK0001509470.json,2026-10-10T12:46:59.007998+00:00,A_VERIFIER_IDENTITE_ET_PERIODE
0GV.F,0001509470,NetIncome,NetIncomeLoss,-22065346,USD,2024-01-01,2024-03-31,2024-11-08,10-Q,0001493152-24-044171,2024,Q3,https://data.sec.gov/api/xbrl/companyfacts/CIK0001509470.json,2026-10-10T12:46:59.008010+00:00,A_VERIFIER_IDENTITE_ET_PERIODE
0GV.F,0001509470,NetIncome,NetIncomeLoss,-22065346,USD,2024-01-01,2024-03-31,2025-03-12,10-K,0001493152-25-009940,2024,FY,https://data.sec.gov/api/xbrl/companyfacts/CIK0001509470.json,2026-10-10T12:46:59.008021+00:00,A_VERIFIER_IDENTITE_ET_PERIODE
0GV.F,0001509470,NetIncome,NetIncomeLoss,-22065346,USD,2024-01-01,2024-03-31,2025-05-07,10-Q,0001641172-25-008970,2025,Q1,https://data.sec.gov/api/xbrl/companyfacts/CIK0001509470.json,2026-10-10T12:46:59.008032+00:00,A_VERIFIER_IDENTITE_ET_PERIODE
0GV.F,0001509470,NetIncome,NetIncomeLoss,-22065346,USD,2024-01-01,2024-03-31,2025-08-07,10-Q,0001493152-25-011683,2025,Q2,https://data.sec.gov/api/xbrl/companyfacts/CIK0001509470.json,2026-10-10T12:46:59.008043+00:00,A_VERIFIER_IDENTITE_ET_PERIODE
0GV.F,0001509470,NetIncome,NetIncomeLoss,-22065346,USD,2024-01-01,2024-03-31,2025-11-06,10-Q,0001493152-25-020943,2025,Q3,https://data.sec.gov/api/xbrl/companyfacts/CIK0001509470.json,2026-10-10T12:46:59.008054+00:00,A_VERIFIER_IDENTITE_ET_PERIODE
0GV.F,0001509470,NetIncome,NetIncomeLoss,-22065346,USD,2024-01-01,2024-03-31,2026-03-11,10-K,0001493152-26-009641,2025,FY,https://data.sec.gov/api/xbrl/companyfacts/CIK0001509470.json,2026-10-10T12:46:59.008066+00:00,A_VERIFIER_IDENTITE_ET_PERIODE
0GV.F,0001509470,NetIncome,NetIncomeLoss,-32716529,USD,2024-01-01,2024-06-30,2024-08-08,10-Q,0001493152-24-030665,2024,Q2,https://data.sec.gov/api/xbrl/companyfacts/CIK0001509470.json,2026-10-10T12:46:59.008077+00:00,A_VERIFIER_IDENTITE_ET_PERIODE
0GV.F,0001509470,NetIncome,NetIncomeLoss,-32716529,USD,2024-01-01,2024-06-30,2025-08-07,10-Q,0001493152-25-011683,2025,Q2,https://data.sec.gov/api/xbrl/companyfacts/CIK0001509470.json,2026-10-10T12:46:59.008088+00:00,A_VERIFIER_IDENTITE_ET_PERIODE
0GV.F,0001509470,NetIncome,NetIncomeLoss,-10651183,USD,2024-04-01,2024-06-30,2024-08-08,10-Q,0001493152-24-030665,2024,Q2,https://data.sec.gov/api/xbrl/companyfacts/CIK0001509470.json,2026-10-10T12:46:59.008099+00:00,A_VERIFIER_IDENTITE_ET_PERIODE
0GV.F,0001509470,NetIncome,NetIncomeLoss,-10651183,USD,2024-04-01,2024-06-30,2024-11-08,10-Q,0001493152-24-044171,2024,Q3,https://data.sec.gov/api/xbrl/companyfacts/CIK0001509470.json,2026-10-10T12:46:59.008110+00:00,A_VERIFIER_IDENTITE_ET_PERIODE
0GV.F,0001509470,NetIncome,NetIncomeLoss,-10651183,USD,2024-04-01,2024-06-30,2025-03-12,10-K,0001493152-25-009940,2024,FY,https://data.sec.gov/api/xbrl/companyfacts/CIK0001509470.json,2026-10-10T12:46:59.008121+00:00,A_VERIFIER_IDENTITE_ET_PERIODE
0GV.F,0001509470,NetIncome,NetIncomeLoss,-10651183,USD,2024-04-01,2024-06-30,2025-08-07,10-Q,0001493152-25-011683,2025,Q2,https://data.sec.gov/api/xbrl/companyfacts/CIK0001509470.json,2026-10-10T12:46:59.008132+00:00,A_VERIFIER_IDENTITE_ET_PERIODE
0GV.F,0001509470,NetIncome,NetIncomeLoss,-10651183,USD,2024-04-01,2024-06-30,2025-11-06,10-Q,0001493152-25-020943,2025,Q3,https://data.sec.gov/api/xbrl/companyfacts/CIK0001509470.json,2026-10-10T12:46:59.008144+00:00,A_VERIFIER_IDENTITE_ET_PERIODE
0GV.F,0001509470,NetIncome,NetIncomeLoss,-10651183,USD,2024-04-01,2024-06-30,2026-03-11,10-K,0001493152-26-009641,2025,FY,https://data.sec.gov/api/xbrl/companyfacts/CIK0001509470.json,2026-10-10T12:46:59.008155+00:00,A_VERIFIER_IDENTITE_ET_PERIODE
0GV.F,0001509470,NetIncome,NetIncomeLoss,-38168774,USD,2024-01-01,2024-09-30,2024-11-08,10-Q,0001493152-24-044171,2024,Q3,https://data.sec.gov/api/xbrl/companyfacts/CIK0001509470.json,2026-10-10T12:46:59.008183+00:00,A_VERIFIER_IDENTITE_ET_PERIODE
0GV.F,0001509470,NetIncome,NetIncomeLoss,-38168774,USD,2024-01-01,2024-09-30,2025-11-06,10-Q,0001493152-25-020943,2025,Q3,https://data.sec.gov/api/xbrl/companyfacts/CIK0001509470.json,2026-10-10T12:46:59.008196+00:00,A_VERIFIER_IDENTITE_ET_PERIODE
0GV.F,0001509470,NetIncome,NetIncomeLoss,-5452245,USD,2024-07-01,2024-09-30,2024-11-08,10-Q,0001493152-24-044171,2024,Q3,https://data.sec.gov/api/xbrl/companyfacts/CIK0001509470.json,2026-10-10T12:46:59.008208+00:00,A_VERIFIER_IDENTITE_ET_PERIODE
0GV.F,0001509470,NetIncome,NetIncomeLoss,-5452245,USD,2024-07-01,2024-09-30,2025-03-12,10-K,0001493152-25-009940,2024,FY,https://data.sec.gov/api/xbrl/companyfacts/CIK0001509470.json,2026-10-10T12:46:59.008219+00:00,A_VERIFIER_IDENTITE_ET_PERIODE
0GV.F,0001509470,NetIncome,NetIncomeLoss,-5452245,USD,2024-07-01,2024-09-30,2025-11-06,10-Q,0001493152-25-020943,2025,Q3,https://data.sec.gov/api/xbrl/companyfacts/CIK0001509470.json,2026-10-10T12:46:59.008231+00:00,A_VERIFIER_IDENTITE_ET_PERIODE
0GV.F,0001509470,NetIncome,NetIncomeLoss,-5452245,USD,2024-07-01,2024-09-30,2026-03-11,10-K,0001493152-26-009641,2025,FY,https://data.sec.gov/api/xbrl/companyfacts/CIK0001509470.json,2026-10-10T12:46:59.008242+00:00,A_VERIFIER_IDENTITE_ET_PERIODE
0GV.F,0001509470,NetIncome,NetIncomeLoss,-38124247,USD,2024-01-01,2024-12-31,2025-03-12,10-K,0001493152-25-009940,2024,FY,https://data.sec.gov/api/xbrl/companyfacts/CIK0001509470.json,2026-10-10T12:46:59.008254+00:00,A_VERIFIER_IDENTITE_ET_PERIODE
0GV.F,0001509470,NetIncome,NetIncomeLoss,-38124247,USD,2024-01-01,2024-12-31,2026-03-11,10-K,0001493152-26-009641,2025,FY,https://data.sec.gov/api/xbrl/companyfacts/CIK0001509470.json,2026-10-10T12:46:59.008265+00:00,A_VERIFIER_IDENTITE_ET_PERIODE
0GV.F,0001509470,NetIncome,NetIncomeLoss,44527,USD,2024-10-01,2024-12-31,2025-03-12,10-K,0001493152-25-009940,2024,FY,https://data.sec.gov/api/xbrl/companyfacts/CIK0001509470.json,2026-10-10T12:46:59.008277+00:00,A_VERIFIER_IDENTITE_ET_PERIODE
0GV.F,0001509470,NetIncome,NetIncomeLoss,44527,USD,2024-10-01,2024-12-31,2026-03-11,10-K,0001493152-26-009641,2025,FY,https://data.sec.gov/api/xbrl/companyfacts/CIK0001509470.json,2026-10-10T12:46:59.008288+00:00,A_VERIFIER_IDENTITE_ET_PERIODE
0GV.F,0001509470,NetIncome,NetIncomeLoss,-806715,USD,2025-01-01,2025-03-31,2025-05-07,10-Q,0001641172-25-008970,2025,Q1,https://data.sec.gov/api/xbrl/companyfacts/CIK0001509470.json,2026-10-10T12:46:59.008299+00:00,A_VERIFIER_IDENTITE_ET_PERIODE
0GV.F,0001509470,NetIncome,NetIncomeLoss,-806715,USD,2025-01-01,2025-03-31,2025-08-07,10-Q,0001493152-25-011683,2025,Q2,https://data.sec.gov/api/xbrl/companyfacts/CIK0001509470.json,2026-10-10T12:46:59.008310+00:00,A_VERIFIER_IDENTITE_ET_PERIODE
0GV.F,0001509470,NetIncome,NetIncomeLoss,-806715,USD,2025-01-01,2025-03-31,2025-11-06,10-Q,0001493152-25-020943,2025,Q3,https://data.sec.gov/api/xbrl/companyfacts/CIK0001509470.json,2026-10-10T12:46:59.008322+00:00,A_VERIFIER_IDENTITE_ET_PERIODE
0GV.F,0001509470,NetIncome,NetIncomeLoss,-806715,USD,2025-01-01,2025-03-31,2026-03-11,10-K,0001493152-26-009641,2025,FY,https://data.sec.gov/api/xbrl/companyfacts/CIK0001509470.json,2026-10-10T12:46:59.008333+00:00,A_VERIFIER_IDENTITE_ET_PERIODE
0GV.F,0001509470,NetIncome,NetIncomeLoss,-806715,USD,2025-01-01,2025-03-31,2026-05-06,10-Q,0001493152-26-021430,2026,Q1,https://data.sec.gov/api/xbrl/companyfacts/CIK0001509470.json,2026-10-10T12:46:59.008345+00:00,A_VERIFIER_IDENTITE_ET_PERIODE
0GV.F,0001509470,NetIncome,NetIncomeLoss,-806715,USD,2025-01-01,2025-03-31,2026-08-06,10-Q,0001493152-26-036285,2026,Q2,https://data.sec.gov/api/xbrl/companyfacts/CIK0001509470.json,2026-10-10T12:46:59.008356+00:00,A_VERIFIER_IDENTITE_ET_PERIODE
0GV.F,0001509470,NetIncome,NetIncomeLoss,61521355,USD,2025-01-01,2025-06-30,2025-08-07,10-Q,0001493152-25-011683,2025,Q2,https://data.sec.gov/api/xbrl/companyfacts/CIK0001509470.json,2026-10-10T12:46:59.008367+00:00,A_VERIFIER_IDENTITE_ET_PERIODE
0GV.F,0001509470,NetIncome,NetIncomeLoss,61521355,USD,2025-01-01,2025-06-30,2026-08-06,10-Q,0001493152-26-036285,2026,Q2,https://data.sec.gov/api/xbrl/companyfacts/CIK0001509470.json,2026-10-10T12:46:59.008379+00:00,A_VERIFIER_IDENTITE_ET_PERIODE
0GV.F,0001509470,NetIncome,NetIncomeLoss,62328070,USD,2025-04-01,2025-06-30,2025-08-07,10-Q,0001493152-25-011683,2025,Q2,https://data.sec.gov/api/xbrl/companyfacts/CIK0001509470.json,2026-10-10T12:46:59.008391+00:00,A_VERIFIER_IDENTITE_ET_PERIODE
0GV.F,0001509470,NetIncome,NetIncomeLoss,62328070,USD,2025-04-01,2025-06-30,2025-11-06,10-Q,0001493152-25-020943,2025,Q3,https://data.sec.gov/api/xbrl/companyfacts/CIK0001509470.json,2026-10-10T12:46:59.008402+00:00,A_VERIFIER_IDENTITE_ET_PERIODE
0GV.F,0001509470,NetIncome,NetIncomeLoss,62328070,USD,2025-04-01,2025-06-30,2026-03-11,10-K,0001493152-26-009641,2025,FY,https://data.sec.gov/api/xbrl/companyfacts/CIK0001509470.json,2026-10-10T12:46:59.008414+00:00,A_VERIFIER_IDENTITE_ET_PERIODE
0GV.F,0001509470,NetIncome,NetIncomeLoss,62328070,USD,2025-04-01,2025-06-30,2026-08-06,10-Q,0001493152-26-036285,2026,Q2,https://data.sec.gov/api/xbrl/companyfacts/CIK0001509470.json,2026-10-10T12:46:59.008425+00:00,A_VERIFIER_IDENTITE_ET_PERIODE
0GV.F,0001509470,NetIncome,NetIncomeLoss,68938448,USD,2025-01-01,2025-09-30,2025-11-06,10-Q,0001493152-25-020943,2025,Q3,https://data.sec.gov/api/xbrl/companyfacts/CIK0001509470.json,2026-10-10T12:46:59.008436+00:00,A_VERIFIER_IDENTITE_ET_PERIODE
0GV.F,0001509470,NetIncome,NetIncomeLoss,7417093,USD,2025-07-01,2025-09-30,2025-11-06,10-Q,0001493152-25-020943,2025,Q3,https://data.sec.gov/api/xbrl/companyfacts/CIK0001509470.json,2026-10-10T12:46:59.008447+00:00,A_VERIFIER_IDENTITE_ET_PERIODE
0GV.F,0001509470,NetIncome,NetIncomeLoss,7417093,USD,2025-07-01,2025-09-30,2026-03-11,10-K,0001493152-26-009641,2025,FY,https://data.sec.gov/api/xbrl/companyfacts/CIK0001509470.json,2026-10-10T12:46:59.008459+00:00,A_VERIFIER_IDENTITE_ET_PERIODE
0GV.F,0001509470,NetIncome,NetIncomeLoss,48808336,USD,2025-01-01,2025-12-31,2026-03-11,10-K,0001493152-26-009641,2025,FY,https://data.sec.gov/api/xbrl/companyfacts/CIK0001509470.json,2026-10-10T12:46:59.008470+00:00,A_VERIFIER_IDENTITE_ET_PERIODE
0GV.F,0001509470,NetIncome,NetIncomeLoss,-20130112,USD,2025-10-01,2025-12-31,2026-03-11,10-K,0001493152-26-009641,2025,FY,https://data.sec.gov/api/xbrl/companyfacts/CIK0001509470.json,2026-10-10T12:46:59.008482+00:00,A_VERIFIER_IDENTITE_ET_PERIODE
0GV.F,0001509470,NetIncome,NetIncomeLoss,155636060,USD,2026-01-01,2026-03-31,2026-05-06,10-Q,0001493152-26-021430,2026,Q1,https://data.sec.gov/api/xbrl/companyfacts/CIK0001509470.json,2026-10-10T12:46:59.008493+00:00,A_VERIFIER_IDENTITE_ET_PERIODE
0GV.F,0001509470,NetIncome,NetIncomeLoss,155636060,USD,2026-01-01,2026-03-31,2026-08-06,10-Q,0001493152-26-036285,2026,Q2,https://data.sec.gov/api/xbrl/companyfacts/CIK0001509470.json,2026-10-10T12:46:59.008504+00:00,A_VERIFIER_IDENTITE_ET_PERIODE
0GV.F,0001509470,NetIncome,NetIncomeLoss,136932387,USD,2026-01-01,2026-06-30,2026-08-06,10-Q,0001493152-26-036285,2026,Q2,https://data.sec.gov/api/xbrl/companyfacts/CIK0001509470.json,2026-10-10T12:46:59.008515+00:00,A_VERIFIER_IDENTITE_ET_PERIODE
0GV.F,0001509470,NetIncome,NetIncomeLoss,-18703673,USD,2026-04-01,2026-06-30,2026-08-06,10-Q,0001493152-26-036285,2026,Q2,https://data.sec.gov/api/xbrl/companyfacts/CIK0001509470.json,2026-10-10T12:46:59.008527+00:00,A_VERIFIER_IDENTITE_ET_PERIODE
0GV.F,0001509470,OperatingCashFlow,NetCashProvidedByUsedInOperatingActivities,-23624159,USD,2020-01-01,2020-12-31,2023-03-16,10-K,0001493152-23-007850,2022,FY,https://data.sec.gov/api/xbrl/companyfacts/CIK0001509470.json,2026-10-10T12:46:59.008541+00:00,A_VERIFIER_IDENTITE_ET_PERIODE
0GV.F,0001509470,OperatingCashFlow,NetCashProvidedByUsedInOperatingActivities,137751844,USD,2021-01-01,2021-09-30,2022-11-09,10-Q,0001493152-22-031063,2022,Q3,https://data.sec.gov/api/xbrl/companyfacts/CIK0001509470.json,2026-10-10T12:46:59.008552+00:00,A_VERIFIER_IDENTITE_ET_PERIODE
0GV.F,0001509470,OperatingCashFlow,NetCashProvidedByUsedInOperatingActivities,183650326,USD,2021-01-01,2021-12-31,2023-03-16,10-K,0001493152-23-007850,2022,FY,https://data.sec.gov/api/xbrl/companyfacts/CIK0001509470.json,2026-10-10T12:46:59.008564+00:00,A_VERIFIER_IDENTITE_ET_PERIODE
0GV.F,0001509470,OperatingCashFlow,NetCashProvidedByUsedInOperatingActivities,183650326,USD,2021-01-01,2021-12-31,2024-03-14,10-K,0001493152-24-009905,2023,FY,https://data.sec.gov/api/xbrl/companyfacts/CIK0001509470.json,2026-10-10T12:46:59.008575+00:00,A_VERIFIER_IDENTITE_ET_PERIODE
0GV.F,0001509470,OperatingCashFlow,NetCashProvidedByUsedInOperatingActivities,-1385827,USD,2022-01-01,2022-03-31,2023-05-10,10-Q,0001493152-23-016116,2023,Q1,https://data.sec.gov/api/xbrl/companyfacts/CIK0001509470.json,2026-10-10T12:46:59.008587+00:00,A_VERIFIER_IDENTITE_ET_PERIODE
0GV.F,0001509470,OperatingCashFlow,NetCashProvidedByUsedInOperatingActivities,-10946151,USD,2022-01-01,2022-06-30,2023-08-09,10-Q,0001493152-23-027374,2023,Q2,https://data.sec.gov/api/xbrl/companyfacts/CIK0001509470.json,2026-10-10T12:46:59.008599+00:00,A_VERIFIER_IDENTITE_ET_PERIODE
0GV.F,0001509470,OperatingCashFlow,NetCashProvidedByUsedInOperatingActivities,-111078342,USD,2022-01-01,2022-09-30,2022-11-09,10-Q,0001493152-22-031063,2022,Q3,https://data.sec.gov/api/xbrl/companyfacts/CIK0001509470.json,2026-10-10T12:46:59.008611+00:00,A_VERIFIER_IDENTITE_ET_PERIODE
0GV.F,0001509470,OperatingCashFlow,NetCashProvidedByUsedInOperatingActivities,-111078342,USD,2022-01-01,2022-09-30,2023-11-09,10-Q,0001493152-23-040034,2023,Q3,https://data.sec.gov/api/xbrl/companyfacts/CIK0001509470.json,2026-10-10T12:46:59.008624+00:00,A_VERIFIER_IDENTITE_ET_PERIODE
0GV.F,0001509470,OperatingCashFlow,NetCashProvidedByUsedInOperatingActivities,-110559593,USD,2022-01-01,2022-12-31,2023-03-16,10-K,0001493152-23-007850,2022,FY,https://data.sec.gov/api/xbrl/companyfacts/CIK0001509470.json,2026-10-10T12:46:59.008635+00:00,A_VERIFIER_IDENTITE_ET_PERIODE
0GV.F,0001509470,OperatingCashFlow,NetCashProvidedByUsedInOperatingActivities,-110559593,USD,2022-01-01,2022-12-31,2024-03-14,10-K,0001493152-24-009905,2023,FY,https://data.sec.gov/api/xbrl/companyfacts/CIK0001509470.json,2026-10-10T12:46:59.008647+00:00,A_VERIFIER_IDENTITE_ET_PERIODE
0GV.F,0001509470,OperatingCashFlow,NetCashProvidedByUsedInOperatingActivities,-110559593,USD,2022-01-01,2022-12-31,2025-03-12,10-K,0001493152-25-009940,2024,FY,https://data.sec.gov/api/xbrl/companyfacts/CIK0001509470.json,2026-10-10T12:46:59.008667+00:00,A_VERIFIER_IDENTITE_ET_PERIODE
0GV.F,0001509470,OperatingCashFlow,NetCashProvidedByUsedInOperatingActivities,8103901,USD,2023-01-01,2023-03-31,2023-05-10,10-Q,0001493152-23-016116,2023,Q1,https://data.sec.gov/api/xbrl/companyfacts/CIK0001509470.json,2026-10-10T12:46:59.008680+00:00,A_VERIFIER_IDENTITE_ET_PERIODE
0GV.F,0001509470,OperatingCashFlow,NetCashProvidedByUsedInOperatingActivities,8103901,USD,2023-01-01,2023-03-31,2024-05-09,10-Q,0001493152-24-018344,2024,Q1,https://data.sec.gov/api/xbrl/companyfacts/CIK0001509470.json,2026-10-10T12:46:59.008692+00:00,A_VERIFIER_IDENTITE_ET_PERIODE
0GV.F,0001509470,OperatingCashFlow,NetCashProvidedByUsedInOperatingActivities,-1967046,USD,2023-01-01,2023-06-30,2023-08-09,10-Q,0001493152-23-027374,2023,Q2,https://data.sec.gov/api/xbrl/companyfacts/CIK0001509470.json,2026-10-10T12:46:59.008703+00:00,A_VERIFIER_IDENTITE_ET_PERIODE
0GV.F,0001509470,OperatingCashFlow,NetCashProvidedByUsedInOperatingActivities,-1967046,USD,2023-01-01,2023-06-30,2024-08-08,10-Q,0001493152-24-030665,2024,Q2,https://data.sec.gov/api/xbrl/companyfacts/CIK0001509470.json,2026-10-10T12:46:59.008714+00:00,A_VERIFIER_IDENTITE_ET_PERIODE
0GV.F,0001509470,OperatingCashFlow,NetCashProvidedByUsedInOperatingActivities,47672189,USD,2023-01-01,2023-09-30,2023-11-09,10-Q,0001493152-23-040034,2023,Q3,https://data.sec.gov/api/xbrl/companyfacts/CIK0001509470.json,2026-10-10T12:46:59.008725+00:00,A_VERIFIER_IDENTITE_ET_PERIODE
0GV.F,0001509470,OperatingCashFlow,NetCashProvidedByUsedInOperatingActivities,47672189,USD,2023-01-01,2023-09-30,2024-11-08,10-Q,0001493152-24-044171,2024,Q3,https://data.sec.gov/api/xbrl/companyfacts/CIK0001509470.json,2026-10-10T12:46:59.008737+00:00,A_VERIFIER_IDENTITE_ET_PERIODE
0GV.F,0001509470,OperatingCashFlow,NetCashProvidedByUsedInOperatingActivities,2383096,USD,2023-01-01,2023-12-31,2024-03-14,10-K,0001493152-24-009905,2023,FY,https://data.sec.gov/api/xbrl/companyfacts/CIK0001509470.json,2026-10-10T12:46:59.008748+00:00,A_VERIFIER_IDENTITE_ET_PERIODE
0GV.F,0001509470,OperatingCashFlow,NetCashProvidedByUsedInOperatingActivities,2383096,USD,2023-01-01,2023-12-31,2025-03-12,10-K,0001493152-25-009940,2024,FY,https://data.sec.gov/api/xbrl/companyfacts/CIK0001509470.json,2026-10-10T12:46:59.008760+00:00,A_VERIFIER_IDENTITE_ET_PERIODE
0GV.F,0001509470,OperatingCashFlow,NetCashProvidedByUsedInOperatingActivities,2383096,USD,2023-01-01,2023-12-31,2026-03-11,10-K,0001493152-26-009641,2025,FY,https://data.sec.gov/api/xbrl/companyfacts/CIK0001509470.json,2026-10-10T12:46:59.008771+00:00,A_VERIFIER_IDENTITE_ET_PERIODE
0GV.F,0001509470,OperatingCashFlow,NetCashProvidedByUsedInOperatingActivities,22743870,USD,2024-01-01,2024-03-31,2024-05-09,10-Q,0001493152-24-018344,2024,Q1,https://data.sec.gov/api/xbrl/companyfacts/CIK0001509470.json,2026-10-10T12:46:59.008783+00:00,A_VERIFIER_IDENTITE_ET_PERIODE
0GV.F,0001509470,OperatingCashFlow,NetCashProvidedByUsedInOperatingActivities,22743870,USD,2024-01-01,2024-03-31,2025-05-07,10-Q,0001641172-25-008970,2025,Q1,https://data.sec.gov/api/xbrl/companyfacts/CIK0001509470.json,2026-10-10T12:46:59.008794+00:00,A_VERIFIER_IDENTITE_ET_PERIODE
0GV.F,0001509470,OperatingCashFlow,NetCashProvidedByUsedInOperatingActivities,35709244,USD,2024-01-01,2024-06-30,2024-08-08,10-Q,0001493152-24-030665,2024,Q2,https://data.sec.gov/api/xbrl/companyfacts/CIK0001509470.json,2026-10-10T12:46:59.008805+00:00,A_VERIFIER_IDENTITE_ET_PERIODE
0GV.F,0001509470,OperatingCashFlow,NetCashProvidedByUsedInOperatingActivities,35709244,USD,2024-01-01,2024-06-30,2025-08-07,10-Q,0001493152-25-011683,2025,Q2,https://data.sec.gov/api/xbrl/companyfacts/CIK0001509470.json,2026-10-10T12:46:59.008817+00:00,A_VERIFIER_IDENTITE_ET_PERIODE
0GV.F,0001509470,OperatingCashFlow,NetCashProvidedByUsedInOperatingActivities,14816851,USD,2024-01-01,2024-09-30,2024-11-08,10-Q,0001493152-24-044171,2024,Q3,https://data.sec.gov/api/xbrl/companyfacts/CIK0001509470.json,2026-10-10T12:46:59.008828+00:00,A_VERIFIER_IDENTITE_ET_PERIODE
0GV.F,0001509470,OperatingCashFlow,NetCashProvidedByUsedInOperatingActivities,14816851,USD,2024-01-01,2024-09-30,2025-11-06,10-Q,0001493152-25-020943,2025,Q3,https://data.sec.gov/api/xbrl/companyfacts/CIK0001509470.json,2026-10-10T12:46:59.008840+00:00,A_VERIFIER_IDENTITE_ET_PERIODE
0GV.F,0001509470,OperatingCashFlow,NetCashProvidedByUsedInOperatingActivities,2369639,USD,2024-01-01,2024-12-31,2025-03-12,10-K,0001493152-25-009940,2024,FY,https://data.sec.gov/api/xbrl/companyfacts/CIK0001509470.json,2026-10-10T12:46:59.008851+00:00,A_VERIFIER_IDENTITE_ET_PERIODE
0GV.F,0001509470,OperatingCashFlow,NetCashProvidedByUsedInOperatingActivities,2369639,USD,2024-01-01,2024-12-31,2026-03-11,10-K,0001493152-26-009641,2025,FY,https://data.sec.gov/api/xbrl/companyfacts/CIK0001509470.json,2026-10-10T12:46:59.008863+00:00,A_VERIFIER_IDENTITE_ET_PERIODE
0GV.F,0001509470,OperatingCashFlow,NetCashProvidedByUsedInOperatingActivities,-3719061,USD,2025-01-01,2025-03-31,2025-05-07,10-Q,0001641172-25-008970,2025,Q1,https://data.sec.gov/api/xbrl/companyfacts/CIK0001509470.json,2026-10-10T12:46:59.008874+00:00,A_VERIFIER_IDENTITE_ET_PERIODE
0GV.F,0001509470,OperatingCashFlow,NetCashProvidedByUsedInOperatingActivities,-3719061,USD,2025-01-01,2025-03-31,2026-05-06,10-Q,0001493152-26-021430,2026,Q1,https://data.sec.gov/api/xbrl/companyfacts/CIK0001509470.json,2026-10-10T12:46:59.008885+00:00,A_VERIFIER_IDENTITE_ET_PERIODE
0GV.F,0001509470,OperatingCashFlow,NetCashProvidedByUsedInOperatingActivities,30018114,USD,2025-01-01,2025-06-30,2025-08-07,10-Q,0001493152-25-011683,2025,Q2,https://data.sec.gov/api/xbrl/companyfacts/CIK0001509470.json,2026-10-10T12:46:59.008896+00:00,A_VERIFIER_IDENTITE_ET_PERIODE
0GV.F,0001509470,OperatingCashFlow,NetCashProvidedByUsedInOperatingActivities,30018114,USD,2025-01-01,2025-06-30,2026-08-06,10-Q,0001493152-26-036285,2026,Q2,https://data.sec.gov/api/xbrl/companyfacts/CIK0001509470.json,2026-10-10T12:46:59.008907+00:00,A_VERIFIER_IDENTITE_ET_PERIODE
0GV.F,0001509470,OperatingCashFlow,NetCashProvidedByUsedInOperatingActivities,29917408,USD,2025-01-01,2025-09-30,2025-11-06,10-Q,0001493152-25-020943,2025,Q3,https://data.sec.gov/api/xbrl/companyfacts/CIK0001509470.json,2026-10-10T12:46:59.008919+00:00,A_VERIFIER_IDENTITE_ET_PERIODE
0GV.F,0001509470,OperatingCashFlow,NetCashProvidedByUsedInOperatingActivities,34319580,USD,2025-01-01,2025-12-31,2026-03-11,10-K,0001493152-26-009641,2025,FY,https://data.sec.gov/api/xbrl/companyfacts/CIK0001509470.json,2026-10-10T12:46:59.008931+00:00,A_VERIFIER_IDENTITE_ET_PERIODE
0GV.F,0001509470,OperatingCashFlow,NetCashProvidedByUsedInOperatingActivities,-5756728,USD,2026-01-01,2026-03-31,2026-05-06,10-Q,0001493152-26-021430,2026,Q1,https://data.sec.gov/api/xbrl/companyfacts/CIK0001509470.json,2026-10-10T12:46:59.008942+00:00,A_VERIFIER_IDENTITE_ET_PERIODE
0GV.F,0001509470,OperatingCashFlow,NetCashProvidedByUsedInOperatingActivities,-29847309,USD,2026-01-01,2026-06-30,2026-08-06,10-Q,0001493152-26-036285,2026,Q2,https://data.sec.gov/api/xbrl/companyfacts/CIK0001509470.json,2026-10-10T12:46:59.008953+00:00,A_VERIFIER_IDENTITE_ET_PERIODE
0GV.F,0001509470,Shares,CommonStockSharesOutstanding,31118556,shares,,2021-12-31,2022-11-09,10-Q,0001493152-22-031063,2022,Q3,https://data.sec.gov/api/xbrl/companyfacts/CIK0001509470.json,2026-10-10T12:46:59.008967+00:00,A_VERIFIER_IDENTITE_ET_PERIODE
0GV.F,0001509470,Shares,CommonStockSharesOutstanding,31118556,shares,,2021-12-31,2023-03-16,10-K,0001493152-23-007850,2022,FY,https://data.sec.gov/api/xbrl/companyfacts/CIK0001509470.json,2026-10-10T12:46:59.008979+00:00,A_VERIFIER_IDENTITE_ET_PERIODE
0GV.F,0001509470,Shares,CommonStockSharesOutstanding,28333661,shares,,2022-09-30,2022-11-09,10-Q,0001493152-22-031063,2022,Q3,https://data.sec.gov/api/xbrl/companyfacts/CIK0001509470.json,2026-10-10T12:46:59.008990+00:00,A_VERIFIER_IDENTITE_ET_PERIODE
0GV.F,0001509470,Shares,CommonStockSharesOutstanding,28429499,shares,,2022-12-31,2023-03-16,10-K,0001493152-23-007850,2022,FY,https://data.sec.gov/api/xbrl/companyfacts/CIK0001509470.json,2026-10-10T12:46:59.009002+00:00,A_VERIFIER_IDENTITE_ET_PERIODE
0GV.F,0001509470,Shares,CommonStockSharesOutstanding,28429499,shares,,2022-12-31,2023-05-10,10-Q,0001493152-23-016116,2023,Q1,https://data.sec.gov/api/xbrl/companyfacts/CIK0001509470.json,2026-10-10T12:46:59.009013+00:00,A_VERIFIER_IDENTITE_ET_PERIODE
0GV.F,0001509470,Shares,CommonStockSharesOutstanding,28429499,shares,,2022-12-31,2023-08-09,10-Q,0001493152-23-027374,2023,Q2,https://data.sec.gov/api/xbrl/companyfacts/CIK0001509470.json,2026-10-10T12:46:59.009024+00:00,A_VERIFIER_IDENTITE_ET_PERIODE
0GV.F,0001509470,Shares,CommonStockSharesOutstanding,28429499,shares,,2022-12-31,2023-11-09,10-Q,0001493152-23-040034,2023,Q3,https://data.sec.gov/api/xbrl/companyfacts/CIK0001509470.json,2026-10-10T12:46:59.009036+00:00,A_VERIFIER_IDENTITE_ET_PERIODE
0GV.F,0001509470,Shares,CommonStockSharesOutstanding,28429499,shares,,2022-12-31,2024-03-14,10-K,0001493152-24-009905,2023,FY,https://data.sec.gov/api/xbrl/companyfacts/CIK0001509470.json,2026-10-10T12:46:59.009047+00:00,A_VERIFIER_IDENTITE_ET_PERIODE
0GV.F,0001509470,Shares,CommonStockSharesOutstanding,28338580,shares,,2023-03-31,2023-05-10,10-Q,0001493152-23-016116,2023,Q1,https://data.sec.gov/api/xbrl/companyfacts/CIK0001509470.json,2026-10-10T12:46:59.009058+00:00,A_VERIFIER_IDENTITE_ET_PERIODE
0GV.F,0001509470,Shares,CommonStockSharesOutstanding,25398640,shares,,2023-06-30,2023-08-09,10-Q,0001493152-23-027374,2023,Q2,https://data.sec.gov/api/xbrl/companyfacts/CIK0001509470.json,2026-10-10T12:46:59.009070+00:00,A_VERIFIER_IDENTITE_ET_PERIODE
0GV.F,0001509470,Shares,CommonStockSharesOutstanding,25209108,shares,,2023-09-30,2023-11-09,10-Q,0001493152-23-040034,2023,Q3,https://data.sec.gov/api/xbrl/companyfacts/CIK0001509470.json,2026-10-10T12:46:59.009081+00:00,A_VERIFIER_IDENTITE_ET_PERIODE
0GV.F,0001509470,Shares,CommonStockSharesOutstanding,25445805,shares,,2023-12-31,2024-03-14,10-K,0001493152-24-009905,2023,FY,https://data.sec.gov/api/xbrl/companyfacts/CIK0001509470.json,2026-10-10T12:46:59.009092+00:00,A_VERIFIER_IDENTITE_ET_PERIODE
0GV.F,0001509470,Shares,CommonStockSharesOutstanding,25445805,shares,,2023-12-31,2024-05-09,10-Q,0001493152-24-018344,2024,Q1,https://data.sec.gov/api/xbrl/companyfacts/CIK0001509470.json,2026-10-10T12:46:59.009104+00:00,A_VERIFIER_IDENTITE_ET_PERIODE
0GV.F,0001509470,Shares,CommonStockSharesOutstanding,25445805,shares,,2023-12-31,2024-08-08,10-Q,0001493152-24-030665,2024,Q2,https://data.sec.gov/api/xbrl/companyfacts/CIK0001509470.json,2026-10-10T12:46:59.009115+00:00,A_VERIFIER_IDENTITE_ET_PERIODE
0GV.F,0001509470,Shares,CommonStockSharesOutstanding,25445805,shares,,2023-12-31,2024-11-08,10-Q,0001493152-24-044171,2024,Q3,https://data.sec.gov/api/xbrl/companyfacts/CIK0001509470.json,2026-10-10T12:46:59.009126+00:00,A_VERIFIER_IDENTITE_ET_PERIODE
0GV.F,0001509470,Shares,CommonStockSharesOutstanding,25445805,shares,,2023-12-31,2025-03-12,10-K,0001493152-25-009940,2024,FY,https://data.sec.gov/api/xbrl/companyfacts/CIK0001509470.json,2026-10-10T12:46:59.009138+00:00,A_VERIFIER_IDENTITE_ET_PERIODE
0GV.F,0001509470,Shares,CommonStockSharesOutstanding,25445805,shares,,2023-12-31,2025-11-06,10-Q,0001493152-25-020943,2025,Q3,https://data.sec.gov/api/xbrl/companyfacts/CIK0001509470.json,2026-10-10T12:46:59.009149+00:00,A_VERIFIER_IDENTITE_ET_PERIODE
0GV.F,0001509470,Shares,CommonStockSharesOutstanding,25353284,shares,,2024-03-31,2024-05-09,10-Q,0001493152-24-018344,2024,Q1,https://data.sec.gov/api/xbrl/companyfacts/CIK0001509470.json,2026-10-10T12:46:59.009174+00:00,A_VERIFIER_IDENTITE_ET_PERIODE
0GV.F,0001509470,Shares,CommonStockSharesOutstanding,23378002,shares,,2024-06-30,2024-08-08,10-Q,0001493152-24-030665,2024,Q2,https://data.sec.gov/api/xbrl/companyfacts/CIK0001509470.json,2026-10-10T12:46:59.009190+00:00,A_VERIFIER_IDENTITE_ET_PERIODE
0GV.F,0001509470,Shares,CommonStockSharesOutstanding,23378002,shares,,2024-09-30,2024-11-08,10-Q,0001493152-24-044171,2024,Q3,https://data.sec.gov/api/xbrl/companyfacts/CIK0001509470.json,2026-10-10T12:46:59.009202+00:00,A_VERIFIER_IDENTITE_ET_PERIODE
0GV.F,0001509470,Shares,CommonStockSharesOutstanding,23378002,shares,,2024-09-30,2025-11-06,10-Q,0001493152-25-020943,2025,Q3,https://data.sec.gov/api/xbrl/companyfacts/CIK0001509470.json,2026-10-10T12:46:59.009214+00:00,A_VERIFIER_IDENTITE_ET_PERIODE
0GV.F,0001509470,Shares,CommonStockSharesOutstanding,23601566,shares,,2024-12-31,2025-03-12,10-K,0001493152-25-009940,2024,FY,https://data.sec.gov/api/xbrl/companyfacts/CIK0001509470.json,2026-10-10T12:46:59.009225+00:00,A_VERIFIER_IDENTITE_ET_PERIODE
0GV.F,0001509470,Shares,CommonStockSharesOutstanding,23601566,shares,,2024-12-31,2025-05-07,10-Q,0001641172-25-008970,2025,Q1,https://data.sec.gov/api/xbrl/companyfacts/CIK0001509470.json,2026-10-10T12:46:59.009237+00:00,A_VERIFIER_IDENTITE_ET_PERIODE
0GV.F,0001509470,Shares,CommonStockSharesOutstanding,23601566,shares,,2024-12-31,2025-08-07,10-Q,0001493152-25-011683,2025,Q2,https://data.sec.gov/api/xbrl/companyfacts/CIK0001509470.json,2026-10-10T12:46:59.009248+00:00,A_VERIFIER_IDENTITE_ET_PERIODE
0GV.F,0001509470,Shares,CommonStockSharesOutstanding,23601566,shares,,2024-12-31,2025-11-06,10-Q,0001493152-25-020943,2025,Q3,https://data.sec.gov/api/xbrl/companyfacts/CIK0001509470.json,2026-10-10T12:46:59.009259+00:00,A_VERIFIER_IDENTITE_ET_PERIODE
0GV.F,0001509470,Shares,CommonStockSharesOutstanding,23601566,shares,,2024-12-31,2026-03-11,10-K,0001493152-26-009641,2025,FY,https://data.sec.gov/api/xbrl/companyfacts/CIK0001509470.json,2026-10-10T12:46:59.009271+00:00,A_VERIFIER_IDENTITE_ET_PERIODE
0GV.F,0001509470,Shares,CommonStockSharesOutstanding,23551859,shares,,2025-03-31,2025-05-07,10-Q,0001641172-25-008970,2025,Q1,https://data.sec.gov/api/xbrl/companyfacts/CIK0001509470.json,2026-10-10T12:46:59.009282+00:00,A_VERIFIER_IDENTITE_ET_PERIODE
0GV.F,0001509470,Shares,CommonStockSharesOutstanding,23888107,shares,,2025-06-30,2025-08-07,10-Q,0001493152-25-011683,2025,Q2,https://data.sec.gov/api/xbrl/companyfacts/CIK0001509470.json,2026-10-10T12:46:59.009294+00:00,A_VERIFIER_IDENTITE_ET_PERIODE
0GV.F,0001509470,Shares,CommonStockSharesOutstanding,25119091,shares,,2025-09-30,2025-11-06,10-Q,0001493152-25-020943,2025,Q3,https://data.sec.gov/api/xbrl/companyfacts/CIK0001509470.json,2026-10-10T12:46:59.009305+00:00,A_VERIFIER_IDENTITE_ET_PERIODE
0GV.F,0001509470,Shares,CommonStockSharesOutstanding,25377756,shares,,2025-12-31,2026-03-11,10-K,0001493152-26-009641,2025,FY,https://data.sec.gov/api/xbrl/companyfacts/CIK0001509470.json,2026-10-10T12:46:59.009317+00:00,A_VERIFIER_IDENTITE_ET_PERIODE
0GV.F,0001509470,Shares,CommonStockSharesOutstanding,25377756,shares,,2025-12-31,2026-05-06,10-Q,0001493152-26-021430,2026,Q1,https://data.sec.gov/api/xbrl/companyfacts/CIK0001509470.json,2026-10-10T12:46:59.009329+00:00,A_VERIFIER_IDENTITE_ET_PERIODE
0GV.F,0001509470,Shares,CommonStockSharesOutstanding,25377756,shares,,2025-12-31,2026-08-06,10-Q,0001493152-26-036285,2026,Q2,https://data.sec.gov/api/xbrl/companyfacts/CIK0001509470.json,2026-10-10T12:46:59.009340+00:00,A_VERIFIER_IDENTITE_ET_PERIODE
0GV.F,0001509470,Shares,CommonStockSharesOutstanding,25387393,shares,,2026-03-31,2026-05-06,10-Q,0001493152-26-021430,2026,Q1,https://data.sec.gov/api/xbrl/companyfacts/CIK0001509470.json,2026-10-10T12:46:59.009351+00:00,A_VERIFIER_IDENTITE_ET_PERIODE
0GV.F,0001509470,Shares,CommonStockSharesOutstanding,26473222,shares,,2026-06-30,2026-08-06,10-Q,0001493152-26-036285,2026,Q2,https://data.sec.gov/api/xbrl/companyfacts/CIK0001509470.json,2026-10-10T12:46:59.009362+00:00,A_VERIFIER_IDENTITE_ET_PERIODE
