Date_detection,Societe,Ticker,Devise,Pays,Capitalisation_EUR,Exchange,FullExchangeName,QuoteType,UnderlyingSymbol,Source_detection,Date_source,These_initiale,Statut_chasse,Etat_registre,Date_scan,Nb_seances_1a,Dernier_cours_local,Volume_monetaire_median_63s_local,Momentum_3m_pct,Momentum_6m_pct,MM200,Au_dessus_MM200,Source_marche,Statut_donnees_marche,Admissible_filtre_marche,Date_scan_fond,CA_TTM,Croissance_CA,Marge_brute,EBITDA,FCF,Cash,Dette_totale,Dette_nette,Actions,Insiders_pct,Source_fondamentaux,Statut_fondamentaux,Statut_pre_SSI
2026-10-07,Fermentalg                    A,1F6.F,EUR,Allemagne,50012872.0,FRA,Frankfurt,EQUITY,,Yahoo Finance / yfinance EquityQuery,2026-10-07,Détection mécanique 50-300 MEUR ; qualification SSI requise.,DETECTE,,2026-10-07,254,0.4174999892711639,0.0,-13.020833624371642,-20.777992155938417,0.4644874997437,False,Yahoo Finance / yfinance - historique quotidien 1 an,OK,OUI,2026-10-08,13384000.0,0.116,0.17125,-9055000.0,-5720625.0,6622000.0,5055000.0,,119791309.0,0.15629,Yahoo Finance / yfinance get_info,OK,PRET_SSI
2026-10-07,Hofseth BioCare ASA           N,HBQ.F,EUR,Allemagne,50015560.0,FRA,Frankfurt,EQUITY,,Yahoo Finance / yfinance EquityQuery,2026-10-07,Détection mécanique 50-300 MEUR ; qualification SSI requise.,DETECTE,,2026-10-07,254,0.0988000035285949,0.0,-11.39013330658697,-10.181814487315387,0.0995550000667572,False,Yahoo Finance / yfinance - historique quotidien 1 an,OK,OUI,2026-10-08,242204000.0,-0.04,0.30484,-98629000.0,-54740624.0,107977000.0,338598016.0,,506230344.0,0.39227,Yahoo Finance / yfinance get_info,OK,PRET_SSI
2026-10-07,INVE Technologies Inc.        R,INVN.F,EUR,Allemagne,50046828.0,FRA,Frankfurt,EQUITY,,Yahoo Finance / yfinance EquityQuery,2026-10-07,Détection mécanique 50-300 MEUR ; qualification SSI requise.,DETECTE,,2026-10-07,254,2.065000057220459,0.0,-15.195067525822148,-32.62642679709654,2.7902000087499617,False,Yahoo Finance / yfinance - historique quotidien 1 an,OK,OUI,2026-10-08,24269000.0,0.127,0.15889,-16930000.0,-6429625.0,119407000.0,706000.0,,24235753.0,0.12458,Yahoo Finance / yfinance get_info,OK,PRET_SSI
2026-10-07,Borgestad ASA                 N,H460.F,EUR,Allemagne,50055772.0,FRA,Frankfurt,EQUITY,,Yahoo Finance / yfinance EquityQuery,2026-10-07,Détection mécanique 50-300 MEUR ; qualification SSI requise.,DETECTE,,2026-10-07,254,1.434999942779541,0.0,7.894729058356886,5.514700565113384,1.3754750031232834,True,Yahoo Finance / yfinance - historique quotidien 1 an,OK,OUI,2026-10-08,1094941056.0,-0.018,0.54624003,86637000.0,50591248.0,119742000.0,494374016.0,,34882072.0,0.84939003,Yahoo Finance / yfinance get_info,OK,PRET_SSI
2026-10-07,Techprecision Corp.           R,A5E0.F,EUR,Allemagne,50058308.0,FRA,Frankfurt,EQUITY,,Yahoo Finance / yfinance EquityQuery,2026-10-07,Détection mécanique 50-300 MEUR ; qualification SSI requise.,DETECTE,,2026-10-07,210,4.940000057220459,0.0,19.32367672789264,73.94366924357423,3.762724982500077,True,Yahoo Finance / yfinance - historique quotidien 1 an,OK,OUI,2026-10-08,33361000.0,0.233,0.16022,1400000.0,-1076625.0,299000.0,8379000.0,,10133261.0,0.12728,Yahoo Finance / yfinance get_info,OK,PRET_SSI
2026-10-07,KR1 PLC                       R,K4H.F,EUR,Allemagne,50079400.0,FRA,Frankfurt,EQUITY,,Yahoo Finance / yfinance EquityQuery,2026-10-07,Détection mécanique 50-300 MEUR ; qualification SSI requise.,DETECTE,,2026-10-07,254,0.2820000052452087,0.0,136.97478886369882,81.93548585572177,0.1638574995845556,True,Yahoo Finance / yfinance - historique quotidien 1 an,OK,OUI,2026-10-08,2540506.0,-0.795,0.91532,,32100262.0,4542985.0,0.0,,177586520.0,0.0871,Yahoo Finance / yfinance get_info,OK,PRET_SSI
2026-10-07,Goldpac Group Ltd.            R,G9D.F,EUR,Allemagne,50087956.0,FRA,Frankfurt,EQUITY,,Yahoo Finance / yfinance EquityQuery,2026-10-07,Détection mécanique 50-300 MEUR ; qualification SSI requise.,DETECTE,,2026-10-07,254,0.0630000010132789,0.0,-9.352515594762169,-24.09638143239841,0.0761775004677474,False,Yahoo Finance / yfinance - historique quotidien 1 an,OK,OUI,2026-10-08,891361984.0,-0.086,0.23705,27931000.0,16621125.0,1292238976.0,4349000.0,,795046942.0,0.64451,Yahoo Finance / yfinance get_info,OK,PRET_SSI
2026-10-07,Talphera Inc.                 R,R5XA.F,EUR,Allemagne,50089092.0,FRA,Frankfurt,EQUITY,,Yahoo Finance / yfinance EquityQuery,2026-10-07,Détection mécanique 50-300 MEUR ; qualification SSI requise.,DETECTE,,2026-10-07,254,0.9649999737739564,0.0,-22.1774220683696,49.61240345895468,0.8562399977445603,True,Yahoo Finance / yfinance - historique quotidien 1 an,OK,OUI,2026-10-08,1000.0,,0.0,,-6870875.0,17076000.0,6499000.0,,51905796.0,0.21413,Yahoo Finance / yfinance get_info,OK,PRET_SSI
2026-10-07,Merus Power OYJ               R,99H.F,EUR,Allemagne,50130104.0,FRA,Frankfurt,EQUITY,,Yahoo Finance / yfinance EquityQuery,2026-10-07,Détection mécanique 50-300 MEUR ; qualification SSI requise.,DETECTE,,2026-10-07,254,6.099999904632568,0.0,34.955750671976446,50.246305187295405,4.491399999856949,True,Yahoo Finance / yfinance - historique quotidien 1 an,OK,OUI,2026-10-08,55427000.0,-0.026,0.3326,870000.0,681125.0,7435000.0,6467000.0,,8218050.0,0.38282,Yahoo Finance / yfinance get_info,OK,PRET_SSI
2026-10-07,WeShop Holdings Ltd.          R,U9D0.F,EUR,Allemagne,50149332.0,FRA,Frankfurt,EQUITY,,Yahoo Finance / yfinance EquityQuery,2026-10-07,Détection mécanique 50-300 MEUR ; qualification SSI requise.,DETECTE,,2026-10-07,213,4.28000020980835,0.0,-12.295079724630453,-10.08403352926398,18.51420026063919,False,Yahoo Finance / yfinance - historique quotidien 1 an,OK,OUI,2026-10-08,195628.0,-0.807,0.0,-64514964.0,16636209.0,210565.0,2563163.0,,11717133.0,0.84244,Yahoo Finance / yfinance get_info,OK,PRET_SSI
2026-10-07,Black Bear Minerals Ltd.      R,BL00.F,EUR,Allemagne,50184928.0,FRA,Frankfurt,EQUITY,,Yahoo Finance / yfinance EquityQuery,2026-10-07,Détection mécanique 50-300 MEUR ; qualification SSI requise.,DETECTE,,2026-10-07,254,0.2879999876022339,0.0,-10.559009200495307,-24.210528627326976,0.4001299998164176,False,Yahoo Finance / yfinance - historique quotidien 1 an,OK,OUI,2026-10-08,284599.0,-0.28,1.0,-8883086.0,-2497411.0,5176453.0,0.0,,174253225.0,0.39873,Yahoo Finance / yfinance get_info,OK,PRET_SSI
2026-10-07,Matador Secondary Pri. Equi.AGI,SQL.F,EUR,Allemagne,50259116.0,FRA,Frankfurt,EQUITY,,Yahoo Finance / yfinance EquityQuery,2026-10-07,Détection mécanique 50-300 MEUR ; qualification SSI requise.,DETECTE,,2026-10-07,254,3.619999885559082,0.0,-12.560386417788372,-15.023481430439755,4.063800032138825,False,Yahoo Finance / yfinance - historique quotidien 1 an,OK,OUI,2026-10-08,4741924.0,-0.4,0.93207,3325065.0,2369220.0,1733713.0,31643140.0,,13883734.0,0.0,Yahoo Finance / yfinance get_info,OK,PRET_SSI
2026-10-07,The Kingfish Company N.V.     A,93G.F,EUR,Allemagne,50298744.0,FRA,Frankfurt,EQUITY,,Yahoo Finance / yfinance EquityQuery,2026-10-07,Détection mécanique 50-300 MEUR ; qualification SSI requise.,DETECTE,,2026-10-07,254,0.0535000003874301,0.0,-17.692304077232947,-65.03267883146844,0.1508700006641447,False,Yahoo Finance / yfinance - historique quotidien 1 an,OK,OUI,2026-10-08,38553000.0,0.163,0.53021,-1007000.0,-7991875.0,18840000.0,78506000.0,,940163443.0,0.27816,Yahoo Finance / yfinance get_info,OK,PRET_SSI
2026-10-07,Bathurst Resources Ltd.       R,B0R.F,EUR,Allemagne,50411124.0,FRA,Frankfurt,EQUITY,,Yahoo Finance / yfinance EquityQuery,2026-10-07,Détection mécanique 50-300 MEUR ; qualification SSI requise.,DETECTE,,2026-10-07,254,0.209999993443489,0.0,-22.794124253325865,-36.74698751919984,0.3070500005036592,False,Yahoo Finance / yfinance - historique quotidien 1 an,OK,OUI,2026-10-08,20845000.0,-0.545,0.0912,-4963000.0,-20164876.0,13139000.0,639000.0,,240052980.0,0.41478002,Yahoo Finance / yfinance get_info,OK,PRET_SSI
2026-10-07,Gateway Real Estate AG,GTY.SG,EUR,Allemagne,50426296.0,STU,Stuttgart,EQUITY,,Yahoo Finance / yfinance EquityQuery,2026-10-07,Détection mécanique 50-300 MEUR ; qualification SSI requise.,DETECTE,,2026-10-07,254,0.270000010728836,0.0,-20.118339908360504,-21.05263020303224,0.3238050010055303,False,Yahoo Finance / yfinance - historique quotidien 1 an,OK,OUI,2026-10-08,27981000.0,-0.579,0.30253,813000.0,-60036376.0,2260000.0,876417024.0,,186764040.0,0.9485,Yahoo Finance / yfinance get_info,OK,PRET_SSI
2026-10-07,AUREA S.A.                    A,94P.F,EUR,Allemagne,50449640.0,FRA,Frankfurt,EQUITY,,Yahoo Finance / yfinance EquityQuery,2026-10-07,Détection mécanique 50-300 MEUR ; qualification SSI requise.,DETECTE,,2026-10-07,254,5.400000095367432,0.0,-2.173910977784832,-6.89655314160863,5.722599992752075,False,Yahoo Finance / yfinance - historique quotidien 1 an,OK,OUI,2026-10-08,224788992.0,0.02,0.06372,11018000.0,-9891250.0,35351000.0,39421000.0,,9342526.0,0.76667,Yahoo Finance / yfinance get_info,OK,PRET_SSI
2026-10-07,Franchetti S.p.A.             A,D0E.F,EUR,Allemagne,50481108.0,FRA,Frankfurt,EQUITY,,Yahoo Finance / yfinance EquityQuery,2026-10-07,Détection mécanique 50-300 MEUR ; qualification SSI requise.,DETECTE,,2026-10-07,253,5.349999904632568,0.0,15.301725400365962,0.9433907943081188,5.253349981307983,True,Yahoo Finance / yfinance - historique quotidien 1 an,OK,OUI,2026-10-08,8066200.0,0.428,0.60028,3676935.0,-7496671.0,8757590.0,9007032.0,,6435721.0,0.0,Yahoo Finance / yfinance get_info,OK,PRET_SSI
2026-10-07,Paragon Advanced Labs Inc.    R,B66.F,EUR,Allemagne,50485456.0,FRA,Frankfurt,EQUITY,,Yahoo Finance / yfinance EquityQuery,2026-10-07,Détection mécanique 50-300 MEUR ; qualification SSI requise.,DETECTE,,2026-10-07,178,1.5499999523162842,0.0,24.99999519317384,-22.50000238418579,,,Yahoo Finance / yfinance - historique quotidien 1 an,OK,OUI,2026-10-08,6375707.0,4.162,0.05594,-8342995.0,,2417545.0,40254448.0,,32571262.0,0.27926,Yahoo Finance / yfinance get_info,OK,PRET_SSI
2026-10-07,SuperCom Ltd.                 R,50S.F,EUR,Allemagne,50494832.0,FRA,Frankfurt,EQUITY,,Yahoo Finance / yfinance EquityQuery,2026-10-07,Détection mécanique 50-300 MEUR ; qualification SSI requise.,DETECTE,,2026-10-07,254,8.039999961853027,0.0,-24.507039907644923,11.977718023335935,8.288000011444092,False,Yahoo Finance / yfinance - historique quotidien 1 an,OK,OUI,2026-10-08,29408000.0,0.133,0.55767,3212000.0,3223875.0,7429000.0,23160000.0,,6280452.0,0.08876,Yahoo Finance / yfinance get_info,OK,PRET_SSI
2026-10-07,Lumos Diagnostics Hldgs Ltd.  R,7YU.F,EUR,Allemagne,50526644.0,FRA,Frankfurt,EQUITY,,Yahoo Finance / yfinance EquityQuery,2026-10-07,Détection mécanique 50-300 MEUR ; qualification SSI requise.,DETECTE,,2026-10-07,216,0.0520000010728836,0.0,18.18182126057051,-42.85714051787104,0.092362000066787,False,Yahoo Finance / yfinance - historique quotidien 1 an,OK,OUI,2026-10-08,13192000.0,0.16,0.59703,-13562000.0,-1839250.0,15429000.0,5940000.0,,971666270.0,0.21004,Yahoo Finance / yfinance get_info,OK,PRET_SSI
2026-10-07,NORDWEST HANDEL AG            I,NWX.F,EUR,Allemagne,50639000.0,FRA,Frankfurt,EQUITY,,Yahoo Finance / yfinance EquityQuery,2026-10-07,Détection mécanique 50-300 MEUR ; qualification SSI requise.,DETECTE,,2026-10-07,254,15.800000190734863,0.0,-16.842104259290192,-13.186815778006425,17.70349997997284,False,Yahoo Finance / yfinance - historique quotidien 1 an,OK,OUI,2026-10-08,245919008.0,-0.131,0.39821997,10685000.0,-44529752.0,5168000.0,72566000.0,,3205000.0,0.50028,Yahoo Finance / yfinance get_info,OK,PRET_SSI
2026-10-07,ONDINE BIOMEDICAL INC         R,VF5.F,EUR,Allemagne,50790236.0,FRA,Frankfurt,EQUITY,,Yahoo Finance / yfinance EquityQuery,2026-10-07,Détection mécanique 50-300 MEUR ; qualification SSI requise.,DETECTE,,2026-10-07,253,0.090499997138977,0.0,-39.66667097144639,-8.585860980443726,0.1138950004056096,False,Yahoo Finance / yfinance - historique quotidien 1 an,OK,OUI,2026-10-08,2878000.0,0.229,0.61362,-33100000.0,-14957250.0,5323000.0,277000.0,,561218135.0,0.39421,Yahoo Finance / yfinance get_info,OK,PRET_SSI
2026-10-07,Trophy Games Development A/S  N,4H7.F,EUR,Allemagne,50865808.0,FRA,Frankfurt,EQUITY,,Yahoo Finance / yfinance EquityQuery,2026-10-07,Détection mécanique 50-300 MEUR ; qualification SSI requise.,DETECTE,,2026-10-07,254,1.7949999570846558,0.0,-3.753353999685771,-1.3736315740073168,1.878324991464615,False,Yahoo Finance / yfinance - historique quotidien 1 an,OK,OUI,2026-10-08,167104000.0,0.862,0.73594004,36119000.0,17165124.0,66661000.0,0.0,,28337498.0,0.0,Yahoo Finance / yfinance get_info,OK,PRET_SSI
2026-10-07,Afarak Group SE               R,V5W.F,EUR,Allemagne,50973056.0,FRA,Frankfurt,EQUITY,,Yahoo Finance / yfinance EquityQuery,2026-10-07,Détection mécanique 50-300 MEUR ; qualification SSI requise.,DETECTE,,2026-10-07,254,0.1949999928474426,0.0,-7.142857649699375,-15.948276526508398,0.2311899999529123,False,Yahoo Finance / yfinance - historique quotidien 1 an,OK,OUI,2026-10-08,121327000.0,-0.259,0.22957,-7826000.0,3478375.0,4915000.0,4376000.0,,261400300.0,0.28418,Yahoo Finance / yfinance get_info,OK,PRET_SSI
2026-10-07,Cinda International Hldgs Ltd.R,HNT.F,EUR,Allemagne,50975844.0,FRA,Frankfurt,EQUITY,,Yahoo Finance / yfinance EquityQuery,2026-10-07,Détection mécanique 50-300 MEUR ; qualification SSI requise.,DETECTE,,2026-10-07,254,0.0794999971985817,0.0,18.65670928102121,0.0,0.0778024998679757,True,Yahoo Finance / yfinance - historique quotidien 1 an,OK,OUI,2026-10-08,176556000.0,0.045,0.91819,,,284779008.0,914513024.0,,641205600.0,0.0,Yahoo Finance / yfinance get_info,OK,PRET_SSI
2026-10-07,ProCook Group PLC,P15.SG,EUR,Allemagne,50981888.0,STU,Stuttgart,EQUITY,,Yahoo Finance / yfinance EquityQuery,2026-10-07,Détection mécanique 50-300 MEUR ; qualification SSI requise.,DETECTE,,2026-10-07,254,0.4760000109672546,0.0,-11.851853323571415,26.59575193243495,0.4361299982666969,True,Yahoo Finance / yfinance - historique quotidien 1 an,OK,OUI,2026-10-08,85487000.0,0.247,0.67489,6977000.0,8083125.0,4416000.0,30214000.0,,107104808.0,0.88095003,Yahoo Finance / yfinance get_info,OK,PRET_SSI
2026-10-07,Magis S.p.A.                  A,ZF6.F,EUR,Allemagne,50987436.0,FRA,Frankfurt,EQUITY,,Yahoo Finance / yfinance EquityQuery,2026-10-07,Détection mécanique 50-300 MEUR ; qualification SSI requise.,DETECTE,,2026-10-07,254,8.850000381469727,0.0,-2.209942597237635,-1.6666624281141518,9.083000025749207,False,Yahoo Finance / yfinance - historique quotidien 1 an,OK,OUI,2026-10-08,77136688.0,-0.039,0.25907,8600215.0,-2107950.0,13473475.0,6182464.0,,5761292.0,0.65352994,Yahoo Finance / yfinance get_info,OK,PRET_SSI
2026-10-07,OSE Immunotherapeutics S.A.   A,6OP.F,EUR,Allemagne,51141684.0,FRA,Frankfurt,EQUITY,,Yahoo Finance / yfinance EquityQuery,2026-10-07,Détection mécanique 50-300 MEUR ; qualification SSI requise.,DETECTE,,2026-10-07,254,2.068000078201294,0.0,-36.330045021327386,-36.36922836303711,3.6982650005817415,False,Yahoo Finance / yfinance - historique quotidien 1 an,OK,OUI,2026-10-08,2691000.0,-0.008,0.88703,-37333000.0,-17837250.0,59117000.0,46132000.0,,24730019.0,0.25375,Yahoo Finance / yfinance get_info,OK,PRET_SSI
2026-10-07,Staffline Group PLC           R,OSU.F,EUR,Allemagne,51266244.0,FRA,Frankfurt,EQUITY,,Yahoo Finance / yfinance EquityQuery,2026-10-07,Détection mécanique 50-300 MEUR ; qualification SSI requise.,DETECTE,,2026-10-07,254,0.4600000083446502,0.0,6.9767443472272594,-10.67960754911944,0.4889449973404407,False,Yahoo Finance / yfinance - historique quotidien 1 an,OK,OUI,2026-10-08,1180300032.0,0.152,0.07007,15800000.0,-5950000.0,3500000.0,21400000.0,,111448353.0,0.30078,Yahoo Finance / yfinance get_info,OK,PRET_SSI
2026-10-07,MAKING SCIENCE GROUP S.A.     A,MS7.F,EUR,Allemagne,51468164.0,FRA,Frankfurt,EQUITY,,Yahoo Finance / yfinance EquityQuery,2026-10-07,Détection mécanique 50-300 MEUR ; qualification SSI requise.,DETECTE,,2026-10-07,254,5.5,0.0,-18.518518518518523,-27.631578039264404,7.205249967575074,False,Yahoo Finance / yfinance - historique quotidien 1 an,OK,OUI,2026-10-08,348292256.0,0.251,0.06365,905329.0,8189163.0,29697772.0,37097164.0,,9037007.0,0.65680003,Yahoo Finance / yfinance get_info,OK,PRET_SSI
2026-10-07,WASGAU Produkt. & Handels AG  N,MSH.F,EUR,Allemagne,51480000.0,FRA,Frankfurt,EQUITY,,Yahoo Finance / yfinance EquityQuery,2026-10-07,Détection mécanique 50-300 MEUR ; qualification SSI requise.,DETECTE,,2026-10-07,254,7.800000190734863,0.0,-7.142850655276467,-8.771929628875696,8.66199993610382,False,Yahoo Finance / yfinance - historique quotidien 1 an,OK,OUI,2026-10-08,658961024.0,0.014,0.35596,25838000.0,4983625.0,13673000.0,227056000.0,,6600000.0,0.92934,Yahoo Finance / yfinance get_info,OK,PRET_SSI
2026-10-07,Umbrella Global Energy S.A    A,U6Q.F,EUR,Allemagne,51739192.0,FRA,Frankfurt,EQUITY,,Yahoo Finance / yfinance EquityQuery,2026-10-07,Détection mécanique 50-300 MEUR ; qualification SSI requise.,DETECTE,,2026-10-07,254,2.400000095367432,0.0,-4.761900256640573,-6.976737738815952,2.722499998807907,False,Yahoo Finance / yfinance - historique quotidien 1 an,OK,OUI,2026-10-08,17325556.0,-0.506,0.21835,-6868992.0,-9162153.0,7269736.0,52081384.0,,21557997.0,0.83014,Yahoo Finance / yfinance get_info,OK,PRET_SSI
2026-10-07,Kaleon S.p.A.                 A,W4U.F,EUR,Allemagne,51742148.0,FRA,Frankfurt,EQUITY,,Yahoo Finance / yfinance EquityQuery,2026-10-07,Détection mécanique 50-300 MEUR ; qualification SSI requise.,DETECTE,,2026-10-07,214,3.6649999618530273,0.0,-2.9139107479598025,-1.212940049359712,3.81427500128746,False,Yahoo Finance / yfinance - historique quotidien 1 an,OK,OUI,2026-10-08,24754874.0,0.087,0.23838,4907721.0,-2975897.0,6309484.0,4128639.0,,14117912.0,0.70795995,Yahoo Finance / yfinance get_info,OK,PRET_SSI
2026-10-07,Talenom Oyj                   R,KZ70.F,EUR,Allemagne,51792576.0,FRA,Frankfurt,EQUITY,,Yahoo Finance / yfinance EquityQuery,2026-10-07,Détection mécanique 50-300 MEUR ; qualification SSI requise.,DETECTE,,2026-10-07,254,1.1080000400543213,0.0,-4.482752419254976,-16.187593216793182,1.5086866509914398,False,Yahoo Finance / yfinance - historique quotidien 1 an,OK,OUI,2026-10-08,109767000.0,0.028,0.32658002,12542000.0,13835750.0,9478000.0,87034000.0,,45648632.0,0.34557998,Yahoo Finance / yfinance get_info,OK,PRET_SSI
2026-10-07,GURU Organic Energy Corp.     R,GUU.F,EUR,Allemagne,51801824.0,FRA,Frankfurt,EQUITY,,Yahoo Finance / yfinance EquityQuery,2026-10-07,Détection mécanique 50-300 MEUR ; qualification SSI requise.,DETECTE,,2026-10-07,254,1.7200000286102295,0.0,-22.52252223226373,-37.68115816835444,2.6180000042915346,False,Yahoo Finance / yfinance - historique quotidien 1 an,OK,OUI,2026-10-08,39003424.0,0.103,0.6333,-912600.0,1412633.0,25623760.0,650696.0,,30117340.0,0.52729,Yahoo Finance / yfinance get_info,OK,PRET_SSI
2026-10-07,Battalion Oil Corp.           R,RAQB.F,EUR,Allemagne,51840348.0,FRA,Frankfurt,EQUITY,,Yahoo Finance / yfinance EquityQuery,2026-10-07,Détection mécanique 50-300 MEUR ; qualification SSI requise.,DETECTE,,2026-10-07,254,0.9049999713897704,261.800012588501,-46.13095240207081,-67.44604385958517,2.888774997293949,False,Yahoo Finance / yfinance - historique quotidien 1 an,OK,OUI,2026-10-08,163059008.0,0.124,0.43755,35053000.0,-8473750.0,83097000.0,158939008.0,,57282155.0,0.031159999,Yahoo Finance / yfinance get_info,OK,PRET_SSI
2026-10-07,Shimao Group Holdings Ltd.    R,QHI.F,EUR,Allemagne,51876720.0,FRA,Frankfurt,EQUITY,,Yahoo Finance / yfinance EquityQuery,2026-10-07,Détection mécanique 50-300 MEUR ; qualification SSI requise.,DETECTE,,2026-10-07,254,0.0049999998882412,0.0,399.9999650754052,-62.962964751511066,0.0094300000424846,False,Yahoo Finance / yfinance - historique quotidien 1 an,OK,OUI,2026-10-08,24551438336.0,-0.261,-1.13658,33839716352.0,63776063488.0,7738081792.0,178377834496.0,,10375343933.0,0.24725,Yahoo Finance / yfinance get_info,OK,PRET_SSI
2026-10-07,AB Science S.A.               A,A8D.F,EUR,Allemagne,52126624.0,FRA,Frankfurt,EQUITY,,Yahoo Finance / yfinance EquityQuery,2026-10-07,Détection mécanique 50-300 MEUR ; qualification SSI requise.,DETECTE,,2026-10-07,254,0.5400000214576721,0.0,-25.104020849886155,-54.46880048616484,1.0037549993395805,False,Yahoo Finance / yfinance - historique quotidien 1 an,OK,OUI,2026-10-08,1174000.0,0.287,0.83305,745000.0,1679125.0,10179000.0,19450000.0,,96530783.0,0.47707,Yahoo Finance / yfinance get_info,OK,PRET_SSI
2026-10-07,Borgestad ASA,H460.SG,EUR,Allemagne,52148696.0,STU,Stuttgart,EQUITY,,Yahoo Finance / yfinance EquityQuery,2026-10-07,Détection mécanique 50-300 MEUR ; qualification SSI requise.,DETECTE,,2026-10-07,254,1.4950000047683716,0.0,7.1684605884683394,6.028371642493524,1.4250499987602234,True,Yahoo Finance / yfinance - historique quotidien 1 an,OK,OUI,2026-10-08,1094941056.0,-0.018,0.54624003,86637000.0,50591248.0,119742000.0,494374016.0,,34882072.0,0.84939003,Yahoo Finance / yfinance get_info,OK,PRET_SSI
2026-10-07,Kamux Oyj                     R,4K8.F,EUR,Allemagne,52273228.0,FRA,Frankfurt,EQUITY,,Yahoo Finance / yfinance EquityQuery,2026-10-07,Détection mécanique 50-300 MEUR ; qualification SSI requise.,DETECTE,,2026-10-07,254,1.366000056266785,0.0,-10.01317191966299,-18.007199926213314,1.668919998407364,False,Yahoo Finance / yfinance - historique quotidien 1 an,OK,OUI,2026-10-08,862099968.0,0.067,0.094069995,4200000.0,24975000.0,8800000.0,58300000.0,,38267369.0,0.27809998,Yahoo Finance / yfinance get_info,OK,PRET_SSI
2026-10-07,Monni NV                      A,KY3.F,EUR,Allemagne,52546968.0,FRA,Frankfurt,EQUITY,,Yahoo Finance / yfinance EquityQuery,2026-10-07,Détection mécanique 50-300 MEUR ; qualification SSI requise.,DETECTE,,2026-10-07,254,7.900000095367432,0.0,-2.948405870181503,-5.952375546063715,7.924500018358231,False,Yahoo Finance / yfinance - historique quotidien 1 an,OK,OUI,2026-10-08,18060000.0,-0.265,0.40543,-2730000.0,,6128000.0,203000.0,,6651515.0,0.78783995,Yahoo Finance / yfinance get_info,OK,PRET_SSI
2026-10-07,IMPACT Silver Corp.           R,IKL.F,EUR,Allemagne,52569476.0,FRA,Frankfurt,EQUITY,,Yahoo Finance / yfinance EquityQuery,2026-10-07,Détection mécanique 50-300 MEUR ; qualification SSI requise.,DETECTE,,2026-10-07,254,0.1503999978303909,0.0,-15.789474123332392,-3.0927877613847965,0.1953030005842447,False,Yahoo Finance / yfinance - historique quotidien 1 an,OK,OUI,2026-10-08,81108240.0,1.241,0.44702,27590468.0,19422460.0,52975872.0,135889.0,,349531098.0,0.00424,Yahoo Finance / yfinance get_info,OK,PRET_SSI
2026-10-07,Ideal Power Inc.              R,5ILA.F,EUR,Allemagne,52590896.0,FRA,Frankfurt,EQUITY,,Yahoo Finance / yfinance EquityQuery,2026-10-07,Détection mécanique 50-300 MEUR ; qualification SSI requise.,DETECTE,,2026-10-07,254,3.200000047683716,0.0,-15.343913441692692,42.8571443776695,3.555849987268448,False,Yahoo Finance / yfinance - historique quotidien 1 an,OK,OUI,2026-10-08,30250.0,3.549,0.0057200002,-11643013.0,-5296367.0,41294488.0,358447.0,,16434655.0,0.04775,Yahoo Finance / yfinance get_info,OK,PRET_SSI
2026-10-07,Marchex Inc.                  R,NHM.F,EUR,Allemagne,52762088.0,FRA,Frankfurt,EQUITY,,Yahoo Finance / yfinance EquityQuery,2026-10-07,Détection mécanique 50-300 MEUR ; qualification SSI requise.,DETECTE,,2026-10-07,254,1.190000057220459,0.0,-19.594591764571323,-3.252029368516418,1.348649998307228,False,Yahoo Finance / yfinance - historique quotidien 1 an,OK,OUI,2026-10-08,43982000.0,-0.056,0.61209,-1603000.0,1018875.0,8151000.0,488000.0,,39676963.0,0.0865,Yahoo Finance / yfinance get_info,OK,PRET_SSI
2026-10-07,DP Poland PLC                 R,2OP.F,EUR,Allemagne,52863308.0,FRA,Frankfurt,EQUITY,,Yahoo Finance / yfinance EquityQuery,2026-10-07,Détection mécanique 50-300 MEUR ; qualification SSI requise.,DETECTE,,2026-10-07,254,0.0560000017285347,0.0,-17.037037772896824,-14.503812365484317,0.0683099999651312,False,Yahoo Finance / yfinance - historique quotidien 1 an,OK,OUI,2026-10-08,63702896.0,0.071,0.30056998,3228070.0,1306960.0,690305.0,9453452.0,,943987674.0,0.60923,Yahoo Finance / yfinance get_info,OK,PRET_SSI
2026-10-07,Da Ming International HoldingsR,DM7.F,EUR,Allemagne,52872288.0,FRA,Frankfurt,EQUITY,,Yahoo Finance / yfinance EquityQuery,2026-10-07,Détection mécanique 50-300 MEUR ; qualification SSI requise.,DETECTE,,2026-10-07,254,0.0419999994337558,0.0,-27.58620578915267,-34.88371837820373,0.0637025001831352,False,Yahoo Finance / yfinance - historique quotidien 1 an,OK,OUI,2026-10-08,44897517568.0,0.033,0.02375,694019008.0,879392896.0,329369984.0,10417341440.0,,1258864000.0,0.7485,Yahoo Finance / yfinance get_info,OK,PRET_SSI
2026-10-07,Zentek Ltd.                   R,ZAY0.F,EUR,Allemagne,52926968.0,FRA,Frankfurt,EQUITY,,Yahoo Finance / yfinance EquityQuery,2026-10-07,Détection mécanique 50-300 MEUR ; qualification SSI requise.,DETECTE,,2026-10-07,254,0.4180000126361847,0.0,1.951223483474296,-5.855854223150125,0.4994100008904933,False,Yahoo Finance / yfinance - historique quotidien 1 an,OK,OUI,2026-10-08,108251.0,,0.0,-10581665.0,-4480399.0,16596697.0,1926176.0,,126619532.0,0.01922,Yahoo Finance / yfinance get_info,OK,PRET_SSI
2026-10-07,PEH Wertpapier AG             I,PEH.F,EUR,Allemagne,52930488.0,FRA,Frankfurt,EQUITY,,Yahoo Finance / yfinance EquityQuery,2026-10-07,Détection mécanique 50-300 MEUR ; qualification SSI requise.,DETECTE,,2026-10-07,254,32.400001525878906,2592.0001220703125,5.882356607744343,17.3913082538645,29.92400011062622,True,Yahoo Finance / yfinance - historique quotidien 1 an,OK,OUI,2026-10-08,219528992.0,0.143,0.20841,12720000.0,8637250.0,27648000.0,5263000.0,,1633657.0,0.3978,Yahoo Finance / yfinance get_info,OK,PRET_SSI
2026-10-07,Global Bio-Chem Techn. Co.Ltd.R,GLY0.F,EUR,Allemagne,53050744.0,FRA,Frankfurt,EQUITY,,Yahoo Finance / yfinance EquityQuery,2026-10-07,Détection mécanique 50-300 MEUR ; qualification SSI requise.,DETECTE,,2026-10-07,251,0.031599998474121,0.0,689.9999243300445,474.5454299154359,0.012497499953024,True,Yahoo Finance / yfinance - historique quotidien 1 an,OK,OUI,2026-10-08,2096363008.0,-0.154,0.01951,-160231008.0,-283104384.0,180432000.0,2140304000.0,,1678821152.0,0.80847,Yahoo Finance / yfinance get_info,OK,PRET_SSI
2026-10-07,Zelluna ASA                   N,7UM0.F,EUR,Allemagne,53151712.0,FRA,Frankfurt,EQUITY,,Yahoo Finance / yfinance EquityQuery,2026-10-07,Détection mécanique 50-300 MEUR ; qualification SSI requise.,DETECTE,,2026-10-07,254,1.7799999713897705,0.0,2.0057287407311275,-3.26087287502157,1.7314799952507018,True,Yahoo Finance / yfinance - historique quotidien 1 an,OK,OUI,2026-10-08,8000.0,,1.0,-107976000.0,-62653876.0,86243000.0,1061000.0,,29860511.0,0.40599,Yahoo Finance / yfinance get_info,OK,PRET_SSI
2026-10-07,Alterity Therapeutics Ltd.    R,PBN0.F,EUR,Allemagne,53168436.0,FRA,Frankfurt,EQUITY,,Yahoo Finance / yfinance EquityQuery,2026-10-07,Détection mécanique 50-300 MEUR ; qualification SSI requise.,DETECTE,,2026-10-07,254,2.9200000762939453,0.0,-34.23423336345785,5.035975048380537,3.304299999475479,False,Yahoo Finance / yfinance - historique quotidien 1 an,OK,OUI,2026-10-08,3610016.0,-0.79,0.92721003,-25090684.0,-14740514.0,37317960.0,193465.0,,18208368.0,0.0,Yahoo Finance / yfinance get_info,OK,PRET_SSI
2026-10-07,Alterity Therapeutics Ltd. (ADR,PBN0.SG,EUR,Allemagne,53168436.0,STU,Stuttgart,EQUITY,,Yahoo Finance / yfinance EquityQuery,2026-10-07,Détection mécanique 50-300 MEUR ; qualification SSI requise.,DETECTE,,2026-10-07,254,2.9200000762939453,0.0,-36.79653357955471,4.285718786473258,3.39379998922348,False,Yahoo Finance / yfinance - historique quotidien 1 an,OK,OUI,2026-10-08,3610016.0,-0.79,0.92721003,-25090684.0,-14740514.0,37317960.0,193465.0,,18208368.0,0.0,Yahoo Finance / yfinance get_info,OK,PRET_SSI
2026-10-07,Tethys Petroleum Ltd.         R,TP21.F,EUR,Allemagne,53293760.0,FRA,Frankfurt,EQUITY,,Yahoo Finance / yfinance EquityQuery,2026-10-07,Détection mécanique 50-300 MEUR ; qualification SSI requise.,DETECTE,,2026-10-07,254,0.4639999866485595,0.0,-7.200002670288086,-36.43835965409058,0.6569899997860194,False,Yahoo Finance / yfinance - historique quotidien 1 an,OK,OUI,2026-10-08,34770000.0,0.689,0.63201,14221000.0,10052375.0,6257000.0,0.0,,114857248.0,0.43133998,Yahoo Finance / yfinance get_info,OK,PRET_SSI
2026-10-07,Tianjin TEDA Bio.Eng.Co.Ltd.  R,TJJ.F,EUR,Allemagne,53347500.0,FRA,Frankfurt,EQUITY,,Yahoo Finance / yfinance EquityQuery,2026-10-07,Détection mécanique 50-300 MEUR ; qualification SSI requise.,DETECTE,,2026-10-07,226,0.025000000372529,0.0,100.0,11.111108351636933,0.0203495001047849,True,Yahoo Finance / yfinance - historique quotidien 1 an,OK,OUI,2026-10-08,592594368.0,0.308,-0.01663,-38275000.0,74482496.0,131720144.0,108811032.0,,1436400000.0,0.04089,Yahoo Finance / yfinance get_info,OK,PRET_SSI
2026-10-07,Herige S.A.                   A,8YW.F,EUR,Allemagne,53412132.0,FRA,Frankfurt,EQUITY,,Yahoo Finance / yfinance EquityQuery,2026-10-07,Détection mécanique 50-300 MEUR ; qualification SSI requise.,DETECTE,,2026-10-07,254,18.75,0.0,-11.556606956460092,-10.287079702260138,20.10324999809265,False,Yahoo Finance / yfinance - historique quotidien 1 an,OK,OUI,2026-10-08,382199008.0,0.01,0.50726,10276000.0,293000.0,43326000.0,82339000.0,,2848647.0,0.5952,Yahoo Finance / yfinance get_info,OK,PRET_SSI
2026-10-07,Catana Group S.A.             A,2HU.F,EUR,Allemagne,53434052.0,FRA,Frankfurt,EQUITY,,Yahoo Finance / yfinance EquityQuery,2026-10-07,Détection mécanique 50-300 MEUR ; qualification SSI requise.,DETECTE,,2026-10-07,254,1.8739999532699585,0.0,-7.227724209660103,-20.255317901258994,2.240674996376037,False,Yahoo Finance / yfinance - historique quotidien 1 an,OK,OUI,2026-10-08,175971008.0,0.013,0.53526,14977000.0,8548625.0,36729000.0,55275000.0,,28513368.0,0.34859002,Yahoo Finance / yfinance get_info,OK,PRET_SSI
2026-10-07,Austral Gold Ltd.             R,D3R.F,EUR,Allemagne,53448292.0,FRA,Frankfurt,EQUITY,,Yahoo Finance / yfinance EquityQuery,2026-10-07,Détection mécanique 50-300 MEUR ; qualification SSI requise.,DETECTE,,2026-10-07,188,0.0799999982118606,0.0,-0.6211192771326313,-7.514449174247384,,,Yahoo Finance / yfinance - historique quotidien 1 an,OK,OUI,2026-10-08,99163000.0,2.585,0.46041,35230000.0,3748750.0,26438000.0,21964000.0,,668103679.0,0.72423,Yahoo Finance / yfinance get_info,OK,PRET_SSI
2026-10-07,Everyman Media Group PLC      R,EVY.F,EUR,Allemagne,53502844.0,FRA,Frankfurt,EQUITY,,Yahoo Finance / yfinance EquityQuery,2026-10-07,Détection mécanique 50-300 MEUR ; qualification SSI requise.,DETECTE,,2026-10-07,254,0.5799999833106995,0.0,0.0,60.22099492998265,0.3991649997979402,True,Yahoo Finance / yfinance - historique quotidien 1 an,OK,OUI,2026-10-08,129881000.0,0.235,0.65438,15752000.0,10167750.0,7551000.0,129563000.0,,92246284.0,0.73947996,Yahoo Finance / yfinance get_info,OK,PRET_SSI
2026-10-07,China Oil & Gas Group Ltd.    R,GPI1.F,EUR,Allemagne,53549632.0,FRA,Frankfurt,EQUITY,,Yahoo Finance / yfinance EquityQuery,2026-10-07,Détection mécanique 50-300 MEUR ; qualification SSI requise.,DETECTE,,2026-10-07,254,0.0094999996945261,0.0,-13.636365945427888,-40.62500472937223,0.0141524999495595,False,Yahoo Finance / yfinance - historique quotidien 1 an,OK,OUI,2026-10-08,15122985984.0,-0.005,0.14341,2026237056.0,558146240.0,5045687808.0,9855578112.0,,5636803834.0,0.28263,Yahoo Finance / yfinance get_info,OK,PRET_SSI
2026-10-07,China Chengtong Develop. GroupR,CCO.F,EUR,Allemagne,53575964.0,FRA,Frankfurt,EQUITY,CJ6.F,Yahoo Finance / yfinance EquityQuery,2026-10-07,Détection mécanique 50-300 MEUR ; qualification SSI requise.,DETECTE,,2026-10-07,254,0.0089999996125698,0.0,-5.263158926673251,-18.18182126057051,0.0104500000132247,False,Yahoo Finance / yfinance - historique quotidien 1 an,OK,OUI,2026-10-08,712833024.0,0.652,0.39879,238016000.0,-1954186240.0,1714788992.0,10910828544.0,,5952885045.0,0.53155,Yahoo Finance / yfinance get_info,OK,PRET_SSI
2026-10-07,Majestic Gold Corp.           R,MJT.F,EUR,Allemagne,53592948.0,FRA,Frankfurt,EQUITY,,Yahoo Finance / yfinance EquityQuery,2026-10-07,Détection mécanique 50-300 MEUR ; qualification SSI requise.,DETECTE,,2026-10-07,254,0.0513999983668327,0.0,-9.187283175437411,-33.41969379466065,0.0762425001896917,False,Yahoo Finance / yfinance - historique quotidien 1 an,OK,OUI,2026-10-08,99170688.0,0.251,0.72047997,50215532.0,8769137.0,215339616.0,37826588.0,,1042664381.0,0.00072999997,Yahoo Finance / yfinance get_info,OK,PRET_SSI
2026-10-07,MedPal AI PLC                 R,Z1N.F,EUR,Allemagne,53618072.0,FRA,Frankfurt,EQUITY,,Yahoo Finance / yfinance EquityQuery,2026-10-07,Détection mécanique 50-300 MEUR ; qualification SSI requise.,DETECTE,,2026-10-07,254,0.0604999996721744,0.0,116.07142073121328,132.69230163044492,0.0390800000820308,True,Yahoo Finance / yfinance - historique quotidien 1 an,OK,OUI,2026-10-08,1603943.0,,0.22978,,-1946455.0,4189.0,744404.0,,886249135.0,0.3811,Yahoo Finance / yfinance get_info,OK,PRET_SSI
2026-10-07,AI Financial Corp.            R,5AR1.F,EUR,Allemagne,53641284.0,FRA,Frankfurt,EQUITY,,Yahoo Finance / yfinance EquityQuery,2026-10-07,Détection mécanique 50-300 MEUR ; qualification SSI requise.,DETECTE,,2026-10-07,254,0.3835999965667724,0.0,4.894719651180002,-40.98461374813277,0.7750505013018847,False,Yahoo Finance / yfinance - historique quotidien 1 an,OK,OUI,2026-10-08,20074000.0,-0.622,0.53556997,-19025000.0,-4823500.0,5850000.0,28592000.0,,139836511.0,0.02062,Yahoo Finance / yfinance get_info,OK,PRET_SSI
2026-10-07,51 Talk Online Education GroupR,C4G0.F,EUR,Allemagne,53765468.0,FRA,Frankfurt,EQUITY,,Yahoo Finance / yfinance EquityQuery,2026-10-07,Détection mécanique 50-300 MEUR ; qualification SSI requise.,DETECTE,,2026-10-07,254,8.949999809265137,0.0,-36.97183148252235,-51.35869568034246,17.78599998474121,False,Yahoo Finance / yfinance - historique quotidien 1 an,OK,OUI,2026-10-08,120526000.0,0.588,0.73301005,-12709500.0,,40071000.0,2535000.0,,4280532.0,0.62891996,Yahoo Finance / yfinance get_info,OK,PRET_SSI
2026-10-07,Recce Pharmaceuticals Ltd.    R,R9Q.F,EUR,Allemagne,53815532.0,FRA,Frankfurt,EQUITY,,Yahoo Finance / yfinance EquityQuery,2026-10-07,Détection mécanique 50-300 MEUR ; qualification SSI requise.,DETECTE,,2026-10-07,254,0.1759999990463256,0.0,-13.725489050275929,-37.58865398130485,0.2583050009608268,False,Yahoo Finance / yfinance - historique quotidien 1 an,OK,OUI,2026-10-08,9465688.0,15.095,0.1311,-13794138.0,-1548017.0,2932209.0,10441361.0,,305770071.0,0.40673,Yahoo Finance / yfinance get_info,OK,PRET_SSI
2026-10-07,Capinfo Co. Ltd.              R,CF90.F,EUR,Allemagne,53904404.0,FRA,Frankfurt,EQUITY,,Yahoo Finance / yfinance EquityQuery,2026-10-07,Détection mécanique 50-300 MEUR ; qualification SSI requise.,DETECTE,,2026-10-07,254,0.1860000044107437,0.0,-0.5347604236009551,-35.41666235498789,0.2548100001364946,False,Yahoo Finance / yfinance - historique quotidien 1 an,OK,OUI,2026-10-08,1697606016.0,0.041,0.24404,82253360.0,156491392.0,626103104.0,99059320.0,,77449800.0,0.0,Yahoo Finance / yfinance get_info,OK,PRET_SSI
2026-10-07,White Cliff Minerals Ltd.     R,4W1.F,EUR,Allemagne,53934192.0,FRA,Frankfurt,EQUITY,,Yahoo Finance / yfinance EquityQuery,2026-10-07,Détection mécanique 50-300 MEUR ; qualification SSI requise.,DETECTE,,2026-10-07,230,0.0160000007599592,0.0,113.33334823449488,166.66667701469518,0.009140890110284,True,Yahoo Finance / yfinance - historique quotidien 1 an,OK,OUI,2026-10-08,16500.0,22.618,1.0,-24727864.0,-5331578.0,9804737.0,0.0,,3370886923.0,0.29601,Yahoo Finance / yfinance get_info,OK,PRET_SSI
2026-10-07,Novonix Ltd.                  R,GC3.F,EUR,Allemagne,54087664.0,FRA,Frankfurt,EQUITY,,Yahoo Finance / yfinance EquityQuery,2026-10-07,Détection mécanique 50-300 MEUR ; qualification SSI requise.,DETECTE,,2026-10-07,254,0.0542000010609626,0.0,-51.520571532837664,-62.87671105647805,0.1421294994093477,False,Yahoo Finance / yfinance - historique quotidien 1 an,OK,OUI,2026-10-08,5617119.0,,0.55486,-47458856.0,-65809208.0,59534916.0,91317024.0,,997927386.0,0.14114,Yahoo Finance / yfinance get_info,OK,PRET_SSI
2026-10-07,ALPHA PRO TECH LTD.           R,APL.F,EUR,Allemagne,54092956.0,FRA,Frankfurt,EQUITY,,Yahoo Finance / yfinance EquityQuery,2026-10-07,Détection mécanique 50-300 MEUR ; qualification SSI requise.,DETECTE,,2026-10-07,254,5.300000190734863,0.0,22.11981576946571,35.89743746494789,4.382550007104873,True,Yahoo Finance / yfinance - historique quotidien 1 an,OK,OUI,2026-10-08,61907000.0,0.12,0.37498,5322000.0,4460250.0,18901000.0,7621000.0,,10206218.0,0.16379,Yahoo Finance / yfinance get_info,OK,PRET_SSI
2026-10-07,Marks Electrical Group PLC    R,KV7.F,EUR,Allemagne,54095372.0,FRA,Frankfurt,EQUITY,,Yahoo Finance / yfinance EquityQuery,2026-10-07,Détection mécanique 50-300 MEUR ; qualification SSI requise.,DETECTE,,2026-10-07,254,0.5199999809265137,0.0,8.786610252572814,1.960782480441492,0.4869399960339069,True,Yahoo Finance / yfinance - historique quotidien 1 an,OK,OUI,2026-10-08,107933000.0,-0.059,0.23622999,362000.0,-2263375.0,4434000.0,1884000.0,,104029570.0,0.97339,Yahoo Finance / yfinance get_info,OK,PRET_SSI
2026-10-07,DLH Holdings Corp.            R,TS8A.F,EUR,Allemagne,54104920.0,FRA,Frankfurt,EQUITY,,Yahoo Finance / yfinance EquityQuery,2026-10-07,Détection mécanique 50-300 MEUR ; qualification SSI requise.,DETECTE,,2026-10-07,254,3.640000104904175,0.0,-16.129032789695042,-28.627447588816768,4.513849991559982,False,Yahoo Finance / yfinance - historique quotidien 1 an,OK,OUI,2026-10-08,253543008.0,-0.469,0.18141001,16629000.0,21565376.0,235000.0,141144000.0,,14493035.0,0.15137,Yahoo Finance / yfinance get_info,OK,PRET_SSI
2026-10-07,Gentian Diagnostics ASA       N,6FK.F,EUR,Allemagne,54105184.0,FRA,Frankfurt,EQUITY,,Yahoo Finance / yfinance EquityQuery,2026-10-07,Détection mécanique 50-300 MEUR ; qualification SSI requise.,DETECTE,,2026-10-07,254,3.5,0.0,3.2448345631816533,-6.417112538095182,3.732899996042252,False,Yahoo Finance / yfinance - historique quotidien 1 an,OK,OUI,2026-10-08,182116000.0,0.142,0.55511004,25897000.0,1437875.0,79341000.0,16809000.0,,15458624.0,0.50039,Yahoo Finance / yfinance get_info,OK,PRET_SSI
2026-10-07,Winking Studios Ltd.          R,G4D.F,EUR,Allemagne,54169044.0,FRA,Frankfurt,EQUITY,,Yahoo Finance / yfinance EquityQuery,2026-10-07,Détection mécanique 50-300 MEUR ; qualification SSI requise.,DETECTE,,2026-10-07,254,0.1230000033974647,0.0,-0.8064472518713228,-10.869560522633405,0.132215000167489,False,Yahoo Finance / yfinance - historique quotidien 1 an,OK,OUI,2026-10-08,49581000.0,0.211,0.26843,-550000.0,-2090500.0,23200000.0,6436000.0,,440398718.0,0.77163005,Yahoo Finance / yfinance get_info,OK,PRET_SSI
2026-10-07,China Shuifa Singyes En. HLDGSR,KG0A.F,EUR,Allemagne,54295120.0,FRA,Frankfurt,EQUITY,,Yahoo Finance / yfinance EquityQuery,2026-10-07,Détection mécanique 50-300 MEUR ; qualification SSI requise.,DETECTE,,2026-10-07,254,0.0154999997466802,0.0,-11.4285732532034,-13.888886589326876,0.0185825000423938,False,Yahoo Finance / yfinance - historique quotidien 1 an,OK,OUI,2026-10-08,3748973056.0,-0.105,0.17909999,662195968.0,-883831872.0,221291008.0,11752710144.0,,2521081780.0,0.7493,Yahoo Finance / yfinance get_info,OK,PRET_SSI
2026-10-07,Gumi Inc.                     R,1G9.F,EUR,Allemagne,54440040.0,FRA,Frankfurt,EQUITY,,Yahoo Finance / yfinance EquityQuery,2026-10-07,Détection mécanique 50-300 MEUR ; qualification SSI requise.,DETECTE,,2026-10-07,254,1.0099999904632568,0.0,-15.833337472544606,-35.66879256559263,1.4119249978661537,False,Yahoo Finance / yfinance - historique quotidien 1 an,OK,OUI,2026-10-08,9456671744.0,0.202,0.28961,734694976.0,,3056999936.0,4695000064.0,,53901034.0,0.42960998,Yahoo Finance / yfinance get_info,OK,PRET_SSI
2026-10-07,Boom Logistics Ltd.           R,GJY.F,EUR,Allemagne,54570576.0,FRA,Frankfurt,EQUITY,,Yahoo Finance / yfinance EquityQuery,2026-10-07,Détection mécanique 50-300 MEUR ; qualification SSI requise.,DETECTE,,2026-10-07,254,1.5,0.0,14.503821795390248,50.0,1.1347250056266784,True,Yahoo Finance / yfinance - historique quotidien 1 an,OK,OUI,2026-10-08,271004000.0,-0.031,0.73266,29419000.0,43126124.0,24711000.0,109764000.0,,36380384.0,0.244,Yahoo Finance / yfinance get_info,OK,PRET_SSI
2026-10-07,Calnex Solutions PLC          R,CSO.F,EUR,Allemagne,54605840.0,FRA,Frankfurt,EQUITY,,Yahoo Finance / yfinance EquityQuery,2026-10-07,Détection mécanique 50-300 MEUR ; qualification SSI requise.,DETECTE,,2026-10-07,254,0.6200000047683716,0.0,-5.343506587815028,5.084751242024477,0.6335449986159801,False,Yahoo Finance / yfinance - historique quotidien 1 an,OK,OUI,2026-10-08,21875000.0,0.254,0.54592,1484000.0,-786125.0,9306000.0,928000.0,,88073936.0,0.28996,Yahoo Finance / yfinance get_info,OK,PRET_SSI
2026-10-07,Forum Markets Inc.            R,L270.F,EUR,Allemagne,54643644.0,FRA,Frankfurt,EQUITY,,Yahoo Finance / yfinance EquityQuery,2026-10-07,Détection mécanique 50-300 MEUR ; qualification SSI requise.,DETECTE,,2026-10-07,136,4.139999866485596,0.0,-17.200002670288082,181.6326384972688,,,Yahoo Finance / yfinance - historique quotidien 1 an,OK,OUI,2026-10-08,10771000.0,,0.86324,-243266864.0,37797260.0,4102000.0,25950000.0,,13198948.0,0.42722,Yahoo Finance / yfinance get_info,OK,PRET_SSI
2026-10-07,Canyon Resources Ltd.         R,2CY.F,EUR,Allemagne,54646048.0,FRA,Frankfurt,EQUITY,,Yahoo Finance / yfinance EquityQuery,2026-10-07,Détection mécanique 50-300 MEUR ; qualification SSI requise.,DETECTE,,2026-10-07,254,0.0264999996870756,0.0,-49.52380854391454,-68.26347261309267,0.0708375000767409,False,Yahoo Finance / yfinance - historique quotidien 1 an,OK,OUI,2026-10-08,993316.0,1.326,1.0,-7081594.0,-101544336.0,45840868.0,108603768.0,,2062115055.0,0.69617,Yahoo Finance / yfinance get_info,OK,PRET_SSI
2026-10-07,Gattaca PLC                   R,MNZ.F,EUR,Allemagne,54648944.0,FRA,Frankfurt,EQUITY,,Yahoo Finance / yfinance EquityQuery,2026-10-07,Détection mécanique 50-300 MEUR ; qualification SSI requise.,DETECTE,,2026-10-07,254,1.690000057220459,0.0,-3.4285681588309136,29.00764359078052,1.4761499983072282,True,Yahoo Finance / yfinance - historique quotidien 1 an,OK,OUI,2026-10-08,417863008.0,0.098,0.09867,5258000.0,-29750.0,15265000.0,2253000.0,,30888335.0,0.6771,Yahoo Finance / yfinance get_info,OK,PRET_SSI
2026-10-07,R.E.A. HOLDINGS PLC           R,BY0.F,EUR,Allemagne,54788784.0,FRA,Frankfurt,EQUITY,,Yahoo Finance / yfinance EquityQuery,2026-10-07,Détection mécanique 50-300 MEUR ; qualification SSI requise.,DETECTE,,2026-10-07,254,1.25,0.0,1.6260146842582035,-7.407409042651403,1.3021499979496003,False,Yahoo Finance / yfinance - historique quotidien 1 an,OK,OUI,2026-10-08,191142000.0,-0.041,0.31396,65709000.0,14023000.0,22630000.0,185663008.0,,43831029.0,0.39327,Yahoo Finance / yfinance get_info,OK,PRET_SSI
2026-10-07,Airtasker Ltd.                R,9B5.F,EUR,Allemagne,54823164.0,FRA,Frankfurt,EQUITY,,Yahoo Finance / yfinance EquityQuery,2026-10-07,Détection mécanique 50-300 MEUR ; qualification SSI requise.,DETECTE,,2026-10-07,254,0.1120000034570694,0.0,2.7522992218859565,-7.438013170286717,0.1251500007510185,False,Yahoo Finance / yfinance - historique quotidien 1 an,OK,OUI,2026-10-08,57831000.0,0.065,0.5561,-38890000.0,-13609000.0,12361000.0,1058000.0,,489492507.0,0.43051997,Yahoo Finance / yfinance get_info,OK,PRET_SSI
2026-10-07,Yojee Ltd.                    R,SRC.F,EUR,Allemagne,54882404.0,FRA,Frankfurt,EQUITY,,Yahoo Finance / yfinance EquityQuery,2026-10-07,Détection mécanique 50-300 MEUR ; qualification SSI requise.,DETECTE,,2026-10-07,254,0.1289999932050705,0.0,-18.86792594291318,-13.422825638117208,0.1628150009363889,False,Yahoo Finance / yfinance - historique quotidien 1 an,OK,OUI,2026-10-08,527525.0,-0.071,-2.68391,-7248976.0,-3762925.0,3440374.0,0.0,,425445012.0,0.29222,Yahoo Finance / yfinance get_info,OK,PRET_SSI
2026-10-07,SUN A. KAKEN CO. LTD.         R,KK2.F,EUR,Allemagne,54901868.0,FRA,Frankfurt,EQUITY,,Yahoo Finance / yfinance EquityQuery,2026-10-07,Détection mécanique 50-300 MEUR ; qualification SSI requise.,DETECTE,,2026-10-07,254,5.699999809265137,0.0,57.45856324481111,45.408155569579534,4.297050018310546,True,Yahoo Finance / yfinance - historique quotidien 1 an,OK,OUI,2026-10-08,31576999936.0,0.154,0.15749,2585250048.0,,5513999872.0,4350000128.0,,9631907.0,0.42478,Yahoo Finance / yfinance get_info,OK,PRET_SSI
2026-10-07,Scana ASA                     N,1MP.F,EUR,Allemagne,54964488.0,FRA,Frankfurt,EQUITY,,Yahoo Finance / yfinance EquityQuery,2026-10-07,Détection mécanique 50-300 MEUR ; qualification SSI requise.,DETECTE,,2026-10-07,254,0.1190000027418136,0.0,6.726457518962059,3.9301324251216574,0.1172189996391534,True,Yahoo Finance / yfinance - historique quotidien 1 an,OK,OUI,2026-10-08,1638599936.0,-0.018,0.57854,68000000.0,169112496.0,64300000.0,468000000.0,,461886437.0,0.65229,Yahoo Finance / yfinance get_info,OK,PRET_SSI
2026-10-07,Marmota Ltd.                  R,43M.F,EUR,Allemagne,55055220.0,FRA,Frankfurt,EQUITY,,Yahoo Finance / yfinance EquityQuery,2026-10-07,Détection mécanique 50-300 MEUR ; qualification SSI requise.,DETECTE,,2026-10-07,214,0.0425000004470348,0.0,18.05556187935109,-27.9661013738618,0.0554350000619888,False,Yahoo Finance / yfinance - historique quotidien 1 an,OK,OUI,2026-10-08,291862.0,1.245,1.0,-319353.0,-4191393.0,14704611.0,180436.0,,1295416901.0,0.29369,Yahoo Finance / yfinance get_info,OK,PRET_SSI
2026-10-07,Quam Plus Intern. Finan. ltd. R,WFU.F,EUR,Allemagne,55312892.0,FRA,Frankfurt,EQUITY,,Yahoo Finance / yfinance EquityQuery,2026-10-07,Détection mécanique 50-300 MEUR ; qualification SSI requise.,DETECTE,,2026-10-07,254,0.0089999996125698,0.0,5.882342628954751,-30.76923517785825,0.0108500000275671,False,Yahoo Finance / yfinance - historique quotidien 1 an,OK,OUI,2026-10-08,76071000.0,-0.127,-0.21162,,,722305024.0,503102016.0,,6145877218.0,0.75175005,Yahoo Finance / yfinance get_info,OK,PRET_SSI
2026-10-07,Kodama Chemical Industry      R,BG4.F,EUR,Allemagne,55423932.0,FRA,Frankfurt,EQUITY,,Yahoo Finance / yfinance EquityQuery,2026-10-07,Détection mécanique 50-300 MEUR ; qualification SSI requise.,DETECTE,,2026-10-07,205,3.559999942779541,0.0,3.488368708227374,-41.157027594289616,4.510149996280671,False,Yahoo Finance / yfinance - historique quotidien 1 an,OK,OUI,2026-10-08,84134002688.0,0.071,0.12788,8234500096.0,,11256999936.0,16145000448.0,,15568520.0,0.054169998,Yahoo Finance / yfinance get_info,OK,PRET_SSI
2026-10-07,KH Group Oyj                  R,WE3.F,EUR,Allemagne,55478880.0,FRA,Frankfurt,EQUITY,,Yahoo Finance / yfinance EquityQuery,2026-10-07,Détection mécanique 50-300 MEUR ; qualification SSI requise.,DETECTE,,2026-10-07,254,0.9139999747276306,0.0,75.09577564081557,62.05673009347572,0.5817400002479554,True,Yahoo Finance / yfinance - historique quotidien 1 an,OK,OUI,2026-10-08,215546000.0,0.149,0.25954,28772000.0,19973000.0,3400000.0,72700000.0,,58078895.0,0.56855,Yahoo Finance / yfinance get_info,OK,PRET_SSI
2026-10-07,Tenet Fintech Group Inc.      R,P0T.F,EUR,Allemagne,55529764.0,FRA,Frankfurt,EQUITY,,Yahoo Finance / yfinance EquityQuery,2026-10-07,Détection mécanique 50-300 MEUR ; qualification SSI requise.,DETECTE,,2026-10-07,254,0.1459999978542328,0.0,1290.4761887867164,866.8873757193234,0.0462860003998503,True,Yahoo Finance / yfinance - historique quotidien 1 an,OK,OUI,2026-10-08,74641400.0,120.747,0.06742,272144.0,-11203420.0,2936754.0,8380882.0,,380340867.0,0.07254,Yahoo Finance / yfinance get_info,OK,PRET_SSI
2026-10-07,Xlife Sciences AG             N,XLS.F,EUR,Allemagne,55650448.0,FRA,Frankfurt,EQUITY,,Yahoo Finance / yfinance EquityQuery,2026-10-07,Détection mécanique 50-300 MEUR ; qualification SSI requise.,DETECTE,,2026-10-07,254,9.649999618530272,0.0,-48.67021271199216,-57.300887364397845,20.777999987602232,False,Yahoo Finance / yfinance - historique quotidien 1 an,OK,OUI,2026-10-08,397225.0,0.344,0.54775,-3224442.0,21777188.0,1242740.0,58506696.0,,5766886.0,0.48494998,Yahoo Finance / yfinance get_info,OK,PRET_SSI
2026-10-07,Playmates Toys Group Ltd.     R,45P.F,EUR,Allemagne,55698400.0,FRA,Frankfurt,EQUITY,,Yahoo Finance / yfinance EquityQuery,2026-10-07,Détection mécanique 50-300 MEUR ; qualification SSI requise.,DETECTE,,2026-10-07,254,0.050000000745058,0.0,6.382983951290311,8.695653582340368,0.0444024999998509,True,Yahoo Finance / yfinance - historique quotidien 1 an,OK,OUI,2026-10-08,512812000.0,0.003,0.53817004,-29938000.0,10912250.0,1096402048.0,18251000.0,,1113968000.0,0.65129995,Yahoo Finance / yfinance get_info,OK,PRET_SSI
2026-10-07,System1 Group PLC             R,BBA.F,EUR,Allemagne,55831924.0,FRA,Frankfurt,EQUITY,,Yahoo Finance / yfinance EquityQuery,2026-10-07,Détection mécanique 50-300 MEUR ; qualification SSI requise.,DETECTE,,2026-10-07,254,4.400000095367432,0.0,32.53012601930227,41.02564925507946,3.0906999945640563,True,Yahoo Finance / yfinance - historique quotidien 1 an,OK,OUI,2026-10-08,36951000.0,0.688,0.87321,2180000.0,1249875.0,12385000.0,994000.0,,12689073.0,0.8029,Yahoo Finance / yfinance get_info,OK,PRET_SSI
2026-10-07,Asia Energy Logistics Grp Ltd.R,EJ1C.F,EUR,Allemagne,55859308.0,FRA,Frankfurt,EQUITY,,Yahoo Finance / yfinance EquityQuery,2026-10-07,Détection mécanique 50-300 MEUR ; qualification SSI requise.,DETECTE,,2026-10-07,254,0.0280000008642673,0.0,3.70370421471744,47.36843034005922,0.0244850001018494,True,Yahoo Finance / yfinance - historique quotidien 1 an,OK,OUI,2026-10-08,46573000.0,-0.507,0.04919,-12695000.0,-8152375.0,69448000.0,7619000.0,,1994975244.0,0.70176005,Yahoo Finance / yfinance get_info,OK,PRET_SSI
2026-10-07,ALBA SE                       I,ABA.HM,EUR,Allemagne,56088000.0,HAM,Hamburg,EQUITY,,Yahoo Finance / yfinance EquityQuery,2026-10-07,Détection mécanique 50-300 MEUR ; qualification SSI requise.,DETECTE,,2026-10-07,254,5.699999809265137,197.99999713897705,-17.985612004386077,-17.3913082538645,6.745750026702881,False,Yahoo Finance / yfinance - historique quotidien 1 an,OK,OUI,2026-10-08,304691008.0,-0.038,0.09873,52000.0,3349625.0,391000.0,14654000.0,,9840000.0,0.95504,Yahoo Finance / yfinance get_info,OK,PRET_SSI
2026-10-07,FERNHEIZWERK NEUKOELLN AG     I,FHW.F,EUR,Allemagne,56120000.0,FRA,Frankfurt,EQUITY,,Yahoo Finance / yfinance EquityQuery,2026-10-07,Détection mécanique 50-300 MEUR ; qualification SSI requise.,DETECTE,,2026-10-07,254,24.39999961853028,0.0,32.608696328219054,29.787237280469743,19.737999992370604,True,Yahoo Finance / yfinance - historique quotidien 1 an,OK,OUI,2026-10-08,4268060928.0,108.348,0.3524,584655424.0,,397486848.0,0.0,,2300000.0,0.808,Yahoo Finance / yfinance get_info,OK,PRET_SSI
2026-10-07,Fernheizwerk Neukölln AG,FHW.SG,EUR,Allemagne,56120000.0,STU,Stuttgart,EQUITY,,Yahoo Finance / yfinance EquityQuery,2026-10-07,Détection mécanique 50-300 MEUR ; qualification SSI requise.,DETECTE,,2026-10-07,254,24.39999961853028,0.0,31.891889829893373,28.42105062384355,19.785,True,Yahoo Finance / yfinance - historique quotidien 1 an,OK,OUI,2026-10-08,4268060928.0,108.348,0.3524,584655424.0,,397486848.0,0.0,,2300000.0,0.808,Yahoo Finance / yfinance get_info,OK,PRET_SSI
2026-10-07,Wallbox N.V.                  A,67E0.F,EUR,Allemagne,56271424.0,FRA,Frankfurt,EQUITY,,Yahoo Finance / yfinance EquityQuery,2026-10-07,Détection mécanique 50-300 MEUR ; qualification SSI requise.,DETECTE,,2026-10-07,254,2.319999933242798,0.0,-49.78354998461116,-0.8547000709448138,2.64940001308918,False,Yahoo Finance / yfinance - historique quotidien 1 an,OK,OUI,2026-10-08,122807000.0,-0.375,0.36981,-57533000.0,,24899000.0,218492000.0,,23536059.0,0.67140996,Yahoo Finance / yfinance get_info,OK,PRET_SSI
2026-10-07,GUILLEMOT CORP.               A,GUL.F,EUR,Allemagne,56400456.0,FRA,Frankfurt,EQUITY,,Yahoo Finance / yfinance EquityQuery,2026-10-07,Détection mécanique 50-300 MEUR ; qualification SSI requise.,DETECTE,,2026-10-07,254,3.910000085830689,0.0,-7.783011865598488,-0.7614205825909215,4.320900002717972,False,Yahoo Finance / yfinance - historique quotidien 1 an,OK,OUI,2026-10-08,125096000.0,-0.041,0.53905,2290500.0,-3080625.0,27536000.0,3945000.0,,14424669.0,0.71766996,Yahoo Finance / yfinance get_info,OK,PRET_SSI
2026-10-07,Heron Therapeutics Inc.       R,AXD2.F,EUR,Allemagne,56424104.0,FRA,Frankfurt,EQUITY,,Yahoo Finance / yfinance EquityQuery,2026-10-07,Détection mécanique 50-300 MEUR ; qualification SSI requise.,DETECTE,,2026-10-07,254,0.2971999943256378,0.0,-17.99117048622687,-60.86899488129927,0.6592685005813838,False,Yahoo Finance / yfinance - historique quotidien 1 an,OK,OUI,2026-10-08,151178000.0,0.013,0.61935,-8731000.0,-8837125.0,42664000.0,148354000.0,,189852307.0,0.00983,Yahoo Finance / yfinance get_info,OK,PRET_SSI
2026-10-07,Great Elm Group Inc.          R,PNC.F,EUR,Allemagne,56442612.0,FRA,Frankfurt,EQUITY,,Yahoo Finance / yfinance EquityQuery,2026-10-07,Détection mécanique 50-300 MEUR ; qualification SSI requise.,DETECTE,,2026-10-07,254,1.7999999523162842,0.0,1.694913656104502,11.111107840623058,1.794799994826317,True,Yahoo Finance / yfinance - historique quotidien 1 an,OK,OUI,2026-10-08,27776000.0,0.883,-0.18195999,-12711000.0,10750500.0,91545000.0,64392000.0,,31357008.0,0.32654,Yahoo Finance / yfinance get_info,OK,PRET_SSI
2026-10-07,Austin Engineering Ltd.       R,RZA.F,EUR,Allemagne,56490540.0,FRA,Frankfurt,EQUITY,,Yahoo Finance / yfinance EquityQuery,2026-10-07,Détection mécanique 50-300 MEUR ; qualification SSI requise.,DETECTE,,2026-10-07,254,0.0844999998807907,0.0,11.184213944605135,-31.300815002634053,0.09770999988541,False,Yahoo Finance / yfinance - historique quotidien 1 an,OK,OUI,2026-10-08,328959008.0,-0.214,0.40379003,15315000.0,24490250.0,17073000.0,38005000.0,,623110874.0,0.15382,Yahoo Finance / yfinance get_info,OK,PRET_SSI
2026-10-07,AMC Robotics Corp.            R,L4Q.F,EUR,Allemagne,56499048.0,FRA,Frankfurt,EQUITY,,Yahoo Finance / yfinance EquityQuery,2026-10-07,Détection mécanique 50-300 MEUR ; qualification SSI requise.,DETECTE,,2026-10-07,144,2.365000009536743,0.0,-44.74299314011848,-60.58333317438762,,,Yahoo Finance / yfinance - historique quotidien 1 an,OK,OUI,2026-10-08,4912840.0,-0.329,0.78763,,,4544353.0,81810.0,,23889661.0,0.80761003,Yahoo Finance / yfinance get_info,OK,PRET_SSI
2026-10-07,Invictus Energy Ltd.          R,6H4.F,EUR,Allemagne,56626896.0,FRA,Frankfurt,EQUITY,,Yahoo Finance / yfinance EquityQuery,2026-10-07,Détection mécanique 50-300 MEUR ; qualification SSI requise.,DETECTE,,2026-10-07,254,0.031700000166893,0.0,12.811385706538749,-5.934718986544185,0.0360114999953657,False,Yahoo Finance / yfinance - historique quotidien 1 an,OK,OUI,2026-10-08,98716.0,0.0,1.0,-6476121.0,-3436407.0,10885755.0,554869.0,,1786337385.0,0.083809994,Yahoo Finance / yfinance get_info,OK,PRET_SSI
2026-10-07,Dolphin Drilling AS           N,5DP.F,EUR,Allemagne,56946112.0,FRA,Frankfurt,EQUITY,,Yahoo Finance / yfinance EquityQuery,2026-10-07,Détection mécanique 50-300 MEUR ; qualification SSI requise.,DETECTE,,2026-10-07,254,0.1400000005960464,0.0,-37.50000166307598,-36.3636357478859,0.2157710000127554,False,Yahoo Finance / yfinance - historique quotidien 1 an,OK,OUI,2026-10-08,175215008.0,-0.053,-0.02466,-8849000.0,-59602000.0,55100000.0,87000000.0,,406757943.0,0.13981,Yahoo Finance / yfinance get_info,OK,PRET_SSI
2026-10-07,Goodfellow Inc.               R,O3Z.F,EUR,Allemagne,56971136.0,FRA,Frankfurt,EQUITY,,Yahoo Finance / yfinance EquityQuery,2026-10-07,Détection mécanique 50-300 MEUR ; qualification SSI requise.,DETECTE,,2026-10-07,254,6.849999904632568,0.0,-1.438847588157588,-3.521126807859265,7.103250007629395,False,Yahoo Finance / yfinance - historique quotidien 1 an,OK,OUI,2026-10-08,530278016.0,-0.067,0.19587,16998000.0,3139000.0,4167000.0,89742000.0,,8316954.0,0.54390997,Yahoo Finance / yfinance get_info,OK,PRET_SSI
2026-10-07,EC Healthcare Ltd.            R,1UM0.F,EUR,Allemagne,56999468.0,FRA,Frankfurt,EQUITY,,Yahoo Finance / yfinance EquityQuery,2026-10-07,Détection mécanique 50-300 MEUR ; qualification SSI requise.,DETECTE,,2026-10-07,254,0.0485000014305114,0.0,79.6296302683968,31.08108325802206,0.0387499998696148,True,Yahoo Finance / yfinance - historique quotidien 1 an,OK,OUI,2026-10-08,3770191872.0,-0.114,0.2951,248987008.0,403018368.0,1009899008.0,1258129024.0,,1175246772.0,0.61441004,Yahoo Finance / yfinance get_info,OK,PRET_SSI
2026-10-07,J Frontier Co. Ltd.           R,R0L.F,EUR,Allemagne,57097552.0,FRA,Frankfurt,EQUITY,,Yahoo Finance / yfinance EquityQuery,2026-10-07,Détection mécanique 50-300 MEUR ; qualification SSI requise.,DETECTE,,2026-10-07,254,10.699999809265137,0.0,26.627219535945446,29.69696738503196,8.978249971866608,True,Yahoo Finance / yfinance - historique quotidien 1 an,OK,OUI,2026-10-08,22235000832.0,0.136,0.40387002,1398000000.0,747000000.0,2158000128.0,5304999936.0,,5336220.0,0.7839,Yahoo Finance / yfinance get_info,OK,PRET_SSI
2026-10-07,Anfield Energy Inc.           R,0AD.F,EUR,Allemagne,57156680.0,FRA,Frankfurt,EQUITY,,Yahoo Finance / yfinance EquityQuery,2026-10-07,Détection mécanique 50-300 MEUR ; qualification SSI requise.,DETECTE,,2026-10-07,254,2.865000009536743,0.0,-18.723406183678204,-39.04255051481168,4.309649993181228,False,Yahoo Finance / yfinance - historique quotidien 1 an,OK,OUI,2026-10-08,744766.0,,0.75524,-24318516.0,-10991153.0,1812834.0,14146415.0,,19949976.0,0.33146,Yahoo Finance / yfinance get_info,OK,PRET_SSI
2026-10-07,Gear4music (Holdings) PLC     R,G4A.F,EUR,Allemagne,57163060.0,FRA,Frankfurt,EQUITY,,Yahoo Finance / yfinance EquityQuery,2026-10-07,Détection mécanique 50-300 MEUR ; qualification SSI requise.,DETECTE,,2026-10-07,254,2.720000028610229,0.0,-11.11110851395879,1.492535852860155,2.9660999953746794,False,Yahoo Finance / yfinance - historique quotidien 1 an,OK,OUI,2026-10-08,190735008.0,0.294,0.28440002,12513000.0,2516625.0,8015000.0,19428000.0,,21015830.0,0.29437,Yahoo Finance / yfinance get_info,OK,PRET_SSI
2026-10-07,AIFU Inc.                     R,4CI0.F,EUR,Allemagne,57242724.0,FRA,Frankfurt,EQUITY,,Yahoo Finance / yfinance EquityQuery,2026-10-07,Détection mécanique 50-300 MEUR ; qualification SSI requise.,DETECTE,,2026-10-07,254,9.65999984741211,0.0,-81.18792573619945,276.2414573257228,15.020399816036225,False,Yahoo Finance / yfinance - historique quotidien 1 an,OK,OUI,2026-10-08,485300000.0,-0.24,0.5089,-1062164992.0,-535218464.0,33672000.0,79786000.0,,5925748.0,0.87664,Yahoo Finance / yfinance get_info,OK,PRET_SSI
2026-10-07,CarParts.com Inc.             R,ZZF0.F,EUR,Allemagne,57348244.0,FRA,Frankfurt,EQUITY,,Yahoo Finance / yfinance EquityQuery,2026-10-07,Détection mécanique 50-300 MEUR ; qualification SSI requise.,DETECTE,,2026-10-07,254,7.460000038146973,0.0,38.14814641478952,15.658918740292304,5.834630020856857,True,Yahoo Finance / yfinance - historique quotidien 1 an,OK,OUI,2026-10-08,515799008.0,-0.107,0.33001,-5165000.0,4976625.0,38171000.0,51140000.0,,7687432.0,0.1609,Yahoo Finance / yfinance get_info,OK,PRET_SSI
2026-10-07,Soma Gold Corp.               R,8PR1.F,EUR,Allemagne,57414296.0,FRA,Frankfurt,EQUITY,,Yahoo Finance / yfinance EquityQuery,2026-10-07,Détection mécanique 50-300 MEUR ; qualification SSI requise.,DETECTE,,2026-10-07,254,0.3779999911785126,0.0,0.0,-65.94594717954583,0.7644399988651276,False,Yahoo Finance / yfinance - historique quotidien 1 an,OK,OUI,2026-10-08,79297248.0,-0.112,0.13194999,13567396.0,-7536715.0,7328162.0,2625340.0,,151889683.0,0.58819,Yahoo Finance / yfinance get_info,OK,PRET_SSI
2026-10-07,Energy Time S.p.A.            A,C7W.F,EUR,Allemagne,57421876.0,FRA,Frankfurt,EQUITY,,Yahoo Finance / yfinance EquityQuery,2026-10-07,Détection mécanique 50-300 MEUR ; qualification SSI requise.,DETECTE,,2026-10-07,254,7.349999904632568,0.0,-5.769234296132741,78.39806089303269,5.3397499883174895,True,Yahoo Finance / yfinance - historique quotidien 1 an,OK,OUI,2026-10-08,24958688.0,0.264,0.34724998,5969928.0,,3907582.0,6285511.0,,6562500.0,0.7619,Yahoo Finance / yfinance get_info,OK,PRET_SSI
2026-10-07,Dolphin Drilling AS,5DP.SG,EUR,Allemagne,57556248.0,STU,Stuttgart,EQUITY,,Yahoo Finance / yfinance EquityQuery,2026-10-07,Détection mécanique 50-300 MEUR ; qualification SSI requise.,DETECTE,RESOLU_CERTAIN,2026-10-07,254,0.1414999961853027,0.0,-37.1111111405455,-41.04166693830243,0.2253074964880943,False,Yahoo Finance / yfinance - historique quotidien 1 an,OK,OUI,2026-10-08,175215008.0,-0.053,-0.02466,-8849000.0,-59602000.0,55100000.0,87000000.0,,406757943.0,0.13981,Yahoo Finance / yfinance get_info,OK,PRET_SSI
2026-10-07,IRCE S.p.A.,IRQ.SG,EUR,Allemagne,57587752.0,STU,Stuttgart,EQUITY,,Yahoo Finance / yfinance EquityQuery,2026-10-07,Détection mécanique 50-300 MEUR ; qualification SSI requise.,DETECTE,,2026-10-07,254,2.180000066757202,0.0,-3.964753961477019,11.50895237354228,2.1436999940872195,True,Yahoo Finance / yfinance - historique quotidien 1 an,OK,OUI,2026-10-08,398524992.0,0.158,0.14001,23967000.0,-23330250.0,17068000.0,104341000.0,,26416400.0,0.5004,Yahoo Finance / yfinance get_info,OK,PRET_SSI
2026-10-07,Futebol Clube do Porto - Futebo,FBC.SG,EUR,Allemagne,57599744.0,STU,Stuttgart,EQUITY,,Yahoo Finance / yfinance EquityQuery,2026-10-07,Détection mécanique 50-300 MEUR ; qualification SSI requise.,DETECTE,,2026-10-07,254,2.559999942779541,0.0,-10.489509207000602,-2.2900742519207262,2.850599992275238,False,Yahoo Finance / yfinance - historique quotidien 1 an,OK,OUI,2026-10-08,153370000.0,0.05,0.93971,6605000.0,124375248.0,25990000.0,232936000.0,,22499900.0,0.88848996,Yahoo Finance / yfinance get_info,OK,PRET_SSI
2026-10-07,Atenor S.A.                   A,Z5S.F,EUR,Allemagne,57642544.0,FRA,Frankfurt,EQUITY,,Yahoo Finance / yfinance EquityQuery,2026-10-07,Détection mécanique 50-300 MEUR ; qualification SSI requise.,DETECTE,,2026-10-07,254,0.949999988079071,0.0,-37.70491784056552,-38.906751117443385,1.7722749984264374,False,Yahoo Finance / yfinance - historique quotidien 1 an,OK,OUI,2026-10-08,132976000.0,-0.263,-0.30231002,-61177000.0,177680624.0,66851000.0,551633984.0,,60676363.0,0.25805,Yahoo Finance / yfinance get_info,OK,PRET_SSI
2026-10-07,NEBAG AG                      S,NWR.F,EUR,Allemagne,57958984.0,FRA,Frankfurt,EQUITY,,Yahoo Finance / yfinance EquityQuery,2026-10-07,Détection mécanique 50-300 MEUR ; qualification SSI requise.,DETECTE,,2026-10-07,254,6.349999904632568,0.0,0.7936462283165913,0.0,6.408500025272369,False,Yahoo Finance / yfinance - historique quotidien 1 an,OK,OUI,2026-10-08,1476633.0,0.327,1.0,,423652.0,27404568.0,0.0,,9127399.0,0.58149,Yahoo Finance / yfinance get_info,OK,PRET_SSI
2026-10-07,Masterbeef Group.             R,J0M.F,EUR,Allemagne,57983900.0,FRA,Frankfurt,EQUITY,,Yahoo Finance / yfinance EquityQuery,2026-10-07,Détection mécanique 50-300 MEUR ; qualification SSI requise.,DETECTE,,2026-10-07,254,3.380000114440918,0.0,-2.8735604621977107,-28.99159764883229,4.651750017404556,False,Yahoo Finance / yfinance - historique quotidien 1 an,OK,OUI,2026-10-08,459102048.0,-0.12,0.27024,-4253486.0,-308588.0,159485376.0,211161328.0,,17155000.0,0.72661,Yahoo Finance / yfinance get_info,OK,PRET_SSI
2026-10-07,TheWorks plc                  R,6EU.F,EUR,Allemagne,58000668.0,FRA,Frankfurt,EQUITY,,Yahoo Finance / yfinance EquityQuery,2026-10-07,Détection mécanique 50-300 MEUR ; qualification SSI requise.,DETECTE,,2026-10-07,254,0.9700000286102296,0.0,11.494255551007935,117.48879088572832,0.6455249990522861,True,Yahoo Finance / yfinance - historique quotidien 1 an,OK,OUI,2026-10-08,260048992.0,,0.19883,16606000.0,19553876.0,3598000.0,81865000.0,,59794500.0,0.53658,Yahoo Finance / yfinance get_info,OK,PRET_SSI
2026-10-07,Gentoo Media Inc.             R,GI11.F,EUR,Allemagne,58126488.0,FRA,Frankfurt,EQUITY,,Yahoo Finance / yfinance EquityQuery,2026-10-07,Détection mécanique 50-300 MEUR ; qualification SSI requise.,DETECTE,,2026-10-07,254,0.4314999878406524,0.0,-22.80859104433306,-26.615648266908785,0.5285474991798401,False,Yahoo Finance / yfinance - historique quotidien 1 an,OK,OUI,2026-10-08,95189000.0,-0.086,0.79864,42234000.0,22024750.0,2073000.0,112641000.0,,134707976.0,0.48913,Yahoo Finance / yfinance get_info,OK,PRET_SSI
2026-10-07,Water Intelligence PLC        R,PHRE.F,EUR,Allemagne,58135052.0,FRA,Frankfurt,EQUITY,,Yahoo Finance / yfinance EquityQuery,2026-10-07,Détection mécanique 50-300 MEUR ; qualification SSI requise.,DETECTE,,2026-10-07,253,3.4600000381469727,0.0,2.976194826586309,41.80327692649535,3.1065999984741213,True,Yahoo Finance / yfinance - historique quotidien 1 an,OK,OUI,2026-10-08,93643128.0,0.071,0.89335996,12262354.0,-2397749.0,4371075.0,35881000.0,,16802038.0,0.57339,Yahoo Finance / yfinance get_info,OK,PRET_SSI
2026-10-07,Wise Holdings Co. Ltd.        R,1Y0.F,EUR,Allemagne,58154164.0,FRA,Frankfurt,EQUITY,,Yahoo Finance / yfinance EquityQuery,2026-10-07,Détection mécanique 50-300 MEUR ; qualification SSI requise.,DETECTE,,2026-10-07,254,0.4359999895095825,0.0,8.99999575316912,-30.79365193498439,0.5103799992799759,False,Yahoo Finance / yfinance - historique quotidien 1 an,OK,OUI,2026-10-08,13276000256.0,0.182,0.19215,1114249984.0,,4084999936.0,1592000000.0,,133381110.0,0.48591,Yahoo Finance / yfinance get_info,OK,PRET_SSI
2026-10-07,EML Payments Ltd.             R,A8Y1.F,EUR,Allemagne,58298112.0,FRA,Frankfurt,EQUITY,,Yahoo Finance / yfinance EquityQuery,2026-10-07,Détection mécanique 50-300 MEUR ; qualification SSI requise.,DETECTE,,2026-10-07,254,0.1490000039339065,0.0,-29.71697844652441,-36.8644054954472,0.2810900001972913,False,Yahoo Finance / yfinance - historique quotidien 1 an,OK,OUI,2026-10-08,207368000.0,,0.55329,-2927000.0,-51698876.0,37753000.0,89340000.0,,391262494.0,0.04141,Yahoo Finance / yfinance get_info,OK,PRET_SSI
2026-10-07,infas Holding AG              I,IFS.F,EUR,Allemagne,58500000.0,FRA,Frankfurt,EQUITY,,Yahoo Finance / yfinance EquityQuery,2026-10-07,Détection mécanique 50-300 MEUR ; qualification SSI requise.,DETECTE,,2026-10-07,254,6.5,0.0,-1.5151500920837613,-4.411767387060072,6.623000042438507,False,Yahoo Finance / yfinance - historique quotidien 1 an,OK,OUI,2026-10-08,45487144.0,-0.302,0.14092,-984942.0,5527156.0,29398240.0,19548628.0,,9000000.0,0.96760005,Yahoo Finance / yfinance get_info,OK,PRET_SSI
2026-10-07,Ilyda S.A.                    N,IY3A.F,EUR,Allemagne,58561472.0,FRA,Frankfurt,EQUITY,,Yahoo Finance / yfinance EquityQuery,2026-10-07,Détection mécanique 50-300 MEUR ; qualification SSI requise.,DETECTE,,2026-10-07,254,4.150000095367432,0.0,-1.072707376698956,-2.69636048577242,4.361875,False,Yahoo Finance / yfinance - historique quotidien 1 an,OK,OUI,2026-10-08,9709921.0,0.158,0.73412,7695953.0,3612336.0,8533682.0,88732.0,,14111198.0,0.53477,Yahoo Finance / yfinance get_info,OK,PRET_SSI
2026-10-07,Charlottes Web Holdings Inc.  R,6CW.F,EUR,Allemagne,58598968.0,FRA,Frankfurt,EQUITY,,Yahoo Finance / yfinance EquityQuery,2026-10-07,Détection mécanique 50-300 MEUR ; qualification SSI requise.,DETECTE,,2026-10-07,254,0.2160000056028366,0.0,-20.00000110378968,-56.275301433304726,0.3641650003194809,False,Yahoo Finance / yfinance - historique quotidien 1 an,OK,OUI,2026-10-08,46843000.0,-0.152,0.42356,-12997000.0,-2765250.0,13988000.0,13055000.0,,271291529.0,0.47341,Yahoo Finance / yfinance get_info,OK,PRET_SSI
2026-10-07,"AnGes, Inc.                   R",AJW.F,EUR,Allemagne,58628792.0,FRA,Frankfurt,EQUITY,,Yahoo Finance / yfinance EquityQuery,2026-10-07,Détection mécanique 50-300 MEUR ; qualification SSI requise.,DETECTE,,2026-10-07,254,0.1469999998807907,0.0,-31.30841176810145,-41.20000004768372,0.2249300000816583,False,Yahoo Finance / yfinance - historique quotidien 1 an,OK,OUI,2026-10-08,962000000.0,0.22,0.41372,-5934000128.0,-3683249920.0,281000000.0,722000000.0,,398835320.0,0.081020005,Yahoo Finance / yfinance get_info,OK,PRET_SSI
2026-10-07,SelectQuote Inc.              R,6SJA.F,EUR,Allemagne,58797876.0,FRA,Frankfurt,EQUITY,,Yahoo Finance / yfinance EquityQuery,2026-10-07,Détection mécanique 50-300 MEUR ; qualification SSI requise.,DETECTE,,2026-10-07,254,0.328000009059906,0.0,-49.53845829371153,-42.956518980866285,0.7323350009322166,False,Yahoo Finance / yfinance - historique quotidien 1 an,OK,OUI,2026-10-08,1618498944.0,-0.068,0.35564,82313000.0,38977124.0,16032000.0,398016000.0,,179261801.0,0.09681,Yahoo Finance / yfinance get_info,OK,PRET_SSI
2026-10-07,TTEC Holdings Inc.            R,TH1.F,EUR,Allemagne,58810056.0,FRA,Frankfurt,EQUITY,,Yahoo Finance / yfinance EquityQuery,2026-10-07,Détection mécanique 50-300 MEUR ; qualification SSI requise.,DETECTE,,2026-10-07,254,1.1929999589920044,0.0,-34.70169979917117,-43.832395561104185,2.04055499792099,False,Yahoo Finance / yfinance - historique quotidien 1 an,OK,OUI,2026-10-08,2040770048.0,-0.113,0.23325,172684992.0,81565128.0,93869000.0,933374016.0,,49295940.0,0.5863,Yahoo Finance / yfinance get_info,OK,PRET_SSI
2026-10-07,Altisource Ptf Solns S.A.     A,95A.F,EUR,Allemagne,58814060.0,FRA,Frankfurt,EQUITY,,Yahoo Finance / yfinance EquityQuery,2026-10-07,Détection mécanique 50-300 MEUR ; qualification SSI requise.,DETECTE,,2026-10-07,254,5.150000095367432,0.0,-16.93547977741241,-6.363634629683057,5.122150025367737,True,Yahoo Finance / yfinance - historique quotidien 1 an,OK,OUI,2026-10-08,182495008.0,0.17,0.26569998,10072000.0,10621000.0,23186000.0,186912992.0,,11420206.0,0.11726,Yahoo Finance / yfinance get_info,OK,PRET_SSI
2026-10-07,Nissan Securities Grp Co. Ltd.R,OH5.F,EUR,Allemagne,58898148.0,FRA,Frankfurt,EQUITY,,Yahoo Finance / yfinance EquityQuery,2026-10-07,Détection mécanique 50-300 MEUR ; qualification SSI requise.,DETECTE,,2026-10-07,254,1.190000057220459,0.0,-3.252029368516418,-15.60283082332955,1.2784500008821489,False,Yahoo Finance / yfinance - historique quotidien 1 an,OK,OUI,2026-10-08,8439000064.0,-0.053,0.93494004,,,17596999680.0,1900000000.0,,49494241.0,0.62441003,Yahoo Finance / yfinance get_info,OK,PRET_SSI
2026-10-07,VCREDIT Holdings Ltd.         R,5R6.F,EUR,Allemagne,59146796.0,FRA,Frankfurt,EQUITY,,Yahoo Finance / yfinance EquityQuery,2026-10-07,Détection mécanique 50-300 MEUR ; qualification SSI requise.,DETECTE,,2026-10-07,254,0.1220000013709068,0.0,36.31284679017759,-17.006801721195618,0.1373475004360079,False,Yahoo Finance / yfinance - historique quotidien 1 an,OK,OUI,2026-10-08,759499008.0,-0.666,-0.45738998,,,1729298944.0,626638016.0,,484809789.0,0.84846,Yahoo Finance / yfinance get_info,OK,PRET_SSI
2026-10-07,Guangdong Kanghua Healthcare  R,E9Q.F,EUR,Allemagne,59187736.0,FRA,Frankfurt,EQUITY,,Yahoo Finance / yfinance EquityQuery,2026-10-07,Détection mécanique 50-300 MEUR ; qualification SSI requise.,DETECTE,,2026-10-07,254,0.1770000010728836,0.0,2.3121435080073915,-12.376240143564566,0.1789800000190735,False,Yahoo Finance / yfinance - historique quotidien 1 an,OK,OUI,2026-10-08,1980297984.0,-0.045,0.18608,259483008.0,213107744.0,697355008.0,463320000.0,,84394000.0,0.62946,Yahoo Finance / yfinance get_info,OK,PRET_SSI
2026-10-07,Chengdu SIWI Sci.+Tech.Co.Ltd.R,CUEH.F,EUR,Allemagne,59200000.0,FRA,Frankfurt,EQUITY,,Yahoo Finance / yfinance EquityQuery,2026-10-07,Détection mécanique 50-300 MEUR ; qualification SSI requise.,DETECTE,,2026-10-07,254,0.1480000019073486,0.0,-4.516128536069564,23.33333767950545,0.136820000372827,True,Yahoo Finance / yfinance - historique quotidien 1 an,OK,OUI,2026-10-08,542579328.0,1.237,0.30033,92543776.0,145579728.0,606026688.0,0.0,,160000000.0,0.00411,Yahoo Finance / yfinance get_info,OK,PRET_SSI
2026-10-07,Ekinops S.A.S.                A,E0J.F,EUR,Allemagne,59411380.0,FRA,Frankfurt,EQUITY,,Yahoo Finance / yfinance EquityQuery,2026-10-07,Détection mécanique 50-300 MEUR ; qualification SSI requise.,DETECTE,,2026-10-07,254,2.200000047683716,0.0,-19.561238315636743,4.761911790117157,2.363015004396438,False,Yahoo Finance / yfinance - historique quotidien 1 an,OK,OUI,2026-10-08,106073000.0,0.018,0.58399,-4698000.0,3062375.0,22980000.0,33240000.0,,27005173.0,0.13939999,Yahoo Finance / yfinance get_info,OK,PRET_SSI
2026-10-07,Haulotte Group S.A.           A,PHT.F,EUR,Allemagne,59470312.0,FRA,Frankfurt,EQUITY,,Yahoo Finance / yfinance EquityQuery,2026-10-07,Détection mécanique 50-300 MEUR ; qualification SSI requise.,DETECTE,,2026-10-07,254,2.0199999809265137,0.0,-0.4926103745908294,-2.884612739438741,2.058749980926513,False,Yahoo Finance / yfinance - historique quotidien 1 an,OK,OUI,2026-10-08,525080992.0,0.055,0.20822,8107000.0,39110624.0,39436000.0,259500000.0,,29440747.0,0.6086,Yahoo Finance / yfinance get_info,OK,PRET_SSI
2026-10-07,THE ITALIAN SEA GROUP S.P.A.  A,6QN.F,EUR,Allemagne,59571996.0,FRA,Frankfurt,EQUITY,,Yahoo Finance / yfinance EquityQuery,2026-10-07,Détection mécanique 50-300 MEUR ; qualification SSI requise.,DETECTE,,2026-10-07,254,1.1239999532699585,0.0,14.693870550391708,18.31578603939992,1.8578400072455403,False,Yahoo Finance / yfinance - historique quotidien 1 an,OK,OUI,2026-10-08,288088992.0,-0.772,0.08773,-107212000.0,11087875.0,17407000.0,146964000.0,,53000000.0,0.58599997,Yahoo Finance / yfinance get_info,OK,PRET_SSI
2026-10-07,Victoria PLC                  R,3CV.F,EUR,Allemagne,59604992.0,FRA,Frankfurt,EQUITY,,Yahoo Finance / yfinance EquityQuery,2026-10-07,Détection mécanique 50-300 MEUR ; qualification SSI requise.,DETECTE,,2026-10-07,254,0.5149999856948853,0.0,-33.54838689829879,3.830643974120518,0.4853549973666668,True,Yahoo Finance / yfinance - historique quotidien 1 an,OK,OUI,2026-10-08,1048800000.0,-0.053,0.30044,-70800000.0,-64312500.0,68400000.0,1524800000.0,,115737846.0,0.36004,Yahoo Finance / yfinance get_info,OK,PRET_SSI
2026-10-07,Shield Therapeutics PLC       R,1JS.F,EUR,Allemagne,59615744.0,FRA,Frankfurt,EQUITY,,Yahoo Finance / yfinance EquityQuery,2026-10-07,Détection mécanique 50-300 MEUR ; qualification SSI requise.,DETECTE,,2026-10-07,254,0.0555000007152557,0.0,-18.382356324874227,-51.31578887172133,0.0795325006917119,False,Yahoo Finance / yfinance - historique quotidien 1 an,OK,OUI,2026-10-08,58625000.0,0.416,0.52142,-4429000.0,-3212875.0,8345000.0,24903000.0,,1074157593.0,0.61507,Yahoo Finance / yfinance get_info,OK,PRET_SSI
2026-10-07,LUDW.BECK A.RATH.ECK-TEXTIL.AGI,ECK.HM,EUR,Allemagne,59859004.0,HAM,Hamburg,EQUITY,,Yahoo Finance / yfinance EquityQuery,2026-10-07,Détection mécanique 50-300 MEUR ; qualification SSI requise.,DETECTE,,2026-10-07,224,16.200000762939453,0.0,-23.58490481161064,-8.988755857864373,17.94699998855591,False,Yahoo Finance / yfinance - historique quotidien 1 an,OK,OUI,2026-10-08,74407000.0,-0.012,0.49014,4854000.0,6574250.0,300000.0,90500000.0,,3695000.0,0.88166,Yahoo Finance / yfinance get_info,OK,PRET_SSI
2026-10-07,Research Solutions Inc.       R,61I.F,EUR,Allemagne,60097548.0,FRA,Frankfurt,EQUITY,,Yahoo Finance / yfinance EquityQuery,2026-10-07,Détection mécanique 50-300 MEUR ; qualification SSI requise.,DETECTE,,2026-10-07,254,1.7799999713897705,0.0,-8.717952417277008,-7.291666084590043,1.9937500017881395,False,Yahoo Finance / yfinance - historique quotidien 1 an,OK,OUI,2026-10-08,48306956.0,-0.029,0.51897997,4843350.0,2876399.0,12630283.0,0.0,,33762669.0,0.13776,Yahoo Finance / yfinance get_info,OK,PRET_SSI
2026-10-07,Champions Oncology Inc.       R,2I3.F,EUR,Allemagne,60128220.0,FRA,Frankfurt,EQUITY,,Yahoo Finance / yfinance EquityQuery,2026-10-07,Détection mécanique 50-300 MEUR ; qualification SSI requise.,DETECTE,,2026-10-07,254,4.320000171661377,0.0,-13.253008933419652,-8.474568565903095,4.940750021934509,False,Yahoo Finance / yfinance - historique quotidien 1 an,OK,OUI,2026-10-08,60662000.0,0.088,0.49822,402000.0,-5487875.0,4358000.0,10970000.0,,13918569.0,0.26332,Yahoo Finance / yfinance get_info,OK,PRET_SSI
2026-10-07,LEXIBOOK LING. EL. SYS. S.A.  A,LXB.F,EUR,Allemagne,60243356.0,FRA,Frankfurt,EQUITY,,Yahoo Finance / yfinance EquityQuery,2026-10-07,Détection mécanique 50-300 MEUR ; qualification SSI requise.,DETECTE,,2026-10-07,254,7.760000228881836,0.0,-0.7672626785479197,43.70370540435746,6.567850031852722,True,Yahoo Finance / yfinance - historique quotidien 1 an,OK,OUI,2026-10-08,80041968.0,0.005,0.6387,10872637.0,6011578.0,17321038.0,4193460.0,,7763319.0,0.88259006,Yahoo Finance / yfinance get_info,OK,PRET_SSI
2026-10-07,Vala Inc.                     R,2JY.F,EUR,Allemagne,60309420.0,FRA,Frankfurt,EQUITY,,Yahoo Finance / yfinance EquityQuery,2026-10-07,Détection mécanique 50-300 MEUR ; qualification SSI requise.,DETECTE,,2026-10-07,254,0.0370000004768371,0.0,4.225350043480947,-33.333333333333336,0.04619000014849,False,Yahoo Finance / yfinance - historique quotidien 1 an,OK,OUI,2026-10-08,305961984.0,0.595,-0.097349994,-55661000.0,2111875.0,200362000.0,10673000.0,,1629984225.0,0.52687,Yahoo Finance / yfinance get_info,OK,PRET_SSI
2026-10-07,DMG Blockchain Solutions Inc. R,6AX.F,EUR,Allemagne,60328092.0,FRA,Frankfurt,EQUITY,,Yahoo Finance / yfinance EquityQuery,2026-10-07,Détection mécanique 50-300 MEUR ; qualification SSI requise.,DETECTE,,2026-10-07,254,0.2904999852180481,0.0,-11.162081893685183,78.65928219106826,0.2247925001755356,True,Yahoo Finance / yfinance - historique quotidien 1 an,OK,OUI,2026-10-08,36294472.0,-0.452,0.36245,4387274.0,16499123.0,3027009.0,19816176.0,,207669860.0,0.04129,Yahoo Finance / yfinance get_info,OK,PRET_SSI
2026-10-07,Oriental Media Group Ltd.     R,OPQ.F,EUR,Allemagne,60405776.0,FRA,Frankfurt,EQUITY,,Yahoo Finance / yfinance EquityQuery,2026-10-07,Détection mécanique 50-300 MEUR ; qualification SSI requise.,DETECTE,,2026-10-07,254,0.0230000000447034,0.0,-16.363635747885898,-23.333331470688144,0.0285449999850243,False,Yahoo Finance / yfinance - historique quotidien 1 an,OK,OUI,2026-10-08,495528992.0,-0.104,0.20059,30096000.0,22253376.0,560851968.0,12058000.0,,2397917898.0,0.748,Yahoo Finance / yfinance get_info,OK,PRET_SSI
2026-10-07,Aspire Mining Ltd.            R,WKU.F,EUR,Allemagne,60408804.0,FRA,Frankfurt,EQUITY,,Yahoo Finance / yfinance EquityQuery,2026-10-07,Détection mécanique 50-300 MEUR ; qualification SSI requise.,DETECTE,,2026-10-07,254,0.1190000027418136,0.0,2.5862122120671627,4.385967262802426,0.1280574999377131,False,Yahoo Finance / yfinance - historique quotidien 1 an,OK,OUI,2026-10-08,28879.0,,1.0,-2364669.0,-10651517.0,2503355.0,0.0,,507636985.0,0.74541,Yahoo Finance / yfinance get_info,OK,PRET_SSI
2026-10-07,AGF A/S                       N,5IN.F,EUR,Allemagne,60480000.0,FRA,Frankfurt,EQUITY,,Yahoo Finance / yfinance EquityQuery,2026-10-07,Détection mécanique 50-300 MEUR ; qualification SSI requise.,DETECTE,,2026-10-07,254,0.1120000034570694,0.0,-22.22221647331719,-24.32432296373621,0.1374174996837973,False,Yahoo Finance / yfinance - historique quotidien 1 an,OK,OUI,2026-10-08,230559008.0,0.462,0.6076,26565000.0,6001000.0,136690000.0,31264000.0,,539413126.0,0.66149,Yahoo Finance / yfinance get_info,OK,PRET_SSI
2026-10-07,Advini S.A.                   A,75V.F,EUR,Allemagne,60517720.0,FRA,Frankfurt,EQUITY,,Yahoo Finance / yfinance EquityQuery,2026-10-07,Détection mécanique 50-300 MEUR ; qualification SSI requise.,DETECTE,,2026-10-07,254,15.100000381469728,0.0,-10.119041266624873,-9.036144370661711,15.599999957084655,False,Yahoo Finance / yfinance - historique quotidien 1 an,OK,OUI,2026-10-08,270080000.0,-0.011,0.38729,16511000.0,11128000.0,14503000.0,181272000.0,,4007796.0,0.63558,Yahoo Finance / yfinance get_info,OK,PRET_SSI
2026-10-07,Llorente & Cuenca S.A.        A,91P.F,EUR,Allemagne,60525760.0,FRA,Frankfurt,EQUITY,,Yahoo Finance / yfinance EquityQuery,2026-10-07,Détection mécanique 50-300 MEUR ; qualification SSI requise.,DETECTE,,2026-10-07,254,5.199999809265137,0.0,5.263152814434768,-0.9523845854259694,5.410200021266937,False,Yahoo Finance / yfinance - historique quotidien 1 an,OK,OUI,2026-10-08,117400288.0,-0.004,0.43167,13634709.0,18696592.0,8676298.0,53076316.0,,11639570.0,0.8086,Yahoo Finance / yfinance get_info,OK,PRET_SSI
2026-10-07,C Capital Holdings AG         I,315.F,EUR,Allemagne,60560116.0,FRA,Frankfurt,EQUITY,,Yahoo Finance / yfinance EquityQuery,2026-10-07,Détection mécanique 50-300 MEUR ; qualification SSI requise.,DETECTE,,2026-10-07,254,0.3120000064373016,0.0,13.868620045825963,-41.13207107932997,0.3587375007197261,False,Yahoo Finance / yfinance - historique quotidien 1 an,OK,OUI,2026-10-08,9254380.0,0.241,0.93133,-11073883.0,-10608139.0,7259462.0,10426284.0,,194102927.0,0.82147,Yahoo Finance / yfinance get_info,OK,PRET_SSI
2026-10-07,Pullup Entertainment S.A.     A,0HF.F,EUR,Allemagne,60591972.0,FRA,Frankfurt,EQUITY,,Yahoo Finance / yfinance EquityQuery,2026-10-07,Détection mécanique 50-300 MEUR ; qualification SSI requise.,DETECTE,,2026-10-07,254,7.579999923706055,0.0,-9.221561947140176,-46.01139640811201,10.58725004196167,False,Yahoo Finance / yfinance - historique quotidien 1 an,OK,OUI,2026-10-08,281382016.0,-0.045,0.15899,71294000.0,15365000.0,51987000.0,152195008.0,,7993664.0,0.52414,Yahoo Finance / yfinance get_info,OK,PRET_SSI
2026-10-07,Atari S.A.                    A,IFG.F,EUR,Allemagne,60685616.0,FRA,Frankfurt,EQUITY,,Yahoo Finance / yfinance EquityQuery,2026-10-07,Détection mécanique 50-300 MEUR ; qualification SSI requise.,DETECTE,,2026-10-07,254,16.299999237060547,0.0,-19.941067050984284,-19.941067050984284,21.19590021133423,False,Yahoo Finance / yfinance - historique quotidien 1 an,OK,OUI,2026-10-08,56000000.0,0.864,0.74643,-3000000.0,-13587500.0,4700000.0,72300000.0,,3723044.0,0.41515,Yahoo Finance / yfinance get_info,OK,PRET_SSI
2026-10-07,Sanderson Design Group PLC    R,5H7.F,EUR,Allemagne,60702284.0,FRA,Frankfurt,EQUITY,,Yahoo Finance / yfinance EquityQuery,2026-10-07,Détection mécanique 50-300 MEUR ; qualification SSI requise.,DETECTE,,2026-10-07,254,0.8399999737739563,0.0,1.2048181523292234,36.58535947124575,0.7230649995803833,True,Yahoo Finance / yfinance - historique quotidien 1 an,OK,OUI,2026-10-08,99481000.0,0.027,0.69073,5146000.0,7226875.0,9808000.0,11332000.0,,72264620.0,0.07508,Yahoo Finance / yfinance get_info,OK,PRET_SSI
2026-10-07,Strickland Metals Ltd.        R,A8F.F,EUR,Allemagne,60759532.0,FRA,Frankfurt,EQUITY,,Yahoo Finance / yfinance EquityQuery,2026-10-07,Détection mécanique 50-300 MEUR ; qualification SSI requise.,DETECTE,,2026-10-07,217,0.0230000000447034,0.0,-43.902440464865336,-81.14754115880834,0.0786935002449899,False,Yahoo Finance / yfinance - historique quotidien 1 an,OK,OUI,2026-10-08,2238555.0,,1.0,-9279322.0,18412340.0,57990596.0,666037.0,,2641718767.0,0.43974,Yahoo Finance / yfinance get_info,OK,PRET_SSI
2026-10-07,Trufin PLC                    R,29U.F,EUR,Allemagne,60892548.0,FRA,Frankfurt,EQUITY,,Yahoo Finance / yfinance EquityQuery,2026-10-07,Détection mécanique 50-300 MEUR ; qualification SSI requise.,DETECTE,,2026-10-07,254,1.1299999952316284,0.0,-24.666666984558105,-22.60274207486865,1.362750005722046,False,Yahoo Finance / yfinance - historique quotidien 1 an,OK,OUI,2026-10-08,66516000.0,0.113,0.78749,43276000.0,11895000.0,113809000.0,0.0,,53887211.0,0.07123,Yahoo Finance / yfinance get_info,OK,PRET_SSI
2026-10-07,Spero Therapeutics Inc.       R,2HA.F,EUR,Allemagne,61030100.0,FRA,Frankfurt,EQUITY,,Yahoo Finance / yfinance EquityQuery,2026-10-07,Détection mécanique 50-300 MEUR ; qualification SSI requise.,DETECTE,,2026-10-07,254,1.0479999780654907,0.0,-41.22265941952631,-55.44217776720393,1.8397449997067448,False,Yahoo Finance / yfinance - historique quotidien 1 an,OK,OUI,2026-10-08,46997000.0,,0.56312,,28848500.0,50774000.0,2043000.0,,58234827.0,0.22662,Yahoo Finance / yfinance get_info,OK,PRET_SSI
2026-10-07,ALNG ASA                      N,AWQ.F,EUR,Allemagne,61088324.0,FRA,Frankfurt,EQUITY,,Yahoo Finance / yfinance EquityQuery,2026-10-07,Détection mécanique 50-300 MEUR ; qualification SSI requise.,DETECTE,,2026-10-07,254,0.2790000140666961,0.0,-8.223676632243349,-9.99999615453908,0.2787499991059303,True,Yahoo Finance / yfinance - historique quotidien 1 an,OK,OUI,2026-10-08,37804000.0,-0.192,0.78441,-5116000.0,6873625.0,33332000.0,168908000.0,,218954555.0,0.32716,Yahoo Finance / yfinance get_info,OK,PRET_SSI
2026-10-07,MindWalk Holdings Corp.       R,TQB0.F,EUR,Allemagne,61245168.0,FRA,Frankfurt,EQUITY,,Yahoo Finance / yfinance EquityQuery,2026-10-07,Détection mécanique 50-300 MEUR ; qualification SSI requise.,DETECTE,,2026-10-07,254,1.2999999523162842,0.0,10.169492381566323,52.04677465680274,1.202500001192093,True,Yahoo Finance / yfinance - historique quotidien 1 an,OK,OUI,2026-10-08,16231000.0,0.213,0.60791,-16097000.0,8775125.0,7623000.0,3484000.0,,47111668.0,0.091359995,Yahoo Finance / yfinance get_info,OK,PRET_SSI
2026-10-07,Flowtech FluidPower PLC       R,2FW.F,EUR,Allemagne,61484464.0,FRA,Frankfurt,EQUITY,,Yahoo Finance / yfinance EquityQuery,2026-10-07,Détection mécanique 50-300 MEUR ; qualification SSI requise.,DETECTE,,2026-10-07,254,0.7549999952316284,0.0,10.218977022453023,53.45527934497405,0.6205399999022484,True,Yahoo Finance / yfinance - historique quotidien 1 an,OK,OUI,2026-10-08,130438000.0,0.238,0.38002998,4806000.0,-596125.0,3530000.0,30402000.0,,81436375.0,0.04987,Yahoo Finance / yfinance get_info,OK,PRET_SSI
2026-10-07,Flowtech FluidPower PLC,2FW.SG,EUR,Allemagne,61484464.0,STU,Stuttgart,EQUITY,,Yahoo Finance / yfinance EquityQuery,2026-10-07,Détection mécanique 50-300 MEUR ; qualification SSI requise.,DETECTE,,2026-10-07,254,0.7549999952316284,0.0,10.218977022453023,46.601944893826186,0.6212549994885922,True,Yahoo Finance / yfinance - historique quotidien 1 an,OK,OUI,2026-10-08,130438000.0,0.238,0.38002998,4806000.0,-596125.0,3530000.0,30402000.0,,81436375.0,0.04987,Yahoo Finance / yfinance get_info,OK,PRET_SSI
2026-10-07,Time Finance PLC              R,B5D1.F,EUR,Allemagne,61582376.0,FRA,Frankfurt,EQUITY,,Yahoo Finance / yfinance EquityQuery,2026-10-07,Détection mécanique 50-300 MEUR ; qualification SSI requise.,DETECTE,,2026-10-07,254,0.6600000262260437,0.0,15.7894797382373,42.24138905545647,0.5539949941635132,True,Yahoo Finance / yfinance - historique quotidien 1 an,OK,OUI,2026-10-08,37759000.0,0.039,0.58622,,,3635000.0,853000.0,,91679134.0,0.18048,Yahoo Finance / yfinance get_info,OK,PRET_SSI
2026-10-07,LAKE RESOURCES N.L.           R,LK1.F,EUR,Allemagne,61585148.0,FRA,Frankfurt,EQUITY,,Yahoo Finance / yfinance EquityQuery,2026-10-07,Détection mécanique 50-300 MEUR ; qualification SSI requise.,DETECTE,,2026-10-07,254,0.0240000002086162,0.0,0.0,-50.0,0.03900400031358,False,Yahoo Finance / yfinance - historique quotidien 1 an,OK,OUI,2026-10-08,1175244.0,-0.543,1.0,-22630080.0,-13766873.0,6667735.0,497380.0,,2566047689.0,0.14735,Yahoo Finance / yfinance get_info,OK,PRET_SSI
2026-10-07,Vulcan Two Group PLC          R,Y0U.F,EUR,Allemagne,61641500.0,FRA,Frankfurt,EQUITY,,Yahoo Finance / yfinance EquityQuery,2026-10-07,Détection mécanique 50-300 MEUR ; qualification SSI requise.,DETECTE,,2026-10-07,161,2.259999990463257,0.0,-25.165562757059835,1.8018000602490147,,,Yahoo Finance / yfinance - historique quotidien 1 an,OK,OUI,2026-10-08,10033336.0,,0.21518,,-49270.0,5693545.0,1510714.0,,27275000.0,0.07478,Yahoo Finance / yfinance get_info,OK,PRET_SSI
2026-10-07,CML MICROSYSTEMS PLC          R,92M.F,EUR,Allemagne,61713728.0,FRA,Frankfurt,EQUITY,,Yahoo Finance / yfinance EquityQuery,2026-10-07,Détection mécanique 50-300 MEUR ; qualification SSI requise.,DETECTE,,2026-10-07,254,3.5799999237060547,0.0,23.448269171607272,49.16665756040186,2.888800004720688,True,Yahoo Finance / yfinance - historique quotidien 1 an,OK,OUI,2026-10-08,20449000.0,0.087,0.6303,-979000.0,1159250.0,12800000.0,1957000.0,,17238471.0,0.60867,Yahoo Finance / yfinance get_info,OK,PRET_SSI
2026-10-07,OMER - DECUGIS & CIE          A,0VC.F,EUR,Allemagne,61814684.0,FRA,Frankfurt,EQUITY,,Yahoo Finance / yfinance EquityQuery,2026-10-07,Détection mécanique 50-300 MEUR ; qualification SSI requise.,DETECTE,,2026-10-07,254,7.28000020980835,0.0,-24.32432124311548,-21.720429456968628,8.58030000925064,False,Yahoo Finance / yfinance - historique quotidien 1 an,OK,OUI,2026-10-08,307836576.0,0.163,0.10696,9784003.0,1864063.0,12925843.0,20101332.0,,8491028.0,0.67688006,Yahoo Finance / yfinance get_info,OK,PRET_SSI
2026-10-07,Internet Thailand PCL         R,IE2A.F,EUR,Allemagne,61944928.0,FRA,Frankfurt,EQUITY,,Yahoo Finance / yfinance EquityQuery,2026-10-07,Détection mécanique 50-300 MEUR ; qualification SSI requise.,DETECTE,,2026-10-07,254,0.0925000011920929,0.0,-10.19417370384854,5.7142888769812,0.0940849997475743,False,Yahoo Finance / yfinance - historique quotidien 1 an,OK,OUI,2026-10-08,3362550784.0,0.13,0.53815,1691273728.0,-2295013376.0,473637568.0,7399404544.0,,0.0,0.0,Yahoo Finance / yfinance get_info,OK,PRET_SSI
2026-10-07,Corero Network Security PLC,NYA1.SG,EUR,Allemagne,61971980.0,STU,Stuttgart,EQUITY,,Yahoo Finance / yfinance EquityQuery,2026-10-07,Détection mécanique 50-300 MEUR ; qualification SSI requise.,DETECTE,RESOLU_DISTINCT,2026-10-07,254,0.1209999993443489,0.0,25.388597955946768,-2.4193537726796555,0.1130374995991587,True,Yahoo Finance / yfinance - historique quotidien 1 an,OK,OUI,2026-10-08,30113000.0,0.423,0.91665,3959000.0,-1224000.0,2103000.0,388000.0,,512165134.0,0.72743,Yahoo Finance / yfinance get_info,OK,PRET_SSI
2026-10-07,Luotea PLC                    R,LT50.F,EUR,Allemagne,62238936.0,FRA,Frankfurt,EQUITY,,Yahoo Finance / yfinance EquityQuery,2026-10-07,Détection mécanique 50-300 MEUR ; qualification SSI requise.,DETECTE,,2026-10-07,254,1.6260000467300415,0.0,-8.239272694149523,-37.581572559513575,2.21115480363369,False,Yahoo Finance / yfinance - historique quotidien 1 an,OK,OUI,2026-10-08,346800000.0,0.015,0.11246,10700000.0,-2237500.0,3900000.0,13200000.0,,38277330.0,0.25070998,Yahoo Finance / yfinance get_info,OK,PRET_SSI
2026-10-07,Awale Resources Ltd.          R,2F60.F,EUR,Allemagne,62260104.0,FRA,Frankfurt,EQUITY,,Yahoo Finance / yfinance EquityQuery,2026-10-07,Détection mécanique 50-300 MEUR ; qualification SSI requise.,DETECTE,,2026-10-07,254,0.4339999854564667,0.0,-7.264959333202325,-18.87851136794213,0.4914249983429908,False,Yahoo Finance / yfinance - historique quotidien 1 an,OK,OUI,2026-10-08,21514.0,0.328,1.0,-2168572.0,-18281532.0,14882979.0,0.0,,143456467.0,0.44352,Yahoo Finance / yfinance get_info,OK,PRET_SSI
2026-10-07,Apollo Future Mobility Group  R,U1R1.F,EUR,Allemagne,62368724.0,FRA,Frankfurt,EQUITY,,Yahoo Finance / yfinance EquityQuery,2026-10-07,Détection mécanique 50-300 MEUR ; qualification SSI requise.,DETECTE,,2026-10-07,254,0.0610000006854534,0.0,69.4444536426925,62.66666203075004,0.0518925000168383,True,Yahoo Finance / yfinance - historique quotidien 1 an,OK,OUI,2026-10-08,55094000.0,-0.424,0.4089,-415929984.0,-260683872.0,393711008.0,309753984.0,,1022438090.0,0.47647998,Yahoo Finance / yfinance get_info,OK,PRET_SSI
2026-10-07,Blinklab Ltd.                 R,P41.F,EUR,Allemagne,62419184.0,FRA,Frankfurt,EQUITY,,Yahoo Finance / yfinance EquityQuery,2026-10-07,Détection mécanique 50-300 MEUR ; qualification SSI requise.,DETECTE,,2026-10-07,146,0.3540000021457672,0.0,4.733728593247499,-20.090290948038813,,,Yahoo Finance / yfinance - historique quotidien 1 an,OK,OUI,2026-10-08,1207556.0,3.865,0.59603,-6990317.0,-4642700.0,17953498.0,388660.0,,176325374.0,0.33415002,Yahoo Finance / yfinance get_info,OK,PRET_SSI
2026-10-07,Globus Maritime Ltd.          R,0G93.F,EUR,Allemagne,62588672.0,FRA,Frankfurt,EQUITY,,Yahoo Finance / yfinance EquityQuery,2026-10-07,Détection mécanique 50-300 MEUR ; qualification SSI requise.,DETECTE,,2026-10-07,254,2.900000095367432,0.0,23.9316325529404,74.698804438521,2.104549996256828,True,Yahoo Finance / yfinance - historique quotidien 1 an,OK,OUI,2026-10-08,52907000.0,0.532,0.55386,20768000.0,-11720375.0,29321000.0,106344000.0,,21582301.0,0.36709,Yahoo Finance / yfinance get_info,OK,PRET_SSI
2026-10-07,GDH Guangnan (Holdings) Ltd.  R,GUJB.F,EUR,Allemagne,62623936.0,FRA,Frankfurt,EQUITY,,Yahoo Finance / yfinance EquityQuery,2026-10-07,Détection mécanique 50-300 MEUR ; qualification SSI requise.,DETECTE,,2026-10-07,254,0.0689999982714653,0.0,-1.4285743175720511,2.985069481666458,0.0717550002411007,False,Yahoo Finance / yfinance - historique quotidien 1 an,OK,OUI,2026-10-08,10290489344.0,-0.304,0.04344,181496992.0,240946256.0,702702016.0,750035008.0,,907593285.0,0.592,Yahoo Finance / yfinance get_info,OK,PRET_SSI
2026-10-07,HUNG HING PRINTING GRP LTD.   R,HUV.F,EUR,Allemagne,62629352.0,FRA,Frankfurt,EQUITY,,Yahoo Finance / yfinance EquityQuery,2026-10-07,Détection mécanique 50-300 MEUR ; qualification SSI requise.,DETECTE,,2026-10-07,254,0.0689999982714653,0.0,-14.814817199545685,-22.033900730821976,0.0870399998128414,False,Yahoo Finance / yfinance - historique quotidien 1 an,OK,OUI,2026-10-08,2123360000.0,0.105,0.12254,1049000.0,-71843000.0,548392000.0,40437000.0,,907671838.0,0.69942003,Yahoo Finance / yfinance get_info,OK,PRET_SSI
2026-10-07,Optex Systems Holdings Inc.   R,X62.F,EUR,Allemagne,62638856.0,FRA,Frankfurt,EQUITY,,Yahoo Finance / yfinance EquityQuery,2026-10-07,Détection mécanique 50-300 MEUR ; qualification SSI requise.,DETECTE,,2026-10-07,254,9.0,0.0,-15.887848967932747,-7.692307692307687,10.332999992370606,False,Yahoo Finance / yfinance - historique quotidien 1 an,OK,OUI,2026-10-08,39800000.0,-0.124,0.30686,5694000.0,280375.0,6175000.0,1484000.0,,6959873.0,0.20945999,Yahoo Finance / yfinance get_info,OK,PRET_SSI
2026-10-07,PCI-PAL PLC                   R,FVA.F,EUR,Allemagne,62725124.0,FRA,Frankfurt,EQUITY,,Yahoo Finance / yfinance EquityQuery,2026-10-07,Détection mécanique 50-300 MEUR ; qualification SSI requise.,DETECTE,,2026-10-07,254,0.8650000095367432,0.0,76.53061075540248,67.9611715657828,0.5886399981379509,True,Yahoo Finance / yfinance - historique quotidien 1 an,OK,OUI,2026-10-08,23210000.0,0.069,0.88281,-507000.0,-1715375.0,2614000.0,0.0,,72514589.0,0.111669995,Yahoo Finance / yfinance get_info,OK,PRET_SSI
2026-10-07,Microbot Medical Inc.         R,CY9D.F,EUR,Allemagne,62731924.0,FRA,Frankfurt,EQUITY,,Yahoo Finance / yfinance EquityQuery,2026-10-07,Détection mécanique 50-300 MEUR ; qualification SSI requise.,DETECTE,,2026-10-07,254,0.9340000152587892,0.0,-41.8068533234064,-53.53233732884127,1.6431849962472915,False,Yahoo Finance / yfinance - historique quotidien 1 an,OK,OUI,2026-10-08,346000.0,,-1.8526,-18460000.0,-14240875.0,67367000.0,876000.0,,67164801.0,0.0,Yahoo Finance / yfinance get_info,OK,PRET_SSI
2026-10-07,Nightingale Health Oyj        R,7XE.F,EUR,Allemagne,62775432.0,FRA,Frankfurt,EQUITY,,Yahoo Finance / yfinance EquityQuery,2026-10-07,Détection mécanique 50-300 MEUR ; qualification SSI requise.,DETECTE,,2026-10-07,254,1.0399999618530271,0.0,46.89264908885293,-11.111111111111116,1.080610001385212,False,Yahoo Finance / yfinance - historique quotidien 1 an,OK,OUI,2026-10-08,5502000.0,0.296,0.51672,-13988000.0,-6039125.0,36798000.0,4094000.0,,40647779.0,0.3357,Yahoo Finance / yfinance get_info,OK,PRET_SSI
2026-10-07,Daniel Thwaites PLC           R,7KW.F,EUR,Allemagne,62870400.0,FRA,Frankfurt,EQUITY,,Yahoo Finance / yfinance EquityQuery,2026-10-07,Détection mécanique 50-300 MEUR ; qualification SSI requise.,DETECTE,,2026-10-07,254,1.1100000143051147,0.0,-6.72269235870494,18.08510820430671,1.0999750065803529,True,Yahoo Finance / yfinance - historique quotidien 1 an,OK,OUI,2026-10-08,127000000.0,0.056,0.22441,21300000.0,3275000.0,3800000.0,72700000.0,,56640000.0,0.23844999,Yahoo Finance / yfinance get_info,OK,PRET_SSI
2026-10-07,Elica S.p.A.                  A,7L4.F,EUR,Allemagne,62980348.0,FRA,Frankfurt,EQUITY,,Yahoo Finance / yfinance EquityQuery,2026-10-07,Détection mécanique 50-300 MEUR ; qualification SSI requise.,DETECTE,,2026-10-07,254,1.0750000476837158,0.0,-4.867252015929314,-7.725314773930059,1.1954750019311904,False,Yahoo Finance / yfinance - historique quotidien 1 an,OK,OUI,2026-10-08,444024000.0,-0.074,0.46504003,15979000.0,6049500.0,33024000.0,112861000.0,,58586369.0,0.5306,Yahoo Finance / yfinance get_info,OK,PRET_SSI
2026-10-07,Shine Justice Ltd.            R,K6Z.F,EUR,Allemagne,63013232.0,FRA,Frankfurt,EQUITY,,Yahoo Finance / yfinance EquityQuery,2026-10-07,Détection mécanique 50-300 MEUR ; qualification SSI requise.,DETECTE,,2026-10-07,254,0.3720000088214874,0.0,12.048199692802688,-11.004785268926376,0.3797500000894069,False,Yahoo Finance / yfinance - historique quotidien 1 an,OK,OUI,2026-10-08,209256992.0,-0.039,0.33753,21202000.0,-12752250.0,12506000.0,98821000.0,,169390396.0,0.72536004,Yahoo Finance / yfinance get_info,OK,PRET_SSI
2026-10-07,Caica Digital Inc.            R,RZC.MU,EUR,Allemagne,63055152.0,MUN,Munich,EQUITY,,Yahoo Finance / yfinance EquityQuery,2026-10-07,Détection mécanique 50-300 MEUR ; qualification SSI requise.,DETECTE,,2026-10-07,254,0.3659999966621399,0.0,10.909085490487058,-9.405944574616488,0.403454999923706,False,Yahoo Finance / yfinance - historique quotidien 1 an,OK,OUI,2026-10-08,6048000000.0,0.314,0.20899001,116250000.0,,1240000000.0,0.0,,172281833.0,0.35285,Yahoo Finance / yfinance get_info,OK,PRET_SSI
2026-10-07,The Character Group PLC       R,CG4.F,EUR,Allemagne,63060992.0,FRA,Frankfurt,EQUITY,,Yahoo Finance / yfinance EquityQuery,2026-10-07,Détection mécanique 50-300 MEUR ; qualification SSI requise.,DETECTE,,2026-10-07,254,3.640000104904175,0.0,7.058823611909548,37.878786373620144,3.086199988126755,True,Yahoo Finance / yfinance - historique quotidien 1 an,OK,OUI,2026-10-08,95726000.0,-0.089,0.27315,2662000.0,5504875.0,13914000.0,834000.0,,17324449.0,0.27485,Yahoo Finance / yfinance get_info,OK,PRET_SSI
2026-10-07,Verrica Pharmaceuticals Inc.  R,1NE0.F,EUR,Allemagne,63132036.0,FRA,Frankfurt,EQUITY,,Yahoo Finance / yfinance EquityQuery,2026-10-07,Détection mécanique 50-300 MEUR ; qualification SSI requise.,DETECTE,,2026-10-07,254,3.674999952316284,0.0,-31.050656568096457,-21.47435711293838,5.037974989414215,False,Yahoo Finance / yfinance - historique quotidien 1 an,OK,OUI,2026-10-08,30321000.0,-0.539,0.3768,-25964000.0,-9037125.0,11198000.0,1810000.0,,17178786.0,0.48997003,Yahoo Finance / yfinance get_info,OK,PRET_SSI
2026-10-07,UNIVERSAL ELECTRONICS INC.    R,UE1.F,EUR,Allemagne,63136804.0,FRA,Frankfurt,EQUITY,,Yahoo Finance / yfinance EquityQuery,2026-10-07,Détection mécanique 50-300 MEUR ; qualification SSI requise.,DETECTE,,2026-10-07,254,4.900000095367432,0.0,21.890550214333548,38.41808328163108,3.6092000079154967,True,Yahoo Finance / yfinance - historique quotidien 1 an,OK,OUI,2026-10-08,330571008.0,-0.25,0.29947,12388000.0,16475875.0,32399000.0,30282000.0,,12885062.0,0.08312,Yahoo Finance / yfinance get_info,OK,PRET_SSI
2026-10-07,Atlas Lithium Corp.           R,C480.F,EUR,Allemagne,63209584.0,FRA,Frankfurt,EQUITY,,Yahoo Finance / yfinance EquityQuery,2026-10-07,Détection mécanique 50-300 MEUR ; qualification SSI requise.,DETECTE,,2026-10-07,254,2.0999999046325684,0.0,-24.4604343077478,-44.44444654690106,3.481624993085861,False,Yahoo Finance / yfinance - historique quotidien 1 an,OK,OUI,2026-10-08,109897.0,,0.85089,-44199712.0,-23422564.0,36092612.0,10629315.0,,30099805.0,0.26326,Yahoo Finance / yfinance get_info,OK,PRET_SSI
2026-10-07,Moulinvest                    A,7W5.F,EUR,Allemagne,63242164.0,FRA,Frankfurt,EQUITY,,Yahoo Finance / yfinance EquityQuery,2026-10-07,Détection mécanique 50-300 MEUR ; qualification SSI requise.,DETECTE,,2026-10-07,254,20.89999961853028,0.0,-7.929520193443795,-5.429867611883044,22.55050005912781,False,Yahoo Finance / yfinance - historique quotidien 1 an,OK,OUI,2026-10-08,98142000.0,0.055,0.32226002,19133000.0,-1593375.0,15385000.0,26651000.0,,3025941.0,0.6845,Yahoo Finance / yfinance get_info,OK,PRET_SSI
2026-10-07,China Display Optoel.Tec.H.LtdR,PJJ1.F,EUR,Allemagne,63377916.0,FRA,Frankfurt,EQUITY,,Yahoo Finance / yfinance EquityQuery,2026-10-07,Détection mécanique 50-300 MEUR ; qualification SSI requise.,DETECTE,,2026-10-07,254,0.0299999993294477,0.0,-21.052630804995065,-18.91892177615395,0.0370100001990795,False,Yahoo Finance / yfinance - historique quotidien 1 an,OK,OUI,2026-10-08,8119455744.0,0.124,0.05503,216110000.0,-10355125.0,235784000.0,413000.0,,2112597225.0,0.64203,Yahoo Finance / yfinance get_info,OK,PRET_SSI
2026-10-07,CML Microsystems PLC,92M.SG,EUR,Allemagne,63437580.0,STU,Stuttgart,EQUITY,,Yahoo Finance / yfinance EquityQuery,2026-10-07,Détection mécanique 50-300 MEUR ; qualification SSI requise.,DETECTE,,2026-10-07,254,3.680000066757202,0.0,26.02739625362771,55.93221314985608,2.901099989414215,True,Yahoo Finance / yfinance - historique quotidien 1 an,OK,OUI,2026-10-08,20449000.0,0.087,0.6303,-979000.0,1159250.0,12800000.0,1957000.0,,17238471.0,0.60867,Yahoo Finance / yfinance get_info,OK,PRET_SSI
2026-10-07,SergeFerrari Group S.A.,SFK.SG,EUR,Allemagne,63472352.0,STU,Stuttgart,EQUITY,,Yahoo Finance / yfinance EquityQuery,2026-10-07,Détection mécanique 50-300 MEUR ; qualification SSI requise.,DETECTE,,2026-10-07,254,5.559999942779541,0.0,-23.835619212225843,-18.950439729348343,7.1525000071525575,False,Yahoo Finance / yfinance - historique quotidien 1 an,OK,OUI,2026-10-08,346659008.0,-0.005,0.46280998,22779000.0,24216376.0,22800000.0,138814000.0,,11415891.0,0.78633004,Yahoo Finance / yfinance get_info,OK,PRET_SSI
2026-10-07,Arcelormittal South Africa LtdR,ISC1.F,EUR,Allemagne,63532924.0,FRA,Frankfurt,EQUITY,,Yahoo Finance / yfinance EquityQuery,2026-10-07,Détection mécanique 50-300 MEUR ; qualification SSI requise.,DETECTE,,2026-10-07,254,0.0570000000298023,0.0,0.0,-10.93750418367543,0.0629675001092255,False,Yahoo Finance / yfinance - historique quotidien 1 an,OK,OUI,2026-10-08,27210999808.0,-0.297,0.21263,-1611000064.0,-1596125056.0,1126000000.0,10424000512.0,,1114612674.0,0.0,Yahoo Finance / yfinance get_info,OK,PRET_SSI
2026-10-07,Lifevantage Corp.             R,L2T1.F,EUR,Allemagne,63576696.0,FRA,Frankfurt,EQUITY,,Yahoo Finance / yfinance EquityQuery,2026-10-07,Détection mécanique 50-300 MEUR ; qualification SSI requise.,DETECTE,,2026-10-07,254,5.050000190734863,0.0,-3.809520176478798,51.19761438649151,4.943350012302399,True,Yahoo Finance / yfinance - historique quotidien 1 an,OK,OUI,2026-10-08,182586000.0,-0.231,0.77559996,9473000.0,6001875.0,14920000.0,9868000.0,,12589444.0,0.119899996,Yahoo Finance / yfinance get_info,OK,PRET_SSI
2026-10-07,Groupe LDLC S.A.,6CE.SG,EUR,Allemagne,63604932.0,STU,Stuttgart,EQUITY,,Yahoo Finance / yfinance EquityQuery,2026-10-07,Détection mécanique 50-300 MEUR ; qualification SSI requise.,DETECTE,,2026-10-07,254,10.420000076293944,0.0,-19.722646812214904,-6.126128664923014,12.894150023460387,False,Yahoo Finance / yfinance - historique quotidien 1 an,OK,OUI,2026-10-08,554054016.0,-0.012,0.24482,23065000.0,-39555000.0,7097000.0,49327000.0,,6104120.0,0.37752998,Yahoo Finance / yfinance get_info,OK,PRET_SSI
2026-10-07,SergeFerrari Group S.A.       A,SFK.F,EUR,Allemagne,63700672.0,FRA,Frankfurt,EQUITY,,Yahoo Finance / yfinance EquityQuery,2026-10-07,Détection mécanique 50-300 MEUR ; qualification SSI requise.,DETECTE,,2026-10-07,254,5.579999923706055,0.0,-22.71468025128659,-18.18182135988501,7.138400020599366,False,Yahoo Finance / yfinance - historique quotidien 1 an,OK,OUI,2026-10-08,346659008.0,-0.005,0.46280998,22779000.0,24216376.0,22800000.0,138814000.0,,11415891.0,0.78633004,Yahoo Finance / yfinance get_info,OK,PRET_SSI
2026-10-07,Netstars Co. Ltd.             R,UK3.F,EUR,Allemagne,63734796.0,FRA,Frankfurt,EQUITY,,Yahoo Finance / yfinance EquityQuery,2026-10-07,Détection mécanique 50-300 MEUR ; qualification SSI requise.,DETECTE,,2026-10-07,237,3.759999990463257,0.0,8.670518757478153,-8.737861774162969,3.962749992609024,False,Yahoo Finance / yfinance - historique quotidien 1 an,OK,OUI,2026-10-08,5096999936.0,0.026,0.75888,621000000.0,678124992.0,37425000448.0,0.0,,16950743.0,0.5455,Yahoo Finance / yfinance get_info,OK,PRET_SSI
2026-10-07,Microlise Group PLC           R,2DI.F,EUR,Allemagne,63790916.0,FRA,Frankfurt,EQUITY,,Yahoo Finance / yfinance EquityQuery,2026-10-07,Détection mécanique 50-300 MEUR ; qualification SSI requise.,DETECTE,,2026-10-07,254,0.550000011920929,0.0,50.27322867126751,-5.982900496613697,0.5934399968385696,False,Yahoo Finance / yfinance - historique quotidien 1 an,OK,OUI,2026-10-08,79431000.0,-0.104,0.65132004,1113000.0,1927375.0,13771000.0,4463000.0,,115983483.0,0.057930004,Yahoo Finance / yfinance get_info,OK,PRET_SSI
2026-10-07,Regis Corp. (Minn.)           R,RGI0.F,EUR,Allemagne,64004020.0,FRA,Frankfurt,EQUITY,,Yahoo Finance / yfinance EquityQuery,2026-10-07,Détection mécanique 50-300 MEUR ; qualification SSI requise.,DETECTE,,2026-10-07,254,25.600000381469727,0.0,9.40171281540232,26.732670369189027,21.954000024795533,True,Yahoo Finance / yfinance - historique quotidien 1 an,OK,OUI,2026-10-08,224484992.0,-0.073,0.37467998,28361000.0,6094875.0,26025000.0,301427008.0,,2500157.0,0.06522,Yahoo Finance / yfinance get_info,OK,PRET_SSI
2026-10-07,Dachan Food Asia Ltd.         R,3DS.F,EUR,Allemagne,64019908.0,FRA,Frankfurt,EQUITY,,Yahoo Finance / yfinance EquityQuery,2026-10-07,Détection mécanique 50-300 MEUR ; qualification SSI requise.,DETECTE,,2026-10-07,254,0.0630000010132789,0.0,8.620694527728245,1.6129065208083215,0.0603649998828768,True,Yahoo Finance / yfinance - historique quotidien 1 an,OK,OUI,2026-10-08,5988462080.0,0.009,0.123739995,306768000.0,207632624.0,627491008.0,404143008.0,,1016189000.0,0.73767,Yahoo Finance / yfinance get_info,OK,PRET_SSI
2026-10-07,Virsi-A A/S                   B,J9M.F,EUR,Allemagne,64061276.0,FRA,Frankfurt,EQUITY,,Yahoo Finance / yfinance EquityQuery,2026-10-07,Détection mécanique 50-300 MEUR ; qualification SSI requise.,DETECTE,,2026-10-07,178,4.230000019073486,0.0,10.156252958889487,10.443866927819045,,,Yahoo Finance / yfinance - historique quotidien 1 an,OK,OUI,2026-10-08,439189376.0,0.218,0.10343,18229112.0,2408147.0,5624380.0,52758396.0,,15144510.0,0.88269997,Yahoo Finance / yfinance get_info,OK,PRET_SSI
2026-10-07,Bioporto A/S                  I,2P4.F,EUR,Allemagne,64114916.0,FRA,Frankfurt,EQUITY,,Yahoo Finance / yfinance EquityQuery,2026-10-07,Détection mécanique 50-300 MEUR ; qualification SSI requise.,DETECTE,,2026-10-07,254,0.12950000166893,0.0,1.568630659227388,23.33333877343997,0.1300069997087121,False,Yahoo Finance / yfinance - historique quotidien 1 an,OK,OUI,2026-10-08,38369000.0,-0.348,0.76877,-13028000.0,-3414375.0,74443000.0,5834000.0,,495095887.0,0.29798,Yahoo Finance / yfinance get_info,OK,PRET_SSI
2026-10-07,Cable One Inc.                R,XC1.F,EUR,Allemagne,64115352.0,FRA,Frankfurt,EQUITY,,Yahoo Finance / yfinance EquityQuery,2026-10-07,Détection mécanique 50-300 MEUR ; qualification SSI requise.,DETECTE,,2026-10-07,254,11.300000190734863,0.0,-63.54838648150045,-85.96273268231694,54.29699996948242,False,Yahoo Finance / yfinance - historique quotidien 1 an,OK,OUI,2026-10-08,1441633024.0,-0.084,0.73467004,690572032.0,676339776.0,181852992.0,3070344960.0,,5673925.0,0.10439,Yahoo Finance / yfinance get_info,OK,PRET_SSI
2026-10-07,Risanamento S.p.A.            A,RN5.F,EUR,Allemagne,64241728.0,FRA,Frankfurt,EQUITY,,Yahoo Finance / yfinance EquityQuery,2026-10-07,Détection mécanique 50-300 MEUR ; qualification SSI requise.,DETECTE,,2026-10-07,254,0.0318999998271465,0.0,138.05970750910123,111.2582710385455,0.0194210000801831,True,Yahoo Finance / yfinance - historique quotidien 1 an,OK,OUI,2026-10-08,35063000.0,369.333,-0.18298,-26464000.0,6134375.0,24046000.0,2350000.0,,1800844234.0,0.111,Yahoo Finance / yfinance get_info,OK,PRET_SSI
2026-10-07,Banqup Group S.A.             A,60Z.F,EUR,Allemagne,64255064.0,FRA,Frankfurt,EQUITY,,Yahoo Finance / yfinance EquityQuery,2026-10-07,Détection mécanique 50-300 MEUR ; qualification SSI requise.,DETECTE,,2026-10-07,254,1.7300000190734863,0.0,-18.009473692655387,-33.46153528732649,2.608999992609024,False,Yahoo Finance / yfinance - historique quotidien 1 an,OK,OUI,2026-10-08,53102000.0,0.06,0.54708,-29713000.0,-13015375.0,4992000.0,51363000.0,,37141654.0,0.14317,Yahoo Finance / yfinance get_info,OK,PRET_SSI
2026-10-07,Brii Biosciences Ltd.         R,7SS.F,EUR,Allemagne,64274924.0,FRA,Frankfurt,EQUITY,,Yahoo Finance / yfinance EquityQuery,2026-10-07,Détection mécanique 50-300 MEUR ; qualification SSI requise.,DETECTE,,2026-10-07,254,0.0890000015497207,0.0,-12.745094888258825,-37.32394462266956,0.1247724999859929,False,Yahoo Finance / yfinance - historique quotidien 1 an,OK,OUI,2026-10-08,34851000.0,,1.0,-261888992.0,-173876256.0,1769328000.0,6177000.0,,722190115.0,0.050679997,Yahoo Finance / yfinance get_info,OK,PRET_SSI
2026-10-07,TELESTE CORP.                 R,TS6.F,EUR,Allemagne,64328116.0,FRA,Frankfurt,EQUITY,,Yahoo Finance / yfinance EquityQuery,2026-10-07,Détection mécanique 50-300 MEUR ; qualification SSI requise.,DETECTE,,2026-10-07,254,3.380000114440918,0.0,-3.4285681588309136,0.0,3.500249987840653,False,Yahoo Finance / yfinance - historique quotidien 1 an,OK,OUI,2026-10-08,137476992.0,-0.033,0.54087,7465000.0,1432750.0,9351000.0,32295000.0,,18331502.0,0.56848997,Yahoo Finance / yfinance get_info,OK,PRET_SSI
2026-10-07,Alithya Group Inc.            R,0QZ.F,EUR,Allemagne,64349096.0,FRA,Frankfurt,EQUITY,,Yahoo Finance / yfinance EquityQuery,2026-10-07,Détection mécanique 50-300 MEUR ; qualification SSI requise.,DETECTE,,2026-10-07,254,0.6650000214576721,0.0,8.130083113103058,-20.83332830714786,0.781799994111061,False,Yahoo Finance / yfinance - historique quotidien 1 an,OK,OUI,2026-10-08,458280000.0,-0.154,0.30933002,31457000.0,21533124.0,13214000.0,135823008.0,,89438673.0,0.20232001,Yahoo Finance / yfinance get_info,OK,PRET_SSI
2026-10-07,JINHUI SHIPPING AND TRANSP.LTDR,J4O.F,EUR,Allemagne,64462776.0,FRA,Frankfurt,EQUITY,,Yahoo Finance / yfinance EquityQuery,2026-10-07,Détection mécanique 50-300 MEUR ; qualification SSI requise.,DETECTE,,2026-10-07,254,0.5899999737739563,0.0,13.899607368790967,14.785987435016157,0.5262199984490872,True,Yahoo Finance / yfinance - historique quotidien 1 an,OK,OUI,2026-10-08,147195008.0,-0.094,0.43111,39957000.0,-42359248.0,87768000.0,128367000.0,,109258943.0,0.50019,Yahoo Finance / yfinance get_info,OK,PRET_SSI
2026-10-07,Sensorion S.A.                A,RFM0.F,EUR,Allemagne,64468360.0,FRA,Frankfurt,EQUITY,,Yahoo Finance / yfinance EquityQuery,2026-10-07,Détection mécanique 50-300 MEUR ; qualification SSI requise.,DETECTE,,2026-10-07,254,6.255000114440918,0.0,-42.482757568359375,-62.544911205501386,14.401339988708497,False,Yahoo Finance / yfinance - historique quotidien 1 an,OK,OUI,2026-10-08,6155000.0,0.147,1.0,-34399000.0,-17588000.0,88492000.0,3197000.0,,10306692.0,0.34764,Yahoo Finance / yfinance get_info,OK,PRET_SSI
2026-10-07,WidePoint Corp.               R,ZMX1.F,EUR,Allemagne,64488744.0,FRA,Frankfurt,EQUITY,,Yahoo Finance / yfinance EquityQuery,2026-10-07,Détection mécanique 50-300 MEUR ; qualification SSI requise.,DETECTE,,2026-10-07,254,6.449999809265137,0.0,-45.79831919304084,61.24999523162842,7.270099998712539,False,Yahoo Finance / yfinance - historique quotidien 1 an,OK,OUI,2026-10-08,158327136.0,0.019,0.14247,1312410.0,4821765.0,10018392.0,4318179.0,,9998255.0,0.117410004,Yahoo Finance / yfinance get_info,OK,PRET_SSI
2026-10-07,NetSol Technologies Inc.      R,NS9B.F,EUR,Allemagne,64543868.0,FRA,Frankfurt,EQUITY,,Yahoo Finance / yfinance EquityQuery,2026-10-07,Détection mécanique 50-300 MEUR ; qualification SSI requise.,DETECTE,,2026-10-07,254,5.400000095367432,0.0,42.85714646135421,88.81119907126791,3.3400500094890595,True,Yahoo Finance / yfinance - historique quotidien 1 an,OK,OUI,2026-10-08,74371376.0,0.125,0.52638,8185086.0,8445962.0,27123956.0,9275975.0,,11952568.0,0.26033002,Yahoo Finance / yfinance get_info,OK,PRET_SSI
2026-10-07,New Zealand Rural Land CompanyR,8UK.F,EUR,Allemagne,64593228.0,FRA,Frankfurt,EQUITY,,Yahoo Finance / yfinance EquityQuery,2026-10-07,Détection mécanique 50-300 MEUR ; qualification SSI requise.,DETECTE,,2026-10-07,254,0.44200000166893,0.0,0.9132438732922354,1.3761496109429672,0.4696149989962578,False,Yahoo Finance / yfinance - historique quotidien 1 an,OK,OUI,2026-10-08,22747000.0,0.043,0.93501997,,8623500.0,2214000.0,138870000.0,,146138526.0,0.45098,Yahoo Finance / yfinance get_info,OK,PRET_SSI
2026-10-07,ReproCELL Inc.                R,6RC.F,EUR,Allemagne,64655340.0,FRA,Frankfurt,EQUITY,,Yahoo Finance / yfinance EquityQuery,2026-10-07,Détection mécanique 50-300 MEUR ; qualification SSI requise.,DETECTE,,2026-10-07,254,0.6600000262260437,0.0,35.80247413238142,-13.15789019632202,0.6436050002276897,True,Yahoo Finance / yfinance - historique quotidien 1 an,OK,OUI,2026-10-08,2304000000.0,0.149,0.46266997,-799750016.0,,5614000128.0,0.0,,97962635.0,0.060289998,Yahoo Finance / yfinance get_info,OK,PRET_SSI
2026-10-07,Advanced Flower Capital Inc.  R,0FG.F,EUR,Allemagne,64665080.0,FRA,Frankfurt,EQUITY,,Yahoo Finance / yfinance EquityQuery,2026-10-07,Détection mécanique 50-300 MEUR ; qualification SSI requise.,DETECTE,,2026-10-07,254,2.878000020980835,0.0,16.707215226612693,35.88290743685847,2.5066000026464463,True,Yahoo Finance / yfinance - historique quotidien 1 an,OK,OUI,2026-10-08,19135328.0,,1.0,,,106508624.0,206575328.0,,22468755.0,0.45499,Yahoo Finance / yfinance get_info,OK,PRET_SSI
2026-10-07,Energy Transition Minerals LtdR,G7PA.F,EUR,Allemagne,64694716.0,FRA,Frankfurt,EQUITY,,Yahoo Finance / yfinance EquityQuery,2026-10-07,Détection mécanique 50-300 MEUR ; qualification SSI requise.,DETECTE,,2026-10-07,254,0.0294000003486871,0.0,-5.161287647814417,-22.22221948464845,0.0446614998765289,False,Yahoo Finance / yfinance - historique quotidien 1 an,OK,OUI,2026-10-08,587000.0,,1.0,-16182000.0,-7584875.0,41673000.0,0.0,,2200500556.0,0.26143,Yahoo Finance / yfinance get_info,OK,PRET_SSI
2026-10-07,Bango PLC                     R,B1O.F,EUR,Allemagne,64724372.0,FRA,Frankfurt,EQUITY,,Yahoo Finance / yfinance EquityQuery,2026-10-07,Détection mécanique 50-300 MEUR ; qualification SSI requise.,DETECTE,,2026-10-07,254,0.8399999737739563,0.0,9.090908387194265,19.999998297010112,0.7645499983429909,True,Yahoo Finance / yfinance - historique quotidien 1 an,OK,OUI,2026-10-08,52865000.0,0.026,0.85977,6735000.0,4248625.0,5234000.0,20492000.0,,77052826.0,0.25922,Yahoo Finance / yfinance get_info,OK,PRET_SSI
2026-10-07,American Tungsten+Antimony LtdR,4VZ.F,EUR,Allemagne,64878268.0,FRA,Frankfurt,EQUITY,,Yahoo Finance / yfinance EquityQuery,2026-10-07,Détection mécanique 50-300 MEUR ; qualification SSI requise.,DETECTE,,2026-10-07,252,0.0350000001490116,62.39999830722809,75.00000465661299,-31.37254744412941,0.0525174999423325,False,Yahoo Finance / yfinance - historique quotidien 1 an,OK,OUI,2026-10-08,405704.0,1.601,1.0,-31372522.0,-11175056.0,19494044.0,0.0,,1853664739.0,0.10862,Yahoo Finance / yfinance get_info,OK,PRET_SSI
2026-10-07,Pulmonx Corp.                 R,4NI.F,EUR,Allemagne,65045292.0,FRA,Frankfurt,EQUITY,,Yahoo Finance / yfinance EquityQuery,2026-10-07,Détection mécanique 50-300 MEUR ; qualification SSI requise.,DETECTE,,2026-10-07,254,1.5399999618530271,0.0,17.55725413128455,30.508477144698976,1.4088500010967255,True,Yahoo Finance / yfinance - historique quotidien 1 an,OK,OUI,2026-10-08,87442000.0,-0.046,0.77056,-45490000.0,-11744750.0,55843000.0,56211000.0,,42237203.0,0.046409998,Yahoo Finance / yfinance get_info,OK,PRET_SSI
2026-10-07,AGFA-GEVAERT N.V.             A,AGE.F,EUR,Allemagne,65102032.0,FRA,Frankfurt,EQUITY,,Yahoo Finance / yfinance EquityQuery,2026-10-07,Détection mécanique 50-300 MEUR ; qualification SSI requise.,DETECTE,,2026-10-07,254,0.4205000102519989,0.0,4.601989994426514,-12.93995831747321,0.44338250041008,False,Yahoo Finance / yfinance - historique quotidien 1 an,OK,OUI,2026-10-08,1075000064.0,-0.018,0.30233,18000000.0,99250000.0,68000000.0,195000000.0,,154820528.0,0.0,Yahoo Finance / yfinance get_info,OK,PRET_SSI
2026-10-07,Nexstim Oyj                   R,5NX.F,EUR,Allemagne,65258764.0,FRA,Frankfurt,EQUITY,,Yahoo Finance / yfinance EquityQuery,2026-10-07,Détection mécanique 50-300 MEUR ; qualification SSI requise.,DETECTE,,2026-10-07,254,9.020000457763672,0.0,-6.237000363129841,1.1210805001615531,9.938900020122528,False,Yahoo Finance / yfinance - historique quotidien 1 an,OK,OUI,2026-10-08,11693411.0,0.161,0.77015,894721.0,-151562.0,5591800.0,3426000.0,,7234896.0,0.39485002,Yahoo Finance / yfinance get_info,OK,PRET_SSI
2026-10-07,Beijing Enterprises Env.Gr.LtdR,BJG.F,EUR,Allemagne,65265668.0,FRA,Frankfurt,EQUITY,,Yahoo Finance / yfinance EquityQuery,2026-10-07,Détection mécanique 50-300 MEUR ; qualification SSI requise.,DETECTE,,2026-10-07,254,0.0434999987483024,0.0,17.567562669450364,-17.142856940120254,0.0472350001521408,False,Yahoo Finance / yfinance - historique quotidien 1 an,OK,OUI,2026-10-08,1451410944.0,0.042,0.43522,692667008.0,35105876.0,1569543936.0,4442727936.0,,1500360150.0,0.51089,Yahoo Finance / yfinance get_info,OK,PRET_SSI
2026-10-07,ABIONYX Pharma S.A.           A,609.F,EUR,Allemagne,65350420.0,FRA,Frankfurt,EQUITY,,Yahoo Finance / yfinance EquityQuery,2026-10-07,Détection mécanique 50-300 MEUR ; qualification SSI requise.,DETECTE,,2026-10-07,254,1.5019999742507937,0.0,-16.27647996104501,-57.26884980301471,2.784202230572701,False,Yahoo Finance / yfinance - historique quotidien 1 an,OK,OUI,2026-10-08,4063000.0,-0.119,0.13143,-5423000.0,-287375.0,3521000.0,3805000.0,,43508936.0,0.28952,Yahoo Finance / yfinance get_info,OK,PRET_SSI
2026-10-07,Valtecne S.p.A.               A,71W.F,EUR,Allemagne,65373788.0,FRA,Frankfurt,EQUITY,,Yahoo Finance / yfinance EquityQuery,2026-10-07,Détection mécanique 50-300 MEUR ; qualification SSI requise.,DETECTE,,2026-10-07,254,10.699999809265137,0.0,-2.727274461226026,44.59459015363501,8.898749961853028,True,Yahoo Finance / yfinance - historique quotidien 1 an,OK,OUI,2026-10-08,31425088.0,0.005,0.62793,7227263.0,,9659789.0,7523128.0,,6109700.0,0.81837,Yahoo Finance / yfinance get_info,OK,PRET_SSI
2026-10-07,Articore Group Ltd.           R,WAB0.F,EUR,Allemagne,65536620.0,FRA,Frankfurt,EQUITY,,Yahoo Finance / yfinance EquityQuery,2026-10-07,Détection mécanique 50-300 MEUR ; qualification SSI requise.,DETECTE,,2026-10-07,254,0.2140000015497207,0.0,37.17948534255906,84.48276526508396,0.1555175003036856,True,Yahoo Finance / yfinance - historique quotidien 1 an,OK,OUI,2026-10-08,408550016.0,-0.1,0.28452998,10328000.0,11816250.0,40459000.0,4314000.0,,306245897.0,0.34691003,Yahoo Finance / yfinance get_info,OK,PRET_SSI
2026-10-07,SPARQ Systems Inc.            R,M26.F,EUR,Allemagne,65730652.0,FRA,Frankfurt,EQUITY,,Yahoo Finance / yfinance EquityQuery,2026-10-07,Détection mécanique 50-300 MEUR ; qualification SSI requise.,DETECTE,,2026-10-07,254,0.5550000071525574,0.0,-18.978101427613904,33.41346050518948,0.5611900013685226,False,Yahoo Finance / yfinance - historique quotidien 1 an,OK,OUI,2026-10-08,3422642.0,5.044,0.0191,-4477921.0,-1056135.0,4147995.0,341917.0,,118433609.0,0.23739,Yahoo Finance / yfinance get_info,OK,PRET_SSI
2026-10-07,High Co.,HIH.SG,EUR,Allemagne,65792652.0,STU,Stuttgart,EQUITY,,Yahoo Finance / yfinance EquityQuery,2026-10-07,Détection mécanique 50-300 MEUR ; qualification SSI requise.,DETECTE,RESOLU_CERTAIN,2026-10-07,254,3.319999933242798,0.0,-6.214690140704682,-7.2625697207865265,3.594099999666214,False,Yahoo Finance / yfinance - historique quotidien 1 an,OK,OUI,2026-10-08,111271000.0,0.28,0.13048,1308000.0,36827376.0,100495000.0,29315000.0,,19817065.0,0.57118,Yahoo Finance / yfinance get_info,OK,PRET_SSI
2026-10-07,Kaldvik AS                    N,4YYA.F,EUR,Allemagne,65961184.0,FRA,Frankfurt,EQUITY,,Yahoo Finance / yfinance EquityQuery,2026-10-07,Détection mécanique 50-300 MEUR ; qualification SSI requise.,DETECTE,,2026-10-07,254,0.3919999897480011,0.0,-14.035090012490182,17.3652694076476,0.4654999993741512,False,Yahoo Finance / yfinance - historique quotidien 1 an,OK,OUI,2026-10-08,98848000.0,0.473,0.14039999,-37957000.0,-19589500.0,3333000.0,199683008.0,,168268335.0,0.95158994,Yahoo Finance / yfinance get_info,OK,PRET_SSI
2026-10-07,Harboes Bryggeri AS           N,DX4.F,EUR,Allemagne,66042372.0,FRA,Frankfurt,EQUITY,,Yahoo Finance / yfinance EquityQuery,2026-10-07,Détection mécanique 50-300 MEUR ; qualification SSI requise.,DETECTE,,2026-10-07,254,15.640000343322754,0.0,8.160444689231117,4.26666895548502,15.001500010490416,True,Yahoo Finance / yfinance - historique quotidien 1 an,OK,OUI,2026-10-08,1763053056.0,0.046,0.20389,114856000.0,-54303376.0,4913000.0,296316992.0,,3582658.0,0.0,Yahoo Finance / yfinance get_info,OK,PRET_SSI
2026-10-07,Cerenis Therapeutics Holdings S,609.SG,EUR,Allemagne,66046564.0,STU,Stuttgart,EQUITY,,Yahoo Finance / yfinance EquityQuery,2026-10-07,Détection mécanique 50-300 MEUR ; qualification SSI requise.,DETECTE,,2026-10-07,254,1.5180000066757202,14552.724134206772,-17.230097394770016,-58.91745509874755,2.798441004753113,False,Yahoo Finance / yfinance - historique quotidien 1 an,OK,OUI,2026-10-08,4063000.0,-0.119,0.13143,-5423000.0,-287375.0,3521000.0,3805000.0,,43508936.0,0.28952,Yahoo Finance / yfinance get_info,OK,PRET_SSI
2026-10-07,Sensorion S.A.,RFM0.SG,EUR,Allemagne,66117428.0,STU,Stuttgart,EQUITY,,Yahoo Finance / yfinance EquityQuery,2026-10-07,Détection mécanique 50-300 MEUR ; qualification SSI requise.,DETECTE,,2026-10-07,254,6.414999961853027,6066.9000816345215,-50.3675058631601,-66.84754607035426,15.7492249417305,False,Yahoo Finance / yfinance - historique quotidien 1 an,OK,OUI,2026-10-08,6155000.0,0.147,1.0,-34399000.0,-17588000.0,88492000.0,3197000.0,,10306692.0,0.34764,Yahoo Finance / yfinance get_info,OK,PRET_SSI
2026-10-07,Boreo Oyj                     R,YKK.F,EUR,Allemagne,66125820.0,FRA,Frankfurt,EQUITY,,Yahoo Finance / yfinance EquityQuery,2026-10-07,Détection mécanique 50-300 MEUR ; qualification SSI requise.,DETECTE,,2026-10-07,254,24.5,0.0,29.973472170772155,48.48484848484848,18.58024999141693,True,Yahoo Finance / yfinance - historique quotidien 1 an,OK,OUI,2026-10-08,163700000.0,0.122,0.28833,7800000.0,7275000.0,5200000.0,36400000.0,,2699013.0,0.83641,Yahoo Finance / yfinance get_info,OK,PRET_SSI
2026-10-07,Holland Colours N.V.          A,HCY.F,EUR,Allemagne,66247028.0,FRA,Frankfurt,EQUITY,,Yahoo Finance / yfinance EquityQuery,2026-10-07,Détection mécanique 50-300 MEUR ; qualification SSI requise.,DETECTE,,2026-10-07,254,77.0,0.0,-1.2820512820512775,-9.941520467836265,83.5225,False,Yahoo Finance / yfinance - historique quotidien 1 an,OK,OUI,2026-10-08,109007000.0,-0.06,0.44789,7693000.0,-2874125.0,10199000.0,864000.0,,860351.0,0.68693,Yahoo Finance / yfinance get_info,OK,PRET_SSI
2026-10-07,Daphne International Hldgs LtdR,PSX.F,EUR,Allemagne,66279700.0,FRA,Frankfurt,EQUITY,,Yahoo Finance / yfinance EquityQuery,2026-10-07,Détection mécanique 50-300 MEUR ; qualification SSI requise.,DETECTE,,2026-10-07,254,0.033500000834465,0.0,-9.45945837098897,-23.86363405457212,0.0393175000697374,False,Yahoo Finance / yfinance - historique quotidien 1 an,OK,OUI,2026-10-08,344427008.0,-0.096,0.51431,121779000.0,61388248.0,559984000.0,5221000.0,,1978498429.0,0.47996,Yahoo Finance / yfinance get_info,OK,PRET_SSI
2026-10-07,Edil San Felice S.p.A. Soc.BenA,T4M.F,EUR,Allemagne,66285932.0,FRA,Frankfurt,EQUITY,,Yahoo Finance / yfinance EquityQuery,2026-10-07,Détection mécanique 50-300 MEUR ; qualification SSI requise.,DETECTE,,2026-10-07,254,3.619999885559082,0.0,-18.09955151416293,-14.21800792566673,4.163200006484986,False,Yahoo Finance / yfinance - historique quotidien 1 an,OK,OUI,2026-10-08,62706564.0,0.383,0.49912,10079520.0,5071634.0,12541566.0,6326703.0,,0.0,0.83980006,Yahoo Finance / yfinance get_info,OK,PRET_SSI
2026-10-07,Big Sky Industrial Inc.       R,UE22.F,EUR,Allemagne,66446944.0,FRA,Frankfurt,EQUITY,,Yahoo Finance / yfinance EquityQuery,2026-10-07,Détection mécanique 50-300 MEUR ; qualification SSI requise.,DETECTE,,2026-10-07,254,1.2699999809265137,0.0,30.92782922348054,109.5709518045306,0.9571249955892562,True,Yahoo Finance / yfinance - historique quotidien 1 an,OK,OUI,2026-10-08,6332000.0,0.047,0.36924,-7019000.0,-23102876.0,6103000.0,4812000.0,,52320429.0,0.32568002,Yahoo Finance / yfinance get_info,OK,PRET_SSI
2026-10-07,Strix Group PLC               R,SG9.F,EUR,Allemagne,66495444.0,FRA,Frankfurt,EQUITY,,Yahoo Finance / yfinance EquityQuery,2026-10-07,Détection mécanique 50-300 MEUR ; qualification SSI requise.,DETECTE,,2026-10-07,254,0.335999995470047,0.0,-16.000002384185752,-23.636364252114102,0.4346149991452694,False,Yahoo Finance / yfinance - historique quotidien 1 an,OK,OUI,2026-10-08,82359200.0,-0.053,0.27578,12843200.0,,12697000.0,88701000.0,,197903107.0,0.25368,Yahoo Finance / yfinance get_info,OK,PRET_SSI
2026-10-07,Benakat Petroleum Energy Tbk,J9B.SG,EUR,Allemagne,66573920.0,STU,Stuttgart,EQUITY,,Yahoo Finance / yfinance EquityQuery,2026-10-07,Détection mécanique 50-300 MEUR ; qualification SSI requise.,DETECTE,,2026-10-07,254,0.0005000000237487,0.0,0.0,0.0,0.0010750000315601,False,Yahoo Finance / yfinance - historique quotidien 1 an,OK,OUI,2026-10-08,186979040.0,-0.319,0.24709,49761436.0,284833248.0,271658272.0,501959104.0,,60059379917.0,0.26454002,Yahoo Finance / yfinance get_info,OK,PRET_SSI
2026-10-07,Kaiser Reef Ltd.              R,7YR.F,EUR,Allemagne,66585460.0,FRA,Frankfurt,EQUITY,,Yahoo Finance / yfinance EquityQuery,2026-10-07,Détection mécanique 50-300 MEUR ; qualification SSI requise.,DETECTE,,2026-10-07,254,0.1099999994039535,0.0,-5.98290543863097,-23.611108236658595,0.1484749995172024,False,Yahoo Finance / yfinance - historique quotidien 1 an,OK,OUI,2026-10-08,150229248.0,1.079,0.19957,49179928.0,5021808.0,37047352.0,10214111.0,,605322399.0,0.41384998,Yahoo Finance / yfinance get_info,OK,PRET_SSI
2026-10-07,FOUNDER HOLDINGS LTD.         R,FOU1.F,EUR,Allemagne,66593568.0,FRA,Frankfurt,EQUITY,,Yahoo Finance / yfinance EquityQuery,2026-10-07,Détection mécanique 50-300 MEUR ; qualification SSI requise.,DETECTE,,2026-10-07,254,0.0579999983310699,0.0,-0.8547025963809074,-20.0,0.0656800001300871,False,Yahoo Finance / yfinance - historique quotidien 1 an,OK,OUI,2026-10-08,899016000.0,-0.024,0.5116,17381000.0,-2557500.0,756718976.0,1102000.0,,1148164993.0,0.48459998,Yahoo Finance / yfinance get_info,OK,PRET_SSI
2026-10-07,Western Bulk Chartering AS    N,7EJ.F,EUR,Allemagne,66761252.0,FRA,Frankfurt,EQUITY,,Yahoo Finance / yfinance EquityQuery,2026-10-07,Détection mécanique 50-300 MEUR ; qualification SSI requise.,DETECTE,,2026-10-07,254,2.039999961853028,0.0,8.7999979654948,25.53845919095552,1.7997249925136567,True,Yahoo Finance / yfinance - historique quotidien 1 an,OK,OUI,2026-10-08,1103806976.0,0.129,0.01854,-3423000.0,-6205750.0,17311000.0,0.0,,32726104.0,0.10787,Yahoo Finance / yfinance get_info,OK,PRET_SSI
2026-10-07,Nanoform Finland Oyj          R,4YL.F,EUR,Allemagne,66888784.0,FRA,Frankfurt,EQUITY,,Yahoo Finance / yfinance EquityQuery,2026-10-07,Détection mécanique 50-300 MEUR ; qualification SSI requise.,DETECTE,,2026-10-07,254,0.7799999713897705,0.0,-1.5151545939038449,40.28776608221239,0.8074799992144108,False,Yahoo Finance / yfinance - historique quotidien 1 an,OK,OUI,2026-10-08,5528000.0,0.162,0.90467,-14623000.0,-7748125.0,19031000.0,6427000.0,,85754853.0,0.23281,Yahoo Finance / yfinance get_info,OK,PRET_SSI
2026-10-07,Stakk Ltd.                    R,O7U.F,EUR,Allemagne,66975700.0,FRA,Frankfurt,EQUITY,,Yahoo Finance / yfinance EquityQuery,2026-10-07,Détection mécanique 50-300 MEUR ; qualification SSI requise.,DETECTE,,2026-10-07,180,0.0104999998584389,0.0,-12.500001940255345,74.99999611948931,,,Yahoo Finance / yfinance - historique quotidien 1 an,OK,OUI,2026-10-08,14892187.0,9.289,0.72600996,-1827179.0,1429066.0,17521064.0,0.0,,6378638538.0,0.16283001,Yahoo Finance / yfinance get_info,OK,PRET_SSI
2026-10-07,LBG Media PLC                 R,S83.F,EUR,Allemagne,67017660.0,FRA,Frankfurt,EQUITY,,Yahoo Finance / yfinance EquityQuery,2026-10-07,Détection mécanique 50-300 MEUR ; qualification SSI requise.,DETECTE,,2026-10-07,254,0.2980000078678131,0.0,-16.759776722339016,-49.91596747249472,0.5397549983859062,False,Yahoo Finance / yfinance - historique quotidien 1 an,OK,OUI,2026-10-08,100644000.0,0.192,0.26424998,14702000.0,2649500.0,28438000.0,14302000.0,,209079740.0,0.62377,Yahoo Finance / yfinance get_info,OK,PRET_SSI
2026-10-07,SkinHealth Systems Inc.       R,V7A0.F,EUR,Allemagne,67022488.0,FRA,Frankfurt,EQUITY,,Yahoo Finance / yfinance EquityQuery,2026-10-07,Détection mécanique 50-300 MEUR ; qualification SSI requise.,DETECTE,,2026-10-07,254,0.5149999856948853,0.0,-28.965521550490227,-37.57575840770488,0.762014998793602,False,Yahoo Finance / yfinance - historique quotidien 1 an,OK,OUI,2026-10-08,290046016.0,-0.078,0.66350996,20082000.0,27475750.0,204074000.0,367040992.0,,130140763.0,0.13029,Yahoo Finance / yfinance get_info,OK,PRET_SSI
2026-10-07,Elevate Uranium Ltd.          R,WTT0.F,EUR,Allemagne,67058768.0,FRA,Frankfurt,EQUITY,,Yahoo Finance / yfinance EquityQuery,2026-10-07,Détection mécanique 50-300 MEUR ; qualification SSI requise.,DETECTE,,2026-10-07,254,0.1421999931335449,0.0,1.5714232343800427,-22.210067250866107,0.1693010004609823,False,Yahoo Finance / yfinance - historique quotidien 1 an,OK,OUI,2026-10-08,50000.0,,1.0,-16832296.0,-12129501.0,28820548.0,322224.0,,471580671.0,0.14706999,Yahoo Finance / yfinance get_info,OK,PRET_SSI
2026-10-07,Corero Network Security PLC   R,NYA1.F,EUR,Allemagne,67329424.0,FRA,Frankfurt,EQUITY,,Yahoo Finance / yfinance EquityQuery,2026-10-07,Détection mécanique 50-300 MEUR ; qualification SSI requise.,DETECTE,,2026-10-07,254,0.1140000000596046,0.0,28.81355860858177,-3.3898310435636736,0.1075424993596971,True,Yahoo Finance / yfinance - historique quotidien 1 an,OK,OUI,2026-10-08,30113000.0,0.423,0.91665,3959000.0,-1224000.0,2103000.0,388000.0,,512165134.0,0.72743,Yahoo Finance / yfinance get_info,OK,PRET_SSI
2026-10-07,Gascogne S.A.                 A,G5O.F,EUR,Allemagne,67379304.0,FRA,Frankfurt,EQUITY,,Yahoo Finance / yfinance EquityQuery,2026-10-07,Détection mécanique 50-300 MEUR ; qualification SSI requise.,DETECTE,,2026-10-07,254,1.7899999618530271,0.0,-7.253885466305676,-18.63636713382619,1.9480499905347823,False,Yahoo Finance / yfinance - historique quotidien 1 an,OK,OUI,2026-10-08,399998016.0,-0.024,0.48923,7087000.0,-37970376.0,37114000.0,273931008.0,,37642072.0,0.86303,Yahoo Finance / yfinance get_info,OK,PRET_SSI
2026-10-07,WE Connect                    A,77P.F,EUR,Allemagne,67439008.0,FRA,Frankfurt,EQUITY,,Yahoo Finance / yfinance EquityQuery,2026-10-07,Détection mécanique 50-300 MEUR ; qualification SSI requise.,DETECTE,,2026-10-07,254,22.600000381469727,0.0,-13.076921609731816,-1.3100403583316766,24.41499997138977,False,Yahoo Finance / yfinance - historique quotidien 1 an,OK,OUI,2026-10-08,453885280.0,0.551,0.09585,42047480.0,-31147020.0,48058000.0,20360326.0,,2984027.0,0.71359,Yahoo Finance / yfinance get_info,OK,PRET_SSI
2026-10-07,INNOTEC TSS AG                I,TSS.F,EUR,Allemagne,67468504.0,FRA,Frankfurt,EQUITY,,Yahoo Finance / yfinance EquityQuery,2026-10-07,Détection mécanique 50-300 MEUR ; qualification SSI requise.,DETECTE,,2026-10-07,254,7.050000190734863,0.0,-6.622516388987454,-5.369122533839754,7.469750003814697,False,Yahoo Finance / yfinance - historique quotidien 1 an,OK,OUI,2026-10-08,120978000.0,0.02,0.70072,13660000.0,-7782375.0,12565000.0,16838000.0,,9570000.0,0.53062,Yahoo Finance / yfinance get_info,OK,PRET_SSI
2026-10-07,ADVANEX INC.                  R,DCV.F,EUR,Allemagne,67731312.0,FRA,Frankfurt,EQUITY,,Yahoo Finance / yfinance EquityQuery,2026-10-07,Détection mécanique 50-300 MEUR ; qualification SSI requise.,DETECTE,,2026-10-07,254,16.5,0.0,14.583336368755129,70.98446271765764,12.262750000953677,True,Yahoo Finance / yfinance - historique quotidien 1 an,OK,OUI,2026-10-08,30272999424.0,0.082,0.24070999,2794249984.0,,5509000192.0,15477000192.0,,4104928.0,0.52996,Yahoo Finance / yfinance get_info,OK,PRET_SSI
2026-10-07,Pilbara Gold Ltd.             R,YAJ1.F,EUR,Allemagne,67864648.0,FRA,Frankfurt,EQUITY,,Yahoo Finance / yfinance EquityQuery,2026-10-07,Détection mécanique 50-300 MEUR ; qualification SSI requise.,DETECTE,,2026-10-07,254,0.2899999916553497,0.0,3.5714251502436234,-15.179877373769424,0.3000026592984796,False,Yahoo Finance / yfinance - historique quotidien 1 an,OK,OUI,2026-10-08,755765.0,0.296,1.0,-3892941.0,-17509370.0,27527796.0,15690.0,,234016028.0,0.14533,Yahoo Finance / yfinance get_info,OK,PRET_SSI
2026-10-07,Scully Royalty Ltd.           R,MB01.F,EUR,Allemagne,67909528.0,FRA,Frankfurt,EQUITY,,Yahoo Finance / yfinance EquityQuery,2026-10-07,Détection mécanique 50-300 MEUR ; qualification SSI requise.,DETECTE,,2026-10-07,254,4.460000038146973,0.0,1.8264822286715,-25.66666603088379,5.762050046920776,False,Yahoo Finance / yfinance - historique quotidien 1 an,OK,OUI,2026-10-08,35766000.0,0.026,0.65016997,-235000.0,10186750.0,54819000.0,39285000.0,,15226351.0,0.71198,Yahoo Finance / yfinance get_info,OK,PRET_SSI
2026-10-07,Veritone Inc                  R,VEK.F,EUR,Allemagne,68090848.0,FRA,Frankfurt,EQUITY,,Yahoo Finance / yfinance EquityQuery,2026-10-07,Détection mécanique 50-300 MEUR ; qualification SSI requise.,DETECTE,,2026-10-07,254,0.6700000166893005,0.0,-33.66336405785593,-61.04651130554546,1.8397100007534024,False,Yahoo Finance / yfinance - historique quotidien 1 an,OK,OUI,2026-10-08,91058000.0,0.046,0.66196996,-58133000.0,-18050876.0,12424000.0,47818000.0,,101628127.0,0.08696,Yahoo Finance / yfinance get_info,OK,PRET_SSI
2026-10-07,Kuya Silver Corp.             R,6MR1.F,EUR,Allemagne,68202520.0,FRA,Frankfurt,EQUITY,,Yahoo Finance / yfinance EquityQuery,2026-10-07,Détection mécanique 50-300 MEUR ; qualification SSI requise.,DETECTE,,2026-10-07,254,0.3495000004768371,0.0,-15.272725932854248,-29.819276441497355,0.4999600000679493,False,Yahoo Finance / yfinance - historique quotidien 1 an,OK,OUI,2026-10-08,3796237.0,0.077,-0.28469,-5165389.0,-4194831.0,25533978.0,0.0,,195143114.0,0.06836,Yahoo Finance / yfinance get_info,OK,PRET_SSI
2026-10-07,Chegg Inc.                    R,0CG.F,EUR,Allemagne,68448440.0,FRA,Frankfurt,EQUITY,,Yahoo Finance / yfinance EquityQuery,2026-10-07,Détection mécanique 50-300 MEUR ; qualification SSI requise.,DETECTE,,2026-10-07,254,0.6165000200271606,0.0,-14.553009348966084,-20.60527615872506,0.748920999020338,False,Yahoo Finance / yfinance - historique quotidien 1 an,OK,OUI,2026-10-08,265512000.0,-0.507,0.64845,81255000.0,50036876.0,72314000.0,50719000.0,,111027482.0,0.03746,Yahoo Finance / yfinance get_info,OK,PRET_SSI
2026-10-07,Abitare In S.p.A.             A,1BN.F,EUR,Allemagne,68504448.0,FRA,Frankfurt,EQUITY,,Yahoo Finance / yfinance EquityQuery,2026-10-07,Détection mécanique 50-300 MEUR ; qualification SSI requise.,DETECTE,,2026-10-07,254,2.680000066757202,0.0,-5.96490679171735,-3.942648623649692,2.773074994087219,False,Yahoo Finance / yfinance - historique quotidien 1 an,OK,OUI,2026-10-08,109650384.0,4.357,0.13849,6663440.0,52162588.0,10292440.0,152903248.0,,25561360.0,0.5087,Yahoo Finance / yfinance get_info,OK,PRET_SSI
2026-10-07,Invesque Inc.                 R,7ZL.F,EUR,Allemagne,68513920.0,FRA,Frankfurt,EQUITY,,Yahoo Finance / yfinance EquityQuery,2026-10-07,Détection mécanique 50-300 MEUR ; qualification SSI requise.,DETECTE,,2026-10-07,254,0.0750000029802322,0.0,21.951220989605467,2.0408204640181005,0.068477500192821,True,Yahoo Finance / yfinance - historique quotidien 1 an,OK,OUI,2026-10-08,13639000.0,-0.9,0.30838,-1711000.0,111219624.0,10206000.0,6418000.0,,913518837.0,0.01991,Yahoo Finance / yfinance get_info,OK,PRET_SSI
2026-10-07,Haivision Systems Inc.        R,H8A.F,EUR,Allemagne,68537840.0,FRA,Frankfurt,EQUITY,,Yahoo Finance / yfinance EquityQuery,2026-10-07,Détection mécanique 50-300 MEUR ; qualification SSI requise.,DETECTE,,2026-10-07,254,2.559999942779541,0.0,-26.011563163144736,-37.56097555302353,3.785900013446808,False,Yahoo Finance / yfinance - historique quotidien 1 an,OK,OUI,2026-10-08,142469024.0,-0.014,0.70552003,1697178.0,14476766.0,19726772.0,19624368.0,,26772594.0,0.32658002,Yahoo Finance / yfinance get_info,OK,PRET_SSI
2026-10-07,Cheetah Mobile Inc.           R,0C9.F,EUR,Allemagne,68905752.0,FRA,Frankfurt,EQUITY,,Yahoo Finance / yfinance EquityQuery,2026-10-07,Détection mécanique 50-300 MEUR ; qualification SSI requise.,DETECTE,,2026-10-07,254,2.220000028610229,0.0,-16.541355000860904,-53.94190976045068,3.954950001239777,False,Yahoo Finance / yfinance - historique quotidien 1 an,OK,OUI,2026-10-08,1121328000.0,-0.099,0.67323995,32961000.0,,1271414016.0,2900000.0,,10224887.0,0.09984,Yahoo Finance / yfinance get_info,OK,PRET_SSI
2026-10-07,Dawson Geophysical Co.        R,RVS1.F,EUR,Allemagne,68943472.0,FRA,Frankfurt,EQUITY,,Yahoo Finance / yfinance EquityQuery,2026-10-07,Détection mécanique 50-300 MEUR ; qualification SSI requise.,DETECTE,,2026-10-07,254,2.220000028610229,0.0,-65.3125000698492,4.716988134401512,2.8751999992132187,False,Yahoo Finance / yfinance - historique quotidien 1 an,OK,OUI,2026-10-08,104307000.0,0.818,0.22308001,12519000.0,-5558625.0,6125000.0,20046000.0,,31055618.0,0.01181,Yahoo Finance / yfinance get_info,OK,PRET_SSI
2026-10-07,Otovo ASA                     N,89K0.F,EUR,Allemagne,69043864.0,FRA,Frankfurt,EQUITY,,Yahoo Finance / yfinance EquityQuery,2026-10-07,Détection mécanique 50-300 MEUR ; qualification SSI requise.,DETECTE,,2026-10-07,254,0.8640000224113464,0.0,-14.0298481083858,-17.320568622630717,0.9995739974081516,False,Yahoo Finance / yfinance - historique quotidien 1 an,OK,OUI,2026-10-08,470399008.0,-0.382,0.27668,-374360992.0,-205508256.0,36529000.0,8755000.0,,79911878.0,0.38858002,Yahoo Finance / yfinance get_info,OK,PRET_SSI
2026-10-07,M1 Aesthetics AG              I,HAEK.HM,EUR,Allemagne,69173648.0,HAM,Hamburg,EQUITY,,Yahoo Finance / yfinance EquityQuery,2026-10-07,Détection mécanique 50-300 MEUR ; qualification SSI requise.,DETECTE,,2026-10-07,254,13.0,2288.0,0.7751967785028402,7.43801314178929,11.758249988555908,True,Yahoo Finance / yfinance - historique quotidien 1 an,OK,OUI,2026-10-08,260807840.0,0.105,0.07565,9670532.0,4641431.0,13936000.0,3093000.0,,5229307.0,0.0,Yahoo Finance / yfinance get_info,OK,PRET_SSI
2026-10-07,FOUNTAIN SET (HOLDINGS) LTD.  R,FOV.F,EUR,Allemagne,69214024.0,FRA,Frankfurt,EQUITY,,Yahoo Finance / yfinance EquityQuery,2026-10-07,Détection mécanique 50-300 MEUR ; qualification SSI requise.,DETECTE,,2026-10-07,254,0.0564999990165233,0.0,-8.130085437561984,-12.403097685895748,0.0610824999772012,False,Yahoo Finance / yfinance - historique quotidien 1 an,OK,OUI,2026-10-08,4184132096.0,0.024,0.13946,313582016.0,296554240.0,1651771008.0,201490000.0,,1225026960.0,0.64804,Yahoo Finance / yfinance get_info,OK,PRET_SSI
2026-10-07,Vitura S.A.                   A,D2L.F,EUR,Allemagne,69214624.0,FRA,Frankfurt,EQUITY,,Yahoo Finance / yfinance EquityQuery,2026-10-07,Détection mécanique 50-300 MEUR ; qualification SSI requise.,DETECTE,,2026-10-07,254,4.059999942779541,0.0,3.045682330363664,-14.70588765636952,3.993049998283386,True,Yahoo Finance / yfinance - historique quotidien 1 an,OK,OUI,2026-10-08,60532000.0,0.078,0.64232004,,-41215248.0,25216000.0,637478976.0,,17047938.0,0.0,Yahoo Finance / yfinance get_info,OK,PRET_SSI
2026-10-07,Nutriband Inc.                R,9WV.F,EUR,Allemagne,69287392.0,FRA,Frankfurt,EQUITY,,Yahoo Finance / yfinance EquityQuery,2026-10-07,Détection mécanique 50-300 MEUR ; qualification SSI requise.,DETECTE,,2026-10-07,254,5.699999809265137,0.0,147.82608380164444,85.06493345644401,3.3481999969482423,True,Yahoo Finance / yfinance - historique quotidien 1 an,OK,OUI,2026-10-08,1617680.0,-0.297,0.33141,-6899801.0,-1408093.0,3421615.0,219719.0,,12155683.0,0.59086,Yahoo Finance / yfinance get_info,OK,PRET_SSI
2026-10-07,Jubilee Metals Group PLC      R,JI5.F,EUR,Allemagne,69317272.0,FRA,Frankfurt,EQUITY,,Yahoo Finance / yfinance EquityQuery,2026-10-07,Détection mécanique 50-300 MEUR ; qualification SSI requise.,DETECTE,,2026-10-07,254,0.0205000005662441,0.0,-21.15384560276772,-41.42857006009745,0.0318874999415129,False,Yahoo Finance / yfinance - historique quotidien 1 an,OK,OUI,2026-10-08,21003352.0,0.705,0.20754999,-18339596.0,28689676.0,38139060.0,22036958.0,,3381330240.0,0.06884,Yahoo Finance / yfinance get_info,OK,PRET_SSI
2026-10-07,LapWall Oyj                   R,QJ1.F,EUR,Allemagne,69577232.0,FRA,Frankfurt,EQUITY,,Yahoo Finance / yfinance EquityQuery,2026-10-07,Détection mécanique 50-300 MEUR ; qualification SSI requise.,DETECTE,,2026-10-07,254,4.789999961853027,0.0,16.829270079758587,23.136242485294822,4.080450005531311,True,Yahoo Finance / yfinance - historique quotidien 1 an,OK,OUI,2026-10-08,49370852.0,0.24,0.57699,5794575.0,-760926.0,3302000.0,14757000.0,,14525518.0,0.62619996,Yahoo Finance / yfinance get_info,OK,PRET_SSI
2026-10-07,Fenbi Ltd.                    R,U92.F,EUR,Allemagne,69582936.0,FRA,Frankfurt,EQUITY,,Yahoo Finance / yfinance EquityQuery,2026-10-07,Détection mécanique 50-300 MEUR ; qualification SSI requise.,DETECTE,,2026-10-07,248,0.0315000005066394,0.0,-21.24999697320157,-50.0,0.0799750001262873,False,Yahoo Finance / yfinance - historique quotidien 1 an,OK,OUI,2026-10-08,2432996096.0,-0.163,0.47248,-186722000.0,134323504.0,1140787968.0,113098000.0,,2208982000.0,0.4637,Yahoo Finance / yfinance get_info,OK,PRET_SSI
2026-10-07,Lotus Resources Ltd.          R,7D0.F,EUR,Allemagne,69933736.0,FRA,Frankfurt,EQUITY,,Yahoo Finance / yfinance EquityQuery,2026-10-07,Détection mécanique 50-300 MEUR ; qualification SSI requise.,DETECTE,,2026-10-07,254,0.1279000043869018,0.0,-69.50405283864984,-85.23094631872145,0.6477182492613792,False,Yahoo Finance / yfinance - historique quotidien 1 an,OK,OUI,2026-10-08,2809308.0,-0.168,0.0,-99567024.0,-120576800.0,30185668.0,10827308.0,,546784472.0,0.07258,Yahoo Finance / yfinance get_info,OK,PRET_SSI
2026-10-07,Reitmans (Canada) Ltd.        R,CX40.F,EUR,Allemagne,70005632.0,FRA,Frankfurt,EQUITY,,Yahoo Finance / yfinance EquityQuery,2026-10-07,Détection mécanique 50-300 MEUR ; qualification SSI requise.,DETECTE,,2026-10-07,254,1.399999976158142,0.0,10.236220250711224,11.999998092651376,1.3427999943494795,True,Yahoo Finance / yfinance - historique quotidien 1 an,OK,OUI,2026-10-08,774070016.0,-0.019,0.56379,29366000.0,60135124.0,152712000.0,167102000.0,,13440000.0,0.57501,Yahoo Finance / yfinance get_info,OK,PRET_SSI
2026-10-07,Heeton Holdings Ltd.          R,SST.F,EUR,Allemagne,70135728.0,FRA,Frankfurt,EQUITY,,Yahoo Finance / yfinance EquityQuery,2026-10-07,Détection mécanique 50-300 MEUR ; qualification SSI requise.,DETECTE,,2026-10-07,254,0.1280000060796737,0.0,-8.571424618059286,-13.513510520219665,0.1478050008416175,False,Yahoo Finance / yfinance - historique quotidien 1 an,OK,OUI,2026-10-08,81559000.0,0.01,0.69482005,31305000.0,26460750.0,60969000.0,541507968.0,,487234735.0,0.88264,Yahoo Finance / yfinance get_info,OK,PRET_SSI
2026-10-07,Heeton Holdings Ltd.,SST.SG,EUR,Allemagne,70135728.0,STU,Stuttgart,EQUITY,,Yahoo Finance / yfinance EquityQuery,2026-10-07,Détection mécanique 50-300 MEUR ; qualification SSI requise.,DETECTE,,2026-10-07,254,0.1280000060796737,0.0,-8.571424618059286,-14.66666600439286,0.1479500006884336,False,Yahoo Finance / yfinance - historique quotidien 1 an,OK,OUI,2026-10-08,81559000.0,0.01,0.69482005,31305000.0,26460750.0,60969000.0,541507968.0,,487234735.0,0.88264,Yahoo Finance / yfinance get_info,OK,PRET_SSI
2026-10-07,Big River Industries Ltd.     R,BQ3.F,EUR,Allemagne,70172024.0,FRA,Frankfurt,EQUITY,,Yahoo Finance / yfinance EquityQuery,2026-10-07,Détection mécanique 50-300 MEUR ; qualification SSI requise.,DETECTE,,2026-10-07,254,0.7450000047683716,0.0,-12.35294307391943,-5.69620448949717,0.8070250031352043,False,Yahoo Finance / yfinance - historique quotidien 1 an,OK,OUI,2026-10-08,426999008.0,0.14,0.26398,18483000.0,21882876.0,24785000.0,82593000.0,,94190636.0,0.26645002,Yahoo Finance / yfinance get_info,OK,PRET_SSI
2026-10-07,Mastech Digital Inc.          R,MS4A.F,EUR,Allemagne,70273600.0,FRA,Frankfurt,EQUITY,,Yahoo Finance / yfinance EquityQuery,2026-10-07,Détection mécanique 50-300 MEUR ; qualification SSI requise.,DETECTE,,2026-10-07,254,5.849999904632568,0.0,-11.363636527836483,20.37036510125088,5.779600012302399,True,Yahoo Finance / yfinance - historique quotidien 1 an,OK,OUI,2026-10-08,176487008.0,-0.156,0.27973,3413000.0,7460625.0,35603000.0,2125000.0,,12012581.0,0.69854,Yahoo Finance / yfinance get_info,OK,PRET_SSI
2026-10-07,Hi Sun Technology (China) Ltd.R,HSUB.F,EUR,Allemagne,70526768.0,FRA,Frankfurt,EQUITY,,Yahoo Finance / yfinance EquityQuery,2026-10-07,Détection mécanique 50-300 MEUR ; qualification SSI requise.,DETECTE,,2026-10-07,136,0.0260000005364418,0.0,-14.754097559733347,-24.63767771659783,,,Yahoo Finance / yfinance - historique quotidien 1 an,OK,OUI,2026-10-08,2282851072.0,0.171,0.36898,-370001984.0,-218367504.0,4459912192.0,915974976.0,,2712567835.0,0.39762002,Yahoo Finance / yfinance get_info,OK,PRET_SSI
2026-10-07,Parkit Enterprise Inc.        R,1TH0.F,EUR,Allemagne,70534480.0,FRA,Frankfurt,EQUITY,,Yahoo Finance / yfinance EquityQuery,2026-10-07,Détection mécanique 50-300 MEUR ; qualification SSI requise.,DETECTE,,2026-10-07,254,5.099999904632568,0.0,-9.574467635395756,-5.555542310076833,5.331010385751724,False,Yahoo Finance / yfinance - historique quotidien 1 an,OK,OUI,2026-10-08,28081980.0,3.639,0.60175997,14073939.0,9018774.0,5381025.0,142618176.0,,13830291.0,0.46258998,Yahoo Finance / yfinance get_info,OK,PRET_SSI
2026-10-07,S.T. DUPONT S.A.              A,7EK.F,EUR,Allemagne,70589000.0,FRA,Frankfurt,EQUITY,,Yahoo Finance / yfinance EquityQuery,2026-10-07,Détection mécanique 50-300 MEUR ; qualification SSI requise.,DETECTE,,2026-10-07,254,0.0747999995946884,0.0,6.552700384256771,-2.604171820469736,0.0753040006384253,False,Yahoo Finance / yfinance - historique quotidien 1 an,OK,OUI,2026-10-08,55810000.0,-0.018,0.54435,4576000.0,-1066750.0,5723000.0,11925000.0,,943703196.0,0.90583,Yahoo Finance / yfinance get_info,OK,PRET_SSI
2026-10-07,Neodecortech S.p.A.           A,FM2.F,EUR,Allemagne,70611752.0,FRA,Frankfurt,EQUITY,,Yahoo Finance / yfinance EquityQuery,2026-10-07,Détection mécanique 50-300 MEUR ; qualification SSI requise.,DETECTE,,2026-10-07,254,5.139999866485596,0.0,10.300429931130806,41.208783471200185,4.171200016736984,True,Yahoo Finance / yfinance - historique quotidien 1 an,OK,OUI,2026-10-08,196944992.0,0.102,0.41116002,26592000.0,20816500.0,10944000.0,28362000.0,,13737695.0,0.58599997,Yahoo Finance / yfinance get_info,OK,PRET_SSI
2026-10-07,EcoGraf Ltd.                  R,FMK.F,EUR,Allemagne,70773080.0,FRA,Frankfurt,EQUITY,,Yahoo Finance / yfinance EquityQuery,2026-10-07,Détection mécanique 50-300 MEUR ; qualification SSI requise.,DETECTE,,2026-10-07,254,0.1482000052928924,495.5999851226807,-14.236110272729183,-36.93616780051821,0.1993724995106458,False,Yahoo Finance / yfinance - historique quotidien 1 an,OK,OUI,2026-10-08,3087000.0,-0.169,0.85941005,-2547000.0,-7768250.0,3817000.0,353000.0,,477551147.0,0.1321,Yahoo Finance / yfinance get_info,OK,PRET_SSI
2026-10-07,First Northwest Bancorp       R,45I.F,EUR,Allemagne,70861528.0,FRA,Frankfurt,EQUITY,,Yahoo Finance / yfinance EquityQuery,2026-10-07,Détection mécanique 50-300 MEUR ; qualification SSI requise.,DETECTE,,2026-10-07,254,7.449999809265137,0.0,-20.320860905739647,-8.588955116925156,8.458000009059907,False,Yahoo Finance / yfinance - historique quotidien 1 an,OK,OUI,2026-10-08,68995000.0,-0.0,0.0,,,98382000.0,329320992.0,,9511615.0,0.15405,Yahoo Finance / yfinance get_info,OK,PRET_SSI
2026-10-07,Western Energy Services Corp. R,W1T.F,EUR,Allemagne,71091664.0,FRA,Frankfurt,EQUITY,,Yahoo Finance / yfinance EquityQuery,2026-10-07,Détection mécanique 50-300 MEUR ; qualification SSI requise.,DETECTE,,2026-10-07,254,2.0999999046325684,0.0,3.960392300071258,12.299459854423157,1.8185499835014345,True,Yahoo Finance / yfinance - historique quotidien 1 an,OK,OUI,2026-10-08,202318000.0,-0.036,0.30938998,45839000.0,20285624.0,11171000.0,78940000.0,,33853178.0,0.33847,Yahoo Finance / yfinance get_info,OK,PRET_SSI
2026-10-07,Suominen Corp.                R,1S0.F,EUR,Allemagne,71160560.0,FRA,Frankfurt,EQUITY,,Yahoo Finance / yfinance EquityQuery,2026-10-07,Détection mécanique 50-300 MEUR ; qualification SSI requise.,DETECTE,,2026-10-07,254,0.5260000228881836,0.0,7.78688872490827,-51.29629611233136,0.9570140823721884,False,Yahoo Finance / yfinance - historique quotidien 1 an,OK,OUI,2026-10-08,396302016.0,0.058,0.056399997,3706000.0,-18005250.0,20865000.0,108672000.0,,135286228.0,0.28212,Yahoo Finance / yfinance get_info,OK,PRET_SSI
2026-10-07,Tecogen Inc. (New)            R,2T1.F,EUR,Allemagne,71182888.0,FRA,Frankfurt,EQUITY,,Yahoo Finance / yfinance EquityQuery,2026-10-07,Détection mécanique 50-300 MEUR ; qualification SSI requise.,DETECTE,,2026-10-07,254,2.3580000400543213,0.0,-31.09292555905744,-19.357044457644623,3.331640000939369,False,Yahoo Finance / yfinance - historique quotidien 1 an,OK,OUI,2026-10-08,24583024.0,-0.212,0.36222,-8500290.0,-10400647.0,6782573.0,2616863.0,,30187822.0,0.39569,Yahoo Finance / yfinance get_info,OK,PRET_SSI
2026-10-07,Chu Kong Ship.Ent.(Grp)Co.Ltd.R,CKW.F,EUR,Allemagne,71194096.0,FRA,Frankfurt,EQUITY,,Yahoo Finance / yfinance EquityQuery,2026-10-07,Détection mécanique 50-300 MEUR ; qualification SSI requise.,DETECTE,,2026-10-07,254,0.0635000020265579,0.0,-5.223879933118248,-12.41378778793283,0.0697375001199543,False,Yahoo Finance / yfinance - historique quotidien 1 an,OK,OUI,2026-10-08,2522256896.0,-0.022,0.04934,223204000.0,-2945625.0,967273984.0,999649984.0,,1121166885.0,0.71001,Yahoo Finance / yfinance get_info,OK,PRET_SSI
2026-10-07,"Casino,Guichard-Perrachon S.A.A",CAJ1.F,EUR,Allemagne,71213520.0,FRA,Frankfurt,EQUITY,,Yahoo Finance / yfinance EquityQuery,2026-10-07,Détection mécanique 50-300 MEUR ; qualification SSI requise.,DETECTE,,2026-10-07,254,0.1780000030994415,0.0,-5.066665013631189,14.029466687362202,0.2019935006648302,False,Yahoo Finance / yfinance - historique quotidien 1 an,OK,OUI,2026-10-08,8448000000.0,-0.027,0.2848,608000000.0,236250000.0,522000000.0,3481999872.0,,400075967.0,0.64169,Yahoo Finance / yfinance get_info,OK,PRET_SSI
2026-10-07,Blue Lagoon Resources Inc.    R,7BL.F,EUR,Allemagne,71527624.0,FRA,Frankfurt,EQUITY,,Yahoo Finance / yfinance EquityQuery,2026-10-07,Détection mécanique 50-300 MEUR ; qualification SSI requise.,DETECTE,,2026-10-07,254,0.3720000088214874,0.0,-4.123711894505922,-16.591928101297427,0.4633650010824203,False,Yahoo Finance / yfinance - historique quotidien 1 an,OK,OUI,2026-10-08,8531768.0,,0.19808,-3961101.0,-5325920.0,1218382.0,1561390.0,,192278554.0,0.03787,Yahoo Finance / yfinance get_info,OK,PRET_SSI
2026-10-07,First US Bancshares Inc.      R,UNE.F,EUR,Allemagne,71561216.0,FRA,Frankfurt,EQUITY,,Yahoo Finance / yfinance EquityQuery,2026-10-07,Détection mécanique 50-300 MEUR ; qualification SSI requise.,DETECTE,,2026-10-07,223,13.0,0.0,0.7751967785028402,0.7751967785028402,12.457599987983704,True,Yahoo Finance / yfinance - historique quotidien 1 an,OK,OUI,2026-10-08,39834000.0,0.299,0.0,,,65560000.0,37699000.0,,5504709.0,0.13518,Yahoo Finance / yfinance get_info,OK,PRET_SSI
2026-10-07,DelfinGroup SIA               R,ON0.F,EUR,Allemagne,71619208.0,FRA,Frankfurt,EQUITY,,Yahoo Finance / yfinance EquityQuery,2026-10-07,Détection mécanique 50-300 MEUR ; qualification SSI requise.,DETECTE,,2026-10-07,173,1.5750000476837158,0.0,8.620689371678282,16.236164244533356,,,Yahoo Finance / yfinance - historique quotidien 1 an,OK,OUI,2026-10-08,44973792.0,-0.004,0.78416,,,2057000.0,131762000.0,,45472511.0,0.74012,Yahoo Finance / yfinance get_info,OK,PRET_SSI
2026-10-07,Rand Mining Ltd.              R,014.F,EUR,Allemagne,71663712.0,FRA,Frankfurt,EQUITY,,Yahoo Finance / yfinance EquityQuery,2026-10-07,Détection mécanique 50-300 MEUR ; qualification SSI requise.,DETECTE,,2026-10-07,254,1.2599999904632568,0.0,-17.105262745120186,-11.267603623727451,1.4370999974012375,False,Yahoo Finance / yfinance - historique quotidien 1 an,OK,OUI,2026-10-08,51768740.0,0.457,0.70224,34481576.0,-707024.0,2085147.0,987144.0,,56875961.0,0.83278,Yahoo Finance / yfinance get_info,OK,PRET_SSI
2026-10-07,Rand Mining Ltd.,014.SG,EUR,Allemagne,71663712.0,STU,Stuttgart,EQUITY,,Yahoo Finance / yfinance EquityQuery,2026-10-07,Détection mécanique 50-300 MEUR ; qualification SSI requise.,DETECTE,,2026-10-07,254,1.2599999904632568,0.0,-17.105262745120186,-11.888109323092111,1.4353499984741211,False,Yahoo Finance / yfinance - historique quotidien 1 an,OK,OUI,2026-10-08,51768740.0,0.457,0.70224,34481576.0,-707024.0,2085147.0,987144.0,,56875961.0,0.83278,Yahoo Finance / yfinance get_info,OK,PRET_SSI
2026-10-07,Mitchell Services Ltd.        R,LB8.F,EUR,Allemagne,71702056.0,FRA,Frankfurt,EQUITY,,Yahoo Finance / yfinance EquityQuery,2026-10-07,Détection mécanique 50-300 MEUR ; qualification SSI requise.,DETECTE,,2026-10-07,131,0.3375000059604645,0.0,6.299216072190883,16.379315748934943,,,Yahoo Finance / yfinance - historique quotidien 1 an,OK,OUI,2026-10-08,209674096.0,0.101,0.40643,41632988.0,22600694.0,12193812.0,11423377.0,,212450530.0,0.32965,Yahoo Finance / yfinance get_info,OK,PRET_SSI
2026-10-07,Devex Resources Ltd.          R,BUU.F,EUR,Allemagne,71743376.0,FRA,Frankfurt,EQUITY,,Yahoo Finance / yfinance EquityQuery,2026-10-07,Détection mécanique 50-300 MEUR ; qualification SSI requise.,DETECTE,,2026-10-07,254,0.101000003516674,0.0,-25.18518555311508,-19.84126833951515,0.120852500423789,False,Yahoo Finance / yfinance - historique quotidien 1 an,OK,OUI,2026-10-08,49268.0,-0.143,1.0,-18671376.0,-10191810.0,27170652.0,153027.0,,710330423.0,0.27528,Yahoo Finance / yfinance get_info,OK,PRET_SSI
2026-10-07,Casta Diva Group S.p.A.       A,99C.F,EUR,Allemagne,71967832.0,FRA,Frankfurt,EQUITY,,Yahoo Finance / yfinance EquityQuery,2026-10-07,Détection mécanique 50-300 MEUR ; qualification SSI requise.,DETECTE,,2026-10-07,254,3.470000028610229,0.0,13.029319350665824,2.967363396054168,2.813124994635582,True,Yahoo Finance / yfinance - historique quotidien 1 an,OK,OUI,2026-10-08,139516432.0,0.094,0.16494,8602814.0,10672.0,18427918.0,40397828.0,,12492357.0,0.44783002,Yahoo Finance / yfinance get_info,OK,PRET_SSI
2026-10-07,GOLDLION HOLDINGS LTD.        R,GLH.F,EUR,Allemagne,72064456.0,FRA,Frankfurt,EQUITY,,Yahoo Finance / yfinance EquityQuery,2026-10-07,Détection mécanique 50-300 MEUR ; qualification SSI requise.,DETECTE,,2026-10-07,254,0.0740000009536743,0.0,-11.377242089446227,-16.853932960514094,0.0858274997770786,False,Yahoo Finance / yfinance - historique quotidien 1 an,OK,OUI,2026-10-08,1106685952.0,0.066,0.57756,62959000.0,55028876.0,1192279040.0,68929000.0,,973844035.0,0.68627,Yahoo Finance / yfinance get_info,OK,PRET_SSI
2026-10-07,Eco Animal Health Group PLC   R,LWA.F,EUR,Allemagne,72066176.0,FRA,Frankfurt,EQUITY,,Yahoo Finance / yfinance EquityQuery,2026-10-07,Détection mécanique 50-300 MEUR ; qualification SSI requise.,DETECTE,,2026-10-07,254,1.0800000429153442,0.0,11.917105934380668,0.0,1.082874999344349,False,Yahoo Finance / yfinance - historique quotidien 1 an,OK,OUI,2026-10-08,87525000.0,0.037,0.48554,7718000.0,5335375.0,25432000.0,4933000.0,,66727935.0,0.16371,Yahoo Finance / yfinance get_info,OK,PRET_SSI
2026-10-07,CN Agri-Products Exchange Ltd.R,RHGN.F,EUR,Allemagne,72107560.0,FRA,Frankfurt,EQUITY,,Yahoo Finance / yfinance EquityQuery,2026-10-07,Détection mécanique 50-300 MEUR ; qualification SSI requise.,DETECTE,,2026-10-07,254,0.006000000052154,0.0,0.0,0.0,0.0060800000606104,False,Yahoo Finance / yfinance - historique quotidien 1 an,OK,OUI,2026-10-08,370768992.0,-0.191,0.69874,120225000.0,474561504.0,446932000.0,1418028032.0,,9953067822.0,0.57093,Yahoo Finance / yfinance get_info,OK,PRET_SSI
2026-10-07,EuroAPI SAS                   A,940.F,EUR,Allemagne,72124128.0,FRA,Frankfurt,EQUITY,,Yahoo Finance / yfinance EquityQuery,2026-10-07,Détection mécanique 50-300 MEUR ; qualification SSI requise.,DETECTE,,2026-10-07,254,0.7549999952316284,17.20400059223175,-39.79266138457318,-41.92307515962583,1.406309999525547,False,Yahoo Finance / yfinance - historique quotidien 1 an,OK,OUI,2026-10-08,794600000.0,-0.14,0.15618,132100000.0,152637504.0,52000000.0,109000000.0,,95528648.0,0.34835997,Yahoo Finance / yfinance get_info,OK,PRET_SSI
2026-10-07,Asuntosalkku Oyj              R,H57.F,EUR,Allemagne,72185656.0,FRA,Frankfurt,EQUITY,,Yahoo Finance / yfinance EquityQuery,2026-10-07,Détection mécanique 50-300 MEUR ; qualification SSI requise.,DETECTE,,2026-10-07,254,74.5,0.0,-0.666666666666671,0.0,77.075,False,Yahoo Finance / yfinance - historique quotidien 1 an,OK,OUI,2026-10-08,17019000.0,0.006,0.65374,8287000.0,815500.0,4373000.0,144879008.0,,968935.0,0.63576,Yahoo Finance / yfinance get_info,OK,PRET_SSI
2026-10-07,Noodles & Co.                 R,NO30.F,EUR,Allemagne,72196592.0,FRA,Frankfurt,EQUITY,,Yahoo Finance / yfinance EquityQuery,2026-10-07,Détection mécanique 50-300 MEUR ; qualification SSI requise.,DETECTE,,2026-10-07,254,12.100000381469728,0.0,13.084117730472556,272.53696827718863,8.309089955091476,True,Yahoo Finance / yfinance - historique quotidien 1 an,OK,OUI,2026-10-08,495684992.0,0.005,0.16503,31502000.0,17950876.0,1299000.0,248016000.0,,5966660.0,0.15630001,Yahoo Finance / yfinance get_info,OK,PRET_SSI
2026-10-07,Being Holdings Co. Ltd        R,SO0.F,EUR,Allemagne,72415112.0,FRA,Frankfurt,EQUITY,,Yahoo Finance / yfinance EquityQuery,2026-10-07,Détection mécanique 50-300 MEUR ; qualification SSI requise.,DETECTE,,2026-10-07,254,2.880000114440918,0.0,5.109492861930498,-13.772449447586276,3.3999000012874605,False,Yahoo Finance / yfinance - historique quotidien 1 an,OK,OUI,2026-10-08,35197001728.0,0.106,0.10248,2867000064.0,1987624960.0,4984999936.0,6728000000.0,,24099260.0,0.69496,Yahoo Finance / yfinance get_info,OK,PRET_SSI
2026-10-07,Huddly AS                     N,14B0.F,EUR,Allemagne,72558168.0,FRA,Frankfurt,EQUITY,,Yahoo Finance / yfinance EquityQuery,2026-10-07,Détection mécanique 50-300 MEUR ; qualification SSI requise.,DETECTE,,2026-10-07,254,2.049999952316284,0.0,-21.75572359313922,-5.5299594358818815,2.20418999761343,False,Yahoo Finance / yfinance - historique quotidien 1 an,OK,OUI,2026-10-08,208136992.0,-0.112,0.46324003,-115773000.0,-50926248.0,62329000.0,88631000.0,,35394227.0,0.68067,Yahoo Finance / yfinance get_info,OK,PRET_SSI
2026-10-07,Juno International Corp.      R,2620.F,EUR,Allemagne,72607160.0,FRA,Frankfurt,EQUITY,,Yahoo Finance / yfinance EquityQuery,2026-10-07,Détection mécanique 50-300 MEUR ; qualification SSI requise.,DETECTE,,2026-10-07,181,2.684999942779541,0.0,-9.290543642681437,-18.14024493293278,,,Yahoo Finance / yfinance - historique quotidien 1 an,OK,OUI,2026-10-08,39484728.0,2.082,0.74354,19765624.0,-2817201.0,142882592.0,25135580.0,,27006360.0,0.26917,Yahoo Finance / yfinance get_info,OK,PRET_SSI
2026-10-07,ENM Holdings Ltd.             R,EMD.F,EUR,Allemagne,72628984.0,FRA,Frankfurt,EQUITY,,Yahoo Finance / yfinance EquityQuery,2026-10-07,Détection mécanique 50-300 MEUR ; qualification SSI requise.,DETECTE,,2026-10-07,254,0.0439999997615814,0.0,-13.725489050275929,31.343279598709508,0.0395225001312792,True,Yahoo Finance / yfinance - historique quotidien 1 an,OK,OUI,2026-10-08,20667000.0,0.076,1.0,-8414000.0,-6506750.0,614761024.0,143000.0,,1650658676.0,0.44284,Yahoo Finance / yfinance get_info,OK,PRET_SSI
2026-10-07,Bien Sparebank ASA,JX0.SG,EUR,Allemagne,72706536.0,STU,Stuttgart,EQUITY,,Yahoo Finance / yfinance EquityQuery,2026-10-07,Détection mécanique 50-300 MEUR ; qualification SSI requise.,DETECTE,RESOLU_CERTAIN,2026-10-07,254,12.800000190734863,0.0,5.785122208236748,-5.185183772334345,12.843499970436095,False,Yahoo Finance / yfinance - historique quotidien 1 an,OK,OUI,2026-10-08,165231008.0,-0.09,0.0,,,933630976.0,1471619968.0,,5680198.0,0.89365995,Yahoo Finance / yfinance get_info,OK,PRET_SSI
2026-10-07,Gaush Meditech Ltd.           R,F7Y.F,EUR,Allemagne,72760832.0,FRA,Frankfurt,EQUITY,,Yahoo Finance / yfinance EquityQuery,2026-10-07,Détection mécanique 50-300 MEUR ; qualification SSI requise.,DETECTE,,2026-10-07,254,0.492000013589859,0.0,-6.285707441316668,-11.35135004518676,0.5948900005221367,False,Yahoo Finance / yfinance - historique quotidien 1 an,OK,OUI,2026-10-08,1322417024.0,-0.089,0.45188,152494000.0,76973624.0,353319008.0,402568992.0,,147887869.0,0.50869,Yahoo Finance / yfinance get_info,OK,PRET_SSI
2026-10-07,BCP Investment Corp.          R,KJ7A.F,EUR,Allemagne,73063544.0,FRA,Frankfurt,EQUITY,,Yahoo Finance / yfinance EquityQuery,2026-10-07,Détection mécanique 50-300 MEUR ; qualification SSI requise.,DETECTE,,2026-10-07,254,5.900000095367432,0.0,-4.838705211722627,-10.606057869391847,7.327999994754792,False,Yahoo Finance / yfinance - historique quotidien 1 an,OK,OUI,2026-10-08,69167000.0,0.201,1.0,,27055876.0,2532000.0,280800992.0,,12383652.0,0.012159999,Yahoo Finance / yfinance get_info,OK,PRET_SSI
2026-10-07,Pieno Zvaigzdes AB            R,YOE.MU,EUR,Allemagne,73117760.0,MUN,Munich,EQUITY,,Yahoo Finance / yfinance EquityQuery,2026-10-07,Détection mécanique 50-300 MEUR ; qualification SSI requise.,DETECTE,,2026-10-07,254,1.6200000047683716,0.0,0.0,0.0,1.614625009894371,True,Yahoo Finance / yfinance - historique quotidien 1 an,OK,OUI,2026-10-08,221238000.0,0.055,0.25316998,19485000.0,6048875.0,660000.0,18372000.0,,45134419.0,0.92471004,Yahoo Finance / yfinance get_info,OK,PRET_SSI
2026-10-07,ZG Group                      R,T810.F,EUR,Allemagne,73411872.0,FRA,Frankfurt,EQUITY,,Yahoo Finance / yfinance EquityQuery,2026-10-07,Détection mécanique 50-300 MEUR ; qualification SSI requise.,DETECTE,,2026-10-07,254,0.0684999972581863,0.0,3.007513658370597,-49.632357694466165,0.1091300000064075,False,Yahoo Finance / yfinance - historique quotidien 1 an,OK,OUI,2026-10-08,2120301952.0,0.611,0.17878,-254970000.0,-454328992.0,541238976.0,826912000.0,,880760390.0,0.59746,Yahoo Finance / yfinance get_info,OK,PRET_SSI
2026-10-07,Investigator Silver Ltd.      R,VOP.F,EUR,Allemagne,73440016.0,FRA,Frankfurt,EQUITY,,Yahoo Finance / yfinance EquityQuery,2026-10-07,Détection mécanique 50-300 MEUR ; qualification SSI requise.,DETECTE,,2026-10-07,254,0.0280000008642673,0.0,9.803927011189304,-30.864195600367783,0.0436275001429021,False,Yahoo Finance / yfinance - historique quotidien 1 an,OK,OUI,2026-10-08,798029.0,-0.48,1.0,-3191428.0,-5832793.0,58759736.0,315200.0,,2622857752.0,0.08239,Yahoo Finance / yfinance get_info,OK,PRET_SSI
2026-10-07,Audioeye Inc.                 R,1L0.F,EUR,Allemagne,73532592.0,FRA,Frankfurt,EQUITY,,Yahoo Finance / yfinance EquityQuery,2026-10-07,Détection mécanique 50-300 MEUR ; qualification SSI requise.,DETECTE,,2026-10-07,206,5.849999904632568,0.0,-3.3057897487107635,13.592229054418969,6.027500004768371,False,Yahoo Finance / yfinance - historique quotidien 1 an,OK,OUI,2026-10-08,41990000.0,0.087,0.78352,-1677000.0,6214375.0,8717000.0,16738000.0,,12569674.0,0.30606002,Yahoo Finance / yfinance get_info,OK,PRET_SSI
2026-10-07,Havila Kystruten AS,6FZ0.SG,EUR,Allemagne,73614776.0,STU,Stuttgart,EQUITY,,Yahoo Finance / yfinance EquityQuery,2026-10-07,Détection mécanique 50-300 MEUR ; qualification SSI requise.,DETECTE,RESOLU_CERTAIN,2026-10-07,254,4.300000190734863,0.0,-11.157023653486783,11.688319409068692,4.170399961471557,True,Yahoo Finance / yfinance - historique quotidien 1 an,OK,OUI,2026-10-08,1879484032.0,0.151,0.84369004,756001984.0,-247321632.0,188564992.0,5178164224.0,,17119714.0,0.81802005,Yahoo Finance / yfinance get_info,OK,PRET_SSI
2026-10-07,Torque Metals Limited         R,L5B.F,EUR,Allemagne,73741568.0,FRA,Frankfurt,EQUITY,,Yahoo Finance / yfinance EquityQuery,2026-10-07,Détection mécanique 50-300 MEUR ; qualification SSI requise.,DETECTE,,2026-10-07,253,0.1180000007152557,0.0,-11.940300167204365,-58.74126041726584,0.1773000009730458,False,Yahoo Finance / yfinance - historique quotidien 1 an,OK,OUI,2026-10-08,419000.0,11.074,1.0,-3220000.0,-12372000.0,13559000.0,368000.0,,624928499.0,0.24833,Yahoo Finance / yfinance get_info,OK,PRET_SSI
2026-10-07,Yiren Digital Ltd.            R,19YA.F,EUR,Allemagne,73927752.0,FRA,Frankfurt,EQUITY,,Yahoo Finance / yfinance EquityQuery,2026-10-07,Détection mécanique 50-300 MEUR ; qualification SSI requise.,DETECTE,,2026-10-07,254,0.8450000286102295,0.0,-20.28301186559849,-45.12986691288804,1.7617999950051308,False,Yahoo Finance / yfinance - historique quotidien 1 an,OK,OUI,2026-10-08,4317712896.0,-0.461,0.81751,826726016.0,1793447552.0,1696718976.0,33252000.0,,87488461.0,0.0,Yahoo Finance / yfinance get_info,OK,PRET_SSI
2026-10-07,GAM Holding AG                N,GAD.F,EUR,Allemagne,73943992.0,FRA,Frankfurt,EQUITY,,Yahoo Finance / yfinance EquityQuery,2026-10-07,Détection mécanique 50-300 MEUR ; qualification SSI requise.,DETECTE,,2026-10-07,254,0.066500000655651,0.0,1.5267206831875324,-26.11111331869046,0.0914220004156231,False,Yahoo Finance / yfinance - historique quotidien 1 an,OK,OUI,2026-10-08,48800000.0,0.0,-0.2377,-44300000.0,-25487500.0,26500000.0,75900000.0,,1111939733.0,0.85144997,Yahoo Finance / yfinance get_info,OK,PRET_SSI
2026-10-07,ICAPE HOLDING,Z8J.SG,EUR,Allemagne,74096616.0,STU,Stuttgart,EQUITY,,Yahoo Finance / yfinance EquityQuery,2026-10-07,Détection mécanique 50-300 MEUR ; qualification SSI requise.,DETECTE,RESOLU_CERTAIN,2026-10-07,254,9.399999618530272,0.0,33.52272257762996,103.46320024622138,6.472599996328354,True,Yahoo Finance / yfinance - historique quotidien 1 an,OK,OUI,2026-10-08,212910000.0,0.111,0.32549,8893000.0,12752875.0,18341000.0,52732000.0,,7882619.0,0.55943,Yahoo Finance / yfinance get_info,OK,PRET_SSI
2026-10-07,Componenta Corp.              R,1CA0.F,EUR,Allemagne,74116992.0,FRA,Frankfurt,EQUITY,,Yahoo Finance / yfinance EquityQuery,2026-10-07,Détection mécanique 50-300 MEUR ; qualification SSI requise.,DETECTE,,2026-10-07,254,7.519999980926514,0.0,30.5555500366072,76.52581166410786,5.393600027561188,True,Yahoo Finance / yfinance - historique quotidien 1 an,OK,OUI,2026-10-08,126320000.0,0.204,0.100360006,12316000.0,2135750.0,14835000.0,15425000.0,,9855983.0,0.35893002,Yahoo Finance / yfinance get_info,OK,PRET_SSI
2026-10-07,Pioneer Credit Ltd.           R,0PI.F,EUR,Allemagne,74209160.0,FRA,Frankfurt,EQUITY,,Yahoo Finance / yfinance EquityQuery,2026-10-07,Détection mécanique 50-300 MEUR ; qualification SSI requise.,DETECTE,,2026-10-07,182,0.3865000009536743,0.0,-4.66206379828753,12.813781234592136,,,Yahoo Finance / yfinance - historique quotidien 1 an,OK,OUI,2026-10-08,67645000.0,0.204,0.87664,,,7871000.0,328700000.0,,192002993.0,0.28819,Yahoo Finance / yfinance get_info,OK,PRET_SSI
2026-10-07,Vistin Pharma ASA             N,VP4.F,EUR,Allemagne,74277192.0,FRA,Frankfurt,EQUITY,,Yahoo Finance / yfinance EquityQuery,2026-10-07,Détection mécanique 50-300 MEUR ; qualification SSI requise.,DETECTE,,2026-10-07,254,1.6749999523162842,0.0,-7.202216011597839,-14.540820422643153,1.844124994277954,False,Yahoo Finance / yfinance - historique quotidien 1 an,OK,OUI,2026-10-08,432000992.0,-0.148,0.67609,102842000.0,43230000.0,7895000.0,16324000.0,,44344592.0,0.6116,Yahoo Finance / yfinance get_info,OK,PRET_SSI
2026-10-07,Triad Group PLC,TD8.SG,EUR,Allemagne,74326696.0,STU,Stuttgart,EQUITY,,Yahoo Finance / yfinance EquityQuery,2026-10-07,Détection mécanique 50-300 MEUR ; qualification SSI requise.,DETECTE,,2026-10-07,254,4.260000228881836,0.0,5.970155450100467,35.66879256559263,3.580900003910065,True,Yahoo Finance / yfinance - historique quotidien 1 an,OK,OUI,2026-10-08,24785000.0,0.139,0.27109,1957000.0,1384750.0,4175000.0,350000.0,,17447579.0,0.78129995,Yahoo Finance / yfinance get_info,OK,PRET_SSI
2026-10-07,Byrna Technologies Inc.       R,SEF0.F,EUR,Allemagne,74427120.0,FRA,Frankfurt,EQUITY,,Yahoo Finance / yfinance EquityQuery,2026-10-07,Détection mécanique 50-300 MEUR ; qualification SSI requise.,DETECTE,,2026-10-07,234,3.180000066757202,0.0,7.432433303208819,-38.252427031648,6.4680000281333925,False,Yahoo Finance / yfinance - historique quotidien 1 an,OK,OUI,2026-10-08,108861000.0,-0.425,0.52513003,-2624000.0,-4490750.0,10438000.0,2047000.0,,23404754.0,0.23381001,Yahoo Finance / yfinance get_info,OK,PRET_SSI
2026-10-07,Vranken Pommery Monopole SA,9VP.SG,EUR,Allemagne,74472840.0,STU,Stuttgart,EQUITY,,Yahoo Finance / yfinance EquityQuery,2026-10-07,Détection mécanique 50-300 MEUR ; qualification SSI requise.,DETECTE,,2026-10-07,254,8.380000114440918,0.0,-19.42307286713941,-18.640777094558103,10.266199946403503,False,Yahoo Finance / yfinance - historique quotidien 1 an,OK,OUI,2026-10-08,280064000.0,-0.12,0.26685,25246000.0,-12117500.0,4987000.0,723822016.0,,8886974.0,0.71028,Yahoo Finance / yfinance get_info,OK,PRET_SSI
2026-10-07,Powerlong Real Est.Hldgs Ltd. R,PW5.F,EUR,Allemagne,74527248.0,FRA,Frankfurt,EQUITY,,Yahoo Finance / yfinance EquityQuery,2026-10-07,Détection mécanique 50-300 MEUR ; qualification SSI requise.,DETECTE,,2026-10-07,254,0.0179999992251396,0.0,-18.18182126057051,-32.0754738200301,0.0233749999571591,False,Yahoo Finance / yfinance - historique quotidien 1 an,OK,OUI,2026-10-08,17569861632.0,-0.382,-0.00986,1364232960.0,4280856576.0,5641606144.0,50183393280.0,,4140403000.0,0.71602994,Yahoo Finance / yfinance get_info,OK,PRET_SSI
2026-10-07,RAPALA VMC OYJ                R,RAP.F,EUR,Allemagne,74565984.0,FRA,Frankfurt,EQUITY,,Yahoo Finance / yfinance EquityQuery,2026-10-07,Détection mécanique 50-300 MEUR ; qualification SSI requise.,DETECTE,,2026-10-07,254,1.7000000476837158,0.0,52.466370685505794,91.01124438293184,1.1744900059700012,True,Yahoo Finance / yfinance - historique quotidien 1 an,OK,OUI,2026-10-08,237000000.0,0.074,0.55737996,17800000.0,11200000.0,28500000.0,89300000.0,,38129841.0,0.54548,Yahoo Finance / yfinance get_info,OK,PRET_SSI
2026-10-07,ICAPE HOLDING                 A,Z8J.F,EUR,Allemagne,74569576.0,FRA,Frankfurt,EQUITY,,Yahoo Finance / yfinance EquityQuery,2026-10-07,Détection mécanique 50-300 MEUR ; qualification SSI requise.,DETECTE,,2026-10-07,254,9.460000038146973,0.0,38.304091039644405,96.67359980633074,6.331450001001358,True,Yahoo Finance / yfinance - historique quotidien 1 an,OK,OUI,2026-10-08,212910000.0,0.111,0.32549,8893000.0,12752875.0,18341000.0,52732000.0,,7882619.0,0.55943,Yahoo Finance / yfinance get_info,OK,PRET_SSI
2026-10-07,Caravel Minerals Ltd.         R,STC.F,EUR,Allemagne,74874184.0,FRA,Frankfurt,EQUITY,,Yahoo Finance / yfinance EquityQuery,2026-10-07,Détection mécanique 50-300 MEUR ; qualification SSI requise.,DETECTE,,2026-10-07,254,0.1340000033378601,0.0,3.076929425347008,-21.176469453890856,0.1733100003004074,False,Yahoo Finance / yfinance - historique quotidien 1 an,OK,OUI,2026-10-08,1293834.0,0.894,1.0,-19145168.0,-9389419.0,21973400.0,31286634.0,,558762558.0,0.25208,Yahoo Finance / yfinance get_info,OK,PRET_SSI
2026-10-07,Globex Mining Enterprises Inc.R,G1MN.F,EUR,Allemagne,74878648.0,FRA,Frankfurt,EQUITY,,Yahoo Finance / yfinance EquityQuery,2026-10-07,Détection mécanique 50-300 MEUR ; qualification SSI requise.,DETECTE,,2026-10-07,254,1.315000057220459,0.0,14.84716848260419,-12.913902945322098,1.3529749971628189,False,Yahoo Finance / yfinance - historique quotidien 1 an,OK,OUI,2026-10-08,2720199.0,13.68,1.0,-2211524.0,-1851443.0,38145544.0,0.0,,56941936.0,0.14439,Yahoo Finance / yfinance get_info,OK,PRET_SSI
2026-10-07,GOME Retail Holdings Ltd.     R,CKS2.F,EUR,Allemagne,74921832.0,FRA,Frankfurt,EQUITY,,Yahoo Finance / yfinance EquityQuery,2026-10-07,Détection mécanique 50-300 MEUR ; qualification SSI requise.,DETECTE,,2026-10-07,254,0.0010000000474974,0.0,0.0,0.0,0.0010050000477349,False,Yahoo Finance / yfinance - historique quotidien 1 an,OK,OUI,2026-10-08,417024992.0,-0.408,0.06039,-956848512.0,,241614000.0,22598148096.0,,74921828905.0,0.44107,Yahoo Finance / yfinance get_info,OK,PRET_SSI
2026-10-07,GOME Retail Holdings Ltd.,CKS2.SG,EUR,Allemagne,74921832.0,STU,Stuttgart,EQUITY,,Yahoo Finance / yfinance EquityQuery,2026-10-07,Détection mécanique 50-300 MEUR ; qualification SSI requise.,DETECTE,,2026-10-07,254,0.0010000000474974,0.0,0.0,0.0,0.0010000000472064,True,Yahoo Finance / yfinance - historique quotidien 1 an,OK,OUI,2026-10-08,417024992.0,-0.408,0.06039,-956848512.0,,241614000.0,22598148096.0,,74921828905.0,0.44107,Yahoo Finance / yfinance get_info,OK,PRET_SSI
2026-10-07,MediaCo Holding Inc.          R,3WX.F,EUR,Allemagne,75197768.0,FRA,Frankfurt,EQUITY,,Yahoo Finance / yfinance EquityQuery,2026-10-07,Détection mécanique 50-300 MEUR ; qualification SSI requise.,DETECTE,,2026-10-07,254,0.8949999809265137,0.0,5.294112449698951,34.58645895449513,0.7126500010490417,True,Yahoo Finance / yfinance - historique quotidien 1 an,OK,OUI,2026-10-08,139416000.0,0.087,-0.07511,-18334000.0,6061375.0,1807000.0,111803000.0,,78606661.0,0.00405,Yahoo Finance / yfinance get_info,OK,PRET_SSI
2026-10-07,HusCompagniet A/S             N,HCE.F,EUR,Allemagne,75222224.0,FRA,Frankfurt,EQUITY,,Yahoo Finance / yfinance EquityQuery,2026-10-07,Détection mécanique 50-300 MEUR ; qualification SSI requise.,DETECTE,,2026-10-07,254,3.509999990463257,0.0,-18.75000344934273,-13.759217630930165,4.378649982213974,False,Yahoo Finance / yfinance - historique quotidien 1 an,OK,OUI,2026-10-08,3227027968.0,0.155,0.14949,19011000.0,44792124.0,278256000.0,561129024.0,,21430833.0,0.0,Yahoo Finance / yfinance get_info,OK,PRET_SSI
2026-10-07,Marygold Companies Inc.       R,TF8.F,EUR,Allemagne,75245128.0,FRA,Frankfurt,EQUITY,,Yahoo Finance / yfinance EquityQuery,2026-10-07,Détection mécanique 50-300 MEUR ; qualification SSI requise.,DETECTE,,2026-10-07,254,1.7400000095367432,0.0,90.1639310089607,92.26520050212798,0.8959749999642372,True,Yahoo Finance / yfinance - historique quotidien 1 an,OK,OUI,2026-10-08,25313000.0,0.257,0.92636,-2099000.0,-2661250.0,10728000.0,468000.0,,42978290.0,0.75328004,Yahoo Finance / yfinance get_info,OK,PRET_SSI
2026-10-07,CareCloud Inc.                R,MTB0.F,EUR,Allemagne,75299120.0,FRA,Frankfurt,EQUITY,,Yahoo Finance / yfinance EquityQuery,2026-10-07,Détection mécanique 50-300 MEUR ; qualification SSI requise.,DETECTE,,2026-10-07,254,1.7719999551773071,0.0,-8.091287358942889,-21.31439246724365,2.1142850035429,False,Yahoo Finance / yfinance - historique quotidien 1 an,OK,OUI,2026-10-08,128640000.0,0.164,0.46502998,15121000.0,22634500.0,13395000.0,54014000.0,,42493859.0,0.1525,Yahoo Finance / yfinance get_info,OK,PRET_SSI
2026-10-07,Athos Immobilien AG,IJM.SG,EUR,Allemagne,75356912.0,STU,Stuttgart,EQUITY,,Yahoo Finance / yfinance EquityQuery,2026-10-07,Détection mécanique 50-300 MEUR ; qualification SSI requise.,DETECTE,,2026-10-07,254,43.20000076293945,0.0,2.857144673665357,8.000001907348642,40.92799995422363,True,Yahoo Finance / yfinance - historique quotidien 1 an,OK,OUI,2026-10-08,9005641.0,0.061,0.73623,4711581.0,,52923.0,60963768.0,,1744373.0,0.0,Yahoo Finance / yfinance get_info,OK,PRET_SSI
2026-10-07,Qingda Oriental Group Co. Ltd.R,S1Q.F,EUR,Allemagne,75383536.0,FRA,Frankfurt,EQUITY,,Yahoo Finance / yfinance EquityQuery,2026-10-07,Détection mécanique 50-300 MEUR ; qualification SSI requise.,DETECTE,,2026-10-07,222,0.356000006198883,0.0,-61.72042973538549,-69.04347708004406,0.8678950041532516,False,Yahoo Finance / yfinance - historique quotidien 1 an,OK,OUI,2026-10-08,161668992.0,1.05,0.44524,20975000.0,53259752.0,85127000.0,89215000.0,,79881500.0,0.41210997,Yahoo Finance / yfinance get_info,OK,PRET_SSI
2026-10-07,SINGAPORE SHIPPING CORP. LTD. R,W1M.F,EUR,Allemagne,75499112.0,FRA,Frankfurt,EQUITY,,Yahoo Finance / yfinance EquityQuery,2026-10-07,Détection mécanique 50-300 MEUR ; qualification SSI requise.,DETECTE,,2026-10-07,254,0.1860000044107437,0.0,-3.62694256513525,-3.62694256513525,0.1914899999648332,False,Yahoo Finance / yfinance - historique quotidien 1 an,OK,OUI,2026-10-08,50593000.0,0.083,0.44182,18708000.0,16034000.0,99237000.0,19079000.0,,405909187.0,0.5844,Yahoo Finance / yfinance get_info,OK,PRET_SSI
2026-10-07,Cardiff Oncology Inc.         R,XE7C.F,EUR,Allemagne,75578080.0,FRA,Frankfurt,EQUITY,,Yahoo Finance / yfinance EquityQuery,2026-10-07,Détection mécanique 50-300 MEUR ; qualification SSI requise.,DETECTE,,2026-10-07,254,0.9714999794960022,0.0,-10.129509152152847,-23.56412601443961,1.3004225024580955,False,Yahoo Finance / yfinance - historique quotidien 1 an,OK,OUI,2026-10-08,508000.0,-0.141,0.0,-41915000.0,-24304250.0,34520000.0,457000.0,,77795249.0,0.06204,Yahoo Finance / yfinance get_info,OK,PRET_SSI
2026-10-07,SPEEDY HIRE PLC               R,5HN.F,EUR,Allemagne,75610416.0,FRA,Frankfurt,EQUITY,,Yahoo Finance / yfinance EquityQuery,2026-10-07,Détection mécanique 50-300 MEUR ; qualification SSI requise.,DETECTE,,2026-10-07,254,0.164000004529953,0.0,-29.31034084094962,-30.508473078021726,0.2305300004780292,False,Yahoo Finance / yfinance - historique quotidien 1 an,OK,OUI,2026-10-08,416100000.0,-0.01,0.55395,50000000.0,84037504.0,14400000.0,287800000.0,,461039106.0,0.018509999,Yahoo Finance / yfinance get_info,OK,PRET_SSI
2026-10-07,HF Foods Group Inc.           R,3GX.F,EUR,Allemagne,75619832.0,FRA,Frankfurt,EQUITY,,Yahoo Finance / yfinance EquityQuery,2026-10-07,Détection mécanique 50-300 MEUR ; qualification SSI requise.,DETECTE,,2026-10-07,254,1.3600000143051147,0.0,-6.206898649580772,-24.02234395037484,1.5395499974489213,False,Yahoo Finance / yfinance - historique quotidien 1 an,OK,OUI,2026-10-08,1250784000.0,0.028,0.16554001,33739000.0,-7757875.0,18104000.0,234064992.0,,55602816.0,0.25901,Yahoo Finance / yfinance get_info,OK,PRET_SSI
2026-10-07,F-TECH INC.                   R,EQ4.F,EUR,Allemagne,75778512.0,FRA,Frankfurt,EQUITY,,Yahoo Finance / yfinance EquityQuery,2026-10-07,Détection mécanique 50-300 MEUR ; qualification SSI requise.,DETECTE,,2026-10-07,207,4.079999923706055,0.0,12.087906761570366,-1.4492740269210325,3.936652489900589,True,Yahoo Finance / yfinance - historique quotidien 1 an,OK,OUI,2026-10-08,298903011328.0,0.101,0.09244,20578250752.0,,18809999360.0,62294999040.0,,18573166.0,0.30809,Yahoo Finance / yfinance get_info,OK,PRET_SSI
2026-10-07,Haugesund Sparebank           N,Y7I.F,EUR,Allemagne,75968920.0,FRA,Frankfurt,EQUITY,,Yahoo Finance / yfinance EquityQuery,2026-10-07,Détection mécanique 50-300 MEUR ; qualification SSI requise.,DETECTE,,2026-10-07,254,14.5,0.0,3.571428571428581,-10.49383137578934,14.352880029678344,True,Yahoo Finance / yfinance - historique quotidien 1 an,OK,OUI,2026-10-08,499673984.0,0.313,0.0,,,2212633088.0,5413276160.0,,5239236.0,0.6368,Yahoo Finance / yfinance get_info,OK,PRET_SSI
2026-10-07,Techno Horizon Co. Ltd.       R,X5X.F,EUR,Allemagne,76010264.0,FRA,Frankfurt,EQUITY,,Yahoo Finance / yfinance EquityQuery,2026-10-07,Détection mécanique 50-300 MEUR ; qualification SSI requise.,DETECTE,,2026-10-07,149,5.639999866485596,0.0,8.880309911023843,16.168894836830837,,,Yahoo Finance / yfinance - historique quotidien 1 an,OK,OUI,2026-10-08,54244999168.0,0.274,0.22837,4074249984.0,,5808000000.0,14332999680.0,,13476998.0,0.120299995,Yahoo Finance / yfinance get_info,OK,PRET_SSI
2026-10-07,Geodrill Ltd.                 R,7GD.F,EUR,Allemagne,76020992.0,FRA,Frankfurt,EQUITY,,Yahoo Finance / yfinance EquityQuery,2026-10-07,Détection mécanique 50-300 MEUR ; qualification SSI requise.,DETECTE,,2026-10-07,254,1.600000023841858,0.0,-3.0303001841675226,-17.098442107489355,1.8586000007390977,False,Yahoo Finance / yfinance - historique quotidien 1 an,OK,OUI,2026-10-08,189384976.0,0.095,0.12629,18397348.0,5148112.0,10836264.0,12803624.0,,47513120.0,0.41771,Yahoo Finance / yfinance get_info,OK,PRET_SSI
2026-10-07,Maronan Metals Ltd.           R,F7K.F,EUR,Allemagne,76053224.0,FRA,Frankfurt,EQUITY,,Yahoo Finance / yfinance EquityQuery,2026-10-07,Détection mécanique 50-300 MEUR ; qualification SSI requise.,DETECTE,,2026-10-07,201,0.2419999986886978,0.0,4.310347263864123,30.10752309139162,0.2488320007920265,False,Yahoo Finance / yfinance - historique quotidien 1 an,OK,OUI,2026-10-08,25000.0,,1.0,-9636303.0,-4076690.0,33405478.0,160559.0,,314269541.0,0.42668998,Yahoo Finance / yfinance get_info,OK,PRET_SSI
2026-10-07,Crypto Flow Technology Ltd.   R,3IYA.F,EUR,Allemagne,76070240.0,FRA,Frankfurt,EQUITY,,Yahoo Finance / yfinance EquityQuery,2026-10-07,Détection mécanique 50-300 MEUR ; qualification SSI requise.,DETECTE,,2026-10-07,253,0.0970000028610229,0.0,-30.21582456165929,-39.75155043807101,0.162787499949336,False,Yahoo Finance / yfinance - historique quotidien 1 an,OK,OUI,2026-10-08,42564000.0,-0.18,0.11768,-56540000.0,-59678752.0,16875000.0,7856000.0,,784229253.0,0.43243998,Yahoo Finance / yfinance get_info,OK,PRET_SSI
2026-10-07,Shepherd Neame Ltd.           R,43Y.F,EUR,Allemagne,76201688.0,FRA,Frankfurt,EQUITY,,Yahoo Finance / yfinance EquityQuery,2026-10-07,Détection mécanique 50-300 MEUR ; qualification SSI requise.,DETECTE,,2026-10-07,254,5.199999809265137,0.0,-4.587156123840474,0.0,5.408699996471405,False,Yahoo Finance / yfinance - historique quotidien 1 an,OK,OUI,2026-10-08,162579008.0,-0.017,0.083100006,25476000.0,4598125.0,2682000.0,135120992.0,,14654172.0,0.50175,Yahoo Finance / yfinance get_info,OK,PRET_SSI
2026-10-07,"FLANIGANS ENTER. DL-,1",0DY.F,EUR,Allemagne,76204528.0,FRA,Frankfurt,EQUITY,,Yahoo Finance / yfinance EquityQuery,2026-10-07,Détection mécanique 50-300 MEUR ; qualification SSI requise.,DETECTE,,2026-10-07,254,41.0,0.0,12.021862593764943,68.0327895122714,31.11200006484985,True,Yahoo Finance / yfinance - historique quotidien 1 an,OK,OUI,2026-10-08,216063008.0,0.083,0.23583001,16780000.0,2678625.0,28843000.0,57728000.0,,1858647.0,0.79147005,Yahoo Finance / yfinance get_info,OK,PRET_SSI
2026-10-07,Townsquare Media Inc.         R,2T8.F,EUR,Allemagne,76208256.0,FRA,Frankfurt,EQUITY,,Yahoo Finance / yfinance EquityQuery,2026-10-07,Détection mécanique 50-300 MEUR ; qualification SSI requise.,DETECTE,,2026-10-07,254,4.179999828338623,0.0,-21.86916069439257,-22.592597138570905,5.158250004053116,False,Yahoo Finance / yfinance - historique quotidien 1 an,OK,OUI,2026-10-08,425391008.0,-0.001,0.21603,71891000.0,29083624.0,1170000.0,488188992.0,,16916343.0,0.105059996,Yahoo Finance / yfinance get_info,OK,PRET_SSI
2026-10-07,Tian Ge Interactive Hldgs Ltd.R,04T.F,EUR,Allemagne,76296760.0,FRA,Frankfurt,EQUITY,,Yahoo Finance / yfinance EquityQuery,2026-10-07,Détection mécanique 50-300 MEUR ; qualification SSI requise.,DETECTE,,2026-10-07,254,0.0689999982714653,0.0,11.290321611526966,-9.210525670829217,0.0715350001305341,False,Yahoo Finance / yfinance - historique quotidien 1 an,OK,OUI,2026-10-08,53636000.0,0.933,0.44401002,7440000.0,23727750.0,882651008.0,182616000.0,,1105750162.0,0.79997003,Yahoo Finance / yfinance get_info,OK,PRET_SSI
2026-10-07,LGL Group Inc.                R,51L.F,EUR,Allemagne,76309552.0,FRA,Frankfurt,EQUITY,,Yahoo Finance / yfinance EquityQuery,2026-10-07,Détection mécanique 50-300 MEUR ; qualification SSI requise.,DETECTE,,2026-10-07,254,6.050000190734863,0.0,1.6806787340397866,3.418808365174786,5.894617714881897,True,Yahoo Finance / yfinance - historique quotidien 1 an,OK,OUI,2026-10-08,4565000.0,0.248,0.6885,-972000.0,117375.0,45156000.0,0.0,,12613149.0,0.46643,Yahoo Finance / yfinance get_info,OK,PRET_SSI
2026-10-07,Questerre Energy Corp.        R,QE1.F,EUR,Allemagne,76335840.0,FRA,Frankfurt,EQUITY,,Yahoo Finance / yfinance EquityQuery,2026-10-07,Détection mécanique 50-300 MEUR ; qualification SSI requise.,DETECTE,,2026-10-07,254,0.1685999929904937,0.0,26.957828030049622,7.80051041242491,0.1587230002880096,True,Yahoo Finance / yfinance - historique quotidien 1 an,OK,OUI,2026-10-08,139666000.0,3.179,0.40245998,36347000.0,88279504.0,59464000.0,113256000.0,,452763000.0,0.05567,Yahoo Finance / yfinance get_info,OK,PRET_SSI
2026-10-07,James Cropper PLC             R,6JC.F,EUR,Allemagne,76438424.0,FRA,Frankfurt,EQUITY,,Yahoo Finance / yfinance EquityQuery,2026-10-07,Détection mécanique 50-300 MEUR ; qualification SSI requise.,DETECTE,,2026-10-07,254,8.0,0.0,85.18517782658736,116.21621342973177,4.314599996805191,True,Yahoo Finance / yfinance - historique quotidien 1 an,OK,OUI,2026-10-08,102932000.0,0.035,0.56158,8225000.0,6625375.0,13059000.0,21111000.0,,9554803.0,0.2392,Yahoo Finance / yfinance get_info,OK,PRET_SSI
2026-10-07,PhenixFIN Corp.               R,Q29.F,EUR,Allemagne,76478408.0,FRA,Frankfurt,EQUITY,,Yahoo Finance / yfinance EquityQuery,2026-10-07,Détection mécanique 50-300 MEUR ; qualification SSI requise.,DETECTE,,2026-10-07,254,39.59999847412109,0.0,8.19672165320231,15.11626952786691,36.78800018310547,True,Yahoo Finance / yfinance - historique quotidien 1 an,OK,OUI,2026-10-08,25179408.0,0.048,1.0,,3376795.0,2178083.0,149173392.0,,1931273.0,0.28045,Yahoo Finance / yfinance get_info,OK,PRET_SSI
2026-10-07,PesoRama Inc.                 R,ZE6.F,EUR,Allemagne,76482800.0,FRA,Frankfurt,EQUITY,,Yahoo Finance / yfinance EquityQuery,2026-10-07,Détection mécanique 50-300 MEUR ; qualification SSI requise.,DETECTE,,2026-10-07,254,0.3600000143051147,0.0,17.6470656983444,60.7142871397794,0.2874550004303455,True,Yahoo Finance / yfinance - historique quotidien 1 an,OK,OUI,2026-10-08,32273298.0,0.589,0.33213,-7340797.0,-8554300.0,3957610.0,34194140.0,,212452231.0,0.07751,Yahoo Finance / yfinance get_info,OK,PRET_SSI
2026-10-07,GUERBET S.A.                  A,4G8.F,EUR,Allemagne,76529000.0,FRA,Frankfurt,EQUITY,,Yahoo Finance / yfinance EquityQuery,2026-10-07,Détection mécanique 50-300 MEUR ; qualification SSI requise.,DETECTE,,2026-10-07,254,6.099999904632568,0.0,-26.32850119134428,-32.22222328186035,9.840399990081789,False,Yahoo Finance / yfinance - historique quotidien 1 an,OK,OUI,2026-10-08,798668992.0,-0.052,0.72196996,45975000.0,74221248.0,115524000.0,441220992.0,,12545738.0,0.63214,Yahoo Finance / yfinance get_info,OK,PRET_SSI
2026-10-07,PLC S.p.A.                    A,O29.F,EUR,Allemagne,76583704.0,FRA,Frankfurt,EQUITY,,Yahoo Finance / yfinance EquityQuery,2026-10-07,Détection mécanique 50-300 MEUR ; qualification SSI requise.,DETECTE,,2026-10-07,254,2.950000047683716,0.0,-2.640261533380839,13.026826293240434,2.717950008511543,True,Yahoo Finance / yfinance - historique quotidien 1 an,OK,OUI,2026-10-08,115596000.0,0.912,0.39558,20850000.0,12049375.0,27122000.0,2880000.0,,25960575.0,0.73525,Yahoo Finance / yfinance get_info,OK,PRET_SSI
2026-10-07,Eurotech S.p.A.               A,E5T.F,EUR,Allemagne,76742008.0,FRA,Frankfurt,EQUITY,,Yahoo Finance / yfinance EquityQuery,2026-10-07,Détection mécanique 50-300 MEUR ; qualification SSI requise.,DETECTE,,2026-10-07,254,1.2899999618530271,0.0,8.221470452548264,39.30885131550541,1.0848374009132384,True,Yahoo Finance / yfinance - historique quotidien 1 an,OK,OUI,2026-10-08,59505000.0,0.099,0.48736998,-4787000.0,2089125.0,10958000.0,18221000.0,,59489927.0,0.38459998,Yahoo Finance / yfinance get_info,OK,PRET_SSI
2026-10-07,New Fortress Energy Inc.      R,NF00.F,EUR,Allemagne,76874808.0,FRA,Frankfurt,EQUITY,,Yahoo Finance / yfinance EquityQuery,2026-10-07,Détection mécanique 50-300 MEUR ; qualification SSI requise.,DETECTE,,2026-10-07,254,4.710000038146973,0.0,-68.91089005450485,-82.87272713401101,29.1364749789238,False,Yahoo Finance / yfinance - historique quotidien 1 an,OK,OUI,2026-10-08,1266651008.0,0.027,0.22026,-55552000.0,2014625.0,161191008.0,9113667584.0,,16321615.0,0.41289002,Yahoo Finance / yfinance get_info,OK,PRET_SSI
2026-10-07,Lee s Pharmaceutical Hldgs LtdR,L1PA.F,EUR,Allemagne,77180184.0,FRA,Frankfurt,EQUITY,,Yahoo Finance / yfinance EquityQuery,2026-10-07,Détection mécanique 50-300 MEUR ; qualification SSI requise.,DETECTE,,2026-10-07,254,0.123999997973442,0.0,15.88784773408698,4.20167656842545,0.1283350002020597,False,Yahoo Finance / yfinance - historique quotidien 1 an,OK,OUI,2026-10-08,1537725056.0,0.146,0.53128,240912992.0,-11082500.0,364388992.0,249840000.0,,588835343.0,0.49300998,Yahoo Finance / yfinance get_info,OK,PRET_SSI
2026-10-07,Dynasty Digital Holdings Ltd. R,TJI.F,EUR,Allemagne,77551224.0,FRA,Frankfurt,EQUITY,,Yahoo Finance / yfinance EquityQuery,2026-10-07,Détection mécanique 50-300 MEUR ; qualification SSI requise.,DETECTE,,2026-10-07,254,0.0465000011026859,0.0,-49.18032620026411,-56.94444454025952,0.0955479996278882,False,Yahoo Finance / yfinance - historique quotidien 1 an,OK,OUI,2026-10-08,654254016.0,-0.624,0.22367,-70384000.0,566490880.0,351759008.0,943524992.0,,1773062926.0,0.28422,Yahoo Finance / yfinance get_info,OK,PRET_SSI
2026-10-07,Cheuk Nang Holdings Ltd.      R,CQH3.F,EUR,Allemagne,77668544.0,FRA,Frankfurt,EQUITY,,Yahoo Finance / yfinance EquityQuery,2026-10-07,Détection mécanique 50-300 MEUR ; qualification SSI requise.,DETECTE,,2026-10-07,254,0.1190000027418136,0.0,0.0,7.207208295677692,0.1148149998113512,True,Yahoo Finance / yfinance - historique quotidien 1 an,OK,OUI,2026-10-08,442092992.0,0.868,-0.02164,-53279000.0,,553617024.0,1186080000.0,,652676781.0,0.71666,Yahoo Finance / yfinance get_info,OK,PRET_SSI
2026-10-07,DEL MONTE PACIFIC LTD.        R,X0T.F,EUR,Allemagne,77758400.0,FRA,Frankfurt,EQUITY,,Yahoo Finance / yfinance EquityQuery,2026-10-07,Détection mécanique 50-300 MEUR ; qualification SSI requise.,DETECTE,,2026-10-07,254,0.0399999991059303,0.0,-18.36734662846394,-29.203540173102702,0.0525675002112984,False,Yahoo Finance / yfinance - historique quotidien 1 an,OK,OUI,2026-10-08,914467008.0,0.09,0.33491,336167008.0,105831128.0,3996000.0,1031004992.0,,1943960024.0,0.79303,Yahoo Finance / yfinance get_info,OK,PRET_SSI
2026-10-07,Orthex Oyj                    R,4QU.F,EUR,Allemagne,77783784.0,FRA,Frankfurt,EQUITY,,Yahoo Finance / yfinance EquityQuery,2026-10-07,Détection mécanique 50-300 MEUR ; qualification SSI requise.,DETECTE,,2026-10-07,254,4.380000114440918,0.0,5.035972045679404,-7.594929832503395,4.488899972438812,False,Yahoo Finance / yfinance - historique quotidien 1 an,OK,OUI,2026-10-08,88860000.0,0.052,0.28134,12375000.0,8652375.0,10303000.0,22246000.0,,17758854.0,0.28554,Yahoo Finance / yfinance get_info,OK,PRET_SSI
2026-10-07,Trace group Hold AD - Sofia   R,T57.F,EUR,Allemagne,77924000.0,FRA,Frankfurt,EQUITY,,Yahoo Finance / yfinance EquityQuery,2026-10-07,Détection mécanique 50-300 MEUR ; qualification SSI requise.,DETECTE,,2026-10-07,195,3.220000028610229,0.0,1.898732314868545,-6.395349562522712,,,Yahoo Finance / yfinance - historique quotidien 1 an,OK,OUI,2026-10-08,192155504.0,-0.238,0.1966,10880523.0,31388648.0,11473000.0,40670000.0,,24200000.0,0.81209,Yahoo Finance / yfinance get_info,OK,PRET_SSI
2026-10-07,Topps Tiles PLC               R,929.F,EUR,Allemagne,77928976.0,FRA,Frankfurt,EQUITY,,Yahoo Finance / yfinance EquityQuery,2026-10-07,Détection mécanique 50-300 MEUR ; qualification SSI requise.,DETECTE,,2026-10-07,254,0.3980000019073486,0.0,3.1088068100003863,1.015230499787978,0.4150849987566471,False,Yahoo Finance / yfinance - historique quotidien 1 an,OK,OUI,2026-10-08,295454016.0,-0.002,0.527,19138000.0,16300905.0,15928000.0,118083000.0,,195801455.0,0.32317,Yahoo Finance / yfinance get_info,OK,PRET_SSI
2026-10-07,China Harmony Auto Holding LtdR,HA5.F,EUR,Allemagne,78098424.0,FRA,Frankfurt,EQUITY,,Yahoo Finance / yfinance EquityQuery,2026-10-07,Détection mécanique 50-300 MEUR ; qualification SSI requise.,DETECTE,,2026-10-07,254,0.0522999987006187,0.0,-34.70661827354886,-55.06873096389515,0.0869315001741051,False,Yahoo Finance / yfinance - historique quotidien 1 an,OK,OUI,2026-10-08,22539579392.0,0.261,0.073359996,161480000.0,-1387199232.0,1913907968.0,7017421824.0,,1493277677.0,0.55008,Yahoo Finance / yfinance get_info,OK,PRET_SSI
2026-10-07,Sourcenext Corp.              R,6WU.F,EUR,Allemagne,78147960.0,FRA,Frankfurt,EQUITY,,Yahoo Finance / yfinance EquityQuery,2026-10-07,Détection mécanique 50-300 MEUR ; qualification SSI requise.,DETECTE,,2026-10-07,208,0.5649999976158142,0.0,0.0,-13.076920255401326,0.6497514998912811,False,Yahoo Finance / yfinance - historique quotidien 1 an,OK,OUI,2026-10-08,12365330432.0,,0.51736,-238666608.0,,4570999808.0,4384000000.0,,138314976.0,0.40574002,Yahoo Finance / yfinance get_info,OK,PRET_SSI
2026-10-07,OFX Group Ltd.                R,OFZ.F,EUR,Allemagne,78205048.0,FRA,Frankfurt,EQUITY,,Yahoo Finance / yfinance EquityQuery,2026-10-07,Détection mécanique 50-300 MEUR ; qualification SSI requise.,DETECTE,,2026-10-07,254,0.335999995470047,0.0,9.09090821126557,11.999994039535755,0.3536400000751019,False,Yahoo Finance / yfinance - historique quotidien 1 an,OK,OUI,2026-10-08,213007008.0,-0.112,0.92305,386000.0,25718250.0,109277000.0,35014000.0,,232753119.0,0.23774,Yahoo Finance / yfinance get_info,OK,PRET_SSI
2026-10-07,Saga Pure ASA                 N,SAT.F,EUR,Allemagne,78376816.0,FRA,Frankfurt,EQUITY,,Yahoo Finance / yfinance EquityQuery,2026-10-07,Détection mécanique 50-300 MEUR ; qualification SSI requise.,DETECTE,,2026-10-07,254,0.1220000013709068,0.0,0.826447960311194,9.909909728498167,0.1152275000512599,True,Yahoo Finance / yfinance - historique quotidien 1 an,OK,OUI,2026-10-08,80269000.0,,1.0,62803000.0,40322248.0,313472992.0,0.0,,642432875.0,0.57299,Yahoo Finance / yfinance get_info,OK,PRET_SSI
2026-10-07,Raccoon Holdings Inc.         R,R8C.F,EUR,Allemagne,78480480.0,FRA,Frankfurt,EQUITY,,Yahoo Finance / yfinance EquityQuery,2026-10-07,Détection mécanique 50-300 MEUR ; qualification SSI requise.,DETECTE,,2026-10-07,254,3.859999895095825,0.0,16.969695480949156,8.426965088152594,3.4350000059604646,True,Yahoo Finance / yfinance - historique quotidien 1 an,OK,OUI,2026-10-08,6791507968.0,0.139,0.83768,1519051008.0,1077901824.0,5207083008.0,2870000128.0,,20331733.0,0.26841998,Yahoo Finance / yfinance get_info,OK,PRET_SSI
2026-10-07,Zeder Investments Ltd.        R,33Z.F,EUR,Allemagne,78522424.0,FRA,Frankfurt,EQUITY,,Yahoo Finance / yfinance EquityQuery,2026-10-07,Détection mécanique 50-300 MEUR ; qualification SSI requise.,DETECTE,,2026-10-07,254,0.0509999990463256,0.0,-3.773585568759408,-18.400001525878903,0.057590000052005,False,Yahoo Finance / yfinance - historique quotidien 1 an,OK,OUI,2026-10-08,15000000.0,,1.0,,-999750016.0,231000000.0,0.0,,1539655409.0,0.49085,Yahoo Finance / yfinance get_info,OK,PRET_SSI
2026-10-07,AXON PARTNERS GROUP S.A.      A,XE1.F,EUR,Allemagne,78556120.0,FRA,Frankfurt,EQUITY,,Yahoo Finance / yfinance EquityQuery,2026-10-07,Détection mécanique 50-300 MEUR ; qualification SSI requise.,DETECTE,,2026-10-07,254,14.899999618530272,0.0,-9.14634167616174,12.030070713156938,15.447500019073486,False,Yahoo Finance / yfinance - historique quotidien 1 an,OK,OUI,2026-10-08,26364620.0,0.12,0.6603,8638951.0,1332533.0,7659208.0,2049980.0,,5207400.0,0.87931,Yahoo Finance / yfinance get_info,OK,PRET_SSI
2026-10-07,HLS Therapeutics Inc.         R,74D.F,EUR,Allemagne,78575048.0,FRA,Frankfurt,EQUITY,,Yahoo Finance / yfinance EquityQuery,2026-10-07,Détection mécanique 50-300 MEUR ; qualification SSI requise.,DETECTE,,2026-10-07,254,2.539999961853028,0.0,3.252029368516429,-4.5112827107366975,2.526799998283386,True,Yahoo Finance / yfinance - historique quotidien 1 an,OK,OUI,2026-10-08,56243000.0,0.035,0.70071,17010000.0,20510624.0,13730000.0,41904000.0,,30935061.0,0.0055299997,Yahoo Finance / yfinance get_info,OK,PRET_SSI
2026-10-07,Arq Inc.                      R,OXQ1.F,EUR,Allemagne,78603272.0,FRA,Frankfurt,EQUITY,,Yahoo Finance / yfinance EquityQuery,2026-10-07,Détection mécanique 50-300 MEUR ; qualification SSI requise.,DETECTE,,2026-10-07,254,1.7999999523162842,0.0,-5.26315921561541,7.142857649699375,2.139599994421005,False,Yahoo Finance / yfinance - historique quotidien 1 an,OK,OUI,2026-10-08,123441000.0,0.045,0.33091998,5102000.0,-298250.0,906000.0,38063000.0,,43668483.0,0.25952998,Yahoo Finance / yfinance get_info,OK,PRET_SSI
2026-10-07,Lacroix Group S.A.            A,51M.F,EUR,Allemagne,78663944.0,FRA,Frankfurt,EQUITY,,Yahoo Finance / yfinance EquityQuery,2026-10-07,Détection mécanique 50-300 MEUR ; qualification SSI requise.,DETECTE,,2026-10-07,254,16.75,0.0,0.2993966154271277,25.939847817960924,15.357000021934509,True,Yahoo Finance / yfinance - historique quotidien 1 an,OK,OUI,2026-10-08,452724992.0,0.032,0.36821997,39657000.0,64252000.0,43029000.0,122855000.0,,4696355.0,0.6236,Yahoo Finance / yfinance get_info,OK,PRET_SSI
2026-10-07,Source Energy Services Ltd.   R,S4O0.F,EUR,Allemagne,78691472.0,FRA,Frankfurt,EQUITY,,Yahoo Finance / yfinance EquityQuery,2026-10-07,Détection mécanique 50-300 MEUR ; qualification SSI requise.,DETECTE,,2026-10-07,254,6.050000190734863,0.0,-27.97618493471531,-32.022466853386824,8.642250006198884,False,Yahoo Finance / yfinance - historique quotidien 1 an,OK,OUI,2026-10-08,587192000.0,-0.321,0.14039,45185000.0,-3289000.0,2045000.0,291528992.0,,13006855.0,0.08104,Yahoo Finance / yfinance get_info,OK,PRET_SSI
2026-10-07,Thinkific Labs Inc.           R,5S0A.F,EUR,Allemagne,78845288.0,FRA,Frankfurt,EQUITY,,Yahoo Finance / yfinance EquityQuery,2026-10-07,Détection mécanique 50-300 MEUR ; qualification SSI requise.,DETECTE,,2026-10-07,254,1.1699999570846558,0.0,72.0588154085368,40.96385308560686,0.9133999994397164,True,Yahoo Finance / yfinance - historique quotidien 1 an,OK,OUI,2026-10-08,74539000.0,0.028,0.72436,-2731000.0,3303750.0,50970000.0,1273000.0,,67389133.0,0.56403,Yahoo Finance / yfinance get_info,OK,PRET_SSI
2026-10-07,Here Group Ltd.               R,MK60.F,EUR,Allemagne,78857696.0,FRA,Frankfurt,EQUITY,,Yahoo Finance / yfinance EquityQuery,2026-10-07,Détection mécanique 50-300 MEUR ; qualification SSI requise.,DETECTE,,2026-10-07,254,1.4500000476837158,0.0,-4.605258823761926,-45.4887217708154,2.7741000133752824,False,Yahoo Finance / yfinance - historique quotidien 1 an,OK,OUI,2026-10-08,596798016.0,-0.793,0.33051997,-161780992.0,,609283968.0,34780000.0,,37764932.0,0.045939997,Yahoo Finance / yfinance get_info,OK,PRET_SSI
2026-10-07,Michelmersh Brick Holdings PLCR,MPO.F,EUR,Allemagne,78914368.0,FRA,Frankfurt,EQUITY,,Yahoo Finance / yfinance EquityQuery,2026-10-07,Détection mécanique 50-300 MEUR ; qualification SSI requise.,DETECTE,,2026-10-07,254,0.8600000143051147,0.0,-8.994706792135387,2.3809572804273094,0.8971499994397163,False,Yahoo Finance / yfinance - historique quotidien 1 an,OK,OUI,2026-10-08,65547000.0,-0.094,0.36198002,9294000.0,418250.0,1037000.0,8477000.0,,91760886.0,0.2878,Yahoo Finance / yfinance get_info,OK,PRET_SSI
2026-10-07,Wenzhou Kangning Hospital Ltd.R,4WK.F,EUR,Allemagne,78915696.0,FRA,Frankfurt,EQUITY,,Yahoo Finance / yfinance EquityQuery,2026-10-07,Détection mécanique 50-300 MEUR ; qualification SSI requise.,DETECTE,,2026-10-07,254,1.1299999952316284,0.0,50.66666603088379,22.162160072298832,0.93274999499321,True,Yahoo Finance / yfinance - historique quotidien 1 an,OK,OUI,2026-10-08,1710704256.0,0.123,0.24725,233407552.0,183916032.0,321205280.0,1198056832.0,,26363259.0,0.25628,Yahoo Finance / yfinance get_info,OK,PRET_SSI
2026-10-07,Talga Group Ltd.              R,TGX.F,EUR,Allemagne,79095128.0,FRA,Frankfurt,EQUITY,,Yahoo Finance / yfinance EquityQuery,2026-10-07,Détection mécanique 50-300 MEUR ; qualification SSI requise.,DETECTE,,2026-10-07,254,0.1459999978542328,0.0,-0.1368012201421242,-9.653463155402154,0.1791964998468756,False,Yahoo Finance / yfinance - historique quotidien 1 an,OK,OUI,2026-10-08,2017019.0,0.114,0.0,-14480412.0,-9488075.0,18665656.0,512127.0,,510926796.0,0.09297,Yahoo Finance / yfinance get_info,OK,PRET_SSI
2026-10-07,AGROB Immobilien AG           I,AGRA.F,EUR,Allemagne,79096920.0,FRA,Frankfurt,EQUITY,,Yahoo Finance / yfinance EquityQuery,2026-10-07,Détection mécanique 50-300 MEUR ; qualification SSI requise.,DETECTE,,2026-10-07,254,2.900000095367432,0.0,-23.684207059009545,-38.10974722423319,4.236924806833267,False,Yahoo Finance / yfinance - historique quotidien 1 an,OK,OUI,2026-10-08,13219910.0,0.106,0.74482,6483672.0,,388212.0,115000000.0,,16198000.0,0.9425,Yahoo Finance / yfinance get_info,OK,PRET_SSI
2026-10-07,Alpine Select AG              N,A4P.F,EUR,Allemagne,79152672.0,FRA,Frankfurt,EQUITY,,Yahoo Finance / yfinance EquityQuery,2026-10-07,Détection mécanique 50-300 MEUR ; qualification SSI requise.,DETECTE,,2026-10-07,254,9.399999618530272,0.0,1.0752626424140876,3.29669477455663,9.325000042915343,True,Yahoo Finance / yfinance - historique quotidien 1 an,OK,OUI,2026-10-08,16929000.0,2.167,1.0,,9793750.0,210000.0,881000.0,,8420497.0,0.70244,Yahoo Finance / yfinance get_info,OK,PRET_SSI
2026-10-07,Sitowise Group OYJ            R,1FT.F,EUR,Allemagne,79218920.0,FRA,Frankfurt,EQUITY,,Yahoo Finance / yfinance EquityQuery,2026-10-07,Détection mécanique 50-300 MEUR ; qualification SSI requise.,DETECTE,,2026-10-07,254,2.2100000381469727,0.0,-12.301585124042946,-5.150209849286713,2.369049988985062,False,Yahoo Finance / yfinance - historique quotidien 1 an,OK,OUI,2026-10-08,189226000.0,0.012,0.19645001,4311000.0,5051250.0,16272000.0,86241000.0,,35845665.0,0.10256,Yahoo Finance / yfinance get_info,OK,PRET_SSI
2026-10-07,Empery Digital Inc.           R,Q0Z.F,EUR,Allemagne,79268000.0,FRA,Frankfurt,EQUITY,,Yahoo Finance / yfinance EquityQuery,2026-10-07,Détection mécanique 50-300 MEUR ; qualification SSI requise.,DETECTE,,2026-10-07,254,2.6600000858306885,0.0,-16.352200314787492,-32.48730844671024,3.1225999963283537,False,Yahoo Finance / yfinance - historique quotidien 1 an,OK,OUI,2026-10-08,628193.0,-0.579,-0.20434,-36348416.0,1753842.0,3589598.0,55559108.0,,29800000.0,0.31225002,Yahoo Finance / yfinance get_info,OK,PRET_SSI
2026-10-07,Grange Resources Ltd.         R,GRR.F,EUR,Allemagne,79355432.0,FRA,Frankfurt,EQUITY,,Yahoo Finance / yfinance EquityQuery,2026-10-07,Détection mécanique 50-300 MEUR ; qualification SSI requise.,DETECTE,,2026-10-07,254,0.0659999996423721,0.0,-22.35294241393725,-35.294116787706955,0.103270000256598,False,Yahoo Finance / yfinance - historique quotidien 1 an,OK,OUI,2026-10-08,502216000.0,0.118,0.1396,111821000.0,93337752.0,267896000.0,3363000.0,,1157338698.0,0.52807,Yahoo Finance / yfinance get_info,OK,PRET_SSI
2026-10-07,BCPG Public Company Ltd. (NVDRs,8BCN.SG,EUR,Allemagne,79387624.0,STU,Stuttgart,EQUITY,,Yahoo Finance / yfinance EquityQuery,2026-10-07,Détection mécanique 50-300 MEUR ; qualification SSI requise.,DETECTE,,2026-10-07,254,0.0264999996870756,0.0,0.0,5199.999685678646,0.0823500005493406,False,Yahoo Finance / yfinance - historique quotidien 1 an,OK,OUI,2026-10-08,3948939776.0,0.034,0.36324,2124046208.0,946150144.0,1418553984.0,24210585600.0,,2995759339.0,0.00147,Yahoo Finance / yfinance get_info,OK,PRET_SSI
2026-10-07,Dellia Group ASA              N,O6Q0.F,EUR,Allemagne,79398080.0,FRA,Frankfurt,EQUITY,,Yahoo Finance / yfinance EquityQuery,2026-10-07,Détection mécanique 50-300 MEUR ; qualification SSI requise.,DETECTE,,2026-10-07,254,1.7200000286102295,0.0,-26.49572257694629,-60.23121145749887,3.259703733921051,False,Yahoo Finance / yfinance - historique quotidien 1 an,OK,OUI,2026-10-08,739756032.0,0.054,0.34934,87749000.0,-67397752.0,228147008.0,82079000.0,,46161672.0,0.73737997,Yahoo Finance / yfinance get_info,OK,PRET_SSI
2026-10-07,S.D. Standard ETC PLC         N,S1P.F,EUR,Allemagne,79459160.0,FRA,Frankfurt,EQUITY,,Yahoo Finance / yfinance EquityQuery,2026-10-07,Détection mécanique 50-300 MEUR ; qualification SSI requise.,DETECTE,,2026-10-07,254,0.1515000015497207,0.0,-0.3289431439314039,-2.258064268034776,0.1523849999159574,False,Yahoo Finance / yfinance - historique quotidien 1 an,OK,OUI,2026-10-08,10076000.0,,1.0,,18324876.0,124864000.0,0.0,,524482901.0,0.32551,Yahoo Finance / yfinance get_info,OK,PRET_SSI
2026-10-07,IMMUCELL CORP.                R,IUL.F,EUR,Allemagne,79469224.0,FRA,Frankfurt,EQUITY,,Yahoo Finance / yfinance EquityQuery,2026-10-07,Détection mécanique 50-300 MEUR ; qualification SSI requise.,DETECTE,,2026-10-07,254,8.75,0.0,-6.914889839451965,45.83333333333333,7.326149988174438,True,Yahoo Finance / yfinance - historique quotidien 1 an,OK,OUI,2026-10-08,30675528.0,0.115,0.40319002,7050686.0,3082192.0,8860205.0,12447535.0,,9082197.0,0.32092,Yahoo Finance / yfinance get_info,OK,PRET_SSI
2026-10-07,Upexi Inc.                    R,7TQ0.F,EUR,Allemagne,79491616.0,FRA,Frankfurt,EQUITY,,Yahoo Finance / yfinance EquityQuery,2026-10-07,Détection mécanique 50-300 MEUR ; qualification SSI requise.,DETECTE,,2026-10-07,254,0.9682000279426576,0.0,43.73515469643618,4.965311182255294,0.966840000897646,True,Yahoo Finance / yfinance - historique quotidien 1 an,OK,OUI,2026-10-08,24998028.0,-0.266,0.89478,-238217632.0,-184955296.0,5778586.0,224089904.0,,82102474.0,0.16013001,Yahoo Finance / yfinance get_info,OK,PRET_SSI
2026-10-07,CROSSJECT S.A.                A,74C.F,EUR,Allemagne,79677576.0,FRA,Frankfurt,EQUITY,,Yahoo Finance / yfinance EquityQuery,2026-10-07,Détection mécanique 50-300 MEUR ; qualification SSI requise.,DETECTE,,2026-10-07,254,1.3220000267028809,0.0,-16.11674825493784,-33.89999866485596,1.7515950018167497,False,Yahoo Finance / yfinance - historique quotidien 1 an,OK,OUI,2026-10-08,137000.0,,0.0,-14285500.0,,12345000.0,18617000.0,,60270478.0,0.19748,Yahoo Finance / yfinance get_info,OK,PRET_SSI
2026-10-07,JX Luxventure Group Inc.      R,KBP0.F,EUR,Allemagne,80198184.0,FRA,Frankfurt,EQUITY,,Yahoo Finance / yfinance EquityQuery,2026-10-07,Détection mécanique 50-300 MEUR ; qualification SSI requise.,DETECTE,,2026-10-07,254,6.650000095367432,0.0,-31.44329663784571,115.90909935366888,5.133449969291687,True,Yahoo Finance / yfinance - historique quotidien 1 an,OK,OUI,2026-10-08,82936768.0,1.667,0.12587,-6175468.0,-4383442.0,700727.0,8803643.0,,12059877.0,0.28375,Yahoo Finance / yfinance get_info,OK,PRET_SSI
2026-10-07,Freetrailer Group A/S         N,R0C.F,EUR,Allemagne,80227088.0,FRA,Frankfurt,EQUITY,,Yahoo Finance / yfinance EquityQuery,2026-10-07,Détection mécanique 50-300 MEUR ; qualification SSI requise.,DETECTE,,2026-10-07,253,8.289999961853027,0.0,15.620639799741689,22.451993873100328,8.090850012302399,True,Yahoo Finance / yfinance - historique quotidien 1 an,OK,OUI,2026-10-08,170169664.0,0.26,0.59330004,51034948.0,,41887280.0,58589164.0,,9677574.0,0.29700002,Yahoo Finance / yfinance get_info,OK,PRET_SSI
2026-10-07,FitLife Brands Inc.           R,QO80.F,EUR,Allemagne,80338576.0,FRA,Frankfurt,EQUITY,,Yahoo Finance / yfinance EquityQuery,2026-10-07,Détection mécanique 50-300 MEUR ; qualification SSI requise.,DETECTE,,2026-10-07,254,7.949999809265137,0.0,-16.753930361404613,9.655169782967407,9.875749986171725,False,Yahoo Finance / yfinance - historique quotidien 1 an,OK,OUI,2026-10-08,101269000.0,0.646,0.37570998,13981000.0,4972250.0,1089000.0,38408000.0,,9391072.0,0.15186,Yahoo Finance / yfinance get_info,OK,PRET_SSI
2026-10-07,Delfingen                     A,HBS.F,EUR,Allemagne,80341176.0,FRA,Frankfurt,EQUITY,,Yahoo Finance / yfinance EquityQuery,2026-10-07,Détection mécanique 50-300 MEUR ; qualification SSI requise.,DETECTE,,2026-10-07,254,30.89999961853028,0.0,4.745761418746697,2.999998728434239,30.24300001144409,True,Yahoo Finance / yfinance - historique quotidien 1 an,OK,OUI,2026-10-08,382343008.0,-0.083,0.43889,57663000.0,33283500.0,23623000.0,149060000.0,,2600038.0,0.70102,Yahoo Finance / yfinance get_info,OK,PRET_SSI
2026-10-07,Norse Atlantic ASA            N,9LG0.F,EUR,Allemagne,80461568.0,FRA,Frankfurt,EQUITY,,Yahoo Finance / yfinance EquityQuery,2026-10-07,Détection mécanique 50-300 MEUR ; qualification SSI requise.,DETECTE,,2026-10-07,254,0.0272000003606081,0.0,-30.07711829922969,-92.25071239010713,0.2250759501941502,False,Yahoo Finance / yfinance - historique quotidien 1 an,OK,OUI,2026-10-08,727219008.0,-0.348,0.16514999,-29639000.0,-15205875.0,67119000.0,796169984.0,,2958145722.0,0.55352,Yahoo Finance / yfinance get_info,OK,PRET_SSI
2026-10-07,PININFARINA S.P.A.            A,PNF.F,EUR,Allemagne,80624328.0,FRA,Frankfurt,EQUITY,,Yahoo Finance / yfinance EquityQuery,2026-10-07,Détection mécanique 50-300 MEUR ; qualification SSI requise.,DETECTE,,2026-10-07,254,1.024999976158142,0.0,34.86841960792064,53.90389834061029,0.7670799997448922,True,Yahoo Finance / yfinance - historique quotidien 1 an,OK,OUI,2026-10-08,102981000.0,0.625,0.55683,-3225000.0,-3223875.0,25411000.0,25859000.0,,78657878.0,0.7882,Yahoo Finance / yfinance get_info,OK,PRET_SSI
2026-10-07,Sif Holding N.V.              R,276.F,EUR,Allemagne,80699256.0,FRA,Frankfurt,EQUITY,,Yahoo Finance / yfinance EquityQuery,2026-10-07,Détection mécanique 50-300 MEUR ; qualification SSI requise.,DETECTE,,2026-10-07,254,2.700000047683716,0.0,-33.57933555528889,-57.87831338601702,5.480175012350083,False,Yahoo Finance / yfinance - historique quotidien 1 an,OK,OUI,2026-10-08,597038976.0,0.711,0.15029,-3360000.0,46801624.0,95568000.0,238488000.0,,29888612.0,0.49330002,Yahoo Finance / yfinance get_info,OK,PRET_SSI
2026-10-07,Atlantic Sapphire ASA         N,4AS.F,EUR,Allemagne,80712808.0,FRA,Frankfurt,EQUITY,,Yahoo Finance / yfinance EquityQuery,2026-10-07,Détection mécanique 50-300 MEUR ; qualification SSI requise.,DETECTE,,2026-10-07,254,0.0694999992847442,0.0,-36.81818212605705,-56.56249947613104,0.2374810007028281,False,Yahoo Finance / yfinance - historique quotidien 1 an,OK,OUI,2026-10-08,48227000.0,0.229,-0.56039,-41047000.0,-34039376.0,8454000.0,143471008.0,,1161335430.0,0.009980001,Yahoo Finance / yfinance get_info,OK,PRET_SSI
2026-10-07,China Ind.Sec.Int.Fin.Grp.Ltd.R,7DK.F,EUR,Allemagne,80800000.0,FRA,Frankfurt,EQUITY,,Yahoo Finance / yfinance EquityQuery,2026-10-07,Détection mécanique 50-300 MEUR ; qualification SSI requise.,DETECTE,,2026-10-07,152,0.0201999992132186,0.0,-21.09375108002498,38.35615573269537,,,Yahoo Finance / yfinance - historique quotidien 1 an,OK,OUI,2026-10-08,586215936.0,0.173,0.90054,,,12677237760.0,23566280704.0,,4000000000.0,0.05355,Yahoo Finance / yfinance get_info,OK,PRET_SSI
2026-10-07,Xtract One Technologies Inc.  R,0PL.F,EUR,Allemagne,80837600.0,FRA,Frankfurt,EQUITY,,Yahoo Finance / yfinance EquityQuery,2026-10-07,Détection mécanique 50-300 MEUR ; qualification SSI requise.,DETECTE,,2026-10-07,254,0.3109999895095825,0.0,-4.307692025540133,22.4409368441876,0.3203400014340877,False,Yahoo Finance / yfinance - historique quotidien 1 an,OK,OUI,2026-10-08,23999508.0,1.96,0.59379,-7332779.0,-2616893.0,15601050.0,919529.0,,259927980.0,0.13934,Yahoo Finance / yfinance get_info,OK,PRET_SSI
2026-10-07,Voss Veksel-OG Landmandsb.,UQ6.SG,EUR,Allemagne,81096744.0,STU,Stuttgart,EQUITY,,Yahoo Finance / yfinance EquityQuery,2026-10-07,Détection mécanique 50-300 MEUR ; qualification SSI requise.,DETECTE,,2026-10-07,254,36.79999923706055,0.0,-15.981735438198552,-14.418606425440585,39.34099984169006,False,Yahoo Finance / yfinance - historique quotidien 1 an,OK,OUI,2026-10-08,192068000.0,-0.052,0.0,,,693209024.0,1087128960.0,,2203716.0,0.2693,Yahoo Finance / yfinance get_info,OK,PRET_SSI
2026-10-07,Accent Resources N.L.         R,A2R.F,EUR,Allemagne,81263184.0,FRA,Frankfurt,EQUITY,,Yahoo Finance / yfinance EquityQuery,2026-10-07,Détection mécanique 50-300 MEUR ; qualification SSI requise.,DETECTE,,2026-10-07,254,0.1659999936819076,0.0,654.545429915436,937.4999112333214,0.045027500395663,True,Yahoo Finance / yfinance - historique quotidien 1 an,OK,OUI,2026-10-08,9000.0,-0.4,1.0,-4513000.0,-10344250.0,7595000.0,24676000.0,,489537283.0,0.98511004,Yahoo Finance / yfinance get_info,OK,PRET_SSI
2026-10-07,Vow ASA                       N,213.F,EUR,Allemagne,81460616.0,FRA,Frankfurt,EQUITY,,Yahoo Finance / yfinance EquityQuery,2026-10-07,Détection mécanique 50-300 MEUR ; qualification SSI requise.,DETECTE,,2026-10-07,254,0.2804999947547912,0.0,51.45787581861845,32.938388993762004,0.215416999682784,True,Yahoo Finance / yfinance - historique quotidien 1 an,OK,OUI,2026-10-08,1098300032.0,0.111,0.24001,-16700000.0,59537500.0,13800000.0,495300000.0,,290412204.0,0.36262,Yahoo Finance / yfinance get_info,OK,PRET_SSI
2026-10-07,HK.AI Capital Ltd.            R,C2I0.F,EUR,Allemagne,81600968.0,FRA,Frankfurt,EQUITY,,Yahoo Finance / yfinance EquityQuery,2026-10-07,Détection mécanique 50-300 MEUR ; qualification SSI requise.,DETECTE,,2026-10-07,254,0.0070000002160668,0.0,-29.999996274709616,-64.99999813735481,0.0135249999631196,False,Yahoo Finance / yfinance - historique quotidien 1 an,OK,OUI,2026-10-08,217287008.0,-0.31,1.0,191096000.0,256306256.0,10020834304.0,203543008.0,,11657280502.0,0.5474,Yahoo Finance / yfinance get_info,OK,PRET_SSI
2026-10-07,I Grandi Viaggi SpA           A,95H.F,EUR,Allemagne,81677032.0,FRA,Frankfurt,EQUITY,,Yahoo Finance / yfinance EquityQuery,2026-10-07,Détection mécanique 50-300 MEUR ; qualification SSI requise.,DETECTE,,2026-10-07,254,1.715999960899353,0.0,-14.62686721188212,-26.97872210477148,2.138524994254112,False,Yahoo Finance / yfinance - historique quotidien 1 an,OK,OUI,2026-10-08,68494000.0,0.073,0.07379,3891000.0,1180250.0,38652000.0,4110000.0,,47597339.0,0.72900003,Yahoo Finance / yfinance get_info,OK,PRET_SSI
2026-10-07,Azerion Group N.V.            A,9Q9.F,EUR,Allemagne,81692880.0,FRA,Frankfurt,EQUITY,,Yahoo Finance / yfinance EquityQuery,2026-10-07,Détection mécanique 50-300 MEUR ; qualification SSI requise.,DETECTE,,2026-10-07,254,0.6679999828338623,0.0,-28.936171858706807,13.220341106284472,0.8743750011920929,False,Yahoo Finance / yfinance - historique quotidien 1 an,OK,OUI,2026-10-08,534400000.0,-0.059,0.12743,33300000.0,29462500.0,32600000.0,260500000.0,,122294730.0,0.68135,Yahoo Finance / yfinance get_info,OK,PRET_SSI
2026-10-07,Ajisen (China) Holdings Ltd.  R,AJN.F,EUR,Allemagne,81865416.0,FRA,Frankfurt,EQUITY,,Yahoo Finance / yfinance EquityQuery,2026-10-07,Détection mécanique 50-300 MEUR ; qualification SSI requise.,DETECTE,,2026-10-07,254,0.0750000029802322,0.0,2.0408204640181005,-18.478257788630422,0.0843900004774332,False,Yahoo Finance / yfinance - historique quotidien 1 an,OK,OUI,2026-10-08,1846910976.0,0.017,0.49966,156312992.0,322753376.0,1659431936.0,595451008.0,,1091538820.0,0.51009,Yahoo Finance / yfinance get_info,OK,PRET_SSI
2026-10-07,Appeninn Vag.Holding Ny.M.Res.N,0AP.F,EUR,Allemagne,81949360.0,FRA,Frankfurt,EQUITY,,Yahoo Finance / yfinance EquityQuery,2026-10-07,Détection mécanique 50-300 MEUR ; qualification SSI requise.,DETECTE,,2026-10-07,254,1.7300000190734863,0.0,13.96574515582687,18.982119918314577,1.7089250057935714,True,Yahoo Finance / yfinance - historique quotidien 1 an,OK,OUI,2026-10-08,23471240.0,0.05,0.71528,14192531.0,15152624.0,50037960.0,109815400.0,,47369571.0,0.47847998,Yahoo Finance / yfinance get_info,OK,PRET_SSI
2026-10-07,Orior AG                      N,9OI.F,EUR,Allemagne,82308352.0,FRA,Frankfurt,EQUITY,,Yahoo Finance / yfinance EquityQuery,2026-10-07,Détection mécanique 50-300 MEUR ; qualification SSI requise.,DETECTE,,2026-10-07,254,12.600000381469728,0.0,-27.167624640828592,-8.029193015400582,13.960800008773804,False,Yahoo Finance / yfinance - historique quotidien 1 an,OK,OUI,2026-10-08,601326976.0,-0.071,0.46028,43352000.0,5498250.0,8132000.0,170914000.0,,6532409.0,0.12946999,Yahoo Finance / yfinance get_info,OK,PRET_SSI
2026-10-07,Grown Rogue International Inc.R,1VF0.F,EUR,Allemagne,82479864.0,FRA,Frankfurt,EQUITY,,Yahoo Finance / yfinance EquityQuery,2026-10-07,Détection mécanique 50-300 MEUR ; qualification SSI requise.,DETECTE,,2026-10-07,254,0.3300000131130218,0.0,-15.38460891862804,32.00000524520874,0.3221299996972084,True,Yahoo Finance / yfinance - historique quotidien 1 an,OK,OUI,2026-10-08,37697260.0,0.407,0.4307,1267023.0,-1770398.0,11532826.0,27356480.0,,249938980.0,0.29604,Yahoo Finance / yfinance get_info,OK,PRET_SSI
2026-10-07,Made Tech Group PLC           R,5UH.F,EUR,Allemagne,82582048.0,FRA,Frankfurt,EQUITY,,Yahoo Finance / yfinance EquityQuery,2026-10-07,Détection mécanique 50-300 MEUR ; qualification SSI requise.,DETECTE,,2026-10-07,254,0.5649999976158142,0.0,35.81730431695227,33.25471799235808,0.4405650006234646,True,Yahoo Finance / yfinance - historique quotidien 1 an,OK,OUI,2026-10-08,58884000.0,0.259,0.30358,4654000.0,4047875.0,14467000.0,798000.0,,146162919.0,0.45606,Yahoo Finance / yfinance get_info,OK,PRET_SSI
2026-10-07,Heidmar Maritime Hldgs. Corp. R,AW4.F,EUR,Allemagne,82588792.0,FRA,Frankfurt,EQUITY,,Yahoo Finance / yfinance EquityQuery,2026-10-07,Détection mécanique 50-300 MEUR ; qualification SSI requise.,DETECTE,,2026-10-07,188,1.399999976158142,0.0,44.32989019227107,94.44443340654772,,,Yahoo Finance / yfinance - historique quotidien 1 an,OK,OUI,2026-10-08,88047104.0,2.113,0.22525999,1885592.0,,28699428.0,0.0,,58991997.0,0.89287,Yahoo Finance / yfinance get_info,OK,PRET_SSI
2026-10-07,iDreamSky Technology Holdings R,08IA.F,EUR,Allemagne,82661136.0,FRA,Frankfurt,EQUITY,,Yahoo Finance / yfinance EquityQuery,2026-10-07,Détection mécanique 50-300 MEUR ; qualification SSI requise.,DETECTE,,2026-10-07,254,0.0405000001192092,0.0,30.645163810029903,-19.801982754340862,0.0457375000137835,False,Yahoo Finance / yfinance - historique quotidien 1 an,OK,OUI,2026-10-08,1370560000.0,0.047,0.32401,89864000.0,-710630144.0,108658000.0,1704801024.0,,2041015665.0,0.35788,Yahoo Finance / yfinance get_info,OK,PRET_SSI
2026-10-07,Kewaunee Scientific Corp.,KEW.SG,EUR,Allemagne,82806928.0,STU,Stuttgart,EQUITY,,Yahoo Finance / yfinance EquityQuery,2026-10-07,Détection mécanique 50-300 MEUR ; qualification SSI requise.,DETECTE,,2026-10-07,254,28.600000381469727,0.0,-11.18012514339174,0.0,31.495,False,Yahoo Finance / yfinance - historique quotidien 1 an,OK,OUI,2026-10-08,277215008.0,-0.067,0.28551,21386000.0,9238625.0,8246000.0,55472000.0,,2895347.0,0.2442,Yahoo Finance / yfinance get_info,OK,PRET_SSI
2026-10-07,Hongkong Chinese Ltd.         R,HKC.F,EUR,Allemagne,82869640.0,FRA,Frankfurt,EQUITY,,Yahoo Finance / yfinance EquityQuery,2026-10-07,Détection mécanique 50-300 MEUR ; qualification SSI requise.,DETECTE,,2026-10-07,254,0.0410000011324882,0.0,-5.747121121266163,60.78432117320642,0.0393525000382214,True,Yahoo Finance / yfinance - historique quotidien 1 an,OK,OUI,2026-10-08,31169000.0,-0.586,0.93794996,-4060000.0,-24134376.0,87131000.0,506667008.0,,1998280097.0,0.5927,Yahoo Finance / yfinance get_info,OK,PRET_SSI
2026-10-07,Peninsula Energy Ltd.         R,P1M.F,EUR,Allemagne,82876976.0,FRA,Frankfurt,EQUITY,,Yahoo Finance / yfinance EquityQuery,2026-10-07,Détection mécanique 50-300 MEUR ; qualification SSI requise.,DETECTE,,2026-10-07,254,0.1449999958276748,0.0,-32.558142597318096,-59.06267827122973,0.2912303245812654,False,Yahoo Finance / yfinance - historique quotidien 1 an,OK,OUI,2026-10-08,654000.0,,0.0,-30447000.0,-40708876.0,22053000.0,0.0,,571565353.0,0.21483,Yahoo Finance / yfinance get_info,OK,PRET_SSI
2026-10-07,Empress Royalty Corp.         R,53G.F,EUR,Allemagne,82916072.0,FRA,Frankfurt,EQUITY,,Yahoo Finance / yfinance EquityQuery,2026-10-07,Détection mécanique 50-300 MEUR ; qualification SSI requise.,DETECTE,,2026-10-07,254,0.6050000190734863,0.0,22.967480154955112,4.310351117612821,0.5855049988627434,True,Yahoo Finance / yfinance - historique quotidien 1 an,OK,OUI,2026-10-08,27870044.0,1.151,0.78431,17616408.0,-2326016.0,5147040.0,1563240.0,,137051362.0,0.07111,Yahoo Finance / yfinance get_info,OK,PRET_SSI
2026-10-07,RF INDUSTRIES LTD.            R,RF5.F,EUR,Allemagne,82985376.0,FRA,Frankfurt,EQUITY,,Yahoo Finance / yfinance EquityQuery,2026-10-07,Détection mécanique 50-300 MEUR ; qualification SSI requise.,DETECTE,,2026-10-07,254,7.650000095367432,0.0,-49.33774899267364,-24.99999766256291,10.664450013637545,False,Yahoo Finance / yfinance - historique quotidien 1 an,OK,OUI,2026-10-08,86307000.0,0.211,0.34730998,7123000.0,4146250.0,4848000.0,23193000.0,,10847761.0,0.18267,Yahoo Finance / yfinance get_info,OK,PRET_SSI
2026-10-07,KECK SENG INVEST. (HK) LTD.   R,KEC.F,EUR,Allemagne,83008800.0,FRA,Frankfurt,EQUITY,,Yahoo Finance / yfinance EquityQuery,2026-10-07,Détection mécanique 50-300 MEUR ; qualification SSI requise.,DETECTE,,2026-10-07,254,0.2440000027418136,0.0,0.0,7.017545006245096,0.2418400014191866,True,Yahoo Finance / yfinance - historique quotidien 1 an,OK,OUI,2026-10-08,1768184960.0,0.196,0.51723,376960000.0,-30677500.0,1251800960.0,1224445056.0,,340200000.0,0.74888,Yahoo Finance / yfinance get_info,OK,PRET_SSI
2026-10-07,LHYFE S.A.                    A,F1B.F,EUR,Allemagne,83018856.0,FRA,Frankfurt,EQUITY,,Yahoo Finance / yfinance EquityQuery,2026-10-07,Détection mécanique 50-300 MEUR ; qualification SSI requise.,DETECTE,,2026-10-07,254,1.722000002861023,0.0,-33.38491383174529,-28.54772026833861,2.3184049969911573,False,Yahoo Finance / yfinance - historique quotidien 1 an,OK,OUI,2026-10-08,9770000.0,0.497,0.66366,-37649000.0,-35941876.0,74698000.0,120959000.0,,48210716.0,0.60280997,Yahoo Finance / yfinance get_info,OK,PRET_SSI
2026-10-07,Kingdom Holdings Ltd.         R,K7A.F,EUR,Allemagne,83117496.0,FRA,Frankfurt,EQUITY,,Yahoo Finance / yfinance EquityQuery,2026-10-07,Détection mécanique 50-300 MEUR ; qualification SSI requise.,DETECTE,,2026-10-07,254,0.1319999992847442,0.0,13.793106106033592,-2.22222663738092,0.1227650013938546,True,Yahoo Finance / yfinance - historique quotidien 1 an,OK,OUI,2026-10-08,2731760896.0,0.043,0.20987,523360000.0,15840375.0,396716992.0,830865984.0,,629678000.0,0.67259,Yahoo Finance / yfinance get_info,OK,PRET_SSI
2026-10-07,Agile Group Holdings Ltd.     R,A8P.F,EUR,Allemagne,83259784.0,FRA,Frankfurt,EQUITY,,Yahoo Finance / yfinance EquityQuery,2026-10-07,Détection mécanique 50-300 MEUR ; qualification SSI requise.,DETECTE,,2026-10-07,254,0.016499999910593,0.0,10.00000186264518,3.124994543032056,0.0180875001009553,False,Yahoo Finance / yfinance - historique quotidien 1 an,OK,OUI,2026-10-08,25145550848.0,-0.2,0.03254,-3188678912.0,12322035712.0,4148657920.0,47090790400.0,,5046047500.0,0.56416,Yahoo Finance / yfinance get_info,OK,PRET_SSI
2026-10-07,Adways Inc.                   R,A02.F,EUR,Allemagne,83265568.0,FRA,Frankfurt,EQUITY,,Yahoo Finance / yfinance EquityQuery,2026-10-07,Détection mécanique 50-300 MEUR ; qualification SSI requise.,DETECTE,,2026-10-07,254,2.299999952316284,0.0,38.5542167809484,58.62068115034824,1.6228499984741211,True,Yahoo Finance / yfinance - historique quotidien 1 an,OK,OUI,2026-10-08,12636999680.0,0.098,0.83959997,1423000064.0,-397249984.0,9980000256.0,0.0,,36202420.0,0.51203996,Yahoo Finance / yfinance get_info,OK,PRET_SSI
2026-10-07,Shenguan Holdings Group Ltd   R,S2N.F,EUR,Allemagne,83278440.0,FRA,Frankfurt,EQUITY,,Yahoo Finance / yfinance EquityQuery,2026-10-07,Détection mécanique 50-300 MEUR ; qualification SSI requise.,DETECTE,,2026-10-07,254,0.025000000372529,0.0,47.05881772878704,25.000004656612983,0.0215800001658499,True,Yahoo Finance / yfinance - historique quotidien 1 an,OK,OUI,2026-10-08,1035316992.0,0.027,0.07053,-19363000.0,10807500.0,550657984.0,430500992.0,,3230480000.0,0.73600996,Yahoo Finance / yfinance get_info,OK,PRET_SSI
2026-10-07,Steppe Cement Ltd.            R,ST9.F,EUR,Allemagne,83408792.0,FRA,Frankfurt,EQUITY,,Yahoo Finance / yfinance EquityQuery,2026-10-07,Détection mécanique 50-300 MEUR ; qualification SSI requise.,DETECTE,,2026-10-07,254,0.3519999980926513,0.0,67.61905194410134,67.61905194410134,0.2188199992477894,True,Yahoo Finance / yfinance - historique quotidien 1 an,OK,OUI,2026-10-08,121652792.0,0.491,0.3318,22834942.0,14704904.0,18781000.0,2129000.0,,219000000.0,0.69924,Yahoo Finance / yfinance get_info,OK,PRET_SSI
2026-10-07,Demae-Can Co. Ltd.            R,1H7.F,EUR,Allemagne,83529760.0,FRA,Frankfurt,EQUITY,,Yahoo Finance / yfinance EquityQuery,2026-10-07,Détection mécanique 50-300 MEUR ; qualification SSI requise.,DETECTE,,2026-10-07,254,0.75,0.0,30.4347853128762,29.310348548447006,0.6298500010371209,True,Yahoo Finance / yfinance - historique quotidien 1 an,OK,OUI,2026-10-08,37840998400.0,0.109,0.008169999,,,21468000256.0,0.0,,111373008.0,0.45401,Yahoo Finance / yfinance get_info,OK,PRET_SSI
2026-10-07,Halmont Properties Corp.      R,MD0.F,EUR,Allemagne,83542992.0,FRA,Frankfurt,EQUITY,,Yahoo Finance / yfinance EquityQuery,2026-10-07,Détection mécanique 50-300 MEUR ; qualification SSI requise.,DETECTE,,2026-10-07,254,0.5400000214576721,0.0,28.571437694588763,24.42397224730737,0.438369997292757,True,Yahoo Finance / yfinance - historique quotidien 1 an,OK,OUI,2026-10-08,32927000.0,0.132,0.74825996,,-50051124.0,1228000.0,209595008.0,,83940000.0,0.30891,Yahoo Finance / yfinance get_info,OK,PRET_SSI
2026-10-07,Kalray SA                     A,3FS.F,EUR,Allemagne,83655456.0,FRA,Frankfurt,EQUITY,,Yahoo Finance / yfinance EquityQuery,2026-10-07,Détection mécanique 50-300 MEUR ; qualification SSI requise.,DETECTE,,2026-10-07,254,4.519999980926514,0.0,-46.57210448527909,-13.575526492498025,6.0230349844694135,False,Yahoo Finance / yfinance - historique quotidien 1 an,OK,OUI,2026-10-08,23892000.0,-0.085,0.649,8365000.0,-1317875.0,2179000.0,7852000.0,,18507843.0,0.24139,Yahoo Finance / yfinance get_info,OK,PRET_SSI
2026-10-07,CMBC Capital Holdings Ltd.    R,4C30.F,EUR,Allemagne,84234896.0,FRA,Frankfurt,EQUITY,,Yahoo Finance / yfinance EquityQuery,2026-10-07,Détection mécanique 50-300 MEUR ; qualification SSI requise.,DETECTE,,2026-10-07,254,0.0769999995827674,0.0,-85.47169740767015,-54.437870005091085,0.178997500538826,False,Yahoo Finance / yfinance - historique quotidien 1 an,OK,OUI,2026-10-08,370728992.0,0.071,1.0,,,2634704896.0,3311704064.0,,1093959693.0,0.69335,Yahoo Finance / yfinance get_info,OK,PRET_SSI
2026-10-07,Iondrive Ltd.                 R,UH40.F,EUR,Allemagne,84279528.0,FRA,Frankfurt,EQUITY,,Yahoo Finance / yfinance EquityQuery,2026-10-07,Détection mécanique 50-300 MEUR ; qualification SSI requise.,DETECTE,,2026-10-07,254,0.0640000030398368,240.00000208616257,287.8788084038034,204.7619233461197,0.0263375000655651,True,Yahoo Finance / yfinance - historique quotidien 1 an,OK,OUI,2026-10-08,3637293.0,,1.0,-6875205.0,-661208.0,6968972.0,0.0,,1316867634.0,0.36356997,Yahoo Finance / yfinance get_info,OK,PRET_SSI
2026-10-07,Caesarstone Ltd.              R,19C.F,EUR,Allemagne,84368064.0,FRA,Frankfurt,EQUITY,,Yahoo Finance / yfinance EquityQuery,2026-10-07,Détection mécanique 50-300 MEUR ; qualification SSI requise.,DETECTE,,2026-10-07,254,2.440000057220459,0.0,19.607848178785893,87.6923189783947,1.7219799979031083,True,Yahoo Finance / yfinance - historique quotidien 1 an,OK,OUI,2026-10-08,381808992.0,-0.045,0.21243,-29173000.0,49032000.0,51769000.0,96129000.0,,34577075.0,0.34001,Yahoo Finance / yfinance get_info,OK,PRET_SSI
2026-10-07,Guangzhou R&F Proper. Co. Ltd.R,G5HA.F,EUR,Allemagne,84428272.0,FRA,Frankfurt,EQUITY,,Yahoo Finance / yfinance EquityQuery,2026-10-07,Détection mécanique 50-300 MEUR ; qualification SSI requise.,DETECTE,,2026-10-07,254,0.0225000008940696,0.0,-2.1739093463565173,-45.78312831219837,0.0357139999466016,False,Yahoo Finance / yfinance - historique quotidien 1 an,OK,OUI,2026-10-08,12274881536.0,0.231,-0.17191,-8800540672.0,16366491648.0,856379008.0,97558003712.0,,3752367344.0,0.48995999,Yahoo Finance / yfinance get_info,OK,PRET_SSI
2026-10-07,Omda AS                       N,6Q1.F,EUR,Allemagne,84491576.0,FRA,Frankfurt,EQUITY,,Yahoo Finance / yfinance EquityQuery,2026-10-07,Détection mécanique 50-300 MEUR ; qualification SSI requise.,DETECTE,,2026-10-07,254,4.119999885559082,0.0,26.38036495741268,20.46783022366729,3.552250008583069,True,Yahoo Finance / yfinance - historique quotidien 1 an,OK,OUI,2026-10-08,499064992.0,0.045,0.48668,92074000.0,4095250.0,33257000.0,491793984.0,,20507663.0,0.48216,Yahoo Finance / yfinance get_info,OK,PRET_SSI
2026-10-07,Ascend Wellness Holdings Inc. R,8VJ.F,EUR,Allemagne,84536520.0,FRA,Frankfurt,EQUITY,,Yahoo Finance / yfinance EquityQuery,2026-10-07,Détection mécanique 50-300 MEUR ; qualification SSI requise.,DETECTE,,2026-10-07,254,0.4160000085830688,0.0,14.917133075771003,10.05291489189759,0.4217399987578392,False,Yahoo Finance / yfinance - historique quotidien 1 an,OK,OUI,2026-10-08,488331008.0,-0.009,0.36676,48166000.0,-13139875.0,67994000.0,655278976.0,,203212781.0,0.20267999,Yahoo Finance / yfinance get_info,OK,PRET_SSI
2026-10-07,Tat Hong Equipm.Srv.Co. Ltd.  R,1Q2.F,EUR,Allemagne,84598168.0,FRA,Frankfurt,EQUITY,,Yahoo Finance / yfinance EquityQuery,2026-10-07,Détection mécanique 50-300 MEUR ; qualification SSI requise.,DETECTE,,2026-10-07,254,0.0724999979138374,0.0,-14.2011857797425,-2.684569127935066,0.0835874999128282,False,Yahoo Finance / yfinance - historique quotidien 1 an,OK,OUI,2026-10-08,581721984.0,-0.045,0.09624,152382000.0,133687504.0,156380000.0,1219324032.0,,1166871250.0,0.77033997,Yahoo Finance / yfinance get_info,OK,PRET_SSI
2026-10-07,Pathfinder Bancorp Inc.       R,8PF.F,EUR,Allemagne,84761680.0,FRA,Frankfurt,EQUITY,,Yahoo Finance / yfinance EquityQuery,2026-10-07,Détection mécanique 50-300 MEUR ; qualification SSI requise.,DETECTE,,2026-10-07,223,13.5,0.0,-1.459852642697701,21.62161744189504,12.09799997329712,True,Yahoo Finance / yfinance - historique quotidien 1 an,OK,OUI,2026-10-08,33788000.0,0.471,0.0,,,29943000.0,180988992.0,,4898360.0,0.21964,Yahoo Finance / yfinance get_info,OK,PRET_SSI
2026-10-07,Braemar PLC                   R,5K9.F,EUR,Allemagne,85085176.0,FRA,Frankfurt,EQUITY,,Yahoo Finance / yfinance EquityQuery,2026-10-07,Détection mécanique 50-300 MEUR ; qualification SSI requise.,DETECTE,,2026-10-07,254,2.6600000858306885,0.0,0.0,12.711873053819868,2.5050000059604645,True,Yahoo Finance / yfinance - historique quotidien 1 an,OK,OUI,2026-10-08,135614000.0,0.087,0.10514,17379000.0,11442750.0,23363000.0,34284000.0,,31986906.0,0.22905001,Yahoo Finance / yfinance get_info,OK,PRET_SSI
2026-10-07,Atara Biotherapeutics Inc.    R,AT20.F,EUR,Allemagne,85320536.0,FRA,Frankfurt,EQUITY,,Yahoo Finance / yfinance EquityQuery,2026-10-07,Détection mécanique 50-300 MEUR ; qualification SSI requise.,DETECTE,,2026-10-07,254,8.5,0.0,2.4096362008327654,109.35960886198347,6.8330500078201295,True,Yahoo Finance / yfinance - historique quotidien 1 an,OK,OUI,2026-10-08,6194000.0,-0.964,0.75266,-11058000.0,-12522250.0,9873000.0,9879000.0,,10037710.0,0.16798,Yahoo Finance / yfinance get_info,OK,PRET_SSI
2026-10-07,Broadwind Inc.                R,9IRA.F,EUR,Allemagne,85659064.0,FRA,Frankfurt,EQUITY,,Yahoo Finance / yfinance EquityQuery,2026-10-07,Détection mécanique 50-300 MEUR ; qualification SSI requise.,DETECTE,,2026-10-07,254,3.660000085830689,0.0,-1.6129016752173708,102.43363658955138,2.984034997224808,True,Yahoo Finance / yfinance - historique quotidien 1 an,OK,OUI,2026-10-08,170908992.0,0.674,0.118319996,9704000.0,15035375.0,17043000.0,21838000.0,,23404116.0,0.13977,Yahoo Finance / yfinance get_info,OK,PRET_SSI
2026-10-07,KEWAUNEE SCIENTIFIC CORP.     R,KEW.F,EUR,Allemagne,85702272.0,FRA,Frankfurt,EQUITY,,Yahoo Finance / yfinance EquityQuery,2026-10-07,Détection mécanique 50-300 MEUR ; qualification SSI requise.,DETECTE,,2026-10-07,254,29.600000381469727,0.0,-6.91823556092066,3.4965034498667835,31.803000068664552,False,Yahoo Finance / yfinance - historique quotidien 1 an,OK,OUI,2026-10-08,277215008.0,-0.067,0.28551,21386000.0,9238625.0,8246000.0,55472000.0,,2895347.0,0.2442,Yahoo Finance / yfinance get_info,OK,PRET_SSI
2026-10-07,Biotalys NV                   A,86C.F,EUR,Allemagne,85708248.0,FRA,Frankfurt,EQUITY,,Yahoo Finance / yfinance EquityQuery,2026-10-07,Détection mécanique 50-300 MEUR ; qualification SSI requise.,DETECTE,,2026-10-07,254,1.8860000371932983,0.0,-36.391227932912464,-3.5787287474851603,2.686740000247956,False,Yahoo Finance / yfinance - historique quotidien 1 an,OK,OUI,2026-10-08,266000.0,-0.404,1.0,-13786000.0,-7568000.0,14043000.0,3238000.0,,45444456.0,0.27446,Yahoo Finance / yfinance get_info,OK,PRET_SSI
2026-10-07,Capital Environment Hldgs Ltd.R,H2Y.F,EUR,Allemagne,85768400.0,FRA,Frankfurt,EQUITY,,Yahoo Finance / yfinance EquityQuery,2026-10-07,Détection mécanique 50-300 MEUR ; qualification SSI requise.,DETECTE,,2026-10-07,254,0.006000000052154,0.0,0.0,-39.99999813735481,0.0081674999906681,False,Yahoo Finance / yfinance - historique quotidien 1 an,OK,OUI,2026-10-08,3687397120.0,-0.009,0.37620997,1040243008.0,-376051008.0,404064000.0,11026453504.0,,14294733167.0,0.66918,Yahoo Finance / yfinance get_info,OK,PRET_SSI
2026-10-07,Innovate Corp.                R,PST0.F,EUR,Allemagne,85943760.0,FRA,Frankfurt,EQUITY,,Yahoo Finance / yfinance EquityQuery,2026-10-07,Détection mécanique 50-300 MEUR ; qualification SSI requise.,DETECTE,,2026-10-07,254,6.300000190734863,0.0,-26.74418707806844,-19.23076876051564,7.630099987983703,False,Yahoo Finance / yfinance - historique quotidien 1 an,OK,OUI,2026-10-08,1516199936.0,0.742,0.15935001,94400000.0,111075000.0,87800000.0,682300032.0,,13641866.0,0.6247,Yahoo Finance / yfinance get_info,OK,PRET_SSI
2026-10-07,Zerostack Corp.               R,2W9.F,EUR,Allemagne,86099032.0,FRA,Frankfurt,EQUITY,,Yahoo Finance / yfinance EquityQuery,2026-10-07,Détection mécanique 50-300 MEUR ; qualification SSI requise.,DETECTE,,2026-10-07,254,3.950000047683716,0.0,-30.08849591131133,-30.08849591131133,5.346000069379807,False,Yahoo Finance / yfinance - historique quotidien 1 an,OK,OUI,2026-10-08,40033000.0,0.407,0.13137001,-12558000.0,-179750.0,2640000.0,2757000.0,,21797224.0,0.83597,Yahoo Finance / yfinance get_info,OK,PRET_SSI
2026-10-07,Bien Sparebank ASA            N,JX0.F,EUR,Allemagne,86196856.0,FRA,Frankfurt,EQUITY,,Yahoo Finance / yfinance EquityQuery,2026-10-07,Détection mécanique 50-300 MEUR ; qualification SSI requise.,DETECTE,,2026-10-07,253,14.300000190734863,0.0,16.260162349481313,8.333336343668973,12.924000024795532,True,Yahoo Finance / yfinance - historique quotidien 1 an,OK,OUI,2026-10-08,165231008.0,-0.09,0.0,,,933630976.0,1471619968.0,,5680198.0,0.89365995,Yahoo Finance / yfinance get_info,OK,PRET_SSI
2026-10-07,Borealis Mining Co. Ltd.      R,L4B0.F,EUR,Allemagne,86341456.0,FRA,Frankfurt,EQUITY,,Yahoo Finance / yfinance EquityQuery,2026-10-07,Détection mécanique 50-300 MEUR ; qualification SSI requise.,DETECTE,,2026-10-07,254,0.5849999785423279,0.0,18.181812708480784,-29.940120529874605,0.7374299985170364,False,Yahoo Finance / yfinance - historique quotidien 1 an,OK,OUI,2026-10-08,10217203.0,8.827,0.34208,-2899731.0,-9140816.0,18865984.0,0.0,,147592247.0,0.23091,Yahoo Finance / yfinance get_info,OK,PRET_SSI
2026-10-07,wrkr Ltd.                     R,I0P0.F,EUR,Allemagne,86353400.0,FRA,Frankfurt,EQUITY,,Yahoo Finance / yfinance EquityQuery,2026-10-07,Détection mécanique 50-300 MEUR ; qualification SSI requise.,DETECTE,,2026-10-07,226,0.0395000018179416,0.0,-14.13043099746024,-30.08849114069907,0.0560210002679377,False,Yahoo Finance / yfinance - historique quotidien 1 an,OK,OUI,2026-10-08,13363000.0,0.742,-0.113299996,-9651000.0,-8649375.0,10198000.0,1797000.0,,2186162002.0,0.49153998,Yahoo Finance / yfinance get_info,OK,PRET_SSI
2026-10-07,Technical Olympic S.A.        N,TQZA.F,EUR,Allemagne,86421384.0,FRA,Frankfurt,EQUITY,,Yahoo Finance / yfinance EquityQuery,2026-10-07,Détection mécanique 50-300 MEUR ; qualification SSI requise.,DETECTE,,2026-10-07,254,2.1700000762939453,0.0,-2.6905803706885,1.401867753231434,2.218200010061264,False,Yahoo Finance / yfinance - historique quotidien 1 an,OK,OUI,2026-10-08,19200964.0,-0.098,0.28779,5137474.0,-10409567.0,64413212.0,23997562.0,,39825520.0,0.64645,Yahoo Finance / yfinance get_info,OK,PRET_SSI
2026-10-07,Chapel Down Group PLC         R,1U6.F,EUR,Allemagne,86619784.0,FRA,Frankfurt,EQUITY,,Yahoo Finance / yfinance EquityQuery,2026-10-07,Détection mécanique 50-300 MEUR ; qualification SSI requise.,DETECTE,,2026-10-07,254,0.5049999952316284,0.0,5.208334691512118,43.46590851364303,0.4276800006628036,True,Yahoo Finance / yfinance - historique quotidien 1 an,OK,OUI,2026-10-08,20943000.0,0.189,0.48594,1839000.0,-4069875.0,321000.0,23889000.0,,171524316.0,0.50273997,Yahoo Finance / yfinance get_info,OK,PRET_SSI
2026-10-07,Commercial Vehicle Group Inc. R,FDU.F,EUR,Allemagne,86896288.0,FRA,Frankfurt,EQUITY,,Yahoo Finance / yfinance EquityQuery,2026-10-07,Détection mécanique 50-300 MEUR ; qualification SSI requise.,DETECTE,,2026-10-07,254,2.559999942779541,0.0,-38.16425059567214,-26.43678365665313,2.9071499824523928,False,Yahoo Finance / yfinance - historique quotidien 1 an,OK,OUI,2026-10-08,673984000.0,0.135,0.11995,19236000.0,16197500.0,35952000.0,146523008.0,,33943864.0,0.1546,Yahoo Finance / yfinance get_info,OK,PRET_SSI
2026-10-07,Evolution PowerX Corp.        R,3EO.F,EUR,Allemagne,86961536.0,FRA,Frankfurt,EQUITY,,Yahoo Finance / yfinance EquityQuery,2026-10-07,Détection mécanique 50-300 MEUR ; qualification SSI requise.,DETECTE,,2026-10-07,254,1.0740000009536743,0.0,16.10810671486589,30.975611014851225,0.8392405018210412,True,Yahoo Finance / yfinance - historique quotidien 1 an,OK,OUI,2026-10-08,40369992.0,0.361,0.42501998,12266344.0,-11334035.0,15337657.0,34371200.0,,80969776.0,0.26252002,Yahoo Finance / yfinance get_info,OK,PRET_SSI
2026-10-07,Alligator Energy Ltd.         R,0FZ.F,EUR,Allemagne,87006568.0,FRA,Frankfurt,EQUITY,,Yahoo Finance / yfinance EquityQuery,2026-10-07,Détection mécanique 50-300 MEUR ; qualification SSI requise.,DETECTE,,2026-10-07,214,0.0179999992251396,0.0,-32.0754738200301,-16.279076214672017,0.0217024999577552,False,Yahoo Finance / yfinance - historique quotidien 1 an,OK,OUI,2026-10-08,1358000.0,0.222,1.0,-1076000.0,-14722875.0,12933000.0,1463000.0,,4833698116.0,0.097770005,Yahoo Finance / yfinance get_info,OK,PRET_SSI
2026-10-07,Finder Energy Holdings Ltd.   R,E40.F,EUR,Allemagne,87017328.0,FRA,Frankfurt,EQUITY,,Yahoo Finance / yfinance EquityQuery,2026-10-07,Détection mécanique 50-300 MEUR ; qualification SSI requise.,DETECTE,,2026-10-07,178,0.1570000052452087,0.0,-17.368417255105683,-53.273807332772826,,,Yahoo Finance / yfinance - historique quotidien 1 an,OK,OUI,2026-10-08,638805.0,4.558,1.0,-31163312.0,-13316987.0,32450692.0,66763.0,,554250497.0,0.59251,Yahoo Finance / yfinance get_info,OK,PRET_SSI
2026-10-07,RAUTE OY                      R,RAUA.F,EUR,Allemagne,87041464.0,FRA,Frankfurt,EQUITY,,Yahoo Finance / yfinance EquityQuery,2026-10-07,Détection mécanique 50-300 MEUR ; qualification SSI requise.,DETECTE,,2026-10-07,254,14.699999809265137,0.0,-2.649010345029257,-4.234531309779377,14.735750002861025,False,Yahoo Finance / yfinance - historique quotidien 1 an,OK,OUI,2026-10-08,146327008.0,-0.246,0.61169,17323000.0,-10410875.0,16678000.0,1787000.0,,5921188.0,0.49830002,Yahoo Finance / yfinance get_info,OK,PRET_SSI
2026-10-07,Unify Group S.A.              A,6H1.F,EUR,Allemagne,87150904.0,FRA,Frankfurt,EQUITY,,Yahoo Finance / yfinance EquityQuery,2026-10-07,Détection mécanique 50-300 MEUR ; qualification SSI requise.,DETECTE,,2026-10-07,254,1.5219999551773071,0.0,-12.42808260778341,-8.202656080766669,1.6044149965047836,False,Yahoo Finance / yfinance - historique quotidien 1 an,OK,OUI,2026-10-08,529252992.0,0.006,0.42337,54018000.0,29538000.0,97408000.0,177759008.0,,57260780.0,0.34539002,Yahoo Finance / yfinance get_info,OK,PRET_SSI
2026-10-07,SunHydrogen Inc.              R,1H3.MU,EUR,Allemagne,87387312.0,MUN,Munich,EQUITY,,Yahoo Finance / yfinance EquityQuery,2026-10-07,Détection mécanique 50-300 MEUR ; qualification SSI requise.,DETECTE,,2026-10-07,254,0.0152000002562999,1416.870058234781,-19.99999607864167,-18.27956881567514,0.0198010000633075,False,Yahoo Finance / yfinance - historique quotidien 1 an,OK,OUI,2026-10-08,1250.0,,1.0,-7479520.0,-3919623.0,32060068.0,102014.0,,5749164916.0,0.0109,Yahoo Finance / yfinance get_info,OK,PRET_SSI
2026-10-07,Tian An Medicare Ltd.         R,SMI.F,EUR,Allemagne,87410880.0,FRA,Frankfurt,EQUITY,,Yahoo Finance / yfinance EquityQuery,2026-10-07,Détection mécanique 50-300 MEUR ; qualification SSI requise.,DETECTE,,2026-10-07,254,0.0864999964833259,0.0,-3.888896615416604,-22.7678626666452,0.0931500004604458,False,Yahoo Finance / yfinance - historique quotidien 1 an,OK,OUI,2026-10-08,1682145024.0,0.056,0.17424999,169718000.0,-114214872.0,712532992.0,989377024.0,,1010530457.0,0.84472,Yahoo Finance / yfinance get_info,OK,PRET_SSI
2026-10-07,NPC Incorporated              R,59N.F,EUR,Allemagne,87566720.0,FRA,Frankfurt,EQUITY,,Yahoo Finance / yfinance EquityQuery,2026-10-07,Détection mécanique 50-300 MEUR ; qualification SSI requise.,DETECTE,,2026-10-07,254,4.179999828338623,0.0,21.511620895613824,-0.4761900436850985,3.8765999948978425,True,Yahoo Finance / yfinance - historique quotidien 1 an,OK,OUI,2026-10-08,7100264960.0,-0.192,0.35057998,1529580032.0,,4305999872.0,0.0,,20948976.0,0.09359,Yahoo Finance / yfinance get_info,OK,PRET_SSI
2026-10-07,Bj.b.Jade Bird Uni.Sci-T.Co.L.R,BJDH.F,EUR,Allemagne,87838912.0,FRA,Frankfurt,EQUITY,,Yahoo Finance / yfinance EquityQuery,2026-10-07,Détection mécanique 50-300 MEUR ; qualification SSI requise.,DETECTE,,2026-10-07,254,0.0579999983310699,0.0,-19.44444329466344,-41.414142782475786,0.0957625002600252,False,Yahoo Finance / yfinance - historique quotidien 1 an,OK,OUI,2026-10-08,521168000.0,-0.235,0.15611,311075008.0,851582272.0,284776992.0,994060032.0,,700000000.0,0.13387,Yahoo Finance / yfinance get_info,OK,PRET_SSI
2026-10-07,Canbridge Pharmaceuticals Inc.R,MF1.F,EUR,Allemagne,87912680.0,FRA,Frankfurt,EQUITY,,Yahoo Finance / yfinance EquityQuery,2026-10-07,Détection mécanique 50-300 MEUR ; qualification SSI requise.,DETECTE,,2026-10-07,254,0.1720000058412552,0.0,-1.714280702629778,-19.626166076782614,0.1971200001239776,False,Yahoo Finance / yfinance - historique quotidien 1 an,OK,OUI,2026-10-08,55675000.0,0.256,0.72855,-87658000.0,-216828000.0,88098000.0,28806000.0,,511120234.0,0.40392,Yahoo Finance / yfinance get_info,OK,PRET_SSI
2026-10-07,iFabric Corp.                 R,5YO.F,EUR,Allemagne,88369616.0,FRA,Frankfurt,EQUITY,,Yahoo Finance / yfinance EquityQuery,2026-10-07,Détection mécanique 50-300 MEUR ; qualification SSI requise.,DETECTE,,2026-10-07,188,2.4200000762939453,0.0,-6.923070574652989,9.009011040820592,,,Yahoo Finance / yfinance - historique quotidien 1 an,OK,OUI,2026-10-08,57086140.0,0.654,0.30464,5358013.0,-1476233.0,25486792.0,5498867.0,,36516367.0,0.49222,Yahoo Finance / yfinance get_info,OK,PRET_SSI
2026-10-07,Carbios S.A.                  A,3C1.F,EUR,Allemagne,88406464.0,FRA,Frankfurt,EQUITY,,Yahoo Finance / yfinance EquityQuery,2026-10-07,Détection mécanique 50-300 MEUR ; qualification SSI requise.,DETECTE,,2026-10-07,254,5.239999771118164,650.0,-3.3210387941333908,-35.06815403625239,7.620875010490417,False,Yahoo Finance / yfinance - historique quotidien 1 an,OK,OUI,2026-10-08,5215000.0,3.996,-0.59233004,-3305500.0,-2927250.0,47512000.0,30442000.0,,16871464.0,0.11326,Yahoo Finance / yfinance get_info,OK,PRET_SSI
2026-10-07,Endava Ltd.                   R,2Y5.F,EUR,Allemagne,88511544.0,FRA,Frankfurt,EQUITY,,Yahoo Finance / yfinance EquityQuery,2026-10-07,Détection mécanique 50-300 MEUR ; qualification SSI requise.,DETECTE,,2026-10-07,254,1.6749999523162842,0.0,-28.41880283098639,-55.21390513248263,3.4091249924898146,False,Yahoo Finance / yfinance - historique quotidien 1 an,OK,OUI,2026-10-08,727598976.0,-0.084,0.21895,30009000.0,30948000.0,48376000.0,238610000.0,,39397924.0,0.0102699995,Yahoo Finance / yfinance get_info,OK,PRET_SSI
2026-10-07,Sino-Ocean Group Holding Ltd. R,3SD.F,EUR,Allemagne,88680328.0,FRA,Frankfurt,EQUITY,,Yahoo Finance / yfinance EquityQuery,2026-10-07,Détection mécanique 50-300 MEUR ; qualification SSI requise.,DETECTE,,2026-10-07,254,0.0070000002160668,0.0,-29.999996274709616,-41.66666537316311,0.0086675000190734,False,Yahoo Finance / yfinance - historique quotidien 1 an,OK,OUI,2026-10-08,15230870528.0,0.063,-0.36777002,-11890549760.0,13403757568.0,1414969984.0,51708719104.0,,12668617223.0,0.19441,Yahoo Finance / yfinance get_info,OK,PRET_SSI
2026-10-07,Renascor Resources Ltd        R,RU8.F,EUR,Allemagne,88750040.0,FRA,Frankfurt,EQUITY,,Yahoo Finance / yfinance EquityQuery,2026-10-07,Détection mécanique 50-300 MEUR ; qualification SSI requise.,DETECTE,,2026-10-07,254,0.033500000834465,0.0,0.6005995591628066,-14.540815211348445,0.0382050001993775,False,Yahoo Finance / yfinance - historique quotidien 1 an,OK,OUI,2026-10-08,5048507.0,0.013,1.0,-3037766.0,-17865488.0,94350832.0,854094.0,,2546237633.0,0.13958,Yahoo Finance / yfinance get_info,OK,PRET_SSI
2026-10-07,USU Ventures AG               I,OSP2.HM,EUR,Allemagne,88920584.0,HAM,Hamburg,EQUITY,,Yahoo Finance / yfinance EquityQuery,2026-10-07,Détection mécanique 50-300 MEUR ; qualification SSI requise.,DETECTE,,2026-10-07,254,8.859999656677246,15397.200645446776,-4.525863021328702,7.0048302223546965,8.867250003814696,False,Yahoo Finance / yfinance - historique quotidien 1 an,OK,OUI,2026-10-08,46757000.0,0.063,0.18761,1675000.0,1244250.0,23962000.0,15367000.0,,10036184.0,0.0,Yahoo Finance / yfinance get_info,OK,PRET_SSI
2026-10-07,Novus Holdings Ltd.           R,N09.F,EUR,Allemagne,89258544.0,FRA,Frankfurt,EQUITY,,Yahoo Finance / yfinance EquityQuery,2026-10-07,Détection mécanique 50-300 MEUR ; qualification SSI requise.,DETECTE,,2026-10-07,254,0.2820000052452087,0.0,-12.422357776513492,6.818184383808768,0.2878600013256073,False,Yahoo Finance / yfinance - historique quotidien 1 an,OK,OUI,2026-10-08,4194863104.0,-0.023,0.32923,512852992.0,448041888.0,1054361024.0,378931008.0,,316519634.0,0.37480998,Yahoo Finance / yfinance get_info,OK,PRET_SSI
2026-10-07,Stabilis Solutions Inc.       R,QAT2.F,EUR,Allemagne,89262240.0,FRA,Frankfurt,EQUITY,,Yahoo Finance / yfinance EquityQuery,2026-10-07,Détection mécanique 50-300 MEUR ; qualification SSI requise.,DETECTE,,2026-10-07,254,4.800000190734863,0.0,37.93103920766108,66.66666666666667,3.904899991750717,True,Yahoo Finance / yfinance - historique quotidien 1 an,OK,OUI,2026-10-08,55893000.0,-0.312,0.23413,-1678000.0,-22745250.0,4618000.0,8224000.0,,18596301.0,0.82251,Yahoo Finance / yfinance get_info,OK,PRET_SSI
2026-10-07,Wynnstay Group PLC            R,80Y.F,EUR,Allemagne,89315560.0,FRA,Frankfurt,EQUITY,,Yahoo Finance / yfinance EquityQuery,2026-10-07,Détection mécanique 50-300 MEUR ; qualification SSI requise.,DETECTE,,2026-10-07,254,3.880000114440918,0.0,-5.365848666071282,2.645506449947965,3.9593999969959257,False,Yahoo Finance / yfinance - historique quotidien 1 an,OK,OUI,2026-10-08,582595008.0,-0.003,0.13879,11364000.0,8559375.0,11626000.0,15763000.0,,23019474.0,0.21767001,Yahoo Finance / yfinance get_info,OK,PRET_SSI
2026-10-07,Hansard Global PLC            R,H9G.F,EUR,Allemagne,89437008.0,FRA,Frankfurt,EQUITY,,Yahoo Finance / yfinance EquityQuery,2026-10-07,Détection mécanique 50-300 MEUR ; qualification SSI requise.,DETECTE,,2026-10-07,254,0.6549999713897705,0.0,4.79999542236329,19.090901307823405,0.589550002515316,True,Yahoo Finance / yfinance - historique quotidien 1 an,OK,OUI,2026-10-08,247600000.0,2.563,0.93942,4500000.0,22950000.0,1351399936.0,2400000.0,,136545064.0,0.54539,Yahoo Finance / yfinance get_info,OK,PRET_SSI
2026-10-07,Beyond Oil Ltd.               R,UH9.F,EUR,Allemagne,89644928.0,FRA,Frankfurt,EQUITY,,Yahoo Finance / yfinance EquityQuery,2026-10-07,Détection mécanique 50-300 MEUR ; qualification SSI requise.,DETECTE,,2026-10-07,253,1.1039999723434448,0.0,-22.689076121310315,-30.126585926770343,1.5845849990844727,False,Yahoo Finance / yfinance - historique quotidien 1 an,OK,OUI,2026-10-08,5059000.0,0.277,0.47202998,-7989000.0,-6276250.0,4535000.0,235000.0,,81200121.0,0.14462,Yahoo Finance / yfinance get_info,OK,PRET_SSI
2026-10-07,Brazilian Critical Miner. Ltd.R,FZ70.F,EUR,Allemagne,89731400.0,FRA,Frankfurt,EQUITY,,Yahoo Finance / yfinance EquityQuery,2026-10-07,Détection mécanique 50-300 MEUR ; qualification SSI requise.,DETECTE,,2026-10-07,254,0.0399999991059303,0.0,23.07692484037418,135.2940996006708,0.024417500081472,True,Yahoo Finance / yfinance - historique quotidien 1 an,OK,OUI,2026-10-08,62438.0,,1.0,-6759006.0,-3001273.0,4361548.0,661243.0,,2243284937.0,0.27251,Yahoo Finance / yfinance get_info,OK,PRET_SSI
2026-10-07,NWF Group PLC                 R,NYY.F,EUR,Allemagne,89771832.0,FRA,Frankfurt,EQUITY,,Yahoo Finance / yfinance EquityQuery,2026-10-07,Détection mécanique 50-300 MEUR ; qualification SSI requise.,DETECTE,,2026-10-07,254,1.809999942779541,0.0,13.836471998900567,25.69443547615333,1.5629500019550324,True,Yahoo Finance / yfinance - historique quotidien 1 an,OK,OUI,2026-10-08,920300032.0,0.082,0.05955,25599998.0,2925000.0,9000000.0,69500000.0,,49597701.0,0.33187,Yahoo Finance / yfinance get_info,OK,PRET_SSI
2026-10-07,Golden Bridge Group Hldgs.Ltd.R,SJY.F,EUR,Allemagne,89870488.0,FRA,Frankfurt,EQUITY,,Yahoo Finance / yfinance EquityQuery,2026-10-07,Détection mécanique 50-300 MEUR ; qualification SSI requise.,DETECTE,,2026-10-07,254,0.1969999969005584,0.0,-1.5000030174850965,-5.288464982701758,0.20660499997437,False,Yahoo Finance / yfinance - historique quotidien 1 an,OK,OUI,2026-10-08,313816992.0,-0.373,0.3952,70176000.0,-81530376.0,947377984.0,355000.0,,456195370.0,0.68755996,Yahoo Finance / yfinance get_info,OK,PRET_SSI
2026-10-07,Jp.Medi.Dynamic Marketing Inc.R,JMD.F,EUR,Allemagne,90129096.0,FRA,Frankfurt,EQUITY,,Yahoo Finance / yfinance EquityQuery,2026-10-07,Détection mécanique 50-300 MEUR ; qualification SSI requise.,DETECTE,,2026-10-07,254,3.4200000762939453,0.0,-31.599998474121094,19.580426634223947,3.569249986410141,False,Yahoo Finance / yfinance - historique quotidien 1 an,OK,OUI,2026-10-08,23321899008.0,-0.101,0.57557,1497047040.0,,2564000000.0,6632000000.0,,26353536.0,0.45562,Yahoo Finance / yfinance get_info,OK,PRET_SSI
2026-10-07,Inspired Entertainment Inc.   R,4U8.F,EUR,Allemagne,90145632.0,FRA,Frankfurt,EQUITY,,Yahoo Finance / yfinance EquityQuery,2026-10-07,Détection mécanique 50-300 MEUR ; qualification SSI requise.,DETECTE,,2026-10-07,254,3.4200000762939453,0.0,-44.39024352422197,-37.24770282597333,6.037749999761582,False,Yahoo Finance / yfinance - historique quotidien 1 an,OK,OUI,2026-10-08,281400000.0,-0.243,0.76262003,88200000.0,19837500.0,22000000.0,343200000.0,,26358372.0,0.07891,Yahoo Finance / yfinance get_info,OK,PRET_SSI
2026-10-07,SOGECLAIR S.A.                A,2U0.F,EUR,Allemagne,90443480.0,FRA,Frankfurt,EQUITY,,Yahoo Finance / yfinance EquityQuery,2026-10-07,Détection mécanique 50-300 MEUR ; qualification SSI requise.,DETECTE,,2026-10-07,254,29.600000381469727,0.0,-19.999998969000742,-28.67469787597656,32.910000019073486,False,Yahoo Finance / yfinance - historique quotidien 1 an,OK,OUI,2026-10-08,157764992.0,-0.031,0.60925,13336000.0,19777876.0,21886000.0,24171000.0,,3055523.0,0.69517,Yahoo Finance / yfinance get_info,OK,PRET_SSI
2026-10-07,Brave Bison Group PLC         R,RT70.F,EUR,Allemagne,91311008.0,FRA,Frankfurt,EQUITY,,Yahoo Finance / yfinance EquityQuery,2026-10-07,Détection mécanique 50-300 MEUR ; qualification SSI requise.,DETECTE,,2026-10-07,254,0.7850000262260437,0.0,-19.072164631710898,-1.874998183921006,0.8497750031948089,False,Yahoo Finance / yfinance - historique quotidien 1 an,OK,OUI,2026-10-08,72872000.0,1.042,0.63113,5735000.0,10839625.0,8319000.0,5172000.0,,116319751.0,0.62487,Yahoo Finance / yfinance get_info,OK,PRET_SSI
2026-10-07,Papoutsanis S.A.              N,Y2O.F,EUR,Allemagne,91322048.0,FRA,Frankfurt,EQUITY,,Yahoo Finance / yfinance EquityQuery,2026-10-07,Détection mécanique 50-300 MEUR ; qualification SSI requise.,DETECTE,,2026-10-07,254,3.369999885559082,0.0,2.431608651478423,-6.505631435392278,3.4884409856796266,False,Yahoo Finance / yfinance - historique quotidien 1 an,OK,OUI,2026-10-08,81955536.0,0.103,0.37105,10570734.0,485557.0,6825662.0,27355298.0,,27098531.0,0.6711,Yahoo Finance / yfinance get_info,OK,PRET_SSI
2026-10-07,Lemonsoft Oyj                 R,M36.F,EUR,Allemagne,91463048.0,FRA,Frankfurt,EQUITY,,Yahoo Finance / yfinance EquityQuery,2026-10-07,Détection mécanique 50-300 MEUR ; qualification SSI requise.,DETECTE,,2026-10-07,254,5.139999866485596,0.0,8.668072849023378,7.756811049026768,4.812599993944168,True,Yahoo Finance / yfinance - historique quotidien 1 an,OK,OUI,2026-10-08,29773000.0,0.054,0.40210998,7145000.0,6780000.0,4337000.0,13026000.0,,17794367.0,0.27934,Yahoo Finance / yfinance get_info,OK,PRET_SSI
2026-10-07,Singular People S.A.          A,H0U.F,EUR,Allemagne,91734000.0,FRA,Frankfurt,EQUITY,,Yahoo Finance / yfinance EquityQuery,2026-10-07,Détection mécanique 50-300 MEUR ; qualification SSI requise.,DETECTE,,2026-10-07,254,1.7400000095367432,0.0,-14.285712607891751,-9.610386875954834,2.000174993276596,False,Yahoo Finance / yfinance - historique quotidien 1 an,OK,OUI,2026-10-08,118700744.0,0.114,0.20176001,11363584.0,8194535.0,7226439.0,22706400.0,,52720686.0,0.7825,Yahoo Finance / yfinance get_info,OK,PRET_SSI
2026-10-07,Braemar Hotels & Resorts Inc. R,42V.F,EUR,Allemagne,91781648.0,FRA,Frankfurt,EQUITY,,Yahoo Finance / yfinance EquityQuery,2026-10-07,Détection mécanique 50-300 MEUR ; qualification SSI requise.,DETECTE,,2026-10-07,254,1.25,0.0,-26.900586426035865,-36.54822427176136,1.959450001120568,False,Yahoo Finance / yfinance - historique quotidien 1 an,OK,OUI,2026-10-08,689040000.0,-0.045,0.27345,132413000.0,-293560256.0,94238000.0,801060992.0,,68679318.0,0.16384001,Yahoo Finance / yfinance get_info,OK,PRET_SSI
2026-10-07,VivoPower PLC                 R,51J.F,EUR,Allemagne,91821504.0,FRA,Frankfurt,EQUITY,,Yahoo Finance / yfinance EquityQuery,2026-10-07,Détection mécanique 50-300 MEUR ; qualification SSI requise.,DETECTE,,2026-10-07,254,2.869999885559082,0.0,-34.47489016959943,34.1121376107407,2.978925003409385,False,Yahoo Finance / yfinance - historique quotidien 1 an,OK,OUI,2026-10-08,61000.0,,0.18033001,-8267000.0,-67159128.0,60000.0,29189000.0,,31993555.0,0.31353,Yahoo Finance / yfinance get_info,OK,PRET_SSI
2026-10-07,Gaming Realms PLC             R,RNE1.F,EUR,Allemagne,91857544.0,FRA,Frankfurt,EQUITY,,Yahoo Finance / yfinance EquityQuery,2026-10-07,Détection mécanique 50-300 MEUR ; qualification SSI requise.,DETECTE,,2026-10-07,254,0.3440000116825104,0.0,-7.027025067780146,0.5847964937132799,0.3613100010156631,False,Yahoo Finance / yfinance - historique quotidien 1 an,OK,OUI,2026-10-08,30874256.0,-0.031,0.78005,5996851.0,1660141.0,13475873.0,634320.0,,267027750.0,0.28482,Yahoo Finance / yfinance get_info,OK,PRET_SSI
2026-10-07,Clere AG                      N,CAG0.HM,EUR,Allemagne,91895216.0,HAM,Hamburg,EQUITY,,Yahoo Finance / yfinance EquityQuery,2026-10-07,Détection mécanique 50-300 MEUR ; qualification SSI requise.,DETECTE,,2026-10-07,254,11.800000190734863,2130.099931716919,-2.479340341131653,5.357146354354225,11.80600000858307,False,Yahoo Finance / yfinance - historique quotidien 1 an,OK,OUI,2026-10-08,38648000.0,,0.94488996,24629000.0,-4801000.0,105197000.0,1832000.0,,0.0,0.0,Yahoo Finance / yfinance get_info,OK,PRET_SSI
2026-10-07,Indel B S.p.A.                A,2I6.F,EUR,Allemagne,91920032.0,FRA,Frankfurt,EQUITY,,Yahoo Finance / yfinance EquityQuery,2026-10-07,Détection mécanique 50-300 MEUR ; qualification SSI requise.,DETECTE,,2026-10-07,254,17.600000381469727,0.0,-9.51156971157948,-9.51156971157948,19.0895000076294,False,Yahoo Finance / yfinance - historique quotidien 1 an,OK,OUI,2026-10-08,215875008.0,0.103,0.31628,18583000.0,12707375.0,21839000.0,40974000.0,,5222729.0,0.6833,Yahoo Finance / yfinance get_info,OK,PRET_SSI
2026-10-07,TVB Ltd.                      R,TBCN.F,EUR,Allemagne,91991480.0,FRA,Frankfurt,EQUITY,,Yahoo Finance / yfinance EquityQuery,2026-10-07,Détection mécanique 50-300 MEUR ; qualification SSI requise.,DETECTE,,2026-10-07,254,0.1969999969005584,0.0,-15.086205789152674,-31.59722035382809,0.2608300006389618,False,Yahoo Finance / yfinance - historique quotidien 1 an,OK,OUI,2026-10-08,2952176896.0,-0.16,0.46556,303127008.0,278472512.0,974947968.0,2138013952.0,,466961836.0,0.25038,Yahoo Finance / yfinance get_info,OK,PRET_SSI
2026-10-07,Unidata S.p.A.                A,K6V0.F,EUR,Allemagne,92099024.0,FRA,Frankfurt,EQUITY,,Yahoo Finance / yfinance EquityQuery,2026-10-07,Détection mécanique 50-300 MEUR ; qualification SSI requise.,DETECTE,,2026-10-07,254,3.059999942779541,0.0,9.285714103251074,9.090904454670422,2.963374997377396,True,Yahoo Finance / yfinance - historique quotidien 1 an,OK,OUI,2026-10-08,113661512.0,0.084,0.26999,25927616.0,-4930889.0,14009825.0,58402776.0,,30097720.0,0.6121,Yahoo Finance / yfinance get_info,OK,PRET_SSI
2026-10-07,Intercede Group PLC           R,LYD.F,EUR,Allemagne,92128944.0,FRA,Frankfurt,EQUITY,,Yahoo Finance / yfinance EquityQuery,2026-10-07,Détection mécanique 50-300 MEUR ; qualification SSI requise.,DETECTE,,2026-10-07,254,1.5099999904632568,0.0,26.89074939964602,70.62146968756929,1.2234249994158746,True,Yahoo Finance / yfinance - historique quotidien 1 an,OK,OUI,2026-10-08,17156000.0,-0.025,0.95873,3567000.0,1281500.0,19999000.0,1096000.0,,61012546.0,0.51934,Yahoo Finance / yfinance get_info,OK,PRET_SSI
2026-10-07,STIF                          A,D08.F,EUR,Allemagne,92246640.0,FRA,Frankfurt,EQUITY,,Yahoo Finance / yfinance EquityQuery,2026-10-07,Détection mécanique 50-300 MEUR ; qualification SSI requise.,DETECTE,,2026-10-07,254,17.40999984741211,0.0,-66.12840597164865,-64.08828380403693,52.37019989967346,False,Yahoo Finance / yfinance - historique quotidien 1 an,OK,OUI,2026-10-08,90861032.0,0.598,0.63870996,18634080.0,-5565355.0,18808416.0,43109316.0,,5135455.0,0.5103,Yahoo Finance / yfinance get_info,OK,PRET_SSI
2026-10-07,Patriot Bank N.A.             R,PN21.F,EUR,Allemagne,92616440.0,FRA,Frankfurt,EQUITY,,Yahoo Finance / yfinance EquityQuery,2026-10-07,Détection mécanique 50-300 MEUR ; qualification SSI requise.,DETECTE,,2026-10-07,254,0.7350000143051147,0.0,-22.2222201197656,-29.99999545869353,0.9635249969363212,False,Yahoo Finance / yfinance - historique quotidien 1 an,OK,OUI,2026-10-08,39437000.0,1.44,0.0,,,116944000.0,16516000.0,,118742200.0,0.3193,Yahoo Finance / yfinance get_info,OK,PRET_SSI
2026-10-07,Great Boulder Resources Ltd   R,YC0.F,EUR,Allemagne,92729096.0,FRA,Frankfurt,EQUITY,,Yahoo Finance / yfinance EquityQuery,2026-10-07,Détection mécanique 50-300 MEUR ; qualification SSI requise.,DETECTE,,2026-10-07,214,0.0469999983906745,0.0,42.42423831923932,-11.320756706278225,0.0470920000690966,False,Yahoo Finance / yfinance - historique quotidien 1 an,OK,OUI,2026-10-08,572109.0,4.774,1.0,-2665123.0,-37140560.0,18282812.0,281740.0,,1972959604.0,0.3746,Yahoo Finance / yfinance get_info,OK,PRET_SSI
2026-10-07,China Silver Group Ltd        R,2CS.F,EUR,Allemagne,92738928.0,FRA,Frankfurt,EQUITY,,Yahoo Finance / yfinance EquityQuery,2026-10-07,Détection mécanique 50-300 MEUR ; qualification SSI requise.,DETECTE,,2026-10-07,254,0.0234999991953372,0.0,-14.545457008456408,-54.80769478754526,0.045530000180006,False,Yahoo Finance / yfinance - historique quotidien 1 an,OK,OUI,2026-10-08,1478592000.0,-0.757,0.08912,35171000.0,844061504.0,605976000.0,109527000.0,,3946337559.0,0.47105,Yahoo Finance / yfinance get_info,OK,PRET_SSI
2026-10-07,Medexus Pharmaceuticals Inc.  R,P731.F,EUR,Allemagne,93020912.0,FRA,Frankfurt,EQUITY,,Yahoo Finance / yfinance EquityQuery,2026-10-07,Détection mécanique 50-300 MEUR ; qualification SSI requise.,DETECTE,,2026-10-07,254,2.9600000381469727,0.0,-5.7324860109421945,22.31404730697357,2.423650000691414,True,Yahoo Finance / yfinance - historique quotidien 1 an,OK,OUI,2026-10-08,103302000.0,0.161,0.63863,16644000.0,-15651750.0,5344000.0,26254000.0,,31425983.0,0.08016,Yahoo Finance / yfinance get_info,OK,PRET_SSI
2026-10-07,Star Holdings                 R,H7C.F,EUR,Allemagne,93026264.0,FRA,Frankfurt,EQUITY,,Yahoo Finance / yfinance EquityQuery,2026-10-07,Détection mécanique 50-300 MEUR ; qualification SSI requise.,DETECTE,,2026-10-07,254,7.699999809265137,0.0,-1.9108292635635733,11.59419859189299,7.405000019073486,True,Yahoo Finance / yfinance - historique quotidien 1 an,OK,OUI,2026-10-08,98265000.0,-0.599,0.34609002,21513000.0,86169648.0,34814000.0,209236992.0,,12081333.0,0.04093,Yahoo Finance / yfinance get_info,OK,PRET_SSI
2026-10-07,Blue Ant Media Corp.          R,9P60.F,EUR,Allemagne,93028552.0,FRA,Frankfurt,EQUITY,,Yahoo Finance / yfinance EquityQuery,2026-10-07,Détection mécanique 50-300 MEUR ; qualification SSI requise.,DETECTE,,2026-10-07,254,3.359999895095825,0.0,-1.7543912239656678,-8.196726330588977,3.697249985933304,False,Yahoo Finance / yfinance - historique quotidien 1 an,OK,OUI,2026-10-08,336891008.0,1.242,0.30542,28433000.0,75539752.0,59943000.0,123338000.0,,27687058.0,0.31318,Yahoo Finance / yfinance get_info,OK,PRET_SSI
2026-10-07,Lumi Gruppen AS               N,8KS.F,EUR,Allemagne,93123792.0,FRA,Frankfurt,EQUITY,,Yahoo Finance / yfinance EquityQuery,2026-10-07,Détection mécanique 50-300 MEUR ; qualification SSI requise.,DETECTE,,2026-10-07,254,1.6100000143051147,0.0,-3.592811037210075,1.898732314868545,1.6428000026941298,False,Yahoo Finance / yfinance - historique quotidien 1 an,OK,OUI,2026-10-08,548054016.0,0.177,0.52208,99443000.0,94084872.0,70536000.0,557475008.0,,57840862.0,0.16063,Yahoo Finance / yfinance get_info,OK,PRET_SSI
2026-10-07,Altea Green Power S.p.A.      A,Q51.F,EUR,Allemagne,93183784.0,FRA,Frankfurt,EQUITY,,Yahoo Finance / yfinance EquityQuery,2026-10-07,Détection mécanique 50-300 MEUR ; qualification SSI requise.,DETECTE,,2026-10-07,254,5.110000133514404,0.0,-27.620394122799617,-32.76315529425715,6.807900004386902,False,Yahoo Finance / yfinance - historique quotidien 1 an,OK,OUI,2026-10-08,14360901.0,-0.427,0.77053,6440315.0,4495408.0,10101978.0,32831122.0,,18235574.0,0.61693,Yahoo Finance / yfinance get_info,OK,PRET_SSI
2026-10-07,ArcticZymes Technologies ASA  N,B4V.F,EUR,Allemagne,93205296.0,FRA,Frankfurt,EQUITY,,Yahoo Finance / yfinance EquityQuery,2026-10-07,Détection mécanique 50-300 MEUR ; qualification SSI requise.,DETECTE,,2026-10-07,254,1.825000047683716,0.0,10.606065094197367,6.1046521701704215,1.833499993085861,False,Yahoo Finance / yfinance - historique quotidien 1 an,OK,OUI,2026-10-08,133406000.0,0.174,0.95421,15539000.0,13377375.0,269011008.0,18461000.0,,51071390.0,0.17413001,Yahoo Finance / yfinance get_info,OK,PRET_SSI
2026-10-07,PISCINES DESJOYAUX S.A.       A,DJX.F,EUR,Allemagne,93344968.0,FRA,Frankfurt,EQUITY,,Yahoo Finance / yfinance EquityQuery,2026-10-07,Détection mécanique 50-300 MEUR ; qualification SSI requise.,DETECTE,,2026-10-07,254,10.399999618530272,0.0,-15.78947937414874,0.4830843982388977,11.587100043296816,False,Yahoo Finance / yfinance - historique quotidien 1 an,OK,OUI,2026-10-08,94856000.0,-0.07,0.51505,13999000.0,-11026875.0,43124000.0,36821000.0,,8975478.0,0.6678,Yahoo Finance / yfinance get_info,OK,PRET_SSI
2026-10-07,Tucows Inc.                   R,TUQ1.F,EUR,Allemagne,93370640.0,FRA,Frankfurt,EQUITY,,Yahoo Finance / yfinance EquityQuery,2026-10-07,Détection mécanique 50-300 MEUR ; qualification SSI requise.,DETECTE,,2026-10-07,254,8.350000381469727,0.0,-10.215051503026585,-38.14814532244647,12.963749995231629,False,Yahoo Finance / yfinance - historique quotidien 1 an,OK,OUI,2026-10-08,394440992.0,0.021,0.35544,23916000.0,-10307500.0,44164000.0,712238976.0,,11182112.0,0.20071,Yahoo Finance / yfinance get_info,OK,PRET_SSI
2026-10-07,Anpario PLC                   R,KI9A.F,EUR,Allemagne,93408416.0,FRA,Frankfurt,EQUITY,,Yahoo Finance / yfinance EquityQuery,2026-10-07,Détection mécanique 50-300 MEUR ; qualification SSI requise.,DETECTE,,2026-10-07,254,5.75,0.0,-4.958680682263317,11.650483369355369,5.739000015258789,True,Yahoo Finance / yfinance - historique quotidien 1 an,OK,OUI,2026-10-08,48753000.0,0.069,0.50422,9500000.0,2491625.0,10955000.0,252000.0,,16244942.0,0.25666,Yahoo Finance / yfinance get_info,OK,PRET_SSI
2026-10-07,La Francaise de L'Energie     A,LFX.F,EUR,Allemagne,93497296.0,FRA,Frankfurt,EQUITY,,Yahoo Finance / yfinance EquityQuery,2026-10-07,Détection mécanique 50-300 MEUR ; qualification SSI requise.,DETECTE,,2026-10-07,254,17.040000915527344,0.0,-55.68270330971858,-58.48964377045986,33.31975008010864,False,Yahoo Finance / yfinance - historique quotidien 1 an,OK,OUI,2026-10-08,32378040.0,0.165,0.62671,13414931.0,-29118504.0,51551352.0,130767440.0,,5280010.0,0.31222,Yahoo Finance / yfinance get_info,OK,PRET_SSI
2026-10-07,Hardide PLC                   R,9V0.F,EUR,Allemagne,93787176.0,FRA,Frankfurt,EQUITY,,Yahoo Finance / yfinance EquityQuery,2026-10-07,Détection mécanique 50-300 MEUR ; qualification SSI requise.,DETECTE,,2026-10-07,254,1.190000057220459,0.0,48.75000493600956,232.40224110128068,0.6108800008147955,True,Yahoo Finance / yfinance - historique quotidien 1 an,OK,OUI,2026-10-08,8018000.0,0.71,0.63345003,2040000.0,366625.0,1493000.0,2219000.0,,78812749.0,0.41105,Yahoo Finance / yfinance get_info,OK,PRET_SSI
2026-10-07,Ateam Holdings Co. Ltd.       R,88A.F,EUR,Allemagne,93859888.0,FRA,Frankfurt,EQUITY,,Yahoo Finance / yfinance EquityQuery,2026-10-07,Détection mécanique 50-300 MEUR ; qualification SSI requise.,DETECTE,,2026-10-07,212,5.050000190734863,0.0,-7.339442798699991,-0.9803865653465582,5.335500011444092,False,Yahoo Finance / yfinance - historique quotidien 1 an,OK,OUI,2026-10-08,22997000192.0,-0.032,0.84541,1507000064.0,-206000000.0,5038000128.0,1706000000.0,,18586116.0,0.45851,Yahoo Finance / yfinance get_info,OK,PRET_SSI
2026-10-07,SCP Standard Cap.Partners AG  I,VAD.F,EUR,Allemagne,94262712.0,FRA,Frankfurt,EQUITY,,Yahoo Finance / yfinance EquityQuery,2026-10-07,Détection mécanique 50-300 MEUR ; qualification SSI requise.,DETECTE,,2026-10-07,254,2.759999990463257,0.0,204.97238427807244,204.97238427807244,1.2570749977231026,True,Yahoo Finance / yfinance - historique quotidien 1 an,OK,OUI,2026-10-08,44541001728.0,0.007,0.17864001,5768999936.0,2206125056.0,9509000192.0,33780000768.0,,34153156.0,0.0,Yahoo Finance / yfinance get_info,OK,PRET_SSI
2026-10-07,Venture Life Group PLC        R,17V.F,EUR,Allemagne,94300328.0,FRA,Frankfurt,EQUITY,,Yahoo Finance / yfinance EquityQuery,2026-10-07,Détection mécanique 50-300 MEUR ; qualification SSI requise.,DETECTE,,2026-10-07,254,0.7950000166893005,0.0,5.298016120569704,8.904109029793172,0.7396750003099442,True,Yahoo Finance / yfinance - historique quotidien 1 an,OK,OUI,2026-10-08,35271512.0,3.325,0.44647,4778821.0,,34168000.0,667000.0,,118616758.0,0.04575,Yahoo Finance / yfinance get_info,OK,PRET_SSI
2026-10-07,Advanced Engineered Materials R,AD5.F,EUR,Allemagne,94320512.0,FRA,Frankfurt,EQUITY,,Yahoo Finance / yfinance EquityQuery,2026-10-07,Détection mécanique 50-300 MEUR ; qualification SSI requise.,DETECTE,,2026-10-07,152,0.1599999964237213,0.0,-30.58568416662071,-39.39394042019016,,,Yahoo Finance / yfinance - historique quotidien 1 an,OK,OUI,2026-10-08,833347.0,0.849,0.0,-26646686.0,-33116358.0,23667484.0,12303377.0,,589503244.0,0.56488,Yahoo Finance / yfinance get_info,OK,PRET_SSI
2026-10-07,Apyx Medical Corp.            R,BOV.F,EUR,Allemagne,94357816.0,FRA,Frankfurt,EQUITY,,Yahoo Finance / yfinance EquityQuery,2026-10-07,Détection mécanique 50-300 MEUR ; qualification SSI requise.,DETECTE,,2026-10-07,254,2.240000009536743,0.0,-40.42553151015407,-30.864197440017303,3.129299991130829,False,Yahoo Finance / yfinance - historique quotidien 1 an,OK,OUI,2026-10-08,58415000.0,0.221,0.63496,-2755000.0,-9631625.0,27617000.0,39630000.0,,42124023.0,0.13545999,Yahoo Finance / yfinance get_info,OK,PRET_SSI
2026-10-07,Avation PLC                   R,9K0.F,EUR,Allemagne,94470328.0,FRA,Frankfurt,EQUITY,,Yahoo Finance / yfinance EquityQuery,2026-10-07,Détection mécanique 50-300 MEUR ; qualification SSI requise.,DETECTE,,2026-10-07,254,1.590000033378601,0.0,5.298016120569704,11.188817601360611,1.4935000032186507,True,Yahoo Finance / yfinance - historique quotidien 1 an,OK,OUI,2026-10-08,110093000.0,-0.045,1.0,91912000.0,90307376.0,57845000.0,576126976.0,,59415301.0,0.24229999,Yahoo Finance / yfinance get_info,OK,PRET_SSI
2026-10-07,Geox S.p.A.                   A,GHH.F,EUR,Allemagne,94655080.0,FRA,Frankfurt,EQUITY,,Yahoo Finance / yfinance EquityQuery,2026-10-07,Détection mécanique 50-300 MEUR ; qualification SSI requise.,DETECTE,,2026-10-07,254,0.2585000097751617,0.0,-10.862063029858328,-2.6365344805562074,0.2750350005179643,False,Yahoo Finance / yfinance - historique quotidien 1 an,OK,OUI,2026-10-08,573713024.0,-0.114,0.50305,10326000.0,59325248.0,18790000.0,299359008.0,,366170490.0,0.71160007,Yahoo Finance / yfinance get_info,OK,PRET_SSI
2026-10-07,AFYREN SAS                    A,90N.F,EUR,Allemagne,94933936.0,FRA,Frankfurt,EQUITY,,Yahoo Finance / yfinance EquityQuery,2026-10-07,Détection mécanique 50-300 MEUR ; qualification SSI requise.,DETECTE,,2026-10-07,254,2.450000047683716,0.0,-9.259259095734862,0.0,2.6644749999046327,False,Yahoo Finance / yfinance - historique quotidien 1 an,OK,OUI,2026-10-08,2498000.0,0.187,-1.08127,-11873000.0,8503500.0,17362000.0,40895000.0,,38748542.0,0.58922,Yahoo Finance / yfinance get_info,OK,PRET_SSI
2026-10-07,Shimao Services Holdings Ltd. R,5GO.F,EUR,Allemagne,95024664.0,FRA,Frankfurt,EQUITY,,Yahoo Finance / yfinance EquityQuery,2026-10-07,Détection mécanique 50-300 MEUR ; qualification SSI requise.,DETECTE,,2026-10-07,254,0.0384999997913837,0.0,-16.30434844227392,-37.39837605211432,0.0564399999938905,False,Yahoo Finance / yfinance - historique quotidien 1 an,OK,OUI,2026-10-08,7610499072.0,-0.074,0.15009,195960992.0,-961329344.0,3175845888.0,27605000.0,,2468173000.0,0.56715,Yahoo Finance / yfinance get_info,OK,PRET_SSI
2026-10-07,Syrah Resources Ltd.          R,3S7.F,EUR,Allemagne,95199024.0,FRA,Frankfurt,EQUITY,,Yahoo Finance / yfinance EquityQuery,2026-10-07,Détection mécanique 50-300 MEUR ; qualification SSI requise.,DETECTE,,2026-10-07,254,0.0410000011324882,0.0,-33.87096483458089,-37.9727680721099,0.0890059898979961,False,Yahoo Finance / yfinance - historique quotidien 1 an,OK,OUI,2026-10-08,49438000.0,8.004,-1.2987801,-69482000.0,-42531248.0,98256000.0,311982016.0,,2321927497.0,0.060100004,Yahoo Finance / yfinance get_info,OK,PRET_SSI
2026-10-07,IG Design Group PLC           R,LYG.F,EUR,Allemagne,95206920.0,FRA,Frankfurt,EQUITY,,Yahoo Finance / yfinance EquityQuery,2026-10-07,Détection mécanique 50-300 MEUR ; qualification SSI requise.,DETECTE,,2026-10-07,254,1.059999942779541,0.0,10.99476034594662,70.96773139147811,0.8222250017523766,True,Yahoo Finance / yfinance - historique quotidien 1 an,OK,OUI,2026-10-08,217874000.0,0.093,0.19228001,9734000.0,80881248.0,54678000.0,33641000.0,,89817856.0,0.55715,Yahoo Finance / yfinance get_info,OK,PRET_SSI
2026-10-07,SoundThinking Inc.            R,918.F,EUR,Allemagne,95331680.0,FRA,Frankfurt,EQUITY,,Yahoo Finance / yfinance EquityQuery,2026-10-07,Détection mécanique 50-300 MEUR ; qualification SSI requise.,DETECTE,,2026-10-07,254,7.199999809265137,0.0,1.408449379940424,42.57424826388792,5.8715500116348265,True,Yahoo Finance / yfinance - historique quotidien 1 an,OK,OUI,2026-10-08,97956000.0,-0.077,0.50987,-4750000.0,6637250.0,6483000.0,5511000.0,,13240512.0,0.27544,Yahoo Finance / yfinance get_info,OK,PRET_SSI
2026-10-07,NORCOD AS                     N,NO9.MU,EUR,Allemagne,95392528.0,MUN,Munich,EQUITY,,Yahoo Finance / yfinance EquityQuery,2026-10-07,Détection mécanique 50-300 MEUR ; qualification SSI requise.,DETECTE,,2026-10-07,254,1.2100000381469729,0.0,24.229986301946617,30.95238156673514,1.0104550004005433,True,Yahoo Finance / yfinance - historique quotidien 1 an,OK,OUI,2026-10-08,247207008.0,-0.378,0.6106,-48008000.0,-228761248.0,7731000.0,487484992.0,,79224974.0,0.56933,Yahoo Finance / yfinance get_info,OK,PRET_SSI
2026-10-07,AS Harju Elekter              R,HD8.F,EUR,Allemagne,95429376.0,FRA,Frankfurt,EQUITY,,Yahoo Finance / yfinance EquityQuery,2026-10-07,Détection mécanique 50-300 MEUR ; qualification SSI requise.,DETECTE,,2026-10-07,254,4.929999828338623,0.0,-5.916029700768288,-18.914475490099203,5.254699926376343,False,Yahoo Finance / yfinance - historique quotidien 1 an,OK,OUI,2026-10-08,167772992.0,-0.086,0.13984,10484000.0,-4151375.0,2911000.0,35467000.0,,18579770.0,0.39817002,Yahoo Finance / yfinance get_info,OK,PRET_SSI
2026-10-07,Redcentric PLC                R,6YD0.F,EUR,Allemagne,95559816.0,FRA,Frankfurt,EQUITY,,Yahoo Finance / yfinance EquityQuery,2026-10-07,Détection mécanique 50-300 MEUR ; qualification SSI requise.,DETECTE,,2026-10-07,254,0.9409999847412108,0.0,-34.65278143408107,-27.61538313408569,1.2862669959664346,False,Yahoo Finance / yfinance - historique quotidien 1 an,OK,OUI,2026-10-08,131985000.0,-0.01,0.61011004,13789000.0,-8308125.0,4715000.0,43396000.0,,101551344.0,0.19042,Yahoo Finance / yfinance get_info,OK,PRET_SSI
2026-10-07,Enersense International OYJ.  R,42U.F,EUR,Allemagne,95608408.0,FRA,Frankfurt,EQUITY,,Yahoo Finance / yfinance EquityQuery,2026-10-07,Détection mécanique 50-300 MEUR ; qualification SSI requise.,DETECTE,,2026-10-07,254,5.900000095367432,0.0,67.61363998117037,73.52940970226149,3.7330000030994417,True,Yahoo Finance / yfinance - historique quotidien 1 an,OK,OUI,2026-10-08,294779008.0,-0.05,0.120629996,2267000.0,64279000.0,18050000.0,30763000.0,,16204814.0,0.59942,Yahoo Finance / yfinance get_info,OK,PRET_SSI
2026-10-07,Calida Holding AG             N,C7UA.F,EUR,Allemagne,95741808.0,FRA,Frankfurt,EQUITY,,Yahoo Finance / yfinance EquityQuery,2026-10-07,Détection mécanique 50-300 MEUR ; qualification SSI requise.,DETECTE,,2026-10-07,254,13.699999809265137,0.0,-28.272253740075925,-0.7246404354172786,15.21369999885559,False,Yahoo Finance / yfinance - historique quotidien 1 an,OK,OUI,2026-10-08,207824992.0,-0.079,0.75617,10293000.0,12535750.0,19954000.0,0.0,,6988453.0,0.22365999,Yahoo Finance / yfinance get_info,OK,PRET_SSI
2026-10-07,Ultralife Corp.               R,ULB.F,EUR,Allemagne,95813800.0,FRA,Frankfurt,EQUITY,,Yahoo Finance / yfinance EquityQuery,2026-10-07,Détection mécanique 50-300 MEUR ; qualification SSI requise.,DETECTE,,2026-10-07,254,5.75,0.0,16.39675978536923,-7.9999999999999964,5.330824995040894,True,Yahoo Finance / yfinance - historique quotidien 1 an,OK,OUI,2026-10-08,187240000.0,-0.013,0.24381,12730000.0,2335875.0,6663000.0,47510000.0,,16663269.0,0.03218,Yahoo Finance / yfinance get_info,OK,PRET_SSI
2026-10-07,Banca Profilo S.p.A.          A,BPA0.F,EUR,Allemagne,95815528.0,FRA,Frankfurt,EQUITY,,Yahoo Finance / yfinance EquityQuery,2026-10-07,Détection mécanique 50-300 MEUR ; qualification SSI requise.,DETECTE,,2026-10-07,254,1.4500000476837158,0.0,-1.2261584474923315,14.533966077895832,1.5017799961566924,False,Yahoo Finance / yfinance - historique quotidien 1 an,OK,OUI,2026-10-08,49933000.0,-0.28,0.0,,,859113984.0,1116445056.0,,66079671.0,0.62403,Yahoo Finance / yfinance get_info,OK,PRET_SSI
2026-10-07,LAKELAND INDUSTRIES INC.      R,LLI.F,EUR,Allemagne,95837488.0,FRA,Frankfurt,EQUITY,,Yahoo Finance / yfinance EquityQuery,2026-10-07,Détection mécanique 50-300 MEUR ; qualification SSI requise.,DETECTE,,2026-10-07,254,9.649999618530272,0.0,3.2085478590471395,28.66666158040365,8.492250022888184,True,Yahoo Finance / yfinance - historique quotidien 1 an,OK,OUI,2026-10-08,190960992.0,-0.045,0.32619998,-3290000.0,17592624.0,17901000.0,38938000.0,,9931346.0,0.13247,Yahoo Finance / yfinance get_info,OK,PRET_SSI
2026-10-07,Gigante Salmon AS             N,96M.F,EUR,Allemagne,96127488.0,FRA,Frankfurt,EQUITY,,Yahoo Finance / yfinance EquityQuery,2026-10-07,Détection mécanique 50-300 MEUR ; qualification SSI requise.,DETECTE,,2026-10-07,254,0.4280000030994415,0.0,-25.17482812605506,-47.54901824720267,0.6328899976611138,False,Yahoo Finance / yfinance - historique quotidien 1 an,OK,OUI,2026-10-08,140126000.0,-0.089,0.61009,2135000.0,-322473888.0,55876000.0,516902016.0,,224596927.0,0.73328,Yahoo Finance / yfinance get_info,OK,PRET_SSI
2026-10-07,Klingelnberg AG               N,2MK.F,EUR,Allemagne,96356000.0,FRA,Frankfurt,EQUITY,,Yahoo Finance / yfinance EquityQuery,2026-10-07,Détection mécanique 50-300 MEUR ; qualification SSI requise.,DETECTE,,2026-10-07,254,10.899999618530272,0.0,-1.8018086132081,-3.53982801285756,11.548499960899353,False,Yahoo Finance / yfinance - historique quotidien 1 an,OK,OUI,2026-10-08,285390016.0,-0.002,0.58615,15096000.0,2809000.0,24848000.0,53650000.0,,8840000.0,0.65558,Yahoo Finance / yfinance get_info,OK,PRET_SSI
2026-10-07,MaxCyte Inc.                  R,MYE0.F,EUR,Allemagne,96497808.0,FRA,Frankfurt,EQUITY,,Yahoo Finance / yfinance EquityQuery,2026-10-07,Détection mécanique 50-300 MEUR ; qualification SSI requise.,DETECTE,,2026-10-07,254,0.9350000023841858,0.0,-16.517857285406514,39.55223568565578,0.8934249976277351,True,Yahoo Finance / yfinance - historique quotidien 1 an,OK,OUI,2026-10-08,31051000.0,-0.145,0.79227996,-30288000.0,-13138125.0,105690000.0,17251000.0,,103206206.0,0.01835,Yahoo Finance / yfinance get_info,OK,PRET_SSI
2026-10-07,Bulgarian Stock Exchange (BSE)R,0KP.F,EUR,Allemagne,96636384.0,FRA,Frankfurt,EQUITY,,Yahoo Finance / yfinance EquityQuery,2026-10-07,Détection mécanique 50-300 MEUR ; qualification SSI requise.,DETECTE,,2026-10-07,184,7.340000152587891,0.0,7.94117568685937,-11.566265254049068,,,Yahoo Finance / yfinance - historique quotidien 1 an,OK,OUI,2026-10-08,13106295.0,0.258,0.99632,6180788.0,-1824191.0,18167000.0,141000.0,,13165720.0,0.50054,Yahoo Finance / yfinance get_info,OK,PRET_SSI
2026-10-07,Cityvarasto OY                R,TJ9.F,EUR,Allemagne,96647992.0,FRA,Frankfurt,EQUITY,,Yahoo Finance / yfinance EquityQuery,2026-10-07,Détection mécanique 50-300 MEUR ; qualification SSI requise.,DETECTE,,2026-10-07,177,12.100000381469728,0.0,-15.08771662126508,-29.239765429585653,,,Yahoo Finance / yfinance - historique quotidien 1 an,OK,OUI,2026-10-08,29184000.0,0.13,0.82668996,11930000.0,3662125.0,6277000.0,51609000.0,,7987437.0,0.53499,Yahoo Finance / yfinance get_info,OK,PRET_SSI
2026-10-07,Alumasc Group PLC,0JL.SG,EUR,Allemagne,96650872.0,STU,Stuttgart,EQUITY,,Yahoo Finance / yfinance EquityQuery,2026-10-07,Détection mécanique 50-300 MEUR ; qualification SSI requise.,DETECTE,,2026-10-07,254,2.680000066757202,0.0,5.511815236486828,-6.293700522411805,2.697299988269806,False,Yahoo Finance / yfinance - historique quotidien 1 an,OK,OUI,2026-10-08,107117000.0,0.012,0.36415002,13944000.0,4922125.0,6330000.0,20775000.0,,36063757.0,0.31832,Yahoo Finance / yfinance get_info,OK,PRET_SSI
2026-10-07,IPAS Indexo                   B,S9S.F,EUR,Allemagne,97163384.0,FRA,Frankfurt,EQUITY,,Yahoo Finance / yfinance EquityQuery,2026-10-07,Détection mécanique 50-300 MEUR ; qualification SSI requise.,DETECTE,,2026-10-07,173,9.399999618530272,0.0,14.914416477253113,13.801445012826118,,,Yahoo Finance / yfinance - historique quotidien 1 an,OK,OUI,2026-10-08,7001000.0,0.632,0.73661005,-28377000.0,-295244320.0,48716000.0,140938000.0,,10336531.0,0.39376,Yahoo Finance / yfinance get_info,OK,PRET_SSI
2026-10-07,LexinFintech Holdings Ltd.    R,1LFA.F,EUR,Allemagne,97225080.0,FRA,Frankfurt,EQUITY,,Yahoo Finance / yfinance EquityQuery,2026-10-07,Détection mécanique 50-300 MEUR ; qualification SSI requise.,DETECTE,,2026-10-07,254,0.5899999737739563,0.0,-53.17460490162112,-68.61702259199929,1.6847250032424927,False,Yahoo Finance / yfinance - historique quotidien 1 an,OK,OUI,2026-10-08,12956720128.0,-0.112,0.30394,745971968.0,,1232361984.0,3697965056.0,,129117160.0,0.05192,Yahoo Finance / yfinance get_info,OK,PRET_SSI
2026-10-07,Insight Molecular Diagno. Inc.R,7OC0.F,EUR,Allemagne,97518368.0,FRA,Frankfurt,EQUITY,,Yahoo Finance / yfinance EquityQuery,2026-10-07,Détection mécanique 50-300 MEUR ; qualification SSI requise.,DETECTE,,2026-10-07,235,2.9800000190734863,0.0,-30.697677049074525,19.20000076293946,4.254549984931946,False,Yahoo Finance / yfinance - historique quotidien 1 an,OK,OUI,2026-10-08,1670000.0,-0.539,0.48743,-34543000.0,-18789500.0,17756000.0,2625000.0,,32724284.0,0.20999001,Yahoo Finance / yfinance get_info,OK,PRET_SSI
2026-10-07,Yellow Pages Ltd.             R,YMI.F,EUR,Allemagne,97676144.0,FRA,Frankfurt,EQUITY,,Yahoo Finance / yfinance EquityQuery,2026-10-07,Détection mécanique 50-300 MEUR ; qualification SSI requise.,DETECTE,,2026-10-07,254,8.449999809265137,0.0,6.962021610863345,9.032255603421111,7.818750007152557,True,Yahoo Finance / yfinance - historique quotidien 1 an,OK,OUI,2026-10-08,190779008.0,-0.08,0.20219,32989000.0,25858124.0,36065000.0,34206000.0,,11559307.0,0.00246,Yahoo Finance / yfinance get_info,OK,PRET_SSI
2026-10-07,DIRTT Environmen.Solutions LtdR,D13.F,EUR,Allemagne,97808872.0,FRA,Frankfurt,EQUITY,,Yahoo Finance / yfinance EquityQuery,2026-10-07,Détection mécanique 50-300 MEUR ; qualification SSI requise.,DETECTE,,2026-10-07,254,0.5049999952316284,0.0,0.0,7.905983096479163,0.4953799957036972,True,Yahoo Finance / yfinance - historique quotidien 1 an,OK,OUI,2026-10-08,171380000.0,0.036,0.33301,3117000.0,9890750.0,14826000.0,36931000.0,,193680944.0,0.35049,Yahoo Finance / yfinance get_info,OK,PRET_SSI
2026-10-07,Ionic Rare Earths Ltd.        R,6UH.F,EUR,Allemagne,97836176.0,FRA,Frankfurt,EQUITY,,Yahoo Finance / yfinance EquityQuery,2026-10-07,Détection mécanique 50-300 MEUR ; qualification SSI requise.,DETECTE,,2026-10-07,253,0.3799999952316284,0.0,112.2904940500664,102.34290998722928,0.2247635006159544,True,Yahoo Finance / yfinance - historique quotidien 1 an,OK,OUI,2026-10-08,1243279.0,-0.323,1.0,-14174894.0,-10733232.0,3481238.0,240809.0,,257463615.0,0.14946,Yahoo Finance / yfinance get_info,OK,PRET_SSI
2026-10-07,Terra Metals Ltd.             R,21V.F,EUR,Allemagne,97934192.0,FRA,Frankfurt,EQUITY,,Yahoo Finance / yfinance EquityQuery,2026-10-07,Détection mécanique 50-300 MEUR ; qualification SSI requise.,DETECTE,,2026-10-07,254,0.0949999988079071,0.0,-24.00000095367432,-39.87342124326418,0.1514450005069375,False,Yahoo Finance / yfinance - historique quotidien 1 an,OK,OUI,2026-10-08,1061750.0,36.653,1.0,-27813186.0,-13297577.0,75112016.0,354090.0,,1030886292.0,0.44050997,Yahoo Finance / yfinance get_info,OK,PRET_SSI
2026-10-07,Shotspotter Inc.,918.SG,EUR,Allemagne,97979792.0,STU,Stuttgart,EQUITY,,Yahoo Finance / yfinance EquityQuery,2026-10-07,Détection mécanique 50-300 MEUR ; qualification SSI requise.,DETECTE,,2026-10-07,254,7.400000095367432,0.0,-1.333332061767578,34.54545627940784,6.178550000190735,True,Yahoo Finance / yfinance - historique quotidien 1 an,OK,OUI,2026-10-08,97956000.0,-0.077,0.50987,-4750000.0,6637250.0,6483000.0,5511000.0,,13240512.0,0.27544,Yahoo Finance / yfinance get_info,OK,PRET_SSI
2026-10-07,Curatis Holding AG            V,26U.F,EUR,Allemagne,98298808.0,FRA,Frankfurt,EQUITY,,Yahoo Finance / yfinance EquityQuery,2026-10-07,Détection mécanique 50-300 MEUR ; qualification SSI requise.,DETECTE,,2026-10-07,254,18.5,0.0,-28.846153846153843,-27.165353236842016,21.825999970436097,False,Yahoo Finance / yfinance - historique quotidien 1 an,OK,OUI,2026-10-08,13497000.0,0.514,0.24131,-271000.0,-2931750.0,3595000.0,0.0,,5313449.0,0.77910006,Yahoo Finance / yfinance get_info,OK,PRET_SSI
2026-10-07,Honghua Group Ltd.            R,4HB.F,EUR,Allemagne,98773392.0,FRA,Frankfurt,EQUITY,,Yahoo Finance / yfinance EquityQuery,2026-10-07,Détection mécanique 50-300 MEUR ; qualification SSI requise.,DETECTE,,2026-10-07,254,0.0109999999403953,0.0,-26.6666654249032,-46.341465187526566,0.0173450000304728,False,Yahoo Finance / yfinance - historique quotidien 1 an,OK,OUI,2026-10-08,5401814016.0,-0.035,0.11302,337849984.0,-431896128.0,913148992.0,5070361088.0,,8979399700.0,0.63957,Yahoo Finance / yfinance get_info,OK,PRET_SSI
2026-10-07,KULR Technology Group Inc.    R,7FA0.F,EUR,Allemagne,98947328.0,FRA,Frankfurt,EQUITY,,Yahoo Finance / yfinance EquityQuery,2026-10-07,Détection mécanique 50-300 MEUR ; qualification SSI requise.,DETECTE,,2026-10-07,254,2.138000011444092,0.0,-18.70722743681001,2.788465858916722,2.519362490773201,False,Yahoo Finance / yfinance - historique quotidien 1 an,OK,OUI,2026-10-08,16095934.0,-0.43,-0.14899999,-42604156.0,-85658960.0,12783933.0,22767740.0,,46280322.0,0.08243,Yahoo Finance / yfinance get_info,OK,PRET_SSI
2026-10-07,Empire Petroleum Corp.        R,6W8.F,EUR,Allemagne,99013576.0,FRA,Frankfurt,EQUITY,,Yahoo Finance / yfinance EquityQuery,2026-10-07,Détection mécanique 50-300 MEUR ; qualification SSI requise.,DETECTE,,2026-10-07,254,2.380000114440918,0.0,6.250004656612851,0.0,2.351649995446205,True,Yahoo Finance / yfinance - historique quotidien 1 an,OK,OUI,2026-10-08,35258000.0,0.27,0.26014,-7480000.0,20065376.0,3124000.0,16038000.0,,41602341.0,0.60336,Yahoo Finance / yfinance get_info,OK,PRET_SSI
2026-10-07,Jutal Offshore Oil Services LtR,I8O.F,EUR,Allemagne,99025008.0,FRA,Frankfurt,EQUITY,,Yahoo Finance / yfinance EquityQuery,2026-10-07,Détection mécanique 50-300 MEUR ; qualification SSI requise.,DETECTE,,2026-10-07,254,0.0395000018179416,0.0,-21.782177341368847,-18.55669968477132,0.0512697751447558,False,Yahoo Finance / yfinance - historique quotidien 1 an,OK,OUI,2026-10-08,691051008.0,-0.254,0.07935,8169500.0,-463187744.0,722550976.0,501235008.0,,2488835287.0,0.53969,Yahoo Finance / yfinance get_info,OK,PRET_SSI
2026-10-07,Stereotaxis Inc.              R,RJR1.F,EUR,Allemagne,99200152.0,FRA,Frankfurt,EQUITY,,Yahoo Finance / yfinance EquityQuery,2026-10-07,Détection mécanique 50-300 MEUR ; qualification SSI requise.,DETECTE,,2026-10-07,254,0.9900000095367432,0.0,-31.62983143410756,-37.81407005073284,1.5392799985408785,False,Yahoo Finance / yfinance - historique quotidien 1 an,OK,OUI,2026-10-08,30068000.0,-0.128,0.55567,-18058000.0,-8830500.0,10491000.0,5173000.0,,100202178.0,0.15205,Yahoo Finance / yfinance get_info,OK,PRET_SSI
2026-10-07,Shougang Century Holdings Ltd.R,CW70.F,EUR,Allemagne,99276464.0,FRA,Frankfurt,EQUITY,,Yahoo Finance / yfinance EquityQuery,2026-10-07,Détection mécanique 50-300 MEUR ; qualification SSI requise.,DETECTE,,2026-10-07,254,0.19200000166893,0.0,-0.5181357551348631,-29.41176792845164,0.2404699994623661,False,Yahoo Finance / yfinance - historique quotidien 1 an,OK,OUI,2026-10-08,2588132096.0,0.141,0.14751,106459000.0,-211819008.0,500399008.0,754204992.0,,517064941.0,0.69615996,Yahoo Finance / yfinance get_info,OK,PRET_SSI
2026-10-07,Roots Corp.                   R,4RO.F,EUR,Allemagne,99560792.0,FRA,Frankfurt,EQUITY,,Yahoo Finance / yfinance EquityQuery,2026-10-07,Détection mécanique 50-300 MEUR ; qualification SSI requise.,DETECTE,,2026-10-07,254,2.539999961853028,0.0,12.389379317314765,4.958672800657649,2.2710500001907348,True,Yahoo Finance / yfinance - historique quotidien 1 an,OK,OUI,2026-10-08,279040992.0,-0.024,0.60631,27962000.0,25331624.0,3935000.0,106740000.0,,39197165.0,0.16535999,Yahoo Finance / yfinance get_info,OK,PRET_SSI
2026-10-07,Ellington Credit Co.          R,73Z.F,EUR,Allemagne,99676688.0,FRA,Frankfurt,EQUITY,,Yahoo Finance / yfinance EquityQuery,2026-10-07,Détection mécanique 50-300 MEUR ; qualification SSI requise.,DETECTE,,2026-10-07,254,3.1449999809265137,0.0,-18.733848218908435,-20.480403499490485,4.004200003147125,False,Yahoo Finance / yfinance - historique quotidien 1 an,OK,OUI,2026-10-08,41595000.0,-0.193,1.0,,,23469000.0,205764992.0,,37559200.0,0.01363,Yahoo Finance / yfinance get_info,OK,PRET_SSI
2026-10-07,West Wits Mining Ltd.         R,4W3.F,EUR,Allemagne,100025624.0,FRA,Frankfurt,EQUITY,,Yahoo Finance / yfinance EquityQuery,2026-10-07,Détection mécanique 50-300 MEUR ; qualification SSI requise.,DETECTE,,2026-10-07,254,0.2300000041723251,1812.0150330662727,-8.730158542439392,-42.49999981373549,0.3613475000113249,False,Yahoo Finance / yfinance - historique quotidien 1 an,OK,OUI,2026-10-08,197000.0,3.947,1.0,-7709000.0,-50987500.0,32015000.0,23306000.0,,434894012.0,0.23743,Yahoo Finance / yfinance get_info,OK,PRET_SSI
2026-10-07,Aurskog Sparebank,VK2.SG,EUR,Allemagne,100495344.0,STU,Stuttgart,EQUITY,,Yahoo Finance / yfinance EquityQuery,2026-10-07,Détection mécanique 50-300 MEUR ; qualification SSI requise.,DETECTE,RESOLU_CERTAIN,2026-10-07,254,21.739999771118164,0.0,-8.05667434876286,-3.975263439899978,22.809600038528444,False,Yahoo Finance / yfinance - historique quotidien 1 an,OK,OUI,2026-10-08,523411008.0,0.026,0.0,,,990070976.0,6421103104.0,,4622601.0,0.31954,Yahoo Finance / yfinance get_info,OK,PRET_SSI
2026-10-07,Peking University Res(Hldgs)CoR,MKU0.F,EUR,Allemagne,100563864.0,FRA,Frankfurt,EQUITY,,Yahoo Finance / yfinance EquityQuery,2026-10-07,Détection mécanique 50-300 MEUR ; qualification SSI requise.,DETECTE,,2026-10-07,254,0.025000000372529,0.0,-7.407408429434903,-5.660374838714255,0.0257475001132115,False,Yahoo Finance / yfinance - historique quotidien 1 an,OK,OUI,2026-10-08,1551533056.0,-0.146,0.06863,-155896992.0,-661214400.0,301992992.0,142342000.0,,2737417279.0,0.58033,Yahoo Finance / yfinance get_info,OK,PRET_SSI
2026-10-07,Vocento                       A,VON.F,EUR,Allemagne,100666440.0,FRA,Frankfurt,EQUITY,,Yahoo Finance / yfinance EquityQuery,2026-10-07,Détection mécanique 50-300 MEUR ; qualification SSI requise.,DETECTE,,2026-10-07,254,0.8360000252723694,0.0,7.179494350854965,19.77077488683872,0.7476000022888184,True,Yahoo Finance / yfinance - historique quotidien 1 an,OK,OUI,2026-10-08,337713984.0,,0.47112,-484000.0,21198376.0,29937000.0,69670000.0,,120414402.0,0.77082,Yahoo Finance / yfinance get_info,OK,PRET_SSI
2026-10-07,Edding Genor Group Hldgs. Ltd.R,67N0.F,EUR,Allemagne,100687224.0,FRA,Frankfurt,EQUITY,,Yahoo Finance / yfinance EquityQuery,2026-10-07,Détection mécanique 50-300 MEUR ; qualification SSI requise.,DETECTE,,2026-10-07,193,0.1800000071525573,0.0,-12.621355852315318,-44.09937612261972,,,Yahoo Finance / yfinance - historique quotidien 1 an,OK,OUI,2026-10-08,2224651008.0,-0.231,0.68042,682547968.0,870177984.0,913003008.0,1182434048.0,,524624608.0,0.47307,Yahoo Finance / yfinance get_info,OK,PRET_SSI
2026-10-07,KUDELSKI S.A.                 I,KUD.F,EUR,Allemagne,100798824.0,FRA,Frankfurt,EQUITY,,Yahoo Finance / yfinance EquityQuery,2026-10-07,Détection mécanique 50-300 MEUR ; qualification SSI requise.,DETECTE,,2026-10-07,254,1.0299999713897705,0.0,-20.15503861641813,-20.76923006385033,1.210200001001358,False,Yahoo Finance / yfinance - historique quotidien 1 an,OK,OUI,2026-10-08,363944000.0,-0.015,0.81518996,-17093000.0,-2369625.0,64310000.0,65486000.0,,51562938.0,0.27961,Yahoo Finance / yfinance get_info,OK,PRET_SSI
2026-10-07,Mig Holdings S.A.             N,M3K0.F,EUR,Allemagne,100931880.0,FRA,Frankfurt,EQUITY,,Yahoo Finance / yfinance EquityQuery,2026-10-07,Détection mécanique 50-300 MEUR ; qualification SSI requise.,DETECTE,,2026-10-07,254,3.0999999046325684,0.0,-0.8000030517578138,0.323624295826086,3.250100004673004,False,Yahoo Finance / yfinance - historique quotidien 1 an,OK,OUI,2026-10-08,13686000.0,-0.012,0.73440003,4246000.0,939375.0,15792000.0,72972000.0,,31400000.0,0.87563,Yahoo Finance / yfinance get_info,OK,PRET_SSI
2026-10-07,ROBERT WALTERS PLC            R,RBW.F,EUR,Allemagne,101299872.0,FRA,Frankfurt,EQUITY,,Yahoo Finance / yfinance EquityQuery,2026-10-07,Détection mécanique 50-300 MEUR ; qualification SSI requise.,DETECTE,,2026-10-07,254,1.5399999618530271,0.0,66.48648021689647,45.28302311175849,1.2358249944448472,True,Yahoo Finance / yfinance - historique quotidien 1 an,OK,OUI,2026-10-08,812000000.0,0.077,0.33103,-8300000.0,12737500.0,34700000.0,76600000.0,,65779140.0,0.12625,Yahoo Finance / yfinance get_info,OK,PRET_SSI
2026-10-07,Gala Technology Holding Ltd.  R,O8V.F,EUR,Allemagne,101324184.0,FRA,Frankfurt,EQUITY,,Yahoo Finance / yfinance EquityQuery,2026-10-07,Détection mécanique 50-300 MEUR ; qualification SSI requise.,DETECTE,,2026-10-07,238,0.7099999785423279,0.0,2.1582713452168223,35.23809729249579,0.6238350014388562,True,Yahoo Finance / yfinance - historique quotidien 1 an,OK,OUI,2026-10-08,1043028992.0,0.257,0.53502,148967008.0,118370376.0,615377984.0,24328000.0,,142710128.0,0.56928,Yahoo Finance / yfinance get_info,OK,PRET_SSI
2026-10-07,Pulse Seismic Inc.            R,PUD.F,EUR,Allemagne,101700752.0,FRA,Frankfurt,EQUITY,,Yahoo Finance / yfinance EquityQuery,2026-10-07,Détection mécanique 50-300 MEUR ; qualification SSI requise.,DETECTE,,2026-10-07,254,1.909999966621399,0.0,-7.281552442945626,-22.983872905978288,2.1684999871253967,False,Yahoo Finance / yfinance - historique quotidien 1 an,OK,OUI,2026-10-08,15472000.0,-0.803,1.0,6004000.0,1605875.0,8446000.0,139000.0,,50714857.0,0.22311,Yahoo Finance / yfinance get_info,OK,PRET_SSI
2026-10-07,Bioventix PLC                 R,51B.F,EUR,Allemagne,101884768.0,FRA,Frankfurt,EQUITY,,Yahoo Finance / yfinance EquityQuery,2026-10-07,Détection mécanique 50-300 MEUR ; qualification SSI requise.,DETECTE,,2026-10-07,254,19.5,0.0,3.1746052570364336,-3.4653501806976683,18.366000018119813,True,Yahoo Finance / yfinance - historique quotidien 1 an,OK,OUI,2026-10-08,12542330.0,-0.085,0.92446,9839017.0,6596390.0,5303901.0,0.0,,5224860.0,0.07705,Yahoo Finance / yfinance get_info,OK,PRET_SSI
2026-10-07,Western Forest Products Inc.  R,NWF0.F,EUR,Allemagne,101886464.0,FRA,Frankfurt,EQUITY,,Yahoo Finance / yfinance EquityQuery,2026-10-07,Détection mécanique 50-300 MEUR ; qualification SSI requise.,DETECTE,,2026-10-07,254,9.649999618530272,0.0,-10.648153258285642,7.22221798366971,9.724499995708465,False,Yahoo Finance / yfinance - historique quotidien 1 an,OK,OUI,2026-10-08,876000000.0,-0.171,0.07374,-92500000.0,-68512496.0,4300000.0,59600000.0,,10558183.0,0.18423,Yahoo Finance / yfinance get_info,OK,PRET_SSI
2026-10-07,Orion Energy Systems Inc.     R,5A40.F,EUR,Allemagne,102232152.0,FRA,Frankfurt,EQUITY,,Yahoo Finance / yfinance EquityQuery,2026-10-07,Détection mécanique 50-300 MEUR ; qualification SSI requise.,DETECTE,,2026-10-07,254,25.0,0.0,190.69766152414448,237.83783348395588,12.147500026226044,True,Yahoo Finance / yfinance - historique quotidien 1 an,OK,OUI,2026-10-08,92474000.0,0.315,0.33633998,3015000.0,-3517375.0,5165000.0,9553000.0,,4089286.0,0.14066,Yahoo Finance / yfinance get_info,OK,PRET_SSI
2026-10-07,Sipai Health Technology Co.LtdR,AX1.F,EUR,Allemagne,102272120.0,FRA,Frankfurt,EQUITY,,Yahoo Finance / yfinance EquityQuery,2026-10-07,Détection mécanique 50-300 MEUR ; qualification SSI requise.,DETECTE,,2026-10-07,254,0.1410000026226043,0.0,4.444442236865087,-28.78787707746082,0.1777800006046891,False,Yahoo Finance / yfinance - historique quotidien 1 an,OK,OUI,2026-10-08,1586835968.0,-0.396,0.17811,-21204000.0,,468475008.0,17319000.0,,725334114.0,0.57427,Yahoo Finance / yfinance get_info,OK,PRET_SSI
2026-10-07,COMPAGNIE LEBON S.A.          A,88J.F,EUR,Allemagne,102575464.0,FRA,Frankfurt,EQUITY,,Yahoo Finance / yfinance EquityQuery,2026-10-07,Détection mécanique 50-300 MEUR ; qualification SSI requise.,DETECTE,,2026-10-07,254,91.1999969482422,0.0,1.108647487620007,-4.8016763642798495,93.09599975585938,False,Yahoo Finance / yfinance - historique quotidien 1 an,OK,OUI,2026-10-08,115243000.0,0.02,0.64677,16657000.0,782000.0,14012000.0,140780992.0,,1124731.0,0.74052,Yahoo Finance / yfinance get_info,OK,PRET_SSI
2026-10-07,Tongdao Liepin Group Co. Ltd. R,6WT.F,EUR,Allemagne,102745648.0,FRA,Frankfurt,EQUITY,,Yahoo Finance / yfinance EquityQuery,2026-10-07,Détection mécanique 50-300 MEUR ; qualification SSI requise.,DETECTE,,2026-10-07,254,0.2259999960660934,0.0,9.708735827440496,-21.527775765661016,0.2956449998170137,False,Yahoo Finance / yfinance - historique quotidien 1 an,OK,OUI,2026-10-08,2038036992.0,0.056,0.7732,133570000.0,434212256.0,1259885952.0,145894000.0,,454626763.0,0.32348,Yahoo Finance / yfinance get_info,OK,PRET_SSI
2026-10-07,KULMBACHER BRAUEREI AG        I,KUL.MU,EUR,Allemagne,102816000.0,MUN,Munich,EQUITY,,Yahoo Finance / yfinance EquityQuery,2026-10-07,Détection mécanique 50-300 MEUR ; qualification SSI requise.,DETECTE,,2026-10-07,254,30.600000381469727,69.19999694824219,-11.046514464688215,-19.04761640453069,35.884999685287475,False,Yahoo Finance / yfinance - historique quotidien 1 an,OK,OUI,2026-10-08,289583008.0,-0.007,0.60732,34965000.0,16160500.0,24610000.0,43364000.0,,3360000.0,0.95984,Yahoo Finance / yfinance get_info,OK,PRET_SSI
2026-10-07,RTX A/S                       N,RTE.F,EUR,Allemagne,102934320.0,FRA,Frankfurt,EQUITY,,Yahoo Finance / yfinance EquityQuery,2026-10-07,Détection mécanique 50-300 MEUR ; qualification SSI requise.,DETECTE,,2026-10-07,254,13.25,0.0,6.000000000000005,3.9215686274509887,13.223999977111816,True,Yahoo Finance / yfinance - historique quotidien 1 an,OK,OUI,2026-10-08,555440000.0,0.03,0.53084,23917000.0,54541500.0,135903008.0,49327000.0,,7768628.0,0.13572,Yahoo Finance / yfinance get_info,OK,PRET_SSI
2026-10-07,GLINTT-Gl.Intellig.Technol.SA A,PAJA.F,EUR,Allemagne,103050992.0,FRA,Frankfurt,EQUITY,,Yahoo Finance / yfinance EquityQuery,2026-10-07,Détection mécanique 50-300 MEUR ; qualification SSI requise.,DETECTE,,2026-10-07,139,1.184999942779541,0.0,3.043475421480002,-3.6585427313929775,,,Yahoo Finance / yfinance - historique quotidien 1 an,OK,OUI,2026-10-08,142402064.0,0.09,0.61467,14264198.0,9789113.0,19790404.0,40763536.0,,86962868.0,0.79393995,Yahoo Finance / yfinance get_info,OK,PRET_SSI
2026-10-07,Scancell Holdings PLC         R,SCP.F,EUR,Allemagne,103107304.0,FRA,Frankfurt,EQUITY,,Yahoo Finance / yfinance EquityQuery,2026-10-07,Détection mécanique 50-300 MEUR ; qualification SSI requise.,DETECTE,,2026-10-07,254,0.0759999975562095,0.0,-39.68254259218941,-32.14286141933822,0.1325600001215934,False,Yahoo Finance / yfinance - historique quotidien 1 an,OK,OUI,2026-10-08,4711000.0,,0.94948,-12963000.0,-17118624.0,8574000.0,16182000.0,,1356675127.0,0.03129,Yahoo Finance / yfinance get_info,OK,PRET_SSI
2026-10-07,Unifi Inc.                    R,36A.F,EUR,Allemagne,103168040.0,FRA,Frankfurt,EQUITY,,Yahoo Finance / yfinance EquityQuery,2026-10-07,Détection mécanique 50-300 MEUR ; qualification SSI requise.,DETECTE,,2026-10-07,254,5.550000190734863,0.0,12.804880176251409,77.88462802268154,4.095399996042252,True,Yahoo Finance / yfinance - historique quotidien 1 an,OK,OUI,2026-10-08,531303008.0,0.041,0.05732,10036000.0,28610124.0,25072000.0,98955000.0,,18588837.0,0.23804002,Yahoo Finance / yfinance get_info,OK,PRET_SSI
2026-10-07,Frasers Property (Thailand) Ltd,6TI.SG,EUR,Allemagne,103221856.0,STU,Stuttgart,EQUITY,,Yahoo Finance / yfinance EquityQuery,2026-10-07,Détection mécanique 50-300 MEUR ; qualification SSI requise.,DETECTE,,2026-10-07,254,0.0350000001490116,0.0,0.0,0.0,0.1854800012521446,False,Yahoo Finance / yfinance - historique quotidien 1 an,OK,OUI,2026-10-08,14046370816.0,-0.124,0.37834,3462877952.0,1442312320.0,1115847936.0,53140303872.0,,0.0,0.0,Yahoo Finance / yfinance get_info,OK,PRET_SSI
2026-10-07,Fenix Resources Ltd.          R,4ER.F,EUR,Allemagne,103271768.0,FRA,Frankfurt,EQUITY,,Yahoo Finance / yfinance EquityQuery,2026-10-07,Détection mécanique 50-300 MEUR ; qualification SSI requise.,DETECTE,,2026-10-07,254,0.1340000033378601,0.0,-2.898545873387859,-20.238092175923462,0.1777550008893013,False,Yahoo Finance / yfinance - historique quotidien 1 an,OK,OUI,2026-10-08,589726976.0,0.596,0.08355,78936000.0,28750376.0,81830000.0,128802000.0,,770684831.0,0.4013,Yahoo Finance / yfinance get_info,OK,PRET_SSI
2026-10-07,Detection Technology Oyj      R,6DT.F,EUR,Allemagne,103468744.0,FRA,Frankfurt,EQUITY,,Yahoo Finance / yfinance EquityQuery,2026-10-07,Détection mécanique 50-300 MEUR ; qualification SSI requise.,DETECTE,,2026-10-07,171,7.059999942779541,0.0,-12.18905502143336,-22.587718954266823,,,Yahoo Finance / yfinance - historique quotidien 1 an,OK,OUI,2026-10-08,105271984.0,0.051,0.44426998,10578243.0,-7225928.0,15821000.0,0.0,,14655630.0,0.060170002,Yahoo Finance / yfinance get_info,OK,PRET_SSI
2026-10-07,Keep Inc.                     R,WZ2.F,EUR,Allemagne,103484104.0,FRA,Frankfurt,EQUITY,,Yahoo Finance / yfinance EquityQuery,2026-10-07,Détection mécanique 50-300 MEUR ; qualification SSI requise.,DETECTE,,2026-10-07,228,0.1500000059604644,0.0,-30.55555459740479,-48.27585852528855,0.2806900008022785,False,Yahoo Finance / yfinance - historique quotidien 1 an,OK,OUI,2026-10-08,1640583936.0,0.004,0.51632,-86549000.0,-8030375.0,835368000.0,8293000.0,,0.0,0.40870997,Yahoo Finance / yfinance get_info,OK,PRET_SSI
2026-10-07,Sopharma Trading AD           R,6YH.F,EUR,Allemagne,103513664.0,FRA,Frankfurt,EQUITY,,Yahoo Finance / yfinance EquityQuery,2026-10-07,Détection mécanique 50-300 MEUR ; qualification SSI requise.,DETECTE,,2026-10-07,165,3.0199999809265137,0.0,9.4202895420886,4.861106282031291,,,Yahoo Finance / yfinance - historique quotidien 1 an,OK,OUI,2026-10-08,1252260992.0,0.099,0.13229999,39173328.0,14429830.0,4351000.0,182195008.0,,34276050.0,0.87214994,Yahoo Finance / yfinance get_info,OK,PRET_SSI
2026-10-07,vTv Therapeutics Inc.         R,5VT0.F,EUR,Allemagne,103592920.0,FRA,Frankfurt,EQUITY,,Yahoo Finance / yfinance EquityQuery,2026-10-07,Détection mécanique 50-300 MEUR ; qualification SSI requise.,DETECTE,,2026-10-07,254,26.200000762939453,0.0,-8.391606945870045,-14.93506035086546,28.982999992370605,False,Yahoo Finance / yfinance - historique quotidien 1 an,OK,OUI,2026-10-08,36839000.0,,0.22159,-9245000.0,674375.0,86643000.0,0.0,,3953928.0,0.38829,Yahoo Finance / yfinance get_info,OK,PRET_SSI
2026-10-07,Audioboom Group PLC           R,T28.F,EUR,Allemagne,103763728.0,FRA,Frankfurt,EQUITY,,Yahoo Finance / yfinance EquityQuery,2026-10-07,Détection mécanique 50-300 MEUR ; qualification SSI requise.,DETECTE,,2026-10-07,254,5.699999809265137,0.0,6.5420544088141686,-19.7183114672152,6.168200006484986,False,Yahoo Finance / yfinance - historique quotidien 1 an,OK,OUI,2026-10-08,90952000.0,0.301,0.2125,3671000.0,1474375.0,5984000.0,799000.0,,18204164.0,0.38345,Yahoo Finance / yfinance get_info,OK,PRET_SSI
2026-10-07,Wuling Motors Holdings Ltd.   R,6LY.F,EUR,Allemagne,103892088.0,FRA,Frankfurt,EQUITY,,Yahoo Finance / yfinance EquityQuery,2026-10-07,Détection mécanique 50-300 MEUR ; qualification SSI requise.,DETECTE,,2026-10-07,254,0.0315000005066394,0.0,-16.00000198682141,-32.9787200314256,0.0436479999683797,False,Yahoo Finance / yfinance - historique quotidien 1 an,OK,OUI,2026-10-08,8225189888.0,-0.006,0.13502,537643008.0,1263038208.0,2272452096.0,2133280000.0,,3298161332.0,0.67708,Yahoo Finance / yfinance get_info,OK,PRET_SSI
2026-10-07,Duro Felguera S.A.            A,DF5B.F,EUR,Allemagne,104052976.0,FRA,Frankfurt,EQUITY,,Yahoo Finance / yfinance EquityQuery,2026-10-07,Détection mécanique 50-300 MEUR ; qualification SSI requise.,DETECTE,,2026-10-07,254,0.2084999978542328,0.0,9.391398558465047,34.169888779223754,0.1785754998028278,True,Yahoo Finance / yfinance - historique quotidien 1 an,OK,OUI,2026-10-08,75258000.0,-0.735,0.54697,36859000.0,-189497744.0,34263000.0,159258000.0,,499055042.0,0.34689,Yahoo Finance / yfinance get_info,OK,PRET_SSI
2026-10-07,Loxley PCL                    R,NVAI.F,EUR,Allemagne,104187928.0,FRA,Frankfurt,EQUITY,,Yahoo Finance / yfinance EquityQuery,2026-10-07,Détection mécanique 50-300 MEUR ; qualification SSI requise.,DETECTE,,2026-10-07,254,0.0460000000894069,0.0,29.577460798141853,39.39394042019018,0.0367575001623481,True,Yahoo Finance / yfinance - historique quotidien 1 an,OK,OUI,2026-10-08,12456792064.0,0.119,0.1743,350857120.0,606859584.0,2578701056.0,2249932032.0,,2264955000.0,0.00301,Yahoo Finance / yfinance get_info,OK,PRET_SSI
2026-10-07,OMER S.P.A.                   A,9WR.F,EUR,Allemagne,104210960.0,FRA,Frankfurt,EQUITY,,Yahoo Finance / yfinance EquityQuery,2026-10-07,Détection mécanique 50-300 MEUR ; qualification SSI requise.,DETECTE,,2026-10-07,254,3.4600000381469727,0.0,7.453416379015643,-1.7045438382004785,3.4569500052928923,True,Yahoo Finance / yfinance - historique quotidien 1 an,OK,OUI,2026-10-08,88165224.0,-0.082,0.54402,19188768.0,5569865.0,32075000.0,3965000.0,,28635408.0,0.74,Yahoo Finance / yfinance get_info,OK,PRET_SSI
2026-10-07,ZenaTech Inc.                 R,49Q.DU,EUR,Allemagne,104350040.0,DUS,Dusseldorf,EQUITY,,Yahoo Finance / yfinance EquityQuery,2026-10-07,Détection mécanique 50-300 MEUR ; qualification SSI requise.,DETECTE,,2026-10-07,254,1.1740000247955322,0.0,-1.4273686115430673,-35.52992653997487,1.821994999051094,False,Yahoo Finance / yfinance - historique quotidien 1 an,OK,OUI,2026-10-08,27270012.0,3.163,1.0,-58621132.0,-43769596.0,34576136.0,29962740.0,,88884193.0,0.16851,Yahoo Finance / yfinance get_info,OK,PRET_SSI
2026-10-07,Carnarvon Energy Ltd.         R,CJB.F,EUR,Allemagne,104369200.0,FRA,Frankfurt,EQUITY,,Yahoo Finance / yfinance EquityQuery,2026-10-07,Détection mécanique 50-300 MEUR ; qualification SSI requise.,DETECTE,,2026-10-07,254,0.0524999983608722,0.0,24.99999778256528,10.526313725600913,0.0478125000465661,True,Yahoo Finance / yfinance - historique quotidien 1 an,OK,OUI,2026-10-08,4485000.0,-0.478,0.77258,-3545000.0,-4106375.0,97678000.0,193000.0,,1789086882.0,0.15767999,Yahoo Finance / yfinance get_info,OK,PRET_SSI
2026-10-07,Western Investment Company of R,1KC.F,EUR,Allemagne,104413760.0,FRA,Frankfurt,EQUITY,,Yahoo Finance / yfinance EquityQuery,2026-10-07,Détection mécanique 50-300 MEUR ; qualification SSI requise.,DETECTE,,2026-10-07,254,0.625,0.0,3.3057818671050843,28.60082266673878,0.5436850029230118,True,Yahoo Finance / yfinance - historique quotidien 1 an,OK,OUI,2026-10-08,51664528.0,-0.043,0.37097,12874593.0,1258258.0,85745264.0,980880.0,,167062008.0,0.16750999,Yahoo Finance / yfinance get_info,OK,PRET_SSI
2026-10-07,Team Internet Group PLC       R,4CN.F,EUR,Allemagne,104458568.0,FRA,Frankfurt,EQUITY,,Yahoo Finance / yfinance EquityQuery,2026-10-07,Détection mécanique 50-300 MEUR ; qualification SSI requise.,DETECTE,,2026-10-07,254,0.4320000112056732,0.0,-20.00000110378968,5.365857310695099,0.4810849994421005,False,Yahoo Finance / yfinance - historique quotidien 1 an,OK,OUI,2026-10-08,397100000.0,-0.321,0.31327,23300000.0,-262500.0,52000000.0,172000000.0,,241802235.0,0.25335,Yahoo Finance / yfinance get_info,OK,PRET_SSI
2026-10-07,Rizhao Port Jurong Co. Ltd.   R,K7N.F,EUR,Allemagne,104580000.0,FRA,Frankfurt,EQUITY,,Yahoo Finance / yfinance EquityQuery,2026-10-07,Détection mécanique 50-300 MEUR ; qualification SSI requise.,DETECTE,,2026-10-07,217,0.0630000010132789,0.0,0.8000016212463379,-7.352944721296806,0.067502500321716,False,Yahoo Finance / yfinance - historique quotidien 1 an,OK,OUI,2026-10-08,633782016.0,-0.102,0.38041002,268588000.0,-296885120.0,383875008.0,299944992.0,,820000000.0,0.56404996,Yahoo Finance / yfinance get_info,OK,PRET_SSI
2026-10-07,Aqualis ASA                   N,26Q.F,EUR,Allemagne,104760192.0,FRA,Frankfurt,EQUITY,,Yahoo Finance / yfinance EquityQuery,2026-10-07,Détection mécanique 50-300 MEUR ; qualification SSI requise.,DETECTE,,2026-10-07,254,0.7860000133514404,0.0,4.800001780192065,-18.2952179603043,0.8312999990582466,False,Yahoo Finance / yfinance - historique quotidien 1 an,OK,OUI,2026-10-08,349659008.0,-0.055,1.0,12951000.0,3174250.0,8697000.0,37266000.0,,133282683.0,0.39945,Yahoo Finance / yfinance get_info,OK,PRET_SSI
2026-10-07,Linmon Media Ltd.             R,8MN.F,EUR,Allemagne,104856360.0,FRA,Frankfurt,EQUITY,,Yahoo Finance / yfinance EquityQuery,2026-10-07,Détection mécanique 50-300 MEUR ; qualification SSI requise.,DETECTE,,2026-10-07,254,0.2899999916553497,0.0,14.173221417403091,2.8368745607592283,0.296160000115633,False,Yahoo Finance / yfinance - historique quotidien 1 an,OK,OUI,2026-10-08,1002171008.0,0.348,0.29529,37951000.0,-391561856.0,1396941056.0,276727008.0,,361573656.0,0.63014,Yahoo Finance / yfinance get_info,OK,PRET_SSI
2026-10-07,SHERRITT INTERNATIONAL CORP.  R,HRT.F,EUR,Allemagne,104891152.0,FRA,Frankfurt,EQUITY,,Yahoo Finance / yfinance EquityQuery,2026-10-07,Détection mécanique 50-300 MEUR ; qualification SSI requise.,DETECTE,,2026-10-07,254,0.1490000039339065,0.0,129.2307836910682,-12.352939784320592,0.1219699991121888,True,Yahoo Finance / yfinance - historique quotidien 1 an,OK,OUI,2026-10-08,188500000.0,0.357,-0.01804,-28900000.0,67012500.0,203800000.0,325600000.0,,703967424.0,0.060900003,Yahoo Finance / yfinance get_info,OK,PRET_SSI
2026-10-07,Accesso Technology Group PLC  R,LQG.F,EUR,Allemagne,104950688.0,FRA,Frankfurt,EQUITY,,Yahoo Finance / yfinance EquityQuery,2026-10-07,Détection mécanique 50-300 MEUR ; qualification SSI requise.,DETECTE,,2026-10-07,254,3.240000009536743,0.0,-5.263159729290345,33.88429369384849,2.9809000098705294,True,Yahoo Finance / yfinance - historique quotidien 1 an,OK,OUI,2026-10-08,154990000.0,-0.002,0.79949,20627000.0,24539624.0,33177000.0,27245000.0,,32392188.0,0.109160006,Yahoo Finance / yfinance get_info,OK,PRET_SSI
2026-10-07,BETR Entertainment Ltd.       R,9RT.F,EUR,Allemagne,104952600.0,FRA,Frankfurt,EQUITY,,Yahoo Finance / yfinance EquityQuery,2026-10-07,Détection mécanique 50-300 MEUR ; qualification SSI requise.,DETECTE,,2026-10-07,254,0.1000000014901161,0.0,-6.542055358927534,-0.9901009819200944,0.1147349999099969,False,Yahoo Finance / yfinance - historique quotidien 1 an,OK,OUI,2026-10-08,143756000.0,,0.35683,-26177000.0,-13994625.0,27577000.0,38722000.0,,1049526019.0,0.41724998,Yahoo Finance / yfinance get_info,OK,PRET_SSI
2026-10-07,GoldMoney Inc.                R,O5U.F,EUR,Allemagne,104987840.0,FRA,Frankfurt,EQUITY,,Yahoo Finance / yfinance EquityQuery,2026-10-07,Détection mécanique 50-300 MEUR ; qualification SSI requise.,DETECTE,,2026-10-07,254,8.199999809265137,0.0,-7.239822763299331,-21.90476372128441,8.911549987792968,False,Yahoo Finance / yfinance - historique quotidien 1 an,OK,OUI,2026-10-08,192563824.0,-0.599,0.32298002,51239536.0,25913150.0,37712400.0,83209248.0,,12803395.0,0.42769,Yahoo Finance / yfinance get_info,OK,PRET_SSI
2026-10-07,Victory Metals Ltd.           R,SJ60.F,EUR,Allemagne,105092136.0,FRA,Frankfurt,EQUITY,,Yahoo Finance / yfinance EquityQuery,2026-10-07,Détection mécanique 50-300 MEUR ; qualification SSI requise.,DETECTE,,2026-10-07,254,0.7950000166893005,0.0,-12.154691511376258,-23.55768789906457,0.8441749995946884,False,Yahoo Finance / yfinance - historique quotidien 1 an,OK,OUI,2026-10-08,405258.0,,1.0,-3873838.0,-4557981.0,11182557.0,123029.0,,132191358.0,0.30726,Yahoo Finance / yfinance get_info,OK,PRET_SSI
2026-10-07,SSH Communications Securit.OyjR,XXH.F,EUR,Allemagne,105617064.0,FRA,Frankfurt,EQUITY,,Yahoo Finance / yfinance EquityQuery,2026-10-07,Détection mécanique 50-300 MEUR ; qualification SSI requise.,DETECTE,,2026-10-07,254,1.934000015258789,0.0,-1.8274118187113555,-6.795182129384648,2.1960200029611587,False,Yahoo Finance / yfinance - historique quotidien 1 an,OK,OUI,2026-10-08,21911100.0,0.056,0.99614996,-1460445.0,2927958.0,9500000.0,1000000.0,,54610683.0,0.52432996,Yahoo Finance / yfinance get_info,OK,PRET_SSI
2026-10-07,Komplett ASA                  N,GJ60.F,EUR,Allemagne,105643496.0,FRA,Frankfurt,EQUITY,,Yahoo Finance / yfinance EquityQuery,2026-10-07,Détection mécanique 50-300 MEUR ; qualification SSI requise.,DETECTE,,2026-10-07,254,0.6039999723434448,0.0,9.025261824689611,-19.034855374441417,0.7611300015449524,False,Yahoo Finance / yfinance - historique quotidien 1 an,OK,OUI,2026-10-08,15578999808.0,0.042,0.05353,17000000.0,400624992.0,153000000.0,1340000000.0,,174906461.0,0.78452003,Yahoo Finance / yfinance get_info,OK,PRET_SSI
2026-10-07,Glintt - Global Intelligent Tec,PAJA.SG,EUR,Allemagne,105659880.0,STU,Stuttgart,EQUITY,,Yahoo Finance / yfinance EquityQuery,2026-10-07,Détection mécanique 50-300 MEUR ; qualification SSI requise.,DETECTE,,2026-10-07,254,1.215000033378601,0.0,3.846160508080199,-0.8163257362146625,1.2280999958515166,False,Yahoo Finance / yfinance - historique quotidien 1 an,OK,OUI,2026-10-08,142402064.0,0.09,0.61467,14264198.0,9789113.0,19790404.0,40763536.0,,86962868.0,0.79393995,Yahoo Finance / yfinance get_info,OK,PRET_SSI
2026-10-07,Aquafil S.p.A.                A,6W7.F,EUR,Allemagne,105752040.0,FRA,Frankfurt,EQUITY,,Yahoo Finance / yfinance EquityQuery,2026-10-07,Détection mécanique 50-300 MEUR ; qualification SSI requise.,DETECTE,,2026-10-07,254,1.22599995136261,0.0,-6.412213365345732,-6.980273937167292,1.3389399999380112,False,Yahoo Finance / yfinance - historique quotidien 1 an,OK,OUI,2026-10-08,508937984.0,-0.002,0.56214,59737000.0,37071124.0,163795008.0,360611008.0,,71893756.0,0.50881,Yahoo Finance / yfinance get_info,OK,PRET_SSI
2026-10-07,China New City Commer.Dev.Ltd.R,C7B.F,EUR,Allemagne,106031336.0,FRA,Frankfurt,EQUITY,,Yahoo Finance / yfinance EquityQuery,2026-10-07,Détection mécanique 50-300 MEUR ; qualification SSI requise.,DETECTE,,2026-10-07,254,0.0575000010430812,0.0,-4.958675446857807,-0.8620643144412243,0.0567425000481307,True,Yahoo Finance / yfinance - historique quotidien 1 an,OK,OUI,2026-10-08,739803008.0,0.0,0.14628,834000.0,520705888.0,185470000.0,5430354944.0,,1844023117.0,0.73690003,Yahoo Finance / yfinance get_info,OK,PRET_SSI
2026-10-07,Hyloris Pharmaceutic. S.A.    A,52U.F,EUR,Allemagne,106121416.0,FRA,Frankfurt,EQUITY,,Yahoo Finance / yfinance EquityQuery,2026-10-07,Détection mécanique 50-300 MEUR ; qualification SSI requise.,DETECTE,,2026-10-07,254,3.7899999618530273,0.0,-16.150442968007496,-22.0164638326384,5.345249997377396,False,Yahoo Finance / yfinance - historique quotidien 1 an,OK,OUI,2026-10-08,9827000.0,0.565,0.94413,-5845000.0,-8795500.0,8735000.0,1461000.0,,28000374.0,0.5662,Yahoo Finance / yfinance get_info,OK,PRET_SSI
2026-10-07,China New Higher Ed.Grp Ltd.  R,8CN.F,EUR,Allemagne,106484856.0,FRA,Frankfurt,EQUITY,,Yahoo Finance / yfinance EquityQuery,2026-10-07,Détection mécanique 50-300 MEUR ; qualification SSI requise.,DETECTE,,2026-10-07,253,0.0540000014007091,0.0,-9.999995653827886,-34.14634157422041,0.0724550003930926,False,Yahoo Finance / yfinance - historique quotidien 1 an,OK,OUI,2026-10-08,2636386048.0,0.026,0.34812,1040073984.0,-569680128.0,585998016.0,3040546048.0,,1971941783.0,0.50009996,Yahoo Finance / yfinance get_info,OK,PRET_SSI
2026-10-07,Decisive Dividend Corp.       R,PC9.F,EUR,Allemagne,106564152.0,FRA,Frankfurt,EQUITY,,Yahoo Finance / yfinance EquityQuery,2026-10-07,Détection mécanique 50-300 MEUR ; qualification SSI requise.,DETECTE,,2026-10-07,254,5.0,0.0,-9.090909090909092,-12.280698819100188,5.10664999961853,False,Yahoo Finance / yfinance - historique quotidien 1 an,OK,OUI,2026-10-08,153167008.0,0.062,0.37974,19320000.0,3392375.0,6548000.0,110535000.0,,21312830.0,0.22086,Yahoo Finance / yfinance get_info,OK,PRET_SSI
2026-10-07,6K Additive Inc.              R,B94.F,EUR,Allemagne,106583800.0,FRA,Frankfurt,EQUITY,,Yahoo Finance / yfinance EquityQuery,2026-10-07,Détection mécanique 50-300 MEUR ; qualification SSI requise.,DETECTE,,2026-10-07,182,0.3980000019073486,0.0,-0.99502686731191,-12.719297872970348,,,Yahoo Finance / yfinance - historique quotidien 1 an,OK,OUI,2026-10-08,23278236.0,0.731,-0.01293,-10968772.0,-41639968.0,22106884.0,354515.0,,267798503.0,1.05068,Yahoo Finance / yfinance get_info,OK,PRET_SSI
2026-10-07,Beijing Energy Int.Hld.Co.Ltd.R,GGI1.F,EUR,Allemagne,106644928.0,FRA,Frankfurt,EQUITY,,Yahoo Finance / yfinance EquityQuery,2026-10-07,Détection mécanique 50-300 MEUR ; qualification SSI requise.,DETECTE,,2026-10-07,254,0.0485000014305114,0.0,-30.714283965680067,-55.0925924329008,0.0927475005947053,False,Yahoo Finance / yfinance - historique quotidien 1 an,OK,OUI,2026-10-08,7434999808.0,-0.074,0.90706,5232999936.0,927750016.0,5558000128.0,69893996544.0,,2198864443.0,0.55832,Yahoo Finance / yfinance get_info,OK,PRET_SSI
2026-10-07,DMC Global Inc.               R,DM5.F,EUR,Allemagne,106812928.0,FRA,Frankfurt,EQUITY,,Yahoo Finance / yfinance EquityQuery,2026-10-07,Détection mécanique 50-300 MEUR ; qualification SSI requise.,DETECTE,,2026-10-07,254,5.199999809265137,0.0,-5.454548922452062,19.81565959541358,5.665249981880188,False,Yahoo Finance / yfinance - historique quotidien 1 an,OK,OUI,2026-10-08,587611008.0,0.009,0.19931999,27221000.0,21590624.0,28551000.0,104204000.0,,20540949.0,0.07272,Yahoo Finance / yfinance get_info,OK,PRET_SSI
2026-10-07,Wintermar Offshore Marine TBK R,W6O.F,EUR,Allemagne,107274784.0,FRA,Frankfurt,EQUITY,,Yahoo Finance / yfinance EquityQuery,2026-10-07,Détection mécanique 50-300 MEUR ; qualification SSI requise.,DETECTE,,2026-10-07,254,0.0240000002086162,0.0,14.285716819925408,111.64021841896572,0.0222345499321818,True,Yahoo Finance / yfinance - historique quotidien 1 an,OK,OUI,2026-10-08,94356136.0,0.251,0.46145,51665376.0,-41004844.0,39467304.0,70164840.0,,4469782393.0,0.66571,Yahoo Finance / yfinance get_info,OK,PRET_SSI
2026-10-07,Societa Sportiva Lazio S.p.A. A,LZO1.F,EUR,Allemagne,107366176.0,FRA,Frankfurt,EQUITY,,Yahoo Finance / yfinance EquityQuery,2026-10-07,Détection mécanique 50-300 MEUR ; qualification SSI requise.,DETECTE,,2026-10-07,254,1.5850000381469729,0.0,-6.764706253592934,24.31373080671965,1.3933999979496,True,Yahoo Finance / yfinance - historique quotidien 1 an,OK,OUI,2026-10-08,134488288.0,-0.117,0.78102994,-6567743.0,-10398238.0,4727745.0,67563984.0,,67738911.0,0.67035,Yahoo Finance / yfinance get_info,OK,PRET_SSI
2026-10-07,Huijing Holdings Company Ltd  R,3XU.F,EUR,Allemagne,107707008.0,FRA,Frankfurt,EQUITY,,Yahoo Finance / yfinance EquityQuery,2026-10-07,Détection mécanique 50-300 MEUR ; qualification SSI requise.,DETECTE,,2026-10-07,254,0.0205000005662441,0.0,1266.666692536738,1266.666692536738,0.0027650000312132,True,Yahoo Finance / yfinance - historique quotidien 1 an,OK,OUI,2026-10-08,185644000.0,-0.842,-1.8707299,-412712000.0,48322124.0,18239000.0,4899922944.0,,5254000000.0,0.7579,Yahoo Finance / yfinance get_info,OK,PRET_SSI
2026-10-07,Tiny Ltd.                     R,B40.F,EUR,Allemagne,107866184.0,FRA,Frankfurt,EQUITY,,Yahoo Finance / yfinance EquityQuery,2026-10-07,Détection mécanique 50-300 MEUR ; qualification SSI requise.,DETECTE,,2026-10-07,254,3.680000066757202,0.0,-4.16666278615585,6.9767443472272594,3.663500019311905,True,Yahoo Finance / yfinance - historique quotidien 1 an,OK,OUI,2026-10-08,208741264.0,0.031,0.37657002,5691227.0,62756684.0,31566316.0,152320624.0,,29311462.0,0.13888,Yahoo Finance / yfinance get_info,OK,PRET_SSI
2026-10-07,lastminute.com NV             A,09B.F,EUR,Allemagne,108198296.0,FRA,Frankfurt,EQUITY,,Yahoo Finance / yfinance EquityQuery,2026-10-07,Détection mécanique 50-300 MEUR ; qualification SSI requise.,DETECTE,,2026-10-07,254,10.199999809265137,0.0,-26.6187043942981,-21.5384630056528,13.507249984741213,False,Yahoo Finance / yfinance - historique quotidien 1 an,OK,OUI,2026-10-08,364537984.0,-0.043,0.77069,18016000.0,-4673125.0,137346000.0,35715000.0,,10607676.0,0.45746,Yahoo Finance / yfinance get_info,OK,PRET_SSI
2026-10-07,Solid State PLC               R,OUY.F,EUR,Allemagne,108220600.0,FRA,Frankfurt,EQUITY,,Yahoo Finance / yfinance EquityQuery,2026-10-07,Détection mécanique 50-300 MEUR ; qualification SSI requise.,DETECTE,,2026-10-07,179,1.899999976158142,0.0,-18.103446946983205,6.741573409952317,,,Yahoo Finance / yfinance - historique quotidien 1 an,OK,OUI,2026-10-08,154144000.0,0.082,0.33486,11017000.0,5402250.0,6568000.0,16052000.0,,56958212.0,0.22603,Yahoo Finance / yfinance get_info,OK,PRET_SSI
2026-10-07,Hoyne Bancorp Inc.            R,DR7.F,EUR,Allemagne,108232288.0,FRA,Frankfurt,EQUITY,,Yahoo Finance / yfinance EquityQuery,2026-10-07,Détection mécanique 50-300 MEUR ; qualification SSI requise.,DETECTE,,2026-10-07,209,14.5,0.0,2.112677427918852,8.208958304361325,13.221099963188172,True,Yahoo Finance / yfinance - historique quotidien 1 an,OK,OUI,2026-10-08,17175494.0,0.361,0.0,,,26246000.0,3406174.0,,7464296.0,0.11181,Yahoo Finance / yfinance get_info,OK,PRET_SSI
2026-10-07,Currency Exchange Intl Corp.  R,8YN.F,EUR,Allemagne,108490504.0,FRA,Frankfurt,EQUITY,,Yahoo Finance / yfinance EquityQuery,2026-10-07,Détection mécanique 50-300 MEUR ; qualification SSI requise.,DETECTE,,2026-10-07,254,18.39999961853028,0.0,3.9547956238312088,22.66666412353516,16.381999945640565,True,Yahoo Finance / yfinance - historique quotidien 1 an,OK,OUI,2026-10-08,75663792.0,0.053,0.98024005,22313682.0,24793008.0,105301496.0,6443019.0,,5896223.0,0.41344002,Yahoo Finance / yfinance get_info,OK,PRET_SSI
2026-10-07,TRACSiS PLC                   R,4T2.F,EUR,Allemagne,108494224.0,FRA,Frankfurt,EQUITY,,Yahoo Finance / yfinance EquityQuery,2026-10-07,Détection mécanique 50-300 MEUR ; qualification SSI requise.,DETECTE,,2026-10-07,254,3.640000104904175,0.0,1.1111167036458314,5.202314010771003,3.575000009536743,True,Yahoo Finance / yfinance - historique quotidien 1 an,OK,OUI,2026-10-08,84513000.0,0.072,0.58612996,6768000.0,10237500.0,25802000.0,3961000.0,,29806105.0,0.01112,Yahoo Finance / yfinance get_info,OK,PRET_SSI
2026-10-07,NNIT A/S                      N,5NN.F,EUR,Allemagne,108704992.0,FRA,Frankfurt,EQUITY,,Yahoo Finance / yfinance EquityQuery,2026-10-07,Détection mécanique 50-300 MEUR ; qualification SSI requise.,DETECTE,,2026-10-07,254,4.364999771118164,0.0,-9.439841998727182,-23.4210540845454,5.392200005054474,False,Yahoo Finance / yfinance - historique quotidien 1 an,OK,OUI,2026-10-08,1726000000.0,-0.067,0.23523001,87000000.0,172250000.0,72000000.0,340000000.0,,24903779.0,0.17593001,Yahoo Finance / yfinance get_info,OK,PRET_SSI
2026-10-07,Adriano Care Socimi SA        A,05S.F,EUR,Allemagne,108957216.0,FRA,Frankfurt,EQUITY,,Yahoo Finance / yfinance EquityQuery,2026-10-07,Détection mécanique 50-300 MEUR ; qualification SSI requise.,DETECTE,,2026-10-07,254,9.100000381469728,0.0,-5.208333126372766,-22.88135394595269,10.093000092506408,False,Yahoo Finance / yfinance - historique quotidien 1 an,OK,OUI,2026-10-08,17924000.0,-0.001,0.97389,9159000.0,3505000.0,8019000.0,101611000.0,,11973320.0,0.28370002,Yahoo Finance / yfinance get_info,OK,PRET_SSI
2026-10-07,Valsoia S.p.A.                A,WL8.F,EUR,Allemagne,109049272.0,FRA,Frankfurt,EQUITY,,Yahoo Finance / yfinance EquityQuery,2026-10-07,Détection mécanique 50-300 MEUR ; qualification SSI requise.,DETECTE,,2026-10-07,254,10.100000381469728,0.0,1.00000381469727,-0.4926033393071849,10.15459997177124,False,Yahoo Finance / yfinance - historique quotidien 1 an,OK,OUI,2026-10-08,120507368.0,0.044,0.100530006,11674475.0,-2857293.0,12866025.0,17843296.0,,10796957.0,0.72110003,Yahoo Finance / yfinance get_info,OK,PRET_SSI
2026-10-07,Enablence Technologies Inc.   R,OA8.F,EUR,Allemagne,109332880.0,FRA,Frankfurt,EQUITY,,Yahoo Finance / yfinance EquityQuery,2026-10-07,Détection mécanique 50-300 MEUR ; qualification SSI requise.,DETECTE,,2026-10-07,194,4.5,0.0,26.404496413742496,169.4610847688714,,,Yahoo Finance / yfinance - historique quotidien 1 an,OK,OUI,2026-10-08,7330000.0,0.8,-0.33602002,-12585000.0,-18633500.0,1946000.0,61468000.0,,24296195.0,0.38099998,Yahoo Finance / yfinance get_info,OK,PRET_SSI
2026-10-07,Ascent Industries Co.         R,SY4.F,EUR,Allemagne,109362408.0,FRA,Frankfurt,EQUITY,,Yahoo Finance / yfinance EquityQuery,2026-10-07,Détection mécanique 50-300 MEUR ; qualification SSI requise.,DETECTE,,2026-10-07,254,12.100000381469728,0.0,-9.02255482748856,5.217394621475879,12.696499967575074,False,Yahoo Finance / yfinance - historique quotidien 1 an,OK,OUI,2026-10-08,83539000.0,0.376,0.21114999,-1793000.0,-8212750.0,28069000.0,13831000.0,,9038215.0,0.0844,Yahoo Finance / yfinance get_info,OK,PRET_SSI
2026-10-07,Bocom Internat. Hldgs.Co. Ltd.R,597.F,EUR,Allemagne,109375680.0,FRA,Frankfurt,EQUITY,,Yahoo Finance / yfinance EquityQuery,2026-10-07,Détection mécanique 50-300 MEUR ; qualification SSI requise.,DETECTE,,2026-10-07,254,0.0399999991059303,0.0,-45.20547987149075,17.647049800335402,0.0451999999769032,False,Yahoo Finance / yfinance - historique quotidien 1 an,OK,OUI,2026-10-08,729977024.0,14.554,0.9548,,,6745845248.0,12194078720.0,,2734392000.0,0.00072999997,Yahoo Finance / yfinance get_info,OK,PRET_SSI
2026-10-07,Team Inc.                     R,T9CA.F,EUR,Allemagne,109997016.0,FRA,Frankfurt,EQUITY,,Yahoo Finance / yfinance EquityQuery,2026-10-07,Détection mécanique 50-300 MEUR ; qualification SSI requise.,DETECTE,,2026-10-07,254,24.0,0.0,69.01408677724498,76.47058328542755,15.125000004768372,True,Yahoo Finance / yfinance - historique quotidien 1 an,OK,OUI,2026-10-08,893536000.0,-0.078,0.24697,40944000.0,8592750.0,25984000.0,376017984.0,,4583209.0,0.06501,Yahoo Finance / yfinance get_info,OK,PRET_SSI
2026-10-07,Helens International Holdings R,5ZW.F,EUR,Allemagne,110055216.0,FRA,Frankfurt,EQUITY,,Yahoo Finance / yfinance EquityQuery,2026-10-07,Détection mécanique 50-300 MEUR ; qualification SSI requise.,DETECTE,,2026-10-07,254,0.0869999974966049,0.0,-58.57142847006013,-14.705883212293047,0.1222399997338652,False,Yahoo Finance / yfinance - historique quotidien 1 an,OK,OUI,2026-10-08,481889984.0,-0.201,0.33619,38586000.0,75942752.0,502919008.0,112196000.0,,1265002524.0,0.59581,Yahoo Finance / yfinance get_info,OK,PRET_SSI
2026-10-07,RM PLC,RMP1.SG,EUR,Allemagne,110137424.0,STU,Stuttgart,EQUITY,,Yahoo Finance / yfinance EquityQuery,2026-10-07,Détection mécanique 50-300 MEUR ; qualification SSI requise.,DETECTE,,2026-10-07,254,1.1299999952316284,0.0,9.708740448500077,6.60377888969812,1.125299997329712,True,Yahoo Finance / yfinance - historique quotidien 1 an,OK,OUI,2026-10-08,159000000.0,-0.042,0.37291,15372000.0,-5661500.0,4907000.0,79351000.0,,97466747.0,0.020539999,Yahoo Finance / yfinance get_info,OK,PRET_SSI
2026-10-07,Gateley (Holdings) PLC        R,5I2.F,EUR,Allemagne,110257224.0,FRA,Frankfurt,EQUITY,,Yahoo Finance / yfinance EquityQuery,2026-10-07,Détection mécanique 50-300 MEUR ; qualification SSI requise.,DETECTE,,2026-10-07,254,0.8100000023841858,0.0,29.600000381469727,5.194808110195215,0.7869249975681305,True,Yahoo Finance / yfinance - historique quotidien 1 an,OK,OUI,2026-10-08,194279008.0,0.073,0.36334,10644000.0,1615750.0,8017000.0,60414000.0,,136120026.0,0.20559,Yahoo Finance / yfinance get_info,OK,PRET_SSI
2026-10-07,CASH CONVERTERS INTERNATL LTD.R,UKC.F,EUR,Allemagne,110286056.0,FRA,Frankfurt,EQUITY,,Yahoo Finance / yfinance EquityQuery,2026-10-07,Détection mécanique 50-300 MEUR ; qualification SSI requise.,DETECTE,,2026-10-07,254,0.1550000011920929,0.0,-14.835162450907012,-7.738093284640835,0.174665000513196,False,Yahoo Finance / yfinance - historique quotidien 1 an,OK,OUI,2026-10-08,408990016.0,0.18,0.70227,,,37223000.0,203782000.0,,711522934.0,0.5277,Yahoo Finance / yfinance get_info,OK,PRET_SSI
2026-10-07,VYTRUS BIOTECH S.A.           A,V5P.F,EUR,Allemagne,110867752.0,FRA,Frankfurt,EQUITY,,Yahoo Finance / yfinance EquityQuery,2026-10-07,Détection mécanique 50-300 MEUR ; qualification SSI requise.,DETECTE,,2026-10-07,254,14.75,0.0,-15.714285714285714,-19.17808219178082,14.956000018119813,False,Yahoo Finance / yfinance - historique quotidien 1 an,OK,OUI,2026-10-08,9692530.0,0.526,0.91097,3392616.0,76132.0,3439764.0,1240505.0,,7516458.0,0.6447,Yahoo Finance / yfinance get_info,OK,PRET_SSI
2026-10-07,SIG PLC                       R,QIG.F,EUR,Allemagne,110953960.0,FRA,Frankfurt,EQUITY,,Yahoo Finance / yfinance EquityQuery,2026-10-07,Détection mécanique 50-300 MEUR ; qualification SSI requise.,DETECTE,,2026-10-07,254,0.096000000834465,0.0,11.627904156080993,-16.521739919154076,0.0950675003975629,True,Yahoo Finance / yfinance - historique quotidien 1 an,OK,OUI,2026-10-08,2579899904.0,-0.009,0.24059,34100000.0,75862496.0,64200000.0,596899968.0,,1155770418.0,0.21374,Yahoo Finance / yfinance get_info,OK,PRET_SSI
2026-10-07,Coast Entertainment Hold. Ltd.R,MD8.F,EUR,Allemagne,111032016.0,FRA,Frankfurt,EQUITY,,Yahoo Finance / yfinance EquityQuery,2026-10-07,Détection mécanique 50-300 MEUR ; qualification SSI requise.,DETECTE,,2026-10-07,254,0.2680000066757202,0.0,5.511810284522989,1.5151545939038336,0.2784600003063678,False,Yahoo Finance / yfinance - historique quotidien 1 an,OK,OUI,2026-10-08,116466000.0,,0.77212995,13034000.0,2943125.0,35010000.0,1111000.0,,388561874.0,0.11417,Yahoo Finance / yfinance get_info,OK,PRET_SSI
2026-10-07,AXYZ CO. LTD.                 R,6J4.F,EUR,Allemagne,111190264.0,FRA,Frankfurt,EQUITY,,Yahoo Finance / yfinance EquityQuery,2026-10-07,Détection mécanique 50-300 MEUR ; qualification SSI requise.,DETECTE,,2026-10-07,208,19.799999237060547,0.0,5.88234454140304,-2.9411783955364257,20.141999969482423,False,Yahoo Finance / yfinance - historique quotidien 1 an,OK,OUI,2026-10-08,29244000256.0,0.076,0.30437002,5720000000.0,3153374976.0,10421999616.0,50000000.0,,5615670.0,0.58370996,Yahoo Finance / yfinance get_info,OK,PRET_SSI
2026-10-07,EXEL INDUSTRIES S.A.          A,8YK.F,EUR,Allemagne,111213824.0,FRA,Frankfurt,EQUITY,,Yahoo Finance / yfinance EquityQuery,2026-10-07,Détection mécanique 50-300 MEUR ; qualification SSI requise.,DETECTE,,2026-10-07,254,16.399999618530273,0.0,-12.997351264501289,-47.93650914752294,27.621749992370606,False,Yahoo Finance / yfinance - historique quotidien 1 an,OK,OUI,2026-10-08,920483968.0,-0.141,0.48481,26113000.0,28538376.0,41265000.0,209319008.0,,6781331.0,0.83893996,Yahoo Finance / yfinance get_info,OK,PRET_SSI
2026-10-07,Cygnus Metals Ltd.            R,CQ1.F,EUR,Allemagne,111287936.0,FRA,Frankfurt,EQUITY,,Yahoo Finance / yfinance EquityQuery,2026-10-07,Détection mécanique 50-300 MEUR ; qualification SSI requise.,DETECTE,,2026-10-07,187,0.0874999985098838,0.0,39.99999761581421,25.89927972717368,,,Yahoo Finance / yfinance - historique quotidien 1 an,OK,OUI,2026-10-08,28250.0,,0.0,-9249800.0,-18903816.0,25520868.0,0.0,,1271862086.0,0.31265,Yahoo Finance / yfinance get_info,OK,PRET_SSI
2026-10-07,KSH Holdings Ltd.             R,XEUA.F,EUR,Allemagne,111341624.0,FRA,Frankfurt,EQUITY,,Yahoo Finance / yfinance EquityQuery,2026-10-07,Détection mécanique 50-300 MEUR ; qualification SSI requise.,DETECTE,,2026-10-07,254,0.1870000064373016,0.0,-8.333328463672718,-11.792448752129658,0.2115950006246566,False,Yahoo Finance / yfinance - historique quotidien 1 an,OK,OUI,2026-10-08,157978000.0,-0.325,0.23867,24952000.0,25429376.0,117678000.0,109138000.0,,569735645.0,0.65585,Yahoo Finance / yfinance get_info,OK,PRET_SSI
2026-10-07,RESOURCES CONNECTION INC.     R,RCO.F,EUR,Allemagne,111597344.0,FRA,Frankfurt,EQUITY,,Yahoo Finance / yfinance EquityQuery,2026-10-07,Détection mécanique 50-300 MEUR ; qualification SSI requise.,DETECTE,,2026-10-07,254,3.240000009536743,0.0,-20.19704297536056,3.1847102322189347,3.548000007867813,False,Yahoo Finance / yfinance - historique quotidien 1 an,OK,OUI,2026-10-08,452006016.0,-0.238,0.37539002,-5166000.0,37623000.0,82372000.0,22522000.0,,34443626.0,0.07006,Yahoo Finance / yfinance get_info,OK,PRET_SSI
2026-10-07,GL-Carlink Technology Holding R,U7Y.F,EUR,Allemagne,112179600.0,FRA,Frankfurt,EQUITY,,Yahoo Finance / yfinance EquityQuery,2026-10-07,Détection mécanique 50-300 MEUR ; qualification SSI requise.,DETECTE,,2026-10-07,216,0.3059999942779541,0.0,-41.1538450957755,-49.00000298023212,0.522814998626709,False,Yahoo Finance / yfinance - historique quotidien 1 an,OK,OUI,2026-10-08,655622976.0,-0.203,0.74069,-39260500.0,-214950624.0,161602000.0,81388000.0,,366600000.0,0.80056,Yahoo Finance / yfinance get_info,OK,PRET_SSI
2026-10-07,Sicily by Car S.p.A.          A,5LC.F,EUR,Allemagne,112191936.0,FRA,Frankfurt,EQUITY,,Yahoo Finance / yfinance EquityQuery,2026-10-07,Détection mécanique 50-300 MEUR ; qualification SSI requise.,DETECTE,,2026-10-07,254,3.380000114440918,0.0,19.8581629239317,16.151203255929225,2.954600006341934,True,Yahoo Finance / yfinance - historique quotidien 1 an,OK,OUI,2026-10-08,164498640.0,0.194,0.35556,26886564.0,-54177064.0,83500736.0,232565088.0,,31942880.0,0.72014,Yahoo Finance / yfinance get_info,OK,PRET_SSI
2026-10-07,Aemetis Inc.                  R,DW51.F,EUR,Allemagne,112223712.0,FRA,Frankfurt,EQUITY,,Yahoo Finance / yfinance EquityQuery,2026-10-07,Détection mécanique 50-300 MEUR ; qualification SSI requise.,DETECTE,,2026-10-07,254,1.5549999475479126,0.0,11.70976956124301,-24.220277151135072,1.699125002026558,False,Yahoo Finance / yfinance - historique quotidien 1 an,OK,OUI,2026-10-08,230171008.0,0.2,0.103999995,-1577000.0,-65829500.0,973000.0,552131968.0,,72169594.0,0.069510005,Yahoo Finance / yfinance get_info,OK,PRET_SSI
2026-10-07,MEDIFAST INC.                 R,MDF.F,EUR,Allemagne,112303064.0,FRA,Frankfurt,EQUITY,,Yahoo Finance / yfinance EquityQuery,2026-10-07,Détection mécanique 50-300 MEUR ; qualification SSI requise.,DETECTE,,2026-10-07,254,10.100000381469728,0.0,10.503282298542826,17.44185969144867,9.24552001953125,True,Yahoo Finance / yfinance - historique quotidien 1 an,OK,OUI,2026-10-08,316932992.0,-0.276,0.69241995,-5660000.0,11372750.0,169820992.0,27618000.0,,11119115.0,0.043319996,Yahoo Finance / yfinance get_info,OK,PRET_SSI
2026-10-07,Roadside Real Estate PLC      R,3WY.F,EUR,Allemagne,112304512.0,FRA,Frankfurt,EQUITY,,Yahoo Finance / yfinance EquityQuery,2026-10-07,Détection mécanique 50-300 MEUR ; qualification SSI requise.,DETECTE,,2026-10-07,254,0.6299999952316284,0.0,-3.0769202554013275,-5.97015230765604,0.6956749919056893,False,Yahoo Finance / yfinance - historique quotidien 1 an,OK,OUI,2026-10-08,2704000.0,9.292,-0.02737,-8586000.0,-3399375.0,1923000.0,21530000.0,,178261137.0,0.64344,Yahoo Finance / yfinance get_info,OK,PRET_SSI
2026-10-07,SRP Groupe                    A,19R.F,EUR,Allemagne,112305424.0,FRA,Frankfurt,EQUITY,,Yahoo Finance / yfinance EquityQuery,2026-10-07,Détection mécanique 50-300 MEUR ; qualification SSI requise.,DETECTE,,2026-10-07,254,0.9700000286102296,0.0,31.436322570979392,54.45859812158056,0.7481899996101856,True,Yahoo Finance / yfinance - historique quotidien 1 an,OK,OUI,2026-10-08,558950976.0,-0.137,0.34934,-36859000.0,-31215124.0,43455000.0,61542000.0,,115778780.0,0.74163,Yahoo Finance / yfinance get_info,OK,PRET_SSI
2026-10-07,SDI Group PLC                 R,SD0.F,EUR,Allemagne,112431440.0,FRA,Frankfurt,EQUITY,,Yahoo Finance / yfinance EquityQuery,2026-10-07,Détection mécanique 50-300 MEUR ; qualification SSI requise.,DETECTE,,2026-10-07,254,1.0700000524520874,0.0,8.629445371829503,17.582419957678084,0.9229499983787536,True,Yahoo Finance / yfinance - historique quotidien 1 an,OK,OUI,2026-10-08,74489000.0,0.147,0.65998,11655000.0,5122000.0,2897000.0,34134000.0,,105076107.0,0.24038,Yahoo Finance / yfinance get_info,OK,PRET_SSI
2026-10-07,AIRBOSS OF AMERICA CORP.      R,2S1.F,EUR,Allemagne,112489208.0,FRA,Frankfurt,EQUITY,,Yahoo Finance / yfinance EquityQuery,2026-10-07,Détection mécanique 50-300 MEUR ; qualification SSI requise.,DETECTE,,2026-10-07,254,4.139999866485596,0.0,-2.816909764057407,-8.000002966986763,4.082499997615814,True,Yahoo Finance / yfinance - historique quotidien 1 an,OK,OUI,2026-10-08,420129984.0,0.094,0.17703,31675000.0,24256124.0,8026000.0,88090000.0,,27171307.0,0.34965,Yahoo Finance / yfinance get_info,OK,PRET_SSI
2026-10-07,Exel Composites Oyj           R,8TY0.F,EUR,Allemagne,112719768.0,FRA,Frankfurt,EQUITY,,Yahoo Finance / yfinance EquityQuery,2026-10-07,Détection mécanique 50-300 MEUR ; qualification SSI requise.,DETECTE,,2026-10-07,254,16.049999237060547,0.0,37.76823830561949,105.24295249025153,10.082824640274048,True,Yahoo Finance / yfinance - historique quotidien 1 an,OK,OUI,2026-10-08,117933000.0,0.397,0.61242,7137000.0,5846250.0,12569000.0,34505000.0,,7023039.0,0.14722,Yahoo Finance / yfinance get_info,OK,PRET_SSI
2026-10-07,Patagonia Gold Corp.          R,0N9.F,EUR,Allemagne,112740352.0,FRA,Frankfurt,EQUITY,,Yahoo Finance / yfinance EquityQuery,2026-10-07,Détection mécanique 50-300 MEUR ; qualification SSI requise.,DETECTE,,2026-10-07,213,0.2399999946355819,0.0,-21.052630804995065,-55.96330508510723,0.4223000000789761,False,Yahoo Finance / yfinance - historique quotidien 1 an,OK,OUI,2026-10-08,11393000.0,0.495,0.09585,-4731000.0,-39130000.0,257000.0,70503000.0,,469751486.0,0.6525,Yahoo Finance / yfinance get_info,OK,PRET_SSI
2026-10-07,Yonghe Medical Group Co. Ltd. R,L97.F,EUR,Allemagne,113025176.0,FRA,Frankfurt,EQUITY,,Yahoo Finance / yfinance EquityQuery,2026-10-07,Détection mécanique 50-300 MEUR ; qualification SSI requise.,DETECTE,,2026-10-07,254,0.2259999960660934,0.0,8.653842020757896,15.306123457492204,0.2143550004065036,True,Yahoo Finance / yfinance - historique quotidien 1 an,OK,OUI,2026-10-08,1927421056.0,0.138,0.68528,286444992.0,446745632.0,926902976.0,435633984.0,,500111416.0,0.56953996,Yahoo Finance / yfinance get_info,OK,PRET_SSI
2026-10-07,Capral Ltd.                   R,CBZ.F,EUR,Allemagne,113087704.0,FRA,Frankfurt,EQUITY,,Yahoo Finance / yfinance EquityQuery,2026-10-07,Détection mécanique 50-300 MEUR ; qualification SSI requise.,DETECTE,,2026-10-07,254,7.150000095367432,0.0,13.492061569817505,-2.054795773263285,6.868500003814697,True,Yahoo Finance / yfinance - historique quotidien 1 an,OK,OUI,2026-10-08,679721984.0,0.139,0.29196,49916000.0,31651124.0,62051000.0,71323000.0,,15816462.0,0.26186,Yahoo Finance / yfinance get_info,OK,PRET_SSI
2026-10-07,Sanden Corp.                  R,SOE1.F,EUR,Allemagne,113199352.0,FRA,Frankfurt,EQUITY,,Yahoo Finance / yfinance EquityQuery,2026-10-07,Détection mécanique 50-300 MEUR ; qualification SSI requise.,DETECTE,,2026-10-07,254,1.0,0.0,21.95122057593062,6.382978993230615,0.8633749952912331,True,Yahoo Finance / yfinance - historique quotidien 1 an,OK,OUI,2026-10-08,205692993536.0,0.176,0.15114,7904999936.0,-12809124864.0,17902999552.0,81623998464.0,,113199354.0,0.769,Yahoo Finance / yfinance get_info,OK,PRET_SSI
2026-10-07,Piquadro S.p.A.               A,4LZ.F,EUR,Allemagne,113325920.0,FRA,Frankfurt,EQUITY,,Yahoo Finance / yfinance EquityQuery,2026-10-07,Détection mécanique 50-300 MEUR ; qualification SSI requise.,DETECTE,,2026-10-07,254,2.390000104904175,0.0,-13.718407171080049,-6.27450393741279,2.5909999763965605,False,Yahoo Finance / yfinance - historique quotidien 1 an,OK,OUI,2026-10-08,184116000.0,-0.038,0.53011,16320000.0,24303500.0,39185000.0,78208000.0,,47416700.0,0.684,Yahoo Finance / yfinance get_info,OK,PRET_SSI
2026-10-07,DouYu International Holdings LR,DY8.F,EUR,Allemagne,113472512.0,FRA,Frankfurt,EQUITY,,Yahoo Finance / yfinance EquityQuery,2026-10-07,Détection mécanique 50-300 MEUR ; qualification SSI requise.,DETECTE,,2026-10-07,254,3.759999990463257,0.0,-4.081634763179798,-6.467661484996656,4.330849983692169,False,Yahoo Finance / yfinance - historique quotidien 1 an,OK,OUI,2026-10-08,3620773632.0,-0.069,0.1443,33657720.0,,2304066048.0,15933000.0,,30178859.0,0.03975,Yahoo Finance / yfinance get_info,OK,PRET_SSI
2026-10-07,Freelance.com                 A,9B4.F,EUR,Allemagne,113558232.0,FRA,Frankfurt,EQUITY,,Yahoo Finance / yfinance EquityQuery,2026-10-07,Détection mécanique 50-300 MEUR ; qualification SSI requise.,DETECTE,,2026-10-07,254,2.009999990463257,0.0,-21.48437361756802,7.199999491373688,2.244174984097481,False,Yahoo Finance / yfinance - historique quotidien 1 an,OK,OUI,2026-10-08,1052643968.0,-0.019,0.0307,27600000.0,1416250.0,96335000.0,113567000.0,,56496632.0,0.90053004,Yahoo Finance / yfinance get_info,OK,PRET_SSI
2026-10-07,Romerike Sparebank            N,92I.F,EUR,Allemagne,113571088.0,FRA,Frankfurt,EQUITY,,Yahoo Finance / yfinance EquityQuery,2026-10-07,Détection mécanique 50-300 MEUR ; qualification SSI requise.,DETECTE,,2026-10-07,254,14.300000190734863,0.0,4.379564889219578,0.7042280479784058,13.556939992904663,True,Yahoo Finance / yfinance - historique quotidien 1 an,OK,OUI,2026-10-08,476383008.0,-0.081,0.0,,,3659671040.0,6057447936.0,,7942034.0,0.16731001,Yahoo Finance / yfinance get_info,OK,PRET_SSI
2026-10-07,Stealth Group Holdings Ltd.   R,YY8.F,EUR,Allemagne,113663384.0,FRA,Frankfurt,EQUITY,,Yahoo Finance / yfinance EquityQuery,2026-10-07,Détection mécanique 50-300 MEUR ; qualification SSI requise.,DETECTE,,2026-10-07,163,0.7599999904632568,0.0,4.109585014510864,29.91453304955407,,,Yahoo Finance / yfinance - historique quotidien 1 an,OK,OUI,2026-10-08,146018976.0,0.054,0.32114,11180747.0,5131662.0,32126260.0,53926916.0,,149557089.0,0.33241,Yahoo Finance / yfinance get_info,OK,PRET_SSI
2026-10-07,Nykode Therapeutics ASA       N,5VB.F,EUR,Allemagne,113744232.0,FRA,Frankfurt,EQUITY,,Yahoo Finance / yfinance EquityQuery,2026-10-07,Détection mécanique 50-300 MEUR ; qualification SSI requise.,DETECTE,,2026-10-07,254,0.2904999852180481,0.0,34.49073040868158,-9.922482539997024,0.2599549998342991,True,Yahoo Finance / yfinance - historique quotidien 1 an,OK,OUI,2026-10-08,464000.0,-0.465,1.0,-26937000.0,-15876500.0,44791000.0,1785000.0,,391546444.0,0.36442003,Yahoo Finance / yfinance get_info,OK,PRET_SSI
2026-10-07,AmeriTrust Fin.Technology Inc.R,1ZV.F,EUR,Allemagne,113828528.0,FRA,Frankfurt,EQUITY,,Yahoo Finance / yfinance EquityQuery,2026-10-07,Détection mécanique 50-300 MEUR ; qualification SSI requise.,DETECTE,,2026-10-07,254,0.1089999973773956,0.0,-23.23944097980798,444.9999990686774,0.0736749999038875,True,Yahoo Finance / yfinance - historique quotidien 1 an,OK,OUI,2026-10-08,2187781.0,1.094,0.36613998,-14124709.0,-10340538.0,36647876.0,34600100.0,,1044298412.0,0.14225,Yahoo Finance / yfinance get_info,OK,PRET_SSI
2026-10-07,EKF Diagnostics Holdings PLC  R,LYF.F,EUR,Allemagne,113839592.0,FRA,Frankfurt,EQUITY,,Yahoo Finance / yfinance EquityQuery,2026-10-07,Détection mécanique 50-300 MEUR ; qualification SSI requise.,DETECTE,,2026-10-07,254,0.2660000026226043,0.0,0.7575772969519168,3.10078164102916,0.2798200003802776,False,Yahoo Finance / yfinance - historique quotidien 1 an,OK,OUI,2026-10-08,51354000.0,-0.008,0.52736,10180000.0,5046750.0,15973000.0,1471000.0,,427968392.0,0.03944,Yahoo Finance / yfinance get_info,OK,PRET_SSI
2026-10-07,Nyxoah S.A.                   A,5YI.F,EUR,Allemagne,113857368.0,FRA,Frankfurt,EQUITY,,Yahoo Finance / yfinance EquityQuery,2026-10-07,Détection mécanique 50-300 MEUR ; qualification SSI requise.,DETECTE,,2026-10-07,254,1.118000030517578,0.0,-17.06231532730731,-55.72277274092976,2.2924649995565414,False,Yahoo Finance / yfinance - historique quotidien 1 an,OK,OUI,2026-10-08,21663000.0,4.728,0.6019,-82744000.0,-46059124.0,97785000.0,59988000.0,,101840217.0,0.33191,Yahoo Finance / yfinance get_info,OK,PRET_SSI
2026-10-07,LEWAG HOLDING AG              I,KGR.F,EUR,Allemagne,114000000.0,FRA,Frankfurt,EQUITY,,Yahoo Finance / yfinance EquityQuery,2026-10-07,Détection mécanique 50-300 MEUR ; qualification SSI requise.,DETECTE,,2026-10-07,254,24.0,0.0,-18.3673458795787,-17.808221325594197,28.023000116348268,False,Yahoo Finance / yfinance - historique quotidien 1 an,OK,OUI,2026-10-08,112620760.0,-0.119,0.62833,3630053.0,-12720189.0,4153000.0,27643000.0,,4750000.0,0.991,Yahoo Finance / yfinance get_info,OK,PRET_SSI
2026-10-07,Netcare Ltd.,NH7.SG,EUR,Allemagne,114337768.0,STU,Stuttgart,EQUITY,,Yahoo Finance / yfinance EquityQuery,2026-10-07,Détection mécanique 50-300 MEUR ; qualification SSI requise.,DETECTE,,2026-10-07,254,0.0989999994635582,0.0,-56.956522753198094,-83.50000074505803,0.4440000067013898,False,Yahoo Finance / yfinance - historique quotidien 1 an,OK,OUI,2026-10-08,26947999744.0,0.048,0.49543998,4501000192.0,1290625024.0,1984999936.0,13667000320.0,,1154927021.0,0.024360001,Yahoo Finance / yfinance get_info,OK,PRET_SSI
2026-10-07,Advance Terrafund REIT        I,11B.F,EUR,Allemagne,114473072.0,FRA,Frankfurt,EQUITY,,Yahoo Finance / yfinance EquityQuery,2026-10-07,Détection mécanique 50-300 MEUR ; qualification SSI requise.,DETECTE,,2026-10-07,165,1.3450000286102295,0.0,9.349594126296722,5.490200294984571,,,Yahoo Finance / yfinance - historique quotidien 1 an,OK,OUI,2026-10-08,18103140.0,0.952,0.18615,,-1491620.0,3555000.0,0.0,,85110091.0,0.65048,Yahoo Finance / yfinance get_info,OK,PRET_SSI
2026-10-07,GateKeeper Systems Inc.       R,1GK.F,EUR,Allemagne,114588296.0,FRA,Frankfurt,EQUITY,,Yahoo Finance / yfinance EquityQuery,2026-10-07,Détection mécanique 50-300 MEUR ; qualification SSI requise.,DETECTE,,2026-10-07,254,1.02400004863739,0.0,32.47089859129473,27.204973855774096,0.923804995715618,True,Yahoo Finance / yfinance - historique quotidien 1 an,OK,OUI,2026-10-08,39938536.0,0.68,0.43602002,-1805941.0,-20905864.0,7205767.0,502783.0,,111902621.0,0.04721,Yahoo Finance / yfinance get_info,OK,PRET_SSI
2026-10-07,Cafom S.A.                    A,CAA.F,EUR,Allemagne,114999760.0,FRA,Frankfurt,EQUITY,,Yahoo Finance / yfinance EquityQuery,2026-10-07,Détection mécanique 50-300 MEUR ; qualification SSI requise.,DETECTE,,2026-10-07,254,12.5,0.0,-8.424905865705046,18.483410180197435,11.700750012397766,True,Yahoo Finance / yfinance - historique quotidien 1 an,OK,OUI,2026-10-08,450600000.0,0.063,0.5281,19215000.0,23097376.0,41446000.0,132365000.0,,9199981.0,0.70496005,Yahoo Finance / yfinance get_info,OK,PRET_SSI
2026-10-07,Videndum PLC                  R,KF60.F,EUR,Allemagne,115039704.0,FRA,Frankfurt,EQUITY,,Yahoo Finance / yfinance EquityQuery,2026-10-07,Détection mécanique 50-300 MEUR ; qualification SSI requise.,DETECTE,,2026-10-07,144,2.8550000190734863,0.0,-36.5555551317003,-35.91470105574211,,,Yahoo Finance / yfinance - historique quotidien 1 an,OK,OUI,2026-10-08,223200000.0,-0.044,0.33199,-26100000.0,-23912500.0,11100000.0,50400000.0,,40294116.0,0.00501,Yahoo Finance / yfinance get_info,OK,PRET_SSI
2026-10-07,Eidesvik Offshore ASA         N,E1V.MU,EUR,Allemagne,115313672.0,MUN,Munich,EQUITY,,Yahoo Finance / yfinance EquityQuery,2026-10-07,Détection mécanique 50-300 MEUR ; qualification SSI requise.,DETECTE,,2026-10-07,254,1.5800000429153442,0.0,13.669069005455746,5.333336194356275,1.397675010561943,True,Yahoo Finance / yfinance - historique quotidien 1 an,OK,OUI,2026-10-08,777531008.0,0.03,0.53037,263718000.0,-637025728.0,338507008.0,1262221952.0,,72983333.0,0.87921995,Yahoo Finance / yfinance get_info,OK,PRET_SSI
2026-10-07,CYBERTRUST JAPAN CO. LTD.     R,5U2.F,EUR,Allemagne,115363408.0,FRA,Frankfurt,EQUITY,,Yahoo Finance / yfinance EquityQuery,2026-10-07,Détection mécanique 50-300 MEUR ; qualification SSI requise.,DETECTE,,2026-10-07,254,7.050000190734863,0.0,8.461541395920968,14.634147665223107,6.544749999046326,True,Yahoo Finance / yfinance - historique quotidien 1 an,OK,OUI,2026-10-08,8589000192.0,0.12,0.47142,2344999936.0,,6277000192.0,0.0,,16363604.0,0.68807,Yahoo Finance / yfinance get_info,OK,PRET_SSI
2026-10-07,"TBS Energi Utama Tbk, PT      R",6AU.F,EUR,Allemagne,115491048.0,FRA,Frankfurt,EQUITY,,Yahoo Finance / yfinance EquityQuery,2026-10-07,Détection mécanique 50-300 MEUR ; qualification SSI requise.,DETECTE,,2026-10-07,254,0.0140000004321336,0.0,33.33333924649262,12.000001788139317,0.0138475000212201,True,Yahoo Finance / yfinance - historique quotidien 1 an,OK,OUI,2026-10-08,366664672.0,-0.139,0.12002,47136288.0,32926324.0,85095192.0,404511328.0,,8249360331.0,0.77005994,Yahoo Finance / yfinance get_info,OK,PRET_SSI
2026-10-07,SERI INDUSTRIAL S.p.A.        A,PCHP.F,EUR,Allemagne,115515064.0,FRA,Frankfurt,EQUITY,,Yahoo Finance / yfinance EquityQuery,2026-10-07,Détection mécanique 50-300 MEUR ; qualification SSI requise.,DETECTE,,2026-10-07,254,2.140000104904175,0.0,-34.855401857226255,13.227519635000084,2.388545004725456,False,Yahoo Finance / yfinance - historique quotidien 1 an,OK,OUI,2026-10-08,278975008.0,0.274,0.1785,39904000.0,-179213872.0,46162000.0,306206016.0,,53979002.0,0.56368,Yahoo Finance / yfinance get_info,OK,PRET_SSI
2026-10-07,Pacific Textiles Hldgs Ltd.   R,WHE.F,EUR,Allemagne,115537128.0,FRA,Frankfurt,EQUITY,,Yahoo Finance / yfinance EquityQuery,2026-10-07,Détection mécanique 50-300 MEUR ; qualification SSI requise.,DETECTE,,2026-10-07,254,0.0839999988675117,0.0,1.2048217646009718,-25.66371652241441,0.108994999974966,False,Yahoo Finance / yfinance - historique quotidien 1 an,OK,OUI,2026-10-08,5014029824.0,0.059,0.07421,402692992.0,-56655500.0,560558976.0,1367966976.0,,1375442000.0,0.41828,Yahoo Finance / yfinance get_info,OK,PRET_SSI
2026-10-07,EMAK S.P.A.                   A,EK4.F,EUR,Allemagne,115614696.0,FRA,Frankfurt,EQUITY,,Yahoo Finance / yfinance EquityQuery,2026-10-07,Détection mécanique 50-300 MEUR ; qualification SSI requise.,DETECTE,,2026-10-07,254,0.7099999785423279,0.0,-9.669215460322269,-12.128718586490647,0.8072250032424927,False,Yahoo Finance / yfinance - historique quotidien 1 an,OK,OUI,2026-10-08,587337024.0,-0.054,0.47548,44890000.0,17282876.0,63185000.0,272939008.0,,162837602.0,0.68928003,Yahoo Finance / yfinance get_info,OK,PRET_SSI
2026-10-07,Clarus Corp.                  R,BDO.F,EUR,Allemagne,115630232.0,FRA,Frankfurt,EQUITY,,Yahoo Finance / yfinance EquityQuery,2026-10-07,Détection mécanique 50-300 MEUR ; qualification SSI requise.,DETECTE,,2026-10-07,254,3.0199999809265137,0.0,4.137926952167148,33.628318303995705,2.765799996852875,True,Yahoo Finance / yfinance - historique quotidien 1 an,OK,OUI,2026-10-08,252854000.0,0.016,0.36723998,2344000.0,11705250.0,28925000.0,17154000.0,,38288155.0,0.07153,Yahoo Finance / yfinance get_info,OK,PRET_SSI
2026-10-07,Look Holdings Inc.            R,LOO.F,EUR,Allemagne,115820488.0,FRA,Frankfurt,EQUITY,,Yahoo Finance / yfinance EquityQuery,2026-10-07,Détection mécanique 50-300 MEUR ; qualification SSI requise.,DETECTE,,2026-10-07,254,15.399999618530272,0.0,8.450702995658975,13.2352881365583,13.998999972343444,True,Yahoo Finance / yfinance - historique quotidien 1 an,OK,OUI,2026-10-08,52072001536.0,-0.081,0.60019,4124000000.0,5459999744.0,11571999744.0,10613000192.0,,7520811.0,0.27956,Yahoo Finance / yfinance get_info,OK,PRET_SSI
2026-10-07,Cal-Comp Electronics Thailand P,CCDG.SG,EUR,Allemagne,115864928.0,STU,Stuttgart,EQUITY,,Yahoo Finance / yfinance EquityQuery,2026-10-07,Détection mécanique 50-300 MEUR ; qualification SSI requise.,DETECTE,,2026-10-07,254,0.0099999997764825,0.0,0.0,1899.9998603016209,0.0341999999800464,False,Yahoo Finance / yfinance - historique quotidien 1 an,OK,OUI,2026-10-08,137237086208.0,0.081,0.05218,5175922176.0,-5695946752.0,6412004864.0,24209975296.0,,0.0,0.0,Yahoo Finance / yfinance get_info,OK,PRET_SSI
2026-10-07,Genesis Land Development Corp.R,7F9.F,EUR,Allemagne,115923640.0,FRA,Frankfurt,EQUITY,,Yahoo Finance / yfinance EquityQuery,2026-10-07,Détection mécanique 50-300 MEUR ; qualification SSI requise.,DETECTE,,2026-10-07,241,2.059999942779541,0.0,0.9803912402207572,0.9803912402207572,2.0436999696493148,True,Yahoo Finance / yfinance - historique quotidien 1 an,OK,OUI,2026-10-08,377815008.0,0.048,0.24639,,12515000.0,27551000.0,136654000.0,,56273613.0,0.20354,Yahoo Finance / yfinance get_info,OK,PRET_SSI
2026-10-07,Tonix Pharma. Holding Corp.   R,TPM0.F,EUR,Allemagne,116455456.0,FRA,Frankfurt,EQUITY,,Yahoo Finance / yfinance EquityQuery,2026-10-07,Détection mécanique 50-300 MEUR ; qualification SSI requise.,DETECTE,,2026-10-07,254,6.789999961853027,0.0,-38.663051950871385,-38.718411474664535,11.199020006656646,False,Yahoo Finance / yfinance - historique quotidien 1 an,OK,OUI,2026-10-08,29102000.0,5.779,0.83829004,-163302000.0,-95760248.0,176232000.0,1272000.0,,17151024.0,0.0016,Yahoo Finance / yfinance get_info,OK,PRET_SSI
2026-10-07,Torex Semiconductor Ltd.      R,8KH.F,EUR,Allemagne,116512408.0,FRA,Frankfurt,EQUITY,,Yahoo Finance / yfinance EquityQuery,2026-10-07,Détection mécanique 50-300 MEUR ; qualification SSI requise.,DETECTE,,2026-10-07,254,11.0,0.0,-0.9009043066040444,4.761904761904767,10.315999994277954,True,Yahoo Finance / yfinance - historique quotidien 1 an,OK,OUI,2026-10-08,25772519424.0,0.119,0.0,3652400128.0,,8372179968.0,12062313472.0,,10592037.0,0.18568,Yahoo Finance / yfinance get_info,OK,PRET_SSI
2026-10-07,Kencana Agri Ltd.             R,KEBA.F,EUR,Allemagne,116526528.0,FRA,Frankfurt,EQUITY,,Yahoo Finance / yfinance EquityQuery,2026-10-07,Détection mécanique 50-300 MEUR ; qualification SSI requise.,DETECTE,,2026-10-07,254,0.4059999883174896,0.0,46.04316276827986,21.556885853533192,0.280659999102354,True,Yahoo Finance / yfinance - historique quotidien 1 an,OK,OUI,2026-10-08,222308000.0,0.271,0.25659,60643000.0,42216500.0,29091000.0,142724000.0,,287011177.0,0.82907,Yahoo Finance / yfinance get_info,OK,PRET_SSI
2026-10-07,Dynagas LNG Partners L.P.     R,DGL.F,EUR,Allemagne,116586152.0,FRA,Frankfurt,EQUITY,,Yahoo Finance / yfinance EquityQuery,2026-10-07,Détection mécanique 50-300 MEUR ; qualification SSI requise.,DETECTE,,2026-10-07,138,3.2044999599456787,0.0,5.013923441503154,-0.2645533465827632,,,Yahoo Finance / yfinance - historique quotidien 1 an,OK,OUI,2026-10-08,160030000.0,0.067,0.71310997,105427000.0,63190624.0,59486000.0,255740992.0,,36382011.0,0.57887,Yahoo Finance / yfinance get_info,OK,PRET_SSI
2026-10-07,KEYRUS S.A.                   A,5UP.F,EUR,Allemagne,116725200.0,FRA,Frankfurt,EQUITY,,Yahoo Finance / yfinance EquityQuery,2026-10-07,Détection mécanique 50-300 MEUR ; qualification SSI requise.,DETECTE,,2026-10-07,254,7.340000152587891,0.0,0.5479446686014411,5.763690087455653,7.256000008583069,True,Yahoo Finance / yfinance - historique quotidien 1 an,OK,OUI,2026-10-08,331728000.0,-0.085,0.052649997,4751000.0,-3665125.0,46410000.0,109962000.0,,15902615.0,0.82619005,Yahoo Finance / yfinance get_info,OK,PRET_SSI
2026-10-07,Tele Columbus AG              N,TC1.HM,EUR,Allemagne,116736880.0,HAM,Hamburg,EQUITY,,Yahoo Finance / yfinance EquityQuery,2026-10-07,Détection mécanique 50-300 MEUR ; qualification SSI requise.,DETECTE,,2026-10-07,254,0.1990000009536743,349.5,-62.452827981885584,-75.1250002514571,0.6358299983292818,False,Yahoo Finance / yfinance - historique quotidien 1 an,OK,OUI,2026-10-08,421352992.0,-0.018,0.49749002,-770225984.0,-566966272.0,65835000.0,1682105984.0,,586617494.0,0.0,Yahoo Finance / yfinance get_info,OK,PRET_SSI
2026-10-07,Leoch International TechnologyR,0LT.F,EUR,Allemagne,116836360.0,FRA,Frankfurt,EQUITY,,Yahoo Finance / yfinance EquityQuery,2026-10-07,Détection mécanique 50-300 MEUR ; qualification SSI requise.,DETECTE,,2026-10-07,254,0.0815000012516975,0.0,-20.873785284105107,-11.891891674197796,0.0916924999468028,False,Yahoo Finance / yfinance - historique quotidien 1 an,OK,OUI,2026-10-08,9087856640.0,-0.176,0.12071,360056000.0,996198144.0,907225024.0,5112261120.0,,1433574857.0,0.74427,Yahoo Finance / yfinance get_info,OK,PRET_SSI
2026-10-07,Severfield PLC                R,0L3.F,EUR,Allemagne,116931776.0,FRA,Frankfurt,EQUITY,,Yahoo Finance / yfinance EquityQuery,2026-10-07,Détection mécanique 50-300 MEUR ; qualification SSI requise.,DETECTE,,2026-10-07,254,0.3959999978542328,0.0,8.791210410704675,63.63636363636365,0.3154200012236833,True,Yahoo Finance / yfinance - historique quotidien 1 an,OK,OUI,2026-10-08,454254016.0,0.249,0.48433998,19762000.0,42982752.0,24361000.0,71046000.0,,295282269.0,0.03731,Yahoo Finance / yfinance get_info,OK,PRET_SSI
2026-10-07,Iofina PLC                    R,IF7.F,EUR,Allemagne,117033624.0,FRA,Frankfurt,EQUITY,,Yahoo Finance / yfinance EquityQuery,2026-10-07,Détection mécanique 50-300 MEUR ; qualification SSI requise.,DETECTE,,2026-10-07,254,0.6100000143051147,0.0,-6.870222755762178,66.66667209514074,0.4483849968016147,True,Yahoo Finance / yfinance - historique quotidien 1 an,OK,OUI,2026-10-08,68686000.0,0.074,0.31915,15073000.0,2587375.0,12912000.0,6393000.0,,191858408.0,0.42466,Yahoo Finance / yfinance get_info,OK,PRET_SSI
2026-10-07,Health Catalyst Inc.          R,2YP.F,EUR,Allemagne,117399952.0,FRA,Frankfurt,EQUITY,,Yahoo Finance / yfinance EquityQuery,2026-10-07,Détection mécanique 50-300 MEUR ; qualification SSI requise.,DETECTE,,2026-10-07,254,1.559999942779541,0.0,-20.812186795749955,71.42856020006725,1.521299999654293,True,Yahoo Finance / yfinance - historique quotidien 1 an,OK,OUI,2026-10-08,292244992.0,-0.127,0.51163,11771000.0,-48645624.0,103439000.0,169976992.0,,75256381.0,0.09385,Yahoo Finance / yfinance get_info,OK,PRET_SSI
2026-10-07,Tata Steel (Thailand) PCL     R,MVX.F,EUR,Allemagne,117901576.0,FRA,Frankfurt,EQUITY,,Yahoo Finance / yfinance EquityQuery,2026-10-07,Détection mécanique 50-300 MEUR ; qualification SSI requise.,DETECTE,,2026-10-07,254,0.0140000004321336,0.0,-34.8837211317085,-17.64706075707099,0.0176700001815333,False,Yahoo Finance / yfinance - historique quotidien 1 an,OK,OUI,2026-10-08,26331299840.0,-0.008,0.11525,2417710336.0,1481722112.0,4798986752.0,505939008.0,,8421540848.0,0.00023,Yahoo Finance / yfinance get_info,OK,PRET_SSI
2026-10-07,ATHENS MEDICAL CENTER S.A.    N,ACS.F,EUR,Allemagne,117960936.0,FRA,Frankfurt,EQUITY,,Yahoo Finance / yfinance EquityQuery,2026-10-07,Détection mécanique 50-300 MEUR ; qualification SSI requise.,DETECTE,,2026-10-07,254,1.3600000143051147,0.0,-15.78947329571684,-13.65079535678696,1.5949500060081483,False,Yahoo Finance / yfinance - historique quotidien 1 an,OK,OUI,2026-10-08,281204000.0,0.038,0.20417999,22623000.0,-7039875.0,11538000.0,184118000.0,,86735980.0,0.8082,Yahoo Finance / yfinance get_info,OK,PRET_SSI
2026-10-07,American Rare Earths Ltd.     R,1BHA.F,EUR,Allemagne,117964872.0,FRA,Frankfurt,EQUITY,,Yahoo Finance / yfinance EquityQuery,2026-10-07,Détection mécanique 50-300 MEUR ; qualification SSI requise.,DETECTE,,2026-10-07,254,0.2029999941587448,85.19999980926514,-13.98305384395656,-8.55856236820527,0.2230574996769428,False,Yahoo Finance / yfinance - historique quotidien 1 an,OK,OUI,2026-10-08,811707.0,0.145,1.0,-8602086.0,-13177786.0,18550988.0,25674.0,,581107799.0,0.13898,Yahoo Finance / yfinance get_info,OK,PRET_SSI
2026-10-07,Aurrigo International PLC     R,CI0.F,EUR,Allemagne,117969504.0,FRA,Frankfurt,EQUITY,,Yahoo Finance / yfinance EquityQuery,2026-10-07,Détection mécanique 50-300 MEUR ; qualification SSI requise.,DETECTE,,2026-10-07,254,1.3200000524520874,0.0,77.18121396019177,55.29411946200988,0.8867750027775765,True,Yahoo Finance / yfinance - historique quotidien 1 an,OK,OUI,2026-10-08,8679000.0,0.194,0.32723,-5153000.0,-4667375.0,8406000.0,4743000.0,,89370833.0,0.53583,Yahoo Finance / yfinance get_info,OK,PRET_SSI
2026-10-07,Beijing Urban Cons.D.+Dev.Grp R,BDG.F,EUR,Allemagne,118008616.0,FRA,Frankfurt,EQUITY,,Yahoo Finance / yfinance EquityQuery,2026-10-07,Détection mécanique 50-300 MEUR ; qualification SSI requise.,DETECTE,,2026-10-07,254,0.0874999985098838,0.0,-6.417117114676307,-24.568964631322142,0.111485000103712,False,Yahoo Finance / yfinance - historique quotidien 1 an,OK,OUI,2026-10-08,7185876992.0,-0.168,0.18868,467909728.0,-1021010112.0,1639350528.0,6612004352.0,,387937000.0,0.23712999,Yahoo Finance / yfinance get_info,OK,PRET_SSI
2026-10-07,UBM Development AG            I,2U2.F,EUR,Allemagne,118060448.0,FRA,Frankfurt,EQUITY,,Yahoo Finance / yfinance EquityQuery,2026-10-07,Détection mécanique 50-300 MEUR ; qualification SSI requise.,DETECTE,,2026-10-07,254,15.800000190734863,0.0,-5.952375546063715,-9.971504970952871,17.756500034332277,False,Yahoo Finance / yfinance - historique quotidien 1 an,OK,OUI,2026-10-08,160835008.0,0.598,0.37545,25936000.0,-20642624.0,106012000.0,580564992.0,,7472180.0,0.53811,Yahoo Finance / yfinance get_info,OK,PRET_SSI
2026-10-07,PHOTOCURE ASA                 N,PHS.F,EUR,Allemagne,118163912.0,FRA,Frankfurt,EQUITY,,Yahoo Finance / yfinance EquityQuery,2026-10-07,Détection mécanique 50-300 MEUR ; qualification SSI requise.,DETECTE,,2026-10-07,254,4.389999866485596,0.0,-15.57692254788775,-21.46690971997121,5.440175004005432,False,Yahoo Finance / yfinance - historique quotidien 1 an,OK,OUI,2026-10-08,678716032.0,0.051,0.93587995,129700000.0,12602000.0,162424000.0,9400000.0,,26916610.0,0.023929998,Yahoo Finance / yfinance get_info,OK,PRET_SSI
2026-10-07,North Media A/S               N,3S8.F,EUR,Allemagne,118243368.0,FRA,Frankfurt,EQUITY,,Yahoo Finance / yfinance EquityQuery,2026-10-07,Détection mécanique 50-300 MEUR ; qualification SSI requise.,DETECTE,,2026-10-07,254,6.559999942779541,0.0,13.494804578857522,1.863352243677996,6.171900002956391,True,Yahoo Finance / yfinance - historique quotidien 1 an,OK,OUI,2026-10-08,1251200000.0,-0.082,0.46890998,105200000.0,100187504.0,1029600000.0,123500000.0,,18024903.0,0.57714003,Yahoo Finance / yfinance get_info,OK,PRET_SSI
2026-10-07,HAIKI + S.p.A.                A,ON6.F,EUR,Allemagne,118550808.0,FRA,Frankfurt,EQUITY,,Yahoo Finance / yfinance EquityQuery,2026-10-07,Détection mécanique 50-300 MEUR ; qualification SSI requise.,DETECTE,,2026-10-07,254,0.8799999952316284,0.0,66.66666666666667,72.54902189944814,0.6091175000369549,True,Yahoo Finance / yfinance - historique quotidien 1 an,OK,OUI,2026-10-08,296654048.0,0.225,0.19783,34664964.0,-57287420.0,17271820.0,130208936.0,,129086033.0,0.33886,Yahoo Finance / yfinance get_info,OK,PRET_SSI
2026-10-07,B&C Speakers S.p.A.           A,37B.F,EUR,Allemagne,118805256.0,FRA,Frankfurt,EQUITY,,Yahoo Finance / yfinance EquityQuery,2026-10-07,Détection mécanique 50-300 MEUR ; qualification SSI requise.,DETECTE,,2026-10-07,254,10.899999618530272,0.0,-1.3574712182390811,-8.786612615012523,12.213250002861024,False,Yahoo Finance / yfinance - historique quotidien 1 an,OK,OUI,2026-10-08,95459648.0,-0.107,0.36211,15849575.0,7640690.0,20629556.0,25362212.0,,10899565.0,0.5273,Yahoo Finance / yfinance get_info,OK,PRET_SSI
2026-10-07,Zematijos Pienas AB           R,IU8.MU,EUR,Allemagne,118905744.0,MUN,Munich,EQUITY,,Yahoo Finance / yfinance EquityQuery,2026-10-07,Détection mécanique 50-300 MEUR ; qualification SSI requise.,DETECTE,,2026-10-07,254,2.880000114440918,0.0,3.5971274849026624,11.62791471342086,2.669300014972687,True,Yahoo Finance / yfinance - historique quotidien 1 an,OK,OUI,2026-10-08,340321984.0,0.103,0.18797001,28319000.0,-16687625.0,18026000.0,11439000.0,,40971549.0,0.86530995,Yahoo Finance / yfinance get_info,OK,PRET_SSI
2026-10-07,Atlantic Lithium Ltd.         R,BSG0.F,EUR,Allemagne,119023232.0,FRA,Frankfurt,EQUITY,,Yahoo Finance / yfinance EquityQuery,2026-10-07,Détection mécanique 50-300 MEUR ; qualification SSI requise.,DETECTE,,2026-10-07,254,0.148499995470047,0.0,-7.763977081088324,-7.476641153960739,0.1583050002530217,False,Yahoo Finance / yfinance - historique quotidien 1 an,OK,OUI,2026-10-08,335150.0,0.181,1.0,-6049084.0,-15672730.0,9735333.0,0.0,,801503291.0,0.36613998,Yahoo Finance / yfinance get_info,OK,PRET_SSI
2026-10-07,Banca Sistema S.p.A.          A,B2S.F,EUR,Allemagne,119184008.0,FRA,Frankfurt,EQUITY,,Yahoo Finance / yfinance EquityQuery,2026-10-07,Détection mécanique 50-300 MEUR ; qualification SSI requise.,DETECTE,,2026-10-07,254,1.4819999933242798,0.0,-1.2000004450480106,-10.290554611855407,1.606220001578331,False,Yahoo Finance / yfinance - historique quotidien 1 an,OK,OUI,2026-10-08,145724992.0,-0.368,0.0,,,78805000.0,868992000.0,,80421052.0,0.42900002,Yahoo Finance / yfinance get_info,OK,PRET_SSI
2026-10-07,Elementos Ltd.                R,9EM.F,EUR,Allemagne,119219336.0,FRA,Frankfurt,EQUITY,,Yahoo Finance / yfinance EquityQuery,2026-10-07,Détection mécanique 50-300 MEUR ; qualification SSI requise.,DETECTE,,2026-10-07,254,0.2720000147819519,0.0,52.808994407711495,37.37374558374358,0.2154000004380941,True,Yahoo Finance / yfinance - historique quotidien 1 an,OK,OUI,2026-10-08,10000.0,-1.0,1.0,-4266403.0,-3598125.0,40282972.0,111030.0,,438306375.0,0.46263,Yahoo Finance / yfinance get_info,OK,PRET_SSI
2026-10-07,Yoma Strategic Holdings Ltd.  R,O3B.F,EUR,Allemagne,119220712.0,FRA,Frankfurt,EQUITY,,Yahoo Finance / yfinance EquityQuery,2026-10-07,Détection mécanique 50-300 MEUR ; qualification SSI requise.,DETECTE,,2026-10-07,254,0.0494999997317791,0.0,2.061852106747608,8.791210410704675,0.0480325001478195,True,Yahoo Finance / yfinance - historique quotidien 1 an,OK,OUI,2026-10-08,233238000.0,0.088,0.43167,53109000.0,67793128.0,143423008.0,242591008.0,,2408499260.0,0.46895,Yahoo Finance / yfinance get_info,OK,PRET_SSI
2026-10-07,YAMAYA CORP.                  R,WY2.F,EUR,Allemagne,119254672.0,FRA,Frankfurt,EQUITY,,Yahoo Finance / yfinance EquityQuery,2026-10-07,Détection mécanique 50-300 MEUR ; qualification SSI requise.,DETECTE,,2026-10-07,254,11.0,0.0,0.0,-4.347826086956519,11.554000010490418,False,Yahoo Finance / yfinance - historique quotidien 1 an,OK,OUI,2026-10-08,160066994176.0,0.025,0.28772,4538999808.0,,11712000000.0,5565000192.0,,10841334.0,0.67516,Yahoo Finance / yfinance get_info,OK,PRET_SSI
2026-10-07,Mammoth Energy Services Inc.  R,5M8.F,EUR,Allemagne,119356408.0,FRA,Frankfurt,EQUITY,,Yahoo Finance / yfinance EquityQuery,2026-10-07,Détection mécanique 50-300 MEUR ; qualification SSI requise.,DETECTE,,2026-10-07,254,2.4800000190734863,0.0,4.2016764631988,21.568630659227384,2.2798499965667727,True,Yahoo Finance / yfinance - historique quotidien 1 an,OK,OUI,2026-10-08,68394000.0,1.109,0.16510001,-7034000.0,-69821752.0,77019000.0,5010000.0,,48127585.0,0.1578,Yahoo Finance / yfinance get_info,OK,PRET_SSI
2026-10-07,Euroz Hartleys Group Ltd.     R,E7L.F,EUR,Allemagne,119684880.0,FRA,Frankfurt,EQUITY,,Yahoo Finance / yfinance EquityQuery,2026-10-07,Détection mécanique 50-300 MEUR ; qualification SSI requise.,DETECTE,,2026-10-07,254,0.7749999761581421,0.0,-1.273891685835693,13.97058353034275,0.7121499967575073,True,Yahoo Finance / yfinance - historique quotidien 1 an,OK,OUI,2026-10-08,140863008.0,0.426,0.9389,,,94860000.0,12151000.0,,154432106.0,0.34092999,Yahoo Finance / yfinance get_info,OK,PRET_SSI
2026-10-07,Hydreight Technologies Inc.   R,SO6.F,EUR,Allemagne,119687296.0,FRA,Frankfurt,EQUITY,,Yahoo Finance / yfinance EquityQuery,2026-10-07,Détection mécanique 50-300 MEUR ; qualification SSI requise.,DETECTE,,2026-10-07,254,2.2300000190734863,0.0,-24.27843566644876,15.424429179101518,2.365589997768402,False,Yahoo Finance / yfinance - historique quotidien 1 an,OK,OUI,2026-10-08,78433456.0,4.214,0.20512,7682939.0,-16482804.0,19969916.0,8790667.0,,53671430.0,0.49165002,Yahoo Finance / yfinance get_info,OK,PRET_SSI
2026-10-07,CWT International Ltd.        R,SUO.F,EUR,Allemagne,119699960.0,FRA,Frankfurt,EQUITY,,Yahoo Finance / yfinance EquityQuery,2026-10-07,Détection mécanique 50-300 MEUR ; qualification SSI requise.,DETECTE,,2026-10-07,235,0.0104999998584389,0.0,-16.000002384185752,-25.000003326151955,0.01487500004936,False,Yahoo Finance / yfinance - historique quotidien 1 an,OK,OUI,2026-10-08,47809568768.0,0.054,0.04394,1191597952.0,-363291360.0,3909984000.0,9679865856.0,,11399996101.0,0.51257,Yahoo Finance / yfinance get_info,OK,PRET_SSI
2026-10-07,Gateway Mining Ltd.           R,GM7.F,EUR,Allemagne,119777160.0,FRA,Frankfurt,EQUITY,,Yahoo Finance / yfinance EquityQuery,2026-10-07,Détection mécanique 50-300 MEUR ; qualification SSI requise.,DETECTE,,2026-10-07,227,0.0414999984204769,0.0,59.615375247051226,16.901400173923832,0.0361654999665915,True,Yahoo Finance / yfinance - historique quotidien 1 an,OK,OUI,2026-10-08,29278.0,,1.0,-3506871.0,-10206260.0,10372954.0,104348.0,,2886196859.0,0.35384,Yahoo Finance / yfinance get_info,OK,PRET_SSI
2026-10-07,China Vered Financial Holding R,HKQ.F,EUR,Allemagne,119911816.0,FRA,Frankfurt,EQUITY,,Yahoo Finance / yfinance EquityQuery,2026-10-07,Détection mécanique 50-300 MEUR ; qualification SSI requise.,DETECTE,,2026-10-07,254,0.0644999966025352,0.0,-3.0075248622510875,-6.521741712551621,0.0754100000113248,False,Yahoo Finance / yfinance - historique quotidien 1 an,OK,OUI,2026-10-08,80676000.0,-0.421,0.0,-701038016.0,-673444864.0,2415176960.0,7842000.0,,1859097962.0,0.51515996,Yahoo Finance / yfinance get_info,OK,PRET_SSI
2026-10-07,Douglas Elliman Inc.          R,8OT.F,EUR,Allemagne,119975424.0,FRA,Frankfurt,EQUITY,,Yahoo Finance / yfinance EquityQuery,2026-10-07,Détection mécanique 50-300 MEUR ; qualification SSI requise.,DETECTE,,2026-10-07,254,1.3200000524520874,0.0,-11.409393019904112,0.0,1.630349994301796,False,Yahoo Finance / yfinance - historique quotidien 1 an,OK,OUI,2026-10-08,1006067968.0,0.045,1.0,-12461000.0,29060750.0,106616000.0,98528000.0,,90890473.0,0.18502001,Yahoo Finance / yfinance get_info,OK,PRET_SSI
2026-10-07,Actinogen Medical Ltd.        R,3AC.F,EUR,Allemagne,120099216.0,FRA,Frankfurt,EQUITY,,Yahoo Finance / yfinance EquityQuery,2026-10-07,Détection mécanique 50-300 MEUR ; qualification SSI requise.,DETECTE,,2026-10-07,254,0.0309999994933605,0.0,4.729727986476195,55.0000009313226,0.0243689999915659,True,Yahoo Finance / yfinance - historique quotidien 1 an,OK,OUI,2026-10-08,12673927.0,0.967,1.0,-15101361.0,-12544520.0,16734937.0,4783660.0,,3874168325.0,0.16534,Yahoo Finance / yfinance get_info,OK,PRET_SSI
2026-10-07,Kenorland Minerals Ltd.       R,3WQ0.F,EUR,Allemagne,120242352.0,FRA,Frankfurt,EQUITY,,Yahoo Finance / yfinance EquityQuery,2026-10-07,Détection mécanique 50-300 MEUR ; qualification SSI requise.,DETECTE,,2026-10-07,254,1.4950000047683716,0.0,6.028371642493524,-6.562501094304007,1.4951999962329865,False,Yahoo Finance / yfinance - historique quotidien 1 an,OK,OUI,2026-10-08,4335045.0,5.624,0.97938,-5863157.0,-21988808.0,13767377.0,92652.0,,80429664.0,0.21440001,Yahoo Finance / yfinance get_info,OK,PRET_SSI
2026-10-07,Golden Matrix Group Inc.      R,SE0.F,EUR,Allemagne,120347744.0,FRA,Frankfurt,EQUITY,,Yahoo Finance / yfinance EquityQuery,2026-10-07,Détection mécanique 50-300 MEUR ; qualification SSI requise.,DETECTE,,2026-10-07,254,9.489999771118164,0.0,-16.6080872084034,45.10703098581199,8.760089983940125,True,Yahoo Finance / yfinance - historique quotidien 1 an,OK,OUI,2026-10-08,197192816.0,0.161,0.55724,16587910.0,5571147.0,17667846.0,16364882.0,,12681533.0,0.77906,Yahoo Finance / yfinance get_info,OK,PRET_SSI
2026-10-07,Playmates Holdings Ltd.       R,PLJ2.F,EUR,Allemagne,120499944.0,FRA,Frankfurt,EQUITY,,Yahoo Finance / yfinance EquityQuery,2026-10-07,Détection mécanique 50-300 MEUR ; qualification SSI requise.,DETECTE,,2026-10-07,254,0.0445000007748603,0.0,14.102563735178483,3.4883703804777566,0.0415525001473724,True,Yahoo Finance / yfinance - historique quotidien 1 an,OK,OUI,2026-10-08,671417024.0,0.024,0.62334,88408000.0,84137872.0,1145976960.0,126282000.0,,2068000000.0,0.73675,Yahoo Finance / yfinance get_info,OK,PRET_SSI
2026-10-07,Norsk Titanium AS             N,84F.F,EUR,Allemagne,120521360.0,FRA,Frankfurt,EQUITY,,Yahoo Finance / yfinance EquityQuery,2026-10-07,Détection mécanique 50-300 MEUR ; qualification SSI requise.,DETECTE,,2026-10-07,254,0.0926000028848648,0.0,5.227276575713136,15.750006193295253,0.0939614997431635,False,Yahoo Finance / yfinance - historique quotidien 1 an,OK,OUI,2026-10-08,4264000.0,0.406,-0.76242995,-27831000.0,-17660376.0,19622000.0,6242000.0,,1301526467.0,0.55231,Yahoo Finance / yfinance get_info,OK,PRET_SSI
2026-10-07,Vectron Systems AG            I,V3S.HM,EUR,Allemagne,120721944.0,HAM,Hamburg,EQUITY,,Yahoo Finance / yfinance EquityQuery,2026-10-07,Détection mécanique 50-300 MEUR ; qualification SSI requise.,DETECTE,,2026-10-07,254,13.5,0.0,0.7462715247501972,3.0534321136057585,13.266750020980837,True,Yahoo Finance / yfinance - historique quotidien 1 an,OK,OUI,2026-10-08,30407136.0,5.508,0.79683995,-2504338.0,,9576380.0,0.0,,8862165.0,0.0,Yahoo Finance / yfinance get_info,OK,PRET_SSI
2026-10-07,MC Mining Ltd.                R,G1V.F,EUR,Allemagne,120824304.0,FRA,Frankfurt,EQUITY,,Yahoo Finance / yfinance EquityQuery,2026-10-07,Détection mécanique 50-300 MEUR ; qualification SSI requise.,DETECTE,,2026-10-07,254,0.1430000066757202,0.0,7.51880095174724,-19.20903626614282,0.1546100000292062,False,Yahoo Finance / yfinance - historique quotidien 1 an,OK,OUI,2026-10-08,7447000.0,-0.905,-1.09145,-17545000.0,-48287000.0,2942000.0,40443000.0,,844925202.0,0.96091,Yahoo Finance / yfinance get_info,OK,PRET_SSI
2026-10-07,Qingling Motors Co. Ltd.      R,QIN.F,EUR,Allemagne,120886464.0,FRA,Frankfurt,EQUITY,,Yahoo Finance / yfinance EquityQuery,2026-10-07,Détection mécanique 50-300 MEUR ; qualification SSI requise.,DETECTE,,2026-10-07,254,0.048700001090765,0.0,-30.229221712102937,-56.97879816212872,0.0894224999845027,False,Yahoo Finance / yfinance - historique quotidien 1 an,OK,OUI,2026-10-08,4039832064.0,-0.158,0.09295,-153746000.0,22202624.0,4736103936.0,46215000.0,,1238651865.0,0.40080002,Yahoo Finance / yfinance get_info,OK,PRET_SSI
2026-10-07,eGain Corp.                   R,EGCA.F,EUR,Allemagne,120912176.0,FRA,Frankfurt,EQUITY,,Yahoo Finance / yfinance EquityQuery,2026-10-07,Détection mécanique 50-300 MEUR ; qualification SSI requise.,DETECTE,,2026-10-07,254,4.619999885559082,0.0,-20.34483217881196,-27.244095197724093,6.641150016784668,False,Yahoo Finance / yfinance - historique quotidien 1 an,OK,OUI,2026-10-08,91136000.0,-0.047,0.73352,8353000.0,17168124.0,73336000.0,2778000.0,,26171467.0,0.42398998,Yahoo Finance / yfinance get_info,OK,PRET_SSI
2026-10-07,Oxford Square Capital Corp.   R,22T.F,EUR,Allemagne,121171248.0,FRA,Frankfurt,EQUITY,,Yahoo Finance / yfinance EquityQuery,2026-10-07,Détection mécanique 50-300 MEUR ; qualification SSI requise.,DETECTE,,2026-10-07,254,1.125,0.0,-14.772730659354682,-29.022083727187777,1.3672749954462051,False,Yahoo Finance / yfinance - historique quotidien 1 an,OK,OUI,2026-10-08,39000412.0,-0.013,1.0,,14173361.0,34608040.0,152107088.0,,107707775.0,0.06336,Yahoo Finance / yfinance get_info,OK,PRET_SSI
2026-10-07,Naturhouse Health S.A.        A,2NH.F,EUR,Allemagne,121200000.0,FRA,Frankfurt,EQUITY,,Yahoo Finance / yfinance EquityQuery,2026-10-07,Détection mécanique 50-300 MEUR ; qualification SSI requise.,DETECTE,,2026-10-07,254,2.0199999809265137,0.0,-18.875503084743823,-22.007720159543453,2.479800001382828,False,Yahoo Finance / yfinance - historique quotidien 1 an,OK,OUI,2026-10-08,44914000.0,-0.103,0.709,10962000.0,6032875.0,11955000.0,3879000.0,,60000000.0,0.78260005,Yahoo Finance / yfinance get_info,OK,PRET_SSI
2026-10-07,FDM Group (Holdings) PLC      R,17F.F,EUR,Allemagne,121372184.0,FRA,Frankfurt,EQUITY,,Yahoo Finance / yfinance EquityQuery,2026-10-07,Détection mécanique 50-300 MEUR ; qualification SSI requise.,DETECTE,,2026-10-07,254,1.1100000143051147,0.0,-4.310340840949623,9.900992553078236,1.2776250058412553,False,Yahoo Finance / yfinance - historique quotidien 1 an,OK,OUI,2026-10-08,159056000.0,-0.192,0.43001,9931000.0,11213750.0,31122000.0,19084000.0,,109344311.0,0.18267,Yahoo Finance / yfinance get_info,OK,PRET_SSI
2026-10-07,Telematik Interaktiv BalgariyaR,I15.F,EUR,Allemagne,121526648.0,FRA,Frankfurt,EQUITY,,Yahoo Finance / yfinance EquityQuery,2026-10-07,Détection mécanique 50-300 MEUR ; qualification SSI requise.,DETECTE,,2026-10-07,191,9.5,0.0,-12.844033647030953,1.0638338885950116,,,Yahoo Finance / yfinance - historique quotidien 1 an,OK,OUI,2026-10-08,79263400.0,0.231,0.85940003,9884843.0,8863781.0,11140000.0,1212000.0,,12792279.0,0.89343,Yahoo Finance / yfinance get_info,OK,PRET_SSI
2026-10-07,Aurrigo International PLC,CI0.SG,EUR,Allemagne,121544336.0,STU,Stuttgart,EQUITY,,Yahoo Finance / yfinance EquityQuery,2026-10-07,Détection mécanique 50-300 MEUR ; qualification SSI requise.,DETECTE,,2026-10-07,254,1.3600000143051147,0.0,83.78378334839557,62.87425739570524,0.9034999957680704,True,Yahoo Finance / yfinance - historique quotidien 1 an,OK,OUI,2026-10-08,8679000.0,0.194,0.32723,-5153000.0,-4667375.0,8406000.0,4743000.0,,89370833.0,0.53583,Yahoo Finance / yfinance get_info,OK,PRET_SSI
2026-10-07,First Guaranty Bancshares Inc.R,1GJ.F,EUR,Allemagne,121562336.0,FRA,Frankfurt,EQUITY,,Yahoo Finance / yfinance EquityQuery,2026-10-07,Détection mécanique 50-300 MEUR ; qualification SSI requise.,DETECTE,,2026-10-07,254,7.349999904632568,0.0,-13.01775064452021,-6.962027646776658,7.452249991893768,False,Yahoo Finance / yfinance - historique quotidien 1 an,OK,OUI,2026-10-08,37698000.0,1.768,0.0,,,781825984.0,186376000.0,,16539094.0,0.55508,Yahoo Finance / yfinance get_info,OK,PRET_SSI
2026-10-07,Newton Resources Ltd          R,8NW.F,EUR,Allemagne,122000000.0,FRA,Frankfurt,EQUITY,,Yahoo Finance / yfinance EquityQuery,2026-10-07,Détection mécanique 50-300 MEUR ; qualification SSI requise.,DETECTE,,2026-10-07,254,0.0305000003427267,0.0,7.017545006245096,12.962961302168296,0.0287049999646842,True,Yahoo Finance / yfinance - historique quotidien 1 an,OK,OUI,2026-10-08,105977000.0,-0.809,-0.0052,-5661000.0,7255875.0,21562000.0,234000.0,,4000000000.0,0.71708,Yahoo Finance / yfinance get_info,OK,PRET_SSI
2026-10-07,Fountaine Pajot SA            A,65T.F,EUR,Allemagne,122018536.0,FRA,Frankfurt,EQUITY,,Yahoo Finance / yfinance EquityQuery,2026-10-07,Détection mécanique 50-300 MEUR ; qualification SSI requise.,DETECTE,,2026-10-07,254,73.19999694824219,0.0,-12.753282935681842,-20.60737595323992,89.03100025177002,False,Yahoo Finance / yfinance - historique quotidien 1 an,OK,OUI,2026-10-08,306473984.0,-0.123,0.5033,24815000.0,-9695000.0,135858000.0,46958000.0,,1666920.0,0.53301,Yahoo Finance / yfinance get_info,OK,PRET_SSI
2026-10-07,Varia US Properties AG        V,VAU.F,EUR,Allemagne,122524824.0,FRA,Frankfurt,EQUITY,,Yahoo Finance / yfinance EquityQuery,2026-10-07,Détection mécanique 50-300 MEUR ; qualification SSI requise.,DETECTE,,2026-10-07,254,12.100000381469728,0.0,-9.701487119916298,-16.551721507105334,15.977750005722044,False,Yahoo Finance / yfinance - historique quotidien 1 an,OK,OUI,2026-10-08,103567992.0,-0.239,0.51437,,7070056.0,21337696.0,555011840.0,,10126018.0,0.41897,Yahoo Finance / yfinance get_info,OK,PRET_SSI
2026-10-07,Fleetwood Ltd.                R,FZS.F,EUR,Allemagne,122560656.0,FRA,Frankfurt,EQUITY,,Yahoo Finance / yfinance EquityQuery,2026-10-07,Détection mécanique 50-300 MEUR ; qualification SSI requise.,DETECTE,,2026-10-07,254,1.3600000143051147,0.0,29.523816768274624,38.77550896283542,1.2626749983429908,True,Yahoo Finance / yfinance - historique quotidien 1 an,OK,OUI,2026-10-08,474996000.0,0.056,0.33581,36550000.0,56638124.0,61479000.0,13607000.0,,90118126.0,0.12815,Yahoo Finance / yfinance get_info,OK,PRET_SSI
2026-10-07,NSE S.A.                      A,7YM.F,EUR,Allemagne,122916104.0,FRA,Frankfurt,EQUITY,,Yahoo Finance / yfinance EquityQuery,2026-10-07,Détection mécanique 50-300 MEUR ; qualification SSI requise.,DETECTE,,2026-10-07,254,37.29999923706055,0.0,-23.2510279667553,-30.4104472035208,46.435000038146974,False,Yahoo Finance / yfinance - historique quotidien 1 an,OK,OUI,2026-10-08,109552000.0,0.198,0.47451,11811000.0,3877000.0,23972000.0,31515000.0,,3295338.0,0.64352,Yahoo Finance / yfinance get_info,OK,PRET_SSI
2026-10-07,Intron Technology Holdings LtdR,B46.F,EUR,Allemagne,122925744.0,FRA,Frankfurt,EQUITY,,Yahoo Finance / yfinance EquityQuery,2026-10-07,Détection mécanique 50-300 MEUR ; qualification SSI requise.,DETECTE,,2026-10-07,254,0.1129999980330467,0.0,-37.22222580953867,-33.13609574410492,0.1710850001126528,False,Yahoo Finance / yfinance - historique quotidien 1 an,OK,OUI,2026-10-08,6490698240.0,0.146,0.11577,69417000.0,-162669376.0,569353984.0,1724288000.0,,1087838400.0,0.6656,Yahoo Finance / yfinance get_info,OK,PRET_SSI
2026-10-07,KLX Energy Services Hldgs Inc.R,KX4A.F,EUR,Allemagne,122940280.0,FRA,Frankfurt,EQUITY,,Yahoo Finance / yfinance EquityQuery,2026-10-07,Détection mécanique 50-300 MEUR ; qualification SSI requise.,DETECTE,,2026-10-07,254,1.1699999570846558,0.0,-44.811319799854346,-39.062500873114935,1.982849993705749,False,Yahoo Finance / yfinance - historique quotidien 1 an,OK,OUI,2026-10-08,635600000.0,0.052,0.21004,68400000.0,3250000.0,7900000.0,343000000.0,,105077168.0,0.02279,Yahoo Finance / yfinance get_info,OK,PRET_SSI
2026-10-07,Warehouses Estates Belgium SA A,WPK.F,EUR,Allemagne,122951152.0,FRA,Frankfurt,EQUITY,,Yahoo Finance / yfinance EquityQuery,2026-10-07,Détection mécanique 50-300 MEUR ; qualification SSI requise.,DETECTE,,2026-10-07,254,35.099998474121094,0.0,-11.363636801503374,-13.759219124923462,39.38299978256226,False,Yahoo Finance / yfinance - historique quotidien 1 an,OK,OUI,2026-10-08,29074916.0,-0.014,0.74385,,,363210.0,163008224.0,,3502882.0,0.58396,Yahoo Finance / yfinance get_info,OK,PRET_SSI
2026-10-07,Foxtons Group PLC             R,FXG.F,EUR,Allemagne,123019832.0,FRA,Frankfurt,EQUITY,,Yahoo Finance / yfinance EquityQuery,2026-10-07,Détection mécanique 50-300 MEUR ; qualification SSI requise.,DETECTE,,2026-10-07,254,0.4160000085830688,0.0,-15.447155062508855,-13.692943082015251,0.5077349987626075,False,Yahoo Finance / yfinance - historique quotidien 1 an,OK,OUI,2026-10-08,170166000.0,-0.028,0.63276,19290000.0,20417750.0,1853000.0,67990000.0,,295720742.0,0.09276,Yahoo Finance / yfinance get_info,OK,PRET_SSI
2026-10-07,Invinity Energy Systems Ltd.  R,A10.F,EUR,Allemagne,123036496.0,FRA,Frankfurt,EQUITY,,Yahoo Finance / yfinance EquityQuery,2026-10-07,Détection mécanique 50-300 MEUR ; qualification SSI requise.,DETECTE,,2026-10-07,254,0.2160000056028366,0.0,-26.027394254316285,6.930692119816251,0.2535650016367435,False,Yahoo Finance / yfinance - historique quotidien 1 an,OK,OUI,2026-10-08,9023000.0,3.285,-0.20049,-24975000.0,-32816250.0,10510000.0,2118000.0,,569613393.0,0.22941,Yahoo Finance / yfinance get_info,OK,PRET_SSI
2026-10-07,KGL Resources Ltd.            R,KN6.F,EUR,Allemagne,123243040.0,FRA,Frankfurt,EQUITY,,Yahoo Finance / yfinance EquityQuery,2026-10-07,Détection mécanique 50-300 MEUR ; qualification SSI requise.,DETECTE,,2026-10-07,254,0.0900000035762786,0.0,-15.094335246187915,-54.999998882412925,0.1314985197037458,False,Yahoo Finance / yfinance - historique quotidien 1 an,OK,OUI,2026-10-08,309215.0,0.222,1.0,-19052404.0,-3804850.0,25283504.0,189098.0,,1369367104.0,0.33645,Yahoo Finance / yfinance get_info,OK,PRET_SSI
2026-10-07,Chanjet Inform.Techn.Co.Ltd.  R,C7D.F,EUR,Allemagne,123420216.0,FRA,Frankfurt,EQUITY,,Yahoo Finance / yfinance EquityQuery,2026-10-07,Détection mécanique 50-300 MEUR ; qualification SSI requise.,DETECTE,,2026-10-07,254,0.3840000033378601,0.0,-8.133973270454709,-41.818183624383096,0.5457100011408329,False,Yahoo Finance / yfinance - historique quotidien 1 an,OK,OUI,2026-10-08,1159974016.0,0.135,0.68833,47407000.0,40299876.0,736905024.0,9173000.0,,135077211.0,0.28575,Yahoo Finance / yfinance get_info,OK,PRET_SSI
2026-10-07,PW Medtech Group Ltd.         R,PWE.F,EUR,Allemagne,123533080.0,FRA,Frankfurt,EQUITY,,Yahoo Finance / yfinance EquityQuery,2026-10-07,Détection mécanique 50-300 MEUR ; qualification SSI requise.,DETECTE,,2026-10-07,254,0.0864999964833259,0.0,-13.065330584131509,-19.90741274111337,0.108870000205934,False,Yahoo Finance / yfinance - historique quotidien 1 an,OK,OUI,2026-10-08,803187968.0,-0.049,0.47882,227972000.0,402571360.0,1828020992.0,21038000.0,,1428128098.0,0.74372,Yahoo Finance / yfinance get_info,OK,PRET_SSI
2026-10-07,Avantium N.V.                 B,27V0.F,EUR,Allemagne,124017064.0,FRA,Frankfurt,EQUITY,,Yahoo Finance / yfinance EquityQuery,2026-10-07,Détection mécanique 50-300 MEUR ; qualification SSI requise.,DETECTE,,2026-10-07,254,4.920000076293945,0.0,-30.01422575451,-28.69565205372725,6.8150850105285645,False,Yahoo Finance / yfinance - historique quotidien 1 an,OK,OUI,2026-10-08,12599000.0,-0.298,-2.86951,-41597000.0,-60182624.0,23868000.0,160435008.0,,25206719.0,0.16277,Yahoo Finance / yfinance get_info,OK,PRET_SSI
2026-10-07,Titomic Ltd                   R,T04.F,EUR,Allemagne,124193256.0,FRA,Frankfurt,EQUITY,,Yahoo Finance / yfinance EquityQuery,2026-10-07,Détection mécanique 50-300 MEUR ; qualification SSI requise.,DETECTE,,2026-10-07,254,0.0694999992847442,0.0,-36.23853123215108,-56.56249947613104,0.1187474999018013,False,Yahoo Finance / yfinance - historique quotidien 1 an,OK,OUI,2026-10-08,9935018.0,-0.111,-0.48793,-37957180.0,,14256743.0,16413881.0,,1786953394.0,0.24127,Yahoo Finance / yfinance get_info,OK,PRET_SSI
2026-10-07,Dexelance S.p.A.              A,QZ2.F,EUR,Allemagne,124211008.0,FRA,Frankfurt,EQUITY,,Yahoo Finance / yfinance EquityQuery,2026-10-07,Détection mécanique 50-300 MEUR ; qualification SSI requise.,DETECTE,,2026-10-07,254,2.0899999141693115,0.0,-3.68664328626489,-28.178699225958947,2.5529687064886093,False,Yahoo Finance / yfinance - historique quotidien 1 an,OK,OUI,2026-10-08,347976992.0,0.187,0.25365,3006000.0,-29884000.0,79411000.0,204199008.0,,59431107.0,0.05143,Yahoo Finance / yfinance get_info,OK,PRET_SSI
2026-10-07,Gevorkyan s.r.o.              N,91X.F,EUR,Allemagne,124284720.0,FRA,Frankfurt,EQUITY,,Yahoo Finance / yfinance EquityQuery,2026-10-07,Détection mécanique 50-300 MEUR ; qualification SSI requise.,DETECTE,,2026-10-07,170,6.960000038146973,0.0,-4.132233901886096,-4.657536215128022,,,Yahoo Finance / yfinance - historique quotidien 1 an,OK,OUI,2026-10-08,90320000.0,0.237,0.42393002,30160000.0,-22725876.0,410000.0,95944000.0,,17857000.0,0.76856005,Yahoo Finance / yfinance get_info,OK,PRET_SSI
2026-10-07,Global Atomic Corp.           R,G12.F,EUR,Allemagne,124286536.0,FRA,Frankfurt,EQUITY,,Yahoo Finance / yfinance EquityQuery,2026-10-07,Détection mécanique 50-300 MEUR ; qualification SSI requise.,DETECTE,,2026-10-07,254,0.2535000145435333,0.0,-33.46456523536521,-46.74369565067672,0.4316220015287399,False,Yahoo Finance / yfinance - historique quotidien 1 an,OK,OUI,2026-10-08,996954.0,-0.423,1.0,-9739979.0,-103157552.0,29993336.0,4391030.0,,490282186.0,0.03794,Yahoo Finance / yfinance get_info,OK,PRET_SSI
2026-10-07,Humm Group Ltd.               R,F5L.F,EUR,Allemagne,124646968.0,FRA,Frankfurt,EQUITY,,Yahoo Finance / yfinance EquityQuery,2026-10-07,Détection mécanique 50-300 MEUR ; qualification SSI requise.,DETECTE,,2026-10-07,254,0.2399999946355819,0.0,-10.447765426371136,-36.5079364453634,0.3369000014662742,False,Yahoo Finance / yfinance - historique quotidien 1 an,OK,OUI,2026-10-08,252700000.0,-0.123,0.57578,,,118800000.0,4454499840.0,,504914454.0,0.43727002,Yahoo Finance / yfinance get_info,OK,PRET_SSI
2026-10-07,Digital Hearts Holdings Co.LtdR,957.F,EUR,Allemagne,124873304.0,FRA,Frankfurt,EQUITY,,Yahoo Finance / yfinance EquityQuery,2026-10-07,Détection mécanique 50-300 MEUR ; qualification SSI requise.,DETECTE,,2026-10-07,254,5.599999904632568,0.0,50.537630687188354,30.84111285320068,4.844200047254563,True,Yahoo Finance / yfinance - historique quotidien 1 an,OK,OUI,2026-10-08,39394873344.0,0.05,0.25564,3455243008.0,,6544969216.0,5873200128.0,,22298804.0,0.84186995,Yahoo Finance / yfinance get_info,OK,PRET_SSI
2026-10-07,CareRx Corp.                  R,29C1.F,EUR,Allemagne,125590584.0,FRA,Frankfurt,EQUITY,,Yahoo Finance / yfinance EquityQuery,2026-10-07,Détection mécanique 50-300 MEUR ; qualification SSI requise.,DETECTE,,2026-10-07,254,1.9800000190734863,0.0,-6.6037676435381165,-16.101690377698485,2.157599977850914,False,Yahoo Finance / yfinance - historique quotidien 1 an,OK,OUI,2026-10-08,376795008.0,0.024,0.30028,24059000.0,16518500.0,9574000.0,76335000.0,,63429589.0,0.10451999,Yahoo Finance / yfinance get_info,OK,PRET_SSI
2026-10-07,H-Power Plc                   R,QC8.F,EUR,Allemagne,125701248.0,FRA,Frankfurt,EQUITY,,Yahoo Finance / yfinance EquityQuery,2026-10-07,Détection mécanique 50-300 MEUR ; qualification SSI requise.,DETECTE,,2026-10-07,254,0.1106000021100044,62.60759966075421,-15.829529133526988,-18.91495402543838,0.1364950001984834,False,Yahoo Finance / yfinance - historique quotidien 1 an,OK,OUI,2026-10-08,361000.0,13.882,0.4626,-19213000.0,-7607250.0,17439000.0,1397000.0,,1136539282.0,0.03647,Yahoo Finance / yfinance get_info,OK,PRET_SSI
2026-10-07,QRF CVA                       A,2QR.F,EUR,Allemagne,126081976.0,FRA,Frankfurt,EQUITY,,Yahoo Finance / yfinance EquityQuery,2026-10-07,Détection mécanique 50-300 MEUR ; qualification SSI requise.,DETECTE,,2026-10-07,254,9.699999809265137,0.0,-2.0202001714301865,-10.599083242140972,10.501555604934692,False,Yahoo Finance / yfinance - historique quotidien 1 an,OK,OUI,2026-10-08,17145000.0,0.392,0.82752997,11951500.0,6750375.0,1563000.0,186472000.0,,12998142.0,0.37864,Yahoo Finance / yfinance get_info,OK,PRET_SSI
2026-10-07,CBo Territoria                A,0B0.F,EUR,Allemagne,126116568.0,FRA,Frankfurt,EQUITY,,Yahoo Finance / yfinance EquityQuery,2026-10-07,Détection mécanique 50-300 MEUR ; qualification SSI requise.,DETECTE,,2026-10-07,254,3.5999999046325684,0.0,-5.26315921561541,-7.692312394843659,3.826149991750717,False,Yahoo Finance / yfinance - historique quotidien 1 an,OK,OUI,2026-10-08,53155000.0,-0.01,0.63215,24738000.0,4827625.0,8686000.0,149399008.0,,35032379.0,0.35734,Yahoo Finance / yfinance get_info,OK,PRET_SSI
2026-10-07,SIFCO INDUSTRIES INC.         R,SI7.F,EUR,Allemagne,126333392.0,FRA,Frankfurt,EQUITY,,Yahoo Finance / yfinance EquityQuery,2026-10-07,Détection mécanique 50-300 MEUR ; qualification SSI requise.,DETECTE,,2026-10-07,254,20.200000762939453,0.0,4.663220525681111,53.03031102137581,14.660800044536591,True,Yahoo Finance / yfinance - historique quotidien 1 an,OK,OUI,2026-10-08,99372000.0,0.183,0.16568,9293000.0,1633375.0,77000.0,19518000.0,,6254128.0,0.22638,Yahoo Finance / yfinance get_info,OK,PRET_SSI
2026-10-07,Vera Bradley Inc.             R,ELI.F,EUR,Allemagne,126344872.0,FRA,Frankfurt,EQUITY,,Yahoo Finance / yfinance EquityQuery,2026-10-07,Détection mécanique 50-300 MEUR ; qualification SSI requise.,DETECTE,,2026-10-07,254,4.40399980545044,0.0,27.94886454707326,37.11083287361796,2.871189994812012,True,Yahoo Finance / yfinance - historique quotidien 1 an,OK,OUI,2026-10-08,274492000.0,0.011,0.50426996,-1457000.0,53081000.0,34249000.0,70968000.0,,28688664.0,0.29966,Yahoo Finance / yfinance get_info,OK,PRET_SSI
2026-10-07,Motorpoint Group PLC          R,1X4.F,EUR,Allemagne,126615248.0,FRA,Frankfurt,EQUITY,,Yahoo Finance / yfinance EquityQuery,2026-10-07,Détection mécanique 50-300 MEUR ; qualification SSI requise.,DETECTE,,2026-10-07,254,1.590000033378601,0.0,12.765962483567517,8.904109029793172,1.41625,True,Yahoo Finance / yfinance - historique quotidien 1 an,OK,OUI,2026-10-08,1268600064.0,0.018,0.07796,21600000.0,-30112500.0,5200000.0,222800000.0,,79632232.0,0.28534,Yahoo Finance / yfinance get_info,OK,PRET_SSI
2026-10-07,Masi Agricola S.p.A.          A,0CY.F,EUR,Allemagne,126675560.0,FRA,Frankfurt,EQUITY,,Yahoo Finance / yfinance EquityQuery,2026-10-07,Détection mécanique 50-300 MEUR ; qualification SSI requise.,DETECTE,,2026-10-07,254,3.940000057220459,0.0,-13.215857041277925,-1.0050241623450806,4.262899956703186,False,Yahoo Finance / yfinance - historique quotidien 1 an,OK,OUI,2026-10-08,62435336.0,-0.067,0.25929,4212071.0,-3226394.0,14153280.0,54346848.0,,32151156.0,0.91708,Yahoo Finance / yfinance get_info,OK,PRET_SSI
2026-10-07,Pharos Energy PLC             R,OCS1.F,EUR,Allemagne,126719912.0,FRA,Frankfurt,EQUITY,,Yahoo Finance / yfinance EquityQuery,2026-10-07,Détection mécanique 50-300 MEUR ; qualification SSI requise.,DETECTE,,2026-10-07,254,0.3059999942779541,0.0,20.472434847314737,6.992999997499116,0.2740750013291835,True,Yahoo Finance / yfinance - historique quotidien 1 an,OK,OUI,2026-10-08,121800000.0,0.235,0.2069,63800000.0,63575000.0,45400000.0,0.0,,414117372.0,0.55317,Yahoo Finance / yfinance get_info,OK,PRET_SSI
2026-10-07,Evolution Petroleum Corp.     R,EP7.F,EUR,Allemagne,126743368.0,FRA,Frankfurt,EQUITY,,Yahoo Finance / yfinance EquityQuery,2026-10-07,Détection mécanique 50-300 MEUR ; qualification SSI requise.,DETECTE,,2026-10-07,254,3.1549999713897705,0.0,-0.1582314653514771,-14.84480333716519,3.4162249970436096,False,Yahoo Finance / yfinance - historique quotidien 1 an,OK,OUI,2026-10-08,86343000.0,0.147,0.417,23410000.0,-5573875.0,6137000.0,56946000.0,,40172226.0,0.09635,Yahoo Finance / yfinance get_info,OK,PRET_SSI
2026-10-07,Armata Pharmaceuticals Inc.   R,TG1N.F,EUR,Allemagne,127162376.0,FRA,Frankfurt,EQUITY,,Yahoo Finance / yfinance EquityQuery,2026-10-07,Détection mécanique 50-300 MEUR ; qualification SSI requise.,DETECTE,,2026-10-07,254,3.4200000762939453,0.0,-7.0652170039868345,-65.27918838736487,6.195750004053116,False,Yahoo Finance / yfinance - historique quotidien 1 an,OK,OUI,2026-10-08,5543000.0,0.157,-2.17355,-33448000.0,-27409624.0,23952000.0,313952992.0,,37181979.0,0.67639,Yahoo Finance / yfinance get_info,OK,PRET_SSI
2026-10-07,ReposiTrak Inc.               R,PJ4A.F,EUR,Allemagne,127408432.0,FRA,Frankfurt,EQUITY,,Yahoo Finance / yfinance EquityQuery,2026-10-07,Détection mécanique 50-300 MEUR ; qualification SSI requise.,DETECTE,,2026-10-07,254,7.0,0.0,-9.090906839021628,11.111107747180649,7.699000005722046,False,Yahoo Finance / yfinance - historique quotidien 1 an,OK,OUI,2026-10-08,23287320.0,-0.032,0.85800004,8281557.0,7464774.0,27256008.0,294340.0,,18201204.0,0.33016,Yahoo Finance / yfinance get_info,OK,PRET_SSI
2026-10-07,BIESSE S.P.A.                 A,BI2.F,EUR,Allemagne,127466560.0,FRA,Frankfurt,EQUITY,,Yahoo Finance / yfinance EquityQuery,2026-10-07,Détection mécanique 50-300 MEUR ; qualification SSI requise.,DETECTE,,2026-10-07,254,4.565000057220459,0.0,-5.87628562919943,-16.084558654344516,5.418874979019165,False,Yahoo Finance / yfinance - historique quotidien 1 an,OK,OUI,2026-10-08,650822976.0,-0.026,0.57698,33496000.0,-2431125.0,86465000.0,128367000.0,,26580145.0,0.51,Yahoo Finance / yfinance get_info,OK,PRET_SSI
2026-10-07,DUG Technology Ltd.           R,5QA.F,EUR,Allemagne,127564320.0,FRA,Frankfurt,EQUITY,,Yahoo Finance / yfinance EquityQuery,2026-10-07,Détection mécanique 50-300 MEUR ; qualification SSI requise.,DETECTE,,2026-10-07,254,0.9399999976158142,0.0,-25.98425104463008,-25.98425104463008,1.1915749943256375,False,Yahoo Finance / yfinance - historique quotidien 1 an,OK,OUI,2026-10-08,86387000.0,0.36,0.57666,16510000.0,23743876.0,10501000.0,42702000.0,,135706722.0,0.21440001,Yahoo Finance / yfinance get_info,OK,PRET_SSI
2026-10-07,HURCO COMPANIES INC.          R,HC2.F,EUR,Allemagne,127583552.0,FRA,Frankfurt,EQUITY,,Yahoo Finance / yfinance EquityQuery,2026-10-07,Détection mécanique 50-300 MEUR ; qualification SSI requise.,DETECTE,,2026-10-07,254,19.700000762939453,0.0,-2.4752474312641604,45.925931577329294,16.165500025749207,True,Yahoo Finance / yfinance - historique quotidien 1 an,OK,OUI,2026-10-08,183242000.0,0.032,0.21393,-3172000.0,15803375.0,52087000.0,9840000.0,,6476322.0,0.107250005,Yahoo Finance / yfinance get_info,OK,PRET_SSI
2026-10-07,Redelfi S.p.A.                A,B0Z.F,EUR,Allemagne,127724976.0,FRA,Frankfurt,EQUITY,,Yahoo Finance / yfinance EquityQuery,2026-10-07,Détection mécanique 50-300 MEUR ; qualification SSI requise.,DETECTE,,2026-10-07,253,11.140000343322754,0.0,1.642338545157651,4.112154597204953,11.152449975013733,False,Yahoo Finance / yfinance - historique quotidien 1 an,OK,OUI,2026-10-08,1705828.0,-0.118,12.27551,16308396.0,-14459304.0,3294846.0,32733014.0,,11465437.0,0.48776,Yahoo Finance / yfinance get_info,OK,PRET_SSI
2026-10-07,Golconda Gold Ltd.            R,Y87.F,EUR,Allemagne,127808432.0,FRA,Frankfurt,EQUITY,,Yahoo Finance / yfinance EquityQuery,2026-10-07,Détection mécanique 50-300 MEUR ; qualification SSI requise.,DETECTE,,2026-10-07,254,1.7899999618530271,0.0,35.60605232763805,10.767320515335244,1.6840999990701675,True,Yahoo Finance / yfinance - historique quotidien 1 an,OK,OUI,2026-10-08,45284632.0,0.564,0.47298,20137556.0,6185358.0,5808573.0,0.0,,71401362.0,0.16065,Yahoo Finance / yfinance get_info,OK,PRET_SSI
2026-10-07,Appear ASA                    R,69R.F,EUR,Allemagne,127876760.0,FRA,Frankfurt,EQUITY,,Yahoo Finance / yfinance EquityQuery,2026-10-07,Détection mécanique 50-300 MEUR ; qualification SSI requise.,DETECTE,,2026-10-07,231,3.150000095367432,0.0,-21.446386145324738,-50.93457853686159,5.422099988460541,False,Yahoo Finance / yfinance - historique quotidien 1 an,OK,OUI,2026-10-08,788988032.0,-0.3,0.38651,130095000.0,8857000.0,425620992.0,67391000.0,,40595795.0,0.59749,Yahoo Finance / yfinance get_info,OK,PRET_SSI
2026-10-07,Nations Royalty Corp.         R,Y96.F,EUR,Allemagne,128272720.0,FRA,Frankfurt,EQUITY,,Yahoo Finance / yfinance EquityQuery,2026-10-07,Détection mécanique 50-300 MEUR ; qualification SSI requise.,DETECTE,,2026-10-07,254,0.7850000262260437,0.0,33.050857816952515,31.93277117307145,0.6739649991691112,True,Yahoo Finance / yfinance - historique quotidien 1 an,OK,OUI,2026-10-08,3628226.0,10.584,1.0,,-1941091.0,16267232.0,0.0,,155230637.0,0.73489,Yahoo Finance / yfinance get_info,OK,PRET_SSI
2026-10-07,Boab Metals Ltd.              R,GMWA.F,EUR,Allemagne,128451088.0,FRA,Frankfurt,EQUITY,,Yahoo Finance / yfinance EquityQuery,2026-10-07,Détection mécanique 50-300 MEUR ; qualification SSI requise.,DETECTE,,2026-10-07,254,0.2220000028610229,0.0,3.7383183426956457,-11.90476218634091,0.2664050006121397,False,Yahoo Finance / yfinance - historique quotidien 1 an,OK,OUI,2026-10-08,2454197.0,43.262,1.0,-4307588.0,-36425800.0,60862296.0,8685760.0,,578608493.0,0.10762,Yahoo Finance / yfinance get_info,OK,PRET_SSI
2026-10-07,Voyager Therapeutics Inc.     R,VT6.F,EUR,Allemagne,128535040.0,FRA,Frankfurt,EQUITY,,Yahoo Finance / yfinance EquityQuery,2026-10-07,Détection mécanique 50-300 MEUR ; qualification SSI requise.,DETECTE,,2026-10-07,254,2.0859999656677246,0.0,-26.909604108217632,-32.882884852496154,2.9918899965286254,False,Yahoo Finance / yfinance - historique quotidien 1 an,OK,OUI,2026-10-08,34459000.0,-0.391,-2.3680902,-109867000.0,-77310000.0,116338000.0,32567000.0,,61617948.0,0.14840999,Yahoo Finance / yfinance get_info,OK,PRET_SSI
2026-10-07,Silver Crown Royalties Inc.   R,QS0.F,EUR,Allemagne,128711472.0,FRA,Frankfurt,EQUITY,,Yahoo Finance / yfinance EquityQuery,2026-10-07,Détection mécanique 50-300 MEUR ; qualification SSI requise.,DETECTE,,2026-10-07,254,23.200000762939453,0.0,62.23776540905925,109.00900869939964,13.945000063180924,True,Yahoo Finance / yfinance - historique quotidien 1 an,OK,OUI,2026-10-08,3194560.0,5.984,0.96472,-949932.0,-13220667.0,4862068.0,0.0,,5547908.0,0.19261,Yahoo Finance / yfinance get_info,OK,PRET_SSI
2026-10-07,Huckleberry.ai Inc.           R,1ON.F,EUR,Allemagne,128879080.0,FRA,Frankfurt,EQUITY,,Yahoo Finance / yfinance EquityQuery,2026-10-07,Détection mécanique 50-300 MEUR ; qualification SSI requise.,DETECTE,,2026-10-07,254,2.740000009536743,0.0,-6.643950154838041,21.131737748848067,3.5040549916028976,False,Yahoo Finance / yfinance - historique quotidien 1 an,OK,OUI,2026-10-08,315214016.0,-0.037,0.75441,-24965000.0,10888000.0,25071000.0,146760000.0,,43772502.0,0.07717,Yahoo Finance / yfinance get_info,OK,PRET_SSI
2026-10-07,Master Drilling Group Ltd.    R,I49.F,EUR,Allemagne,128960072.0,FRA,Frankfurt,EQUITY,,Yahoo Finance / yfinance EquityQuery,2026-10-07,Détection mécanique 50-300 MEUR ; qualification SSI requise.,DETECTE,,2026-10-07,254,0.8199999928474426,0.0,0.0,-1.2048181523292234,0.8522250011563302,False,Yahoo Finance / yfinance - historique quotidien 1 an,OK,OUI,2026-10-08,314622368.0,0.17,0.28190002,54747940.0,-2148858.0,38287084.0,84016792.0,,150536779.0,0.58326,Yahoo Finance / yfinance get_info,OK,PRET_SSI
2026-10-07,Kanamic Network Co. LTD.      R,0WT.F,EUR,Allemagne,129083848.0,FRA,Frankfurt,EQUITY,,Yahoo Finance / yfinance EquityQuery,2026-10-07,Détection mécanique 50-300 MEUR ; qualification SSI requise.,DETECTE,,2026-10-07,254,2.720000028610229,0.0,3.030300019967558,-0.7299263086460783,2.7432000064849853,False,Yahoo Finance / yfinance - historique quotidien 1 an,OK,OUI,2026-10-08,6110797824.0,0.101,0.6462,2373157120.0,,4095706880.0,458217984.0,,47457294.0,0.50329,Yahoo Finance / yfinance get_info,OK,PRET_SSI
2026-10-07,Hemisphere Energy Corp.       R,N4Q1.F,EUR,Allemagne,129122656.0,FRA,Frankfurt,EQUITY,,Yahoo Finance / yfinance EquityQuery,2026-10-07,Détection mécanique 50-300 MEUR ; qualification SSI requise.,DETECTE,,2026-10-07,254,1.3700000047683716,0.0,-11.038958525693786,-18.452378122511814,1.5151499980688097,False,Yahoo Finance / yfinance - historique quotidien 1 an,OK,OUI,2026-10-08,83692000.0,0.353,0.76314,55346000.0,10224375.0,16088000.0,2573000.0,,94250109.0,0.08011,Yahoo Finance / yfinance get_info,OK,PRET_SSI
2026-10-07,General de Alquiler de M. S.A.A,4LX.F,EUR,Allemagne,129140064.0,FRA,Frankfurt,EQUITY,,Yahoo Finance / yfinance EquityQuery,2026-10-07,Détection mécanique 50-300 MEUR ; qualification SSI requise.,DETECTE,,2026-10-07,254,1.3650000095367432,0.0,-5.536334948887268,-7.457627967937475,1.4544750100374222,False,Yahoo Finance / yfinance - historique quotidien 1 an,OK,OUI,2026-10-08,320119008.0,0.026,0.64377,54510000.0,17047500.0,27420000.0,356792000.0,,94608106.0,0.8134,Yahoo Finance / yfinance get_info,OK,PRET_SSI
2026-10-07,Fais Holding S.A.             N,GW7.F,EUR,Allemagne,129146032.0,FRA,Frankfurt,EQUITY,,Yahoo Finance / yfinance EquityQuery,2026-10-07,Détection mécanique 50-300 MEUR ; qualification SSI requise.,DETECTE,,2026-10-07,144,2.859999895095825,0.0,-10.625004610046672,-12.000003227820766,,,Yahoo Finance / yfinance - historique quotidien 1 an,OK,OUI,2026-10-08,229305616.0,,0.45562,30685792.0,25453962.0,25172012.0,135232192.0,,45155955.0,0.68457,Yahoo Finance / yfinance get_info,OK,PRET_SSI
2026-10-07,Altair Minerals Ltd.          R,5RG.F,EUR,Allemagne,129264200.0,FRA,Frankfurt,EQUITY,,Yahoo Finance / yfinance EquityQuery,2026-10-07,Détection mécanique 50-300 MEUR ; qualification SSI requise.,DETECTE,,2026-10-07,228,0.0195000004023313,0.0,39.2857128602206,14.705878485858026,0.0174714999971911,True,Yahoo Finance / yfinance - historique quotidien 1 an,OK,OUI,2026-10-08,158412.0,13.733,1.0,-4891820.0,-6527910.0,33701968.0,0.0,,6628932966.0,0.58418,Yahoo Finance / yfinance get_info,OK,PRET_SSI
2026-10-07,MINERALBR.UEBERK.-VZ-,MUT3.F,EUR,Allemagne,129313608.0,FRA,Frankfurt,EQUITY,,Yahoo Finance / yfinance EquityQuery,2026-10-07,Détection mécanique 50-300 MEUR ; qualification SSI requise.,DETECTE,,2026-10-07,253,16.600000381469727,830.0000190734863,-10.752687951514783,-3.4883741561368864,16.81699993610382,False,Yahoo Finance / yfinance - historique quotidien 1 an,OK,OUI,2026-10-08,163855552.0,0.019,0.68386,17827654.0,-2737173.0,633561.0,18754322.0,,2187360.0,0.404,Yahoo Finance / yfinance get_info,OK,PRET_SSI
2026-10-07,Cannara Biotech Inc.          R,8CB0.F,EUR,Allemagne,129404600.0,FRA,Frankfurt,EQUITY,,Yahoo Finance / yfinance EquityQuery,2026-10-07,Détection mécanique 50-300 MEUR ; qualification SSI requise.,DETECTE,,2026-10-07,254,1.309999942779541,0.0,21.29628617822428,16.964280107343697,1.1062750047445298,True,Yahoo Finance / yfinance - historique quotidien 1 an,OK,OUI,2026-10-08,117333696.0,0.164,0.42591998,24732790.0,3188869.0,21808080.0,36999196.0,,98782148.0,0.50134,Yahoo Finance / yfinance get_info,OK,PRET_SSI
2026-10-07,Dominion Hosting Hldg S.p.A.  A,1EH.F,EUR,Allemagne,129487160.0,FRA,Frankfurt,EQUITY,,Yahoo Finance / yfinance EquityQuery,2026-10-07,Détection mécanique 50-300 MEUR ; qualification SSI requise.,DETECTE,,2026-10-07,140,23.200000762939453,0.0,-12.45282730966244,13.170735428972936,,,Yahoo Finance / yfinance - historique quotidien 1 an,OK,OUI,2026-10-08,44046800.0,0.131,0.35269,7816171.0,6569432.0,23369040.0,20468788.0,,5581343.0,0.68851995,Yahoo Finance / yfinance get_info,OK,PRET_SSI
2026-10-07,WW International Inc.         R,WW60.F,EUR,Allemagne,129783904.0,FRA,Frankfurt,EQUITY,,Yahoo Finance / yfinance EquityQuery,2026-10-07,Détection mécanique 50-300 MEUR ; qualification SSI requise.,DETECTE,,2026-10-07,165,12.979999542236328,0.0,0.5422129794854458,45.51568869076983,,,Yahoo Finance / yfinance - historique quotidien 1 an,OK,OUI,2026-10-08,665488000.0,-0.142,0.71022004,96854000.0,88775000.0,101497000.0,426311008.0,,9998760.0,0.08229,Yahoo Finance / yfinance get_info,OK,PRET_SSI
2026-10-07,Niu Technologies              R,0O9.F,EUR,Allemagne,129811720.0,FRA,Frankfurt,EQUITY,,Yahoo Finance / yfinance EquityQuery,2026-10-07,Détection mécanique 50-300 MEUR ; qualification SSI requise.,DETECTE,,2026-10-07,254,1.6549999713897705,0.0,-12.201592585523658,-31.327804462740573,2.2571999967098235,False,Yahoo Finance / yfinance - historique quotidien 1 an,OK,OUI,2026-10-08,4720070656.0,0.147,0.18260999,-138359776.0,,1475750656.0,222561664.0,,70825078.0,0.15059,Yahoo Finance / yfinance get_info,OK,PRET_SSI
2026-10-07,ZUIKO CORP.                   R,44N.F,EUR,Allemagne,129970800.0,FRA,Frankfurt,EQUITY,,Yahoo Finance / yfinance EquityQuery,2026-10-07,Détection mécanique 50-300 MEUR ; qualification SSI requise.,DETECTE,,2026-10-07,204,5.0,0.0,4.602505868937423,4.602505868937423,4.96002501487732,True,Yahoo Finance / yfinance - historique quotidien 1 an,OK,OUI,2026-10-08,21575999488.0,0.263,0.12954001,504000000.0,-2102625024.0,11896999936.0,7542000128.0,,25994159.0,0.22813,Yahoo Finance / yfinance get_info,OK,PRET_SSI
2026-10-07,Optical Cable Corp.           R,OCC.F,EUR,Allemagne,129977752.0,FRA,Frankfurt,EQUITY,,Yahoo Finance / yfinance EquityQuery,2026-10-07,Détection mécanique 50-300 MEUR ; qualification SSI requise.,DETECTE,,2026-10-07,254,14.699999809265137,0.0,8.08823085986219,49.23857096411339,9.96350002169609,True,Yahoo Finance / yfinance - historique quotidien 1 an,OK,OUI,2026-10-08,82770552.0,0.22,0.34252998,4257255.0,-629699.0,297193.0,11081302.0,,8842024.0,0.40498,Yahoo Finance / yfinance get_info,OK,PRET_SSI
2026-10-07,Lee Enterprises Inc.          R,LE70.F,EUR,Allemagne,130408456.0,FRA,Frankfurt,EQUITY,,Yahoo Finance / yfinance EquityQuery,2026-10-07,Détection mécanique 50-300 MEUR ; qualification SSI requise.,DETECTE,,2026-10-07,254,5.849999904632568,0.0,-10.687026957532952,-23.529413964646608,6.335000002384186,False,Yahoo Finance / yfinance - historique quotidien 1 an,OK,OUI,2026-10-08,517102016.0,-0.108,0.60716,53086000.0,26446624.0,59428000.0,475296000.0,,22292044.0,0.72906,Yahoo Finance / yfinance get_info,OK,PRET_SSI
2026-10-07,Shutterstock Inc.             R,S3T.F,EUR,Allemagne,130573112.0,FRA,Frankfurt,EQUITY,,Yahoo Finance / yfinance EquityQuery,2026-10-07,Détection mécanique 50-300 MEUR ; qualification SSI requise.,DETECTE,,2026-10-07,254,3.5339999198913574,0.0,-49.5863080669961,-75.57705698220411,10.75727999329567,False,Yahoo Finance / yfinance - historique quotidien 1 an,OK,OUI,2026-10-08,901286016.0,-0.169,0.56891,141248000.0,147756880.0,133208000.0,297268992.0,,36947684.0,0.31151,Yahoo Finance / yfinance get_info,OK,PRET_SSI
2026-10-07,Eagle Bancorp Montana Inc.    R,8F5.F,EUR,Allemagne,130633064.0,FRA,Frankfurt,EQUITY,,Yahoo Finance / yfinance EquityQuery,2026-10-07,Détection mécanique 50-300 MEUR ; qualification SSI requise.,DETECTE,,2026-10-07,254,16.399999618530273,0.0,-17.587940035641537,-10.86956544273968,18.380500035285948,False,Yahoo Finance / yfinance - historique quotidien 1 an,OK,OUI,2026-10-08,94715000.0,0.087,0.0,,,28960000.0,96701000.0,,7965431.0,0.06421,Yahoo Finance / yfinance get_info,OK,PRET_SSI
2026-10-07,Hostelworld Group PLC         R,HSW.F,EUR,Allemagne,130686296.0,FRA,Frankfurt,EQUITY,,Yahoo Finance / yfinance EquityQuery,2026-10-07,Détection mécanique 50-300 MEUR ; qualification SSI requise.,DETECTE,,2026-10-07,254,1.059999942779541,0.0,-12.396701705658286,-7.826090021259679,1.2465000063180924,False,Yahoo Finance / yfinance - historique quotidien 1 an,OK,OUI,2026-10-08,99300000.0,0.118,0.79758,13800000.0,11175000.0,15000000.0,11000000.0,,123288968.0,0.19004999,Yahoo Finance / yfinance get_info,OK,PRET_SSI
2026-10-07,Digia Oyj                     R,S2Y.F,EUR,Allemagne,131420048.0,FRA,Frankfurt,EQUITY,,Yahoo Finance / yfinance EquityQuery,2026-10-07,Détection mécanique 50-300 MEUR ; qualification SSI requise.,DETECTE,,2026-10-07,254,4.829999923706055,0.0,-16.435990512425857,-13.129496881047563,5.745600006580353,False,Yahoo Finance / yfinance - historique quotidien 1 an,OK,OUI,2026-10-08,220187008.0,0.01,0.21284,20339000.0,12572625.0,22745000.0,43899000.0,,26694119.0,0.53666,Yahoo Finance / yfinance get_info,OK,PRET_SSI
2026-10-07,HAFFNER ENERGY S.A.           A,X1B.F,EUR,Allemagne,131569368.0,FRA,Frankfurt,EQUITY,,Yahoo Finance / yfinance EquityQuery,2026-10-07,Détection mécanique 50-300 MEUR ; qualification SSI requise.,DETECTE,,2026-10-07,254,0.703000009059906,0.0,213.83928007170653,1303.1936669171014,0.2367635005805641,True,Yahoo Finance / yfinance - historique quotidien 1 an,OK,OUI,2026-10-08,1337189.0,6.021,-1.6139,-10843265.0,2477843.0,1199872.0,2396479.0,,187154152.0,0.18863001,Yahoo Finance / yfinance get_info,OK,PRET_SSI
2026-10-07,ACRES Commercial Realty Corp. R,R9L.F,EUR,Allemagne,131648904.0,FRA,Frankfurt,EQUITY,,Yahoo Finance / yfinance EquityQuery,2026-10-07,Détection mécanique 50-300 MEUR ; qualification SSI requise.,DETECTE,,2026-10-07,254,8.399999618530273,0.0,-39.568346409649365,-45.80645407399824,14.4225000333786,False,Yahoo Finance / yfinance - historique quotidien 1 an,OK,OUI,2026-10-08,84411000.0,-0.148,0.46847,,,41098000.0,1829598976.0,,15672489.0,0.37893,Yahoo Finance / yfinance get_info,OK,PRET_SSI
2026-10-07,Helloworld Travel Ltd.        R,ID9.F,EUR,Allemagne,131762528.0,FRA,Frankfurt,EQUITY,,Yahoo Finance / yfinance EquityQuery,2026-10-07,Détection mécanique 50-300 MEUR ; qualification SSI requise.,DETECTE,,2026-10-07,254,0.8050000071525574,0.0,-4.7337301897445005,-5.847954480177798,0.898024996817112,False,Yahoo Finance / yfinance - historique quotidien 1 an,OK,OUI,2026-10-08,201771008.0,0.058,0.91352,35670000.0,39323376.0,116882000.0,44231000.0,,163680166.0,0.4465,Yahoo Finance / yfinance get_info,OK,PRET_SSI
2026-10-07,White Energy Co. Ltd.         R,XPK.F,EUR,Allemagne,131987000.0,FRA,Frankfurt,EQUITY,,Yahoo Finance / yfinance EquityQuery,2026-10-07,Détection mécanique 50-300 MEUR ; qualification SSI requise.,DETECTE,,2026-10-07,254,0.1700000017881393,0.0,69.99999925494195,1788.8889900696174,0.0667799997702241,True,Yahoo Finance / yfinance - historique quotidien 1 an,OK,OUI,2026-10-08,289000.0,5.275,-0.38408002,-3821000.0,-6456000.0,470000.0,22841000.0,,776394087.0,0.58471,Yahoo Finance / yfinance get_info,OK,PRET_SSI
2026-10-07,EKTER S.A.                    N,J97.F,EUR,Allemagne,132127168.0,FRA,Frankfurt,EQUITY,,Yahoo Finance / yfinance EquityQuery,2026-10-07,Détection mécanique 50-300 MEUR ; qualification SSI requise.,DETECTE,,2026-10-07,254,4.764999866485596,0.0,-7.833659648583014,23.445595750911387,4.467325016260147,True,Yahoo Finance / yfinance - historique quotidien 1 an,OK,OUI,2026-10-08,95524424.0,0.057,0.22027001,16550475.0,257290.0,12424811.0,13013637.0,,27728682.0,0.45990002,Yahoo Finance / yfinance get_info,OK,PRET_SSI
2026-10-07,Duluth Holdings Inc.          R,6DU.F,EUR,Allemagne,132257400.0,FRA,Frankfurt,EQUITY,,Yahoo Finance / yfinance EquityQuery,2026-10-07,Détection mécanique 50-300 MEUR ; qualification SSI requise.,DETECTE,,2026-10-07,254,3.4800000190734863,0.0,0.0,34.883725658201634,2.8753500002622605,True,Yahoo Finance / yfinance - historique quotidien 1 an,OK,OUI,2026-10-08,550747008.0,-0.078,0.58327,35612000.0,49785376.0,26799000.0,141094000.0,,34640801.0,0.60056,Yahoo Finance / yfinance get_info,OK,PRET_SSI
2026-10-07,Shenwan Hongyuan (H.K.) Ltd.  R,WAY.F,EUR,Allemagne,132289560.0,FRA,Frankfurt,EQUITY,,Yahoo Finance / yfinance EquityQuery,2026-10-07,Détection mécanique 50-300 MEUR ; qualification SSI requise.,DETECTE,,2026-10-07,254,0.0780000016093254,0.0,-2.4999958090483165,-27.777778161038093,0.103292500115931,False,Yahoo Finance / yfinance - historique quotidien 1 an,OK,OUI,2026-10-08,571811008.0,-0.1,0.87163,,,10742411264.0,3226894080.0,,1561138689.0,0.70039004,Yahoo Finance / yfinance get_info,OK,PRET_SSI
2026-10-07,WhiteHorse Finance Inc.       R,M9X.F,EUR,Allemagne,132295064.0,FRA,Frankfurt,EQUITY,,Yahoo Finance / yfinance EquityQuery,2026-10-07,Détection mécanique 50-300 MEUR ; qualification SSI requise.,DETECTE,,2026-10-07,254,6.159999847412109,0.0,10.592453457227656,-4.643965773426173,5.922350001335144,True,Yahoo Finance / yfinance - historique quotidien 1 an,OK,OUI,2026-10-08,65264000.0,-0.237,1.0,,14552375.0,8465000.0,324448992.0,,21476471.0,0.039,Yahoo Finance / yfinance get_info,OK,PRET_SSI
2026-10-07,TRIFAST PLC                   R,25D.F,EUR,Allemagne,132342480.0,FRA,Frankfurt,EQUITY,,Yahoo Finance / yfinance EquityQuery,2026-10-07,Détection mécanique 50-300 MEUR ; qualification SSI requise.,DETECTE,,2026-10-07,254,0.9800000190734864,0.0,7.692306684621419,24.84076259015202,0.838174998164177,True,Yahoo Finance / yfinance - historique quotidien 1 an,OK,OUI,2026-10-08,208374000.0,-0.064,0.29986998,19398000.0,14508500.0,32425000.0,68324000.0,,135043348.0,0.11392,Yahoo Finance / yfinance get_info,OK,PRET_SSI
2026-10-07,Chaowei Power Holdings Ltd,EWC.SG,EUR,Allemagne,132495232.0,STU,Stuttgart,EQUITY,,Yahoo Finance / yfinance EquityQuery,2026-10-07,Détection mécanique 50-300 MEUR ; qualification SSI requise.,DETECTE,,2026-10-07,254,0.1199999973177909,0.0,-1.6393475660999357,-26.829271949273537,0.1441949998214841,False,Yahoo Finance / yfinance - historique quotidien 1 an,OK,OUI,2026-10-08,51260542976.0,-0.115,0.06655,869848000.0,220515632.0,4084567040.0,10366171136.0,,1104126979.0,0.53851,Yahoo Finance / yfinance get_info,OK,PRET_SSI
2026-10-07,JW (Cayman) Therapeut. Co. LtdR,JNY.F,EUR,Allemagne,132519960.0,FRA,Frankfurt,EQUITY,JA1.F,Yahoo Finance / yfinance EquityQuery,2026-10-07,Détection mécanique 50-300 MEUR ; qualification SSI requise.,DETECTE,,2026-10-07,254,0.3179999887943268,0.0,72.82608053057204,28.225804028817404,0.2229299999773502,True,Yahoo Finance / yfinance - historique quotidien 1 an,OK,OUI,2026-10-08,288660000.0,0.047,0.57393,-162282000.0,-37878124.0,392247008.0,254892000.0,,416729433.0,0.23851,Yahoo Finance / yfinance get_info,OK,PRET_SSI
2026-10-07,Lucara Diamond Corp.          R,LKT.F,EUR,Allemagne,132574152.0,FRA,Frankfurt,EQUITY,,Yahoo Finance / yfinance EquityQuery,2026-10-07,Détection mécanique 50-300 MEUR ; qualification SSI requise.,DETECTE,,2026-10-07,254,0.0887999981641769,0.0,-8.735870793303057,-46.63461663315248,0.1271315000206232,False,Yahoo Finance / yfinance - historique quotidien 1 an,OK,OUI,2026-10-08,148496000.0,-0.06,0.33878,31111000.0,-113754496.0,243556000.0,389668000.0,,1492952183.0,0.31500998,Yahoo Finance / yfinance get_info,OK,PRET_SSI
2026-10-07,EASTERN CO. THE               R,EAQ.F,EUR,Allemagne,132680112.0,FRA,Frankfurt,EQUITY,,Yahoo Finance / yfinance EquityQuery,2026-10-07,Détection mécanique 50-300 MEUR ; qualification SSI requise.,DETECTE,,2026-10-07,254,22.0,0.0,4.761904761904767,21.546958764282586,18.43350001811981,True,Yahoo Finance / yfinance - historique quotidien 1 an,OK,OUI,2026-10-08,234367344.0,-0.119,0.21410999,16250272.0,5433924.0,15141589.0,61531880.0,,6030914.0,0.08089,Yahoo Finance / yfinance get_info,OK,PRET_SSI
2026-10-07,Dynacor Group Inc.            R,OA5.F,EUR,Allemagne,132767864.0,FRA,Frankfurt,EQUITY,,Yahoo Finance / yfinance EquityQuery,2026-10-07,Détection mécanique 50-300 MEUR ; qualification SSI requise.,DETECTE,,2026-10-07,254,3.164999961853028,0.0,-14.343707197976409,-15.487314857940715,3.704174997806549,False,Yahoo Finance / yfinance - historique quotidien 1 an,OK,OUI,2026-10-08,536430592.0,0.812,0.09359,37917560.0,-29528036.0,14767671.0,485847.0,,41948772.0,0.07273,Yahoo Finance / yfinance get_info,OK,PRET_SSI
2026-10-07,Zhou Hei Ya Intrn. Hld.Co.Ltd R,ZHY.F,EUR,Allemagne,133024704.0,FRA,Frankfurt,EQUITY,,Yahoo Finance / yfinance EquityQuery,2026-10-07,Détection mécanique 50-300 MEUR ; qualification SSI requise.,DETECTE,,2026-10-07,254,0.06700000166893,0.0,-26.37362304466263,-45.52845543229388,0.1075650003552436,False,Yahoo Finance / yfinance - historique quotidien 1 an,OK,OUI,2026-10-08,2775014912.0,0.195,0.55597,278003008.0,263026128.0,996764032.0,407246016.0,,1985443273.0,0.65278,Yahoo Finance / yfinance get_info,OK,PRET_SSI
2026-10-07,Chimimport JSC                R,6C4.F,EUR,Allemagne,133613480.0,FRA,Frankfurt,EQUITY,,Yahoo Finance / yfinance EquityQuery,2026-10-07,Détection mécanique 50-300 MEUR ; qualification SSI requise.,DETECTE,,2026-10-07,195,0.5899999737739563,0.0,31.11110875635965,31.696418652368298,,,Yahoo Finance / yfinance - historique quotidien 1 an,OK,OUI,2026-10-08,531524480.0,0.036,0.65755,123421048.0,62346076.0,3658597888.0,396316000.0,,226463529.0,0.73371005,Yahoo Finance / yfinance get_info,OK,PRET_SSI
2026-10-07,Assistance Technique et Etudes,AYD.SG,EUR,Allemagne,133653768.0,STU,Stuttgart,EQUITY,,Yahoo Finance / yfinance EquityQuery,2026-10-07,Détection mécanique 50-300 MEUR ; qualification SSI requise.,DETECTE,,2026-10-07,254,11.399999618530272,2828.800042152405,-6.172839699979549,18.50311594746701,10.268500018119813,True,Yahoo Finance / yfinance - historique quotidien 1 an,OK,OUI,2026-10-08,103997000.0,0.201,0.61355996,10485000.0,7626000.0,7081000.0,27725000.0,,11724015.0,0.31425,Yahoo Finance / yfinance get_info,OK,PRET_SSI
2026-10-07,Sparebank 1 Nordmore,MZ3.SG,EUR,Allemagne,133679832.0,STU,Stuttgart,EQUITY,,Yahoo Finance / yfinance EquityQuery,2026-10-07,Détection mécanique 50-300 MEUR ; qualification SSI requise.,DETECTE,,2026-10-07,254,14.751999855041504,0.0,-9.240801537050311,-18.75757745097648,16.11574998855591,False,Yahoo Finance / yfinance - historique quotidien 1 an,OK,OUI,2026-10-08,1066000000.0,-0.029,0.0,,,3220999936.0,7126000128.0,,9061811.0,0.58446,Yahoo Finance / yfinance get_info,OK,PRET_SSI
2026-10-07,Metallium Ltd.                R,8JC.F,EUR,Allemagne,133686736.0,FRA,Frankfurt,EQUITY,,Yahoo Finance / yfinance EquityQuery,2026-10-07,Détection mécanique 50-300 MEUR ; qualification SSI requise.,DETECTE,,2026-10-07,254,0.1770000010728836,2208.0000042915344,-26.24999790452416,-55.50527859964745,0.3425079987943172,False,Yahoo Finance / yfinance - historique quotidien 1 an,OK,OUI,2026-10-08,2552190.0,24.388,1.0,-43414800.0,-48033544.0,64720608.0,5663200.0,,755292269.0,0.23887,Yahoo Finance / yfinance get_info,OK,PRET_SSI
2026-10-07,Sinclair Gold Ltd.            R,5YU0.F,EUR,Allemagne,133868952.0,FRA,Frankfurt,EQUITY,,Yahoo Finance / yfinance EquityQuery,2026-10-07,Détection mécanique 50-300 MEUR ; qualification SSI requise.,DETECTE,,2026-10-07,184,0.7210000157356262,0.0,-8.152867306018209,-24.10526054915956,,,Yahoo Finance / yfinance - historique quotidien 1 an,OK,OUI,2026-10-08,1101000.0,,1.0,-14621000.0,867250.0,38322000.0,0.0,,185671217.0,0.38692,Yahoo Finance / yfinance get_info,OK,PRET_SSI
2026-10-07,Intred S.p.A.                 A,M7P.F,EUR,Allemagne,134403280.0,FRA,Frankfurt,EQUITY,,Yahoo Finance / yfinance EquityQuery,2026-10-07,Détection mécanique 50-300 MEUR ; qualification SSI requise.,DETECTE,,2026-10-07,254,8.640000343322754,0.0,-4.845810397360806,1.8868020014566111,8.826550006866455,False,Yahoo Finance / yfinance - historique quotidien 1 an,OK,OUI,2026-10-08,57775136.0,0.057,0.52972,25428442.0,9006250.0,8459204.0,51579028.0,,15555934.0,0.60181,Yahoo Finance / yfinance get_info,OK,PRET_SSI
2026-10-07,Westag AG                     I,WUG.HM,EUR,Allemagne,134679840.0,HAM,Hamburg,EQUITY,,Yahoo Finance / yfinance EquityQuery,2026-10-07,Détection mécanique 50-300 MEUR ; qualification SSI requise.,DETECTE,,2026-10-07,254,31.0,0.0,0.0,-0.6410280706692251,31.02600008010864,False,Yahoo Finance / yfinance - historique quotidien 1 an,OK,OUI,2026-10-08,186712992.0,-0.134,0.47858003,14313881.0,6385625.0,29856000.0,0.0,,2775038.0,0.9178,Yahoo Finance / yfinance get_info,OK,PRET_SSI
2026-10-07,Castings PLC,9Z9.SG,EUR,Allemagne,134777984.0,STU,Stuttgart,EQUITY,,Yahoo Finance / yfinance EquityQuery,2026-10-07,Détection mécanique 50-300 MEUR ; qualification SSI requise.,DETECTE,,2026-10-07,254,3.0999999046325684,0.0,-15.300551040042398,23.99999618530273,3.123000009059906,False,Yahoo Finance / yfinance - historique quotidien 1 an,OK,OUI,2026-10-08,173227008.0,-0.024,0.18049,18186000.0,11596000.0,17390000.0,2148000.0,,43476771.0,0.20994,Yahoo Finance / yfinance get_info,OK,PRET_SSI
2026-10-07,Grigeo AB,WM8.SG,EUR,Allemagne,134812304.0,STU,Stuttgart,EQUITY,,Yahoo Finance / yfinance EquityQuery,2026-10-07,Détection mécanique 50-300 MEUR ; qualification SSI requise.,DETECTE,,2026-10-07,254,1.0149999856948853,0.0,0.4950490375088989,-2.8708107772046687,1.0117300006747243,True,Yahoo Finance / yfinance - historique quotidien 1 an,OK,OUI,2026-10-08,284894016.0,0.348,0.18374,27640000.0,-13434625.0,9212000.0,30582000.0,,132820000.0,0.69478,Yahoo Finance / yfinance get_info,OK,PRET_SSI
2026-10-07,TEXAF S.A.                    A,SJ4A.F,EUR,Allemagne,134929264.0,FRA,Frankfurt,EQUITY,,Yahoo Finance / yfinance EquityQuery,2026-10-07,Détection mécanique 50-300 MEUR ; qualification SSI requise.,DETECTE,,2026-10-07,254,36.79999923706055,0.0,-10.243904299852325,-7.537688586703517,39.48899990081787,False,Yahoo Finance / yfinance - historique quotidien 1 an,OK,OUI,2026-10-08,34613000.0,-0.034,0.82894,10086000.0,-4778875.0,8369000.0,29319000.0,,3666556.0,0.7288,Yahoo Finance / yfinance get_info,OK,PRET_SSI
2026-10-07,POLYTEC Holding AG            I,P4N.F,EUR,Allemagne,135052640.0,FRA,Frankfurt,EQUITY,,Yahoo Finance / yfinance EquityQuery,2026-10-07,Détection mécanique 50-300 MEUR ; qualification SSI requise.,DETECTE,,2026-10-07,254,6.139999866485596,0.0,32.04300517332415,62.86471876789326,4.272749993801117,True,Yahoo Finance / yfinance - historique quotidien 1 an,OK,OUI,2026-10-08,596979008.0,-0.185,0.48257,43400000.0,1707875.0,34354000.0,93018000.0,,21995544.0,0.33731,Yahoo Finance / yfinance get_info,OK,PRET_SSI
2026-10-07,Waterco Ltd.                  R,3W4.F,EUR,Allemagne,135118368.0,FRA,Frankfurt,EQUITY,,Yahoo Finance / yfinance EquityQuery,2026-10-07,Détection mécanique 50-300 MEUR ; qualification SSI requise.,DETECTE,,2026-10-07,213,3.859999895095825,0.0,31.292510883321345,17.682924657475006,3.1626999986171724,True,Yahoo Finance / yfinance - historique quotidien 1 an,OK,OUI,2026-10-08,259348000.0,0.049,0.5042,28172000.0,8750000.0,20424000.0,87385000.0,,35004761.0,0.83546996,Yahoo Finance / yfinance get_info,OK,PRET_SSI
2026-10-07,Codexis Inc.                  R,4QK.F,EUR,Allemagne,135312256.0,FRA,Frankfurt,EQUITY,,Yahoo Finance / yfinance EquityQuery,2026-10-07,Détection mécanique 50-300 MEUR ; qualification SSI requise.,DETECTE,,2026-10-07,254,1.2580000162124634,0.0,-37.09999918937683,-37.06853198497426,1.5804574918746948,False,Yahoo Finance / yfinance - historique quotidien 1 an,OK,OUI,2026-10-08,77679000.0,-0.027,0.24269,-19047000.0,2129750.0,54918000.0,72587000.0,,107561409.0,0.07119,Yahoo Finance / yfinance get_info,OK,PRET_SSI
2026-10-07,Inogen Inc.                   R,6IO.F,EUR,Allemagne,135345504.0,FRA,Frankfurt,EQUITY,,Yahoo Finance / yfinance EquityQuery,2026-10-07,Détection mécanique 50-300 MEUR ; qualification SSI requise.,DETECTE,,2026-10-07,254,5.099999904632568,0.0,-9.734516485863807,-6.422016823515476,5.297350025177002,False,Yahoo Finance / yfinance - historique quotidien 1 an,OK,OUI,2026-10-08,354304000.0,0.03,0.44506,-8085000.0,-1768500.0,105539000.0,15794000.0,,26538337.0,0.12945,Yahoo Finance / yfinance get_info,OK,PRET_SSI
2026-10-07,Fjord Defence Group ASA       N,S5B0.F,EUR,Allemagne,135502912.0,FRA,Frankfurt,EQUITY,,Yahoo Finance / yfinance EquityQuery,2026-10-07,Détection mécanique 50-300 MEUR ; qualification SSI requise.,DETECTE,,2026-10-07,254,1.1699999570846558,0.0,-10.68702227557622,-6.024100192487092,1.3373750013113022,False,Yahoo Finance / yfinance - historique quotidien 1 an,OK,OUI,2026-10-08,116885000.0,3.567,0.37759,-35987000.0,21513500.0,479609984.0,235672992.0,,115814459.0,0.21323,Yahoo Finance / yfinance get_info,OK,PRET_SSI
2026-10-07,LGI Ltd                       R,VR4.F,EUR,Allemagne,135506400.0,FRA,Frankfurt,EQUITY,,Yahoo Finance / yfinance EquityQuery,2026-10-07,Détection mécanique 50-300 MEUR ; qualification SSI requise.,DETECTE,,2026-10-07,254,1.309999942779541,0.0,-15.483872059356695,-42.03540051736832,1.8269499903917312,False,Yahoo Finance / yfinance - historique quotidien 1 an,OK,OUI,2026-10-08,43294000.0,0.157,0.76692003,21192000.0,-16091250.0,30702000.0,4739000.0,,103440000.0,0.42063,Yahoo Finance / yfinance get_info,OK,PRET_SSI
2026-10-07,Gorilla Gold Mines Ltd.       R,GG2.F,EUR,Allemagne,135540816.0,FRA,Frankfurt,EQUITY,,Yahoo Finance / yfinance EquityQuery,2026-10-07,Détection mécanique 50-300 MEUR ; qualification SSI requise.,DETECTE,,2026-10-07,254,0.1850000023841858,0.0,-4.639176841445503,-15.909089369714746,0.2338250008970499,False,Yahoo Finance / yfinance - historique quotidien 1 an,OK,OUI,2026-10-08,1110826.0,0.922,1.0,-3805671.0,-33042220.0,19778680.0,82391.0,,732653065.0,0.45383,Yahoo Finance / yfinance get_info,OK,PRET_SSI
2026-10-07,AMA Group Ltd.                R,KC7.F,EUR,Allemagne,135611856.0,FRA,Frankfurt,EQUITY,,Yahoo Finance / yfinance EquityQuery,2026-10-07,Détection mécanique 50-300 MEUR ; qualification SSI requise.,DETECTE,,2026-10-07,233,0.2820000052452087,0.0,5.223879933118258,-41.00418117867316,0.3884099923074245,False,Yahoo Finance / yfinance - historique quotidien 1 an,OK,OUI,2026-10-08,1039067008.0,-0.008,0.57386,76168000.0,50823624.0,41614000.0,427160000.0,,480893093.0,0.14719,Yahoo Finance / yfinance get_info,OK,PRET_SSI
2026-10-07,HKR INTERNATIONAL LTD.        R,HKR.F,EUR,Allemagne,135905104.0,FRA,Frankfurt,EQUITY,,Yahoo Finance / yfinance EquityQuery,2026-10-07,Détection mécanique 50-300 MEUR ; qualification SSI requise.,DETECTE,,2026-10-07,254,0.0914999991655349,0.0,-4.188482369780822,-12.019233386853331,0.0998174997791647,False,Yahoo Finance / yfinance - historique quotidien 1 an,OK,OUI,2026-10-08,2947399936.0,0.134,0.22501,115700000.0,-1035387520.0,2629100032.0,15287199744.0,,1485301803.0,0.61169,Yahoo Finance / yfinance get_info,OK,PRET_SSI
2026-10-07,Mayne Pharma Group Ltd.       R,HG6.F,EUR,Allemagne,135938864.0,FRA,Frankfurt,EQUITY,,Yahoo Finance / yfinance EquityQuery,2026-10-07,Détection mécanique 50-300 MEUR ; qualification SSI requise.,DETECTE,,2026-10-07,254,1.659999966621399,0.0,14.482752553915068,29.687500291038305,1.46674999833107,True,Yahoo Finance / yfinance - historique quotidien 1 an,OK,OUI,2026-10-08,383676000.0,-0.12,0.64655995,33105000.0,37729752.0,80003000.0,43197000.0,,81890887.0,0.22612,Yahoo Finance / yfinance get_info,OK,PRET_SSI
2026-10-07,CATERING INTL SVCS S.A.-CIS   A,8WG.F,EUR,Allemagne,135941312.0,FRA,Frankfurt,EQUITY,,Yahoo Finance / yfinance EquityQuery,2026-10-07,Détection mécanique 50-300 MEUR ; qualification SSI requise.,DETECTE,,2026-10-07,254,17.399999618530273,0.0,-12.562814311172533,24.73118176656719,16.940749998092652,True,Yahoo Finance / yfinance - historique quotidien 1 an,OK,OUI,2026-10-08,527871008.0,0.164,0.25289,36817000.0,41692500.0,70496000.0,31071000.0,,7812719.0,0.67137,Yahoo Finance / yfinance get_info,OK,PRET_SSI
2026-10-07,Paradise Entertainment Ltd.   R,LIL3.F,EUR,Allemagne,135959392.0,FRA,Frankfurt,EQUITY,,Yahoo Finance / yfinance EquityQuery,2026-10-07,Détection mécanique 50-300 MEUR ; qualification SSI requise.,DETECTE,,2026-10-07,254,0.0965000018477439,0.0,60.833340007811934,114.44444002928576,0.0615524998120963,True,Yahoo Finance / yfinance - historique quotidien 1 an,OK,OUI,2026-10-08,117159000.0,-0.671,0.76537,-64401000.0,-9136375.0,234990000.0,112386000.0,,1052185315.0,0.74318004,Yahoo Finance / yfinance get_info,OK,PRET_SSI
2026-10-07,Assistance Tech.+Et.de Mat.El.A,AYD.F,EUR,Allemagne,135998576.0,FRA,Frankfurt,EQUITY,,Yahoo Finance / yfinance EquityQuery,2026-10-07,Détection mécanique 50-300 MEUR ; qualification SSI requise.,DETECTE,,2026-10-07,254,11.600000381469728,0.0,-4.132231274684206,17.1717255398423,10.27245001077652,True,Yahoo Finance / yfinance - historique quotidien 1 an,OK,OUI,2026-10-08,103997000.0,0.201,0.61355996,10485000.0,7626000.0,7081000.0,27725000.0,,11724015.0,0.31425,Yahoo Finance / yfinance get_info,OK,PRET_SSI
2026-10-07,Impax Asset Management Grp PLCR,LW4.F,EUR,Allemagne,136077392.0,FRA,Frankfurt,EQUITY,,Yahoo Finance / yfinance EquityQuery,2026-10-07,Détection mécanique 50-300 MEUR ; qualification SSI requise.,DETECTE,,2026-10-07,254,1.1200000047683716,0.0,-11.811021922119346,1.818180044820528,1.3372999984025955,False,Yahoo Finance / yfinance - historique quotidien 1 an,OK,OUI,2026-10-08,124220000.0,-0.231,0.44235,25424000.0,19728876.0,59183000.0,4811000.0,,121497660.0,0.16695,Yahoo Finance / yfinance get_info,OK,PRET_SSI
2026-10-07,"Hexindo Adiperkasa, PT        R",HX1A.F,EUR,Allemagne,136080000.0,FRA,Frankfurt,EQUITY,,Yahoo Finance / yfinance EquityQuery,2026-10-07,Détection mécanique 50-300 MEUR ; qualification SSI requise.,DETECTE,,2026-10-07,254,0.1620000004768371,0.0,-17.766495926082982,-22.85714022156324,0.2029199996590614,False,Yahoo Finance / yfinance - historique quotidien 1 an,OK,OUI,2026-10-08,505836608.0,-0.078,0.16631001,28505276.0,81517904.0,17397180.0,88635152.0,,840000000.0,0.81779,Yahoo Finance / yfinance get_info,OK,PRET_SSI
2026-10-07,Adairs Ltd.                   R,1FQ.F,EUR,Allemagne,136115136.0,FRA,Frankfurt,EQUITY,,Yahoo Finance / yfinance EquityQuery,2026-10-07,Détection mécanique 50-300 MEUR ; qualification SSI requise.,DETECTE,,2026-10-07,254,0.7549999952316284,0.0,-10.650891163474164,0.6666660308837891,0.8491499972343445,False,Yahoo Finance / yfinance - historique quotidien 1 an,OK,OUI,2026-10-08,641747008.0,0.017,0.47083,54839000.0,79745872.0,12421000.0,289921984.0,,180284959.0,0.07288,Yahoo Finance / yfinance get_info,OK,PRET_SSI
2026-10-07,Red Robin Gourmet Burgers Inc.R,RRN.F,EUR,Allemagne,136390576.0,FRA,Frankfurt,EQUITY,,Yahoo Finance / yfinance EquityQuery,2026-10-07,Détection mécanique 50-300 MEUR ; qualification SSI requise.,DETECTE,,2026-10-07,254,7.215000152587891,0.0,15.717722503417209,155.12729764518664,4.599354989528656,True,Yahoo Finance / yfinance - historique quotidien 1 an,OK,OUI,2026-10-08,1190071040.0,-0.021,0.14498,57905000.0,-20390624.0,22849000.0,502376992.0,,18903752.0,0.09317,Yahoo Finance / yfinance get_info,OK,PRET_SSI
2026-10-07,DeFi Development Corp.        R,F6S0.F,EUR,Allemagne,136452768.0,FRA,Frankfurt,EQUITY,,Yahoo Finance / yfinance EquityQuery,2026-10-07,Détection mécanique 50-300 MEUR ; qualification SSI requise.,DETECTE,,2026-10-07,254,4.183000087738037,0.0,63.46229241092891,21.03587902878925,3.5808300018310546,True,Yahoo Finance / yfinance - historique quotidien 1 an,OK,OUI,2026-10-08,15091000.0,0.669,0.97753996,-127248000.0,-98384312.0,6285000.0,120564000.0,,32620790.0,0.19235,Yahoo Finance / yfinance get_info,OK,PRET_SSI
2026-10-07,Gunnison Copper Corp.         R,3XS0.F,EUR,Allemagne,136489840.0,FRA,Frankfurt,EQUITY,,Yahoo Finance / yfinance EquityQuery,2026-10-07,Détection mécanique 50-300 MEUR ; qualification SSI requise.,DETECTE,,2026-10-07,254,0.270000010728836,0.0,30.120489714643828,6.719375550621476,0.2665564997494221,True,Yahoo Finance / yfinance - historique quotidien 1 an,OK,OUI,2026-10-08,53926000.0,189.419,0.44823003,9231000.0,-30842500.0,34124000.0,7293000.0,,505517892.0,0.026099999,Yahoo Finance / yfinance get_info,OK,PRET_SSI
2026-10-07,Racing Force S.p.A.           A,X7Q.F,EUR,Allemagne,136562736.0,FRA,Frankfurt,EQUITY,,Yahoo Finance / yfinance EquityQuery,2026-10-07,Détection mécanique 50-300 MEUR ; qualification SSI requise.,DETECTE,,2026-10-07,254,4.96999979019165,0.0,0.2016079025760175,10.444439782036683,4.870799956321716,True,Yahoo Finance / yfinance - historique quotidien 1 an,OK,OUI,2026-10-08,80610648.0,0.191,0.62466997,11287328.0,-5078336.0,7328945.0,25533812.0,,27477412.0,0.49268,Yahoo Finance / yfinance get_info,OK,PRET_SSI
2026-10-07,Elme Communities              R,WRI.F,EUR,Allemagne,136709440.0,FRA,Frankfurt,EQUITY,,Yahoo Finance / yfinance EquityQuery,2026-10-07,Détection mécanique 50-300 MEUR ; qualification SSI requise.,DETECTE,,2026-10-07,245,1.4800000190734863,0.0,20.32520293685165,-25.252525009265813,3.057850012779236,False,Yahoo Finance / yfinance - historique quotidien 1 an,OK,OUI,2026-10-08,247632000.0,0.017,0.59248,81207600.0,,7088000.0,709644032.0,,88857883.0,0.01657,Yahoo Finance / yfinance get_info,OK,PRET_SSI
2026-10-07,Jeld-Wen Holding Inc.         R,0JW.F,EUR,Allemagne,136808304.0,FRA,Frankfurt,EQUITY,,Yahoo Finance / yfinance EquityQuery,2026-10-07,Détection mécanique 50-300 MEUR ; qualification SSI requise.,DETECTE,,2026-10-07,254,1.5880000591278076,0.0,54.77583077021748,72.14092514936053,1.5754850003123284,True,Yahoo Finance / yfinance - historique quotidien 1 an,OK,OUI,2026-10-08,3151406080.0,-0.007,0.15222,26850000.0,-84932872.0,57218000.0,1434114944.0,,86151321.0,0.03373,Yahoo Finance / yfinance get_info,OK,PRET_SSI
2026-10-07,Bastogi S.p.A.                A,BAOA.F,EUR,Allemagne,136896192.0,FRA,Frankfurt,EQUITY,,Yahoo Finance / yfinance EquityQuery,2026-10-07,Détection mécanique 50-300 MEUR ; qualification SSI requise.,DETECTE,,2026-10-07,254,1.2300000190734863,0.0,10.313902112388584,-5.01930039885865,1.056029997766018,True,Yahoo Finance / yfinance - historique quotidien 1 an,OK,OUI,2026-10-08,72260000.0,-0.516,0.60756,26774000.0,-28914624.0,24317000.0,72763000.0,,111297716.0,0.799,Yahoo Finance / yfinance get_info,OK,PRET_SSI
2026-10-07,EnSilica PLC                  R,F0Z.F,EUR,Allemagne,136980496.0,FRA,Frankfurt,EQUITY,,Yahoo Finance / yfinance EquityQuery,2026-10-07,Détection mécanique 50-300 MEUR ; qualification SSI requise.,DETECTE,,2026-10-07,254,1.0199999809265137,0.0,4.615380100950084,96.15384968074834,0.7865349993109703,True,Yahoo Finance / yfinance - historique quotidien 1 an,OK,OUI,2026-10-08,27807000.0,0.692,0.34509,3172000.0,-2306000.0,7560000.0,6859000.0,,134235414.0,0.55669,Yahoo Finance / yfinance get_info,OK,PRET_SSI
2026-10-07,Midland Holdings Ltd.         R,MTK.F,EUR,Allemagne,137002128.0,FRA,Frankfurt,EQUITY,,Yahoo Finance / yfinance EquityQuery,2026-10-07,Détection mécanique 50-300 MEUR ; qualification SSI requise.,DETECTE,,2026-10-07,254,0.1879999935626983,0.0,-27.131781602563365,-41.6149082694689,0.2720150002092123,False,Yahoo Finance / yfinance - historique quotidien 1 an,OK,OUI,2026-10-08,6294926848.0,0.315,1.0,673150976.0,705884736.0,1281213952.0,266610000.0,,716896005.0,0.37037998,Yahoo Finance / yfinance get_info,OK,PRET_SSI
2026-10-07,Pacific Edge Ltd              R,CY3.F,EUR,Allemagne,137103920.0,FRA,Frankfurt,EQUITY,,Yahoo Finance / yfinance EquityQuery,2026-10-07,Détection mécanique 50-300 MEUR ; qualification SSI requise.,DETECTE,,2026-10-07,136,0.1103999987244606,0.0,-11.9617282589218,30.342378355422063,,,Yahoo Finance / yfinance - historique quotidien 1 an,OK,OUI,2026-10-08,13012000.0,-0.458,0.10805,-35480000.0,-19161250.0,7776000.0,1285000.0,,1241883445.0,0.1972,Yahoo Finance / yfinance get_info,OK,PRET_SSI
2026-10-07,Skymark Airlines Inc.         R,7SA.F,EUR,Allemagne,137139872.0,FRA,Frankfurt,EQUITY,,Yahoo Finance / yfinance EquityQuery,2026-10-07,Détection mécanique 50-300 MEUR ; qualification SSI requise.,DETECTE,,2026-10-07,254,2.2799999713897705,0.0,3.6363600896410553,31.791904407656624,2.024249999523162,True,Yahoo Finance / yfinance - historique quotidien 1 an,OK,OUI,2026-10-08,111857999872.0,0.06,0.07043,3791500032.0,,20618999808.0,38138998784.0,,60149066.0,0.54089,Yahoo Finance / yfinance get_info,OK,PRET_SSI
2026-10-07,Solocal Group                 A,QS30.F,EUR,Allemagne,137365360.0,FRA,Frankfurt,EQUITY,,Yahoo Finance / yfinance EquityQuery,2026-10-07,Détection mécanique 50-300 MEUR ; qualification SSI requise.,DETECTE,,2026-10-07,254,3.829999923706055,0.0,-1.794876152555125,-3.889585331746748,4.036325010061264,False,Yahoo Finance / yfinance - historique quotidien 1 an,OK,OUI,2026-10-08,309950016.0,-0.089,0.53844,60310000.0,7501750.0,76572000.0,61631000.0,,35865631.0,0.67695,Yahoo Finance / yfinance get_info,OK,PRET_SSI
2026-10-07,Aimia Inc.                    R,GA7.F,EUR,Allemagne,137480592.0,FRA,Frankfurt,EQUITY,,Yahoo Finance / yfinance EquityQuery,2026-10-07,Détection mécanique 50-300 MEUR ; qualification SSI requise.,DETECTE,,2026-10-07,254,1.559999942779541,0.0,-8.771935205918357,-3.105594477100304,1.6872499972581865,False,Yahoo Finance / yfinance - historique quotidien 1 an,OK,OUI,2026-10-08,505500000.0,0.04,0.28863,70900000.0,128225000.0,306600000.0,144400000.0,,88128585.0,0.014939999,Yahoo Finance / yfinance get_info,OK,PRET_SSI
2026-10-07,Focusrite PLC                 R,0FO.F,EUR,Allemagne,137508304.0,FRA,Frankfurt,EQUITY,,Yahoo Finance / yfinance EquityQuery,2026-10-07,Détection mécanique 50-300 MEUR ; qualification SSI requise.,DETECTE,,2026-10-07,254,2.3399999141693115,0.0,-7.874017743599026,24.468080856617668,2.436600005030632,False,Yahoo Finance / yfinance - historique quotidien 1 an,OK,OUI,2026-10-08,163670080.0,0.078,0.44658002,15290008.0,,19484000.0,30329000.0,,58764231.0,0.38437998,Yahoo Finance / yfinance get_info,OK,PRET_SSI
2026-10-07,HKFoods Oyj                   R,HK4.F,EUR,Allemagne,137561840.0,FRA,Frankfurt,EQUITY,,Yahoo Finance / yfinance EquityQuery,2026-10-07,Détection mécanique 50-300 MEUR ; qualification SSI requise.,DETECTE,,2026-10-07,254,1.5299999713897705,0.0,-4.732252660757375,-16.393446147009282,1.6215649950504305,False,Yahoo Finance / yfinance - historique quotidien 1 an,OK,OUI,2026-10-08,1018200000.0,0.053,0.31065,56800000.0,17837500.0,27700000.0,185500000.0,,85174705.0,0.55544,Yahoo Finance / yfinance get_info,OK,PRET_SSI
2026-10-07,Sabaf S.p.A.,SM5.SG,EUR,Allemagne,137729488.0,STU,Stuttgart,EQUITY,,Yahoo Finance / yfinance EquityQuery,2026-10-07,Détection mécanique 50-300 MEUR ; qualification SSI requise.,DETECTE,,2026-10-07,254,11.100000381469728,0.0,-12.59842088051174,-18.38235242556537,12.818999996185305,False,Yahoo Finance / yfinance - historique quotidien 1 an,OK,OUI,2026-10-08,279867008.0,0.083,0.37221,35952000.0,7313625.0,44580000.0,129736000.0,,12316543.0,0.39169997,Yahoo Finance / yfinance get_info,OK,PRET_SSI
2026-10-07,Mastermyne Group Ltd.         R,024.F,EUR,Allemagne,137735584.0,FRA,Frankfurt,EQUITY,,Yahoo Finance / yfinance EquityQuery,2026-10-07,Détection mécanique 50-300 MEUR ; qualification SSI requise.,DETECTE,,2026-10-07,254,0.4460000097751617,0.0,118.62745986036153,346.0000031292438,0.1850249993056059,True,Yahoo Finance / yfinance - historique quotidien 1 an,OK,OUI,2026-10-08,237748992.0,,0.8084,12751000.0,22246750.0,47224000.0,3340000.0,,308824148.0,0.80763,Yahoo Finance / yfinance get_info,OK,PRET_SSI
2026-10-07,Precision Biosciences Inc.    R,PBS0.F,EUR,Allemagne,137869760.0,FRA,Frankfurt,EQUITY,,Yahoo Finance / yfinance EquityQuery,2026-10-07,Détection mécanique 50-300 MEUR ; qualification SSI requise.,DETECTE,,2026-10-07,254,4.994999885559082,0.0,-26.435936470963984,-10.962571003898592,5.135675016641617,False,Yahoo Finance / yfinance - historique quotidien 1 an,OK,OUI,2026-10-08,45055000.0,,1.0,-35148000.0,-16252500.0,87549000.0,28101000.0,,27601554.0,0.080419995,Yahoo Finance / yfinance get_info,OK,PRET_SSI
2026-10-07,Mkango Magnetic Materials Ltd.R,ZMK0.F,EUR,Allemagne,137884064.0,FRA,Frankfurt,EQUITY,,Yahoo Finance / yfinance EquityQuery,2026-10-07,Détection mécanique 50-300 MEUR ; qualification SSI requise.,DETECTE,,2026-10-07,254,0.3544999957084656,0.0,-22.25877291159736,-22.93478493964285,0.4928989981114864,False,Yahoo Finance / yfinance - historique quotidien 1 an,OK,OUI,2026-10-08,51621.0,,-0.26191,-8332207.0,-584748.0,13638507.0,2446337.0,,388953618.0,0.3066,Yahoo Finance / yfinance get_info,OK,PRET_SSI
2026-10-07,Graphisoft Park SE            N,GUV.F,EUR,Allemagne,138131584.0,FRA,Frankfurt,EQUITY,,Yahoo Finance / yfinance EquityQuery,2026-10-07,Détection mécanique 50-300 MEUR ; qualification SSI requise.,DETECTE,,2026-10-07,254,13.699999809265137,0.0,-4.195806807460556,-4.529620591815043,14.20949995994568,False,Yahoo Finance / yfinance - historique quotidien 1 an,OK,OUI,2026-10-08,17749000.0,0.02,0.99030995,16445000.0,1214875.0,6411000.0,64918000.0,,10082598.0,0.35157,Yahoo Finance / yfinance get_info,OK,PRET_SSI
2026-10-07,Lindbergh S.p.A.              A,D8M.F,EUR,Allemagne,138694448.0,FRA,Frankfurt,EQUITY,,Yahoo Finance / yfinance EquityQuery,2026-10-07,Détection mécanique 50-300 MEUR ; qualification SSI requise.,DETECTE,,2026-10-07,254,14.600000381469728,0.0,8.955229829111522,47.474757010517976,10.9366499876976,True,Yahoo Finance / yfinance - historique quotidien 1 an,OK,OUI,2026-10-08,37597952.0,0.323,0.20594999,5135067.0,2974998.0,4534334.0,8567204.0,,9499620.0,0.5381,Yahoo Finance / yfinance get_info,OK,PRET_SSI
2026-10-07,Nippon Aqua Co. Ltd.          R,N3A.F,EUR,Allemagne,138929168.0,FRA,Frankfurt,EQUITY,,Yahoo Finance / yfinance EquityQuery,2026-10-07,Détection mécanique 50-300 MEUR ; qualification SSI requise.,DETECTE,,2026-10-07,254,4.320000171661377,0.0,9.64467281528405,14.285719692031318,4.158000000715256,True,Yahoo Finance / yfinance - historique quotidien 1 an,OK,OUI,2026-10-08,34660474880.0,0.092,0.23325,3073539072.0,1388835584.0,2758739968.0,5006214144.0,,32159529.0,0.5657,Yahoo Finance / yfinance get_info,OK,PRET_SSI
2026-10-07,Jacktel A.S.                  N,92Y.F,EUR,Allemagne,139223696.0,FRA,Frankfurt,EQUITY,,Yahoo Finance / yfinance EquityQuery,2026-10-07,Détection mécanique 50-300 MEUR ; qualification SSI requise.,DETECTE,,2026-10-07,137,0.5389999747276306,0.0,9.999992701472204,45.87278981910756,,,Yahoo Finance / yfinance - historique quotidien 1 an,OK,OUI,2026-10-08,68467000.0,0.202,0.66726,59707000.0,19171124.0,12332000.0,65092000.0,,258300000.0,0.0,Yahoo Finance / yfinance get_info,OK,PRET_SSI
2026-10-07,GEVELOT S.A.                  A,8XD.F,EUR,Allemagne,139342496.0,FRA,Frankfurt,EQUITY,,Yahoo Finance / yfinance EquityQuery,2026-10-07,Détection mécanique 50-300 MEUR ; qualification SSI requise.,DETECTE,,2026-10-07,254,187.0,0.0,1.08108108108107,10.650887573964509,178.165,True,Yahoo Finance / yfinance - historique quotidien 1 an,OK,OUI,2026-10-08,156334000.0,0.114,0.043520004,9370000.0,10696750.0,124903000.0,13011000.0,,745147.0,0.64972997,Yahoo Finance / yfinance get_info,OK,PRET_SSI
2026-10-07,Coherus Oncology Inc.         R,8C5.F,EUR,Allemagne,139591616.0,FRA,Frankfurt,EQUITY,,Yahoo Finance / yfinance EquityQuery,2026-10-07,Détection mécanique 50-300 MEUR ; qualification SSI requise.,DETECTE,,2026-10-07,254,0.9035000205039978,0.0,-31.449161713556705,-36.862332346836894,1.3344724997878077,False,Yahoo Finance / yfinance - historique quotidien 1 an,OK,OUI,2026-10-08,50936000.0,0.395,0.68955004,-150390000.0,-160150752.0,105306000.0,54177000.0,,154500966.0,0.19122,Yahoo Finance / yfinance get_info,OK,PRET_SSI
2026-10-07,Jiumaojiu Interna.Holdings LtdR,3YU.F,EUR,Allemagne,139738800.0,FRA,Frankfurt,EQUITY,,Yahoo Finance / yfinance EquityQuery,2026-10-07,Détection mécanique 50-300 MEUR ; qualification SSI requise.,DETECTE,,2026-10-07,254,0.1049999967217445,0.0,0.9615332262933318,-41.34078563414887,0.1518425012379884,False,Yahoo Finance / yfinance - historique quotidien 1 an,OK,OUI,2026-10-08,4875085824.0,-0.131,0.2615,428155008.0,463601984.0,1042206976.0,1900144000.0,,1330845700.0,0.4103,Yahoo Finance / yfinance get_info,OK,PRET_SSI
2026-10-07,Synthetica AD-Sofia           R,81P.F,EUR,Allemagne,139800000.0,FRA,Frankfurt,EQUITY,,Yahoo Finance / yfinance EquityQuery,2026-10-07,Détection mécanique 50-300 MEUR ; qualification SSI requise.,DETECTE,,2026-10-07,165,46.59999847412109,0.0,-6.048387282844892,12.01923121009354,,,Yahoo Finance / yfinance - historique quotidien 1 an,OK,OUI,2026-10-08,11997477.0,-0.358,0.18744,1801522.0,,2558000.0,46942000.0,,3000000.0,0.40394002,Yahoo Finance / yfinance get_info,OK,PRET_SSI
2026-10-07,EuroDry Ltd.                  R,0LQ.F,EUR,Allemagne,139889632.0,FRA,Frankfurt,EQUITY,,Yahoo Finance / yfinance EquityQuery,2026-10-07,Détection mécanique 50-300 MEUR ; qualification SSI requise.,DETECTE,,2026-10-07,254,48.79999923706055,0.0,160.96255211804427,190.47619912629804,22.766999955177308,True,Yahoo Finance / yfinance - historique quotidien 1 an,OK,OUI,2026-10-08,62268512.0,0.57,0.55539,28376804.0,12450107.0,25617372.0,97387688.0,,2866591.0,0.51202,Yahoo Finance / yfinance get_info,OK,PRET_SSI
2026-10-07,CASTINGS PLC                  R,9Z9.F,EUR,Allemagne,139995200.0,FRA,Frankfurt,EQUITY,,Yahoo Finance / yfinance EquityQuery,2026-10-07,Détection mécanique 50-300 MEUR ; qualification SSI requise.,DETECTE,,2026-10-07,179,3.220000028610229,0.0,-14.361701149538986,6.622518177048375,,,Yahoo Finance / yfinance - historique quotidien 1 an,OK,OUI,2026-10-08,173227008.0,-0.024,0.18049,18186000.0,11596000.0,17390000.0,2148000.0,,43476771.0,0.20994,Yahoo Finance / yfinance get_info,OK,PRET_SSI
2026-10-07,Atland S.A.                   A,8L9.F,EUR,Allemagne,140467168.0,FRA,Frankfurt,EQUITY,,Yahoo Finance / yfinance EquityQuery,2026-10-07,Détection mécanique 50-300 MEUR ; qualification SSI requise.,DETECTE,,2026-10-07,254,32.400001525878906,0.0,-7.163323469044003,-16.062168894641026,36.59800009727478,False,Yahoo Finance / yfinance - historique quotidien 1 an,OK,OUI,2026-10-08,167142000.0,-0.077,0.31943,14139000.0,15954375.0,61185000.0,122744000.0,,4335406.0,0.67265,Yahoo Finance / yfinance get_info,OK,PRET_SSI
2026-10-07,Intelligent Monitoring Group  R,8YM.F,EUR,Allemagne,140476992.0,FRA,Frankfurt,EQUITY,,Yahoo Finance / yfinance EquityQuery,2026-10-07,Détection mécanique 50-300 MEUR ; qualification SSI requise.,DETECTE,,2026-10-07,254,0.3400000035762787,0.0,-12.820508705793598,17.241383917124885,0.3526799999177455,False,Yahoo Finance / yfinance - historique quotidien 1 an,OK,OUI,2026-10-08,203656000.0,0.123,0.36575,29395000.0,16357875.0,42678000.0,142192992.0,,413167621.0,0.30485,Yahoo Finance / yfinance get_info,OK,PRET_SSI
2026-10-07,XAAR PLC                      R,XAR.F,EUR,Allemagne,140483648.0,FRA,Frankfurt,EQUITY,,Yahoo Finance / yfinance EquityQuery,2026-10-07,Détection mécanique 50-300 MEUR ; qualification SSI requise.,DETECTE,,2026-10-07,254,1.6699999570846558,0.0,28.461539872299333,18.439716072211063,1.360799999833107,True,Yahoo Finance / yfinance - historique quotidien 1 an,OK,OUI,2026-10-08,62540000.0,0.091,0.4035,4261000.0,916500.0,3483000.0,8017000.0,,84121945.0,0.04487,Yahoo Finance / yfinance get_info,OK,PRET_SSI
2026-10-07,Nekkar ASA                    N,0TT.F,EUR,Allemagne,140992688.0,FRA,Frankfurt,EQUITY,,Yahoo Finance / yfinance EquityQuery,2026-10-07,Détection mécanique 50-300 MEUR ; qualification SSI requise.,DETECTE,,2026-10-07,254,1.3849999904632568,0.0,8.203126673470296,11.693546758978249,1.2503500002622605,True,Yahoo Finance / yfinance - historique quotidien 1 an,OK,OUI,2026-10-08,579710976.0,-0.074,0.50693,26083000.0,85993624.0,166722000.0,74860000.0,,101799775.0,0.47171003,Yahoo Finance / yfinance get_info,OK,PRET_SSI
2026-10-07,Cyprium Metals Ltd.           R,AYR.F,EUR,Allemagne,141051456.0,FRA,Frankfurt,EQUITY,,Yahoo Finance / yfinance EquityQuery,2026-10-07,Détection mécanique 50-300 MEUR ; qualification SSI requise.,DETECTE,,2026-10-07,171,0.2440000027418136,0.0,3.3898310435636736,38.63636594542788,,,Yahoo Finance / yfinance - historique quotidien 1 an,OK,OUI,2026-10-08,12829000.0,3.929,1.0,-27446000.0,-41238124.0,75626000.0,63962000.0,,578079732.0,0.17701,Yahoo Finance / yfinance get_info,OK,PRET_SSI
2026-10-07,Lycos Energy Inc.             R,G4P0.F,EUR,Allemagne,141082464.0,FRA,Frankfurt,EQUITY,,Yahoo Finance / yfinance EquityQuery,2026-10-07,Détection mécanique 50-300 MEUR ; qualification SSI requise.,DETECTE,,2026-10-07,254,1.0700000524520874,0.0,27.380962602270746,-15.748026100639676,0.9640999977290632,True,Yahoo Finance / yfinance - historique quotidien 1 an,OK,OUI,2026-10-08,48337000.0,-0.274,0.62852,24500000.0,16052750.0,16781000.0,1317000.0,,131852762.0,0.17849001,Yahoo Finance / yfinance get_info,OK,PRET_SSI
2026-10-07,Zhaoke Ophthalmology Ltd.     R,9FX.F,EUR,Allemagne,141156816.0,FRA,Frankfurt,EQUITY,,Yahoo Finance / yfinance EquityQuery,2026-10-07,Détection mécanique 50-300 MEUR ; qualification SSI requise.,DETECTE,,2026-10-07,254,0.257999986410141,0.0,-5.147068974622671,-16.774198572295717,0.295789999961853,False,Yahoo Finance / yfinance - historique quotidien 1 an,OK,OUI,2026-10-08,34999000.0,0.191,0.49527,-234935008.0,-201870368.0,715827968.0,266560000.0,,547119512.0,0.30513,Yahoo Finance / yfinance get_info,OK,PRET_SSI
2026-10-07,TOKYO SANGYO CO. LTD.         R,98A.F,EUR,Allemagne,141442048.0,FRA,Frankfurt,EQUITY,,Yahoo Finance / yfinance EquityQuery,2026-10-07,Détection mécanique 50-300 MEUR ; qualification SSI requise.,DETECTE,,2026-10-07,129,5.414999961853027,0.0,31.19321348961037,14.38529206224306,,,Yahoo Finance / yfinance - historique quotidien 1 an,OK,OUI,2026-10-08,63011000320.0,-0.015,0.18098,3847000064.0,,15105000448.0,12960000000.0,,26120417.0,0.40712002,Yahoo Finance / yfinance get_info,OK,PRET_SSI
2026-10-07,NeoVolta Inc.                 R,4EB.F,EUR,Allemagne,141631808.0,FRA,Frankfurt,EQUITY,,Yahoo Finance / yfinance EquityQuery,2026-10-07,Détection mécanique 50-300 MEUR ; qualification SSI requise.,DETECTE,,2026-10-07,254,2.400000095367432,0.0,25.654457450739887,-1.639342660450327,2.585899994969368,False,Yahoo Finance / yfinance - historique quotidien 1 an,OK,OUI,2026-10-08,13332953.0,-0.997,0.16037,-17730164.0,-13955509.0,22201976.0,9207393.0,,59013247.0,0.16283001,Yahoo Finance / yfinance get_info,OK,PRET_SSI
2026-10-07,TEXWINCA HOLDINGS LTD.        R,TXW.F,EUR,Allemagne,141804560.0,FRA,Frankfurt,EQUITY,,Yahoo Finance / yfinance EquityQuery,2026-10-07,Détection mécanique 50-300 MEUR ; qualification SSI requise.,DETECTE,,2026-10-07,254,0.0895000025629997,0.0,-22.84482315661069,-40.333333995607134,0.1142100002244114,False,Yahoo Finance / yfinance - historique quotidien 1 an,OK,OUI,2026-10-08,5145950208.0,-0.058,0.26768,371188000.0,181757744.0,1469299968.0,846260992.0,,1381696104.0,0.56426996,Yahoo Finance / yfinance get_info,OK,PRET_SSI
2026-10-07,Polymetals Resources Ltd      R,X4C.F,EUR,Allemagne,141876032.0,FRA,Frankfurt,EQUITY,,Yahoo Finance / yfinance EquityQuery,2026-10-07,Détection mécanique 50-300 MEUR ; qualification SSI requise.,DETECTE,,2026-10-07,250,0.4600000083446502,0.0,-16.36363665919658,-13.207540910156224,0.5459299981594086,False,Yahoo Finance / yfinance - historique quotidien 1 an,OK,OUI,2026-10-08,100260536.0,311.96,0.27986,-35207072.0,-13429748.0,19658064.0,27816150.0,,308426149.0,0.44743,Yahoo Finance / yfinance get_info,OK,PRET_SSI
2026-10-07,Beijing Jingcheng Machin.El.CoR,BQZ.F,EUR,Allemagne,141894176.0,FRA,Frankfurt,EQUITY,,Yahoo Finance / yfinance EquityQuery,2026-10-07,Détection mécanique 50-300 MEUR ; qualification SSI requise.,DETECTE,,2026-10-07,228,0.2599999904632568,0.0,-13.907283983974638,-46.28099341485664,0.3873949998617172,False,Yahoo Finance / yfinance - historique quotidien 1 an,OK,OUI,2026-10-08,1499742464.0,-0.041,0.096870005,-45423100.0,-84155240.0,394054816.0,433989408.0,,100000000.0,0.0298,Yahoo Finance / yfinance get_info,OK,PRET_SSI
2026-10-07,Tecnotree Oyj                 R,3TT0.F,EUR,Allemagne,142014416.0,FRA,Frankfurt,EQUITY,,Yahoo Finance / yfinance EquityQuery,2026-10-07,Détection mécanique 50-300 MEUR ; qualification SSI requise.,DETECTE,,2026-10-07,254,6.21999979019165,0.0,-4.307695535513068,16.4793934917266,5.594550008773804,True,Yahoo Finance / yfinance - historique quotidien 1 an,OK,OUI,2026-10-08,74988000.0,0.15,0.97836,31184000.0,11599350.0,20600000.0,4700000.0,,22831901.0,0.35298002,Yahoo Finance / yfinance get_info,OK,PRET_SSI
2026-10-07,Sangoma Technologies Corp.    R,54GA.F,EUR,Allemagne,142103488.0,FRA,Frankfurt,EQUITY,,Yahoo Finance / yfinance EquityQuery,2026-10-07,Détection mécanique 50-300 MEUR ; qualification SSI requise.,DETECTE,,2026-10-07,254,4.239999771118164,0.0,19.774006124528864,32.4999908730389,3.53429998755455,True,Yahoo Finance / yfinance - historique quotidien 1 an,OK,OUI,2026-10-08,200064992.0,-0.212,0.70308995,4930000.0,28857250.0,10495000.0,34178000.0,,33503340.0,0.26626,Yahoo Finance / yfinance get_info,OK,PRET_SSI
2026-10-07,Jilin Prov.Huin.Chang.Bio-pha.R,JIL.F,EUR,Allemagne,142303504.0,FRA,Frankfurt,EQUITY,,Yahoo Finance / yfinance EquityQuery,2026-10-07,Détection mécanique 50-300 MEUR ; qualification SSI requise.,DETECTE,,2026-10-07,254,0.2540000081062317,0.0,-1.5503792692262208,4.098362808216627,0.2409200001507997,True,Yahoo Finance / yfinance - historique quotidien 1 an,OK,OUI,2026-10-08,898049024.0,-0.009,0.84766996,271197504.0,,902574976.0,947000.0,,172500000.0,0.25226998,Yahoo Finance / yfinance get_info,OK,PRET_SSI
2026-10-07,Byggma ASA                    N,DR5.F,EUR,Allemagne,142431344.0,FRA,Frankfurt,EQUITY,,Yahoo Finance / yfinance EquityQuery,2026-10-07,Détection mécanique 50-300 MEUR ; qualification SSI requise.,DETECTE,,2026-10-07,232,2.039999961853028,0.0,9.090906772789696,24.39024266141429,1.67662499576807,True,Yahoo Finance / yfinance - historique quotidien 1 an,OK,OUI,2026-10-08,2373426944.0,0.013,0.47641,216674000.0,185555376.0,10000000.0,1268099968.0,,69819290.0,0.95208,Yahoo Finance / yfinance get_info,OK,PRET_SSI
2026-10-07,Byggma ASA,DR5.SG,EUR,Allemagne,142431344.0,STU,Stuttgart,EQUITY,,Yahoo Finance / yfinance EquityQuery,2026-10-07,Détection mécanique 50-300 MEUR ; qualification SSI requise.,DETECTE,,2026-10-07,254,2.039999961853028,0.0,10.8695611329521,28.30188169985246,1.6718499952554702,True,Yahoo Finance / yfinance - historique quotidien 1 an,OK,OUI,2026-10-08,2373426944.0,0.013,0.47641,216674000.0,185555376.0,10000000.0,1268099968.0,,69819290.0,0.95208,Yahoo Finance / yfinance get_info,OK,PRET_SSI
2026-10-07,Shandong Chenm.Paper Hldgs LtdR,SCD1.F,EUR,Allemagne,142660624.0,FRA,Frankfurt,EQUITY,,Yahoo Finance / yfinance EquityQuery,2026-10-07,Détection mécanique 50-300 MEUR ; qualification SSI requise.,DETECTE,,2026-10-07,254,0.0485000014305114,0.0,0.0,-57.82608647765646,0.077660000026226,False,Yahoo Finance / yfinance - historique quotidien 1 an,OK,OUI,2026-10-08,10945348608.0,1.966,-0.12235,-206561504.0,3079778304.0,215084864.0,32661053440.0,,528305250.0,0.29038998,Yahoo Finance / yfinance get_info,OK,PRET_SSI
2026-10-07,Solar Foods Oyj               R,H4N.F,EUR,Allemagne,142723776.0,FRA,Frankfurt,EQUITY,,Yahoo Finance / yfinance EquityQuery,2026-10-07,Détection mécanique 50-300 MEUR ; qualification SSI requise.,DETECTE,,2026-10-07,254,4.739999771118164,0.0,-6.3241141359696496,-4.627767178730946,4.844574970006943,False,Yahoo Finance / yfinance - historique quotidien 1 an,OK,OUI,2026-10-08,161480.0,2.647,1.0,-5158841.0,-5473064.0,27044128.0,15506667.0,,30110504.0,0.6273,Yahoo Finance / yfinance get_info,OK,PRET_SSI
2026-10-07,Italian Wine Brands S.p.A.    A,MR3.F,EUR,Allemagne,142781392.0,FRA,Frankfurt,EQUITY,,Yahoo Finance / yfinance EquityQuery,2026-10-07,Détection mécanique 50-300 MEUR ; qualification SSI requise.,DETECTE,,2026-10-07,253,15.380000114440918,0.0,-12.910530875827286,-16.503799941702646,18.61680001735688,False,Yahoo Finance / yfinance - historique quotidien 1 an,OK,OUI,2026-10-08,388638432.0,-0.053,0.19461,40484032.0,21557656.0,59066824.0,141007840.0,,9283575.0,0.229,Yahoo Finance / yfinance get_info,OK,PRET_SSI
2026-10-07,Paragon Care Ltd.             R,PXS.F,EUR,Allemagne,142960608.0,FRA,Frankfurt,EQUITY,,Yahoo Finance / yfinance EquityQuery,2026-10-07,Détection mécanique 50-300 MEUR ; qualification SSI requise.,DETECTE,,2026-10-07,254,0.0810000002384185,0.0,16.546764132411496,-7.954544684857367,0.0877275007218122,False,Yahoo Finance / yfinance - historique quotidien 1 an,OK,OUI,2026-10-08,3680544000.0,0.007,0.094399996,25730000.0,19061876.0,23676000.0,388902016.0,,1655305389.0,0.69474,Yahoo Finance / yfinance get_info,OK,PRET_SSI
2026-10-07,Entech SE                     A,0AS.F,EUR,Allemagne,143035376.0,FRA,Frankfurt,EQUITY,,Yahoo Finance / yfinance EquityQuery,2026-10-07,Détection mécanique 50-300 MEUR ; qualification SSI requise.,DETECTE,,2026-10-07,254,9.720000267028809,0.0,-6.177600490902946,1.5674041482542034,9.678350045681,True,Yahoo Finance / yfinance - historique quotidien 1 an,OK,OUI,2026-10-08,120326536.0,1.607,0.20694,6255450.0,,18931000.0,38860000.0,,14715574.0,0.63562,Yahoo Finance / yfinance get_info,OK,PRET_SSI
2026-10-07,Oriola Oyj                    R,O5O.F,EUR,Allemagne,143158464.0,FRA,Frankfurt,EQUITY,,Yahoo Finance / yfinance EquityQuery,2026-10-07,Détection mécanique 50-300 MEUR ; qualification SSI requise.,DETECTE,,2026-10-07,254,0.7770000100135803,0.0,-14.70911101800021,-16.987177486968807,0.9643950003385544,False,Yahoo Finance / yfinance - historique quotidien 1 an,OK,OUI,2026-10-08,1906200064.0,0.018,0.08813,12700000.0,-7537500.0,111900000.0,77300000.0,,184245120.0,0.32735002,Yahoo Finance / yfinance get_info,OK,PRET_SSI
2026-10-07,Triumph New Energy Co. Ltd.   R,LUG.F,EUR,Allemagne,143339840.0,FRA,Frankfurt,EQUITY,,Yahoo Finance / yfinance EquityQuery,2026-10-07,Détection mécanique 50-300 MEUR ; qualification SSI requise.,DETECTE,,2026-10-07,254,0.2220000028610229,0.0,-11.19999885559082,-46.634615797924205,0.3391400009393692,False,Yahoo Finance / yfinance - historique quotidien 1 an,OK,OUI,2026-10-08,2753665024.0,-0.347,-0.31114,-806626688.0,127386872.0,147165904.0,6807405568.0,,250000000.0,0.00846,Yahoo Finance / yfinance get_info,OK,PRET_SSI
2026-10-07,Duke Capital Ltd.             R,B34.F,EUR,Allemagne,143346816.0,FRA,Frankfurt,EQUITY,,Yahoo Finance / yfinance EquityQuery,2026-10-07,Détection mécanique 50-300 MEUR ; qualification SSI requise.,DETECTE,,2026-10-07,254,0.2840000092983246,0.0,-2.7397214136017367,-8.38709447932171,0.2929300022125244,False,Yahoo Finance / yfinance - historique quotidien 1 an,OK,OUI,2026-10-08,23796000.0,2.284,1.0,,7522000.0,78352000.0,99195000.0,,504742317.0,0.04652,Yahoo Finance / yfinance get_info,OK,PRET_SSI
2026-10-07,Hexaom S.A.                   A,88M.F,EUR,Allemagne,143898496.0,FRA,Frankfurt,EQUITY,,Yahoo Finance / yfinance EquityQuery,2026-10-07,Détection mécanique 50-300 MEUR ; qualification SSI requise.,DETECTE,,2026-10-07,254,21.0,0.0,-27.08333140170128,-38.416419531698345,30.366499938964843,False,Yahoo Finance / yfinance - historique quotidien 1 an,OK,OUI,2026-10-08,653414016.0,0.122,0.22461,39244000.0,43504000.0,144743008.0,96678000.0,,6852309.0,0.54206,Yahoo Finance / yfinance get_info,OK,PRET_SSI
2026-10-07,Beeks Finan.Cloud Grp.PLC     R,1BZ.F,EUR,Allemagne,144516416.0,FRA,Frankfurt,EQUITY,,Yahoo Finance / yfinance EquityQuery,2026-10-07,Détection mécanique 50-300 MEUR ; qualification SSI requise.,DETECTE,,2026-10-07,254,2.0999999046325684,0.0,-14.634151541947904,11.111106906197875,2.26049999833107,False,Yahoo Finance / yfinance - historique quotidien 1 an,OK,OUI,2026-10-08,34777000.0,-0.072,0.35518003,4486000.0,496500.0,6958000.0,8599000.0,,68817346.0,0.32553002,Yahoo Finance / yfinance get_info,OK,PRET_SSI
2026-10-07,BRC Group Holdings Inc.       R,5E6.F,EUR,Allemagne,144784704.0,FRA,Frankfurt,EQUITY,,Yahoo Finance / yfinance EquityQuery,2026-10-07,Détection mécanique 50-300 MEUR ; qualification SSI requise.,DETECTE,,2026-10-07,254,4.320000171661377,0.0,-29.756095858998865,-31.96850021194849,6.313509995937348,False,Yahoo Finance / yfinance - historique quotidien 1 an,OK,OUI,2026-10-08,1066051008.0,0.104,0.25765,,,1084544000.0,1512551040.0,,33514977.0,0.30156,Yahoo Finance / yfinance get_info,OK,PRET_SSI
2026-10-07,Fortifai Ltd.                 R,9UQ0.F,EUR,Allemagne,144820928.0,FRA,Frankfurt,EQUITY,,Yahoo Finance / yfinance EquityQuery,2026-10-07,Détection mécanique 50-300 MEUR ; qualification SSI requise.,DETECTE,,2026-10-07,254,0.4180000126361847,0.0,-14.344260668208364,6.63265907351116,0.3580949993804097,True,Yahoo Finance / yfinance - historique quotidien 1 an,OK,OUI,2026-10-08,1883447.0,-0.633,0.81999,-8938333.0,1211744.0,20354520.0,604273.0,,346461538.0,0.42178002,Yahoo Finance / yfinance get_info,OK,PRET_SSI
2026-10-07,Zeda Ltd.                     R,LJ0.F,EUR,Allemagne,144848800.0,FRA,Frankfurt,EQUITY,,Yahoo Finance / yfinance EquityQuery,2026-10-07,Détection mécanique 50-300 MEUR ; qualification SSI requise.,DETECTE,,2026-10-07,254,0.7799999713897705,0.0,5.405400180747066,14.705876939024542,0.7252000010013581,True,Yahoo Finance / yfinance - historique quotidien 1 an,OK,OUI,2026-10-08,10821068800.0,0.032,0.39551,2706496000.0,2384250112.0,957667968.0,7614155776.0,,185703605.0,0.29941,Yahoo Finance / yfinance get_info,OK,PRET_SSI
2026-10-07,Metal Powder Works Ltd.       R,3OV.F,EUR,Allemagne,144882688.0,FRA,Frankfurt,EQUITY,,Yahoo Finance / yfinance EquityQuery,2026-10-07,Détection mécanique 50-300 MEUR ; qualification SSI requise.,DETECTE,,2026-10-07,217,0.9649999737739564,0.0,-20.901643348874188,-34.79729990962647,1.2199899953603746,False,Yahoo Finance / yfinance - historique quotidien 1 an,OK,OUI,2026-10-08,1652603.0,,0.44579,-10200218.0,-4225515.0,10523522.0,233798.0,,150137508.0,0.58856,Yahoo Finance / yfinance get_info,OK,PRET_SSI
2026-10-07,EASY SOFTWARE AG              N,ESY.HM,EUR,Allemagne,144912960.0,HAM,Hamburg,EQUITY,,Yahoo Finance / yfinance EquityQuery,2026-10-07,Détection mécanique 50-300 MEUR ; qualification SSI requise.,DETECTE,,2026-10-07,254,19.200000762939453,400.0,-3.9999961853027344,-3.5175822563283,19.04000002861023,True,Yahoo Finance / yfinance - historique quotidien 1 an,OK,OUI,2026-10-08,63157000.0,0.001,0.36628,11521000.0,16149000.0,4074000.0,0.0,,7547550.0,0.0,Yahoo Finance / yfinance get_info,OK,PRET_SSI
2026-10-07,Multi-Chem Ltd.               R,MQR1.F,EUR,Allemagne,144938976.0,FRA,Frankfurt,EQUITY,,Yahoo Finance / yfinance EquityQuery,2026-10-07,Détection mécanique 50-300 MEUR ; qualification SSI requise.,DETECTE,,2026-10-07,254,1.5499999523162842,0.0,-34.87395471489747,-37.50000240341308,2.374000015854836,False,Yahoo Finance / yfinance - historique quotidien 1 an,OK,OUI,2026-10-08,699387008.0,0.151,0.13471,30634000.0,17560000.0,90812000.0,1182000.0,,90095268.0,0.82597,Yahoo Finance / yfinance get_info,OK,PRET_SSI
2026-10-07,Comstock Inc.                 R,GSP0.F,EUR,Allemagne,145449472.0,FRA,Frankfurt,EQUITY,,Yahoo Finance / yfinance EquityQuery,2026-10-07,Détection mécanique 50-300 MEUR ; qualification SSI requise.,DETECTE,,2026-10-07,254,1.9160000085830688,0.0,-47.84975515372515,-26.5900350347438,2.8993849951028823,False,Yahoo Finance / yfinance - historique quotidien 1 an,OK,OUI,2026-10-08,1014715.0,-0.196,-1.65579,-39048076.0,-56382944.0,31405236.0,19403826.0,,75913084.0,0.032190003,Yahoo Finance / yfinance get_info,OK,PRET_SSI
2026-10-07,Burning Rock Biotech Ltd.     R,6BU0.F,EUR,Allemagne,145539536.0,FRA,Frankfurt,EQUITY,,Yahoo Finance / yfinance EquityQuery,2026-10-07,Détection mécanique 50-300 MEUR ; qualification SSI requise.,DETECTE,,2026-10-07,254,13.800000190734863,0.0,57.71428789411273,4.545457501056816,13.168499927520752,True,Yahoo Finance / yfinance - historique quotidien 1 an,OK,OUI,2026-10-08,500640000.0,-0.093,0.74551004,-58272500.0,12984125.0,416817984.0,45112000.0,,8813858.0,2.13504,Yahoo Finance / yfinance get_info,OK,PRET_SSI
2026-10-07,YesAsia Holdings Ltd.         R,4CM.F,EUR,Allemagne,145609024.0,FRA,Frankfurt,EQUITY,,Yahoo Finance / yfinance EquityQuery,2026-10-07,Détection mécanique 50-300 MEUR ; qualification SSI requise.,DETECTE,,2026-10-07,254,0.3479999899864197,0.0,21.678312496717567,-3.3333399560713795,0.3436600007116794,True,Yahoo Finance / yfinance - historique quotidien 1 an,OK,OUI,2026-10-08,558404992.0,0.232,0.30298,40527000.0,18062124.0,17331000.0,35098000.0,,418416768.0,0.61056,Yahoo Finance / yfinance get_info,OK,PRET_SSI
2026-10-07,MACFARLANE GROUP PLC          R,5K6.F,EUR,Allemagne,145737680.0,FRA,Frankfurt,EQUITY,,Yahoo Finance / yfinance EquityQuery,2026-10-07,Détection mécanique 50-300 MEUR ; qualification SSI requise.,DETECTE,,2026-10-07,254,0.9449999928474426,0.0,28.57142509593915,21.153849680748337,0.776750001013279,True,Yahoo Finance / yfinance - historique quotidien 1 an,OK,OUI,2026-10-08,303108000.0,0.016,0.37277,20650000.0,15178125.0,10043000.0,86721000.0,,154219782.0,0.22725001,Yahoo Finance / yfinance get_info,OK,PRET_SSI
2026-10-07,MediWound Ltd.                R,M8W.F,EUR,Allemagne,145886144.0,FRA,Frankfurt,EQUITY,,Yahoo Finance / yfinance EquityQuery,2026-10-07,Détection mécanique 50-300 MEUR ; qualification SSI requise.,DETECTE,,2026-10-07,254,11.300000190734863,0.0,-8.130081174740656,-25.65789254913697,13.367500014305117,False,Yahoo Finance / yfinance - historique quotidien 1 an,OK,OUI,2026-10-08,11863000.0,-0.458,0.1546,-30749000.0,-29048876.0,35341000.0,8605000.0,,12910278.0,0.16711001,Yahoo Finance / yfinance get_info,OK,PRET_SSI
2026-10-07,Maritana Minerals Ltd.        R,I6R0.F,EUR,Allemagne,146170208.0,FRA,Frankfurt,EQUITY,,Yahoo Finance / yfinance EquityQuery,2026-10-07,Détection mécanique 50-300 MEUR ; qualification SSI requise.,DETECTE,,2026-10-07,254,0.3919999897480011,0.0,11.363634054572124,-9.88506032195552,0.4262060000002384,False,Yahoo Finance / yfinance - historique quotidien 1 an,OK,OUI,2026-10-08,80566400.0,-0.471,0.30295,22964862.0,-4708890.0,229547040.0,356992.0,,372883195.0,0.15593,Yahoo Finance / yfinance get_info,OK,PRET_SSI
2026-10-07,CEGEDIM S.A.                  A,C7E.F,EUR,Allemagne,146560688.0,FRA,Frankfurt,EQUITY,,Yahoo Finance / yfinance EquityQuery,2026-10-07,Détection mécanique 50-300 MEUR ; qualification SSI requise.,DETECTE,,2026-10-07,254,10.68000030517578,0.0,4.911591208359667,-14.559997558593752,11.197050037384033,False,Yahoo Finance / yfinance - historique quotidien 1 an,OK,OUI,2026-10-08,651518016.0,0.007,0.42254,52698000.0,29807750.0,78706000.0,322156000.0,,13722911.0,0.60881,Yahoo Finance / yfinance get_info,OK,PRET_SSI
2026-10-07,Maisons France Confort S.A.,88M.SG,EUR,Allemagne,146639408.0,STU,Stuttgart,EQUITY,,Yahoo Finance / yfinance EquityQuery,2026-10-07,Détection mécanique 50-300 MEUR ; qualification SSI requise.,DETECTE,,2026-10-07,254,21.39999961853028,0.0,-23.57142993382045,-36.87316030887568,30.23650011062622,False,Yahoo Finance / yfinance - historique quotidien 1 an,OK,OUI,2026-10-08,653414016.0,0.122,0.22461,39244000.0,43504000.0,144743008.0,96678000.0,,6852309.0,0.54206,Yahoo Finance / yfinance get_info,OK,PRET_SSI
2026-10-07,SHUN TAK HOLDINGS LTD.        R,XUN.F,EUR,Allemagne,146700624.0,FRA,Frankfurt,EQUITY,,Yahoo Finance / yfinance EquityQuery,2026-10-07,Détection mécanique 50-300 MEUR ; qualification SSI requise.,DETECTE,,2026-10-07,254,0.0414999984204769,0.0,2.469131600800467,-13.541670708865306,0.0487424999289214,False,Yahoo Finance / yfinance - historique quotidien 1 an,OK,OUI,2026-10-08,2608305920.0,-0.104,0.77301,733782976.0,290351744.0,9535285248.0,15798935552.0,,3017661785.0,0.59779,Yahoo Finance / yfinance get_info,OK,PRET_SSI
2026-10-07,Immuneonco Biopharma.(SH) Inc.R,R9Z.F,EUR,Allemagne,146774400.0,FRA,Frankfurt,EQUITY,,Yahoo Finance / yfinance EquityQuery,2026-10-07,Détection mécanique 50-300 MEUR ; qualification SSI requise.,DETECTE,,2026-10-07,254,0.3420000076293945,0.0,-2.840906397000797,-41.03447974649527,0.4273200015723705,False,Yahoo Finance / yfinance - historique quotidien 1 an,OK,OUI,2026-10-08,147527008.0,-0.154,0.99248004,-204486000.0,-167039744.0,946617024.0,353142016.0,,418134505.0,0.33852002,Yahoo Finance / yfinance get_info,OK,PRET_SSI
2026-10-07,CITIZENS INC.                 R,YCX.F,EUR,Allemagne,146865024.0,FRA,Frankfurt,EQUITY,,Yahoo Finance / yfinance EquityQuery,2026-10-07,Détection mécanique 50-300 MEUR ; qualification SSI requise.,DETECTE,,2026-10-07,254,2.900000095367432,0.0,-25.641025014020848,-36.956518358904766,4.07239999294281,False,Yahoo Finance / yfinance - historique quotidien 1 an,OK,OUI,2026-10-08,255006000.0,-0.072,0.26877,14937000.0,9612500.0,15406000.0,0.0,,50643108.0,0.115559995,Yahoo Finance / yfinance get_info,OK,PRET_SSI
2026-10-07,Ontex Group N.V.              A,OT7.F,EUR,Allemagne,146874912.0,FRA,Frankfurt,EQUITY,,Yahoo Finance / yfinance EquityQuery,2026-10-07,Détection mécanique 50-300 MEUR ; qualification SSI requise.,DETECTE,,2026-10-07,254,1.8359999656677248,0.0,-13.600001615636492,-36.25000372529015,3.2025899970531464,False,Yahoo Finance / yfinance - historique quotidien 1 an,OK,OUI,2026-10-08,1736099968.0,-0.029,0.27193,128700000.0,146450000.0,79100000.0,619000000.0,,79997232.0,0.29371,Yahoo Finance / yfinance get_info,OK,PRET_SSI
2026-10-07,SITE Centers Corp.            R,DDR.F,EUR,Allemagne,146929632.0,FRA,Frankfurt,EQUITY,,Yahoo Finance / yfinance EquityQuery,2026-10-07,Détection mécanique 50-300 MEUR ; qualification SSI requise.,DETECTE,,2026-10-07,254,2.799999952316284,0.0,-25.1336913054418,-36.65158588268598,4.185749977827072,False,Yahoo Finance / yfinance - historique quotidien 1 an,OK,OUI,2026-10-08,69975000.0,-0.693,0.6079,3380000.0,-29154376.0,238926000.0,0.0,,52474874.0,0.00416,Yahoo Finance / yfinance get_info,OK,PRET_SSI
2026-10-07,Magnora ASA                   N,4SM.F,EUR,Allemagne,147277056.0,FRA,Frankfurt,EQUITY,,Yahoo Finance / yfinance EquityQuery,2026-10-07,Détection mécanique 50-300 MEUR ; qualification SSI requise.,DETECTE,,2026-10-07,254,2.069999933242798,0.0,-1.193321958282556,-3.720937608189357,2.103795002102852,False,Yahoo Finance / yfinance - historique quotidien 1 an,OK,OUI,2026-10-08,49500000.0,-0.304,0.8404,-85300000.0,-93750000.0,814099968.0,6500000.0,,71148337.0,0.30652002,Yahoo Finance / yfinance get_info,OK,PRET_SSI
2026-10-07,Neuronetics Inc.              R,NRC.F,EUR,Allemagne,147441632.0,FRA,Frankfurt,EQUITY,,Yahoo Finance / yfinance EquityQuery,2026-10-07,Détection mécanique 50-300 MEUR ; qualification SSI requise.,DETECTE,,2026-10-07,254,1.934999942779541,0.0,32.53423919326994,67.53246672822202,1.5370399940013886,True,Yahoo Finance / yfinance - historique quotidien 1 an,OK,OUI,2026-10-08,155096000.0,0.091,0.49382,-19263000.0,345625.0,19197000.0,86523000.0,,76197222.0,0.30879998,Yahoo Finance / yfinance get_info,OK,PRET_SSI
2026-10-07,Likewise Group PLC            R,7RL.F,EUR,Allemagne,147551040.0,FRA,Frankfurt,EQUITY,,Yahoo Finance / yfinance EquityQuery,2026-10-07,Détection mécanique 50-300 MEUR ; qualification SSI requise.,DETECTE,,2026-10-07,254,0.4040000140666961,0.0,23.17073259376328,71.18644560078577,0.300640000924468,True,Yahoo Finance / yfinance - historique quotidien 1 an,OK,OUI,2026-10-08,175060384.0,0.154,0.31518,9400195.0,-889973.0,3646591.0,36344100.0,,365225349.0,0.24744,Yahoo Finance / yfinance get_info,OK,PRET_SSI
2026-10-07,Vince Holding Corp.           R,VNC1.F,EUR,Allemagne,147570128.0,FRA,Frankfurt,EQUITY,,Yahoo Finance / yfinance EquityQuery,2026-10-07,Détection mécanique 50-300 MEUR ; qualification SSI requise.,DETECTE,,2026-10-07,254,11.399999618530272,0.0,103.57142522626988,387.1794887469993,4.251149987578392,True,Yahoo Finance / yfinance - historique quotidien 1 an,OK,OUI,2026-10-08,314656000.0,0.117,0.52523,16019000.0,13949750.0,1009000.0,114477000.0,,12944749.0,0.5774,Yahoo Finance / yfinance get_info,OK,PRET_SSI
2026-10-07,Asara Resources Ltd.          R,ALM1.F,EUR,Allemagne,147581280.0,FRA,Frankfurt,EQUITY,,Yahoo Finance / yfinance EquityQuery,2026-10-07,Détection mécanique 50-300 MEUR ; qualification SSI requise.,DETECTE,,2026-10-07,254,0.0705000013113021,0.0,12.800002098083496,-11.874996391124949,0.070892500244081,False,Yahoo Finance / yfinance - historique quotidien 1 an,OK,OUI,2026-10-08,519589.0,,1.0,-3963914.0,-16331151.0,59752784.0,0.0,,2093351479.0,0.442,Yahoo Finance / yfinance get_info,OK,PRET_SSI
2026-10-07,SB Financial Group Inc.       R,9KH.F,EUR,Allemagne,147665008.0,FRA,Frankfurt,EQUITY,,Yahoo Finance / yfinance EquityQuery,2026-10-07,Détection mécanique 50-300 MEUR ; qualification SSI requise.,DETECTE,,2026-10-07,254,23.600000381469727,0.0,14.563106526437664,26.203205447142675,19.671000032424928,True,Yahoo Finance / yfinance - historique quotidien 1 an,OK,OUI,2026-10-08,67589000.0,0.078,0.0,,,143203008.0,61923000.0,,6256992.0,0.05583,Yahoo Finance / yfinance get_info,OK,PRET_SSI
2026-10-07,EnSilica PLC,F0Z.SG,EUR,Allemagne,147724080.0,STU,Stuttgart,EQUITY,,Yahoo Finance / yfinance EquityQuery,2026-10-07,Détection mécanique 50-300 MEUR ; qualification SSI requise.,DETECTE,,2026-10-07,254,1.100000023841858,0.0,-6.779654852722472,113.59224357213078,0.7972550009191036,True,Yahoo Finance / yfinance - historique quotidien 1 an,OK,OUI,2026-10-08,27807000.0,0.692,0.34509,3172000.0,-2306000.0,7560000.0,6859000.0,,134235414.0,0.55669,Yahoo Finance / yfinance get_info,OK,PRET_SSI
2026-10-07,Foraco International SA       A,3F3.F,EUR,Allemagne,147755920.0,FRA,Frankfurt,EQUITY,,Yahoo Finance / yfinance EquityQuery,2026-10-07,Détection mécanique 50-300 MEUR ; qualification SSI requise.,DETECTE,,2026-10-07,254,1.5099999904632568,0.0,-6.790124319835577,-6.211181549896971,1.6994499999284745,False,Yahoo Finance / yfinance - historique quotidien 1 an,OK,OUI,2026-10-08,284888000.0,0.224,0.15535,39510000.0,628875.0,17292000.0,102971000.0,,97851601.0,0.28884,Yahoo Finance / yfinance get_info,OK,PRET_SSI
2026-10-07,Carnaby Resources Ltd.        R,1FI.F,EUR,Allemagne,148000256.0,FRA,Frankfurt,EQUITY,,Yahoo Finance / yfinance EquityQuery,2026-10-07,Détection mécanique 50-300 MEUR ; qualification SSI requise.,DETECTE,,2026-10-07,149,0.5360000133514404,0.0,72.90322878358265,114.40000534057616,,,Yahoo Finance / yfinance - historique quotidien 1 an,OK,OUI,2026-10-08,456243.0,-0.147,1.0,-9844871.0,-21470556.0,9406670.0,72964.0,,276119864.0,0.35917,Yahoo Finance / yfinance get_info,OK,PRET_SSI
2026-10-07,Sport Lisboa e Benfica SAD    A,M0W.F,EUR,Allemagne,148120000.0,FRA,Frankfurt,EQUITY,,Yahoo Finance / yfinance EquityQuery,2026-10-07,Détection mécanique 50-300 MEUR ; qualification SSI requise.,DETECTE,,2026-10-07,254,6.440000057220459,0.0,-5.294119462009894,9.15254157838108,6.655499997138977,False,Yahoo Finance / yfinance - historique quotidien 1 an,OK,OUI,2026-10-08,214412000.0,-0.139,0.58989,-64661000.0,33590000.0,8863000.0,193744992.0,,23000000.0,0.85321,Yahoo Finance / yfinance get_info,OK,PRET_SSI
2026-10-07,AFC Ajax N.V.                 A,AJXA.F,EUR,Allemagne,148133328.0,FRA,Frankfurt,EQUITY,,Yahoo Finance / yfinance EquityQuery,2026-10-07,Détection mécanique 50-300 MEUR ; qualification SSI requise.,DETECTE,,2026-10-07,254,8.079999923706055,0.0,-4.491727100797405,-3.3492792400721227,8.659799942970276,False,Yahoo Finance / yfinance - historique quotidien 1 an,OK,OUI,2026-10-08,188279008.0,0.161,0.91587996,-14483000.0,-20164124.0,40295000.0,103694000.0,,18333333.0,0.77163005,Yahoo Finance / yfinance get_info,OK,PRET_SSI
2026-10-07,EXACOMPTA CLAIREFONTAINE S.A. A,8KG.F,EUR,Allemagne,148223872.0,FRA,Frankfurt,EQUITY,,Yahoo Finance / yfinance EquityQuery,2026-10-07,Détection mécanique 50-300 MEUR ; qualification SSI requise.,DETECTE,,2026-10-07,254,131.0,0.0,-14.379084967320264,-12.080536912751684,149.765,False,Yahoo Finance / yfinance - historique quotidien 1 an,OK,OUI,2026-10-08,789400000.0,-0.033,0.52348,73653000.0,38511376.0,127546000.0,199960000.0,,1131480.0,0.8831,Yahoo Finance / yfinance get_info,OK,PRET_SSI
2026-10-07,TIN INN Holding AG            v,TIW.F,EUR,Allemagne,148370000.0,FRA,Frankfurt,EQUITY,,Yahoo Finance / yfinance EquityQuery,2026-10-07,Détection mécanique 50-300 MEUR ; qualification SSI requise.,DETECTE,,2026-10-07,254,7.400000095367432,0.0,-6.91823556092066,-25.25252140902592,10.19849988937378,False,Yahoo Finance / yfinance - historique quotidien 1 an,OK,OUI,2026-10-08,7306518.0,,0.29736,11453706.0,,603000.0,23591000.0,,20050000.0,0.7954,Yahoo Finance / yfinance get_info,OK,PRET_SSI
2026-10-07,Nippon Coke & Engineering Co. R,NJ2.F,EUR,Allemagne,148421600.0,FRA,Frankfurt,EQUITY,,Yahoo Finance / yfinance EquityQuery,2026-10-07,Détection mécanique 50-300 MEUR ; qualification SSI requise.,DETECTE,,2026-10-07,254,0.5099999904632568,0.0,3.238867007374391,-2.8571402621105912,0.5578500021994114,False,Yahoo Finance / yfinance - historique quotidien 1 an,OK,OUI,2026-10-08,87336001536.0,-0.167,0.087460004,7287249920.0,,5672000000.0,68082999296.0,,291022762.0,0.43762,Yahoo Finance / yfinance get_info,OK,PRET_SSI
2026-10-07,Angel Oak Mortgage REIT Inc.  R,57V.F,EUR,Allemagne,148575216.0,FRA,Frankfurt,EQUITY,,Yahoo Finance / yfinance EquityQuery,2026-10-07,Détection mécanique 50-300 MEUR ; qualification SSI requise.,DETECTE,,2026-10-07,254,6.400000095367432,0.0,-16.88311358571024,18.518518191469724,7.099500005245209,False,Yahoo Finance / yfinance - historique quotidien 1 an,OK,OUI,2026-10-08,36400000.0,0.194,0.69918,,,50570000.0,2493833984.0,,23214877.0,0.03648,Yahoo Finance / yfinance get_info,OK,PRET_SSI
2026-10-07,ROULARTA MEDIA GROUP N.V.     A,O94.F,EUR,Allemagne,148688704.0,FRA,Frankfurt,EQUITY,,Yahoo Finance / yfinance EquityQuery,2026-10-07,Détection mécanique 50-300 MEUR ; qualification SSI requise.,DETECTE,,2026-10-07,254,12.0,0.0,-4.000000000000004,-1.2345648003272758,12.485750036239624,False,Yahoo Finance / yfinance - historique quotidien 1 an,OK,OUI,2026-10-08,293958016.0,-0.052,0.14883,9838000.0,8703250.0,52527000.0,11267000.0,,12390726.0,0.82551,Yahoo Finance / yfinance get_info,OK,PRET_SSI
2026-10-07,Unisys Corp.                  R,USY1.F,EUR,Allemagne,149040192.0,FRA,Frankfurt,EQUITY,,Yahoo Finance / yfinance EquityQuery,2026-10-07,Détection mécanique 50-300 MEUR ; qualification SSI requise.,DETECTE,,2026-10-07,254,2.0439999103546143,0.0,-41.83267086348508,15.873006969756045,2.4617300033569336,False,Yahoo Finance / yfinance - historique quotidien 1 an,OK,OUI,2026-10-08,1945799936.0,-0.02,0.28641,93100000.0,151237504.0,324300000.0,758800000.0,,72915955.0,0.11137,Yahoo Finance / yfinance get_info,OK,PRET_SSI
2026-10-07,Eva Precision Indl. Hldg. Ltd.R,GZT.F,EUR,Allemagne,149087920.0,FRA,Frankfurt,EQUITY,,Yahoo Finance / yfinance EquityQuery,2026-10-07,Détection mécanique 50-300 MEUR ; qualification SSI requise.,DETECTE,,2026-10-07,254,0.0759999975562095,0.0,-11.627912819546516,-10.588239109639852,0.0866150000318884,False,Yahoo Finance / yfinance - historique quotidien 1 an,OK,OUI,2026-10-08,6042632192.0,0.005,0.21664,648376000.0,-116012624.0,1885700992.0,2463249920.0,,1730437800.0,0.44748002,Yahoo Finance / yfinance get_info,OK,PRET_SSI
2026-10-07,Organogenesis Holdings Inc.   R,2PQ.F,EUR,Allemagne,149262464.0,FRA,Frankfurt,EQUITY,,Yahoo Finance / yfinance EquityQuery,2026-10-07,Détection mécanique 50-300 MEUR ; qualification SSI requise.,DETECTE,,2026-10-07,254,1.159999966621399,0.0,-41.41414366429124,-44.76190384283083,2.2481999891996383,False,Yahoo Finance / yfinance - historique quotidien 1 an,OK,OUI,2026-10-08,457454016.0,-0.567,0.71487,-9701000.0,28450000.0,46097000.0,66950000.0,,128674548.0,0.4456,Yahoo Finance / yfinance get_info,OK,PRET_SSI
2026-10-07,Cue Biopharma Inc.            R,1UC0.F,EUR,Allemagne,149356352.0,FRA,Frankfurt,EQUITY,,Yahoo Finance / yfinance EquityQuery,2026-10-07,Détection mécanique 50-300 MEUR ; qualification SSI requise.,DETECTE,,2026-10-07,254,20.559999465942383,0.0,-41.42450039961945,115.51362209805352,18.178839840888976,True,Yahoo Finance / yfinance - historique quotidien 1 an,OK,OUI,2026-10-08,37655000.0,1.667,-0.9915,-97284000.0,-33425750.0,17414000.0,3077000.0,,7264414.0,0.09437,Yahoo Finance / yfinance get_info,OK,PRET_SSI
2026-10-07,INVICTA HOLDINGS LTD.         R,I5J.F,EUR,Allemagne,149851296.0,FRA,Frankfurt,EQUITY,,Yahoo Finance / yfinance EquityQuery,2026-10-07,Détection mécanique 50-300 MEUR ; qualification SSI requise.,DETECTE,,2026-10-07,254,1.7300000190734863,0.0,-7.978722156308359,-2.8089861303337904,1.8163999968767168,False,Yahoo Finance / yfinance - historique quotidien 1 an,OK,OUI,2026-10-08,8442745856.0,0.023,0.33056998,830894016.0,-150443504.0,756548992.0,2182220032.0,,86619244.0,0.21416001,Yahoo Finance / yfinance get_info,OK,PRET_SSI
2026-10-07,MINERALBR.UEBERKINGEN ST,MUT.F,EUR,Allemagne,149899616.0,FRA,Frankfurt,EQUITY,,Yahoo Finance / yfinance EquityQuery,2026-10-07,Détection mécanique 50-300 MEUR ; qualification SSI requise.,DETECTE,,2026-10-07,254,15.300000190734863,187.99999237060547,-20.31250217308592,-10.526316670059366,17.493000001907347,False,Yahoo Finance / yfinance - historique quotidien 1 an,OK,OUI,2026-10-08,163855552.0,0.019,0.68386,17827654.0,-2737173.0,633561.0,18754322.0,,7610000.0,0.9188,Yahoo Finance / yfinance get_info,OK,PRET_SSI
2026-10-07,Helius Minerals Ltd.          R,WU3.F,EUR,Allemagne,150007680.0,FRA,Frankfurt,EQUITY,,Yahoo Finance / yfinance EquityQuery,2026-10-07,Détection mécanique 50-300 MEUR ; qualification SSI requise.,DETECTE,,2026-10-07,187,2.7799999713897705,0.0,-8.552631372560093,-29.0816347631798,,,Yahoo Finance / yfinance - historique quotidien 1 an,OK,OUI,2026-10-08,4040.0,,0.34083998,-10102007.0,2218156.0,26258192.0,0.0,,53959601.0,0.2234,Yahoo Finance / yfinance get_info,OK,PRET_SSI
2026-10-07,Youzan Technology Ltd.        R,YSZ0.F,EUR,Allemagne,150227920.0,FRA,Frankfurt,EQUITY,,Yahoo Finance / yfinance EquityQuery,2026-10-07,Détection mécanique 50-300 MEUR ; qualification SSI requise.,DETECTE,,2026-10-07,254,0.0939999967813491,0.0,-53.00000230967995,-70.62500034924597,0.2153390016872435,False,Yahoo Finance / yfinance - historique quotidien 1 an,OK,OUI,2026-10-08,1542852992.0,0.078,0.6661,125838000.0,99798872.0,783275008.0,138179008.0,,1598169419.0,0.23559,Yahoo Finance / yfinance get_info,OK,PRET_SSI
2026-10-07,Aurum Resources Ltd.          R,6G0.F,EUR,Allemagne,150310912.0,FRA,Frankfurt,EQUITY,,Yahoo Finance / yfinance EquityQuery,2026-10-07,Détection mécanique 50-300 MEUR ; qualification SSI requise.,DETECTE,,2026-10-07,226,0.2939999997615814,0.0,2.7971979149212567,-20.96774387372019,0.3563399991393089,False,Yahoo Finance / yfinance - historique quotidien 1 an,OK,OUI,2026-10-08,11987639.0,,1.0,-13592478.0,-25294104.0,54757484.0,692801.0,,511261586.0,0.32033002,Yahoo Finance / yfinance get_info,OK,PRET_SSI
2026-10-07,Entech SE,0AS.SG,EUR,Allemagne,150393168.0,STU,Stuttgart,EQUITY,,Yahoo Finance / yfinance EquityQuery,2026-10-07,Détection mécanique 50-300 MEUR ; qualification SSI requise.,DETECTE,,2026-10-07,254,10.220000267028809,3217.1099224090576,-1.3513455047096,8.607868573339683,9.75684999227524,True,Yahoo Finance / yfinance - historique quotidien 1 an,OK,OUI,2026-10-08,120326536.0,1.607,0.20694,6255450.0,,18931000.0,38860000.0,,14715574.0,0.63562,Yahoo Finance / yfinance get_info,OK,PRET_SSI
2026-10-07,Springfield Properties PLC    R,9MZ.F,EUR,Allemagne,150590464.0,FRA,Frankfurt,EQUITY,,Yahoo Finance / yfinance EquityQuery,2026-10-07,Détection mécanique 50-300 MEUR ; qualification SSI requise.,DETECTE,,2026-10-07,254,1.2599999904632568,0.0,14.545451195772108,3.278685320900654,1.2182250025868415,True,Yahoo Finance / yfinance - historique quotidien 1 an,OK,OUI,2026-10-08,243699008.0,-0.224,0.16433,16461000.0,34085500.0,24154000.0,27893000.0,,119516248.0,0.43317002,Yahoo Finance / yfinance get_info,OK,PRET_SSI
2026-10-07,Medical Facilities Corp.      R,31F.F,EUR,Allemagne,150778576.0,FRA,Frankfurt,EQUITY,,Yahoo Finance / yfinance EquityQuery,2026-10-07,Détection mécanique 50-300 MEUR ; qualification SSI requise.,DETECTE,,2026-10-07,254,9.300000190734863,0.0,-14.67889434670595,-10.5769179629149,10.10549997329712,False,Yahoo Finance / yfinance - historique quotidien 1 an,OK,OUI,2026-10-08,265303008.0,0.078,0.42268002,55050000.0,25123624.0,64119000.0,54684000.0,,16212749.0,0.0,Yahoo Finance / yfinance get_info,OK,PRET_SSI
2026-10-07,Orogen Royalties Inc.         R,5EV0.F,EUR,Allemagne,150816544.0,FRA,Frankfurt,EQUITY,,Yahoo Finance / yfinance EquityQuery,2026-10-07,Détection mécanique 50-300 MEUR ; qualification SSI requise.,DETECTE,,2026-10-07,254,2.539999961853028,0.0,22.11538726056126,10.434783239671107,2.2368999946117403,True,Yahoo Finance / yfinance - historique quotidien 1 an,OK,OUI,2026-10-08,12056569.0,0.531,1.0,5799802.0,4553313.0,30230692.0,156916.0,,59376593.0,0.34367,Yahoo Finance / yfinance get_info,OK,PRET_SSI
2026-10-07,Mainstreet Bancshares Inc.    R,5L0.F,EUR,Allemagne,150966816.0,FRA,Frankfurt,EQUITY,,Yahoo Finance / yfinance EquityQuery,2026-10-07,Détection mécanique 50-300 MEUR ; qualification SSI requise.,DETECTE,,2026-10-07,254,21.200000762939453,0.0,7.614212903087125,15.217397839450795,18.82599992752075,True,Yahoo Finance / yfinance - historique quotidien 1 an,OK,OUI,2026-10-08,72222000.0,-0.088,0.0,,,118683000.0,79502000.0,,7121076.0,0.16344999,Yahoo Finance / yfinance get_info,OK,PRET_SSI
2026-10-07,D-Box Technologies Inc.       R,DB2.F,EUR,Allemagne,151086880.0,FRA,Frankfurt,EQUITY,,Yahoo Finance / yfinance EquityQuery,2026-10-07,Détection mécanique 50-300 MEUR ; qualification SSI requise.,DETECTE,,2026-10-07,254,0.6800000071525574,0.0,4.615389553047677,37.09677787619754,0.5705549991130829,True,Yahoo Finance / yfinance - historique quotidien 1 an,OK,OUI,2026-10-08,57952000.0,0.028,0.53477,15028000.0,6756250.0,17828000.0,3831000.0,,222186572.0,0.03263,Yahoo Finance / yfinance get_info,OK,PRET_SSI
2026-10-07,Silver X Mining Corp.         R,AGX.F,EUR,Allemagne,151258496.0,FRA,Frankfurt,EQUITY,,Yahoo Finance / yfinance EquityQuery,2026-10-07,Détection mécanique 50-300 MEUR ; qualification SSI requise.,DETECTE,,2026-10-07,254,0.5220000147819519,1990.0000095367432,27.31707788662572,15.614621580472289,0.5336874996125698,False,Yahoo Finance / yfinance - historique quotidien 1 an,OK,OUI,2026-10-08,45311776.0,2.212,0.44931,15285836.0,-4808642.0,49744736.0,43941876.0,,289767245.0,0.059710003,Yahoo Finance / yfinance get_info,OK,PRET_SSI
2026-10-07,Mayfield Group Holdings Ltd.  R,6NT.F,EUR,Allemagne,151353680.0,FRA,Frankfurt,EQUITY,,Yahoo Finance / yfinance EquityQuery,2026-10-07,Détection mécanique 50-300 MEUR ; qualification SSI requise.,DETECTE,,2026-10-07,172,1.2899999618530271,0.0,-9.154929518344924,1.5748016714081323,,,Yahoo Finance / yfinance - historique quotidien 1 an,OK,OUI,2026-10-08,168982336.0,0.353,0.49823,17396640.0,-3624602.0,21830936.0,6870066.0,,117328443.0,0.2509,Yahoo Finance / yfinance get_info,OK,PRET_SSI
2026-10-07,DAISHINKU CORP.               R,90G.F,EUR,Allemagne,151386720.0,FRA,Frankfurt,EQUITY,,Yahoo Finance / yfinance EquityQuery,2026-10-07,Détection mécanique 50-300 MEUR ; qualification SSI requise.,DETECTE,,2026-10-07,254,4.760000228881836,0.0,21.42857490406085,45.12195946346225,3.7782999992370607,True,Yahoo Finance / yfinance - historique quotidien 1 an,OK,OUI,2026-10-08,40750120960.0,0.128,0.0,5391745024.0,,15802857472.0,39151022080.0,,31803930.0,0.17506,Yahoo Finance / yfinance get_info,OK,PRET_SSI
2026-10-07,Duke Royalty Ltd.,B34.SG,EUR,Allemagne,151422704.0,STU,Stuttgart,EQUITY,,Yahoo Finance / yfinance EquityQuery,2026-10-07,Détection mécanique 50-300 MEUR ; qualification SSI requise.,DETECTE,,2026-10-07,254,0.3000000119209289,0.0,2.0408204640181005,3.4482829494228984,0.2917199999094009,True,Yahoo Finance / yfinance - historique quotidien 1 an,OK,OUI,2026-10-08,23796000.0,2.284,1.0,,7522000.0,78352000.0,99195000.0,,504742317.0,0.04652,Yahoo Finance / yfinance get_info,OK,PRET_SSI
2026-10-07,PetroNor E&P ASA              N,FQ00.F,EUR,Allemagne,151467680.0,FRA,Frankfurt,EQUITY,,Yahoo Finance / yfinance EquityQuery,2026-10-07,Détection mécanique 50-300 MEUR ; qualification SSI requise.,DETECTE,,2026-10-07,254,1.0640000104904177,0.0,16.923074706167117,-15.55555408383592,1.0572099989652637,True,Yahoo Finance / yfinance - historique quotidien 1 an,OK,OUI,2026-10-08,218492000.0,10.119,0.50054,124910000.0,112345504.0,85232000.0,0.0,,142356855.0,0.57513,Yahoo Finance / yfinance get_info,OK,PRET_SSI
2026-10-07,Real Matters Inc.             R,R3E.F,EUR,Allemagne,151551600.0,FRA,Frankfurt,EQUITY,,Yahoo Finance / yfinance EquityQuery,2026-10-07,Détection mécanique 50-300 MEUR ; qualification SSI requise.,DETECTE,,2026-10-07,254,2.039999961853028,0.0,-35.03185051914885,-42.37288181254157,3.309599999189377,False,Yahoo Finance / yfinance - historique quotidien 1 an,OK,OUI,2026-10-08,191248992.0,0.133,0.27218,-198000.0,-30500.0,40016000.0,1288000.0,,74290000.0,0.00227,Yahoo Finance / yfinance get_info,OK,PRET_SSI
2026-10-07,ProSafe SE                    N,1Q6.F,EUR,Allemagne,151591328.0,FRA,Frankfurt,EQUITY,,Yahoo Finance / yfinance EquityQuery,2026-10-07,Détection mécanique 50-300 MEUR ; qualification SSI requise.,DETECTE,,2026-10-07,254,0.4300000071525574,0.0,29.90936762623242,68.95874433507039,0.3277015000581741,True,Yahoo Finance / yfinance - historique quotidien 1 an,OK,OUI,2026-10-08,218700000.0,0.505,0.80887,56000000.0,-56775000.0,52300000.0,298800000.0,,352537966.0,0.20813999,Yahoo Finance / yfinance get_info,OK,PRET_SSI
2026-10-07,Major Cineplex Group PCL      R,MJG1.F,EUR,Allemagne,151861120.0,FRA,Frankfurt,EQUITY,,Yahoo Finance / yfinance EquityQuery,2026-10-07,Détection mécanique 50-300 MEUR ; qualification SSI requise.,DETECTE,,2026-10-07,254,0.1800000071525573,0.0,14.649682254103324,-23.07691915814297,0.1693350002914667,True,Yahoo Finance / yfinance - historique quotidien 1 an,OK,OUI,2026-10-08,7420741120.0,-0.209,0.35594,1286824960.0,894871104.0,1255488000.0,5436214784.0,,0.0,0.0,Yahoo Finance / yfinance get_info,OK,PRET_SSI
2026-10-07,Verkkokauppa.com OYJ          R,15V.F,EUR,Allemagne,151954672.0,FRA,Frankfurt,EQUITY,,Yahoo Finance / yfinance EquityQuery,2026-10-07,Détection mécanique 50-300 MEUR ; qualification SSI requise.,DETECTE,,2026-10-07,254,3.4600000381469727,0.0,12.887437962553427,6.625582747928149,3.271400009393692,True,Yahoo Finance / yfinance - historique quotidien 1 an,OK,OUI,2026-10-08,540473024.0,0.057,0.10073,17760000.0,14216000.0,27779000.0,39977000.0,,43917534.0,0.33244,Yahoo Finance / yfinance get_info,OK,PRET_SSI
2026-10-07,Jersey Electricity PLC        R,K46.F,EUR,Allemagne,151974400.0,FRA,Frankfurt,EQUITY,,Yahoo Finance / yfinance EquityQuery,2026-10-07,Détection mécanique 50-300 MEUR ; qualification SSI requise.,DETECTE,,2026-10-07,228,4.960000038146973,0.0,-1.782181172052466,0.4048579088026693,5.078850045204162,False,Yahoo Finance / yfinance - historique quotidien 1 an,OK,OUI,2026-10-08,147236000.0,0.013,0.37208,25404000.0,-9876750.0,32762000.0,34694000.0,,11640000.0,0.0034599998,Yahoo Finance / yfinance get_info,OK,PRET_SSI
2026-10-07,Productive Technologies Co.LtdR,SUT.F,EUR,Allemagne,151978304.0,FRA,Frankfurt,EQUITY,,Yahoo Finance / yfinance EquityQuery,2026-10-07,Détection mécanique 50-300 MEUR ; qualification SSI requise.,DETECTE,,2026-10-07,254,0.0205000005662441,0.0,-37.87878582628632,-53.40908936971475,0.0321649999637156,False,Yahoo Finance / yfinance - historique quotidien 1 an,OK,OUI,2026-10-08,216623008.0,0.19,-0.00285,-145432000.0,-160635632.0,233691008.0,415680992.0,,7413575552.0,0.60768,Yahoo Finance / yfinance get_info,OK,PRET_SSI
2026-10-07,Digital Grid Corp.            R,6PW.F,EUR,Allemagne,152225456.0,FRA,Frankfurt,EQUITY,,Yahoo Finance / yfinance EquityQuery,2026-10-07,Détection mécanique 50-300 MEUR ; qualification SSI requise.,DETECTE,,2026-10-07,254,3.640000104904175,0.0,-3.19148632615548,-10.78430948602096,3.969999998807907,False,Yahoo Finance / yfinance - historique quotidien 1 an,OK,OUI,2026-10-08,7113915904.0,,0.8144,3038510080.0,-6023387136.0,6295820800.0,9294399488.0,,41820180.0,0.45701,Yahoo Finance / yfinance get_info,OK,PRET_SSI
2026-10-07,Columbus A/S                  N,P1F.F,EUR,Allemagne,152312768.0,FRA,Frankfurt,EQUITY,,Yahoo Finance / yfinance EquityQuery,2026-10-07,Détection mécanique 50-300 MEUR ; qualification SSI requise.,DETECTE,,2026-10-07,254,1.2000000476837158,0.0,-5.882347441324487,-5.13833507875211,1.267374986410141,False,Yahoo Finance / yfinance - historique quotidien 1 an,OK,OUI,2026-10-08,1570418944.0,0.024,0.88857,52556000.0,-5064875.0,25210000.0,250738000.0,,126927296.0,0.69795,Yahoo Finance / yfinance get_info,OK,PRET_SSI
2026-10-07,RADCOM LTD.                   R,RAM.F,EUR,Allemagne,152319232.0,FRA,Frankfurt,EQUITY,,Yahoo Finance / yfinance EquityQuery,2026-10-07,Détection mécanique 50-300 MEUR ; qualification SSI requise.,DETECTE,,2026-10-07,254,9.100000381469728,0.0,-26.61289789177981,-8.542707980797315,10.416749954223633,False,Yahoo Finance / yfinance - historique quotidien 1 an,OK,OUI,2026-10-08,67590000.0,-0.334,0.76639,4222500.0,,109702000.0,2853000.0,,16738377.0,0.15344,Yahoo Finance / yfinance get_info,OK,PRET_SSI
2026-10-07,Northern Minerals Ltd.        R,NUN.F,EUR,Allemagne,152781024.0,FRA,Frankfurt,EQUITY,,Yahoo Finance / yfinance EquityQuery,2026-10-07,Détection mécanique 50-300 MEUR ; qualification SSI requise.,DETECTE,,2026-10-07,254,0.013600000180304,0.0,-17.575756036381406,3.030304954523233,0.0155670001078397,False,Yahoo Finance / yfinance - historique quotidien 1 an,OK,OUI,2026-10-08,17915.0,,1.0,-38525920.0,-22378020.0,33568956.0,559850.0,,9548507513.0,0.47444,Yahoo Finance / yfinance get_info,OK,PRET_SSI
2026-10-07,Perennial Energy Hldgs Ltd.   R,PEZ.F,EUR,Allemagne,152800000.0,FRA,Frankfurt,EQUITY,,Yahoo Finance / yfinance EquityQuery,2026-10-07,Détection mécanique 50-300 MEUR ; qualification SSI requise.,DETECTE,,2026-10-07,254,0.095499999821186,0.0,17.177912091377934,-9.047616378249955,0.1011675001680851,False,Yahoo Finance / yfinance - historique quotidien 1 an,OK,OUI,2026-10-08,1126550016.0,-0.134,0.24735,-23344000.0,-14194375.0,167800000.0,1072123008.0,,1600000000.0,0.54,Yahoo Finance / yfinance get_info,OK,PRET_SSI
2026-10-07,CuriosityStream Inc.          R,3QT1.F,EUR,Allemagne,153092112.0,FRA,Frankfurt,EQUITY,,Yahoo Finance / yfinance EquityQuery,2026-10-07,Détection mécanique 50-300 MEUR ; qualification SSI requise.,DETECTE,,2026-10-07,254,2.5799999237060547,0.0,13.157892810560856,-3.731348528365808,2.5724000096321107,True,Yahoo Finance / yfinance - historique quotidien 1 an,OK,OUI,2026-10-08,75962000.0,0.223,0.62956,15381000.0,30067124.0,6875000.0,3678000.0,,59338028.0,0.31662,Yahoo Finance / yfinance get_info,OK,PRET_SSI
2026-10-07,Tsukada Global Holdings Inc.  R,TVJ.F,EUR,Allemagne,153120800.0,FRA,Frankfurt,EQUITY,,Yahoo Finance / yfinance EquityQuery,2026-10-07,Détection mécanique 50-300 MEUR ; qualification SSI requise.,DETECTE,,2026-10-07,254,3.180000066757202,0.0,0.0,-6.470588895276331,3.2723000037670134,False,Yahoo Finance / yfinance - historique quotidien 1 an,OK,OUI,2026-10-08,76222996480.0,0.097,0.41903,14131999744.0,3768375040.0,25152000000.0,78352998400.0,,47043766.0,0.64216006,Yahoo Finance / yfinance get_info,OK,PRET_SSI
2026-10-07,Eurogroup Laminations S.p.A.  A,QK9.F,EUR,Allemagne,153271072.0,FRA,Frankfurt,EQUITY,,Yahoo Finance / yfinance EquityQuery,2026-10-07,Détection mécanique 50-300 MEUR ; qualification SSI requise.,DETECTE,,2026-10-07,254,0.9315000176429749,0.0,-4.948979641486584,-18.073874533739108,1.4880875024199485,False,Yahoo Finance / yfinance - historique quotidien 1 an,OK,OUI,2026-10-08,805326016.0,-0.084,0.23838,56662000.0,12073500.0,176964000.0,457262016.0,,88985519.0,0.4568,Yahoo Finance / yfinance get_info,OK,PRET_SSI
2026-10-07,PERSONAL GROUP HOLDINGS PLC   R,RLL.F,EUR,Allemagne,153436672.0,FRA,Frankfurt,EQUITY,,Yahoo Finance / yfinance EquityQuery,2026-10-07,Détection mécanique 50-300 MEUR ; qualification SSI requise.,DETECTE,,2026-10-07,142,4.860000133514404,0.0,6.578951633758101,30.64516387463772,,,Yahoo Finance / yfinance - historique quotidien 1 an,OK,OUI,2026-10-08,50626000.0,0.1,0.46446,8432000.0,9302250.0,31268000.0,430000.0,,31571331.0,0.42291,Yahoo Finance / yfinance get_info,OK,PRET_SSI
2026-10-07,HealWELL AI Inc.              R,6H90.F,EUR,Allemagne,153632640.0,FRA,Frankfurt,EQUITY,,Yahoo Finance / yfinance EquityQuery,2026-10-07,Détection mécanique 50-300 MEUR ; qualification SSI requise.,DETECTE,,2026-10-07,254,0.4595000147819519,57.53000020980835,1.9977809343467712,-10.603109715800652,0.4917339996993541,False,Yahoo Finance / yfinance - historique quotidien 1 an,OK,OUI,2026-10-08,128735000.0,-0.009,0.55586,-19037000.0,-7867000.0,39807000.0,84513000.0,,303547416.0,0.49537998,Yahoo Finance / yfinance get_info,OK,PRET_SSI
2026-10-07,Pedevco Corp.                 R,UD1.F,EUR,Allemagne,153655680.0,FRA,Frankfurt,EQUITY,,Yahoo Finance / yfinance EquityQuery,2026-10-07,Détection mécanique 50-300 MEUR ; qualification SSI requise.,DETECTE,,2026-10-07,142,11.5600004196167,0.0,17.004051474860216,-13.473048527818776,,,Yahoo Finance / yfinance - historique quotidien 1 an,OK,OUI,2026-10-08,116378000.0,5.614,0.60755,58125000.0,33489250.0,10805000.0,85125000.0,,13292013.0,0.36992002,Yahoo Finance / yfinance get_info,OK,PRET_SSI
2026-10-07,Fine Foods+Phar.N.T.M. S.p.A. A,9S5.F,EUR,Allemagne,153690848.0,FRA,Frankfurt,EQUITY,,Yahoo Finance / yfinance EquityQuery,2026-10-07,Détection mécanique 50-300 MEUR ; qualification SSI requise.,DETECTE,,2026-10-07,254,6.840000152587891,0.0,-22.27272722346724,-18.571423056985,8.812500021457673,False,Yahoo Finance / yfinance - historique quotidien 1 an,OK,OUI,2026-10-08,248655392.0,0.009,0.34387,27775684.0,-10137072.0,36341032.0,134317152.0,,18969422.0,0.53169996,Yahoo Finance / yfinance get_info,OK,PRET_SSI
2026-10-07,GDEV Inc.                     R,YI4.F,EUR,Allemagne,154018080.0,FRA,Frankfurt,EQUITY,,Yahoo Finance / yfinance EquityQuery,2026-10-07,Détection mécanique 50-300 MEUR ; qualification SSI requise.,DETECTE,,2026-10-07,254,8.5,0.0,-16.666665108375266,-29.166666666666664,11.705000028610227,False,Yahoo Finance / yfinance - historique quotidien 1 an,OK,OUI,2026-10-08,380392992.0,-0.22,0.64752,81586000.0,34490000.0,125685000.0,1737000.0,,18119774.0,0.86648005,Yahoo Finance / yfinance get_info,OK,PRET_SSI
2026-10-07,Barton Gold Holdings Ltd.     R,BGD3.F,EUR,Allemagne,154490656.0,FRA,Frankfurt,EQUITY,,Yahoo Finance / yfinance EquityQuery,2026-10-07,Détection mécanique 50-300 MEUR ; qualification SSI requise.,DETECTE,,2026-10-07,253,0.5699999928474426,0.0,30.13698658099384,6.54204951508004,0.5694350001215934,True,Yahoo Finance / yfinance - historique quotidien 1 an,OK,OUI,2026-10-08,1308000.0,-0.69,0.69725,-21846000.0,-9568000.0,31864000.0,73000.0,,271036269.0,0.33029997,Yahoo Finance / yfinance get_info,OK,PRET_SSI
2026-10-07,Happy Belly Food Group Inc.   R,W3J.F,EUR,Allemagne,154755968.0,FRA,Frankfurt,EQUITY,,Yahoo Finance / yfinance EquityQuery,2026-10-07,Détection mécanique 50-300 MEUR ; qualification SSI requise.,DETECTE,,2026-10-07,254,0.9300000071525574,0.0,-7.920790501592567,-2.617798596338672,1.0071499970555309,False,Yahoo Finance / yfinance - historique quotidien 1 an,OK,OUI,2026-10-08,27840956.0,0.564,0.48652,-13887861.0,4237491.0,12050842.0,6752758.0,,166404266.0,0.100200005,Yahoo Finance / yfinance get_info,OK,PRET_SSI
2026-10-07,HIROSHIMA GAS CO. LTD.        R,6I6.F,EUR,Allemagne,154792528.0,FRA,Frankfurt,EQUITY,,Yahoo Finance / yfinance EquityQuery,2026-10-07,Détection mécanique 50-300 MEUR ; qualification SSI requise.,DETECTE,,2026-10-07,152,2.252000093460083,0.0,4.452699399386417,12.123474346708196,,,Yahoo Finance / yfinance - historique quotidien 1 an,OK,OUI,2026-10-08,89275998208.0,0.041,0.29418,8990249984.0,,14979000320.0,35619000320.0,,68735573.0,0.22853,Yahoo Finance / yfinance get_info,OK,PRET_SSI
2026-10-07,Deezer S.A.                   A,L0A.F,EUR,Allemagne,155563696.0,FRA,Frankfurt,EQUITY,,Yahoo Finance / yfinance EquityQuery,2026-10-07,Détection mécanique 50-300 MEUR ; qualification SSI requise.,DETECTE,,2026-10-07,254,1.25,0.0,29.399583174732125,3.3057818671050843,1.0965399959683415,True,Yahoo Finance / yfinance - historique quotidien 1 an,OK,OUI,2026-10-08,535108992.0,0.004,0.25355,13650000.0,37927248.0,99888000.0,23871000.0,,124450952.0,0.22659001,Yahoo Finance / yfinance get_info,OK,PRET_SSI
2026-10-07,Better Home & Finance Hldg.Co.R,V6L.F,EUR,Allemagne,155601040.0,FRA,Frankfurt,EQUITY,,Yahoo Finance / yfinance EquityQuery,2026-10-07,Détection mécanique 50-300 MEUR ; qualification SSI requise.,DETECTE,,2026-10-07,254,8.1850004196167,0.0,-61.78804672986325,-71.44103118215553,21.9078749871254,False,Yahoo Finance / yfinance - historique quotidien 1 an,OK,OUI,2026-10-08,193058000.0,0.282,1.0,,,105808000.0,662014016.0,,13256037.0,0.34347,Yahoo Finance / yfinance get_info,OK,PRET_SSI
2026-10-07,TPG Mortgage Investment Trust R,8AGA.F,EUR,Allemagne,155837040.0,FRA,Frankfurt,EQUITY,,Yahoo Finance / yfinance EquityQuery,2026-10-07,Détection mécanique 50-300 MEUR ; qualification SSI requise.,DETECTE,,2026-10-07,254,4.900000095367432,0.0,-26.31578909629034,-25.757573239840493,6.511199996471405,False,Yahoo Finance / yfinance - historique quotidien 1 an,OK,OUI,2026-10-08,81897000.0,0.537,0.87797,,,61787000.0,7343110144.0,,31803475.0,0.03638,Yahoo Finance / yfinance get_info,OK,PRET_SSI
2026-10-07,Soho China Ltd.               R,45S.F,EUR,Allemagne,155985712.0,FRA,Frankfurt,EQUITY,,Yahoo Finance / yfinance EquityQuery,2026-10-07,Détection mécanique 50-300 MEUR ; qualification SSI requise.,DETECTE,,2026-10-07,254,0.0299999993294477,0.0,-21.052630804995065,-34.78261028013292,0.0443950000498443,False,Yahoo Finance / yfinance - historique quotidien 1 an,OK,OUI,2026-10-08,1320526976.0,-0.075,0.82102996,740348992.0,66937752.0,487814016.0,14888733696.0,,5199524031.0,0.63931,Yahoo Finance / yfinance get_info,OK,PRET_SSI
2026-10-07,Southern Cross Media Group LtdR,6MM.F,EUR,Allemagne,156082000.0,FRA,Frankfurt,EQUITY,,Yahoo Finance / yfinance EquityQuery,2026-10-07,Détection mécanique 50-300 MEUR ; qualification SSI requise.,DETECTE,,2026-10-07,254,0.3260000050067901,0.0,0.0,0.0,0.341230000257492,False,Yahoo Finance / yfinance - historique quotidien 1 an,OK,OUI,2026-10-08,1108274944.0,2.99,0.07448,164796000.0,-18889876.0,142238000.0,790588992.0,,478779139.0,0.46758,Yahoo Finance / yfinance get_info,OK,PRET_SSI
2026-10-07,Niagen Bioscience Inc.        R,OCD1.F,EUR,Allemagne,156102880.0,FRA,Frankfurt,EQUITY,,Yahoo Finance / yfinance EquityQuery,2026-10-07,Détection mécanique 50-300 MEUR ; qualification SSI requise.,DETECTE,,2026-10-07,254,1.9600000381469729,0.0,-25.75757726274349,-46.4480876452733,3.3967000007629395,False,Yahoo Finance / yfinance - historique quotidien 1 an,OK,OUI,2026-10-08,129084000.0,-0.043,0.64239,9591000.0,1641375.0,66588000.0,2329000.0,,79644327.0,0.29455,Yahoo Finance / yfinance get_info,OK,PRET_SSI
2026-10-07,Premia Real Estate Inv.Co.SA  N,3FDA.F,EUR,Allemagne,156362064.0,FRA,Frankfurt,EQUITY,,Yahoo Finance / yfinance EquityQuery,2026-10-07,Détection mécanique 50-300 MEUR ; qualification SSI requise.,DETECTE,,2026-10-07,254,1.24399995803833,0.0,-3.1152710159054298,-1.8927483052867176,1.2954200059175491,False,Yahoo Finance / yfinance - historique quotidien 1 an,OK,OUI,2026-10-08,41269704.0,0.21,0.83059996,25690238.0,-15606351.0,10995615.0,486168672.0,,125692977.0,0.76129997,Yahoo Finance / yfinance get_info,OK,PRET_SSI
2026-10-07,NRC Group ASA                 N,8NR.F,EUR,Allemagne,156545712.0,FRA,Frankfurt,EQUITY,,Yahoo Finance / yfinance EquityQuery,2026-10-07,Détection mécanique 50-300 MEUR ; qualification SSI requise.,DETECTE,,2026-10-07,254,0.9070000052452089,0.0,24.24657281466516,11.837240071196309,0.7619049987196922,True,Yahoo Finance / yfinance - historique quotidien 1 an,OK,OUI,2026-10-08,6367000064.0,-0.033,0.22129999,173000000.0,183950000.0,78000000.0,859000000.0,,172597243.0,0.32248002,Yahoo Finance / yfinance get_info,OK,PRET_SSI
2026-10-07,Toro Corp.                    R,D0Y.F,EUR,Allemagne,156899344.0,FRA,Frankfurt,EQUITY,,Yahoo Finance / yfinance EquityQuery,2026-10-07,Détection mécanique 50-300 MEUR ; qualification SSI requise.,DETECTE,,2026-10-07,254,4.539999961853027,0.0,9.134618470654798,40.99378638243421,4.154199987649918,True,Yahoo Finance / yfinance - historique quotidien 1 an,OK,OUI,2026-10-08,21505948.0,0.077,0.53362,67316.0,-49836168.0,81639616.0,0.0,,34559330.0,0.74391997,Yahoo Finance / yfinance get_info,OK,PRET_SSI
2026-10-07,Beta Systems Software AG      I,SPT6.F,EUR,Allemagne,156996096.0,FRA,Frankfurt,EQUITY,,Yahoo Finance / yfinance EquityQuery,2026-10-07,Détection mécanique 50-300 MEUR ; qualification SSI requise.,DETECTE,,2026-10-07,254,25.0,0.0,-10.071939978069611,5.932201677545423,23.993999996185305,True,Yahoo Finance / yfinance - historique quotidien 1 an,OK,OUI,2026-10-08,65188028.0,0.198,1.0,,,22375000.0,10042000.0,,6279843.0,0.0,Yahoo Finance / yfinance get_info,OK,PRET_SSI
2026-10-07,Petrus Resources Ltd.         R,6P4.F,EUR,Allemagne,157199472.0,FRA,Frankfurt,EQUITY,,Yahoo Finance / yfinance EquityQuery,2026-10-07,Détection mécanique 50-300 MEUR ; qualification SSI requise.,DETECTE,,2026-10-07,254,1.0499999523162842,0.0,4.999995231628418,-12.500007450580297,1.083550001680851,False,Yahoo Finance / yfinance - historique quotidien 1 an,OK,OUI,2026-10-08,96840000.0,0.673,0.70752,49818000.0,-30344750.0,1139000.0,81229000.0,,149713784.0,0.7108,Yahoo Finance / yfinance get_info,OK,PRET_SSI
2026-10-07,Berkeley Energia Ltd.         R,B5R.F,EUR,Allemagne,157541472.0,FRA,Frankfurt,EQUITY,,Yahoo Finance / yfinance EquityQuery,2026-10-07,Détection mécanique 50-300 MEUR ; qualification SSI requise.,DETECTE,,2026-10-07,254,0.3529999852180481,0.0,41.19999408721924,60.09069096445651,0.2717200004309416,True,Yahoo Finance / yfinance - historique quotidien 1 an,OK,OUI,2026-10-08,2113000.0,-0.301,1.0,,-4085375.0,62443000.0,0.0,,446293143.0,0.04196,Yahoo Finance / yfinance get_info,OK,PRET_SSI
2026-10-07,Red Hill Minerals Ltd.        R,R4I.F,EUR,Allemagne,158003392.0,FRA,Frankfurt,EQUITY,,Yahoo Finance / yfinance EquityQuery,2026-10-07,Détection mécanique 50-300 MEUR ; qualification SSI requise.,DETECTE,,2026-10-07,128,2.4600000381469727,0.0,-10.869563527278505,-14.583335402938967,,,Yahoo Finance / yfinance - historique quotidien 1 an,OK,OUI,2026-10-08,28758404.0,0.712,1.0,26323472.0,1950039.0,62773048.0,512047.0,,64229019.0,0.83202004,Yahoo Finance / yfinance get_info,OK,PRET_SSI
2026-10-07,BioVersys AG                  N,W33.F,EUR,Allemagne,158073760.0,FRA,Frankfurt,EQUITY,,Yahoo Finance / yfinance EquityQuery,2026-10-07,Détection mécanique 50-300 MEUR ; qualification SSI requise.,DETECTE,,2026-10-07,254,27.0,0.0,-4.255321739269236,-8.163264114526037,27.579000062942505,False,Yahoo Finance / yfinance - historique quotidien 1 an,OK,OUI,2026-10-08,4623000.0,2.549,1.0,-25040000.0,-16667375.0,69313000.0,22176000.0,,5854584.0,0.33715,Yahoo Finance / yfinance get_info,OK,PRET_SSI
2026-10-07,DIGITAL BROS S.P.A.           A,DB7.F,EUR,Allemagne,158137408.0,FRA,Frankfurt,EQUITY,,Yahoo Finance / yfinance EquityQuery,2026-10-07,Détection mécanique 50-300 MEUR ; qualification SSI requise.,DETECTE,,2026-10-07,254,11.020000457763672,0.0,0.3643070782787694,19.52277807595901,11.104350061416628,False,Yahoo Finance / yfinance - historique quotidien 1 an,OK,OUI,2026-10-08,108455000.0,-0.296,0.79564005,54220000.0,9743375.0,9448000.0,9162000.0,,14350037.0,0.68897,Yahoo Finance / yfinance get_info,OK,PRET_SSI
2026-10-07,msg life ag                   I,MSGL.HM,EUR,Allemagne,158369072.0,HAM,Hamburg,EQUITY,,Yahoo Finance / yfinance EquityQuery,2026-10-07,Détection mécanique 50-300 MEUR ; qualification SSI requise.,DETECTE,,2026-10-07,254,3.700000047683716,9435.520171165466,0.0,-3.141358315606413,3.7602000153064727,False,Yahoo Finance / yfinance - historique quotidien 1 an,OK,OUI,2026-10-08,180232928.0,0.149,0.20477,15488661.0,5999353.0,22038736.0,0.0,,42802453.0,0.0,Yahoo Finance / yfinance get_info,OK,PRET_SSI
2026-10-07,Mobico Group PLC              R,3NA.F,EUR,Allemagne,159010896.0,FRA,Frankfurt,EQUITY,,Yahoo Finance / yfinance EquityQuery,2026-10-07,Détection mécanique 50-300 MEUR ; qualification SSI requise.,DETECTE,,2026-10-07,254,0.2610000073909759,0.0,-11.824322963736211,18.636367638741657,0.2602100016921758,True,Yahoo Finance / yfinance - historique quotidien 1 an,OK,OUI,2026-10-08,2686400000.0,-0.196,0.46060002,183040000.0,,406800000.0,1508499968.0,,609237143.0,0.34092,Yahoo Finance / yfinance get_info,OK,PRET_SSI
2026-10-07,INTEST CORP.                  R,IN9.F,EUR,Allemagne,159039744.0,FRA,Frankfurt,EQUITY,,Yahoo Finance / yfinance EquityQuery,2026-10-07,Détection mécanique 50-300 MEUR ; qualification SSI requise.,DETECTE,,2026-10-07,254,12.399999618530272,0.0,-3.125004423782163,-0.8000030517578138,11.172000014781952,True,Yahoo Finance / yfinance - historique quotidien 1 an,OK,OUI,2026-10-08,128257000.0,0.255,0.42763,6256000.0,7555375.0,22102000.0,14786000.0,,12825786.0,0.09671,Yahoo Finance / yfinance get_info,OK,PRET_SSI
2026-10-07,Brickability Group PLC        R,71T.F,EUR,Allemagne,159049168.0,FRA,Frankfurt,EQUITY,,Yahoo Finance / yfinance EquityQuery,2026-10-07,Détection mécanique 50-300 MEUR ; qualification SSI requise.,DETECTE,,2026-10-07,254,0.492000013589859,0.0,-4.466014125028095,-27.111110385062776,0.5312799972295761,False,Yahoo Finance / yfinance - historique quotidien 1 an,OK,OUI,2026-10-08,645358976.0,-0.025,0.18855,44568000.0,25213000.0,33246000.0,114944000.0,,323270660.0,0.24099001,Yahoo Finance / yfinance get_info,OK,PRET_SSI
2026-10-07,FAR EAST CONSORTIUM INTL LTD. R,FET.F,EUR,Allemagne,159070112.0,FRA,Frankfurt,EQUITY,,Yahoo Finance / yfinance EquityQuery,2026-10-07,Détection mécanique 50-300 MEUR ; qualification SSI requise.,DETECTE,,2026-10-07,254,0.0520000010728836,0.0,-5.454542991543587,-18.110237144346254,0.0627225003577768,False,Yahoo Finance / yfinance - historique quotidien 1 an,OK,OUI,2026-10-08,6605712896.0,-0.352,0.4065,894643968.0,734069120.0,3263599104.0,24065118208.0,,3059040482.0,0.62276,Yahoo Finance / yfinance get_info,OK,PRET_SSI
2026-10-07,Median Technologies           A,4ZG.F,EUR,Allemagne,159258080.0,FRA,Frankfurt,EQUITY,,Yahoo Finance / yfinance EquityQuery,2026-10-07,Détection mécanique 50-300 MEUR ; qualification SSI requise.,DETECTE,,2026-10-07,254,3.25,0.0,-27.455357451714114,-22.80285105578088,4.485375008583069,False,Yahoo Finance / yfinance - historique quotidien 1 an,OK,OUI,2026-10-08,23469000.0,0.007,0.17666,-14102000.0,8316375.0,18409000.0,25323000.0,,49002485.0,0.26543,Yahoo Finance / yfinance get_info,OK,PRET_SSI
2026-10-07,Denarius Metals Corp.         R,T7C0.F,EUR,Allemagne,159290032.0,FRA,Frankfurt,EQUITY,,Yahoo Finance / yfinance EquityQuery,2026-10-07,Détection mécanique 50-300 MEUR ; qualification SSI requise.,DETECTE,,2026-10-07,254,0.3160000145435333,0.0,-15.05376154569581,-38.6407721706716,0.4443849982321262,False,Yahoo Finance / yfinance - historique quotidien 1 an,OK,OUI,2026-10-08,10054000.0,99.408,0.38582,-3896000.0,-12144250.0,18947000.0,53608000.0,,504082353.0,0.46006,Yahoo Finance / yfinance get_info,OK,PRET_SSI
2026-10-07,M & C Saatchi PLC             R,IZH.F,EUR,Allemagne,159299888.0,FRA,Frankfurt,EQUITY,,Yahoo Finance / yfinance EquityQuery,2026-10-07,Détection mécanique 50-300 MEUR ; qualification SSI requise.,DETECTE,,2026-10-07,254,1.340000033378601,0.0,-16.24999916180969,5.511815236486828,1.493449999690056,False,Yahoo Finance / yfinance - historique quotidien 1 an,OK,OUI,2026-10-08,359337984.0,0.079,0.17337999,24243000.0,14334000.0,19751000.0,51798000.0,,118880511.0,0.26124,Yahoo Finance / yfinance get_info,OK,PRET_SSI
2026-10-07,TerrAscend Corp.              R,TED.F,EUR,Allemagne,159315440.0,FRA,Frankfurt,EQUITY,,Yahoo Finance / yfinance EquityQuery,2026-10-07,Détection mécanique 50-300 MEUR ; qualification SSI requise.,DETECTE,,2026-10-07,254,0.4275000095367431,0.0,-9.33191917155234,-16.5039083532064,0.529777499884367,False,Yahoo Finance / yfinance - historique quotidien 1 an,OK,OUI,2026-10-08,263907008.0,0.033,0.52769,60833000.0,20936000.0,42117000.0,243612992.0,,309175647.0,0.0546,Yahoo Finance / yfinance get_info,OK,PRET_SSI
2026-10-07,Thessal.Water Suppl.+Sewer.Co.N,T9W.F,EUR,Allemagne,160253472.0,FRA,Frankfurt,EQUITY,,Yahoo Finance / yfinance EquityQuery,2026-10-07,Détection mécanique 50-300 MEUR ; qualification SSI requise.,DETECTE,,2026-10-07,254,4.199999809265137,0.0,-14.285719846497368,14.754090458221604,4.060950008630752,True,Yahoo Finance / yfinance - historique quotidien 1 an,OK,OUI,2026-10-08,93533000.0,0.145,0.27715,15548000.0,-17423376.0,45248000.0,828000.0,,36300000.0,0.79482,Yahoo Finance / yfinance get_info,OK,PRET_SSI
2026-10-07,Baoye Group Co. Ltd.          R,BKG.F,EUR,Allemagne,160353440.0,FRA,Frankfurt,EQUITY,,Yahoo Finance / yfinance EquityQuery,2026-10-07,Détection mécanique 50-300 MEUR ; qualification SSI requise.,DETECTE,,2026-10-07,254,0.3079999983310699,0.0,-18.08510402199792,-24.87804853228286,0.3954299995303154,False,Yahoo Finance / yfinance - historique quotidien 1 an,OK,OUI,2026-10-08,18976473088.0,-0.114,0.07052,729721024.0,777559360.0,10987225088.0,5454636032.0,,169886000.0,0.17249,Yahoo Finance / yfinance get_info,OK,PRET_SSI
2026-10-07,China Aerospace Intl. Ltd.    R,CIOC.F,EUR,Allemagne,160421152.0,FRA,Frankfurt,EQUITY,,Yahoo Finance / yfinance EquityQuery,2026-10-07,Détection mécanique 50-300 MEUR ; qualification SSI requise.,DETECTE,,2026-10-07,254,0.0520000010728836,0.0,-13.333329608042954,-3.703704214717452,0.0619650001265108,False,Yahoo Finance / yfinance - historique quotidien 1 an,OK,OUI,2026-10-08,4109285888.0,0.039,0.13664,168876992.0,-674156992.0,1364120960.0,2076817024.0,,3085021882.0,0.38366002,Yahoo Finance / yfinance get_info,OK,PRET_SSI
2026-10-07,Binhai Investment Co. Ltd.    R,WS7A.F,EUR,Allemagne,160945056.0,FRA,Frankfurt,EQUITY,,Yahoo Finance / yfinance EquityQuery,2026-10-07,Détection mécanique 50-300 MEUR ; qualification SSI requise.,DETECTE,,2026-10-07,254,0.1180000007152557,0.0,13.461536808303157,6.306305580659322,0.1104749997705221,True,Yahoo Finance / yfinance - historique quotidien 1 an,OK,OUI,2026-10-08,5827497984.0,0.081,0.090629995,534643008.0,32840020.0,226210000.0,3295962880.0,,1363941112.0,0.33997002,Yahoo Finance / yfinance get_info,OK,PRET_SSI
2026-10-07,Icelandic Salmon AS           N,I6X.MU,EUR,Allemagne,161001712.0,MUN,Munich,EQUITY,,Yahoo Finance / yfinance EquityQuery,2026-10-07,Détection mécanique 50-300 MEUR ; qualification SSI requise.,DETECTE,,2026-10-07,254,5.199999809265137,0.0,-1.8867995824706,-21.21212296358922,6.189850001335144,False,Yahoo Finance / yfinance - historique quotidien 1 an,OK,OUI,2026-10-08,117432000.0,0.884,0.36283,3893000.0,-5795125.0,10385000.0,134113000.0,,30961868.0,0.61546004,Yahoo Finance / yfinance get_info,OK,PRET_SSI
2026-10-07,Merafe Resources Ltd.         R,RZT.F,EUR,Allemagne,161193664.0,FRA,Frankfurt,EQUITY,,Yahoo Finance / yfinance EquityQuery,2026-10-07,Détection mécanique 50-300 MEUR ; qualification SSI requise.,DETECTE,,2026-10-07,254,0.0644999966025352,0.0,12.173905099948248,17.272721730973075,0.0623749997839331,True,Yahoo Finance / yfinance - historique quotidien 1 an,OK,OUI,2026-10-08,6748550144.0,0.363,1.0,918406976.0,612918656.0,1591352960.0,4074000.0,,2499126870.0,0.28959,Yahoo Finance / yfinance get_info,OK,PRET_SSI
2026-10-07,Maxim Power Corp.             R,MP9.F,EUR,Allemagne,161194864.0,FRA,Frankfurt,EQUITY,,Yahoo Finance / yfinance EquityQuery,2026-10-07,Détection mécanique 50-300 MEUR ; qualification SSI requise.,DETECTE,,2026-10-07,254,2.539999961853028,0.0,-1.5503861641813277,-3.0534323358943016,2.6016999995708465,False,Yahoo Finance / yfinance - historique quotidien 1 an,OK,OUI,2026-10-08,76158000.0,-0.284,0.2658,11772000.0,-10786250.0,34772000.0,264000.0,,63462546.0,0.77468,Yahoo Finance / yfinance get_info,OK,PRET_SSI
2026-10-07,Olympia Financial Group Inc.  R,H1B.F,EUR,Allemagne,161224512.0,FRA,Frankfurt,EQUITY,,Yahoo Finance / yfinance EquityQuery,2026-10-07,Détection mécanique 50-300 MEUR ; qualification SSI requise.,DETECTE,,2026-10-07,254,67.0,0.0,-1.4705882352941124,-12.418300653594772,69.88,False,Yahoo Finance / yfinance - historique quotidien 1 an,OK,OUI,2026-10-08,94279536.0,-0.11,0.96653,23519252.0,12590611.0,29501432.0,10100522.0,,2406336.0,0.34589002,Yahoo Finance / yfinance get_info,OK,PRET_SSI
2026-10-07,Draganfly Inc.                R,3U8.F,EUR,Allemagne,161268144.0,FRA,Frankfurt,EQUITY,,Yahoo Finance / yfinance EquityQuery,2026-10-07,Détection mécanique 50-300 MEUR ; qualification SSI requise.,DETECTE,,2026-10-07,254,4.119999885559082,0.0,-3.9627057763542575,-6.997741643159383,5.093049994707108,False,Yahoo Finance / yfinance - historique quotidien 1 an,OK,OUI,2026-10-08,9044783.0,0.26,0.19545999,-35520408.0,-25860984.0,136897280.0,226270.0,,39142756.0,0.0017200001,Yahoo Finance / yfinance get_info,OK,PRET_SSI
2026-10-07,Smart Parking Ltd.            R,E8Q.F,EUR,Allemagne,161380512.0,FRA,Frankfurt,EQUITY,,Yahoo Finance / yfinance EquityQuery,2026-10-07,Détection mécanique 50-300 MEUR ; qualification SSI requise.,DETECTE,,2026-10-07,254,0.3840000033378601,0.0,-12.727271495771795,-30.81081110106961,0.5460999993979931,False,Yahoo Finance / yfinance - historique quotidien 1 an,OK,OUI,2026-10-08,126316688.0,0.402,0.70882004,52692304.0,24635252.0,27311746.0,8962576.0,,420261729.0,0.36263,Yahoo Finance / yfinance get_info,OK,PRET_SSI
2026-10-07,Wallix Group S.A.,3WG.SG,EUR,Allemagne,161774816.0,STU,Stuttgart,EQUITY,,Yahoo Finance / yfinance EquityQuery,2026-10-07,Détection mécanique 50-300 MEUR ; qualification SSI requise.,DETECTE,,2026-10-07,254,22.799999237060547,2307.199960708618,-3.3898353028728123,-5.785130089842427,23.69925006866455,False,Yahoo Finance / yfinance - historique quotidien 1 an,OK,OUI,2026-10-08,45837000.0,0.134,0.99208,-162000.0,293875.0,12091000.0,8204000.0,,7095387.0,0.20823999,Yahoo Finance / yfinance get_info,OK,PRET_SSI
2026-10-07,Eurocell PLC                  R,6YQ.F,EUR,Allemagne,162229808.0,FRA,Frankfurt,EQUITY,,Yahoo Finance / yfinance EquityQuery,2026-10-07,Détection mécanique 50-300 MEUR ; qualification SSI requise.,DETECTE,,2026-10-07,254,1.6399999856948853,0.0,40.17094408972037,38.98305581308468,1.2692999994754792,True,Yahoo Finance / yfinance - historique quotidien 1 an,OK,OUI,2026-10-08,415500000.0,0.062,0.50373,24300000.0,29162500.0,7600000.0,101200000.0,,98920613.0,0.02774,Yahoo Finance / yfinance get_info,OK,PRET_SSI
2026-10-07,CNNC International Ltd.       R,U7MA.F,EUR,Allemagne,162403872.0,FRA,Frankfurt,EQUITY,,Yahoo Finance / yfinance EquityQuery,2026-10-07,Détection mécanique 50-300 MEUR ; qualification SSI requise.,DETECTE,,2026-10-07,254,0.3319999873638153,0.0,-19.417478888454387,-50.81481755548376,0.5564900007843971,False,Yahoo Finance / yfinance - historique quotidien 1 an,OK,OUI,2026-10-08,2039947008.0,-0.76,0.12753001,208468000.0,-110215000.0,733704000.0,1287000.0,,489168308.0,0.6672,Yahoo Finance / yfinance get_info,OK,PRET_SSI
2026-10-07,Kongsberg Automotive ASA      N,K3A.F,EUR,Allemagne,162563056.0,FRA,Frankfurt,EQUITY,,Yahoo Finance / yfinance EquityQuery,2026-10-07,Détection mécanique 50-300 MEUR ; qualification SSI requise.,DETECTE,,2026-10-07,254,0.1741999983787536,0.0,5.066340722499585,4.186602465714406,0.1722039999067783,True,Yahoo Finance / yfinance - historique quotidien 1 an,OK,OUI,2026-10-08,703699968.0,0.006,0.57084,48800000.0,24512500.0,90400000.0,196200000.0,,933197817.0,0.19783,Yahoo Finance / yfinance get_info,OK,PRET_SSI
2026-10-07,STONERIDGE INC.               R,2GX.F,EUR,Allemagne,162580384.0,FRA,Frankfurt,EQUITY,,Yahoo Finance / yfinance EquityQuery,2026-10-07,Détection mécanique 50-300 MEUR ; qualification SSI requise.,DETECTE,,2026-10-07,254,5.699999809265137,0.0,-6.557378715098938,22.317596478690493,5.788949987888336,False,Yahoo Finance / yfinance - historique quotidien 1 an,OK,OUI,2026-10-08,896896000.0,0.151,0.19253999,13720000.0,70398376.0,71514000.0,156864992.0,,28522874.0,0.03793,Yahoo Finance / yfinance get_info,OK,PRET_SSI
2026-10-07,BRIQ Propert.Real Est.Inv.Co. N,BRW.F,EUR,Allemagne,162655776.0,FRA,Frankfurt,EQUITY,,Yahoo Finance / yfinance EquityQuery,2026-10-07,Détection mécanique 50-300 MEUR ; qualification SSI requise.,DETECTE,,2026-10-07,254,3.4100000858306885,0.0,10.000006152737706,15.593221380052393,3.0272500097751616,True,Yahoo Finance / yfinance - historique quotidien 1 an,OK,OUI,2026-10-08,21381000.0,-0.029,0.92662,17803000.0,9718250.0,4351000.0,105186000.0,,47699638.0,0.53862,Yahoo Finance / yfinance get_info,OK,PRET_SSI
2026-10-07,Amplify Energy Corp. New      R,2OQ.F,EUR,Allemagne,163006752.0,FRA,Frankfurt,EQUITY,,Yahoo Finance / yfinance EquityQuery,2026-10-07,Détection mécanique 50-300 MEUR ; qualification SSI requise.,DETECTE,,2026-10-07,254,3.931999921798706,0.0,17.72455158211075,-19.68954257914367,4.157294998168945,False,Yahoo Finance / yfinance - historique quotidien 1 an,OK,OUI,2026-10-08,213100000.0,-0.229,0.43527,29840000.0,-47397124.0,21212000.0,3098000.0,,41456450.0,0.09544,Yahoo Finance / yfinance get_info,OK,PRET_SSI
2026-10-07,Maisons du Monde S.A.         A,ZMM.F,EUR,Allemagne,163082608.0,FRA,Frankfurt,EQUITY,,Yahoo Finance / yfinance EquityQuery,2026-10-07,Détection mécanique 50-300 MEUR ; qualification SSI requise.,DETECTE,,2026-10-07,254,0.1992000043392181,0.0,-2.8292653284066938,-72.21757291219146,0.7386124991625548,False,Yahoo Finance / yfinance - historique quotidien 1 an,OK,OUI,2026-10-08,939643008.0,-0.074,0.61674,-96029000.0,75398752.0,42445000.0,685198016.0,,818687769.0,0.96835,Yahoo Finance / yfinance get_info,OK,PRET_SSI
2026-10-07,Accsys Technologies PLC       R,1D8.F,EUR,Allemagne,163309856.0,FRA,Frankfurt,EQUITY,,Yahoo Finance / yfinance EquityQuery,2026-10-07,Détection mécanique 50-300 MEUR ; qualification SSI requise.,DETECTE,,2026-10-07,254,0.6629999876022339,0.0,-20.97735421300413,-4.604317348853981,0.7458149990439416,False,Yahoo Finance / yfinance - historique quotidien 1 an,OK,OUI,2026-10-08,153276000.0,0.199,0.30903,19819000.0,-5910375.0,17402000.0,59325000.0,,246319534.0,0.37820998,Yahoo Finance / yfinance get_info,OK,PRET_SSI
2026-10-07,Salmon Evolution ASA          N,60E.F,EUR,Allemagne,163430976.0,FRA,Frankfurt,EQUITY,,Yahoo Finance / yfinance EquityQuery,2026-10-07,Détection mécanique 50-300 MEUR ; qualification SSI requise.,DETECTE,,2026-10-07,254,0.2949999868869781,0.0,-17.251055516334645,-33.707867049761575,0.3904599991440773,False,Yahoo Finance / yfinance - historique quotidien 1 an,OK,OUI,2026-10-08,404136000.0,-0.268,0.49625,-45197000.0,-1309700992.0,280560992.0,2320217088.0,,554003306.0,0.47557998,Yahoo Finance / yfinance get_info,OK,PRET_SSI
2026-10-07,MIN XIN HOLDINGS LTD.         R,MXD.F,EUR,Allemagne,163648496.0,FRA,Frankfurt,EQUITY,,Yahoo Finance / yfinance EquityQuery,2026-10-07,Détection mécanique 50-300 MEUR ; qualification SSI requise.,DETECTE,,2026-10-07,254,0.2739999890327453,0.0,-14.37500151339922,5.384615031925155,0.2869599992781877,False,Yahoo Finance / yfinance - historique quotidien 1 an,OK,OUI,2026-10-08,261872992.0,-0.106,0.40987,52651000.0,-9037500.0,601811968.0,822444992.0,,597257252.0,0.72208,Yahoo Finance / yfinance get_info,OK,PRET_SSI
2026-10-07,Monument Mining Ltd.          R,D7Q1.F,EUR,Allemagne,164207056.0,FRA,Frankfurt,EQUITY,,Yahoo Finance / yfinance EquityQuery,2026-10-07,Détection mécanique 50-300 MEUR ; qualification SSI requise.,DETECTE,,2026-10-07,254,0.4740000069141388,0.0,3.2679772936166307,-12.222224429801576,0.5898599973320962,False,Yahoo Finance / yfinance - historique quotidien 1 an,OK,OUI,2026-10-08,165715008.0,-0.065,0.66234,103686000.0,56344624.0,109560000.0,189000.0,,346428369.0,0.19698,Yahoo Finance / yfinance get_info,OK,PRET_SSI
2026-10-07,Wallix Group S.A.             A,3WG.F,EUR,Allemagne,164258208.0,FRA,Frankfurt,EQUITY,,Yahoo Finance / yfinance EquityQuery,2026-10-07,Détection mécanique 50-300 MEUR ; qualification SSI requise.,DETECTE,,2026-10-07,254,23.14999961853028,0.0,0.0,-4.338847567381821,23.64725001335144,False,Yahoo Finance / yfinance - historique quotidien 1 an,OK,OUI,2026-10-08,45837000.0,0.134,0.99208,-162000.0,293875.0,12091000.0,8204000.0,,7095387.0,0.20823999,Yahoo Finance / yfinance get_info,OK,PRET_SSI
2026-10-07,Broken Hill Mines Ltd.        R,662.F,EUR,Allemagne,164813392.0,FRA,Frankfurt,EQUITY,,Yahoo Finance / yfinance EquityQuery,2026-10-07,Détection mécanique 50-300 MEUR ; qualification SSI requise.,DETECTE,,2026-10-07,221,0.4160000085830688,0.0,14.28571896425792,-5.454542991543587,0.4752599994838238,False,Yahoo Finance / yfinance - historique quotidien 1 an,OK,OUI,2026-10-08,90879000.0,0.012,-0.09273,-26135000.0,-57191624.0,33657000.0,36254000.0,,396186017.0,0.66334,Yahoo Finance / yfinance get_info,OK,PRET_SSI
2026-10-07,Reach PLC                     R,MRR.F,EUR,Allemagne,164849424.0,FRA,Frankfurt,EQUITY,,Yahoo Finance / yfinance EquityQuery,2026-10-07,Détection mécanique 50-300 MEUR ; qualification SSI requise.,DETECTE,,2026-10-07,254,0.5230000019073486,0.0,-16.719747701519694,-21.706584528846683,0.5949675017595291,False,Yahoo Finance / yfinance - historique quotidien 1 an,OK,OUI,2026-10-08,495300000.0,-0.09,0.41772997,64400000.0,59062500.0,10500000.0,79100000.0,,315199656.0,0.11097,Yahoo Finance / yfinance get_info,OK,PRET_SSI
2026-10-07,Amber Int. Holding Ltd.       R,I9C.F,EUR,Allemagne,164981680.0,FRA,Frankfurt,EQUITY,,Yahoo Finance / yfinance EquityQuery,2026-10-07,Détection mécanique 50-300 MEUR ; qualification SSI requise.,DETECTE,,2026-10-07,254,1.75,0.0,47.05881645817398,1.1560682489023757,1.5493999978899955,True,Yahoo Finance / yfinance - historique quotidien 1 an,OK,OUI,2026-10-08,56583000.0,-0.336,0.73797995,1154000.0,-5032750.0,45363000.0,1148000.0,,87028604.0,0.0,Yahoo Finance / yfinance get_info,OK,PRET_SSI
2026-10-07,SHIMA SEIKI MFG. LTD.         R,2ME.F,EUR,Allemagne,165120688.0,FRA,Frankfurt,EQUITY,,Yahoo Finance / yfinance EquityQuery,2026-10-07,Détection mécanique 50-300 MEUR ; qualification SSI requise.,DETECTE,,2026-10-07,142,4.868000030517578,0.0,-0.4906003040372808,-4.773082131935958,,,Yahoo Finance / yfinance - historique quotidien 1 an,OK,OUI,2026-10-08,30638999552.0,-0.273,0.37800997,-1842000000.0,,25194000384.0,18197000192.0,,33919616.0,0.24297,Yahoo Finance / yfinance get_info,OK,PRET_SSI
2026-10-07,Alpha Cognition Inc.          R,7N70.F,EUR,Allemagne,165511792.0,FRA,Frankfurt,EQUITY,,Yahoo Finance / yfinance EquityQuery,2026-10-07,Détection mécanique 50-300 MEUR ; qualification SSI requise.,DETECTE,,2026-10-07,177,7.599999904632568,0.0,8.571427209036697,89.99999761581421,,,Yahoo Finance / yfinance - historique quotidien 1 an,OK,OUI,2026-10-08,15260706.0,2.676,0.90375,-26487652.0,-28530086.0,41384288.0,0.0,,21777868.0,0.05134,Yahoo Finance / yfinance get_info,OK,PRET_SSI
2026-10-07,CAMELLIA PLC                  R,CMF.F,EUR,Allemagne,165570576.0,FRA,Frankfurt,EQUITY,,Yahoo Finance / yfinance EquityQuery,2026-10-07,Détection mécanique 50-300 MEUR ; qualification SSI requise.,DETECTE,,2026-10-07,254,65.5,0.0,6.5040650406503975,20.1834862385321,60.505,True,Yahoo Finance / yfinance - historique quotidien 1 an,OK,OUI,2026-10-08,264900000.0,-0.029,0.22007999,13500000.0,-18012500.0,124100000.0,24600000.0,,2527795.0,0.61419,Yahoo Finance / yfinance get_info,OK,PRET_SSI
2026-10-07,Camellia PLC,CMF.SG,EUR,Allemagne,165570576.0,STU,Stuttgart,EQUITY,,Yahoo Finance / yfinance EquityQuery,2026-10-07,Détection mécanique 50-300 MEUR ; qualification SSI requise.,DETECTE,,2026-10-07,254,65.5,0.0,5.645161290322576,21.2962962962963,60.08,True,Yahoo Finance / yfinance - historique quotidien 1 an,OK,OUI,2026-10-08,264900000.0,-0.029,0.22007999,13500000.0,-18012500.0,124100000.0,24600000.0,,2527795.0,0.61419,Yahoo Finance / yfinance get_info,OK,PRET_SSI
2026-10-07,China Yong.Autom.Ser.Hldgs LtdR,1CY.F,EUR,Allemagne,165669744.0,FRA,Frankfurt,EQUITY,,Yahoo Finance / yfinance EquityQuery,2026-10-07,Détection mécanique 50-300 MEUR ; qualification SSI requise.,DETECTE,,2026-10-07,254,0.0874999985098838,0.0,-1.1299457858716666,-27.685951252882862,0.1176374999433755,False,Yahoo Finance / yfinance - historique quotidien 1 an,OK,OUI,2026-10-08,48376705024.0,-0.23,0.08085,57048000.0,1239218688.0,2806216960.0,4251004928.0,,1893368394.0,0.37814,Yahoo Finance / yfinance get_info,OK,PRET_SSI
2026-10-07,SODA NIKKA CO. LTD.           R,PC5.F,EUR,Allemagne,165722592.0,FRA,Frankfurt,EQUITY,,Yahoo Finance / yfinance EquityQuery,2026-10-07,Détection mécanique 50-300 MEUR ; qualification SSI requise.,DETECTE,,2026-10-07,144,7.261000156402588,0.0,18.799086551015453,35.6689057460835,,,Yahoo Finance / yfinance - historique quotidien 1 an,OK,OUI,2026-10-08,69134999552.0,0.152,0.1436,,,7286000128.0,1668000000.0,,22823660.0,0.27777,Yahoo Finance / yfinance get_info,OK,PRET_SSI
2026-10-07,Strategic Minerals PLC        R,24S.F,EUR,Allemagne,165865280.0,FRA,Frankfurt,EQUITY,,Yahoo Finance / yfinance EquityQuery,2026-10-07,Détection mécanique 50-300 MEUR ; qualification SSI requise.,DETECTE,,2026-10-07,254,0.0590000003576278,0.0,43.90243592182852,-11.940300167204365,0.0480450001498684,True,Yahoo Finance / yfinance - historique quotidien 1 an,OK,OUI,2026-10-08,3824000.0,-0.203,0.82531,-520000.0,876875.0,10026000.0,1308000.0,,2811275969.0,0.098120004,Yahoo Finance / yfinance get_info,OK,PRET_SSI
2026-10-07,Knights Group Holdings Ltd.   R,77Q.F,EUR,Allemagne,165916912.0,FRA,Frankfurt,EQUITY,,Yahoo Finance / yfinance EquityQuery,2026-10-07,Détection mécanique 50-300 MEUR ; qualification SSI requise.,DETECTE,,2026-10-07,254,1.9299999475479128,0.0,-10.64815412700888,8.426965088152594,1.981049997210503,False,Yahoo Finance / yfinance - historique quotidien 1 an,OK,OUI,2026-10-08,207976000.0,0.266,0.39069998,35696000.0,24624376.0,6034000.0,122625000.0,,85967308.0,0.36443,Yahoo Finance / yfinance get_info,OK,PRET_SSI
2026-10-07,Agilyx ASA                    N,5NQ.F,EUR,Allemagne,166126688.0,FRA,Frankfurt,EQUITY,,Yahoo Finance / yfinance EquityQuery,2026-10-07,Détection mécanique 50-300 MEUR ; qualification SSI requise.,DETECTE,,2026-10-07,254,1.3200000524520874,0.0,-17.24137750629119,-10.508472466735965,1.6290900027751922,False,Yahoo Finance / yfinance - historique quotidien 1 an,OK,OUI,2026-10-08,85767072.0,237.933,0.115109995,-9411508.0,117036584.0,54469000.0,156023008.0,,125853550.0,0.35924998,Yahoo Finance / yfinance get_info,OK,PRET_SSI
2026-10-07,GEFRAN S.P.A.                 A,GF7.F,EUR,Allemagne,166158656.0,FRA,Frankfurt,EQUITY,,Yahoo Finance / yfinance EquityQuery,2026-10-07,Détection mécanique 50-300 MEUR ; qualification SSI requise.,DETECTE,,2026-10-07,254,11.699999809265137,0.0,8.333329654034326,15.270938413683457,10.77034999847412,True,Yahoo Finance / yfinance - historique quotidien 1 an,OK,OUI,2026-10-08,140488000.0,0.048,0.53868,18937000.0,3169375.0,43316000.0,17866000.0,,14201595.0,0.53,Yahoo Finance / yfinance get_info,OK,PRET_SSI
2026-10-07,Nisshin Group Holdings Co.Ltd.R,NFU.MU,EUR,Allemagne,166268448.0,MUN,Munich,EQUITY,,Yahoo Finance / yfinance EquityQuery,2026-10-07,Détection mécanique 50-300 MEUR ; qualification SSI requise.,DETECTE,,2026-10-07,254,3.559999942779541,0.0,0.0,-8.717952417277008,3.8315000128746033,False,Yahoo Finance / yfinance - historique quotidien 1 an,OK,OUI,2026-10-08,87048249344.0,-0.053,0.0,7158486016.0,,47597760512.0,57755201536.0,,46704621.0,0.47294998,Yahoo Finance / yfinance get_info,OK,PRET_SSI
2026-10-07,DT.KONSUM REAL EST.AG         I,DKG.DE,EUR,Allemagne,166538016.0,GER,XETRA,EQUITY,,Yahoo Finance / yfinance EquityQuery,2026-10-07,Détection mécanique 50-300 MEUR ; qualification SSI requise.,DETECTE,,2026-10-07,254,1.5149999856948853,3625.999879837036,24.69135342178237,-9.28143565107369,1.5642000019550324,False,Yahoo Finance / yfinance - historique quotidien 1 an,OK,OUI,2026-10-08,149960000.0,0.862,0.19275999,19024900.0,12492725.0,21518000.0,318988000.0,,109926080.0,0.16549,Yahoo Finance / yfinance get_info,OK,PRET_SSI
2026-10-07,Comstock Holding Companies IncR,CHO1.F,EUR,Allemagne,166567632.0,FRA,Frankfurt,EQUITY,,Yahoo Finance / yfinance EquityQuery,2026-10-07,Détection mécanique 50-300 MEUR ; qualification SSI requise.,DETECTE,,2026-10-07,254,16.200000762939453,0.0,22.727280280478503,2.531649160606664,13.105000033378602,True,Yahoo Finance / yfinance - historique quotidien 1 an,OK,OUI,2026-10-08,77277000.0,0.741,0.28855,16889000.0,2640500.0,25334000.0,4858000.0,,10061702.0,0.62905,Yahoo Finance / yfinance get_info,OK,PRET_SSI
2026-10-07,RideNow Group Inc.            R,4Q01.F,EUR,Allemagne,166967472.0,FRA,Frankfurt,EQUITY,,Yahoo Finance / yfinance EquityQuery,2026-10-07,Détection mécanique 50-300 MEUR ; qualification SSI requise.,DETECTE,,2026-10-07,254,4.28000020980835,0.0,-16.078425689368636,-22.882881752808657,5.4728350257873535,False,Yahoo Finance / yfinance - historique quotidien 1 an,OK,OUI,2026-10-08,1095100032.0,-0.01,0.27696,47700000.0,-24812500.0,46700000.0,627699968.0,,38961088.0,0.41579,Yahoo Finance / yfinance get_info,OK,PRET_SSI
2026-10-07,Neighborhood Intelligence Inc.R,OVER.F,EUR,Allemagne,167126496.0,FRA,Frankfurt,EQUITY,,Yahoo Finance / yfinance EquityQuery,2026-10-07,Détection mécanique 50-300 MEUR ; qualification SSI requise.,DETECTE,,2026-10-07,254,1.5199999809265137,0.0,-63.63636259931018,-61.51898828918133,4.216584985852242,False,Yahoo Finance / yfinance - historique quotidien 1 an,OK,OUI,2026-10-08,1139531008.0,0.28,0.24493,-77362000.0,-42373624.0,99485000.0,153088000.0,,109951651.0,0.08126,Yahoo Finance / yfinance get_info,OK,PRET_SSI
2026-10-07,Superior Group of Cies Inc.   R,6G6.F,EUR,Allemagne,167284320.0,FRA,Frankfurt,EQUITY,,Yahoo Finance / yfinance EquityQuery,2026-10-07,Détection mécanique 50-300 MEUR ; qualification SSI requise.,DETECTE,,2026-10-07,254,10.699999809265137,0.0,5.940588169642225,20.90394743562913,9.528250005245209,True,Yahoo Finance / yfinance - historique quotidien 1 an,OK,OUI,2026-10-08,573756032.0,0.026,0.37568,28732000.0,29304500.0,22787000.0,93267000.0,,15634049.0,0.32926,Yahoo Finance / yfinance get_info,OK,PRET_SSI
2026-10-07,Guanajuato Silver Company Ltd.R,E35.F,EUR,Allemagne,167739648.0,FRA,Frankfurt,EQUITY,,Yahoo Finance / yfinance EquityQuery,2026-10-07,Détection mécanique 50-300 MEUR ; qualification SSI requise.,DETECTE,,2026-10-07,254,0.2199999988079071,0.0,-21.56862640934176,-43.15245428289028,0.3546349992603063,False,Yahoo Finance / yfinance - historique quotidien 1 an,OK,OUI,2026-10-08,124507000.0,1.3,0.19945998,18199000.0,20994352.0,19907000.0,7600000.0,,762452929.0,0.036760002,Yahoo Finance / yfinance get_info,OK,PRET_SSI
2026-10-07,Oxley Holdings Ltd.,8OX1.SG,EUR,Allemagne,168021568.0,STU,Stuttgart,EQUITY,,Yahoo Finance / yfinance EquityQuery,2026-10-07,Détection mécanique 50-300 MEUR ; qualification SSI requise.,DETECTE,,2026-10-07,254,0.0399999991059303,0.0,0.0,-21.56862773743101,0.0461699999123811,False,Yahoo Finance / yfinance - historique quotidien 1 an,OK,OUI,2026-10-08,163808000.0,-0.665,0.30903,1472000.0,53272624.0,64070000.0,1270755968.0,,4200539314.0,0.83715,Yahoo Finance / yfinance get_info,OK,PRET_SSI
2026-10-07,Meeka Metals Ltd.             R,1KX0.F,EUR,Allemagne,168156176.0,FRA,Frankfurt,EQUITY,,Yahoo Finance / yfinance EquityQuery,2026-10-07,Détection mécanique 50-300 MEUR ; qualification SSI requise.,DETECTE,,2026-10-07,254,0.0489999987185001,0.0,-15.51724115783053,-43.35260033456123,0.089487499538809,False,Yahoo Finance / yfinance - historique quotidien 1 an,OK,OUI,2026-10-08,160760992.0,,0.45626998,114716000.0,-10330125.0,37930000.0,19462000.0,,3431758909.0,0.14934,Yahoo Finance / yfinance get_info,OK,PRET_SSI
2026-10-07,CB Financial Services Inc.    R,M8M.F,EUR,Allemagne,168200416.0,FRA,Frankfurt,EQUITY,,Yahoo Finance / yfinance EquityQuery,2026-10-07,Détection mécanique 50-300 MEUR ; qualification SSI requise.,DETECTE,,2026-10-07,144,33.099998474121094,0.0,4.25196369801919,7.642271460556405,,,Yahoo Finance / yfinance - historique quotidien 1 an,OK,OUI,2026-10-08,47413000.0,0.15,0.0,,,76173000.0,103021000.0,,5081584.0,0.102419995,Yahoo Finance / yfinance get_info,OK,PRET_SSI
2026-10-07,Roche Bobois S.A.             A,5RO.F,EUR,Allemagne,168620816.0,FRA,Frankfurt,EQUITY,,Yahoo Finance / yfinance EquityQuery,2026-10-07,Détection mécanique 50-300 MEUR ; qualification SSI requise.,DETECTE,,2026-10-07,254,16.799999237060547,0.0,-21.860468664834663,-35.384618318997894,24.079499979019165,False,Yahoo Finance / yfinance - historique quotidien 1 an,OK,OUI,2026-10-08,384072000.0,-0.089,0.62216,28182000.0,43574624.0,48063000.0,200359008.0,,10036954.0,0.88544,Yahoo Finance / yfinance get_info,OK,PRET_SSI
2026-10-07,Tribune Resources Ltd.        R,TNR.F,EUR,Allemagne,168689856.0,FRA,Frankfurt,EQUITY,,Yahoo Finance / yfinance EquityQuery,2026-10-07,Détection mécanique 50-300 MEUR ; qualification SSI requise.,DETECTE,,2026-10-07,254,3.119999885559082,0.0,0.0,-5.454547556307066,3.3182999992370608,False,Yahoo Finance / yfinance - historique quotidien 1 an,OK,OUI,2026-10-08,205801600.0,0.577,0.69265,99679312.0,-29618708.0,8086323.0,3932960.0,,52468077.0,0.69231004,Yahoo Finance / yfinance get_info,OK,PRET_SSI
2026-10-07,Delta Plus Group S.A.         A,7E1.F,EUR,Allemagne,169191632.0,FRA,Frankfurt,EQUITY,,Yahoo Finance / yfinance EquityQuery,2026-10-07,Détection mécanique 50-300 MEUR ; qualification SSI requise.,DETECTE,,2026-10-07,254,23.600000381469727,0.0,-31.988473018492925,-46.11871965170943,38.72050006866455,False,Yahoo Finance / yfinance - historique quotidien 1 an,OK,OUI,2026-10-08,398204000.0,0.046,0.56925,52158000.0,15476875.0,42017000.0,241612000.0,,7169137.0,0.66723,Yahoo Finance / yfinance get_info,OK,PRET_SSI
2026-10-07,Adagene Inc.                  R,978.F,EUR,Allemagne,169201232.0,FRA,Frankfurt,EQUITY,,Yahoo Finance / yfinance EquityQuery,2026-10-07,Détection mécanique 50-300 MEUR ; qualification SSI requise.,DETECTE,,2026-10-07,254,2.5199999809265137,0.0,-18.18181677438852,-21.25000176951286,2.73594999730587,False,Yahoo Finance / yfinance - historique quotidien 1 an,OK,OUI,2026-10-08,9290815.0,,1.0,-21952354.0,-12158853.0,127909840.0,6091037.0,,67143344.0,0.113929994,Yahoo Finance / yfinance get_info,OK,PRET_SSI
2026-10-07,Kaltura Inc.                  R,73Q.F,EUR,Allemagne,169331856.0,FRA,Frankfurt,EQUITY,,Yahoo Finance / yfinance EquityQuery,2026-10-07,Détection mécanique 50-300 MEUR ; qualification SSI requise.,DETECTE,,2026-10-07,254,1.1100000143051147,0.0,1.834860579271824,20.6521732792512,1.1847750023007393,False,Yahoo Finance / yfinance - historique quotidien 1 an,OK,OUI,2026-10-08,180928000.0,0.055,0.72051,6606000.0,42251124.0,31298000.0,43512000.0,,152551223.0,0.34845,Yahoo Finance / yfinance get_info,OK,PRET_SSI
2026-10-07,Stack Capital Group Inc.      R,9W0.F,EUR,Allemagne,169363600.0,FRA,Frankfurt,EQUITY,,Yahoo Finance / yfinance EquityQuery,2026-10-07,Détection mécanique 50-300 MEUR ; qualification SSI requise.,DETECTE,,2026-10-07,254,10.800000190734863,0.0,-13.599998474121088,-33.33333529562608,12.944500041007997,False,Yahoo Finance / yfinance - historique quotidien 1 an,OK,OUI,2026-10-08,111397752.0,0.932,1.0,,65991712.0,340777408.0,0.0,,15681815.0,0.02497,Yahoo Finance / yfinance get_info,OK,PRET_SSI
2026-10-07,Hengdeli Holdings Ltd.        R,XYUA.F,EUR,Allemagne,169554736.0,FRA,Frankfurt,EQUITY,,Yahoo Finance / yfinance EquityQuery,2026-10-07,Détection mécanique 50-300 MEUR ; qualification SSI requise.,DETECTE,,2026-10-07,254,0.0384999997913837,0.0,39.99999999999999,156.66667101283878,0.0216900000022724,True,Yahoo Finance / yfinance - historique quotidien 1 an,OK,OUI,2026-10-08,588126976.0,-0.194,0.256,-68370000.0,40883500.0,1289325056.0,89306000.0,,4404018959.0,0.80689,Yahoo Finance / yfinance get_info,OK,PRET_SSI
2026-10-07,Kantra Copper Ltd.            R,HIN0.F,EUR,Allemagne,169885328.0,FRA,Frankfurt,EQUITY,,Yahoo Finance / yfinance EquityQuery,2026-10-07,Détection mécanique 50-300 MEUR ; qualification SSI requise.,DETECTE,,2026-10-07,254,0.7200000286102295,0.0,43.283877391396565,146.15469261321712,0.4364466778934002,True,Yahoo Finance / yfinance - historique quotidien 1 an,OK,OUI,2026-10-08,203032000.0,0.444,0.35761002,46151000.0,-8389500.0,32535000.0,4099000.0,,235951827.0,0.26955,Yahoo Finance / yfinance get_info,OK,PRET_SSI
2026-10-07,Seeing Machines Ltd.          R,M2Z.F,EUR,Allemagne,170385808.0,FRA,Frankfurt,EQUITY,,Yahoo Finance / yfinance EquityQuery,2026-10-07,Détection mécanique 50-300 MEUR ; qualification SSI requise.,DETECTE,,2026-10-07,254,0.0355000011622905,0.0,-1.3888814153123483,51.063839905723206,0.0409875000640749,False,Yahoo Finance / yfinance - historique quotidien 1 an,OK,OUI,2026-10-08,59922000.0,-0.095,0.64264,-19417000.0,-22657624.0,3635000.0,58050000.0,,4799600000.0,0.24441999,Yahoo Finance / yfinance get_info,OK,PRET_SSI
2026-10-07,Akwel S.A.                    A,MW4.F,EUR,Allemagne,170413744.0,FRA,Frankfurt,EQUITY,,Yahoo Finance / yfinance EquityQuery,2026-10-07,Détection mécanique 50-300 MEUR ; qualification SSI requise.,DETECTE,,2026-10-07,254,6.420000076293945,0.0,-0.6191944522728088,-8.806816603957612,6.8493999981880185,False,Yahoo Finance / yfinance - historique quotidien 1 an,OK,OUI,2026-10-08,844611008.0,-0.186,0.57257,69678000.0,7267500.0,102297000.0,14749000.0,,26544196.0,0.71009004,Yahoo Finance / yfinance get_info,OK,PRET_SSI
2026-10-07,Nordic Aqua Partners AS       N,22L.F,EUR,Allemagne,170557088.0,FRA,Frankfurt,EQUITY,,Yahoo Finance / yfinance EquityQuery,2026-10-07,Détection mécanique 50-300 MEUR ; qualification SSI requise.,DETECTE,,2026-10-07,254,8.039999961853027,0.0,15.517240198084735,11.357343427839783,7.2612000703811646,True,Yahoo Finance / yfinance - historique quotidien 1 an,OK,OUI,2026-10-08,20947000.0,0.853,1.09075,-995000.0,-52806376.0,5423000.0,77930000.0,,21213567.0,0.81207,Yahoo Finance / yfinance get_info,OK,PRET_SSI
2026-10-07,Thor Medical ASA              N,8NN.F,EUR,Allemagne,170690736.0,FRA,Frankfurt,EQUITY,,Yahoo Finance / yfinance EquityQuery,2026-10-07,Détection mécanique 50-300 MEUR ; qualification SSI requise.,DETECTE,,2026-10-07,254,0.4040000140666961,0.0,9.189191583824275,-14.497350873119752,0.4253399991989136,False,Yahoo Finance / yfinance - historique quotidien 1 an,OK,OUI,2026-10-08,1639000.0,8.0,1.0,-60131000.0,-206623872.0,59900000.0,242200000.0,,422501820.0,0.35917,Yahoo Finance / yfinance get_info,OK,PRET_SSI
2026-10-07,Cartesian Therapeutics Inc.   R,1S70.F,EUR,Allemagne,170942736.0,FRA,Frankfurt,EQUITY,,Yahoo Finance / yfinance EquityQuery,2026-10-07,Détection mécanique 50-300 MEUR ; qualification SSI requise.,DETECTE,,2026-10-07,254,5.650000095367432,0.0,-25.165563541297065,15.306122151080492,6.395399994850159,False,Yahoo Finance / yfinance - historique quotidien 1 an,OK,OUI,2026-10-08,1477000.0,,0.0,-96051000.0,-47480376.0,147606000.0,63853000.0,,30255352.0,0.52133,Yahoo Finance / yfinance get_info,OK,PRET_SSI
2026-10-07,Horizon Construction Developm.R,B7H.F,EUR,Allemagne,171052544.0,FRA,Frankfurt,EQUITY,,Yahoo Finance / yfinance EquityQuery,2026-10-07,Détection mécanique 50-300 MEUR ; qualification SSI requise.,DETECTE,,2026-10-07,254,0.0535000003874301,0.0,-6.956522753198103,-30.065357662936897,0.0712875002436339,False,Yahoo Finance / yfinance - historique quotidien 1 an,OK,OUI,2026-10-08,9033190400.0,-0.075,0.29295,3503546112.0,1115754624.0,2207748096.0,20548816896.0,,3197244000.0,0.4893,Yahoo Finance / yfinance get_info,OK,PRET_SSI
2026-10-07,Lanson-BCC                    A,GQ6.F,EUR,Allemagne,171060736.0,FRA,Frankfurt,EQUITY,,Yahoo Finance / yfinance EquityQuery,2026-10-07,Détection mécanique 50-300 MEUR ; qualification SSI requise.,DETECTE,,2026-10-07,254,25.799999237060547,0.0,1.5748016714081323,-4.089220806947457,27.302000045776367,False,Yahoo Finance / yfinance - historique quotidien 1 an,OK,OUI,2026-10-08,233300000.0,-0.157,0.49243,45798000.0,19716000.0,5445000.0,563046016.0,,6630261.0,0.91458,Yahoo Finance / yfinance get_info,OK,PRET_SSI
2026-10-07,CERAGON NETWORKS LTD.         R,GGN.F,EUR,Allemagne,171424800.0,FRA,Frankfurt,EQUITY,,Yahoo Finance / yfinance EquityQuery,2026-10-07,Détection mécanique 50-300 MEUR ; qualification SSI requise.,DETECTE,,2026-10-07,254,1.878000020980835,0.0,-7.39645398233657,-8.568641106893715,1.995450001358986,False,Yahoo Finance / yfinance - historique quotidien 1 an,OK,OUI,2026-10-08,346731008.0,0.142,0.33691,23813000.0,28338624.0,34771000.0,28780000.0,,91280512.0,0.14115,Yahoo Finance / yfinance get_info,OK,PRET_SSI
2026-10-07,Strategic Minerals PLC,24S.SG,EUR,Allemagne,171487840.0,STU,Stuttgart,EQUITY,,Yahoo Finance / yfinance EquityQuery,2026-10-07,Détection mécanique 50-300 MEUR ; qualification SSI requise.,DETECTE,RESOLU_DISTINCT,2026-10-07,254,0.0610000006854534,0.0,21.999999552965164,5.172418001219836,0.0472799999080598,True,Yahoo Finance / yfinance - historique quotidien 1 an,OK,OUI,2026-10-08,3824000.0,-0.203,0.82531,-520000.0,876875.0,10026000.0,1308000.0,,2811275969.0,0.098120004,Yahoo Finance / yfinance get_info,OK,PRET_SSI
2026-10-07,Ramada Investiment.e Indust.SAA,Y4E.F,EUR,Allemagne,171797776.0,FRA,Frankfurt,EQUITY,,Yahoo Finance / yfinance EquityQuery,2026-10-07,Détection mécanique 50-300 MEUR ; qualification SSI requise.,DETECTE,,2026-10-07,254,6.699999809265137,0.0,-0.8875801417927431,-8.719350545205462,7.009800045490265,False,Yahoo Finance / yfinance - historique quotidien 1 an,OK,OUI,2026-10-08,9558798.0,-0.202,0.83997,7291247.0,5290262.0,1481735.0,55152.0,,25641459.0,0.77369004,Yahoo Finance / yfinance get_info,OK,PRET_SSI
2026-10-07,L.K. Technology Holdings Ltd. R,L5D.F,EUR,Allemagne,171913344.0,FRA,Frankfurt,EQUITY,,Yahoo Finance / yfinance EquityQuery,2026-10-07,Détection mécanique 50-300 MEUR ; qualification SSI requise.,DETECTE,,2026-10-07,254,0.1260000020265579,0.0,-17.647055959023174,-58.27814311391653,0.2544900006055832,False,Yahoo Finance / yfinance - historique quotidien 1 an,OK,OUI,2026-10-08,5608902144.0,-0.273,0.24509001,390312992.0,-1073438656.0,1335421056.0,2991400960.0,,1364391500.0,0.62437,Yahoo Finance / yfinance get_info,OK,PRET_SSI
2026-10-07,China Everbright Greent. Ltd. R,CK7.F,EUR,Allemagne,171978640.0,FRA,Frankfurt,EQUITY,,Yahoo Finance / yfinance EquityQuery,2026-10-07,Détection mécanique 50-300 MEUR ; qualification SSI requise.,DETECTE,,2026-10-07,254,0.0775000005960464,0.0,-0.641026926875321,-11.931817027286062,0.0863200000673532,False,Yahoo Finance / yfinance - historique quotidien 1 an,OK,OUI,2026-10-08,6820679168.0,0.027,0.21774,2322548992.0,2635669248.0,2228758016.0,18457171968.0,,2066078000.0,0.80566,Yahoo Finance / yfinance get_info,OK,PRET_SSI
2026-10-07,A.B.P. NOCIVELLI S.p.A.       A,9UZ.F,EUR,Allemagne,172042496.0,FRA,Frankfurt,EQUITY,,Yahoo Finance / yfinance EquityQuery,2026-10-07,Détection mécanique 50-300 MEUR ; qualification SSI requise.,DETECTE,,2026-10-07,254,5.650000095367432,0.0,0.0,-8.870963400285891,5.942999997138977,False,Yahoo Finance / yfinance - historique quotidien 1 an,OK,OUI,2026-10-08,83850528.0,0.026,0.31533,17286844.0,,70789792.0,0.0,,30450000.0,0.8867,Yahoo Finance / yfinance get_info,OK,PRET_SSI
2026-10-07,Monash IVF Group Ltd.         R,MIS.F,EUR,Allemagne,172218608.0,FRA,Frankfurt,EQUITY,,Yahoo Finance / yfinance EquityQuery,2026-10-07,Détection mécanique 50-300 MEUR ; qualification SSI requise.,DETECTE,,2026-10-07,254,0.44200000166893,0.0,7.804879396178777,-7.142858931711982,0.4147149990499019,True,Yahoo Finance / yfinance - historique quotidien 1 an,OK,OUI,2026-10-08,269459008.0,0.001,0.28489,28466000.0,6839000.0,8842000.0,199618000.0,,389634840.0,0.13969,Yahoo Finance / yfinance get_info,OK,PRET_SSI
2026-10-07,China Yuhua Education Corp.LtdR,2YU.F,EUR,Allemagne,172342016.0,FRA,Frankfurt,EQUITY,,Yahoo Finance / yfinance EquityQuery,2026-10-07,Détection mécanique 50-300 MEUR ; qualification SSI requise.,DETECTE,,2026-10-07,254,0.0399999991059303,0.0,3.896102136816859,-20.00000298023219,0.0468350002914667,False,Yahoo Finance / yfinance - historique quotidien 1 an,OK,OUI,2026-10-08,2481984000.0,-0.012,0.39758,1414780032.0,673703744.0,1753773952.0,105821000.0,,4308550807.0,0.45543,Yahoo Finance / yfinance get_info,OK,PRET_SSI
2026-10-07,Energy Svcs of America Corp.  R,YF0.F,EUR,Allemagne,172410816.0,FRA,Frankfurt,EQUITY,,Yahoo Finance / yfinance EquityQuery,2026-10-07,Détection mécanique 50-300 MEUR ; qualification SSI requise.,DETECTE,,2026-10-07,149,9.239999771118164,0.0,-34.37500126998534,-21.69491845963497,,,Yahoo Finance / yfinance - historique quotidien 1 an,OK,OUI,2026-10-08,467366080.0,0.255,0.11767,33063156.0,1154483.0,14679930.0,48710780.0,,18659181.0,0.21897,Yahoo Finance / yfinance get_info,OK,PRET_SSI
2026-10-07,Züblin Immobilien Holding AG,61Z1.F,EUR,Allemagne,172413648.0,FRA,Frankfurt,EQUITY,,Yahoo Finance / yfinance EquityQuery,2026-10-07,Détection mécanique 50-300 MEUR ; qualification SSI requise.,DETECTE,,2026-10-07,254,52.0,0.0,-7.964601769911505,2.970297029702973,52.43849998474121,False,Yahoo Finance / yfinance - historique quotidien 1 an,OK,OUI,2026-10-08,9842000.0,0.015,0.93558,6764000.0,4863375.0,13563000.0,72457000.0,,3315647.0,0.78817004,Yahoo Finance / yfinance get_info,OK,PRET_SSI
2026-10-07,Dongjiang Environm. Co. Ltd.  R,DGN.F,EUR,Allemagne,172419904.0,FRA,Frankfurt,EQUITY,,Yahoo Finance / yfinance EquityQuery,2026-10-07,Détection mécanique 50-300 MEUR ; qualification SSI requise.,DETECTE,,2026-10-07,254,0.1560000032186508,0.0,-1.886786971211429,-23.529408756974323,0.1918300004303455,False,Yahoo Finance / yfinance - historique quotidien 1 an,OK,OUI,2026-10-08,3314744832.0,-0.061,0.00058,-44161820.0,610263360.0,1019673344.0,5328721920.0,,200137500.0,0.2347,Yahoo Finance / yfinance get_info,OK,PRET_SSI
2026-10-07,Neostellar Capital Corp.      R,0GV.F,EUR,Allemagne,172605408.0,FRA,Frankfurt,EQUITY,,Yahoo Finance / yfinance EquityQuery,2026-10-07,Détection mécanique 50-300 MEUR ; qualification SSI requise.,DETECTE,,2026-10-07,254,6.519999980926514,0.0,-33.19672307350464,-38.14041741438262,9.13134999036789,False,Yahoo Finance / yfinance - historique quotidien 1 an,OK,OUI,2026-10-08,2051513.0,0.791,1.0,,-10032904.0,12940740.0,62454056.0,,26473222.0,0.084680006,Yahoo Finance / yfinance get_info,OK,PRET_SSI
2026-10-07,Asia Tele-Net                 C,DKC.F,EUR,Allemagne,172702432.0,FRA,Frankfurt,EQUITY,,Yahoo Finance / yfinance EquityQuery,2026-10-07,Détection mécanique 50-300 MEUR ; qualification SSI requise.,DETECTE,,2026-10-07,254,0.4560000002384186,0.0,-40.779219281313495,206.0402605362958,0.6323624980449677,False,Yahoo Finance / yfinance - historique quotidien 1 an,OK,OUI,2026-10-08,675814976.0,0.789,0.21271999,58944000.0,55429624.0,966856000.0,175924000.0,,378733400.0,0.73193,Yahoo Finance / yfinance get_info,OK,PRET_SSI
2026-10-07,Exagen Inc.                   R,E08A.F,EUR,Allemagne,172742864.0,FRA,Frankfurt,EQUITY,,Yahoo Finance / yfinance EquityQuery,2026-10-07,Détection mécanique 50-300 MEUR ; qualification SSI requise.,DETECTE,,2026-10-07,254,7.150000095367432,0.0,87.17278063661631,188.30645324102176,4.109449993371964,True,Yahoo Finance / yfinance - historique quotidien 1 an,OK,OUI,2026-10-08,71122000.0,0.159,0.58636004,-10772000.0,-1557000.0,24588000.0,27656000.0,,24159839.0,0.24330999,Yahoo Finance / yfinance get_info,OK,PRET_SSI
2026-10-07,Compagnie Chargeurs Invest SA A,GET.F,EUR,Allemagne,172762048.0,FRA,Frankfurt,EQUITY,,Yahoo Finance / yfinance EquityQuery,2026-10-07,Détection mécanique 50-300 MEUR ; qualification SSI requise.,DETECTE,,2026-10-07,254,7.150000095367432,0.0,-19.026045785439905,-11.837233069663732,8.64899996995926,False,Yahoo Finance / yfinance - historique quotidien 1 an,OK,OUI,2026-10-08,388800000.0,-0.141,0.30453,11200000.0,-46925000.0,200500000.0,434000000.0,,24162523.0,0.64083,Yahoo Finance / yfinance get_info,OK,PRET_SSI
2026-10-07,ONWARD Medical B.V.,63E.SG,EUR,Allemagne,172779024.0,STU,Stuttgart,EQUITY,,Yahoo Finance / yfinance EquityQuery,2026-10-07,Détection mécanique 50-300 MEUR ; qualification SSI requise.,DETECTE,,2026-10-07,254,2.484999895095825,0.0,-0.6000041961669922,-18.25658137241892,3.127200003862381,False,Yahoo Finance / yfinance - historique quotidien 1 an,OK,OUI,2026-10-08,8421000.0,2.538,0.75359,-43463000.0,-29065376.0,81505000.0,13789000.0,,69528780.0,0.27052,Yahoo Finance / yfinance get_info,OK,PRET_SSI
2026-10-07,WildBrain Ltd.                R,D6X.F,EUR,Allemagne,172806896.0,FRA,Frankfurt,EQUITY,,Yahoo Finance / yfinance EquityQuery,2026-10-07,Détection mécanique 50-300 MEUR ; qualification SSI requise.,DETECTE,,2026-10-07,254,0.8149999976158142,0.0,-1.2121200736670112,-11.413045344427053,0.8385449990630149,False,Yahoo Finance / yfinance - historique quotidien 1 an,OK,OUI,2026-10-08,245707008.0,-0.29,0.39021,-9525000.0,834500.0,89163000.0,61548000.0,,212033011.0,0.02513,Yahoo Finance / yfinance get_info,OK,PRET_SSI
2026-10-07,Perfect Corp.                 R,SZ9.F,EUR,Allemagne,172939040.0,FRA,Frankfurt,EQUITY,,Yahoo Finance / yfinance EquityQuery,2026-10-07,Détection mécanique 50-300 MEUR ; qualification SSI requise.,DETECTE,,2026-10-07,254,1.6979999542236328,0.0,2.6602121637004483,25.036811792414326,1.4544999998807908,True,Yahoo Finance / yfinance - historique quotidien 1 an,OK,OUI,2026-10-08,71068000.0,-0.0,0.79726,3649000.0,5470000.0,162020992.0,644000.0,,85059953.0,0.53589,Yahoo Finance / yfinance get_info,OK,PRET_SSI
2026-10-07,Octave Specialty Group Inc.   R,FGPN.F,EUR,Allemagne,172997712.0,FRA,Frankfurt,EQUITY,,Yahoo Finance / yfinance EquityQuery,2026-10-07,Détection mécanique 50-300 MEUR ; qualification SSI requise.,DETECTE,,2026-10-07,254,3.839999914169312,0.0,-22.580647487173945,17.791408754686366,4.413050000667572,False,Yahoo Finance / yfinance - historique quotidien 1 an,OK,OUI,2026-10-08,320673984.0,0.51,0.62109,7368000.0,341303360.0,109301000.0,155459008.0,,45051486.0,0.07908,Yahoo Finance / yfinance get_info,OK,PRET_SSI
2026-10-07,Klaipedos Nafta AB            R,XIC.F,EUR,Allemagne,173080448.0,FRA,Frankfurt,EQUITY,,Yahoo Finance / yfinance EquityQuery,2026-10-07,Détection mécanique 50-300 MEUR ; qualification SSI requise.,DETECTE,,2026-10-07,254,0.4550000131130218,0.0,1.7897128116184602,12.06897197179584,0.4362300007045269,True,Yahoo Finance / yfinance - historique quotidien 1 an,OK,OUI,2026-10-08,112275000.0,0.1,0.48279,56343000.0,,78047000.0,316464992.0,,380396585.0,0.829,Yahoo Finance / yfinance get_info,OK,PRET_SSI
2026-10-07,Northern Ocean Ltd.           R,4JO.F,EUR,Allemagne,173439216.0,FRA,Frankfurt,EQUITY,,Yahoo Finance / yfinance EquityQuery,2026-10-07,Détection mécanique 50-300 MEUR ; qualification SSI requise.,DETECTE,,2026-10-07,254,0.5720000267028809,0.0,-9.206344280593692,-22.493218759956825,0.6959949973225593,False,Yahoo Finance / yfinance - historique quotidien 1 an,OK,OUI,2026-10-08,214062000.0,-0.306,-0.010670001,-11274000.0,15169250.0,19652000.0,132777000.0,,303215392.0,0.60987,Yahoo Finance / yfinance get_info,OK,PRET_SSI
2026-10-07,ORVANA MINERALS CORP.         R,O6M.F,EUR,Allemagne,173511424.0,FRA,Frankfurt,EQUITY,,Yahoo Finance / yfinance EquityQuery,2026-10-07,Détection mécanique 50-300 MEUR ; qualification SSI requise.,DETECTE,,2026-10-07,254,1.2699999809265137,0.0,6.722682341118058,6.722682341118058,1.1923499986529351,True,Yahoo Finance / yfinance - historique quotidien 1 an,OK,OUI,2026-10-08,155591008.0,0.693,0.46768,59443000.0,1923750.0,32562000.0,100173000.0,,136623171.0,0.52036,Yahoo Finance / yfinance get_info,OK,PRET_SSI
2026-10-07,ADM Hamburg AG                I,OEL.F,EUR,Allemagne,173721600.0,FRA,Frankfurt,EQUITY,,Yahoo Finance / yfinance EquityQuery,2026-10-07,Détection mécanique 50-300 MEUR ; qualification SSI requise.,DETECTE,,2026-10-07,254,232.0,0.0,-4.132231404958676,1.7543859649122862,233.88,False,Yahoo Finance / yfinance - historique quotidien 1 an,OK,OUI,2026-10-08,365006624.0,-0.136,0.34744,26567508.0,-5205256.0,1053.0,18251616.0,,748800.0,0.0,Yahoo Finance / yfinance get_info,OK,PRET_SSI
2026-10-07,Deoleo S.A.                   A,SC5A.F,EUR,Allemagne,174000000.0,FRA,Frankfurt,EQUITY,,Yahoo Finance / yfinance EquityQuery,2026-10-07,Détection mécanique 50-300 MEUR ; qualification SSI requise.,DETECTE,,2026-10-07,254,0.3479999899864197,0.0,5.135948560651382,5.135948560651382,0.2879275009781122,True,Yahoo Finance / yfinance - historique quotidien 1 an,OK,OUI,2026-10-08,784430016.0,-0.085,0.26284,66251000.0,8593375.0,31510000.0,136419008.0,,500000004.0,0.0519,Yahoo Finance / yfinance get_info,OK,PRET_SSI
2026-10-07,VEF AB                        N,0TX.F,EUR,Allemagne,174069952.0,FRA,Frankfurt,EQUITY,,Yahoo Finance / yfinance EquityQuery,2026-10-07,Détection mécanique 50-300 MEUR ; qualification SSI requise.,DETECTE,,2026-10-07,254,0.1712000072002411,0.0,5.159710152276498,-13.096441678291338,0.1767040006071329,False,Yahoo Finance / yfinance - historique quotidien 1 an,OK,OUI,2026-10-08,42820000.0,,1.0,34343500.0,19293624.0,8224000.0,24634000.0,,1016763735.0,0.02913,Yahoo Finance / yfinance get_info,OK,PRET_SSI
2026-10-07,Krakatau Steel(Persero) TBK PTR,07K.F,EUR,Allemagne,174117568.0,FRA,Frankfurt,EQUITY,,Yahoo Finance / yfinance EquityQuery,2026-10-07,Détection mécanique 50-300 MEUR ; qualification SSI requise.,DETECTE,,2026-10-07,254,0.0089999996125698,0.0,19.99999751647308,-53.84615678523883,0.0108200001041404,False,Yahoo Finance / yfinance - historique quotidien 1 an,OK,OUI,2026-10-08,1121747968.0,0.594,0.07244,-35278000.0,-446284512.0,89389000.0,1178352000.0,,19346396899.0,0.8,Yahoo Finance / yfinance get_info,OK,PRET_SSI
2026-10-07,Corporate Travel Management   R,1C6.F,EUR,Allemagne,174127648.0,FRA,Frankfurt,EQUITY,,Yahoo Finance / yfinance EquityQuery,2026-10-07,Détection mécanique 50-300 MEUR ; qualification SSI requise.,DETECTE,,2026-10-07,254,1.190000057220459,0.0,-86.32183812287951,-86.32183812287951,8.513549814224243,False,Yahoo Finance / yfinance - historique quotidien 1 an,OK,OUI,2026-10-08,665865024.0,0.035,0.38234,57301000.0,-15790750.0,106901000.0,33556000.0,,146325746.0,0.25866,Yahoo Finance / yfinance get_info,OK,PRET_SSI
2026-10-07,STRA Hannov.Verkehrsbetr. AG In,HVB.F,EUR,Allemagne,174200000.0,FRA,Frankfurt,EQUITY,,Yahoo Finance / yfinance EquityQuery,2026-10-07,Détection mécanique 50-300 MEUR ; qualification SSI requise.,DETECTE,,2026-10-07,254,6.699999809265137,0.0,-2.8985548309857667,-8.843538827228404,7.168500037193298,False,Yahoo Finance / yfinance - historique quotidien 1 an,OK,OUI,2026-10-08,212468000.0,0.193,-0.44562,-67097000.0,-43083876.0,81459000.0,110526000.0,,26000000.0,0.9838,Yahoo Finance / yfinance get_info,OK,PRET_SSI
2026-10-07,Core Molding Technologies Inc.R,XQN.F,EUR,Allemagne,174691296.0,FRA,Frankfurt,EQUITY,,Yahoo Finance / yfinance EquityQuery,2026-10-07,Détection mécanique 50-300 MEUR ; qualification SSI requise.,DETECTE,,2026-10-07,254,20.39999961853028,0.0,0.990093307113904,-5.555558989567954,19.44500009059906,True,Yahoo Finance / yfinance - historique quotidien 1 an,OK,OUI,2026-10-08,254424000.0,-0.208,0.18155001,24009000.0,-8762000.0,12134000.0,15146000.0,,8563299.0,0.11933,Yahoo Finance / yfinance get_info,OK,PRET_SSI
2026-10-07,Zumtobel Group AG             I,T9Z.F,EUR,Allemagne,174701312.0,FRA,Frankfurt,EQUITY,,Yahoo Finance / yfinance EquityQuery,2026-10-07,Détection mécanique 50-300 MEUR ; qualification SSI requise.,DETECTE,,2026-10-07,254,4.059999942779541,0.0,6.842105098048079,10.928957583837516,3.863200016021728,True,Yahoo Finance / yfinance - historique quotidien 1 an,OK,OUI,2026-10-08,1038099008.0,-0.009,0.3676,57146000.0,5926625.0,54905000.0,200920992.0,,42337712.0,0.36,Yahoo Finance / yfinance get_info,OK,PRET_SSI
2026-10-07,One Stop Systems Inc.         R,5MU.F,EUR,Allemagne,174955008.0,FRA,Frankfurt,EQUITY,,Yahoo Finance / yfinance EquityQuery,2026-10-07,Détection mécanique 50-300 MEUR ; qualification SSI requise.,DETECTE,,2026-10-07,254,7.014999866485596,0.0,-37.64444563123915,-5.965149723670948,9.869599967002868,False,Yahoo Finance / yfinance - historique quotidien 1 an,OK,OUI,2026-10-08,38666140.0,0.623,0.49268,173121.0,10990046.0,31407756.0,1367134.0,,24940130.0,0.16593,Yahoo Finance / yfinance get_info,OK,PRET_SSI
2026-10-07,China High-Speed Trans.Equip. R,BGR.F,EUR,Allemagne,174976192.0,FRA,Frankfurt,EQUITY,,Yahoo Finance / yfinance EquityQuery,2026-10-07,Détection mécanique 50-300 MEUR ; qualification SSI requise.,DETECTE,,2026-10-07,254,0.1070000007748603,0.0,-3.603604147838846,-46.500000409781926,0.1682500011473894,False,Yahoo Finance / yfinance - historique quotidien 1 an,OK,OUI,2026-10-08,17274580992.0,-0.246,0.24535999,3269428992.0,1870260352.0,7688730112.0,9078818816.0,,1635291556.0,0.77095,Yahoo Finance / yfinance get_info,OK,PRET_SSI
2026-10-07,B & G Foods Inc.(New)         R,DHR.F,EUR,Allemagne,175067808.0,FRA,Frankfurt,EQUITY,DAP.F,Yahoo Finance / yfinance EquityQuery,2026-10-07,Détection mécanique 50-300 MEUR ; qualification SSI requise.,DETECTE,,2026-10-07,254,2.1540000438690186,0.0,-37.52900021850427,-52.9899574884355,3.6467900037765504,False,Yahoo Finance / yfinance - historique quotidien 1 an,OK,OUI,2026-10-08,1771070976.0,-0.097,0.22072001,258688000.0,174660496.0,591576000.0,2575214080.0,,81275671.0,0.04861,Yahoo Finance / yfinance get_info,OK,PRET_SSI
2026-10-07,ONWARD Medical B.V.           A,63E.F,EUR,Allemagne,175212528.0,FRA,Frankfurt,EQUITY,,Yahoo Finance / yfinance EquityQuery,2026-10-07,Détection mécanique 50-300 MEUR ; qualification SSI requise.,DETECTE,,2026-10-07,254,2.5199999809265137,0.0,-1.1764694882648974,-17.377048513960425,3.1146250009536742,False,Yahoo Finance / yfinance - historique quotidien 1 an,OK,OUI,2026-10-08,8421000.0,2.538,0.75359,-43463000.0,-29065376.0,81505000.0,13789000.0,,69528780.0,0.27052,Yahoo Finance / yfinance get_info,OK,PRET_SSI
2026-10-07,China Kepei Education Grp Ltd.R,9CK.F,EUR,Allemagne,175239632.0,FRA,Frankfurt,EQUITY,,Yahoo Finance / yfinance EquityQuery,2026-10-07,Détection mécanique 50-300 MEUR ; qualification SSI requise.,DETECTE,,2026-10-07,254,0.0869999974966049,0.0,-1.1363659454278865,-29.268296671934767,0.1111500005424022,False,Yahoo Finance / yfinance - historique quotidien 1 an,OK,OUI,2026-10-08,2057721984.0,0.202,0.4305,954057984.0,521395616.0,1373281024.0,1137412992.0,,2014248667.0,0.74886,Yahoo Finance / yfinance get_info,OK,PRET_SSI
2026-10-07,CONSUMER PORTFOLIO SVCS INC.  R,FC8.F,EUR,Allemagne,175241472.0,FRA,Frankfurt,EQUITY,,Yahoo Finance / yfinance EquityQuery,2026-10-07,Détection mécanique 50-300 MEUR ; qualification SSI requise.,DETECTE,,2026-10-07,254,8.0,0.0,-1.8404862030818592,11.888110395736827,7.75200001001358,True,Yahoo Finance / yfinance - historique quotidien 1 an,OK,OUI,2026-10-08,211772992.0,0.189,1.0,,,7501000.0,4025783040.0,,21905185.0,0.39861,Yahoo Finance / yfinance get_info,OK,PRET_SSI
2026-10-07,FocalTherics                  A,EDA.F,EUR,Allemagne,175646128.0,FRA,Frankfurt,EQUITY,,Yahoo Finance / yfinance EquityQuery,2026-10-07,Détection mécanique 50-300 MEUR ; qualification SSI requise.,DETECTE,,2026-10-07,254,3.7200000286102295,0.0,-18.777290598728403,33.81295204656194,3.698900009393692,True,Yahoo Finance / yfinance - historique quotidien 1 an,OK,OUI,2026-10-08,79314000.0,0.388,0.44485,-23673000.0,-12742206.0,21542000.0,41677000.0,,47216700.0,0.05114,Yahoo Finance / yfinance get_info,OK,PRET_SSI
2026-10-07,Healius Ltd.                  R,PGZ.F,EUR,Allemagne,175735280.0,FRA,Frankfurt,EQUITY,,Yahoo Finance / yfinance EquityQuery,2026-10-07,Détection mécanique 50-300 MEUR ; qualification SSI requise.,DETECTE,,2026-10-07,254,0.2419999986886978,0.0,15.238098211569673,-16.551722188908702,0.3081999997794628,False,Yahoo Finance / yfinance - historique quotidien 1 an,OK,OUI,2026-10-08,1373200000.0,,0.31183,59800000.0,132187504.0,67200000.0,996400000.0,,726178798.0,0.0247,Yahoo Finance / yfinance get_info,OK,PRET_SSI
2026-10-07,Lifetime Brands Inc.          R,LH1.F,EUR,Allemagne,175864592.0,FRA,Frankfurt,EQUITY,,Yahoo Finance / yfinance EquityQuery,2026-10-07,Détection mécanique 50-300 MEUR ; qualification SSI requise.,DETECTE,,2026-10-07,254,7.650000095367432,0.0,15.90909402889329,12.499998246922273,5.613850001096726,True,Yahoo Finance / yfinance - historique quotidien 1 an,OK,OUI,2026-10-08,661062976.0,0.074,0.37293,45718000.0,598875.0,5451000.0,259424992.0,,22988836.0,0.17132,Yahoo Finance / yfinance get_info,OK,PRET_SSI
2026-10-07,Andrada Mining Ltd.           R,9IA.F,EUR,Allemagne,175913184.0,FRA,Frankfurt,EQUITY,,Yahoo Finance / yfinance EquityQuery,2026-10-07,Détection mécanique 50-300 MEUR ; qualification SSI requise.,DETECTE,,2026-10-07,254,0.0799999982118606,0.0,107.79220427363371,128.571422489322,0.046322500128299,True,Yahoo Finance / yfinance - historique quotidien 1 an,OK,OUI,2026-10-08,30087644.0,0.549,0.25677,314457.0,4921683.0,8922977.0,20320484.0,,2198914748.0,0.41821998,Yahoo Finance / yfinance get_info,OK,PRET_SSI
2026-10-07,RCI Hospitality Holdings Inc. R,RIK.F,EUR,Allemagne,176137536.0,FRA,Frankfurt,EQUITY,,Yahoo Finance / yfinance EquityQuery,2026-10-07,Détection mécanique 50-300 MEUR ; qualification SSI requise.,DETECTE,,2026-10-07,254,23.020000457763672,0.0,-0.1734562406984663,11.531013267901912,21.816500005722045,True,Yahoo Finance / yfinance - historique quotidien 1 an,OK,OUI,2026-10-08,284419008.0,0.039,0.84964997,55220000.0,36305248.0,26404000.0,268256000.0,,7651500.0,0.14667,Yahoo Finance / yfinance get_info,OK,PRET_SSI
2026-10-07,ActiveOps PLC                 R,95D.F,EUR,Allemagne,176466064.0,FRA,Frankfurt,EQUITY,,Yahoo Finance / yfinance EquityQuery,2026-10-07,Détection mécanique 50-300 MEUR ; qualification SSI requise.,DETECTE,,2026-10-07,254,2.4600000381469727,0.0,5.128210614497419,10.810811101069609,2.488200011253357,False,Yahoo Finance / yfinance - historique quotidien 1 an,OK,OUI,2026-10-08,45002000.0,0.498,0.83978,2268000.0,22020250.0,23810000.0,126000.0,,71734170.0,0.22600001,Yahoo Finance / yfinance get_info,OK,PRET_SSI
2026-10-07,Polaris Renewable Energy Inc. R,N4T.F,EUR,Allemagne,176565152.0,FRA,Frankfurt,EQUITY,,Yahoo Finance / yfinance EquityQuery,2026-10-07,Détection mécanique 50-300 MEUR ; qualification SSI requise.,DETECTE,,2026-10-07,254,8.449999809265137,0.0,-10.582010795593478,6.962021610863345,8.234499986171722,True,Yahoo Finance / yfinance - historique quotidien 1 an,OK,OUI,2026-10-08,78254000.0,-0.079,0.81656,54728000.0,30001750.0,93219000.0,219352000.0,,20895285.0,0.032509997,Yahoo Finance / yfinance get_info,OK,PRET_SSI
2026-10-07,Noram Drilling Company A.S.   N,TM9.F,EUR,Allemagne,176900464.0,FRA,Frankfurt,EQUITY,,Yahoo Finance / yfinance EquityQuery,2026-10-07,Détection mécanique 50-300 MEUR ; qualification SSI requise.,DETECTE,,2026-10-07,254,4.079999923706055,203.9999961853028,8.222810194904984,-6.098961548486215,3.832549991607666,True,Yahoo Finance / yfinance - historique quotidien 1 an,OK,OUI,2026-10-08,105981000.0,0.179,0.70363,18483000.0,14660713.0,8105000.0,0.0,,43357957.0,0.53635,Yahoo Finance / yfinance get_info,OK,PRET_SSI
2026-10-07,LIU CHONG HING INVESTMENT LTD.R,LIW.F,EUR,Allemagne,177076464.0,FRA,Frankfurt,EQUITY,,Yahoo Finance / yfinance EquityQuery,2026-10-07,Détection mécanique 50-300 MEUR ; qualification SSI requise.,DETECTE,,2026-10-07,152,0.4569999873638153,0.0,-3.1779693657383867,-7.7699316038202575,,,Yahoo Finance / yfinance - historique quotidien 1 an,OK,OUI,2026-10-08,943217984.0,-0.199,0.4376,67850000.0,-60255876.0,1778018944.0,2797256960.0,,378583440.0,0.59575003,Yahoo Finance / yfinance get_info,OK,PRET_SSI
2026-10-07,Troops Inc.                   R,SG5.F,EUR,Allemagne,177132256.0,FRA,Frankfurt,EQUITY,,Yahoo Finance / yfinance EquityQuery,2026-10-07,Détection mécanique 50-300 MEUR ; qualification SSI requise.,DETECTE,,2026-10-07,254,1.4500000476837158,0.0,-18.07909246842436,-27.13567634498329,2.377550002336502,False,Yahoo Finance / yfinance - historique quotidien 1 an,OK,OUI,2026-10-08,17096000.0,0.27,0.11798,-13796000.0,7484750.0,4019000.0,4000.0,,122160166.0,0.59966,Yahoo Finance / yfinance get_info,OK,PRET_SSI
2026-10-07,DHI Group Inc.                R,32D.F,EUR,Allemagne,177170704.0,FRA,Frankfurt,EQUITY,,Yahoo Finance / yfinance EquityQuery,2026-10-07,Détection mécanique 50-300 MEUR ; qualification SSI requise.,DETECTE,,2026-10-07,254,4.079999923706055,0.0,20.71005282734799,72.88136038414488,2.7397399950027466,True,Yahoo Finance / yfinance - historique quotidien 1 an,OK,OUI,2026-10-08,124532000.0,-0.021,0.83787,29845000.0,15170000.0,3769000.0,40742000.0,,43424190.0,0.18629,Yahoo Finance / yfinance get_info,OK,PRET_SSI
2026-10-07,Inkeverse Group Ltd.          R,5IK.F,EUR,Allemagne,177857168.0,FRA,Frankfurt,EQUITY,,Yahoo Finance / yfinance EquityQuery,2026-10-07,Détection mécanique 50-300 MEUR ; qualification SSI requise.,DETECTE,,2026-10-07,254,0.0764999985694885,0.0,-36.77686034379196,-6.134972521984928,0.1000850000232458,False,Yahoo Finance / yfinance - historique quotidien 1 an,OK,OUI,2026-10-08,4428715008.0,-0.26,0.55485,34893000.0,-701238272.0,3191456000.0,277284000.0,,2324930400.0,0.41527,Yahoo Finance / yfinance get_info,OK,PRET_SSI
2026-10-07,Motorcar Parts of America Inc.R,54M.F,EUR,Allemagne,177972144.0,FRA,Frankfurt,EQUITY,,Yahoo Finance / yfinance EquityQuery,2026-10-07,Détection mécanique 50-300 MEUR ; qualification SSI requise.,DETECTE,,2026-10-07,254,9.399999618530272,0.0,-22.31405518857924,-1.5706865885732224,10.247749972343446,False,Yahoo Finance / yfinance - historique quotidien 1 an,OK,OUI,2026-10-08,769462976.0,-0.108,0.20598,62544000.0,-22959624.0,21399000.0,232856000.0,,18933207.0,0.06708,Yahoo Finance / yfinance get_info,OK,PRET_SSI
2026-10-07,BLE KEDROS REIC               N,N67.F,EUR,Allemagne,178191520.0,FRA,Frankfurt,EQUITY,,Yahoo Finance / yfinance EquityQuery,2026-10-07,Détection mécanique 50-300 MEUR ; qualification SSI requise.,DETECTE,,2026-10-07,254,4.409999847412109,0.0,4.502371248028658,6.5217388800477005,4.208849977254868,True,Yahoo Finance / yfinance - historique quotidien 1 an,OK,OUI,2026-10-08,10250453.0,-0.172,0.95265,5438211.0,12291217.0,7804013.0,10438100.0,,40406240.0,0.7388,Yahoo Finance / yfinance get_info,OK,PRET_SSI
2026-10-07,Exodus Movement Inc.          R,BU3.F,EUR,Allemagne,178199232.0,FRA,Frankfurt,EQUITY,,Yahoo Finance / yfinance EquityQuery,2026-10-07,Détection mécanique 50-300 MEUR ; qualification SSI requise.,DETECTE,,2026-10-07,231,5.900000095367432,0.0,38.49764737961205,3.5087770665746643,7.158049991130829,False,Yahoo Finance / yfinance - historique quotidien 1 an,OK,OUI,2026-10-08,108703000.0,0.016,0.93607,-23785000.0,6125375.0,21211000.0,0.0,,11015102.0,0.51219004,Yahoo Finance / yfinance get_info,OK,PRET_SSI
2026-10-07,QuickLogic Corp.              R,QKL1.F,EUR,Allemagne,178231600.0,FRA,Frankfurt,EQUITY,,Yahoo Finance / yfinance EquityQuery,2026-10-07,Détection mécanique 50-300 MEUR ; qualification SSI requise.,DETECTE,,2026-10-07,254,9.729999542236328,0.0,-23.44610926016257,4.455179608671012,10.575150029659271,False,Yahoo Finance / yfinance - historique quotidien 1 an,OK,OUI,2026-10-08,16295000.0,0.487,0.27321,-5334000.0,2573750.0,18475000.0,7876000.0,,18317741.0,0.09405,Yahoo Finance / yfinance get_info,OK,PRET_SSI
2026-10-07,Alumil Aluminium Industry S.A.N,A3A.F,EUR,Allemagne,178275232.0,FRA,Frankfurt,EQUITY,,Yahoo Finance / yfinance EquityQuery,2026-10-07,Détection mécanique 50-300 MEUR ; qualification SSI requise.,DETECTE,,2026-10-07,254,5.5,0.0,-2.826852503984878,-8.789389574916695,5.637299983501435,False,Yahoo Finance / yfinance - historique quotidien 1 an,OK,OUI,2026-10-08,548162176.0,0.16,0.27656,70289816.0,-3264180.0,29981784.0,177876128.0,,32413681.0,0.7957,Yahoo Finance / yfinance get_info,OK,PRET_SSI
2026-10-07,DeFi Technologies Inc.        R,R9B.F,EUR,Allemagne,178290016.0,FRA,Frankfurt,EQUITY,,Yahoo Finance / yfinance EquityQuery,2026-10-07,Détection mécanique 50-300 MEUR ; qualification SSI requise.,DETECTE,,2026-10-07,254,0.4593999981880188,1570.5900326371193,12.212997947759895,-30.39394243437821,0.5603425003588199,False,Yahoo Finance / yfinance - historique quotidien 1 an,OK,OUI,2026-10-08,61209504.0,-0.407,1.0,16854776.0,-95322352.0,86633256.0,0.0,,388093225.0,0.0235,Yahoo Finance / yfinance get_info,OK,PRET_SSI
2026-10-07,Akwel S.A.,MW4.SG,EUR,Allemagne,178338752.0,STU,Stuttgart,EQUITY,,Yahoo Finance / yfinance EquityQuery,2026-10-07,Détection mécanique 50-300 MEUR ; qualification SSI requise.,DETECTE,,2026-10-07,254,6.320000171661377,0.0,-2.4691334404499887,-9.195400330141224,6.819299993515014,False,Yahoo Finance / yfinance - historique quotidien 1 an,OK,OUI,2026-10-08,844611008.0,-0.186,0.57257,69678000.0,7267500.0,102297000.0,14749000.0,,26544196.0,0.71009004,Yahoo Finance / yfinance get_info,OK,PRET_SSI
2026-10-07,Crest Nicholson Holdings PLC  R,C38.F,EUR,Allemagne,178457440.0,FRA,Frankfurt,EQUITY,,Yahoo Finance / yfinance EquityQuery,2026-10-07,Détection mécanique 50-300 MEUR ; qualification SSI requise.,DETECTE,,2026-10-07,254,0.6949999928474426,0.0,-9.740258433360772,-41.596642064808975,1.06171000033617,False,Yahoo Finance / yfinance - historique quotidien 1 an,OK,OUI,2026-10-08,558899968.0,-0.208,0.10199001,4000000.0,28050000.0,95600000.0,245000000.0,,256773302.0,0.13452,Yahoo Finance / yfinance get_info,OK,PRET_SSI
2026-10-07,Noram Drilling Company A.S.,TM9.SG,EUR,Allemagne,178634768.0,STU,Stuttgart,EQUITY,,Yahoo Finance / yfinance EquityQuery,2026-10-07,Détection mécanique 50-300 MEUR ; qualification SSI requise.,DETECTE,,2026-10-07,254,4.119999885559082,0.0,8.85072106028424,-4.297327529765216,3.822750002145767,True,Yahoo Finance / yfinance - historique quotidien 1 an,OK,OUI,2026-10-08,105981000.0,0.179,0.70363,18483000.0,14660713.0,8105000.0,0.0,,43357957.0,0.53635,Yahoo Finance / yfinance get_info,OK,PRET_SSI
2026-10-07,Directa Sim S.p.A.            A,ZP7.F,EUR,Allemagne,178666672.0,FRA,Frankfurt,EQUITY,,Yahoo Finance / yfinance EquityQuery,2026-10-07,Détection mécanique 50-300 MEUR ; qualification SSI requise.,DETECTE,,2026-10-07,254,6.699999809265137,0.0,-23.86364018128915,2.760733571552021,6.492450008392334,True,Yahoo Finance / yfinance - historique quotidien 1 an,OK,OUI,2026-10-08,49564492.0,0.148,0.85396004,,,23799826.0,108271608.0,,18750000.0,0.85182,Yahoo Finance / yfinance get_info,OK,PRET_SSI
2026-10-07,Praemium Ltd.                 R,P9A.F,EUR,Allemagne,179389856.0,FRA,Frankfurt,EQUITY,,Yahoo Finance / yfinance EquityQuery,2026-10-07,Détection mécanique 50-300 MEUR ; qualification SSI requise.,DETECTE,,2026-10-07,217,0.3680000007152557,0.0,-9.803919706698396,-6.122446341943489,0.3976699993014335,False,Yahoo Finance / yfinance - historique quotidien 1 an,OK,OUI,2026-10-08,110462000.0,0.0,0.53754,22068000.0,4783625.0,30097000.0,3388000.0,,487472439.0,0.12821999,Yahoo Finance / yfinance get_info,OK,PRET_SSI
2026-10-07,Expert.AI S.p.A.              A,3K2.F,EUR,Allemagne,179806208.0,FRA,Frankfurt,EQUITY,,Yahoo Finance / yfinance EquityQuery,2026-10-07,Détection mécanique 50-300 MEUR ; qualification SSI requise.,DETECTE,,2026-10-07,254,1.590000033378601,0.0,-3.048777606854592,-7.01754398195269,1.6324199998378754,False,Yahoo Finance / yfinance - historique quotidien 1 an,OK,OUI,2026-10-08,45913260.0,0.689,0.14807001,-1636308.0,-4898007.0,11172430.0,17495148.0,,113085660.0,0.17378001,Yahoo Finance / yfinance get_info,OK,PRET_SSI
2026-10-07,Warpaint London PLC           R,1J2.F,EUR,Allemagne,179890896.0,FRA,Frankfurt,EQUITY,,Yahoo Finance / yfinance EquityQuery,2026-10-07,Détection mécanique 50-300 MEUR ; qualification SSI requise.,DETECTE,,2026-10-07,254,2.259999990463257,0.0,4.629625030505991,-5.04202177342542,2.288749997615814,False,Yahoo Finance / yfinance - historique quotidien 1 an,OK,OUI,2026-10-08,96300000.0,-0.178,0.43679002,15632000.0,12605250.0,20684000.0,8979000.0,,79597746.0,0.42080003,Yahoo Finance / yfinance get_info,OK,PRET_SSI
2026-10-07,Frauenthal Holding AG         I,F1H.F,EUR,Allemagne,179951008.0,FRA,Frankfurt,EQUITY,,Yahoo Finance / yfinance EquityQuery,2026-10-07,Détection mécanique 50-300 MEUR ; qualification SSI requise.,DETECTE,,2026-10-07,212,20.799999237060547,0.0,-2.8037401503044235,1.960782480441492,21.052499837875366,False,Yahoo Finance / yfinance - historique quotidien 1 an,OK,OUI,2026-10-08,790393024.0,-0.093,0.24006,26870000.0,43514248.0,17693000.0,136232992.0,,8651491.0,0.0,Yahoo Finance / yfinance get_info,OK,PRET_SSI
2026-10-07,National CineMedia Inc.       R,XWM0.F,EUR,Allemagne,180058144.0,FRA,Frankfurt,EQUITY,,Yahoo Finance / yfinance EquityQuery,2026-10-07,Détection mécanique 50-300 MEUR ; qualification SSI requise.,DETECTE,,2026-10-07,254,1.919999957084656,0.0,-44.82758774248985,-33.79310710535026,2.8237499940395354,False,Yahoo Finance / yfinance - historique quotidien 1 an,OK,OUI,2026-10-08,249000000.0,0.127,0.43613997,21300000.0,30362500.0,43100000.0,21900000.0,,93780289.0,0.01434,Yahoo Finance / yfinance get_info,OK,PRET_SSI
2026-10-07,Luca Mining Corp.             R,Z68.F,EUR,Allemagne,180271296.0,FRA,Frankfurt,EQUITY,,Yahoo Finance / yfinance EquityQuery,2026-10-07,Détection mécanique 50-300 MEUR ; qualification SSI requise.,DETECTE,,2026-10-07,254,0.6549999713897705,0.0,7.113645924835965,-27.50415533755128,0.8043685005605221,False,Yahoo Finance / yfinance - historique quotidien 1 an,OK,OUI,2026-10-08,211936992.0,0.471,0.31065,55159000.0,17414124.0,24698000.0,50379000.0,,275223353.0,0.15082,Yahoo Finance / yfinance get_info,OK,PRET_SSI
2026-10-07,West Red Lake Gold Mines Ltd. R,UJ0.F,EUR,Allemagne,180305360.0,FRA,Frankfurt,EQUITY,,Yahoo Finance / yfinance EquityQuery,2026-10-07,Détection mécanique 50-300 MEUR ; qualification SSI requise.,DETECTE,,2026-10-07,254,0.4350000023841858,0.0,8.749998975545182,-28.92156690874723,0.5548725019395352,False,Yahoo Finance / yfinance - historique quotidien 1 an,OK,OUI,2026-10-08,168072992.0,1.023,0.49175,55065384.0,,31214000.0,120655000.0,,414495085.0,0.0061799996,Yahoo Finance / yfinance get_info,OK,PRET_SSI
2026-10-07,St. George Mining Ltd.        R,S0G.F,EUR,Allemagne,180528384.0,FRA,Frankfurt,EQUITY,,Yahoo Finance / yfinance EquityQuery,2026-10-07,Détection mécanique 50-300 MEUR ; qualification SSI requise.,DETECTE,,2026-10-07,254,0.0384000018239021,1700.000025331974,-33.793098398536195,-50.12986749093956,0.0634005000256002,False,Yahoo Finance / yfinance - historique quotidien 1 an,OK,OUI,2026-10-08,303736.0,4.287,1.0,-45817276.0,-39676096.0,80670168.0,764182.0,,4701260028.0,0.25214002,Yahoo Finance / yfinance get_info,OK,PRET_SSI
2026-10-07,China Merchants Land Ltd.,TNY1.SG,EUR,Allemagne,181021696.0,STU,Stuttgart,EQUITY,,Yahoo Finance / yfinance EquityQuery,2026-10-07,Détection mécanique 50-300 MEUR ; qualification SSI requise.,DETECTE,,2026-10-07,254,0.0270000007003545,0.0,3.846154397232282,3.846154397232282,0.0275300001446157,False,Yahoo Finance / yfinance - historique quotidien 1 an,OK,OUI,2026-10-08,25208594432.0,-0.213,0.07616,1082849024.0,8068623360.0,13866121216.0,29905348608.0,,4905257860.0,0.75,Yahoo Finance / yfinance get_info,OK,PRET_SSI
2026-10-07,Nordhealth AS                 N,6E5.F,EUR,Allemagne,181272080.0,FRA,Frankfurt,EQUITY,,Yahoo Finance / yfinance EquityQuery,2026-10-07,Détection mécanique 50-300 MEUR ; qualification SSI requise.,DETECTE,,2026-10-07,254,2.299999952316284,0.0,20.418847775414186,3.6036001204980295,2.302899992465973,False,Yahoo Finance / yfinance - historique quotidien 1 an,OK,OUI,2026-10-08,53142000.0,0.102,0.23567,-10509000.0,-1899750.0,12501000.0,0.0,,44216750.0,0.06166,Yahoo Finance / yfinance get_info,OK,PRET_SSI
2026-10-07,Atrys Health S.A.             A,A2T.F,EUR,Allemagne,181445248.0,FRA,Frankfurt,EQUITY,,Yahoo Finance / yfinance EquityQuery,2026-10-07,Détection mécanique 50-300 MEUR ; qualification SSI requise.,DETECTE,,2026-10-07,254,2.390000104904175,0.0,1.0570864806181746,-20.860923178849145,2.6057000052928925,False,Yahoo Finance / yfinance - historique quotidien 1 an,OK,OUI,2026-10-08,147679008.0,0.094,0.16645999,249000.0,12777000.0,12837000.0,118424000.0,,75918513.0,0.56771,Yahoo Finance / yfinance get_info,OK,PRET_SSI
2026-10-07,Toubani Resources Ltd.        R,3V20.F,EUR,Allemagne,181473984.0,FRA,Frankfurt,EQUITY,,Yahoo Finance / yfinance EquityQuery,2026-10-07,Détection mécanique 50-300 MEUR ; qualification SSI requise.,DETECTE,,2026-10-07,254,0.1689999997615814,0.0,-13.034078617623932,-53.055557487187485,0.2271151152253151,False,Yahoo Finance / yfinance - historique quotidien 1 an,OK,OUI,2026-10-08,2387244.0,40.3,1.0,-32071752.0,-57024524.0,73548000.0,0.0,,1073810600.0,0.03266,Yahoo Finance / yfinance get_info,OK,PRET_SSI
2026-10-07,Maritime Launch Services Inc. R,N5X.F,EUR,Allemagne,181809136.0,FRA,Frankfurt,EQUITY,,Yahoo Finance / yfinance EquityQuery,2026-10-07,Détection mécanique 50-300 MEUR ; qualification SSI requise.,DETECTE,,2026-10-07,243,0.2380000054836273,0.0,-20.666667991214272,-36.021505419416,0.2872050005942583,False,Yahoo Finance / yfinance - historique quotidien 1 an,OK,OUI,2026-10-08,6549399.0,,1.0,1052525.0,9763376.0,22701308.0,1302147.0,,763903907.0,0.2582,Yahoo Finance / yfinance get_info,OK,PRET_SSI
2026-10-07,Genel Energy PLC              R,4VL.F,EUR,Allemagne,181876576.0,FRA,Frankfurt,EQUITY,,Yahoo Finance / yfinance EquityQuery,2026-10-07,Détection mécanique 50-300 MEUR ; qualification SSI requise.,DETECTE,,2026-10-07,254,0.6600000262260437,0.0,2.484477108530525,11.111118915685104,0.6471949991583824,True,Yahoo Finance / yfinance - historique quotidien 1 an,OK,OUI,2026-10-08,49700000.0,-0.626,0.57746,2200000.0,-21900000.0,199000000.0,92000000.0,,275570556.0,0.78385,Yahoo Finance / yfinance get_info,OK,PRET_SSI
2026-10-07,FreightCar America Inc.       R,FAR.F,EUR,Allemagne,181905472.0,FRA,Frankfurt,EQUITY,,Yahoo Finance / yfinance EquityQuery,2026-10-07,Détection mécanique 50-300 MEUR ; qualification SSI requise.,DETECTE,,2026-10-07,254,5.550000190734863,0.0,-16.541351712142948,-26.4900655559498,7.573750023841858,False,Yahoo Finance / yfinance - historique quotidien 1 an,OK,OUI,2026-10-08,463524000.0,-0.046,0.12504,23934000.0,14871375.0,62475000.0,144920000.0,,32775760.0,0.13902001,Yahoo Finance / yfinance get_info,OK,PRET_SSI
2026-10-07,China Dongxiang Group Co.     R,4C1.F,EUR,Allemagne,182032704.0,FRA,Frankfurt,EQUITY,,Yahoo Finance / yfinance EquityQuery,2026-10-07,Détection mécanique 50-300 MEUR ; qualification SSI requise.,DETECTE,,2026-10-07,254,0.0309999994933605,0.0,0.0,-30.33708100321313,0.0391525001451373,False,Yahoo Finance / yfinance - historique quotidien 1 an,OK,OUI,2026-10-08,1715325952.0,0.039,0.66652,-159914000.0,-107883504.0,4907244032.0,236599008.0,,5872022954.0,0.43585998,Yahoo Finance / yfinance get_info,OK,PRET_SSI
2026-10-07,Pacific Lime and Cement Ltd.  R,ZD8.F,EUR,Allemagne,182520064.0,FRA,Frankfurt,EQUITY,,Yahoo Finance / yfinance EquityQuery,2026-10-07,Détection mécanique 50-300 MEUR ; qualification SSI requise.,DETECTE,,2026-10-07,169,0.2119999974966049,0.0,-4.504506862857227,30.86419560036777,,,Yahoo Finance / yfinance - historique quotidien 1 an,OK,OUI,2026-10-08,1934280.0,-0.643,-1.05897,-13887831.0,-64511340.0,16723500.0,22046788.0,,860943662.0,0.39889,Yahoo Finance / yfinance get_info,OK,PRET_SSI
2026-10-07,IBERPAPEL GESTION S.A.        A,IBG.F,EUR,Allemagne,182520944.0,FRA,Frankfurt,EQUITY,,Yahoo Finance / yfinance EquityQuery,2026-10-07,Détection mécanique 50-300 MEUR ; qualification SSI requise.,DETECTE,,2026-10-07,172,16.75,0.0,-8.469941539240832,-18.292682926829272,,,Yahoo Finance / yfinance - historique quotidien 1 an,OK,OUI,2026-10-08,214200000.0,0.197,0.57649,2768000.0,46861248.0,124842000.0,10111000.0,,10896773.0,0.22709998,Yahoo Finance / yfinance get_info,OK,PRET_SSI
2026-10-07,FORRESTER RESEARCH INC.       R,FFR.F,EUR,Allemagne,182774400.0,FRA,Frankfurt,EQUITY,,Yahoo Finance / yfinance EquityQuery,2026-10-07,Détection mécanique 50-300 MEUR ; qualification SSI requise.,DETECTE,,2026-10-07,254,9.600000381469728,0.0,17.79142123691213,117.19457501727186,6.828199996948242,True,Yahoo Finance / yfinance - historique quotidien 1 an,OK,OUI,2026-10-08,381040000.0,-0.102,0.5701,14572000.0,11562500.0,131432000.0,63991000.0,,19039000.0,0.40504003,Yahoo Finance / yfinance get_info,OK,PRET_SSI
2026-10-07,TOHO ZINC CO. LTD.            R,T62.F,EUR,Allemagne,182963296.0,FRA,Frankfurt,EQUITY,,Yahoo Finance / yfinance EquityQuery,2026-10-07,Détection mécanique 50-300 MEUR ; qualification SSI requise.,DETECTE,,2026-10-07,254,4.800000190734863,0.0,15.384624201870857,-29.927003539245543,6.157050001621246,False,Yahoo Finance / yfinance - historique quotidien 1 an,OK,OUI,2026-10-08,129779998720.0,0.157,0.1,8455249920.0,,12817000448.0,74811998208.0,,18212492.0,0.0058999998,Yahoo Finance / yfinance get_info,OK,PRET_SSI
2026-10-07,Orron Energy AB               N,LYV.F,EUR,Allemagne,183265216.0,FRA,Frankfurt,EQUITY,,Yahoo Finance / yfinance EquityQuery,2026-10-07,Détection mécanique 50-300 MEUR ; qualification SSI requise.,DETECTE,,2026-10-07,254,0.640999972820282,0.0,-1.6871222429995392,-3.463855840775165,0.6547739996016025,False,Yahoo Finance / yfinance - historique quotidien 1 an,OK,OUI,2026-10-08,36500000.0,1.696,0.49315,8300000.0,-168350000.0,12500000.0,105700000.0,,285905187.0,0.49185002,Yahoo Finance / yfinance get_info,OK,PRET_SSI
2026-10-07,Gradus AD                     R,GR6.F,EUR,Allemagne,183395776.0,FRA,Frankfurt,EQUITY,,Yahoo Finance / yfinance EquityQuery,2026-10-07,Détection mécanique 50-300 MEUR ; qualification SSI requise.,DETECTE,,2026-10-07,182,1.1100000143051147,0.0,38.74999972060322,98.2142874248782,,,Yahoo Finance / yfinance - historique quotidien 1 an,OK,OUI,2026-10-08,125983264.0,0.24,0.50675,32437006.0,12927970.0,3042000.0,33506000.0,,165221420.0,0.88427,Yahoo Finance / yfinance get_info,OK,PRET_SSI
2026-10-07,Graphene Manufacturing Group  R,0GF.F,EUR,Allemagne,183536096.0,FRA,Frankfurt,EQUITY,,Yahoo Finance / yfinance EquityQuery,2026-10-07,Détection mécanique 50-300 MEUR ; qualification SSI requise.,DETECTE,,2026-10-07,254,1.371999979019165,0.0,-7.297299909626476,6.027816667171826,1.4274550014734269,False,Yahoo Finance / yfinance - historique quotidien 1 an,OK,OUI,2026-10-08,724152.0,3.75,0.38921002,-13307407.0,3150082.0,9935927.0,1473901.0,,133772670.0,0.13813,Yahoo Finance / yfinance get_info,OK,PRET_SSI
2026-10-07,CIE IMMOBILIERE DE BELGIQUE SAA,R5L.F,EUR,Allemagne,183586400.0,FRA,Frankfurt,EQUITY,,Yahoo Finance / yfinance EquityQuery,2026-10-07,Détection mécanique 50-300 MEUR ; qualification SSI requise.,DETECTE,,2026-10-07,254,17.950000762939453,0.0,-16.51162435842115,-16.8981460836526,21.638999938964844,False,Yahoo Finance / yfinance - historique quotidien 1 an,OK,OUI,2026-10-08,311527008.0,-0.151,0.11557,44900000.0,116397504.0,80266000.0,697166016.0,,10227654.0,0.59405,Yahoo Finance / yfinance get_info,OK,PRET_SSI
2026-10-07,CAC Holdings Corp.            R,CB4.F,EUR,Allemagne,183705344.0,FRA,Frankfurt,EQUITY,,Yahoo Finance / yfinance EquityQuery,2026-10-07,Détection mécanique 50-300 MEUR ; qualification SSI requise.,DETECTE,,2026-10-07,254,10.600000381469728,0.0,10.416666252745532,10.416666252745532,10.065000023841858,True,Yahoo Finance / yfinance - historique quotidien 1 an,OK,OUI,2026-10-08,52653998080.0,0.141,0.26775,3495000064.0,2353374976.0,17353000960.0,6576000000.0,,17330691.0,0.29056,Yahoo Finance / yfinance get_info,OK,PRET_SSI
2026-10-07,Mincon Group PLC              R,MIO.F,EUR,Allemagne,183788640.0,FRA,Frankfurt,EQUITY,,Yahoo Finance / yfinance EquityQuery,2026-10-07,Détection mécanique 50-300 MEUR ; qualification SSI requise.,DETECTE,,2026-10-07,254,0.8650000095367432,0.0,26.277373215482623,35.156254511093834,0.6404600040614605,True,Yahoo Finance / yfinance - historique quotidien 1 an,OK,OUI,2026-10-08,162476000.0,0.186,0.30315,19722000.0,5280250.0,12961000.0,28919000.0,,212472413.0,0.56495,Yahoo Finance / yfinance get_info,OK,PRET_SSI
2026-10-07,Streamwide SA                 A,07R.F,EUR,Allemagne,183848672.0,FRA,Frankfurt,EQUITY,,Yahoo Finance / yfinance EquityQuery,2026-10-07,Détection mécanique 50-300 MEUR ; qualification SSI requise.,DETECTE,,2026-10-07,254,68.0,0.0,-8.602152412124298,-10.526315789473683,75.70799976348877,False,Yahoo Finance / yfinance - historique quotidien 1 an,OK,OUI,2026-10-08,27620000.0,0.116,0.66919,7871000.0,2992250.0,19599000.0,9356000.0,,2703657.0,0.7,Yahoo Finance / yfinance get_info,OK,PRET_SSI
2026-10-07,Squirrel Media S.A.           A,0MD.F,EUR,Allemagne,184104448.0,FRA,Frankfurt,EQUITY,,Yahoo Finance / yfinance EquityQuery,2026-10-07,Détection mécanique 50-300 MEUR ; qualification SSI requise.,DETECTE,,2026-10-07,254,1.919999957084656,0.0,-9.43395939956302,-16.52173926564381,2.1982000035047533,False,Yahoo Finance / yfinance - historique quotidien 1 an,OK,OUI,2026-10-08,290424000.0,0.468,0.117510006,19914000.0,52375.0,19686000.0,75548000.0,,95887733.0,0.85415,Yahoo Finance / yfinance get_info,OK,PRET_SSI
2026-10-07,Pro-Dex Inc.                  R,PDXN.F,EUR,Allemagne,184191712.0,FRA,Frankfurt,EQUITY,,Yahoo Finance / yfinance EquityQuery,2026-10-07,Détection mécanique 50-300 MEUR ; qualification SSI requise.,DETECTE,,2026-10-07,254,57.5,0.0,4.545454545454541,30.681818181818187,47.19999998092651,True,Yahoo Finance / yfinance - historique quotidien 1 an,OK,OUI,2026-10-08,77548000.0,0.166,0.31381,14385000.0,5403875.0,9342000.0,18942000.0,,3203334.0,0.36263,Yahoo Finance / yfinance get_info,OK,PRET_SSI
2026-10-07,Ares Commercial Real Est.Corp.R,41I.F,EUR,Allemagne,184752096.0,FRA,Frankfurt,EQUITY,,Yahoo Finance / yfinance EquityQuery,2026-10-07,Détection mécanique 50-300 MEUR ; qualification SSI requise.,DETECTE,,2026-10-07,254,3.3299999237060547,0.0,-13.730569580147955,-22.648082311511686,4.118664988279343,False,Yahoo Finance / yfinance - historique quotidien 1 an,OK,OUI,2026-10-08,35488000.0,-0.588,1.0,,,17558000.0,1262749056.0,,55481113.0,0.0634,Yahoo Finance / yfinance get_info,OK,PRET_SSI
2026-10-07,Somboon Advance Technology PCLR,PSQ.F,EUR,Allemagne,185103488.0,FRA,Frankfurt,EQUITY,,Yahoo Finance / yfinance EquityQuery,2026-10-07,Détection mécanique 50-300 MEUR ; qualification SSI requise.,DETECTE,,2026-10-07,254,0.4120000004768371,0.0,2.4875597547669326,13.18681561605699,0.3925100003182888,True,Yahoo Finance / yfinance - historique quotidien 1 an,OK,OUI,2026-10-08,6831785984.0,-0.068,0.21521,1238313344.0,823130752.0,3608392960.0,53475000.0,,0.0,0.0,Yahoo Finance / yfinance get_info,OK,PRET_SSI
2026-10-07,MULBERRY GROUP PLC            R,MUY.F,EUR,Allemagne,185223888.0,FRA,Frankfurt,EQUITY,,Yahoo Finance / yfinance EquityQuery,2026-10-07,Détection mécanique 50-300 MEUR ; qualification SSI requise.,DETECTE,,2026-10-07,254,2.640000104904175,0.0,79.59184037568279,165.32664243742855,1.555225000679493,True,Yahoo Finance / yfinance - historique quotidien 1 an,OK,OUI,2026-10-08,125466000.0,0.113,0.71902,-2483000.0,1723750.0,6679000.0,71746000.0,,70160564.0,0.94111,Yahoo Finance / yfinance get_info,OK,PRET_SSI
2026-10-07,IMMSI S.P.A.                  A,IMY.F,EUR,Allemagne,185476128.0,FRA,Frankfurt,EQUITY,,Yahoo Finance / yfinance EquityQuery,2026-10-07,Détection mécanique 50-300 MEUR ; qualification SSI requise.,DETECTE,,2026-10-07,254,0.4799999892711639,0.0,-0.2079037244971715,9.714283261980338,0.479300000667572,True,Yahoo Finance / yfinance - historique quotidien 1 an,OK,OUI,2026-10-08,1610308992.0,0.067,0.26926002,213012992.0,97725872.0,244490000.0,1114434048.0,,340530000.0,0.5364,Yahoo Finance / yfinance get_info,OK,PRET_SSI
2026-10-07,Kangda International Environmen,27K.SG,EUR,Allemagne,185714176.0,STU,Stuttgart,EQUITY,,Yahoo Finance / yfinance EquityQuery,2026-10-07,Détection mécanique 50-300 MEUR ; qualification SSI requise.,DETECTE,,2026-10-07,254,0.0804999992251396,0.0,-1.8292719492735363,9.523808558395784,0.0727449999190867,True,Yahoo Finance / yfinance - historique quotidien 1 an,OK,OUI,2026-10-08,2321533952.0,-0.09,0.4713,883512000.0,272107872.0,628060032.0,9010538496.0,,2307008500.0,0.7014,Yahoo Finance / yfinance get_info,OK,PRET_SSI
2026-10-07,GreenX Metals Ltd.            R,5PMA.F,EUR,Allemagne,185948752.0,FRA,Frankfurt,EQUITY,,Yahoo Finance / yfinance EquityQuery,2026-10-07,Détection mécanique 50-300 MEUR ; qualification SSI requise.,DETECTE,,2026-10-07,254,0.5954999923706055,0.0,6.720423359593197,14.18983742504274,0.5609395004808903,True,Yahoo Finance / yfinance - historique quotidien 1 an,OK,OUI,2026-10-08,308459.0,0.133,1.0,-10634378.0,-6459591.0,13522444.0,630756.0,,312256505.0,0.08606,Yahoo Finance / yfinance get_info,OK,PRET_SSI
2026-10-07,eVISO S.p.A.                  A,6Z8.F,EUR,Allemagne,186298016.0,FRA,Frankfurt,EQUITY,,Yahoo Finance / yfinance EquityQuery,2026-10-07,Détection mécanique 50-300 MEUR ; qualification SSI requise.,DETECTE,,2026-10-07,254,8.369999885559082,0.0,-10.193131334464644,4.1044766824849255,8.703849985599518,False,Yahoo Finance / yfinance - historique quotidien 1 an,OK,OUI,2026-10-08,301422272.0,-0.084,0.04936,9174378.0,2314571.0,24866594.0,14380917.0,,22257828.0,0.71667,Yahoo Finance / yfinance get_info,OK,PRET_SSI
2026-10-07,TULLOW OIL PLC                R,TQW.F,EUR,Allemagne,186347840.0,FRA,Frankfurt,EQUITY,,Yahoo Finance / yfinance EquityQuery,2026-10-07,Détection mécanique 50-300 MEUR ; qualification SSI requise.,DETECTE,,2026-10-07,254,0.1230000033974647,0.0,-16.891890667362585,-7.169803745511095,0.1542919993586838,False,Yahoo Finance / yfinance - historique quotidien 1 an,OK,OUI,2026-10-08,932700032.0,0.209,0.38564998,685500032.0,402862496.0,187500000.0,1947399936.0,,1515023041.0,0.22243,Yahoo Finance / yfinance get_info,OK,PRET_SSI
2026-10-07,Celtic PLC,CCP.SG,EUR,Allemagne,186473872.0,STU,Stuttgart,EQUITY,,Yahoo Finance / yfinance EquityQuery,2026-10-07,Détection mécanique 50-300 MEUR ; qualification SSI requise.,DETECTE,RESOLU_DISTINCT,2026-10-07,254,1.9600000381469729,0.0,-21.599998474121097,-8.41121766044316,2.2643499892950056,False,Yahoo Finance / yfinance - historique quotidien 1 an,OK,OUI,2026-10-08,111032000.0,-0.142,-0.1001,-7711000.0,-8948500.0,66385000.0,5277000.0,,95139731.0,0.57884,Yahoo Finance / yfinance get_info,OK,PRET_SSI
2026-10-07,dotDigital Group PLC          R,3DO.F,EUR,Allemagne,186658128.0,FRA,Frankfurt,EQUITY,,Yahoo Finance / yfinance EquityQuery,2026-10-07,Détection mécanique 50-300 MEUR ; qualification SSI requise.,DETECTE,,2026-10-07,254,0.6150000095367432,0.0,18.2692369413096,23.99193943302762,0.5868249994516372,True,Yahoo Finance / yfinance - historique quotidien 1 an,OK,OUI,2026-10-08,85748000.0,0.043,0.80099,15439000.0,10574250.0,36100000.0,1553000.0,,303509139.0,0.10444,Yahoo Finance / yfinance get_info,OK,PRET_SSI
2026-10-07,NX Filtration B.V.            A,9KJ.F,EUR,Allemagne,186679232.0,FRA,Frankfurt,EQUITY,,Yahoo Finance / yfinance EquityQuery,2026-10-07,Détection mécanique 50-300 MEUR ; qualification SSI requise.,DETECTE,,2026-10-07,254,3.2149999141693115,0.0,-17.139179913849787,20.637897192833663,2.799884999990464,True,Yahoo Finance / yfinance - historique quotidien 1 an,OK,OUI,2026-10-08,13695000.0,0.171,0.49566,-16221000.0,-10698750.0,18420000.0,25708000.0,,58065080.0,0.63092,Yahoo Finance / yfinance get_info,OK,PRET_SSI
2026-10-07,Appen Ltd.                    R,433.F,EUR,Allemagne,186838752.0,FRA,Frankfurt,EQUITY,,Yahoo Finance / yfinance EquityQuery,2026-10-07,Détection mécanique 50-300 MEUR ; qualification SSI requise.,DETECTE,,2026-10-07,254,0.6958000063896179,0.0,41.25051054476481,-15.393965406402366,0.7323710010945796,False,Yahoo Finance / yfinance - historique quotidien 1 an,OK,OUI,2026-10-08,250376992.0,0.172,0.20121999,-1819000.0,-5408250.0,44705000.0,7426000.0,,268523648.0,0.09009,Yahoo Finance / yfinance get_info,OK,PRET_SSI
2026-10-07,FEINTOOL INTERNATIONAL HOLDINGN,FTO.F,EUR,Allemagne,186957920.0,FRA,Frankfurt,EQUITY,,Yahoo Finance / yfinance EquityQuery,2026-10-07,Détection mécanique 50-300 MEUR ; qualification SSI requise.,DETECTE,,2026-10-07,254,12.699999809265137,0.0,22.11538726056126,24.50980437988964,10.862300033569335,True,Yahoo Finance / yfinance - historique quotidien 1 an,OK,OUI,2026-10-08,680179008.0,0.056,0.45778,56533000.0,13038500.0,90308000.0,158414000.0,,14721096.0,0.65256,Yahoo Finance / yfinance get_info,OK,PRET_SSI
2026-10-07,Reach Subsea ASA              N,4RS.F,EUR,Allemagne,187347520.0,FRA,Frankfurt,EQUITY,,Yahoo Finance / yfinance EquityQuery,2026-10-07,Détection mécanique 50-300 MEUR ; qualification SSI requise.,DETECTE,,2026-10-07,254,0.5730000138282776,0.0,31.57290910702181,-6.065573706418014,0.5524750000238419,True,Yahoo Finance / yfinance - historique quotidien 1 an,OK,OUI,2026-10-08,2833628928.0,0.444,0.77872,171724992.0,334149120.0,410380992.0,2009090944.0,,326958996.0,0.69134,Yahoo Finance / yfinance get_info,OK,PRET_SSI
2026-10-07,Eleving Group                 A,OT8.F,EUR,Allemagne,187763968.0,FRA,Frankfurt,EQUITY,,Yahoo Finance / yfinance EquityQuery,2026-10-07,Détection mécanique 50-300 MEUR ; qualification SSI requise.,DETECTE,,2026-10-07,254,1.6100000143051147,0.0,1.5772855240665962,-1.8292665641127528,1.6219250178337097,False,Yahoo Finance / yfinance - historique quotidien 1 an,OK,OUI,2026-10-08,240499680.0,0.517,0.78186,,,39497224.0,513568352.0,,116623580.0,0.61952,Yahoo Finance / yfinance get_info,OK,PRET_SSI
2026-10-07,Koskisen Oyj                  R,EZ8.F,EUR,Allemagne,187936704.0,FRA,Frankfurt,EQUITY,,Yahoo Finance / yfinance EquityQuery,2026-10-07,Détection mécanique 50-300 MEUR ; qualification SSI requise.,DETECTE,,2026-10-07,254,7.800000190734863,0.0,-4.176905875277914,-17.547567026619916,8.555050077438354,False,Yahoo Finance / yfinance - historique quotidien 1 an,OK,OUI,2026-10-08,388604000.0,0.164,0.33988,18374000.0,-6804625.0,23721000.0,80956000.0,,24094449.0,0.85565,Yahoo Finance / yfinance get_info,OK,PRET_SSI
2026-10-07,Aplicaciones y Tratamiento de A,EK9.F,EUR,Allemagne,188101680.0,FRA,Frankfurt,EQUITY,,Yahoo Finance / yfinance EquityQuery,2026-10-07,Détection mécanique 50-300 MEUR ; qualification SSI requise.,DETECTE,,2026-10-07,254,3.5799999237060547,0.0,-6.770833236320561,-13.1067955546739,4.0094999408721925,False,Yahoo Finance / yfinance - historique quotidien 1 an,OK,OUI,2026-10-08,271750400.0,0.224,0.09939,19028760.0,10064078.0,17246608.0,20565274.0,,50000000.0,0.97690004,Yahoo Finance / yfinance get_info,OK,PRET_SSI
2026-10-07,Zumiez Inc.                   R,ZM3.F,EUR,Allemagne,188566544.0,FRA,Frankfurt,EQUITY,,Yahoo Finance / yfinance EquityQuery,2026-10-07,Détection mécanique 50-300 MEUR ; qualification SSI requise.,DETECTE,,2026-10-07,254,12.300000190734863,0.0,-21.656048788763748,-39.70588029049669,17.998499975204467,False,Yahoo Finance / yfinance - historique quotidien 1 an,OK,OUI,2026-10-08,932752000.0,-0.025,0.36118,42144000.0,24034250.0,97265000.0,227204000.0,,15330613.0,0.25553,Yahoo Finance / yfinance get_info,OK,PRET_SSI
2026-10-07,Bitzero Holdings Inc.         R,000.F,EUR,Allemagne,188664336.0,FRA,Frankfurt,EQUITY,,Yahoo Finance / yfinance EquityQuery,2026-10-07,Détection mécanique 50-300 MEUR ; qualification SSI requise.,DETECTE,,2026-10-07,210,2.9600000381469727,21200.499258041385,-56.78832000938916,45.098043798896256,3.8636249965429306,False,Yahoo Finance / yfinance - historique quotidien 1 an,OK,OUI,2026-10-08,30919872.0,0.655,0.023359999,-18025060.0,2423605.0,2453673.0,18181752.0,,61425708.0,0.27719,Yahoo Finance / yfinance get_info,OK,PRET_SSI
2026-10-07,Teixeira Duarte S.A.          N,TXC2.F,EUR,Allemagne,189000000.0,FRA,Frankfurt,EQUITY,,Yahoo Finance / yfinance EquityQuery,2026-10-07,Détection mécanique 50-300 MEUR ; qualification SSI requise.,DETECTE,,2026-10-07,254,0.449999988079071,0.0,-5.759163153269253,7.142857649699375,0.4751174992322922,False,Yahoo Finance / yfinance - historique quotidien 1 an,OK,OUI,2026-10-08,796974016.0,0.248,0.79986,37892000.0,138020752.0,102159000.0,604926016.0,,420000000.0,0.35872,Yahoo Finance / yfinance get_info,OK,PRET_SSI
2026-10-07,JAPAN CASH MACHINE CO. LTD.   R,JCM.F,EUR,Allemagne,189875248.0,FRA,Frankfurt,EQUITY,,Yahoo Finance / yfinance EquityQuery,2026-10-07,Détection mécanique 50-300 MEUR ; qualification SSI requise.,DETECTE,,2026-10-07,254,7.0,0.0,23.89380321850729,32.07546694501959,5.816700007915497,True,Yahoo Finance / yfinance - historique quotidien 1 an,OK,OUI,2026-10-08,34225668096.0,0.351,0.41426,4356871168.0,3598026240.0,24708286464.0,8700000256.0,,27125037.0,0.2673,Yahoo Finance / yfinance get_info,OK,PRET_SSI
2026-10-07,BANG & OLUFSEN AS             N,BUOB.F,EUR,Allemagne,190374496.0,FRA,Frankfurt,EQUITY,,Yahoo Finance / yfinance EquityQuery,2026-10-07,Détection mécanique 50-300 MEUR ; qualification SSI requise.,DETECTE,,2026-10-07,254,1.315999984741211,0.0,15.845065286497384,5.279998779296879,1.288270000219345,True,Yahoo Finance / yfinance - historique quotidien 1 an,OK,OUI,2026-10-08,2468000000.0,-0.063,0.58509,65000000.0,-131875000.0,374000000.0,617000000.0,,144661480.0,0.25438,Yahoo Finance / yfinance get_info,OK,PRET_SSI
2026-10-07,Limoneira Co.                 R,2L2.F,EUR,Allemagne,190386080.0,FRA,Frankfurt,EQUITY,,Yahoo Finance / yfinance EquityQuery,2026-10-07,Détection mécanique 50-300 MEUR ; qualification SSI requise.,DETECTE,,2026-10-07,254,10.5,0.0,-7.894733760055194,-0.9433997912352998,11.243000020980835,False,Yahoo Finance / yfinance - historique quotidien 1 an,OK,OUI,2026-10-08,128761000.0,-0.077,-0.081070006,-23055000.0,-21012376.0,2210000.0,108971000.0,,18132007.0,0.09688,Yahoo Finance / yfinance get_info,OK,PRET_SSI
2026-10-07,Qingdao AInnovation Tech.Grp. R,S13.F,EUR,Allemagne,190586784.0,FRA,Frankfurt,EQUITY,,Yahoo Finance / yfinance EquityQuery,2026-10-07,Détection mécanique 50-300 MEUR ; qualification SSI requise.,DETECTE,,2026-10-07,254,0.3680000007152557,0.0,-14.018692044318836,-27.128712041578307,0.4715850010514259,False,Yahoo Finance / yfinance - historique quotidien 1 an,OK,OUI,2026-10-08,1642557952.0,0.186,0.35189,-165071008.0,80193624.0,758579968.0,87248000.0,,517898838.0,0.49321997,Yahoo Finance / yfinance get_info,OK,PRET_SSI
2026-10-07,Hot Chili Ltd.                R,CHC1.F,EUR,Allemagne,190727568.0,FRA,Frankfurt,EQUITY,,Yahoo Finance / yfinance EquityQuery,2026-10-07,Détection mécanique 50-300 MEUR ; qualification SSI requise.,DETECTE,,2026-10-07,254,0.9399999976158142,0.0,-0.5291000285156167,5.027934932771294,0.970699998140335,False,Yahoo Finance / yfinance - historique quotidien 1 an,OK,OUI,2026-10-08,443349.0,-0.083,1.0,-10835420.0,-24494556.0,24947836.0,428122.0,,202901656.0,0.25386,Yahoo Finance / yfinance get_info,OK,PRET_SSI
2026-10-07,Alta Equipment Group Inc.     R,4ZL.F,EUR,Allemagne,191101200.0,FRA,Frankfurt,EQUITY,,Yahoo Finance / yfinance EquityQuery,2026-10-07,Détection mécanique 50-300 MEUR ; qualification SSI requise.,DETECTE,,2026-10-07,254,5.849999904632568,0.0,2.6315807085398824,13.592229054418969,5.381350021362305,True,Yahoo Finance / yfinance - historique quotidien 1 an,OK,OUI,2026-10-08,1817699968.0,-0.012,0.25901,44000000.0,67087500.0,20900000.0,1182899968.0,,32666872.0,0.26913,Yahoo Finance / yfinance get_info,OK,PRET_SSI
2026-10-07,Canatu Oyj                    R,0CD.F,EUR,Allemagne,191151584.0,FRA,Frankfurt,EQUITY,,Yahoo Finance / yfinance EquityQuery,2026-10-07,Détection mécanique 50-300 MEUR ; qualification SSI requise.,DETECTE,,2026-10-07,253,5.489999771118164,0.0,-25.30612459385313,-22.567000663402204,7.709799964427948,False,Yahoo Finance / yfinance - historique quotidien 1 an,OK,OUI,2026-10-08,12486000.0,-0.427,0.75668997,-15725000.0,-18034124.0,72871000.0,2096000.0,,33768141.0,0.53672004,Yahoo Finance / yfinance get_info,OK,PRET_SSI
2026-10-07,EXCO TECHNOLOGIES LTD.        R,3XT.F,EUR,Allemagne,191184144.0,FRA,Frankfurt,EQUITY,,Yahoo Finance / yfinance EquityQuery,2026-10-07,Détection mécanique 50-300 MEUR ; qualification SSI requise.,DETECTE,,2026-10-07,254,5.099999904632568,0.0,11.842104575200295,14.349772668421345,4.666199960708618,True,Yahoo Finance / yfinance - historique quotidien 1 an,OK,OUI,2026-10-08,623220992.0,0.068,0.20242001,74961000.0,26655624.0,26102000.0,96702000.0,,37487086.0,0.53099996,Yahoo Finance / yfinance get_info,OK,PRET_SSI
2026-10-07,ISDN Holdings Ltd.            R,I8D.F,EUR,Allemagne,191321504.0,FRA,Frankfurt,EQUITY,,Yahoo Finance / yfinance EquityQuery,2026-10-07,Détection mécanique 50-300 MEUR ; qualification SSI requise.,DETECTE,,2026-10-07,254,0.4199999868869781,0.0,2.941175181560429,69.35483618997009,0.3565999997407198,True,Yahoo Finance / yfinance - historique quotidien 1 an,OK,OUI,2026-10-08,480857984.0,0.152,0.24288,46554000.0,32942376.0,66924000.0,88503000.0,,455527383.0,0.36289,Yahoo Finance / yfinance get_info,OK,PRET_SSI
2026-10-07,Honma Golf Ltd                R,HF5.F,EUR,Allemagne,191383040.0,FRA,Frankfurt,EQUITY,,Yahoo Finance / yfinance EquityQuery,2026-10-07,Détection mécanique 50-300 MEUR ; qualification SSI requise.,DETECTE,,2026-10-07,254,0.3160000145435333,0.0,6.040270537074832,2.597407875263724,0.316260000616312,False,Yahoo Finance / yfinance - historique quotidien 1 an,OK,OUI,2026-10-08,22259687424.0,0.214,0.53723997,637091968.0,881012224.0,18159212544.0,8264096768.0,,605642500.0,0.68669,Yahoo Finance / yfinance get_info,OK,PRET_SSI
2026-10-07,IBJ Inc.                      R,7XR.F,EUR,Allemagne,191519200.0,FRA,Frankfurt,EQUITY,,Yahoo Finance / yfinance EquityQuery,2026-10-07,Détection mécanique 50-300 MEUR ; qualification SSI requise.,DETECTE,,2026-10-07,254,5.050000190734863,0.0,11.233485312050018,33.597889654961,4.26575001001358,True,Yahoo Finance / yfinance - historique quotidien 1 an,OK,OUI,2026-10-08,24480999424.0,0.346,0.88018996,5740000256.0,3096124928.0,7133000192.0,12924000256.0,,37924594.0,0.48926997,Yahoo Finance / yfinance get_info,OK,PRET_SSI
2026-10-07,Econocom Group S.A.,1E91.SG,EUR,Allemagne,191812576.0,STU,Stuttgart,EQUITY,,Yahoo Finance / yfinance EquityQuery,2026-10-07,Détection mécanique 50-300 MEUR ; qualification SSI requise.,DETECTE,,2026-10-07,254,1.309999942779541,0.0,-2.9629689152511185,-4.37956655328442,1.4418699991703037,False,Yahoo Finance / yfinance - historique quotidien 1 an,OK,OUI,2026-10-08,2869400064.0,-0.037,0.1019,88100000.0,137075008.0,396100000.0,689600000.0,,146421832.0,0.548,Yahoo Finance / yfinance get_info,OK,PRET_SSI
2026-10-07,Canaan Inc.                   R,35J.F,EUR,Allemagne,192124896.0,FRA,Frankfurt,EQUITY,,Yahoo Finance / yfinance EquityQuery,2026-10-07,Détection mécanique 50-300 MEUR ; qualification SSI requise.,DETECTE,,2026-10-07,254,0.262499988079071,0.0,3.550285214674864,-38.45252224430708,0.3686009996384382,False,Yahoo Finance / yfinance - historique quotidien 1 an,OK,OUI,2026-10-08,441304992.0,-0.682,-0.047659997,-110754000.0,-71842496.0,68300000.0,70655000.0,,711129417.0,0.09300999,Yahoo Finance / yfinance get_info,OK,PRET_SSI
2026-10-07,Deep Value Driller AS         N,9YG.F,EUR,Allemagne,192159632.0,FRA,Frankfurt,EQUITY,,Yahoo Finance / yfinance EquityQuery,2026-10-07,Détection mécanique 50-300 MEUR ; qualification SSI requise.,DETECTE,,2026-10-07,254,2.055000066757202,0.0,12.541078568584972,9.308514466459483,1.847565000653267,True,Yahoo Finance / yfinance - historique quotidien 1 an,OK,OUI,2026-10-08,50186368.0,-0.186,1.0,46557744.0,101861328.0,84715040.0,93053000.0,,93508333.0,0.50976,Yahoo Finance / yfinance get_info,OK,PRET_SSI
2026-10-07,E-Commodities Holdings Ltd.,WWY1.SG,EUR,Allemagne,192224368.0,STU,Stuttgart,EQUITY,,Yahoo Finance / yfinance EquityQuery,2026-10-07,Détection mécanique 50-300 MEUR ; qualification SSI requise.,DETECTE,,2026-10-07,254,0.0719999969005584,0.0,46.93877302771152,-5.263158926673251,0.0724925001151859,False,Yahoo Finance / yfinance - historique quotidien 1 an,OK,OUI,2026-10-08,26556289024.0,0.104,0.04917,940920000.0,-1898842880.0,2825006080.0,3215630080.0,,2669782962.0,0.57041,Yahoo Finance / yfinance get_info,OK,PRET_SSI
2026-10-07,Cerrado Gold Inc.             R,BAI0.F,EUR,Allemagne,192367152.0,FRA,Frankfurt,EQUITY,,Yahoo Finance / yfinance EquityQuery,2026-10-07,Détection mécanique 50-300 MEUR ; qualification SSI requise.,DETECTE,,2026-10-07,254,1.3860000371932983,0.0,39.71774796824465,28.09611970463419,1.1719499999284744,True,Yahoo Finance / yfinance - historique quotidien 1 an,OK,OUI,2026-10-08,206260992.0,1.182,0.54374003,77261000.0,20370750.0,25290000.0,62616000.0,,138793047.0,0.066149995,Yahoo Finance / yfinance get_info,OK,PRET_SSI
2026-10-07,Ecoener S.A.                  A,89W.F,EUR,Allemagne,192936368.0,FRA,Frankfurt,EQUITY,,Yahoo Finance / yfinance EquityQuery,2026-10-07,Détection mécanique 50-300 MEUR ; qualification SSI requise.,DETECTE,,2026-10-07,254,3.390000104904175,0.0,-16.707617643161566,-24.999997362626324,4.305000027418137,False,Yahoo Finance / yfinance - historique quotidien 1 an,OK,OUI,2026-10-08,96738000.0,0.287,0.83802,47988000.0,-25807000.0,84198000.0,723889984.0,,56913380.0,0.86091006,Yahoo Finance / yfinance get_info,OK,PRET_SSI
2026-10-07,Kogan.Com Ltd                 R,UZQ.F,EUR,Allemagne,192983792.0,FRA,Frankfurt,EQUITY,,Yahoo Finance / yfinance EquityQuery,2026-10-07,Détection mécanique 50-300 MEUR ; qualification SSI requise.,DETECTE,,2026-10-07,254,2.0199999809265137,0.0,-19.84126999144531,-15.126055302689402,2.295649998188019,False,Yahoo Finance / yfinance - historique quotidien 1 an,OK,OUI,2026-10-08,510732000.0,0.036,0.41299,26038000.0,38449876.0,36794000.0,17361000.0,,95536528.0,0.24191,Yahoo Finance / yfinance get_info,OK,PRET_SSI
2026-10-07,Titan Mining Corp.            R,3T00.F,EUR,Allemagne,193011648.0,FRA,Frankfurt,EQUITY,,Yahoo Finance / yfinance EquityQuery,2026-10-07,Détection mécanique 50-300 MEUR ; qualification SSI requise.,DETECTE,,2026-10-07,223,1.950000047683716,0.0,0.515463410737449,-19.42148817325661,2.418324998021126,False,Yahoo Finance / yfinance - historique quotidien 1 an,OK,OUI,2026-10-08,87177000.0,0.573,0.34672,14819000.0,-4341875.0,13302000.0,26248000.0,,98980326.0,0.54013,Yahoo Finance / yfinance get_info,OK,PRET_SSI
2026-10-07,TOYO KANETSU K.K.             R,TQ2.F,EUR,Allemagne,193123344.0,FRA,Frankfurt,EQUITY,,Yahoo Finance / yfinance EquityQuery,2026-10-07,Détection mécanique 50-300 MEUR ; qualification SSI requise.,DETECTE,,2026-10-07,254,12.899999618530272,0.0,-0.7692337036132812,-17.834396335995383,13.854000010490417,False,Yahoo Finance / yfinance - historique quotidien 1 an,OK,OUI,2026-10-08,60929998848.0,0.104,0.20573999,3335500032.0,,11063000064.0,17920000000.0,,14970802.0,0.0643,Yahoo Finance / yfinance get_info,OK,PRET_SSI
2026-10-07,Fourlis Holdings S.A.         N,2FH.F,EUR,Allemagne,193364032.0,FRA,Frankfurt,EQUITY,,Yahoo Finance / yfinance EquityQuery,2026-10-07,Détection mécanique 50-300 MEUR ; qualification SSI requise.,DETECTE,,2026-10-07,254,3.7300000190734863,0.0,-14.252871244866194,-14.055302121375924,4.197050001621246,False,Yahoo Finance / yfinance - historique quotidien 1 an,OK,OUI,2026-10-08,613713984.0,0.035,0.46730998,21872000.0,1705875.0,46980000.0,626288000.0,,51840225.0,0.17778,Yahoo Finance / yfinance get_info,OK,PRET_SSI
2026-10-07,Solar A/S                     N,ZVR.F,EUR,Allemagne,193562704.0,FRA,Frankfurt,EQUITY,,Yahoo Finance / yfinance EquityQuery,2026-10-07,Détection mécanique 50-300 MEUR ; qualification SSI requise.,DETECTE,,2026-10-07,254,24.350000381469727,0.0,-4.50980242560891,-9.64749650413792,26.17574996948242,False,Yahoo Finance / yfinance - historique quotidien 1 an,OK,OUI,2026-10-08,12677999616.0,0.14,0.19814,227000000.0,-420000000.0,78000000.0,2395000064.0,,7049187.0,0.15455,Yahoo Finance / yfinance get_info,OK,PRET_SSI
2026-10-07,Qunabox Group Ltd.            R,BY9.F,EUR,Allemagne,193740000.0,FRA,Frankfurt,EQUITY,,Yahoo Finance / yfinance EquityQuery,2026-10-07,Détection mécanique 50-300 MEUR ; qualification SSI requise.,DETECTE,,2026-10-07,254,0.7350000143051147,0.0,-18.784526238558207,-62.30769249579375,1.576424999535084,False,Yahoo Finance / yfinance - historique quotidien 1 an,OK,OUI,2026-10-08,1813601024.0,0.222,0.58318,384664000.0,105782752.0,1954852992.0,519673984.0,,263591846.0,0.56627,Yahoo Finance / yfinance get_info,OK,PRET_SSI
2026-10-07,Protalix BioTherapeutics Inc. R,PBDA.F,EUR,Allemagne,193774784.0,FRA,Frankfurt,EQUITY,,Yahoo Finance / yfinance EquityQuery,2026-10-07,Détection mécanique 50-300 MEUR ; qualification SSI requise.,DETECTE,,2026-10-07,254,2.4049999713897705,0.0,14.251779078288497,24.09700806821773,2.011765010356903,True,Yahoo Finance / yfinance - historique quotidien 1 an,OK,OUI,2026-10-08,80619000.0,0.271,0.45768002,24860000.0,2992375.0,40656000.0,9207000.0,,80571642.0,0.03878,Yahoo Finance / yfinance get_info,OK,PRET_SSI
2026-10-07,Computer Modelling Group Ltd. R,5TJ.F,EUR,Allemagne,194304000.0,FRA,Frankfurt,EQUITY,,Yahoo Finance / yfinance EquityQuery,2026-10-07,Détection mécanique 50-300 MEUR ; qualification SSI requise.,DETECTE,,2026-10-07,153,2.640000104904175,0.0,13.793111244365177,7.317075770973958,,,Yahoo Finance / yfinance - historique quotidien 1 an,OK,OUI,2026-10-08,124401000.0,-0.06,0.81725,34182000.0,18289000.0,21369000.0,43743000.0,,73600000.0,0.02036,Yahoo Finance / yfinance get_info,OK,PRET_SSI
2026-10-07,BEWI Invest ASA               N,5FM0.F,EUR,Allemagne,194550960.0,FRA,Frankfurt,EQUITY,,Yahoo Finance / yfinance EquityQuery,2026-10-07,Détection mécanique 50-300 MEUR ; qualification SSI requise.,DETECTE,,2026-10-07,254,1.8849999904632568,0.0,4.432135470365206,-8.937195591582736,2.145489835739136,False,Yahoo Finance / yfinance - historique quotidien 1 an,OK,OUI,2026-10-08,10012199936.0,0.077,0.58874,716600000.0,1951825024.0,1141200000.0,8063499776.0,,103210053.0,0.98236,Yahoo Finance / yfinance get_info,OK,PRET_SSI
2026-10-07,centrotherm international AG  I,CTNK.F,EUR,Allemagne,194693888.0,FRA,Frankfurt,EQUITY,,Yahoo Finance / yfinance EquityQuery,2026-10-07,Détection mécanique 50-300 MEUR ; qualification SSI requise.,DETECTE,,2026-10-07,254,9.199999809265137,0.0,-1.0752728969764092,-20.000001658564027,10.19924997329712,False,Yahoo Finance / yfinance - historique quotidien 1 an,OK,OUI,2026-10-08,211060992.0,-0.424,0.49141997,29855000.0,51759124.0,170800992.0,896000.0,,21162380.0,0.0,Yahoo Finance / yfinance get_info,OK,PRET_SSI
2026-10-07,Yamashin-Filter Corp.         R,IC5.F,EUR,Allemagne,194808848.0,FRA,Frankfurt,EQUITY,,Yahoo Finance / yfinance EquityQuery,2026-10-07,Détection mécanique 50-300 MEUR ; qualification SSI requise.,DETECTE,,2026-10-07,254,2.799999952316284,0.0,4.477607558580465,6.870231855708342,2.889599999189377,False,Yahoo Finance / yfinance - historique quotidien 1 an,OK,OUI,2026-10-08,21250000896.0,0.061,0.43379003,3219000064.0,,6880000000.0,3600000000.0,,69574594.0,0.48168,Yahoo Finance / yfinance get_info,OK,PRET_SSI
2026-10-07,Pruksa Holdings PCL           R,2PR3.F,EUR,Allemagne,194820992.0,FRA,Frankfurt,EQUITY,,Yahoo Finance / yfinance EquityQuery,2026-10-07,Détection mécanique 50-300 MEUR ; qualification SSI requise.,DETECTE,,2026-10-07,254,0.0890000015497207,0.0,8.536584257795887,7.8787854705195,0.087010000012815,True,Yahoo Finance / yfinance - historique quotidien 1 an,OK,OUI,2026-10-08,14930954240.0,0.369,0.27876,773600512.0,3415968000.0,2495747072.0,11924366336.0,,2189000000.0,0.00101,Yahoo Finance / yfinance get_info,OK,PRET_SSI
2026-10-07,ETTEPLAN OYI                  R,EPL.F,EUR,Allemagne,194929008.0,FRA,Frankfurt,EQUITY,,Yahoo Finance / yfinance EquityQuery,2026-10-07,Détection mécanique 50-300 MEUR ; qualification SSI requise.,DETECTE,,2026-10-07,254,7.71999979019165,0.0,7.222222148636237,1.3123347261734477,7.950000007152557,False,Yahoo Finance / yfinance - historique quotidien 1 an,OK,OUI,2026-10-08,354566016.0,-0.027,0.20385,25753000.0,29202876.0,25617000.0,98326000.0,,25249872.0,0.71119004,Yahoo Finance / yfinance get_info,OK,PRET_SSI
2026-10-07,APT Satellite Holdings Ltd.,AY8.SG,EUR,Allemagne,195000208.0,STU,Stuttgart,EQUITY,,Yahoo Finance / yfinance EquityQuery,2026-10-07,Détection mécanique 50-300 MEUR ; qualification SSI requise.,DETECTE,,2026-10-07,254,0.209999993443489,0.0,10.526313725600913,11.111110235087509,0.2356699974089861,False,Yahoo Finance / yfinance - historique quotidien 1 an,OK,OUI,2026-10-08,716496000.0,-0.06,0.27134,461172000.0,375762496.0,2796941056.0,120914000.0,,928572500.0,0.54857,Yahoo Finance / yfinance get_info,OK,PRET_SSI
2026-10-07,TRANSGENE S.A.                A,TGNA.F,EUR,Allemagne,195057072.0,FRA,Frankfurt,EQUITY,,Yahoo Finance / yfinance EquityQuery,2026-10-07,Détection mécanique 50-300 MEUR ; qualification SSI requise.,DETECTE,,2026-10-07,254,0.7009999752044678,0.0,-3.840877668207343,-5.013550365320752,0.770610001385212,False,Yahoo Finance / yfinance - historique quotidien 1 an,OK,OUI,2026-10-08,5624000.0,-0.346,0.0,-33401000.0,-24369000.0,92842000.0,2180000.0,,278255465.0,0.80778,Yahoo Finance / yfinance get_info,OK,PRET_SSI
2026-10-07,Acadian Timber Corp.          R,779.F,EUR,Allemagne,195317520.0,FRA,Frankfurt,EQUITY,,Yahoo Finance / yfinance EquityQuery,2026-10-07,Détection mécanique 50-300 MEUR ; qualification SSI requise.,DETECTE,,2026-10-07,254,10.399999618530272,0.0,-3.703708936484496,2.970289363661305,10.484750003814698,False,Yahoo Finance / yfinance - historique quotidien 1 an,OK,OUI,2026-10-08,82966000.0,-0.15,0.27889,14374000.0,10696500.0,4495000.0,116727000.0,,18780533.0,0.50799,Yahoo Finance / yfinance get_info,OK,PRET_SSI
2026-10-07,EnCore Energy Corp.           R,6TU.F,EUR,Allemagne,195446672.0,FRA,Frankfurt,EQUITY,,Yahoo Finance / yfinance EquityQuery,2026-10-07,Détection mécanique 50-300 MEUR ; qualification SSI requise.,DETECTE,,2026-10-07,254,1.00600004196167,1027.3559675216677,-7.451699127162092,-36.80904289317949,1.5478177201747894,False,Yahoo Finance / yfinance - historique quotidien 1 an,OK,OUI,2026-10-08,55248000.0,3.284,-0.42088002,-78864000.0,-89449752.0,74032000.0,113669000.0,,194280971.0,0.020539999,Yahoo Finance / yfinance get_info,OK,PRET_SSI
2026-10-07,Ballard Mining Ltd.           R,HX8.F,EUR,Allemagne,195537856.0,FRA,Frankfurt,EQUITY,,Yahoo Finance / yfinance EquityQuery,2026-10-07,Détection mécanique 50-300 MEUR ; qualification SSI requise.,DETECTE,,2026-10-07,223,0.4300000071525574,0.0,13.756618303593427,1.8957384796719268,0.4301750002801418,False,Yahoo Finance / yfinance - historique quotidien 1 an,OK,OUI,2026-10-08,200.0,,1.0,-4791578.0,-37612428.0,61776404.0,0.0,,454739204.0,0.80685997,Yahoo Finance / yfinance get_info,OK,PRET_SSI
2026-10-07,First Internet Bancorp.       R,45H.F,EUR,Allemagne,195632048.0,FRA,Frankfurt,EQUITY,,Yahoo Finance / yfinance EquityQuery,2026-10-07,Détection mécanique 50-300 MEUR ; qualification SSI requise.,DETECTE,,2026-10-07,254,22.39999961853028,0.0,4.672897279559285,16.062178777276827,20.153000040054323,True,Yahoo Finance / yfinance - historique quotidien 1 an,OK,OUI,2026-10-08,55149000.0,0.39,0.0,,,411087008.0,345244992.0,,8733574.0,0.13986,Yahoo Finance / yfinance get_info,OK,PRET_SSI
2026-10-07,Waberers International PLC,3WB.SG,EUR,Allemagne,195676656.0,STU,Stuttgart,EQUITY,,Yahoo Finance / yfinance EquityQuery,2026-10-07,Détection mécanique 50-300 MEUR ; qualification SSI requise.,DETECTE,,2026-10-07,254,11.399999618530272,0.0,-12.97710468271548,-7.692313632353076,12.874499988555907,False,Yahoo Finance / yfinance - historique quotidien 1 an,OK,OUI,2026-10-08,853750976.0,0.118,0.111870006,64911000.0,,314200000.0,418200000.0,,17164619.0,0.69802004,Yahoo Finance / yfinance get_info,OK,PRET_SSI
2026-10-07,FNM S.p.A.                    A,8FN.F,EUR,Allemagne,195706144.0,FRA,Frankfurt,EQUITY,,Yahoo Finance / yfinance EquityQuery,2026-10-07,Détection mécanique 50-300 MEUR ; qualification SSI requise.,DETECTE,,2026-10-07,254,0.449999988079071,0.0,11.940292753691528,-4.862579787371447,0.4263699999451637,True,Yahoo Finance / yfinance - historique quotidien 1 an,OK,OUI,2026-10-08,863697984.0,0.014,0.27136,217683008.0,14985625.0,400076000.0,1113044992.0,,434902568.0,0.72300005,Yahoo Finance / yfinance get_info,OK,PRET_SSI
2026-10-07,Smart Sand Inc.               R,1SD.F,EUR,Allemagne,195883648.0,FRA,Frankfurt,EQUITY,,Yahoo Finance / yfinance EquityQuery,2026-10-07,Détection mécanique 50-300 MEUR ; qualification SSI requise.,DETECTE,,2026-10-07,254,4.619999885559082,0.0,10.526317590671797,16.666662652885922,4.094099990129471,True,Yahoo Finance / yfinance - historique quotidien 1 an,OK,OUI,2026-10-08,386985984.0,0.341,0.13461,37445000.0,31379500.0,10197000.0,43364000.0,,42399061.0,0.30725,Yahoo Finance / yfinance get_info,OK,PRET_SSI
2026-10-07,Sporting Lissabon,SCG.SG,EUR,Allemagne,195930720.0,STU,Stuttgart,EQUITY,,Yahoo Finance / yfinance EquityQuery,2026-10-07,Détection mécanique 50-300 MEUR ; qualification SSI requise.,DETECTE,,2026-10-07,254,0.9700000286102296,0.0,1.0416719053562673,1.0416719053562673,0.9570499920845033,True,Yahoo Finance / yfinance - historique quotidien 1 an,OK,OUI,2026-10-08,149579008.0,0.015,0.94194,-69375000.0,-95940496.0,137938000.0,336560992.0,,201990433.0,0.97894996,Yahoo Finance / yfinance get_info,OK,PRET_SSI
2026-10-07,Emperor Watch & Jewellery Ltd.R,EPU.F,EUR,Allemagne,195931120.0,FRA,Frankfurt,EQUITY,,Yahoo Finance / yfinance EquityQuery,2026-10-07,Détection mécanique 50-300 MEUR ; qualification SSI requise.,DETECTE,,2026-10-07,254,0.0270000007003545,0.0,22.72727657571314,0.0,0.0244125000666826,True,Yahoo Finance / yfinance - historique quotidien 1 an,OK,OUI,2026-10-08,5905704960.0,0.05,0.32307,862316032.0,179845376.0,1572951040.0,547545984.0,,7256708129.0,0.6063,Yahoo Finance / yfinance get_info,OK,PRET_SSI
2026-10-07,Helios Fairfax Partners Corp. R,3UD.F,EUR,Allemagne,196295456.0,FRA,Frankfurt,EQUITY,,Yahoo Finance / yfinance EquityQuery,2026-10-07,Détection mécanique 50-300 MEUR ; qualification SSI requise.,DETECTE,,2026-10-07,254,1.809999942779541,0.0,36.09021687037264,20.66666285196941,1.504349996447563,True,Yahoo Finance / yfinance - historique quotidien 1 an,OK,OUI,2026-10-08,95706000.0,1.059,1.0,68381000.0,64059876.0,455108992.0,31263000.0,,52997668.0,0.60784,Yahoo Finance / yfinance get_info,OK,PRET_SSI
2026-10-07,Instabank ASA                 N,93V.F,EUR,Allemagne,196618752.0,FRA,Frankfurt,EQUITY,,Yahoo Finance / yfinance EquityQuery,2026-10-07,Détection mécanique 50-300 MEUR ; qualification SSI requise.,DETECTE,,2026-10-07,254,0.4230000078678131,0.0,11.904766597745509,21.5517298964061,0.3718099996447563,True,Yahoo Finance / yfinance - historique quotidien 1 an,OK,OUI,2026-10-08,487814016.0,0.53,0.0,,,18108000.0,191240000.0,,464819739.0,0.42748,Yahoo Finance / yfinance get_info,OK,PRET_SSI
2026-10-07,Meridian Corp.                R,M7X.F,EUR,Allemagne,196829296.0,FRA,Frankfurt,EQUITY,,Yahoo Finance / yfinance EquityQuery,2026-10-07,Détection mécanique 50-300 MEUR ; qualification SSI requise.,DETECTE,,2026-10-07,254,16.5,0.0,-3.5087740823673386,-3.5087740823673386,16.075150032043457,True,Yahoo Finance / yfinance - historique quotidien 1 an,OK,OUI,2026-10-08,113626000.0,0.037,0.0,,,38062000.0,159500000.0,,11929048.0,0.20507999,Yahoo Finance / yfinance get_info,OK,PRET_SSI
2026-10-07,Zalaris ASA,81Y.SG,EUR,Allemagne,196900224.0,STU,Stuttgart,EQUITY,,Yahoo Finance / yfinance EquityQuery,2026-10-07,Détection mécanique 50-300 MEUR ; qualification SSI requise.,DETECTE,,2026-10-07,254,9.020000457763672,0.0,5.12821139825328,2.733493531796083,8.475850019454956,True,Yahoo Finance / yfinance - historique quotidien 1 an,OK,OUI,2026-10-08,1487340032.0,-0.049,0.41828,113619000.0,146088624.0,148683008.0,515748992.0,,21829291.0,0.88281,Yahoo Finance / yfinance get_info,OK,PRET_SSI
2026-10-07,Diaceutics PLC                R,7DC.F,EUR,Allemagne,196950016.0,FRA,Frankfurt,EQUITY,,Yahoo Finance / yfinance EquityQuery,2026-10-07,Détection mécanique 50-300 MEUR ; qualification SSI requise.,DETECTE,,2026-10-07,254,2.319999933242798,0.0,44.99999366700658,29.60893758014993,1.713650004863739,True,Yahoo Finance / yfinance - historique quotidien 1 an,OK,OUI,2026-10-08,41329000.0,0.199,0.82878995,3858000.0,-449625.0,8102000.0,2094000.0,,84892248.0,0.27788,Yahoo Finance / yfinance get_info,OK,PRET_SSI
2026-10-07,Onity Group Inc.              R,OW0A.F,EUR,Allemagne,197166672.0,FRA,Frankfurt,EQUITY,,Yahoo Finance / yfinance EquityQuery,2026-10-07,Détection mécanique 50-300 MEUR ; qualification SSI requise.,DETECTE,,2026-10-07,254,23.600000381469727,0.0,-25.31645539058667,-35.51912195254141,33.16099996566773,False,Yahoo Finance / yfinance - historique quotidien 1 an,OK,OUI,2026-10-08,1147500032.0,0.147,0.93508005,619299968.0,-1807600000.0,229200000.0,10848400384.0,,8354520.0,0.17746,Yahoo Finance / yfinance get_info,OK,PRET_SSI
2026-10-07,Smart Organic Ad              R,J4Y.F,EUR,Allemagne,197973968.0,FRA,Frankfurt,EQUITY,,Yahoo Finance / yfinance EquityQuery,2026-10-07,Détection mécanique 50-300 MEUR ; qualification SSI requise.,DETECTE,,2026-10-07,191,16.700000762939453,0.0,4.375004768371582,15.17241905475486,,,Yahoo Finance / yfinance - historique quotidien 1 an,OK,OUI,2026-10-08,70744568.0,0.118,0.49418,10319607.0,-8599213.0,7561000.0,10023000.0,,11854728.0,0.8076,Yahoo Finance / yfinance get_info,OK,PRET_SSI
2026-10-07,FutureFuel Corp.              R,3FF.F,EUR,Allemagne,198262208.0,FRA,Frankfurt,EQUITY,,Yahoo Finance / yfinance EquityQuery,2026-10-07,Détection mécanique 50-300 MEUR ; qualification SSI requise.,DETECTE,,2026-10-07,254,4.519999980926514,0.0,12.437811004286669,26.96629363980927,3.753500006198883,True,Yahoo Finance / yfinance - historique quotidien 1 an,OK,OUI,2026-10-08,153208992.0,1.207,-0.08276,-17316000.0,-77752872.0,34366000.0,324000.0,,43863318.0,0.407,Yahoo Finance / yfinance get_info,OK,PRET_SSI
2026-10-07,UTAH MEDICAL PRODUCTS INC.    R,UTM.F,EUR,Allemagne,198363632.0,FRA,Frankfurt,EQUITY,,Yahoo Finance / yfinance EquityQuery,2026-10-07,Détection mécanique 50-300 MEUR ; qualification SSI requise.,DETECTE,,2026-10-07,254,62.5,0.0,7.758620689655182,9.649122807017552,56.28249998092652,True,Yahoo Finance / yfinance - historique quotidien 1 an,OK,OUI,2026-10-08,36109000.0,-0.143,0.57902,14369000.0,8837875.0,87528000.0,195000.0,,3173818.0,0.07179,Yahoo Finance / yfinance get_info,OK,PRET_SSI
2026-10-07,Smiths News PLC               R,T6N.F,EUR,Allemagne,198468448.0,FRA,Frankfurt,EQUITY,,Yahoo Finance / yfinance EquityQuery,2026-10-07,Détection mécanique 50-300 MEUR ; qualification SSI requise.,DETECTE,,2026-10-07,254,0.8199999928474426,0.0,9.333332379659009,8.609271261766382,0.7513000005483628,True,Yahoo Finance / yfinance - historique quotidien 1 an,OK,OUI,2026-10-08,1043299968.0,-0.039,0.07208,42300000.0,45912500.0,10500000.0,29600000.0,,242034685.0,0.0849,Yahoo Finance / yfinance get_info,OK,PRET_SSI
2026-10-07,ChargePoint Holdings Inc.     R,K9N.F,EUR,Allemagne,198558144.0,FRA,Frankfurt,EQUITY,,Yahoo Finance / yfinance EquityQuery,2026-10-07,Détection mécanique 50-300 MEUR ; qualification SSI requise.,DETECTE,,2026-10-07,254,7.394999980926514,0.0,42.62295202576705,53.9342242631506,5.652119996547699,True,Yahoo Finance / yfinance - historique quotidien 1 an,OK,OUI,2026-10-08,432888000.0,0.177,0.30969998,-144243008.0,32783500.0,95330000.0,250100992.0,,26850324.0,0.03398,Yahoo Finance / yfinance get_info,OK,PRET_SSI
2026-10-07,Anbio Biotechnology           R,N3B.F,EUR,Allemagne,198638144.0,FRA,Frankfurt,EQUITY,,Yahoo Finance / yfinance EquityQuery,2026-10-07,Détection mécanique 50-300 MEUR ; qualification SSI requise.,DETECTE,,2026-10-07,254,4.159999847412109,0.0,-48.6419796111505,-82.22222258449167,16.036949970722198,False,Yahoo Finance / yfinance - historique quotidien 1 an,OK,OUI,2026-10-08,8646844.0,0.739,0.87236,,-9605703.0,11901231.0,0.0,,43891200.0,0.047849998,Yahoo Finance / yfinance get_info,OK,PRET_SSI
2026-10-07,MBIA INC.                     R,MBJ.F,EUR,Allemagne,198964144.0,FRA,Frankfurt,EQUITY,,Yahoo Finance / yfinance EquityQuery,2026-10-07,Détection mécanique 50-300 MEUR ; qualification SSI requise.,DETECTE,,2026-10-07,254,3.900000095367432,0.0,-29.72973042635083,-20.408162868107325,5.010650005340576,False,Yahoo Finance / yfinance - historique quotidien 1 an,OK,OUI,2026-10-08,88000000.0,-0.25,1.29545,,122000000.0,452000000.0,3595000064.0,,51016444.0,0.17938,Yahoo Finance / yfinance get_info,OK,PRET_SSI
2026-10-07,Myer Holdings Ltd.            R,30M.F,EUR,Allemagne,199035824.0,FRA,Frankfurt,EQUITY,,Yahoo Finance / yfinance EquityQuery,2026-10-07,Détection mécanique 50-300 MEUR ; qualification SSI requise.,DETECTE,,2026-10-07,254,0.1150000020861625,0.0,-20.689651451552983,-18.43971634953262,0.1581824996694922,False,Yahoo Finance / yfinance - historique quotidien 1 an,OK,OUI,2026-10-08,3368999936.0,-0.035,0.47587,-241800000.0,-18550000.0,100100000.0,1463500032.0,,1730746199.0,0.31749,Yahoo Finance / yfinance get_info,OK,PRET_SSI
2026-10-07,Sichuan Energy Investment DeveR,84H.F,EUR,Allemagne,199212880.0,FRA,Frankfurt,EQUITY,,Yahoo Finance / yfinance EquityQuery,2026-10-07,Détection mécanique 50-300 MEUR ; qualification SSI requise.,DETECTE,,2026-10-07,254,0.1770000010728836,0.0,-8.290156640540225,-23.70689389396642,0.2226350004971027,False,Yahoo Finance / yfinance - historique quotidien 1 an,OK,OUI,2026-10-08,4944795136.0,-0.009,0.12444,603481728.0,-431705696.0,616909568.0,1510674944.0,,787396758.0,0.86571,Yahoo Finance / yfinance get_info,OK,PRET_SSI
2026-10-07,SECURITY NATIONAL FINL CORP.  R,XSNA.F,EUR,Allemagne,199237888.0,FRA,Frankfurt,EQUITY,,Yahoo Finance / yfinance EquityQuery,2026-10-07,Détection mécanique 50-300 MEUR ; qualification SSI requise.,DETECTE,,2026-10-07,254,7.650000095367432,0.0,-4.3749988079071045,2.980773347545762,7.312273485660553,True,Yahoo Finance / yfinance - historique quotidien 1 an,OK,OUI,2026-10-08,335961504.0,-0.063,0.51148,56591160.0,217023952.0,167011872.0,122319440.0,,22366641.0,0.25454,Yahoo Finance / yfinance get_info,OK,PRET_SSI
2026-10-07,CF Bankshares Inc.            R,2BM.F,EUR,Allemagne,199310912.0,FRA,Frankfurt,EQUITY,,Yahoo Finance / yfinance EquityQuery,2026-10-07,Détection mécanique 50-300 MEUR ; qualification SSI requise.,DETECTE,,2026-10-07,129,30.700000762939453,0.0,11.231885284867694,23.417088494228967,,,Yahoo Finance / yfinance - historique quotidien 1 an,OK,OUI,2026-10-08,54820000.0,0.102,0.0,,,256667008.0,123670000.0,,6415512.0,0.17066999,Yahoo Finance / yfinance get_info,OK,PRET_SSI
2026-10-07,SEACOR Marine Holdings Inc.   R,SQZ.F,EUR,Allemagne,199426272.0,FRA,Frankfurt,EQUITY,,Yahoo Finance / yfinance EquityQuery,2026-10-07,Détection mécanique 50-300 MEUR ; qualification SSI requise.,DETECTE,,2026-10-07,254,7.349999904632568,0.0,8.888887476038043,12.213735734379426,6.642900009155273,True,Yahoo Finance / yfinance - historique quotidien 1 an,OK,OUI,2026-10-08,210435008.0,-0.102,0.16523,-11526000.0,-61073376.0,55397000.0,321324992.0,,27132826.0,0.21011,Yahoo Finance / yfinance get_info,OK,PRET_SSI
2026-10-07,CELTIC PLC                    R,CCP.F,EUR,Allemagne,199793424.0,FRA,Frankfurt,EQUITY,,Yahoo Finance / yfinance EquityQuery,2026-10-07,Détection mécanique 50-300 MEUR ; qualification SSI requise.,DETECTE,,2026-10-07,254,2.0999999046325684,0.0,-17.968751891749022,-0.943395377648304,2.258850004673004,False,Yahoo Finance / yfinance - historique quotidien 1 an,OK,OUI,2026-10-08,111032000.0,-0.142,-0.1001,-7711000.0,-8948500.0,66385000.0,5277000.0,,95139731.0,0.57884,Yahoo Finance / yfinance get_info,OK,PRET_SSI
2026-10-07,Kolibri Global Energy Inc.    R,B120.F,EUR,Allemagne,199806912.0,FRA,Frankfurt,EQUITY,,Yahoo Finance / yfinance EquityQuery,2026-10-07,Détection mécanique 50-300 MEUR ; qualification SSI requise.,DETECTE,,2026-10-07,254,5.559999942779541,0.0,33.014358160617704,26.79588717370094,4.300999997854233,True,Yahoo Finance / yfinance - historique quotidien 1 an,OK,OUI,2026-10-08,72047000.0,1.029,0.83915,47521000.0,-21509624.0,2563000.0,45370000.0,,35936495.0,0.03498,Yahoo Finance / yfinance get_info,OK,PRET_SSI
2026-10-07,CSI Properties Ltd.           R,OIH.F,EUR,Allemagne,199852432.0,FRA,Frankfurt,EQUITY,,Yahoo Finance / yfinance EquityQuery,2026-10-07,Détection mécanique 50-300 MEUR ; qualification SSI requise.,DETECTE,,2026-10-07,254,0.0154999997466802,0.0,-24.390247226612303,-31.111114974374978,0.0207150001265108,False,Yahoo Finance / yfinance - historique quotidien 1 an,OK,OUI,2026-10-08,1429581056.0,2.457,0.23811,59341000.0,539671616.0,2111015040.0,8089197056.0,,12893705532.0,0.67821,Yahoo Finance / yfinance get_info,OK,PRET_SSI
2026-10-07,Archer Ltd.                   R,8SW.F,EUR,Allemagne,200481232.0,FRA,Frankfurt,EQUITY,,Yahoo Finance / yfinance EquityQuery,2026-10-07,Détection mécanique 50-300 MEUR ; qualification SSI requise.,DETECTE,,2026-10-07,254,2.015000104904175,0.0,-5.399061190516807,-23.81852100436148,2.2276600086689,False,Yahoo Finance / yfinance - historique quotidien 1 an,OK,OUI,2026-10-08,1142000000.0,-0.115,0.67636,188300000.0,37462500.0,35200000.0,581699968.0,,99494398.0,0.42584,Yahoo Finance / yfinance get_info,OK,PRET_SSI
2026-10-07,RIBER S.A.                    A,RI7.F,EUR,Allemagne,200569264.0,FRA,Frankfurt,EQUITY,,Yahoo Finance / yfinance EquityQuery,2026-10-07,Détection mécanique 50-300 MEUR ; qualification SSI requise.,DETECTE,,2026-10-07,254,9.539999961853027,0.0,-2.0533861803384457,-26.61538490882287,8.877200006246566,True,Yahoo Finance / yfinance - historique quotidien 1 an,OK,OUI,2026-10-08,42349000.0,0.191,0.39574,7480000.0,-813500.0,5164000.0,6775000.0,,21024031.0,0.44599998,Yahoo Finance / yfinance get_info,OK,PRET_SSI
2026-10-07,Vecima Networks Inc.          R,VCM.F,EUR,Allemagne,200595408.0,FRA,Frankfurt,EQUITY,,Yahoo Finance / yfinance EquityQuery,2026-10-07,Détection mécanique 50-300 MEUR ; qualification SSI requise.,DETECTE,,2026-10-07,254,8.25,0.0,6.451612903225801,2.484469621445795,7.547749979496002,True,Yahoo Finance / yfinance - historique quotidien 1 an,OK,OUI,2026-10-08,294958016.0,,0.44391,22869000.0,37106248.0,2876000.0,48731000.0,,24314594.0,0.57289004,Yahoo Finance / yfinance get_info,OK,PRET_SSI
2026-10-07,CLS Holdings PLC              R,838.F,EUR,Allemagne,200734576.0,FRA,Frankfurt,EQUITY,,Yahoo Finance / yfinance EquityQuery,2026-10-07,Détection mécanique 50-300 MEUR ; qualification SSI requise.,DETECTE,,2026-10-07,254,0.5,0.0,-9.9099110709451,-8.256883543354942,0.5732749985158443,False,Yahoo Finance / yfinance - historique quotidien 1 an,OK,OUI,2026-10-08,132100000.0,-0.106,0.71385,63000000.0,153937504.0,35300000.0,847000000.0,,401469166.0,0.69755995,Yahoo Finance / yfinance get_info,OK,PRET_SSI
2026-10-07,Bell Equipment Ltd.           R,B2K.F,EUR,Allemagne,200754016.0,FRA,Frankfurt,EQUITY,,Yahoo Finance / yfinance EquityQuery,2026-10-07,Détection mécanique 50-300 MEUR ; qualification SSI requise.,DETECTE,,2026-10-07,254,2.0999999046325684,0.0,14.754090458221604,3.960392300071258,1.9944999819993967,True,Yahoo Finance / yfinance - historique quotidien 1 an,OK,OUI,2026-10-08,10395719680.0,-0.124,0.21189,495715008.0,184946752.0,664339968.0,953780992.0,,95597152.0,0.76794,Yahoo Finance / yfinance get_info,OK,PRET_SSI
2026-10-07,Eastern Water Res Dev&Mgmt PCLR,7ES1.F,EUR,Allemagne,201310752.0,FRA,Frankfurt,EQUITY,,Yahoo Finance / yfinance EquityQuery,2026-10-07,Détection mécanique 50-300 MEUR ; qualification SSI requise.,DETECTE,,2026-10-07,254,0.1209999993443489,0.0,9.009007013479774,87.59690808974842,0.08472999997437,True,Yahoo Finance / yfinance - historique quotidien 1 an,OK,OUI,2026-10-08,3621096448.0,0.072,0.30004,1700473088.0,-1337858176.0,524345984.0,14805489664.0,,1663725149.0,0.0115,Yahoo Finance / yfinance get_info,OK,PRET_SSI
2026-10-07,Xingda Intl Hldgs Ltd.        R,XDH.F,EUR,Allemagne,201388480.0,FRA,Frankfurt,EQUITY,,Yahoo Finance / yfinance EquityQuery,2026-10-07,Détection mécanique 50-300 MEUR ; qualification SSI requise.,DETECTE,,2026-10-07,254,0.1049999967217445,0.0,-9.48275884216947,-16.666670608772737,0.1254749999195337,False,Yahoo Finance / yfinance - historique quotidien 1 an,OK,OUI,2026-10-08,11594520576.0,0.02,0.18409,1414996992.0,-407149248.0,1509324032.0,7820774912.0,,1917985534.0,0.69667,Yahoo Finance / yfinance get_info,OK,PRET_SSI
2026-10-07,Canaan Inc. (ADRs),35J.SG,EUR,Allemagne,201639664.0,STU,Stuttgart,EQUITY,,Yahoo Finance / yfinance EquityQuery,2026-10-07,Détection mécanique 50-300 MEUR ; qualification SSI requise.,DETECTE,,2026-10-07,254,0.2754999995231628,0.262499988079071,5.758151592565097,-36.0046459778322,0.3755979981273413,False,Yahoo Finance / yfinance - historique quotidien 1 an,OK,OUI,2026-10-08,441304992.0,-0.682,-0.047659997,-110754000.0,-71842496.0,68300000.0,70655000.0,,711129417.0,0.09300999,Yahoo Finance / yfinance get_info,OK,PRET_SSI
2026-10-07,Cresco Labs Inc.              R,6CQ.F,EUR,Allemagne,201780928.0,FRA,Frankfurt,EQUITY,,Yahoo Finance / yfinance EquityQuery,2026-10-07,Détection mécanique 50-300 MEUR ; qualification SSI requise.,DETECTE,,2026-10-07,254,0.5450000166893005,0.0,-21.807748090428024,-28.66491914793756,0.7584150004386901,False,Yahoo Finance / yfinance - historique quotidien 1 an,OK,OUI,2026-10-08,651132032.0,0.059,0.49925,111141000.0,24946750.0,32872000.0,592017984.0,,354130220.0,0.02247,Yahoo Finance / yfinance get_info,OK,PRET_SSI
2026-10-07,Thrace Plastics Holding&Com.SAN,TP3.F,EUR,Allemagne,201797008.0,FRA,Frankfurt,EQUITY,,Yahoo Finance / yfinance EquityQuery,2026-10-07,Détection mécanique 50-300 MEUR ; qualification SSI requise.,DETECTE,,2026-10-07,254,4.710000038146973,0.0,-3.4836080390834523,28.33787303087045,4.268425011634827,True,Yahoo Finance / yfinance - historique quotidien 1 an,OK,OUI,2026-10-08,416032000.0,0.218,0.24962999,60033000.0,-3241250.0,24256000.0,95736000.0,,42844377.0,0.63518,Yahoo Finance / yfinance get_info,OK,PRET_SSI
2026-10-07,Spok Holdings Inc.            R,FQV.F,EUR,Allemagne,201860000.0,FRA,Frankfurt,EQUITY,,Yahoo Finance / yfinance EquityQuery,2026-10-07,Détection mécanique 50-300 MEUR ; qualification SSI requise.,DETECTE,,2026-10-07,254,9.649999618530272,0.0,8.426966653329515,4.32432020032727,9.740249977111816,False,Yahoo Finance / yfinance - historique quotidien 1 an,OK,OUI,2026-10-08,135964992.0,-0.019,0.60376,22054000.0,20814624.0,16592000.0,5746000.0,,20918137.0,0.02309,Yahoo Finance / yfinance get_info,OK,PRET_SSI
2026-10-07,GrafTech International Ltd.   R,G6G0.F,EUR,Allemagne,201871104.0,FRA,Frankfurt,EQUITY,,Yahoo Finance / yfinance EquityQuery,2026-10-07,Détection mécanique 50-300 MEUR ; qualification SSI requise.,DETECTE,,2026-10-07,254,7.75,0.0,56.88258927593244,23.01586929152142,7.51365000963211,True,Yahoo Finance / yfinance - historique quotidien 1 an,OK,OUI,2026-10-08,512918016.0,-0.034,-0.0574,-23873000.0,-43494000.0,145360000.0,1198601984.0,,26047884.0,0.41493,Yahoo Finance / yfinance get_info,OK,PRET_SSI
2026-10-07,Tess Holdings Co. Ltd.        R,9VI.F,EUR,Allemagne,202039184.0,FRA,Frankfurt,EQUITY,,Yahoo Finance / yfinance EquityQuery,2026-10-07,Détection mécanique 50-300 MEUR ; qualification SSI requise.,DETECTE,,2026-10-07,254,2.859999895095825,0.0,-25.90673645536912,-8.917203836109255,3.507099991440773,False,Yahoo Finance / yfinance - historique quotidien 1 an,OK,OUI,2026-10-08,51216998400.0,0.392,0.20341,12455000064.0,-2255749888.0,19136000000.0,92794003456.0,,70643074.0,0.42383,Yahoo Finance / yfinance get_info,OK,PRET_SSI
2026-10-07,Eureka Group Holdings Ltd.    R,UM7.F,EUR,Allemagne,202135984.0,FRA,Frankfurt,EQUITY,,Yahoo Finance / yfinance EquityQuery,2026-10-07,Détection mécanique 50-300 MEUR ; qualification SSI requise.,DETECTE,,2026-10-07,254,0.3600000143051147,0.0,-2.702700090373533,16.129035979478324,0.3370299987494946,True,Yahoo Finance / yfinance - historique quotidien 1 an,OK,OUI,2026-10-08,56833000.0,0.28,0.38724,15538000.0,7667000.0,2545000.0,136631008.0,,561488834.0,0.43918,Yahoo Finance / yfinance get_info,OK,PRET_SSI
2026-10-07,Ausnutria Dairy Corp. Ltd.    R,6AH.F,EUR,Allemagne,202419760.0,FRA,Frankfurt,EQUITY,,Yahoo Finance / yfinance EquityQuery,2026-10-07,Détection mécanique 50-300 MEUR ; qualification SSI requise.,DETECTE,,2026-10-07,254,0.1140000000596046,0.0,-18.5714288755339,-38.04347834889627,0.1667749995738268,False,Yahoo Finance / yfinance - historique quotidien 1 an,OK,OUI,2026-10-08,6764345856.0,-0.186,0.26378,-579990016.0,487492864.0,928336000.0,2513670912.0,,1775611841.0,0.77128,Yahoo Finance / yfinance get_info,OK,PRET_SSI
2026-10-07,Vuzix Corp.                   R,V7XN.F,EUR,Allemagne,202509744.0,FRA,Frankfurt,EQUITY,,Yahoo Finance / yfinance EquityQuery,2026-10-07,Détection mécanique 50-300 MEUR ; qualification SSI requise.,DETECTE,,2026-10-07,254,2.3989999294281006,0.0,13.804548569471596,13.4278921328971,2.438517497777939,False,Yahoo Finance / yfinance - historique quotidien 1 an,OK,OUI,2026-10-08,5908774.0,-0.141,-0.09633,-28199452.0,-14299929.0,17297696.0,741329.0,,84414230.0,0.15633,Yahoo Finance / yfinance get_info,OK,PRET_SSI
2026-10-07,Imperial Petroleum Inc.       R,AR2.F,EUR,Allemagne,202559264.0,FRA,Frankfurt,EQUITY,,Yahoo Finance / yfinance EquityQuery,2026-10-07,Détection mécanique 50-300 MEUR ; qualification SSI requise.,DETECTE,,2026-10-07,183,4.440000057220459,0.0,4.716988134401512,24.022350610111825,,,Yahoo Finance / yfinance - historique quotidien 1 an,OK,OUI,2026-10-08,241350720.0,1.396,0.50321,114231696.0,-20383352.0,245230704.0,100985.0,,45621455.0,0.31869,Yahoo Finance / yfinance get_info,OK,PRET_SSI
2026-10-07,ProQR Therapeutics N.V.       A,0PQ.F,EUR,Allemagne,202646944.0,FRA,Frankfurt,EQUITY,,Yahoo Finance / yfinance EquityQuery,2026-10-07,Détection mécanique 50-300 MEUR ; qualification SSI requise.,DETECTE,,2026-10-07,254,1.4359999895095823,0.0,-6.813758500237299,-3.624162394733799,1.467170000076294,False,Yahoo Finance / yfinance - historique quotidien 1 an,OK,OUI,2026-10-08,18423000.0,1.204,1.0,-41902000.0,-19073124.0,117125000.0,15312000.0,,141119032.0,0.17157,Yahoo Finance / yfinance get_info,OK,PRET_SSI
2026-10-07,NU SKIN ENTERPRISES INC.      R,NUS.F,EUR,Allemagne,202981552.0,FRA,Frankfurt,EQUITY,,Yahoo Finance / yfinance EquityQuery,2026-10-07,Détection mécanique 50-300 MEUR ; qualification SSI requise.,DETECTE,,2026-10-07,254,4.170000076293945,0.0,-8.2710058778099,-34.01898792674001,5.7844300210475925,False,Yahoo Finance / yfinance - historique quotidien 1 an,OK,OUI,2026-10-08,1375250944.0,-0.171,0.69187,120310000.0,35201500.0,191386000.0,288096000.0,,48676634.0,0.03398,Yahoo Finance / yfinance get_info,OK,PRET_SSI
2026-10-07,Fourlis Holding S.A.,2FH.SG,EUR,Allemagne,203213680.0,STU,Stuttgart,EQUITY,,Yahoo Finance / yfinance EquityQuery,2026-10-07,Détection mécanique 50-300 MEUR ; qualification SSI requise.,DETECTE,,2026-10-07,254,3.920000076293945,0.0,-5.542169006941256,-12.402231065168989,4.184449999332428,False,Yahoo Finance / yfinance - historique quotidien 1 an,OK,OUI,2026-10-08,613713984.0,0.035,0.46730998,21872000.0,1705875.0,46980000.0,626288000.0,,51840225.0,0.17778,Yahoo Finance / yfinance get_info,OK,PRET_SSI
2026-10-07,E Split Corp.                 R,784.F,EUR,Allemagne,203346864.0,FRA,Frankfurt,EQUITY,,Yahoo Finance / yfinance EquityQuery,2026-10-07,Détection mécanique 50-300 MEUR ; qualification SSI requise.,DETECTE,,2026-10-07,195,9.75,0.0,-15.217391304347828,-11.363636363636363,,,Yahoo Finance / yfinance - historique quotidien 1 an,OK,OUI,2026-10-08,162340928.0,2.919,1.0,,88648560.0,643399744.0,210284864.0,,20856087.0,0.0,Yahoo Finance / yfinance get_info,OK,PRET_SSI
2026-10-07,Hainan Meilan Intl Airport Co.R,HAO.F,EUR,Allemagne,203481584.0,FRA,Frankfurt,EQUITY,,Yahoo Finance / yfinance EquityQuery,2026-10-07,Détection mécanique 50-300 MEUR ; qualification SSI requise.,DETECTE,,2026-10-07,254,0.4300000071525574,0.0,-0.4629638891753718,-41.09589097020682,0.6872500008344651,False,Yahoo Finance / yfinance - historique quotidien 1 an,OK,OUI,2026-10-08,2019051648.0,0.011,-0.02116,128043128.0,-408336480.0,544022016.0,5279627776.0,,226913000.0,0.23873,Yahoo Finance / yfinance get_info,OK,PRET_SSI
2026-10-07,ENDO LIGHTING CORP.           R,II8.F,EUR,Allemagne,203806928.0,FRA,Frankfurt,EQUITY,,Yahoo Finance / yfinance EquityQuery,2026-10-07,Détection mécanique 50-300 MEUR ; qualification SSI requise.,DETECTE,,2026-10-07,207,13.800000190734863,0.0,10.4000015258789,-2.8168987598808592,13.77830002784729,True,Yahoo Finance / yfinance - historique quotidien 1 an,OK,OUI,2026-10-08,55950000128.0,0.038,0.41455,9383749632.0,,22518999040.0,14709999616.0,,14768618.0,0.34887,Yahoo Finance / yfinance get_info,OK,PRET_SSI
2026-10-07,Sutro Biopharma Inc.          R,S090.F,EUR,Allemagne,203816400.0,FRA,Frankfurt,EQUITY,,Yahoo Finance / yfinance EquityQuery,2026-10-07,Détection mécanique 50-300 MEUR ; qualification SSI requise.,DETECTE,,2026-10-07,254,12.300000190734863,0.0,-50.79999923706055,-42.52336257013628,19.833700079917907,False,Yahoo Finance / yfinance - historique quotidien 1 an,OK,OUI,2026-10-08,45702000.0,-0.846,-2.1671,-125795000.0,-100756000.0,164346000.0,10783000.0,,16570439.0,0.02258,Yahoo Finance / yfinance get_info,OK,PRET_SSI
2026-10-07,Silver Mines Ltd.             R,SWQ.F,EUR,Allemagne,204182416.0,FRA,Frankfurt,EQUITY,,Yahoo Finance / yfinance EquityQuery,2026-10-07,Détection mécanique 50-300 MEUR ; qualification SSI requise.,DETECTE,,2026-10-07,254,0.0799999982118606,0.0,2.9601052555170426,-18.28396772095042,0.1024975001066923,False,Yahoo Finance / yfinance - historique quotidien 1 an,OK,OUI,2026-10-08,511107.0,0.989,0.75209,-3664598.0,-7038613.0,35751420.0,0.0,,2552280312.0,0.03638,Yahoo Finance / yfinance get_info,OK,PRET_SSI
2026-10-07,Microvast Holdings Inc.       R,2OZA.F,EUR,Allemagne,204572352.0,FRA,Frankfurt,EQUITY,,Yahoo Finance / yfinance EquityQuery,2026-10-07,Détection mécanique 50-300 MEUR ; qualification SSI requise.,DETECTE,,2026-10-07,254,0.5320000052452087,0.0,-42.2366989096945,-61.44927484902532,1.341752502918243,False,Yahoo Finance / yfinance - historique quotidien 1 an,OK,OUI,2026-10-08,367560000.0,-0.045,0.33957002,40798000.0,63391876.0,127828000.0,193042000.0,,384534486.0,0.45736998,Yahoo Finance / yfinance get_info,OK,PRET_SSI
2026-10-07,Beacon Minerals Ltd.          R,M3O.F,EUR,Allemagne,204785776.0,FRA,Frankfurt,EQUITY,,Yahoo Finance / yfinance EquityQuery,2026-10-07,Détection mécanique 50-300 MEUR ; qualification SSI requise.,DETECTE,,2026-10-07,214,1.7599999904632568,0.0,1.7341023733535632,-10.65990025873862,1.8617171055078507,False,Yahoo Finance / yfinance - historique quotidien 1 an,OK,OUI,2026-10-08,126585312.0,-0.145,0.37939,61076028.0,16930212.0,39740416.0,9293150.0,,116355553.0,0.62376,Yahoo Finance / yfinance get_info,OK,PRET_SSI
2026-10-07,Lineage Cell Therapeutics Inc.R,BT3.F,EUR,Allemagne,204855040.0,FRA,Frankfurt,EQUITY,,Yahoo Finance / yfinance EquityQuery,2026-10-07,Détection mécanique 50-300 MEUR ; qualification SSI requise.,DETECTE,,2026-10-07,254,0.8100000023841858,0.0,-25.41436206343164,-34.88745741909196,1.16287999689579,False,Yahoo Finance / yfinance - historique quotidien 1 an,OK,OUI,2026-10-08,13083000.0,-0.613,-0.57365,-26111000.0,-14774250.0,50829000.0,2299000.0,,252907464.0,0.048600003,Yahoo Finance / yfinance get_info,OK,PRET_SSI
2026-10-07,Econocom Group SE             A,1E91.F,EUR,Allemagne,204990544.0,FRA,Frankfurt,EQUITY,,Yahoo Finance / yfinance EquityQuery,2026-10-07,Détection mécanique 50-300 MEUR ; qualification SSI requise.,DETECTE,,2026-10-07,254,1.399999976158142,0.0,0.7194237817389482,0.358422602149977,1.4575899976491928,False,Yahoo Finance / yfinance - historique quotidien 1 an,OK,OUI,2026-10-08,2869400064.0,-0.037,0.1019,88100000.0,137075008.0,396100000.0,689600000.0,,146421832.0,0.548,Yahoo Finance / yfinance get_info,OK,PRET_SSI
2026-10-07,MacroGenics Inc.              R,M55.F,EUR,Allemagne,205114608.0,FRA,Frankfurt,EQUITY,,Yahoo Finance / yfinance EquityQuery,2026-10-07,Détection mécanique 50-300 MEUR ; qualification SSI requise.,DETECTE,,2026-10-07,254,3.220000028610229,0.0,-14.361701149538986,11.03448009377579,2.856114999651909,True,Yahoo Finance / yfinance - historique quotidien 1 an,OK,OUI,2026-10-08,175142000.0,3.78,-0.00745,-32169000.0,-69411128.0,173304992.0,35092000.0,,63700187.0,0.03481,Yahoo Finance / yfinance get_info,OK,PRET_SSI
2026-10-07,BTG Consulting PLC            R,BTA.F,EUR,Allemagne,205343408.0,FRA,Frankfurt,EQUITY,BZK.F,Yahoo Finance / yfinance EquityQuery,2026-10-07,Détection mécanique 50-300 MEUR ; qualification SSI requise.,DETECTE,,2026-10-07,254,1.2699999809265137,0.0,4.958672800657649,-0.7812492724042275,1.2791499888896942,False,Yahoo Finance / yfinance - historique quotidien 1 an,OK,OUI,2026-10-08,168500000.0,0.118,0.43205002,25300000.0,12137500.0,6000000.0,21600000.0,,161687735.0,0.22367,Yahoo Finance / yfinance get_info,OK,PRET_SSI
2026-10-07,GLORIOUS SUN ENTERPRISES LTD. R,GLV.F,EUR,Allemagne,205499984.0,FRA,Frankfurt,EQUITY,,Yahoo Finance / yfinance EquityQuery,2026-10-07,Détection mécanique 50-300 MEUR ; qualification SSI requise.,DETECTE,,2026-10-07,254,0.1369999945163726,0.0,1.4814733870238683,-0.7246391678327524,0.1378450015187263,False,Yahoo Finance / yfinance - historique quotidien 1 an,OK,OUI,2026-10-08,971422976.0,-0.011,0.22063999,67721000.0,37497752.0,1223192960.0,68296000.0,,1500000000.0,0.70373,Yahoo Finance / yfinance get_info,OK,PRET_SSI
2026-10-07,MITSUBISHI STEEL MFG. CO. LTD.R,0BK.F,EUR,Allemagne,205647040.0,FRA,Frankfurt,EQUITY,,Yahoo Finance / yfinance EquityQuery,2026-10-07,Détection mécanique 50-300 MEUR ; qualification SSI requise.,DETECTE,,2026-10-07,254,13.600000381469728,0.0,21.428576902467466,42.40837811358431,11.32099995613098,True,Yahoo Finance / yfinance - historique quotidien 1 an,OK,OUI,2026-10-08,157011001344.0,0.064,0.13561,8945500160.0,,13054000128.0,45552001024.0,,15121105.0,0.12549,Yahoo Finance / yfinance get_info,OK,PRET_SSI
2026-10-07,ASCOM HOLDING AG              N,AH2N.F,EUR,Allemagne,205750128.0,FRA,Frankfurt,EQUITY,,Yahoo Finance / yfinance EquityQuery,2026-10-07,Détection mécanique 50-300 MEUR ; qualification SSI requise.,DETECTE,,2026-10-07,254,6.25,0.0,-3.846153846153844,9.64912647612477,5.63,True,Yahoo Finance / yfinance - historique quotidien 1 an,OK,OUI,2026-10-08,291900000.0,-0.001,0.47825,24400000.0,11562500.0,25300000.0,0.0,,32920021.0,0.01811,Yahoo Finance / yfinance get_info,OK,PRET_SSI
2026-10-07,Capital B S.A.                A,BC70.F,EUR,Allemagne,206141152.0,FRA,Frankfurt,EQUITY,,Yahoo Finance / yfinance EquityQuery,2026-10-07,Détection mécanique 50-300 MEUR ; qualification SSI requise.,DETECTE,,2026-10-07,254,5.360000133514404,0.0,23.78753413295145,-14.239997863769528,5.549350010156632,False,Yahoo Finance / yfinance - historique quotidien 1 an,OK,OUI,2026-10-08,13172000.0,-0.148,0.03295,48710000.0,-195060368.0,3478000.0,99845000.0,,38459169.0,0.28103,Yahoo Finance / yfinance get_info,OK,PRET_SSI
2026-10-07,H+H International AS          N,J0H.F,EUR,Allemagne,206713088.0,FRA,Frankfurt,EQUITY,,Yahoo Finance / yfinance EquityQuery,2026-10-07,Détection mécanique 50-300 MEUR ; qualification SSI requise.,DETECTE,,2026-10-07,254,12.31999969482422,0.0,-4.049847753770209,1.31578823536056,12.591700015068056,False,Yahoo Finance / yfinance - historique quotidien 1 an,OK,OUI,2026-10-08,2660999936.0,0.046,0.20743999,-364000000.0,-554875008.0,241000000.0,1066000000.0,,16384387.0,0.25030002,Yahoo Finance / yfinance get_info,OK,PRET_SSI
2026-10-07,High Tide Inc.                R,2LYA.F,EUR,Allemagne,206810864.0,FRA,Frankfurt,EQUITY,,Yahoo Finance / yfinance EquityQuery,2026-10-07,Détection mécanique 50-300 MEUR ; qualification SSI requise.,DETECTE,,2026-10-07,254,2.319999933242798,0.0,23.535671316506,19.587621897639785,2.044675005674362,True,Yahoo Finance / yfinance - historique quotidien 1 an,OK,OUI,2026-10-08,720473984.0,0.328,0.26104,35185000.0,-4734750.0,38089000.0,123471000.0,,89142614.0,0.121700004,Yahoo Finance / yfinance get_info,OK,PRET_SSI
2026-10-07,Beijing North Star Co. Ltd.   R,BJ3.F,EUR,Allemagne,207071744.0,FRA,Frankfurt,EQUITY,,Yahoo Finance / yfinance EquityQuery,2026-10-07,Détection mécanique 50-300 MEUR ; qualification SSI requise.,DETECTE,,2026-10-07,254,0.0615000016987323,0.0,4.237290382967407,-26.78571127633857,0.0675149999186396,False,Yahoo Finance / yfinance - historique quotidien 1 an,OK,OUI,2026-10-08,6086647296.0,-0.033,0.07039,-1022053056.0,3408482816.0,7800760832.0,24283932672.0,,707020000.0,0.0,Yahoo Finance / yfinance get_info,OK,PRET_SSI
2026-10-07,OP Bancorp                    R,OP3.F,EUR,Allemagne,207563344.0,FRA,Frankfurt,EQUITY,,Yahoo Finance / yfinance EquityQuery,2026-10-07,Détection mécanique 50-300 MEUR ; qualification SSI requise.,DETECTE,,2026-10-07,254,13.899999618530272,0.0,8.593745401594855,16.80672322783665,12.216500000953674,True,Yahoo Finance / yfinance - historique quotidien 1 an,OK,OUI,2026-10-08,97130000.0,0.151,0.0,,,175302000.0,109833000.0,,14932615.0,0.20148,Yahoo Finance / yfinance get_info,OK,PRET_SSI
2026-10-07,Vanquis Banking Group PLC     R,PRVA.F,EUR,Allemagne,207759952.0,FRA,Frankfurt,EQUITY,,Yahoo Finance / yfinance EquityQuery,2026-10-07,Détection mécanique 50-300 MEUR ; qualification SSI requise.,DETECTE,,2026-10-07,254,0.8100000023841858,0.0,-40.00000088303176,-39.5522401337635,1.2255850011110303,False,Yahoo Finance / yfinance - historique quotidien 1 an,OK,OUI,2026-10-08,268200000.0,-0.056,0.04101,,,865000000.0,3842400000.0,,250331804.0,0.11073,Yahoo Finance / yfinance get_info,OK,PRET_SSI
2026-10-07,Jinmao Property Services Co.  R,TZ0.F,EUR,Allemagne,207963472.0,FRA,Frankfurt,EQUITY,,Yahoo Finance / yfinance EquityQuery,2026-10-07,Détection mécanique 50-300 MEUR ; qualification SSI requise.,DETECTE,,2026-10-07,254,0.2300000041723251,0.0,1.769915122061283,-10.156252637534513,0.2482650008797645,False,Yahoo Finance / yfinance - historique quotidien 1 an,OK,OUI,2026-10-08,3771575040.0,0.058,0.17614001,432697984.0,181796992.0,1696625024.0,225242000.0,,904189000.0,0.74761003,Yahoo Finance / yfinance get_info,OK,PRET_SSI
2026-10-07,Ju Teng Intl Holdings Ltd.    R,JTI.F,EUR,Allemagne,208033024.0,FRA,Frankfurt,EQUITY,,Yahoo Finance / yfinance EquityQuery,2026-10-07,Détection mécanique 50-300 MEUR ; qualification SSI requise.,DETECTE,,2026-10-07,254,0.2460000067949295,0.0,-28.07017505639784,0.0,0.2906650007516145,False,Yahoo Finance / yfinance - historique quotidien 1 an,OK,OUI,2026-10-08,5588236800.0,-0.053,0.04636,-432876000.0,-264161632.0,590820992.0,2739927040.0,,845662671.0,0.59157,Yahoo Finance / yfinance get_info,OK,PRET_SSI
2026-10-07,AB Amber Grid                 R,AMH.F,EUR,Allemagne,208061680.0,FRA,Frankfurt,EQUITY,,Yahoo Finance / yfinance EquityQuery,2026-10-07,Détection mécanique 50-300 MEUR ; qualification SSI requise.,DETECTE,,2026-10-07,254,1.100000023841858,0.0,0.0,-1.7857125751218117,1.127350018620491,False,Yahoo Finance / yfinance - historique quotidien 1 an,OK,OUI,2026-10-08,84002000.0,0.161,0.83453006,34185000.0,4509625.0,761000.0,111671000.0,,178382514.0,0.96578,Yahoo Finance / yfinance get_info,OK,PRET_SSI
2026-10-07,Pou Sheng Internat. Hldgs Ltd.R,P5C.F,EUR,Allemagne,208368976.0,FRA,Frankfurt,EQUITY,,Yahoo Finance / yfinance EquityQuery,2026-10-07,Détection mécanique 50-300 MEUR ; qualification SSI requise.,DETECTE,,2026-10-07,254,0.0405000001192092,0.0,6.578951109190512,-5.813956409773258,0.0430925001949071,False,Yahoo Finance / yfinance - historique quotidien 1 an,OK,OUI,2026-10-08,16937286656.0,-0.034,0.33707002,769444992.0,778262400.0,1964546048.0,1176573952.0,,5144912855.0,0.63592,Yahoo Finance / yfinance get_info,OK,PRET_SSI
2026-10-07,Spectral Medical Inc.         R,SD4.F,EUR,Allemagne,208423328.0,FRA,Frankfurt,EQUITY,,Yahoo Finance / yfinance EquityQuery,2026-10-07,Détection mécanique 50-300 MEUR ; qualification SSI requise.,DETECTE,,2026-10-07,254,0.7099999785423279,0.0,-13.414636007878569,-14.970060264937302,0.8199499997496605,False,Yahoo Finance / yfinance - historique quotidien 1 an,OK,OUI,2026-10-08,2569000.0,-0.236,0.53134,-10342000.0,12012375.0,803000.0,24730000.0,,293553974.0,0.17211,Yahoo Finance / yfinance get_info,OK,PRET_SSI
2026-10-07,JACK IN THE BOX INC.          R,JBX.F,EUR,Allemagne,209054688.0,FRA,Frankfurt,EQUITY,,Yahoo Finance / yfinance EquityQuery,2026-10-07,Détection mécanique 50-300 MEUR ; qualification SSI requise.,DETECTE,,2026-10-07,254,10.899999618530272,0.0,-15.503876427461982,13.541658181283545,13.11450005054474,False,Yahoo Finance / yfinance - historique quotidien 1 an,OK,OUI,2026-10-08,1427555968.0,-0.018,0.26692,221896000.0,-9294750.0,46318000.0,2481620992.0,,19179330.0,0.095860004,Yahoo Finance / yfinance get_info,OK,PRET_SSI
2026-10-07,Cinkarna Met.kem.ind. Celje ddN,YG6.F,EUR,Allemagne,209279200.0,FRA,Frankfurt,EQUITY,,Yahoo Finance / yfinance EquityQuery,2026-10-07,Détection mécanique 50-300 MEUR ; qualification SSI requise.,DETECTE,,2026-10-07,254,26.89999961853028,0.0,-3.928572790963314,-5.944058532393948,29.00699994087219,False,Yahoo Finance / yfinance - historique quotidien 1 an,OK,OUI,2026-10-08,191808256.0,0.016,0.14158,32380790.0,9502578.0,54307836.0,0.0,,7779896.0,0.30998,Yahoo Finance / yfinance get_info,OK,PRET_SSI
2026-10-07,Cipher Pharmaceuticals Inc.   R,PHE.F,EUR,Allemagne,209674336.0,FRA,Frankfurt,EQUITY,,Yahoo Finance / yfinance EquityQuery,2026-10-07,Détection mécanique 50-300 MEUR ; qualification SSI requise.,DETECTE,,2026-10-07,254,8.25,0.0,-20.67307401338262,-30.67226668517382,9.628000013828276,False,Yahoo Finance / yfinance - historique quotidien 1 an,OK,OUI,2026-10-08,49623000.0,-0.098,0.81404,26480000.0,19214376.0,9111000.0,367000.0,,25415072.0,0.42540002,Yahoo Finance / yfinance get_info,OK,PRET_SSI
2026-10-07,China Renaissance Hldgs Ltd.  R,6RN.F,EUR,Allemagne,209845280.0,FRA,Frankfurt,EQUITY,,Yahoo Finance / yfinance EquityQuery,2026-10-07,Détection mécanique 50-300 MEUR ; qualification SSI requise.,DETECTE,,2026-10-07,254,0.3659999966621399,0.0,14.37500151339921,-3.684210196096149,0.3802199991047382,False,Yahoo Finance / yfinance - historique quotidien 1 an,OK,OUI,2026-10-08,1222301056.0,-0.043,1.0,,,5879439872.0,606129984.0,,573347776.0,0.45341998,Yahoo Finance / yfinance get_info,OK,PRET_SSI
2026-10-07,China Renaissance Hldgs Ltd.,6RN.SG,EUR,Allemagne,209845280.0,STU,Stuttgart,EQUITY,,Yahoo Finance / yfinance EquityQuery,2026-10-07,Détection mécanique 50-300 MEUR ; qualification SSI requise.,DETECTE,,2026-10-07,254,0.3659999966621399,0.0,13.664596330778767,-2.1390416944038093,0.3808449994027614,False,Yahoo Finance / yfinance - historique quotidien 1 an,OK,OUI,2026-10-08,1222301056.0,-0.043,1.0,,,5879439872.0,606129984.0,,573347776.0,0.45341998,Yahoo Finance / yfinance get_info,OK,PRET_SSI
2026-10-07,Auxly Cannabis Group Inc.     R,3KF0.F,EUR,Allemagne,210084112.0,FRA,Frankfurt,EQUITY,,Yahoo Finance / yfinance EquityQuery,2026-10-07,Détection mécanique 50-300 MEUR ; qualification SSI requise.,DETECTE,,2026-10-07,254,2.0350000858306885,0.0,45.06701868589516,81.69643546131493,1.37111499607563,True,Yahoo Finance / yfinance - historique quotidien 1 an,OK,OUI,2026-10-08,165568000.0,0.18,0.52876,39718000.0,2581875.0,38700000.0,53674000.0,,103235434.0,0.23083,Yahoo Finance / yfinance get_info,OK,PRET_SSI
2026-10-07,Magnachip Semiconductor Corp. R,SMG.F,EUR,Allemagne,210235008.0,FRA,Frankfurt,EQUITY,,Yahoo Finance / yfinance EquityQuery,2026-10-07,Détection mécanique 50-300 MEUR ; qualification SSI requise.,DETECTE,,2026-10-07,254,2.819999933242798,0.0,-13.496934310049902,8.46153987229934,3.154949997663498,False,Yahoo Finance / yfinance - historique quotidien 1 an,OK,OUI,2026-10-08,177428000.0,-0.061,0.15872,-24401000.0,-23868124.0,87936000.0,43160000.0,,38041317.0,0.15323,Yahoo Finance / yfinance get_info,OK,PRET_SSI
2026-10-07,Q32 Bio Inc.                  R,DB0.F,EUR,Allemagne,210321280.0,FRA,Frankfurt,EQUITY,,Yahoo Finance / yfinance EquityQuery,2026-10-07,Détection mécanique 50-300 MEUR ; qualification SSI requise.,DETECTE,,2026-10-07,254,7.065000057220459,0.0,-52.1341466960419,57.069805014104745,7.551169995069504,False,Yahoo Finance / yfinance - historique quotidien 1 an,OK,OUI,2026-10-08,53737000.0,,0.73301005,21818000.0,19392250.0,106270000.0,5296000.0,,29769466.0,0.02096,Yahoo Finance / yfinance get_info,OK,PRET_SSI
2026-10-07,NG Energy International Corp. R,56P.F,EUR,Allemagne,210397824.0,FRA,Frankfurt,EQUITY,,Yahoo Finance / yfinance EquityQuery,2026-10-07,Détection mécanique 50-300 MEUR ; qualification SSI requise.,DETECTE,,2026-10-07,254,0.7099999785423279,0.0,-17.441864333454436,-19.31818381937084,0.8394149991869927,False,Yahoo Finance / yfinance - historique quotidien 1 an,OK,OUI,2026-10-08,37097740.0,0.32,0.29518,-22675002.0,-27088392.0,33232310.0,40145784.0,,296334964.0,0.30997,Yahoo Finance / yfinance get_info,OK,PRET_SSI
2026-10-07,Midwich Group PLC             R,9S2.F,EUR,Allemagne,210544720.0,FRA,Frankfurt,EQUITY,,Yahoo Finance / yfinance EquityQuery,2026-10-07,Détection mécanique 50-300 MEUR ; qualification SSI requise.,DETECTE,,2026-10-07,254,2.039999961853028,0.0,39.72602113368357,19.29824072189241,1.708400000333786,True,Yahoo Finance / yfinance - historique quotidien 1 an,OK,OUI,2026-10-08,1311704064.0,0.032,0.17501,6934000.0,2731875.0,54631000.0,213352000.0,,103208202.0,0.29038998,Yahoo Finance / yfinance get_info,OK,PRET_SSI
2026-10-07,Saturn Metals Ltd.            R,50P.F,EUR,Allemagne,210611776.0,FRA,Frankfurt,EQUITY,,Yahoo Finance / yfinance EquityQuery,2026-10-07,Détection mécanique 50-300 MEUR ; qualification SSI requise.,DETECTE,,2026-10-07,184,0.2800000011920929,0.0,8.52713796154183,0.7194259257909286,,,Yahoo Finance / yfinance - historique quotidien 1 an,OK,OUI,2026-10-08,1813918.0,5.09,1.0,-7446282.0,-26689740.0,40431652.0,445726.0,,752184895.0,0.21965,Yahoo Finance / yfinance get_info,OK,PRET_SSI
2026-10-07,NZX Ltd.                      R,5NZ.F,EUR,Allemagne,210714320.0,FRA,Frankfurt,EQUITY,,Yahoo Finance / yfinance EquityQuery,2026-10-07,Détection mécanique 50-300 MEUR ; qualification SSI requise.,DETECTE,,2026-10-07,220,0.6399999856948853,0.0,-1.5384601277006582,6.666660043928618,0.677225002348423,False,Yahoo Finance / yfinance - historique quotidien 1 an,OK,OUI,2026-10-08,137960000.0,0.133,0.41707,42542000.0,29776500.0,15137000.0,73525000.0,,329241123.0,0.15012999,Yahoo Finance / yfinance get_info,OK,PRET_SSI
2026-10-07,Dave & Buster's Entertain.Inc.R,9DB.F,EUR,Allemagne,210725408.0,FRA,Frankfurt,EQUITY,,Yahoo Finance / yfinance EquityQuery,2026-10-07,Détection mécanique 50-300 MEUR ; qualification SSI requise.,DETECTE,,2026-10-07,254,6.050000190734863,0.0,-33.14917057207707,-43.45794113476372,10.561750001907347,False,Yahoo Finance / yfinance - historique quotidien 1 an,OK,OUI,2026-10-08,2081100032.0,-0.024,0.38292,370600000.0,-15462500.0,16000000.0,3585999872.0,,34830644.0,0.051799998,Yahoo Finance / yfinance get_info,OK,PRET_SSI
2026-10-07,StarragTornos Group AG        N,1J3.F,EUR,Allemagne,210876464.0,FRA,Frankfurt,EQUITY,,Yahoo Finance / yfinance EquityQuery,2026-10-07,Détection mécanique 50-300 MEUR ; qualification SSI requise.,DETECTE,,2026-10-07,254,38.59999847412109,0.0,11.560694151451422,5.464481102134866,35.421500015258786,True,Yahoo Finance / yfinance - historique quotidien 1 an,OK,OUI,2026-10-08,444400992.0,0.011,0.58681,23202000.0,25950928.0,58939000.0,29792000.0,,5463121.0,0.68478996,Yahoo Finance / yfinance get_info,OK,PRET_SSI
2026-10-07,Omega Oil & Gas Ltd.          R,EN0.F,EUR,Allemagne,210889472.0,FRA,Frankfurt,EQUITY,,Yahoo Finance / yfinance EquityQuery,2026-10-07,Détection mécanique 50-300 MEUR ; qualification SSI requise.,DETECTE,,2026-10-07,222,0.3899999856948852,0.0,5.978256776323288,-20.408167733792524,0.3733974988758564,True,Yahoo Finance / yfinance - historique quotidien 1 an,OK,OUI,2026-10-08,103017.0,,0.01977,-9242339.0,-10583612.0,102053088.0,210685.0,,540742257.0,0.55357,Yahoo Finance / yfinance get_info,OK,PRET_SSI
2026-10-07,Laboratorio Reig Jofre S.A.   A,FEQ1.F,EUR,Allemagne,210917408.0,FRA,Frankfurt,EQUITY,,Yahoo Finance / yfinance EquityQuery,2026-10-07,Détection mécanique 50-300 MEUR ; qualification SSI requise.,DETECTE,,2026-10-07,254,2.569999933242798,0.0,-0.772200061362871,3.629028769239073,2.5840000033378603,False,Yahoo Finance / yfinance - historique quotidien 1 an,OK,OUI,2026-10-08,337732992.0,0.011,0.59430003,24102500.0,,15110000.0,119577000.0,,82069029.0,0.78456,Yahoo Finance / yfinance get_info,OK,PRET_SSI
2026-10-07,AS Tallinna Vesi              R,A1T.F,EUR,Allemagne,211000000.0,FRA,Frankfurt,EQUITY,,Yahoo Finance / yfinance EquityQuery,2026-10-07,Détection mécanique 50-300 MEUR ; qualification SSI requise.,DETECTE,,2026-10-07,254,10.550000190734863,0.0,-3.211004037104759,-4.954956503001839,10.912249970436095,False,Yahoo Finance / yfinance - historique quotidien 1 an,OK,OUI,2026-10-08,73681000.0,-0.041,0.42369998,30948000.0,-35597124.0,7366000.0,178528992.0,,20000000.0,0.75429,Yahoo Finance / yfinance get_info,OK,PRET_SSI
2026-10-07,Akebia Therapeutics Inc.      R,AX9.F,EUR,Allemagne,211044112.0,FRA,Frankfurt,EQUITY,,Yahoo Finance / yfinance EquityQuery,2026-10-07,Détection mécanique 50-300 MEUR ; qualification SSI requise.,DETECTE,,2026-10-07,254,0.7616000175476074,0.0,-36.160935144448594,-37.52255710677584,1.0220274981856343,False,Yahoo Finance / yfinance - historique quotidien 1 an,OK,OUI,2026-10-08,219060000.0,-0.214,0.81439,-4296000.0,33636376.0,155548000.0,199188000.0,,277106245.0,0.019809999,Yahoo Finance / yfinance get_info,OK,PRET_SSI
2026-10-07,MGX Resources Ltd.            R,FWQ.F,EUR,Allemagne,211296736.0,FRA,Frankfurt,EQUITY,,Yahoo Finance / yfinance EquityQuery,2026-10-07,Détection mécanique 50-300 MEUR ; qualification SSI requise.,DETECTE,,2026-10-07,254,0.1790000051259994,0.0,-3.24324171938456,-17.889903929887442,0.2140650002658367,False,Yahoo Finance / yfinance - historique quotidien 1 an,OK,OUI,2026-10-08,204048000.0,-0.666,0.02369,-2777000.0,25044250.0,393092000.0,575000.0,,1180428735.0,0.19847,Yahoo Finance / yfinance get_info,OK,PRET_SSI
2026-10-07,Prim S.A.                     A,5P1.F,EUR,Allemagne,211353664.0,FRA,Frankfurt,EQUITY,,Yahoo Finance / yfinance EquityQuery,2026-10-07,Détection mécanique 50-300 MEUR ; qualification SSI requise.,DETECTE,,2026-10-07,254,12.449999809265137,0.0,-5.681818263918248,-4.597704005366299,12.873749990463256,False,Yahoo Finance / yfinance - historique quotidien 1 an,OK,OUI,2026-10-08,250650752.0,-0.01,0.4967,25034784.0,15540386.0,25416632.0,19408672.0,,16976198.0,0.59758997,Yahoo Finance / yfinance get_info,OK,PRET_SSI
2026-10-07,Stelrad Group PLC             R,6OJ.F,EUR,Allemagne,211405232.0,FRA,Frankfurt,EQUITY,,Yahoo Finance / yfinance EquityQuery,2026-10-07,Détection mécanique 50-300 MEUR ; qualification SSI requise.,DETECTE,,2026-10-07,254,1.659999966621399,0.0,-6.214690140704682,10.666664441426589,1.598450004458427,True,Yahoo Finance / yfinance - historique quotidien 1 an,OK,OUI,2026-10-08,267128000.0,-0.091,0.32703,39162000.0,23869000.0,17576000.0,81077000.0,,127352555.0,0.6423,Yahoo Finance / yfinance get_info,OK,PRET_SSI
2026-10-07,Tungsten Mining NL            R,TU3.F,EUR,Allemagne,211462784.0,FRA,Frankfurt,EQUITY,,Yahoo Finance / yfinance EquityQuery,2026-10-07,Détection mécanique 50-300 MEUR ; qualification SSI requise.,DETECTE,,2026-10-07,144,0.1361999958753585,19.91999983787537,7.41324539297934,-22.701479003655265,,,Yahoo Finance / yfinance - historique quotidien 1 an,OK,OUI,2026-10-08,3256422.0,,1.0,-19613838.0,-4974325.0,49099580.0,377782.0,,1552590206.0,0.25264,Yahoo Finance / yfinance get_info,OK,PRET_SSI
2026-10-07,Taaleri OYJ                   R,295.F,EUR,Allemagne,211549168.0,FRA,Frankfurt,EQUITY,,Yahoo Finance / yfinance EquityQuery,2026-10-07,Détection mécanique 50-300 MEUR ; qualification SSI requise.,DETECTE,,2026-10-07,254,7.510000228881836,0.0,4.450628221345032,4.450628221345032,7.25629998922348,True,Yahoo Finance / yfinance - historique quotidien 1 an,OK,OUI,2026-10-08,61004000.0,0.006,0.59731,28808000.0,20058500.0,16470000.0,600000.0,,28168995.0,0.2521,Yahoo Finance / yfinance get_info,OK,PRET_SSI
2026-10-07,EM Holdings Co. Ltd.          R,EMO.F,EUR,Allemagne,211967712.0,FRA,Frankfurt,EQUITY,,Yahoo Finance / yfinance EquityQuery,2026-10-07,Détection mécanique 50-300 MEUR ; qualification SSI requise.,DETECTE,,2026-10-07,254,3.059999942779541,0.0,15.909084135836093,-11.046514770931726,3.295699989795685,False,Yahoo Finance / yfinance - historique quotidien 1 an,OK,OUI,2026-10-08,21942999040.0,-0.007,0.48722,3729999872.0,574875008.0,6583000064.0,405000000.0,,69270500.0,0.54686,Yahoo Finance / yfinance get_info,OK,PRET_SSI
2026-10-07,Lifecore Biomedical Inc.      R,LDE.F,EUR,Allemagne,212272752.0,FRA,Frankfurt,EQUITY,,Yahoo Finance / yfinance EquityQuery,2026-10-07,Détection mécanique 50-300 MEUR ; qualification SSI requise.,DETECTE,,2026-10-07,254,5.599999904632568,0.0,37.25490218994481,36.58536670464694,4.734699985980988,True,Yahoo Finance / yfinance - historique quotidien 1 an,OK,OUI,2026-10-08,129464592.0,,0.31367,8242287.0,,17241000.0,156375008.0,,37905846.0,0.030439999,Yahoo Finance / yfinance get_info,OK,PRET_SSI
2026-10-07,IMMERSION CORP.               R,IMV.F,EUR,Allemagne,212684688.0,FRA,Frankfurt,EQUITY,,Yahoo Finance / yfinance EquityQuery,2026-10-07,Détection mécanique 50-300 MEUR ; qualification SSI requise.,DETECTE,,2026-10-07,254,6.40500020980835,0.0,9.48718485852078,31.68175196879148,5.69448498249054,True,Yahoo Finance / yfinance - historique quotidien 1 an,OK,OUI,2026-10-08,1733060992.0,0.008,0.21535999,64289000.0,69696624.0,209504000.0,272824000.0,,33206041.0,0.16895,Yahoo Finance / yfinance get_info,OK,PRET_SSI
2026-10-07,ACME UNITED CORP.             R,UT1.F,EUR,Allemagne,212777184.0,FRA,Frankfurt,EQUITY,,Yahoo Finance / yfinance EquityQuery,2026-10-07,Détection mécanique 50-300 MEUR ; qualification SSI requise.,DETECTE,,2026-10-07,254,55.5,0.0,34.057966073521186,43.041239926077466,41.36999994277954,True,Yahoo Finance / yfinance - historique quotidien 1 an,OK,OUI,2026-10-08,211604816.0,0.161,0.40083,21723228.0,8329559.0,5041000.0,38480000.0,,3833823.0,0.11585,Yahoo Finance / yfinance get_info,OK,PRET_SSI
2026-10-07,Turtle Beach Corp.            R,0P1A.F,EUR,Allemagne,213125568.0,FRA,Frankfurt,EQUITY,,Yahoo Finance / yfinance EquityQuery,2026-10-07,Détection mécanique 50-300 MEUR ; qualification SSI requise.,DETECTE,,2026-10-07,254,11.899999618530272,0.0,7.207200086191534,33.70786661331806,10.604249997138975,True,Yahoo Finance / yfinance - historique quotidien 1 an,OK,OUI,2026-10-08,297772992.0,-0.007,0.37585998,23133000.0,32764876.0,19565000.0,85333000.0,,17909711.0,0.13918,Yahoo Finance / yfinance get_info,OK,PRET_SSI
2026-10-07,GIORDANO INTERNATIONAL LTD.   R,GIO.F,EUR,Allemagne,213361712.0,FRA,Frankfurt,EQUITY,,Yahoo Finance / yfinance EquityQuery,2026-10-07,Détection mécanique 50-300 MEUR ; qualification SSI requise.,DETECTE,,2026-10-07,254,0.1319999992847442,0.0,-7.042257068318358,-8.965515115173128,0.1437700001895427,False,Yahoo Finance / yfinance - historique quotidien 1 an,OK,OUI,2026-10-08,3833999872.0,-0.01,0.56521,295000000.0,487875008.0,674000000.0,679000000.0,,1616376518.0,0.29456,Yahoo Finance / yfinance get_info,OK,PRET_SSI
2026-10-07,Serabi Gold PLC               R,B9O2.F,EUR,Allemagne,213661728.0,FRA,Frankfurt,EQUITY,,Yahoo Finance / yfinance EquityQuery,2026-10-07,Détection mécanique 50-300 MEUR ; qualification SSI requise.,DETECTE,,2026-10-07,254,2.799999952316284,0.0,-8.496731873370123,-24.32432658834293,3.359799997806549,False,Yahoo Finance / yfinance - historique quotidien 1 an,OK,OUI,2026-10-08,193388992.0,0.417,0.57762,95773000.0,46560092.0,65689000.0,2718000.0,,76307760.0,0.25475,Yahoo Finance / yfinance get_info,OK,PRET_SSI
2026-10-07,ANIKA THERAPEUTICS INC.       R,AKP.F,EUR,Allemagne,214127456.0,FRA,Frankfurt,EQUITY,,Yahoo Finance / yfinance EquityQuery,2026-10-07,Détection mécanique 50-300 MEUR ; qualification SSI requise.,DETECTE,,2026-10-07,254,16.0,0.0,20.300750154470148,29.03226203402433,12.626000032424926,True,Yahoo Finance / yfinance - historique quotidien 1 an,OK,OUI,2026-10-08,120654000.0,0.156,0.62165,3040000.0,3062375.0,38412000.0,25250000.0,,13382966.0,0.06403,Yahoo Finance / yfinance get_info,OK,PRET_SSI
2026-10-07,Sol-Gel Technologies Ltd.     R,4SG.F,EUR,Allemagne,214446928.0,FRA,Frankfurt,EQUITY,,Yahoo Finance / yfinance EquityQuery,2026-10-07,Détection mécanique 50-300 MEUR ; qualification SSI requise.,DETECTE,,2026-10-07,254,65.5,0.0,7.377049180327866,4.800000000000004,60.88949998855591,True,Yahoo Finance / yfinance - historique quotidien 1 an,OK,OUI,2026-10-08,1795000.0,-0.966,0.0,-17690000.0,-2120250.0,47929000.0,770000.0,,3273999.0,0.59657,Yahoo Finance / yfinance get_info,OK,PRET_SSI
2026-10-07,Pizza Pizza Royalty Corp.     R,3IA.F,EUR,Allemagne,214658848.0,FRA,Frankfurt,EQUITY,,Yahoo Finance / yfinance EquityQuery,2026-10-07,Détection mécanique 50-300 MEUR ; qualification SSI requise.,DETECTE,,2026-10-07,172,6.349999904632568,0.0,-21.11801547606058,-34.53608217015379,,,Yahoo Finance / yfinance - historique quotidien 1 an,OK,OUI,2026-10-08,40086000.0,-0.036,1.0,,23194500.0,2134000.0,46798000.0,,24618392.0,0.00227,Yahoo Finance / yfinance get_info,OK,PRET_SSI
2026-10-07,Horizon Oil Ltd.              R,HOJ.F,EUR,Allemagne,214711904.0,FRA,Frankfurt,EQUITY,,Yahoo Finance / yfinance EquityQuery,2026-10-07,Détection mécanique 50-300 MEUR ; qualification SSI requise.,DETECTE,,2026-10-07,254,0.1209999993443489,0.0,-5.468755002220627,-20.39473471373643,0.1277400005236268,False,Yahoo Finance / yfinance - historique quotidien 1 an,OK,OUI,2026-10-08,84162000.0,-0.201,0.183,38919000.0,29471124.0,37400000.0,47970000.0,,1774478592.0,0.35801,Yahoo Finance / yfinance get_info,OK,PRET_SSI
2026-10-07,Angi Inc.                     R,2UH0.F,EUR,Allemagne,214859856.0,FRA,Frankfurt,EQUITY,,Yahoo Finance / yfinance EquityQuery,2026-10-07,Détection mécanique 50-300 MEUR ; qualification SSI requise.,DETECTE,,2026-10-07,254,5.311999797821045,0.0,-3.347889765587153,-17.206984267271984,6.175359998941421,False,Yahoo Finance / yfinance - historique quotidien 1 an,OK,OUI,2026-10-08,992553984.0,-0.109,0.95728,110857000.0,13588000.0,188700992.0,422350016.0,,40448016.0,0.113299996,Yahoo Finance / yfinance get_info,OK,PRET_SSI
2026-10-07,BCB Bancorp. Inc.             R,41Y.F,EUR,Allemagne,215262752.0,FRA,Frankfurt,EQUITY,,Yahoo Finance / yfinance EquityQuery,2026-10-07,Détection mécanique 50-300 MEUR ; qualification SSI requise.,DETECTE,,2026-10-07,254,7.0,0.0,-12.5,-13.043480321197498,7.695499992370605,False,Yahoo Finance / yfinance - historique quotidien 1 an,OK,OUI,2026-10-08,62385000.0,-0.808,0.0,,,197622000.0,179288000.0,,30751822.0,0.08108,Yahoo Finance / yfinance get_info,OK,PRET_SSI
2026-10-07,NIHON TRIM CO. LTD.           R,NH8.F,EUR,Allemagne,215658208.0,FRA,Frankfurt,EQUITY,,Yahoo Finance / yfinance EquityQuery,2026-10-07,Détection mécanique 50-300 MEUR ; qualification SSI requise.,DETECTE,,2026-10-07,254,29.0,0.0,16.935487468334554,28.318581904882542,25.31800004005432,True,Yahoo Finance / yfinance - historique quotidien 1 an,OK,OUI,2026-10-08,24938942464.0,0.131,0.67665,3766222080.0,,14043372544.0,995579008.0,,7436490.0,0.60814,Yahoo Finance / yfinance get_info,OK,PRET_SSI
2026-10-07,TREDEGAR CORP.                R,T70.F,EUR,Allemagne,215918864.0,FRA,Frankfurt,EQUITY,,Yahoo Finance / yfinance EquityQuery,2026-10-07,Détection mécanique 50-300 MEUR ; qualification SSI requise.,DETECTE,,2026-10-07,254,6.199999809265137,0.0,-2.3622062617355444,-16.778523919496568,6.8787499928474425,False,Yahoo Finance / yfinance - historique quotidien 1 an,OK,OUI,2026-10-08,781745024.0,0.208,0.14575,62377000.0,15962500.0,17179000.0,60688000.0,,34825622.0,0.19612,Yahoo Finance / yfinance get_info,OK,PRET_SSI
2026-10-07,Virgin. Natl Bankshares Corp. R,71F.F,EUR,Allemagne,215926224.0,FRA,Frankfurt,EQUITY,,Yahoo Finance / yfinance EquityQuery,2026-10-07,Détection mécanique 50-300 MEUR ; qualification SSI requise.,DETECTE,,2026-10-07,254,39.79999923706055,0.0,9.340652661138993,25.15723330797,34.54000001907349,True,Yahoo Finance / yfinance - historique quotidien 1 an,OK,OUI,2026-10-08,63429000.0,0.386,0.0,,,77347000.0,29052000.0,,5425282.0,0.12682,Yahoo Finance / yfinance get_info,OK,PRET_SSI
2026-10-07,Strike Energy Ltd.            R,RJN.F,EUR,Allemagne,216374704.0,FRA,Frankfurt,EQUITY,,Yahoo Finance / yfinance EquityQuery,2026-10-07,Détection mécanique 50-300 MEUR ; qualification SSI requise.,DETECTE,,2026-10-07,254,0.0599999986588954,0.0,42.85714159003731,-1.6393475660999357,0.0540324999950826,True,Yahoo Finance / yfinance - historique quotidien 1 an,OK,OUI,2026-10-08,62777000.0,-0.275,0.04586,13077000.0,-120447128.0,46283000.0,159172000.0,,3606245224.0,0.32711,Yahoo Finance / yfinance get_info,OK,PRET_SSI
2026-10-07,Eleco PLC                     R,5H3.F,EUR,Allemagne,217047264.0,FRA,Frankfurt,EQUITY,,Yahoo Finance / yfinance EquityQuery,2026-10-07,Détection mécanique 50-300 MEUR ; qualification SSI requise.,DETECTE,,2026-10-07,254,2.5999999046325684,0.0,106.34920034218744,92.592582127031,1.525299996137619,True,Yahoo Finance / yfinance - historique quotidien 1 an,OK,OUI,2026-10-08,40324000.0,0.082,0.89616996,11482000.0,6273000.0,15393000.0,912000.0,,83479723.0,0.38825,Yahoo Finance / yfinance get_info,OK,PRET_SSI
2026-10-07,TUAN SING HOLDINGS LTD.       R,TUS.F,EUR,Allemagne,217101872.0,FRA,Frankfurt,EQUITY,,Yahoo Finance / yfinance EquityQuery,2026-10-07,Détection mécanique 50-300 MEUR ; qualification SSI requise.,DETECTE,,2026-10-07,254,0.1710000038146972,0.0,-9.999996862913395,-9.999996862913395,0.1909149998426437,False,Yahoo Finance / yfinance - historique quotidien 1 an,OK,OUI,2026-10-08,143044000.0,-0.042,0.52217,22486000.0,-55920752.0,171916992.0,1377209984.0,,1269601474.0,0.6112,Yahoo Finance / yfinance get_info,OK,PRET_SSI
2026-10-07,Oryzon Genomics S.A.          A,ORN.F,EUR,Allemagne,217187344.0,FRA,Frankfurt,EQUITY,,Yahoo Finance / yfinance EquityQuery,2026-10-07,Détection mécanique 50-300 MEUR ; qualification SSI requise.,DETECTE,,2026-10-07,254,2.650000095367432,0.0,-5.492147321600149,-3.2846683889073414,2.880505006313324,False,Yahoo Finance / yfinance - historique quotidien 1 an,OK,OUI,2026-10-08,15407215.0,1.06,0.97753,-5841454.0,-16363554.0,14688024.0,10797451.0,,81957484.0,0.20974001,Yahoo Finance / yfinance get_info,OK,PRET_SSI
2026-10-07,Journey Energy Inc.           R,17J.F,EUR,Allemagne,217288816.0,FRA,Frankfurt,EQUITY,,Yahoo Finance / yfinance EquityQuery,2026-10-07,Détection mécanique 50-300 MEUR ; qualification SSI requise.,DETECTE,,2026-10-07,254,3.220000028610229,0.0,26.77165657361333,5.228761072634303,2.991959990859032,True,Yahoo Finance / yfinance - historique quotidien 1 an,OK,OUI,2026-10-08,180254000.0,0.286,0.51517,71440000.0,4442000.0,4000.0,45551000.0,,67481000.0,0.09101,Yahoo Finance / yfinance get_info,OK,PRET_SSI
2026-10-07,Hong Kong Gold Industry Group R,Z4R.F,EUR,Allemagne,217607136.0,FRA,Frankfurt,EQUITY,,Yahoo Finance / yfinance EquityQuery,2026-10-07,Détection mécanique 50-300 MEUR ; qualification SSI requise.,DETECTE,,2026-10-07,145,0.3970000147819519,0.0,-17.805381706964695,-24.38094613124965,,,Yahoo Finance / yfinance - historique quotidien 1 an,OK,OUI,2026-10-08,155231008.0,6.158,0.06282,-30875000.0,204020256.0,266696000.0,520056992.0,,548128792.0,0.53239,Yahoo Finance / yfinance get_info,OK,PRET_SSI
2026-10-07,Soho Holly Futures Co. Ltd.   R,13H.F,EUR,Allemagne,217680016.0,FRA,Frankfurt,EQUITY,,Yahoo Finance / yfinance EquityQuery,2026-10-07,Détection mécanique 50-300 MEUR ; qualification SSI requise.,DETECTE,,2026-10-07,254,0.2160000056028366,0.0,-2.7027014328204646,-28.4768160618341,0.2860800002515316,False,Yahoo Finance / yfinance - historique quotidien 1 an,OK,OUI,2026-10-08,318518432.0,0.224,0.98924005,,,8235557888.0,31287212.0,,249700000.0,0.04682,Yahoo Finance / yfinance get_info,OK,PRET_SSI
2026-10-07,GBank Financial Holdings Inc. R,8AE.F,EUR,Allemagne,217746848.0,FRA,Frankfurt,EQUITY,,Yahoo Finance / yfinance EquityQuery,2026-10-07,Détection mécanique 50-300 MEUR ; qualification SSI requise.,DETECTE,,2026-10-07,254,15.0,0.0,-41.4062508731149,-36.97478789561257,22.89200002193451,False,Yahoo Finance / yfinance - historique quotidien 1 an,OK,OUI,2026-10-08,75313000.0,0.145,0.0,,,141328992.0,35710000.0,,14516457.0,0.36023,Yahoo Finance / yfinance get_info,OK,PRET_SSI
2026-10-07,Odfjell Technology Ltd.       R,ND4.F,EUR,Allemagne,217840544.0,FRA,Frankfurt,EQUITY,,Yahoo Finance / yfinance EquityQuery,2026-10-07,Détection mécanique 50-300 MEUR ; qualification SSI requise.,DETECTE,,2026-10-07,254,5.519999980926514,0.0,6.9767469798464266,-16.61631304604878,5.523649990558624,False,Yahoo Finance / yfinance - historique quotidien 1 an,OK,OUI,2026-10-08,5598499840.0,0.015,1.0,672600000.0,112450000.0,524900000.0,2004499968.0,,39463867.0,0.62982,Yahoo Finance / yfinance get_info,OK,PRET_SSI
2026-10-07,Alvopetro Energy Ltd.         R,A6Y0.F,EUR,Allemagne,218249552.0,FRA,Frankfurt,EQUITY,,Yahoo Finance / yfinance EquityQuery,2026-10-07,Détection mécanique 50-300 MEUR ; qualification SSI requise.,DETECTE,,2026-10-07,254,5.849999904632568,0.0,-0.8474608462146094,9.345794559118591,5.265450005531311,True,Yahoo Finance / yfinance - historique quotidien 1 an,OK,OUI,2026-10-08,62423000.0,0.352,0.90572,47458000.0,7611875.0,35056000.0,26444000.0,,37307617.0,0.09057,Yahoo Finance / yfinance get_info,OK,PRET_SSI
2026-10-07,Western New England Bancor.IncR,489.F,EUR,Allemagne,218500000.0,FRA,Frankfurt,EQUITY,,Yahoo Finance / yfinance EquityQuery,2026-10-07,Détection mécanique 50-300 MEUR ; qualification SSI requise.,DETECTE,,2026-10-07,254,10.899999618530272,0.0,0.9259206113829244,-6.837608579286892,11.25449999332428,False,Yahoo Finance / yfinance - historique quotidien 1 an,OK,OUI,2026-10-08,85800000.0,-0.024,0.0,,,42415000.0,75499000.0,,20045872.0,0.11691,Yahoo Finance / yfinance get_info,OK,PRET_SSI
2026-10-07,Gulf Marine Services PLC      R,G0M.F,EUR,Allemagne,218911536.0,FRA,Frankfurt,EQUITY,,Yahoo Finance / yfinance EquityQuery,2026-10-07,Détection mécanique 50-300 MEUR ; qualification SSI requise.,DETECTE,,2026-10-07,254,0.1899999976158142,0.0,-4.040404724571223,-14.414416591355394,0.2116100005805492,False,Yahoo Finance / yfinance - historique quotidien 1 an,OK,OUI,2026-10-08,180536000.0,-0.087,0.38292,80928000.0,-10503500.0,16432000.0,227780992.0,,1152166012.0,0.30604,Yahoo Finance / yfinance get_info,OK,PRET_SSI
2026-10-07,Metro Mining Ltd.             R,6ME.F,EUR,Allemagne,218916416.0,FRA,Frankfurt,EQUITY,,Yahoo Finance / yfinance EquityQuery,2026-10-07,Détection mécanique 50-300 MEUR ; qualification SSI requise.,DETECTE,,2026-10-07,254,0.7089999914169312,0.0,-24.494144462614308,2.753622299531644,0.7902550002932549,False,Yahoo Finance / yfinance - historique quotidien 1 an,OK,OUI,2026-10-08,332072992.0,-0.319,0.07202,14283000.0,31543250.0,23765000.0,72296000.0,,308767862.0,0.17525999,Yahoo Finance / yfinance get_info,OK,PRET_SSI
2026-10-07,Newegg Commerce Inc.          R,J8D0.F,EUR,Allemagne,219178288.0,FRA,Frankfurt,EQUITY,,Yahoo Finance / yfinance EquityQuery,2026-10-07,Détection mécanique 50-300 MEUR ; qualification SSI requise.,DETECTE,,2026-10-07,254,10.449999809265137,0.0,-14.344262519340244,-68.61861847241418,25.662599992752074,False,Yahoo Finance / yfinance - historique quotidien 1 an,OK,OUI,2026-10-08,1375449984.0,-0.081,0.12515001,12585000.0,-9215500.0,82237000.0,52470000.0,,20974000.0,0.95167,Yahoo Finance / yfinance get_info,OK,PRET_SSI
2026-10-07,Conduent Inc.                 R,4C0.F,EUR,Allemagne,219284320.0,FRA,Frankfurt,EQUITY,,Yahoo Finance / yfinance EquityQuery,2026-10-07,Détection mécanique 50-300 MEUR ; qualification SSI requise.,DETECTE,,2026-10-07,254,1.409999966621399,0.0,8.378168151804278,18.18943965536624,1.3374350035190583,True,Yahoo Finance / yfinance - historique quotidien 1 an,OK,OUI,2026-10-08,2939000064.0,-0.119,0.18611999,76000000.0,96000000.0,228000000.0,851000000.0,,155520800.0,0.100839995,Yahoo Finance / yfinance get_info,OK,PRET_SSI
2026-10-07,Ohara Inc.                    R,9IE.F,EUR,Allemagne,219543488.0,FRA,Frankfurt,EQUITY,,Yahoo Finance / yfinance EquityQuery,2026-10-07,Détection mécanique 50-300 MEUR ; qualification SSI requise.,DETECTE,,2026-10-07,254,9.25,0.0,31.205670209149574,56.779658482767225,6.841250021457672,True,Yahoo Finance / yfinance - historique quotidien 1 an,OK,OUI,2026-10-08,32057999360.0,0.252,0.26839,3023249920.0,,15498000384.0,6232999936.0,,23734432.0,0.66765,Yahoo Finance / yfinance get_info,OK,PRET_SSI
2026-10-07,Amarin Corp. PLC              R,EH3.F,EUR,Allemagne,220175632.0,FRA,Frankfurt,EQUITY,,Yahoo Finance / yfinance EquityQuery,2026-10-07,Détection mécanique 50-300 MEUR ; qualification SSI requise.,DETECTE,,2026-10-07,254,10.5,0.0,-17.968751222360858,-13.934424883958552,12.341499996185302,False,Yahoo Finance / yfinance - historique quotidien 1 an,OK,OUI,2026-10-08,186232992.0,-0.42,0.41956002,-21095000.0,-5569250.0,314648992.0,7175000.0,,20969109.0,0.37186,Yahoo Finance / yfinance get_info,OK,PRET_SSI
2026-10-07,Thoresen Thai Agencies PCL    R,NYVU.F,EUR,Allemagne,220294480.0,FRA,Frankfurt,EQUITY,,Yahoo Finance / yfinance EquityQuery,2026-10-07,Détection mécanique 50-300 MEUR ; qualification SSI requise.,DETECTE,,2026-10-07,254,0.1220000013709068,0.0,7.017545006245096,7.017545006245096,0.1166775002330541,True,Yahoo Finance / yfinance - historique quotidien 1 an,OK,OUI,2026-10-08,27072862208.0,-0.225,0.15893,2892893952.0,1828388352.0,8366728192.0,11257416704.0,,1805692464.0,0.00168,Yahoo Finance / yfinance get_info,OK,PRET_SSI
2026-10-07,M+S Hidravlik AD              B,8Q3.F,EUR,Allemagne,220825920.0,FRA,Frankfurt,EQUITY,,Yahoo Finance / yfinance EquityQuery,2026-10-07,Détection mécanique 50-300 MEUR ; qualification SSI requise.,DETECTE,,2026-10-07,254,5.599999904632568,0.0,9.803921751955858,16.666660043928626,4.559775017499923,True,Yahoo Finance / yfinance - historique quotidien 1 an,OK,OUI,2026-10-08,87694560.0,0.219,0.56697,14427012.0,168884.0,9848000.0,4050000.0,,39433200.0,0.77002996,Yahoo Finance / yfinance get_info,OK,PRET_SSI
2026-10-07,AB Dynamics PLC               R,6DY.F,EUR,Allemagne,220889840.0,FRA,Frankfurt,EQUITY,,Yahoo Finance / yfinance EquityQuery,2026-10-07,Détection mécanique 50-300 MEUR ; qualification SSI requise.,DETECTE,,2026-10-07,254,9.649999618530272,0.0,-19.58333651224772,-23.412703758945053,12.268749985694884,False,Yahoo Finance / yfinance - historique quotidien 1 an,OK,OUI,2026-10-08,105500000.0,-0.159,0.63791,5900000.0,11987500.0,42900000.0,3600000.0,,22890141.0,0.12896,Yahoo Finance / yfinance get_info,OK,PRET_SSI
2026-10-07,Galan Lithium Ltd.            R,9CH.F,EUR,Allemagne,221350592.0,FRA,Frankfurt,EQUITY,,Yahoo Finance / yfinance EquityQuery,2026-10-07,Détection mécanique 50-300 MEUR ; qualification SSI requise.,DETECTE,,2026-10-07,254,0.1739999949932098,0.0,-3.3333399560713795,-32.81853561745693,0.2257815001159906,False,Yahoo Finance / yfinance - historique quotidien 1 an,OK,OUI,2026-10-08,914880.0,1.258,1.0,-14670072.0,-27970132.0,35496992.0,13043754.0,,1272129965.0,0.32811,Yahoo Finance / yfinance get_info,OK,PRET_SSI
2026-10-07,Integrated Wind Solutions ASA N,9UG1.F,EUR,Allemagne,221351008.0,FRA,Frankfurt,EQUITY,,Yahoo Finance / yfinance EquityQuery,2026-10-07,Détection mécanique 50-300 MEUR ; qualification SSI requise.,DETECTE,,2026-10-07,254,5.539999961853027,0.0,11.022048416078768,2.973974795700096,5.044399983882904,True,Yahoo Finance / yfinance - historique quotidien 1 an,OK,OUI,2026-10-08,123857000.0,0.273,0.94642997,44745000.0,-28282124.0,45243000.0,190644000.0,,39955058.0,0.42780998,Yahoo Finance / yfinance get_info,OK,PRET_SSI
2026-10-07,So-Young International Inc.   R,2YMA.F,EUR,Allemagne,221351424.0,FRA,Frankfurt,EQUITY,,Yahoo Finance / yfinance EquityQuery,2026-10-07,Détection mécanique 50-300 MEUR ; qualification SSI requise.,DETECTE,,2026-10-07,254,2.200000047683716,0.0,59.42029386126579,0.0,2.1125,True,Yahoo Finance / yfinance - historique quotidien 1 an,OK,OUI,2026-10-08,1658914944.0,0.456,0.46030998,-220909504.0,,797462016.0,380422016.0,,85014277.0,0.21626,Yahoo Finance / yfinance get_info,OK,PRET_SSI
2026-10-07,Jumbo Interactive Ltd.        R,JUB.F,EUR,Allemagne,221986048.0,FRA,Frankfurt,EQUITY,,Yahoo Finance / yfinance EquityQuery,2026-10-07,Détection mécanique 50-300 MEUR ; qualification SSI requise.,DETECTE,,2026-10-07,254,3.5190000534057617,0.0,-14.233489819126133,-21.85209364137671,4.68408500790596,False,Yahoo Finance / yfinance - historique quotidien 1 an,OK,OUI,2026-10-08,193568000.0,0.378,0.81257004,89702000.0,78075376.0,48076000.0,95178000.0,,63082141.0,0.1884,Yahoo Finance / yfinance get_info,OK,PRET_SSI
2026-10-07,AC Immune SA                  N,IMR.F,EUR,Allemagne,222219168.0,FRA,Frankfurt,EQUITY,,Yahoo Finance / yfinance EquityQuery,2026-10-07,Détection mécanique 50-300 MEUR ; qualification SSI requise.,DETECTE,,2026-10-07,254,2.234999895095825,0.0,11.471310101098986,-17.830887074005386,2.3499300056695938,False,Yahoo Finance / yfinance - historique quotidien 1 an,OK,OUI,2026-10-08,17509000.0,10.572,-1.62231,-42479000.0,-33138624.0,75357000.0,4102000.0,,99426932.0,0.38094002,Yahoo Finance / yfinance get_info,OK,PRET_SSI
2026-10-07,PC Gold Ltd.                  R,D6A.F,EUR,Allemagne,222426560.0,FRA,Frankfurt,EQUITY,,Yahoo Finance / yfinance EquityQuery,2026-10-07,Détection mécanique 50-300 MEUR ; qualification SSI requise.,DETECTE,,2026-10-07,220,0.574999988079071,0.0,-14.179108394602313,-20.13889371796871,0.5802549993246794,False,Yahoo Finance / yfinance - historique quotidien 1 an,OK,OUI,2026-10-08,332357.0,4.198,1.0,-2999903.0,-8352653.0,21675188.0,217265.0,,386828791.0,0.65692,Yahoo Finance / yfinance get_info,OK,PRET_SSI
2026-10-07,SRT Marine Systems PLC        R,6S7.F,EUR,Allemagne,222504880.0,FRA,Frankfurt,EQUITY,,Yahoo Finance / yfinance EquityQuery,2026-10-07,Détection mécanique 50-300 MEUR ; qualification SSI requise.,DETECTE,,2026-10-07,254,0.8149999976158142,0.0,-9.944748797698534,-15.104165017449567,0.9453499966859816,False,Yahoo Finance / yfinance - historique quotidien 1 an,OK,OUI,2026-10-08,102944192.0,0.951,0.24988002,6634959.0,,14265772.0,16757503.0,,273012119.0,0.41772,Yahoo Finance / yfinance get_info,OK,PRET_SSI
2026-10-07,Fonix PLC                     R,FOS.F,EUR,Allemagne,222581952.0,FRA,Frankfurt,EQUITY,,Yahoo Finance / yfinance EquityQuery,2026-10-07,Détection mécanique 50-300 MEUR ; qualification SSI requise.,DETECTE,,2026-10-07,254,2.2799999713897705,0.0,25.274720092338733,16.923072596743836,1.908649998307228,True,Yahoo Finance / yfinance - historique quotidien 1 an,OK,OUI,2026-10-08,83346000.0,0.205,0.25231,14995000.0,15335125.0,28579000.0,19000.0,,97623665.0,0.26474002,Yahoo Finance / yfinance get_info,OK,PRET_SSI
2026-10-07,Evoke PLC                     R,C8V.F,EUR,Allemagne,222587440.0,FRA,Frankfurt,EQUITY,,Yahoo Finance / yfinance EquityQuery,2026-10-07,Détection mécanique 50-300 MEUR ; qualification SSI requise.,DETECTE,,2026-10-07,254,0.4945000112056732,0.0,-8.25602330397961,49.84848228969969,0.4149909994751215,True,Yahoo Finance / yfinance - historique quotidien 1 an,OK,OUI,2026-10-08,1781600000.0,-0.0,0.90593004,242900000.0,-125162496.0,201600000.0,1922899968.0,,450126282.0,0.20201,Yahoo Finance / yfinance get_info,OK,PRET_SSI
2026-10-07,bpost S.A.                    A,13B.F,EUR,Allemagne,222801040.0,FRA,Frankfurt,EQUITY,,Yahoo Finance / yfinance EquityQuery,2026-10-07,Détection mécanique 50-300 MEUR ; qualification SSI requise.,DETECTE,,2026-10-07,254,1.1139999628067017,0.0,-30.548629550214567,-39.32461962756316,1.7192399978637696,False,Yahoo Finance / yfinance - historique quotidien 1 an,OK,OUI,2026-10-08,4366099968.0,-0.042,0.15165,143400000.0,234012496.0,1266899968.0,3017400064.0,,200000944.0,0.51037997,Yahoo Finance / yfinance get_info,OK,PRET_SSI
2026-10-07,Afentra PLC                   R,TB8A.F,EUR,Allemagne,222859280.0,FRA,Frankfurt,EQUITY,,Yahoo Finance / yfinance EquityQuery,2026-10-07,Détection mécanique 50-300 MEUR ; qualification SSI requise.,DETECTE,,2026-10-07,254,0.8100000023841858,0.0,17.391305098987342,-16.06217363753816,0.7405449977517128,True,Yahoo Finance / yfinance - historique quotidien 1 an,OK,OUI,2026-10-08,153403008.0,0.75,0.34587002,57520000.0,25819750.0,97449000.0,69015000.0,,275134922.0,0.39554,Yahoo Finance / yfinance get_info,OK,PRET_SSI
2026-10-07,Martifer SGPS S.A.            A,FRW.F,EUR,Allemagne,222947712.0,FRA,Frankfurt,EQUITY,,Yahoo Finance / yfinance EquityQuery,2026-10-07,Détection mécanique 50-300 MEUR ; qualification SSI requise.,DETECTE,,2026-10-07,254,2.2799999713897705,0.0,0.0,-5.785128119441008,2.364500006437302,False,Yahoo Finance / yfinance - historique quotidien 1 an,OK,OUI,2026-10-08,295988704.0,0.035,0.42205003,-4348988.0,-44393532.0,37194996.0,122660200.0,,97784090.0,0.85591006,Yahoo Finance / yfinance get_info,OK,PRET_SSI
2026-10-07,VISEN Pharmaceuticals         R,T06.F,EUR,Allemagne,222962528.0,FRA,Frankfurt,EQUITY,,Yahoo Finance / yfinance EquityQuery,2026-10-07,Détection mécanique 50-300 MEUR ; qualification SSI requise.,DETECTE,,2026-10-07,254,2.039999961853028,0.0,-4.672903651825999,-28.67132738881879,2.619649978876114,False,Yahoo Finance / yfinance - historique quotidien 1 an,OK,OUI,2026-10-08,34061000.0,38.247,0.51188,-221840000.0,-359396256.0,505804992.0,176707008.0,,109295364.0,0.39240003,Yahoo Finance / yfinance get_info,OK,PRET_SSI
2026-10-07,Aspo Oyj                      R,ZYD.F,EUR,Allemagne,224006368.0,FRA,Frankfurt,EQUITY,,Yahoo Finance / yfinance EquityQuery,2026-10-07,Détection mécanique 50-300 MEUR ; qualification SSI requise.,DETECTE,,2026-10-07,254,6.840000152587891,0.0,13.24503635409675,2.7027073468436136,6.42349999666214,True,Yahoo Finance / yfinance - historique quotidien 1 an,OK,OUI,2026-10-08,472584000.0,0.044,0.41399,39934000.0,-20284500.0,22800000.0,207800000.0,,31338722.0,0.40147,Yahoo Finance / yfinance get_info,OK,PRET_SSI
2026-10-07,Generalfinance S.p.A.         A,VG30.F,EUR,Allemagne,224272416.0,FRA,Frankfurt,EQUITY,,Yahoo Finance / yfinance EquityQuery,2026-10-07,Détection mécanique 50-300 MEUR ; qualification SSI requise.,DETECTE,,2026-10-07,254,17.75,0.0,-36.83274107104616,-38.36805392286655,25.156249923706056,False,Yahoo Finance / yfinance - historique quotidien 1 an,OK,OUI,2026-10-08,70123288.0,-0.043,0.91902,,,106365528.0,496438784.0,,12635066.0,0.63858,Yahoo Finance / yfinance get_info,OK,PRET_SSI
2026-10-07,MCH Group AG                  N,MEF1.F,EUR,Allemagne,224299248.0,FRA,Frankfurt,EQUITY,,Yahoo Finance / yfinance EquityQuery,2026-10-07,Détection mécanique 50-300 MEUR ; qualification SSI requise.,DETECTE,,2026-10-07,254,7.25,0.0,10.687019677576547,71.80095640883297,5.336649999618531,True,Yahoo Finance / yfinance - historique quotidien 1 an,OK,OUI,2026-10-08,413334016.0,0.115,0.53641,54450000.0,22001124.0,76713000.0,100754000.0,,30937827.0,0.80972,Yahoo Finance / yfinance get_info,OK,PRET_SSI
2026-10-07,Shandong Boan Biotechnology CoR,UJ9.F,EUR,Allemagne,224589920.0,FRA,Frankfurt,EQUITY,,Yahoo Finance / yfinance EquityQuery,2026-10-07,Détection mécanique 50-300 MEUR ; qualification SSI requise.,DETECTE,,2026-10-07,254,0.3659999966621399,0.0,-30.943393128416307,-50.540541629011024,0.6302449971437454,False,Yahoo Finance / yfinance - historique quotidien 1 an,OK,OUI,2026-10-08,624412032.0,-0.408,0.682,-14851000.0,-303195264.0,1105453056.0,843587968.0,,613633694.0,0.66527003,Yahoo Finance / yfinance get_info,OK,PRET_SSI
2026-10-07,ORASURE TECHNOLOGIES INC.     R,EP3.F,EUR,Allemagne,224837712.0,FRA,Frankfurt,EQUITY,,Yahoo Finance / yfinance EquityQuery,2026-10-07,Détection mécanique 50-300 MEUR ; qualification SSI requise.,DETECTE,,2026-10-07,254,3.259999990463257,0.0,-12.365592328202911,20.740738255169862,2.9195499920845034,True,Yahoo Finance / yfinance - historique quotidien 1 an,OK,OUI,2026-10-08,112412000.0,-0.019,0.42633998,-61556000.0,-44569624.0,160582000.0,12094000.0,,68968627.0,0.06486,Yahoo Finance / yfinance get_info,OK,PRET_SSI
2026-10-07,CM.com N.V.                   A,2DS.F,EUR,Allemagne,224898784.0,FRA,Frankfurt,EQUITY,,Yahoo Finance / yfinance EquityQuery,2026-10-07,Détection mécanique 50-300 MEUR ; qualification SSI requise.,DETECTE,,2026-10-07,254,6.78000020980835,0.0,-6.353585301823439,24.17582715089801,6.064850013256073,True,Yahoo Finance / yfinance - historique quotidien 1 an,OK,OUI,2026-10-08,270225984.0,0.091,0.30191,6032000.0,-5881750.0,33898000.0,87053000.0,,33170913.0,0.61101,Yahoo Finance / yfinance get_info,OK,PRET_SSI
2026-10-07,JDC Corp. i.K.                R,JDD.F,EUR,Allemagne,225028256.0,FRA,Frankfurt,EQUITY,,Yahoo Finance / yfinance EquityQuery,2026-10-07,Détection mécanique 50-300 MEUR ; qualification SSI requise.,DETECTE,,2026-10-07,254,2.819999933242798,0.0,0.7142850452539706,-11.875003399327344,3.0433000075817107,False,Yahoo Finance / yfinance - historique quotidien 1 an,OK,OUI,2026-10-08,135207002112.0,-0.004,0.12066,8718999552.0,-8266749952.0,19918999552.0,37911998464.0,,79797254.0,0.28645,Yahoo Finance / yfinance get_info,OK,PRET_SSI
2026-10-07,Outdoor Holding Co.           R,92P.F,EUR,Allemagne,225158208.0,FRA,Frankfurt,EQUITY,,Yahoo Finance / yfinance EquityQuery,2026-10-07,Détection mécanique 50-300 MEUR ; qualification SSI requise.,DETECTE,,2026-10-07,254,1.940000057220459,0.0,-8.490558398834713,12.138730394895592,1.7421500062942503,True,Yahoo Finance / yfinance - historique quotidien 1 an,OK,OUI,2026-10-08,53721492.0,0.221,0.87843,22291048.0,11211302.0,68777368.0,10876666.0,,116060931.0,0.16317,Yahoo Finance / yfinance get_info,OK,PRET_SSI
2026-10-07,TIANJIN DEVELOPMENT HLDGS LTD.R,TJN.F,EUR,Allemagne,225281712.0,FRA,Frankfurt,EQUITY,,Yahoo Finance / yfinance EquityQuery,2026-10-07,Détection mécanique 50-300 MEUR ; qualification SSI requise.,DETECTE,,2026-10-07,254,0.209999993443489,0.0,0.0,-13.934429883716591,0.2369099993258714,False,Yahoo Finance / yfinance - historique quotidien 1 an,OK,OUI,2026-10-08,3135600128.0,-0.035,0.28345,127545000.0,405540640.0,5583465984.0,1967366016.0,,1072770125.0,0.62806,Yahoo Finance / yfinance get_info,OK,PRET_SSI
2026-10-07,Condor Energies Inc.          R,WQ6.F,EUR,Allemagne,225387728.0,FRA,Frankfurt,EQUITY,,Yahoo Finance / yfinance EquityQuery,2026-10-07,Détection mécanique 50-300 MEUR ; qualification SSI requise.,DETECTE,,2026-10-07,254,2.609999895095825,0.0,18.636356296618285,45.40389735356034,1.8301249980926515,True,Yahoo Finance / yfinance - historique quotidien 1 an,OK,OUI,2026-10-08,76561000.0,0.406,0.5091,21839000.0,-34515624.0,24295000.0,32702000.0,,86355455.0,0.20025,Yahoo Finance / yfinance get_info,OK,PRET_SSI
2026-10-07,Shandong Hi-Speed Hldgs.Gr.LtdR,HRI.F,EUR,Allemagne,225589936.0,FRA,Frankfurt,EQUITY,,Yahoo Finance / yfinance EquityQuery,2026-10-07,Détection mécanique 50-300 MEUR ; qualification SSI requise.,DETECTE,,2026-10-07,254,0.0375000014901161,0.0,15.384624201870857,-68.7499980597446,0.096802500160411,False,Yahoo Finance / yfinance - historique quotidien 1 an,OK,OUI,2026-10-08,5162989056.0,0.054,0.36325002,2810528000.0,3120147200.0,13013741568.0,46430064640.0,,6015731109.0,0.43398997,Yahoo Finance / yfinance get_info,OK,PRET_SSI
2026-10-07,Clarke Inc.                   R,CK5A.F,EUR,Allemagne,225700848.0,FRA,Frankfurt,EQUITY,,Yahoo Finance / yfinance EquityQuery,2026-10-07,Détection mécanique 50-300 MEUR ; qualification SSI requise.,DETECTE,,2026-10-07,254,14.600000381469728,0.0,3.5460991948418785,-3.9473647060816464,14.108499970436096,True,Yahoo Finance / yfinance - historique quotidien 1 an,OK,OUI,2026-10-08,100453000.0,0.923,0.47787997,35216000.0,43787752.0,19839000.0,1339425024.0,,15458962.0,0.71887,Yahoo Finance / yfinance get_info,OK,PRET_SSI
2026-10-07,Zalaris ASA                   N,81Y.F,EUR,Allemagne,225933184.0,FRA,Frankfurt,EQUITY,,Yahoo Finance / yfinance EquityQuery,2026-10-07,Détection mécanique 50-300 MEUR ; qualification SSI requise.,DETECTE,,2026-10-07,254,10.350000381469728,0.0,24.69879691115237,17.88155690486837,8.465900020599365,True,Yahoo Finance / yfinance - historique quotidien 1 an,OK,OUI,2026-10-08,1487340032.0,-0.049,0.41828,113619000.0,146088624.0,148683008.0,515748992.0,,21829291.0,0.88281,Yahoo Finance / yfinance get_info,OK,PRET_SSI
2026-10-07,Elan Corp.                    R,25E.F,EUR,Allemagne,226217456.0,FRA,Frankfurt,EQUITY,,Yahoo Finance / yfinance EquityQuery,2026-10-07,Détection mécanique 50-300 MEUR ; qualification SSI requise.,DETECTE,,2026-10-07,254,3.740000009536743,0.0,-3.608250019970627,-1.5789458824326583,3.749700001478195,False,Yahoo Finance / yfinance - historique quotidien 1 an,OK,OUI,2026-10-08,58133000192.0,0.101,0.21997999,5606000128.0,4613250048.0,7383000064.0,731000000.0,,60485953.0,0.70899004,Yahoo Finance / yfinance get_info,OK,PRET_SSI
2026-10-07,"Hackett Group Inc., The       R",AWT.F,EUR,Allemagne,226388640.0,FRA,Frankfurt,EQUITY,,Yahoo Finance / yfinance EquityQuery,2026-10-07,Détection mécanique 50-300 MEUR ; qualification SSI requise.,DETECTE,,2026-10-07,254,9.100000381469728,0.0,11.656451624604758,-14.953265946883189,10.70900004863739,False,Yahoo Finance / yfinance - historique quotidien 1 an,OK,OUI,2026-10-08,283171008.0,-0.12,0.41814,42416000.0,30504624.0,14162000.0,83025000.0,,24877873.0,0.12624,Yahoo Finance / yfinance get_info,OK,PRET_SSI
2026-10-07,Palisades Goldcorp Ltd.       R,R20.F,EUR,Allemagne,226425472.0,FRA,Frankfurt,EQUITY,,Yahoo Finance / yfinance EquityQuery,2026-10-07,Détection mécanique 50-300 MEUR ; qualification SSI requise.,DETECTE,,2026-10-07,141,3.180000066757202,0.0,64.7668473150701,118.55669917270392,,,Yahoo Finance / yfinance - historique quotidien 1 an,OK,OUI,2026-10-08,124037000.0,,1.0,115061040.0,96572816.0,182995008.0,12000000.0,,71202974.0,0.46583,Yahoo Finance / yfinance get_info,OK,PRET_SSI
2026-10-07,ESCALADE INC.                 R,ED9.F,EUR,Allemagne,227140224.0,FRA,Frankfurt,EQUITY,,Yahoo Finance / yfinance EquityQuery,2026-10-07,Détection mécanique 50-300 MEUR ; qualification SSI requise.,DETECTE,,2026-10-07,254,16.5,0.0,3.125,5.095542678049925,15.005000023841855,True,Yahoo Finance / yfinance - historique quotidien 1 an,OK,OUI,2026-10-08,243832992.0,0.062,0.28167,35288000.0,18126000.0,16392000.0,16142000.0,,13766074.0,0.39785,Yahoo Finance / yfinance get_info,OK,PRET_SSI
2026-10-07,MEDALLION FINANCIAL CORP.     R,MD5.F,EUR,Allemagne,227306448.0,FRA,Frankfurt,EQUITY,,Yahoo Finance / yfinance EquityQuery,2026-10-07,Détection mécanique 50-300 MEUR ; qualification SSI requise.,DETECTE,,2026-10-07,254,9.899999618530272,0.0,20.731705473264974,32.8859043220137,8.458750033378601,True,Yahoo Finance / yfinance - historique quotidien 1 an,OK,OUI,2026-10-08,349967008.0,0.025,0.73999,177104992.0,-229346000.0,205991008.0,2640321024.0,,22960249.0,0.32311,Yahoo Finance / yfinance get_info,OK,PRET_SSI
2026-10-07,Henry Boot PLC,0KH.SG,EUR,Allemagne,227468768.0,STU,Stuttgart,EQUITY,,Yahoo Finance / yfinance EquityQuery,2026-10-07,Détection mécanique 50-300 MEUR ; qualification SSI requise.,DETECTE,,2026-10-07,254,1.690000057220459,0.0,-5.58658697003811,-12.88659755805308,1.85529999434948,False,Yahoo Finance / yfinance - historique quotidien 1 an,OK,OUI,2026-10-08,232900992.0,-0.188,0.21150999,16328000.0,-54469624.0,21986000.0,154912000.0,,134596896.0,0.62636,Yahoo Finance / yfinance get_info,OK,PRET_SSI
2026-10-07,Jadestone Energy PLC          R,8KW.F,EUR,Allemagne,227783664.0,FRA,Frankfurt,EQUITY,,Yahoo Finance / yfinance EquityQuery,2026-10-07,Détection mécanique 50-300 MEUR ; qualification SSI requise.,DETECTE,,2026-10-07,254,0.4180000126361847,0.0,29.81366977008804,39.333332008785725,0.3292400012165308,True,Yahoo Finance / yfinance - historique quotidien 1 an,OK,OUI,2026-10-08,413844992.0,0.025,0.34537,162271008.0,213484496.0,174312000.0,244691008.0,,544936979.0,0.34865,Yahoo Finance / yfinance get_info,OK,PRET_SSI
2026-10-07,Perma-Pipe International Hdgs R,MF3.F,EUR,Allemagne,227825968.0,FRA,Frankfurt,EQUITY,,Yahoo Finance / yfinance EquityQuery,2026-10-07,Détection mécanique 50-300 MEUR ; qualification SSI requise.,DETECTE,,2026-10-07,254,27.799999237060547,0.0,33.65384738826192,-4.1379336653084575,24.91100007057189,True,Yahoo Finance / yfinance - historique quotidien 1 an,OK,OUI,2026-10-08,226108000.0,0.244,0.31128,33514000.0,14419875.0,31778000.0,53043000.0,,8195179.0,0.05797,Yahoo Finance / yfinance get_info,OK,PRET_SSI
2026-10-07,Antengene Corp. Ltd.          R,722.F,EUR,Allemagne,228070336.0,FRA,Frankfurt,EQUITY,,Yahoo Finance / yfinance EquityQuery,2026-10-07,Détection mécanique 50-300 MEUR ; qualification SSI requise.,DETECTE,,2026-10-07,254,0.3720000088214874,0.0,-18.77729141140023,-39.99999903863477,0.424689999371767,False,Yahoo Finance / yfinance - historique quotidien 1 an,OK,OUI,2026-10-08,565232000.0,8.648,0.92614,184070000.0,-85813504.0,773966016.0,257928000.0,,613092300.0,0.37062,Yahoo Finance / yfinance get_info,OK,PRET_SSI
2026-10-07,Huuuge Inc.                   R,7EI.F,EUR,Allemagne,228210288.0,FRA,Frankfurt,EQUITY,,Yahoo Finance / yfinance EquityQuery,2026-10-07,Détection mécanique 50-300 MEUR ; qualification SSI requise.,DETECTE,,2026-10-07,254,5.099999904632568,0.0,10.629061972382535,-20.18779325206008,5.130200011730194,False,Yahoo Finance / yfinance - historique quotidien 1 an,OK,OUI,2026-10-08,221836000.0,-0.134,0.79078,81657000.0,54842624.0,143476000.0,3600000.0,,44747115.0,0.32437,Yahoo Finance / yfinance get_info,OK,PRET_SSI
2026-10-07,UXIN Ltd.                     R,H90.F,EUR,Allemagne,228779456.0,FRA,Frankfurt,EQUITY,,Yahoo Finance / yfinance EquityQuery,2026-10-07,Détection mécanique 50-300 MEUR ; qualification SSI requise.,DETECTE,,2026-10-07,254,1.0399999618530271,0.0,-30.66666920979818,-58.400001525878906,1.992299997806549,False,Yahoo Finance / yfinance - historique quotidien 1 an,OK,OUI,2026-10-08,4302036992.0,0.749,0.049569998,-303672000.0,,82584000.0,1773340032.0,,219844228.0,0.0,Yahoo Finance / yfinance get_info,OK,PRET_SSI
2026-10-07,A2Z Cust2Mate Solutions Corp. R,A23.F,EUR,Allemagne,228937632.0,FRA,Frankfurt,EQUITY,,Yahoo Finance / yfinance EquityQuery,2026-10-07,Détection mécanique 50-300 MEUR ; qualification SSI requise.,DETECTE,,2026-10-07,254,5.199999809265137,0.0,6.995877909675463,-22.962965788664647,5.413849997520447,False,Yahoo Finance / yfinance - historique quotidien 1 an,OK,OUI,2026-10-08,14415000.0,4.09,0.13486,-38092000.0,-26924624.0,43396000.0,4553000.0,,44026467.0,0.14696999,Yahoo Finance / yfinance get_info,OK,PRET_SSI
2026-10-07,Bicycle Therapeutics Ltd.     R,50BA.F,EUR,Allemagne,228980816.0,FRA,Frankfurt,EQUITY,,Yahoo Finance / yfinance EquityQuery,2026-10-07,Détection mécanique 50-300 MEUR ; qualification SSI requise.,DETECTE,,2026-10-07,254,3.2799999713897705,0.0,-6.285715103149414,-19.99999883698252,4.006299990415573,False,Yahoo Finance / yfinance - historique quotidien 1 an,OK,OUI,2026-10-08,61205000.0,-0.785,-2.0889301,-200812000.0,-99822128.0,510052000.0,14661000.0,,50373281.0,0.044699997,Yahoo Finance / yfinance get_info,OK,PRET_SSI
2026-10-07,Healios K.K.                  R,6VX.F,EUR,Allemagne,229009248.0,FRA,Frankfurt,EQUITY,,Yahoo Finance / yfinance EquityQuery,2026-10-07,Détection mécanique 50-300 MEUR ; qualification SSI requise.,DETECTE,,2026-10-07,254,1.6200000047683716,0.0,21.80450770643216,-15.624997865719047,1.6336499989032744,False,Yahoo Finance / yfinance - historique quotidien 1 an,OK,OUI,2026-10-08,59000000.0,-0.682,-1.05085,-3884000000.0,-6494875136.0,9073999872.0,2568000000.0,,135001900.0,0.20903999,Yahoo Finance / yfinance get_info,OK,PRET_SSI
2026-10-07,XPERI Inc.                    R,V2W.F,EUR,Allemagne,229715296.0,FRA,Frankfurt,EQUITY,,Yahoo Finance / yfinance EquityQuery,2026-10-07,Détection mécanique 50-300 MEUR ; qualification SSI requise.,DETECTE,,2026-10-07,154,4.710000038146973,0.0,-29.70148996670537,-5.799999237060549,,,Yahoo Finance / yfinance - historique quotidien 1 an,OK,OUI,2026-10-08,456836992.0,0.081,0.71949995,40988000.0,55337124.0,90590000.0,65171000.0,,48771822.0,0.03968,Yahoo Finance / yfinance get_info,OK,PRET_SSI
2026-10-07,Omega Flex Inc.               R,22B.F,EUR,Allemagne,230150528.0,FRA,Frankfurt,EQUITY,,Yahoo Finance / yfinance EquityQuery,2026-10-07,Détection mécanique 50-300 MEUR ; qualification SSI requise.,DETECTE,,2026-10-07,230,22.799999237060547,0.0,-8.800003051757809,-17.985612004386077,25.474599981307986,False,Yahoo Finance / yfinance - historique quotidien 1 an,OK,OUI,2026-10-08,96591000.0,-0.058,0.57784003,14887000.0,7721875.0,47905000.0,4538000.0,,10094322.0,0.65169,Yahoo Finance / yfinance get_info,OK,PRET_SSI
2026-10-07,Frontier Development PLC      R,5FD.F,EUR,Allemagne,230232560.0,FRA,Frankfurt,EQUITY,,Yahoo Finance / yfinance EquityQuery,2026-10-07,Détection mécanique 50-300 MEUR ; qualification SSI requise.,DETECTE,,2026-10-07,254,6.800000190734863,0.0,41.07883710699147,68.31683799362973,4.853350013494492,True,Yahoo Finance / yfinance - historique quotidien 1 an,OK,OUI,2026-10-08,104796000.0,0.043,0.66667,46263000.0,6329625.0,43968000.0,17668000.0,,33857728.0,0.52279,Yahoo Finance / yfinance get_info,OK,PRET_SSI
2026-10-07,National Bankshares Inc.      R,9F2.F,EUR,Allemagne,230536448.0,FRA,Frankfurt,EQUITY,,Yahoo Finance / yfinance EquityQuery,2026-10-07,Détection mécanique 50-300 MEUR ; qualification SSI requise.,DETECTE,,2026-10-07,254,36.20000076293945,0.0,28.36879355873505,15.286628034149796,31.657000064849854,True,Yahoo Finance / yfinance - historique quotidien 1 an,OK,OUI,2026-10-08,60565000.0,0.162,0.0,,,54563000.0,1789000.0,,6368410.0,0.03342,Yahoo Finance / yfinance get_info,OK,PRET_SSI
2026-10-07,AUDIOCODES LTD.               R,AU1.F,EUR,Allemagne,230659184.0,FRA,Frankfurt,EQUITY,,Yahoo Finance / yfinance EquityQuery,2026-10-07,Détection mécanique 50-300 MEUR ; qualification SSI requise.,DETECTE,,2026-10-07,254,9.550000190734863,0.0,9.77011954143392,29.054054968369257,7.714749991893768,True,Yahoo Finance / yfinance - historique quotidien 1 an,OK,OUI,2026-10-08,249252992.0,0.031,0.65739995,18890000.0,14023500.0,61670000.0,41368000.0,,24152794.0,0.30476,Yahoo Finance / yfinance get_info,OK,PRET_SSI
2026-10-07,IMC S.A.,IM4.SG,EUR,Allemagne,230753024.0,STU,Stuttgart,EQUITY,,Yahoo Finance / yfinance EquityQuery,2026-10-07,Détection mécanique 50-300 MEUR ; qualification SSI requise.,DETECTE,,2026-10-07,254,6.5,0.0,-16.129032258064512,-24.41860800372243,7.555799989700318,False,Yahoo Finance / yfinance - historique quotidien 1 an,OK,OUI,2026-10-08,195414000.0,0.347,0.45868,69735000.0,46887624.0,12482000.0,131917000.0,,35500464.0,0.81698996,Yahoo Finance / yfinance get_info,OK,PRET_SSI
2026-10-07,Cerillion PLC                 R,1VW.F,EUR,Allemagne,231900832.0,FRA,Frankfurt,EQUITY,,Yahoo Finance / yfinance EquityQuery,2026-10-07,Détection mécanique 50-300 MEUR ; qualification SSI requise.,DETECTE,,2026-10-07,254,7.849999904632568,0.0,-35.65573748065975,-51.84048912846333,13.839499990940094,False,Yahoo Finance / yfinance - historique quotidien 1 an,OK,OUI,2026-10-08,42455000.0,-0.139,0.79536,17217000.0,5650750.0,32467000.0,3999000.0,,29541509.0,0.21037,Yahoo Finance / yfinance get_info,OK,PRET_SSI
2026-10-07,Commerce.com Inc.             R,BI1.F,EUR,Allemagne,232005168.0,FRA,Frankfurt,EQUITY,,Yahoo Finance / yfinance EquityQuery,2026-10-07,Détection mécanique 50-300 MEUR ; qualification SSI requise.,DETECTE,,2026-10-07,254,2.799999952316284,0.0,7.692309808448994,32.075476578522256,2.5246499979496004,True,Yahoo Finance / yfinance - historique quotidien 1 an,OK,OUI,2026-10-08,346899008.0,0.001,0.77169,21321000.0,28792124.0,156324000.0,164508000.0,,82858991.0,0.09309,Yahoo Finance / yfinance get_info,OK,PRET_SSI
2026-10-07,InfuSystems Holdings Inc.     R,1TZ.F,EUR,Allemagne,232089600.0,FRA,Frankfurt,EQUITY,,Yahoo Finance / yfinance EquityQuery,2026-10-07,Détection mécanique 50-300 MEUR ; qualification SSI requise.,DETECTE,,2026-10-07,254,11.5,0.0,41.10430108306984,42.8571394723184,8.302999985218047,True,Yahoo Finance / yfinance - historique quotidien 1 an,OK,OUI,2026-10-08,143335008.0,0.026,0.57453,24229000.0,10263515.0,964000.0,24531000.0,,20181703.0,0.07243,Yahoo Finance / yfinance get_info,OK,PRET_SSI
