Date_detection,Societe,Ticker,Devise,Pays,Capitalisation_EUR,Exchange,FullExchangeName,QuoteType,UnderlyingSymbol,Source_detection,Date_source,These_initiale,Statut_chasse,Etat_registre
2026-10-08,H2APEX Group S.C.A.           B,H2A.F,EUR,Allemagne,50403196.0,FRA,Frankfurt,EQUITY,,Yahoo Finance / yfinance EquityQuery,2026-10-08,Détection mécanique 50-300 MEUR ; qualification SSI requise.,DETECTE,HORS_UNIVERS_IDENTITE_INSUFFISANTE
2026-10-08,H2APEX Group S.C.A.           B,H2A.DE,EUR,Allemagne,50653960.0,GER,XETRA,EQUITY,,Yahoo Finance / yfinance EquityQuery,2026-10-08,Détection mécanique 50-300 MEUR ; qualification SSI requise.,DETECTE,HORS_UNIVERS_IDENTITE_INSUFFISANTE
2026-10-08,FamiCord AG                   N,V3V.DE,EUR,Allemagne,52120976.0,GER,XETRA,EQUITY,,Yahoo Finance / yfinance EquityQuery,2026-10-08,Détection mécanique 50-300 MEUR ; qualification SSI requise.,DETECTE,HORS_UNIVERS_IDENTITE_INSUFFISANTE
2026-10-08,FamiCord AG                   N,V3V.F,EUR,Allemagne,52214832.0,FRA,Frankfurt,EQUITY,,Yahoo Finance / yfinance EquityQuery,2026-10-08,Détection mécanique 50-300 MEUR ; qualification SSI requise.,DETECTE,HORS_UNIVERS_IDENTITE_INSUFFISANTE
2026-10-08,Pliant Therapeutics Inc.      R,9PT.F,EUR,Allemagne,52632212.0,FRA,Frankfurt,EQUITY,,Yahoo Finance / yfinance EquityQuery,2026-10-08,Détection mécanique 50-300 MEUR ; qualification SSI requise.,DETECTE,HORS_UNIVERS_IDENTITE_INSUFFISANTE
2026-10-08,Creo Medical Group PLC,1RC.SG,EUR,Allemagne,52998516.0,STU,Stuttgart,EQUITY,,Yahoo Finance / yfinance EquityQuery,2026-10-08,Détection mécanique 50-300 MEUR ; qualification SSI requise.,DETECTE,HORS_UNIVERS_IDENTITE_INSUFFISANTE
2026-10-08,DocCheck AG                   N,AJ91.DE,EUR,Allemagne,53275068.0,GER,XETRA,EQUITY,,Yahoo Finance / yfinance EquityQuery,2026-10-08,Détection mécanique 50-300 MEUR ; qualification SSI requise.,DETECTE,HORS_UNIVERS_IDENTITE_INSUFFISANTE
2026-10-08,DocCheck AG                   N,AJ91.F,EUR,Allemagne,53275068.0,FRA,Frankfurt,EQUITY,,Yahoo Finance / yfinance EquityQuery,2026-10-08,Détection mécanique 50-300 MEUR ; qualification SSI requise.,DETECTE,HORS_UNIVERS_IDENTITE_INSUFFISANTE
2026-10-08,Shareholder Value Beteilig.AG N,SVE.DE,EUR,Allemagne,53823804.0,GER,XETRA,EQUITY,,Yahoo Finance / yfinance EquityQuery,2026-10-08,Détection mécanique 50-300 MEUR ; qualification SSI requise.,DETECTE,HORS_UNIVERS_IDENTITE_INSUFFISANTE
2026-10-08,Shareholder Value Beteilig.AG N,SVE.F,EUR,Allemagne,53823804.0,FRA,Frankfurt,EQUITY,,Yahoo Finance / yfinance EquityQuery,2026-10-08,Détection mécanique 50-300 MEUR ; qualification SSI requise.,DETECTE,HORS_UNIVERS_IDENTITE_INSUFFISANTE
2026-10-08,WeGrow AG                     I,ZN2.F,EUR,Allemagne,53958740.0,FRA,Frankfurt,EQUITY,,Yahoo Finance / yfinance EquityQuery,2026-10-08,Détection mécanique 50-300 MEUR ; qualification SSI requise.,DETECTE,HORS_UNIVERS_IDENTITE_INSUFFISANTE
2026-10-08,WeGrow AG                     I,ZN2.DU,EUR,Allemagne,53958744.0,DUS,Dusseldorf,EQUITY,,Yahoo Finance / yfinance EquityQuery,2026-10-08,Détection mécanique 50-300 MEUR ; qualification SSI requise.,DETECTE,HORS_UNIVERS_IDENTITE_INSUFFISANTE
2026-10-08,BQE Water Inc.,UL5A.SG,EUR,Allemagne,54120268.0,STU,Stuttgart,EQUITY,,Yahoo Finance / yfinance EquityQuery,2026-10-08,Détection mécanique 50-300 MEUR ; qualification SSI requise.,DETECTE,HORS_UNIVERS_IDENTITE_INSUFFISANTE
2026-10-08,BERENTZEN-GRUPPE AG           I,BEZ.F,EUR,Allemagne,54483408.0,FRA,Frankfurt,EQUITY,,Yahoo Finance / yfinance EquityQuery,2026-10-08,Détection mécanique 50-300 MEUR ; qualification SSI requise.,DETECTE,HORS_UNIVERS_IDENTITE_INSUFFISANTE
2026-10-08,NFON AG                       I,NFN.F,EUR,Allemagne,54982932.0,FRA,Frankfurt,EQUITY,,Yahoo Finance / yfinance EquityQuery,2026-10-08,Détection mécanique 50-300 MEUR ; qualification SSI requise.,DETECTE,HORS_UNIVERS_IDENTITE_INSUFFISANTE
2026-10-08,Scorpio Gold Corp.,RY9.SG,EUR,Allemagne,55040104.0,STU,Stuttgart,EQUITY,,Yahoo Finance / yfinance EquityQuery,2026-10-08,Détection mécanique 50-300 MEUR ; qualification SSI requise.,DETECTE,HORS_UNIVERS_IDENTITE_INSUFFISANTE
2026-10-08,WISeKey Internat.Holding Ltd. N,1W81.F,EUR,Allemagne,55155688.0,FRA,Frankfurt,EQUITY,,Yahoo Finance / yfinance EquityQuery,2026-10-08,Détection mécanique 50-300 MEUR ; qualification SSI requise.,DETECTE,HORS_UNIVERS_IDENTITE_INSUFFISANTE
2026-10-08,BERENTZEN-GRUPPE AG           I,BEZ.DE,EUR,Allemagne,55422776.0,GER,XETRA,EQUITY,,Yahoo Finance / yfinance EquityQuery,2026-10-08,Détection mécanique 50-300 MEUR ; qualification SSI requise.,DETECTE,HORS_UNIVERS_IDENTITE_INSUFFISANTE
2026-10-08,The Naga Group AG             N,N4G0.F,EUR,Allemagne,56333528.0,FRA,Frankfurt,EQUITY,,Yahoo Finance / yfinance EquityQuery,2026-10-08,Détection mécanique 50-300 MEUR ; qualification SSI requise.,DETECTE,HORS_UNIVERS_IDENTITE_INSUFFISANTE
2026-10-08,Agronomics Ltd.,V77.SG,EUR,Allemagne,56335820.0,STU,Stuttgart,EQUITY,,Yahoo Finance / yfinance EquityQuery,2026-10-08,Détection mécanique 50-300 MEUR ; qualification SSI requise.,DETECTE,HORS_UNIVERS_IDENTITE_INSUFFISANTE
2026-10-08,Pliant Therapeutics Inc.      R,9PT.MU,EUR,Allemagne,56780868.0,MUN,Munich,EQUITY,,Yahoo Finance / yfinance EquityQuery,2026-10-08,Détection mécanique 50-300 MEUR ; qualification SSI requise.,DETECTE,HORS_UNIVERS_IDENTITE_INSUFFISANTE
2026-10-08,Lithium Ionic Corp.           R,H3N.F,EUR,Allemagne,56822748.0,FRA,Frankfurt,EQUITY,,Yahoo Finance / yfinance EquityQuery,2026-10-08,Détection mécanique 50-300 MEUR ; qualification SSI requise.,DETECTE,HORS_UNIVERS_IDENTITE_INSUFFISANTE
2026-10-08,NFON AG                       I,NFN.DE,EUR,Allemagne,56940156.0,GER,XETRA,EQUITY,,Yahoo Finance / yfinance EquityQuery,2026-10-08,Détection mécanique 50-300 MEUR ; qualification SSI requise.,DETECTE,HORS_UNIVERS_IDENTITE_INSUFFISANTE
2026-10-08,MHP Hotel AG                  I,CDZ0.F,EUR,Allemagne,57004424.0,FRA,Frankfurt,EQUITY,,Yahoo Finance / yfinance EquityQuery,2026-10-08,Détection mécanique 50-300 MEUR ; qualification SSI requise.,DETECTE,HORS_UNIVERS_IDENTITE_INSUFFISANTE
2026-10-08,BTCS Inc.                     R,BIC.F,EUR,Allemagne,57404300.0,FRA,Frankfurt,EQUITY,,Yahoo Finance / yfinance EquityQuery,2026-10-08,Détection mécanique 50-300 MEUR ; qualification SSI requise.,DETECTE,HORS_UNIVERS_IDENTITE_INSUFFISANTE
2026-10-08,net digital AG                I,VRL.F,EUR,Allemagne,57466704.0,FRA,Frankfurt,EQUITY,,Yahoo Finance / yfinance EquityQuery,2026-10-08,Détection mécanique 50-300 MEUR ; qualification SSI requise.,DETECTE,HORS_UNIVERS_IDENTITE_INSUFFISANTE
2026-10-08,NFON AG                       I,NFN.DU,EUR,Allemagne,57478520.0,DUS,Dusseldorf,EQUITY,,Yahoo Finance / yfinance EquityQuery,2026-10-08,Détection mécanique 50-300 MEUR ; qualification SSI requise.,DETECTE,HORS_UNIVERS_IDENTITE_INSUFFISANTE
2026-10-08,Cantourage Group SE           I,HIGH.F,EUR,Allemagne,57712500.0,FRA,Frankfurt,EQUITY,,Yahoo Finance / yfinance EquityQuery,2026-10-08,Détection mécanique 50-300 MEUR ; qualification SSI requise.,DETECTE,HORS_UNIVERS_IDENTITE_INSUFFISANTE
2026-10-08,WISeKey Internat.Holding Ltd. N,1W82.F,EUR,Allemagne,57787596.0,FRA,Frankfurt,EQUITY,,Yahoo Finance / yfinance EquityQuery,2026-10-08,Détection mécanique 50-300 MEUR ; qualification SSI requise.,DETECTE,HORS_UNIVERS_IDENTITE_INSUFFISANTE
2026-10-08,Sol Strategies Inc.           R,1X0.F,EUR,Allemagne,58068740.0,FRA,Frankfurt,EQUITY,,Yahoo Finance / yfinance EquityQuery,2026-10-08,Détection mécanique 50-300 MEUR ; qualification SSI requise.,DETECTE,HORS_UNIVERS_IDENTITE_INSUFFISANTE
2026-10-08,Adventure Inc.                R,6OQ.F,EUR,Allemagne,58495620.0,FRA,Frankfurt,EQUITY,,Yahoo Finance / yfinance EquityQuery,2026-10-08,Détection mécanique 50-300 MEUR ; qualification SSI requise.,DETECTE,HORS_UNIVERS_IDENTITE_INSUFFISANTE
2026-10-08,net digital AG                I,VRL.DE,EUR,Allemagne,58753272.0,GER,XETRA,EQUITY,,Yahoo Finance / yfinance EquityQuery,2026-10-08,Détection mécanique 50-300 MEUR ; qualification SSI requise.,DETECTE,HORS_UNIVERS_IDENTITE_INSUFFISANTE
2026-10-08,BRAIN Biotech AG              N,BNN.F,EUR,Allemagne,58769764.0,FRA,Frankfurt,EQUITY,,Yahoo Finance / yfinance EquityQuery,2026-10-08,Détection mécanique 50-300 MEUR ; qualification SSI requise.,DETECTE,HORS_UNIVERS_IDENTITE_INSUFFISANTE
2026-10-08,MHP Hotel AG                  I,CDZ0.DE,EUR,Allemagne,58858224.0,GER,XETRA,EQUITY,,Yahoo Finance / yfinance EquityQuery,2026-10-08,Détection mécanique 50-300 MEUR ; qualification SSI requise.,DETECTE,HORS_UNIVERS_IDENTITE_INSUFFISANTE
2026-10-08,MHP Hotel AG                  I,CDZ0.MU,EUR,Allemagne,58858224.0,MUN,Munich,EQUITY,,Yahoo Finance / yfinance EquityQuery,2026-10-08,Détection mécanique 50-300 MEUR ; qualification SSI requise.,DETECTE,HORS_UNIVERS_IDENTITE_INSUFFISANTE
2026-10-08,The Naga Group AG             N,N4G0.DE,EUR,Allemagne,60058052.0,GER,XETRA,EQUITY,,Yahoo Finance / yfinance EquityQuery,2026-10-08,Détection mécanique 50-300 MEUR ; qualification SSI requise.,DETECTE,HORS_UNIVERS_IDENTITE_INSUFFISANTE
2026-10-08,BRAIN Biotech AG              N,BNN.DE,EUR,Allemagne,60517564.0,GER,XETRA,EQUITY,,Yahoo Finance / yfinance EquityQuery,2026-10-08,Détection mécanique 50-300 MEUR ; qualification SSI requise.,DETECTE,HORS_UNIVERS_IDENTITE_INSUFFISANTE
2026-10-08,Cantourage Group SE           I,HIGH.DE,EUR,Allemagne,60604012.0,GER,XETRA,EQUITY,,Yahoo Finance / yfinance EquityQuery,2026-10-08,Détection mécanique 50-300 MEUR ; qualification SSI requise.,DETECTE,HORS_UNIVERS_IDENTITE_INSUFFISANTE
2026-10-08,Sol Strategies Inc.           R,1X0.MU,EUR,Allemagne,60849048.0,MUN,Munich,EQUITY,,Yahoo Finance / yfinance EquityQuery,2026-10-08,Détection mécanique 50-300 MEUR ; qualification SSI requise.,DETECTE,HORS_UNIVERS_IDENTITE_INSUFFISANTE
2026-10-08,AD PEPPER MEDIA INTL N.V.     A,APM.F,EUR,Allemagne,61864392.0,FRA,Frankfurt,EQUITY,,Yahoo Finance / yfinance EquityQuery,2026-10-08,Détection mécanique 50-300 MEUR ; qualification SSI requise.,DETECTE,HORS_UNIVERS_IDENTITE_INSUFFISANTE
2026-10-08,Gateway Real Estate AG        I,GTY.DE,EUR,Allemagne,62005656.0,GER,XETRA,EQUITY,,Yahoo Finance / yfinance EquityQuery,2026-10-08,Détection mécanique 50-300 MEUR ; qualification SSI requise.,DETECTE,HORS_UNIVERS_IDENTITE_INSUFFISANTE
2026-10-08,Adventure Inc.                R,6OQ.MU,EUR,Allemagne,62802048.0,MUN,Munich,EQUITY,,Yahoo Finance / yfinance EquityQuery,2026-10-08,Détection mécanique 50-300 MEUR ; qualification SSI requise.,DETECTE,HORS_UNIVERS_IDENTITE_INSUFFISANTE
2026-10-08,BTCS Inc.                     R,BIC.MU,EUR,Allemagne,63595992.0,MUN,Munich,EQUITY,,Yahoo Finance / yfinance EquityQuery,2026-10-08,Détection mécanique 50-300 MEUR ; qualification SSI requise.,DETECTE,HORS_UNIVERS_IDENTITE_INSUFFISANTE
2026-10-08,Momentus Inc.                 R,0F9.F,EUR,Allemagne,64242944.0,FRA,Frankfurt,EQUITY,,Yahoo Finance / yfinance EquityQuery,2026-10-08,Détection mécanique 50-300 MEUR ; qualification SSI requise.,DETECTE,HORS_UNIVERS_IDENTITE_INSUFFISANTE
2026-10-08,IBU-tec advanced materials AG I,IBU.DE,EUR,Allemagne,65312500.0,GER,XETRA,EQUITY,,Yahoo Finance / yfinance EquityQuery,2026-10-08,Détection mécanique 50-300 MEUR ; qualification SSI requise.,DETECTE,HORS_UNIVERS_IDENTITE_INSUFFISANTE
2026-10-08,IBU-tec advanced materials AG I,IBU.F,EUR,Allemagne,65312500.0,FRA,Frankfurt,EQUITY,,Yahoo Finance / yfinance EquityQuery,2026-10-08,Détection mécanique 50-300 MEUR ; qualification SSI requise.,DETECTE,HORS_UNIVERS_IDENTITE_INSUFFISANTE
2026-10-08,AD PEPPER MEDIA INTL N.V.     A,APM.DE,EUR,Allemagne,65761364.0,GER,XETRA,EQUITY,,Yahoo Finance / yfinance EquityQuery,2026-10-08,Détection mécanique 50-300 MEUR ; qualification SSI requise.,DETECTE,HORS_UNIVERS_IDENTITE_INSUFFISANTE
2026-10-08,CGRE AG                       I,CGX.F,EUR,Allemagne,66000000.0,FRA,Frankfurt,EQUITY,,Yahoo Finance / yfinance EquityQuery,2026-10-08,Détection mécanique 50-300 MEUR ; qualification SSI requise.,DETECTE,HORS_UNIVERS_IDENTITE_INSUFFISANTE
2026-10-08,Lithium Ionic Corp.           R,H3N.MU,EUR,Allemagne,66293208.0,MUN,Munich,EQUITY,,Yahoo Finance / yfinance EquityQuery,2026-10-08,Détection mécanique 50-300 MEUR ; qualification SSI requise.,DETECTE,HORS_UNIVERS_IDENTITE_INSUFFISANTE
2026-10-08,EcoSynthetix Inc.,0Y8.SG,EUR,Allemagne,66426960.0,STU,Stuttgart,EQUITY,,Yahoo Finance / yfinance EquityQuery,2026-10-08,Détection mécanique 50-300 MEUR ; qualification SSI requise.,DETECTE,HORS_UNIVERS_IDENTITE_INSUFFISANTE
2026-10-08,Infinity Develop. Hldgs Co.LtdR,07F0.F,EUR,Allemagne,66700632.0,FRA,Frankfurt,EQUITY,,Yahoo Finance / yfinance EquityQuery,2026-10-08,Détection mécanique 50-300 MEUR ; qualification SSI requise.,DETECTE,HORS_UNIVERS_IDENTITE_INSUFFISANTE
2026-10-08,Otovo ASA,89K0.SG,EUR,Allemagne,67125976.0,STU,Stuttgart,EQUITY,,Yahoo Finance / yfinance EquityQuery,2026-10-08,Détection mécanique 50-300 MEUR ; qualification SSI requise.,DETECTE,RESOLU_SECONDAIRE_EUROPE
2026-10-08,Momentus Inc.                 R,0F9.DU,EUR,Allemagne,67427640.0,DUS,Dusseldorf,EQUITY,,Yahoo Finance / yfinance EquityQuery,2026-10-08,Détection mécanique 50-300 MEUR ; qualification SSI requise.,DETECTE,HORS_UNIVERS_IDENTITE_INSUFFISANTE
2026-10-08,PWO AG                        I,PWO.F,EUR,Allemagne,67500000.0,FRA,Frankfurt,EQUITY,,Yahoo Finance / yfinance EquityQuery,2026-10-08,Détection mécanique 50-300 MEUR ; qualification SSI requise.,DETECTE,HORS_UNIVERS_IDENTITE_INSUFFISANTE
2026-10-08,Scherzer & Co. AG             I,PZS.F,EUR,Allemagne,67602256.0,FRA,Frankfurt,EQUITY,,Yahoo Finance / yfinance EquityQuery,2026-10-08,Détection mécanique 50-300 MEUR ; qualification SSI requise.,DETECTE,HORS_UNIVERS_IDENTITE_INSUFFISANTE
2026-10-08,WE Connect,77P.SG,EUR,Allemagne,68035816.0,STU,Stuttgart,EQUITY,,Yahoo Finance / yfinance EquityQuery,2026-10-08,Détection mécanique 50-300 MEUR ; qualification SSI requise.,DETECTE,HORS_UNIVERS_IDENTITE_INSUFFISANTE
2026-10-08,Blue Cap AG                   I,B7E.F,EUR,Allemagne,68191504.0,FRA,Frankfurt,EQUITY,,Yahoo Finance / yfinance EquityQuery,2026-10-08,Détection mécanique 50-300 MEUR ; qualification SSI requise.,DETECTE,HORS_UNIVERS_IDENTITE_INSUFFISANTE
2026-10-08,ALBIS LEASING AG              I,ALG.F,EUR,Allemagne,68249288.0,FRA,Frankfurt,EQUITY,,Yahoo Finance / yfinance EquityQuery,2026-10-08,Détection mécanique 50-300 MEUR ; qualification SSI requise.,DETECTE,HORS_UNIVERS_IDENTITE_INSUFFISANTE
2026-10-08,Cascadia Minerals Ltd.,F6G.SG,EUR,Allemagne,68995760.0,STU,Stuttgart,EQUITY,,Yahoo Finance / yfinance EquityQuery,2026-10-08,Détection mécanique 50-300 MEUR ; qualification SSI requise.,DETECTE,HORS_UNIVERS_IDENTITE_INSUFFISANTE
2026-10-08,RealUnit Schweiz AG           N,RET.DU,EUR,Allemagne,69222504.0,DUS,Dusseldorf,EQUITY,,Yahoo Finance / yfinance EquityQuery,2026-10-08,Détection mécanique 50-300 MEUR ; qualification SSI requise.,DETECTE,HORS_UNIVERS_IDENTITE_INSUFFISANTE
2026-10-08,RealUnit Schweiz AG           N,RET.F,EUR,Allemagne,69222504.0,FRA,Frankfurt,EQUITY,,Yahoo Finance / yfinance EquityQuery,2026-10-08,Détection mécanique 50-300 MEUR ; qualification SSI requise.,DETECTE,HORS_UNIVERS_IDENTITE_INSUFFISANTE
2026-10-08,mwb fairtrade Wphdlsbank AG   N,MWB0.F,EUR,Allemagne,69613664.0,FRA,Frankfurt,EQUITY,,Yahoo Finance / yfinance EquityQuery,2026-10-08,Détection mécanique 50-300 MEUR ; qualification SSI requise.,DETECTE,HORS_UNIVERS_IDENTITE_INSUFFISANTE
2026-10-08,Blue Cap AG                   I,B7E.DE,EUR,Allemagne,69761704.0,GER,XETRA,EQUITY,,Yahoo Finance / yfinance EquityQuery,2026-10-08,Détection mécanique 50-300 MEUR ; qualification SSI requise.,DETECTE,HORS_UNIVERS_IDENTITE_INSUFFISANTE
2026-10-08,ALBIS LEASING AG              I,ALG.DE,EUR,Allemagne,69944920.0,GER,XETRA,EQUITY,,Yahoo Finance / yfinance EquityQuery,2026-10-08,Détection mécanique 50-300 MEUR ; qualification SSI requise.,DETECTE,HORS_UNIVERS_IDENTITE_INSUFFISANTE
2026-10-08,Inseego Corp.                 R,INO0.F,EUR,Allemagne,69985448.0,FRA,Frankfurt,EQUITY,,Yahoo Finance / yfinance EquityQuery,2026-10-08,Détection mécanique 50-300 MEUR ; qualification SSI requise.,DETECTE,HORS_UNIVERS_IDENTITE_INSUFFISANTE
2026-10-08,PWO AG                        I,PWO.DE,EUR,Allemagne,70000000.0,GER,XETRA,EQUITY,,Yahoo Finance / yfinance EquityQuery,2026-10-08,Détection mécanique 50-300 MEUR ; qualification SSI requise.,DETECTE,HORS_UNIVERS_IDENTITE_INSUFFISANTE
2026-10-08,Baikowski SAS                 A,3BK.F,EUR,Allemagne,70261272.0,FRA,Frankfurt,EQUITY,,Yahoo Finance / yfinance EquityQuery,2026-10-08,Détection mécanique 50-300 MEUR ; qualification SSI requise.,DETECTE,HORS_UNIVERS_IDENTITE_INSUFFISANTE
2026-10-08,Inseego Corp.,INO0.SG,EUR,Allemagne,70688824.0,STU,Stuttgart,EQUITY,,Yahoo Finance / yfinance EquityQuery,2026-10-08,Détection mécanique 50-300 MEUR ; qualification SSI requise.,DETECTE,HORS_UNIVERS_IDENTITE_INSUFFISANTE
2026-10-08,Scherzer & Co. AG             I,PZS.DE,EUR,Allemagne,70771112.0,GER,XETRA,EQUITY,,Yahoo Finance / yfinance EquityQuery,2026-10-08,Détection mécanique 50-300 MEUR ; qualification SSI requise.,DETECTE,HORS_UNIVERS_IDENTITE_INSUFFISANTE
2026-10-08,mwb fairtrade Wphdlsbank AG   N,MWB0.DE,EUR,Allemagne,71847248.0,GER,XETRA,EQUITY,,Yahoo Finance / yfinance EquityQuery,2026-10-08,Détection mécanique 50-300 MEUR ; qualification SSI requise.,DETECTE,HORS_UNIVERS_IDENTITE_INSUFFISANTE
2026-10-08,Inseego Corp.                 R,INO0.MU,EUR,Allemagne,72095560.0,MUN,Munich,EQUITY,,Yahoo Finance / yfinance EquityQuery,2026-10-08,Détection mécanique 50-300 MEUR ; qualification SSI requise.,DETECTE,HORS_UNIVERS_IDENTITE_INSUFFISANTE
2026-10-08,Tecogen Inc.,2T1.SG,EUR,Allemagne,72511144.0,STU,Stuttgart,EQUITY,,Yahoo Finance / yfinance EquityQuery,2026-10-08,Détection mécanique 50-300 MEUR ; qualification SSI requise.,DETECTE,HORS_UNIVERS_IDENTITE_INSUFFISANTE
2026-10-08,R. Stahl AG                   N,RSL2.F,EUR,Allemagne,72573240.0,FRA,Frankfurt,EQUITY,,Yahoo Finance / yfinance EquityQuery,2026-10-08,Détection mécanique 50-300 MEUR ; qualification SSI requise.,DETECTE,HORS_UNIVERS_IDENTITE_INSUFFISANTE
2026-10-08,Actia Group S.A.,AG9.SG,EUR,Allemagne,72905416.0,STU,Stuttgart,EQUITY,,Yahoo Finance / yfinance EquityQuery,2026-10-08,Détection mécanique 50-300 MEUR ; qualification SSI requise.,DETECTE,HORS_UNIVERS_IDENTITE_INSUFFISANTE
2026-10-08,RealUnit Schweiz AG           N,RET.DE,EUR,Allemagne,73150024.0,GER,XETRA,EQUITY,,Yahoo Finance / yfinance EquityQuery,2026-10-08,Détection mécanique 50-300 MEUR ; qualification SSI requise.,DETECTE,HORS_UNIVERS_IDENTITE_INSUFFISANTE
2026-10-08,Novogenia AG                  I,7V0.F,EUR,Allemagne,73200000.0,FRA,Frankfurt,EQUITY,,Yahoo Finance / yfinance EquityQuery,2026-10-08,Détection mécanique 50-300 MEUR ; qualification SSI requise.,DETECTE,HORS_UNIVERS_IDENTITE_INSUFFISANTE
2026-10-08,R. Stahl AG                   N,RSL2.DE,EUR,Allemagne,73416000.0,GER,XETRA,EQUITY,,Yahoo Finance / yfinance EquityQuery,2026-10-08,Détection mécanique 50-300 MEUR ; qualification SSI requise.,DETECTE,HORS_UNIVERS_IDENTITE_INSUFFISANTE
2026-10-08,CENIT AG                      I,CSH.DE,EUR,Allemagne,73970984.0,GER,XETRA,EQUITY,,Yahoo Finance / yfinance EquityQuery,2026-10-08,Détection mécanique 50-300 MEUR ; qualification SSI requise.,DETECTE,HORS_UNIVERS_IDENTITE_INSUFFISANTE
2026-10-08,CENIT AG                      I,CSH.F,EUR,Allemagne,74807752.0,FRA,Frankfurt,EQUITY,,Yahoo Finance / yfinance EquityQuery,2026-10-08,Détection mécanique 50-300 MEUR ; qualification SSI requise.,DETECTE,HORS_UNIVERS_IDENTITE_INSUFFISANTE
2026-10-08,Novogenia AG                  I,7V0.DE,EUR,Allemagne,75000000.0,GER,XETRA,EQUITY,,Yahoo Finance / yfinance EquityQuery,2026-10-08,Détection mécanique 50-300 MEUR ; qualification SSI requise.,DETECTE,HORS_UNIVERS_IDENTITE_INSUFFISANTE
2026-10-08,CGRE AG                       I,CGX.DE,EUR,Allemagne,75000000.0,GER,XETRA,EQUITY,,Yahoo Finance / yfinance EquityQuery,2026-10-08,Détection mécanique 50-300 MEUR ; qualification SSI requise.,DETECTE,HORS_UNIVERS_IDENTITE_INSUFFISANTE
2026-10-08,Voltatron AG                  I,VOTR.F,EUR,Allemagne,75489248.0,FRA,Frankfurt,EQUITY,,Yahoo Finance / yfinance EquityQuery,2026-10-08,Détection mécanique 50-300 MEUR ; qualification SSI requise.,DETECTE,HORS_UNIVERS_IDENTITE_INSUFFISANTE
2026-10-08,Ringmetall SE                 N,HP3A.F,EUR,Allemagne,75579504.0,FRA,Frankfurt,EQUITY,,Yahoo Finance / yfinance EquityQuery,2026-10-08,Détection mécanique 50-300 MEUR ; qualification SSI requise.,DETECTE,HORS_UNIVERS_IDENTITE_INSUFFISANTE
2026-10-08,electroCore Inc.              R,43E0.F,EUR,Allemagne,76184224.0,FRA,Frankfurt,EQUITY,,Yahoo Finance / yfinance EquityQuery,2026-10-08,Détection mécanique 50-300 MEUR ; qualification SSI requise.,DETECTE,HORS_UNIVERS_IDENTITE_INSUFFISANTE
2026-10-08,CEOTRONICS AG                 I,CEK.F,EUR,Allemagne,76368600.0,FRA,Frankfurt,EQUITY,,Yahoo Finance / yfinance EquityQuery,2026-10-08,Détection mécanique 50-300 MEUR ; qualification SSI requise.,DETECTE,HORS_UNIVERS_IDENTITE_INSUFFISANTE
2026-10-08,Devyser Diagnostics AB,OL0.SG,EUR,Allemagne,76471872.0,STU,Stuttgart,EQUITY,,Yahoo Finance / yfinance EquityQuery,2026-10-08,Détection mécanique 50-300 MEUR ; qualification SSI requise.,DETECTE,RESOLU_SECONDAIRE_EUROPE
2026-10-08,Voltatron AG                  I,VOTR.DE,EUR,Allemagne,76870152.0,GER,XETRA,EQUITY,,Yahoo Finance / yfinance EquityQuery,2026-10-08,Détection mécanique 50-300 MEUR ; qualification SSI requise.,DETECTE,HORS_UNIVERS_IDENTITE_INSUFFISANTE
2026-10-08,Norse Atlantic ASA,9LG0.SG,EUR,Allemagne,76911792.0,STU,Stuttgart,EQUITY,,Yahoo Finance / yfinance EquityQuery,2026-10-08,Détection mécanique 50-300 MEUR ; qualification SSI requise.,DETECTE,RESOLU_SECONDAIRE_EUROPE
2026-10-08,CEOTRONICS AG                 I,CEK.DE,EUR,Allemagne,77246400.0,GER,XETRA,EQUITY,,Yahoo Finance / yfinance EquityQuery,2026-10-08,Détection mécanique 50-300 MEUR ; qualification SSI requise.,DETECTE,HORS_UNIVERS_IDENTITE_INSUFFISANTE
2026-10-08,Baikowski SAS                 A,3BK.MU,EUR,Allemagne,77830400.0,MUN,Munich,EQUITY,,Yahoo Finance / yfinance EquityQuery,2026-10-08,Détection mécanique 50-300 MEUR ; qualification SSI requise.,DETECTE,HORS_UNIVERS_IDENTITE_INSUFFISANTE
2026-10-08,Infinity Develop. Hldgs Co.LtdR,07F0.MU,EUR,Allemagne,77915784.0,MUN,Munich,EQUITY,,Yahoo Finance / yfinance EquityQuery,2026-10-08,Détection mécanique 50-300 MEUR ; qualification SSI requise.,DETECTE,HORS_UNIVERS_IDENTITE_INSUFFISANTE
2026-10-08,Novogenia AG                  I,7V0.MU,EUR,Allemagne,78000000.0,MUN,Munich,EQUITY,,Yahoo Finance / yfinance EquityQuery,2026-10-08,Détection mécanique 50-300 MEUR ; qualification SSI requise.,DETECTE,HORS_UNIVERS_IDENTITE_INSUFFISANTE
2026-10-08,Havila Kystruten AS           N,6FZ0.F,EUR,Allemagne,78750680.0,FRA,Frankfurt,EQUITY,,Yahoo Finance / yfinance EquityQuery,2026-10-08,Détection mécanique 50-300 MEUR ; qualification SSI requise.,DETECTE,HORS_UNIVERS_IDENTITE_INSUFFISANTE
2026-10-08,Ringmetall SE                 N,HP3A.DE,EUR,Allemagne,79067792.0,GER,XETRA,EQUITY,,Yahoo Finance / yfinance EquityQuery,2026-10-08,Détection mécanique 50-300 MEUR ; qualification SSI requise.,DETECTE,HORS_UNIVERS_IDENTITE_INSUFFISANTE
2026-10-08,Havila Kystruten AS           N,6FZ0.MU,EUR,Allemagne,79093080.0,MUN,Munich,EQUITY,,Yahoo Finance / yfinance EquityQuery,2026-10-08,Détection mécanique 50-300 MEUR ; qualification SSI requise.,DETECTE,HORS_UNIVERS_IDENTITE_INSUFFISANTE
2026-10-08,Gateway Real Estate AG        I,GTY.F,EUR,Allemagne,79522312.0,FRA,Frankfurt,EQUITY,,Yahoo Finance / yfinance EquityQuery,2026-10-08,Détection mécanique 50-300 MEUR ; qualification SSI requise.,DETECTE,HORS_UNIVERS_IDENTITE_INSUFFISANTE
2026-10-08,BASTEI LUEBBE AG  O.N.,BST.F,EUR,Allemagne,82269256.0,FRA,Frankfurt,EQUITY,,Yahoo Finance / yfinance EquityQuery,2026-10-08,Détection mécanique 50-300 MEUR ; qualification SSI requise.,DETECTE,HORS_UNIVERS_IDENTITE_INSUFFISANTE
2026-10-08,Novem Group S.A.              R,NVM.F,EUR,Allemagne,82618184.0,FRA,Frankfurt,EQUITY,,Yahoo Finance / yfinance EquityQuery,2026-10-08,Détection mécanique 50-300 MEUR ; qualification SSI requise.,DETECTE,HORS_UNIVERS_IDENTITE_INSUFFISANTE
2026-10-08,q.beyond AG                   N,QBY0.DE,EUR,Allemagne,82720776.0,GER,XETRA,EQUITY,,Yahoo Finance / yfinance EquityQuery,2026-10-08,Détection mécanique 50-300 MEUR ; qualification SSI requise.,DETECTE,HORS_UNIVERS_IDENTITE_INSUFFISANTE
2026-10-08,electroCore Inc.              R,43E0.MU,EUR,Allemagne,82946144.0,MUN,Munich,EQUITY,,Yahoo Finance / yfinance EquityQuery,2026-10-08,Détection mécanique 50-300 MEUR ; qualification SSI requise.,DETECTE,HORS_UNIVERS_IDENTITE_INSUFFISANTE
2026-10-08,Greentree Hospitality Group Ltd,GT1A.SG,EUR,Allemagne,83240296.0,STU,Stuttgart,EQUITY,,Yahoo Finance / yfinance EquityQuery,2026-10-08,Détection mécanique 50-300 MEUR ; qualification SSI requise.,DETECTE,HORS_UNIVERS_IDENTITE_INSUFFISANTE
2026-10-08,AG Growth International Inc.  R,7AG.F,EUR,Allemagne,83829376.0,FRA,Frankfurt,EQUITY,,Yahoo Finance / yfinance EquityQuery,2026-10-08,Détection mécanique 50-300 MEUR ; qualification SSI requise.,DETECTE,HORS_UNIVERS_IDENTITE_INSUFFISANTE
2026-10-08,"Sentul City Tbk, PT           R",5S4.MU,EUR,Allemagne,83854456.0,MUN,Munich,EQUITY,,Yahoo Finance / yfinance EquityQuery,2026-10-08,Détection mécanique 50-300 MEUR ; qualification SSI requise.,DETECTE,HORS_UNIVERS_IDENTITE_INSUFFISANTE
2026-10-08,BASTEI LUEBBE AG  O.N.,BST.DE,EUR,Allemagne,84365288.0,GER,XETRA,EQUITY,,Yahoo Finance / yfinance EquityQuery,2026-10-08,Détection mécanique 50-300 MEUR ; qualification SSI requise.,DETECTE,HORS_UNIVERS_IDENTITE_INSUFFISANTE
2026-10-08,clearvise AG                  I,ABO.F,EUR,Allemagne,84398192.0,FRA,Frankfurt,EQUITY,,Yahoo Finance / yfinance EquityQuery,2026-10-08,Détection mécanique 50-300 MEUR ; qualification SSI requise.,DETECTE,HORS_UNIVERS_IDENTITE_INSUFFISANTE
2026-10-08,q.beyond AG                   N,QBY0.F,EUR,Allemagne,84444232.0,FRA,Frankfurt,EQUITY,,Yahoo Finance / yfinance EquityQuery,2026-10-08,Détection mécanique 50-300 MEUR ; qualification SSI requise.,DETECTE,HORS_UNIVERS_IDENTITE_INSUFFISANTE
2026-10-08,Hong Kong Technology Venture  R,XHN1.F,EUR,Allemagne,84687696.0,FRA,Frankfurt,EQUITY,,Yahoo Finance / yfinance EquityQuery,2026-10-08,Détection mécanique 50-300 MEUR ; qualification SSI requise.,DETECTE,HORS_UNIVERS_IDENTITE_INSUFFISANTE
2026-10-08,clearvise AG                  I,ABO.DU,EUR,Allemagne,84774968.0,DUS,Dusseldorf,EQUITY,,Yahoo Finance / yfinance EquityQuery,2026-10-08,Détection mécanique 50-300 MEUR ; qualification SSI requise.,DETECTE,HORS_UNIVERS_IDENTITE_INSUFFISANTE
2026-10-08,MCOT PCL                      R,OLU1.F,EUR,Allemagne,85200296.0,FRA,Frankfurt,EQUITY,,Yahoo Finance / yfinance EquityQuery,2026-10-08,Détection mécanique 50-300 MEUR ; qualification SSI requise.,DETECTE,HORS_UNIVERS_IDENTITE_INSUFFISANTE
2026-10-08,Laramide Resources Ltd.       R,L4RA.F,EUR,Allemagne,86070416.0,FRA,Frankfurt,EQUITY,,Yahoo Finance / yfinance EquityQuery,2026-10-08,Détection mécanique 50-300 MEUR ; qualification SSI requise.,DETECTE,HORS_UNIVERS_IDENTITE_INSUFFISANTE
2026-10-08,BERTRANDT AG                  I,BDT.F,EUR,Allemagne,86100224.0,FRA,Frankfurt,EQUITY,,Yahoo Finance / yfinance EquityQuery,2026-10-08,Détection mécanique 50-300 MEUR ; qualification SSI requise.,DETECTE,HORS_UNIVERS_IDENTITE_INSUFFISANTE
2026-10-08,HUHUTECH International Group In,B180.SG,EUR,Allemagne,86250432.0,STU,Stuttgart,EQUITY,,Yahoo Finance / yfinance EquityQuery,2026-10-08,Détection mécanique 50-300 MEUR ; qualification SSI requise.,DETECTE,HORS_UNIVERS_IDENTITE_INSUFFISANTE
2026-10-08,AG Growth International Inc.  R,7AG.MU,EUR,Allemagne,86749896.0,MUN,Munich,EQUITY,,Yahoo Finance / yfinance EquityQuery,2026-10-08,Détection mécanique 50-300 MEUR ; qualification SSI requise.,DETECTE,HORS_UNIVERS_IDENTITE_INSUFFISANTE
2026-10-08,Novem Group S.A.              R,NVM.DE,EUR,Allemagne,86921216.0,GER,XETRA,EQUITY,,Yahoo Finance / yfinance EquityQuery,2026-10-08,Détection mécanique 50-300 MEUR ; qualification SSI requise.,DETECTE,HORS_UNIVERS_IDENTITE_INSUFFISANTE
2026-10-08,clearvise AG                  I,ABO.DE,EUR,Allemagne,87789184.0,GER,XETRA,EQUITY,,Yahoo Finance / yfinance EquityQuery,2026-10-08,Détection mécanique 50-300 MEUR ; qualification SSI requise.,DETECTE,HORS_UNIVERS_IDENTITE_INSUFFISANTE
2026-10-08,clearvise AG                  I,ABO.MU,EUR,Allemagne,87789184.0,MUN,Munich,EQUITY,,Yahoo Finance / yfinance EquityQuery,2026-10-08,Détection mécanique 50-300 MEUR ; qualification SSI requise.,DETECTE,HORS_UNIVERS_IDENTITE_INSUFFISANTE
2026-10-08,Hong Kong Technology Venture  R,XHN1.MU,EUR,Allemagne,87853592.0,MUN,Munich,EQUITY,,Yahoo Finance / yfinance EquityQuery,2026-10-08,Détection mécanique 50-300 MEUR ; qualification SSI requise.,DETECTE,HORS_UNIVERS_IDENTITE_INSUFFISANTE
2026-10-08,DATA MODUL AG PROD.U.V.V.E.S. I,DAM.F,EUR,Allemagne,88154552.0,FRA,Frankfurt,EQUITY,,Yahoo Finance / yfinance EquityQuery,2026-10-08,Détection mécanique 50-300 MEUR ; qualification SSI requise.,DETECTE,HORS_UNIVERS_IDENTITE_INSUFFISANTE
2026-10-08,Singulus Technologies AG      I,SNG.F,EUR,Allemagne,88253552.0,FRA,Frankfurt,EQUITY,,Yahoo Finance / yfinance EquityQuery,2026-10-08,Détection mécanique 50-300 MEUR ; qualification SSI requise.,DETECTE,HORS_UNIVERS_IDENTITE_INSUFFISANTE
2026-10-08,Singulus Technologies AG      I,SNG.DE,EUR,Allemagne,88965280.0,GER,XETRA,EQUITY,,Yahoo Finance / yfinance EquityQuery,2026-10-08,Détection mécanique 50-300 MEUR ; qualification SSI requise.,DETECTE,HORS_UNIVERS_IDENTITE_INSUFFISANTE
2026-10-08,AMADEUS FIRE AG               I,AAD.F,EUR,Allemagne,89413296.0,FRA,Frankfurt,EQUITY,,Yahoo Finance / yfinance EquityQuery,2026-10-08,Détection mécanique 50-300 MEUR ; qualification SSI requise.,DETECTE,HORS_UNIVERS_IDENTITE_INSUFFISANTE
2026-10-08,Laramide Resources Ltd.       R,L4R.F,EUR,Allemagne,89437112.0,FRA,Frankfurt,EQUITY,,Yahoo Finance / yfinance EquityQuery,2026-10-08,Détection mécanique 50-300 MEUR ; qualification SSI requise.,DETECTE,HORS_UNIVERS_IDENTITE_INSUFFISANTE
2026-10-08,MERKUR PRIVATBANK KGaA        I,MBK.F,EUR,Allemagne,89455624.0,FRA,Frankfurt,EQUITY,,Yahoo Finance / yfinance EquityQuery,2026-10-08,Détection mécanique 50-300 MEUR ; qualification SSI requise.,DETECTE,HORS_UNIVERS_IDENTITE_INSUFFISANTE
2026-10-08,DATA MODUL AG PROD.U.V.V.E.S. I,DAM.DE,EUR,Allemagne,89565024.0,GER,XETRA,EQUITY,,Yahoo Finance / yfinance EquityQuery,2026-10-08,Détection mécanique 50-300 MEUR ; qualification SSI requise.,DETECTE,HORS_UNIVERS_IDENTITE_INSUFFISANTE
2026-10-08,DEFAMA Deutsche Fachmarkt AG  I,DEF.F,EUR,Allemagne,90000000.0,FRA,Frankfurt,EQUITY,,Yahoo Finance / yfinance EquityQuery,2026-10-08,Détection mécanique 50-300 MEUR ; qualification SSI requise.,DETECTE,HORS_UNIVERS_IDENTITE_INSUFFISANTE
2026-10-08,BERTRANDT AG                  I,BDT.DE,EUR,Allemagne,90142488.0,GER,XETRA,EQUITY,,Yahoo Finance / yfinance EquityQuery,2026-10-08,Détection mécanique 50-300 MEUR ; qualification SSI requise.,DETECTE,HORS_UNIVERS_IDENTITE_INSUFFISANTE
2026-10-08,DEFAMA Deutsche Fachmarkt AG  I,DEF.DE,EUR,Allemagne,90240000.0,GER,XETRA,EQUITY,,Yahoo Finance / yfinance EquityQuery,2026-10-08,Détection mécanique 50-300 MEUR ; qualification SSI requise.,DETECTE,HORS_UNIVERS_IDENTITE_INSUFFISANTE
2026-10-08,Nicola Mining Inc.            R,HLIA.F,EUR,Allemagne,90433128.0,FRA,Frankfurt,EQUITY,,Yahoo Finance / yfinance EquityQuery,2026-10-08,Détection mécanique 50-300 MEUR ; qualification SSI requise.,DETECTE,HORS_UNIVERS_IDENTITE_INSUFFISANTE
2026-10-08,MERKUR PRIVATBANK KGaA        I,MBK.DE,EUR,Allemagne,91011376.0,GER,XETRA,EQUITY,,Yahoo Finance / yfinance EquityQuery,2026-10-08,Détection mécanique 50-300 MEUR ; qualification SSI requise.,DETECTE,HORS_UNIVERS_IDENTITE_INSUFFISANTE
2026-10-08,Nicola Mining Inc.            R,HLI.F,EUR,Allemagne,91045200.0,FRA,Frankfurt,EQUITY,,Yahoo Finance / yfinance EquityQuery,2026-10-08,Détection mécanique 50-300 MEUR ; qualification SSI requise.,DETECTE,HORS_UNIVERS_IDENTITE_INSUFFISANTE
2026-10-08,AMADEUS FIRE AG               I,AAD.DE,EUR,Allemagne,91368880.0,GER,XETRA,EQUITY,,Yahoo Finance / yfinance EquityQuery,2026-10-08,Détection mécanique 50-300 MEUR ; qualification SSI requise.,DETECTE,HORS_UNIVERS_IDENTITE_INSUFFISANTE
2026-10-08,Edel SE & Co. KGaA            I,EDL.DE,EUR,Allemagne,93608224.0,GER,XETRA,EQUITY,,Yahoo Finance / yfinance EquityQuery,2026-10-08,Détection mécanique 50-300 MEUR ; qualification SSI requise.,DETECTE,HORS_UNIVERS_IDENTITE_INSUFFISANTE
2026-10-08,Global Fashion Group S.A.     B,GFG.F,EUR,Allemagne,93690144.0,FRA,Frankfurt,EQUITY,,Yahoo Finance / yfinance EquityQuery,2026-10-08,Détection mécanique 50-300 MEUR ; qualification SSI requise.,DETECTE,HORS_UNIVERS_IDENTITE_INSUFFISANTE
2026-10-08,Fitzroy Minerals Inc.         R,C3Y.F,EUR,Allemagne,94404928.0,FRA,Frankfurt,EQUITY,,Yahoo Finance / yfinance EquityQuery,2026-10-08,Détection mécanique 50-300 MEUR ; qualification SSI requise.,DETECTE,HORS_UNIVERS_IDENTITE_INSUFFISANTE
2026-10-08,MCOT PCL                      R,OLU.F,EUR,Allemagne,94495560.0,FRA,Frankfurt,EQUITY,,Yahoo Finance / yfinance EquityQuery,2026-10-08,Détection mécanique 50-300 MEUR ; qualification SSI requise.,DETECTE,HORS_UNIVERS_IDENTITE_INSUFFISANTE
2026-10-08,Edel SE & Co. KGaA            I,EDL.F,EUR,Allemagne,95408384.0,FRA,Frankfurt,EQUITY,,Yahoo Finance / yfinance EquityQuery,2026-10-08,Détection mécanique 50-300 MEUR ; qualification SSI requise.,DETECTE,HORS_UNIVERS_IDENTITE_INSUFFISANTE
2026-10-08,Nabaltec AG                   I,NTG.DE,EUR,Allemagne,95480000.0,GER,XETRA,EQUITY,,Yahoo Finance / yfinance EquityQuery,2026-10-08,Détection mécanique 50-300 MEUR ; qualification SSI requise.,DETECTE,HORS_UNIVERS_IDENTITE_INSUFFISANTE
2026-10-08,Nabaltec AG                   I,NTG.F,EUR,Allemagne,95480000.0,FRA,Frankfurt,EQUITY,,Yahoo Finance / yfinance EquityQuery,2026-10-08,Détection mécanique 50-300 MEUR ; qualification SSI requise.,DETECTE,HORS_UNIVERS_IDENTITE_INSUFFISANTE
2026-10-08,Bike24 Holding AG             I,BIKE.F,EUR,Allemagne,95838984.0,FRA,Frankfurt,EQUITY,,Yahoo Finance / yfinance EquityQuery,2026-10-08,Détection mécanique 50-300 MEUR ; qualification SSI requise.,DETECTE,HORS_UNIVERS_IDENTITE_INSUFFISANTE
2026-10-08,4basebio PLC                  R,88Q.DU,EUR,Allemagne,96006224.0,DUS,Dusseldorf,EQUITY,,Yahoo Finance / yfinance EquityQuery,2026-10-08,Détection mécanique 50-300 MEUR ; qualification SSI requise.,DETECTE,HORS_UNIVERS_IDENTITE_INSUFFISANTE
2026-10-08,4basebio PLC                  R,88Q.F,EUR,Allemagne,96006224.0,FRA,Frankfurt,EQUITY,,Yahoo Finance / yfinance EquityQuery,2026-10-08,Détection mécanique 50-300 MEUR ; qualification SSI requise.,DETECTE,HORS_UNIVERS_IDENTITE_INSUFFISANTE
2026-10-08,Arctic Fish Holding AS        N,6TW.F,EUR,Allemagne,96310600.0,FRA,Frankfurt,EQUITY,,Yahoo Finance / yfinance EquityQuery,2026-10-08,Détection mécanique 50-300 MEUR ; qualification SSI requise.,DETECTE,HORS_UNIVERS_IDENTITE_INSUFFISANTE
2026-10-08,Fitzroy Minerals Inc.         R,C3Y.MU,EUR,Allemagne,96782032.0,MUN,Munich,EQUITY,,Yahoo Finance / yfinance EquityQuery,2026-10-08,Détection mécanique 50-300 MEUR ; qualification SSI requise.,DETECTE,HORS_UNIVERS_IDENTITE_INSUFFISANTE
2026-10-08,4basebio PLC                  R,88Q.DE,EUR,Allemagne,98328952.0,GER,XETRA,EQUITY,,Yahoo Finance / yfinance EquityQuery,2026-10-08,Détection mécanique 50-300 MEUR ; qualification SSI requise.,DETECTE,HORS_UNIVERS_IDENTITE_INSUFFISANTE
2026-10-08,Global Fashion Group S.A.     B,GFG.DE,EUR,Allemagne,98465616.0,GER,XETRA,EQUITY,,Yahoo Finance / yfinance EquityQuery,2026-10-08,Détection mécanique 50-300 MEUR ; qualification SSI requise.,DETECTE,HORS_UNIVERS_IDENTITE_INSUFFISANTE
2026-10-08,Li-FT Power Ltd.              R,WS00.F,EUR,Allemagne,99387760.0,FRA,Frankfurt,EQUITY,,Yahoo Finance / yfinance EquityQuery,2026-10-08,Détection mécanique 50-300 MEUR ; qualification SSI requise.,DETECTE,HORS_UNIVERS_IDENTITE_INSUFFISANTE
2026-10-08,LEIFHEIT AG                   I,LEI.DE,EUR,Allemagne,99557128.0,GER,XETRA,EQUITY,,Yahoo Finance / yfinance EquityQuery,2026-10-08,Détection mécanique 50-300 MEUR ; qualification SSI requise.,DETECTE,HORS_UNIVERS_IDENTITE_INSUFFISANTE
2026-10-08,FCR Immobilien AG             N,FC9.F,EUR,Allemagne,99691568.0,FRA,Frankfurt,EQUITY,,Yahoo Finance / yfinance EquityQuery,2026-10-08,Détection mécanique 50-300 MEUR ; qualification SSI requise.,DETECTE,HORS_UNIVERS_IDENTITE_INSUFFISANTE
2026-10-08,LEIFHEIT AG                   I,LEI.F,EUR,Allemagne,100470504.0,FRA,Frankfurt,EQUITY,,Yahoo Finance / yfinance EquityQuery,2026-10-08,Détection mécanique 50-300 MEUR ; qualification SSI requise.,DETECTE,HORS_UNIVERS_IDENTITE_INSUFFISANTE
2026-10-08,Knaus Tabbert AG              I,KTA.F,EUR,Allemagne,100659408.0,FRA,Frankfurt,EQUITY,,Yahoo Finance / yfinance EquityQuery,2026-10-08,Détection mécanique 50-300 MEUR ; qualification SSI requise.,DETECTE,HORS_UNIVERS_IDENTITE_INSUFFISANTE
2026-10-08,FCR Immobilien AG             N,FC9.DE,EUR,Allemagne,100678608.0,GER,XETRA,EQUITY,,Yahoo Finance / yfinance EquityQuery,2026-10-08,Détection mécanique 50-300 MEUR ; qualification SSI requise.,DETECTE,HORS_UNIVERS_IDENTITE_INSUFFISANTE
2026-10-08,Lotus Creek Exploration Inc.  R,507.F,EUR,Allemagne,101354400.0,FRA,Frankfurt,EQUITY,,Yahoo Finance / yfinance EquityQuery,2026-10-08,Détection mécanique 50-300 MEUR ; qualification SSI requise.,DETECTE,HORS_UNIVERS_IDENTITE_INSUFFISANTE
2026-10-08,Meta Wolf AG                  I,WOLF.F,EUR,Allemagne,101384104.0,FRA,Frankfurt,EQUITY,,Yahoo Finance / yfinance EquityQuery,2026-10-08,Détection mécanique 50-300 MEUR ; qualification SSI requise.,DETECTE,HORS_UNIVERS_IDENTITE_INSUFFISANTE
2026-10-08,KHD Humboldt Wedag Intl AG    I,KWG.DE,EUR,Allemagne,101395288.0,GER,XETRA,EQUITY,,Yahoo Finance / yfinance EquityQuery,2026-10-08,Détection mécanique 50-300 MEUR ; qualification SSI requise.,DETECTE,HORS_UNIVERS_IDENTITE_INSUFFISANTE
2026-10-08,KHD Humboldt Wedag Intl AG    I,KWG.F,EUR,Allemagne,101395288.0,FRA,Frankfurt,EQUITY,,Yahoo Finance / yfinance EquityQuery,2026-10-08,Détection mécanique 50-300 MEUR ; qualification SSI requise.,DETECTE,HORS_UNIVERS_IDENTITE_INSUFFISANTE
2026-10-08,Ryde Group Ltd.,D0S.SG,EUR,Allemagne,101827864.0,STU,Stuttgart,EQUITY,,Yahoo Finance / yfinance EquityQuery,2026-10-08,Détection mécanique 50-300 MEUR ; qualification SSI requise.,DETECTE,HORS_UNIVERS_IDENTITE_INSUFFISANTE
2026-10-08,MotorK Ltd.                   R,5FS.DU,EUR,Allemagne,102708976.0,DUS,Dusseldorf,EQUITY,,Yahoo Finance / yfinance EquityQuery,2026-10-08,Détection mécanique 50-300 MEUR ; qualification SSI requise.,DETECTE,HORS_UNIVERS_IDENTITE_INSUFFISANTE
2026-10-08,MotorK Ltd.                   R,5FS.F,EUR,Allemagne,102708976.0,FRA,Frankfurt,EQUITY,,Yahoo Finance / yfinance EquityQuery,2026-10-08,Détection mécanique 50-300 MEUR ; qualification SSI requise.,DETECTE,HORS_UNIVERS_IDENTITE_INSUFFISANTE
2026-10-08,Knaus Tabbert AG              I,KTA.DE,EUR,Allemagne,102734864.0,GER,XETRA,EQUITY,,Yahoo Finance / yfinance EquityQuery,2026-10-08,Détection mécanique 50-300 MEUR ; qualification SSI requise.,DETECTE,HORS_UNIVERS_IDENTITE_INSUFFISANTE
2026-10-08,Bike24 Holding AG             I,BIKE.DE,EUR,Allemagne,103347096.0,GER,XETRA,EQUITY,,Yahoo Finance / yfinance EquityQuery,2026-10-08,Détection mécanique 50-300 MEUR ; qualification SSI requise.,DETECTE,HORS_UNIVERS_IDENTITE_INSUFFISANTE
2026-10-08,Arctic Fish Holding AS        N,6TW.MU,EUR,Allemagne,104411488.0,MUN,Munich,EQUITY,,Yahoo Finance / yfinance EquityQuery,2026-10-08,Détection mécanique 50-300 MEUR ; qualification SSI requise.,DETECTE,HORS_UNIVERS_IDENTITE_INSUFFISANTE
2026-10-08,Lotus Creek Exploration Inc.  R,507.MU,EUR,Allemagne,104572000.0,MUN,Munich,EQUITY,,Yahoo Finance / yfinance EquityQuery,2026-10-08,Détection mécanique 50-300 MEUR ; qualification SSI requise.,DETECTE,HORS_UNIVERS_IDENTITE_INSUFFISANTE
2026-10-08,Heidelberg Pharma AG          I,HPHA.DE,EUR,Allemagne,105264712.0,GER,XETRA,EQUITY,,Yahoo Finance / yfinance EquityQuery,2026-10-08,Détection mécanique 50-300 MEUR ; qualification SSI requise.,DETECTE,HORS_UNIVERS_IDENTITE_INSUFFISANTE
2026-10-08,Meta Wolf AG                  I,WOLF.DE,EUR,Allemagne,106685232.0,GER,XETRA,EQUITY,,Yahoo Finance / yfinance EquityQuery,2026-10-08,Détection mécanique 50-300 MEUR ; qualification SSI requise.,DETECTE,HORS_UNIVERS_IDENTITE_INSUFFISANTE
2026-10-08,VIB VERMOEGEN  NA O.N.,VIH1.F,EUR,Allemagne,106766320.0,FRA,Frankfurt,EQUITY,,Yahoo Finance / yfinance EquityQuery,2026-10-08,Détection mécanique 50-300 MEUR ; qualification SSI requise.,DETECTE,HORS_UNIVERS_IDENTITE_INSUFFISANTE
2026-10-08,Heidelberg Pharma AG          I,HPHA.F,EUR,Allemagne,107488624.0,FRA,Frankfurt,EQUITY,,Yahoo Finance / yfinance EquityQuery,2026-10-08,Détection mécanique 50-300 MEUR ; qualification SSI requise.,DETECTE,HORS_UNIVERS_IDENTITE_INSUFFISANTE
2026-10-08,NRX Pharmaceuticals Inc.      R,B1Q.F,EUR,Allemagne,107589976.0,FRA,Frankfurt,EQUITY,,Yahoo Finance / yfinance EquityQuery,2026-10-08,Détection mécanique 50-300 MEUR ; qualification SSI requise.,DETECTE,HORS_UNIVERS_IDENTITE_INSUFFISANTE
2026-10-08,Eurocash S.A.                 I,E070.F,EUR,Allemagne,109938992.0,FRA,Frankfurt,EQUITY,,Yahoo Finance / yfinance EquityQuery,2026-10-08,Détection mécanique 50-300 MEUR ; qualification SSI requise.,DETECTE,HORS_UNIVERS_IDENTITE_INSUFFISANTE
2026-10-08,LAIQON AG                     I,LQAG.F,EUR,Allemagne,110000856.0,FRA,Frankfurt,EQUITY,,Yahoo Finance / yfinance EquityQuery,2026-10-08,Détection mécanique 50-300 MEUR ; qualification SSI requise.,DETECTE,HORS_UNIVERS_IDENTITE_INSUFFISANTE
2026-10-08,EDAG Engineering Group AG     I,ED4.DE,EUR,Allemagne,110250000.0,GER,XETRA,EQUITY,,Yahoo Finance / yfinance EquityQuery,2026-10-08,Détection mécanique 50-300 MEUR ; qualification SSI requise.,DETECTE,HORS_UNIVERS_IDENTITE_INSUFFISANTE
2026-10-08,SURTECO GROUP SE              I,SUR.DE,EUR,Allemagne,110865976.0,GER,XETRA,EQUITY,,Yahoo Finance / yfinance EquityQuery,2026-10-08,Détection mécanique 50-300 MEUR ; qualification SSI requise.,DETECTE,HORS_UNIVERS_IDENTITE_INSUFFISANTE
2026-10-08,SURTECO GROUP SE              I,SUR.F,EUR,Allemagne,111104064.0,FRA,Frankfurt,EQUITY,,Yahoo Finance / yfinance EquityQuery,2026-10-08,Détection mécanique 50-300 MEUR ; qualification SSI requise.,DETECTE,HORS_UNIVERS_IDENTITE_INSUFFISANTE
2026-10-08,EDAG Engineering Group AG     I,ED4.F,EUR,Allemagne,111375000.0,FRA,Frankfurt,EQUITY,,Yahoo Finance / yfinance EquityQuery,2026-10-08,Détection mécanique 50-300 MEUR ; qualification SSI requise.,DETECTE,HORS_UNIVERS_IDENTITE_INSUFFISANTE
2026-10-08,LAIQON AG                     I,LQAG.DE,EUR,Allemagne,111708176.0,GER,XETRA,EQUITY,,Yahoo Finance / yfinance EquityQuery,2026-10-08,Détection mécanique 50-300 MEUR ; qualification SSI requise.,DETECTE,HORS_UNIVERS_IDENTITE_INSUFFISANTE
2026-10-08,VIB VERMOEGEN  NA O.N.,VIH1.DE,EUR,Allemagne,113046696.0,GER,XETRA,EQUITY,,Yahoo Finance / yfinance EquityQuery,2026-10-08,Détection mécanique 50-300 MEUR ; qualification SSI requise.,DETECTE,HORS_UNIVERS_IDENTITE_INSUFFISANTE
2026-10-08,MAX Automation SE             N,MXHN.F,EUR,Allemagne,113418744.0,FRA,Frankfurt,EQUITY,,Yahoo Finance / yfinance EquityQuery,2026-10-08,Détection mécanique 50-300 MEUR ; qualification SSI requise.,DETECTE,HORS_UNIVERS_IDENTITE_INSUFFISANTE
2026-10-08,MPH Health Care AG            I,93M1.F,EUR,Allemagne,113884816.0,FRA,Frankfurt,EQUITY,,Yahoo Finance / yfinance EquityQuery,2026-10-08,Détection mécanique 50-300 MEUR ; qualification SSI requise.,DETECTE,HORS_UNIVERS_IDENTITE_INSUFFISANTE
2026-10-08,NRX Pharmaceuticals Inc.      R,B1Q.MU,EUR,Allemagne,114300832.0,MUN,Munich,EQUITY,,Yahoo Finance / yfinance EquityQuery,2026-10-08,Détection mécanique 50-300 MEUR ; qualification SSI requise.,DETECTE,HORS_UNIVERS_IDENTITE_INSUFFISANTE
2026-10-08,Beyond Meat Inc.              R,0Q30.F,EUR,Allemagne,115543432.0,FRA,Frankfurt,EQUITY,,Yahoo Finance / yfinance EquityQuery,2026-10-08,Détection mécanique 50-300 MEUR ; qualification SSI requise.,DETECTE,HORS_UNIVERS_IDENTITE_INSUFFISANTE
2026-10-08,MPH Health Care AG            I,93M1.DE,EUR,Allemagne,115597368.0,GER,XETRA,EQUITY,,Yahoo Finance / yfinance EquityQuery,2026-10-08,Détection mécanique 50-300 MEUR ; qualification SSI requise.,DETECTE,HORS_UNIVERS_IDENTITE_INSUFFISANTE
2026-10-08,HELIOS SOLAR AG               I,HE8.F,EUR,Allemagne,116128000.0,FRA,Frankfurt,EQUITY,,Yahoo Finance / yfinance EquityQuery,2026-10-08,Détection mécanique 50-300 MEUR ; qualification SSI requise.,DETECTE,HORS_UNIVERS_IDENTITE_INSUFFISANTE
2026-10-08,Schloss Wachenheim AG         I,SWA.F,EUR,Allemagne,117612000.0,FRA,Frankfurt,EQUITY,,Yahoo Finance / yfinance EquityQuery,2026-10-08,Détection mécanique 50-300 MEUR ; qualification SSI requise.,DETECTE,HORS_UNIVERS_IDENTITE_INSUFFISANTE
2026-10-08,Cellectis                     A,ZVAA.F,EUR,Allemagne,117841200.0,FRA,Frankfurt,EQUITY,,Yahoo Finance / yfinance EquityQuery,2026-10-08,Détection mécanique 50-300 MEUR ; qualification SSI requise.,DETECTE,HORS_UNIVERS_IDENTITE_INSUFFISANTE
2026-10-08,HELIOS SOLAR AG               I,HE8.DE,EUR,Allemagne,117952000.0,GER,XETRA,EQUITY,,Yahoo Finance / yfinance EquityQuery,2026-10-08,Détection mécanique 50-300 MEUR ; qualification SSI requise.,DETECTE,HORS_UNIVERS_IDENTITE_INSUFFISANTE
2026-10-08,Li-FT Power Ltd.              R,WS0.F,EUR,Allemagne,118318768.0,FRA,Frankfurt,EQUITY,,Yahoo Finance / yfinance EquityQuery,2026-10-08,Détection mécanique 50-300 MEUR ; qualification SSI requise.,DETECTE,HORS_UNIVERS_IDENTITE_INSUFFISANTE
2026-10-08,MAX Automation SE             N,MXHN.DE,EUR,Allemagne,118367920.0,GER,XETRA,EQUITY,,Yahoo Finance / yfinance EquityQuery,2026-10-08,Détection mécanique 50-300 MEUR ; qualification SSI requise.,DETECTE,HORS_UNIVERS_IDENTITE_INSUFFISANTE
2026-10-08,Schloss Wachenheim AG         I,SWA.DE,EUR,Allemagne,118800000.0,GER,XETRA,EQUITY,,Yahoo Finance / yfinance EquityQuery,2026-10-08,Détection mécanique 50-300 MEUR ; qualification SSI requise.,DETECTE,HORS_UNIVERS_IDENTITE_INSUFFISANTE
2026-10-08,Viromed Medical AG            N,VME.F,EUR,Allemagne,119000000.0,FRA,Frankfurt,EQUITY,,Yahoo Finance / yfinance EquityQuery,2026-10-08,Détection mécanique 50-300 MEUR ; qualification SSI requise.,DETECTE,HORS_UNIVERS_IDENTITE_INSUFFISANTE
2026-10-08,Beyond Meat Inc.              R,0Q30.MU,EUR,Allemagne,119584016.0,MUN,Munich,EQUITY,,Yahoo Finance / yfinance EquityQuery,2026-10-08,Détection mécanique 50-300 MEUR ; qualification SSI requise.,DETECTE,HORS_UNIVERS_IDENTITE_INSUFFISANTE
2026-10-08,Pyrum Innovations AG          N,PYR.F,EUR,Allemagne,119765320.0,FRA,Frankfurt,EQUITY,,Yahoo Finance / yfinance EquityQuery,2026-10-08,Détection mécanique 50-300 MEUR ; qualification SSI requise.,DETECTE,HORS_UNIVERS_IDENTITE_INSUFFISANTE
2026-10-08,Multitude AG                  N,MULT.DE,EUR,Allemagne,120764464.0,GER,XETRA,EQUITY,,Yahoo Finance / yfinance EquityQuery,2026-10-08,Détection mécanique 50-300 MEUR ; qualification SSI requise.,DETECTE,HORS_UNIVERS_IDENTITE_INSUFFISANTE
2026-10-08,Multitude AG                  N,MULT.F,EUR,Allemagne,121620952.0,FRA,Frankfurt,EQUITY,,Yahoo Finance / yfinance EquityQuery,2026-10-08,Détection mécanique 50-300 MEUR ; qualification SSI requise.,DETECTE,HORS_UNIVERS_IDENTITE_INSUFFISANTE
2026-10-08,Cellectis                     A,ZVA.F,EUR,Allemagne,121769240.0,FRA,Frankfurt,EQUITY,,Yahoo Finance / yfinance EquityQuery,2026-10-08,Détection mécanique 50-300 MEUR ; qualification SSI requise.,DETECTE,HORS_UNIVERS_IDENTITE_INSUFFISANTE
2026-10-08,Tekna Holding ASA             N,8VB.F,EUR,Allemagne,122374680.0,FRA,Frankfurt,EQUITY,,Yahoo Finance / yfinance EquityQuery,2026-10-08,Détection mécanique 50-300 MEUR ; qualification SSI requise.,DETECTE,HORS_UNIVERS_IDENTITE_INSUFFISANTE
2026-10-08,Southern Silver Exploration Cor,SEG1.SG,EUR,Allemagne,122430512.0,STU,Stuttgart,EQUITY,,Yahoo Finance / yfinance EquityQuery,2026-10-08,Détection mécanique 50-300 MEUR ; qualification SSI requise.,DETECTE,HORS_UNIVERS_IDENTITE_INSUFFISANTE
2026-10-08,Newron Pharmaceuticals S.p.A. A,NP5.DE,EUR,Allemagne,122685936.0,GER,XETRA,EQUITY,,Yahoo Finance / yfinance EquityQuery,2026-10-08,Détection mécanique 50-300 MEUR ; qualification SSI requise.,DETECTE,HORS_UNIVERS_IDENTITE_INSUFFISANTE
2026-10-08,Quirin Privatbank AG          I,QB7.F,EUR,Allemagne,123292704.0,FRA,Frankfurt,EQUITY,,Yahoo Finance / yfinance EquityQuery,2026-10-08,Détection mécanique 50-300 MEUR ; qualification SSI requise.,DETECTE,HORS_UNIVERS_IDENTITE_INSUFFISANTE
2026-10-08,Axe Compute Inc.              R,S1K0.F,EUR,Allemagne,124025024.0,FRA,Frankfurt,EQUITY,,Yahoo Finance / yfinance EquityQuery,2026-10-08,Détection mécanique 50-300 MEUR ; qualification SSI requise.,DETECTE,HORS_UNIVERS_IDENTITE_INSUFFISANTE
2026-10-08,Viromed Medical AG            N,VME.DE,EUR,Allemagne,124312496.0,GER,XETRA,EQUITY,,Yahoo Finance / yfinance EquityQuery,2026-10-08,Détection mécanique 50-300 MEUR ; qualification SSI requise.,DETECTE,HORS_UNIVERS_IDENTITE_INSUFFISANTE
2026-10-08,Pyrum Innovations AG          N,PYR.DE,EUR,Allemagne,124487256.0,GER,XETRA,EQUITY,,Yahoo Finance / yfinance EquityQuery,2026-10-08,Détection mécanique 50-300 MEUR ; qualification SSI requise.,DETECTE,HORS_UNIVERS_IDENTITE_INSUFFISANTE
2026-10-08,HomeToGo SE                   A,HTG.F,EUR,Allemagne,124537848.0,FRA,Frankfurt,EQUITY,,Yahoo Finance / yfinance EquityQuery,2026-10-08,Détection mécanique 50-300 MEUR ; qualification SSI requise.,DETECTE,HORS_UNIVERS_IDENTITE_INSUFFISANTE
2026-10-08,Axe Compute Inc.              R,S1K0.MU,EUR,Allemagne,126343248.0,MUN,Munich,EQUITY,,Yahoo Finance / yfinance EquityQuery,2026-10-08,Détection mécanique 50-300 MEUR ; qualification SSI requise.,DETECTE,HORS_UNIVERS_IDENTITE_INSUFFISANTE
2026-10-08,Masterflex SE                 I,MZX.F,EUR,Allemagne,126962008.0,FRA,Frankfurt,EQUITY,,Yahoo Finance / yfinance EquityQuery,2026-10-08,Détection mécanique 50-300 MEUR ; qualification SSI requise.,DETECTE,HORS_UNIVERS_IDENTITE_INSUFFISANTE
2026-10-08,Tekna Holding ASA             N,8VB.MU,EUR,Allemagne,127378856.0,MUN,Munich,EQUITY,,Yahoo Finance / yfinance EquityQuery,2026-10-08,Détection mécanique 50-300 MEUR ; qualification SSI requise.,DETECTE,HORS_UNIVERS_IDENTITE_INSUFFISANTE
2026-10-08,Grigeo Group AB               R,WM8.F,EUR,Allemagne,127507200.0,FRA,Frankfurt,EQUITY,,Yahoo Finance / yfinance EquityQuery,2026-10-08,Détection mécanique 50-300 MEUR ; qualification SSI requise.,DETECTE,HORS_UNIVERS_IDENTITE_INSUFFISANTE
2026-10-08,Bitcoin Group SE              I,ADE.DE,EUR,Allemagne,127700008.0,GER,XETRA,EQUITY,,Yahoo Finance / yfinance EquityQuery,2026-10-08,Détection mécanique 50-300 MEUR ; qualification SSI requise.,DETECTE,HORS_UNIVERS_IDENTITE_INSUFFISANTE
2026-10-08,Molecular Partners AG         N,6ML0.F,EUR,Allemagne,127939488.0,FRA,Frankfurt,EQUITY,,Yahoo Finance / yfinance EquityQuery,2026-10-08,Détection mécanique 50-300 MEUR ; qualification SSI requise.,DETECTE,HORS_UNIVERS_IDENTITE_INSUFFISANTE
2026-10-08,Bitcoin Group SE              I,ADE.DU,EUR,Allemagne,128000000.0,DUS,Dusseldorf,EQUITY,,Yahoo Finance / yfinance EquityQuery,2026-10-08,Détection mécanique 50-300 MEUR ; qualification SSI requise.,DETECTE,HORS_UNIVERS_IDENTITE_INSUFFISANTE
2026-10-08,Quirin Privatbank AG          I,QB7.DE,EUR,Allemagne,128502256.0,GER,XETRA,EQUITY,,Yahoo Finance / yfinance EquityQuery,2026-10-08,Détection mécanique 50-300 MEUR ; qualification SSI requise.,DETECTE,HORS_UNIVERS_IDENTITE_INSUFFISANTE
2026-10-08,Bitcoin Group SE              I,ADE.F,EUR,Allemagne,129000000.0,FRA,Frankfurt,EQUITY,,Yahoo Finance / yfinance EquityQuery,2026-10-08,Détection mécanique 50-300 MEUR ; qualification SSI requise.,DETECTE,HORS_UNIVERS_IDENTITE_INSUFFISANTE
2026-10-08,Masterflex SE                 I,MZX.DE,EUR,Allemagne,129366592.0,GER,XETRA,EQUITY,,Yahoo Finance / yfinance EquityQuery,2026-10-08,Détection mécanique 50-300 MEUR ; qualification SSI requise.,DETECTE,HORS_UNIVERS_IDENTITE_INSUFFISANTE
2026-10-08,7C Solarparken AG             I,HRPK.F,EUR,Allemagne,129506944.0,FRA,Frankfurt,EQUITY,,Yahoo Finance / yfinance EquityQuery,2026-10-08,Détection mécanique 50-300 MEUR ; qualification SSI requise.,DETECTE,HORS_UNIVERS_IDENTITE_INSUFFISANTE
2026-10-08,HomeToGo SE                   A,HTG.DE,EUR,Allemagne,131376640.0,GER,XETRA,EQUITY,,Yahoo Finance / yfinance EquityQuery,2026-10-08,Détection mécanique 50-300 MEUR ; qualification SSI requise.,DETECTE,HORS_UNIVERS_IDENTITE_INSUFFISANTE
2026-10-08,Innate Pharma S.A.            A,IDDA.F,EUR,Allemagne,131806400.0,FRA,Frankfurt,EQUITY,,Yahoo Finance / yfinance EquityQuery,2026-10-08,Détection mécanique 50-300 MEUR ; qualification SSI requise.,DETECTE,HORS_UNIVERS_IDENTITE_INSUFFISANTE
2026-10-08,7C Solarparken AG             I,HRPK.DE,EUR,Allemagne,132433656.0,GER,XETRA,EQUITY,,Yahoo Finance / yfinance EquityQuery,2026-10-08,Détection mécanique 50-300 MEUR ; qualification SSI requise.,DETECTE,HORS_UNIVERS_IDENTITE_INSUFFISANTE
2026-10-08,Hawesko Holding SE            I,HAW.F,EUR,Allemagne,132505192.0,FRA,Frankfurt,EQUITY,,Yahoo Finance / yfinance EquityQuery,2026-10-08,Détection mécanique 50-300 MEUR ; qualification SSI requise.,DETECTE,HORS_UNIVERS_IDENTITE_INSUFFISANTE
2026-10-08,Newron Pharmaceuticals S.p.A. A,NP5.F,EUR,Allemagne,132909760.0,FRA,Frankfurt,EQUITY,,Yahoo Finance / yfinance EquityQuery,2026-10-08,Détection mécanique 50-300 MEUR ; qualification SSI requise.,DETECTE,HORS_UNIVERS_IDENTITE_INSUFFISANTE
2026-10-08,Hawesko Holding SE            I,HAW.DE,EUR,Allemagne,132954368.0,GER,XETRA,EQUITY,,Yahoo Finance / yfinance EquityQuery,2026-10-08,Détection mécanique 50-300 MEUR ; qualification SSI requise.,DETECTE,HORS_UNIVERS_IDENTITE_INSUFFISANTE
2026-10-08,Serviceware SE                I,SJJ.F,EUR,Allemagne,133350000.0,FRA,Frankfurt,EQUITY,,Yahoo Finance / yfinance EquityQuery,2026-10-08,Détection mécanique 50-300 MEUR ; qualification SSI requise.,DETECTE,HORS_UNIVERS_IDENTITE_INSUFFISANTE
2026-10-08,DALDRUP & SOEHNE AG           I,4DS.F,EUR,Allemagne,135294624.0,FRA,Frankfurt,EQUITY,,Yahoo Finance / yfinance EquityQuery,2026-10-08,Détection mécanique 50-300 MEUR ; qualification SSI requise.,DETECTE,HORS_UNIVERS_IDENTITE_INSUFFISANTE
2026-10-08,Molecular Partners AG         N,6ML.F,EUR,Allemagne,135600528.0,FRA,Frankfurt,EQUITY,,Yahoo Finance / yfinance EquityQuery,2026-10-08,Détection mécanique 50-300 MEUR ; qualification SSI requise.,DETECTE,HORS_UNIVERS_IDENTITE_INSUFFISANTE
2026-10-08,Eurocash S.A.                 I,E07.F,EUR,Allemagne,137841232.0,FRA,Frankfurt,EQUITY,,Yahoo Finance / yfinance EquityQuery,2026-10-08,Détection mécanique 50-300 MEUR ; qualification SSI requise.,DETECTE,HORS_UNIVERS_IDENTITE_INSUFFISANTE
2026-10-08,Solana Co.                    R,26H1.F,EUR,Allemagne,138021696.0,FRA,Frankfurt,EQUITY,,Yahoo Finance / yfinance EquityQuery,2026-10-08,Détection mécanique 50-300 MEUR ; qualification SSI requise.,DETECTE,HORS_UNIVERS_IDENTITE_INSUFFISANTE
2026-10-08,Serviceware SE                I,SJJ.DE,EUR,Allemagne,138074992.0,GER,XETRA,EQUITY,,Yahoo Finance / yfinance EquityQuery,2026-10-08,Détection mécanique 50-300 MEUR ; qualification SSI requise.,DETECTE,HORS_UNIVERS_IDENTITE_INSUFFISANTE
2026-10-08,Grigeo Group AB               R,WM8.MU,EUR,Allemagne,139460992.0,MUN,Munich,EQUITY,,Yahoo Finance / yfinance EquityQuery,2026-10-08,Détection mécanique 50-300 MEUR ; qualification SSI requise.,DETECTE,HORS_UNIVERS_IDENTITE_INSUFFISANTE
2026-10-08,DALDRUP & SOEHNE AG           I,4DS.DE,EUR,Allemagne,139485168.0,GER,XETRA,EQUITY,,Yahoo Finance / yfinance EquityQuery,2026-10-08,Détection mécanique 50-300 MEUR ; qualification SSI requise.,DETECTE,HORS_UNIVERS_IDENTITE_INSUFFISANTE
2026-10-08,SMAG Mobile Antenna Masts AG  I,1SMA.DE,EUR,Allemagne,140120000.0,GER,XETRA,EQUITY,,Yahoo Finance / yfinance EquityQuery,2026-10-08,Détection mécanique 50-300 MEUR ; qualification SSI requise.,DETECTE,HORS_UNIVERS_IDENTITE_INSUFFISANTE
2026-10-08,Koenig & Bauer AG             I,SKB.F,EUR,Allemagne,140625904.0,FRA,Frankfurt,EQUITY,,Yahoo Finance / yfinance EquityQuery,2026-10-08,Détection mécanique 50-300 MEUR ; qualification SSI requise.,DETECTE,HORS_UNIVERS_IDENTITE_INSUFFISANTE
2026-10-08,Smartbroker Holding AG        I,SB1.DE,EUR,Allemagne,140626896.0,GER,XETRA,EQUITY,,Yahoo Finance / yfinance EquityQuery,2026-10-08,Détection mécanique 50-300 MEUR ; qualification SSI requise.,DETECTE,HORS_UNIVERS_IDENTITE_INSUFFISANTE
2026-10-08,Lang & Schwarz AG             N,LUS1.DE,EUR,Allemagne,143929504.0,GER,XETRA,EQUITY,,Yahoo Finance / yfinance EquityQuery,2026-10-08,Détection mécanique 50-300 MEUR ; qualification SSI requise.,DETECTE,HORS_UNIVERS_IDENTITE_INSUFFISANTE
2026-10-08,GESCO SE                      N,GSC1.DE,EUR,Allemagne,144040000.0,GER,XETRA,EQUITY,,Yahoo Finance / yfinance EquityQuery,2026-10-08,Détection mécanique 50-300 MEUR ; qualification SSI requise.,DETECTE,HORS_UNIVERS_IDENTITE_INSUFFISANTE
2026-10-08,GESCO SE                      N,GSC1.F,EUR,Allemagne,144040000.0,FRA,Frankfurt,EQUITY,,Yahoo Finance / yfinance EquityQuery,2026-10-08,Détection mécanique 50-300 MEUR ; qualification SSI requise.,DETECTE,HORS_UNIVERS_IDENTITE_INSUFFISANTE
2026-10-08,SMAG Mobile Antenna Masts AG  I,1SMA.F,EUR,Allemagne,144640000.0,FRA,Frankfurt,EQUITY,,Yahoo Finance / yfinance EquityQuery,2026-10-08,Détection mécanique 50-300 MEUR ; qualification SSI requise.,DETECTE,HORS_UNIVERS_IDENTITE_INSUFFISANTE
2026-10-08,UMWELTBANK AG                 I,UBK.DE,EUR,Allemagne,144845952.0,GER,XETRA,EQUITY,,Yahoo Finance / yfinance EquityQuery,2026-10-08,Détection mécanique 50-300 MEUR ; qualification SSI requise.,DETECTE,HORS_UNIVERS_IDENTITE_INSUFFISANTE
2026-10-08,Lang & Schwarz AG             N,LUS1.F,EUR,Allemagne,144873296.0,FRA,Frankfurt,EQUITY,,Yahoo Finance / yfinance EquityQuery,2026-10-08,Détection mécanique 50-300 MEUR ; qualification SSI requise.,DETECTE,HORS_UNIVERS_IDENTITE_INSUFFISANTE
2026-10-08,Innate Pharma S.A.            A,IDD.DE,EUR,Allemagne,144987040.0,GER,XETRA,EQUITY,,Yahoo Finance / yfinance EquityQuery,2026-10-08,Détection mécanique 50-300 MEUR ; qualification SSI requise.,DETECTE,HORS_UNIVERS_IDENTITE_INSUFFISANTE
2026-10-08,Smartbroker Holding AG        I,SB1.F,EUR,Allemagne,145151120.0,FRA,Frankfurt,EQUITY,,Yahoo Finance / yfinance EquityQuery,2026-10-08,Détection mécanique 50-300 MEUR ; qualification SSI requise.,DETECTE,HORS_UNIVERS_IDENTITE_INSUFFISANTE
2026-10-08,Rokiskio Suris PC             R,YTV.F,EUR,Allemagne,145367424.0,FRA,Frankfurt,EQUITY,,Yahoo Finance / yfinance EquityQuery,2026-10-08,Détection mécanique 50-300 MEUR ; qualification SSI requise.,DETECTE,HORS_UNIVERS_IDENTITE_INSUFFISANTE
2026-10-08,Innate Pharma S.A.            A,IDD.F,EUR,Allemagne,145433856.0,FRA,Frankfurt,EQUITY,,Yahoo Finance / yfinance EquityQuery,2026-10-08,Détection mécanique 50-300 MEUR ; qualification SSI requise.,DETECTE,HORS_UNIVERS_IDENTITE_INSUFFISANTE
2026-10-08,UMWELTBANK AG                 I,UBK.F,EUR,Allemagne,146577056.0,FRA,Frankfurt,EQUITY,,Yahoo Finance / yfinance EquityQuery,2026-10-08,Détection mécanique 50-300 MEUR ; qualification SSI requise.,DETECTE,HORS_UNIVERS_IDENTITE_INSUFFISANTE
2026-10-08,Shutterstock Inc.,S3T.SG,EUR,Allemagne,146904000.0,STU,Stuttgart,EQUITY,,Yahoo Finance / yfinance EquityQuery,2026-10-08,Détection mécanique 50-300 MEUR ; qualification SSI requise.,DETECTE,HORS_UNIVERS_IDENTITE_INSUFFISANTE
2026-10-08,Koenig & Bauer AG             I,SKB.DE,EUR,Allemagne,147070560.0,GER,XETRA,EQUITY,,Yahoo Finance / yfinance EquityQuery,2026-10-08,Détection mécanique 50-300 MEUR ; qualification SSI requise.,DETECTE,HORS_UNIVERS_IDENTITE_INSUFFISANTE
2026-10-08,Allgeier SE                   N,AEIN.DE,EUR,Allemagne,148046416.0,GER,XETRA,EQUITY,,Yahoo Finance / yfinance EquityQuery,2026-10-08,Détection mécanique 50-300 MEUR ; qualification SSI requise.,DETECTE,HORS_UNIVERS_IDENTITE_INSUFFISANTE
2026-10-08,Allgeier SE                   N,AEIN.F,EUR,Allemagne,148046416.0,FRA,Frankfurt,EQUITY,,Yahoo Finance / yfinance EquityQuery,2026-10-08,Détection mécanique 50-300 MEUR ; qualification SSI requise.,DETECTE,HORS_UNIVERS_IDENTITE_INSUFFISANTE
2026-10-08,Eco (Atlantic) Oil & Gas Ltd.,EOI.SG,EUR,Allemagne,149325744.0,STU,Stuttgart,EQUITY,,Yahoo Finance / yfinance EquityQuery,2026-10-08,Détection mécanique 50-300 MEUR ; qualification SSI requise.,DETECTE,HORS_UNIVERS_IDENTITE_INSUFFISANTE
2026-10-08,Solana Co.                    R,26H1.MU,EUR,Allemagne,149740528.0,MUN,Munich,EQUITY,,Yahoo Finance / yfinance EquityQuery,2026-10-08,Détection mécanique 50-300 MEUR ; qualification SSI requise.,DETECTE,HORS_UNIVERS_IDENTITE_INSUFFISANTE
2026-10-08,Steyr Motors AG               I,4X0.DE,EUR,Allemagne,152076512.0,GER,XETRA,EQUITY,,Yahoo Finance / yfinance EquityQuery,2026-10-08,Détection mécanique 50-300 MEUR ; qualification SSI requise.,DETECTE,HORS_UNIVERS_IDENTITE_INSUFFISANTE
2026-10-08,Steyr Motors AG               I,4X0.F,EUR,Allemagne,152286576.0,FRA,Frankfurt,EQUITY,,Yahoo Finance / yfinance EquityQuery,2026-10-08,Détection mécanique 50-300 MEUR ; qualification SSI requise.,DETECTE,HORS_UNIVERS_IDENTITE_INSUFFISANTE
2026-10-08,Verkkokauppa.com OYJ,15V.SG,EUR,Allemagne,153052608.0,STU,Stuttgart,EQUITY,,Yahoo Finance / yfinance EquityQuery,2026-10-08,Détection mécanique 50-300 MEUR ; qualification SSI requise.,DETECTE,RESOLU_SECONDAIRE_EUROPE
2026-10-08,Vente-Unique.Com              A,8M8.F,EUR,Allemagne,154429184.0,FRA,Frankfurt,EQUITY,,Yahoo Finance / yfinance EquityQuery,2026-10-08,Détection mécanique 50-300 MEUR ; qualification SSI requise.,DETECTE,HORS_UNIVERS_IDENTITE_INSUFFISANTE
2026-10-08,Vente-Unique.Com              A,8M8.MU,EUR,Allemagne,156742128.0,MUN,Munich,EQUITY,,Yahoo Finance / yfinance EquityQuery,2026-10-08,Détection mécanique 50-300 MEUR ; qualification SSI requise.,DETECTE,HORS_UNIVERS_IDENTITE_INSUFFISANTE
2026-10-08,SRV YHTIOET OYJ,B7J1.DE,EUR,Allemagne,156978048.0,GER,XETRA,EQUITY,,Yahoo Finance / yfinance EquityQuery,2026-10-08,Détection mécanique 50-300 MEUR ; qualification SSI requise.,DETECTE,HORS_UNIVERS_IDENTITE_INSUFFISANTE
2026-10-08,Innate Pharma S.A.            A,IDDA.MU,EUR,Allemagne,158614480.0,MUN,Munich,EQUITY,,Yahoo Finance / yfinance EquityQuery,2026-10-08,Détection mécanique 50-300 MEUR ; qualification SSI requise.,DETECTE,HORS_UNIVERS_IDENTITE_INSUFFISANTE
2026-10-08,SRV YHTIOET OYJ,B7J1.F,EUR,Allemagne,159351344.0,FRA,Frankfurt,EQUITY,,Yahoo Finance / yfinance EquityQuery,2026-10-08,Détection mécanique 50-300 MEUR ; qualification SSI requise.,DETECTE,HORS_UNIVERS_IDENTITE_INSUFFISANTE
2026-10-08,Limes Schlosskliniken AG      I,LIK.F,EUR,Allemagne,159404320.0,FRA,Frankfurt,EQUITY,,Yahoo Finance / yfinance EquityQuery,2026-10-08,Détection mécanique 50-300 MEUR ; qualification SSI requise.,DETECTE,HORS_UNIVERS_IDENTITE_INSUFFISANTE
2026-10-08,Limes Schlosskliniken AG      I,LIK.DU,EUR,Allemagne,160894080.0,DUS,Dusseldorf,EQUITY,,Yahoo Finance / yfinance EquityQuery,2026-10-08,Détection mécanique 50-300 MEUR ; qualification SSI requise.,DETECTE,HORS_UNIVERS_IDENTITE_INSUFFISANTE
2026-10-08,Toyo Co. Ltd                  R,V48.F,EUR,Allemagne,161264032.0,FRA,Frankfurt,EQUITY,,Yahoo Finance / yfinance EquityQuery,2026-10-08,Détection mécanique 50-300 MEUR ; qualification SSI requise.,DETECTE,HORS_UNIVERS_IDENTITE_INSUFFISANTE
2026-10-08,Rokiskio Suris PC             R,YTV.MU,EUR,Allemagne,161453248.0,MUN,Munich,EQUITY,,Yahoo Finance / yfinance EquityQuery,2026-10-08,Détection mécanique 50-300 MEUR ; qualification SSI requise.,DETECTE,HORS_UNIVERS_IDENTITE_INSUFFISANTE
2026-10-08,Toyo Co. Ltd                  R,V48.DU,EUR,Allemagne,162332000.0,DUS,Dusseldorf,EQUITY,,Yahoo Finance / yfinance EquityQuery,2026-10-08,Détection mécanique 50-300 MEUR ; qualification SSI requise.,DETECTE,HORS_UNIVERS_IDENTITE_INSUFFISANTE
2026-10-08,Limes Schlosskliniken AG      I,LIK.DE,EUR,Allemagne,163873600.0,GER,XETRA,EQUITY,,Yahoo Finance / yfinance EquityQuery,2026-10-08,Détection mécanique 50-300 MEUR ; qualification SSI requise.,DETECTE,HORS_UNIVERS_IDENTITE_INSUFFISANTE
2026-10-08,KOWORLD AG                   Na,VVV3.F,EUR,Allemagne,166175344.0,FRA,Frankfurt,EQUITY,,Yahoo Finance / yfinance EquityQuery,2026-10-08,Détection mécanique 50-300 MEUR ; qualification SSI requise.,DETECTE,HORS_UNIVERS_IDENTITE_INSUFFISANTE
2026-10-08,FABASOFT AG                   I,FAA.F,EUR,Allemagne,166750096.0,FRA,Frankfurt,EQUITY,,Yahoo Finance / yfinance EquityQuery,2026-10-08,Détection mécanique 50-300 MEUR ; qualification SSI requise.,DETECTE,HORS_UNIVERS_IDENTITE_INSUFFISANTE
2026-10-08,KOWORLD AG                   Na,VVV3.DE,EUR,Allemagne,168107616.0,GER,XETRA,EQUITY,,Yahoo Finance / yfinance EquityQuery,2026-10-08,Détection mécanique 50-300 MEUR ; qualification SSI requise.,DETECTE,HORS_UNIVERS_IDENTITE_INSUFFISANTE
2026-10-08,Somec SpA                     A,AW0.F,EUR,Allemagne,170373216.0,FRA,Frankfurt,EQUITY,,Yahoo Finance / yfinance EquityQuery,2026-10-08,Détection mécanique 50-300 MEUR ; qualification SSI requise.,DETECTE,HORS_UNIVERS_IDENTITE_INSUFFISANTE
2026-10-08,Gofore OYJ                    R,1E2.DU,EUR,Allemagne,170813760.0,DUS,Dusseldorf,EQUITY,,Yahoo Finance / yfinance EquityQuery,2026-10-08,Détection mécanique 50-300 MEUR ; qualification SSI requise.,DETECTE,HORS_UNIVERS_IDENTITE_INSUFFISANTE
2026-10-08,FABASOFT AG                   I,FAA.DE,EUR,Allemagne,170985024.0,GER,XETRA,EQUITY,,Yahoo Finance / yfinance EquityQuery,2026-10-08,Détection mécanique 50-300 MEUR ; qualification SSI requise.,DETECTE,HORS_UNIVERS_IDENTITE_INSUFFISANTE
2026-10-08,Gofore OYJ                    R,1E2.F,EUR,Allemagne,171463232.0,FRA,Frankfurt,EQUITY,,Yahoo Finance / yfinance EquityQuery,2026-10-08,Détection mécanique 50-300 MEUR ; qualification SSI requise.,DETECTE,HORS_UNIVERS_IDENTITE_INSUFFISANTE
2026-10-08,Baozun Inc.                   R,2BZ.F,EUR,Allemagne,172253072.0,FRA,Frankfurt,EQUITY,,Yahoo Finance / yfinance EquityQuery,2026-10-08,Détection mécanique 50-300 MEUR ; qualification SSI requise.,DETECTE,HORS_UNIVERS_IDENTITE_INSUFFISANTE
2026-10-08,Kore Potash PLC               R,KP1.F,EUR,Allemagne,173393952.0,FRA,Frankfurt,EQUITY,,Yahoo Finance / yfinance EquityQuery,2026-10-08,Détection mécanique 50-300 MEUR ; qualification SSI requise.,DETECTE,HORS_UNIVERS_IDENTITE_INSUFFISANTE
2026-10-08,Baozun Inc.                   R,2BZA.F,EUR,Allemagne,174345216.0,FRA,Frankfurt,EQUITY,,Yahoo Finance / yfinance EquityQuery,2026-10-08,Détection mécanique 50-300 MEUR ; qualification SSI requise.,DETECTE,HORS_UNIVERS_IDENTITE_INSUFFISANTE
2026-10-08,Aumann AG                     I,AAG.F,EUR,Allemagne,174380144.0,FRA,Frankfurt,EQUITY,,Yahoo Finance / yfinance EquityQuery,2026-10-08,Détection mécanique 50-300 MEUR ; qualification SSI requise.,DETECTE,HORS_UNIVERS_IDENTITE_INSUFFISANTE
2026-10-08,Brainchip Holdings Ltd.       R,24YA.F,EUR,Allemagne,174898080.0,FRA,Frankfurt,EQUITY,,Yahoo Finance / yfinance EquityQuery,2026-10-08,Détection mécanique 50-300 MEUR ; qualification SSI requise.,DETECTE,HORS_UNIVERS_IDENTITE_INSUFFISANTE
2026-10-08,MPC Oceanic Group AG          I,MPCG.F,EUR,Allemagne,175184960.0,FRA,Frankfurt,EQUITY,MPC.F,Yahoo Finance / yfinance EquityQuery,2026-10-08,Détection mécanique 50-300 MEUR ; qualification SSI requise.,DETECTE,HORS_UNIVERS_IDENTITE_INSUFFISANTE
2026-10-08,Perfect Corp.,SZ9.SG,EUR,Allemagne,175219648.0,STU,Stuttgart,EQUITY,,Yahoo Finance / yfinance EquityQuery,2026-10-08,Détection mécanique 50-300 MEUR ; qualification SSI requise.,DETECTE,HORS_UNIVERS_IDENTITE_INSUFFISANTE
2026-10-08,Nynomic AG                    I,M7U.DE,EUR,Allemagne,175387504.0,GER,XETRA,EQUITY,,Yahoo Finance / yfinance EquityQuery,2026-10-08,Détection mécanique 50-300 MEUR ; qualification SSI requise.,DETECTE,HORS_UNIVERS_IDENTITE_INSUFFISANTE
2026-10-08,Somec SpA                     A,AW0.DU,EUR,Allemagne,176197952.0,DUS,Dusseldorf,EQUITY,,Yahoo Finance / yfinance EquityQuery,2026-10-08,Détection mécanique 50-300 MEUR ; qualification SSI requise.,DETECTE,HORS_UNIVERS_IDENTITE_INSUFFISANTE
2026-10-08,HMS Bergbau AG                I,HMU.F,EUR,Allemagne,176263696.0,FRA,Frankfurt,EQUITY,,Yahoo Finance / yfinance EquityQuery,2026-10-08,Détection mécanique 50-300 MEUR ; qualification SSI requise.,DETECTE,HORS_UNIVERS_IDENTITE_INSUFFISANTE
2026-10-08,MPC Oceanic Group AG          I,MPCG.DE,EUR,Allemagne,176947392.0,GER,XETRA,EQUITY,MPC.DE,Yahoo Finance / yfinance EquityQuery,2026-10-08,Détection mécanique 50-300 MEUR ; qualification SSI requise.,DETECTE,HORS_UNIVERS_IDENTITE_INSUFFISANTE
2026-10-08,Nynomic AG                    I,M7U.F,EUR,Allemagne,177358144.0,FRA,Frankfurt,EQUITY,,Yahoo Finance / yfinance EquityQuery,2026-10-08,Détection mécanique 50-300 MEUR ; qualification SSI requise.,DETECTE,HORS_UNIVERS_IDENTITE_INSUFFISANTE
2026-10-08,HMS Bergbau AG                I,HMU.DE,EUR,Allemagne,177626560.0,GER,XETRA,EQUITY,,Yahoo Finance / yfinance EquityQuery,2026-10-08,Détection mécanique 50-300 MEUR ; qualification SSI requise.,DETECTE,HORS_UNIVERS_IDENTITE_INSUFFISANTE
2026-10-08,AB Vilkyskiu pienine          R,UDW.F,EUR,Allemagne,177950688.0,FRA,Frankfurt,EQUITY,,Yahoo Finance / yfinance EquityQuery,2026-10-08,Détection mécanique 50-300 MEUR ; qualification SSI requise.,DETECTE,HORS_UNIVERS_IDENTITE_INSUFFISANTE
2026-10-08,Aumann AG                     I,AAG.DE,EUR,Allemagne,180192816.0,GER,XETRA,EQUITY,,Yahoo Finance / yfinance EquityQuery,2026-10-08,Détection mécanique 50-300 MEUR ; qualification SSI requise.,DETECTE,HORS_UNIVERS_IDENTITE_INSUFFISANTE
2026-10-08,Vertiseit AB                  N,RJ1.F,EUR,Allemagne,181582864.0,FRA,Frankfurt,EQUITY,,Yahoo Finance / yfinance EquityQuery,2026-10-08,Détection mécanique 50-300 MEUR ; qualification SSI requise.,DETECTE,HORS_UNIVERS_IDENTITE_INSUFFISANTE
2026-10-08,Netfonds AG                   v,NF4.F,EUR,Allemagne,181740000.0,FRA,Frankfurt,EQUITY,,Yahoo Finance / yfinance EquityQuery,2026-10-08,Détection mécanique 50-300 MEUR ; qualification SSI requise.,DETECTE,HORS_UNIVERS_IDENTITE_INSUFFISANTE
2026-10-08,Iberpapel Gestion S.A.,IBG.SG,EUR,Allemagne,181976112.0,STU,Stuttgart,EQUITY,,Yahoo Finance / yfinance EquityQuery,2026-10-08,Détection mécanique 50-300 MEUR ; qualification SSI requise.,DETECTE,HORS_UNIVERS_IDENTITE_INSUFFISANTE
2026-10-08,AB Vilkyskiu pienine          R,UDW.MU,EUR,Allemagne,183922192.0,MUN,Munich,EQUITY,,Yahoo Finance / yfinance EquityQuery,2026-10-08,Détection mécanique 50-300 MEUR ; qualification SSI requise.,DETECTE,HORS_UNIVERS_IDENTITE_INSUFFISANTE
2026-10-08,Vertiseit AB                  N,RJ1.MU,EUR,Allemagne,185618032.0,MUN,Munich,EQUITY,,Yahoo Finance / yfinance EquityQuery,2026-10-08,Détection mécanique 50-300 MEUR ; qualification SSI requise.,DETECTE,HORS_UNIVERS_IDENTITE_INSUFFISANTE
2026-10-08,technotrans SE                N,TTR1.DE,EUR,Allemagne,187197728.0,GER,XETRA,EQUITY,,Yahoo Finance / yfinance EquityQuery,2026-10-08,Détection mécanique 50-300 MEUR ; qualification SSI requise.,DETECTE,HORS_UNIVERS_IDENTITE_INSUFFISANTE
2026-10-08,technotrans SE                N,TTR1.F,EUR,Allemagne,187197728.0,FRA,Frankfurt,EQUITY,,Yahoo Finance / yfinance EquityQuery,2026-10-08,Détection mécanique 50-300 MEUR ; qualification SSI requise.,DETECTE,HORS_UNIVERS_IDENTITE_INSUFFISANTE
2026-10-08,Netfonds AG                   v,NF4.DE,EUR,Allemagne,187564992.0,GER,XETRA,EQUITY,,Yahoo Finance / yfinance EquityQuery,2026-10-08,Détection mécanique 50-300 MEUR ; qualification SSI requise.,DETECTE,HORS_UNIVERS_IDENTITE_INSUFFISANTE
2026-10-08,Asure Software Inc.,VTE1.SG,EUR,Allemagne,187715632.0,STU,Stuttgart,EQUITY,,Yahoo Finance / yfinance EquityQuery,2026-10-08,Détection mécanique 50-300 MEUR ; qualification SSI requise.,DETECTE,HORS_UNIVERS_IDENTITE_INSUFFISANTE
2026-10-08,GRAMMER AG                    I,GMM.F,EUR,Allemagne,187839200.0,FRA,Frankfurt,EQUITY,,Yahoo Finance / yfinance EquityQuery,2026-10-08,Détection mécanique 50-300 MEUR ; qualification SSI requise.,DETECTE,HORS_UNIVERS_IDENTITE_INSUFFISANTE
2026-10-08,TAKKT AG                      I,TTK.F,EUR,Allemagne,187949536.0,FRA,Frankfurt,EQUITY,,Yahoo Finance / yfinance EquityQuery,2026-10-08,Détection mécanique 50-300 MEUR ; qualification SSI requise.,DETECTE,HORS_UNIVERS_IDENTITE_INSUFFISANTE
2026-10-08,Brockhaus Technologies AG     N,BKHT.DE,EUR,Allemagne,188580368.0,GER,XETRA,EQUITY,,Yahoo Finance / yfinance EquityQuery,2026-10-08,Détection mécanique 50-300 MEUR ; qualification SSI requise.,DETECTE,HORS_UNIVERS_IDENTITE_INSUFFISANTE
2026-10-08,Ioneer Ltd.                   R,4G1.F,EUR,Allemagne,189090000.0,FRA,Frankfurt,EQUITY,,Yahoo Finance / yfinance EquityQuery,2026-10-08,Détection mécanique 50-300 MEUR ; qualification SSI requise.,DETECTE,HORS_UNIVERS_IDENTITE_INSUFFISANTE
2026-10-08,Brockhaus Technologies AG     N,BKHT.F,EUR,Allemagne,190669904.0,FRA,Frankfurt,EQUITY,,Yahoo Finance / yfinance EquityQuery,2026-10-08,Détection mécanique 50-300 MEUR ; qualification SSI requise.,DETECTE,HORS_UNIVERS_IDENTITE_INSUFFISANTE
2026-10-08,Cambria Gold Mines Inc.       R,BHQ2.F,EUR,Allemagne,191727232.0,FRA,Frankfurt,EQUITY,,Yahoo Finance / yfinance EquityQuery,2026-10-08,Détection mécanique 50-300 MEUR ; qualification SSI requise.,DETECTE,HORS_UNIVERS_IDENTITE_INSUFFISANTE
2026-10-08,Brainchip Holdings Ltd.       R,24Y.F,EUR,Allemagne,191908704.0,FRA,Frankfurt,EQUITY,,Yahoo Finance / yfinance EquityQuery,2026-10-08,Détection mécanique 50-300 MEUR ; qualification SSI requise.,DETECTE,HORS_UNIVERS_IDENTITE_INSUFFISANTE
2026-10-08,TAKKT AG                      I,TTK.DE,EUR,Allemagne,192111968.0,GER,XETRA,EQUITY,,Yahoo Finance / yfinance EquityQuery,2026-10-08,Détection mécanique 50-300 MEUR ; qualification SSI requise.,DETECTE,HORS_UNIVERS_IDENTITE_INSUFFISANTE
2026-10-08,GRAMMER AG                    I,GMM.DE,EUR,Allemagne,193802336.0,GER,XETRA,EQUITY,,Yahoo Finance / yfinance EquityQuery,2026-10-08,Détection mécanique 50-300 MEUR ; qualification SSI requise.,DETECTE,HORS_UNIVERS_IDENTITE_INSUFFISANTE
2026-10-08,Samara Asset Group PLC        R,SRAG.F,EUR,Allemagne,194522496.0,FRA,Frankfurt,EQUITY,,Yahoo Finance / yfinance EquityQuery,2026-10-08,Détection mécanique 50-300 MEUR ; qualification SSI requise.,DETECTE,HORS_UNIVERS_IDENTITE_INSUFFISANTE
2026-10-08,Acadian Timber Corp.,779.SG,EUR,Allemagne,195317520.0,STU,Stuttgart,EQUITY,,Yahoo Finance / yfinance EquityQuery,2026-10-08,Détection mécanique 50-300 MEUR ; qualification SSI requise.,DETECTE,HORS_UNIVERS_IDENTITE_INSUFFISANTE
2026-10-08,Ioneer Ltd.                   R,4G11.F,EUR,Allemagne,196776560.0,FRA,Frankfurt,EQUITY,,Yahoo Finance / yfinance EquityQuery,2026-10-08,Détection mécanique 50-300 MEUR ; qualification SSI requise.,DETECTE,HORS_UNIVERS_IDENTITE_INSUFFISANTE
2026-10-08,FutureFuel Corp.,3FF.SG,EUR,Allemagne,197384944.0,STU,Stuttgart,EQUITY,,Yahoo Finance / yfinance EquityQuery,2026-10-08,Détection mécanique 50-300 MEUR ; qualification SSI requise.,DETECTE,HORS_UNIVERS_IDENTITE_INSUFFISANTE
2026-10-08,Verve Group Media SE          N,VRV.F,EUR,Allemagne,198315472.0,FRA,Frankfurt,EQUITY,,Yahoo Finance / yfinance EquityQuery,2026-10-08,Détection mécanique 50-300 MEUR ; qualification SSI requise.,DETECTE,HORS_UNIVERS_IDENTITE_INSUFFISANTE
2026-10-08,Synthomer PLC                 R,7YC.F,EUR,Allemagne,198371856.0,FRA,Frankfurt,EQUITY,,Yahoo Finance / yfinance EquityQuery,2026-10-08,Détection mécanique 50-300 MEUR ; qualification SSI requise.,DETECTE,HORS_UNIVERS_IDENTITE_INSUFFISANTE
2026-10-08,Acotec Scientific Holdings LimR,7W3.F,EUR,Allemagne,199002128.0,FRA,Frankfurt,EQUITY,,Yahoo Finance / yfinance EquityQuery,2026-10-08,Détection mécanique 50-300 MEUR ; qualification SSI requise.,DETECTE,HORS_UNIVERS_IDENTITE_INSUFFISANTE
2026-10-08,Samara Asset Group PLC        R,SRAG.DU,EUR,Allemagne,199132048.0,DUS,Dusseldorf,EQUITY,,Yahoo Finance / yfinance EquityQuery,2026-10-08,Détection mécanique 50-300 MEUR ; qualification SSI requise.,DETECTE,HORS_UNIVERS_IDENTITE_INSUFFISANTE
2026-10-08,Synthomer PLC                 R,7YC2.F,EUR,Allemagne,201650736.0,FRA,Frankfurt,EQUITY,,Yahoo Finance / yfinance EquityQuery,2026-10-08,Détection mécanique 50-300 MEUR ; qualification SSI requise.,DETECTE,HORS_UNIVERS_IDENTITE_INSUFFISANTE
2026-10-08,029 Group SE                  I,Z29.F,EUR,Allemagne,203000000.0,FRA,Frankfurt,EQUITY,,Yahoo Finance / yfinance EquityQuery,2026-10-08,Détection mécanique 50-300 MEUR ; qualification SSI requise.,DETECTE,HORS_UNIVERS_IDENTITE_INSUFFISANTE
2026-10-08,EnviTec Biogas AG             I,ETG.F,EUR,Allemagne,203444992.0,FRA,Frankfurt,EQUITY,,Yahoo Finance / yfinance EquityQuery,2026-10-08,Détection mécanique 50-300 MEUR ; qualification SSI requise.,DETECTE,HORS_UNIVERS_IDENTITE_INSUFFISANTE
2026-10-08,Urbana Corp.                  R,2YY.F,EUR,Allemagne,204201328.0,FRA,Frankfurt,EQUITY,,Yahoo Finance / yfinance EquityQuery,2026-10-08,Détection mécanique 50-300 MEUR ; qualification SSI requise.,DETECTE,HORS_UNIVERS_IDENTITE_INSUFFISANTE
2026-10-08,Verve Group Media SE          N,VRV.DE,EUR,Allemagne,204519088.0,GER,XETRA,EQUITY,,Yahoo Finance / yfinance EquityQuery,2026-10-08,Détection mécanique 50-300 MEUR ; qualification SSI requise.,DETECTE,HORS_UNIVERS_IDENTITE_INSUFFISANTE
2026-10-08,Northwest Biotherapeutics Inc.,NBYB.SG,EUR,Allemagne,204676560.0,STU,Stuttgart,EQUITY,,Yahoo Finance / yfinance EquityQuery,2026-10-08,Détection mécanique 50-300 MEUR ; qualification SSI requise.,DETECTE,HORS_UNIVERS_IDENTITE_INSUFFISANTE
2026-10-08,029 Group SE                  I,Z29.DE,EUR,Allemagne,206000000.0,GER,XETRA,EQUITY,,Yahoo Finance / yfinance EquityQuery,2026-10-08,Détection mécanique 50-300 MEUR ; qualification SSI requise.,DETECTE,HORS_UNIVERS_IDENTITE_INSUFFISANTE
2026-10-08,Silver Bow Mining Corp.       R,FY2.F,EUR,Allemagne,209061776.0,FRA,Frankfurt,EQUITY,,Yahoo Finance / yfinance EquityQuery,2026-10-08,Détection mécanique 50-300 MEUR ; qualification SSI requise.,DETECTE,HORS_UNIVERS_IDENTITE_INSUFFISANTE
2026-10-08,Silver Bow Mining Corp.       R,FY2.HM,EUR,Allemagne,209061776.0,HAM,Hamburg,EQUITY,,Yahoo Finance / yfinance EquityQuery,2026-10-08,Détection mécanique 50-300 MEUR ; qualification SSI requise.,DETECTE,HORS_UNIVERS_IDENTITE_INSUFFISANTE
2026-10-08,Apranga AB                    R,WHX.F,EUR,Allemagne,209556528.0,FRA,Frankfurt,EQUITY,,Yahoo Finance / yfinance EquityQuery,2026-10-08,Détection mécanique 50-300 MEUR ; qualification SSI requise.,DETECTE,HORS_UNIVERS_IDENTITE_INSUFFISANTE
2026-10-08,EnviTec Biogas AG             I,ETG.DE,EUR,Allemagne,210870000.0,GER,XETRA,EQUITY,,Yahoo Finance / yfinance EquityQuery,2026-10-08,Détection mécanique 50-300 MEUR ; qualification SSI requise.,DETECTE,HORS_UNIVERS_IDENTITE_INSUFFISANTE
2026-10-08,Samara Asset Group PLC        R,SRAG.DE,EUR,Allemagne,211116832.0,GER,XETRA,EQUITY,,Yahoo Finance / yfinance EquityQuery,2026-10-08,Détection mécanique 50-300 MEUR ; qualification SSI requise.,DETECTE,HORS_UNIVERS_IDENTITE_INSUFFISANTE
2026-10-08,Silver Bow Mining Corp.       R,FY2.MU,EUR,Allemagne,211128784.0,MUN,Munich,EQUITY,,Yahoo Finance / yfinance EquityQuery,2026-10-08,Détection mécanique 50-300 MEUR ; qualification SSI requise.,DETECTE,HORS_UNIVERS_IDENTITE_INSUFFISANTE
2026-10-08,Apranga AB                    R,WHX.MU,EUR,Allemagne,213426960.0,MUN,Munich,EQUITY,,Yahoo Finance / yfinance EquityQuery,2026-10-08,Détection mécanique 50-300 MEUR ; qualification SSI requise.,DETECTE,HORS_UNIVERS_IDENTITE_INSUFFISANTE
2026-10-08,TOYO CORP.                    R,TOY.F,EUR,Allemagne,217210496.0,FRA,Frankfurt,EQUITY,,Yahoo Finance / yfinance EquityQuery,2026-10-08,Détection mécanique 50-300 MEUR ; qualification SSI requise.,DETECTE,HORS_UNIVERS_IDENTITE_INSUFFISANTE
2026-10-08,Acotec Scientific Holdings LimR,7W3.MU,EUR,Allemagne,217482672.0,MUN,Munich,EQUITY,,Yahoo Finance / yfinance EquityQuery,2026-10-08,Détection mécanique 50-300 MEUR ; qualification SSI requise.,DETECTE,HORS_UNIVERS_IDENTITE_INSUFFISANTE
2026-10-08,TOYO CORP.                    R,TOY.MU,EUR,Allemagne,221387648.0,MUN,Munich,EQUITY,,Yahoo Finance / yfinance EquityQuery,2026-10-08,Détection mécanique 50-300 MEUR ; qualification SSI requise.,DETECTE,HORS_UNIVERS_IDENTITE_INSUFFISANTE
2026-10-08,Cyberdyne Inc.                R,8C40.F,EUR,Allemagne,221687552.0,FRA,Frankfurt,EQUITY,,Yahoo Finance / yfinance EquityQuery,2026-10-08,Détection mécanique 50-300 MEUR ; qualification SSI requise.,DETECTE,HORS_UNIVERS_IDENTITE_INSUFFISANTE
2026-10-08,JDC Group AG                  I,JDC.F,EUR,Allemagne,223479344.0,FRA,Frankfurt,EQUITY,,Yahoo Finance / yfinance EquityQuery,2026-10-08,Détection mécanique 50-300 MEUR ; qualification SSI requise.,DETECTE,HORS_UNIVERS_IDENTITE_INSUFFISANTE
2026-10-08,Remedy Entertainment OYJ      R,8P8.F,EUR,Allemagne,225601488.0,FRA,Frankfurt,EQUITY,,Yahoo Finance / yfinance EquityQuery,2026-10-08,Détection mécanique 50-300 MEUR ; qualification SSI requise.,DETECTE,HORS_UNIVERS_IDENTITE_INSUFFISANTE
2026-10-08,URBANA CORP.                  R,2YY0.F,EUR,Allemagne,227570752.0,FRA,Frankfurt,EQUITY,,Yahoo Finance / yfinance EquityQuery,2026-10-08,Détection mécanique 50-300 MEUR ; qualification SSI requise.,DETECTE,HORS_UNIVERS_IDENTITE_INSUFFISANTE
2026-10-08,Cambria Gold Mines Inc.       R,BHQ2.MU,EUR,Allemagne,227942384.0,MUN,Munich,EQUITY,,Yahoo Finance / yfinance EquityQuery,2026-10-08,Détection mécanique 50-300 MEUR ; qualification SSI requise.,DETECTE,HORS_UNIVERS_IDENTITE_INSUFFISANTE
2026-10-08,JDC Group AG                  I,JDC.DE,EUR,Allemagne,228946720.0,GER,XETRA,EQUITY,,Yahoo Finance / yfinance EquityQuery,2026-10-08,Détection mécanique 50-300 MEUR ; qualification SSI requise.,DETECTE,HORS_UNIVERS_IDENTITE_INSUFFISANTE
2026-10-08,Remedy Entertainment OYJ      R,8P8.MU,EUR,Allemagne,231581296.0,MUN,Munich,EQUITY,,Yahoo Finance / yfinance EquityQuery,2026-10-08,Détection mécanique 50-300 MEUR ; qualification SSI requise.,DETECTE,HORS_UNIVERS_IDENTITE_INSUFFISANTE
2026-10-08,Westwing Group SE             I,WEW.F,EUR,Allemagne,231706864.0,FRA,Frankfurt,EQUITY,,Yahoo Finance / yfinance EquityQuery,2026-10-08,Détection mécanique 50-300 MEUR ; qualification SSI requise.,DETECTE,HORS_UNIVERS_IDENTITE_INSUFFISANTE
2026-10-08,Kore Potash PLC               R,KP10.F,EUR,Allemagne,232081936.0,FRA,Frankfurt,EQUITY,,Yahoo Finance / yfinance EquityQuery,2026-10-08,Détection mécanique 50-300 MEUR ; qualification SSI requise.,DETECTE,HORS_UNIVERS_IDENTITE_INSUFFISANTE
2026-10-08,Runway Growth Finance Corp.   R,0KG.DU,EUR,Allemagne,232599968.0,DUS,Dusseldorf,EQUITY,,Yahoo Finance / yfinance EquityQuery,2026-10-08,Détection mécanique 50-300 MEUR ; qualification SSI requise.,DETECTE,HORS_UNIVERS_IDENTITE_INSUFFISANTE
2026-10-08,DN Group AG                   N,D77.F,EUR,Allemagne,233492096.0,FRA,Frankfurt,EQUITY,,Yahoo Finance / yfinance EquityQuery,2026-10-08,Détection mécanique 50-300 MEUR ; qualification SSI requise.,DETECTE,HORS_UNIVERS_IDENTITE_INSUFFISANTE
2026-10-08,Runway Growth Finance Corp.   R,0KG.F,EUR,Allemagne,234695456.0,FRA,Frankfurt,EQUITY,,Yahoo Finance / yfinance EquityQuery,2026-10-08,Détection mécanique 50-300 MEUR ; qualification SSI requise.,DETECTE,HORS_UNIVERS_IDENTITE_INSUFFISANTE
2026-10-08,DN Group AG                   N,D77.DE,EUR,Allemagne,235694848.0,GER,XETRA,EQUITY,,Yahoo Finance / yfinance EquityQuery,2026-10-08,Détection mécanique 50-300 MEUR ; qualification SSI requise.,DETECTE,HORS_UNIVERS_IDENTITE_INSUFFISANTE
2026-10-08,Westwing Group SE             I,WEW.DE,EUR,Allemagne,236416352.0,GER,XETRA,EQUITY,,Yahoo Finance / yfinance EquityQuery,2026-10-08,Détection mécanique 50-300 MEUR ; qualification SSI requise.,DETECTE,HORS_UNIVERS_IDENTITE_INSUFFISANTE
2026-10-08,MEDICLIN AG                   I,MED.F,EUR,Allemagne,236550000.0,FRA,Frankfurt,EQUITY,,Yahoo Finance / yfinance EquityQuery,2026-10-08,Détection mécanique 50-300 MEUR ; qualification SSI requise.,DETECTE,HORS_UNIVERS_IDENTITE_INSUFFISANTE
2026-10-08,Bonava AB                     N,66BA.F,EUR,Allemagne,237999296.0,FRA,Frankfurt,EQUITY,,Yahoo Finance / yfinance EquityQuery,2026-10-08,Détection mécanique 50-300 MEUR ; qualification SSI requise.,DETECTE,HORS_UNIVERS_IDENTITE_INSUFFISANTE
2026-10-08,Dundee Corp.,1DUA.SG,EUR,Allemagne,238170944.0,STU,Stuttgart,EQUITY,,Yahoo Finance / yfinance EquityQuery,2026-10-08,Détection mécanique 50-300 MEUR ; qualification SSI requise.,DETECTE,HORS_UNIVERS_IDENTITE_INSUFFISANTE
2026-10-08,STEICO SE                     I,ST5.F,EUR,Allemagne,238855552.0,FRA,Frankfurt,EQUITY,,Yahoo Finance / yfinance EquityQuery,2026-10-08,Détection mécanique 50-300 MEUR ; qualification SSI requise.,DETECTE,HORS_UNIVERS_IDENTITE_INSUFFISANTE
2026-10-08,STEICO SE                     I,ST5.DE,EUR,Allemagne,239418912.0,GER,XETRA,EQUITY,,Yahoo Finance / yfinance EquityQuery,2026-10-08,Détection mécanique 50-300 MEUR ; qualification SSI requise.,DETECTE,HORS_UNIVERS_IDENTITE_INSUFFISANTE
2026-10-08,MEDICLIN AG                   I,MED.DE,EUR,Allemagne,239875008.0,GER,XETRA,EQUITY,,Yahoo Finance / yfinance EquityQuery,2026-10-08,Détection mécanique 50-300 MEUR ; qualification SSI requise.,DETECTE,HORS_UNIVERS_IDENTITE_INSUFFISANTE
2026-10-08,Bonava AB                     N,66B.F,EUR,Allemagne,241858736.0,FRA,Frankfurt,EQUITY,,Yahoo Finance / yfinance EquityQuery,2026-10-08,Détection mécanique 50-300 MEUR ; qualification SSI requise.,DETECTE,HORS_UNIVERS_IDENTITE_INSUFFISANTE
2026-10-08,Cyberdyne Inc.                R,8C4.F,EUR,Allemagne,243222912.0,FRA,Frankfurt,EQUITY,,Yahoo Finance / yfinance EquityQuery,2026-10-08,Détection mécanique 50-300 MEUR ; qualification SSI requise.,DETECTE,HORS_UNIVERS_IDENTITE_INSUFFISANTE
2026-10-08,Alfen N.V.                    R,703.F,EUR,Allemagne,244453536.0,FRA,Frankfurt,EQUITY,,Yahoo Finance / yfinance EquityQuery,2026-10-08,Détection mécanique 50-300 MEUR ; qualification SSI requise.,DETECTE,HORS_UNIVERS_IDENTITE_INSUFFISANTE
2026-10-08,Alfen N.V.                    R,703.DE,EUR,Allemagne,245323488.0,GER,XETRA,EQUITY,,Yahoo Finance / yfinance EquityQuery,2026-10-08,Détection mécanique 50-300 MEUR ; qualification SSI requise.,DETECTE,HORS_UNIVERS_IDENTITE_INSUFFISANTE
2026-10-08,MGP Ingredients Inc.,M1I.SG,EUR,Allemagne,246261872.0,STU,Stuttgart,EQUITY,,Yahoo Finance / yfinance EquityQuery,2026-10-08,Détection mécanique 50-300 MEUR ; qualification SSI requise.,DETECTE,HORS_UNIVERS_IDENTITE_INSUFFISANTE
2026-10-08,H&R GmbH & Co. KGaA           I,2HRA.F,EUR,Allemagne,246407936.0,FRA,Frankfurt,EQUITY,,Yahoo Finance / yfinance EquityQuery,2026-10-08,Détection mécanique 50-300 MEUR ; qualification SSI requise.,DETECTE,HORS_UNIVERS_IDENTITE_INSUFFISANTE
2026-10-08,Clinuvel Pharmaceuticals Ltd. R,UR9.F,EUR,Allemagne,247386928.0,FRA,Frankfurt,EQUITY,,Yahoo Finance / yfinance EquityQuery,2026-10-08,Détection mécanique 50-300 MEUR ; qualification SSI requise.,DETECTE,HORS_UNIVERS_IDENTITE_INSUFFISANTE
2026-10-08,Clinuvel Pharmaceuticals Ltd. R,UR9A.F,EUR,Allemagne,247386928.0,FRA,Frankfurt,EQUITY,,Yahoo Finance / yfinance EquityQuery,2026-10-08,Détection mécanique 50-300 MEUR ; qualification SSI requise.,DETECTE,HORS_UNIVERS_IDENTITE_INSUFFISANTE
2026-10-08,BAYWA AG                      V,BYW6.F,EUR,Allemagne,247816992.0,FRA,Frankfurt,EQUITY,,Yahoo Finance / yfinance EquityQuery,2026-10-08,Détection mécanique 50-300 MEUR ; qualification SSI requise.,DETECTE,HORS_UNIVERS_IDENTITE_INSUFFISANTE
2026-10-08,Bioage Labs Inc.              R,Y7G.DU,EUR,Allemagne,249679184.0,DUS,Dusseldorf,EQUITY,,Yahoo Finance / yfinance EquityQuery,2026-10-08,Détection mécanique 50-300 MEUR ; qualification SSI requise.,DETECTE,HORS_UNIVERS_IDENTITE_INSUFFISANTE
2026-10-08,CytoDyn Inc.,296.SG,EUR,Allemagne,249818080.0,STU,Stuttgart,EQUITY,,Yahoo Finance / yfinance EquityQuery,2026-10-08,Détection mécanique 50-300 MEUR ; qualification SSI requise.,DETECTE,HORS_UNIVERS_IDENTITE_INSUFFISANTE
2026-10-08,"Sentul City Tbk, PT           R",5S4.F,EUR,Allemagne,251563360.0,FRA,Frankfurt,EQUITY,,Yahoo Finance / yfinance EquityQuery,2026-10-08,Détection mécanique 50-300 MEUR ; qualification SSI requise.,DETECTE,HORS_UNIVERS_IDENTITE_INSUFFISANTE
2026-10-08,Bioage Labs Inc.              R,Y7G.F,EUR,Allemagne,252432992.0,FRA,Frankfurt,EQUITY,,Yahoo Finance / yfinance EquityQuery,2026-10-08,Détection mécanique 50-300 MEUR ; qualification SSI requise.,DETECTE,HORS_UNIVERS_IDENTITE_INSUFFISANTE
2026-10-08,Guardian Metal Resources PLC  R,8TM0.F,EUR,Allemagne,253250368.0,FRA,Frankfurt,EQUITY,,Yahoo Finance / yfinance EquityQuery,2026-10-08,Détection mécanique 50-300 MEUR ; qualification SSI requise.,DETECTE,HORS_UNIVERS_IDENTITE_INSUFFISANTE
2026-10-08,BAYWA AG                      V,BYW6.DE,EUR,Allemagne,254840144.0,GER,XETRA,EQUITY,,Yahoo Finance / yfinance EquityQuery,2026-10-08,Détection mécanique 50-300 MEUR ; qualification SSI requise.,DETECTE,HORS_UNIVERS_IDENTITE_INSUFFISANTE
2026-10-08,Bioage Labs Inc.              R,Y7G.MU,EUR,Allemagne,256104736.0,MUN,Munich,EQUITY,,Yahoo Finance / yfinance EquityQuery,2026-10-08,Détection mécanique 50-300 MEUR ; qualification SSI requise.,DETECTE,HORS_UNIVERS_IDENTITE_INSUFFISANTE
2026-10-08,Guardian Metal Resources PLC  R,8TM.F,EUR,Allemagne,256172512.0,FRA,Frankfurt,EQUITY,,Yahoo Finance / yfinance EquityQuery,2026-10-08,Détection mécanique 50-300 MEUR ; qualification SSI requise.,DETECTE,HORS_UNIVERS_IDENTITE_INSUFFISANTE
2026-10-08,H&R GmbH & Co. KGaA           I,2HRA.DE,EUR,Allemagne,256830032.0,GER,XETRA,EQUITY,,Yahoo Finance / yfinance EquityQuery,2026-10-08,Détection mécanique 50-300 MEUR ; qualification SSI requise.,DETECTE,HORS_UNIVERS_IDENTITE_INSUFFISANTE
2026-10-08,Instone Real Estate Group SE  I,INS.F,EUR,Allemagne,259935456.0,FRA,Frankfurt,EQUITY,,Yahoo Finance / yfinance EquityQuery,2026-10-08,Détection mécanique 50-300 MEUR ; qualification SSI requise.,DETECTE,HORS_UNIVERS_IDENTITE_INSUFFISANTE
2026-10-08,Medios AG                     I,ILM1.DE,EUR,Allemagne,262708960.0,GER,XETRA,EQUITY,,Yahoo Finance / yfinance EquityQuery,2026-10-08,Détection mécanique 50-300 MEUR ; qualification SSI requise.,DETECTE,HORS_UNIVERS_IDENTITE_INSUFFISANTE
2026-10-08,Medios AG                     I,ILM1.F,EUR,Allemagne,262708960.0,FRA,Frankfurt,EQUITY,,Yahoo Finance / yfinance EquityQuery,2026-10-08,Détection mécanique 50-300 MEUR ; qualification SSI requise.,DETECTE,HORS_UNIVERS_IDENTITE_INSUFFISANTE
2026-10-08,Instone Real Estate Group SE  I,INS.DE,EUR,Allemagne,263401264.0,GER,XETRA,EQUITY,,Yahoo Finance / yfinance EquityQuery,2026-10-08,Détection mécanique 50-300 MEUR ; qualification SSI requise.,DETECTE,HORS_UNIVERS_IDENTITE_INSUFFISANTE
2026-10-08,Ellomay Capital Ltd.,NUR.SG,EUR,Allemagne,266068848.0,STU,Stuttgart,EQUITY,,Yahoo Finance / yfinance EquityQuery,2026-10-08,Détection mécanique 50-300 MEUR ; qualification SSI requise.,DETECTE,HORS_UNIVERS_IDENTITE_INSUFFISANTE
2026-10-08,OVB Holding AG                I,O4B.F,EUR,Allemagne,266499584.0,FRA,Frankfurt,EQUITY,,Yahoo Finance / yfinance EquityQuery,2026-10-08,Détection mécanique 50-300 MEUR ; qualification SSI requise.,DETECTE,HORS_UNIVERS_IDENTITE_INSUFFISANTE
2026-10-08,OVB Holding AG                I,O4B.DE,EUR,Allemagne,269349824.0,GER,XETRA,EQUITY,,Yahoo Finance / yfinance EquityQuery,2026-10-08,Détection mécanique 50-300 MEUR ; qualification SSI requise.,DETECTE,HORS_UNIVERS_IDENTITE_INSUFFISANTE
2026-10-08,STRATEC SE                    N,SBS.F,EUR,Allemagne,270469696.0,FRA,Frankfurt,EQUITY,,Yahoo Finance / yfinance EquityQuery,2026-10-08,Détection mécanique 50-300 MEUR ; qualification SSI requise.,DETECTE,HORS_UNIVERS_IDENTITE_INSUFFISANTE
2026-10-08,Teqnion AB                    N,M45.MU,EUR,Allemagne,270875616.0,MUN,Munich,EQUITY,,Yahoo Finance / yfinance EquityQuery,2026-10-08,Détection mécanique 50-300 MEUR ; qualification SSI requise.,DETECTE,HORS_UNIVERS_IDENTITE_INSUFFISANTE
2026-10-08,Teqnion AB                    N,M45.F,EUR,Allemagne,271218944.0,FRA,Frankfurt,EQUITY,,Yahoo Finance / yfinance EquityQuery,2026-10-08,Détection mécanique 50-300 MEUR ; qualification SSI requise.,DETECTE,HORS_UNIVERS_IDENTITE_INSUFFISANTE
2026-10-08,STRATEC SE                    N,SBS.DE,EUR,Allemagne,271685312.0,GER,XETRA,EQUITY,,Yahoo Finance / yfinance EquityQuery,2026-10-08,Détection mécanique 50-300 MEUR ; qualification SSI requise.,DETECTE,HORS_UNIVERS_IDENTITE_INSUFFISANTE
2026-10-08,ZipRecruiter Inc.             R,47R.F,EUR,Allemagne,274470912.0,FRA,Frankfurt,EQUITY,,Yahoo Finance / yfinance EquityQuery,2026-10-08,Détection mécanique 50-300 MEUR ; qualification SSI requise.,DETECTE,HORS_UNIVERS_IDENTITE_INSUFFISANTE
2026-10-08,ZipRecruiter Inc.             R,47R.MU,EUR,Allemagne,277266624.0,MUN,Munich,EQUITY,,Yahoo Finance / yfinance EquityQuery,2026-10-08,Détection mécanique 50-300 MEUR ; qualification SSI requise.,DETECTE,HORS_UNIVERS_IDENTITE_INSUFFISANTE
2026-10-08,SINO AG                       I,XTP.F,EUR,Allemagne,278162496.0,FRA,Frankfurt,EQUITY,,Yahoo Finance / yfinance EquityQuery,2026-10-08,Détection mécanique 50-300 MEUR ; qualification SSI requise.,DETECTE,HORS_UNIVERS_IDENTITE_INSUFFISANTE
2026-10-08,SINO AG                       I,XTP.DE,EUR,Allemagne,281668736.0,GER,XETRA,EQUITY,,Yahoo Finance / yfinance EquityQuery,2026-10-08,Détection mécanique 50-300 MEUR ; qualification SSI requise.,DETECTE,HORS_UNIVERS_IDENTITE_INSUFFISANTE
2026-10-08,Oatly Group AB                N,9ZX0.F,EUR,Allemagne,282898528.0,FRA,Frankfurt,EQUITY,,Yahoo Finance / yfinance EquityQuery,2026-10-08,Détection mécanique 50-300 MEUR ; qualification SSI requise.,DETECTE,HORS_UNIVERS_IDENTITE_INSUFFISANTE
2026-10-08,Oatly Group AB                N,9ZX0.MU,EUR,Allemagne,290392512.0,MUN,Munich,EQUITY,,Yahoo Finance / yfinance EquityQuery,2026-10-08,Détection mécanique 50-300 MEUR ; qualification SSI requise.,DETECTE,HORS_UNIVERS_IDENTITE_INSUFFISANTE
2026-10-08,Cogeco Inc.,76E.SG,EUR,Allemagne,290768032.0,STU,Stuttgart,EQUITY,,Yahoo Finance / yfinance EquityQuery,2026-10-08,Détection mécanique 50-300 MEUR ; qualification SSI requise.,DETECTE,HORS_UNIVERS_IDENTITE_INSUFFISANTE
2026-10-08,NYXOAH SA,NYXH.BR,EUR,Belgique,127300272.0,BRU,Brussels,EQUITY,,Yahoo Finance / yfinance EquityQuery,2026-10-08,Détection mécanique 50-300 MEUR ; qualification SSI requise.,DETECTE,HORS_UNIVERS_IDENTITE_INSUFFISANTE
2026-10-08,NEXMETALS MINING CORP,NEXM.V,CAD,Canada,53943137.23,VAN,TSXV,EQUITY,,Yahoo Finance / yfinance EquityQuery,2026-10-08,Détection mécanique 50-300 MEUR ; qualification SSI requise.,DETECTE,HORS_UNIVERS_IDENTITE_INSUFFISANTE
2026-10-08,ANFIELD ENERGY INC,AEC.V,CAD,Canada,60376983.26,VAN,TSXV,EQUITY,,Yahoo Finance / yfinance EquityQuery,2026-10-08,Détection mécanique 50-300 MEUR ; qualification SSI requise.,DETECTE,HORS_UNIVERS_IDENTITE_INSUFFISANTE
2026-10-08,FURY GOLD MINES LIMITED,FURY.TO,CAD,Canada,87977381.65,TOR,Toronto,EQUITY,,Yahoo Finance / yfinance EquityQuery,2026-10-08,Détection mécanique 50-300 MEUR ; qualification SSI requise.,DETECTE,HORS_UNIVERS_IDENTITE_INSUFFISANTE
2026-10-08,TUCOWS INC.,TC.TO,CAD,Canada,96001503.17,TOR,Toronto,EQUITY,,Yahoo Finance / yfinance EquityQuery,2026-10-08,Détection mécanique 50-300 MEUR ; qualification SSI requise.,DETECTE,HORS_UNIVERS_IDENTITE_INSUFFISANTE
2026-10-08,ORGANIGRAM GLOBAL INC,OGI.TO,CAD,Canada,122556841.66,TOR,Toronto,EQUITY,,Yahoo Finance / yfinance EquityQuery,2026-10-08,Détection mécanique 50-300 MEUR ; qualification SSI requise.,DETECTE,HORS_UNIVERS_IDENTITE_INSUFFISANTE
2026-10-08,GREENLAND RESOURCES INC.,MOLY.NE,CAD,Canada,126489765.32,NEO,Cboe CA,EQUITY,,Yahoo Finance / yfinance EquityQuery,2026-10-08,Détection mécanique 50-300 MEUR ; qualification SSI requise.,DETECTE,HORS_UNIVERS_IDENTITE_INSUFFISANTE
2026-10-08,GREENLAND RESOURCES INC,MOLY.TO,CAD,Canada,129364592.97,TOR,Toronto,EQUITY,,Yahoo Finance / yfinance EquityQuery,2026-10-08,Détection mécanique 50-300 MEUR ; qualification SSI requise.,DETECTE,HORS_UNIVERS_IDENTITE_INSUFFISANTE
2026-10-08,CARDIOL THERAPEUTICS INC,CRDL.TO,CAD,Canada,140565233.56,TOR,Toronto,EQUITY,,Yahoo Finance / yfinance EquityQuery,2026-10-08,Détection mécanique 50-300 MEUR ; qualification SSI requise.,DETECTE,HORS_UNIVERS_IDENTITE_INSUFFISANTE
2026-10-08,PLATINUM GROUP METALS LTD.,PTM.TO,CAD,Canada,142338905.01,TOR,Toronto,EQUITY,,Yahoo Finance / yfinance EquityQuery,2026-10-08,Détection mécanique 50-300 MEUR ; qualification SSI requise.,DETECTE,HORS_UNIVERS_IDENTITE_INSUFFISANTE
2026-10-08,SANGOMA TECHNOLOGIES CORPORATIO,STC.TO,CAD,Canada,144391547.24,TOR,Toronto,EQUITY,,Yahoo Finance / yfinance EquityQuery,2026-10-08,Détection mécanique 50-300 MEUR ; qualification SSI requise.,DETECTE,HORS_UNIVERS_IDENTITE_INSUFFISANTE
2026-10-08,SATELLOS BIOSCIENCE INC,MSCL.TO,CAD,Canada,147656077.57,TOR,Toronto,EQUITY,,Yahoo Finance / yfinance EquityQuery,2026-10-08,Détection mécanique 50-300 MEUR ; qualification SSI requise.,DETECTE,HORS_UNIVERS_IDENTITE_INSUFFISANTE
2026-10-08,MAYFAIR GOLD CORP,MFG.V,CAD,Canada,147773962.83,VAN,TSXV,EQUITY,,Yahoo Finance / yfinance EquityQuery,2026-10-08,Détection mécanique 50-300 MEUR ; qualification SSI requise.,DETECTE,HORS_UNIVERS_IDENTITE_INSUFFISANTE
2026-10-08,GOLDMINING INC,GOLD.TO,CAD,Canada,166547433.38,TOR,Toronto,EQUITY,,Yahoo Finance / yfinance EquityQuery,2026-10-08,Détection mécanique 50-300 MEUR ; qualification SSI requise.,DETECTE,HORS_UNIVERS_IDENTITE_INSUFFISANTE
2026-10-08,DEFI TECHNOLOGIES INC.,DEFI.NE,CAD,Canada,177150583.88,NEO,Cboe CA,EQUITY,,Yahoo Finance / yfinance EquityQuery,2026-10-08,Détection mécanique 50-300 MEUR ; qualification SSI requise.,DETECTE,HORS_UNIVERS_IDENTITE_INSUFFISANTE
2026-10-08,PROFOUND MEDICAL CORP,PRN.TO,CAD,Canada,186403601.47,TOR,Toronto,EQUITY,,Yahoo Finance / yfinance EquityQuery,2026-10-08,Détection mécanique 50-300 MEUR ; qualification SSI requise.,DETECTE,HORS_UNIVERS_IDENTITE_INSUFFISANTE
2026-10-08,ENCORE ENERGY CORP,EU.V,CAD,Canada,189512778.97,VAN,TSXV,EQUITY,,Yahoo Finance / yfinance EquityQuery,2026-10-08,Détection mécanique 50-300 MEUR ; qualification SSI requise.,DETECTE,HORS_UNIVERS_IDENTITE_INSUFFISANTE
2026-10-08,KOLIBRI GLOBAL ENERGY INC,KEI.TO,CAD,Canada,204035266.76,TOR,Toronto,EQUITY,,Yahoo Finance / yfinance EquityQuery,2026-10-08,Détection mécanique 50-300 MEUR ; qualification SSI requise.,DETECTE,HORS_UNIVERS_IDENTITE_INSUFFISANTE
2026-10-08,TITAN MINING CORPORATION,TI.TO,CAD,Canada,204242663.98,TOR,Toronto,EQUITY,,Yahoo Finance / yfinance EquityQuery,2026-10-08,Détection mécanique 50-300 MEUR ; qualification SSI requise.,DETECTE,HORS_UNIVERS_IDENTITE_INSUFFISANTE
2026-10-08,AURORA CANNABIS INC,ACB.TO,CAD,Canada,252171391.8,TOR,Toronto,EQUITY,,Yahoo Finance / yfinance EquityQuery,2026-10-08,Détection mécanique 50-300 MEUR ; qualification SSI requise.,DETECTE,HORS_UNIVERS_IDENTITE_INSUFFISANTE
2026-10-08,CORBY SPIRIT AND WINE LTD CLASS,CSW-B.TO,CAD,Canada,270046931.42,TOR,Toronto,EQUITY,,Yahoo Finance / yfinance EquityQuery,2026-10-08,Détection mécanique 50-300 MEUR ; qualification SSI requise.,DETECTE,HORS_UNIVERS_IDENTITE_INSUFFISANTE
2026-10-08,CORBY SPIRIT AND WINE LTD CLASS,CSW-A.TO,CAD,Canada,273251193.5,TOR,Toronto,EQUITY,,Yahoo Finance / yfinance EquityQuery,2026-10-08,Détection mécanique 50-300 MEUR ; qualification SSI requise.,DETECTE,HORS_UNIVERS_IDENTITE_INSUFFISANTE
2026-10-08,SNDL Inc.,SNDL.CN,CAD,Canada,277015798.26,CNQ,Canadian Sec,EQUITY,,Yahoo Finance / yfinance EquityQuery,2026-10-08,Détection mécanique 50-300 MEUR ; qualification SSI requise.,DETECTE,HORS_UNIVERS_IDENTITE_INSUFFISANTE
2026-10-08,ELECTROVAYA INC,ELVA.TO,CAD,Canada,281396291.72,TOR,Toronto,EQUITY,,Yahoo Finance / yfinance EquityQuery,2026-10-08,Détection mécanique 50-300 MEUR ; qualification SSI requise.,DETECTE,HORS_UNIVERS_IDENTITE_INSUFFISANTE
2026-10-08,NORTH AMERICAN CONSTRUCTION GRO,NOA.TO,CAD,Canada,285252799.56,TOR,Toronto,EQUITY,,Yahoo Finance / yfinance EquityQuery,2026-10-08,Détection mécanique 50-300 MEUR ; qualification SSI requise.,DETECTE,HORS_UNIVERS_IDENTITE_INSUFFISANTE
2026-10-08,"MAKING SCIENCE GROUP, S.A.",MAKS.MC,EUR,Espagne,52866492.0,MCE,MCE,EQUITY,,Yahoo Finance / yfinance EquityQuery,2026-10-08,Détection mécanique 50-300 MEUR ; qualification SSI requise.,DETECTE,HORS_UNIVERS_IDENTITE_INSUFFISANTE
2026-10-08,AIRTIFICIAL INTELLIGENCE STRUCT,AI.MC,EUR,Espagne,138003984.0,MCE,MCE,EQUITY,,Yahoo Finance / yfinance EquityQuery,2026-10-08,Détection mécanique 50-300 MEUR ; qualification SSI requise.,DETECTE,HORS_UNIVERS_IDENTITE_INSUFFISANTE
2026-10-08,BERKELEY ENERGIA LIMITED,BKY.MC,EUR,Espagne,169814544.0,MCE,MCE,EQUITY,,Yahoo Finance / yfinance EquityQuery,2026-10-08,Détection mécanique 50-300 MEUR ; qualification SSI requise.,DETECTE,HORS_UNIVERS_IDENTITE_INSUFFISANTE
2026-10-08,"IBERPAPEL GESTION,S.A.",IBG.MC,EUR,Espagne,187424496.0,MCE,MCE,EQUITY,,Yahoo Finance / yfinance EquityQuery,2026-10-08,Détection mécanique 50-300 MEUR ; qualification SSI requise.,DETECTE,HORS_UNIVERS_IDENTITE_INSUFFISANTE
2026-10-08,Nanoform Finland Oyj,NANOFH.HE,EUR,Finlande,66888784.0,HEL,Helsinki,EQUITY,,Yahoo Finance / yfinance EquityQuery,2026-10-08,Détection mécanique 50-300 MEUR ; qualification SSI requise.,DETECTE,HORS_UNIVERS_IDENTITE_INSUFFISANTE
2026-10-08,Remedy Entertainment Oyj,REMEDY.HE,EUR,Finlande,227504144.0,HEL,Helsinki,EQUITY,,Yahoo Finance / yfinance EquityQuery,2026-10-08,Détection mécanique 50-300 MEUR ; qualification SSI requise.,DETECTE,HORS_UNIVERS_IDENTITE_INSUFFISANTE
2026-10-08,MAKING SCIENCE GROUP S.A.,ALMKS.PA,EUR,France,58740544.0,PAR,Paris,EQUITY,,Yahoo Finance / yfinance EquityQuery,2026-10-08,Détection mécanique 50-300 MEUR ; qualification SSI requise.,DETECTE,HORS_UNIVERS_IDENTITE_INSUFFISANTE
2026-10-08,EKINOPS,EKI.PA,EUR,France,59546404.0,PAR,Paris,EQUITY,,Yahoo Finance / yfinance EquityQuery,2026-10-08,Détection mécanique 50-300 MEUR ; qualification SSI requise.,DETECTE,HORS_UNIVERS_IDENTITE_INSUFFISANTE
2026-10-08,WE.CONNECT,ALWEC.PA,EUR,France,68632624.0,PAR,Paris,EQUITY,,Yahoo Finance / yfinance EquityQuery,2026-10-08,Détection mécanique 50-300 MEUR ; qualification SSI requise.,DETECTE,HORS_UNIVERS_IDENTITE_INSUFFISANTE
2026-10-08,EUROAPI SA,EAPI.PA,EUR,France,71455432.0,PAR,Paris,EQUITY,,Yahoo Finance / yfinance EquityQuery,2026-10-08,Détection mécanique 50-300 MEUR ; qualification SSI requise.,DETECTE,HORS_UNIVERS_IDENTITE_INSUFFISANTE
2026-10-08,ACTIA GROUP S.A.,ALATI.PA,EUR,France,72905416.0,PAR,Paris,EQUITY,,Yahoo Finance / yfinance EquityQuery,2026-10-08,Détection mécanique 50-300 MEUR ; qualification SSI requise.,DETECTE,HORS_UNIVERS_IDENTITE_INSUFFISANTE
2026-10-08,APEX CRITICAL METALS CORP.,MLAPX.PA,EUR,France,85488552.0,PAR,Paris,EQUITY,,Yahoo Finance / yfinance EquityQuery,2026-10-08,Détection mécanique 50-300 MEUR ; qualification SSI requise.,DETECTE,HORS_UNIVERS_IDENTITE_INSUFFISANTE
2026-10-08,INNATE PHARMA,IPH.PA,EUR,France,145880656.0,PAR,Paris,EQUITY,,Yahoo Finance / yfinance EquityQuery,2026-10-08,Détection mécanique 50-300 MEUR ; qualification SSI requise.,DETECTE,HORS_UNIVERS_IDENTITE_INSUFFISANTE
2026-10-08,ENSURGE MICROPOWER ASA,ENSU.OL,NOK,Norvège,51946794.96,OSL,Oslo,EQUITY,,Yahoo Finance / yfinance EquityQuery,2026-10-08,Détection mécanique 50-300 MEUR ; qualification SSI requise.,DETECTE,HORS_UNIVERS_IDENTITE_INSUFFISANTE
2026-10-08,WESTERN BULK CHARTERING AS,WEST.OL,NOK,Norvège,65165966.4,OSL,Oslo,EQUITY,,Yahoo Finance / yfinance EquityQuery,2026-10-08,Détection mécanique 50-300 MEUR ; qualification SSI requise.,DETECTE,HORS_UNIVERS_IDENTITE_INSUFFISANTE
2026-10-08,NYKODE THERAPEUTICS ASA,NYKD.OL,NOK,Norvège,124054680.21,OSL,Oslo,EQUITY,,Yahoo Finance / yfinance EquityQuery,2026-10-08,Détection mécanique 50-300 MEUR ; qualification SSI requise.,DETECTE,HORS_UNIVERS_IDENTITE_INSUFFISANTE
2026-10-08,NORSK TITANIUM AS,NTI.OL,NOK,Norvège,130794528.89,OSL,Oslo,EQUITY,,Yahoo Finance / yfinance EquityQuery,2026-10-08,Détection mécanique 50-300 MEUR ; qualification SSI requise.,DETECTE,HORS_UNIVERS_IDENTITE_INSUFFISANTE
2026-10-08,AGILYX ASA,AGLX.OL,NOK,Norvège,168632280.24,OSL,Oslo,EQUITY,,Yahoo Finance / yfinance EquityQuery,2026-10-08,Détection mécanique 50-300 MEUR ; qualification SSI requise.,DETECTE,HORS_UNIVERS_IDENTITE_INSUFFISANTE
2026-10-08,ODFJELL TECHNOLOGY LTD,OTL.OL,NOK,Norvège,218121700.25,OSL,Oslo,EQUITY,,Yahoo Finance / yfinance EquityQuery,2026-10-08,Détection mécanique 50-300 MEUR ; qualification SSI requise.,DETECTE,HORS_UNIVERS_IDENTITE_INSUFFISANTE
2026-10-08,GRIEG SEAFOOD,GSF.OL,NOK,Norvège,242720235.13,OSL,Oslo,EQUITY,,Yahoo Finance / yfinance EquityQuery,2026-10-08,Détection mécanique 50-300 MEUR ; qualification SSI requise.,DETECTE,HORS_UNIVERS_IDENTITE_INSUFFISANTE
2026-10-08,ENVIPCO HOLDING N.V.,ENVIP.OL,NOK,Norvège,242911490.74,OSL,Oslo,EQUITY,,Yahoo Finance / yfinance EquityQuery,2026-10-08,Détection mécanique 50-300 MEUR ; qualification SSI requise.,DETECTE,HORS_UNIVERS_IDENTITE_INSUFFISANTE
2026-10-08,ENVIPCO HOLDING N.V.,ENVI.AS,EUR,Pays-Bas,242221232.0,AMS,Amsterdam,EQUITY,,Yahoo Finance / yfinance EquityQuery,2026-10-08,Détection mécanique 50-300 MEUR ; qualification SSI requise.,DETECTE,HORS_UNIVERS_IDENTITE_INSUFFISANTE
2026-10-08,LINDSELL TRAIN INVESTMENT TRUST,LTI.L,GBP,Royaume-Uni,134940999.9,LSE,LSE,EQUITY,,Yahoo Finance / yfinance EquityQuery,2026-10-08,Détection mécanique 50-300 MEUR ; qualification SSI requise.,DETECTE,HORS_UNIVERS_IDENTITE_INSUFFISANTE
2026-10-08,Lindsell Train Investment Trust,LTIL.XC,GBP,Royaume-Uni,136997605.12,CXE,Cboe UK,EQUITY,,Yahoo Finance / yfinance EquityQuery,2026-10-08,Détection mécanique 50-300 MEUR ; qualification SSI requise.,DETECTE,HORS_UNIVERS_IDENTITE_INSUFFISANTE
2026-10-08,Kudelski SA,KUDZ.XC,GBP,Royaume-Uni,141924463.43,CXE,Cboe UK,EQUITY,,Yahoo Finance / yfinance EquityQuery,2026-10-08,Détection mécanique 50-300 MEUR ; qualification SSI requise.,DETECTE,HORS_UNIVERS_IDENTITE_INSUFFISANTE
2026-10-08,Molecular Partners AG,MOLNZ.XC,GBP,Royaume-Uni,147013389.2,CXE,Cboe UK,EQUITY,,Yahoo Finance / yfinance EquityQuery,2026-10-08,Détection mécanique 50-300 MEUR ; qualification SSI requise.,DETECTE,HORS_UNIVERS_IDENTITE_INSUFFISANTE
2026-10-08,SYMPHONY INTERNATIONAL HOLDINGS,SIHL.L,GBP,Royaume-Uni,230599896.0,LSE,LSE,EQUITY,,Yahoo Finance / yfinance EquityQuery,2026-10-08,Détection mécanique 50-300 MEUR ; qualification SSI requise.,DETECTE,HORS_UNIVERS_IDENTITE_INSUFFISANTE
2026-10-08,Santhera Pharmaceuticals Holdin,SANNZ.XC,GBP,Royaume-Uni,238635586.02,CXE,Cboe UK,EQUITY,,Yahoo Finance / yfinance EquityQuery,2026-10-08,Détection mécanique 50-300 MEUR ; qualification SSI requise.,DETECTE,HORS_UNIVERS_IDENTITE_INSUFFISANTE
2026-10-08,Symphony International Holdings,SIHLL.XC,GBP,Royaume-Uni,242099621.17,CXE,Cboe UK,EQUITY,,Yahoo Finance / yfinance EquityQuery,2026-10-08,Détection mécanique 50-300 MEUR ; qualification SSI requise.,DETECTE,HORS_UNIVERS_IDENTITE_INSUFFISANTE
2026-10-08,LASTMINUTE.COM N.V.,LMN.SW,CHF,Suisse,104885194.18,EBS,Swiss,EQUITY,,Yahoo Finance / yfinance EquityQuery,2026-10-08,Détection mécanique 50-300 MEUR ; qualification SSI requise.,DETECTE,HORS_UNIVERS_IDENTITE_INSUFFISANTE
2026-10-08,Bitcoin Group SE,ADE.SW,CHF,Suisse,140093113.59,EBS,Swiss,EQUITY,,Yahoo Finance / yfinance EquityQuery,2026-10-08,Détection mécanique 50-300 MEUR ; qualification SSI requise.,DETECTE,HORS_UNIVERS_IDENTITE_INSUFFISANTE
2026-10-08,AFRICA ENERGY CORP.,AEC.ST,SEK,Suède,55898146.22,STO,Stockholm,EQUITY,,Yahoo Finance / yfinance EquityQuery,2026-10-08,Détection mécanique 50-300 MEUR ; qualification SSI requise.,DETECTE,HORS_UNIVERS_IDENTITE_INSUFFISANTE
2026-10-08,Tingsvalvet Fastighets AB ser.,TINGS-B.ST,SEK,Suède,56956362.71,STO,Stockholm,EQUITY,,Yahoo Finance / yfinance EquityQuery,2026-10-08,Détection mécanique 50-300 MEUR ; qualification SSI requise.,DETECTE,HORS_UNIVERS_IDENTITE_INSUFFISANTE
2026-10-08,Nanoform Finland Oyj,NANOFS.ST,SEK,Suède,66860246.74,STO,Stockholm,EQUITY,,Yahoo Finance / yfinance EquityQuery,2026-10-08,Détection mécanique 50-300 MEUR ; qualification SSI requise.,DETECTE,HORS_UNIVERS_IDENTITE_INSUFFISANTE
2026-10-08,AAC Clyde Space AB,AAC.ST,SEK,Suède,72371207.76,STO,Stockholm,EQUITY,,Yahoo Finance / yfinance EquityQuery,2026-10-08,Détection mécanique 50-300 MEUR ; qualification SSI requise.,DETECTE,HORS_UNIVERS_IDENTITE_INSUFFISANTE
2026-10-08,Tingsvalvet Fastighets AB ser.,TINGS-A.ST,SEK,Suède,83029022.96,STO,Stockholm,EQUITY,,Yahoo Finance / yfinance EquityQuery,2026-10-08,Détection mécanique 50-300 MEUR ; qualification SSI requise.,DETECTE,HORS_UNIVERS_IDENTITE_INSUFFISANTE
2026-10-08,Infant Bacterial Therapeutics A,IBT-B.ST,SEK,Suède,87067767.63,STO,Stockholm,EQUITY,,Yahoo Finance / yfinance EquityQuery,2026-10-08,Détection mécanique 50-300 MEUR ; qualification SSI requise.,DETECTE,HORS_UNIVERS_IDENTITE_INSUFFISANTE
2026-10-08,PowerCell Sweden AB,PCELL.ST,SEK,Suède,92341627.36,STO,Stockholm,EQUITY,,Yahoo Finance / yfinance EquityQuery,2026-10-08,Détection mécanique 50-300 MEUR ; qualification SSI requise.,DETECTE,HORS_UNIVERS_IDENTITE_INSUFFISANTE
2026-10-08,Enad Global 7 AB,EG7.ST,SEK,Suède,119887880.87,STO,Stockholm,EQUITY,,Yahoo Finance / yfinance EquityQuery,2026-10-08,Détection mécanique 50-300 MEUR ; qualification SSI requise.,DETECTE,HORS_UNIVERS_IDENTITE_INSUFFISANTE
2026-10-08,BICO Group AB,BICO.ST,SEK,Suède,133640917.28,STO,Stockholm,EQUITY,,Yahoo Finance / yfinance EquityQuery,2026-10-08,Détection mécanique 50-300 MEUR ; qualification SSI requise.,DETECTE,HORS_UNIVERS_IDENTITE_INSUFFISANTE
2026-10-08,BioInvent International AB,BINV.ST,SEK,Suède,135722643.08,STO,Stockholm,EQUITY,,Yahoo Finance / yfinance EquityQuery,2026-10-08,Détection mécanique 50-300 MEUR ; qualification SSI requise.,DETECTE,HORS_UNIVERS_IDENTITE_INSUFFISANTE
2026-10-08,Lucara Diamond Corp,LUC.ST,SEK,Suède,136707621.71,STO,Stockholm,EQUITY,,Yahoo Finance / yfinance EquityQuery,2026-10-08,Détection mécanique 50-300 MEUR ; qualification SSI requise.,DETECTE,HORS_UNIVERS_IDENTITE_INSUFFISANTE
2026-10-08,Paxman AB,PAX.ST,SEK,Suède,136763813.22,STO,Stockholm,EQUITY,,Yahoo Finance / yfinance EquityQuery,2026-10-08,Détection mécanique 50-300 MEUR ; qualification SSI requise.,DETECTE,HORS_UNIVERS_IDENTITE_INSUFFISANTE
2026-10-08,Zentek Ltd,ZTEKF,USD,USA,51757077.94,OQX,OTC Markets OTCQX,EQUITY,,Yahoo Finance / yfinance EquityQuery,2026-10-08,Détection mécanique 50-300 MEUR ; qualification SSI requise.,DETECTE,RESOLU_SECONDAIRE_OTC
2026-10-08,Edge Copper Corporation,PLLMF,USD,USA,52074716.91,PNK,OTC Markets OTCPK,EQUITY,,Yahoo Finance / yfinance EquityQuery,2026-10-08,Détection mécanique 50-300 MEUR ; qualification SSI requise.,DETECTE,RESOLU_SECONDAIRE_OTC
2026-10-08,NORTHWEST COPPER CORP.,NWCCF,USD,USA,52645982.95,PNK,OTC Markets OTCPK,EQUITY,,Yahoo Finance / yfinance EquityQuery,2026-10-08,Détection mécanique 50-300 MEUR ; qualification SSI requise.,DETECTE,RESOLU_SECONDAIRE_OTC
2026-10-08,JERICHO ENERGY VENTURES INC.,JROOF,USD,USA,53273021.7,OID,OTC Markets OTCID,EQUITY,,Yahoo Finance / yfinance EquityQuery,2026-10-08,Détection mécanique 50-300 MEUR ; qualification SSI requise.,DETECTE,RESOLU_SECONDAIRE_OTC
2026-10-08,NexMetals Mining Corp.,NEXM,USD,USA,53376274.62,NCM,NasdaqCM,EQUITY,,Yahoo Finance / yfinance EquityQuery,2026-10-08,Détection mécanique 50-300 MEUR ; qualification SSI requise.,DETECTE,HORS_UNIVERS_IDENTITE_INSUFFISANTE
2026-10-08,Alterity Therapeutics Limited,ATHE,USD,USA,53718055.35,NCM,NasdaqCM,EQUITY,,Yahoo Finance / yfinance EquityQuery,2026-10-08,Détection mécanique 50-300 MEUR ; qualification SSI requise.,DETECTE,HORS_UNIVERS_IDENTITE_INSUFFISANTE
2026-10-08,PIRATE GOLD CORP.,YARRF,USD,USA,53730033.81,OQB,OTC Markets OTCQB,EQUITY,,Yahoo Finance / yfinance EquityQuery,2026-10-08,Détection mécanique 50-300 MEUR ; qualification SSI requise.,DETECTE,RESOLU_SECONDAIRE_OTC
2026-10-08,Pinetree Capital Ltd.,PNPFF,USD,USA,54385810.21,PNK,OTC Markets OTCPK,EQUITY,,Yahoo Finance / yfinance EquityQuery,2026-10-08,Détection mécanique 50-300 MEUR ; qualification SSI requise.,DETECTE,RESOLU_SECONDAIRE_OTC
2026-10-08,Endurance Gold Corp.,ENDGF,USD,USA,55128154.99,OQB,OTC Markets OTCQB,EQUITY,,Yahoo Finance / yfinance EquityQuery,2026-10-08,Détection mécanique 50-300 MEUR ; qualification SSI requise.,DETECTE,RESOLU_SECONDAIRE_OTC
2026-10-08,Angkor Resources Corp.,ANKOF,USD,USA,55170495.48,OQB,OTC Markets OTCQB,EQUITY,,Yahoo Finance / yfinance EquityQuery,2026-10-08,Détection mécanique 50-300 MEUR ; qualification SSI requise.,DETECTE,RESOLU_SECONDAIRE_OTC
2026-10-08,Scorpio Gold Corp.,SRCRF,USD,USA,55368893.65,OQB,OTC Markets OTCQB,EQUITY,,Yahoo Finance / yfinance EquityQuery,2026-10-08,Détection mécanique 50-300 MEUR ; qualification SSI requise.,DETECTE,HORS_UNIVERS_IDENTITE_INSUFFISANTE
2026-10-08,IMPACT Silver Corp.,ISVLF,USD,USA,55907430.4,OQB,OTC Markets OTCQB,EQUITY,,Yahoo Finance / yfinance EquityQuery,2026-10-08,Détection mécanique 50-300 MEUR ; qualification SSI requise.,DETECTE,RESOLU_SECONDAIRE_OTC
2026-10-08,District Metals Corp.,DMXCF,USD,USA,55991034.38,OQX,OTC Markets OTCQX,EQUITY,,Yahoo Finance / yfinance EquityQuery,2026-10-08,Détection mécanique 50-300 MEUR ; qualification SSI requise.,DETECTE,RESOLU_SECONDAIRE_OTC
2026-10-08,SCANDIUM CANADA LTD.,SCDCF,USD,USA,56675452.46,PNK,OTC Markets OTCPK,EQUITY,,Yahoo Finance / yfinance EquityQuery,2026-10-08,Détection mécanique 50-300 MEUR ; qualification SSI requise.,DETECTE,RESOLU_SECONDAIRE_OTC
2026-10-08,Teuton Resources Corp.,TEUTF,USD,USA,57458971.87,OQB,OTC Markets OTCQB,EQUITY,,Yahoo Finance / yfinance EquityQuery,2026-10-08,Détection mécanique 50-300 MEUR ; qualification SSI requise.,DETECTE,RESOLU_SECONDAIRE_OTC
2026-10-08,"TriStar Gold, Inc.",TSGZF,USD,USA,57478521.29,OQB,OTC Markets OTCQB,EQUITY,,Yahoo Finance / yfinance EquityQuery,2026-10-08,Détection mécanique 50-300 MEUR ; qualification SSI requise.,DETECTE,RESOLU_SECONDAIRE_OTC
2026-10-08,AGRONOMICS LTD,AGNMF,USD,USA,57762194.04,PNK,OTC Markets OTCPK,EQUITY,,Yahoo Finance / yfinance EquityQuery,2026-10-08,Détection mécanique 50-300 MEUR ; qualification SSI requise.,DETECTE,HORS_UNIVERS_IDENTITE_INSUFFISANTE
2026-10-08,"BQE Water, Inc.",BTQNF,USD,USA,57802657.78,PNK,OTC Markets OTCPK,EQUITY,,Yahoo Finance / yfinance EquityQuery,2026-10-08,Détection mécanique 50-300 MEUR ; qualification SSI requise.,DETECTE,RESOLU_SECONDAIRE_OTC
2026-10-08,PARAGON ADVANCED LABS INC.,PAVLF,USD,USA,57863591.54,PNK,OTC Markets OTCPK,EQUITY,,Yahoo Finance / yfinance EquityQuery,2026-10-08,Détection mécanique 50-300 MEUR ; qualification SSI requise.,DETECTE,RESOLU_SECONDAIRE_OTC
2026-10-08,American Tungsten Corp.,TUNGF,USD,USA,58083483.42,OQX,OTC Markets OTCQX,EQUITY,,Yahoo Finance / yfinance EquityQuery,2026-10-08,Détection mécanique 50-300 MEUR ; qualification SSI requise.,DETECTE,RESOLU_SECONDAIRE_OTC
2026-10-08,West Vault Mining Inc.,WVMDF,USD,USA,58831444.21,OQX,OTC Markets OTCQX,EQUITY,,Yahoo Finance / yfinance EquityQuery,2026-10-08,Détection mécanique 50-300 MEUR ; qualification SSI requise.,DETECTE,RESOLU_SECONDAIRE_OTC
2026-10-08,Anfield Energy Inc.,AEC,USD,USA,59387952.21,NCM,NasdaqCM,EQUITY,,Yahoo Finance / yfinance EquityQuery,2026-10-08,Détection mécanique 50-300 MEUR ; qualification SSI requise.,DETECTE,HORS_UNIVERS_IDENTITE_INSUFFISANTE
2026-10-08,Creo Medical Group PLC,CMEOF,USD,USA,59866543.33,PNK,OTC Markets OTCPK,EQUITY,,Yahoo Finance / yfinance EquityQuery,2026-10-08,Détection mécanique 50-300 MEUR ; qualification SSI requise.,DETECTE,HORS_UNIVERS_IDENTITE_INSUFFISANTE
2026-10-08,Soma Gold Corp.,SMAGF,USD,USA,60331897.72,OQX,OTC Markets OTCQX,EQUITY,,Yahoo Finance / yfinance EquityQuery,2026-10-08,Détection mécanique 50-300 MEUR ; qualification SSI requise.,DETECTE,RESOLU_SECONDAIRE_OTC
2026-10-08,"Hannan Metals, Ltd.",HANNF,USD,USA,60382768.86,PNK,OTC Markets OTCPK,EQUITY,,Yahoo Finance / yfinance EquityQuery,2026-10-08,Détection mécanique 50-300 MEUR ; qualification SSI requise.,DETECTE,RESOLU_SECONDAIRE_OTC
2026-10-08,Newcore Gold Ltd.,NCAUF,USD,USA,60447608.96,OQX,OTC Markets OTCQX,EQUITY,,Yahoo Finance / yfinance EquityQuery,2026-10-08,Détection mécanique 50-300 MEUR ; qualification SSI requise.,DETECTE,RESOLU_SECONDAIRE_OTC
2026-10-08,HOMELAND NICKEL INC.,SRCGF,USD,USA,60450445.4,OQB,OTC Markets OTCQB,EQUITY,,Yahoo Finance / yfinance EquityQuery,2026-10-08,Détection mécanique 50-300 MEUR ; qualification SSI requise.,DETECTE,RESOLU_SECONDAIRE_OTC
2026-10-08,GOLD TERRA RESOURCE CORP.,YGTFF,USD,USA,61412326.61,OQB,OTC Markets OTCQB,EQUITY,,Yahoo Finance / yfinance EquityQuery,2026-10-08,Détection mécanique 50-300 MEUR ; qualification SSI requise.,DETECTE,RESOLU_SECONDAIRE_OTC
2026-10-08,Nano One Materials Corp.,NNOMF,USD,USA,61415276.79,OQB,OTC Markets OTCQB,EQUITY,,Yahoo Finance / yfinance EquityQuery,2026-10-08,Détection mécanique 50-300 MEUR ; qualification SSI requise.,DETECTE,RESOLU_SECONDAIRE_OTC
2026-10-08,Majestic Gold Corp.,MJGCF,USD,USA,61613714.07,PNK,OTC Markets OTCPK,EQUITY,,Yahoo Finance / yfinance EquityQuery,2026-10-08,Détection mécanique 50-300 MEUR ; qualification SSI requise.,DETECTE,RESOLU_SECONDAIRE_OTC
2026-10-08,GOODFELLOW INC,GFELF,USD,USA,62080433.36,PNK,OTC Markets OTCPK,EQUITY,,Yahoo Finance / yfinance EquityQuery,2026-10-08,Détection mécanique 50-300 MEUR ; qualification SSI requise.,DETECTE,RESOLU_SECONDAIRE_OTC
2026-10-08,New Stratus Energy Inc.,RDRIF,USD,USA,62717424.54,PNK,OTC Markets OTCPK,EQUITY,,Yahoo Finance / yfinance EquityQuery,2026-10-08,Détection mécanique 50-300 MEUR ; qualification SSI requise.,DETECTE,RESOLU_SECONDAIRE_OTC
2026-10-08,Lithium Ionic Corp.,LTHCF,USD,USA,62783466.03,OQB,OTC Markets OTCQB,EQUITY,,Yahoo Finance / yfinance EquityQuery,2026-10-08,Détection mécanique 50-300 MEUR ; qualification SSI requise.,DETECTE,RESOLU_SECONDAIRE_OTC
2026-10-08,American Lithium Corp.,AMLIF,USD,USA,62869618.55,OQX,OTC Markets OTCQX,EQUITY,,Yahoo Finance / yfinance EquityQuery,2026-10-08,Détection mécanique 50-300 MEUR ; qualification SSI requise.,DETECTE,RESOLU_SECONDAIRE_OTC
2026-10-08,DMG Blockchain Solutions Inc.,DMGGF,USD,USA,63665443.44,OQB,OTC Markets OTCQB,EQUITY,,Yahoo Finance / yfinance EquityQuery,2026-10-08,Détection mécanique 50-300 MEUR ; qualification SSI requise.,DETECTE,RESOLU_SECONDAIRE_OTC
2026-10-08,Vizsla Copper Corp.,VCUFF,USD,USA,63731051.29,OQB,OTC Markets OTCQB,EQUITY,,Yahoo Finance / yfinance EquityQuery,2026-10-08,Détection mécanique 50-300 MEUR ; qualification SSI requise.,DETECTE,RESOLU_SECONDAIRE_OTC
2026-10-08,Awale Resources Limited,AWLRF,USD,USA,63738423.2,OQX,OTC Markets OTCQX,EQUITY,,Yahoo Finance / yfinance EquityQuery,2026-10-08,Détection mécanique 50-300 MEUR ; qualification SSI requise.,DETECTE,RESOLU_SECONDAIRE_OTC
2026-10-08,INTREPID METALS CORP.,IMTCF,USD,USA,64301986.76,OQB,OTC Markets OTCQB,EQUITY,,Yahoo Finance / yfinance EquityQuery,2026-10-08,Détection mécanique 50-300 MEUR ; qualification SSI requise.,DETECTE,RESOLU_SECONDAIRE_OTC
2026-10-08,Reitmans (Canada) Limited,RTMAF,USD,USA,64429413.43,PNK,OTC Markets OTCPK,EQUITY,,Yahoo Finance / yfinance EquityQuery,2026-10-08,Détection mécanique 50-300 MEUR ; qualification SSI requise.,DETECTE,RESOLU_SECONDAIRE_OTC
2026-10-08,FPX Nickel Corp.,FPOCF,USD,USA,64549859.18,OQX,OTC Markets OTCQX,EQUITY,,Yahoo Finance / yfinance EquityQuery,2026-10-08,Détection mécanique 50-300 MEUR ; qualification SSI requise.,DETECTE,RESOLU_SECONDAIRE_OTC
2026-10-08,REV Exploration Corp.,REVFF,USD,USA,64684735.96,OID,OTC Markets OTCID,EQUITY,,Yahoo Finance / yfinance EquityQuery,2026-10-08,Détection mécanique 50-300 MEUR ; qualification SSI requise.,DETECTE,RESOLU_SECONDAIRE_OTC
2026-10-08,"Ecosynthetix, Inc.",ECSNF,USD,USA,64773717.81,PNK,OTC Markets OTCPK,EQUITY,,Yahoo Finance / yfinance EquityQuery,2026-10-08,Détection mécanique 50-300 MEUR ; qualification SSI requise.,DETECTE,RESOLU_SECONDAIRE_OTC
2026-10-08,Asarian Energy Limited,FOSYF,USD,USA,65239655.12,PNK,OTC Markets OTCPK,EQUITY,,Yahoo Finance / yfinance EquityQuery,2026-10-08,Détection mécanique 50-300 MEUR ; qualification SSI requise.,DETECTE,RESOLU_SECONDAIRE_OTC
2026-10-08,ALUULA COMPOSITES INC.,AUUAF,USD,USA,65250759.19,OQB,OTC Markets OTCQB,EQUITY,,Yahoo Finance / yfinance EquityQuery,2026-10-08,Détection mécanique 50-300 MEUR ; qualification SSI requise.,DETECTE,RESOLU_SECONDAIRE_OTC
2026-10-08,Emerita Resources Corp.,EMOTF,USD,USA,65763963.45,OQX,OTC Markets OTCQX,EQUITY,,Yahoo Finance / yfinance EquityQuery,2026-10-08,Détection mécanique 50-300 MEUR ; qualification SSI requise.,DETECTE,RESOLU_SECONDAIRE_OTC
2026-10-08,Freeman Gold Corp.,FMANF,USD,USA,66395480.79,OQB,OTC Markets OTCQB,EQUITY,,Yahoo Finance / yfinance EquityQuery,2026-10-08,Détection mécanique 50-300 MEUR ; qualification SSI requise.,DETECTE,RESOLU_SECONDAIRE_OTC
2026-10-08,Covalon Technologies Ltd.,CVALF,USD,USA,66753420.01,OQX,OTC Markets OTCQX,EQUITY,,Yahoo Finance / yfinance EquityQuery,2026-10-08,Détection mécanique 50-300 MEUR ; qualification SSI requise.,DETECTE,RESOLU_SECONDAIRE_OTC
2026-10-08,Alithya Group Inc.,ALYAF,USD,USA,67069729.62,PNK,OTC Markets OTCPK,EQUITY,,Yahoo Finance / yfinance EquityQuery,2026-10-08,Détection mécanique 50-300 MEUR ; qualification SSI requise.,DETECTE,RESOLU_SECONDAIRE_OTC
2026-10-08,Reitmans (Canada) Limited,RTMNF,USD,USA,67095449.54,PNK,OTC Markets OTCPK,EQUITY,,Yahoo Finance / yfinance EquityQuery,2026-10-08,Détection mécanique 50-300 MEUR ; qualification SSI requise.,DETECTE,RESOLU_SECONDAIRE_OTC
2026-10-08,"Orosur Mining, Inc",OROXF,USD,USA,67905172.29,PNK,OTC Markets OTCPK,EQUITY,,Yahoo Finance / yfinance EquityQuery,2026-10-08,Détection mécanique 50-300 MEUR ; qualification SSI requise.,DETECTE,RESOLU_SECONDAIRE_OTC
2026-10-08,WESTERN BULK CHARTERING AS,WSSTF,USD,USA,68048935.17,PNK,OTC Markets OTCPK,EQUITY,,Yahoo Finance / yfinance EquityQuery,2026-10-08,Détection mécanique 50-300 MEUR ; qualification SSI requise.,DETECTE,HORS_UNIVERS_IDENTITE_INSUFFISANTE
2026-10-08,Midnight Sun Mining Corp,MDNGF,USD,USA,68109445.95,OQX,OTC Markets OTCQX,EQUITY,,Yahoo Finance / yfinance EquityQuery,2026-10-08,Détection mécanique 50-300 MEUR ; qualification SSI requise.,DETECTE,RESOLU_SECONDAIRE_OTC
2026-10-08,Africa Energy Corp.,HPMCF,USD,USA,69197879.44,PNK,OTC Markets OTCPK,EQUITY,,Yahoo Finance / yfinance EquityQuery,2026-10-08,Détection mécanique 50-300 MEUR ; qualification SSI requise.,DETECTE,RESOLU_SECONDAIRE_OTC
2026-10-08,Highland Copper Company Inc.,HDRSF,USD,USA,70187862.06,OQB,OTC Markets OTCQB,EQUITY,,Yahoo Finance / yfinance EquityQuery,2026-10-08,Détection mécanique 50-300 MEUR ; qualification SSI requise.,DETECTE,RESOLU_SECONDAIRE_OTC
2026-10-08,"Kootenay Silver, Inc.",KOOYF,USD,USA,70279417.32,OQX,OTC Markets OTCQX,EQUITY,,Yahoo Finance / yfinance EquityQuery,2026-10-08,Détection mécanique 50-300 MEUR ; qualification SSI requise.,DETECTE,RESOLU_SECONDAIRE_OTC
2026-10-08,Xtra-Gold Resources Corp.,XTGRF,USD,USA,70769382.65,OQB,OTC Markets OTCQB,EQUITY,,Yahoo Finance / yfinance EquityQuery,2026-10-08,Détection mécanique 50-300 MEUR ; qualification SSI requise.,DETECTE,RESOLU_SECONDAIRE_OTC
2026-10-08,KP Tissue Inc,KPTSF,USD,USA,70873286.04,PNK,OTC Markets OTCPK,EQUITY,,Yahoo Finance / yfinance EquityQuery,2026-10-08,Détection mécanique 50-300 MEUR ; qualification SSI requise.,DETECTE,RESOLU_SECONDAIRE_OTC
2026-10-08,Inseego Corp.,INSG,USD,USA,71408861.94,NMS,NasdaqGS,EQUITY,,Yahoo Finance / yfinance EquityQuery,2026-10-08,Détection mécanique 50-300 MEUR ; qualification SSI requise.,DETECTE,HORS_UNIVERS_IDENTITE_INSUFFISANTE
2026-10-08,EUROAPI SA,EAPIF,USD,USA,71696160.21,PNK,OTC Markets OTCPK,EQUITY,,Yahoo Finance / yfinance EquityQuery,2026-10-08,Détection mécanique 50-300 MEUR ; qualification SSI requise.,DETECTE,HORS_UNIVERS_IDENTITE_INSUFFISANTE
2026-10-08,Excellon Resources Inc.,EXNRF,USD,USA,71818105.93,OQB,OTC Markets OTCQB,EQUITY,,Yahoo Finance / yfinance EquityQuery,2026-10-08,Détection mécanique 50-300 MEUR ; qualification SSI requise.,DETECTE,RESOLU_SECONDAIRE_OTC
2026-10-08,CASCADIA MINERALS LTD,CAMNF,USD,USA,72096397.26,OQB,OTC Markets OTCQB,EQUITY,,Yahoo Finance / yfinance EquityQuery,2026-10-08,Détection mécanique 50-300 MEUR ; qualification SSI requise.,DETECTE,RESOLU_SECONDAIRE_OTC
2026-10-08,PAXMAN AB,PXMBF,USD,USA,72383468.04,PNK,OTC Markets OTCPK,EQUITY,,Yahoo Finance / yfinance EquityQuery,2026-10-08,Détection mécanique 50-300 MEUR ; qualification SSI requise.,DETECTE,HORS_UNIVERS_IDENTITE_INSUFFISANTE
2026-10-08,Argenta Silver Corp,AGAGF,USD,USA,72703502.71,OQX,OTC Markets OTCQX,EQUITY,,Yahoo Finance / yfinance EquityQuery,2026-10-08,Détection mécanique 50-300 MEUR ; qualification SSI requise.,DETECTE,RESOLU_SECONDAIRE_OTC
2026-10-08,Canex Metals Inc.,NOMNF,USD,USA,72926543.81,PNK,OTC Markets OTCPK,EQUITY,,Yahoo Finance / yfinance EquityQuery,2026-10-08,Détection mécanique 50-300 MEUR ; qualification SSI requise.,DETECTE,RESOLU_SECONDAIRE_OTC
2026-10-08,Invesque Inc.,MHIVF,USD,USA,73058577.04,PNK,OTC Markets OTCPK,EQUITY,,Yahoo Finance / yfinance EquityQuery,2026-10-08,Détection mécanique 50-300 MEUR ; qualification SSI requise.,DETECTE,RESOLU_SECONDAIRE_OTC
2026-10-08,Western Energy Services Corp.,WEEEF,USD,USA,73099915.18,PNK,OTC Markets OTCPK,EQUITY,,Yahoo Finance / yfinance EquityQuery,2026-10-08,Détection mécanique 50-300 MEUR ; qualification SSI requise.,DETECTE,RESOLU_SECONDAIRE_OTC
2026-10-08,Globex Mining Enterprises Inc.,GLBXF,USD,USA,73368801.45,OQX,OTC Markets OTCQX,EQUITY,,Yahoo Finance / yfinance EquityQuery,2026-10-08,Détection mécanique 50-300 MEUR ; qualification SSI requise.,DETECTE,RESOLU_SECONDAIRE_OTC
2026-10-08,Silver47 Exploration Corp.,AAGAF,USD,USA,74006901.62,OQX,OTC Markets OTCQX,EQUITY,,Yahoo Finance / yfinance EquityQuery,2026-10-08,Détection mécanique 50-300 MEUR ; qualification SSI requise.,DETECTE,RESOLU_SECONDAIRE_OTC
2026-10-08,Tecogen Inc.,TGEN,USD,USA,74037555.11,ASE,NYSE American,EQUITY,,Yahoo Finance / yfinance EquityQuery,2026-10-08,Détection mécanique 50-300 MEUR ; qualification SSI requise.,DETECTE,HORS_UNIVERS_IDENTITE_INSUFFISANTE
2026-10-08,Thinkific Labs Inc.,THNCF,USD,USA,74194611.59,PNK,OTC Markets OTCPK,EQUITY,,Yahoo Finance / yfinance EquityQuery,2026-10-08,Détection mécanique 50-300 MEUR ; qualification SSI requise.,DETECTE,RESOLU_SECONDAIRE_OTC
2026-10-08,HUHUTECH International Group In,HUHU,USD,USA,74262771.53,NCM,NasdaqCM,EQUITY,,Yahoo Finance / yfinance EquityQuery,2026-10-08,Détection mécanique 50-300 MEUR ; qualification SSI requise.,DETECTE,HORS_UNIVERS_IDENTITE_INSUFFISANTE
2026-10-08,PesoRama Inc.,PSSOF,USD,USA,74797473.04,OQX,OTC Markets OTCQX,EQUITY,,Yahoo Finance / yfinance EquityQuery,2026-10-08,Détection mécanique 50-300 MEUR ; qualification SSI requise.,DETECTE,RESOLU_SECONDAIRE_OTC
2026-10-08,STILLWATER CRITICAL MINERALS CO,PGEZF,USD,USA,74950413.48,OQB,OTC Markets OTCQB,EQUITY,,Yahoo Finance / yfinance EquityQuery,2026-10-08,Détection mécanique 50-300 MEUR ; qualification SSI requise.,DETECTE,RESOLU_SECONDAIRE_OTC
2026-10-08,"Thunder Mountain Gold, Inc.",THMG,USD,USA,75116988.75,OQB,OTC Markets OTCQB,EQUITY,,Yahoo Finance / yfinance EquityQuery,2026-10-08,Détection mécanique 50-300 MEUR ; qualification SSI requise.,DETECTE,RESOLU_SECONDAIRE_OTC
2026-10-08,"Cartier Resources, Inc.",ECRFF,USD,USA,75327845.24,OQB,OTC Markets OTCQB,EQUITY,,Yahoo Finance / yfinance EquityQuery,2026-10-08,Détection mécanique 50-300 MEUR ; qualification SSI requise.,DETECTE,RESOLU_SECONDAIRE_OTC
2026-10-08,HLS Therapeutics Inc.,HLTRF,USD,USA,75595309.74,PNK,OTC Markets OTCPK,EQUITY,,Yahoo Finance / yfinance EquityQuery,2026-10-08,Détection mécanique 50-300 MEUR ; qualification SSI requise.,DETECTE,RESOLU_SECONDAIRE_OTC
2026-10-08,APEX CRITICAL METALS CORP.,APXCF,USD,USA,77621916.32,OQX,OTC Markets OTCQX,EQUITY,,Yahoo Finance / yfinance EquityQuery,2026-10-08,Détection mécanique 50-300 MEUR ; qualification SSI requise.,DETECTE,HORS_UNIVERS_IDENTITE_INSUFFISANTE
2026-10-08,PROSPECTOR METALS CORP.,PMCOF,USD,USA,77627802.48,OQB,OTC Markets OTCQB,EQUITY,,Yahoo Finance / yfinance EquityQuery,2026-10-08,Détection mécanique 50-300 MEUR ; qualification SSI requise.,DETECTE,RESOLU_SECONDAIRE_OTC
2026-10-08,Alterity Therapeutics Limited,PRNAF,USD,USA,77664662.02,PNK,OTC Markets OTCPK,EQUITY,,Yahoo Finance / yfinance EquityQuery,2026-10-08,Détection mécanique 50-300 MEUR ; qualification SSI requise.,DETECTE,HORS_UNIVERS_IDENTITE_INSUFFISANTE
2026-10-08,Source Energy Services Ltd.,SCEYF,USD,USA,78594546.16,PNK,OTC Markets OTCPK,EQUITY,,Yahoo Finance / yfinance EquityQuery,2026-10-08,Détection mécanique 50-300 MEUR ; qualification SSI requise.,DETECTE,RESOLU_SECONDAIRE_OTC
2026-10-08,BUILDDIRECT COM TECHNOLOGIES IN,BDCTF,USD,USA,79057142.3,OQB,OTC Markets OTCQB,EQUITY,,Yahoo Finance / yfinance EquityQuery,2026-10-08,Détection mécanique 50-300 MEUR ; qualification SSI requise.,DETECTE,RESOLU_SECONDAIRE_OTC
2026-10-08,Sirios Resources Inc.,SIREF,USD,USA,79139242.75,OQB,OTC Markets OTCQB,EQUITY,,Yahoo Finance / yfinance EquityQuery,2026-10-08,Détection mécanique 50-300 MEUR ; qualification SSI requise.,DETECTE,RESOLU_SECONDAIRE_OTC
2026-10-08,EKINOPS,EKNPF,USD,USA,80390163.91,PNK,OTC Markets OTCPK,EQUITY,,Yahoo Finance / yfinance EquityQuery,2026-10-08,Détection mécanique 50-300 MEUR ; qualification SSI requise.,DETECTE,HORS_UNIVERS_IDENTITE_INSUFFISANTE
2026-10-08,AAC CLYDE SPACE AB,ACCMF,USD,USA,81271473.08,OQX,OTC Markets OTCQX,EQUITY,,Yahoo Finance / yfinance EquityQuery,2026-10-08,Détection mécanique 50-300 MEUR ; qualification SSI requise.,DETECTE,HORS_UNIVERS_IDENTITE_INSUFFISANTE
2026-10-08,Western Asset Investment Grade,IGI,USD,USA,81701119.56,NYQ,NYSE,EQUITY,,Yahoo Finance / yfinance EquityQuery,2026-10-08,Détection mécanique 50-300 MEUR ; qualification SSI requise.,DETECTE,HORS_UNIVERS_IDENTITE_INSUFFISANTE
2026-10-08,Parkit Enterprise Inc.,PKTEF,USD,USA,81972529.49,PNK,OTC Markets OTCPK,EQUITY,,Yahoo Finance / yfinance EquityQuery,2026-10-08,Détection mécanique 50-300 MEUR ; qualification SSI requise.,DETECTE,RESOLU_SECONDAIRE_OTC
2026-10-08,Questerre Energy Corp.,QTEYF,USD,USA,84489243.58,PNK,OTC Markets OTCPK,EQUITY,,Yahoo Finance / yfinance EquityQuery,2026-10-08,Détection mécanique 50-300 MEUR ; qualification SSI requise.,DETECTE,RESOLU_SECONDAIRE_OTC
2026-10-08,Spanish Mountain Gold Ltd.,SPAUF,USD,USA,84581324.9,OQB,OTC Markets OTCQB,EQUITY,,Yahoo Finance / yfinance EquityQuery,2026-10-08,Détection mécanique 50-300 MEUR ; qualification SSI requise.,DETECTE,RESOLU_SECONDAIRE_OTC
2026-10-08,GreenTree Hospitality Group Ltd,GHG,USD,USA,85202349.54,NYQ,NYSE,EQUITY,,Yahoo Finance / yfinance EquityQuery,2026-10-08,Détection mécanique 50-300 MEUR ; qualification SSI requise.,DETECTE,HORS_UNIVERS_IDENTITE_INSUFFISANTE
2026-10-08,Empress Royalty Corp.,EMPYF,USD,USA,85225289.89,OQX,OTC Markets OTCQX,EQUITY,,Yahoo Finance / yfinance EquityQuery,2026-10-08,Détection mécanique 50-300 MEUR ; qualification SSI requise.,DETECTE,RESOLU_SECONDAIRE_OTC
2026-10-08,Cherry Hill Mortgage Investment,CHMI,USD,USA,86258153.27,NYQ,NYSE,EQUITY,,Yahoo Finance / yfinance EquityQuery,2026-10-08,Détection mécanique 50-300 MEUR ; qualification SSI requise.,DETECTE,HORS_UNIVERS_IDENTITE_INSUFFISANTE
2026-10-08,Ensurge Micropower ASA,ENMPF,USD,USA,86426178.75,PNK,OTC Markets OTCPK,EQUITY,,Yahoo Finance / yfinance EquityQuery,2026-10-08,Détection mécanique 50-300 MEUR ; qualification SSI requise.,DETECTE,HORS_UNIVERS_IDENTITE_INSUFFISANTE
2026-10-08,Adyton Resources Corporation,ADYRF,USD,USA,86812276.24,OQB,OTC Markets OTCQB,EQUITY,,Yahoo Finance / yfinance EquityQuery,2026-10-08,Détection mécanique 50-300 MEUR ; qualification SSI requise.,DETECTE,RESOLU_SECONDAIRE_OTC
2026-10-08,Galway Metals Inc.,GAYMF,USD,USA,86932586.92,OQB,OTC Markets OTCQB,EQUITY,,Yahoo Finance / yfinance EquityQuery,2026-10-08,Détection mécanique 50-300 MEUR ; qualification SSI requise.,DETECTE,RESOLU_SECONDAIRE_OTC
2026-10-08,Fury Gold Mines Limited,FURY,USD,USA,87230626.71,ASE,NYSE American,EQUITY,,Yahoo Finance / yfinance EquityQuery,2026-10-08,Détection mécanique 50-300 MEUR ; qualification SSI requise.,DETECTE,HORS_UNIVERS_IDENTITE_INSUFFISANTE
2026-10-08,Norse Atlantic ASA,NRSAF,USD,USA,87875359.46,OQB,OTC Markets OTCQB,EQUITY,,Yahoo Finance / yfinance EquityQuery,2026-10-08,Détection mécanique 50-300 MEUR ; qualification SSI requise.,DETECTE,HORS_UNIVERS_IDENTITE_INSUFFISANTE
2026-10-08,AG Growth International Inc.,AGGZF,USD,USA,88920179.97,PNK,OTC Markets OTCPK,EQUITY,,Yahoo Finance / yfinance EquityQuery,2026-10-08,Détection mécanique 50-300 MEUR ; qualification SSI requise.,DETECTE,RESOLU_SECONDAIRE_OTC
2026-10-08,Nevgold Corp.,NAUFF,USD,USA,89922013.09,OQX,OTC Markets OTCQX,EQUITY,,Yahoo Finance / yfinance EquityQuery,2026-10-08,Détection mécanique 50-300 MEUR ; qualification SSI requise.,DETECTE,RESOLU_SECONDAIRE_OTC
2026-10-08,EVOLUTION POWERX CORP.,ETOLF,USD,USA,89938192.9,OQB,OTC Markets OTCQB,EQUITY,,Yahoo Finance / yfinance EquityQuery,2026-10-08,Détection mécanique 50-300 MEUR ; qualification SSI requise.,DETECTE,RESOLU_SECONDAIRE_OTC
2026-10-08,iFabric Corp.,IFABF,USD,USA,90532175.36,OQX,OTC Markets OTCQX,EQUITY,,Yahoo Finance / yfinance EquityQuery,2026-10-08,Détection mécanique 50-300 MEUR ; qualification SSI requise.,DETECTE,RESOLU_SECONDAIRE_OTC
2026-10-08,Laramide Resources Ltd.,LMRXF,USD,USA,91051223.11,OQX,OTC Markets OTCQX,EQUITY,,Yahoo Finance / yfinance EquityQuery,2026-10-08,Détection mécanique 50-300 MEUR ; qualification SSI requise.,DETECTE,RESOLU_SECONDAIRE_OTC
2026-10-08,Onyx Gold Corp,ONXGF,USD,USA,91801302.36,OQX,OTC Markets OTCQX,EQUITY,,Yahoo Finance / yfinance EquityQuery,2026-10-08,Détection mécanique 50-300 MEUR ; qualification SSI requise.,DETECTE,RESOLU_SECONDAIRE_OTC
2026-10-08,Trident Resources Corp.,TRDTF,USD,USA,91990213.73,OQB,OTC Markets OTCQB,EQUITY,,Yahoo Finance / yfinance EquityQuery,2026-10-08,Détection mécanique 50-300 MEUR ; qualification SSI requise.,DETECTE,RESOLU_SECONDAIRE_OTC
2026-10-08,SOUTHGOBI RESOURCES LTD,SGQRF,USD,USA,92097884.83,PNK,OTC Markets OTCPK,EQUITY,,Yahoo Finance / yfinance EquityQuery,2026-10-08,Détection mécanique 50-300 MEUR ; qualification SSI requise.,DETECTE,RESOLU_SECONDAIRE_OTC
2026-10-08,CoTec Holdings Corp.,CTHCF,USD,USA,92196086.89,OQX,OTC Markets OTCQX,EQUITY,,Yahoo Finance / yfinance EquityQuery,2026-10-08,Détection mécanique 50-300 MEUR ; qualification SSI requise.,DETECTE,RESOLU_SECONDAIRE_OTC
2026-10-08,Silver One Resources Inc.,SLVRF,USD,USA,92542559.48,OQX,OTC Markets OTCQX,EQUITY,,Yahoo Finance / yfinance EquityQuery,2026-10-08,Détection mécanique 50-300 MEUR ; qualification SSI requise.,DETECTE,RESOLU_SECONDAIRE_OTC
2026-10-08,GR SILVER MINING LTD.,GRSLF,USD,USA,92757510.68,OQX,OTC Markets OTCQX,EQUITY,,Yahoo Finance / yfinance EquityQuery,2026-10-08,Détection mécanique 50-300 MEUR ; qualification SSI requise.,DETECTE,RESOLU_SECONDAIRE_OTC
2026-10-08,Valor Gold Corp.,VLGDF,USD,USA,93837214.47,OQB,OTC Markets OTCQB,EQUITY,,Yahoo Finance / yfinance EquityQuery,2026-10-08,Détection mécanique 50-300 MEUR ; qualification SSI requise.,DETECTE,RESOLU_SECONDAIRE_OTC
2026-10-08,Oroco Resource Corp.,ORRCF,USD,USA,94048092.28,OQB,OTC Markets OTCQB,EQUITY,,Yahoo Finance / yfinance EquityQuery,2026-10-08,Détection mécanique 50-300 MEUR ; qualification SSI requise.,DETECTE,RESOLU_SECONDAIRE_OTC
2026-10-08,Medexus Pharmaceuticals Inc,MEDXF,USD,USA,94667254.39,OQX,OTC Markets OTCQX,EQUITY,,Yahoo Finance / yfinance EquityQuery,2026-10-08,Détection mécanique 50-300 MEUR ; qualification SSI requise.,DETECTE,RESOLU_SECONDAIRE_OTC
2026-10-08,Summit Royalties Ltd,SUMMF,USD,USA,95129082.77,OQX,OTC Markets OTCQX,EQUITY,,Yahoo Finance / yfinance EquityQuery,2026-10-08,Détection mécanique 50-300 MEUR ; qualification SSI requise.,DETECTE,RESOLU_SECONDAIRE_OTC
2026-10-08,Tucows Inc.,TCX,USD,USA,95291385.61,NCM,NasdaqCM,EQUITY,,Yahoo Finance / yfinance EquityQuery,2026-10-08,Détection mécanique 50-300 MEUR ; qualification SSI requise.,DETECTE,HORS_UNIVERS_IDENTITE_INSUFFISANTE
2026-10-08,Western Asset Investment Grade,PAI,USD,USA,95502362.95,NYQ,NYSE,EQUITY,,Yahoo Finance / yfinance EquityQuery,2026-10-08,Détection mécanique 50-300 MEUR ; qualification SSI requise.,DETECTE,HORS_UNIVERS_IDENTITE_INSUFFISANTE
2026-10-08,Nicola Mining Inc.,HUSIF,USD,USA,95640374.74,OQB,OTC Markets OTCQB,EQUITY,,Yahoo Finance / yfinance EquityQuery,2026-10-08,Détection mécanique 50-300 MEUR ; qualification SSI requise.,DETECTE,RESOLU_SECONDAIRE_OTC
2026-10-08,AIRTIFICIAL INTELLIGENCE STRUCT,AITLF,USD,USA,96225122.76,PNK,OTC Markets OTCPK,EQUITY,,Yahoo Finance / yfinance EquityQuery,2026-10-08,Détection mécanique 50-300 MEUR ; qualification SSI requise.,DETECTE,HORS_UNIVERS_IDENTITE_INSUFFISANTE
2026-10-08,Wallbridge Mining Company Ltd.,WLBMF,USD,USA,97614688.41,OQB,OTC Markets OTCQB,EQUITY,,Yahoo Finance / yfinance EquityQuery,2026-10-08,Détection mécanique 50-300 MEUR ; qualification SSI requise.,DETECTE,RESOLU_SECONDAIRE_OTC
2026-10-08,Dirtt Environmental Solutions L,DRTTF,USD,USA,97756674.06,OQX,OTC Markets OTCQX,EQUITY,,Yahoo Finance / yfinance EquityQuery,2026-10-08,Détection mécanique 50-300 MEUR ; qualification SSI requise.,DETECTE,RESOLU_SECONDAIRE_OTC
2026-10-08,MINAURUM SILVER INC,MMRGF,USD,USA,97793540.72,OQX,OTC Markets OTCQX,EQUITY,,Yahoo Finance / yfinance EquityQuery,2026-10-08,Détection mécanique 50-300 MEUR ; qualification SSI requise.,DETECTE,RESOLU_SECONDAIRE_OTC
2026-10-08,RUA GOLD INC.,NZAUF,USD,USA,98185758.95,OQX,OTC Markets OTCQX,EQUITY,,Yahoo Finance / yfinance EquityQuery,2026-10-08,Détection mécanique 50-300 MEUR ; qualification SSI requise.,DETECTE,RESOLU_SECONDAIRE_OTC
2026-10-08,Fitzroy Minerals Inc.,FTZFF,USD,USA,98977147.89,OQX,OTC Markets OTCQX,EQUITY,,Yahoo Finance / yfinance EquityQuery,2026-10-08,Détection mécanique 50-300 MEUR ; qualification SSI requise.,DETECTE,RESOLU_SECONDAIRE_OTC
2026-10-08,Pulse Seismic Inc.,PLSDF,USD,USA,99144604.66,OQX,OTC Markets OTCQX,EQUITY,,Yahoo Finance / yfinance EquityQuery,2026-10-08,Détection mécanique 50-300 MEUR ; qualification SSI requise.,DETECTE,RESOLU_SECONDAIRE_OTC
2026-10-08,Apollo Silver Corp.,APGOF,USD,USA,99264126.26,OQB,OTC Markets OTCQB,EQUITY,,Yahoo Finance / yfinance EquityQuery,2026-10-08,Détection mécanique 50-300 MEUR ; qualification SSI requise.,DETECTE,RESOLU_SECONDAIRE_OTC
2026-10-08,FLINT CORP.,NWPIF,USD,USA,99703163.57,PNK,OTC Markets OTCPK,EQUITY,,Yahoo Finance / yfinance EquityQuery,2026-10-08,Détection mécanique 50-300 MEUR ; qualification SSI requise.,DETECTE,RESOLU_SECONDAIRE_OTC
2026-10-08,Yangarra Resources Ltd.,YGRAF,USD,USA,99932105.05,OQX,OTC Markets OTCQX,EQUITY,,Yahoo Finance / yfinance EquityQuery,2026-10-08,Détection mécanique 50-300 MEUR ; qualification SSI requise.,DETECTE,RESOLU_SECONDAIRE_OTC
2026-10-08,MCRAE INDUSTRIES INC,MCRAB,USD,USA,99979108.96,OID,OTC Markets OTCID,EQUITY,,Yahoo Finance / yfinance EquityQuery,2026-10-08,Détection mécanique 50-300 MEUR ; qualification SSI requise.,DETECTE,HORS_UNIVERS_IDENTITE_INSUFFISANTE
2026-10-08,Bunker Hill Mining Corp.,BHLL,USD,USA,100051491.58,OQB,OTC Markets OTCQB,EQUITY,,Yahoo Finance / yfinance EquityQuery,2026-10-08,Détection mécanique 50-300 MEUR ; qualification SSI requise.,DETECTE,RESOLU_SECONDAIRE_OTC
2026-10-08,Roots Corporation,RROTF,USD,USA,100313261.86,PNK,OTC Markets OTCPK,EQUITY,,Yahoo Finance / yfinance EquityQuery,2026-10-08,Détection mécanique 50-300 MEUR ; qualification SSI requise.,DETECTE,RESOLU_SECONDAIRE_OTC
2026-10-08,Kingfisher Metals Corp.,KGFMF,USD,USA,101422623.9,OQX,OTC Markets OTCQX,EQUITY,,Yahoo Finance / yfinance EquityQuery,2026-10-08,Détection mécanique 50-300 MEUR ; qualification SSI requise.,DETECTE,RESOLU_SECONDAIRE_OTC
2026-10-08,Falcon Energy Materials plc,FLCNF,USD,USA,101745615.85,OQB,OTC Markets OTCQB,EQUITY,,Yahoo Finance / yfinance EquityQuery,2026-10-08,Détection mécanique 50-300 MEUR ; qualification SSI requise.,DETECTE,RESOLU_SECONDAIRE_OTC
2026-10-08,Lahontan Gold Corp.,LGCXF,USD,USA,102818694.16,OQB,OTC Markets OTCQB,EQUITY,,Yahoo Finance / yfinance EquityQuery,2026-10-08,Détection mécanique 50-300 MEUR ; qualification SSI requise.,DETECTE,RESOLU_SECONDAIRE_OTC
2026-10-08,"McRae Industries, Inc.",MCRAA,USD,USA,103298415.6,OID,OTC Markets OTCID,EQUITY,,Yahoo Finance / yfinance EquityQuery,2026-10-08,Détection mécanique 50-300 MEUR ; qualification SSI requise.,DETECTE,HORS_UNIVERS_IDENTITE_INSUFFISANTE
2026-10-08,Western Forest Products Inc.,WFSTF,USD,USA,103953740.58,PNK,OTC Markets OTCPK,EQUITY,,Yahoo Finance / yfinance EquityQuery,2026-10-08,Détection mécanique 50-300 MEUR ; qualification SSI requise.,DETECTE,RESOLU_SECONDAIRE_OTC
2026-10-08,ATLAS SALT INC.,SALQF,USD,USA,104939216.16,OQX,OTC Markets OTCQX,EQUITY,,Yahoo Finance / yfinance EquityQuery,2026-10-08,Détection mécanique 50-300 MEUR ; qualification SSI requise.,DETECTE,RESOLU_SECONDAIRE_OTC
2026-10-08,Goldmoney Inc.,XAUMF,USD,USA,105933336.14,PNK,OTC Markets OTCPK,EQUITY,,Yahoo Finance / yfinance EquityQuery,2026-10-08,Détection mécanique 50-300 MEUR ; qualification SSI requise.,DETECTE,RESOLU_SECONDAIRE_OTC
2026-10-08,Tsakos Energy Navigation Ltd Se,TEN-PE,USD,USA,107962779.17,NYQ,NYSE,EQUITY,,Yahoo Finance / yfinance EquityQuery,2026-10-08,Détection mécanique 50-300 MEUR ; qualification SSI requise.,DETECTE,HORS_UNIVERS_IDENTITE_INSUFFISANTE
2026-10-08,West Point Gold Corp.,WPGCF,USD,USA,108157171.49,OQX,OTC Markets OTCQX,EQUITY,,Yahoo Finance / yfinance EquityQuery,2026-10-08,Détection mécanique 50-300 MEUR ; qualification SSI requise.,DETECTE,RESOLU_SECONDAIRE_OTC
2026-10-08,Tiny Ltd.,TNYZF,USD,USA,109264898.48,OQX,OTC Markets OTCQX,EQUITY,,Yahoo Finance / yfinance EquityQuery,2026-10-08,Détection mécanique 50-300 MEUR ; qualification SSI requise.,DETECTE,RESOLU_SECONDAIRE_OTC
2026-10-08,Big Ridge Gold Corp.,ALVLF,USD,USA,110344061.99,OQB,OTC Markets OTCQB,EQUITY,,Yahoo Finance / yfinance EquityQuery,2026-10-08,Détection mécanique 50-300 MEUR ; qualification SSI requise.,DETECTE,RESOLU_SECONDAIRE_OTC
2026-10-08,POWERCELL SWEDEN AB,PCELF,USD,USA,110593960.45,PNK,OTC Markets OTCPK,EQUITY,,Yahoo Finance / yfinance EquityQuery,2026-10-08,Détection mécanique 50-300 MEUR ; qualification SSI requise.,DETECTE,HORS_UNIVERS_IDENTITE_INSUFFISANTE
2026-10-08,Patagonia Gold Corp.,HGLD,USD,USA,112704984.98,PNK,OTC Markets OTCPK,EQUITY,,Yahoo Finance / yfinance EquityQuery,2026-10-08,Détection mécanique 50-300 MEUR ; qualification SSI requise.,DETECTE,RESOLU_SECONDAIRE_OTC
2026-10-08,Galleon Gold Corp.,GGOXF,USD,USA,112951236.58,OQX,OTC Markets OTCQX,EQUITY,,Yahoo Finance / yfinance EquityQuery,2026-10-08,Détection mécanique 50-300 MEUR ; qualification SSI requise.,DETECTE,RESOLU_SECONDAIRE_OTC
2026-10-08,Graphite One Inc.,GPHOF,USD,USA,113271406.31,OQX,OTC Markets OTCQX,EQUITY,,Yahoo Finance / yfinance EquityQuery,2026-10-08,Détection mécanique 50-300 MEUR ; qualification SSI requise.,DETECTE,RESOLU_SECONDAIRE_OTC
2026-10-08,ARRAS MINERALS CORP.,ARRKF,USD,USA,113455931.51,OQB,OTC Markets OTCQB,EQUITY,,Yahoo Finance / yfinance EquityQuery,2026-10-08,Détection mécanique 50-300 MEUR ; qualification SSI requise.,DETECTE,RESOLU_SECONDAIRE_OTC
2026-10-08,Falco Resources Ltd.,FPRGF,USD,USA,113646826.26,PNK,OTC Markets OTCPK,EQUITY,,Yahoo Finance / yfinance EquityQuery,2026-10-08,Détection mécanique 50-300 MEUR ; qualification SSI requise.,DETECTE,RESOLU_SECONDAIRE_OTC
2026-10-08,Kenorland Minerals Ltd.,KLDCF,USD,USA,113709725.63,OQX,OTC Markets OTCQX,EQUITY,,Yahoo Finance / yfinance EquityQuery,2026-10-08,Détection mécanique 50-300 MEUR ; qualification SSI requise.,DETECTE,RESOLU_SECONDAIRE_OTC
2026-10-08,Currency Exchange International,CURN,USD,USA,113800690.86,OQX,OTC Markets OTCQX,EQUITY,,Yahoo Finance / yfinance EquityQuery,2026-10-08,Détection mécanique 50-300 MEUR ; qualification SSI requise.,DETECTE,RESOLU_SECONDAIRE_OTC
2026-10-08,Oceanic Iron Ore Corp.,FEOVF,USD,USA,113866725.24,OQX,OTC Markets OTCQX,EQUITY,,Yahoo Finance / yfinance EquityQuery,2026-10-08,Détection mécanique 50-300 MEUR ; qualification SSI requise.,DETECTE,RESOLU_SECONDAIRE_OTC
2026-10-08,Lavras Gold Corp.,LGCFF,USD,USA,115056076.39,OQX,OTC Markets OTCQX,EQUITY,,Yahoo Finance / yfinance EquityQuery,2026-10-08,Détection mécanique 50-300 MEUR ; qualification SSI requise.,DETECTE,RESOLU_SECONDAIRE_OTC
2026-10-08,Hydreight Technologies Inc,HYDTF,USD,USA,115226213.21,OQB,OTC Markets OTCQB,EQUITY,,Yahoo Finance / yfinance EquityQuery,2026-10-08,Détection mécanique 50-300 MEUR ; qualification SSI requise.,DETECTE,RESOLU_SECONDAIRE_OTC
2026-10-08,Gatekeeper Systems Inc.,GKPRF,USD,USA,116839395.78,PNK,OTC Markets OTCPK,EQUITY,,Yahoo Finance / yfinance EquityQuery,2026-10-08,Détection mécanique 50-300 MEUR ; qualification SSI requise.,DETECTE,RESOLU_SECONDAIRE_OTC
2026-10-08,Ryde Group Ltd.,RYDE,USD,USA,116910157.57,ASE,NYSE American,EQUITY,,Yahoo Finance / yfinance EquityQuery,2026-10-08,Détection mécanique 50-300 MEUR ; qualification SSI requise.,DETECTE,HORS_UNIVERS_IDENTITE_INSUFFISANTE
2026-10-08,Eloro Resources Ltd.,ELRRF,USD,USA,116973796.26,OQX,OTC Markets OTCQX,EQUITY,,Yahoo Finance / yfinance EquityQuery,2026-10-08,Détection mécanique 50-300 MEUR ; qualification SSI requise.,DETECTE,RESOLU_SECONDAIRE_OTC
2026-10-08,BioSyent Inc.,BIOYF,USD,USA,117578122.14,PNK,OTC Markets OTCPK,EQUITY,,Yahoo Finance / yfinance EquityQuery,2026-10-08,Détection mécanique 50-300 MEUR ; qualification SSI requise.,DETECTE,RESOLU_SECONDAIRE_OTC
2026-10-08,Li-Ft Power Ltd.,LIFFF,USD,USA,119438167.67,OQX,OTC Markets OTCQX,EQUITY,,Yahoo Finance / yfinance EquityQuery,2026-10-08,Détection mécanique 50-300 MEUR ; qualification SSI requise.,DETECTE,RESOLU_SECONDAIRE_OTC
2026-10-08,Organigram Global Inc.,OGI,USD,USA,120287792.56,NMS,NasdaqGS,EQUITY,,Yahoo Finance / yfinance EquityQuery,2026-10-08,Détection mécanique 50-300 MEUR ; qualification SSI requise.,DETECTE,HORS_UNIVERS_IDENTITE_INSUFFISANTE
2026-10-08,Pine Cliff Energy Ltd.,PIFYF,USD,USA,120804337.99,OQX,OTC Markets OTCQX,EQUITY,,Yahoo Finance / yfinance EquityQuery,2026-10-08,Détection mécanique 50-300 MEUR ; qualification SSI requise.,DETECTE,RESOLU_SECONDAIRE_OTC
2026-10-08,BEYOND OIL LTD.,BEOLF,USD,USA,121220790.39,OQB,OTC Markets OTCQB,EQUITY,,Yahoo Finance / yfinance EquityQuery,2026-10-08,Détection mécanique 50-300 MEUR ; qualification SSI requise.,DETECTE,RESOLU_SECONDAIRE_OTC
2026-10-08,Southern Silver Exploration Cor,SSVFF,USD,USA,121668991.05,OQX,OTC Markets OTCQX,EQUITY,,Yahoo Finance / yfinance EquityQuery,2026-10-08,Détection mécanique 50-300 MEUR ; qualification SSI requise.,DETECTE,RESOLU_SECONDAIRE_OTC
2026-10-08,Jutal Offshore Oil Service Ltd.,JUTOY,USD,USA,122512232.17,PNK,OTC Markets OTCPK,EQUITY,,Yahoo Finance / yfinance EquityQuery,2026-10-08,Détection mécanique 50-300 MEUR ; qualification SSI requise.,DETECTE,HORS_UNIVERS_IDENTITE_INSUFFISANTE
2026-10-08,Mega Uranium Ltd.,MGAFF,USD,USA,123129567.29,PNK,OTC Markets OTCPK,EQUITY,,Yahoo Finance / yfinance EquityQuery,2026-10-08,Détection mécanique 50-300 MEUR ; qualification SSI requise.,DETECTE,RESOLU_SECONDAIRE_OTC
2026-10-08,AmeriTrust Financial Technologi,AMTFF,USD,USA,123420547.97,OQB,OTC Markets OTCQB,EQUITY,,Yahoo Finance / yfinance EquityQuery,2026-10-08,Détection mécanique 50-300 MEUR ; qualification SSI requise.,DETECTE,RESOLU_SECONDAIRE_OTC
2026-10-08,Selkirk Copper Mines Inc.,SKRKF,USD,USA,123793110.14,OQX,OTC Markets OTCQX,EQUITY,,Yahoo Finance / yfinance EquityQuery,2026-10-08,Détection mécanique 50-300 MEUR ; qualification SSI requise.,DETECTE,RESOLU_SECONDAIRE_OTC
2026-10-08,Talisker Resources Ltd.,TSKFF,USD,USA,124409222.54,OQX,OTC Markets OTCQX,EQUITY,,Yahoo Finance / yfinance EquityQuery,2026-10-08,Détection mécanique 50-300 MEUR ; qualification SSI requise.,DETECTE,RESOLU_SECONDAIRE_OTC
2026-10-08,Black Mammoth Metals Corp,LQRCF,USD,USA,124791737.15,PNK,OTC Markets OTCPK,EQUITY,,Yahoo Finance / yfinance EquityQuery,2026-10-08,Détection mécanique 50-300 MEUR ; qualification SSI requise.,DETECTE,RESOLU_SECONDAIRE_OTC
2026-10-08,Surge Copper Corp.,SRGXF,USD,USA,124796045.13,OQB,OTC Markets OTCQB,EQUITY,,Yahoo Finance / yfinance EquityQuery,2026-10-08,Détection mécanique 50-300 MEUR ; qualification SSI requise.,DETECTE,RESOLU_SECONDAIRE_OTC
2026-10-08,Honey Badger Silver Inc.,HBEIF,USD,USA,124979425.8,OQB,OTC Markets OTCQB,EQUITY,,Yahoo Finance / yfinance EquityQuery,2026-10-08,Détection mécanique 50-300 MEUR ; qualification SSI requise.,DETECTE,RESOLU_SECONDAIRE_OTC
2026-10-08,Aftermath Silver Ltd.,AAGFF,USD,USA,126585136.94,OQX,OTC Markets OTCQX,EQUITY,,Yahoo Finance / yfinance EquityQuery,2026-10-08,Détection mécanique 50-300 MEUR ; qualification SSI requise.,DETECTE,RESOLU_SECONDAIRE_OTC
2026-10-08,Silver Mountain Resources Inc.,AGMRF,USD,USA,126950405.4,OQB,OTC Markets OTCQB,EQUITY,,Yahoo Finance / yfinance EquityQuery,2026-10-08,Détection mécanique 50-300 MEUR ; qualification SSI requise.,DETECTE,RESOLU_SECONDAIRE_OTC
2026-10-08,STLLR GOLD INC.,STLRF,USD,USA,128090627.08,OQX,OTC Markets OTCQX,EQUITY,,Yahoo Finance / yfinance EquityQuery,2026-10-08,Détection mécanique 50-300 MEUR ; qualification SSI requise.,DETECTE,RESOLU_SECONDAIRE_OTC
2026-10-08,Jutal Offshore Oil Service Ltd.,JUTOF,USD,USA,128273026.72,PNK,OTC Markets OTCPK,EQUITY,,Yahoo Finance / yfinance EquityQuery,2026-10-08,Détection mécanique 50-300 MEUR ; qualification SSI requise.,DETECTE,HORS_UNIVERS_IDENTITE_INSUFFISANTE
2026-10-08,Nyxoah SA,NYXH,USD,USA,128504648.25,NGM,NasdaqGM,EQUITY,,Yahoo Finance / yfinance EquityQuery,2026-10-08,Détection mécanique 50-300 MEUR ; qualification SSI requise.,DETECTE,HORS_UNIVERS_IDENTITE_INSUFFISANTE
2026-10-08,Greenland Resources Inc.,GRLRF,USD,USA,128568727.69,OQX,OTC Markets OTCQX,EQUITY,,Yahoo Finance / yfinance EquityQuery,2026-10-08,Détection mécanique 50-300 MEUR ; qualification SSI requise.,DETECTE,HORS_UNIVERS_IDENTITE_INSUFFISANTE
2026-10-08,AURO METALS INC.,AURFF,USD,USA,130506437.73,OQB,OTC Markets OTCQB,EQUITY,,Yahoo Finance / yfinance EquityQuery,2026-10-08,Détection mécanique 50-300 MEUR ; qualification SSI requise.,DETECTE,RESOLU_SECONDAIRE_OTC
2026-10-08,Maple Gold Mines Ltd.,MGMLF,USD,USA,130696315.91,OQX,OTC Markets OTCQX,EQUITY,,Yahoo Finance / yfinance EquityQuery,2026-10-08,Détection mécanique 50-300 MEUR ; qualification SSI requise.,DETECTE,RESOLU_SECONDAIRE_OTC
2026-10-08,Group Eleven Resources Corp.,GRLVF,USD,USA,131103668.95,OQB,OTC Markets OTCQB,EQUITY,,Yahoo Finance / yfinance EquityQuery,2026-10-08,Détection mécanique 50-300 MEUR ; qualification SSI requise.,DETECTE,RESOLU_SECONDAIRE_OTC
2026-10-08,AMERICAN EAGLE GOLD CORP.,AMEGF,USD,USA,131395943.44,OQB,OTC Markets OTCQB,EQUITY,,Yahoo Finance / yfinance EquityQuery,2026-10-08,Détection mécanique 50-300 MEUR ; qualification SSI requise.,DETECTE,RESOLU_SECONDAIRE_OTC
2026-10-08,GOLCONDA GOLD LTD.,GGGOF,USD,USA,131971748.49,OQX,OTC Markets OTCQX,EQUITY,,Yahoo Finance / yfinance EquityQuery,2026-10-08,Détection mécanique 50-300 MEUR ; qualification SSI requise.,DETECTE,RESOLU_SECONDAIRE_OTC
2026-10-08,Lucara Diamond Corp.,LUCRF,USD,USA,132665219.72,PNK,OTC Markets OTCPK,EQUITY,,Yahoo Finance / yfinance EquityQuery,2026-10-08,Détection mécanique 50-300 MEUR ; qualification SSI requise.,DETECTE,RESOLU_SECONDAIRE_OTC
2026-10-08,BITCOIN GROUP SE,BTGGF,USD,USA,133291497.82,PNK,OTC Markets OTCPK,EQUITY,,Yahoo Finance / yfinance EquityQuery,2026-10-08,Détection mécanique 50-300 MEUR ; qualification SSI requise.,DETECTE,HORS_UNIVERS_IDENTITE_INSUFFISANTE
2026-10-08,Cannara Biotech Inc.,LOVFF,USD,USA,134301555.91,OQX,OTC Markets OTCQX,EQUITY,,Yahoo Finance / yfinance EquityQuery,2026-10-08,Détection mécanique 50-300 MEUR ; qualification SSI requise.,DETECTE,RESOLU_SECONDAIRE_OTC
2026-10-08,Akita Drilling Ltd.,AKTAF,USD,USA,134370412.52,PNK,OTC Markets OTCPK,EQUITY,,Yahoo Finance / yfinance EquityQuery,2026-10-08,Détection mécanique 50-300 MEUR ; qualification SSI requise.,DETECTE,RESOLU_SECONDAIRE_OTC
2026-10-08,Dynacor Group Inc.,DNGDF,USD,USA,134566702.91,PNK,OTC Markets OTCPK,EQUITY,,Yahoo Finance / yfinance EquityQuery,2026-10-08,Détection mécanique 50-300 MEUR ; qualification SSI requise.,DETECTE,RESOLU_SECONDAIRE_OTC
2026-10-08,Revival Gold Inc.,RVLGF,USD,USA,135320684.93,OQX,OTC Markets OTCQX,EQUITY,,Yahoo Finance / yfinance EquityQuery,2026-10-08,Détection mécanique 50-300 MEUR ; qualification SSI requise.,DETECTE,RESOLU_SECONDAIRE_OTC
2026-10-08,King Copper Discovery Corp.,TBXXF,USD,USA,137012370.86,OQB,OTC Markets OTCQB,EQUITY,,Yahoo Finance / yfinance EquityQuery,2026-10-08,Détection mécanique 50-300 MEUR ; qualification SSI requise.,DETECTE,RESOLU_SECONDAIRE_OTC
2026-10-08,Bonterra Energy Corp.,BNEFF,USD,USA,137909454.63,OID,OTC Markets OTCID,EQUITY,,Yahoo Finance / yfinance EquityQuery,2026-10-08,Détection mécanique 50-300 MEUR ; qualification SSI requise.,DETECTE,RESOLU_SECONDAIRE_OTC
2026-10-08,Helius Minerals Limited,HHHXF,USD,USA,138093233.39,PNK,OTC Markets OTCPK,EQUITY,,Yahoo Finance / yfinance EquityQuery,2026-10-08,Détection mécanique 50-300 MEUR ; qualification SSI requise.,DETECTE,RESOLU_SECONDAIRE_OTC
2026-10-08,Enad Global 7 AB,ENADF,USD,USA,138404659.2,PNK,OTC Markets OTCPK,EQUITY,,Yahoo Finance / yfinance EquityQuery,2026-10-08,Détection mécanique 50-300 MEUR ; qualification SSI requise.,DETECTE,HORS_UNIVERS_IDENTITE_INSUFFISANTE
2026-10-08,Chesapeake Gold Corp.,CHPGF,USD,USA,138692270.27,OQX,OTC Markets OTCQX,EQUITY,,Yahoo Finance / yfinance EquityQuery,2026-10-08,Détection mécanique 50-300 MEUR ; qualification SSI requise.,DETECTE,RESOLU_SECONDAIRE_OTC
2026-10-08,NORSK TITANIUM AS,NORSF,USD,USA,138785936.87,OQX,OTC Markets OTCQX,EQUITY,,Yahoo Finance / yfinance EquityQuery,2026-10-08,Détection mécanique 50-300 MEUR ; qualification SSI requise.,DETECTE,HORS_UNIVERS_IDENTITE_INSUFFISANTE
2026-10-08,LibertyStream Infrastructure Pa,VLTLF,USD,USA,139203896.35,OQB,OTC Markets OTCQB,EQUITY,,Yahoo Finance / yfinance EquityQuery,2026-10-08,Détection mécanique 50-300 MEUR ; qualification SSI requise.,DETECTE,RESOLU_SECONDAIRE_OTC
2026-10-08,"Sintana Energy, Inc.",SEUSF,USD,USA,139441659.95,OQX,OTC Markets OTCQX,EQUITY,,Yahoo Finance / yfinance EquityQuery,2026-10-08,Détection mécanique 50-300 MEUR ; qualification SSI requise.,DETECTE,RESOLU_SECONDAIRE_OTC
2026-10-08,Northcliff Resources Ltd.,NCFFF,USD,USA,140286934.2,PNK,OTC Markets OTCPK,EQUITY,,Yahoo Finance / yfinance EquityQuery,2026-10-08,Détection mécanique 50-300 MEUR ; qualification SSI requise.,DETECTE,RESOLU_SECONDAIRE_OTC
2026-10-08,KUDELSKI SA,KDCXF,USD,USA,140878407.22,PNK,OTC Markets OTCPK,EQUITY,,Yahoo Finance / yfinance EquityQuery,2026-10-08,Détection mécanique 50-300 MEUR ; qualification SSI requise.,DETECTE,HORS_UNIVERS_IDENTITE_INSUFFISANTE
2026-10-08,CVW SUSTAINABLE ROYALTIES INC.,CVWFF,USD,USA,141319939.75,OQX,OTC Markets OTCQX,EQUITY,,Yahoo Finance / yfinance EquityQuery,2026-10-08,Détection mécanique 50-300 MEUR ; qualification SSI requise.,DETECTE,RESOLU_SECONDAIRE_OTC
2026-10-08,Platinum Group Metals Ltd.,PLG,USD,USA,142049979.07,ASE,NYSE American,EQUITY,,Yahoo Finance / yfinance EquityQuery,2026-10-08,Détection mécanique 50-300 MEUR ; qualification SSI requise.,DETECTE,HORS_UNIVERS_IDENTITE_INSUFFISANTE
2026-10-08,"Aimia, Inc.",AIMFF,USD,USA,142527738.45,PNK,OTC Markets OTCPK,EQUITY,,Yahoo Finance / yfinance EquityQuery,2026-10-08,Détection mécanique 50-300 MEUR ; qualification SSI requise.,DETECTE,RESOLU_SECONDAIRE_OTC
2026-10-08,Cardiol Therapeutics Inc.,CRDL,USD,USA,142530454.04,NCM,NasdaqCM,EQUITY,,Yahoo Finance / yfinance EquityQuery,2026-10-08,Détection mécanique 50-300 MEUR ; qualification SSI requise.,DETECTE,HORS_UNIVERS_IDENTITE_INSUFFISANTE
2026-10-08,PULSAR HELIUM INC.,PSRHF,USD,USA,142811269.01,OQB,OTC Markets OTCQB,EQUITY,,Yahoo Finance / yfinance EquityQuery,2026-10-08,Détection mécanique 50-300 MEUR ; qualification SSI requise.,DETECTE,RESOLU_SECONDAIRE_OTC
2026-10-08,Gunnison Copper Corp,GCUMF,USD,USA,142848220.97,OQB,OTC Markets OTCQB,EQUITY,,Yahoo Finance / yfinance EquityQuery,2026-10-08,Détection mécanique 50-300 MEUR ; qualification SSI requise.,DETECTE,RESOLU_SECONDAIRE_OTC
2026-10-08,PPX Mining Corp.,SNNGF,USD,USA,143697348.24,PNK,OTC Markets OTCPK,EQUITY,,Yahoo Finance / yfinance EquityQuery,2026-10-08,Détection mécanique 50-300 MEUR ; qualification SSI requise.,DETECTE,RESOLU_SECONDAIRE_OTC
2026-10-08,Satellos Bioscience Inc.,MSLE,USD,USA,143849464.05,NGM,NasdaqGM,EQUITY,,Yahoo Finance / yfinance EquityQuery,2026-10-08,Détection mécanique 50-300 MEUR ; qualification SSI requise.,DETECTE,HORS_UNIVERS_IDENTITE_INSUFFISANTE
2026-10-08,Sangoma Technologies Corporatio,SANG,USD,USA,144292532.1,NMS,NasdaqGS,EQUITY,,Yahoo Finance / yfinance EquityQuery,2026-10-08,Détection mécanique 50-300 MEUR ; qualification SSI requise.,DETECTE,HORS_UNIVERS_IDENTITE_INSUFFISANTE
2026-10-08,Surge Battery Metals Inc.,NILIF,USD,USA,145127754.39,OQX,OTC Markets OTCQX,EQUITY,,Yahoo Finance / yfinance EquityQuery,2026-10-08,Détection mécanique 50-300 MEUR ; qualification SSI requise.,DETECTE,RESOLU_SECONDAIRE_OTC
2026-10-08,"Shutterstock, Inc.",SSTK,USD,USA,146759398.72,NYQ,NYSE,EQUITY,,Yahoo Finance / yfinance EquityQuery,2026-10-08,Détection mécanique 50-300 MEUR ; qualification SSI requise.,DETECTE,HORS_UNIVERS_IDENTITE_INSUFFISANTE
2026-10-08,DIVIDEND 15 SPLIT CORP II,DVDDF,USD,USA,148799462.42,PNK,OTC Markets OTCPK,EQUITY,,Yahoo Finance / yfinance EquityQuery,2026-10-08,Détection mécanique 50-300 MEUR ; qualification SSI requise.,DETECTE,RESOLU_SECONDAIRE_OTC
2026-10-08,Mayfair Gold Corp.,MINE,USD,USA,149746450.52,ASE,NYSE American,EQUITY,,Yahoo Finance / yfinance EquityQuery,2026-10-08,Détection mécanique 50-300 MEUR ; qualification SSI requise.,DETECTE,HORS_UNIVERS_IDENTITE_INSUFFISANTE
2026-10-08,INNATE PHARMA,IPHYF,USD,USA,149780374.1,PNK,OTC Markets OTCPK,EQUITY,,Yahoo Finance / yfinance EquityQuery,2026-10-08,Détection mécanique 50-300 MEUR ; qualification SSI requise.,DETECTE,HORS_UNIVERS_IDENTITE_INSUFFISANTE
2026-10-08,"Enablence Technologies, Inc.",ENAFF,USD,USA,150049402.55,PNK,OTC Markets OTCPK,EQUITY,,Yahoo Finance / yfinance EquityQuery,2026-10-08,Détection mécanique 50-300 MEUR ; qualification SSI requise.,DETECTE,RESOLU_SECONDAIRE_OTC
2026-10-08,Amarc Resources Ltd.,AXREF,USD,USA,150567383.97,OQB,OTC Markets OTCQB,EQUITY,,Yahoo Finance / yfinance EquityQuery,2026-10-08,Détection mécanique 50-300 MEUR ; qualification SSI requise.,DETECTE,RESOLU_SECONDAIRE_OTC
2026-10-08,Orogen Royalties Inc,OGNNF,USD,USA,151428752.73,OQX,OTC Markets OTCQX,EQUITY,,Yahoo Finance / yfinance EquityQuery,2026-10-08,Détection mécanique 50-300 MEUR ; qualification SSI requise.,DETECTE,RESOLU_SECONDAIRE_OTC
2026-10-08,Lara Exploration Ltd.,LRAXF,USD,USA,151501547.66,PNK,OTC Markets OTCPK,EQUITY,,Yahoo Finance / yfinance EquityQuery,2026-10-08,Détection mécanique 50-300 MEUR ; qualification SSI requise.,DETECTE,RESOLU_SECONDAIRE_OTC
2026-10-08,Nanoxplore Inc.,NNXPF,USD,USA,151546262.52,OQX,OTC Markets OTCQX,EQUITY,,Yahoo Finance / yfinance EquityQuery,2026-10-08,Détection mécanique 50-300 MEUR ; qualification SSI requise.,DETECTE,RESOLU_SECONDAIRE_OTC
2026-10-08,Medical Facilities Corp.,MFCSF,USD,USA,151847778.55,PNK,OTC Markets OTCPK,EQUITY,,Yahoo Finance / yfinance EquityQuery,2026-10-08,Détection mécanique 50-300 MEUR ; qualification SSI requise.,DETECTE,RESOLU_SECONDAIRE_OTC
2026-10-08,Bank of Utica (NY),BKUT,USD,USA,152174460.01,OID,OTC Markets OTCID,EQUITY,,Yahoo Finance / yfinance EquityQuery,2026-10-08,Détection mécanique 50-300 MEUR ; qualification SSI requise.,DETECTE,HORS_UNIVERS_IDENTITE_INSUFFISANTE
2026-10-08,Tectonic Metals Inc.,TETOF,USD,USA,152636068.02,OQX,OTC Markets OTCQX,EQUITY,,Yahoo Finance / yfinance EquityQuery,2026-10-08,Détection mécanique 50-300 MEUR ; qualification SSI requise.,DETECTE,RESOLU_SECONDAIRE_OTC
2026-10-08,Gladiator Metals Corp.,GDTRF,USD,USA,152702664.01,OQX,OTC Markets OTCQX,EQUITY,,Yahoo Finance / yfinance EquityQuery,2026-10-08,Détection mécanique 50-300 MEUR ; qualification SSI requise.,DETECTE,RESOLU_SECONDAIRE_OTC
2026-10-08,Bank of Utica (NY),BKUTK,USD,USA,152852789.33,OID,OTC Markets OTCID,EQUITY,,Yahoo Finance / yfinance EquityQuery,2026-10-08,Détection mécanique 50-300 MEUR ; qualification SSI requise.,DETECTE,HORS_UNIVERS_IDENTITE_INSUFFISANTE
2026-10-08,Eurocell plc,ERCLY,USD,USA,152861319.99,PNK,OTC Markets OTCPK,EQUITY,,Yahoo Finance / yfinance EquityQuery,2026-10-08,Détection mécanique 50-300 MEUR ; qualification SSI requise.,DETECTE,HORS_UNIVERS_IDENTITE_INSUFFISANTE
2026-10-08,Reconnaissance Energy Africa Lt,RECAF,USD,USA,153026231.78,OQX,OTC Markets OTCQX,EQUITY,,Yahoo Finance / yfinance EquityQuery,2026-10-08,Détection mécanique 50-300 MEUR ; qualification SSI requise.,DETECTE,RESOLU_SECONDAIRE_OTC
2026-10-08,McFarlane Lake Mining Limited,MLMLF,USD,USA,155039537.66,OQB,OTC Markets OTCQB,EQUITY,,Yahoo Finance / yfinance EquityQuery,2026-10-08,Détection mécanique 50-300 MEUR ; qualification SSI requise.,DETECTE,RESOLU_SECONDAIRE_OTC
2026-10-08,Olympia Financial Group Inc.,OLYFF,USD,USA,155316926.15,PNK,OTC Markets OTCPK,EQUITY,,Yahoo Finance / yfinance EquityQuery,2026-10-08,Détection mécanique 50-300 MEUR ; qualification SSI requise.,DETECTE,RESOLU_SECONDAIRE_OTC
2026-10-08,Eco Atlantic Oil & Gas Ltd,ECAOF,USD,USA,155377465.37,PNK,OTC Markets OTCPK,EQUITY,,Yahoo Finance / yfinance EquityQuery,2026-10-08,Détection mécanique 50-300 MEUR ; qualification SSI requise.,DETECTE,HORS_UNIVERS_IDENTITE_INSUFFISANTE
2026-10-08,Silver X Mining Corp.,AGXPF,USD,USA,155523993.6,OQX,OTC Markets OTCQX,EQUITY,,Yahoo Finance / yfinance EquityQuery,2026-10-08,Détection mécanique 50-300 MEUR ; qualification SSI requise.,DETECTE,RESOLU_SECONDAIRE_OTC
2026-10-08,CAPITAN SILVER CORP.,CAPTF,USD,USA,155625238.27,OQX,OTC Markets OTCQX,EQUITY,,Yahoo Finance / yfinance EquityQuery,2026-10-08,Détection mécanique 50-300 MEUR ; qualification SSI requise.,DETECTE,RESOLU_SECONDAIRE_OTC
2026-10-08,HealWELL AI Inc.,HWAIF,USD,USA,156574046.25,OQX,OTC Markets OTCQX,EQUITY,,Yahoo Finance / yfinance EquityQuery,2026-10-08,Détection mécanique 50-300 MEUR ; qualification SSI requise.,DETECTE,RESOLU_SECONDAIRE_OTC
2026-10-08,NYKODE THERAPEUTICS ASA,VACBF,USD,USA,158030741.04,PNK,OTC Markets OTCPK,EQUITY,,Yahoo Finance / yfinance EquityQuery,2026-10-08,Détection mécanique 50-300 MEUR ; qualification SSI requise.,DETECTE,HORS_UNIVERS_IDENTITE_INSUFFISANTE
2026-10-08,EUROCELL PLC,ECELF,USD,USA,158223320.6,PNK,OTC Markets OTCPK,EQUITY,,Yahoo Finance / yfinance EquityQuery,2026-10-08,Détection mécanique 50-300 MEUR ; qualification SSI requise.,DETECTE,HORS_UNIVERS_IDENTITE_INSUFFISANTE
2026-10-08,MILLENNIAL POTASH CORP.,MLPNF,USD,USA,158618602.76,OQB,OTC Markets OTCQB,EQUITY,,Yahoo Finance / yfinance EquityQuery,2026-10-08,Détection mécanique 50-300 MEUR ; qualification SSI requise.,DETECTE,RESOLU_SECONDAIRE_OTC
2026-10-08,Firm Capital Property Trust,FRMUF,USD,USA,158888100.39,PNK,OTC Markets OTCPK,EQUITY,,Yahoo Finance / yfinance EquityQuery,2026-10-08,Détection mécanique 50-300 MEUR ; qualification SSI requise.,DETECTE,RESOLU_SECONDAIRE_OTC
2026-10-08,Tsakos Energy Navigation Ltd Se,TEN-PF,USD,USA,160088036.66,NYQ,NYSE,EQUITY,,Yahoo Finance / yfinance EquityQuery,2026-10-08,Détection mécanique 50-300 MEUR ; qualification SSI requise.,DETECTE,HORS_UNIVERS_IDENTITE_INSUFFISANTE
2026-10-08,Petrus Resources Ltd.,PTRUF,USD,USA,160309791.06,PNK,OTC Markets OTCPK,EQUITY,,Yahoo Finance / yfinance EquityQuery,2026-10-08,Détection mécanique 50-300 MEUR ; qualification SSI requise.,DETECTE,RESOLU_SECONDAIRE_OTC
2026-10-08,Maxim Power Corp.,MXGFF,USD,USA,160834113.61,PNK,OTC Markets OTCPK,EQUITY,,Yahoo Finance / yfinance EquityQuery,2026-10-08,Détection mécanique 50-300 MEUR ; qualification SSI requise.,DETECTE,RESOLU_SECONDAIRE_OTC
2026-10-08,Real Matters Inc.,RLLMF,USD,USA,161076199.4,PNK,OTC Markets OTCPK,EQUITY,,Yahoo Finance / yfinance EquityQuery,2026-10-08,Détection mécanique 50-300 MEUR ; qualification SSI requise.,DETECTE,RESOLU_SECONDAIRE_OTC
2026-10-08,AGILYX ASA,AGXXF,USD,USA,161936672.44,OQX,OTC Markets OTCQX,EQUITY,,Yahoo Finance / yfinance EquityQuery,2026-10-08,Détection mécanique 50-300 MEUR ; qualification SSI requise.,DETECTE,HORS_UNIVERS_IDENTITE_INSUFFISANTE
2026-10-08,Sandfire Resources America Inc.,SRAFF,USD,USA,163685073.02,OQB,OTC Markets OTCQB,EQUITY,,Yahoo Finance / yfinance EquityQuery,2026-10-08,Détection mécanique 50-300 MEUR ; qualification SSI requise.,DETECTE,RESOLU_SECONDAIRE_OTC
2026-10-08,GoldMining Inc.,GLDG,USD,USA,164169585.83,ASE,NYSE American,EQUITY,,Yahoo Finance / yfinance EquityQuery,2026-10-08,Détection mécanique 50-300 MEUR ; qualification SSI requise.,DETECTE,HORS_UNIVERS_IDENTITE_INSUFFISANTE
2026-10-08,BERKELEY ENERGIA LIMITED,BKLRF,USD,USA,166563828.14,PNK,OTC Markets OTCPK,EQUITY,,Yahoo Finance / yfinance EquityQuery,2026-10-08,Détection mécanique 50-300 MEUR ; qualification SSI requise.,DETECTE,HORS_UNIVERS_IDENTITE_INSUFFISANTE
2026-10-08,WILDBRAIN LTD.,WLDBF,USD,USA,168254277.12,OID,OTC Markets OTCID,EQUITY,,Yahoo Finance / yfinance EquityQuery,2026-10-08,Détection mécanique 50-300 MEUR ; qualification SSI requise.,DETECTE,RESOLU_SECONDAIRE_OTC
2026-10-08,TerrAscend Corp.,TSNDF,USD,USA,168558522.97,OQX,OTC Markets OTCQX,EQUITY,,Yahoo Finance / yfinance EquityQuery,2026-10-08,Détection mécanique 50-300 MEUR ; qualification SSI requise.,DETECTE,RESOLU_SECONDAIRE_OTC
2026-10-08,Denarius Metals Corp.,DNRSF,USD,USA,169766463.84,OQX,OTC Markets OTCQX,EQUITY,,Yahoo Finance / yfinance EquityQuery,2026-10-08,Détection mécanique 50-300 MEUR ; qualification SSI requise.,DETECTE,RESOLU_SECONDAIRE_OTC
2026-10-08,Copper Giant Resources Corp.,CGNRF,USD,USA,170763669.07,OQX,OTC Markets OTCQX,EQUITY,,Yahoo Finance / yfinance EquityQuery,2026-10-08,Détection mécanique 50-300 MEUR ; qualification SSI requise.,DETECTE,RESOLU_SECONDAIRE_OTC
2026-10-08,Copper Giant Resources Corp.,LBCMF,USD,USA,170763669.07,PNK,OTC Markets OTCPK,EQUITY,,Yahoo Finance / yfinance EquityQuery,2026-10-08,Détection mécanique 50-300 MEUR ; qualification SSI requise.,DETECTE,RESOLU_SECONDAIRE_OTC
2026-10-08,Perfect Corp.,PERF,USD,USA,172862153.54,NYQ,NYSE,EQUITY,,Yahoo Finance / yfinance EquityQuery,2026-10-08,Détection mécanique 50-300 MEUR ; qualification SSI requise.,DETECTE,HORS_UNIVERS_IDENTITE_INSUFFISANTE
2026-10-08,"Defi Technologies, Inc.",DEFT,USD,USA,173569799.88,NCM,NasdaqCM,EQUITY,,Yahoo Finance / yfinance EquityQuery,2026-10-08,Détection mécanique 50-300 MEUR ; qualification SSI requise.,DETECTE,HORS_UNIVERS_IDENTITE_INSUFFISANTE
2026-10-08,Power Metallic Mines Inc.,PNPNF,USD,USA,177029208.32,OQB,OTC Markets OTCQB,EQUITY,,Yahoo Finance / yfinance EquityQuery,2026-10-08,Détection mécanique 50-300 MEUR ; qualification SSI requise.,DETECTE,RESOLU_SECONDAIRE_OTC
2026-10-08,POLARIS RENEWABLE ENERGY INC.,RAMPF,USD,USA,178621824.89,PNK,OTC Markets OTCPK,EQUITY,,Yahoo Finance / yfinance EquityQuery,2026-10-08,Détection mécanique 50-300 MEUR ; qualification SSI requise.,DETECTE,RESOLU_SECONDAIRE_OTC
2026-10-08,Andina Copper Corporation,PMMCF,USD,USA,181443609.46,OQB,OTC Markets OTCQB,EQUITY,,Yahoo Finance / yfinance EquityQuery,2026-10-08,Détection mécanique 50-300 MEUR ; qualification SSI requise.,DETECTE,RESOLU_SECONDAIRE_OTC
2026-10-08,Profound Medical Corp.,PROF,USD,USA,184391121.67,NCM,NasdaqCM,EQUITY,,Yahoo Finance / yfinance EquityQuery,2026-10-08,Détection mécanique 50-300 MEUR ; qualification SSI requise.,DETECTE,HORS_UNIVERS_IDENTITE_INSUFFISANTE
2026-10-08,West Red Lake Gold Mines Ltd.,WRLGF,USD,USA,185525030.67,OQX,OTC Markets OTCQX,EQUITY,,Yahoo Finance / yfinance EquityQuery,2026-10-08,Détection mécanique 50-300 MEUR ; qualification SSI requise.,DETECTE,RESOLU_SECONDAIRE_OTC
2026-10-08,LUCA MINING CORP.,LUCMF,USD,USA,186017064.68,OQX,OTC Markets OTCQX,EQUITY,,Yahoo Finance / yfinance EquityQuery,2026-10-08,Détection mécanique 50-300 MEUR ; qualification SSI requise.,DETECTE,RESOLU_SECONDAIRE_OTC
2026-10-08,enCore Energy Corp.,EU,USD,USA,186451218.19,NCM,NasdaqCM,EQUITY,,Yahoo Finance / yfinance EquityQuery,2026-10-08,Détection mécanique 50-300 MEUR ; qualification SSI requise.,DETECTE,HORS_UNIVERS_IDENTITE_INSUFFISANTE
2026-10-08,LASTMINUTE.COM N.V.,LSMNF,USD,USA,187767654.78,PNK,OTC Markets OTCPK,EQUITY,,Yahoo Finance / yfinance EquityQuery,2026-10-08,Détection mécanique 50-300 MEUR ; qualification SSI requise.,DETECTE,HORS_UNIVERS_IDENTITE_INSUFFISANTE
2026-10-08,Richards Group Inc.,RPKIF,USD,USA,189143990.8,PNK,OTC Markets OTCPK,EQUITY,,Yahoo Finance / yfinance EquityQuery,2026-10-08,Détection mécanique 50-300 MEUR ; qualification SSI requise.,DETECTE,RESOLU_SECONDAIRE_OTC
2026-10-08,Asure Software Inc,ASUR,USD,USA,189388948.58,NCM,NasdaqCM,EQUITY,,Yahoo Finance / yfinance EquityQuery,2026-10-08,Détection mécanique 50-300 MEUR ; qualification SSI requise.,DETECTE,HORS_UNIVERS_IDENTITE_INSUFFISANTE
2026-10-08,Maritime Launch Services Inc.,MAXQF,USD,USA,190067548.04,OQB,OTC Markets OTCQB,EQUITY,,Yahoo Finance / yfinance EquityQuery,2026-10-08,Détection mécanique 50-300 MEUR ; qualification SSI requise.,DETECTE,RESOLU_SECONDAIRE_OTC
2026-10-08,ACT Energy Technologies Ltd.,ACXAF,USD,USA,190195706.93,OQB,OTC Markets OTCQB,EQUITY,,Yahoo Finance / yfinance EquityQuery,2026-10-08,Détection mécanique 50-300 MEUR ; qualification SSI requise.,DETECTE,RESOLU_SECONDAIRE_OTC
2026-10-08,BIOINVENT INTERNATIONAL AB,BOVNF,USD,USA,192298954.35,PNK,OTC Markets OTCPK,EQUITY,,Yahoo Finance / yfinance EquityQuery,2026-10-08,Détection mécanique 50-300 MEUR ; qualification SSI requise.,DETECTE,HORS_UNIVERS_IDENTITE_INSUFFISANTE
2026-10-08,Cerrado Gold Inc.,CRDOF,USD,USA,193015970.19,OQX,OTC Markets OTCQX,EQUITY,,Yahoo Finance / yfinance EquityQuery,2026-10-08,Détection mécanique 50-300 MEUR ; qualification SSI requise.,DETECTE,RESOLU_SECONDAIRE_OTC
2026-10-08,Graphene Manufacturing Group Lt,GMGMF,USD,USA,193047690.01,OQX,OTC Markets OTCQX,EQUITY,,Yahoo Finance / yfinance EquityQuery,2026-10-08,Détection mécanique 50-300 MEUR ; qualification SSI requise.,DETECTE,RESOLU_SECONDAIRE_OTC
2026-10-08,Goldquest Mining Corp.,GDQMF,USD,USA,194713911.93,OQX,OTC Markets OTCQX,EQUITY,,Yahoo Finance / yfinance EquityQuery,2026-10-08,Détection mécanique 50-300 MEUR ; qualification SSI requise.,DETECTE,RESOLU_SECONDAIRE_OTC
2026-10-08,TIERNAN GOLD CORP.,RLTWF,USD,USA,197046904.13,PNK,OTC Markets OTCPK,EQUITY,,Yahoo Finance / yfinance EquityQuery,2026-10-08,Détection mécanique 50-300 MEUR ; qualification SSI requise.,DETECTE,RESOLU_SECONDAIRE_OTC
2026-10-08,Acadian Timber Corp,ACAZF,USD,USA,198093302.82,PNK,OTC Markets OTCPK,EQUITY,,Yahoo Finance / yfinance EquityQuery,2026-10-08,Détection mécanique 50-300 MEUR ; qualification SSI requise.,DETECTE,RESOLU_SECONDAIRE_OTC
2026-10-08,FutureFuel Corp.,FF,USD,USA,199564201.15,NYQ,NYSE,EQUITY,,Yahoo Finance / yfinance EquityQuery,2026-10-08,Détection mécanique 50-300 MEUR ; qualification SSI requise.,DETECTE,HORS_UNIVERS_IDENTITE_INSUFFISANTE
2026-10-08,Titan Mining Corporation,TII,USD,USA,200537193.54,ASE,NYSE American,EQUITY,,Yahoo Finance / yfinance EquityQuery,2026-10-08,Détection mécanique 50-300 MEUR ; qualification SSI requise.,DETECTE,HORS_UNIVERS_IDENTITE_INSUFFISANTE
2026-10-08,Cambria Gold Mines Inc.,CAMVF,USD,USA,200658854.91,OQX,OTC Markets OTCQX,EQUITY,,Yahoo Finance / yfinance EquityQuery,2026-10-08,Détection mécanique 50-300 MEUR ; qualification SSI requise.,DETECTE,RESOLU_SECONDAIRE_OTC
2026-10-08,Computer Modelling Group Ltd.,CMDXF,USD,USA,200783203.44,PNK,OTC Markets OTCPK,EQUITY,,Yahoo Finance / yfinance EquityQuery,2026-10-08,Détection mécanique 50-300 MEUR ; qualification SSI requise.,DETECTE,RESOLU_SECONDAIRE_OTC
2026-10-08,NG Energy International Corp.,GASXF,USD,USA,200917902.5,OQX,OTC Markets OTCQX,EQUITY,,Yahoo Finance / yfinance EquityQuery,2026-10-08,Détection mécanique 50-300 MEUR ; qualification SSI requise.,DETECTE,RESOLU_SECONDAIRE_OTC
2026-10-08,Vecima Networks Inc.,VNWTF,USD,USA,202017887.92,PNK,OTC Markets OTCPK,EQUITY,,Yahoo Finance / yfinance EquityQuery,2026-10-08,Détection mécanique 50-300 MEUR ; qualification SSI requise.,DETECTE,RESOLU_SECONDAIRE_OTC
2026-10-08,Kolibri Global Energy Inc.,KGEI,USD,USA,202777912.48,NCM,NasdaqCM,EQUITY,,Yahoo Finance / yfinance EquityQuery,2026-10-08,Détection mécanique 50-300 MEUR ; qualification SSI requise.,DETECTE,HORS_UNIVERS_IDENTITE_INSUFFISANTE
2026-10-08,Spectral Medical Inc.,EDTXF,USD,USA,202945184.43,PNK,OTC Markets OTCPK,EQUITY,,Yahoo Finance / yfinance EquityQuery,2026-10-08,Détection mécanique 50-300 MEUR ; qualification SSI requise.,DETECTE,RESOLU_SECONDAIRE_OTC
2026-10-08,E Split Corp.,ENSPF,USD,USA,203862201.49,PNK,OTC Markets OTCPK,EQUITY,,Yahoo Finance / yfinance EquityQuery,2026-10-08,Détection mécanique 50-300 MEUR ; qualification SSI requise.,DETECTE,RESOLU_SECONDAIRE_OTC
2026-10-08,Serabi Gold Plc,SRBIF,USD,USA,207152944.65,OQX,OTC Markets OTCQX,EQUITY,,Yahoo Finance / yfinance EquityQuery,2026-10-08,Détection mécanique 50-300 MEUR ; qualification SSI requise.,DETECTE,RESOLU_SECONDAIRE_OTC
2026-10-08,Blackrock Silver Corp.,BKRRF,USD,USA,209253106.81,OQX,OTC Markets OTCQX,EQUITY,,Yahoo Finance / yfinance EquityQuery,2026-10-08,Détection mécanique 50-300 MEUR ; qualification SSI requise.,DETECTE,RESOLU_SECONDAIRE_OTC
2026-10-08,Auxly Cannabis Group Inc.,CBWTF,USD,USA,212644142.04,OQB,OTC Markets OTCQB,EQUITY,,Yahoo Finance / yfinance EquityQuery,2026-10-08,Détection mécanique 50-300 MEUR ; qualification SSI requise.,DETECTE,RESOLU_SECONDAIRE_OTC
2026-10-08,Pizza Pizza Royalty Corp.,PZRIF,USD,USA,215380022.9,PNK,OTC Markets OTCPK,EQUITY,,Yahoo Finance / yfinance EquityQuery,2026-10-08,Détection mécanique 50-300 MEUR ; qualification SSI requise.,DETECTE,RESOLU_SECONDAIRE_OTC
2026-10-08,PALISADES GOLDCORP LTD.,PLGDF,USD,USA,215756423.87,PNK,OTC Markets OTCPK,EQUITY,,Yahoo Finance / yfinance EquityQuery,2026-10-08,Détection mécanique 50-300 MEUR ; qualification SSI requise.,DETECTE,RESOLU_SECONDAIRE_OTC
2026-10-08,Nexgold Mining Corp,NXGCF,USD,USA,216061352.17,OQX,OTC Markets OTCQX,EQUITY,,Yahoo Finance / yfinance EquityQuery,2026-10-08,Détection mécanique 50-300 MEUR ; qualification SSI requise.,DETECTE,RESOLU_SECONDAIRE_OTC
2026-10-08,Alvopetro Energy Ltd,ALVOF,USD,USA,216150511.74,OQX,OTC Markets OTCQX,EQUITY,,Yahoo Finance / yfinance EquityQuery,2026-10-08,Détection mécanique 50-300 MEUR ; qualification SSI requise.,DETECTE,RESOLU_SECONDAIRE_OTC
2026-10-08,Cebu Air Inc,CEBUY,USD,USA,217785568.33,PNK,OTC Markets OTCPK,EQUITY,,Yahoo Finance / yfinance EquityQuery,2026-10-08,Détection mécanique 50-300 MEUR ; qualification SSI requise.,DETECTE,HORS_UNIVERS_IDENTITE_INSUFFISANTE
2026-10-08,"Cipher Pharmaceuticals, Inc.",CPHRF,USD,USA,218388116.99,OQX,OTC Markets OTCQX,EQUITY,,Yahoo Finance / yfinance EquityQuery,2026-10-08,Détection mécanique 50-300 MEUR ; qualification SSI requise.,DETECTE,RESOLU_SECONDAIRE_OTC
2026-10-08,Element 29 Resources Inc.,EMTRF,USD,USA,219916028.54,OQX,OTC Markets OTCQX,EQUITY,,Yahoo Finance / yfinance EquityQuery,2026-10-08,Détection mécanique 50-300 MEUR ; qualification SSI requise.,DETECTE,RESOLU_SECONDAIRE_OTC
2026-10-08,Journey Energy Inc.,JRNGF,USD,USA,220068954.77,OQX,OTC Markets OTCQX,EQUITY,,Yahoo Finance / yfinance EquityQuery,2026-10-08,Détection mécanique 50-300 MEUR ; qualification SSI requise.,DETECTE,RESOLU_SECONDAIRE_OTC
2026-10-08,Generation Mining Limited,GENMF,USD,USA,220138266.34,OQB,OTC Markets OTCQB,EQUITY,,Yahoo Finance / yfinance EquityQuery,2026-10-08,Détection mécanique 50-300 MEUR ; qualification SSI requise.,DETECTE,RESOLU_SECONDAIRE_OTC
2026-10-08,Bravo Mining Corp.,BRVMF,USD,USA,222876095.04,OQX,OTC Markets OTCQX,EQUITY,,Yahoo Finance / yfinance EquityQuery,2026-10-08,Détection mécanique 50-300 MEUR ; qualification SSI requise.,DETECTE,RESOLU_SECONDAIRE_OTC
2026-10-08,Galantas Gold Corp.,GALKF,USD,USA,223391915.36,PNK,OTC Markets OTCPK,EQUITY,,Yahoo Finance / yfinance EquityQuery,2026-10-08,Détection mécanique 50-300 MEUR ; qualification SSI requise.,DETECTE,RESOLU_SECONDAIRE_OTC
2026-10-08,Doubleview Gold Corp.,DBLVF,USD,USA,223842248.68,OQX,OTC Markets OTCQX,EQUITY,,Yahoo Finance / yfinance EquityQuery,2026-10-08,Détection mécanique 50-300 MEUR ; qualification SSI requise.,DETECTE,RESOLU_SECONDAIRE_OTC
2026-10-08,Odfjell Technology Ltd.,ODTLF,USD,USA,225837839.23,PNK,OTC Markets OTCPK,EQUITY,,Yahoo Finance / yfinance EquityQuery,2026-10-08,Détection mécanique 50-300 MEUR ; qualification SSI requise.,DETECTE,HORS_UNIVERS_IDENTITE_INSUFFISANTE
2026-10-08,Atha Energy Corp.,SASKF,USD,USA,226095038.5,OQX,OTC Markets OTCQX,EQUITY,,Yahoo Finance / yfinance EquityQuery,2026-10-08,Détection mécanique 50-300 MEUR ; qualification SSI requise.,DETECTE,RESOLU_SECONDAIRE_OTC
2026-10-08,CLARKE INC,CLKFF,USD,USA,226660308.19,PNK,OTC Markets OTCPK,EQUITY,,Yahoo Finance / yfinance EquityQuery,2026-10-08,Détection mécanique 50-300 MEUR ; qualification SSI requise.,DETECTE,RESOLU_SECONDAIRE_OTC
2026-10-08,Condor Energies Inc.,CNPRF,USD,USA,226986037.07,PNK,OTC Markets OTCPK,EQUITY,,Yahoo Finance / yfinance EquityQuery,2026-10-08,Détection mécanique 50-300 MEUR ; qualification SSI requise.,DETECTE,RESOLU_SECONDAIRE_OTC
2026-10-08,"Northwest Biotherapeutics, Inc.",NWBO,USD,USA,227347054.43,OQB,OTC Markets OTCQB,EQUITY,,Yahoo Finance / yfinance EquityQuery,2026-10-08,Détection mécanique 50-300 MEUR ; qualification SSI requise.,DETECTE,HORS_UNIVERS_IDENTITE_INSUFFISANTE
2026-10-08,Pecoy Copper Corp.,PCUUF,USD,USA,232692349.17,OQX,OTC Markets OTCQX,EQUITY,,Yahoo Finance / yfinance EquityQuery,2026-10-08,Détection mécanique 50-300 MEUR ; qualification SSI requise.,DETECTE,RESOLU_SECONDAIRE_OTC
2026-10-08,Roxmore Resources Inc.,GARLF,USD,USA,237092589.42,OQX,OTC Markets OTCQX,EQUITY,,Yahoo Finance / yfinance EquityQuery,2026-10-08,Détection mécanique 50-300 MEUR ; qualification SSI requise.,DETECTE,RESOLU_SECONDAIRE_OTC
2026-10-08,Erdene Resource Development Cor,ERDCF,USD,USA,237467213.18,OQX,OTC Markets OTCQX,EQUITY,,Yahoo Finance / yfinance EquityQuery,2026-10-08,Détection mécanique 50-300 MEUR ; qualification SSI requise.,DETECTE,RESOLU_SECONDAIRE_OTC
2026-10-08,Anaergia Inc.,ANRGF,USD,USA,239669743.21,OQX,OTC Markets OTCQX,EQUITY,,Yahoo Finance / yfinance EquityQuery,2026-10-08,Détection mécanique 50-300 MEUR ; qualification SSI requise.,DETECTE,RESOLU_SECONDAIRE_OTC
2026-10-08,Taiga Building Products Ltd.,TGAFF,USD,USA,239801456.54,PNK,OTC Markets OTCPK,EQUITY,,Yahoo Finance / yfinance EquityQuery,2026-10-08,Détection mécanique 50-300 MEUR ; qualification SSI requise.,DETECTE,RESOLU_SECONDAIRE_OTC
2026-10-08,Dundee Corp.,DDEJF,USD,USA,240501226.24,PNK,OTC Markets OTCPK,EQUITY,,Yahoo Finance / yfinance EquityQuery,2026-10-08,Détection mécanique 50-300 MEUR ; qualification SSI requise.,DETECTE,HORS_UNIVERS_IDENTITE_INSUFFISANTE
2026-10-08,REMEDY ENTERTAINMENT OYJ,RMDEF,USD,USA,241532212.87,PNK,OTC Markets OTCPK,EQUITY,,Yahoo Finance / yfinance EquityQuery,2026-10-08,Détection mécanique 50-300 MEUR ; qualification SSI requise.,DETECTE,HORS_UNIVERS_IDENTITE_INSUFFISANTE
2026-10-08,P2 Gold Inc.,PGLDF,USD,USA,242074165.44,OQB,OTC Markets OTCQB,EQUITY,,Yahoo Finance / yfinance EquityQuery,2026-10-08,Détection mécanique 50-300 MEUR ; qualification SSI requise.,DETECTE,RESOLU_SECONDAIRE_OTC
2026-10-08,Rubellite Energy Corp.,RUBLF,USD,USA,242085624.95,PNK,OTC Markets OTCPK,EQUITY,,Yahoo Finance / yfinance EquityQuery,2026-10-08,Détection mécanique 50-300 MEUR ; qualification SSI requise.,DETECTE,RESOLU_SECONDAIRE_OTC
2026-10-08,White Gold Corp.,WHGOF,USD,USA,242479940.3,OQX,OTC Markets OTCQX,EQUITY,,Yahoo Finance / yfinance EquityQuery,2026-10-08,Détection mécanique 50-300 MEUR ; qualification SSI requise.,DETECTE,RESOLU_SECONDAIRE_OTC
2026-10-08,Pyrophyte Acquisition Corp. II,PAII-UN,USD,USA,243223358.52,NYQ,NYSE,EQUITY,,Yahoo Finance / yfinance EquityQuery,2026-10-08,Détection mécanique 50-300 MEUR ; qualification SSI requise.,DETECTE,HORS_UNIVERS_IDENTITE_INSUFFISANTE
2026-10-08,HERCULES METALS CORP.,BADEF,USD,USA,245255417.62,OQB,OTC Markets OTCQB,EQUITY,,Yahoo Finance / yfinance EquityQuery,2026-10-08,Détection mécanique 50-300 MEUR ; qualification SSI requise.,DETECTE,RESOLU_SECONDAIRE_OTC
2026-10-08,Copper Fox Metals Inc.,CPFXF,USD,USA,246635393.38,OQX,OTC Markets OTCQX,EQUITY,,Yahoo Finance / yfinance EquityQuery,2026-10-08,Détection mécanique 50-300 MEUR ; qualification SSI requise.,DETECTE,RESOLU_SECONDAIRE_OTC
2026-10-08,COVEO SOLUTIONS INC.,CVOSF,USD,USA,247176322.27,PNK,OTC Markets OTCPK,EQUITY,,Yahoo Finance / yfinance EquityQuery,2026-10-08,Détection mécanique 50-300 MEUR ; qualification SSI requise.,DETECTE,RESOLU_SECONDAIRE_OTC
2026-10-08,"Ucore Rare Metals, Inc.",UURAF,USD,USA,247290007.48,OQX,OTC Markets OTCQX,EQUITY,,Yahoo Finance / yfinance EquityQuery,2026-10-08,Détection mécanique 50-300 MEUR ; qualification SSI requise.,DETECTE,RESOLU_SECONDAIRE_OTC
2026-10-08,Silver Storm Mining Ltd.,SVRSF,USD,USA,248022165.24,OQX,OTC Markets OTCQX,EQUITY,,Yahoo Finance / yfinance EquityQuery,2026-10-08,Détection mécanique 50-300 MEUR ; qualification SSI requise.,DETECTE,RESOLU_SECONDAIRE_OTC
2026-10-08,"MGP Ingredients, Inc.",MGPI,USD,USA,248135054.25,NMS,NasdaqGS,EQUITY,,Yahoo Finance / yfinance EquityQuery,2026-10-08,Détection mécanique 50-300 MEUR ; qualification SSI requise.,DETECTE,HORS_UNIVERS_IDENTITE_INSUFFISANTE
2026-10-08,Cherry Hill Mortgage Investment,CHMI-PB,USD,USA,249098449.65,NYQ,NYSE,EQUITY,,Yahoo Finance / yfinance EquityQuery,2026-10-08,Détection mécanique 50-300 MEUR ; qualification SSI requise.,DETECTE,HORS_UNIVERS_IDENTITE_INSUFFISANTE
2026-10-08,Santhera Pharmaceuticals Holdin,SPHDF,USD,USA,249115084.43,PNK,OTC Markets OTCPK,EQUITY,,Yahoo Finance / yfinance EquityQuery,2026-10-08,Détection mécanique 50-300 MEUR ; qualification SSI requise.,DETECTE,HORS_UNIVERS_IDENTITE_INSUFFISANTE
2026-10-08,Sierra Madre Gold and Silver Lt,SMDRF,USD,USA,249330142.26,OQX,OTC Markets OTCQX,EQUITY,,Yahoo Finance / yfinance EquityQuery,2026-10-08,Détection mécanique 50-300 MEUR ; qualification SSI requise.,DETECTE,RESOLU_SECONDAIRE_OTC
2026-10-08,GRIEG SEAFOOD,GRGSF,USD,USA,249349393.11,PNK,OTC Markets OTCPK,EQUITY,,Yahoo Finance / yfinance EquityQuery,2026-10-08,Détection mécanique 50-300 MEUR ; qualification SSI requise.,DETECTE,HORS_UNIVERS_IDENTITE_INSUFFISANTE
2026-10-08,Colonial Coal International Cor,CCARF,USD,USA,250124374.76,PNK,OTC Markets OTCPK,EQUITY,,Yahoo Finance / yfinance EquityQuery,2026-10-08,Détection mécanique 50-300 MEUR ; qualification SSI requise.,DETECTE,RESOLU_SECONDAIRE_OTC
2026-10-08,VOLATUS AEROSPACE INC.,TAKOF,USD,USA,250282220.33,OQX,OTC Markets OTCQX,EQUITY,,Yahoo Finance / yfinance EquityQuery,2026-10-08,Détection mécanique 50-300 MEUR ; qualification SSI requise.,DETECTE,RESOLU_SECONDAIRE_OTC
2026-10-08,Pyrophyte Acquisition Corp. II,PAII,USD,USA,250776514.96,NYQ,NYSE,EQUITY,,Yahoo Finance / yfinance EquityQuery,2026-10-08,Détection mécanique 50-300 MEUR ; qualification SSI requise.,DETECTE,HORS_UNIVERS_IDENTITE_INSUFFISANTE
2026-10-08,Aurora Cannabis Inc.,ACB,USD,USA,250910474.7,NCM,NasdaqCM,EQUITY,,Yahoo Finance / yfinance EquityQuery,2026-10-08,Détection mécanique 50-300 MEUR ; qualification SSI requise.,DETECTE,HORS_UNIVERS_IDENTITE_INSUFFISANTE
2026-10-08,CEBU AIR INC,CEBUF,USD,USA,255516915.12,PNK,OTC Markets OTCPK,EQUITY,,Yahoo Finance / yfinance EquityQuery,2026-10-08,Détection mécanique 50-300 MEUR ; qualification SSI requise.,DETECTE,HORS_UNIVERS_IDENTITE_INSUFFISANTE
2026-10-08,Boston Pizza Royalties Income F,BPZZF,USD,USA,257720724.75,PNK,OTC Markets OTCPK,EQUITY,,Yahoo Finance / yfinance EquityQuery,2026-10-08,Détection mécanique 50-300 MEUR ; qualification SSI requise.,DETECTE,RESOLU_SECONDAIRE_OTC
2026-10-08,Quarterhill Inc.,QTRHF,USD,USA,260301959.04,OQX,OTC Markets OTCQX,EQUITY,,Yahoo Finance / yfinance EquityQuery,2026-10-08,Détection mécanique 50-300 MEUR ; qualification SSI requise.,DETECTE,RESOLU_SECONDAIRE_OTC
2026-10-08,CytoDyn Inc.,CYDY,USD,USA,261165687.95,OQB,OTC Markets OTCQB,EQUITY,,Yahoo Finance / yfinance EquityQuery,2026-10-08,Détection mécanique 50-300 MEUR ; qualification SSI requise.,DETECTE,HORS_UNIVERS_IDENTITE_INSUFFISANTE
2026-10-08,ITAFOS INC.,ITFS,USD,USA,263087246.61,OQX,OTC Markets OTCQX,EQUITY,,Yahoo Finance / yfinance EquityQuery,2026-10-08,Détection mécanique 50-300 MEUR ; qualification SSI requise.,DETECTE,RESOLU_SECONDAIRE_OTC
2026-10-08,Koryx Copper S.A.,KRYXF,USD,USA,263346777.6,OQX,OTC Markets OTCQX,EQUITY,,Yahoo Finance / yfinance EquityQuery,2026-10-08,Détection mécanique 50-300 MEUR ; qualification SSI requise.,DETECTE,RESOLU_SECONDAIRE_OTC
2026-10-08,Ellomay Capital Ltd,ELLO,USD,USA,267004552.22,ASE,NYSE American,EQUITY,,Yahoo Finance / yfinance EquityQuery,2026-10-08,Détection mécanique 50-300 MEUR ; qualification SSI requise.,DETECTE,HORS_UNIVERS_IDENTITE_INSUFFISANTE
2026-10-08,Timbercreek Financial Corp.,TBCRF,USD,USA,272080747.43,PNK,OTC Markets OTCPK,EQUITY,,Yahoo Finance / yfinance EquityQuery,2026-10-08,Détection mécanique 50-300 MEUR ; qualification SSI requise.,DETECTE,RESOLU_SECONDAIRE_OTC
2026-10-08,COELACANTH ENERGY INC,CEIEF,USD,USA,272922922.21,PNK,OTC Markets OTCPK,EQUITY,,Yahoo Finance / yfinance EquityQuery,2026-10-08,Détection mécanique 50-300 MEUR ; qualification SSI requise.,DETECTE,RESOLU_SECONDAIRE_OTC
2026-10-08,SNDL Inc.,SNDL,USD,USA,273381814.62,NCM,NasdaqCM,EQUITY,,Yahoo Finance / yfinance EquityQuery,2026-10-08,Détection mécanique 50-300 MEUR ; qualification SSI requise.,DETECTE,HORS_UNIVERS_IDENTITE_INSUFFISANTE
2026-10-08,Cerro de Pasco Resources Inc,CDPMF,USD,USA,278019505.68,OQX,OTC Markets OTCQX,EQUITY,,Yahoo Finance / yfinance EquityQuery,2026-10-08,Détection mécanique 50-300 MEUR ; qualification SSI requise.,DETECTE,RESOLU_SECONDAIRE_OTC
2026-10-08,Silver Tiger Metals Inc.,SLVTF,USD,USA,280040901.46,OQX,OTC Markets OTCQX,EQUITY,,Yahoo Finance / yfinance EquityQuery,2026-10-08,Détection mécanique 50-300 MEUR ; qualification SSI requise.,DETECTE,RESOLU_SECONDAIRE_OTC
2026-10-08,Electrovaya Inc.,ELVA,USD,USA,280234405.17,NCM,NasdaqCM,EQUITY,,Yahoo Finance / yfinance EquityQuery,2026-10-08,Détection mécanique 50-300 MEUR ; qualification SSI requise.,DETECTE,HORS_UNIVERS_IDENTITE_INSUFFISANTE
2026-10-08,North American Construction Gro,NOA,USD,USA,284121540.69,NYQ,NYSE,EQUITY,,Yahoo Finance / yfinance EquityQuery,2026-10-08,Détection mécanique 50-300 MEUR ; qualification SSI requise.,DETECTE,HORS_UNIVERS_IDENTITE_INSUFFISANTE
2026-10-08,VITALHUB CORP,VHIBF,USD,USA,285977982.02,OQX,OTC Markets OTCQX,EQUITY,,Yahoo Finance / yfinance EquityQuery,2026-10-08,Détection mécanique 50-300 MEUR ; qualification SSI requise.,DETECTE,RESOLU_SECONDAIRE_OTC
2026-10-08,Cogeco Inc.,CGECF,USD,USA,287806698.72,PNK,OTC Markets OTCPK,EQUITY,,Yahoo Finance / yfinance EquityQuery,2026-10-08,Détection mécanique 50-300 MEUR ; qualification SSI requise.,DETECTE,HORS_UNIVERS_IDENTITE_INSUFFISANTE
2026-10-08,Radisson Mining Resources Inc.,RMRDF,USD,USA,292403698.55,OQX,OTC Markets OTCQX,EQUITY,,Yahoo Finance / yfinance EquityQuery,2026-10-08,Détection mécanique 50-300 MEUR ; qualification SSI requise.,DETECTE,RESOLU_SECONDAIRE_OTC
2026-10-08,InPlay Oil Corp.,IPOOF,USD,USA,295081755.78,OQX,OTC Markets OTCQX,EQUITY,,Yahoo Finance / yfinance EquityQuery,2026-10-08,Détection mécanique 50-300 MEUR ; qualification SSI requise.,DETECTE,RESOLU_SECONDAIRE_OTC
