Cle_registre,Ticker,Societe,Pays,Devise,Exchange,FullExchangeName,ISIN,Cle_nom,Classe_preuve,Preuves_convergentes,Etat_registre,Date_derniere_verification
LISTING:Z29.DE@GER,Z29.DE,029 Group SE                  I,Allemagne,EUR,GER,XETRA,-,029 GROUP SE I,PROBABLE,NOM_NORMALISE+RACINE_TICKER+PLACES_DISTINCTES,HORS_UNIVERS_IDENTITE_INSUFFISANTE,2026-10-08T07:14:50.234037+00:00
LISTING:Z29.F@FRA,Z29.F,029 Group SE                  I,Allemagne,EUR,FRA,Frankfurt,-,029 GROUP SE I,PROBABLE,NOM_NORMALISE+RACINE_TICKER+PLACES_DISTINCTES,HORS_UNIVERS_IDENTITE_INSUFFISANTE,2026-10-08T07:14:50.234037+00:00
LISTING:88Q.DE@GER,88Q.DE,4basebio PLC                  R,Allemagne,EUR,GER,XETRA,-,4BASEBIO PLC R,PROBABLE,NOM_NORMALISE+RACINE_TICKER+PLACES_DISTINCTES,HORS_UNIVERS_IDENTITE_INSUFFISANTE,2026-10-08T07:14:50.234037+00:00
LISTING:88Q.DU@DUS,88Q.DU,4basebio PLC                  R,Allemagne,EUR,DUS,Dusseldorf,-,4BASEBIO PLC R,PROBABLE,NOM_NORMALISE+RACINE_TICKER+PLACES_DISTINCTES,HORS_UNIVERS_IDENTITE_INSUFFISANTE,2026-10-08T07:14:50.234037+00:00
LISTING:88Q.F@FRA,88Q.F,4basebio PLC                  R,Allemagne,EUR,FRA,Frankfurt,-,4BASEBIO PLC R,PROBABLE,NOM_NORMALISE+RACINE_TICKER+PLACES_DISTINCTES,HORS_UNIVERS_IDENTITE_INSUFFISANTE,2026-10-08T07:14:50.234037+00:00
LISTING:HRPK.DE@GER,HRPK.DE,7C Solarparken AG             I,Allemagne,EUR,GER,XETRA,-,7C SOLARPARKEN AG I,PROBABLE,NOM_NORMALISE+RACINE_TICKER+PLACES_DISTINCTES,HORS_UNIVERS_IDENTITE_INSUFFISANTE,2026-10-08T07:14:50.234037+00:00
LISTING:HRPK.F@FRA,HRPK.F,7C Solarparken AG             I,Allemagne,EUR,FRA,Frankfurt,-,7C SOLARPARKEN AG I,PROBABLE,NOM_NORMALISE+RACINE_TICKER+PLACES_DISTINCTES,HORS_UNIVERS_IDENTITE_INSUFFISANTE,2026-10-08T07:14:50.234037+00:00
LISTING:AAC.ST@STO,AAC.ST,AAC Clyde Space AB,Suède,SEK,STO,Stockholm,-,AAC CLYDE SPACE AB,NON_RESOLU,,HORS_UNIVERS_IDENTITE_INSUFFISANTE,2026-10-08T07:14:50.234037+00:00
ISIN:SE0021020716,ACCMF,AAC CLYDE SPACE AB,USA,USD,OQX,OTC Markets OTCQX,SE0021020716,AAC CLYDE SPACE AB,NON_RESOLU,,HORS_UNIVERS_IDENTITE_INSUFFISANTE,2026-10-08T07:14:50.234037+00:00
ISIN:SE0020053718,AB.PA,AB SCIENCE,France,EUR,PAR,Paris,SE0020053718,AB SCIENCE,DISTINCT,ISIN_DIFFERENTS,RESOLU_DISTINCT,2026-10-08T07:14:50.234037+00:00
ISIN:FR0010557264,ABSCF,AB SCIENCE,USA,USD,PNK,OTC Markets OTCPK,FR0010557264,AB SCIENCE,DISTINCT,ISIN_DIFFERENTS,RESOLU_DISTINCT,2026-10-08T07:14:50.234037+00:00
LISTING:UDW.F@FRA,UDW.F,AB Vilkyskiu pienine          R,Allemagne,EUR,FRA,Frankfurt,-,AB VILKYSKIU PIENINE R,PROBABLE,NOM_NORMALISE+RACINE_TICKER+PLACES_DISTINCTES,HORS_UNIVERS_IDENTITE_INSUFFISANTE,2026-10-08T07:14:50.234037+00:00
LISTING:UDW.MU@MUN,UDW.MU,AB Vilkyskiu pienine          R,Allemagne,EUR,MUN,Munich,-,AB VILKYSKIU PIENINE R,PROBABLE,NOM_NORMALISE+RACINE_TICKER+PLACES_DISTINCTES,HORS_UNIVERS_IDENTITE_INSUFFISANTE,2026-10-08T07:14:50.234037+00:00
LISTING:779.SG@STU,779.SG,Acadian Timber Corp.,Allemagne,EUR,STU,Stuttgart,-,ACADIAN TIMBER CORP,NON_RESOLU,,HORS_UNIVERS_IDENTITE_INSUFFISANTE,2026-10-08T07:14:50.234037+00:00
ISIN:CA0042721005,ACAZF,Acadian Timber Corp,USA,USD,PNK,OTC Markets OTCPK,CA0042721005,ACADIAN TIMBER CORP,RELATION_CA_OTC_RESOLUE,NOM_NORMALISE+UNIQUE_CANADA+OTC,RESOLU_SECONDAIRE_OTC,2026-10-08T07:14:50.234037+00:00
LISTING:ADN.TO@TOR,ADN.TO,ACADIAN TIMBER CORP,Canada,CAD,TOR,Toronto,-,ACADIAN TIMBER CORP,RELATION_CA_OTC_RESOLUE,NOM_NORMALISE+UNIQUE_CANADA+OTC,RESOLU_PRINCIPALE_CANADA,2026-10-08T07:14:50.234037+00:00
ISIN:GB00BQQFX454,ACSYF,ACCSYS TECHNOLOGIES PLC,USA,USD,PNK,OTC Markets OTCPK,GB00BQQFX454,ACCSYS TECHNOLOGIES PLC,DISTINCT,ISIN_DIFFERENTS,RESOLU_DISTINCT,2026-10-08T07:14:50.234037+00:00
ISIN:PLCTHQM00018,AXS.AS,ACCSYS TECHNOLOGIES PLC,Pays-Bas,EUR,AMS,Amsterdam,PLCTHQM00018,ACCSYS TECHNOLOGIES PLC,DISTINCT,ISIN_DIFFERENTS,RESOLU_DISTINCT,2026-10-08T07:14:50.234037+00:00
LISTING:7W3.F@FRA,7W3.F,Acotec Scientific Holdings LimR,Allemagne,EUR,FRA,Frankfurt,-,ACOTEC SCIENTIFIC HOLDINGS LIMR,PROBABLE,NOM_NORMALISE+RACINE_TICKER+PLACES_DISTINCTES,HORS_UNIVERS_IDENTITE_INSUFFISANTE,2026-10-08T07:14:50.234037+00:00
LISTING:7W3.MU@MUN,7W3.MU,Acotec Scientific Holdings LimR,Allemagne,EUR,MUN,Munich,-,ACOTEC SCIENTIFIC HOLDINGS LIMR,PROBABLE,NOM_NORMALISE+RACINE_TICKER+PLACES_DISTINCTES,HORS_UNIVERS_IDENTITE_INSUFFISANTE,2026-10-08T07:14:50.234037+00:00
LISTING:ACX.TO@TOR,ACX.TO,ACT ENERGY TECHNOLOGIES LTD,Canada,CAD,TOR,Toronto,-,ACT ENERGY TECHNOLOGIES LTD,RELATION_CA_OTC_RESOLUE,NOM_NORMALISE+UNIQUE_CANADA+OTC,RESOLU_PRINCIPALE_CANADA,2026-10-08T07:14:50.234037+00:00
LISTING:ACXAF@OQB,ACXAF,ACT Energy Technologies Ltd.,USA,USD,OQB,OTC Markets OTCQB,-,ACT ENERGY TECHNOLOGIES LTD,RELATION_CA_OTC_RESOLUE,NOM_NORMALISE+UNIQUE_CANADA+OTC,RESOLU_SECONDAIRE_OTC,2026-10-08T07:14:50.234037+00:00
LISTING:AG9.SG@STU,AG9.SG,Actia Group S.A.,Allemagne,EUR,STU,Stuttgart,-,ACTIA GROUP S A,NON_RESOLU,,HORS_UNIVERS_IDENTITE_INSUFFISANTE,2026-10-08T07:14:50.234037+00:00
LISTING:ALATI.PA@PAR,ALATI.PA,ACTIA GROUP S.A.,France,EUR,PAR,Paris,-,ACTIA GROUP S A,NON_RESOLU,,HORS_UNIVERS_IDENTITE_INSUFFISANTE,2026-10-08T07:14:50.234037+00:00
LISTING:APM.DE@GER,APM.DE,AD PEPPER MEDIA INTL N.V.     A,Allemagne,EUR,GER,XETRA,-,AD PEPPER MEDIA INTL N V A,PROBABLE,NOM_NORMALISE+RACINE_TICKER+PLACES_DISTINCTES,HORS_UNIVERS_IDENTITE_INSUFFISANTE,2026-10-08T07:14:50.234037+00:00
LISTING:APM.F@FRA,APM.F,AD PEPPER MEDIA INTL N.V.     A,Allemagne,EUR,FRA,Frankfurt,-,AD PEPPER MEDIA INTL N V A,PROBABLE,NOM_NORMALISE+RACINE_TICKER+PLACES_DISTINCTES,HORS_UNIVERS_IDENTITE_INSUFFISANTE,2026-10-08T07:14:50.234037+00:00
LISTING:6OQ.F@FRA,6OQ.F,Adventure Inc.                R,Allemagne,EUR,FRA,Frankfurt,-,ADVENTURE INC R,PROBABLE,NOM_NORMALISE+RACINE_TICKER+PLACES_DISTINCTES,HORS_UNIVERS_IDENTITE_INSUFFISANTE,2026-10-08T07:14:50.234037+00:00
LISTING:6OQ.MU@MUN,6OQ.MU,Adventure Inc.                R,Allemagne,EUR,MUN,Munich,-,ADVENTURE INC R,PROBABLE,NOM_NORMALISE+RACINE_TICKER+PLACES_DISTINCTES,HORS_UNIVERS_IDENTITE_INSUFFISANTE,2026-10-08T07:14:50.234037+00:00
LISTING:ADY.V@VAN,ADY.V,ADYTON RESOURCES CORPORATION,Canada,CAD,VAN,TSXV,-,ADYTON RESOURCES CORPORATION,RELATION_CA_OTC_RESOLUE,NOM_NORMALISE+UNIQUE_CANADA+OTC,RESOLU_PRINCIPALE_CANADA,2026-10-08T07:14:50.234037+00:00
ISIN:CA00784W1014,ADYRF,Adyton Resources Corporation,USA,USD,OQB,OTC Markets OTCQB,CA00784W1014,ADYTON RESOURCES CORPORATION,RELATION_CA_OTC_RESOLUE,NOM_NORMALISE+UNIQUE_CANADA+OTC,RESOLU_SECONDAIRE_OTC,2026-10-08T07:14:50.234037+00:00
LISTING:AEC.ST@STO,AEC.ST,AFRICA ENERGY CORP.,Suède,SEK,STO,Stockholm,-,AFRICA ENERGY CORP,NON_RESOLU,,HORS_UNIVERS_IDENTITE_INSUFFISANTE,2026-10-08T07:14:50.234037+00:00
LISTING:AFE.V@VAN,AFE.V,AFRICA ENERGY CORP,Canada,CAD,VAN,TSXV,-,AFRICA ENERGY CORP,RELATION_CA_OTC_RESOLUE,NOM_NORMALISE+UNIQUE_CANADA+OTC,RESOLU_PRINCIPALE_CANADA,2026-10-08T07:14:50.234037+00:00
ISIN:CA00830W1059,HPMCF,Africa Energy Corp.,USA,USD,PNK,OTC Markets OTCPK,CA00830W1059,AFRICA ENERGY CORP,RELATION_CA_OTC_RESOLUE,NOM_NORMALISE+UNIQUE_CANADA+OTC,RESOLU_SECONDAIRE_OTC,2026-10-08T07:14:50.234037+00:00
LISTING:AAG.V@VAN,AAG.V,AFTERMATH SILVER LTD,Canada,CAD,VAN,TSXV,-,AFTERMATH SILVER LTD,RELATION_CA_OTC_RESOLUE,NOM_NORMALISE+UNIQUE_CANADA+OTC,RESOLU_PRINCIPALE_CANADA,2026-10-08T07:14:50.234037+00:00
ISIN:CA00831V2057,AAGFF,Aftermath Silver Ltd.,USA,USD,OQX,OTC Markets OTCQX,CA00831V2057,AFTERMATH SILVER LTD,RELATION_CA_OTC_RESOLUE,NOM_NORMALISE+UNIQUE_CANADA+OTC,RESOLU_SECONDAIRE_OTC,2026-10-08T07:14:50.234037+00:00
LISTING:AFN.TO@TOR,AFN.TO,AG GROWTH INTERNATIONAL INC.,Canada,CAD,TOR,Toronto,-,AG GROWTH INTERNATIONAL INC,RELATION_CA_OTC_RESOLUE,NOM_NORMALISE+UNIQUE_CANADA+OTC,RESOLU_PRINCIPALE_CANADA,2026-10-08T07:14:50.234037+00:00
ISIN:CA0011811068,AGGZF,AG Growth International Inc.,USA,USD,PNK,OTC Markets OTCPK,CA0011811068,AG GROWTH INTERNATIONAL INC,RELATION_CA_OTC_RESOLUE,NOM_NORMALISE+UNIQUE_CANADA+OTC,RESOLU_SECONDAIRE_OTC,2026-10-08T07:14:50.234037+00:00
LISTING:7AG.F@FRA,7AG.F,AG Growth International Inc.  R,Allemagne,EUR,FRA,Frankfurt,-,AG GROWTH INTERNATIONAL INC R,PROBABLE,NOM_NORMALISE+RACINE_TICKER+PLACES_DISTINCTES,HORS_UNIVERS_IDENTITE_INSUFFISANTE,2026-10-08T07:14:50.234037+00:00
LISTING:7AG.MU@MUN,7AG.MU,AG Growth International Inc.  R,Allemagne,EUR,MUN,Munich,-,AG GROWTH INTERNATIONAL INC R,PROBABLE,NOM_NORMALISE+RACINE_TICKER+PLACES_DISTINCTES,HORS_UNIVERS_IDENTITE_INSUFFISANTE,2026-10-08T07:14:50.234037+00:00
LISTING:AGLX.OL@OSL,AGLX.OL,AGILYX ASA,Norvège,NOK,OSL,Oslo,-,AGILYX ASA,NON_RESOLU,,HORS_UNIVERS_IDENTITE_INSUFFISANTE,2026-10-08T07:14:50.234037+00:00
LISTING:AGXXF@OQX,AGXXF,AGILYX ASA,USA,USD,OQX,OTC Markets OTCQX,-,AGILYX ASA,NON_RESOLU,,HORS_UNIVERS_IDENTITE_INSUFFISANTE,2026-10-08T07:14:50.234037+00:00
LISTING:AGNMF@PNK,AGNMF,AGRONOMICS LTD,USA,USD,PNK,OTC Markets OTCPK,-,AGRONOMICS LTD,NON_RESOLU,,HORS_UNIVERS_IDENTITE_INSUFFISANTE,2026-10-08T07:14:50.234037+00:00
LISTING:V77.SG@STU,V77.SG,Agronomics Ltd.,Allemagne,EUR,STU,Stuttgart,-,AGRONOMICS LTD,NON_RESOLU,,HORS_UNIVERS_IDENTITE_INSUFFISANTE,2026-10-08T07:14:50.234037+00:00
ISIN:CA00900Q4007,AIM.TO,AIMIA INC,Canada,CAD,TOR,Toronto,CA00900Q4007,AIMIA INC,RELATION_CA_OTC_RESOLUE,NOM_NORMALISE+UNIQUE_CANADA+OTC,RESOLU_PRINCIPALE_CANADA,2026-10-08T07:14:50.234037+00:00
ISIN:CA00900Q1037,AIMFF,"Aimia, Inc.",USA,USD,PNK,OTC Markets OTCPK,CA00900Q1037,AIMIA INC,RELATION_CA_OTC_RESOLUE,NOM_NORMALISE+UNIQUE_CANADA+OTC,RESOLU_SECONDAIRE_OTC,2026-10-08T07:14:50.234037+00:00
LISTING:AI.MC@MCE,AI.MC,AIRTIFICIAL INTELLIGENCE STRUCT,Espagne,EUR,MCE,MCE,-,AIRTIFICIAL INTELLIGENCE STRUCT,NON_RESOLU,,HORS_UNIVERS_IDENTITE_INSUFFISANTE,2026-10-08T07:14:50.234037+00:00
LISTING:AITLF@PNK,AITLF,AIRTIFICIAL INTELLIGENCE STRUCT,USA,USD,PNK,OTC Markets OTCPK,-,AIRTIFICIAL INTELLIGENCE STRUCT,NON_RESOLU,,HORS_UNIVERS_IDENTITE_INSUFFISANTE,2026-10-08T07:14:50.234037+00:00
LISTING:AKT.TO@TOR,AKT.TO,AKITA DRILLING LTD,Canada,CAD,TOR,Toronto,-,AKITA DRILLING LTD,RELATION_CA_OTC_RESOLUE,NOM_NORMALISE+UNIQUE_CANADA+OTC,RESOLU_PRINCIPALE_CANADA,2026-10-08T07:14:50.234037+00:00
ISIN:CA0099052098,AKTAF,Akita Drilling Ltd.,USA,USD,PNK,OTC Markets OTCPK,CA0099052098,AKITA DRILLING LTD,RELATION_CA_OTC_RESOLUE,NOM_NORMALISE+UNIQUE_CANADA+OTC,RESOLU_SECONDAIRE_OTC,2026-10-08T07:14:50.234037+00:00
LISTING:ALG.DE@GER,ALG.DE,ALBIS LEASING AG              I,Allemagne,EUR,GER,XETRA,-,ALBIS LEASING AG I,PROBABLE,NOM_NORMALISE+RACINE_TICKER+PLACES_DISTINCTES,HORS_UNIVERS_IDENTITE_INSUFFISANTE,2026-10-08T07:14:50.234037+00:00
LISTING:ALG.F@FRA,ALG.F,ALBIS LEASING AG              I,Allemagne,EUR,FRA,Frankfurt,-,ALBIS LEASING AG I,PROBABLE,NOM_NORMALISE+RACINE_TICKER+PLACES_DISTINCTES,HORS_UNIVERS_IDENTITE_INSUFFISANTE,2026-10-08T07:14:50.234037+00:00
LISTING:703.DE@GER,703.DE,Alfen N.V.                    R,Allemagne,EUR,GER,XETRA,-,ALFEN N V R,PROBABLE,NOM_NORMALISE+RACINE_TICKER+PLACES_DISTINCTES,HORS_UNIVERS_IDENTITE_INSUFFISANTE,2026-10-08T07:14:50.234037+00:00
LISTING:703.F@FRA,703.F,Alfen N.V.                    R,Allemagne,EUR,FRA,Frankfurt,-,ALFEN N V R,PROBABLE,NOM_NORMALISE+RACINE_TICKER+PLACES_DISTINCTES,HORS_UNIVERS_IDENTITE_INSUFFISANTE,2026-10-08T07:14:50.234037+00:00
LISTING:ALYA.TO@TOR,ALYA.TO,ALITHYA GROUP INC,Canada,CAD,TOR,Toronto,-,ALITHYA GROUP INC,RELATION_CA_OTC_RESOLUE,NOM_NORMALISE+UNIQUE_CANADA+OTC,RESOLU_PRINCIPALE_CANADA,2026-10-08T07:14:50.234037+00:00
ISIN:CA01643B1067,ALYAF,Alithya Group Inc.,USA,USD,PNK,OTC Markets OTCPK,CA01643B1067,ALITHYA GROUP INC,RELATION_CA_OTC_RESOLUE,NOM_NORMALISE+UNIQUE_CANADA+OTC,RESOLU_SECONDAIRE_OTC,2026-10-08T07:14:50.234037+00:00
LISTING:AEIN.DE@GER,AEIN.DE,Allgeier SE                   N,Allemagne,EUR,GER,XETRA,-,ALLGEIER SE N,PROBABLE,NOM_NORMALISE+RACINE_TICKER+PLACES_DISTINCTES,HORS_UNIVERS_IDENTITE_INSUFFISANTE,2026-10-08T07:14:50.234037+00:00
LISTING:AEIN.F@FRA,AEIN.F,Allgeier SE                   N,Allemagne,EUR,FRA,Frankfurt,-,ALLGEIER SE N,PROBABLE,NOM_NORMALISE+RACINE_TICKER+PLACES_DISTINCTES,HORS_UNIVERS_IDENTITE_INSUFFISANTE,2026-10-08T07:14:50.234037+00:00
LISTING:ATHE@NCM,ATHE,Alterity Therapeutics Limited,USA,USD,NCM,NasdaqCM,-,ALTERITY THERAPEUTICS LIMITED,NON_RESOLU,,HORS_UNIVERS_IDENTITE_INSUFFISANTE,2026-10-08T07:14:50.234037+00:00
LISTING:PRNAF@PNK,PRNAF,Alterity Therapeutics Limited,USA,USD,PNK,OTC Markets OTCPK,-,ALTERITY THERAPEUTICS LIMITED,NON_RESOLU,,HORS_UNIVERS_IDENTITE_INSUFFISANTE,2026-10-08T07:14:50.234037+00:00
LISTING:AUUA.V@VAN,AUUA.V,ALUULA COMPOSITES INC,Canada,CAD,VAN,TSXV,-,ALUULA COMPOSITES INC,RELATION_CA_OTC_RESOLUE,NOM_NORMALISE+UNIQUE_CANADA+OTC,RESOLU_PRINCIPALE_CANADA,2026-10-08T07:14:50.234037+00:00
ISIN:CA0223173091,AUUAF,ALUULA COMPOSITES INC.,USA,USD,OQB,OTC Markets OTCQB,CA0223173091,ALUULA COMPOSITES INC,RELATION_CA_OTC_RESOLUE,NOM_NORMALISE+UNIQUE_CANADA+OTC,RESOLU_SECONDAIRE_OTC,2026-10-08T07:14:50.234037+00:00
LISTING:ALV.V@VAN,ALV.V,ALVOPETRO ENERGY LTD,Canada,CAD,VAN,TSXV,-,ALVOPETRO ENERGY LTD,RELATION_CA_OTC_RESOLUE,NOM_NORMALISE+UNIQUE_CANADA+OTC,RESOLU_PRINCIPALE_CANADA,2026-10-08T07:14:50.234037+00:00
ISIN:CA02255Q2099,ALVOF,Alvopetro Energy Ltd,USA,USD,OQX,OTC Markets OTCQX,CA02255Q2099,ALVOPETRO ENERGY LTD,RELATION_CA_OTC_RESOLUE,NOM_NORMALISE+UNIQUE_CANADA+OTC,RESOLU_SECONDAIRE_OTC,2026-10-08T07:14:50.234037+00:00
LISTING:AAD.DE@GER,AAD.DE,AMADEUS FIRE AG               I,Allemagne,EUR,GER,XETRA,-,AMADEUS FIRE AG I,PROBABLE,NOM_NORMALISE+RACINE_TICKER+PLACES_DISTINCTES,HORS_UNIVERS_IDENTITE_INSUFFISANTE,2026-10-08T07:14:50.234037+00:00
LISTING:AAD.F@FRA,AAD.F,AMADEUS FIRE AG               I,Allemagne,EUR,FRA,Frankfurt,-,AMADEUS FIRE AG I,PROBABLE,NOM_NORMALISE+RACINE_TICKER+PLACES_DISTINCTES,HORS_UNIVERS_IDENTITE_INSUFFISANTE,2026-10-08T07:14:50.234037+00:00
LISTING:AHR.V@VAN,AHR.V,Amarc Resources Ltd.,Canada,CAD,VAN,TSXV,-,AMARC RESOURCES LTD,RELATION_CA_OTC_RESOLUE,NOM_NORMALISE+UNIQUE_CANADA+OTC,RESOLU_PRINCIPALE_CANADA,2026-10-08T07:14:50.234037+00:00
ISIN:CA0229121094,AXREF,Amarc Resources Ltd.,USA,USD,OQB,OTC Markets OTCQB,CA0229121094,AMARC RESOURCES LTD,RELATION_CA_OTC_RESOLUE,NOM_NORMALISE+UNIQUE_CANADA+OTC,RESOLU_SECONDAIRE_OTC,2026-10-08T07:14:50.234037+00:00
LISTING:AE.V@VAN,AE.V,AMERICAN EAGLE GOLD CORP,Canada,CAD,VAN,TSXV,-,AMERICAN EAGLE GOLD CORP,RELATION_CA_OTC_RESOLUE,NOM_NORMALISE+UNIQUE_CANADA+OTC,RESOLU_PRINCIPALE_CANADA,2026-10-08T07:14:50.234037+00:00
ISIN:CA02553R1073,AMEGF,AMERICAN EAGLE GOLD CORP.,USA,USD,OQB,OTC Markets OTCQB,CA02553R1073,AMERICAN EAGLE GOLD CORP,RELATION_CA_OTC_RESOLUE,NOM_NORMALISE+UNIQUE_CANADA+OTC,RESOLU_SECONDAIRE_OTC,2026-10-08T07:14:50.234037+00:00
ISIN:CA0272592092,AMLIF,American Lithium Corp.,USA,USD,OQX,OTC Markets OTCQX,CA0272592092,AMERICAN LITHIUM CORP,RELATION_CA_OTC_RESOLUE,NOM_NORMALISE+UNIQUE_CANADA+OTC,RESOLU_SECONDAIRE_OTC,2026-10-08T07:14:50.234037+00:00
ISIN:CA53680Q2071,LI.V,AMERICAN LITHIUM CORP,Canada,CAD,VAN,TSXV,CA53680Q2071,AMERICAN LITHIUM CORP,RELATION_CA_OTC_RESOLUE,NOM_NORMALISE+UNIQUE_CANADA+OTC,RESOLU_PRINCIPALE_CANADA,2026-10-08T07:14:50.234037+00:00
ISIN:US02925A1051,AMRRY,American Rare Earths Ltd.,USA,USD,OQX,OTC Markets OTCQX,US02925A1051,AMERICAN RARE EARTHS LTD,DISTINCT,ISIN_DIFFERENTS,RESOLU_DISTINCT,2026-10-08T07:14:50.234037+00:00
ISIN:NZARRE0004S7,ARRNF,American Rare Earths Ltd.,USA,USD,OQX,OTC Markets OTCQX,NZARRE0004S7,AMERICAN RARE EARTHS LTD,DISTINCT,ISIN_DIFFERENTS,RESOLU_DISTINCT,2026-10-08T07:14:50.234037+00:00
LISTING:TUNG.V@VAN,TUNG.V,AMERICAN TUNGSTEN CORP,Canada,CAD,VAN,TSXV,-,AMERICAN TUNGSTEN CORP,RELATION_CA_OTC_RESOLUE,NOM_NORMALISE+UNIQUE_CANADA+OTC,RESOLU_PRINCIPALE_CANADA,2026-10-08T07:14:50.234037+00:00
ISIN:CA0303381077,TUNGF,American Tungsten Corp.,USA,USD,OQX,OTC Markets OTCQX,CA0303381077,AMERICAN TUNGSTEN CORP,RELATION_CA_OTC_RESOLUE,NOM_NORMALISE+UNIQUE_CANADA+OTC,RESOLU_SECONDAIRE_OTC,2026-10-08T07:14:50.234037+00:00
LISTING:AMT.V@VAN,AMT.V,AMERITRUST FINANCIAL TECHNOLOGI,Canada,CAD,VAN,TSXV,-,AMERITRUST FINANCIAL TECHNOLOGI,RELATION_CA_OTC_RESOLUE,NOM_NORMALISE+UNIQUE_CANADA+OTC,RESOLU_PRINCIPALE_CANADA,2026-10-08T07:14:50.234037+00:00
ISIN:CA0307361026,AMTFF,AmeriTrust Financial Technologi,USA,USD,OQB,OTC Markets OTCQB,CA0307361026,AMERITRUST FINANCIAL TECHNOLOGI,RELATION_CA_OTC_RESOLUE,NOM_NORMALISE+UNIQUE_CANADA+OTC,RESOLU_SECONDAIRE_OTC,2026-10-08T07:14:50.234037+00:00
LISTING:ANRG.TO@TOR,ANRG.TO,ANAERGIA INC,Canada,CAD,TOR,Toronto,-,ANAERGIA INC,RELATION_CA_OTC_RESOLUE,NOM_NORMALISE+UNIQUE_CANADA+OTC,RESOLU_PRINCIPALE_CANADA,2026-10-08T07:14:50.234037+00:00
ISIN:CA03253E2069,ANRGF,Anaergia Inc.,USA,USD,OQX,OTC Markets OTCQX,CA03253E2069,ANAERGIA INC,RELATION_CA_OTC_RESOLUE,NOM_NORMALISE+UNIQUE_CANADA+OTC,RESOLU_SECONDAIRE_OTC,2026-10-08T07:14:50.234037+00:00
LISTING:ANDC.V@VAN,ANDC.V,ANDINA COPPER CORPORATION,Canada,CAD,VAN,TSXV,-,ANDINA COPPER CORPORATION,RELATION_CA_OTC_RESOLUE,NOM_NORMALISE+UNIQUE_CANADA+OTC,RESOLU_PRINCIPALE_CANADA,2026-10-08T07:14:50.234037+00:00
ISIN:CA03421C1086,PMMCF,Andina Copper Corporation,USA,USD,OQB,OTC Markets OTCQB,CA03421C1086,ANDINA COPPER CORPORATION,RELATION_CA_OTC_RESOLUE,NOM_NORMALISE+UNIQUE_CANADA+OTC,RESOLU_SECONDAIRE_OTC,2026-10-08T07:14:50.234037+00:00
ISIN:CA03464C2058,AEC,Anfield Energy Inc.,USA,USD,NCM,NasdaqCM,CA03464C2058,ANFIELD ENERGY INC,PROBABLE,NOM_NORMALISE+RACINE_TICKER+PLACES_DISTINCTES,HORS_UNIVERS_IDENTITE_INSUFFISANTE,2026-10-08T07:14:50.234037+00:00
LISTING:AEC.V@VAN,AEC.V,ANFIELD ENERGY INC,Canada,CAD,VAN,TSXV,-,ANFIELD ENERGY INC,PROBABLE,NOM_NORMALISE+RACINE_TICKER+PLACES_DISTINCTES,HORS_UNIVERS_IDENTITE_INSUFFISANTE,2026-10-08T07:14:50.234037+00:00
LISTING:ANK.V@VAN,ANK.V,ANGKOR RESOURCES CORP,Canada,CAD,VAN,TSXV,-,ANGKOR RESOURCES CORP,RELATION_CA_OTC_RESOLUE,NOM_NORMALISE+UNIQUE_CANADA+OTC,RESOLU_PRINCIPALE_CANADA,2026-10-08T07:14:50.234037+00:00
ISIN:CA03476T1057,ANKOF,Angkor Resources Corp.,USA,USD,OQB,OTC Markets OTCQB,CA03476T1057,ANGKOR RESOURCES CORP,RELATION_CA_OTC_RESOLUE,NOM_NORMALISE+UNIQUE_CANADA+OTC,RESOLU_SECONDAIRE_OTC,2026-10-08T07:14:50.234037+00:00
ISIN:CA03753D1042,APXCF,APEX CRITICAL METALS CORP.,USA,USD,OQX,OTC Markets OTCQX,CA03753D1042,APEX CRITICAL METALS CORP,NON_RESOLU,,HORS_UNIVERS_IDENTITE_INSUFFISANTE,2026-10-08T07:14:50.234037+00:00
LISTING:MLAPX.PA@PAR,MLAPX.PA,APEX CRITICAL METALS CORP.,France,EUR,PAR,Paris,-,APEX CRITICAL METALS CORP,NON_RESOLU,,HORS_UNIVERS_IDENTITE_INSUFFISANTE,2026-10-08T07:14:50.234037+00:00
LISTING:APGO.V@VAN,APGO.V,APOLLO SILVER CORP,Canada,CAD,VAN,TSXV,-,APOLLO SILVER CORP,RELATION_CA_OTC_RESOLUE,NOM_NORMALISE+UNIQUE_CANADA+OTC,RESOLU_PRINCIPALE_CANADA,2026-10-08T07:14:50.234037+00:00
ISIN:CA03770A3073,APGOF,Apollo Silver Corp.,USA,USD,OQB,OTC Markets OTCQB,CA03770A3073,APOLLO SILVER CORP,RELATION_CA_OTC_RESOLUE,NOM_NORMALISE+UNIQUE_CANADA+OTC,RESOLU_SECONDAIRE_OTC,2026-10-08T07:14:50.234037+00:00
ISIN:AU000000APX3,APPEF,Appen Ltd.,USA,USD,PNK,OTC Markets OTCPK,AU000000APX3,APPEN LTD,DISTINCT,ISIN_DIFFERENTS,RESOLU_DISTINCT,2026-10-08T07:14:50.234037+00:00
ISIN:US03783V1089,APXYY,Appen Ltd.,USA,USD,PNK,OTC Markets OTCPK,US03783V1089,APPEN LTD,DISTINCT,ISIN_DIFFERENTS,RESOLU_DISTINCT,2026-10-08T07:14:50.234037+00:00
LISTING:WHX.F@FRA,WHX.F,Apranga AB                    R,Allemagne,EUR,FRA,Frankfurt,-,APRANGA AB R,PROBABLE,NOM_NORMALISE+RACINE_TICKER+PLACES_DISTINCTES,HORS_UNIVERS_IDENTITE_INSUFFISANTE,2026-10-08T07:14:50.234037+00:00
LISTING:WHX.MU@MUN,WHX.MU,Apranga AB                    R,Allemagne,EUR,MUN,Munich,-,APRANGA AB R,PROBABLE,NOM_NORMALISE+RACINE_TICKER+PLACES_DISTINCTES,HORS_UNIVERS_IDENTITE_INSUFFISANTE,2026-10-08T07:14:50.234037+00:00
LISTING:6TW.F@FRA,6TW.F,Arctic Fish Holding AS        N,Allemagne,EUR,FRA,Frankfurt,-,ARCTIC FISH HOLDING AS N,PROBABLE,NOM_NORMALISE+RACINE_TICKER+PLACES_DISTINCTES,HORS_UNIVERS_IDENTITE_INSUFFISANTE,2026-10-08T07:14:50.234037+00:00
LISTING:6TW.MU@MUN,6TW.MU,Arctic Fish Holding AS        N,Allemagne,EUR,MUN,Munich,-,ARCTIC FISH HOLDING AS N,PROBABLE,NOM_NORMALISE+RACINE_TICKER+PLACES_DISTINCTES,HORS_UNIVERS_IDENTITE_INSUFFISANTE,2026-10-08T07:14:50.234037+00:00
LISTING:AGAG.V@VAN,AGAG.V,ARGENTA SILVER CORP,Canada,CAD,VAN,TSXV,-,ARGENTA SILVER CORP,RELATION_CA_OTC_RESOLUE,NOM_NORMALISE+UNIQUE_CANADA+OTC,RESOLU_PRINCIPALE_CANADA,2026-10-08T07:14:50.234037+00:00
ISIN:CA0399441033,AGAGF,Argenta Silver Corp,USA,USD,OQX,OTC Markets OTCQX,CA0399441033,ARGENTA SILVER CORP,RELATION_CA_OTC_RESOLUE,NOM_NORMALISE+UNIQUE_CANADA+OTC,RESOLU_SECONDAIRE_OTC,2026-10-08T07:14:50.234037+00:00
LISTING:ARK.V@VAN,ARK.V,ARRAS MINERALS CORP,Canada,CAD,VAN,TSXV,-,ARRAS MINERALS CORP,RELATION_CA_OTC_RESOLUE,NOM_NORMALISE+UNIQUE_CANADA+OTC,RESOLU_PRINCIPALE_CANADA,2026-10-08T07:14:50.234037+00:00
ISIN:CA04271V1058,ARRKF,ARRAS MINERALS CORP.,USA,USD,OQB,OTC Markets OTCQB,CA04271V1058,ARRAS MINERALS CORP,RELATION_CA_OTC_RESOLUE,NOM_NORMALISE+UNIQUE_CANADA+OTC,RESOLU_SECONDAIRE_OTC,2026-10-08T07:14:50.234037+00:00
LISTING:ARN.TO@TOR,ARN.TO,ASARIAN ENERGY LIMITED,Canada,CAD,TOR,Toronto,-,ASARIAN ENERGY LIMITED,RELATION_CA_OTC_RESOLUE,NOM_NORMALISE+UNIQUE_CANADA+OTC,RESOLU_PRINCIPALE_CANADA,2026-10-08T07:14:50.234037+00:00
ISIN:CA04342X1069,FOSYF,Asarian Energy Limited,USA,USD,PNK,OTC Markets OTCPK,CA04342X1069,ASARIAN ENERGY LIMITED,RELATION_CA_OTC_RESOLUE,NOM_NORMALISE+UNIQUE_CANADA+OTC,RESOLU_SECONDAIRE_OTC,2026-10-08T07:14:50.234037+00:00
ISIN:US04649U1025,ASUR,Asure Software Inc,USA,USD,NCM,NasdaqCM,US04649U1025,ASURE SOFTWARE INC,NON_RESOLU,,HORS_UNIVERS_IDENTITE_INSUFFISANTE,2026-10-08T07:14:50.234037+00:00
LISTING:VTE1.SG@STU,VTE1.SG,Asure Software Inc.,Allemagne,EUR,STU,Stuttgart,-,ASURE SOFTWARE INC,NON_RESOLU,,HORS_UNIVERS_IDENTITE_INSUFFISANTE,2026-10-08T07:14:50.234037+00:00
LISTING:SASK.V@VAN,SASK.V,ATHA ENERGY CORP,Canada,CAD,VAN,TSXV,-,ATHA ENERGY CORP,RELATION_CA_OTC_RESOLUE,NOM_NORMALISE+UNIQUE_CANADA+OTC,RESOLU_PRINCIPALE_CANADA,2026-10-08T07:14:50.234037+00:00
ISIN:CA0468241082,SASKF,Atha Energy Corp.,USA,USD,OQX,OTC Markets OTCQX,CA0468241082,ATHA ENERGY CORP,RELATION_CA_OTC_RESOLUE,NOM_NORMALISE+UNIQUE_CANADA+OTC,RESOLU_SECONDAIRE_OTC,2026-10-08T07:14:50.234037+00:00
LISTING:SALQF@OQX,SALQF,ATLAS SALT INC.,USA,USD,OQX,OTC Markets OTCQX,-,ATLAS SALT INC,RELATION_CA_OTC_RESOLUE,NOM_NORMALISE+UNIQUE_CANADA+OTC,RESOLU_SECONDAIRE_OTC,2026-10-08T07:14:50.234037+00:00
LISTING:SALT.V@VAN,SALT.V,ATLAS SALT INC,Canada,CAD,VAN,TSXV,-,ATLAS SALT INC,RELATION_CA_OTC_RESOLUE,NOM_NORMALISE+UNIQUE_CANADA+OTC,RESOLU_PRINCIPALE_CANADA,2026-10-08T07:14:50.234037+00:00
LISTING:AAG.DE@GER,AAG.DE,Aumann AG                     I,Allemagne,EUR,GER,XETRA,-,AUMANN AG I,PROBABLE,NOM_NORMALISE+RACINE_TICKER+PLACES_DISTINCTES,HORS_UNIVERS_IDENTITE_INSUFFISANTE,2026-10-08T07:14:50.234037+00:00
LISTING:AAG.F@FRA,AAG.F,Aumann AG                     I,Allemagne,EUR,FRA,Frankfurt,-,AUMANN AG I,PROBABLE,NOM_NORMALISE+RACINE_TICKER+PLACES_DISTINCTES,HORS_UNIVERS_IDENTITE_INSUFFISANTE,2026-10-08T07:14:50.234037+00:00
ISIN:CA05157Q1028,AURFF,AURO METALS INC.,USA,USD,OQB,OTC Markets OTCQB,CA05157Q1028,AURO METALS INC,RELATION_CA_OTC_RESOLUE,NOM_NORMALISE+UNIQUE_CANADA+OTC,RESOLU_SECONDAIRE_OTC,2026-10-08T07:14:50.234037+00:00
LISTING:AURO.V@VAN,AURO.V,AURO METALS INC,Canada,CAD,VAN,TSXV,-,AURO METALS INC,RELATION_CA_OTC_RESOLUE,NOM_NORMALISE+UNIQUE_CANADA+OTC,RESOLU_PRINCIPALE_CANADA,2026-10-08T07:14:50.234037+00:00
LISTING:ACB@NCM,ACB,Aurora Cannabis Inc.,USA,USD,NCM,NasdaqCM,-,AURORA CANNABIS INC,PROBABLE,NOM_NORMALISE+RACINE_TICKER+PLACES_DISTINCTES,HORS_UNIVERS_IDENTITE_INSUFFISANTE,2026-10-08T07:14:50.234037+00:00
LISTING:ACB.TO@TOR,ACB.TO,AURORA CANNABIS INC,Canada,CAD,TOR,Toronto,-,AURORA CANNABIS INC,PROBABLE,NOM_NORMALISE+RACINE_TICKER+PLACES_DISTINCTES,HORS_UNIVERS_IDENTITE_INSUFFISANTE,2026-10-08T07:14:50.234037+00:00
ISIN:NO0006001601,AURG.OL,AURSKOG SPAREBANK,Norvège,NOK,OSL,Oslo,NO0006001601,AURSKOG SPAREBANK,CERTAIN,ISIN_COMMUN,RESOLU_CERTAIN,2026-10-08T07:14:50.234037+00:00
ISIN:NO0006001601,VK2.SG,Aurskog Sparebank,Allemagne,EUR,STU,Stuttgart,NO0006001601,AURSKOG SPAREBANK,CERTAIN,ISIN_COMMUN,RESOLU_CERTAIN,2026-10-08T07:14:50.234037+00:00
ISIN:CA05335P7039,CBWTF,Auxly Cannabis Group Inc.,USA,USD,OQB,OTC Markets OTCQB,CA05335P7039,AUXLY CANNABIS GROUP INC,RELATION_CA_OTC_RESOLUE,NOM_NORMALISE+UNIQUE_CANADA+OTC,RESOLU_SECONDAIRE_OTC,2026-10-08T07:14:50.234037+00:00
LISTING:XLY.TO@TOR,XLY.TO,AUXLY CANNABIS GROUP INC,Canada,CAD,TOR,Toronto,-,AUXLY CANNABIS GROUP INC,RELATION_CA_OTC_RESOLUE,NOM_NORMALISE+UNIQUE_CANADA+OTC,RESOLU_PRINCIPALE_CANADA,2026-10-08T07:14:50.234037+00:00
LISTING:ARIC.V@VAN,ARIC.V,AWALE RESOURCES LIMITED,Canada,CAD,VAN,TSXV,-,AWALE RESOURCES LIMITED,RELATION_CA_OTC_RESOLUE,NOM_NORMALISE+UNIQUE_CANADA+OTC,RESOLU_PRINCIPALE_CANADA,2026-10-08T07:14:50.234037+00:00
LISTING:AWLRF@OQX,AWLRF,Awale Resources Limited,USA,USD,OQX,OTC Markets OTCQX,-,AWALE RESOURCES LIMITED,RELATION_CA_OTC_RESOLUE,NOM_NORMALISE+UNIQUE_CANADA+OTC,RESOLU_SECONDAIRE_OTC,2026-10-08T07:14:50.234037+00:00
LISTING:S1K0.F@FRA,S1K0.F,Axe Compute Inc.              R,Allemagne,EUR,FRA,Frankfurt,-,AXE COMPUTE INC R,PROBABLE,NOM_NORMALISE+RACINE_TICKER+PLACES_DISTINCTES,HORS_UNIVERS_IDENTITE_INSUFFISANTE,2026-10-08T07:14:50.234037+00:00
LISTING:S1K0.MU@MUN,S1K0.MU,Axe Compute Inc.              R,Allemagne,EUR,MUN,Munich,-,AXE COMPUTE INC R,PROBABLE,NOM_NORMALISE+RACINE_TICKER+PLACES_DISTINCTES,HORS_UNIVERS_IDENTITE_INSUFFISANTE,2026-10-08T07:14:50.234037+00:00
LISTING:3BK.F@FRA,3BK.F,Baikowski SAS                 A,Allemagne,EUR,FRA,Frankfurt,-,BAIKOWSKI SAS A,PROBABLE,NOM_NORMALISE+RACINE_TICKER+PLACES_DISTINCTES,HORS_UNIVERS_IDENTITE_INSUFFISANTE,2026-10-08T07:14:50.234037+00:00
LISTING:3BK.MU@MUN,3BK.MU,Baikowski SAS                 A,Allemagne,EUR,MUN,Munich,-,BAIKOWSKI SAS A,PROBABLE,NOM_NORMALISE+RACINE_TICKER+PLACES_DISTINCTES,HORS_UNIVERS_IDENTITE_INSUFFISANTE,2026-10-08T07:14:50.234037+00:00
LISTING:BKUT@OID,BKUT,Bank of Utica (NY),USA,USD,OID,OTC Markets OTCID,-,BANK OF UTICA NY,NON_RESOLU,,HORS_UNIVERS_IDENTITE_INSUFFISANTE,2026-10-08T07:14:50.234037+00:00
LISTING:BKUTK@OID,BKUTK,Bank of Utica (NY),USA,USD,OID,OTC Markets OTCID,-,BANK OF UTICA NY,NON_RESOLU,,HORS_UNIVERS_IDENTITE_INSUFFISANTE,2026-10-08T07:14:50.234037+00:00
LISTING:2BZ.F@FRA,2BZ.F,Baozun Inc.                   R,Allemagne,EUR,FRA,Frankfurt,-,BAOZUN INC R,NON_RESOLU,,HORS_UNIVERS_IDENTITE_INSUFFISANTE,2026-10-08T07:14:50.234037+00:00
LISTING:2BZA.F@FRA,2BZA.F,Baozun Inc.                   R,Allemagne,EUR,FRA,Frankfurt,-,BAOZUN INC R,NON_RESOLU,,HORS_UNIVERS_IDENTITE_INSUFFISANTE,2026-10-08T07:14:50.234037+00:00
LISTING:BST.DE@GER,BST.DE,BASTEI LUEBBE AG  O.N.,Allemagne,EUR,GER,XETRA,-,BASTEI LUEBBE AG O N,PROBABLE,NOM_NORMALISE+RACINE_TICKER+PLACES_DISTINCTES,HORS_UNIVERS_IDENTITE_INSUFFISANTE,2026-10-08T07:14:50.234037+00:00
LISTING:BST.F@FRA,BST.F,BASTEI LUEBBE AG  O.N.,Allemagne,EUR,FRA,Frankfurt,-,BASTEI LUEBBE AG O N,PROBABLE,NOM_NORMALISE+RACINE_TICKER+PLACES_DISTINCTES,HORS_UNIVERS_IDENTITE_INSUFFISANTE,2026-10-08T07:14:50.234037+00:00
LISTING:BYW6.DE@GER,BYW6.DE,BAYWA AG                      V,Allemagne,EUR,GER,XETRA,-,BAYWA AG V,PROBABLE,NOM_NORMALISE+RACINE_TICKER+PLACES_DISTINCTES,HORS_UNIVERS_IDENTITE_INSUFFISANTE,2026-10-08T07:14:50.234037+00:00
LISTING:BYW6.F@FRA,BYW6.F,BAYWA AG                      V,Allemagne,EUR,FRA,Frankfurt,-,BAYWA AG V,PROBABLE,NOM_NORMALISE+RACINE_TICKER+PLACES_DISTINCTES,HORS_UNIVERS_IDENTITE_INSUFFISANTE,2026-10-08T07:14:50.234037+00:00
LISTING:BEZ.DE@GER,BEZ.DE,BERENTZEN-GRUPPE AG           I,Allemagne,EUR,GER,XETRA,-,BERENTZEN GRUPPE AG I,PROBABLE,NOM_NORMALISE+RACINE_TICKER+PLACES_DISTINCTES,HORS_UNIVERS_IDENTITE_INSUFFISANTE,2026-10-08T07:14:50.234037+00:00
LISTING:BEZ.F@FRA,BEZ.F,BERENTZEN-GRUPPE AG           I,Allemagne,EUR,FRA,Frankfurt,-,BERENTZEN GRUPPE AG I,PROBABLE,NOM_NORMALISE+RACINE_TICKER+PLACES_DISTINCTES,HORS_UNIVERS_IDENTITE_INSUFFISANTE,2026-10-08T07:14:50.234037+00:00
LISTING:BKLRF@PNK,BKLRF,BERKELEY ENERGIA LIMITED,USA,USD,PNK,OTC Markets OTCPK,-,BERKELEY ENERGIA LIMITED,NON_RESOLU,,HORS_UNIVERS_IDENTITE_INSUFFISANTE,2026-10-08T07:14:50.234037+00:00
LISTING:BKY.MC@MCE,BKY.MC,BERKELEY ENERGIA LIMITED,Espagne,EUR,MCE,MCE,-,BERKELEY ENERGIA LIMITED,NON_RESOLU,,HORS_UNIVERS_IDENTITE_INSUFFISANTE,2026-10-08T07:14:50.234037+00:00
LISTING:BDT.DE@GER,BDT.DE,BERTRANDT AG                  I,Allemagne,EUR,GER,XETRA,-,BERTRANDT AG I,PROBABLE,NOM_NORMALISE+RACINE_TICKER+PLACES_DISTINCTES,HORS_UNIVERS_IDENTITE_INSUFFISANTE,2026-10-08T07:14:50.234037+00:00
LISTING:BDT.F@FRA,BDT.F,BERTRANDT AG                  I,Allemagne,EUR,FRA,Frankfurt,-,BERTRANDT AG I,PROBABLE,NOM_NORMALISE+RACINE_TICKER+PLACES_DISTINCTES,HORS_UNIVERS_IDENTITE_INSUFFISANTE,2026-10-08T07:14:50.234037+00:00
LISTING:0Q30.F@FRA,0Q30.F,Beyond Meat Inc.              R,Allemagne,EUR,FRA,Frankfurt,-,BEYOND MEAT INC R,PROBABLE,NOM_NORMALISE+RACINE_TICKER+PLACES_DISTINCTES,HORS_UNIVERS_IDENTITE_INSUFFISANTE,2026-10-08T07:14:50.234037+00:00
LISTING:0Q30.MU@MUN,0Q30.MU,Beyond Meat Inc.              R,Allemagne,EUR,MUN,Munich,-,BEYOND MEAT INC R,PROBABLE,NOM_NORMALISE+RACINE_TICKER+PLACES_DISTINCTES,HORS_UNIVERS_IDENTITE_INSUFFISANTE,2026-10-08T07:14:50.234037+00:00
ISIN:CA0886691066,BEOLF,BEYOND OIL LTD.,USA,USD,OQB,OTC Markets OTCQB,CA0886691066,BEYOND OIL LTD,RELATION_CA_OTC_RESOLUE,NOM_NORMALISE+UNIQUE_CANADA+OTC,RESOLU_SECONDAIRE_OTC,2026-10-08T07:14:50.234037+00:00
LISTING:BOIL.TO@TOR,BOIL.TO,BEYOND OIL LTD,Canada,CAD,TOR,Toronto,-,BEYOND OIL LTD,RELATION_CA_OTC_RESOLUE,NOM_NORMALISE+UNIQUE_CANADA+OTC,RESOLU_PRINCIPALE_CANADA,2026-10-08T07:14:50.234037+00:00
ISIN:US0887641050,BCCOY,BICO GROUP AB,USA,USD,PNK,OTC Markets OTCPK,US0887641050,BICO GROUP AB,DISTINCT,ISIN_DIFFERENTS,RESOLU_DISTINCT,2026-10-08T07:14:50.234037+00:00
LISTING:BICO.ST@STO,BICO.ST,BICO Group AB,Suède,SEK,STO,Stockholm,-,BICO GROUP AB,NON_RESOLU,,HORS_UNIVERS_IDENTITE_INSUFFISANTE,2026-10-08T07:14:50.234037+00:00
ISIN:SE0013647385,CLLKF,BICO GROUP AB,USA,USD,PNK,OTC Markets OTCPK,SE0013647385,BICO GROUP AB,DISTINCT,ISIN_DIFFERENTS,RESOLU_DISTINCT,2026-10-08T07:14:50.234037+00:00
ISIN:NO0012706763,BIEN.OL,BIEN SPAREBANK ASA,Norvège,NOK,OSL,Oslo,NO0012706763,BIEN SPAREBANK ASA,CERTAIN,ISIN_COMMUN,RESOLU_CERTAIN,2026-10-08T07:14:50.234037+00:00
ISIN:NO0012706763,JX0.SG,Bien Sparebank ASA,Allemagne,EUR,STU,Stuttgart,NO0012706763,BIEN SPAREBANK ASA,CERTAIN,ISIN_COMMUN,RESOLU_CERTAIN,2026-10-08T07:14:50.234037+00:00
LISTING:ALVLF@OQB,ALVLF,Big Ridge Gold Corp.,USA,USD,OQB,OTC Markets OTCQB,-,BIG RIDGE GOLD CORP,RELATION_CA_OTC_RESOLUE,NOM_NORMALISE+UNIQUE_CANADA+OTC,RESOLU_SECONDAIRE_OTC,2026-10-08T07:14:50.234037+00:00
LISTING:BRAU.V@VAN,BRAU.V,BIG RIDGE GOLD CORP,Canada,CAD,VAN,TSXV,-,BIG RIDGE GOLD CORP,RELATION_CA_OTC_RESOLUE,NOM_NORMALISE+UNIQUE_CANADA+OTC,RESOLU_PRINCIPALE_CANADA,2026-10-08T07:14:50.234037+00:00
LISTING:BIKE.DE@GER,BIKE.DE,Bike24 Holding AG             I,Allemagne,EUR,GER,XETRA,-,BIKE24 HOLDING AG I,PROBABLE,NOM_NORMALISE+RACINE_TICKER+PLACES_DISTINCTES,HORS_UNIVERS_IDENTITE_INSUFFISANTE,2026-10-08T07:14:50.234037+00:00
LISTING:BIKE.F@FRA,BIKE.F,Bike24 Holding AG             I,Allemagne,EUR,FRA,Frankfurt,-,BIKE24 HOLDING AG I,PROBABLE,NOM_NORMALISE+RACINE_TICKER+PLACES_DISTINCTES,HORS_UNIVERS_IDENTITE_INSUFFISANTE,2026-10-08T07:14:50.234037+00:00
LISTING:Y7G.DU@DUS,Y7G.DU,Bioage Labs Inc.              R,Allemagne,EUR,DUS,Dusseldorf,-,BIOAGE LABS INC R,PROBABLE,NOM_NORMALISE+RACINE_TICKER+PLACES_DISTINCTES,HORS_UNIVERS_IDENTITE_INSUFFISANTE,2026-10-08T07:14:50.234037+00:00
LISTING:Y7G.F@FRA,Y7G.F,Bioage Labs Inc.              R,Allemagne,EUR,FRA,Frankfurt,-,BIOAGE LABS INC R,PROBABLE,NOM_NORMALISE+RACINE_TICKER+PLACES_DISTINCTES,HORS_UNIVERS_IDENTITE_INSUFFISANTE,2026-10-08T07:14:50.234037+00:00
LISTING:Y7G.MU@MUN,Y7G.MU,Bioage Labs Inc.              R,Allemagne,EUR,MUN,Munich,-,BIOAGE LABS INC R,PROBABLE,NOM_NORMALISE+RACINE_TICKER+PLACES_DISTINCTES,HORS_UNIVERS_IDENTITE_INSUFFISANTE,2026-10-08T07:14:50.234037+00:00
LISTING:BINV.ST@STO,BINV.ST,BioInvent International AB,Suède,SEK,STO,Stockholm,-,BIOINVENT INTERNATIONAL AB,NON_RESOLU,,HORS_UNIVERS_IDENTITE_INSUFFISANTE,2026-10-08T07:14:50.234037+00:00
ISIN:SE0015244520,BOVNF,BIOINVENT INTERNATIONAL AB,USA,USD,PNK,OTC Markets OTCPK,SE0015244520,BIOINVENT INTERNATIONAL AB,NON_RESOLU,,HORS_UNIVERS_IDENTITE_INSUFFISANTE,2026-10-08T07:14:50.234037+00:00
ISIN:CA0906901081,BIOYF,BioSyent Inc.,USA,USD,PNK,OTC Markets OTCPK,CA0906901081,BIOSYENT INC,RELATION_CA_OTC_RESOLUE,NOM_NORMALISE+UNIQUE_CANADA+OTC,RESOLU_SECONDAIRE_OTC,2026-10-08T07:14:50.234037+00:00
LISTING:RX.V@VAN,RX.V,BIOSYENT INC.,Canada,CAD,VAN,TSXV,-,BIOSYENT INC,RELATION_CA_OTC_RESOLUE,NOM_NORMALISE+UNIQUE_CANADA+OTC,RESOLU_PRINCIPALE_CANADA,2026-10-08T07:14:50.234037+00:00
LISTING:ADE.SW@EBS,ADE.SW,Bitcoin Group SE,Suisse,CHF,EBS,Swiss,-,BITCOIN GROUP SE,NON_RESOLU,,HORS_UNIVERS_IDENTITE_INSUFFISANTE,2026-10-08T07:14:50.234037+00:00
ISIN:DE000A1TNV91,BTGGF,BITCOIN GROUP SE,USA,USD,PNK,OTC Markets OTCPK,DE000A1TNV91,BITCOIN GROUP SE,NON_RESOLU,,HORS_UNIVERS_IDENTITE_INSUFFISANTE,2026-10-08T07:14:50.234037+00:00
LISTING:ADE.DE@GER,ADE.DE,Bitcoin Group SE              I,Allemagne,EUR,GER,XETRA,-,BITCOIN GROUP SE I,PROBABLE,NOM_NORMALISE+RACINE_TICKER+PLACES_DISTINCTES,HORS_UNIVERS_IDENTITE_INSUFFISANTE,2026-10-08T07:14:50.234037+00:00
LISTING:ADE.DU@DUS,ADE.DU,Bitcoin Group SE              I,Allemagne,EUR,DUS,Dusseldorf,-,BITCOIN GROUP SE I,PROBABLE,NOM_NORMALISE+RACINE_TICKER+PLACES_DISTINCTES,HORS_UNIVERS_IDENTITE_INSUFFISANTE,2026-10-08T07:14:50.234037+00:00
LISTING:ADE.F@FRA,ADE.F,Bitcoin Group SE              I,Allemagne,EUR,FRA,Frankfurt,-,BITCOIN GROUP SE I,PROBABLE,NOM_NORMALISE+RACINE_TICKER+PLACES_DISTINCTES,HORS_UNIVERS_IDENTITE_INSUFFISANTE,2026-10-08T07:14:50.234037+00:00
LISTING:BMM.V@VAN,BMM.V,BLACK MAMMOTH METALS CORP,Canada,CAD,VAN,TSXV,-,BLACK MAMMOTH METALS CORP,RELATION_CA_OTC_RESOLUE,NOM_NORMALISE+UNIQUE_CANADA+OTC,RESOLU_PRINCIPALE_CANADA,2026-10-08T07:14:50.234037+00:00
ISIN:CA09215W1014,LQRCF,Black Mammoth Metals Corp,USA,USD,PNK,OTC Markets OTCPK,CA09215W1014,BLACK MAMMOTH METALS CORP,RELATION_CA_OTC_RESOLUE,NOM_NORMALISE+UNIQUE_CANADA+OTC,RESOLU_SECONDAIRE_OTC,2026-10-08T07:14:50.234037+00:00
ISIN:CA09261Q1072,BKRRF,Blackrock Silver Corp.,USA,USD,OQX,OTC Markets OTCQX,CA09261Q1072,BLACKROCK SILVER CORP,RELATION_CA_OTC_RESOLUE,NOM_NORMALISE+UNIQUE_CANADA+OTC,RESOLU_SECONDAIRE_OTC,2026-10-08T07:14:50.234037+00:00
LISTING:BRC.V@VAN,BRC.V,BLACKROCK SILVER CORP,Canada,CAD,VAN,TSXV,-,BLACKROCK SILVER CORP,RELATION_CA_OTC_RESOLUE,NOM_NORMALISE+UNIQUE_CANADA+OTC,RESOLU_PRINCIPALE_CANADA,2026-10-08T07:14:50.234037+00:00
LISTING:B7E.DE@GER,B7E.DE,Blue Cap AG                   I,Allemagne,EUR,GER,XETRA,-,BLUE CAP AG I,PROBABLE,NOM_NORMALISE+RACINE_TICKER+PLACES_DISTINCTES,HORS_UNIVERS_IDENTITE_INSUFFISANTE,2026-10-08T07:14:50.234037+00:00
LISTING:B7E.F@FRA,B7E.F,Blue Cap AG                   I,Allemagne,EUR,FRA,Frankfurt,-,BLUE CAP AG I,PROBABLE,NOM_NORMALISE+RACINE_TICKER+PLACES_DISTINCTES,HORS_UNIVERS_IDENTITE_INSUFFISANTE,2026-10-08T07:14:50.234037+00:00
LISTING:66B.F@FRA,66B.F,Bonava AB                     N,Allemagne,EUR,FRA,Frankfurt,-,BONAVA AB N,NON_RESOLU,,HORS_UNIVERS_IDENTITE_INSUFFISANTE,2026-10-08T07:14:50.234037+00:00
LISTING:66BA.F@FRA,66BA.F,Bonava AB                     N,Allemagne,EUR,FRA,Frankfurt,-,BONAVA AB N,NON_RESOLU,,HORS_UNIVERS_IDENTITE_INSUFFISANTE,2026-10-08T07:14:50.234037+00:00
LISTING:BNE.TO@TOR,BNE.TO,BONTERRA ENERGY CORP,Canada,CAD,TOR,Toronto,-,BONTERRA ENERGY CORP,RELATION_CA_OTC_RESOLUE,NOM_NORMALISE+UNIQUE_CANADA+OTC,RESOLU_PRINCIPALE_CANADA,2026-10-08T07:14:50.234037+00:00
ISIN:CA0985461049,BNEFF,Bonterra Energy Corp.,USA,USD,OID,OTC Markets OTCID,CA0985461049,BONTERRA ENERGY CORP,RELATION_CA_OTC_RESOLUE,NOM_NORMALISE+UNIQUE_CANADA+OTC,RESOLU_SECONDAIRE_OTC,2026-10-08T07:14:50.234037+00:00
LISTING:BPF-UN.TO@TOR,BPF-UN.TO,BOSTON PIZZA ROYALTIES INCOME F,Canada,CAD,TOR,Toronto,-,BOSTON PIZZA ROYALTIES INCOME F,RELATION_CA_OTC_RESOLUE,NOM_NORMALISE+UNIQUE_CANADA+OTC,RESOLU_PRINCIPALE_CANADA,2026-10-08T07:14:50.234037+00:00
LISTING:BPZZF@PNK,BPZZF,Boston Pizza Royalties Income F,USA,USD,PNK,OTC Markets OTCPK,-,BOSTON PIZZA ROYALTIES INCOME F,RELATION_CA_OTC_RESOLUE,NOM_NORMALISE+UNIQUE_CANADA+OTC,RESOLU_SECONDAIRE_OTC,2026-10-08T07:14:50.234037+00:00
LISTING:BQE.V@VAN,BQE.V,BQE WATER INC,Canada,CAD,VAN,TSXV,-,BQE WATER INC,RELATION_CA_OTC_RESOLUE,NOM_NORMALISE+UNIQUE_CANADA+OTC,RESOLU_PRINCIPALE_CANADA,2026-10-08T07:14:50.234037+00:00
ISIN:CA0556402059,BTQNF,"BQE Water, Inc.",USA,USD,PNK,OTC Markets OTCPK,CA0556402059,BQE WATER INC,RELATION_CA_OTC_RESOLUE,NOM_NORMALISE+UNIQUE_CANADA+OTC,RESOLU_SECONDAIRE_OTC,2026-10-08T07:14:50.234037+00:00
LISTING:UL5A.SG@STU,UL5A.SG,BQE Water Inc.,Allemagne,EUR,STU,Stuttgart,-,BQE WATER INC,NON_RESOLU,,HORS_UNIVERS_IDENTITE_INSUFFISANTE,2026-10-08T07:14:50.234037+00:00
LISTING:BNN.DE@GER,BNN.DE,BRAIN Biotech AG              N,Allemagne,EUR,GER,XETRA,-,BRAIN BIOTECH AG N,PROBABLE,NOM_NORMALISE+RACINE_TICKER+PLACES_DISTINCTES,HORS_UNIVERS_IDENTITE_INSUFFISANTE,2026-10-08T07:14:50.234037+00:00
LISTING:BNN.F@FRA,BNN.F,BRAIN Biotech AG              N,Allemagne,EUR,FRA,Frankfurt,-,BRAIN BIOTECH AG N,PROBABLE,NOM_NORMALISE+RACINE_TICKER+PLACES_DISTINCTES,HORS_UNIVERS_IDENTITE_INSUFFISANTE,2026-10-08T07:14:50.234037+00:00
ISIN:US10488Q1022,BCHPY,Brainchip Holdings Ltd.,USA,USD,OQX,OTC Markets OTCQX,US10488Q1022,BRAINCHIP HOLDINGS LTD,DISTINCT,ISIN_DIFFERENTS,RESOLU_DISTINCT,2026-10-08T07:14:50.234037+00:00
ISIN:AU000000BRN8,BRCHF,Brainchip Holdings Ltd.,USA,USD,OQX,OTC Markets OTCQX,AU000000BRN8,BRAINCHIP HOLDINGS LTD,DISTINCT,ISIN_DIFFERENTS,RESOLU_DISTINCT,2026-10-08T07:14:50.234037+00:00
LISTING:24Y.F@FRA,24Y.F,Brainchip Holdings Ltd.       R,Allemagne,EUR,FRA,Frankfurt,-,BRAINCHIP HOLDINGS LTD R,NON_RESOLU,,HORS_UNIVERS_IDENTITE_INSUFFISANTE,2026-10-08T07:14:50.234037+00:00
LISTING:24YA.F@FRA,24YA.F,Brainchip Holdings Ltd.       R,Allemagne,EUR,FRA,Frankfurt,-,BRAINCHIP HOLDINGS LTD R,NON_RESOLU,,HORS_UNIVERS_IDENTITE_INSUFFISANTE,2026-10-08T07:14:50.234037+00:00
ISIN:CA10566M1068,BRVMF,Bravo Mining Corp.,USA,USD,OQX,OTC Markets OTCQX,CA10566M1068,BRAVO MINING CORP,RELATION_CA_OTC_RESOLUE,NOM_NORMALISE+UNIQUE_CANADA+OTC,RESOLU_SECONDAIRE_OTC,2026-10-08T07:14:50.234037+00:00
LISTING:BRVO.V@VAN,BRVO.V,BRAVO MINING CORP,Canada,CAD,VAN,TSXV,-,BRAVO MINING CORP,RELATION_CA_OTC_RESOLUE,NOM_NORMALISE+UNIQUE_CANADA+OTC,RESOLU_PRINCIPALE_CANADA,2026-10-08T07:14:50.234037+00:00
LISTING:BKHT.DE@GER,BKHT.DE,Brockhaus Technologies AG     N,Allemagne,EUR,GER,XETRA,-,BROCKHAUS TECHNOLOGIES AG N,PROBABLE,NOM_NORMALISE+RACINE_TICKER+PLACES_DISTINCTES,HORS_UNIVERS_IDENTITE_INSUFFISANTE,2026-10-08T07:14:50.234037+00:00
LISTING:BKHT.F@FRA,BKHT.F,Brockhaus Technologies AG     N,Allemagne,EUR,FRA,Frankfurt,-,BROCKHAUS TECHNOLOGIES AG N,PROBABLE,NOM_NORMALISE+RACINE_TICKER+PLACES_DISTINCTES,HORS_UNIVERS_IDENTITE_INSUFFISANTE,2026-10-08T07:14:50.234037+00:00
LISTING:BIC.F@FRA,BIC.F,BTCS Inc.                     R,Allemagne,EUR,FRA,Frankfurt,-,BTCS INC R,PROBABLE,NOM_NORMALISE+RACINE_TICKER+PLACES_DISTINCTES,HORS_UNIVERS_IDENTITE_INSUFFISANTE,2026-10-08T07:14:50.234037+00:00
LISTING:BIC.MU@MUN,BIC.MU,BTCS Inc.                     R,Allemagne,EUR,MUN,Munich,-,BTCS INC R,PROBABLE,NOM_NORMALISE+RACINE_TICKER+PLACES_DISTINCTES,HORS_UNIVERS_IDENTITE_INSUFFISANTE,2026-10-08T07:14:50.234037+00:00
LISTING:BDCTF@OQB,BDCTF,BUILDDIRECT COM TECHNOLOGIES IN,USA,USD,OQB,OTC Markets OTCQB,-,BUILDDIRECT COM TECHNOLOGIES IN,RELATION_CA_OTC_RESOLUE,NOM_NORMALISE+UNIQUE_CANADA+OTC,RESOLU_SECONDAIRE_OTC,2026-10-08T07:14:50.234037+00:00
LISTING:BILD.V@VAN,BILD.V,BUILDDIRECT.COM TECHNOLOGIES IN,Canada,CAD,VAN,TSXV,-,BUILDDIRECT COM TECHNOLOGIES IN,RELATION_CA_OTC_RESOLUE,NOM_NORMALISE+UNIQUE_CANADA+OTC,RESOLU_PRINCIPALE_CANADA,2026-10-08T07:14:50.234037+00:00
ISIN:US1206138232,BHLL,Bunker Hill Mining Corp.,USA,USD,OQB,OTC Markets OTCQB,US1206138232,BUNKER HILL MINING CORP,RELATION_CA_OTC_RESOLUE,NOM_NORMALISE+UNIQUE_CANADA+OTC,RESOLU_SECONDAIRE_OTC,2026-10-08T07:14:50.234037+00:00
LISTING:BNKR.TO@TOR,BNKR.TO,BUNKER HILL MINING CORP,Canada,CAD,TOR,Toronto,-,BUNKER HILL MINING CORP,RELATION_CA_OTC_RESOLUE,NOM_NORMALISE+UNIQUE_CANADA+OTC,RESOLU_PRINCIPALE_CANADA,2026-10-08T07:14:50.234037+00:00
LISTING:CAMB.V@VAN,CAMB.V,CAMBRIA GOLD MINES INC,Canada,CAD,VAN,TSXV,-,CAMBRIA GOLD MINES INC,RELATION_CA_OTC_RESOLUE,NOM_NORMALISE+UNIQUE_CANADA+OTC,RESOLU_PRINCIPALE_CANADA,2026-10-08T07:14:50.234037+00:00
ISIN:CA1320631080,CAMVF,Cambria Gold Mines Inc.,USA,USD,OQX,OTC Markets OTCQX,CA1320631080,CAMBRIA GOLD MINES INC,RELATION_CA_OTC_RESOLUE,NOM_NORMALISE+UNIQUE_CANADA+OTC,RESOLU_SECONDAIRE_OTC,2026-10-08T07:14:50.234037+00:00
LISTING:BHQ2.F@FRA,BHQ2.F,Cambria Gold Mines Inc.       R,Allemagne,EUR,FRA,Frankfurt,-,CAMBRIA GOLD MINES INC R,PROBABLE,NOM_NORMALISE+RACINE_TICKER+PLACES_DISTINCTES,HORS_UNIVERS_IDENTITE_INSUFFISANTE,2026-10-08T07:14:50.234037+00:00
LISTING:BHQ2.MU@MUN,BHQ2.MU,Cambria Gold Mines Inc.       R,Allemagne,EUR,MUN,Munich,-,CAMBRIA GOLD MINES INC R,PROBABLE,NOM_NORMALISE+RACINE_TICKER+PLACES_DISTINCTES,HORS_UNIVERS_IDENTITE_INSUFFISANTE,2026-10-08T07:14:50.234037+00:00
LISTING:CANX.V@VAN,CANX.V,CANEX METALS INC,Canada,CAD,VAN,TSXV,-,CANEX METALS INC,RELATION_CA_OTC_RESOLUE,NOM_NORMALISE+UNIQUE_CANADA+OTC,RESOLU_PRINCIPALE_CANADA,2026-10-08T07:14:50.234037+00:00
ISIN:CA13751X1015,NOMNF,Canex Metals Inc.,USA,USD,PNK,OTC Markets OTCPK,CA13751X1015,CANEX METALS INC,RELATION_CA_OTC_RESOLUE,NOM_NORMALISE+UNIQUE_CANADA+OTC,RESOLU_SECONDAIRE_OTC,2026-10-08T07:14:50.234037+00:00
LISTING:LOVE.TO@TOR,LOVE.TO,CANNARA BIOTECH INC,Canada,CAD,TOR,Toronto,-,CANNARA BIOTECH INC,RELATION_CA_OTC_RESOLUE,NOM_NORMALISE+UNIQUE_CANADA+OTC,RESOLU_PRINCIPALE_CANADA,2026-10-08T07:14:50.234037+00:00
ISIN:CA13765U2002,LOVFF,Cannara Biotech Inc.,USA,USD,OQX,OTC Markets OTCQX,CA13765U2002,CANNARA BIOTECH INC,RELATION_CA_OTC_RESOLUE,NOM_NORMALISE+UNIQUE_CANADA+OTC,RESOLU_SECONDAIRE_OTC,2026-10-08T07:14:50.234037+00:00
LISTING:HIGH.DE@GER,HIGH.DE,Cantourage Group SE           I,Allemagne,EUR,GER,XETRA,-,CANTOURAGE GROUP SE I,PROBABLE,NOM_NORMALISE+RACINE_TICKER+PLACES_DISTINCTES,HORS_UNIVERS_IDENTITE_INSUFFISANTE,2026-10-08T07:14:50.234037+00:00
LISTING:HIGH.F@FRA,HIGH.F,Cantourage Group SE           I,Allemagne,EUR,FRA,Frankfurt,-,CANTOURAGE GROUP SE I,PROBABLE,NOM_NORMALISE+RACINE_TICKER+PLACES_DISTINCTES,HORS_UNIVERS_IDENTITE_INSUFFISANTE,2026-10-08T07:14:50.234037+00:00
ISIN:SE0006877700,ALCPB.PA,CAPITAL B,France,EUR,PAR,Paris,SE0006877700,CAPITAL B,DISTINCT,ISIN_DIFFERENTS,RESOLU_DISTINCT,2026-10-08T07:14:50.234037+00:00
ISIN:FR0014019Y19,CPTLF,CAPITAL B,USA,USD,PNK,OTC Markets OTCPK,FR0014019Y19,CAPITAL B,DISTINCT,ISIN_DIFFERENTS,RESOLU_DISTINCT,2026-10-08T07:14:50.234037+00:00
LISTING:CAPT.V@VAN,CAPT.V,CAPITAN SILVER CORP,Canada,CAD,VAN,TSXV,-,CAPITAN SILVER CORP,RELATION_CA_OTC_RESOLUE,NOM_NORMALISE+UNIQUE_CANADA+OTC,RESOLU_PRINCIPALE_CANADA,2026-10-08T07:14:50.234037+00:00
LISTING:CAPTF@OQX,CAPTF,CAPITAN SILVER CORP.,USA,USD,OQX,OTC Markets OTCQX,-,CAPITAN SILVER CORP,RELATION_CA_OTC_RESOLUE,NOM_NORMALISE+UNIQUE_CANADA+OTC,RESOLU_SECONDAIRE_OTC,2026-10-08T07:14:50.234037+00:00
ISIN:CA14161Y2006,CRDL,Cardiol Therapeutics Inc.,USA,USD,NCM,NasdaqCM,CA14161Y2006,CARDIOL THERAPEUTICS INC,PROBABLE,NOM_NORMALISE+RACINE_TICKER+PLACES_DISTINCTES,HORS_UNIVERS_IDENTITE_INSUFFISANTE,2026-10-08T07:14:50.234037+00:00
LISTING:CRDL.TO@TOR,CRDL.TO,CARDIOL THERAPEUTICS INC,Canada,CAD,TOR,Toronto,-,CARDIOL THERAPEUTICS INC,PROBABLE,NOM_NORMALISE+RACINE_TICKER+PLACES_DISTINCTES,HORS_UNIVERS_IDENTITE_INSUFFISANTE,2026-10-08T07:14:50.234037+00:00
LISTING:ECR.V@VAN,ECR.V,CARTIER RESOURCES INC.,Canada,CAD,VAN,TSXV,-,CARTIER RESOURCES INC,RELATION_CA_OTC_RESOLUE,NOM_NORMALISE+UNIQUE_CANADA+OTC,RESOLU_PRINCIPALE_CANADA,2026-10-08T07:14:50.234037+00:00
ISIN:CA1467721082,ECRFF,"Cartier Resources, Inc.",USA,USD,OQB,OTC Markets OTCQB,CA1467721082,CARTIER RESOURCES INC,RELATION_CA_OTC_RESOLUE,NOM_NORMALISE+UNIQUE_CANADA+OTC,RESOLU_SECONDAIRE_OTC,2026-10-08T07:14:50.234037+00:00
LISTING:CAM.V@VAN,CAM.V,CASCADIA MINERALS LTD,Canada,CAD,VAN,TSXV,-,CASCADIA MINERALS LTD,RELATION_CA_OTC_RESOLUE,NOM_NORMALISE+UNIQUE_CANADA+OTC,RESOLU_PRINCIPALE_CANADA,2026-10-08T07:14:50.234037+00:00
ISIN:CA1469261004,CAMNF,CASCADIA MINERALS LTD,USA,USD,OQB,OTC Markets OTCQB,CA1469261004,CASCADIA MINERALS LTD,RELATION_CA_OTC_RESOLUE,NOM_NORMALISE+UNIQUE_CANADA+OTC,RESOLU_SECONDAIRE_OTC,2026-10-08T07:14:50.234037+00:00
LISTING:F6G.SG@STU,F6G.SG,Cascadia Minerals Ltd.,Allemagne,EUR,STU,Stuttgart,-,CASCADIA MINERALS LTD,NON_RESOLU,,HORS_UNIVERS_IDENTITE_INSUFFISANTE,2026-10-08T07:14:50.234037+00:00
ISIN:PHY1234G1032,CEBUF,CEBU AIR INC,USA,USD,PNK,OTC Markets OTCPK,PHY1234G1032,CEBU AIR INC,NON_RESOLU,,HORS_UNIVERS_IDENTITE_INSUFFISANTE,2026-10-08T07:14:50.234037+00:00
LISTING:CEBUY@PNK,CEBUY,Cebu Air Inc,USA,USD,PNK,OTC Markets OTCPK,-,CEBU AIR INC,NON_RESOLU,,HORS_UNIVERS_IDENTITE_INSUFFISANTE,2026-10-08T07:14:50.234037+00:00
LISTING:ZVA.F@FRA,ZVA.F,Cellectis                     A,Allemagne,EUR,FRA,Frankfurt,-,CELLECTIS A,NON_RESOLU,,HORS_UNIVERS_IDENTITE_INSUFFISANTE,2026-10-08T07:14:50.234037+00:00
LISTING:ZVAA.F@FRA,ZVAA.F,Cellectis                     A,Allemagne,EUR,FRA,Frankfurt,-,CELLECTIS A,NON_RESOLU,,HORS_UNIVERS_IDENTITE_INSUFFISANTE,2026-10-08T07:14:50.234037+00:00
ISIN:GB00BNTY2N01,CCP.SG,Celtic PLC,Allemagne,EUR,STU,Stuttgart,GB00BNTY2N01,CELTIC PLC,DISTINCT,ISIN_DIFFERENTS,RESOLU_DISTINCT,2026-10-08T07:14:50.234037+00:00
ISIN:GB0004339189,CLTFF,Celtic Plc.,USA,USD,PNK,OTC Markets OTCPK,GB0004339189,CELTIC PLC,DISTINCT,ISIN_DIFFERENTS,RESOLU_DISTINCT,2026-10-08T07:14:50.234037+00:00
LISTING:CSH.DE@GER,CSH.DE,CENIT AG                      I,Allemagne,EUR,GER,XETRA,-,CENIT AG I,PROBABLE,NOM_NORMALISE+RACINE_TICKER+PLACES_DISTINCTES,HORS_UNIVERS_IDENTITE_INSUFFISANTE,2026-10-08T07:14:50.234037+00:00
LISTING:CSH.F@FRA,CSH.F,CENIT AG                      I,Allemagne,EUR,FRA,Frankfurt,-,CENIT AG I,PROBABLE,NOM_NORMALISE+RACINE_TICKER+PLACES_DISTINCTES,HORS_UNIVERS_IDENTITE_INSUFFISANTE,2026-10-08T07:14:50.234037+00:00
LISTING:CEK.DE@GER,CEK.DE,CEOTRONICS AG                 I,Allemagne,EUR,GER,XETRA,-,CEOTRONICS AG I,PROBABLE,NOM_NORMALISE+RACINE_TICKER+PLACES_DISTINCTES,HORS_UNIVERS_IDENTITE_INSUFFISANTE,2026-10-08T07:14:50.234037+00:00
LISTING:CEK.F@FRA,CEK.F,CEOTRONICS AG                 I,Allemagne,EUR,FRA,Frankfurt,-,CEOTRONICS AG I,PROBABLE,NOM_NORMALISE+RACINE_TICKER+PLACES_DISTINCTES,HORS_UNIVERS_IDENTITE_INSUFFISANTE,2026-10-08T07:14:50.234037+00:00
LISTING:CERT.V@VAN,CERT.V,CERRADO GOLD INC,Canada,CAD,VAN,TSXV,-,CERRADO GOLD INC,RELATION_CA_OTC_RESOLUE,NOM_NORMALISE+UNIQUE_CANADA+OTC,RESOLU_PRINCIPALE_CANADA,2026-10-08T07:14:50.234037+00:00
ISIN:CA1567881018,CRDOF,Cerrado Gold Inc.,USA,USD,OQX,OTC Markets OTCQX,CA1567881018,CERRADO GOLD INC,RELATION_CA_OTC_RESOLUE,NOM_NORMALISE+UNIQUE_CANADA+OTC,RESOLU_SECONDAIRE_OTC,2026-10-08T07:14:50.234037+00:00
ISIN:CA1568281051,CDPMF,Cerro de Pasco Resources Inc,USA,USD,OQX,OTC Markets OTCQX,CA1568281051,CERRO DE PASCO RESOURCES INC,RELATION_CA_OTC_RESOLUE,NOM_NORMALISE+UNIQUE_CANADA+OTC,RESOLU_SECONDAIRE_OTC,2026-10-08T07:14:50.234037+00:00
LISTING:CDPR.V@VAN,CDPR.V,CERRO DE PASCO RESOURCES INC,Canada,CAD,VAN,TSXV,-,CERRO DE PASCO RESOURCES INC,RELATION_CA_OTC_RESOLUE,NOM_NORMALISE+UNIQUE_CANADA+OTC,RESOLU_PRINCIPALE_CANADA,2026-10-08T07:14:50.234037+00:00
LISTING:CGX.DE@GER,CGX.DE,CGRE AG                       I,Allemagne,EUR,GER,XETRA,-,CGRE AG I,PROBABLE,NOM_NORMALISE+RACINE_TICKER+PLACES_DISTINCTES,HORS_UNIVERS_IDENTITE_INSUFFISANTE,2026-10-08T07:14:50.234037+00:00
LISTING:CGX.F@FRA,CGX.F,CGRE AG                       I,Allemagne,EUR,FRA,Frankfurt,-,CGRE AG I,PROBABLE,NOM_NORMALISE+RACINE_TICKER+PLACES_DISTINCTES,HORS_UNIVERS_IDENTITE_INSUFFISANTE,2026-10-08T07:14:50.234037+00:00
ISIN:US1646511014,CHMI,Cherry Hill Mortgage Investment,USA,USD,NYQ,NYSE,US1646511014,CHERRY HILL MORTGAGE INVESTMENT,NON_RESOLU,,HORS_UNIVERS_IDENTITE_INSUFFISANTE,2026-10-08T07:14:50.234037+00:00
LISTING:CHMI-PB@NYQ,CHMI-PB,Cherry Hill Mortgage Investment,USA,USD,NYQ,NYSE,-,CHERRY HILL MORTGAGE INVESTMENT,NON_RESOLU,,HORS_UNIVERS_IDENTITE_INSUFFISANTE,2026-10-08T07:14:50.234037+00:00
ISIN:CA1651841027,CHPGF,Chesapeake Gold Corp.,USA,USD,OQX,OTC Markets OTCQX,CA1651841027,CHESAPEAKE GOLD CORP,RELATION_CA_OTC_RESOLUE,NOM_NORMALISE+UNIQUE_CANADA+OTC,RESOLU_SECONDAIRE_OTC,2026-10-08T07:14:50.234037+00:00
LISTING:CKG.V@VAN,CKG.V,CHESAPEAKE GOLD CORP.,Canada,CAD,VAN,TSXV,-,CHESAPEAKE GOLD CORP,RELATION_CA_OTC_RESOLUE,NOM_NORMALISE+UNIQUE_CANADA+OTC,RESOLU_PRINCIPALE_CANADA,2026-10-08T07:14:50.234037+00:00
LISTING:CPH.TO@TOR,CPH.TO,CIPHER PHARMACEUTICALS INC,Canada,CAD,TOR,Toronto,-,CIPHER PHARMACEUTICALS INC,RELATION_CA_OTC_RESOLUE,NOM_NORMALISE+UNIQUE_CANADA+OTC,RESOLU_PRINCIPALE_CANADA,2026-10-08T07:14:50.234037+00:00
ISIN:CA17253X1050,CPHRF,"Cipher Pharmaceuticals, Inc.",USA,USD,OQX,OTC Markets OTCQX,CA17253X1050,CIPHER PHARMACEUTICALS INC,RELATION_CA_OTC_RESOLUE,NOM_NORMALISE+UNIQUE_CANADA+OTC,RESOLU_SECONDAIRE_OTC,2026-10-08T07:14:50.234037+00:00
LISTING:CKI.TO@TOR,CKI.TO,CLARKE INC,Canada,CAD,TOR,Toronto,-,CLARKE INC,RELATION_CA_OTC_RESOLUE,NOM_NORMALISE+UNIQUE_CANADA+OTC,RESOLU_PRINCIPALE_CANADA,2026-10-08T07:14:50.234037+00:00
ISIN:CA1819013071,CLKFF,CLARKE INC,USA,USD,PNK,OTC Markets OTCPK,CA1819013071,CLARKE INC,RELATION_CA_OTC_RESOLUE,NOM_NORMALISE+UNIQUE_CANADA+OTC,RESOLU_SECONDAIRE_OTC,2026-10-08T07:14:50.234037+00:00
LISTING:ABO.DE@GER,ABO.DE,clearvise AG                  I,Allemagne,EUR,GER,XETRA,-,CLEARVISE AG I,PROBABLE,NOM_NORMALISE+RACINE_TICKER+PLACES_DISTINCTES,HORS_UNIVERS_IDENTITE_INSUFFISANTE,2026-10-08T07:14:50.234037+00:00
LISTING:ABO.DU@DUS,ABO.DU,clearvise AG                  I,Allemagne,EUR,DUS,Dusseldorf,-,CLEARVISE AG I,PROBABLE,NOM_NORMALISE+RACINE_TICKER+PLACES_DISTINCTES,HORS_UNIVERS_IDENTITE_INSUFFISANTE,2026-10-08T07:14:50.234037+00:00
LISTING:ABO.F@FRA,ABO.F,clearvise AG                  I,Allemagne,EUR,FRA,Frankfurt,-,CLEARVISE AG I,PROBABLE,NOM_NORMALISE+RACINE_TICKER+PLACES_DISTINCTES,HORS_UNIVERS_IDENTITE_INSUFFISANTE,2026-10-08T07:14:50.234037+00:00
LISTING:ABO.MU@MUN,ABO.MU,clearvise AG                  I,Allemagne,EUR,MUN,Munich,-,CLEARVISE AG I,PROBABLE,NOM_NORMALISE+RACINE_TICKER+PLACES_DISTINCTES,HORS_UNIVERS_IDENTITE_INSUFFISANTE,2026-10-08T07:14:50.234037+00:00
LISTING:UR9.F@FRA,UR9.F,Clinuvel Pharmaceuticals Ltd. R,Allemagne,EUR,FRA,Frankfurt,-,CLINUVEL PHARMACEUTICALS LTD R,NON_RESOLU,,HORS_UNIVERS_IDENTITE_INSUFFISANTE,2026-10-08T07:14:50.234037+00:00
LISTING:UR9A.F@FRA,UR9A.F,Clinuvel Pharmaceuticals Ltd. R,Allemagne,EUR,FRA,Frankfurt,-,CLINUVEL PHARMACEUTICALS LTD R,NON_RESOLU,,HORS_UNIVERS_IDENTITE_INSUFFISANTE,2026-10-08T07:14:50.234037+00:00
LISTING:CEI.V@VAN,CEI.V,COELACANTH ENERGY INC,Canada,CAD,VAN,TSXV,-,COELACANTH ENERGY INC,RELATION_CA_OTC_RESOLUE,NOM_NORMALISE+UNIQUE_CANADA+OTC,RESOLU_PRINCIPALE_CANADA,2026-10-08T07:14:50.234037+00:00
ISIN:CA1920771054,CEIEF,COELACANTH ENERGY INC,USA,USD,PNK,OTC Markets OTCPK,CA1920771054,COELACANTH ENERGY INC,RELATION_CA_OTC_RESOLUE,NOM_NORMALISE+UNIQUE_CANADA+OTC,RESOLU_SECONDAIRE_OTC,2026-10-08T07:14:50.234037+00:00
LISTING:76E.SG@STU,76E.SG,Cogeco Inc.,Allemagne,EUR,STU,Stuttgart,-,COGECO INC,NON_RESOLU,,HORS_UNIVERS_IDENTITE_INSUFFISANTE,2026-10-08T07:14:50.234037+00:00
ISIN:CA19238T1003,CGECF,Cogeco Inc.,USA,USD,PNK,OTC Markets OTCPK,CA19238T1003,COGECO INC,NON_RESOLU,,HORS_UNIVERS_IDENTITE_INSUFFISANTE,2026-10-08T07:14:50.234037+00:00
LISTING:CAD.V@VAN,CAD.V,COLONIAL COAL INTERNATIONAL COR,Canada,CAD,VAN,TSXV,-,COLONIAL COAL INTERNATIONAL COR,RELATION_CA_OTC_RESOLUE,NOM_NORMALISE+UNIQUE_CANADA+OTC,RESOLU_PRINCIPALE_CANADA,2026-10-08T07:14:50.234037+00:00
ISIN:CA1956151098,CCARF,Colonial Coal International Cor,USA,USD,PNK,OTC Markets OTCPK,CA1956151098,COLONIAL COAL INTERNATIONAL COR,RELATION_CA_OTC_RESOLUE,NOM_NORMALISE+UNIQUE_CANADA+OTC,RESOLU_SECONDAIRE_OTC,2026-10-08T07:14:50.234037+00:00
ISIN:CA2052491057,CMDXF,Computer Modelling Group Ltd.,USA,USD,PNK,OTC Markets OTCPK,CA2052491057,COMPUTER MODELLING GROUP LTD,RELATION_CA_OTC_RESOLUE,NOM_NORMALISE+UNIQUE_CANADA+OTC,RESOLU_SECONDAIRE_OTC,2026-10-08T07:14:50.234037+00:00
LISTING:CMG.TO@TOR,CMG.TO,COMPUTER MODELLING GROUP LTD,Canada,CAD,TOR,Toronto,-,COMPUTER MODELLING GROUP LTD,RELATION_CA_OTC_RESOLUE,NOM_NORMALISE+UNIQUE_CANADA+OTC,RESOLU_PRINCIPALE_CANADA,2026-10-08T07:14:50.234037+00:00
LISTING:CDR.TO@TOR,CDR.TO,CONDOR ENERGIES INC,Canada,CAD,TOR,Toronto,-,CONDOR ENERGIES INC,RELATION_CA_OTC_RESOLUE,NOM_NORMALISE+UNIQUE_CANADA+OTC,RESOLU_PRINCIPALE_CANADA,2026-10-08T07:14:50.234037+00:00
LISTING:CNPRF@PNK,CNPRF,Condor Energies Inc.,USA,USD,PNK,OTC Markets OTCPK,-,CONDOR ENERGIES INC,RELATION_CA_OTC_RESOLUE,NOM_NORMALISE+UNIQUE_CANADA+OTC,RESOLU_SECONDAIRE_OTC,2026-10-08T07:14:50.234037+00:00
ISIN:CA21749Q1046,CPFXF,Copper Fox Metals Inc.,USA,USD,OQX,OTC Markets OTCQX,CA21749Q1046,COPPER FOX METALS INC,RELATION_CA_OTC_RESOLUE,NOM_NORMALISE+UNIQUE_CANADA+OTC,RESOLU_SECONDAIRE_OTC,2026-10-08T07:14:50.234037+00:00
LISTING:CUU.V@VAN,CUU.V,COPPER FOX METALS INC,Canada,CAD,VAN,TSXV,-,COPPER FOX METALS INC,RELATION_CA_OTC_RESOLUE,NOM_NORMALISE+UNIQUE_CANADA+OTC,RESOLU_PRINCIPALE_CANADA,2026-10-08T07:14:50.234037+00:00
ISIN:CA21750C1014,CGNRF,Copper Giant Resources Corp.,USA,USD,OQX,OTC Markets OTCQX,CA21750C1014,COPPER GIANT RESOURCES CORP,RELATION_CA_OTC_RESOLUE,NOM_NORMALISE+UNIQUE_CANADA+OTC,RESOLU_SECONDAIRE_OTC,2026-10-08T07:14:50.234037+00:00
LISTING:CGNT.V@VAN,CGNT.V,COPPER GIANT RESOURCES CORP,Canada,CAD,VAN,TSXV,-,COPPER GIANT RESOURCES CORP,RELATION_CA_OTC_RESOLUE,NOM_NORMALISE+UNIQUE_CANADA+OTC,RESOLU_PRINCIPALE_CANADA,2026-10-08T07:14:50.234037+00:00
LISTING:LBCMF@PNK,LBCMF,Copper Giant Resources Corp.,USA,USD,PNK,OTC Markets OTCPK,-,COPPER GIANT RESOURCES CORP,RELATION_CA_OTC_RESOLUE,NOM_NORMALISE+UNIQUE_CANADA+OTC,RESOLU_SECONDAIRE_OTC,2026-10-08T07:14:50.234037+00:00
ISIN:CA2183491083,CBYDF,Corby Spirit and Wine Ltd.,USA,USD,PNK,OTC Markets OTCPK,CA2183491083,CORBY SPIRIT AND WINE LTD,DISTINCT,ISIN_DIFFERENTS,RESOLU_DISTINCT,2026-10-08T07:14:50.234037+00:00
ISIN:CA2183492073,CRBBF,Corby Spirit and Wine Ltd.,USA,USD,PNK,OTC Markets OTCPK,CA2183492073,CORBY SPIRIT AND WINE LTD,DISTINCT,ISIN_DIFFERENTS,RESOLU_DISTINCT,2026-10-08T07:14:50.234037+00:00
LISTING:CSW-A.TO@TOR,CSW-A.TO,CORBY SPIRIT AND WINE LTD CLASS,Canada,CAD,TOR,Toronto,-,CORBY SPIRIT AND WINE LTD CLASS,NON_RESOLU,,HORS_UNIVERS_IDENTITE_INSUFFISANTE,2026-10-08T07:14:50.234037+00:00
LISTING:CSW-B.TO@TOR,CSW-B.TO,CORBY SPIRIT AND WINE LTD CLASS,Canada,CAD,TOR,Toronto,-,CORBY SPIRIT AND WINE LTD CLASS,NON_RESOLU,,HORS_UNIVERS_IDENTITE_INSUFFISANTE,2026-10-08T07:14:50.234037+00:00
ISIN:GB00B54X0432,DDOSF,Corero Network Security plc,USA,USD,OQX,OTC Markets OTCQX,GB00B54X0432,CORERO NETWORK SECURITY PLC,DISTINCT,ISIN_DIFFERENTS,RESOLU_DISTINCT,2026-10-08T07:14:50.234037+00:00
ISIN:PLCTHQM00018,NYA1.SG,Corero Network Security PLC,Allemagne,EUR,STU,Stuttgart,PLCTHQM00018,CORERO NETWORK SECURITY PLC,DISTINCT,ISIN_DIFFERENTS,RESOLU_DISTINCT,2026-10-08T07:14:50.234037+00:00
LISTING:CTH.V@VAN,CTH.V,COTEC HOLDINGS CORP,Canada,CAD,VAN,TSXV,-,COTEC HOLDINGS CORP,RELATION_CA_OTC_RESOLUE,NOM_NORMALISE+UNIQUE_CANADA+OTC,RESOLU_PRINCIPALE_CANADA,2026-10-08T07:14:50.234037+00:00
ISIN:CA22165A1021,CTHCF,CoTec Holdings Corp.,USA,USD,OQX,OTC Markets OTCQX,CA22165A1021,COTEC HOLDINGS CORP,RELATION_CA_OTC_RESOLUE,NOM_NORMALISE+UNIQUE_CANADA+OTC,RESOLU_SECONDAIRE_OTC,2026-10-08T07:14:50.234037+00:00
LISTING:COV.V@VAN,COV.V,COVALON TECHNOLOGIES LTD,Canada,CAD,VAN,TSXV,-,COVALON TECHNOLOGIES LTD,RELATION_CA_OTC_RESOLUE,NOM_NORMALISE+UNIQUE_CANADA+OTC,RESOLU_PRINCIPALE_CANADA,2026-10-08T07:14:50.234037+00:00
ISIN:CA22282D3022,CVALF,Covalon Technologies Ltd.,USA,USD,OQX,OTC Markets OTCQX,CA22282D3022,COVALON TECHNOLOGIES LTD,RELATION_CA_OTC_RESOLUE,NOM_NORMALISE+UNIQUE_CANADA+OTC,RESOLU_SECONDAIRE_OTC,2026-10-08T07:14:50.234037+00:00
LISTING:CVO.TO@TOR,CVO.TO,COVEO SOLUTIONS INC,Canada,CAD,TOR,Toronto,-,COVEO SOLUTIONS INC,RELATION_CA_OTC_RESOLUE,NOM_NORMALISE+UNIQUE_CANADA+OTC,RESOLU_PRINCIPALE_CANADA,2026-10-08T07:14:50.234037+00:00
ISIN:CA22289D1078,CVOSF,COVEO SOLUTIONS INC.,USA,USD,PNK,OTC Markets OTCPK,CA22289D1078,COVEO SOLUTIONS INC,RELATION_CA_OTC_RESOLUE,NOM_NORMALISE+UNIQUE_CANADA+OTC,RESOLU_SECONDAIRE_OTC,2026-10-08T07:14:50.234037+00:00
LISTING:1RC.SG@STU,1RC.SG,Creo Medical Group PLC,Allemagne,EUR,STU,Stuttgart,-,CREO MEDICAL GROUP PLC,NON_RESOLU,,HORS_UNIVERS_IDENTITE_INSUFFISANTE,2026-10-08T07:14:50.234037+00:00
ISIN:GB00BZ1BLL44,CMEOF,Creo Medical Group PLC,USA,USD,PNK,OTC Markets OTCPK,GB00BZ1BLL44,CREO MEDICAL GROUP PLC,NON_RESOLU,,HORS_UNIVERS_IDENTITE_INSUFFISANTE,2026-10-08T07:14:50.234037+00:00
LISTING:CRE.V@VAN,CRE.V,CRITICAL ELEMENTS LITHIUM CORPO,Canada,CAD,VAN,TSXV,-,CRITICAL ELEMENTS LITHIUM CORPO,RELATION_CA_OTC_RESOLUE,NOM_NORMALISE+UNIQUE_CANADA+OTC,RESOLU_PRINCIPALE_CANADA,2026-10-08T07:14:50.234037+00:00
LISTING:CRECF@OQX,CRECF,Critical Elements Lithium Corpo,USA,USD,OQX,OTC Markets OTCQX,-,CRITICAL ELEMENTS LITHIUM CORPO,RELATION_CA_OTC_RESOLUE,NOM_NORMALISE+UNIQUE_CANADA+OTC,RESOLU_SECONDAIRE_OTC,2026-10-08T07:14:50.234037+00:00
LISTING:CURN@OQX,CURN,Currency Exchange International,USA,USD,OQX,OTC Markets OTCQX,-,CURRENCY EXCHANGE INTERNATIONAL,RELATION_CA_OTC_RESOLUE,NOM_NORMALISE+UNIQUE_CANADA+OTC,RESOLU_SECONDAIRE_OTC,2026-10-08T07:14:50.234037+00:00
LISTING:CXI.TO@TOR,CXI.TO,CURRENCY EXCHANGE INTERNATIONAL,Canada,CAD,TOR,Toronto,-,CURRENCY EXCHANGE INTERNATIONAL,RELATION_CA_OTC_RESOLUE,NOM_NORMALISE+UNIQUE_CANADA+OTC,RESOLU_PRINCIPALE_CANADA,2026-10-08T07:14:50.234037+00:00
LISTING:CVW.V@VAN,CVW.V,CVW SUSTAINABLE ROYALTIES INC,Canada,CAD,VAN,TSXV,-,CVW SUSTAINABLE ROYALTIES INC,RELATION_CA_OTC_RESOLUE,NOM_NORMALISE+UNIQUE_CANADA+OTC,RESOLU_PRINCIPALE_CANADA,2026-10-08T07:14:50.234037+00:00
ISIN:CA23249L1067,CVWFF,CVW SUSTAINABLE ROYALTIES INC.,USA,USD,OQX,OTC Markets OTCQX,CA23249L1067,CVW SUSTAINABLE ROYALTIES INC,RELATION_CA_OTC_RESOLUE,NOM_NORMALISE+UNIQUE_CANADA+OTC,RESOLU_SECONDAIRE_OTC,2026-10-08T07:14:50.234037+00:00
ISIN:JP3311530004,CYBQF,CYBERDYNE INC,USA,USD,PNK,OTC Markets OTCPK,JP3311530004,CYBERDYNE INC,DISTINCT,ISIN_DIFFERENTS,RESOLU_DISTINCT,2026-10-08T07:14:50.234037+00:00
ISIN:US23249A1007,CYBQY,Cyberdyne Inc.,USA,USD,PNK,OTC Markets OTCPK,US23249A1007,CYBERDYNE INC,DISTINCT,ISIN_DIFFERENTS,RESOLU_DISTINCT,2026-10-08T07:14:50.234037+00:00
LISTING:8C4.F@FRA,8C4.F,Cyberdyne Inc.                R,Allemagne,EUR,FRA,Frankfurt,-,CYBERDYNE INC R,NON_RESOLU,,HORS_UNIVERS_IDENTITE_INSUFFISANTE,2026-10-08T07:14:50.234037+00:00
LISTING:8C40.F@FRA,8C40.F,Cyberdyne Inc.                R,Allemagne,EUR,FRA,Frankfurt,-,CYBERDYNE INC R,NON_RESOLU,,HORS_UNIVERS_IDENTITE_INSUFFISANTE,2026-10-08T07:14:50.234037+00:00
LISTING:296.SG@STU,296.SG,CytoDyn Inc.,Allemagne,EUR,STU,Stuttgart,-,CYTODYN INC,NON_RESOLU,,HORS_UNIVERS_IDENTITE_INSUFFISANTE,2026-10-08T07:14:50.234037+00:00
ISIN:US23283M1018,CYDY,CytoDyn Inc.,USA,USD,OQB,OTC Markets OTCQB,US23283M1018,CYTODYN INC,NON_RESOLU,,HORS_UNIVERS_IDENTITE_INSUFFISANTE,2026-10-08T07:14:50.234037+00:00
LISTING:4DS.DE@GER,4DS.DE,DALDRUP & SOEHNE AG           I,Allemagne,EUR,GER,XETRA,-,DALDRUP SOEHNE AG I,PROBABLE,NOM_NORMALISE+RACINE_TICKER+PLACES_DISTINCTES,HORS_UNIVERS_IDENTITE_INSUFFISANTE,2026-10-08T07:14:50.234037+00:00
LISTING:4DS.F@FRA,4DS.F,DALDRUP & SOEHNE AG           I,Allemagne,EUR,FRA,Frankfurt,-,DALDRUP SOEHNE AG I,PROBABLE,NOM_NORMALISE+RACINE_TICKER+PLACES_DISTINCTES,HORS_UNIVERS_IDENTITE_INSUFFISANTE,2026-10-08T07:14:50.234037+00:00
LISTING:DAM.DE@GER,DAM.DE,DATA MODUL AG PROD.U.V.V.E.S. I,Allemagne,EUR,GER,XETRA,-,DATA MODUL AG PROD U V V E S I,PROBABLE,NOM_NORMALISE+RACINE_TICKER+PLACES_DISTINCTES,HORS_UNIVERS_IDENTITE_INSUFFISANTE,2026-10-08T07:14:50.234037+00:00
LISTING:DAM.F@FRA,DAM.F,DATA MODUL AG PROD.U.V.V.E.S. I,Allemagne,EUR,FRA,Frankfurt,-,DATA MODUL AG PROD U V V E S I,PROBABLE,NOM_NORMALISE+RACINE_TICKER+PLACES_DISTINCTES,HORS_UNIVERS_IDENTITE_INSUFFISANTE,2026-10-08T07:14:50.234037+00:00
LISTING:DEF.DE@GER,DEF.DE,DEFAMA Deutsche Fachmarkt AG  I,Allemagne,EUR,GER,XETRA,-,DEFAMA DEUTSCHE FACHMARKT AG I,PROBABLE,NOM_NORMALISE+RACINE_TICKER+PLACES_DISTINCTES,HORS_UNIVERS_IDENTITE_INSUFFISANTE,2026-10-08T07:14:50.234037+00:00
LISTING:DEF.F@FRA,DEF.F,DEFAMA Deutsche Fachmarkt AG  I,Allemagne,EUR,FRA,Frankfurt,-,DEFAMA DEUTSCHE FACHMARKT AG I,PROBABLE,NOM_NORMALISE+RACINE_TICKER+PLACES_DISTINCTES,HORS_UNIVERS_IDENTITE_INSUFFISANTE,2026-10-08T07:14:50.234037+00:00
LISTING:DEFI.NE@NEO,DEFI.NE,DEFI TECHNOLOGIES INC.,Canada,CAD,NEO,Cboe CA,-,DEFI TECHNOLOGIES INC,NON_RESOLU,,HORS_UNIVERS_IDENTITE_INSUFFISANTE,2026-10-08T07:14:50.234037+00:00
ISIN:CA2449161025,DEFT,"Defi Technologies, Inc.",USA,USD,NCM,NasdaqCM,CA2449161025,DEFI TECHNOLOGIES INC,NON_RESOLU,,HORS_UNIVERS_IDENTITE_INSUFFISANTE,2026-10-08T07:14:50.234037+00:00
LISTING:DMET.NE@NEO,DMET.NE,DENARIUS METALS CORP.,Canada,CAD,NEO,Cboe CA,-,DENARIUS METALS CORP,RELATION_CA_OTC_RESOLUE,NOM_NORMALISE+UNIQUE_CANADA+OTC,RESOLU_PRINCIPALE_CANADA,2026-10-08T07:14:50.234037+00:00
ISIN:CA2482332079,DNRSF,Denarius Metals Corp.,USA,USD,OQX,OTC Markets OTCQX,CA2482332079,DENARIUS METALS CORP,RELATION_CA_OTC_RESOLUE,NOM_NORMALISE+UNIQUE_CANADA+OTC,RESOLU_SECONDAIRE_OTC,2026-10-08T07:14:50.234037+00:00
LISTING:DVYSR.ST@STO,DVYSR.ST,Devyser Diagnostics AB,Suède,SEK,STO,Stockholm,-,DEVYSER DIAGNOSTICS AB,RELATION_EUROPE_RESOLUE,NOM_NORMALISE+UNIQUE_PLACE_PRIMAIRE+PLACE_ALLEMANDE_SECONDAIRE,RESOLU_PRINCIPALE_EUROPE,2026-10-08T07:14:50.234037+00:00
LISTING:OL0.SG@STU,OL0.SG,Devyser Diagnostics AB,Allemagne,EUR,STU,Stuttgart,-,DEVYSER DIAGNOSTICS AB,RELATION_EUROPE_RESOLUE,NOM_NORMALISE+UNIQUE_PLACE_PRIMAIRE+PLACE_ALLEMANDE_SECONDAIRE,RESOLU_SECONDAIRE_EUROPE,2026-10-08T07:14:50.234037+00:00
ISIN:PLCTHQM00018,3HQ.SG,Dialight PLC,Allemagne,EUR,STU,Stuttgart,PLCTHQM00018,DIALIGHT PLC,DISTINCT,ISIN_DIFFERENTS,RESOLU_DISTINCT,2026-10-08T07:14:50.234037+00:00
ISIN:GB0033057794,DIALF,Dialight Plc.,USA,USD,PNK,OTC Markets OTCPK,GB0033057794,DIALIGHT PLC,DISTINCT,ISIN_DIFFERENTS,RESOLU_DISTINCT,2026-10-08T07:14:50.234037+00:00
ISIN:LU3185647958,DRT.TO,DIRTT ENVIRONMENTAL SOLUTIONS L,Canada,CAD,TOR,Toronto,LU3185647958,DIRTT ENVIRONMENTAL SOLUTIONS L,RELATION_CA_OTC_RESOLUE,NOM_NORMALISE+UNIQUE_CANADA+OTC,RESOLU_PRINCIPALE_CANADA,2026-10-08T07:14:50.234037+00:00
ISIN:CA25490H1064,DRTTF,Dirtt Environmental Solutions L,USA,USD,OQX,OTC Markets OTCQX,CA25490H1064,DIRTT ENVIRONMENTAL SOLUTIONS L,RELATION_CA_OTC_RESOLUE,NOM_NORMALISE+UNIQUE_CANADA+OTC,RESOLU_SECONDAIRE_OTC,2026-10-08T07:14:50.234037+00:00
LISTING:DMX.V@VAN,DMX.V,DISTRICT METALS CORP,Canada,CAD,VAN,TSXV,-,DISTRICT METALS CORP,RELATION_CA_OTC_RESOLUE,NOM_NORMALISE+UNIQUE_CANADA+OTC,RESOLU_PRINCIPALE_CANADA,2026-10-08T07:14:50.234037+00:00
LISTING:DMXCF@OQX,DMXCF,District Metals Corp.,USA,USD,OQX,OTC Markets OTCQX,-,DISTRICT METALS CORP,RELATION_CA_OTC_RESOLUE,NOM_NORMALISE+UNIQUE_CANADA+OTC,RESOLU_SECONDAIRE_OTC,2026-10-08T07:14:50.234037+00:00
LISTING:DF.TO@TOR,DF.TO,DIVIDEND 15 SPLIT CORP. II,Canada,CAD,TOR,Toronto,-,DIVIDEND 15 SPLIT CORP II,RELATION_CA_OTC_RESOLUE,NOM_NORMALISE+UNIQUE_CANADA+OTC,RESOLU_PRINCIPALE_CANADA,2026-10-08T07:14:50.234037+00:00
ISIN:DE0005547004,DVDDF,DIVIDEND 15 SPLIT CORP II,USA,USD,PNK,OTC Markets OTCPK,DE0005547004,DIVIDEND 15 SPLIT CORP II,RELATION_CA_OTC_RESOLUE,NOM_NORMALISE+UNIQUE_CANADA+OTC,RESOLU_SECONDAIRE_OTC,2026-10-08T07:14:50.234037+00:00
ISIN:CA23345B2003,DMGGF,DMG Blockchain Solutions Inc.,USA,USD,OQB,OTC Markets OTCQB,CA23345B2003,DMG BLOCKCHAIN SOLUTIONS INC,RELATION_CA_OTC_RESOLUE,NOM_NORMALISE+UNIQUE_CANADA+OTC,RESOLU_SECONDAIRE_OTC,2026-10-08T07:14:50.234037+00:00
LISTING:DMGI.V@VAN,DMGI.V,DMG BLOCKCHAIN SOLUTIONS INC,Canada,CAD,VAN,TSXV,-,DMG BLOCKCHAIN SOLUTIONS INC,RELATION_CA_OTC_RESOLUE,NOM_NORMALISE+UNIQUE_CANADA+OTC,RESOLU_PRINCIPALE_CANADA,2026-10-08T07:14:50.234037+00:00
LISTING:D77.DE@GER,D77.DE,DN Group AG                   N,Allemagne,EUR,GER,XETRA,-,DN GROUP AG N,PROBABLE,NOM_NORMALISE+RACINE_TICKER+PLACES_DISTINCTES,HORS_UNIVERS_IDENTITE_INSUFFISANTE,2026-10-08T07:14:50.234037+00:00
LISTING:D77.F@FRA,D77.F,DN Group AG                   N,Allemagne,EUR,FRA,Frankfurt,-,DN GROUP AG N,PROBABLE,NOM_NORMALISE+RACINE_TICKER+PLACES_DISTINCTES,HORS_UNIVERS_IDENTITE_INSUFFISANTE,2026-10-08T07:14:50.234037+00:00
LISTING:AJ91.DE@GER,AJ91.DE,DocCheck AG                   N,Allemagne,EUR,GER,XETRA,-,DOCCHECK AG N,PROBABLE,NOM_NORMALISE+RACINE_TICKER+PLACES_DISTINCTES,HORS_UNIVERS_IDENTITE_INSUFFISANTE,2026-10-08T07:14:50.234037+00:00
LISTING:AJ91.F@FRA,AJ91.F,DocCheck AG                   N,Allemagne,EUR,FRA,Frankfurt,-,DOCCHECK AG N,PROBABLE,NOM_NORMALISE+RACINE_TICKER+PLACES_DISTINCTES,HORS_UNIVERS_IDENTITE_INSUFFISANTE,2026-10-08T07:14:50.234037+00:00
ISIN:NO0013711739,5DP.SG,Dolphin Drilling AS,Allemagne,EUR,STU,Stuttgart,NO0013711739,DOLPHIN DRILLING AS,CERTAIN,ISIN_COMMUN,RESOLU_CERTAIN,2026-10-08T07:14:50.234037+00:00
ISIN:NO0013711739,DDRIL.OL,DOLPHIN DRILLING AS,Norvège,NOK,OSL,Oslo,NO0013711739,DOLPHIN DRILLING AS,CERTAIN,ISIN_COMMUN,RESOLU_CERTAIN,2026-10-08T07:14:50.234037+00:00
LISTING:DBG.V@VAN,DBG.V,DOUBLEVIEW GOLD CORP,Canada,CAD,VAN,TSXV,-,DOUBLEVIEW GOLD CORP,RELATION_CA_OTC_RESOLUE,NOM_NORMALISE+UNIQUE_CANADA+OTC,RESOLU_PRINCIPALE_CANADA,2026-10-08T07:14:50.234037+00:00
LISTING:DBLVF@OQX,DBLVF,Doubleview Gold Corp.,USA,USD,OQX,OTC Markets OTCQX,-,DOUBLEVIEW GOLD CORP,RELATION_CA_OTC_RESOLUE,NOM_NORMALISE+UNIQUE_CANADA+OTC,RESOLU_SECONDAIRE_OTC,2026-10-08T07:14:50.234037+00:00
LISTING:1DUA.SG@STU,1DUA.SG,Dundee Corp.,Allemagne,EUR,STU,Stuttgart,-,DUNDEE CORP,NON_RESOLU,,HORS_UNIVERS_IDENTITE_INSUFFISANTE,2026-10-08T07:14:50.234037+00:00
ISIN:CA2649011095,DDEJF,Dundee Corp.,USA,USD,PNK,OTC Markets OTCPK,CA2649011095,DUNDEE CORP,NON_RESOLU,,HORS_UNIVERS_IDENTITE_INSUFFISANTE,2026-10-08T07:14:50.234037+00:00
ISIN:SE0025011075,DUST.ST,Dustin Group AB,Suède,SEK,STO,Stockholm,SE0025011075,DUSTIN GROUP AB,DISTINCT,ISIN_DIFFERENTS,RESOLU_DISTINCT,2026-10-08T07:14:50.234037+00:00
ISIN:SE0006625471,DUSXF,DUSTIN GROUP AB,USA,USD,PNK,OTC Markets OTCPK,SE0006625471,DUSTIN GROUP AB,DISTINCT,ISIN_DIFFERENTS,RESOLU_DISTINCT,2026-10-08T07:14:50.234037+00:00
LISTING:DNG.TO@TOR,DNG.TO,DYNACOR GROUP INC,Canada,CAD,TOR,Toronto,-,DYNACOR GROUP INC,RELATION_CA_OTC_RESOLUE,NOM_NORMALISE+UNIQUE_CANADA+OTC,RESOLU_PRINCIPALE_CANADA,2026-10-08T07:14:50.234037+00:00
ISIN:CA26780B1067,DNGDF,Dynacor Group Inc.,USA,USD,PNK,OTC Markets OTCPK,CA26780B1067,DYNACOR GROUP INC,RELATION_CA_OTC_RESOLUE,NOM_NORMALISE+UNIQUE_CANADA+OTC,RESOLU_SECONDAIRE_OTC,2026-10-08T07:14:50.234037+00:00
ISIN:CA11222U1021,ENS.TO,E SPLIT CORP,Canada,CAD,TOR,Toronto,CA11222U1021,E SPLIT CORP,RELATION_CA_OTC_RESOLUE,NOM_NORMALISE+UNIQUE_CANADA+OTC,RESOLU_PRINCIPALE_CANADA,2026-10-08T07:14:50.234037+00:00
LISTING:ENSPF@PNK,ENSPF,E Split Corp.,USA,USD,PNK,OTC Markets OTCPK,-,E SPLIT CORP,RELATION_CA_OTC_RESOLUE,NOM_NORMALISE+UNIQUE_CANADA+OTC,RESOLU_SECONDAIRE_OTC,2026-10-08T07:14:50.234037+00:00
ISIN:CA27887W1005,ECAOF,Eco Atlantic Oil & Gas Ltd,USA,USD,PNK,OTC Markets OTCPK,CA27887W1005,ECO ATLANTIC OIL GAS LTD,NON_RESOLU,,HORS_UNIVERS_IDENTITE_INSUFFISANTE,2026-10-08T07:14:50.234037+00:00
LISTING:EOI.SG@STU,EOI.SG,Eco (Atlantic) Oil & Gas Ltd.,Allemagne,EUR,STU,Stuttgart,-,ECO ATLANTIC OIL GAS LTD,NON_RESOLU,,HORS_UNIVERS_IDENTITE_INSUFFISANTE,2026-10-08T07:14:50.234037+00:00
LISTING:0Y8.SG@STU,0Y8.SG,EcoSynthetix Inc.,Allemagne,EUR,STU,Stuttgart,-,ECOSYNTHETIX INC,NON_RESOLU,,HORS_UNIVERS_IDENTITE_INSUFFISANTE,2026-10-08T07:14:50.234037+00:00
LISTING:ECO.TO@TOR,ECO.TO,ECOSYNTHETIX INC,Canada,CAD,TOR,Toronto,-,ECOSYNTHETIX INC,RELATION_CA_OTC_RESOLUE,NOM_NORMALISE+UNIQUE_CANADA+OTC,RESOLU_PRINCIPALE_CANADA,2026-10-08T07:14:50.234037+00:00
ISIN:CA27923D1087,ECSNF,"Ecosynthetix, Inc.",USA,USD,PNK,OTC Markets OTCPK,CA27923D1087,ECOSYNTHETIX INC,RELATION_CA_OTC_RESOLUE,NOM_NORMALISE+UNIQUE_CANADA+OTC,RESOLU_SECONDAIRE_OTC,2026-10-08T07:14:50.234037+00:00
LISTING:ED4.DE@GER,ED4.DE,EDAG Engineering Group AG     I,Allemagne,EUR,GER,XETRA,-,EDAG ENGINEERING GROUP AG I,PROBABLE,NOM_NORMALISE+RACINE_TICKER+PLACES_DISTINCTES,HORS_UNIVERS_IDENTITE_INSUFFISANTE,2026-10-08T07:14:50.234037+00:00
LISTING:ED4.F@FRA,ED4.F,EDAG Engineering Group AG     I,Allemagne,EUR,FRA,Frankfurt,-,EDAG ENGINEERING GROUP AG I,PROBABLE,NOM_NORMALISE+RACINE_TICKER+PLACES_DISTINCTES,HORS_UNIVERS_IDENTITE_INSUFFISANTE,2026-10-08T07:14:50.234037+00:00
ISIN:PLCTHQM00018,9ES.SG,Eddie Stobart Logistics PLC,Allemagne,EUR,STU,Stuttgart,PLCTHQM00018,EDDIE STOBART LOGISTICS PLC,DISTINCT,ISIN_DIFFERENTS,RESOLU_DISTINCT,2026-10-08T07:14:50.234037+00:00
ISIN:GB00BD8QVC95,ESLGF,EDDIE STOBART LOGISTICS PLC,USA,USD,PNK,OTC Markets OTCPK,GB00BD8QVC95,EDDIE STOBART LOGISTICS PLC,DISTINCT,ISIN_DIFFERENTS,RESOLU_DISTINCT,2026-10-08T07:14:50.234037+00:00
LISTING:EDL.DE@GER,EDL.DE,Edel SE & Co. KGaA            I,Allemagne,EUR,GER,XETRA,-,EDEL SE CO KGAA I,PROBABLE,NOM_NORMALISE+RACINE_TICKER+PLACES_DISTINCTES,HORS_UNIVERS_IDENTITE_INSUFFISANTE,2026-10-08T07:14:50.234037+00:00
LISTING:EDL.F@FRA,EDL.F,Edel SE & Co. KGaA            I,Allemagne,EUR,FRA,Frankfurt,-,EDEL SE CO KGAA I,PROBABLE,NOM_NORMALISE+RACINE_TICKER+PLACES_DISTINCTES,HORS_UNIVERS_IDENTITE_INSUFFISANTE,2026-10-08T07:14:50.234037+00:00
LISTING:EDCU.TO@TOR,EDCU.TO,EDGE COPPER CORPORATION,Canada,CAD,TOR,Toronto,-,EDGE COPPER CORPORATION,RELATION_CA_OTC_RESOLUE,NOM_NORMALISE+UNIQUE_CANADA+OTC,RESOLU_PRINCIPALE_CANADA,2026-10-08T07:14:50.234037+00:00
ISIN:CA2798521076,PLLMF,Edge Copper Corporation,USA,USD,PNK,OTC Markets OTCPK,CA2798521076,EDGE COPPER CORPORATION,RELATION_CA_OTC_RESOLUE,NOM_NORMALISE+UNIQUE_CANADA+OTC,RESOLU_SECONDAIRE_OTC,2026-10-08T07:14:50.234037+00:00
LISTING:EKI.PA@PAR,EKI.PA,EKINOPS,France,EUR,PAR,Paris,-,EKINOPS,NON_RESOLU,,HORS_UNIVERS_IDENTITE_INSUFFISANTE,2026-10-08T07:14:50.234037+00:00
ISIN:FR0011466069,EKNPF,EKINOPS,USA,USD,PNK,OTC Markets OTCPK,FR0011466069,EKINOPS,NON_RESOLU,,HORS_UNIVERS_IDENTITE_INSUFFISANTE,2026-10-08T07:14:50.234037+00:00
LISTING:43E0.F@FRA,43E0.F,electroCore Inc.              R,Allemagne,EUR,FRA,Frankfurt,-,ELECTROCORE INC R,PROBABLE,NOM_NORMALISE+RACINE_TICKER+PLACES_DISTINCTES,HORS_UNIVERS_IDENTITE_INSUFFISANTE,2026-10-08T07:14:50.234037+00:00
LISTING:43E0.MU@MUN,43E0.MU,electroCore Inc.              R,Allemagne,EUR,MUN,Munich,-,ELECTROCORE INC R,PROBABLE,NOM_NORMALISE+RACINE_TICKER+PLACES_DISTINCTES,HORS_UNIVERS_IDENTITE_INSUFFISANTE,2026-10-08T07:14:50.234037+00:00
ISIN:CA28617B6061,ELVA,Electrovaya Inc.,USA,USD,NCM,NasdaqCM,CA28617B6061,ELECTROVAYA INC,PROBABLE,NOM_NORMALISE+RACINE_TICKER+PLACES_DISTINCTES,HORS_UNIVERS_IDENTITE_INSUFFISANTE,2026-10-08T07:14:50.234037+00:00
LISTING:ELVA.TO@TOR,ELVA.TO,ELECTROVAYA INC,Canada,CAD,TOR,Toronto,-,ELECTROVAYA INC,PROBABLE,NOM_NORMALISE+RACINE_TICKER+PLACES_DISTINCTES,HORS_UNIVERS_IDENTITE_INSUFFISANTE,2026-10-08T07:14:50.234037+00:00
ISIN:DE000A0LR4P1,ECU.V,ELEMENT 29 RESOURCES INC,Canada,CAD,VAN,TSXV,DE000A0LR4P1,ELEMENT 29 RESOURCES INC,RELATION_CA_OTC_RESOLUE,NOM_NORMALISE+UNIQUE_CANADA+OTC,RESOLU_PRINCIPALE_CANADA,2026-10-08T07:14:50.234037+00:00
ISIN:CA28619M1059,EMTRF,Element 29 Resources Inc.,USA,USD,OQX,OTC Markets OTCQX,CA28619M1059,ELEMENT 29 RESOURCES INC,RELATION_CA_OTC_RESOLUE,NOM_NORMALISE+UNIQUE_CANADA+OTC,RESOLU_SECONDAIRE_OTC,2026-10-08T07:14:50.234037+00:00
ISIN:IL0010826357,ELLO,Ellomay Capital Ltd,USA,USD,ASE,NYSE American,IL0010826357,ELLOMAY CAPITAL LTD,NON_RESOLU,,HORS_UNIVERS_IDENTITE_INSUFFISANTE,2026-10-08T07:14:50.234037+00:00
LISTING:NUR.SG@STU,NUR.SG,Ellomay Capital Ltd.,Allemagne,EUR,STU,Stuttgart,-,ELLOMAY CAPITAL LTD,NON_RESOLU,,HORS_UNIVERS_IDENTITE_INSUFFISANTE,2026-10-08T07:14:50.234037+00:00
LISTING:ELO.TO@TOR,ELO.TO,ELORO RESOURCES LTD,Canada,CAD,TOR,Toronto,-,ELORO RESOURCES LTD,RELATION_CA_OTC_RESOLUE,NOM_NORMALISE+UNIQUE_CANADA+OTC,RESOLU_PRINCIPALE_CANADA,2026-10-08T07:14:50.234037+00:00
ISIN:CA2899003008,ELRRF,Eloro Resources Ltd.,USA,USD,OQX,OTC Markets OTCQX,CA2899003008,ELORO RESOURCES LTD,RELATION_CA_OTC_RESOLUE,NOM_NORMALISE+UNIQUE_CANADA+OTC,RESOLU_SECONDAIRE_OTC,2026-10-08T07:14:50.234037+00:00
LISTING:EMO.V@VAN,EMO.V,EMERITA RESOURCES CORP,Canada,CAD,VAN,TSXV,-,EMERITA RESOURCES CORP,RELATION_CA_OTC_RESOLUE,NOM_NORMALISE+UNIQUE_CANADA+OTC,RESOLU_PRINCIPALE_CANADA,2026-10-08T07:14:50.234037+00:00
ISIN:CA29102L4064,EMOTF,Emerita Resources Corp.,USA,USD,OQX,OTC Markets OTCQX,CA29102L4064,EMERITA RESOURCES CORP,RELATION_CA_OTC_RESOLUE,NOM_NORMALISE+UNIQUE_CANADA+OTC,RESOLU_SECONDAIRE_OTC,2026-10-08T07:14:50.234037+00:00
LISTING:EMPR.V@VAN,EMPR.V,EMPRESS ROYALTY CORP,Canada,CAD,VAN,TSXV,-,EMPRESS ROYALTY CORP,RELATION_CA_OTC_RESOLUE,NOM_NORMALISE+UNIQUE_CANADA+OTC,RESOLU_PRINCIPALE_CANADA,2026-10-08T07:14:50.234037+00:00
LISTING:EMPYF@OQX,EMPYF,Empress Royalty Corp.,USA,USD,OQX,OTC Markets OTCQX,-,EMPRESS ROYALTY CORP,RELATION_CA_OTC_RESOLUE,NOM_NORMALISE+UNIQUE_CANADA+OTC,RESOLU_SECONDAIRE_OTC,2026-10-08T07:14:50.234037+00:00
LISTING:ENA.V@VAN,ENA.V,ENABLENCE TECHNOLOGIES INC,Canada,CAD,VAN,TSXV,-,ENABLENCE TECHNOLOGIES INC,RELATION_CA_OTC_RESOLUE,NOM_NORMALISE+UNIQUE_CANADA+OTC,RESOLU_PRINCIPALE_CANADA,2026-10-08T07:14:50.234037+00:00
ISIN:CA2924833023,ENAFF,"Enablence Technologies, Inc.",USA,USD,PNK,OTC Markets OTCPK,CA2924833023,ENABLENCE TECHNOLOGIES INC,RELATION_CA_OTC_RESOLUE,NOM_NORMALISE+UNIQUE_CANADA+OTC,RESOLU_SECONDAIRE_OTC,2026-10-08T07:14:50.234037+00:00
LISTING:EG7.ST@STO,EG7.ST,Enad Global 7 AB,Suède,SEK,STO,Stockholm,-,ENAD GLOBAL 7 AB,NON_RESOLU,,HORS_UNIVERS_IDENTITE_INSUFFISANTE,2026-10-08T07:14:50.234037+00:00
LISTING:ENADF@PNK,ENADF,Enad Global 7 AB,USA,USD,PNK,OTC Markets OTCPK,-,ENAD GLOBAL 7 AB,NON_RESOLU,,HORS_UNIVERS_IDENTITE_INSUFFISANTE,2026-10-08T07:14:50.234037+00:00
ISIN:CA29259W7008,EU,enCore Energy Corp.,USA,USD,NCM,NasdaqCM,CA29259W7008,ENCORE ENERGY CORP,PROBABLE,NOM_NORMALISE+RACINE_TICKER+PLACES_DISTINCTES,HORS_UNIVERS_IDENTITE_INSUFFISANTE,2026-10-08T07:14:50.234037+00:00
LISTING:EU.V@VAN,EU.V,ENCORE ENERGY CORP,Canada,CAD,VAN,TSXV,-,ENCORE ENERGY CORP,PROBABLE,NOM_NORMALISE+RACINE_TICKER+PLACES_DISTINCTES,HORS_UNIVERS_IDENTITE_INSUFFISANTE,2026-10-08T07:14:50.234037+00:00
LISTING:EDG.V@VAN,EDG.V,ENDURANCE GOLD CORP.,Canada,CAD,VAN,TSXV,-,ENDURANCE GOLD CORP,RELATION_CA_OTC_RESOLUE,NOM_NORMALISE+UNIQUE_CANADA+OTC,RESOLU_PRINCIPALE_CANADA,2026-10-08T07:14:50.234037+00:00
ISIN:CA29267M1086,ENDGF,Endurance Gold Corp.,USA,USD,OQB,OTC Markets OTCQB,CA29267M1086,ENDURANCE GOLD CORP,RELATION_CA_OTC_RESOLUE,NOM_NORMALISE+UNIQUE_CANADA+OTC,RESOLU_SECONDAIRE_OTC,2026-10-08T07:14:50.234037+00:00
ISIN:NO0013186460,ENMPF,Ensurge Micropower ASA,USA,USD,PNK,OTC Markets OTCPK,NO0013186460,ENSURGE MICROPOWER ASA,NON_RESOLU,,HORS_UNIVERS_IDENTITE_INSUFFISANTE,2026-10-08T07:14:50.234037+00:00
LISTING:ENSU.OL@OSL,ENSU.OL,ENSURGE MICROPOWER ASA,Norvège,NOK,OSL,Oslo,-,ENSURGE MICROPOWER ASA,NON_RESOLU,,HORS_UNIVERS_IDENTITE_INSUFFISANTE,2026-10-08T07:14:50.234037+00:00
LISTING:ENVI.AS@AMS,ENVI.AS,ENVIPCO HOLDING N.V.,Pays-Bas,EUR,AMS,Amsterdam,-,ENVIPCO HOLDING N V,NON_RESOLU,,HORS_UNIVERS_IDENTITE_INSUFFISANTE,2026-10-08T07:14:50.234037+00:00
LISTING:ENVIP.OL@OSL,ENVIP.OL,ENVIPCO HOLDING N.V.,Norvège,NOK,OSL,Oslo,-,ENVIPCO HOLDING N V,NON_RESOLU,,HORS_UNIVERS_IDENTITE_INSUFFISANTE,2026-10-08T07:14:50.234037+00:00
LISTING:ETG.DE@GER,ETG.DE,EnviTec Biogas AG             I,Allemagne,EUR,GER,XETRA,-,ENVITEC BIOGAS AG I,PROBABLE,NOM_NORMALISE+RACINE_TICKER+PLACES_DISTINCTES,HORS_UNIVERS_IDENTITE_INSUFFISANTE,2026-10-08T07:14:50.234037+00:00
LISTING:ETG.F@FRA,ETG.F,EnviTec Biogas AG             I,Allemagne,EUR,FRA,Frankfurt,-,ENVITEC BIOGAS AG I,PROBABLE,NOM_NORMALISE+RACINE_TICKER+PLACES_DISTINCTES,HORS_UNIVERS_IDENTITE_INSUFFISANTE,2026-10-08T07:14:50.234037+00:00
LISTING:ERD.TO@TOR,ERD.TO,ERDENE RESOURCE DEVELOPMENT COR,Canada,CAD,TOR,Toronto,-,ERDENE RESOURCE DEVELOPMENT COR,RELATION_CA_OTC_RESOLUE,NOM_NORMALISE+UNIQUE_CANADA+OTC,RESOLU_PRINCIPALE_CANADA,2026-10-08T07:14:50.234037+00:00
ISIN:CA29480N4049,ERDCF,Erdene Resource Development Cor,USA,USD,OQX,OTC Markets OTCQX,CA29480N4049,ERDENE RESOURCE DEVELOPMENT COR,RELATION_CA_OTC_RESOLUE,NOM_NORMALISE+UNIQUE_CANADA+OTC,RESOLU_SECONDAIRE_OTC,2026-10-08T07:14:50.234037+00:00
LISTING:EAPI.PA@PAR,EAPI.PA,EUROAPI SA,France,EUR,PAR,Paris,-,EUROAPI SA,NON_RESOLU,,HORS_UNIVERS_IDENTITE_INSUFFISANTE,2026-10-08T07:14:50.234037+00:00
LISTING:EAPIF@PNK,EAPIF,EUROAPI SA,USA,USD,PNK,OTC Markets OTCPK,-,EUROAPI SA,NON_RESOLU,,HORS_UNIVERS_IDENTITE_INSUFFISANTE,2026-10-08T07:14:50.234037+00:00
LISTING:E07.F@FRA,E07.F,Eurocash S.A.                 I,Allemagne,EUR,FRA,Frankfurt,-,EUROCASH S A I,NON_RESOLU,,HORS_UNIVERS_IDENTITE_INSUFFISANTE,2026-10-08T07:14:50.234037+00:00
LISTING:E070.F@FRA,E070.F,Eurocash S.A.                 I,Allemagne,EUR,FRA,Frankfurt,-,EUROCASH S A I,NON_RESOLU,,HORS_UNIVERS_IDENTITE_INSUFFISANTE,2026-10-08T07:14:50.234037+00:00
ISIN:GB00BVV2KN49,ECELF,EUROCELL PLC,USA,USD,PNK,OTC Markets OTCPK,GB00BVV2KN49,EUROCELL PLC,NON_RESOLU,,HORS_UNIVERS_IDENTITE_INSUFFISANTE,2026-10-08T07:14:50.234037+00:00
LISTING:ERCLY@PNK,ERCLY,Eurocell plc,USA,USD,PNK,OTC Markets OTCPK,-,EUROCELL PLC,NON_RESOLU,,HORS_UNIVERS_IDENTITE_INSUFFISANTE,2026-10-08T07:14:50.234037+00:00
LISTING:E.TO@TOR,E.TO,EVOLUTION POWERX CORP,Canada,CAD,TOR,Toronto,-,EVOLUTION POWERX CORP,RELATION_CA_OTC_RESOLUE,NOM_NORMALISE+UNIQUE_CANADA+OTC,RESOLU_PRINCIPALE_CANADA,2026-10-08T07:14:50.234037+00:00
ISIN:CA30055E1007,ETOLF,EVOLUTION POWERX CORP.,USA,USD,OQB,OTC Markets OTCQB,CA30055E1007,EVOLUTION POWERX CORP,RELATION_CA_OTC_RESOLUE,NOM_NORMALISE+UNIQUE_CANADA+OTC,RESOLU_SECONDAIRE_OTC,2026-10-08T07:14:50.234037+00:00
LISTING:EXN.V@VAN,EXN.V,EXCELLON RESOURCES INC,Canada,CAD,VAN,TSXV,-,EXCELLON RESOURCES INC,RELATION_CA_OTC_RESOLUE,NOM_NORMALISE+UNIQUE_CANADA+OTC,RESOLU_PRINCIPALE_CANADA,2026-10-08T07:14:50.234037+00:00
ISIN:CA30069C8016,EXNRF,Excellon Resources Inc.,USA,USD,OQB,OTC Markets OTCQB,CA30069C8016,EXCELLON RESOURCES INC,RELATION_CA_OTC_RESOLUE,NOM_NORMALISE+UNIQUE_CANADA+OTC,RESOLU_SECONDAIRE_OTC,2026-10-08T07:14:50.234037+00:00
LISTING:FAA.DE@GER,FAA.DE,FABASOFT AG                   I,Allemagne,EUR,GER,XETRA,-,FABASOFT AG I,PROBABLE,NOM_NORMALISE+RACINE_TICKER+PLACES_DISTINCTES,HORS_UNIVERS_IDENTITE_INSUFFISANTE,2026-10-08T07:14:50.234037+00:00
LISTING:FAA.F@FRA,FAA.F,FABASOFT AG                   I,Allemagne,EUR,FRA,Frankfurt,-,FABASOFT AG I,PROBABLE,NOM_NORMALISE+RACINE_TICKER+PLACES_DISTINCTES,HORS_UNIVERS_IDENTITE_INSUFFISANTE,2026-10-08T07:14:50.234037+00:00
LISTING:FPC.V@VAN,FPC.V,FALCO RESOURCES LTD,Canada,CAD,VAN,TSXV,-,FALCO RESOURCES LTD,RELATION_CA_OTC_RESOLUE,NOM_NORMALISE+UNIQUE_CANADA+OTC,RESOLU_PRINCIPALE_CANADA,2026-10-08T07:14:50.234037+00:00
ISIN:CA30606C1086,FPRGF,Falco Resources Ltd.,USA,USD,PNK,OTC Markets OTCPK,CA30606C1086,FALCO RESOURCES LTD,RELATION_CA_OTC_RESOLUE,NOM_NORMALISE+UNIQUE_CANADA+OTC,RESOLU_SECONDAIRE_OTC,2026-10-08T07:14:50.234037+00:00
LISTING:FLCN.V@VAN,FLCN.V,FALCON ENERGY MATERIALS PLC,Canada,CAD,VAN,TSXV,-,FALCON ENERGY MATERIALS PLC,RELATION_CA_OTC_RESOLUE,NOM_NORMALISE+UNIQUE_CANADA+OTC,RESOLU_PRINCIPALE_CANADA,2026-10-08T07:14:50.234037+00:00
ISIN:AE000A40HL14,FLCNF,Falcon Energy Materials plc,USA,USD,OQB,OTC Markets OTCQB,AE000A40HL14,FALCON ENERGY MATERIALS PLC,RELATION_CA_OTC_RESOLUE,NOM_NORMALISE+UNIQUE_CANADA+OTC,RESOLU_SECONDAIRE_OTC,2026-10-08T07:14:50.234037+00:00
LISTING:V3V.DE@GER,V3V.DE,FamiCord AG                   N,Allemagne,EUR,GER,XETRA,-,FAMICORD AG N,PROBABLE,NOM_NORMALISE+RACINE_TICKER+PLACES_DISTINCTES,HORS_UNIVERS_IDENTITE_INSUFFISANTE,2026-10-08T07:14:50.234037+00:00
LISTING:V3V.F@FRA,V3V.F,FamiCord AG                   N,Allemagne,EUR,FRA,Frankfurt,-,FAMICORD AG N,PROBABLE,NOM_NORMALISE+RACINE_TICKER+PLACES_DISTINCTES,HORS_UNIVERS_IDENTITE_INSUFFISANTE,2026-10-08T07:14:50.234037+00:00
LISTING:FC9.DE@GER,FC9.DE,FCR Immobilien AG             N,Allemagne,EUR,GER,XETRA,-,FCR IMMOBILIEN AG N,PROBABLE,NOM_NORMALISE+RACINE_TICKER+PLACES_DISTINCTES,HORS_UNIVERS_IDENTITE_INSUFFISANTE,2026-10-08T07:14:50.234037+00:00
LISTING:FC9.F@FRA,FC9.F,FCR Immobilien AG             N,Allemagne,EUR,FRA,Frankfurt,-,FCR IMMOBILIEN AG N,PROBABLE,NOM_NORMALISE+RACINE_TICKER+PLACES_DISTINCTES,HORS_UNIVERS_IDENTITE_INSUFFISANTE,2026-10-08T07:14:50.234037+00:00
LISTING:FCD-UN.TO@TOR,FCD-UN.TO,FIRM CAPITAL PROPERTY TRUST,Canada,CAD,TOR,Toronto,-,FIRM CAPITAL PROPERTY TRUST,RELATION_CA_OTC_RESOLUE,NOM_NORMALISE+UNIQUE_CANADA+OTC,RESOLU_PRINCIPALE_CANADA,2026-10-08T07:14:50.234037+00:00
ISIN:CA3183261054,FRMUF,Firm Capital Property Trust,USA,USD,PNK,OTC Markets OTCPK,CA3183261054,FIRM CAPITAL PROPERTY TRUST,RELATION_CA_OTC_RESOLUE,NOM_NORMALISE+UNIQUE_CANADA+OTC,RESOLU_SECONDAIRE_OTC,2026-10-08T07:14:50.234037+00:00
ISIN:CA33611D1033,FRSPF,First Phosphate Corp.,USA,USD,OQX,OTC Markets OTCQX,CA33611D1033,FIRST PHOSPHATE CORP,DISTINCT,ISIN_DIFFERENTS,RESOLU_DISTINCT,2026-10-08T07:14:50.234037+00:00
ISIN:US33611D3017,PHOS,First Phosphate Corp.,USA,USD,NGM,NasdaqGM,US33611D3017,FIRST PHOSPHATE CORP,DISTINCT,ISIN_DIFFERENTS,RESOLU_DISTINCT,2026-10-08T07:14:50.234037+00:00
LISTING:FTZ.V@VAN,FTZ.V,FITZROY MINERALS INC,Canada,CAD,VAN,TSXV,-,FITZROY MINERALS INC,RELATION_CA_OTC_RESOLUE,NOM_NORMALISE+UNIQUE_CANADA+OTC,RESOLU_PRINCIPALE_CANADA,2026-10-08T07:14:50.234037+00:00
ISIN:CA33827E1016,FTZFF,Fitzroy Minerals Inc.,USA,USD,OQX,OTC Markets OTCQX,CA33827E1016,FITZROY MINERALS INC,RELATION_CA_OTC_RESOLUE,NOM_NORMALISE+UNIQUE_CANADA+OTC,RESOLU_SECONDAIRE_OTC,2026-10-08T07:14:50.234037+00:00
LISTING:C3Y.F@FRA,C3Y.F,Fitzroy Minerals Inc.         R,Allemagne,EUR,FRA,Frankfurt,-,FITZROY MINERALS INC R,PROBABLE,NOM_NORMALISE+RACINE_TICKER+PLACES_DISTINCTES,HORS_UNIVERS_IDENTITE_INSUFFISANTE,2026-10-08T07:14:50.234037+00:00
LISTING:C3Y.MU@MUN,C3Y.MU,Fitzroy Minerals Inc.         R,Allemagne,EUR,MUN,Munich,-,FITZROY MINERALS INC R,PROBABLE,NOM_NORMALISE+RACINE_TICKER+PLACES_DISTINCTES,HORS_UNIVERS_IDENTITE_INSUFFISANTE,2026-10-08T07:14:50.234037+00:00
ISIN:US3384801060,PFD,Flaherty & Crumrine Preferred I,USA,USD,NYQ,NYSE,US3384801060,FLAHERTY CRUMRINE PREFERRED I,DISTINCT,ISIN_DIFFERENTS,RESOLU_DISTINCT,2026-10-08T07:14:50.234037+00:00
ISIN:US33848E1064,PFO,Flaherty & Crumrine Preferred I,USA,USD,NYQ,NYSE,US33848E1064,FLAHERTY CRUMRINE PREFERRED I,DISTINCT,ISIN_DIFFERENTS,RESOLU_DISTINCT,2026-10-08T07:14:50.234037+00:00
ISIN:AU0000358392,FLNT.TO,FLINT CORP,Canada,CAD,TOR,Toronto,AU0000358392,FLINT CORP,RELATION_CA_OTC_RESOLUE,NOM_NORMALISE+UNIQUE_CANADA+OTC,RESOLU_PRINCIPALE_CANADA,2026-10-08T07:14:50.234037+00:00
ISIN:CA33944M4083,NWPIF,FLINT CORP.,USA,USD,PNK,OTC Markets OTCPK,CA33944M4083,FLINT CORP,RELATION_CA_OTC_RESOLUE,NOM_NORMALISE+UNIQUE_CANADA+OTC,RESOLU_SECONDAIRE_OTC,2026-10-08T07:14:50.234037+00:00
LISTING:FPOCF@OQX,FPOCF,FPX Nickel Corp.,USA,USD,OQX,OTC Markets OTCQX,-,FPX NICKEL CORP,RELATION_CA_OTC_RESOLUE,NOM_NORMALISE+UNIQUE_CANADA+OTC,RESOLU_SECONDAIRE_OTC,2026-10-08T07:14:50.234037+00:00
LISTING:FPX.V@VAN,FPX.V,FPX NICKEL CORP,Canada,CAD,VAN,TSXV,-,FPX NICKEL CORP,RELATION_CA_OTC_RESOLUE,NOM_NORMALISE+UNIQUE_CANADA+OTC,RESOLU_PRINCIPALE_CANADA,2026-10-08T07:14:50.234037+00:00
LISTING:FMAN.V@VAN,FMAN.V,FREEMAN GOLD CORP,Canada,CAD,VAN,TSXV,-,FREEMAN GOLD CORP,RELATION_CA_OTC_RESOLUE,NOM_NORMALISE+UNIQUE_CANADA+OTC,RESOLU_PRINCIPALE_CANADA,2026-10-08T07:14:50.234037+00:00
ISIN:CA35658P1053,FMANF,Freeman Gold Corp.,USA,USD,OQB,OTC Markets OTCQB,CA35658P1053,FREEMAN GOLD CORP,RELATION_CA_OTC_RESOLUE,NOM_NORMALISE+UNIQUE_CANADA+OTC,RESOLU_SECONDAIRE_OTC,2026-10-08T07:14:50.234037+00:00
ISIN:CA36117T1003,FURY,Fury Gold Mines Limited,USA,USD,ASE,NYSE American,CA36117T1003,FURY GOLD MINES LIMITED,PROBABLE,NOM_NORMALISE+RACINE_TICKER+PLACES_DISTINCTES,HORS_UNIVERS_IDENTITE_INSUFFISANTE,2026-10-08T07:14:50.234037+00:00
LISTING:FURY.TO@TOR,FURY.TO,FURY GOLD MINES LIMITED,Canada,CAD,TOR,Toronto,-,FURY GOLD MINES LIMITED,PROBABLE,NOM_NORMALISE+RACINE_TICKER+PLACES_DISTINCTES,HORS_UNIVERS_IDENTITE_INSUFFISANTE,2026-10-08T07:14:50.234037+00:00
LISTING:3FF.SG@STU,3FF.SG,FutureFuel Corp.,Allemagne,EUR,STU,Stuttgart,-,FUTUREFUEL CORP,NON_RESOLU,,HORS_UNIVERS_IDENTITE_INSUFFISANTE,2026-10-08T07:14:50.234037+00:00
ISIN:US36116M1062,FF,FutureFuel Corp.,USA,USD,NYQ,NYSE,US36116M1062,FUTUREFUEL CORP,NON_RESOLU,,HORS_UNIVERS_IDENTITE_INSUFFISANTE,2026-10-08T07:14:50.234037+00:00
LISTING:GAL.V@VAN,GAL.V,GALANTAS GOLD CORP.,Canada,CAD,VAN,TSXV,-,GALANTAS GOLD CORP,RELATION_CA_OTC_RESOLUE,NOM_NORMALISE+UNIQUE_CANADA+OTC,RESOLU_PRINCIPALE_CANADA,2026-10-08T07:14:50.234037+00:00
ISIN:CA36315W3012,GALKF,Galantas Gold Corp.,USA,USD,PNK,OTC Markets OTCPK,CA36315W3012,GALANTAS GOLD CORP,RELATION_CA_OTC_RESOLUE,NOM_NORMALISE+UNIQUE_CANADA+OTC,RESOLU_SECONDAIRE_OTC,2026-10-08T07:14:50.234037+00:00
LISTING:GGO.V@VAN,GGO.V,GALLEON GOLD CORP,Canada,CAD,VAN,TSXV,-,GALLEON GOLD CORP,RELATION_CA_OTC_RESOLUE,NOM_NORMALISE+UNIQUE_CANADA+OTC,RESOLU_PRINCIPALE_CANADA,2026-10-08T07:14:50.234037+00:00
ISIN:CA36381N4093,GGOXF,Galleon Gold Corp.,USA,USD,OQX,OTC Markets OTCQX,CA36381N4093,GALLEON GOLD CORP,RELATION_CA_OTC_RESOLUE,NOM_NORMALISE+UNIQUE_CANADA+OTC,RESOLU_SECONDAIRE_OTC,2026-10-08T07:14:50.234037+00:00
ISIN:CA3645856046,GAYMF,Galway Metals Inc.,USA,USD,OQB,OTC Markets OTCQB,CA3645856046,GALWAY METALS INC,RELATION_CA_OTC_RESOLUE,NOM_NORMALISE+UNIQUE_CANADA+OTC,RESOLU_SECONDAIRE_OTC,2026-10-08T07:14:50.234037+00:00
LISTING:GWM.V@VAN,GWM.V,GALWAY METALS INC,Canada,CAD,VAN,TSXV,-,GALWAY METALS INC,RELATION_CA_OTC_RESOLUE,NOM_NORMALISE+UNIQUE_CANADA+OTC,RESOLU_PRINCIPALE_CANADA,2026-10-08T07:14:50.234037+00:00
ISIN:CA36734X1042,GKPRF,Gatekeeper Systems Inc.,USA,USD,PNK,OTC Markets OTCPK,CA36734X1042,GATEKEEPER SYSTEMS INC,RELATION_CA_OTC_RESOLUE,NOM_NORMALISE+UNIQUE_CANADA+OTC,RESOLU_SECONDAIRE_OTC,2026-10-08T07:14:50.234037+00:00
LISTING:GSI.V@VAN,GSI.V,GATEKEEPER SYSTEMS INC,Canada,CAD,VAN,TSXV,-,GATEKEEPER SYSTEMS INC,RELATION_CA_OTC_RESOLUE,NOM_NORMALISE+UNIQUE_CANADA+OTC,RESOLU_PRINCIPALE_CANADA,2026-10-08T07:14:50.234037+00:00
LISTING:GTY.DE@GER,GTY.DE,Gateway Real Estate AG        I,Allemagne,EUR,GER,XETRA,-,GATEWAY REAL ESTATE AG I,PROBABLE,NOM_NORMALISE+RACINE_TICKER+PLACES_DISTINCTES,HORS_UNIVERS_IDENTITE_INSUFFISANTE,2026-10-08T07:14:50.234037+00:00
LISTING:GTY.F@FRA,GTY.F,Gateway Real Estate AG        I,Allemagne,EUR,FRA,Frankfurt,-,GATEWAY REAL ESTATE AG I,PROBABLE,NOM_NORMALISE+RACINE_TICKER+PLACES_DISTINCTES,HORS_UNIVERS_IDENTITE_INSUFFISANTE,2026-10-08T07:14:50.234037+00:00
ISIN:JE00B55Q3P39,GEGYF,Genel Energy PLC,USA,USD,PNK,OTC Markets OTCPK,JE00B55Q3P39,GENEL ENERGY PLC,DISTINCT,ISIN_DIFFERENTS,RESOLU_DISTINCT,2026-10-08T07:14:50.234037+00:00
ISIN:PLCTHQM00018,GEGYY,Genel Energy PLC,USA,USD,PNK,OTC Markets OTCPK,PLCTHQM00018,GENEL ENERGY PLC,DISTINCT,ISIN_DIFFERENTS,RESOLU_DISTINCT,2026-10-08T07:14:50.234037+00:00
LISTING:GENM.TO@TOR,GENM.TO,GENERATION MINING LIMITED,Canada,CAD,TOR,Toronto,-,GENERATION MINING LIMITED,RELATION_CA_OTC_RESOLUE,NOM_NORMALISE+UNIQUE_CANADA+OTC,RESOLU_PRINCIPALE_CANADA,2026-10-08T07:14:50.234037+00:00
ISIN:CA37149B1094,GENMF,Generation Mining Limited,USA,USD,OQB,OTC Markets OTCQB,CA37149B1094,GENERATION MINING LIMITED,RELATION_CA_OTC_RESOLUE,NOM_NORMALISE+UNIQUE_CANADA+OTC,RESOLU_SECONDAIRE_OTC,2026-10-08T07:14:50.234037+00:00
LISTING:GSC1.DE@GER,GSC1.DE,GESCO SE                      N,Allemagne,EUR,GER,XETRA,-,GESCO SE N,PROBABLE,NOM_NORMALISE+RACINE_TICKER+PLACES_DISTINCTES,HORS_UNIVERS_IDENTITE_INSUFFISANTE,2026-10-08T07:14:50.234037+00:00
LISTING:GSC1.F@FRA,GSC1.F,GESCO SE                      N,Allemagne,EUR,FRA,Frankfurt,-,GESCO SE N,PROBABLE,NOM_NORMALISE+RACINE_TICKER+PLACES_DISTINCTES,HORS_UNIVERS_IDENTITE_INSUFFISANTE,2026-10-08T07:14:50.234037+00:00
ISIN:CA37653W1014,GDTRF,Gladiator Metals Corp.,USA,USD,OQX,OTC Markets OTCQX,CA37653W1014,GLADIATOR METALS CORP,RELATION_CA_OTC_RESOLUE,NOM_NORMALISE+UNIQUE_CANADA+OTC,RESOLU_SECONDAIRE_OTC,2026-10-08T07:14:50.234037+00:00
LISTING:GLAD.V@VAN,GLAD.V,GLADIATOR METALS CORP,Canada,CAD,VAN,TSXV,-,GLADIATOR METALS CORP,RELATION_CA_OTC_RESOLUE,NOM_NORMALISE+UNIQUE_CANADA+OTC,RESOLU_PRINCIPALE_CANADA,2026-10-08T07:14:50.234037+00:00
LISTING:GFG.DE@GER,GFG.DE,Global Fashion Group S.A.     B,Allemagne,EUR,GER,XETRA,-,GLOBAL FASHION GROUP S A B,PROBABLE,NOM_NORMALISE+RACINE_TICKER+PLACES_DISTINCTES,HORS_UNIVERS_IDENTITE_INSUFFISANTE,2026-10-08T07:14:50.234037+00:00
LISTING:GFG.F@FRA,GFG.F,Global Fashion Group S.A.     B,Allemagne,EUR,FRA,Frankfurt,-,GLOBAL FASHION GROUP S A B,PROBABLE,NOM_NORMALISE+RACINE_TICKER+PLACES_DISTINCTES,HORS_UNIVERS_IDENTITE_INSUFFISANTE,2026-10-08T07:14:50.234037+00:00
LISTING:GLBXF@OQX,GLBXF,Globex Mining Enterprises Inc.,USA,USD,OQX,OTC Markets OTCQX,-,GLOBEX MINING ENTERPRISES INC,RELATION_CA_OTC_RESOLUE,NOM_NORMALISE+UNIQUE_CANADA+OTC,RESOLU_SECONDAIRE_OTC,2026-10-08T07:14:50.234037+00:00
LISTING:GMX.TO@TOR,GMX.TO,GLOBEX MINING ENTERPRISES INC,Canada,CAD,TOR,Toronto,-,GLOBEX MINING ENTERPRISES INC,RELATION_CA_OTC_RESOLUE,NOM_NORMALISE+UNIQUE_CANADA+OTC,RESOLU_PRINCIPALE_CANADA,2026-10-08T07:14:50.234037+00:00
LISTING:1E2.DU@DUS,1E2.DU,Gofore OYJ                    R,Allemagne,EUR,DUS,Dusseldorf,-,GOFORE OYJ R,PROBABLE,NOM_NORMALISE+RACINE_TICKER+PLACES_DISTINCTES,HORS_UNIVERS_IDENTITE_INSUFFISANTE,2026-10-08T07:14:50.234037+00:00
LISTING:1E2.F@FRA,1E2.F,Gofore OYJ                    R,Allemagne,EUR,FRA,Frankfurt,-,GOFORE OYJ R,PROBABLE,NOM_NORMALISE+RACINE_TICKER+PLACES_DISTINCTES,HORS_UNIVERS_IDENTITE_INSUFFISANTE,2026-10-08T07:14:50.234037+00:00
LISTING:GG.V@VAN,GG.V,GOLCONDA GOLD LTD,Canada,CAD,VAN,TSXV,-,GOLCONDA GOLD LTD,RELATION_CA_OTC_RESOLUE,NOM_NORMALISE+UNIQUE_CANADA+OTC,RESOLU_PRINCIPALE_CANADA,2026-10-08T07:14:50.234037+00:00
ISIN:CA38047D1069,GGGOF,GOLCONDA GOLD LTD.,USA,USD,OQX,OTC Markets OTCQX,CA38047D1069,GOLCONDA GOLD LTD,RELATION_CA_OTC_RESOLUE,NOM_NORMALISE+UNIQUE_CANADA+OTC,RESOLU_SECONDAIRE_OTC,2026-10-08T07:14:50.234037+00:00
LISTING:YGT.V@VAN,YGT.V,GOLD TERRA RESOURCE CORP,Canada,CAD,VAN,TSXV,-,GOLD TERRA RESOURCE CORP,RELATION_CA_OTC_RESOLUE,NOM_NORMALISE+UNIQUE_CANADA+OTC,RESOLU_PRINCIPALE_CANADA,2026-10-08T07:14:50.234037+00:00
LISTING:YGTFF@OQB,YGTFF,GOLD TERRA RESOURCE CORP.,USA,USD,OQB,OTC Markets OTCQB,-,GOLD TERRA RESOURCE CORP,RELATION_CA_OTC_RESOLUE,NOM_NORMALISE+UNIQUE_CANADA+OTC,RESOLU_SECONDAIRE_OTC,2026-10-08T07:14:50.234037+00:00
ISIN:CA38149E1016,GLDG,GoldMining Inc.,USA,USD,ASE,NYSE American,CA38149E1016,GOLDMINING INC,NON_RESOLU,,HORS_UNIVERS_IDENTITE_INSUFFISANTE,2026-10-08T07:14:50.234037+00:00
LISTING:GOLD.TO@TOR,GOLD.TO,GOLDMINING INC,Canada,CAD,TOR,Toronto,-,GOLDMINING INC,NON_RESOLU,,HORS_UNIVERS_IDENTITE_INSUFFISANTE,2026-10-08T07:14:50.234037+00:00
LISTING:XAU.TO@TOR,XAU.TO,GOLDMONEY INC,Canada,CAD,TOR,Toronto,-,GOLDMONEY INC,RELATION_CA_OTC_RESOLUE,NOM_NORMALISE+UNIQUE_CANADA+OTC,RESOLU_PRINCIPALE_CANADA,2026-10-08T07:14:50.234037+00:00
ISIN:CA38149A1093,XAUMF,Goldmoney Inc.,USA,USD,PNK,OTC Markets OTCPK,CA38149A1093,GOLDMONEY INC,RELATION_CA_OTC_RESOLUE,NOM_NORMALISE+UNIQUE_CANADA+OTC,RESOLU_SECONDAIRE_OTC,2026-10-08T07:14:50.234037+00:00
ISIN:CA38144C1005,GDQMF,Goldquest Mining Corp.,USA,USD,OQX,OTC Markets OTCQX,CA38144C1005,GOLDQUEST MINING CORP,RELATION_CA_OTC_RESOLUE,NOM_NORMALISE+UNIQUE_CANADA+OTC,RESOLU_SECONDAIRE_OTC,2026-10-08T07:14:50.234037+00:00
LISTING:GQC.V@VAN,GQC.V,GOLDQUEST MINING CORP.,Canada,CAD,VAN,TSXV,-,GOLDQUEST MINING CORP,RELATION_CA_OTC_RESOLUE,NOM_NORMALISE+UNIQUE_CANADA+OTC,RESOLU_PRINCIPALE_CANADA,2026-10-08T07:14:50.234037+00:00
LISTING:GDL.TO@TOR,GDL.TO,GOODFELLOW INC,Canada,CAD,TOR,Toronto,-,GOODFELLOW INC,RELATION_CA_OTC_RESOLUE,NOM_NORMALISE+UNIQUE_CANADA+OTC,RESOLU_PRINCIPALE_CANADA,2026-10-08T07:14:50.234037+00:00
ISIN:CA38216R1001,GFELF,GOODFELLOW INC,USA,USD,PNK,OTC Markets OTCPK,CA38216R1001,GOODFELLOW INC,RELATION_CA_OTC_RESOLUE,NOM_NORMALISE+UNIQUE_CANADA+OTC,RESOLU_SECONDAIRE_OTC,2026-10-08T07:14:50.234037+00:00
LISTING:GRSL.V@VAN,GRSL.V,GR SILVER MINING LTD,Canada,CAD,VAN,TSXV,-,GR SILVER MINING LTD,RELATION_CA_OTC_RESOLUE,NOM_NORMALISE+UNIQUE_CANADA+OTC,RESOLU_PRINCIPALE_CANADA,2026-10-08T07:14:50.234037+00:00
ISIN:CA36258E1025,GRSLF,GR SILVER MINING LTD.,USA,USD,OQX,OTC Markets OTCQX,CA36258E1025,GR SILVER MINING LTD,RELATION_CA_OTC_RESOLUE,NOM_NORMALISE+UNIQUE_CANADA+OTC,RESOLU_SECONDAIRE_OTC,2026-10-08T07:14:50.234037+00:00
LISTING:GMM.DE@GER,GMM.DE,GRAMMER AG                    I,Allemagne,EUR,GER,XETRA,-,GRAMMER AG I,PROBABLE,NOM_NORMALISE+RACINE_TICKER+PLACES_DISTINCTES,HORS_UNIVERS_IDENTITE_INSUFFISANTE,2026-10-08T07:14:50.234037+00:00
LISTING:GMM.F@FRA,GMM.F,GRAMMER AG                    I,Allemagne,EUR,FRA,Frankfurt,-,GRAMMER AG I,PROBABLE,NOM_NORMALISE+RACINE_TICKER+PLACES_DISTINCTES,HORS_UNIVERS_IDENTITE_INSUFFISANTE,2026-10-08T07:14:50.234037+00:00
LISTING:GMG.V@VAN,GMG.V,GRAPHENE MANUFACTURING GROUP LT,Canada,CAD,VAN,TSXV,-,GRAPHENE MANUFACTURING GROUP LT,RELATION_CA_OTC_RESOLUE,NOM_NORMALISE+UNIQUE_CANADA+OTC,RESOLU_PRINCIPALE_CANADA,2026-10-08T07:14:50.234037+00:00
ISIN:AU0000139990,GMGMF,Graphene Manufacturing Group Lt,USA,USD,OQX,OTC Markets OTCQX,AU0000139990,GRAPHENE MANUFACTURING GROUP LT,RELATION_CA_OTC_RESOLUE,NOM_NORMALISE+UNIQUE_CANADA+OTC,RESOLU_SECONDAIRE_OTC,2026-10-08T07:14:50.234037+00:00
LISTING:GPH.V@VAN,GPH.V,GRAPHITE ONE INC,Canada,CAD,VAN,TSXV,-,GRAPHITE ONE INC,RELATION_CA_OTC_RESOLUE,NOM_NORMALISE+UNIQUE_CANADA+OTC,RESOLU_PRINCIPALE_CANADA,2026-10-08T07:14:50.234037+00:00
ISIN:CA38871F1027,GPHOF,Graphite One Inc.,USA,USD,OQX,OTC Markets OTCQX,CA38871F1027,GRAPHITE ONE INC,RELATION_CA_OTC_RESOLUE,NOM_NORMALISE+UNIQUE_CANADA+OTC,RESOLU_SECONDAIRE_OTC,2026-10-08T07:14:50.234037+00:00
ISIN:CA3953251038,GRLRF,Greenland Resources Inc.,USA,USD,OQX,OTC Markets OTCQX,CA3953251038,GREENLAND RESOURCES INC,NON_RESOLU,,HORS_UNIVERS_IDENTITE_INSUFFISANTE,2026-10-08T07:14:50.234037+00:00
LISTING:MOLY.NE@NEO,MOLY.NE,GREENLAND RESOURCES INC.,Canada,CAD,NEO,Cboe CA,-,GREENLAND RESOURCES INC,NON_RESOLU,,HORS_UNIVERS_IDENTITE_INSUFFISANTE,2026-10-08T07:14:50.234037+00:00
LISTING:MOLY.TO@TOR,MOLY.TO,GREENLAND RESOURCES INC,Canada,CAD,TOR,Toronto,-,GREENLAND RESOURCES INC,NON_RESOLU,,HORS_UNIVERS_IDENTITE_INSUFFISANTE,2026-10-08T07:14:50.234037+00:00
ISIN:US39579V1008,GHG,GreenTree Hospitality Group Ltd,USA,USD,NYQ,NYSE,US39579V1008,GREENTREE HOSPITALITY GROUP LTD,NON_RESOLU,,HORS_UNIVERS_IDENTITE_INSUFFISANTE,2026-10-08T07:14:50.234037+00:00
LISTING:GT1A.SG@STU,GT1A.SG,Greentree Hospitality Group Ltd,Allemagne,EUR,STU,Stuttgart,-,GREENTREE HOSPITALITY GROUP LTD,NON_RESOLU,,HORS_UNIVERS_IDENTITE_INSUFFISANTE,2026-10-08T07:14:50.234037+00:00
ISIN:NO0010365521,GRGSF,GRIEG SEAFOOD,USA,USD,PNK,OTC Markets OTCPK,NO0010365521,GRIEG SEAFOOD,NON_RESOLU,,HORS_UNIVERS_IDENTITE_INSUFFISANTE,2026-10-08T07:14:50.234037+00:00
LISTING:GSF.OL@OSL,GSF.OL,GRIEG SEAFOOD,Norvège,NOK,OSL,Oslo,-,GRIEG SEAFOOD,NON_RESOLU,,HORS_UNIVERS_IDENTITE_INSUFFISANTE,2026-10-08T07:14:50.234037+00:00
LISTING:WM8.F@FRA,WM8.F,Grigeo Group AB               R,Allemagne,EUR,FRA,Frankfurt,-,GRIGEO GROUP AB R,PROBABLE,NOM_NORMALISE+RACINE_TICKER+PLACES_DISTINCTES,HORS_UNIVERS_IDENTITE_INSUFFISANTE,2026-10-08T07:14:50.234037+00:00
LISTING:WM8.MU@MUN,WM8.MU,Grigeo Group AB               R,Allemagne,EUR,MUN,Munich,-,GRIGEO GROUP AB R,PROBABLE,NOM_NORMALISE+RACINE_TICKER+PLACES_DISTINCTES,HORS_UNIVERS_IDENTITE_INSUFFISANTE,2026-10-08T07:14:50.234037+00:00
ISIN:CA39944P1018,GRLVF,Group Eleven Resources Corp.,USA,USD,OQB,OTC Markets OTCQB,CA39944P1018,GROUP ELEVEN RESOURCES CORP,RELATION_CA_OTC_RESOLUE,NOM_NORMALISE+UNIQUE_CANADA+OTC,RESOLU_SECONDAIRE_OTC,2026-10-08T07:14:50.234037+00:00
LISTING:ZNG.V@VAN,ZNG.V,GROUP ELEVEN RESOURCES CORP,Canada,CAD,VAN,TSXV,-,GROUP ELEVEN RESOURCES CORP,RELATION_CA_OTC_RESOLUE,NOM_NORMALISE+UNIQUE_CANADA+OTC,RESOLU_PRINCIPALE_CANADA,2026-10-08T07:14:50.234037+00:00
ISIN:US4013821065,GMTL,Guardian Metal Resources PLC,USA,USD,ASE,NYSE American,US4013821065,GUARDIAN METAL RESOURCES PLC,DISTINCT,ISIN_DIFFERENTS,RESOLU_DISTINCT,2026-10-08T07:14:50.234037+00:00
ISIN:PLCTHQM00018,GMTLF,Guardian Metal Resources PLC,USA,USD,OQB,OTC Markets OTCQB,PLCTHQM00018,GUARDIAN METAL RESOURCES PLC,DISTINCT,ISIN_DIFFERENTS,RESOLU_DISTINCT,2026-10-08T07:14:50.234037+00:00
LISTING:8TM.F@FRA,8TM.F,Guardian Metal Resources PLC  R,Allemagne,EUR,FRA,Frankfurt,-,GUARDIAN METAL RESOURCES PLC R,NON_RESOLU,,HORS_UNIVERS_IDENTITE_INSUFFISANTE,2026-10-08T07:14:50.234037+00:00
LISTING:8TM0.F@FRA,8TM0.F,Guardian Metal Resources PLC  R,Allemagne,EUR,FRA,Frankfurt,-,GUARDIAN METAL RESOURCES PLC R,NON_RESOLU,,HORS_UNIVERS_IDENTITE_INSUFFISANTE,2026-10-08T07:14:50.234037+00:00
LISTING:GCU.TO@TOR,GCU.TO,GUNNISON COPPER CORP,Canada,CAD,TOR,Toronto,-,GUNNISON COPPER CORP,RELATION_CA_OTC_RESOLUE,NOM_NORMALISE+UNIQUE_CANADA+OTC,RESOLU_PRINCIPALE_CANADA,2026-10-08T07:14:50.234037+00:00
ISIN:CA4028801088,GCUMF,Gunnison Copper Corp,USA,USD,OQB,OTC Markets OTCQB,CA4028801088,GUNNISON COPPER CORP,RELATION_CA_OTC_RESOLUE,NOM_NORMALISE+UNIQUE_CANADA+OTC,RESOLU_SECONDAIRE_OTC,2026-10-08T07:14:50.234037+00:00
LISTING:2HRA.DE@GER,2HRA.DE,H&R GmbH & Co. KGaA           I,Allemagne,EUR,GER,XETRA,-,H R GMBH CO KGAA I,PROBABLE,NOM_NORMALISE+RACINE_TICKER+PLACES_DISTINCTES,HORS_UNIVERS_IDENTITE_INSUFFISANTE,2026-10-08T07:14:50.234037+00:00
LISTING:2HRA.F@FRA,2HRA.F,H&R GmbH & Co. KGaA           I,Allemagne,EUR,FRA,Frankfurt,-,H R GMBH CO KGAA I,PROBABLE,NOM_NORMALISE+RACINE_TICKER+PLACES_DISTINCTES,HORS_UNIVERS_IDENTITE_INSUFFISANTE,2026-10-08T07:14:50.234037+00:00
LISTING:H2A.DE@GER,H2A.DE,H2APEX Group S.C.A.           B,Allemagne,EUR,GER,XETRA,-,H2APEX GROUP S C A B,PROBABLE,NOM_NORMALISE+RACINE_TICKER+PLACES_DISTINCTES,HORS_UNIVERS_IDENTITE_INSUFFISANTE,2026-10-08T07:14:50.234037+00:00
LISTING:H2A.F@FRA,H2A.F,H2APEX Group S.C.A.           B,Allemagne,EUR,FRA,Frankfurt,-,H2APEX GROUP S C A B,PROBABLE,NOM_NORMALISE+RACINE_TICKER+PLACES_DISTINCTES,HORS_UNIVERS_IDENTITE_INSUFFISANTE,2026-10-08T07:14:50.234037+00:00
LISTING:HAN.V@VAN,HAN.V,HANNAN METALS LTD,Canada,CAD,VAN,TSXV,-,HANNAN METALS LTD,RELATION_CA_OTC_RESOLUE,NOM_NORMALISE+UNIQUE_CANADA+OTC,RESOLU_PRINCIPALE_CANADA,2026-10-08T07:14:50.234037+00:00
ISIN:CA4105841064,HANNF,"Hannan Metals, Ltd.",USA,USD,PNK,OTC Markets OTCPK,CA4105841064,HANNAN METALS LTD,RELATION_CA_OTC_RESOLUE,NOM_NORMALISE+UNIQUE_CANADA+OTC,RESOLU_SECONDAIRE_OTC,2026-10-08T07:14:50.234037+00:00
ISIN:NO0010764053,HGSB.OL,HAUGESUND SPAREBANK,Norvège,NOK,OSL,Oslo,NO0010764053,HAUGESUND SPAREBANK,CERTAIN,ISIN_COMMUN,RESOLU_CERTAIN,2026-10-08T07:14:50.234037+00:00
ISIN:NO0010764053,Y7I.SG,Haugesund Sparebank,Allemagne,EUR,STU,Stuttgart,NO0010764053,HAUGESUND SPAREBANK,CERTAIN,ISIN_COMMUN,RESOLU_CERTAIN,2026-10-08T07:14:50.234037+00:00
ISIN:NO0013696799,6FZ0.SG,Havila Kystruten AS,Allemagne,EUR,STU,Stuttgart,NO0013696799,HAVILA KYSTRUTEN AS,CERTAIN,ISIN_COMMUN,RESOLU_CERTAIN,2026-10-08T07:14:50.234037+00:00
ISIN:NO0013696799,HKY.OL,HAVILA KYSTRUTEN AS,Norvège,NOK,OSL,Oslo,NO0013696799,HAVILA KYSTRUTEN AS,CERTAIN,ISIN_COMMUN,RESOLU_CERTAIN,2026-10-08T07:14:50.234037+00:00
LISTING:6FZ0.F@FRA,6FZ0.F,Havila Kystruten AS           N,Allemagne,EUR,FRA,Frankfurt,-,HAVILA KYSTRUTEN AS N,PROBABLE,NOM_NORMALISE+RACINE_TICKER+PLACES_DISTINCTES,HORS_UNIVERS_IDENTITE_INSUFFISANTE,2026-10-08T07:14:50.234037+00:00
LISTING:6FZ0.MU@MUN,6FZ0.MU,Havila Kystruten AS           N,Allemagne,EUR,MUN,Munich,-,HAVILA KYSTRUTEN AS N,PROBABLE,NOM_NORMALISE+RACINE_TICKER+PLACES_DISTINCTES,HORS_UNIVERS_IDENTITE_INSUFFISANTE,2026-10-08T07:14:50.234037+00:00
LISTING:HAW.DE@GER,HAW.DE,Hawesko Holding SE            I,Allemagne,EUR,GER,XETRA,-,HAWESKO HOLDING SE I,PROBABLE,NOM_NORMALISE+RACINE_TICKER+PLACES_DISTINCTES,HORS_UNIVERS_IDENTITE_INSUFFISANTE,2026-10-08T07:14:50.234037+00:00
LISTING:HAW.F@FRA,HAW.F,Hawesko Holding SE            I,Allemagne,EUR,FRA,Frankfurt,-,HAWESKO HOLDING SE I,PROBABLE,NOM_NORMALISE+RACINE_TICKER+PLACES_DISTINCTES,HORS_UNIVERS_IDENTITE_INSUFFISANTE,2026-10-08T07:14:50.234037+00:00
LISTING:AIDX.TO@TOR,AIDX.TO,HEALWELL AI INC,Canada,CAD,TOR,Toronto,-,HEALWELL AI INC,RELATION_CA_OTC_RESOLUE,NOM_NORMALISE+UNIQUE_CANADA+OTC,RESOLU_PRINCIPALE_CANADA,2026-10-08T07:14:50.234037+00:00
ISIN:CA42249X1006,HWAIF,HealWELL AI Inc.,USA,USD,OQX,OTC Markets OTCQX,CA42249X1006,HEALWELL AI INC,RELATION_CA_OTC_RESOLUE,NOM_NORMALISE+UNIQUE_CANADA+OTC,RESOLU_SECONDAIRE_OTC,2026-10-08T07:14:50.234037+00:00
LISTING:HPHA.DE@GER,HPHA.DE,Heidelberg Pharma AG          I,Allemagne,EUR,GER,XETRA,-,HEIDELBERG PHARMA AG I,PROBABLE,NOM_NORMALISE+RACINE_TICKER+PLACES_DISTINCTES,HORS_UNIVERS_IDENTITE_INSUFFISANTE,2026-10-08T07:14:50.234037+00:00
LISTING:HPHA.F@FRA,HPHA.F,Heidelberg Pharma AG          I,Allemagne,EUR,FRA,Frankfurt,-,HEIDELBERG PHARMA AG I,PROBABLE,NOM_NORMALISE+RACINE_TICKER+PLACES_DISTINCTES,HORS_UNIVERS_IDENTITE_INSUFFISANTE,2026-10-08T07:14:50.234037+00:00
LISTING:HE8.DE@GER,HE8.DE,HELIOS SOLAR AG               I,Allemagne,EUR,GER,XETRA,-,HELIOS SOLAR AG I,PROBABLE,NOM_NORMALISE+RACINE_TICKER+PLACES_DISTINCTES,HORS_UNIVERS_IDENTITE_INSUFFISANTE,2026-10-08T07:14:50.234037+00:00
LISTING:HE8.F@FRA,HE8.F,HELIOS SOLAR AG               I,Allemagne,EUR,FRA,Frankfurt,-,HELIOS SOLAR AG I,PROBABLE,NOM_NORMALISE+RACINE_TICKER+PLACES_DISTINCTES,HORS_UNIVERS_IDENTITE_INSUFFISANTE,2026-10-08T07:14:50.234037+00:00
LISTING:HHH.V@VAN,HHH.V,HELIUS MINERALS LIMITED,Canada,CAD,VAN,TSXV,-,HELIUS MINERALS LIMITED,RELATION_CA_OTC_RESOLUE,NOM_NORMALISE+UNIQUE_CANADA+OTC,RESOLU_PRINCIPALE_CANADA,2026-10-08T07:14:50.234037+00:00
ISIN:CA42329R1064,HHHXF,Helius Minerals Limited,USA,USD,PNK,OTC Markets OTCPK,CA42329R1064,HELIUS MINERALS LIMITED,RELATION_CA_OTC_RESOLUE,NOM_NORMALISE+UNIQUE_CANADA+OTC,RESOLU_SECONDAIRE_OTC,2026-10-08T07:14:50.234037+00:00
ISIN:CA4270861038,BADEF,HERCULES METALS CORP.,USA,USD,OQB,OTC Markets OTCQB,CA4270861038,HERCULES METALS CORP,RELATION_CA_OTC_RESOLUE,NOM_NORMALISE+UNIQUE_CANADA+OTC,RESOLU_SECONDAIRE_OTC,2026-10-08T07:14:50.234037+00:00
LISTING:BIG.V@VAN,BIG.V,HERCULES METALS CORP,Canada,CAD,VAN,TSXV,-,HERCULES METALS CORP,RELATION_CA_OTC_RESOLUE,NOM_NORMALISE+UNIQUE_CANADA+OTC,RESOLU_PRINCIPALE_CANADA,2026-10-08T07:14:50.234037+00:00
ISIN:FR0000054231,HCO.PA,HIGH CO,France,EUR,PAR,Paris,FR0000054231,HIGH CO,CERTAIN,ISIN_COMMUN,RESOLU_CERTAIN,2026-10-08T07:14:50.234037+00:00
ISIN:FR0000054231,HIH.SG,High Co.,Allemagne,EUR,STU,Stuttgart,FR0000054231,HIGH CO,CERTAIN,ISIN_COMMUN,RESOLU_CERTAIN,2026-10-08T07:14:50.234037+00:00
ISIN:CA42981E4013,HITI,High Tide Inc.,USA,USD,NCM,NasdaqCM,CA42981E4013,HIGH TIDE INC,DISTINCT,ISIN_DIFFERENTS,RESOLU_DISTINCT,2026-10-08T07:14:50.234037+00:00
ISIN:US31641Q1105,HITI.V,HIGH TIDE INC,Canada,CAD,VAN,TSXV,US31641Q1105,HIGH TIDE INC,DISTINCT,ISIN_DIFFERENTS,RESOLU_DISTINCT,2026-10-08T07:14:50.234037+00:00
ISIN:CA43004Y1016,HDRSF,Highland Copper Company Inc.,USA,USD,OQB,OTC Markets OTCQB,CA43004Y1016,HIGHLAND COPPER COMPANY INC,RELATION_CA_OTC_RESOLUE,NOM_NORMALISE+UNIQUE_CANADA+OTC,RESOLU_SECONDAIRE_OTC,2026-10-08T07:14:50.234037+00:00
LISTING:HI.V@VAN,HI.V,HIGHLAND COPPER COMPANY INC,Canada,CAD,VAN,TSXV,-,HIGHLAND COPPER COMPANY INC,RELATION_CA_OTC_RESOLUE,NOM_NORMALISE+UNIQUE_CANADA+OTC,RESOLU_PRINCIPALE_CANADA,2026-10-08T07:14:50.234037+00:00
LISTING:HLS.TO@TOR,HLS.TO,HLS THERAPEUTICS INC,Canada,CAD,TOR,Toronto,-,HLS THERAPEUTICS INC,RELATION_CA_OTC_RESOLUE,NOM_NORMALISE+UNIQUE_CANADA+OTC,RESOLU_PRINCIPALE_CANADA,2026-10-08T07:14:50.234037+00:00
ISIN:CA40390B1094,HLTRF,HLS Therapeutics Inc.,USA,USD,PNK,OTC Markets OTCPK,CA40390B1094,HLS THERAPEUTICS INC,RELATION_CA_OTC_RESOLUE,NOM_NORMALISE+UNIQUE_CANADA+OTC,RESOLU_SECONDAIRE_OTC,2026-10-08T07:14:50.234037+00:00
LISTING:HMU.DE@GER,HMU.DE,HMS Bergbau AG                I,Allemagne,EUR,GER,XETRA,-,HMS BERGBAU AG I,PROBABLE,NOM_NORMALISE+RACINE_TICKER+PLACES_DISTINCTES,HORS_UNIVERS_IDENTITE_INSUFFISANTE,2026-10-08T07:14:50.234037+00:00
LISTING:HMU.F@FRA,HMU.F,HMS Bergbau AG                I,Allemagne,EUR,FRA,Frankfurt,-,HMS BERGBAU AG I,PROBABLE,NOM_NORMALISE+RACINE_TICKER+PLACES_DISTINCTES,HORS_UNIVERS_IDENTITE_INSUFFISANTE,2026-10-08T07:14:50.234037+00:00
LISTING:SHL.V@VAN,SHL.V,HOMELAND NICKEL INC,Canada,CAD,VAN,TSXV,-,HOMELAND NICKEL INC,RELATION_CA_OTC_RESOLUE,NOM_NORMALISE+UNIQUE_CANADA+OTC,RESOLU_PRINCIPALE_CANADA,2026-10-08T07:14:50.234037+00:00
ISIN:CA43740Q1072,SRCGF,HOMELAND NICKEL INC.,USA,USD,OQB,OTC Markets OTCQB,CA43740Q1072,HOMELAND NICKEL INC,RELATION_CA_OTC_RESOLUE,NOM_NORMALISE+UNIQUE_CANADA+OTC,RESOLU_SECONDAIRE_OTC,2026-10-08T07:14:50.234037+00:00
LISTING:HTG.DE@GER,HTG.DE,HomeToGo SE                   A,Allemagne,EUR,GER,XETRA,-,HOMETOGO SE A,PROBABLE,NOM_NORMALISE+RACINE_TICKER+PLACES_DISTINCTES,HORS_UNIVERS_IDENTITE_INSUFFISANTE,2026-10-08T07:14:50.234037+00:00
LISTING:HTG.F@FRA,HTG.F,HomeToGo SE                   A,Allemagne,EUR,FRA,Frankfurt,-,HOMETOGO SE A,PROBABLE,NOM_NORMALISE+RACINE_TICKER+PLACES_DISTINCTES,HORS_UNIVERS_IDENTITE_INSUFFISANTE,2026-10-08T07:14:50.234037+00:00
ISIN:CA4383402001,HBEIF,Honey Badger Silver Inc.,USA,USD,OQB,OTC Markets OTCQB,CA4383402001,HONEY BADGER SILVER INC,RELATION_CA_OTC_RESOLUE,NOM_NORMALISE+UNIQUE_CANADA+OTC,RESOLU_SECONDAIRE_OTC,2026-10-08T07:14:50.234037+00:00
LISTING:TUF.V@VAN,TUF.V,HONEY BADGER SILVER INC,Canada,CAD,VAN,TSXV,-,HONEY BADGER SILVER INC,RELATION_CA_OTC_RESOLUE,NOM_NORMALISE+UNIQUE_CANADA+OTC,RESOLU_PRINCIPALE_CANADA,2026-10-08T07:14:50.234037+00:00
LISTING:XHN1.F@FRA,XHN1.F,Hong Kong Technology Venture  R,Allemagne,EUR,FRA,Frankfurt,-,HONG KONG TECHNOLOGY VENTURE R,PROBABLE,NOM_NORMALISE+RACINE_TICKER+PLACES_DISTINCTES,HORS_UNIVERS_IDENTITE_INSUFFISANTE,2026-10-08T07:14:50.234037+00:00
LISTING:XHN1.MU@MUN,XHN1.MU,Hong Kong Technology Venture  R,Allemagne,EUR,MUN,Munich,-,HONG KONG TECHNOLOGY VENTURE R,PROBABLE,NOM_NORMALISE+RACINE_TICKER+PLACES_DISTINCTES,HORS_UNIVERS_IDENTITE_INSUFFISANTE,2026-10-08T07:14:50.234037+00:00
LISTING:B180.SG@STU,B180.SG,HUHUTECH International Group In,Allemagne,EUR,STU,Stuttgart,-,HUHUTECH INTERNATIONAL GROUP IN,NON_RESOLU,,HORS_UNIVERS_IDENTITE_INSUFFISANTE,2026-10-08T07:14:50.234037+00:00
ISIN:KYG464401143,HUHU,HUHUTECH International Group In,USA,USD,NCM,NasdaqCM,KYG464401143,HUHUTECH INTERNATIONAL GROUP IN,NON_RESOLU,,HORS_UNIVERS_IDENTITE_INSUFFISANTE,2026-10-08T07:14:50.234037+00:00
LISTING:HYDTF@OQB,HYDTF,Hydreight Technologies Inc,USA,USD,OQB,OTC Markets OTCQB,-,HYDREIGHT TECHNOLOGIES INC,RELATION_CA_OTC_RESOLUE,NOM_NORMALISE+UNIQUE_CANADA+OTC,RESOLU_SECONDAIRE_OTC,2026-10-08T07:14:50.234037+00:00
LISTING:NURS.V@VAN,NURS.V,HYDREIGHT TECHNOLOGIES INC,Canada,CAD,VAN,TSXV,-,HYDREIGHT TECHNOLOGIES INC,RELATION_CA_OTC_RESOLUE,NOM_NORMALISE+UNIQUE_CANADA+OTC,RESOLU_PRINCIPALE_CANADA,2026-10-08T07:14:50.234037+00:00
LISTING:IBG.MC@MCE,IBG.MC,"IBERPAPEL GESTION,S.A.",Espagne,EUR,MCE,MCE,-,IBERPAPEL GESTION S A,PROBABLE,NOM_NORMALISE+RACINE_TICKER+PLACES_DISTINCTES,HORS_UNIVERS_IDENTITE_INSUFFISANTE,2026-10-08T07:14:50.234037+00:00
LISTING:IBG.SG@STU,IBG.SG,Iberpapel Gestion S.A.,Allemagne,EUR,STU,Stuttgart,-,IBERPAPEL GESTION S A,PROBABLE,NOM_NORMALISE+RACINE_TICKER+PLACES_DISTINCTES,HORS_UNIVERS_IDENTITE_INSUFFISANTE,2026-10-08T07:14:50.234037+00:00
LISTING:0UNS.L@LSE,0UNS.L,IBU TEC ADVANCED MATERIALS AG I,Royaume-Uni,GBP,LSE,LSE,-,IBU TEC ADVANCED MATERIALS AG I,NON_RESOLU,,HORS_UNIVERS_IDENTITE_INSUFFISANTE,2026-10-08T07:14:50.234037+00:00
LISTING:IBU.DE@GER,IBU.DE,IBU-tec advanced materials AG I,Allemagne,EUR,GER,XETRA,-,IBU TEC ADVANCED MATERIALS AG I,PROBABLE,NOM_NORMALISE+RACINE_TICKER+PLACES_DISTINCTES,HORS_UNIVERS_IDENTITE_INSUFFISANTE,2026-10-08T07:14:50.234037+00:00
LISTING:IBU.F@FRA,IBU.F,IBU-tec advanced materials AG I,Allemagne,EUR,FRA,Frankfurt,-,IBU TEC ADVANCED MATERIALS AG I,PROBABLE,NOM_NORMALISE+RACINE_TICKER+PLACES_DISTINCTES,HORS_UNIVERS_IDENTITE_INSUFFISANTE,2026-10-08T07:14:50.234037+00:00
ISIN:FR001400A3Q3,ALICA.PA,ICAPE HOLDING,France,EUR,PAR,Paris,FR001400A3Q3,ICAPE HOLDING,CERTAIN,ISIN_COMMUN,RESOLU_CERTAIN,2026-10-08T07:14:50.234037+00:00
ISIN:FR001400A3Q3,Z8J.SG,ICAPE HOLDING,Allemagne,EUR,STU,Stuttgart,FR001400A3Q3,ICAPE HOLDING,CERTAIN,ISIN_COMMUN,RESOLU_CERTAIN,2026-10-08T07:14:50.234037+00:00
LISTING:IFA.TO@TOR,IFA.TO,IFABRIC CORP,Canada,CAD,TOR,Toronto,-,IFABRIC CORP,RELATION_CA_OTC_RESOLUE,NOM_NORMALISE+UNIQUE_CANADA+OTC,RESOLU_PRINCIPALE_CANADA,2026-10-08T07:14:50.234037+00:00
ISIN:CA45172X2032,IFABF,iFabric Corp.,USA,USD,OQX,OTC Markets OTCQX,CA45172X2032,IFABRIC CORP,RELATION_CA_OTC_RESOLUE,NOM_NORMALISE+UNIQUE_CANADA+OTC,RESOLU_SECONDAIRE_OTC,2026-10-08T07:14:50.234037+00:00
LISTING:IPT.V@VAN,IPT.V,IMPACT SILVER CORP.,Canada,CAD,VAN,TSXV,-,IMPACT SILVER CORP,RELATION_CA_OTC_RESOLUE,NOM_NORMALISE+UNIQUE_CANADA+OTC,RESOLU_PRINCIPALE_CANADA,2026-10-08T07:14:50.234037+00:00
ISIN:CA45257A1021,ISVLF,IMPACT Silver Corp.,USA,USD,OQB,OTC Markets OTCQB,CA45257A1021,IMPACT SILVER CORP,RELATION_CA_OTC_RESOLUE,NOM_NORMALISE+UNIQUE_CANADA+OTC,RESOLU_SECONDAIRE_OTC,2026-10-08T07:14:50.234037+00:00
ISIN:SE0020358232,9IB.SG,Infant Bacterial Therapeutics A,Allemagne,EUR,STU,Stuttgart,SE0020358232,INFANT BACTERIAL THERAPEUTICS A,DISTINCT,ISIN_DIFFERENTS,RESOLU_DISTINCT,2026-10-08T07:14:50.234037+00:00
LISTING:IBT-B.ST@STO,IBT-B.ST,Infant Bacterial Therapeutics A,Suède,SEK,STO,Stockholm,-,INFANT BACTERIAL THERAPEUTICS A,NON_RESOLU,,HORS_UNIVERS_IDENTITE_INSUFFISANTE,2026-10-08T07:14:50.234037+00:00
ISIN:SE0008015259,IFTBF,INFANT BACTERIAL THERAPEUTICS A,USA,USD,PNK,OTC Markets OTCPK,SE0008015259,INFANT BACTERIAL THERAPEUTICS A,DISTINCT,ISIN_DIFFERENTS,RESOLU_DISTINCT,2026-10-08T07:14:50.234037+00:00
LISTING:07F0.F@FRA,07F0.F,Infinity Develop. Hldgs Co.LtdR,Allemagne,EUR,FRA,Frankfurt,-,INFINITY DEVELOP HLDGS CO LTDR,PROBABLE,NOM_NORMALISE+RACINE_TICKER+PLACES_DISTINCTES,HORS_UNIVERS_IDENTITE_INSUFFISANTE,2026-10-08T07:14:50.234037+00:00
LISTING:07F0.MU@MUN,07F0.MU,Infinity Develop. Hldgs Co.LtdR,Allemagne,EUR,MUN,Munich,-,INFINITY DEVELOP HLDGS CO LTDR,PROBABLE,NOM_NORMALISE+RACINE_TICKER+PLACES_DISTINCTES,HORS_UNIVERS_IDENTITE_INSUFFISANTE,2026-10-08T07:14:50.234037+00:00
LISTING:IPH.PA@PAR,IPH.PA,INNATE PHARMA,France,EUR,PAR,Paris,-,INNATE PHARMA,NON_RESOLU,,HORS_UNIVERS_IDENTITE_INSUFFISANTE,2026-10-08T07:14:50.234037+00:00
ISIN:FR0010331421,IPHYF,INNATE PHARMA,USA,USD,PNK,OTC Markets OTCPK,FR0010331421,INNATE PHARMA,NON_RESOLU,,HORS_UNIVERS_IDENTITE_INSUFFISANTE,2026-10-08T07:14:50.234037+00:00
LISTING:IDD.DE@GER,IDD.DE,Innate Pharma S.A.            A,Allemagne,EUR,GER,XETRA,-,INNATE PHARMA S A A,PROBABLE,NOM_NORMALISE+RACINE_TICKER+PLACES_DISTINCTES,HORS_UNIVERS_IDENTITE_INSUFFISANTE,2026-10-08T07:14:50.234037+00:00
LISTING:IDD.F@FRA,IDD.F,Innate Pharma S.A.            A,Allemagne,EUR,FRA,Frankfurt,-,INNATE PHARMA S A A,PROBABLE,NOM_NORMALISE+RACINE_TICKER+PLACES_DISTINCTES,HORS_UNIVERS_IDENTITE_INSUFFISANTE,2026-10-08T07:14:50.234037+00:00
LISTING:IDDA.F@FRA,IDDA.F,Innate Pharma S.A.            A,Allemagne,EUR,FRA,Frankfurt,-,INNATE PHARMA S A A,PROBABLE,NOM_NORMALISE+RACINE_TICKER+PLACES_DISTINCTES,HORS_UNIVERS_IDENTITE_INSUFFISANTE,2026-10-08T07:14:50.234037+00:00
LISTING:IDDA.MU@MUN,IDDA.MU,Innate Pharma S.A.            A,Allemagne,EUR,MUN,Munich,-,INNATE PHARMA S A A,PROBABLE,NOM_NORMALISE+RACINE_TICKER+PLACES_DISTINCTES,HORS_UNIVERS_IDENTITE_INSUFFISANTE,2026-10-08T07:14:50.234037+00:00
ISIN:CA45780T1497,IPO.TO,INPLAY OIL CORP,Canada,CAD,TOR,Toronto,CA45780T1497,INPLAY OIL CORP,RELATION_CA_OTC_RESOLUE,NOM_NORMALISE+UNIQUE_CANADA+OTC,RESOLU_PRINCIPALE_CANADA,2026-10-08T07:14:50.234037+00:00
ISIN:CA45780T4046,IPOOF,InPlay Oil Corp.,USA,USD,OQX,OTC Markets OTCQX,CA45780T4046,INPLAY OIL CORP,RELATION_CA_OTC_RESOLUE,NOM_NORMALISE+UNIQUE_CANADA+OTC,RESOLU_SECONDAIRE_OTC,2026-10-08T07:14:50.234037+00:00
LISTING:INO0.SG@STU,INO0.SG,Inseego Corp.,Allemagne,EUR,STU,Stuttgart,-,INSEEGO CORP,NON_RESOLU,,HORS_UNIVERS_IDENTITE_INSUFFISANTE,2026-10-08T07:14:50.234037+00:00
ISIN:US45782B3024,INSG,Inseego Corp.,USA,USD,NMS,NasdaqGS,US45782B3024,INSEEGO CORP,NON_RESOLU,,HORS_UNIVERS_IDENTITE_INSUFFISANTE,2026-10-08T07:14:50.234037+00:00
LISTING:INO0.F@FRA,INO0.F,Inseego Corp.                 R,Allemagne,EUR,FRA,Frankfurt,-,INSEEGO CORP R,PROBABLE,NOM_NORMALISE+RACINE_TICKER+PLACES_DISTINCTES,HORS_UNIVERS_IDENTITE_INSUFFISANTE,2026-10-08T07:14:50.234037+00:00
LISTING:INO0.MU@MUN,INO0.MU,Inseego Corp.                 R,Allemagne,EUR,MUN,Munich,-,INSEEGO CORP R,PROBABLE,NOM_NORMALISE+RACINE_TICKER+PLACES_DISTINCTES,HORS_UNIVERS_IDENTITE_INSUFFISANTE,2026-10-08T07:14:50.234037+00:00
LISTING:INS.DE@GER,INS.DE,Instone Real Estate Group SE  I,Allemagne,EUR,GER,XETRA,-,INSTONE REAL ESTATE GROUP SE I,PROBABLE,NOM_NORMALISE+RACINE_TICKER+PLACES_DISTINCTES,HORS_UNIVERS_IDENTITE_INSUFFISANTE,2026-10-08T07:14:50.234037+00:00
LISTING:INS.F@FRA,INS.F,Instone Real Estate Group SE  I,Allemagne,EUR,FRA,Frankfurt,-,INSTONE REAL ESTATE GROUP SE I,PROBABLE,NOM_NORMALISE+RACINE_TICKER+PLACES_DISTINCTES,HORS_UNIVERS_IDENTITE_INSUFFISANTE,2026-10-08T07:14:50.234037+00:00
ISIN:CA46123W2031,IMTCF,INTREPID METALS CORP.,USA,USD,OQB,OTC Markets OTCQB,CA46123W2031,INTREPID METALS CORP,RELATION_CA_OTC_RESOLUE,NOM_NORMALISE+UNIQUE_CANADA+OTC,RESOLU_SECONDAIRE_OTC,2026-10-08T07:14:50.234037+00:00
LISTING:INTR.V@VAN,INTR.V,INTREPID METALS CORP,Canada,CAD,VAN,TSXV,-,INTREPID METALS CORP,RELATION_CA_OTC_RESOLUE,NOM_NORMALISE+UNIQUE_CANADA+OTC,RESOLU_PRINCIPALE_CANADA,2026-10-08T07:14:50.234037+00:00
LISTING:IVQ-U.TO@TOR,IVQ-U.TO,INVESQUE INC,Canada,CAD,TOR,Toronto,-,INVESQUE INC,RELATION_CA_OTC_RESOLUE,NOM_NORMALISE+UNIQUE_CANADA+OTC,RESOLU_PRINCIPALE_CANADA,2026-10-08T07:14:50.234037+00:00
ISIN:CA46136U1030,MHIVF,Invesque Inc.,USA,USD,PNK,OTC Markets OTCPK,CA46136U1030,INVESQUE INC,RELATION_CA_OTC_RESOLUE,NOM_NORMALISE+UNIQUE_CANADA+OTC,RESOLU_SECONDAIRE_OTC,2026-10-08T07:14:50.234037+00:00
ISIN:AU0000028946,GSCCF,Ioneer Ltd.,USA,USD,PNK,OTC Markets OTCPK,AU0000028946,IONEER LTD,DISTINCT,ISIN_DIFFERENTS,RESOLU_DISTINCT,2026-10-08T07:14:50.234037+00:00
ISIN:US46211L1017,IONR,ioneer Ltd,USA,USD,NCM,NasdaqCM,US46211L1017,IONEER LTD,DISTINCT,ISIN_DIFFERENTS,RESOLU_DISTINCT,2026-10-08T07:14:50.234037+00:00
LISTING:4G1.F@FRA,4G1.F,Ioneer Ltd.                   R,Allemagne,EUR,FRA,Frankfurt,-,IONEER LTD R,NON_RESOLU,,HORS_UNIVERS_IDENTITE_INSUFFISANTE,2026-10-08T07:14:50.234037+00:00
LISTING:4G11.F@FRA,4G11.F,Ioneer Ltd.                   R,Allemagne,EUR,FRA,Frankfurt,-,IONEER LTD R,NON_RESOLU,,HORS_UNIVERS_IDENTITE_INSUFFISANTE,2026-10-08T07:14:50.234037+00:00
LISTING:IFOS.V@VAN,IFOS.V,ITAFOS INC,Canada,CAD,VAN,TSXV,-,ITAFOS INC,RELATION_CA_OTC_RESOLUE,NOM_NORMALISE+UNIQUE_CANADA+OTC,RESOLU_PRINCIPALE_CANADA,2026-10-08T07:14:50.234037+00:00
ISIN:US4652701065,ITFS,ITAFOS INC.,USA,USD,OQX,OTC Markets OTCQX,US4652701065,ITAFOS INC,RELATION_CA_OTC_RESOLUE,NOM_NORMALISE+UNIQUE_CANADA+OTC,RESOLU_SECONDAIRE_OTC,2026-10-08T07:14:50.234037+00:00
LISTING:JDC.DE@GER,JDC.DE,JDC Group AG                  I,Allemagne,EUR,GER,XETRA,-,JDC GROUP AG I,PROBABLE,NOM_NORMALISE+RACINE_TICKER+PLACES_DISTINCTES,HORS_UNIVERS_IDENTITE_INSUFFISANTE,2026-10-08T07:14:50.234037+00:00
LISTING:JDC.F@FRA,JDC.F,JDC Group AG                  I,Allemagne,EUR,FRA,Frankfurt,-,JDC GROUP AG I,PROBABLE,NOM_NORMALISE+RACINE_TICKER+PLACES_DISTINCTES,HORS_UNIVERS_IDENTITE_INSUFFISANTE,2026-10-08T07:14:50.234037+00:00
LISTING:JEV.V@VAN,JEV.V,JERICHO ENERGY VENTURES INC,Canada,CAD,VAN,TSXV,-,JERICHO ENERGY VENTURES INC,RELATION_CA_OTC_RESOLUE,NOM_NORMALISE+UNIQUE_CANADA+OTC,RESOLU_PRINCIPALE_CANADA,2026-10-08T07:14:50.234037+00:00
ISIN:CA4763392053,JROOF,JERICHO ENERGY VENTURES INC.,USA,USD,OID,OTC Markets OTCID,CA4763392053,JERICHO ENERGY VENTURES INC,RELATION_CA_OTC_RESOLUE,NOM_NORMALISE+UNIQUE_CANADA+OTC,RESOLU_SECONDAIRE_OTC,2026-10-08T07:14:50.234037+00:00
LISTING:JOY.TO@TOR,JOY.TO,JOURNEY ENERGY INC,Canada,CAD,TOR,Toronto,-,JOURNEY ENERGY INC,RELATION_CA_OTC_RESOLUE,NOM_NORMALISE+UNIQUE_CANADA+OTC,RESOLU_PRINCIPALE_CANADA,2026-10-08T07:14:50.234037+00:00
ISIN:CA48113W1023,JRNGF,Journey Energy Inc.,USA,USD,OQX,OTC Markets OTCQX,CA48113W1023,JOURNEY ENERGY INC,RELATION_CA_OTC_RESOLUE,NOM_NORMALISE+UNIQUE_CANADA+OTC,RESOLU_SECONDAIRE_OTC,2026-10-08T07:14:50.234037+00:00
ISIN:KYG520771075,JUTOF,Jutal Offshore Oil Service Ltd.,USA,USD,PNK,OTC Markets OTCPK,KYG520771075,JUTAL OFFSHORE OIL SERVICE LTD,NON_RESOLU,,HORS_UNIVERS_IDENTITE_INSUFFISANTE,2026-10-08T07:14:50.234037+00:00
LISTING:JUTOY@PNK,JUTOY,Jutal Offshore Oil Service Ltd.,USA,USD,PNK,OTC Markets OTCPK,-,JUTAL OFFSHORE OIL SERVICE LTD,NON_RESOLU,,HORS_UNIVERS_IDENTITE_INSUFFISANTE,2026-10-08T07:14:50.234037+00:00
ISIN:NET000KLEON1,ALKLN.PA,KALEON,France,EUR,PAR,Paris,NET000KLEON1,KALEON,CERTAIN,ISIN_COMMUN,RESOLU_CERTAIN,2026-10-08T07:14:50.234037+00:00
ISIN:NET000KLEON1,KLN.MI,KALEON,Italie,EUR,MIL,Milan,NET000KLEON1,KALEON,CERTAIN,ISIN_COMMUN,RESOLU_CERTAIN,2026-10-08T07:14:50.234037+00:00
LISTING:KLD.V@VAN,KLD.V,KENORLAND MINERALS LTD,Canada,CAD,VAN,TSXV,-,KENORLAND MINERALS LTD,RELATION_CA_OTC_RESOLUE,NOM_NORMALISE+UNIQUE_CANADA+OTC,RESOLU_PRINCIPALE_CANADA,2026-10-08T07:14:50.234037+00:00
LISTING:KLDCF@OQX,KLDCF,Kenorland Minerals Ltd.,USA,USD,OQX,OTC Markets OTCQX,-,KENORLAND MINERALS LTD,RELATION_CA_OTC_RESOLUE,NOM_NORMALISE+UNIQUE_CANADA+OTC,RESOLU_SECONDAIRE_OTC,2026-10-08T07:14:50.234037+00:00
LISTING:KWG.DE@GER,KWG.DE,KHD Humboldt Wedag Intl AG    I,Allemagne,EUR,GER,XETRA,-,KHD HUMBOLDT WEDAG INTL AG I,PROBABLE,NOM_NORMALISE+RACINE_TICKER+PLACES_DISTINCTES,HORS_UNIVERS_IDENTITE_INSUFFISANTE,2026-10-08T07:14:50.234037+00:00
LISTING:KWG.F@FRA,KWG.F,KHD Humboldt Wedag Intl AG    I,Allemagne,EUR,FRA,Frankfurt,-,KHD HUMBOLDT WEDAG INTL AG I,PROBABLE,NOM_NORMALISE+RACINE_TICKER+PLACES_DISTINCTES,HORS_UNIVERS_IDENTITE_INSUFFISANTE,2026-10-08T07:14:50.234037+00:00
LISTING:KCP.V@VAN,KCP.V,KING COPPER DISCOVERY CORP,Canada,CAD,VAN,TSXV,-,KING COPPER DISCOVERY CORP,RELATION_CA_OTC_RESOLUE,NOM_NORMALISE+UNIQUE_CANADA+OTC,RESOLU_PRINCIPALE_CANADA,2026-10-08T07:14:50.234037+00:00
LISTING:TBXXF@OQB,TBXXF,King Copper Discovery Corp.,USA,USD,OQB,OTC Markets OTCQB,-,KING COPPER DISCOVERY CORP,RELATION_CA_OTC_RESOLUE,NOM_NORMALISE+UNIQUE_CANADA+OTC,RESOLU_SECONDAIRE_OTC,2026-10-08T07:14:50.234037+00:00
LISTING:KFR.V@VAN,KFR.V,KINGFISHER METALS CORP,Canada,CAD,VAN,TSXV,-,KINGFISHER METALS CORP,RELATION_CA_OTC_RESOLUE,NOM_NORMALISE+UNIQUE_CANADA+OTC,RESOLU_PRINCIPALE_CANADA,2026-10-08T07:14:50.234037+00:00
ISIN:CA49571M5037,KGFMF,Kingfisher Metals Corp.,USA,USD,OQX,OTC Markets OTCQX,CA49571M5037,KINGFISHER METALS CORP,RELATION_CA_OTC_RESOLUE,NOM_NORMALISE+UNIQUE_CANADA+OTC,RESOLU_SECONDAIRE_OTC,2026-10-08T07:14:50.234037+00:00
LISTING:KTA.DE@GER,KTA.DE,Knaus Tabbert AG              I,Allemagne,EUR,GER,XETRA,-,KNAUS TABBERT AG I,PROBABLE,NOM_NORMALISE+RACINE_TICKER+PLACES_DISTINCTES,HORS_UNIVERS_IDENTITE_INSUFFISANTE,2026-10-08T07:14:50.234037+00:00
LISTING:KTA.F@FRA,KTA.F,Knaus Tabbert AG              I,Allemagne,EUR,FRA,Frankfurt,-,KNAUS TABBERT AG I,PROBABLE,NOM_NORMALISE+RACINE_TICKER+PLACES_DISTINCTES,HORS_UNIVERS_IDENTITE_INSUFFISANTE,2026-10-08T07:14:50.234037+00:00
LISTING:SKB.DE@GER,SKB.DE,Koenig & Bauer AG             I,Allemagne,EUR,GER,XETRA,-,KOENIG BAUER AG I,PROBABLE,NOM_NORMALISE+RACINE_TICKER+PLACES_DISTINCTES,HORS_UNIVERS_IDENTITE_INSUFFISANTE,2026-10-08T07:14:50.234037+00:00
LISTING:SKB.F@FRA,SKB.F,Koenig & Bauer AG             I,Allemagne,EUR,FRA,Frankfurt,-,KOENIG BAUER AG I,PROBABLE,NOM_NORMALISE+RACINE_TICKER+PLACES_DISTINCTES,HORS_UNIVERS_IDENTITE_INSUFFISANTE,2026-10-08T07:14:50.234037+00:00
LISTING:KEI.TO@TOR,KEI.TO,KOLIBRI GLOBAL ENERGY INC,Canada,CAD,TOR,Toronto,-,KOLIBRI GLOBAL ENERGY INC,NON_RESOLU,,HORS_UNIVERS_IDENTITE_INSUFFISANTE,2026-10-08T07:14:50.234037+00:00
ISIN:CA50043K4063,KGEI,Kolibri Global Energy Inc.,USA,USD,NCM,NasdaqCM,CA50043K4063,KOLIBRI GLOBAL ENERGY INC,NON_RESOLU,,HORS_UNIVERS_IDENTITE_INSUFFISANTE,2026-10-08T07:14:50.234037+00:00
ISIN:CA5005838365,KOOYF,"Kootenay Silver, Inc.",USA,USD,OQX,OTC Markets OTCQX,CA5005838365,KOOTENAY SILVER INC,RELATION_CA_OTC_RESOLUE,NOM_NORMALISE+UNIQUE_CANADA+OTC,RESOLU_SECONDAIRE_OTC,2026-10-08T07:14:50.234037+00:00
LISTING:KTN.V@VAN,KTN.V,KOOTENAY SILVER INC,Canada,CAD,VAN,TSXV,-,KOOTENAY SILVER INC,RELATION_CA_OTC_RESOLUE,NOM_NORMALISE+UNIQUE_CANADA+OTC,RESOLU_PRINCIPALE_CANADA,2026-10-08T07:14:50.234037+00:00
LISTING:KP1.F@FRA,KP1.F,Kore Potash PLC               R,Allemagne,EUR,FRA,Frankfurt,-,KORE POTASH PLC R,NON_RESOLU,,HORS_UNIVERS_IDENTITE_INSUFFISANTE,2026-10-08T07:14:50.234037+00:00
LISTING:KP10.F@FRA,KP10.F,Kore Potash PLC               R,Allemagne,EUR,FRA,Frankfurt,-,KORE POTASH PLC R,NON_RESOLU,,HORS_UNIVERS_IDENTITE_INSUFFISANTE,2026-10-08T07:14:50.234037+00:00
LISTING:KRY.V@VAN,KRY.V,KORYX COPPER S A,Canada,CAD,VAN,TSXV,-,KORYX COPPER S A,RELATION_CA_OTC_RESOLUE,NOM_NORMALISE+UNIQUE_CANADA+OTC,RESOLU_PRINCIPALE_CANADA,2026-10-08T07:14:50.234037+00:00
ISIN:LU3306723589,KRYXF,Koryx Copper S.A.,USA,USD,OQX,OTC Markets OTCQX,LU3306723589,KORYX COPPER S A,RELATION_CA_OTC_RESOLUE,NOM_NORMALISE+UNIQUE_CANADA+OTC,RESOLU_SECONDAIRE_OTC,2026-10-08T07:14:50.234037+00:00
LISTING:VVV3.DE@GER,VVV3.DE,KOWORLD AG                   Na,Allemagne,EUR,GER,XETRA,-,KOWORLD AG NA,PROBABLE,NOM_NORMALISE+RACINE_TICKER+PLACES_DISTINCTES,HORS_UNIVERS_IDENTITE_INSUFFISANTE,2026-10-08T07:14:50.234037+00:00
LISTING:VVV3.F@FRA,VVV3.F,KOWORLD AG                   Na,Allemagne,EUR,FRA,Frankfurt,-,KOWORLD AG NA,PROBABLE,NOM_NORMALISE+RACINE_TICKER+PLACES_DISTINCTES,HORS_UNIVERS_IDENTITE_INSUFFISANTE,2026-10-08T07:14:50.234037+00:00
LISTING:KPT.TO@TOR,KPT.TO,KP TISSUE INC,Canada,CAD,TOR,Toronto,-,KP TISSUE INC,RELATION_CA_OTC_RESOLUE,NOM_NORMALISE+UNIQUE_CANADA+OTC,RESOLU_PRINCIPALE_CANADA,2026-10-08T07:14:50.234037+00:00
ISIN:CA48265Y1043,KPTSF,KP Tissue Inc,USA,USD,PNK,OTC Markets OTCPK,CA48265Y1043,KP TISSUE INC,RELATION_CA_OTC_RESOLUE,NOM_NORMALISE+UNIQUE_CANADA+OTC,RESOLU_SECONDAIRE_OTC,2026-10-08T07:14:50.234037+00:00
ISIN:PLCTHQM00018,4KM.SG,Kromek Group PLC,Allemagne,EUR,STU,Stuttgart,PLCTHQM00018,KROMEK GROUP PLC,DISTINCT,ISIN_DIFFERENTS,RESOLU_DISTINCT,2026-10-08T07:14:50.234037+00:00
ISIN:GB00BD7V5D43,KRMKF,KROMEK GROUP PLC,USA,USD,PNK,OTC Markets OTCPK,GB00BD7V5D43,KROMEK GROUP PLC,DISTINCT,ISIN_DIFFERENTS,RESOLU_DISTINCT,2026-10-08T07:14:50.234037+00:00
LISTING:KDCXF@PNK,KDCXF,KUDELSKI SA,USA,USD,PNK,OTC Markets OTCPK,-,KUDELSKI SA,NON_RESOLU,,HORS_UNIVERS_IDENTITE_INSUFFISANTE,2026-10-08T07:14:50.234037+00:00
LISTING:KUDZ.XC@CXE,KUDZ.XC,Kudelski SA,Royaume-Uni,GBP,CXE,Cboe UK,-,KUDELSKI SA,NON_RESOLU,,HORS_UNIVERS_IDENTITE_INSUFFISANTE,2026-10-08T07:14:50.234037+00:00
LISTING:LG.V@VAN,LG.V,LAHONTAN GOLD CORP,Canada,CAD,VAN,TSXV,-,LAHONTAN GOLD CORP,RELATION_CA_OTC_RESOLUE,NOM_NORMALISE+UNIQUE_CANADA+OTC,RESOLU_PRINCIPALE_CANADA,2026-10-08T07:14:50.234037+00:00
ISIN:CA50732M1014,LGCXF,Lahontan Gold Corp.,USA,USD,OQB,OTC Markets OTCQB,CA50732M1014,LAHONTAN GOLD CORP,RELATION_CA_OTC_RESOLUE,NOM_NORMALISE+UNIQUE_CANADA+OTC,RESOLU_SECONDAIRE_OTC,2026-10-08T07:14:50.234037+00:00
LISTING:LQAG.DE@GER,LQAG.DE,LAIQON AG                     I,Allemagne,EUR,GER,XETRA,-,LAIQON AG I,PROBABLE,NOM_NORMALISE+RACINE_TICKER+PLACES_DISTINCTES,HORS_UNIVERS_IDENTITE_INSUFFISANTE,2026-10-08T07:14:50.234037+00:00
LISTING:LQAG.F@FRA,LQAG.F,LAIQON AG                     I,Allemagne,EUR,FRA,Frankfurt,-,LAIQON AG I,PROBABLE,NOM_NORMALISE+RACINE_TICKER+PLACES_DISTINCTES,HORS_UNIVERS_IDENTITE_INSUFFISANTE,2026-10-08T07:14:50.234037+00:00
LISTING:LUS1.DE@GER,LUS1.DE,Lang & Schwarz AG             N,Allemagne,EUR,GER,XETRA,-,LANG SCHWARZ AG N,PROBABLE,NOM_NORMALISE+RACINE_TICKER+PLACES_DISTINCTES,HORS_UNIVERS_IDENTITE_INSUFFISANTE,2026-10-08T07:14:50.234037+00:00
LISTING:LUS1.F@FRA,LUS1.F,Lang & Schwarz AG             N,Allemagne,EUR,FRA,Frankfurt,-,LANG SCHWARZ AG N,PROBABLE,NOM_NORMALISE+RACINE_TICKER+PLACES_DISTINCTES,HORS_UNIVERS_IDENTITE_INSUFFISANTE,2026-10-08T07:14:50.234037+00:00
LISTING:LRA.V@VAN,LRA.V,LARA EXPLORATION LTD,Canada,CAD,VAN,TSXV,-,LARA EXPLORATION LTD,RELATION_CA_OTC_RESOLUE,NOM_NORMALISE+UNIQUE_CANADA+OTC,RESOLU_PRINCIPALE_CANADA,2026-10-08T07:14:50.234037+00:00
ISIN:CA5166831092,LRAXF,Lara Exploration Ltd.,USA,USD,PNK,OTC Markets OTCPK,CA5166831092,LARA EXPLORATION LTD,RELATION_CA_OTC_RESOLUE,NOM_NORMALISE+UNIQUE_CANADA+OTC,RESOLU_SECONDAIRE_OTC,2026-10-08T07:14:50.234037+00:00
LISTING:LAM.TO@TOR,LAM.TO,LARAMIDE RESOURCES LTD.,Canada,CAD,TOR,Toronto,-,LARAMIDE RESOURCES LTD,RELATION_CA_OTC_RESOLUE,NOM_NORMALISE+UNIQUE_CANADA+OTC,RESOLU_PRINCIPALE_CANADA,2026-10-08T07:14:50.234037+00:00
ISIN:CA51669T1012,LMRXF,Laramide Resources Ltd.,USA,USD,OQX,OTC Markets OTCQX,CA51669T1012,LARAMIDE RESOURCES LTD,RELATION_CA_OTC_RESOLUE,NOM_NORMALISE+UNIQUE_CANADA+OTC,RESOLU_SECONDAIRE_OTC,2026-10-08T07:14:50.234037+00:00
LISTING:L4R.F@FRA,L4R.F,Laramide Resources Ltd.       R,Allemagne,EUR,FRA,Frankfurt,-,LARAMIDE RESOURCES LTD R,NON_RESOLU,,HORS_UNIVERS_IDENTITE_INSUFFISANTE,2026-10-08T07:14:50.234037+00:00
LISTING:L4RA.F@FRA,L4RA.F,Laramide Resources Ltd.       R,Allemagne,EUR,FRA,Frankfurt,-,LARAMIDE RESOURCES LTD R,NON_RESOLU,,HORS_UNIVERS_IDENTITE_INSUFFISANTE,2026-10-08T07:14:50.234037+00:00
LISTING:LMN.SW@EBS,LMN.SW,LASTMINUTE.COM N.V.,Suisse,CHF,EBS,Swiss,-,LASTMINUTE COM N V,NON_RESOLU,,HORS_UNIVERS_IDENTITE_INSUFFISANTE,2026-10-08T07:14:50.234037+00:00
ISIN:NL0010733960,LSMNF,LASTMINUTE.COM N.V.,USA,USD,PNK,OTC Markets OTCPK,NL0010733960,LASTMINUTE COM N V,NON_RESOLU,,HORS_UNIVERS_IDENTITE_INSUFFISANTE,2026-10-08T07:14:50.234037+00:00
LISTING:LGC.V@VAN,LGC.V,LAVRAS GOLD CORP,Canada,CAD,VAN,TSXV,-,LAVRAS GOLD CORP,RELATION_CA_OTC_RESOLUE,NOM_NORMALISE+UNIQUE_CANADA+OTC,RESOLU_PRINCIPALE_CANADA,2026-10-08T07:14:50.234037+00:00
ISIN:CA51949L2093,LGCFF,Lavras Gold Corp.,USA,USD,OQX,OTC Markets OTCQX,CA51949L2093,LAVRAS GOLD CORP,RELATION_CA_OTC_RESOLUE,NOM_NORMALISE+UNIQUE_CANADA+OTC,RESOLU_SECONDAIRE_OTC,2026-10-08T07:14:50.234037+00:00
LISTING:LEI.DE@GER,LEI.DE,LEIFHEIT AG                   I,Allemagne,EUR,GER,XETRA,-,LEIFHEIT AG I,PROBABLE,NOM_NORMALISE+RACINE_TICKER+PLACES_DISTINCTES,HORS_UNIVERS_IDENTITE_INSUFFISANTE,2026-10-08T07:14:50.234037+00:00
LISTING:LEI.F@FRA,LEI.F,LEIFHEIT AG                   I,Allemagne,EUR,FRA,Frankfurt,-,LEIFHEIT AG I,PROBABLE,NOM_NORMALISE+RACINE_TICKER+PLACES_DISTINCTES,HORS_UNIVERS_IDENTITE_INSUFFISANTE,2026-10-08T07:14:50.234037+00:00
LISTING:LIFFF@OQX,LIFFF,Li-Ft Power Ltd.,USA,USD,OQX,OTC Markets OTCQX,-,LI FT POWER LTD,RELATION_CA_OTC_RESOLUE,NOM_NORMALISE+UNIQUE_CANADA+OTC,RESOLU_SECONDAIRE_OTC,2026-10-08T07:14:50.234037+00:00
LISTING:LIFT.V@VAN,LIFT.V,LI FT POWER LTD,Canada,CAD,VAN,TSXV,-,LI FT POWER LTD,RELATION_CA_OTC_RESOLUE,NOM_NORMALISE+UNIQUE_CANADA+OTC,RESOLU_PRINCIPALE_CANADA,2026-10-08T07:14:50.234037+00:00
LISTING:WS0.F@FRA,WS0.F,Li-FT Power Ltd.              R,Allemagne,EUR,FRA,Frankfurt,-,LI FT POWER LTD R,NON_RESOLU,,HORS_UNIVERS_IDENTITE_INSUFFISANTE,2026-10-08T07:14:50.234037+00:00
LISTING:WS00.F@FRA,WS00.F,Li-FT Power Ltd.              R,Allemagne,EUR,FRA,Frankfurt,-,LI FT POWER LTD R,NON_RESOLU,,HORS_UNIVERS_IDENTITE_INSUFFISANTE,2026-10-08T07:14:50.234037+00:00
LISTING:LIB.V@VAN,LIB.V,LIBERTYSTREAM INFRASTRUCTURE PA,Canada,CAD,VAN,TSXV,-,LIBERTYSTREAM INFRASTRUCTURE PA,RELATION_CA_OTC_RESOLUE,NOM_NORMALISE+UNIQUE_CANADA+OTC,RESOLU_PRINCIPALE_CANADA,2026-10-08T07:14:50.234037+00:00
LISTING:VLTLF@OQB,VLTLF,LibertyStream Infrastructure Pa,USA,USD,OQB,OTC Markets OTCQB,-,LIBERTYSTREAM INFRASTRUCTURE PA,RELATION_CA_OTC_RESOLUE,NOM_NORMALISE+UNIQUE_CANADA+OTC,RESOLU_SECONDAIRE_OTC,2026-10-08T07:14:50.234037+00:00
LISTING:LIK.DE@GER,LIK.DE,Limes Schlosskliniken AG      I,Allemagne,EUR,GER,XETRA,-,LIMES SCHLOSSKLINIKEN AG I,PROBABLE,NOM_NORMALISE+RACINE_TICKER+PLACES_DISTINCTES,HORS_UNIVERS_IDENTITE_INSUFFISANTE,2026-10-08T07:14:50.234037+00:00
LISTING:LIK.DU@DUS,LIK.DU,Limes Schlosskliniken AG      I,Allemagne,EUR,DUS,Dusseldorf,-,LIMES SCHLOSSKLINIKEN AG I,PROBABLE,NOM_NORMALISE+RACINE_TICKER+PLACES_DISTINCTES,HORS_UNIVERS_IDENTITE_INSUFFISANTE,2026-10-08T07:14:50.234037+00:00
LISTING:LIK.F@FRA,LIK.F,Limes Schlosskliniken AG      I,Allemagne,EUR,FRA,Frankfurt,-,LIMES SCHLOSSKLINIKEN AG I,PROBABLE,NOM_NORMALISE+RACINE_TICKER+PLACES_DISTINCTES,HORS_UNIVERS_IDENTITE_INSUFFISANTE,2026-10-08T07:14:50.234037+00:00
LISTING:LTI.L@LSE,LTI.L,LINDSELL TRAIN INVESTMENT TRUST,Royaume-Uni,GBP,LSE,LSE,-,LINDSELL TRAIN INVESTMENT TRUST,NON_RESOLU,,HORS_UNIVERS_IDENTITE_INSUFFISANTE,2026-10-08T07:14:50.234037+00:00
LISTING:LTIL.XC@CXE,LTIL.XC,Lindsell Train Investment Trust,Royaume-Uni,GBP,CXE,Cboe UK,-,LINDSELL TRAIN INVESTMENT TRUST,NON_RESOLU,,HORS_UNIVERS_IDENTITE_INSUFFISANTE,2026-10-08T07:14:50.234037+00:00
LISTING:LTH.V@VAN,LTH.V,LITHIUM IONIC CORP,Canada,CAD,VAN,TSXV,-,LITHIUM IONIC CORP,RELATION_CA_OTC_RESOLUE,NOM_NORMALISE+UNIQUE_CANADA+OTC,RESOLU_PRINCIPALE_CANADA,2026-10-08T07:14:50.234037+00:00
LISTING:LTHCF@OQB,LTHCF,Lithium Ionic Corp.,USA,USD,OQB,OTC Markets OTCQB,-,LITHIUM IONIC CORP,RELATION_CA_OTC_RESOLUE,NOM_NORMALISE+UNIQUE_CANADA+OTC,RESOLU_SECONDAIRE_OTC,2026-10-08T07:14:50.234037+00:00
LISTING:H3N.F@FRA,H3N.F,Lithium Ionic Corp.           R,Allemagne,EUR,FRA,Frankfurt,-,LITHIUM IONIC CORP R,PROBABLE,NOM_NORMALISE+RACINE_TICKER+PLACES_DISTINCTES,HORS_UNIVERS_IDENTITE_INSUFFISANTE,2026-10-08T07:14:50.234037+00:00
LISTING:H3N.MU@MUN,H3N.MU,Lithium Ionic Corp.           R,Allemagne,EUR,MUN,Munich,-,LITHIUM IONIC CORP R,PROBABLE,NOM_NORMALISE+RACINE_TICKER+PLACES_DISTINCTES,HORS_UNIVERS_IDENTITE_INSUFFISANTE,2026-10-08T07:14:50.234037+00:00
LISTING:507.F@FRA,507.F,Lotus Creek Exploration Inc.  R,Allemagne,EUR,FRA,Frankfurt,-,LOTUS CREEK EXPLORATION INC R,PROBABLE,NOM_NORMALISE+RACINE_TICKER+PLACES_DISTINCTES,HORS_UNIVERS_IDENTITE_INSUFFISANTE,2026-10-08T07:14:50.234037+00:00
LISTING:507.MU@MUN,507.MU,Lotus Creek Exploration Inc.  R,Allemagne,EUR,MUN,Munich,-,LOTUS CREEK EXPLORATION INC R,PROBABLE,NOM_NORMALISE+RACINE_TICKER+PLACES_DISTINCTES,HORS_UNIVERS_IDENTITE_INSUFFISANTE,2026-10-08T07:14:50.234037+00:00
LISTING:LUCA.V@VAN,LUCA.V,LUCA MINING CORP,Canada,CAD,VAN,TSXV,-,LUCA MINING CORP,RELATION_CA_OTC_RESOLUE,NOM_NORMALISE+UNIQUE_CANADA+OTC,RESOLU_PRINCIPALE_CANADA,2026-10-08T07:14:50.234037+00:00
LISTING:LUCMF@OQX,LUCMF,LUCA MINING CORP.,USA,USD,OQX,OTC Markets OTCQX,-,LUCA MINING CORP,RELATION_CA_OTC_RESOLUE,NOM_NORMALISE+UNIQUE_CANADA+OTC,RESOLU_SECONDAIRE_OTC,2026-10-08T07:14:50.234037+00:00
LISTING:LUC.ST@STO,LUC.ST,Lucara Diamond Corp,Suède,SEK,STO,Stockholm,-,LUCARA DIAMOND CORP,PROBABLE,NOM_NORMALISE+RACINE_TICKER+PLACES_DISTINCTES,HORS_UNIVERS_IDENTITE_INSUFFISANTE,2026-10-08T07:14:50.234037+00:00
LISTING:LUC.TO@TOR,LUC.TO,LUCARA DIAMOND CORP,Canada,CAD,TOR,Toronto,-,LUCARA DIAMOND CORP,RELATION_CA_OTC_RESOLUE,NOM_NORMALISE+UNIQUE_CANADA+OTC,RESOLU_PRINCIPALE_CANADA,2026-10-08T07:14:50.234037+00:00
ISIN:CA54928Q1081,LUCRF,Lucara Diamond Corp.,USA,USD,PNK,OTC Markets OTCPK,CA54928Q1081,LUCARA DIAMOND CORP,RELATION_CA_OTC_RESOLUE,NOM_NORMALISE+UNIQUE_CANADA+OTC,RESOLU_SECONDAIRE_OTC,2026-10-08T07:14:50.234037+00:00
ISIN:CA5609121077,MJGCF,Majestic Gold Corp.,USA,USD,PNK,OTC Markets OTCPK,CA5609121077,MAJESTIC GOLD CORP,RELATION_CA_OTC_RESOLUE,NOM_NORMALISE+UNIQUE_CANADA+OTC,RESOLU_SECONDAIRE_OTC,2026-10-08T07:14:50.234037+00:00
LISTING:MJS.V@VAN,MJS.V,MAJESTIC GOLD CORP.,Canada,CAD,VAN,TSXV,-,MAJESTIC GOLD CORP,RELATION_CA_OTC_RESOLUE,NOM_NORMALISE+UNIQUE_CANADA+OTC,RESOLU_PRINCIPALE_CANADA,2026-10-08T07:14:50.234037+00:00
LISTING:ALMKS.PA@PAR,ALMKS.PA,MAKING SCIENCE GROUP S.A.,France,EUR,PAR,Paris,-,MAKING SCIENCE GROUP S A,NON_RESOLU,,HORS_UNIVERS_IDENTITE_INSUFFISANTE,2026-10-08T07:14:50.234037+00:00
LISTING:MAKS.MC@MCE,MAKS.MC,"MAKING SCIENCE GROUP, S.A.",Espagne,EUR,MCE,MCE,-,MAKING SCIENCE GROUP S A,NON_RESOLU,,HORS_UNIVERS_IDENTITE_INSUFFISANTE,2026-10-08T07:14:50.234037+00:00
LISTING:MGM.V@VAN,MGM.V,MAPLE GOLD MINES LTD,Canada,CAD,VAN,TSXV,-,MAPLE GOLD MINES LTD,RELATION_CA_OTC_RESOLUE,NOM_NORMALISE+UNIQUE_CANADA+OTC,RESOLU_PRINCIPALE_CANADA,2026-10-08T07:14:50.234037+00:00
ISIN:CA5651276027,MGMLF,Maple Gold Mines Ltd.,USA,USD,OQX,OTC Markets OTCQX,CA5651276027,MAPLE GOLD MINES LTD,RELATION_CA_OTC_RESOLUE,NOM_NORMALISE+UNIQUE_CANADA+OTC,RESOLU_SECONDAIRE_OTC,2026-10-08T07:14:50.234037+00:00
LISTING:MAXQ.NE@NEO,MAXQ.NE,MARITIME LAUNCH SERVICES INC.,Canada,CAD,NEO,Cboe CA,-,MARITIME LAUNCH SERVICES INC,RELATION_CA_OTC_RESOLUE,NOM_NORMALISE+UNIQUE_CANADA+OTC,RESOLU_PRINCIPALE_CANADA,2026-10-08T07:14:50.234037+00:00
ISIN:CA57033N1006,MAXQF,Maritime Launch Services Inc.,USA,USD,OQB,OTC Markets OTCQB,CA57033N1006,MARITIME LAUNCH SERVICES INC,RELATION_CA_OTC_RESOLUE,NOM_NORMALISE+UNIQUE_CANADA+OTC,RESOLU_SECONDAIRE_OTC,2026-10-08T07:14:50.234037+00:00
LISTING:MZX.DE@GER,MZX.DE,Masterflex SE                 I,Allemagne,EUR,GER,XETRA,-,MASTERFLEX SE I,PROBABLE,NOM_NORMALISE+RACINE_TICKER+PLACES_DISTINCTES,HORS_UNIVERS_IDENTITE_INSUFFISANTE,2026-10-08T07:14:50.234037+00:00
LISTING:MZX.F@FRA,MZX.F,Masterflex SE                 I,Allemagne,EUR,FRA,Frankfurt,-,MASTERFLEX SE I,PROBABLE,NOM_NORMALISE+RACINE_TICKER+PLACES_DISTINCTES,HORS_UNIVERS_IDENTITE_INSUFFISANTE,2026-10-08T07:14:50.234037+00:00
LISTING:MXHN.DE@GER,MXHN.DE,MAX Automation SE             N,Allemagne,EUR,GER,XETRA,-,MAX AUTOMATION SE N,PROBABLE,NOM_NORMALISE+RACINE_TICKER+PLACES_DISTINCTES,HORS_UNIVERS_IDENTITE_INSUFFISANTE,2026-10-08T07:14:50.234037+00:00
LISTING:MXHN.F@FRA,MXHN.F,MAX Automation SE             N,Allemagne,EUR,FRA,Frankfurt,,MAX AUTOMATION SE N,PROBABLE,NOM_NORMALISE+RACINE_TICKER+PLACES_DISTINCTES,HORS_UNIVERS_IDENTITE_INSUFFISANTE,2026-10-08T07:14:50.234037+00:00
LISTING:MXG.TO@TOR,MXG.TO,MAXIM POWER CORP.,Canada,CAD,TOR,Toronto,-,MAXIM POWER CORP,RELATION_CA_OTC_RESOLUE,NOM_NORMALISE+UNIQUE_CANADA+OTC,RESOLU_PRINCIPALE_CANADA,2026-10-08T07:14:50.234037+00:00
ISIN:CA57773Y2096,MXGFF,Maxim Power Corp.,USA,USD,PNK,OTC Markets OTCPK,CA57773Y2096,MAXIM POWER CORP,RELATION_CA_OTC_RESOLUE,NOM_NORMALISE+UNIQUE_CANADA+OTC,RESOLU_SECONDAIRE_OTC,2026-10-08T07:14:50.234037+00:00
LISTING:MFG.V@VAN,MFG.V,MAYFAIR GOLD CORP,Canada,CAD,VAN,TSXV,-,MAYFAIR GOLD CORP,NON_RESOLU,,HORS_UNIVERS_IDENTITE_INSUFFISANTE,2026-10-08T07:14:50.234037+00:00
ISIN:CA57808L3056,MINE,Mayfair Gold Corp.,USA,USD,ASE,NYSE American,CA57808L3056,MAYFAIR GOLD CORP,NON_RESOLU,,HORS_UNIVERS_IDENTITE_INSUFFISANTE,2026-10-08T07:14:50.234037+00:00
LISTING:MLM.NE@NEO,MLM.NE,MCFARLANE LAKE MINING LIMITED,Canada,CAD,NEO,Cboe CA,-,MCFARLANE LAKE MINING LIMITED,RELATION_CA_OTC_RESOLUE,NOM_NORMALISE+UNIQUE_CANADA+OTC,RESOLU_PRINCIPALE_CANADA,2026-10-08T07:14:50.234037+00:00
ISIN:CA58046P1080,MLMLF,McFarlane Lake Mining Limited,USA,USD,OQB,OTC Markets OTCQB,CA58046P1080,MCFARLANE LAKE MINING LIMITED,RELATION_CA_OTC_RESOLUE,NOM_NORMALISE+UNIQUE_CANADA+OTC,RESOLU_SECONDAIRE_OTC,2026-10-08T07:14:50.234037+00:00
LISTING:OLU.F@FRA,OLU.F,MCOT PCL                      R,Allemagne,EUR,FRA,Frankfurt,-,MCOT PCL R,NON_RESOLU,,HORS_UNIVERS_IDENTITE_INSUFFISANTE,2026-10-08T07:14:50.234037+00:00
LISTING:OLU1.F@FRA,OLU1.F,MCOT PCL                      R,Allemagne,EUR,FRA,Frankfurt,-,MCOT PCL R,NON_RESOLU,,HORS_UNIVERS_IDENTITE_INSUFFISANTE,2026-10-08T07:14:50.234037+00:00
ISIN:US5827572091,MCRAA,"McRae Industries, Inc.",USA,USD,OID,OTC Markets OTCID,US5827572091,MCRAE INDUSTRIES INC,NON_RESOLU,,HORS_UNIVERS_IDENTITE_INSUFFISANTE,2026-10-08T07:14:50.234037+00:00
LISTING:MCRAB@OID,MCRAB,MCRAE INDUSTRIES INC,USA,USD,OID,OTC Markets OTCID,-,MCRAE INDUSTRIES INC,NON_RESOLU,,HORS_UNIVERS_IDENTITE_INSUFFISANTE,2026-10-08T07:14:50.234037+00:00
LISTING:MDP.TO@TOR,MDP.TO,MEDEXUS PHARMACEUTICALS INC,Canada,CAD,TOR,Toronto,-,MEDEXUS PHARMACEUTICALS INC,RELATION_CA_OTC_RESOLUE,NOM_NORMALISE+UNIQUE_CANADA+OTC,RESOLU_PRINCIPALE_CANADA,2026-10-08T07:14:50.234037+00:00
LISTING:MEDXF@OQX,MEDXF,Medexus Pharmaceuticals Inc,USA,USD,OQX,OTC Markets OTCQX,-,MEDEXUS PHARMACEUTICALS INC,RELATION_CA_OTC_RESOLUE,NOM_NORMALISE+UNIQUE_CANADA+OTC,RESOLU_SECONDAIRE_OTC,2026-10-08T07:14:50.234037+00:00
LISTING:DR.TO@TOR,DR.TO,MEDICAL FACILITIES CORP,Canada,CAD,TOR,Toronto,-,MEDICAL FACILITIES CORP,RELATION_CA_OTC_RESOLUE,NOM_NORMALISE+UNIQUE_CANADA+OTC,RESOLU_PRINCIPALE_CANADA,2026-10-08T07:14:50.234037+00:00
ISIN:CA58457V5036,MFCSF,Medical Facilities Corp.,USA,USD,PNK,OTC Markets OTCPK,CA58457V5036,MEDICAL FACILITIES CORP,RELATION_CA_OTC_RESOLUE,NOM_NORMALISE+UNIQUE_CANADA+OTC,RESOLU_SECONDAIRE_OTC,2026-10-08T07:14:50.234037+00:00
LISTING:MED.DE@GER,MED.DE,MEDICLIN AG                   I,Allemagne,EUR,GER,XETRA,-,MEDICLIN AG I,PROBABLE,NOM_NORMALISE+RACINE_TICKER+PLACES_DISTINCTES,HORS_UNIVERS_IDENTITE_INSUFFISANTE,2026-10-08T07:14:50.234037+00:00
LISTING:MED.F@FRA,MED.F,MEDICLIN AG                   I,Allemagne,EUR,FRA,Frankfurt,-,MEDICLIN AG I,PROBABLE,NOM_NORMALISE+RACINE_TICKER+PLACES_DISTINCTES,HORS_UNIVERS_IDENTITE_INSUFFISANTE,2026-10-08T07:14:50.234037+00:00
LISTING:ILM1.DE@GER,ILM1.DE,Medios AG                     I,Allemagne,EUR,GER,XETRA,-,MEDIOS AG I,PROBABLE,NOM_NORMALISE+RACINE_TICKER+PLACES_DISTINCTES,HORS_UNIVERS_IDENTITE_INSUFFISANTE,2026-10-08T07:14:50.234037+00:00
LISTING:ILM1.F@FRA,ILM1.F,Medios AG                     I,Allemagne,EUR,FRA,Frankfurt,-,MEDIOS AG I,PROBABLE,NOM_NORMALISE+RACINE_TICKER+PLACES_DISTINCTES,HORS_UNIVERS_IDENTITE_INSUFFISANTE,2026-10-08T07:14:50.234037+00:00
LISTING:MGA.TO@TOR,MGA.TO,MEGA URANIUM LTD.,Canada,CAD,TOR,Toronto,-,MEGA URANIUM LTD,RELATION_CA_OTC_RESOLUE,NOM_NORMALISE+UNIQUE_CANADA+OTC,RESOLU_PRINCIPALE_CANADA,2026-10-08T07:14:50.234037+00:00
ISIN:CA58516W1041,MGAFF,Mega Uranium Ltd.,USA,USD,PNK,OTC Markets OTCPK,CA58516W1041,MEGA URANIUM LTD,RELATION_CA_OTC_RESOLUE,NOM_NORMALISE+UNIQUE_CANADA+OTC,RESOLU_SECONDAIRE_OTC,2026-10-08T07:14:50.234037+00:00
LISTING:MBK.DE@GER,MBK.DE,MERKUR PRIVATBANK KGaA        I,Allemagne,EUR,GER,XETRA,-,MERKUR PRIVATBANK KGAA I,PROBABLE,NOM_NORMALISE+RACINE_TICKER+PLACES_DISTINCTES,HORS_UNIVERS_IDENTITE_INSUFFISANTE,2026-10-08T07:14:50.234037+00:00
LISTING:MBK.F@FRA,MBK.F,MERKUR PRIVATBANK KGaA        I,Allemagne,EUR,FRA,Frankfurt,-,MERKUR PRIVATBANK KGAA I,PROBABLE,NOM_NORMALISE+RACINE_TICKER+PLACES_DISTINCTES,HORS_UNIVERS_IDENTITE_INSUFFISANTE,2026-10-08T07:14:50.234037+00:00
LISTING:WOLF.DE@GER,WOLF.DE,Meta Wolf AG                  I,Allemagne,EUR,GER,XETRA,-,META WOLF AG I,PROBABLE,NOM_NORMALISE+RACINE_TICKER+PLACES_DISTINCTES,HORS_UNIVERS_IDENTITE_INSUFFISANTE,2026-10-08T07:14:50.234037+00:00
LISTING:WOLF.F@FRA,WOLF.F,Meta Wolf AG                  I,Allemagne,EUR,FRA,Frankfurt,-,META WOLF AG I,PROBABLE,NOM_NORMALISE+RACINE_TICKER+PLACES_DISTINCTES,HORS_UNIVERS_IDENTITE_INSUFFISANTE,2026-10-08T07:14:50.234037+00:00
LISTING:M1I.SG@STU,M1I.SG,MGP Ingredients Inc.,Allemagne,EUR,STU,Stuttgart,-,MGP INGREDIENTS INC,NON_RESOLU,,HORS_UNIVERS_IDENTITE_INSUFFISANTE,2026-10-08T07:14:50.234037+00:00
ISIN:US55303J1060,MGPI,"MGP Ingredients, Inc.",USA,USD,NMS,NasdaqGS,US55303J1060,MGP INGREDIENTS INC,NON_RESOLU,,HORS_UNIVERS_IDENTITE_INSUFFISANTE,2026-10-08T07:14:50.234037+00:00
LISTING:CDZ0.DE@GER,CDZ0.DE,MHP Hotel AG                  I,Allemagne,EUR,GER,XETRA,-,MHP HOTEL AG I,PROBABLE,NOM_NORMALISE+RACINE_TICKER+PLACES_DISTINCTES,HORS_UNIVERS_IDENTITE_INSUFFISANTE,2026-10-08T07:14:50.234037+00:00
LISTING:CDZ0.F@FRA,CDZ0.F,MHP Hotel AG                  I,Allemagne,EUR,FRA,Frankfurt,-,MHP HOTEL AG I,PROBABLE,NOM_NORMALISE+RACINE_TICKER+PLACES_DISTINCTES,HORS_UNIVERS_IDENTITE_INSUFFISANTE,2026-10-08T07:14:50.234037+00:00
LISTING:CDZ0.MU@MUN,CDZ0.MU,MHP Hotel AG                  I,Allemagne,EUR,MUN,Munich,-,MHP HOTEL AG I,PROBABLE,NOM_NORMALISE+RACINE_TICKER+PLACES_DISTINCTES,HORS_UNIVERS_IDENTITE_INSUFFISANTE,2026-10-08T07:14:50.234037+00:00
ISIN:CA5980151057,MDNGF,Midnight Sun Mining Corp,USA,USD,OQX,OTC Markets OTCQX,CA5980151057,MIDNIGHT SUN MINING CORP,RELATION_CA_OTC_RESOLUE,NOM_NORMALISE+UNIQUE_CANADA+OTC,RESOLU_SECONDAIRE_OTC,2026-10-08T07:14:50.234037+00:00
LISTING:MMA.V@VAN,MMA.V,MIDNIGHT SUN MINING CORP,Canada,CAD,VAN,TSXV,-,MIDNIGHT SUN MINING CORP,RELATION_CA_OTC_RESOLUE,NOM_NORMALISE+UNIQUE_CANADA+OTC,RESOLU_PRINCIPALE_CANADA,2026-10-08T07:14:50.234037+00:00
LISTING:MLP.V@VAN,MLP.V,MILLENNIAL POTASH CORP,Canada,CAD,VAN,TSXV,-,MILLENNIAL POTASH CORP,RELATION_CA_OTC_RESOLUE,NOM_NORMALISE+UNIQUE_CANADA+OTC,RESOLU_PRINCIPALE_CANADA,2026-10-08T07:14:50.234037+00:00
ISIN:CA60041F1018,MLPNF,MILLENNIAL POTASH CORP.,USA,USD,OQB,OTC Markets OTCQB,CA60041F1018,MILLENNIAL POTASH CORP,RELATION_CA_OTC_RESOLUE,NOM_NORMALISE+UNIQUE_CANADA+OTC,RESOLU_SECONDAIRE_OTC,2026-10-08T07:14:50.234037+00:00
LISTING:MGG.V@VAN,MGG.V,MINAURUM SILVER INC,Canada,CAD,VAN,TSXV,-,MINAURUM SILVER INC,RELATION_CA_OTC_RESOLUE,NOM_NORMALISE+UNIQUE_CANADA+OTC,RESOLU_PRINCIPALE_CANADA,2026-10-08T07:14:50.234037+00:00
ISIN:CA60253E1079,MMRGF,MINAURUM SILVER INC,USA,USD,OQX,OTC Markets OTCQX,CA60253E1079,MINAURUM SILVER INC,RELATION_CA_OTC_RESOLUE,NOM_NORMALISE+UNIQUE_CANADA+OTC,RESOLU_SECONDAIRE_OTC,2026-10-08T07:14:50.234037+00:00
ISIN:CH0256379097,MLLCF,Molecular Partners AG,USA,USD,PNK,OTC Markets OTCPK,CH0256379097,MOLECULAR PARTNERS AG,DISTINCT,ISIN_DIFFERENTS,RESOLU_DISTINCT,2026-10-08T07:14:50.234037+00:00
ISIN:US60853G1067,MOLN,Molecular Partners AG,USA,USD,NMS,NasdaqGS,US60853G1067,MOLECULAR PARTNERS AG,DISTINCT,ISIN_DIFFERENTS,RESOLU_DISTINCT,2026-10-08T07:14:50.234037+00:00
LISTING:MOLNZ.XC@CXE,MOLNZ.XC,Molecular Partners AG,Royaume-Uni,GBP,CXE,Cboe UK,-,MOLECULAR PARTNERS AG,NON_RESOLU,,HORS_UNIVERS_IDENTITE_INSUFFISANTE,2026-10-08T07:14:50.234037+00:00
LISTING:6ML.F@FRA,6ML.F,Molecular Partners AG         N,Allemagne,EUR,FRA,Frankfurt,-,MOLECULAR PARTNERS AG N,NON_RESOLU,,HORS_UNIVERS_IDENTITE_INSUFFISANTE,2026-10-08T07:14:50.234037+00:00
LISTING:6ML0.F@FRA,6ML0.F,Molecular Partners AG         N,Allemagne,EUR,FRA,Frankfurt,-,MOLECULAR PARTNERS AG N,NON_RESOLU,,HORS_UNIVERS_IDENTITE_INSUFFISANTE,2026-10-08T07:14:50.234037+00:00
LISTING:0F9.DU@DUS,0F9.DU,Momentus Inc.                 R,Allemagne,EUR,DUS,Dusseldorf,-,MOMENTUS INC R,PROBABLE,NOM_NORMALISE+RACINE_TICKER+PLACES_DISTINCTES,HORS_UNIVERS_IDENTITE_INSUFFISANTE,2026-10-08T07:14:50.234037+00:00
LISTING:0F9.F@FRA,0F9.F,Momentus Inc.                 R,Allemagne,EUR,FRA,Frankfurt,-,MOMENTUS INC R,PROBABLE,NOM_NORMALISE+RACINE_TICKER+PLACES_DISTINCTES,HORS_UNIVERS_IDENTITE_INSUFFISANTE,2026-10-08T07:14:50.234037+00:00
LISTING:5FS.DU@DUS,5FS.DU,MotorK Ltd.                   R,Allemagne,EUR,DUS,Dusseldorf,-,MOTORK LTD R,PROBABLE,NOM_NORMALISE+RACINE_TICKER+PLACES_DISTINCTES,HORS_UNIVERS_IDENTITE_INSUFFISANTE,2026-10-08T07:14:50.234037+00:00
LISTING:5FS.F@FRA,5FS.F,MotorK Ltd.                   R,Allemagne,EUR,FRA,Frankfurt,-,MOTORK LTD R,PROBABLE,NOM_NORMALISE+RACINE_TICKER+PLACES_DISTINCTES,HORS_UNIVERS_IDENTITE_INSUFFISANTE,2026-10-08T07:14:50.234037+00:00
LISTING:MPCG.DE@GER,MPCG.DE,MPC Oceanic Group AG          I,Allemagne,EUR,GER,XETRA,-,MPC OCEANIC GROUP AG I,PROBABLE,NOM_NORMALISE+RACINE_TICKER+PLACES_DISTINCTES,HORS_UNIVERS_IDENTITE_INSUFFISANTE,2026-10-08T07:14:50.234037+00:00
LISTING:MPCG.F@FRA,MPCG.F,MPC Oceanic Group AG          I,Allemagne,EUR,FRA,Frankfurt,-,MPC OCEANIC GROUP AG I,PROBABLE,NOM_NORMALISE+RACINE_TICKER+PLACES_DISTINCTES,HORS_UNIVERS_IDENTITE_INSUFFISANTE,2026-10-08T07:14:50.234037+00:00
LISTING:93M1.DE@GER,93M1.DE,MPH Health Care AG            I,Allemagne,EUR,GER,XETRA,-,MPH HEALTH CARE AG I,PROBABLE,NOM_NORMALISE+RACINE_TICKER+PLACES_DISTINCTES,HORS_UNIVERS_IDENTITE_INSUFFISANTE,2026-10-08T07:14:50.234037+00:00
LISTING:93M1.F@FRA,93M1.F,MPH Health Care AG            I,Allemagne,EUR,FRA,Frankfurt,-,MPH HEALTH CARE AG I,PROBABLE,NOM_NORMALISE+RACINE_TICKER+PLACES_DISTINCTES,HORS_UNIVERS_IDENTITE_INSUFFISANTE,2026-10-08T07:14:50.234037+00:00
LISTING:MULT.DE@GER,MULT.DE,Multitude AG                  N,Allemagne,EUR,GER,XETRA,-,MULTITUDE AG N,PROBABLE,NOM_NORMALISE+RACINE_TICKER+PLACES_DISTINCTES,HORS_UNIVERS_IDENTITE_INSUFFISANTE,2026-10-08T07:14:50.234037+00:00
LISTING:MULT.F@FRA,MULT.F,Multitude AG                  N,Allemagne,EUR,FRA,Frankfurt,-,MULTITUDE AG N,PROBABLE,NOM_NORMALISE+RACINE_TICKER+PLACES_DISTINCTES,HORS_UNIVERS_IDENTITE_INSUFFISANTE,2026-10-08T07:14:50.234037+00:00
LISTING:MWB0.DE@GER,MWB0.DE,mwb fairtrade Wphdlsbank AG   N,Allemagne,EUR,GER,XETRA,-,MWB FAIRTRADE WPHDLSBANK AG N,PROBABLE,NOM_NORMALISE+RACINE_TICKER+PLACES_DISTINCTES,HORS_UNIVERS_IDENTITE_INSUFFISANTE,2026-10-08T07:14:50.234037+00:00
LISTING:MWB0.F@FRA,MWB0.F,mwb fairtrade Wphdlsbank AG   N,Allemagne,EUR,FRA,Frankfurt,-,MWB FAIRTRADE WPHDLSBANK AG N,PROBABLE,NOM_NORMALISE+RACINE_TICKER+PLACES_DISTINCTES,HORS_UNIVERS_IDENTITE_INSUFFISANTE,2026-10-08T07:14:50.234037+00:00
LISTING:NTG.DE@GER,NTG.DE,Nabaltec AG                   I,Allemagne,EUR,GER,XETRA,-,NABALTEC AG I,PROBABLE,NOM_NORMALISE+RACINE_TICKER+PLACES_DISTINCTES,HORS_UNIVERS_IDENTITE_INSUFFISANTE,2026-10-08T07:14:50.234037+00:00
LISTING:NTG.F@FRA,NTG.F,Nabaltec AG                   I,Allemagne,EUR,FRA,Frankfurt,-,NABALTEC AG I,PROBABLE,NOM_NORMALISE+RACINE_TICKER+PLACES_DISTINCTES,HORS_UNIVERS_IDENTITE_INSUFFISANTE,2026-10-08T07:14:50.234037+00:00
LISTING:NANO.TO@TOR,NANO.TO,NANO ONE MATERIALS CORP,Canada,CAD,TOR,Toronto,-,NANO ONE MATERIALS CORP,RELATION_CA_OTC_RESOLUE,NOM_NORMALISE+UNIQUE_CANADA+OTC,RESOLU_PRINCIPALE_CANADA,2026-10-08T07:14:50.234037+00:00
ISIN:CA63010A1030,NNOMF,Nano One Materials Corp.,USA,USD,OQB,OTC Markets OTCQB,CA63010A1030,NANO ONE MATERIALS CORP,RELATION_CA_OTC_RESOLUE,NOM_NORMALISE+UNIQUE_CANADA+OTC,RESOLU_SECONDAIRE_OTC,2026-10-08T07:14:50.234037+00:00
LISTING:NANOFH.HE@HEL,NANOFH.HE,Nanoform Finland Oyj,Finlande,EUR,HEL,Helsinki,-,NANOFORM FINLAND OYJ,NON_RESOLU,,HORS_UNIVERS_IDENTITE_INSUFFISANTE,2026-10-08T07:14:50.234037+00:00
LISTING:NANOFS.ST@STO,NANOFS.ST,Nanoform Finland Oyj,Suède,SEK,STO,Stockholm,-,NANOFORM FINLAND OYJ,NON_RESOLU,,HORS_UNIVERS_IDENTITE_INSUFFISANTE,2026-10-08T07:14:50.234037+00:00
LISTING:GRA.TO@TOR,GRA.TO,NANOXPLORE INC,Canada,CAD,TOR,Toronto,-,NANOXPLORE INC,RELATION_CA_OTC_RESOLUE,NOM_NORMALISE+UNIQUE_CANADA+OTC,RESOLU_PRINCIPALE_CANADA,2026-10-08T07:14:50.234037+00:00
ISIN:CA63010G1000,NNXPF,Nanoxplore Inc.,USA,USD,OQX,OTC Markets OTCQX,CA63010G1000,NANOXPLORE INC,RELATION_CA_OTC_RESOLUE,NOM_NORMALISE+UNIQUE_CANADA+OTC,RESOLU_SECONDAIRE_OTC,2026-10-08T07:14:50.234037+00:00
LISTING:VRL.DE@GER,VRL.DE,net digital AG                I,Allemagne,EUR,GER,XETRA,-,NET DIGITAL AG I,PROBABLE,NOM_NORMALISE+RACINE_TICKER+PLACES_DISTINCTES,HORS_UNIVERS_IDENTITE_INSUFFISANTE,2026-10-08T07:14:50.234037+00:00
LISTING:VRL.F@FRA,VRL.F,net digital AG                I,Allemagne,EUR,FRA,Frankfurt,-,NET DIGITAL AG I,PROBABLE,NOM_NORMALISE+RACINE_TICKER+PLACES_DISTINCTES,HORS_UNIVERS_IDENTITE_INSUFFISANTE,2026-10-08T07:14:50.234037+00:00
LISTING:NF4.DE@GER,NF4.DE,Netfonds AG                   v,Allemagne,EUR,GER,XETRA,-,NETFONDS AG V,PROBABLE,NOM_NORMALISE+RACINE_TICKER+PLACES_DISTINCTES,HORS_UNIVERS_IDENTITE_INSUFFISANTE,2026-10-08T07:14:50.234037+00:00
LISTING:NF4.F@FRA,NF4.F,Netfonds AG                   v,Allemagne,EUR,FRA,Frankfurt,-,NETFONDS AG V,PROBABLE,NOM_NORMALISE+RACINE_TICKER+PLACES_DISTINCTES,HORS_UNIVERS_IDENTITE_INSUFFISANTE,2026-10-08T07:14:50.234037+00:00
LISTING:NAU.V@VAN,NAU.V,NEVGOLD CORP,Canada,CAD,VAN,TSXV,-,NEVGOLD CORP,RELATION_CA_OTC_RESOLUE,NOM_NORMALISE+UNIQUE_CANADA+OTC,RESOLU_PRINCIPALE_CANADA,2026-10-08T07:14:50.234037+00:00
ISIN:CA6415361071,NAUFF,Nevgold Corp.,USA,USD,OQX,OTC Markets OTCQX,CA6415361071,NEVGOLD CORP,RELATION_CA_OTC_RESOLUE,NOM_NORMALISE+UNIQUE_CANADA+OTC,RESOLU_SECONDAIRE_OTC,2026-10-08T07:14:50.234037+00:00
LISTING:NSE.V@VAN,NSE.V,NEW STRATUS ENERGY INC,Canada,CAD,VAN,TSXV,-,NEW STRATUS ENERGY INC,RELATION_CA_OTC_RESOLUE,NOM_NORMALISE+UNIQUE_CANADA+OTC,RESOLU_PRINCIPALE_CANADA,2026-10-08T07:14:50.234037+00:00
ISIN:CA6488301079,RDRIF,New Stratus Energy Inc.,USA,USD,PNK,OTC Markets OTCPK,CA6488301079,NEW STRATUS ENERGY INC,RELATION_CA_OTC_RESOLUE,NOM_NORMALISE+UNIQUE_CANADA+OTC,RESOLU_SECONDAIRE_OTC,2026-10-08T07:14:50.234037+00:00
LISTING:NCAU.V@VAN,NCAU.V,NEWCORE GOLD LTD,Canada,CAD,VAN,TSXV,-,NEWCORE GOLD LTD,RELATION_CA_OTC_RESOLUE,NOM_NORMALISE+UNIQUE_CANADA+OTC,RESOLU_PRINCIPALE_CANADA,2026-10-08T07:14:50.234037+00:00
ISIN:CA65118M1032,NCAUF,Newcore Gold Ltd.,USA,USD,OQX,OTC Markets OTCQX,CA65118M1032,NEWCORE GOLD LTD,RELATION_CA_OTC_RESOLUE,NOM_NORMALISE+UNIQUE_CANADA+OTC,RESOLU_SECONDAIRE_OTC,2026-10-08T07:14:50.234037+00:00
LISTING:NP5.DE@GER,NP5.DE,Newron Pharmaceuticals S.p.A. A,Allemagne,EUR,GER,XETRA,-,NEWRON PHARMACEUTICALS S P A A,PROBABLE,NOM_NORMALISE+RACINE_TICKER+PLACES_DISTINCTES,HORS_UNIVERS_IDENTITE_INSUFFISANTE,2026-10-08T07:14:50.234037+00:00
LISTING:NP5.F@FRA,NP5.F,Newron Pharmaceuticals S.p.A. A,Allemagne,EUR,FRA,Frankfurt,-,NEWRON PHARMACEUTICALS S P A A,PROBABLE,NOM_NORMALISE+RACINE_TICKER+PLACES_DISTINCTES,HORS_UNIVERS_IDENTITE_INSUFFISANTE,2026-10-08T07:14:50.234037+00:00
LISTING:NEXG.V@VAN,NEXG.V,NEXGOLD MINING CORP,Canada,CAD,VAN,TSXV,-,NEXGOLD MINING CORP,RELATION_CA_OTC_RESOLUE,NOM_NORMALISE+UNIQUE_CANADA+OTC,RESOLU_PRINCIPALE_CANADA,2026-10-08T07:14:50.234037+00:00
ISIN:CA65345V1085,NXGCF,Nexgold Mining Corp,USA,USD,OQX,OTC Markets OTCQX,CA65345V1085,NEXGOLD MINING CORP,RELATION_CA_OTC_RESOLUE,NOM_NORMALISE+UNIQUE_CANADA+OTC,RESOLU_SECONDAIRE_OTC,2026-10-08T07:14:50.234037+00:00
ISIN:CA65346E2042,NEXM,NexMetals Mining Corp.,USA,USD,NCM,NasdaqCM,CA65346E2042,NEXMETALS MINING CORP,PROBABLE,NOM_NORMALISE+RACINE_TICKER+PLACES_DISTINCTES,HORS_UNIVERS_IDENTITE_INSUFFISANTE,2026-10-08T07:14:50.234037+00:00
LISTING:NEXM.V@VAN,NEXM.V,NEXMETALS MINING CORP,Canada,CAD,VAN,TSXV,-,NEXMETALS MINING CORP,PROBABLE,NOM_NORMALISE+RACINE_TICKER+PLACES_DISTINCTES,HORS_UNIVERS_IDENTITE_INSUFFISANTE,2026-10-08T07:14:50.234037+00:00
LISTING:NFN.DE@GER,NFN.DE,NFON AG                       I,Allemagne,EUR,GER,XETRA,-,NFON AG I,PROBABLE,NOM_NORMALISE+RACINE_TICKER+PLACES_DISTINCTES,HORS_UNIVERS_IDENTITE_INSUFFISANTE,2026-10-08T07:14:50.234037+00:00
LISTING:NFN.DU@DUS,NFN.DU,NFON AG                       I,Allemagne,EUR,DUS,Dusseldorf,-,NFON AG I,PROBABLE,NOM_NORMALISE+RACINE_TICKER+PLACES_DISTINCTES,HORS_UNIVERS_IDENTITE_INSUFFISANTE,2026-10-08T07:14:50.234037+00:00
LISTING:NFN.F@FRA,NFN.F,NFON AG                       I,Allemagne,EUR,FRA,Frankfurt,-,NFON AG I,PROBABLE,NOM_NORMALISE+RACINE_TICKER+PLACES_DISTINCTES,HORS_UNIVERS_IDENTITE_INSUFFISANTE,2026-10-08T07:14:50.234037+00:00
LISTING:GASX.TO@TOR,GASX.TO,NG ENERGY INTERNATIONAL CORP,Canada,CAD,TOR,Toronto,-,NG ENERGY INTERNATIONAL CORP,RELATION_CA_OTC_RESOLUE,NOM_NORMALISE+UNIQUE_CANADA+OTC,RESOLU_PRINCIPALE_CANADA,2026-10-08T07:14:50.234037+00:00
ISIN:CA62931J1021,GASXF,NG Energy International Corp.,USA,USD,OQX,OTC Markets OTCQX,CA62931J1021,NG ENERGY INTERNATIONAL CORP,RELATION_CA_OTC_RESOLUE,NOM_NORMALISE+UNIQUE_CANADA+OTC,RESOLU_SECONDAIRE_OTC,2026-10-08T07:14:50.234037+00:00
ISIN:CA65405R1047,HUSIF,Nicola Mining Inc.,USA,USD,OQB,OTC Markets OTCQB,CA65405R1047,NICOLA MINING INC,RELATION_CA_OTC_RESOLUE,NOM_NORMALISE+UNIQUE_CANADA+OTC,RESOLU_SECONDAIRE_OTC,2026-10-08T07:14:50.234037+00:00
ISIN:US65405R3021,NICM,Nicola Mining Inc.,USA,USD,NCM,NasdaqCM,US65405R3021,NICOLA MINING INC,DISTINCT,ISIN_DIFFERENTS,RESOLU_DISTINCT,2026-10-08T07:14:50.234037+00:00
LISTING:NIM.V@VAN,NIM.V,NICOLA MINING INC,Canada,CAD,VAN,TSXV,-,NICOLA MINING INC,RELATION_CA_OTC_RESOLUE,NOM_NORMALISE+UNIQUE_CANADA+OTC,RESOLU_PRINCIPALE_CANADA,2026-10-08T07:14:50.234037+00:00
LISTING:HLI.F@FRA,HLI.F,Nicola Mining Inc.            R,Allemagne,EUR,FRA,Frankfurt,-,NICOLA MINING INC R,NON_RESOLU,,HORS_UNIVERS_IDENTITE_INSUFFISANTE,2026-10-08T07:14:50.234037+00:00
LISTING:HLIA.F@FRA,HLIA.F,Nicola Mining Inc.            R,Allemagne,EUR,FRA,Frankfurt,-,NICOLA MINING INC R,NON_RESOLU,,HORS_UNIVERS_IDENTITE_INSUFFISANTE,2026-10-08T07:14:50.234037+00:00
LISTING:9LG0.SG@STU,9LG0.SG,Norse Atlantic ASA,Allemagne,EUR,STU,Stuttgart,-,NORSE ATLANTIC ASA,RELATION_EUROPE_RESOLUE,NOM_NORMALISE+UNIQUE_PLACE_PRIMAIRE+PLACE_ALLEMANDE_SECONDAIRE,RESOLU_SECONDAIRE_EUROPE,2026-10-08T07:14:50.234037+00:00
LISTING:NORSE.OL@OSL,NORSE.OL,NORSE ATLANTIC ASA,Norvège,NOK,OSL,Oslo,-,NORSE ATLANTIC ASA,RELATION_EUROPE_RESOLUE,NOM_NORMALISE+UNIQUE_PLACE_PRIMAIRE+PLACE_ALLEMANDE_SECONDAIRE,RESOLU_PRINCIPALE_EUROPE,2026-10-08T07:14:50.234037+00:00
ISIN:NO0012885252,NRSAF,Norse Atlantic ASA,USA,USD,OQB,OTC Markets OTCQB,NO0012885252,NORSE ATLANTIC ASA,NON_RESOLU,,HORS_UNIVERS_IDENTITE_INSUFFISANTE,2026-10-08T07:14:50.234037+00:00
ISIN:NO0010969108,NORSF,NORSK TITANIUM AS,USA,USD,OQX,OTC Markets OTCQX,NO0010969108,NORSK TITANIUM AS,NON_RESOLU,,HORS_UNIVERS_IDENTITE_INSUFFISANTE,2026-10-08T07:14:50.234037+00:00
LISTING:NTI.OL@OSL,NTI.OL,NORSK TITANIUM AS,Norvège,NOK,OSL,Oslo,-,NORSK TITANIUM AS,NON_RESOLU,,HORS_UNIVERS_IDENTITE_INSUFFISANTE,2026-10-08T07:14:50.234037+00:00
ISIN:CA6568111067,NOA,North American Construction Gro,USA,USD,NYQ,NYSE,CA6568111067,NORTH AMERICAN CONSTRUCTION GRO,PROBABLE,NOM_NORMALISE+RACINE_TICKER+PLACES_DISTINCTES,HORS_UNIVERS_IDENTITE_INSUFFISANTE,2026-10-08T07:14:50.234037+00:00
LISTING:NOA.TO@TOR,NOA.TO,NORTH AMERICAN CONSTRUCTION GRO,Canada,CAD,TOR,Toronto,-,NORTH AMERICAN CONSTRUCTION GRO,PROBABLE,NOM_NORMALISE+RACINE_TICKER+PLACES_DISTINCTES,HORS_UNIVERS_IDENTITE_INSUFFISANTE,2026-10-08T07:14:50.234037+00:00
LISTING:NCF.TO@TOR,NCF.TO,NORTHCLIFF RESOURCES LTD,Canada,CAD,TOR,Toronto,-,NORTHCLIFF RESOURCES LTD,RELATION_CA_OTC_RESOLUE,NOM_NORMALISE+UNIQUE_CANADA+OTC,RESOLU_PRINCIPALE_CANADA,2026-10-08T07:14:50.234037+00:00
ISIN:CA66401Q1081,NCFFF,Northcliff Resources Ltd.,USA,USD,PNK,OTC Markets OTCPK,CA66401Q1081,NORTHCLIFF RESOURCES LTD,RELATION_CA_OTC_RESOLUE,NOM_NORMALISE+UNIQUE_CANADA+OTC,RESOLU_SECONDAIRE_OTC,2026-10-08T07:14:50.234037+00:00
LISTING:NBYB.SG@STU,NBYB.SG,Northwest Biotherapeutics Inc.,Allemagne,EUR,STU,Stuttgart,-,NORTHWEST BIOTHERAPEUTICS INC,NON_RESOLU,,HORS_UNIVERS_IDENTITE_INSUFFISANTE,2026-10-08T07:14:50.234037+00:00
ISIN:US66737P6007,NWBO,"Northwest Biotherapeutics, Inc.",USA,USD,OQB,OTC Markets OTCQB,US66737P6007,NORTHWEST BIOTHERAPEUTICS INC,NON_RESOLU,,HORS_UNIVERS_IDENTITE_INSUFFISANTE,2026-10-08T07:14:50.234037+00:00
LISTING:NWCCF@PNK,NWCCF,NORTHWEST COPPER CORP.,USA,USD,PNK,OTC Markets OTCPK,-,NORTHWEST COPPER CORP,RELATION_CA_OTC_RESOLUE,NOM_NORMALISE+UNIQUE_CANADA+OTC,RESOLU_SECONDAIRE_OTC,2026-10-08T07:14:50.234037+00:00
LISTING:NWST.V@VAN,NWST.V,NORTHWEST COPPER CORP,Canada,CAD,VAN,TSXV,-,NORTHWEST COPPER CORP,RELATION_CA_OTC_RESOLUE,NOM_NORMALISE+UNIQUE_CANADA+OTC,RESOLU_PRINCIPALE_CANADA,2026-10-08T07:14:50.234037+00:00
LISTING:NVM.DE@GER,NVM.DE,Novem Group S.A.              R,Allemagne,EUR,GER,XETRA,-,NOVEM GROUP S A R,PROBABLE,NOM_NORMALISE+RACINE_TICKER+PLACES_DISTINCTES,HORS_UNIVERS_IDENTITE_INSUFFISANTE,2026-10-08T07:14:50.234037+00:00
LISTING:NVM.F@FRA,NVM.F,Novem Group S.A.              R,Allemagne,EUR,FRA,Frankfurt,-,NOVEM GROUP S A R,PROBABLE,NOM_NORMALISE+RACINE_TICKER+PLACES_DISTINCTES,HORS_UNIVERS_IDENTITE_INSUFFISANTE,2026-10-08T07:14:50.234037+00:00
LISTING:7V0.DE@GER,7V0.DE,Novogenia AG                  I,Allemagne,EUR,GER,XETRA,-,NOVOGENIA AG I,PROBABLE,NOM_NORMALISE+RACINE_TICKER+PLACES_DISTINCTES,HORS_UNIVERS_IDENTITE_INSUFFISANTE,2026-10-08T07:14:50.234037+00:00
LISTING:7V0.F@FRA,7V0.F,Novogenia AG                  I,Allemagne,EUR,FRA,Frankfurt,-,NOVOGENIA AG I,PROBABLE,NOM_NORMALISE+RACINE_TICKER+PLACES_DISTINCTES,HORS_UNIVERS_IDENTITE_INSUFFISANTE,2026-10-08T07:14:50.234037+00:00
LISTING:7V0.MU@MUN,7V0.MU,Novogenia AG                  I,Allemagne,EUR,MUN,Munich,-,NOVOGENIA AG I,PROBABLE,NOM_NORMALISE+RACINE_TICKER+PLACES_DISTINCTES,HORS_UNIVERS_IDENTITE_INSUFFISANTE,2026-10-08T07:14:50.234037+00:00
LISTING:B1Q.F@FRA,B1Q.F,NRX Pharmaceuticals Inc.      R,Allemagne,EUR,FRA,Frankfurt,-,NRX PHARMACEUTICALS INC R,PROBABLE,NOM_NORMALISE+RACINE_TICKER+PLACES_DISTINCTES,HORS_UNIVERS_IDENTITE_INSUFFISANTE,2026-10-08T07:14:50.234037+00:00
LISTING:B1Q.MU@MUN,B1Q.MU,NRX Pharmaceuticals Inc.      R,Allemagne,EUR,MUN,Munich,-,NRX PHARMACEUTICALS INC R,PROBABLE,NOM_NORMALISE+RACINE_TICKER+PLACES_DISTINCTES,HORS_UNIVERS_IDENTITE_INSUFFISANTE,2026-10-08T07:14:50.234037+00:00
LISTING:NYKD.OL@OSL,NYKD.OL,NYKODE THERAPEUTICS ASA,Norvège,NOK,OSL,Oslo,-,NYKODE THERAPEUTICS ASA,NON_RESOLU,,HORS_UNIVERS_IDENTITE_INSUFFISANTE,2026-10-08T07:14:50.234037+00:00
LISTING:VACBF@PNK,VACBF,NYKODE THERAPEUTICS ASA,USA,USD,PNK,OTC Markets OTCPK,-,NYKODE THERAPEUTICS ASA,NON_RESOLU,,HORS_UNIVERS_IDENTITE_INSUFFISANTE,2026-10-08T07:14:50.234037+00:00
LISTING:M7U.DE@GER,M7U.DE,Nynomic AG                    I,Allemagne,EUR,GER,XETRA,-,NYNOMIC AG I,PROBABLE,NOM_NORMALISE+RACINE_TICKER+PLACES_DISTINCTES,HORS_UNIVERS_IDENTITE_INSUFFISANTE,2026-10-08T07:14:50.234037+00:00
LISTING:M7U.F@FRA,M7U.F,Nynomic AG                    I,Allemagne,EUR,FRA,Frankfurt,-,NYNOMIC AG I,PROBABLE,NOM_NORMALISE+RACINE_TICKER+PLACES_DISTINCTES,HORS_UNIVERS_IDENTITE_INSUFFISANTE,2026-10-08T07:14:50.234037+00:00
LISTING:NYXH@NGM,NYXH,Nyxoah SA,USA,USD,NGM,NasdaqGM,-,NYXOAH SA,PROBABLE,NOM_NORMALISE+RACINE_TICKER+PLACES_DISTINCTES,HORS_UNIVERS_IDENTITE_INSUFFISANTE,2026-10-08T07:14:50.234037+00:00
LISTING:NYXH.BR@BRU,NYXH.BR,NYXOAH SA,Belgique,EUR,BRU,Brussels,-,NYXOAH SA,PROBABLE,NOM_NORMALISE+RACINE_TICKER+PLACES_DISTINCTES,HORS_UNIVERS_IDENTITE_INSUFFISANTE,2026-10-08T07:14:50.234037+00:00
LISTING:9ZX0.F@FRA,9ZX0.F,Oatly Group AB                N,Allemagne,EUR,FRA,Frankfurt,-,OATLY GROUP AB N,PROBABLE,NOM_NORMALISE+RACINE_TICKER+PLACES_DISTINCTES,HORS_UNIVERS_IDENTITE_INSUFFISANTE,2026-10-08T07:14:50.234037+00:00
LISTING:9ZX0.MU@MUN,9ZX0.MU,Oatly Group AB                N,Allemagne,EUR,MUN,Munich,-,OATLY GROUP AB N,PROBABLE,NOM_NORMALISE+RACINE_TICKER+PLACES_DISTINCTES,HORS_UNIVERS_IDENTITE_INSUFFISANTE,2026-10-08T07:14:50.234037+00:00
LISTING:FEO.V@VAN,FEO.V,OCEANIC IRON ORE CORP,Canada,CAD,VAN,TSXV,-,OCEANIC IRON ORE CORP,RELATION_CA_OTC_RESOLUE,NOM_NORMALISE+UNIQUE_CANADA+OTC,RESOLU_PRINCIPALE_CANADA,2026-10-08T07:14:50.234037+00:00
ISIN:CA67524Q1321,FEOVF,Oceanic Iron Ore Corp.,USA,USD,OQX,OTC Markets OTCQX,CA67524Q1321,OCEANIC IRON ORE CORP,RELATION_CA_OTC_RESOLUE,NOM_NORMALISE+UNIQUE_CANADA+OTC,RESOLU_SECONDAIRE_OTC,2026-10-08T07:14:50.234037+00:00
ISIN:BMG6716L1081,ODTLF,Odfjell Technology Ltd.,USA,USD,PNK,OTC Markets OTCPK,BMG6716L1081,ODFJELL TECHNOLOGY LTD,NON_RESOLU,,HORS_UNIVERS_IDENTITE_INSUFFISANTE,2026-10-08T07:14:50.234037+00:00
LISTING:OTL.OL@OSL,OTL.OL,ODFJELL TECHNOLOGY LTD,Norvège,NOK,OSL,Oslo,-,ODFJELL TECHNOLOGY LTD,NON_RESOLU,,HORS_UNIVERS_IDENTITE_INSUFFISANTE,2026-10-08T07:14:50.234037+00:00
LISTING:OLY.TO@TOR,OLY.TO,OLYMPIA FINANCIAL GROUP INC,Canada,CAD,TOR,Toronto,-,OLYMPIA FINANCIAL GROUP INC,RELATION_CA_OTC_RESOLUE,NOM_NORMALISE+UNIQUE_CANADA+OTC,RESOLU_PRINCIPALE_CANADA,2026-10-08T07:14:50.234037+00:00
ISIN:CA6814721065,OLYFF,Olympia Financial Group Inc.,USA,USD,PNK,OTC Markets OTCPK,CA6814721065,OLYMPIA FINANCIAL GROUP INC,RELATION_CA_OTC_RESOLUE,NOM_NORMALISE+UNIQUE_CANADA+OTC,RESOLU_SECONDAIRE_OTC,2026-10-08T07:14:50.234037+00:00
ISIN:CA68339G1037,ONXGF,Onyx Gold Corp,USA,USD,OQX,OTC Markets OTCQX,CA68339G1037,ONYX GOLD CORP,RELATION_CA_OTC_RESOLUE,NOM_NORMALISE+UNIQUE_CANADA+OTC,RESOLU_SECONDAIRE_OTC,2026-10-08T07:14:50.234037+00:00
LISTING:ONYX.V@VAN,ONYX.V,ONYX GOLD CORP,Canada,CAD,VAN,TSXV,-,ONYX GOLD CORP,RELATION_CA_OTC_RESOLUE,NOM_NORMALISE+UNIQUE_CANADA+OTC,RESOLU_PRINCIPALE_CANADA,2026-10-08T07:14:50.234037+00:00
ISIN:CA68617J1003,OGI,Organigram Global Inc.,USA,USD,NMS,NasdaqGS,CA68617J1003,ORGANIGRAM GLOBAL INC,PROBABLE,NOM_NORMALISE+RACINE_TICKER+PLACES_DISTINCTES,HORS_UNIVERS_IDENTITE_INSUFFISANTE,2026-10-08T07:14:50.234037+00:00
LISTING:OGI.TO@TOR,OGI.TO,ORGANIGRAM GLOBAL INC,Canada,CAD,TOR,Toronto,-,ORGANIGRAM GLOBAL INC,PROBABLE,NOM_NORMALISE+RACINE_TICKER+PLACES_DISTINCTES,HORS_UNIVERS_IDENTITE_INSUFFISANTE,2026-10-08T07:14:50.234037+00:00
ISIN:CH0111677362,ORIOF,ORIOR AG,USA,USD,PNK,OTC Markets OTCPK,CH0111677362,ORIOR AG,DISTINCT,ISIN_DIFFERENTS,RESOLU_DISTINCT,2026-10-08T07:14:50.234037+00:00
ISIN:CH0002234398,ORONZ.XC,Orior AG,Royaume-Uni,GBP,CXE,Cboe UK,CH0002234398,ORIOR AG,DISTINCT,ISIN_DIFFERENTS,RESOLU_DISTINCT,2026-10-08T07:14:50.234037+00:00
LISTING:OCO.V@VAN,OCO.V,OROCO RESOURCE CORP.,Canada,CAD,VAN,TSXV,-,OROCO RESOURCE CORP,RELATION_CA_OTC_RESOLUE,NOM_NORMALISE+UNIQUE_CANADA+OTC,RESOLU_PRINCIPALE_CANADA,2026-10-08T07:14:50.234037+00:00
ISIN:CA6870331007,ORRCF,Oroco Resource Corp.,USA,USD,OQB,OTC Markets OTCQB,CA6870331007,OROCO RESOURCE CORP,RELATION_CA_OTC_RESOLUE,NOM_NORMALISE+UNIQUE_CANADA+OTC,RESOLU_SECONDAIRE_OTC,2026-10-08T07:14:50.234037+00:00
LISTING:OGN.V@VAN,OGN.V,OROGEN ROYALTIES INC,Canada,CAD,VAN,TSXV,-,OROGEN ROYALTIES INC,RELATION_CA_OTC_RESOLUE,NOM_NORMALISE+UNIQUE_CANADA+OTC,RESOLU_PRINCIPALE_CANADA,2026-10-08T07:14:50.234037+00:00
ISIN:CA6870801017,OGNNF,Orogen Royalties Inc,USA,USD,OQX,OTC Markets OTCQX,CA6870801017,OROGEN ROYALTIES INC,RELATION_CA_OTC_RESOLUE,NOM_NORMALISE+UNIQUE_CANADA+OTC,RESOLU_SECONDAIRE_OTC,2026-10-08T07:14:50.234037+00:00
LISTING:OMI.V@VAN,OMI.V,OROSUR MINING INC,Canada,CAD,VAN,TSXV,-,OROSUR MINING INC,RELATION_CA_OTC_RESOLUE,NOM_NORMALISE+UNIQUE_CANADA+OTC,RESOLU_PRINCIPALE_CANADA,2026-10-08T07:14:50.234037+00:00
ISIN:CA6871961059,OROXF,"Orosur Mining, Inc",USA,USD,PNK,OTC Markets OTCPK,CA6871961059,OROSUR MINING INC,RELATION_CA_OTC_RESOLUE,NOM_NORMALISE+UNIQUE_CANADA+OTC,RESOLU_SECONDAIRE_OTC,2026-10-08T07:14:50.234037+00:00
LISTING:89K0.SG@STU,89K0.SG,Otovo ASA,Allemagne,EUR,STU,Stuttgart,-,OTOVO ASA,RELATION_EUROPE_RESOLUE,NOM_NORMALISE+UNIQUE_PLACE_PRIMAIRE+PLACE_ALLEMANDE_SECONDAIRE,RESOLU_SECONDAIRE_EUROPE,2026-10-08T07:14:50.234037+00:00
LISTING:OTOVO.OL@OSL,OTOVO.OL,OTOVO ASA,Norvège,NOK,OSL,Oslo,-,OTOVO ASA,RELATION_EUROPE_RESOLUE,NOM_NORMALISE+UNIQUE_PLACE_PRIMAIRE+PLACE_ALLEMANDE_SECONDAIRE,RESOLU_PRINCIPALE_EUROPE,2026-10-08T07:14:50.234037+00:00
LISTING:O4B.DE@GER,O4B.DE,OVB Holding AG                I,Allemagne,EUR,GER,XETRA,-,OVB HOLDING AG I,PROBABLE,NOM_NORMALISE+RACINE_TICKER+PLACES_DISTINCTES,HORS_UNIVERS_IDENTITE_INSUFFISANTE,2026-10-08T07:14:50.234037+00:00
LISTING:O4B.F@FRA,O4B.F,OVB Holding AG                I,Allemagne,EUR,FRA,Frankfurt,-,OVB HOLDING AG I,PROBABLE,NOM_NORMALISE+RACINE_TICKER+PLACES_DISTINCTES,HORS_UNIVERS_IDENTITE_INSUFFISANTE,2026-10-08T07:14:50.234037+00:00
LISTING:PGLD.V@VAN,PGLD.V,P2 GOLD INC,Canada,CAD,VAN,TSXV,-,P2 GOLD INC,RELATION_CA_OTC_RESOLUE,NOM_NORMALISE+UNIQUE_CANADA+OTC,RESOLU_PRINCIPALE_CANADA,2026-10-08T07:14:50.234037+00:00
ISIN:CA7446571076,PGLDF,P2 Gold Inc.,USA,USD,OQB,OTC Markets OTCQB,CA7446571076,P2 GOLD INC,RELATION_CA_OTC_RESOLUE,NOM_NORMALISE+UNIQUE_CANADA+OTC,RESOLU_SECONDAIRE_OTC,2026-10-08T07:14:50.234037+00:00
LISTING:PALI.V@VAN,PALI.V,PALISADES GOLDCORP LTD,Canada,CAD,VAN,TSXV,-,PALISADES GOLDCORP LTD,RELATION_CA_OTC_RESOLUE,NOM_NORMALISE+UNIQUE_CANADA+OTC,RESOLU_PRINCIPALE_CANADA,2026-10-08T07:14:50.234037+00:00
ISIN:CA69639G1081,PLGDF,PALISADES GOLDCORP LTD.,USA,USD,PNK,OTC Markets OTCPK,CA69639G1081,PALISADES GOLDCORP LTD,RELATION_CA_OTC_RESOLUE,NOM_NORMALISE+UNIQUE_CANADA+OTC,RESOLU_SECONDAIRE_OTC,2026-10-08T07:14:50.234037+00:00
LISTING:PALS.V@VAN,PALS.V,PARAGON ADVANCED LABS INC,Canada,CAD,VAN,TSXV,-,PARAGON ADVANCED LABS INC,RELATION_CA_OTC_RESOLUE,NOM_NORMALISE+UNIQUE_CANADA+OTC,RESOLU_PRINCIPALE_CANADA,2026-10-08T07:14:50.234037+00:00
ISIN:CA6991301004,PAVLF,PARAGON ADVANCED LABS INC.,USA,USD,PNK,OTC Markets OTCPK,CA6991301004,PARAGON ADVANCED LABS INC,RELATION_CA_OTC_RESOLUE,NOM_NORMALISE+UNIQUE_CANADA+OTC,RESOLU_SECONDAIRE_OTC,2026-10-08T07:14:50.234037+00:00
LISTING:PKT.V@VAN,PKT.V,PARKIT ENTERPRISE INC,Canada,CAD,VAN,TSXV,-,PARKIT ENTERPRISE INC,RELATION_CA_OTC_RESOLUE,NOM_NORMALISE+UNIQUE_CANADA+OTC,RESOLU_PRINCIPALE_CANADA,2026-10-08T07:14:50.234037+00:00
ISIN:CA70137X4030,PKTEF,Parkit Enterprise Inc.,USA,USD,PNK,OTC Markets OTCPK,CA70137X4030,PARKIT ENTERPRISE INC,RELATION_CA_OTC_RESOLUE,NOM_NORMALISE+UNIQUE_CANADA+OTC,RESOLU_SECONDAIRE_OTC,2026-10-08T07:14:50.234037+00:00
ISIN:CA70289T1012,HGLD,Patagonia Gold Corp.,USA,USD,PNK,OTC Markets OTCPK,CA70289T1012,PATAGONIA GOLD CORP,RELATION_CA_OTC_RESOLUE,NOM_NORMALISE+UNIQUE_CANADA+OTC,RESOLU_SECONDAIRE_OTC,2026-10-08T07:14:50.234037+00:00
LISTING:PGDC.V@VAN,PGDC.V,PATAGONIA GOLD CORP,Canada,CAD,VAN,TSXV,-,PATAGONIA GOLD CORP,RELATION_CA_OTC_RESOLUE,NOM_NORMALISE+UNIQUE_CANADA+OTC,RESOLU_PRINCIPALE_CANADA,2026-10-08T07:14:50.234037+00:00
LISTING:PAX.ST@STO,PAX.ST,Paxman AB,Suède,SEK,STO,Stockholm,-,PAXMAN AB,NON_RESOLU,,HORS_UNIVERS_IDENTITE_INSUFFISANTE,2026-10-08T07:14:50.234037+00:00
ISIN:SE0009806284,PXMBF,PAXMAN AB,USA,USD,PNK,OTC Markets OTCPK,SE0009806284,PAXMAN AB,NON_RESOLU,,HORS_UNIVERS_IDENTITE_INSUFFISANTE,2026-10-08T07:14:50.234037+00:00
LISTING:PCU.V@VAN,PCU.V,PECOY COPPER CORP,Canada,CAD,VAN,TSXV,-,PECOY COPPER CORP,RELATION_CA_OTC_RESOLUE,NOM_NORMALISE+UNIQUE_CANADA+OTC,RESOLU_PRINCIPALE_CANADA,2026-10-08T07:14:50.234037+00:00
ISIN:CA70529A1021,PCUUF,Pecoy Copper Corp.,USA,USD,OQX,OTC Markets OTCQX,CA70529A1021,PECOY COPPER CORP,RELATION_CA_OTC_RESOLUE,NOM_NORMALISE+UNIQUE_CANADA+OTC,RESOLU_SECONDAIRE_OTC,2026-10-08T07:14:50.234037+00:00
ISIN:KYG7006A1094,PERF,Perfect Corp.,USA,USD,NYQ,NYSE,KYG7006A1094,PERFECT CORP,NON_RESOLU,,HORS_UNIVERS_IDENTITE_INSUFFISANTE,2026-10-08T07:14:50.234037+00:00
LISTING:SZ9.SG@STU,SZ9.SG,Perfect Corp.,Allemagne,EUR,STU,Stuttgart,-,PERFECT CORP,NON_RESOLU,,HORS_UNIVERS_IDENTITE_INSUFFISANTE,2026-10-08T07:14:50.234037+00:00
LISTING:PESO.V@VAN,PESO.V,PESORAMA INC,Canada,CAD,VAN,TSXV,-,PESORAMA INC,RELATION_CA_OTC_RESOLUE,NOM_NORMALISE+UNIQUE_CANADA+OTC,RESOLU_PRINCIPALE_CANADA,2026-10-08T07:14:50.234037+00:00
ISIN:CA7157921072,PSSOF,PesoRama Inc.,USA,USD,OQX,OTC Markets OTCQX,CA7157921072,PESORAMA INC,RELATION_CA_OTC_RESOLUE,NOM_NORMALISE+UNIQUE_CANADA+OTC,RESOLU_SECONDAIRE_OTC,2026-10-08T07:14:50.234037+00:00
LISTING:PRQ.TO@TOR,PRQ.TO,PETRUS RESOURCES LTD,Canada,CAD,TOR,Toronto,-,PETRUS RESOURCES LTD,RELATION_CA_OTC_RESOLUE,NOM_NORMALISE+UNIQUE_CANADA+OTC,RESOLU_PRINCIPALE_CANADA,2026-10-08T07:14:50.234037+00:00
ISIN:CA71678F1080,PTRUF,Petrus Resources Ltd.,USA,USD,PNK,OTC Markets OTCPK,CA71678F1080,PETRUS RESOURCES LTD,RELATION_CA_OTC_RESOLUE,NOM_NORMALISE+UNIQUE_CANADA+OTC,RESOLU_SECONDAIRE_OTC,2026-10-08T07:14:50.234037+00:00
ISIN:CA7225241057,PIFYF,Pine Cliff Energy Ltd.,USA,USD,OQX,OTC Markets OTCQX,CA7225241057,PINE CLIFF ENERGY LTD,RELATION_CA_OTC_RESOLUE,NOM_NORMALISE+UNIQUE_CANADA+OTC,RESOLU_SECONDAIRE_OTC,2026-10-08T07:14:50.234037+00:00
LISTING:PNE.TO@TOR,PNE.TO,PINE CLIFF ENERGY LTD,Canada,CAD,TOR,Toronto,-,PINE CLIFF ENERGY LTD,RELATION_CA_OTC_RESOLUE,NOM_NORMALISE+UNIQUE_CANADA+OTC,RESOLU_PRINCIPALE_CANADA,2026-10-08T07:14:50.234037+00:00
LISTING:PNP.TO@TOR,PNP.TO,PINETREE CAPITAL LTD,Canada,CAD,TOR,Toronto,-,PINETREE CAPITAL LTD,RELATION_CA_OTC_RESOLUE,NOM_NORMALISE+UNIQUE_CANADA+OTC,RESOLU_PRINCIPALE_CANADA,2026-10-08T07:14:50.234037+00:00
ISIN:CA7233308583,PNPFF,Pinetree Capital Ltd.,USA,USD,PNK,OTC Markets OTCPK,CA7233308583,PINETREE CAPITAL LTD,RELATION_CA_OTC_RESOLUE,NOM_NORMALISE+UNIQUE_CANADA+OTC,RESOLU_SECONDAIRE_OTC,2026-10-08T07:14:50.234037+00:00
LISTING:YARR.V@VAN,YARR.V,PIRATE GOLD CORP,Canada,CAD,VAN,TSXV,-,PIRATE GOLD CORP,RELATION_CA_OTC_RESOLUE,NOM_NORMALISE+UNIQUE_CANADA+OTC,RESOLU_PRINCIPALE_CANADA,2026-10-08T07:14:50.234037+00:00
ISIN:CA7242551041,YARRF,PIRATE GOLD CORP.,USA,USD,OQB,OTC Markets OTCQB,CA7242551041,PIRATE GOLD CORP,RELATION_CA_OTC_RESOLUE,NOM_NORMALISE+UNIQUE_CANADA+OTC,RESOLU_SECONDAIRE_OTC,2026-10-08T07:14:50.234037+00:00
LISTING:PZA.TO@TOR,PZA.TO,PIZZA PIZZA ROYALTY CORP,Canada,CAD,TOR,Toronto,-,PIZZA PIZZA ROYALTY CORP,RELATION_CA_OTC_RESOLUE,NOM_NORMALISE+UNIQUE_CANADA+OTC,RESOLU_PRINCIPALE_CANADA,2026-10-08T07:14:50.234037+00:00
ISIN:CA72585V1031,PZRIF,Pizza Pizza Royalty Corp.,USA,USD,PNK,OTC Markets OTCPK,CA72585V1031,PIZZA PIZZA ROYALTY CORP,RELATION_CA_OTC_RESOLUE,NOM_NORMALISE+UNIQUE_CANADA+OTC,RESOLU_SECONDAIRE_OTC,2026-10-08T07:14:50.234037+00:00
ISIN:CA72765Q8829,PLG,Platinum Group Metals Ltd.,USA,USD,ASE,NYSE American,CA72765Q8829,PLATINUM GROUP METALS LTD,NON_RESOLU,,HORS_UNIVERS_IDENTITE_INSUFFISANTE,2026-10-08T07:14:50.234037+00:00
LISTING:PTM.TO@TOR,PTM.TO,PLATINUM GROUP METALS LTD.,Canada,CAD,TOR,Toronto,-,PLATINUM GROUP METALS LTD,NON_RESOLU,,HORS_UNIVERS_IDENTITE_INSUFFISANTE,2026-10-08T07:14:50.234037+00:00
LISTING:9PT.F@FRA,9PT.F,Pliant Therapeutics Inc.      R,Allemagne,EUR,FRA,Frankfurt,-,PLIANT THERAPEUTICS INC R,PROBABLE,NOM_NORMALISE+RACINE_TICKER+PLACES_DISTINCTES,HORS_UNIVERS_IDENTITE_INSUFFISANTE,2026-10-08T07:14:50.234037+00:00
LISTING:9PT.MU@MUN,9PT.MU,Pliant Therapeutics Inc.      R,Allemagne,EUR,MUN,Munich,-,PLIANT THERAPEUTICS INC R,PROBABLE,NOM_NORMALISE+RACINE_TICKER+PLACES_DISTINCTES,HORS_UNIVERS_IDENTITE_INSUFFISANTE,2026-10-08T07:14:50.234037+00:00
LISTING:PIF.TO@TOR,PIF.TO,POLARIS RENEWABLE ENERGY INC,Canada,CAD,TOR,Toronto,-,POLARIS RENEWABLE ENERGY INC,RELATION_CA_OTC_RESOLUE,NOM_NORMALISE+UNIQUE_CANADA+OTC,RESOLU_PRINCIPALE_CANADA,2026-10-08T07:14:50.234037+00:00
ISIN:CA73108L1013,RAMPF,POLARIS RENEWABLE ENERGY INC.,USA,USD,PNK,OTC Markets OTCPK,CA73108L1013,POLARIS RENEWABLE ENERGY INC,RELATION_CA_OTC_RESOLUE,NOM_NORMALISE+UNIQUE_CANADA+OTC,RESOLU_SECONDAIRE_OTC,2026-10-08T07:14:50.234037+00:00
LISTING:PNPN.V@VAN,PNPN.V,POWER METALLIC MINES INC,Canada,CAD,VAN,TSXV,-,POWER METALLIC MINES INC,RELATION_CA_OTC_RESOLUE,NOM_NORMALISE+UNIQUE_CANADA+OTC,RESOLU_PRINCIPALE_CANADA,2026-10-08T07:14:50.234037+00:00
LISTING:PNPNF@OQB,PNPNF,Power Metallic Mines Inc.,USA,USD,OQB,OTC Markets OTCQB,-,POWER METALLIC MINES INC,RELATION_CA_OTC_RESOLUE,NOM_NORMALISE+UNIQUE_CANADA+OTC,RESOLU_SECONDAIRE_OTC,2026-10-08T07:14:50.234037+00:00
ISIN:SE0006425815,PCELF,POWERCELL SWEDEN AB,USA,USD,PNK,OTC Markets OTCPK,SE0006425815,POWERCELL SWEDEN AB,NON_RESOLU,,HORS_UNIVERS_IDENTITE_INSUFFISANTE,2026-10-08T07:14:50.234037+00:00
LISTING:PCELL.ST@STO,PCELL.ST,PowerCell Sweden AB,Suède,SEK,STO,Stockholm,-,POWERCELL SWEDEN AB,NON_RESOLU,,HORS_UNIVERS_IDENTITE_INSUFFISANTE,2026-10-08T07:14:50.234037+00:00
LISTING:PPX.V@VAN,PPX.V,PPX MINING CORP,Canada,CAD,VAN,TSXV,-,PPX MINING CORP,RELATION_CA_OTC_RESOLUE,NOM_NORMALISE+UNIQUE_CANADA+OTC,RESOLU_PRINCIPALE_CANADA,2026-10-08T07:14:50.234037+00:00
ISIN:CA69354U1003,SNNGF,PPX Mining Corp.,USA,USD,PNK,OTC Markets OTCPK,CA69354U1003,PPX MINING CORP,RELATION_CA_OTC_RESOLUE,NOM_NORMALISE+UNIQUE_CANADA+OTC,RESOLU_SECONDAIRE_OTC,2026-10-08T07:14:50.234037+00:00
LISTING:PRN.TO@TOR,PRN.TO,PROFOUND MEDICAL CORP,Canada,CAD,TOR,Toronto,-,PROFOUND MEDICAL CORP,NON_RESOLU,,HORS_UNIVERS_IDENTITE_INSUFFISANTE,2026-10-08T07:14:50.234037+00:00
ISIN:CA74319B5027,PROF,Profound Medical Corp.,USA,USD,NCM,NasdaqCM,CA74319B5027,PROFOUND MEDICAL CORP,NON_RESOLU,,HORS_UNIVERS_IDENTITE_INSUFFISANTE,2026-10-08T07:14:50.234037+00:00
ISIN:CA74359L2049,PMCOF,PROSPECTOR METALS CORP.,USA,USD,OQB,OTC Markets OTCQB,CA74359L2049,PROSPECTOR METALS CORP,RELATION_CA_OTC_RESOLUE,NOM_NORMALISE+UNIQUE_CANADA+OTC,RESOLU_SECONDAIRE_OTC,2026-10-08T07:14:50.234037+00:00
LISTING:PPP.V@VAN,PPP.V,PROSPECTOR METALS CORP,Canada,CAD,VAN,TSXV,-,PROSPECTOR METALS CORP,RELATION_CA_OTC_RESOLUE,NOM_NORMALISE+UNIQUE_CANADA+OTC,RESOLU_PRINCIPALE_CANADA,2026-10-08T07:14:50.234037+00:00
LISTING:PLSR.V@VAN,PLSR.V,PULSAR HELIUM INC,Canada,CAD,VAN,TSXV,-,PULSAR HELIUM INC,RELATION_CA_OTC_RESOLUE,NOM_NORMALISE+UNIQUE_CANADA+OTC,RESOLU_PRINCIPALE_CANADA,2026-10-08T07:14:50.234037+00:00
ISIN:CA7459321039,PSRHF,PULSAR HELIUM INC.,USA,USD,OQB,OTC Markets OTCQB,CA7459321039,PULSAR HELIUM INC,RELATION_CA_OTC_RESOLUE,NOM_NORMALISE+UNIQUE_CANADA+OTC,RESOLU_SECONDAIRE_OTC,2026-10-08T07:14:50.234037+00:00
LISTING:PLSDF@OQX,PLSDF,Pulse Seismic Inc.,USA,USD,OQX,OTC Markets OTCQX,-,PULSE SEISMIC INC,RELATION_CA_OTC_RESOLUE,NOM_NORMALISE+UNIQUE_CANADA+OTC,RESOLU_SECONDAIRE_OTC,2026-10-08T07:14:50.234037+00:00
LISTING:PSD.TO@TOR,PSD.TO,PULSE SEISMIC INC.,Canada,CAD,TOR,Toronto,-,PULSE SEISMIC INC,RELATION_CA_OTC_RESOLUE,NOM_NORMALISE+UNIQUE_CANADA+OTC,RESOLU_PRINCIPALE_CANADA,2026-10-08T07:14:50.234037+00:00
LISTING:PWO.DE@GER,PWO.DE,PWO AG                        I,Allemagne,EUR,GER,XETRA,-,PWO AG I,PROBABLE,NOM_NORMALISE+RACINE_TICKER+PLACES_DISTINCTES,HORS_UNIVERS_IDENTITE_INSUFFISANTE,2026-10-08T07:14:50.234037+00:00
LISTING:PWO.F@FRA,PWO.F,PWO AG                        I,Allemagne,EUR,FRA,Frankfurt,-,PWO AG I,PROBABLE,NOM_NORMALISE+RACINE_TICKER+PLACES_DISTINCTES,HORS_UNIVERS_IDENTITE_INSUFFISANTE,2026-10-08T07:14:50.234037+00:00
ISIN:KYG7309T1022,PAII,Pyrophyte Acquisition Corp. II,USA,USD,NYQ,NYSE,KYG7309T1022,PYROPHYTE ACQUISITION CORP II,NON_RESOLU,,HORS_UNIVERS_IDENTITE_INSUFFISANTE,2026-10-08T07:14:50.234037+00:00
LISTING:PAII-UN@NYQ,PAII-UN,Pyrophyte Acquisition Corp. II,USA,USD,NYQ,NYSE,-,PYROPHYTE ACQUISITION CORP II,NON_RESOLU,,HORS_UNIVERS_IDENTITE_INSUFFISANTE,2026-10-08T07:14:50.234037+00:00
LISTING:PYR.DE@GER,PYR.DE,Pyrum Innovations AG          N,Allemagne,EUR,GER,XETRA,-,PYRUM INNOVATIONS AG N,PROBABLE,NOM_NORMALISE+RACINE_TICKER+PLACES_DISTINCTES,HORS_UNIVERS_IDENTITE_INSUFFISANTE,2026-10-08T07:14:50.234037+00:00
LISTING:PYR.F@FRA,PYR.F,Pyrum Innovations AG          N,Allemagne,EUR,FRA,Frankfurt,-,PYRUM INNOVATIONS AG N,PROBABLE,NOM_NORMALISE+RACINE_TICKER+PLACES_DISTINCTES,HORS_UNIVERS_IDENTITE_INSUFFISANTE,2026-10-08T07:14:50.234037+00:00
LISTING:QBY0.DE@GER,QBY0.DE,q.beyond AG                   N,Allemagne,EUR,GER,XETRA,-,Q BEYOND AG N,PROBABLE,NOM_NORMALISE+RACINE_TICKER+PLACES_DISTINCTES,HORS_UNIVERS_IDENTITE_INSUFFISANTE,2026-10-08T07:14:50.234037+00:00
LISTING:QBY0.F@FRA,QBY0.F,q.beyond AG                   N,Allemagne,EUR,FRA,Frankfurt,-,Q BEYOND AG N,PROBABLE,NOM_NORMALISE+RACINE_TICKER+PLACES_DISTINCTES,HORS_UNIVERS_IDENTITE_INSUFFISANTE,2026-10-08T07:14:50.234037+00:00
LISTING:QTRH.TO@TOR,QTRH.TO,QUARTERHILL INC,Canada,CAD,TOR,Toronto,-,QUARTERHILL INC,RELATION_CA_OTC_RESOLUE,NOM_NORMALISE+UNIQUE_CANADA+OTC,RESOLU_PRINCIPALE_CANADA,2026-10-08T07:14:50.234037+00:00
ISIN:CA7477131055,QTRHF,Quarterhill Inc.,USA,USD,OQX,OTC Markets OTCQX,CA7477131055,QUARTERHILL INC,RELATION_CA_OTC_RESOLUE,NOM_NORMALISE+UNIQUE_CANADA+OTC,RESOLU_SECONDAIRE_OTC,2026-10-08T07:14:50.234037+00:00
LISTING:QEC.TO@TOR,QEC.TO,QUESTERRE ENERGY CORP,Canada,CAD,TOR,Toronto,-,QUESTERRE ENERGY CORP,RELATION_CA_OTC_RESOLUE,NOM_NORMALISE+UNIQUE_CANADA+OTC,RESOLU_PRINCIPALE_CANADA,2026-10-08T07:14:50.234037+00:00
ISIN:CA74836K1003,QTEYF,Questerre Energy Corp.,USA,USD,PNK,OTC Markets OTCPK,CA74836K1003,QUESTERRE ENERGY CORP,RELATION_CA_OTC_RESOLUE,NOM_NORMALISE+UNIQUE_CANADA+OTC,RESOLU_SECONDAIRE_OTC,2026-10-08T07:14:50.234037+00:00
LISTING:QB7.DE@GER,QB7.DE,Quirin Privatbank AG          I,Allemagne,EUR,GER,XETRA,-,QUIRIN PRIVATBANK AG I,PROBABLE,NOM_NORMALISE+RACINE_TICKER+PLACES_DISTINCTES,HORS_UNIVERS_IDENTITE_INSUFFISANTE,2026-10-08T07:14:50.234037+00:00
LISTING:QB7.F@FRA,QB7.F,Quirin Privatbank AG          I,Allemagne,EUR,FRA,Frankfurt,-,QUIRIN PRIVATBANK AG I,PROBABLE,NOM_NORMALISE+RACINE_TICKER+PLACES_DISTINCTES,HORS_UNIVERS_IDENTITE_INSUFFISANTE,2026-10-08T07:14:50.234037+00:00
LISTING:RSL2.DE@GER,RSL2.DE,R. Stahl AG                   N,Allemagne,EUR,GER,XETRA,-,R STAHL AG N,PROBABLE,NOM_NORMALISE+RACINE_TICKER+PLACES_DISTINCTES,HORS_UNIVERS_IDENTITE_INSUFFISANTE,2026-10-08T07:14:50.234037+00:00
LISTING:RSL2.F@FRA,RSL2.F,R. Stahl AG                   N,Allemagne,EUR,FRA,Frankfurt,-,R STAHL AG N,PROBABLE,NOM_NORMALISE+RACINE_TICKER+PLACES_DISTINCTES,HORS_UNIVERS_IDENTITE_INSUFFISANTE,2026-10-08T07:14:50.234037+00:00
ISIN:IT0005466963,ALRFG.PA,RACING FORCE S.p.A.,France,EUR,PAR,Paris,IT0005466963,RACING FORCE S P A,CERTAIN,ISIN_COMMUN,RESOLU_CERTAIN,2026-10-08T07:14:50.234037+00:00
ISIN:IT0005466963,X7Q.SG,Racing Force S.P.A.,Allemagne,EUR,STU,Stuttgart,IT0005466963,RACING FORCE S P A,CERTAIN,ISIN_COMMUN,RESOLU_CERTAIN,2026-10-08T07:14:50.234037+00:00
LISTING:RDS.V@VAN,RDS.V,Radisson Mining Resources Inc.,Canada,CAD,VAN,TSXV,-,RADISSON MINING RESOURCES INC,RELATION_CA_OTC_RESOLUE,NOM_NORMALISE+UNIQUE_CANADA+OTC,RESOLU_PRINCIPALE_CANADA,2026-10-08T07:14:50.234037+00:00
LISTING:RMRDF@OQX,RMRDF,Radisson Mining Resources Inc.,USA,USD,OQX,OTC Markets OTCQX,-,RADISSON MINING RESOURCES INC,RELATION_CA_OTC_RESOLUE,NOM_NORMALISE+UNIQUE_CANADA+OTC,RESOLU_SECONDAIRE_OTC,2026-10-08T07:14:50.234037+00:00
ISIN:KYG7375C1087,RANG,Range Capital Acquisition Corp.,USA,USD,NGM,NasdaqGM,KYG7375C1087,RANGE CAPITAL ACQUISITION CORP,DISTINCT,ISIN_DIFFERENTS,RESOLU_DISTINCT,2026-10-08T07:14:50.234037+00:00
ISIN:KYG7375J1031,RNGT,Range Capital Acquisition Corp,USA,USD,NGM,NasdaqGM,KYG7375J1031,RANGE CAPITAL ACQUISITION CORP,DISTINCT,ISIN_DIFFERENTS,RESOLU_DISTINCT,2026-10-08T07:14:50.234037+00:00
LISTING:REAL.TO@TOR,REAL.TO,REAL MATTERS INC,Canada,CAD,TOR,Toronto,-,REAL MATTERS INC,RELATION_CA_OTC_RESOLUE,NOM_NORMALISE+UNIQUE_CANADA+OTC,RESOLU_PRINCIPALE_CANADA,2026-10-08T07:14:50.234037+00:00
ISIN:CA75601Y1007,RLLMF,Real Matters Inc.,USA,USD,PNK,OTC Markets OTCPK,CA75601Y1007,REAL MATTERS INC,RELATION_CA_OTC_RESOLUE,NOM_NORMALISE+UNIQUE_CANADA+OTC,RESOLU_SECONDAIRE_OTC,2026-10-08T07:14:50.234037+00:00
LISTING:RET.DE@GER,RET.DE,RealUnit Schweiz AG           N,Allemagne,EUR,GER,XETRA,-,REALUNIT SCHWEIZ AG N,PROBABLE,NOM_NORMALISE+RACINE_TICKER+PLACES_DISTINCTES,HORS_UNIVERS_IDENTITE_INSUFFISANTE,2026-10-08T07:14:50.234037+00:00
LISTING:RET.DU@DUS,RET.DU,RealUnit Schweiz AG           N,Allemagne,EUR,DUS,Dusseldorf,-,REALUNIT SCHWEIZ AG N,PROBABLE,NOM_NORMALISE+RACINE_TICKER+PLACES_DISTINCTES,HORS_UNIVERS_IDENTITE_INSUFFISANTE,2026-10-08T07:14:50.234037+00:00
LISTING:RET.F@FRA,RET.F,RealUnit Schweiz AG           N,Allemagne,EUR,FRA,Frankfurt,-,REALUNIT SCHWEIZ AG N,PROBABLE,NOM_NORMALISE+RACINE_TICKER+PLACES_DISTINCTES,HORS_UNIVERS_IDENTITE_INSUFFISANTE,2026-10-08T07:14:50.234037+00:00
ISIN:CA75624R1082,RECAF,Reconnaissance Energy Africa Lt,USA,USD,OQX,OTC Markets OTCQX,CA75624R1082,RECONNAISSANCE ENERGY AFRICA LT,RELATION_CA_OTC_RESOLUE,NOM_NORMALISE+UNIQUE_CANADA+OTC,RESOLU_SECONDAIRE_OTC,2026-10-08T07:14:50.234037+00:00
LISTING:RECO.V@VAN,RECO.V,RECONNAISSANCE ENERGY AFRICA LT,Canada,CAD,VAN,TSXV,-,RECONNAISSANCE ENERGY AFRICA LT,RELATION_CA_OTC_RESOLUE,NOM_NORMALISE+UNIQUE_CANADA+OTC,RESOLU_PRINCIPALE_CANADA,2026-10-08T07:14:50.234037+00:00
LISTING:RET.V@VAN,RET.V,REITMANS CANADA LIMITED,Canada,CAD,VAN,TSXV,-,REITMANS CANADA LIMITED,RELATION_CA_OTC_RESOLUE,NOM_NORMALISE+UNIQUE_CANADA+OTC,RESOLU_PRINCIPALE_CANADA,2026-10-08T07:14:50.234037+00:00
LISTING:RTMAF@PNK,RTMAF,Reitmans (Canada) Limited,USA,USD,PNK,OTC Markets OTCPK,-,REITMANS CANADA LIMITED,RELATION_CA_OTC_RESOLUE,NOM_NORMALISE+UNIQUE_CANADA+OTC,RESOLU_SECONDAIRE_OTC,2026-10-08T07:14:50.234037+00:00
LISTING:RTMNF@PNK,RTMNF,Reitmans (Canada) Limited,USA,USD,PNK,OTC Markets OTCPK,-,REITMANS CANADA LIMITED,RELATION_CA_OTC_RESOLUE,NOM_NORMALISE+UNIQUE_CANADA+OTC,RESOLU_SECONDAIRE_OTC,2026-10-08T07:14:50.234037+00:00
LISTING:REMEDY.HE@HEL,REMEDY.HE,Remedy Entertainment Oyj,Finlande,EUR,HEL,Helsinki,-,REMEDY ENTERTAINMENT OYJ,NON_RESOLU,,HORS_UNIVERS_IDENTITE_INSUFFISANTE,2026-10-08T07:14:50.234037+00:00
LISTING:RMDEF@PNK,RMDEF,REMEDY ENTERTAINMENT OYJ,USA,USD,PNK,OTC Markets OTCPK,-,REMEDY ENTERTAINMENT OYJ,NON_RESOLU,,HORS_UNIVERS_IDENTITE_INSUFFISANTE,2026-10-08T07:14:50.234037+00:00
LISTING:8P8.F@FRA,8P8.F,Remedy Entertainment OYJ      R,Allemagne,EUR,FRA,Frankfurt,-,REMEDY ENTERTAINMENT OYJ R,PROBABLE,NOM_NORMALISE+RACINE_TICKER+PLACES_DISTINCTES,HORS_UNIVERS_IDENTITE_INSUFFISANTE,2026-10-08T07:14:50.234037+00:00
LISTING:8P8.MU@MUN,8P8.MU,Remedy Entertainment OYJ      R,Allemagne,EUR,MUN,Munich,-,REMEDY ENTERTAINMENT OYJ R,PROBABLE,NOM_NORMALISE+RACINE_TICKER+PLACES_DISTINCTES,HORS_UNIVERS_IDENTITE_INSUFFISANTE,2026-10-08T07:14:50.234037+00:00
ISIN:IIX,RACC,Research Alliance Corporation I,USA,USD,NCM,NasdaqCM,IIX,RESEARCH ALLIANCE CORPORATION I,DISTINCT,ISIN_DIFFERENTS,RESOLU_DISTINCT,2026-10-08T07:14:50.234037+00:00
ISIN:KYG752281090,RACD,Research Alliance Corporation I,USA,USD,NCM,NasdaqCM,KYG752281090,RESEARCH ALLIANCE CORPORATION I,DISTINCT,ISIN_DIFFERENTS,RESOLU_DISTINCT,2026-10-08T07:14:50.234037+00:00
ISIN:CA7613251098,REVFF,REV Exploration Corp.,USA,USD,OID,OTC Markets OTCID,CA7613251098,REV EXPLORATION CORP,RELATION_CA_OTC_RESOLUE,NOM_NORMALISE+UNIQUE_CANADA+OTC,RESOLU_SECONDAIRE_OTC,2026-10-08T07:14:50.234037+00:00
LISTING:REVX.V@VAN,REVX.V,REV EXPLORATION CORP,Canada,CAD,VAN,TSXV,-,REV EXPLORATION CORP,RELATION_CA_OTC_RESOLUE,NOM_NORMALISE+UNIQUE_CANADA+OTC,RESOLU_PRINCIPALE_CANADA,2026-10-08T07:14:50.234037+00:00
LISTING:RVG.V@VAN,RVG.V,REVIVAL GOLD INC,Canada,CAD,VAN,TSXV,-,REVIVAL GOLD INC,RELATION_CA_OTC_RESOLUE,NOM_NORMALISE+UNIQUE_CANADA+OTC,RESOLU_PRINCIPALE_CANADA,2026-10-08T07:14:50.234037+00:00
LISTING:RVLGF@OQX,RVLGF,Revival Gold Inc.,USA,USD,OQX,OTC Markets OTCQX,-,REVIVAL GOLD INC,RELATION_CA_OTC_RESOLUE,NOM_NORMALISE+UNIQUE_CANADA+OTC,RESOLU_SECONDAIRE_OTC,2026-10-08T07:14:50.234037+00:00
LISTING:RIC.TO@TOR,RIC.TO,RICHARDS GROUP INC,Canada,CAD,TOR,Toronto,-,RICHARDS GROUP INC,RELATION_CA_OTC_RESOLUE,NOM_NORMALISE+UNIQUE_CANADA+OTC,RESOLU_PRINCIPALE_CANADA,2026-10-08T07:14:50.234037+00:00
LISTING:RPKIF@PNK,RPKIF,Richards Group Inc.,USA,USD,PNK,OTC Markets OTCPK,-,RICHARDS GROUP INC,RELATION_CA_OTC_RESOLUE,NOM_NORMALISE+UNIQUE_CANADA+OTC,RESOLU_SECONDAIRE_OTC,2026-10-08T07:14:50.234037+00:00
LISTING:HP3A.DE@GER,HP3A.DE,Ringmetall SE                 N,Allemagne,EUR,GER,XETRA,-,RINGMETALL SE N,PROBABLE,NOM_NORMALISE+RACINE_TICKER+PLACES_DISTINCTES,HORS_UNIVERS_IDENTITE_INSUFFISANTE,2026-10-08T07:14:50.234037+00:00
LISTING:HP3A.F@FRA,HP3A.F,Ringmetall SE                 N,Allemagne,EUR,FRA,Frankfurt,-,RINGMETALL SE N,PROBABLE,NOM_NORMALISE+RACINE_TICKER+PLACES_DISTINCTES,HORS_UNIVERS_IDENTITE_INSUFFISANTE,2026-10-08T07:14:50.234037+00:00
ISIN:US76882H1059,RMM,RiverNorth Managed Duration Mun,USA,USD,NYQ,NYSE,US76882H1059,RIVERNORTH MANAGED DURATION MUN,DISTINCT,ISIN_DIFFERENTS,RESOLU_DISTINCT,2026-10-08T07:14:50.234037+00:00
ISIN:US76882M1045,RMMZ,RiverNorth Managed Duration Mun,USA,USD,NYQ,NYSE,US76882M1045,RIVERNORTH MANAGED DURATION MUN,DISTINCT,ISIN_DIFFERENTS,RESOLU_DISTINCT,2026-10-08T07:14:50.234037+00:00
LISTING:YTV.F@FRA,YTV.F,Rokiskio Suris PC             R,Allemagne,EUR,FRA,Frankfurt,-,ROKISKIO SURIS PC R,PROBABLE,NOM_NORMALISE+RACINE_TICKER+PLACES_DISTINCTES,HORS_UNIVERS_IDENTITE_INSUFFISANTE,2026-10-08T07:14:50.234037+00:00
LISTING:YTV.MU@MUN,YTV.MU,Rokiskio Suris PC             R,Allemagne,EUR,MUN,Munich,-,ROKISKIO SURIS PC R,PROBABLE,NOM_NORMALISE+RACINE_TICKER+PLACES_DISTINCTES,HORS_UNIVERS_IDENTITE_INSUFFISANTE,2026-10-08T07:14:50.234037+00:00
LISTING:ROOT.TO@TOR,ROOT.TO,ROOTS CORPORATION,Canada,CAD,TOR,Toronto,-,ROOTS CORPORATION,RELATION_CA_OTC_RESOLUE,NOM_NORMALISE+UNIQUE_CANADA+OTC,RESOLU_PRINCIPALE_CANADA,2026-10-08T07:14:50.234037+00:00
ISIN:CA7766521099,RROTF,Roots Corporation,USA,USD,PNK,OTC Markets OTCPK,CA7766521099,ROOTS CORPORATION,RELATION_CA_OTC_RESOLUE,NOM_NORMALISE+UNIQUE_CANADA+OTC,RESOLU_SECONDAIRE_OTC,2026-10-08T07:14:50.234037+00:00
LISTING:GARLF@OQX,GARLF,Roxmore Resources Inc.,USA,USD,OQX,OTC Markets OTCQX,-,ROXMORE RESOURCES INC,RELATION_CA_OTC_RESOLUE,NOM_NORMALISE+UNIQUE_CANADA+OTC,RESOLU_SECONDAIRE_OTC,2026-10-08T07:14:50.234037+00:00
LISTING:RM.TO@TOR,RM.TO,ROXMORE RESOURCES INC,Canada,CAD,TOR,Toronto,-,ROXMORE RESOURCES INC,RELATION_CA_OTC_RESOLUE,NOM_NORMALISE+UNIQUE_CANADA+OTC,RESOLU_PRINCIPALE_CANADA,2026-10-08T07:14:50.234037+00:00
ISIN:CA78109M2067,NZAUF,RUA GOLD INC.,USA,USD,OQX,OTC Markets OTCQX,CA78109M2067,RUA GOLD INC,RELATION_CA_OTC_RESOLUE,NOM_NORMALISE+UNIQUE_CANADA+OTC,RESOLU_SECONDAIRE_OTC,2026-10-08T07:14:50.234037+00:00
ISIN:RUAG00000000,RUA.TO,RUA GOLD INC,Canada,CAD,TOR,Toronto,RUAG00000000,RUA GOLD INC,RELATION_CA_OTC_RESOLUE,NOM_NORMALISE+UNIQUE_CANADA+OTC,RESOLU_PRINCIPALE_CANADA,2026-10-08T07:14:50.234037+00:00
LISTING:RBY.TO@TOR,RBY.TO,RUBELLITE ENERGY CORP,Canada,CAD,TOR,Toronto,-,RUBELLITE ENERGY CORP,RELATION_CA_OTC_RESOLUE,NOM_NORMALISE+UNIQUE_CANADA+OTC,RESOLU_PRINCIPALE_CANADA,2026-10-08T07:14:50.234037+00:00
LISTING:RUBLF@PNK,RUBLF,Rubellite Energy Corp.,USA,USD,PNK,OTC Markets OTCPK,-,RUBELLITE ENERGY CORP,RELATION_CA_OTC_RESOLUE,NOM_NORMALISE+UNIQUE_CANADA+OTC,RESOLU_SECONDAIRE_OTC,2026-10-08T07:14:50.234037+00:00
LISTING:0KG.DU@DUS,0KG.DU,Runway Growth Finance Corp.   R,Allemagne,EUR,DUS,Dusseldorf,-,RUNWAY GROWTH FINANCE CORP R,PROBABLE,NOM_NORMALISE+RACINE_TICKER+PLACES_DISTINCTES,HORS_UNIVERS_IDENTITE_INSUFFISANTE,2026-10-08T07:14:50.234037+00:00
LISTING:0KG.F@FRA,0KG.F,Runway Growth Finance Corp.   R,Allemagne,EUR,FRA,Frankfurt,-,RUNWAY GROWTH FINANCE CORP R,PROBABLE,NOM_NORMALISE+RACINE_TICKER+PLACES_DISTINCTES,HORS_UNIVERS_IDENTITE_INSUFFISANTE,2026-10-08T07:14:50.234037+00:00
LISTING:D0S.SG@STU,D0S.SG,Ryde Group Ltd.,Allemagne,EUR,STU,Stuttgart,-,RYDE GROUP LTD,NON_RESOLU,,HORS_UNIVERS_IDENTITE_INSUFFISANTE,2026-10-08T07:14:50.234037+00:00
ISIN:KYG7733R1020,RYDE,Ryde Group Ltd.,USA,USD,ASE,NYSE American,KYG7733R1020,RYDE GROUP LTD,NON_RESOLU,,HORS_UNIVERS_IDENTITE_INSUFFISANTE,2026-10-08T07:14:50.234037+00:00
LISTING:SRAG.DE@GER,SRAG.DE,Samara Asset Group PLC        R,Allemagne,EUR,GER,XETRA,-,SAMARA ASSET GROUP PLC R,PROBABLE,NOM_NORMALISE+RACINE_TICKER+PLACES_DISTINCTES,HORS_UNIVERS_IDENTITE_INSUFFISANTE,2026-10-08T07:14:50.234037+00:00
LISTING:SRAG.DU@DUS,SRAG.DU,Samara Asset Group PLC        R,Allemagne,EUR,DUS,Dusseldorf,-,SAMARA ASSET GROUP PLC R,PROBABLE,NOM_NORMALISE+RACINE_TICKER+PLACES_DISTINCTES,HORS_UNIVERS_IDENTITE_INSUFFISANTE,2026-10-08T07:14:50.234037+00:00
LISTING:SRAG.F@FRA,SRAG.F,Samara Asset Group PLC        R,Allemagne,EUR,FRA,Frankfurt,-,SAMARA ASSET GROUP PLC R,PROBABLE,NOM_NORMALISE+RACINE_TICKER+PLACES_DISTINCTES,HORS_UNIVERS_IDENTITE_INSUFFISANTE,2026-10-08T07:14:50.234037+00:00
LISTING:SFR.V@VAN,SFR.V,SANDFIRE RESOURCES AMERICA INC,Canada,CAD,VAN,TSXV,-,SANDFIRE RESOURCES AMERICA INC,RELATION_CA_OTC_RESOLUE,NOM_NORMALISE+UNIQUE_CANADA+OTC,RESOLU_PRINCIPALE_CANADA,2026-10-08T07:14:50.234037+00:00
ISIN:CA8000281029,SRAFF,Sandfire Resources America Inc.,USA,USD,OQB,OTC Markets OTCQB,CA8000281029,SANDFIRE RESOURCES AMERICA INC,RELATION_CA_OTC_RESOLUE,NOM_NORMALISE+UNIQUE_CANADA+OTC,RESOLU_SECONDAIRE_OTC,2026-10-08T07:14:50.234037+00:00
LISTING:SANG@NMS,SANG,Sangoma Technologies Corporatio,USA,USD,NMS,NasdaqGS,-,SANGOMA TECHNOLOGIES CORPORATIO,NON_RESOLU,,HORS_UNIVERS_IDENTITE_INSUFFISANTE,2026-10-08T07:14:50.234037+00:00
LISTING:STC.TO@TOR,STC.TO,SANGOMA TECHNOLOGIES CORPORATIO,Canada,CAD,TOR,Toronto,-,SANGOMA TECHNOLOGIES CORPORATIO,NON_RESOLU,,HORS_UNIVERS_IDENTITE_INSUFFISANTE,2026-10-08T07:14:50.234037+00:00
LISTING:SANNZ.XC@CXE,SANNZ.XC,Santhera Pharmaceuticals Holdin,Royaume-Uni,GBP,CXE,Cboe UK,-,SANTHERA PHARMACEUTICALS HOLDIN,NON_RESOLU,,HORS_UNIVERS_IDENTITE_INSUFFISANTE,2026-10-08T07:14:50.234037+00:00
LISTING:SPHDF@PNK,SPHDF,Santhera Pharmaceuticals Holdin,USA,USD,PNK,OTC Markets OTCPK,-,SANTHERA PHARMACEUTICALS HOLDIN,NON_RESOLU,,HORS_UNIVERS_IDENTITE_INSUFFISANTE,2026-10-08T07:14:50.234037+00:00
LISTING:MSCL.TO@TOR,MSCL.TO,SATELLOS BIOSCIENCE INC,Canada,CAD,TOR,Toronto,-,SATELLOS BIOSCIENCE INC,NON_RESOLU,,HORS_UNIVERS_IDENTITE_INSUFFISANTE,2026-10-08T07:14:50.234037+00:00
ISIN:CA80401L8033,MSLE,Satellos Bioscience Inc.,USA,USD,NGM,NasdaqGM,CA80401L8033,SATELLOS BIOSCIENCE INC,NON_RESOLU,,HORS_UNIVERS_IDENTITE_INSUFFISANTE,2026-10-08T07:14:50.234037+00:00
LISTING:SCD.V@VAN,SCD.V,SCANDIUM CANADA LTD,Canada,CAD,VAN,TSXV,-,SCANDIUM CANADA LTD,RELATION_CA_OTC_RESOLUE,NOM_NORMALISE+UNIQUE_CANADA+OTC,RESOLU_PRINCIPALE_CANADA,2026-10-08T07:14:50.234037+00:00
LISTING:SCDCF@PNK,SCDCF,SCANDIUM CANADA LTD.,USA,USD,PNK,OTC Markets OTCPK,-,SCANDIUM CANADA LTD,RELATION_CA_OTC_RESOLUE,NOM_NORMALISE+UNIQUE_CANADA+OTC,RESOLU_SECONDAIRE_OTC,2026-10-08T07:14:50.234037+00:00
LISTING:PZS.DE@GER,PZS.DE,Scherzer & Co. AG             I,Allemagne,EUR,GER,XETRA,-,SCHERZER CO AG I,PROBABLE,NOM_NORMALISE+RACINE_TICKER+PLACES_DISTINCTES,HORS_UNIVERS_IDENTITE_INSUFFISANTE,2026-10-08T07:14:50.234037+00:00
LISTING:PZS.F@FRA,PZS.F,Scherzer & Co. AG             I,Allemagne,EUR,FRA,Frankfurt,-,SCHERZER CO AG I,PROBABLE,NOM_NORMALISE+RACINE_TICKER+PLACES_DISTINCTES,HORS_UNIVERS_IDENTITE_INSUFFISANTE,2026-10-08T07:14:50.234037+00:00
LISTING:SWA.DE@GER,SWA.DE,Schloss Wachenheim AG         I,Allemagne,EUR,GER,XETRA,-,SCHLOSS WACHENHEIM AG I,PROBABLE,NOM_NORMALISE+RACINE_TICKER+PLACES_DISTINCTES,HORS_UNIVERS_IDENTITE_INSUFFISANTE,2026-10-08T07:14:50.234037+00:00
LISTING:SWA.F@FRA,SWA.F,Schloss Wachenheim AG         I,Allemagne,EUR,FRA,Frankfurt,-,SCHLOSS WACHENHEIM AG I,PROBABLE,NOM_NORMALISE+RACINE_TICKER+PLACES_DISTINCTES,HORS_UNIVERS_IDENTITE_INSUFFISANTE,2026-10-08T07:14:50.234037+00:00
LISTING:RY9.SG@STU,RY9.SG,Scorpio Gold Corp.,Allemagne,EUR,STU,Stuttgart,-,SCORPIO GOLD CORP,NON_RESOLU,,HORS_UNIVERS_IDENTITE_INSUFFISANTE,2026-10-08T07:14:50.234037+00:00
ISIN:CA80918M3021,SRCRF,Scorpio Gold Corp.,USA,USD,OQB,OTC Markets OTCQB,CA80918M3021,SCORPIO GOLD CORP,NON_RESOLU,,HORS_UNIVERS_IDENTITE_INSUFFISANTE,2026-10-08T07:14:50.234037+00:00
LISTING:SCMI.V@VAN,SCMI.V,SELKIRK COPPER MINES INC,Canada,CAD,VAN,TSXV,-,SELKIRK COPPER MINES INC,RELATION_CA_OTC_RESOLUE,NOM_NORMALISE+UNIQUE_CANADA+OTC,RESOLU_PRINCIPALE_CANADA,2026-10-08T07:14:50.234037+00:00
ISIN:CA81640B1013,SKRKF,Selkirk Copper Mines Inc.,USA,USD,OQX,OTC Markets OTCQX,CA81640B1013,SELKIRK COPPER MINES INC,RELATION_CA_OTC_RESOLUE,NOM_NORMALISE+UNIQUE_CANADA+OTC,RESOLU_SECONDAIRE_OTC,2026-10-08T07:14:50.234037+00:00
LISTING:5S4.F@FRA,5S4.F,"Sentul City Tbk, PT           R",Allemagne,EUR,FRA,Frankfurt,-,SENTUL CITY TBK PT R,PROBABLE,NOM_NORMALISE+RACINE_TICKER+PLACES_DISTINCTES,HORS_UNIVERS_IDENTITE_INSUFFISANTE,2026-10-08T07:14:50.234037+00:00
LISTING:5S4.MU@MUN,5S4.MU,"Sentul City Tbk, PT           R",Allemagne,EUR,MUN,Munich,-,SENTUL CITY TBK PT R,PROBABLE,NOM_NORMALISE+RACINE_TICKER+PLACES_DISTINCTES,HORS_UNIVERS_IDENTITE_INSUFFISANTE,2026-10-08T07:14:50.234037+00:00
LISTING:SBI.TO@TOR,SBI.TO,SERABI GOLD PLC,Canada,CAD,TOR,Toronto,-,SERABI GOLD PLC,RELATION_CA_OTC_RESOLUE,NOM_NORMALISE+UNIQUE_CANADA+OTC,RESOLU_PRINCIPALE_CANADA,2026-10-08T07:14:50.234037+00:00
ISIN:GB00BG5NDX91,SRBIF,Serabi Gold Plc,USA,USD,OQX,OTC Markets OTCQX,GB00BG5NDX91,SERABI GOLD PLC,RELATION_CA_OTC_RESOLUE,NOM_NORMALISE+UNIQUE_CANADA+OTC,RESOLU_SECONDAIRE_OTC,2026-10-08T07:14:50.234037+00:00
LISTING:SJJ.DE@GER,SJJ.DE,Serviceware SE                I,Allemagne,EUR,GER,XETRA,-,SERVICEWARE SE I,PROBABLE,NOM_NORMALISE+RACINE_TICKER+PLACES_DISTINCTES,HORS_UNIVERS_IDENTITE_INSUFFISANTE,2026-10-08T07:14:50.234037+00:00
LISTING:SJJ.F@FRA,SJJ.F,Serviceware SE                I,Allemagne,EUR,FRA,Frankfurt,-,SERVICEWARE SE I,PROBABLE,NOM_NORMALISE+RACINE_TICKER+PLACES_DISTINCTES,HORS_UNIVERS_IDENTITE_INSUFFISANTE,2026-10-08T07:14:50.234037+00:00
LISTING:SVE.DE@GER,SVE.DE,Shareholder Value Beteilig.AG N,Allemagne,EUR,GER,XETRA,-,SHAREHOLDER VALUE BETEILIG AG N,PROBABLE,NOM_NORMALISE+RACINE_TICKER+PLACES_DISTINCTES,HORS_UNIVERS_IDENTITE_INSUFFISANTE,2026-10-08T07:14:50.234037+00:00
LISTING:SVE.F@FRA,SVE.F,Shareholder Value Beteilig.AG N,Allemagne,EUR,FRA,Frankfurt,-,SHAREHOLDER VALUE BETEILIG AG N,PROBABLE,NOM_NORMALISE+RACINE_TICKER+PLACES_DISTINCTES,HORS_UNIVERS_IDENTITE_INSUFFISANTE,2026-10-08T07:14:50.234037+00:00
LISTING:S3T.SG@STU,S3T.SG,Shutterstock Inc.,Allemagne,EUR,STU,Stuttgart,-,SHUTTERSTOCK INC,NON_RESOLU,,HORS_UNIVERS_IDENTITE_INSUFFISANTE,2026-10-08T07:14:50.234037+00:00
ISIN:US8256901005,SSTK,"Shutterstock, Inc.",USA,USD,NYQ,NYSE,US8256901005,SHUTTERSTOCK INC,NON_RESOLU,,HORS_UNIVERS_IDENTITE_INSUFFISANTE,2026-10-08T07:14:50.234037+00:00
LISTING:SM.V@VAN,SM.V,SIERRA MADRE GOLD AND SILVER LT,Canada,CAD,VAN,TSXV,-,SIERRA MADRE GOLD AND SILVER LT,RELATION_CA_OTC_RESOLUE,NOM_NORMALISE+UNIQUE_CANADA+OTC,RESOLU_PRINCIPALE_CANADA,2026-10-08T07:14:50.234037+00:00
ISIN:CA8263XP1041,SMDRF,Sierra Madre Gold and Silver Lt,USA,USD,OQX,OTC Markets OTCQX,CA8263XP1041,SIERRA MADRE GOLD AND SILVER LT,RELATION_CA_OTC_RESOLUE,NOM_NORMALISE+UNIQUE_CANADA+OTC,RESOLU_SECONDAIRE_OTC,2026-10-08T07:14:50.234037+00:00
LISTING:FY2.F@FRA,FY2.F,Silver Bow Mining Corp.       R,Allemagne,EUR,FRA,Frankfurt,-,SILVER BOW MINING CORP R,PROBABLE,NOM_NORMALISE+RACINE_TICKER+PLACES_DISTINCTES,HORS_UNIVERS_IDENTITE_INSUFFISANTE,2026-10-08T07:14:50.234037+00:00
LISTING:FY2.HM@HAM,FY2.HM,Silver Bow Mining Corp.       R,Allemagne,EUR,HAM,Hamburg,-,SILVER BOW MINING CORP R,PROBABLE,NOM_NORMALISE+RACINE_TICKER+PLACES_DISTINCTES,HORS_UNIVERS_IDENTITE_INSUFFISANTE,2026-10-08T07:14:50.234037+00:00
LISTING:FY2.MU@MUN,FY2.MU,Silver Bow Mining Corp.       R,Allemagne,EUR,MUN,Munich,-,SILVER BOW MINING CORP R,PROBABLE,NOM_NORMALISE+RACINE_TICKER+PLACES_DISTINCTES,HORS_UNIVERS_IDENTITE_INSUFFISANTE,2026-10-08T07:14:50.234037+00:00
LISTING:AGMR.TO@TOR,AGMR.TO,SILVER MOUNTAIN RESOURCES INC,Canada,CAD,TOR,Toronto,-,SILVER MOUNTAIN RESOURCES INC,RELATION_CA_OTC_RESOLUE,NOM_NORMALISE+UNIQUE_CANADA+OTC,RESOLU_PRINCIPALE_CANADA,2026-10-08T07:14:50.234037+00:00
ISIN:CA8280421014,AGMRF,Silver Mountain Resources Inc.,USA,USD,OQB,OTC Markets OTCQB,CA8280421014,SILVER MOUNTAIN RESOURCES INC,RELATION_CA_OTC_RESOLUE,NOM_NORMALISE+UNIQUE_CANADA+OTC,RESOLU_SECONDAIRE_OTC,2026-10-08T07:14:50.234037+00:00
LISTING:SLVRF@OQX,SLVRF,Silver One Resources Inc.,USA,USD,OQX,OTC Markets OTCQX,-,SILVER ONE RESOURCES INC,RELATION_CA_OTC_RESOLUE,NOM_NORMALISE+UNIQUE_CANADA+OTC,RESOLU_SECONDAIRE_OTC,2026-10-08T07:14:50.234037+00:00
LISTING:SVE.V@VAN,SVE.V,SILVER ONE RESOURCES INC,Canada,CAD,VAN,TSXV,-,SILVER ONE RESOURCES INC,RELATION_CA_OTC_RESOLUE,NOM_NORMALISE+UNIQUE_CANADA+OTC,RESOLU_PRINCIPALE_CANADA,2026-10-08T07:14:50.234037+00:00
LISTING:SVRS.V@VAN,SVRS.V,SILVER STORM MINING LTD,Canada,CAD,VAN,TSXV,-,SILVER STORM MINING LTD,RELATION_CA_OTC_RESOLUE,NOM_NORMALISE+UNIQUE_CANADA+OTC,RESOLU_PRINCIPALE_CANADA,2026-10-08T07:14:50.234037+00:00
LISTING:SVRSF@OQX,SVRSF,Silver Storm Mining Ltd.,USA,USD,OQX,OTC Markets OTCQX,-,SILVER STORM MINING LTD,RELATION_CA_OTC_RESOLUE,NOM_NORMALISE+UNIQUE_CANADA+OTC,RESOLU_SECONDAIRE_OTC,2026-10-08T07:14:50.234037+00:00
LISTING:SLVR.TO@TOR,SLVR.TO,SILVER TIGER METALS INC,Canada,CAD,TOR,Toronto,-,SILVER TIGER METALS INC,RELATION_CA_OTC_RESOLUE,NOM_NORMALISE+UNIQUE_CANADA+OTC,RESOLU_PRINCIPALE_CANADA,2026-10-08T07:14:50.234037+00:00
LISTING:SLVTF@OQX,SLVTF,Silver Tiger Metals Inc.,USA,USD,OQX,OTC Markets OTCQX,-,SILVER TIGER METALS INC,RELATION_CA_OTC_RESOLUE,NOM_NORMALISE+UNIQUE_CANADA+OTC,RESOLU_SECONDAIRE_OTC,2026-10-08T07:14:50.234037+00:00
ISIN:XIT,AGX.V,SILVER X MINING CORP,Canada,CAD,VAN,TSXV,XIT,SILVER X MINING CORP,RELATION_CA_OTC_RESOLUE,NOM_NORMALISE+UNIQUE_CANADA+OTC,RESOLU_PRINCIPALE_CANADA,2026-10-08T07:14:50.234037+00:00
ISIN:CA8283411079,AGXPF,Silver X Mining Corp.,USA,USD,OQX,OTC Markets OTCQX,CA8283411079,SILVER X MINING CORP,RELATION_CA_OTC_RESOLUE,NOM_NORMALISE+UNIQUE_CANADA+OTC,RESOLU_SECONDAIRE_OTC,2026-10-08T07:14:50.234037+00:00
ISIN:CA8277191059,AAGAF,Silver47 Exploration Corp.,USA,USD,OQX,OTC Markets OTCQX,CA8277191059,SILVER47 EXPLORATION CORP,RELATION_CA_OTC_RESOLUE,NOM_NORMALISE+UNIQUE_CANADA+OTC,RESOLU_SECONDAIRE_OTC,2026-10-08T07:14:50.234037+00:00
LISTING:AGA.V@VAN,AGA.V,SILVER47 EXPLORATION CORP,Canada,CAD,VAN,TSXV,-,SILVER47 EXPLORATION CORP,RELATION_CA_OTC_RESOLUE,NOM_NORMALISE+UNIQUE_CANADA+OTC,RESOLU_PRINCIPALE_CANADA,2026-10-08T07:14:50.234037+00:00
LISTING:SNG.DE@GER,SNG.DE,Singulus Technologies AG      I,Allemagne,EUR,GER,XETRA,-,SINGULUS TECHNOLOGIES AG I,PROBABLE,NOM_NORMALISE+RACINE_TICKER+PLACES_DISTINCTES,HORS_UNIVERS_IDENTITE_INSUFFISANTE,2026-10-08T07:14:50.234037+00:00
LISTING:SNG.F@FRA,SNG.F,Singulus Technologies AG      I,Allemagne,EUR,FRA,Frankfurt,-,SINGULUS TECHNOLOGIES AG I,PROBABLE,NOM_NORMALISE+RACINE_TICKER+PLACES_DISTINCTES,HORS_UNIVERS_IDENTITE_INSUFFISANTE,2026-10-08T07:14:50.234037+00:00
LISTING:XTP.DE@GER,XTP.DE,SINO AG                       I,Allemagne,EUR,GER,XETRA,-,SINO AG I,PROBABLE,NOM_NORMALISE+RACINE_TICKER+PLACES_DISTINCTES,HORS_UNIVERS_IDENTITE_INSUFFISANTE,2026-10-08T07:14:50.234037+00:00
LISTING:XTP.F@FRA,XTP.F,SINO AG                       I,Allemagne,EUR,FRA,Frankfurt,-,SINO AG I,PROBABLE,NOM_NORMALISE+RACINE_TICKER+PLACES_DISTINCTES,HORS_UNIVERS_IDENTITE_INSUFFISANTE,2026-10-08T07:14:50.234037+00:00
LISTING:SEI.V@VAN,SEI.V,SINTANA ENERGY INC,Canada,CAD,VAN,TSXV,-,SINTANA ENERGY INC,RELATION_CA_OTC_RESOLUE,NOM_NORMALISE+UNIQUE_CANADA+OTC,RESOLU_PRINCIPALE_CANADA,2026-10-08T07:14:50.234037+00:00
ISIN:CA82938H1073,SEUSF,"Sintana Energy, Inc.",USA,USD,OQX,OTC Markets OTCQX,CA82938H1073,SINTANA ENERGY INC,RELATION_CA_OTC_RESOLUE,NOM_NORMALISE+UNIQUE_CANADA+OTC,RESOLU_SECONDAIRE_OTC,2026-10-08T07:14:50.234037+00:00
ISIN:CA8299085081,SIREF,Sirios Resources Inc.,USA,USD,OQB,OTC Markets OTCQB,CA8299085081,SIRIOS RESOURCES INC,RELATION_CA_OTC_RESOLUE,NOM_NORMALISE+UNIQUE_CANADA+OTC,RESOLU_SECONDAIRE_OTC,2026-10-08T07:14:50.234037+00:00
LISTING:SOI.V@VAN,SOI.V,Sirios Resources Inc.,Canada,CAD,VAN,TSXV,-,SIRIOS RESOURCES INC,RELATION_CA_OTC_RESOLUE,NOM_NORMALISE+UNIQUE_CANADA+OTC,RESOLU_PRINCIPALE_CANADA,2026-10-08T07:14:50.234037+00:00
LISTING:SYH.V@VAN,SYH.V,SKYHARBOUR RESOURCES LTD.,Canada,CAD,VAN,TSXV,-,SKYHARBOUR RESOURCES LTD,RELATION_CA_OTC_RESOLUE,NOM_NORMALISE+UNIQUE_CANADA+OTC,RESOLU_PRINCIPALE_CANADA,2026-10-08T07:14:50.234037+00:00
ISIN:CA8308166096,SYHBF,Skyharbour Resources Ltd.,USA,USD,OQX,OTC Markets OTCQX,CA8308166096,SKYHARBOUR RESOURCES LTD,RELATION_CA_OTC_RESOLUE,NOM_NORMALISE+UNIQUE_CANADA+OTC,RESOLU_SECONDAIRE_OTC,2026-10-08T07:14:50.234037+00:00
LISTING:1SMA.DE@GER,1SMA.DE,SMAG Mobile Antenna Masts AG  I,Allemagne,EUR,GER,XETRA,-,SMAG MOBILE ANTENNA MASTS AG I,PROBABLE,NOM_NORMALISE+RACINE_TICKER+PLACES_DISTINCTES,HORS_UNIVERS_IDENTITE_INSUFFISANTE,2026-10-08T07:14:50.234037+00:00
LISTING:1SMA.F@FRA,1SMA.F,SMAG Mobile Antenna Masts AG  I,Allemagne,EUR,FRA,Frankfurt,-,SMAG MOBILE ANTENNA MASTS AG I,PROBABLE,NOM_NORMALISE+RACINE_TICKER+PLACES_DISTINCTES,HORS_UNIVERS_IDENTITE_INSUFFISANTE,2026-10-08T07:14:50.234037+00:00
LISTING:SB1.DE@GER,SB1.DE,Smartbroker Holding AG        I,Allemagne,EUR,GER,XETRA,-,SMARTBROKER HOLDING AG I,PROBABLE,NOM_NORMALISE+RACINE_TICKER+PLACES_DISTINCTES,HORS_UNIVERS_IDENTITE_INSUFFISANTE,2026-10-08T07:14:50.234037+00:00
LISTING:SB1.F@FRA,SB1.F,Smartbroker Holding AG        I,Allemagne,EUR,FRA,Frankfurt,-,SMARTBROKER HOLDING AG I,PROBABLE,NOM_NORMALISE+RACINE_TICKER+PLACES_DISTINCTES,HORS_UNIVERS_IDENTITE_INSUFFISANTE,2026-10-08T07:14:50.234037+00:00
ISIN:CA83307B1013,SNDL,SNDL Inc.,USA,USD,NCM,NasdaqCM,CA83307B1013,SNDL INC,PROBABLE,NOM_NORMALISE+RACINE_TICKER+PLACES_DISTINCTES,HORS_UNIVERS_IDENTITE_INSUFFISANTE,2026-10-08T07:14:50.234037+00:00
LISTING:SNDL.CN@CNQ,SNDL.CN,SNDL Inc.,Canada,CAD,CNQ,Canadian Sec,-,SNDL INC,PROBABLE,NOM_NORMALISE+RACINE_TICKER+PLACES_DISTINCTES,HORS_UNIVERS_IDENTITE_INSUFFISANTE,2026-10-08T07:14:50.234037+00:00
LISTING:1X0.F@FRA,1X0.F,Sol Strategies Inc.           R,Allemagne,EUR,FRA,Frankfurt,-,SOL STRATEGIES INC R,PROBABLE,NOM_NORMALISE+RACINE_TICKER+PLACES_DISTINCTES,HORS_UNIVERS_IDENTITE_INSUFFISANTE,2026-10-08T07:14:50.234037+00:00
LISTING:1X0.MU@MUN,1X0.MU,Sol Strategies Inc.           R,Allemagne,EUR,MUN,Munich,-,SOL STRATEGIES INC R,PROBABLE,NOM_NORMALISE+RACINE_TICKER+PLACES_DISTINCTES,HORS_UNIVERS_IDENTITE_INSUFFISANTE,2026-10-08T07:14:50.234037+00:00
LISTING:26H1.F@FRA,26H1.F,Solana Co.                    R,Allemagne,EUR,FRA,Frankfurt,-,SOLANA CO R,PROBABLE,NOM_NORMALISE+RACINE_TICKER+PLACES_DISTINCTES,HORS_UNIVERS_IDENTITE_INSUFFISANTE,2026-10-08T07:14:50.234037+00:00
LISTING:26H1.MU@MUN,26H1.MU,Solana Co.                    R,Allemagne,EUR,MUN,Munich,-,SOLANA CO R,PROBABLE,NOM_NORMALISE+RACINE_TICKER+PLACES_DISTINCTES,HORS_UNIVERS_IDENTITE_INSUFFISANTE,2026-10-08T07:14:50.234037+00:00
ISIN:CA83445W1086,SMAGF,Soma Gold Corp.,USA,USD,OQX,OTC Markets OTCQX,CA83445W1086,SOMA GOLD CORP,RELATION_CA_OTC_RESOLUE,NOM_NORMALISE+UNIQUE_CANADA+OTC,RESOLU_SECONDAIRE_OTC,2026-10-08T07:14:50.234037+00:00
LISTING:SOMA.V@VAN,SOMA.V,SOMA GOLD CORP,Canada,CAD,VAN,TSXV,-,SOMA GOLD CORP,RELATION_CA_OTC_RESOLUE,NOM_NORMALISE+UNIQUE_CANADA+OTC,RESOLU_PRINCIPALE_CANADA,2026-10-08T07:14:50.234037+00:00
LISTING:AW0.DU@DUS,AW0.DU,Somec SpA                     A,Allemagne,EUR,DUS,Dusseldorf,-,SOMEC SPA A,PROBABLE,NOM_NORMALISE+RACINE_TICKER+PLACES_DISTINCTES,HORS_UNIVERS_IDENTITE_INSUFFISANTE,2026-10-08T07:14:50.234037+00:00
LISTING:AW0.F@FRA,AW0.F,Somec SpA                     A,Allemagne,EUR,FRA,Frankfurt,-,SOMEC SPA A,PROBABLE,NOM_NORMALISE+RACINE_TICKER+PLACES_DISTINCTES,HORS_UNIVERS_IDENTITE_INSUFFISANTE,2026-10-08T07:14:50.234037+00:00
ISIN:SE0019889833,SOSI1.HE,Sotkamo Silver AB,Finlande,EUR,HEL,Helsinki,SE0019889833,SOTKAMO SILVER AB,CERTAIN,ISIN_COMMUN,RESOLU_CERTAIN,2026-10-08T07:14:50.234037+00:00
ISIN:SE0019889833,SOSI1H.XC,Sotkamo Silver AB,Royaume-Uni,GBP,CXE,Cboe UK,SE0019889833,SOTKAMO SILVER AB,CERTAIN,ISIN_COMMUN,RESOLU_CERTAIN,2026-10-08T07:14:50.234037+00:00
ISIN:CA83615X4075,SCEYF,Source Energy Services Ltd.,USA,USD,PNK,OTC Markets OTCPK,CA83615X4075,SOURCE ENERGY SERVICES LTD,RELATION_CA_OTC_RESOLUE,NOM_NORMALISE+UNIQUE_CANADA+OTC,RESOLU_SECONDAIRE_OTC,2026-10-08T07:14:50.234037+00:00
LISTING:SHLE.TO@TOR,SHLE.TO,SOURCE ENERGY SERVICES LTD,Canada,CAD,TOR,Toronto,-,SOURCE ENERGY SERVICES LTD,RELATION_CA_OTC_RESOLUE,NOM_NORMALISE+UNIQUE_CANADA+OTC,RESOLU_PRINCIPALE_CANADA,2026-10-08T07:14:50.234037+00:00
LISTING:SEG1.SG@STU,SEG1.SG,Southern Silver Exploration Cor,Allemagne,EUR,STU,Stuttgart,-,SOUTHERN SILVER EXPLORATION COR,NON_RESOLU,,HORS_UNIVERS_IDENTITE_INSUFFISANTE,2026-10-08T07:14:50.234037+00:00
LISTING:SSV.V@VAN,SSV.V,SOUTHERN SILVER EXPLORATION COR,Canada,CAD,VAN,TSXV,-,SOUTHERN SILVER EXPLORATION COR,RELATION_CA_OTC_RESOLUE,NOM_NORMALISE+UNIQUE_CANADA+OTC,RESOLU_PRINCIPALE_CANADA,2026-10-08T07:14:50.234037+00:00
ISIN:CA8438142033,SSVFF,Southern Silver Exploration Cor,USA,USD,OQX,OTC Markets OTCQX,CA8438142033,SOUTHERN SILVER EXPLORATION COR,RELATION_CA_OTC_RESOLUE,NOM_NORMALISE+UNIQUE_CANADA+OTC,RESOLU_SECONDAIRE_OTC,2026-10-08T07:14:50.234037+00:00
LISTING:SGQ.V@VAN,SGQ.V,SOUTHGOBI RESOURCES LTD,Canada,CAD,VAN,TSXV,-,SOUTHGOBI RESOURCES LTD,RELATION_CA_OTC_RESOLUE,NOM_NORMALISE+UNIQUE_CANADA+OTC,RESOLU_PRINCIPALE_CANADA,2026-10-08T07:14:50.234037+00:00
ISIN:CA8443751059,SGQRF,SOUTHGOBI RESOURCES LTD,USA,USD,PNK,OTC Markets OTCPK,CA8443751059,SOUTHGOBI RESOURCES LTD,RELATION_CA_OTC_RESOLUE,NOM_NORMALISE+UNIQUE_CANADA+OTC,RESOLU_SECONDAIRE_OTC,2026-10-08T07:14:50.234037+00:00
LISTING:SPA.V@VAN,SPA.V,SPANISH MOUNTAIN GOLD LTD,Canada,CAD,VAN,TSXV,-,SPANISH MOUNTAIN GOLD LTD,RELATION_CA_OTC_RESOLUE,NOM_NORMALISE+UNIQUE_CANADA+OTC,RESOLU_PRINCIPALE_CANADA,2026-10-08T07:14:50.234037+00:00
ISIN:CA8464811097,SPAUF,Spanish Mountain Gold Ltd.,USA,USD,OQB,OTC Markets OTCQB,CA8464811097,SPANISH MOUNTAIN GOLD LTD,RELATION_CA_OTC_RESOLUE,NOM_NORMALISE+UNIQUE_CANADA+OTC,RESOLU_SECONDAIRE_OTC,2026-10-08T07:14:50.234037+00:00
LISTING:EDT.TO@TOR,EDT.TO,SPECTRAL MEDICAL INC,Canada,CAD,TOR,Toronto,-,SPECTRAL MEDICAL INC,RELATION_CA_OTC_RESOLUE,NOM_NORMALISE+UNIQUE_CANADA+OTC,RESOLU_PRINCIPALE_CANADA,2026-10-08T07:14:50.234037+00:00
LISTING:EDTXF@PNK,EDTXF,Spectral Medical Inc.,USA,USD,PNK,OTC Markets OTCPK,-,SPECTRAL MEDICAL INC,RELATION_CA_OTC_RESOLUE,NOM_NORMALISE+UNIQUE_CANADA+OTC,RESOLU_SECONDAIRE_OTC,2026-10-08T07:14:50.234037+00:00
LISTING:B7J1.DE@GER,B7J1.DE,SRV YHTIOET OYJ,Allemagne,EUR,GER,XETRA,-,SRV YHTIOET OYJ,PROBABLE,NOM_NORMALISE+RACINE_TICKER+PLACES_DISTINCTES,HORS_UNIVERS_IDENTITE_INSUFFISANTE,2026-10-08T07:14:50.234037+00:00
LISTING:B7J1.F@FRA,B7J1.F,SRV YHTIOET OYJ,Allemagne,EUR,FRA,Frankfurt,-,SRV YHTIOET OYJ,PROBABLE,NOM_NORMALISE+RACINE_TICKER+PLACES_DISTINCTES,HORS_UNIVERS_IDENTITE_INSUFFISANTE,2026-10-08T07:14:50.234037+00:00
LISTING:ST5.DE@GER,ST5.DE,STEICO SE                     I,Allemagne,EUR,GER,XETRA,-,STEICO SE I,PROBABLE,NOM_NORMALISE+RACINE_TICKER+PLACES_DISTINCTES,HORS_UNIVERS_IDENTITE_INSUFFISANTE,2026-10-08T07:14:50.234037+00:00
LISTING:ST5.F@FRA,ST5.F,STEICO SE                     I,Allemagne,EUR,FRA,Frankfurt,-,STEICO SE I,PROBABLE,NOM_NORMALISE+RACINE_TICKER+PLACES_DISTINCTES,HORS_UNIVERS_IDENTITE_INSUFFISANTE,2026-10-08T07:14:50.234037+00:00
LISTING:4X0.DE@GER,4X0.DE,Steyr Motors AG               I,Allemagne,EUR,GER,XETRA,-,STEYR MOTORS AG I,PROBABLE,NOM_NORMALISE+RACINE_TICKER+PLACES_DISTINCTES,HORS_UNIVERS_IDENTITE_INSUFFISANTE,2026-10-08T07:14:50.234037+00:00
LISTING:4X0.F@FRA,4X0.F,Steyr Motors AG               I,Allemagne,EUR,FRA,Frankfurt,-,STEYR MOTORS AG I,PROBABLE,NOM_NORMALISE+RACINE_TICKER+PLACES_DISTINCTES,HORS_UNIVERS_IDENTITE_INSUFFISANTE,2026-10-08T07:14:50.234037+00:00
LISTING:PGE.V@VAN,PGE.V,STILLWATER CRITICAL MINERALS CO,Canada,CAD,VAN,TSXV,-,STILLWATER CRITICAL MINERALS CO,RELATION_CA_OTC_RESOLUE,NOM_NORMALISE+UNIQUE_CANADA+OTC,RESOLU_PRINCIPALE_CANADA,2026-10-08T07:14:50.234037+00:00
ISIN:CA86074L1031,PGEZF,STILLWATER CRITICAL MINERALS CO,USA,USD,OQB,OTC Markets OTCQB,CA86074L1031,STILLWATER CRITICAL MINERALS CO,RELATION_CA_OTC_RESOLUE,NOM_NORMALISE+UNIQUE_CANADA+OTC,RESOLU_SECONDAIRE_OTC,2026-10-08T07:14:50.234037+00:00
LISTING:STLR.TO@TOR,STLR.TO,STLLR GOLD INC,Canada,CAD,TOR,Toronto,-,STLLR GOLD INC,RELATION_CA_OTC_RESOLUE,NOM_NORMALISE+UNIQUE_CANADA+OTC,RESOLU_PRINCIPALE_CANADA,2026-10-08T07:14:50.234037+00:00
LISTING:STLRF@OQX,STLRF,STLLR GOLD INC.,USA,USD,OQX,OTC Markets OTCQX,-,STLLR GOLD INC,RELATION_CA_OTC_RESOLUE,NOM_NORMALISE+UNIQUE_CANADA+OTC,RESOLU_SECONDAIRE_OTC,2026-10-08T07:14:50.234037+00:00
LISTING:SBS.DE@GER,SBS.DE,STRATEC SE                    N,Allemagne,EUR,GER,XETRA,-,STRATEC SE N,PROBABLE,NOM_NORMALISE+RACINE_TICKER+PLACES_DISTINCTES,HORS_UNIVERS_IDENTITE_INSUFFISANTE,2026-10-08T07:14:50.234037+00:00
LISTING:SBS.F@FRA,SBS.F,STRATEC SE                    N,Allemagne,EUR,FRA,Frankfurt,-,STRATEC SE N,PROBABLE,NOM_NORMALISE+RACINE_TICKER+PLACES_DISTINCTES,HORS_UNIVERS_IDENTITE_INSUFFISANTE,2026-10-08T07:14:50.234037+00:00
ISIN:CY0109692117,24S.SG,Strategic Minerals PLC,Allemagne,EUR,STU,Stuttgart,CY0109692117,STRATEGIC MINERALS PLC,DISTINCT,ISIN_DIFFERENTS,RESOLU_DISTINCT,2026-10-08T07:14:50.234037+00:00
ISIN:GB00B4W8PD74,SMNLF,Strategic Minerals Plc,USA,USD,PNK,OTC Markets OTCPK,GB00B4W8PD74,STRATEGIC MINERALS PLC,DISTINCT,ISIN_DIFFERENTS,RESOLU_DISTINCT,2026-10-08T07:14:50.234037+00:00
LISTING:SUM.V@VAN,SUM.V,SUMMIT ROYALTIES LTD,Canada,CAD,VAN,TSXV,-,SUMMIT ROYALTIES LTD,RELATION_CA_OTC_RESOLUE,NOM_NORMALISE+UNIQUE_CANADA+OTC,RESOLU_PRINCIPALE_CANADA,2026-10-08T07:14:50.234037+00:00
ISIN:CA8662511010,SUMMF,Summit Royalties Ltd,USA,USD,OQX,OTC Markets OTCQX,CA8662511010,SUMMIT ROYALTIES LTD,RELATION_CA_OTC_RESOLUE,NOM_NORMALISE+UNIQUE_CANADA+OTC,RESOLU_SECONDAIRE_OTC,2026-10-08T07:14:50.234037+00:00
LISTING:NILI.V@VAN,NILI.V,SURGE BATTERY METALS INC,Canada,CAD,VAN,TSXV,-,SURGE BATTERY METALS INC,RELATION_CA_OTC_RESOLUE,NOM_NORMALISE+UNIQUE_CANADA+OTC,RESOLU_PRINCIPALE_CANADA,2026-10-08T07:14:50.234037+00:00
ISIN:CA86882X1096,NILIF,Surge Battery Metals Inc.,USA,USD,OQX,OTC Markets OTCQX,CA86882X1096,SURGE BATTERY METALS INC,RELATION_CA_OTC_RESOLUE,NOM_NORMALISE+UNIQUE_CANADA+OTC,RESOLU_SECONDAIRE_OTC,2026-10-08T07:14:50.234037+00:00
LISTING:SRGXF@OQB,SRGXF,Surge Copper Corp.,USA,USD,OQB,OTC Markets OTCQB,-,SURGE COPPER CORP,RELATION_CA_OTC_RESOLUE,NOM_NORMALISE+UNIQUE_CANADA+OTC,RESOLU_SECONDAIRE_OTC,2026-10-08T07:14:50.234037+00:00
LISTING:SURG.V@VAN,SURG.V,SURGE COPPER CORP,Canada,CAD,VAN,TSXV,-,SURGE COPPER CORP,RELATION_CA_OTC_RESOLUE,NOM_NORMALISE+UNIQUE_CANADA+OTC,RESOLU_PRINCIPALE_CANADA,2026-10-08T07:14:50.234037+00:00
LISTING:SUR.DE@GER,SUR.DE,SURTECO GROUP SE              I,Allemagne,EUR,GER,XETRA,-,SURTECO GROUP SE I,PROBABLE,NOM_NORMALISE+RACINE_TICKER+PLACES_DISTINCTES,HORS_UNIVERS_IDENTITE_INSUFFISANTE,2026-10-08T07:14:50.234037+00:00
LISTING:SUR.F@FRA,SUR.F,SURTECO GROUP SE              I,Allemagne,EUR,FRA,Frankfurt,-,SURTECO GROUP SE I,PROBABLE,NOM_NORMALISE+RACINE_TICKER+PLACES_DISTINCTES,HORS_UNIVERS_IDENTITE_INSUFFISANTE,2026-10-08T07:14:50.234037+00:00
LISTING:SIHL.L@LSE,SIHL.L,SYMPHONY INTERNATIONAL HOLDINGS,Royaume-Uni,GBP,LSE,LSE,-,SYMPHONY INTERNATIONAL HOLDINGS,NON_RESOLU,,HORS_UNIVERS_IDENTITE_INSUFFISANTE,2026-10-08T07:14:50.234037+00:00
LISTING:SIHLL.XC@CXE,SIHLL.XC,Symphony International Holdings,Royaume-Uni,GBP,CXE,Cboe UK,-,SYMPHONY INTERNATIONAL HOLDINGS,NON_RESOLU,,HORS_UNIVERS_IDENTITE_INSUFFISANTE,2026-10-08T07:14:50.234037+00:00
ISIN:US87165P2011,SYHMY,Synthomer PLC,USA,USD,PNK,OTC Markets OTCPK,US87165P2011,SYNTHOMER PLC,DISTINCT,ISIN_DIFFERENTS,RESOLU_DISTINCT,2026-10-08T07:14:50.234037+00:00
ISIN:GB0009887422,SYYYF,SYNTHOMER PLC,USA,USD,PNK,OTC Markets OTCPK,GB0009887422,SYNTHOMER PLC,DISTINCT,ISIN_DIFFERENTS,RESOLU_DISTINCT,2026-10-08T07:14:50.234037+00:00
LISTING:7YC.F@FRA,7YC.F,Synthomer PLC                 R,Allemagne,EUR,FRA,Frankfurt,-,SYNTHOMER PLC R,NON_RESOLU,,HORS_UNIVERS_IDENTITE_INSUFFISANTE,2026-10-08T07:14:50.234037+00:00
LISTING:7YC2.F@FRA,7YC2.F,Synthomer PLC                 R,Allemagne,EUR,FRA,Frankfurt,-,SYNTHOMER PLC R,NON_RESOLU,,HORS_UNIVERS_IDENTITE_INSUFFISANTE,2026-10-08T07:14:50.234037+00:00
ISIN:US8718231009,SRHYY,Syrah Resources Ltd.,USA,USD,PNK,OTC Markets OTCPK,US8718231009,SYRAH RESOURCES LTD,DISTINCT,ISIN_DIFFERENTS,RESOLU_DISTINCT,2026-10-08T07:14:50.234037+00:00
ISIN:AU000000SYR9,SYAAF,Syrah Resources Ltd.,USA,USD,PNK,OTC Markets OTCPK,AU000000SYR9,SYRAH RESOURCES LTD,DISTINCT,ISIN_DIFFERENTS,RESOLU_DISTINCT,2026-10-08T07:14:50.234037+00:00
LISTING:TBL.TO@TOR,TBL.TO,TAIGA BUILDING PRODUCTS LTD.,Canada,CAD,TOR,Toronto,-,TAIGA BUILDING PRODUCTS LTD,RELATION_CA_OTC_RESOLUE,NOM_NORMALISE+UNIQUE_CANADA+OTC,RESOLU_PRINCIPALE_CANADA,2026-10-08T07:14:50.234037+00:00
ISIN:CA87402A1084,TGAFF,Taiga Building Products Ltd.,USA,USD,PNK,OTC Markets OTCPK,CA87402A1084,TAIGA BUILDING PRODUCTS LTD,RELATION_CA_OTC_RESOLUE,NOM_NORMALISE+UNIQUE_CANADA+OTC,RESOLU_SECONDAIRE_OTC,2026-10-08T07:14:50.234037+00:00
LISTING:TTK.DE@GER,TTK.DE,TAKKT AG                      I,Allemagne,EUR,GER,XETRA,-,TAKKT AG I,PROBABLE,NOM_NORMALISE+RACINE_TICKER+PLACES_DISTINCTES,HORS_UNIVERS_IDENTITE_INSUFFISANTE,2026-10-08T07:14:50.234037+00:00
LISTING:TTK.F@FRA,TTK.F,TAKKT AG                      I,Allemagne,EUR,FRA,Frankfurt,-,TAKKT AG I,PROBABLE,NOM_NORMALISE+RACINE_TICKER+PLACES_DISTINCTES,HORS_UNIVERS_IDENTITE_INSUFFISANTE,2026-10-08T07:14:50.234037+00:00
LISTING:TSK.TO@TOR,TSK.TO,TALISKER RESOURCES LTD,Canada,CAD,TOR,Toronto,-,TALISKER RESOURCES LTD,RELATION_CA_OTC_RESOLUE,NOM_NORMALISE+UNIQUE_CANADA+OTC,RESOLU_PRINCIPALE_CANADA,2026-10-08T07:14:50.234037+00:00
ISIN:CA87425A8876,TSKFF,Talisker Resources Ltd.,USA,USD,OQX,OTC Markets OTCQX,CA87425A8876,TALISKER RESOURCES LTD,RELATION_CA_OTC_RESOLUE,NOM_NORMALISE+UNIQUE_CANADA+OTC,RESOLU_SECONDAIRE_OTC,2026-10-08T07:14:50.234037+00:00
LISTING:TTR1.DE@GER,TTR1.DE,technotrans SE                N,Allemagne,EUR,GER,XETRA,-,TECHNOTRANS SE N,PROBABLE,NOM_NORMALISE+RACINE_TICKER+PLACES_DISTINCTES,HORS_UNIVERS_IDENTITE_INSUFFISANTE,2026-10-08T07:14:50.234037+00:00
LISTING:TTR1.F@FRA,TTR1.F,technotrans SE                N,Allemagne,EUR,FRA,Frankfurt,-,TECHNOTRANS SE N,PROBABLE,NOM_NORMALISE+RACINE_TICKER+PLACES_DISTINCTES,HORS_UNIVERS_IDENTITE_INSUFFISANTE,2026-10-08T07:14:50.234037+00:00
LISTING:2T1.SG@STU,2T1.SG,Tecogen Inc.,Allemagne,EUR,STU,Stuttgart,-,TECOGEN INC,NON_RESOLU,,HORS_UNIVERS_IDENTITE_INSUFFISANTE,2026-10-08T07:14:50.234037+00:00
ISIN:US87876P2011,TGEN,Tecogen Inc.,USA,USD,ASE,NYSE American,US87876P2011,TECOGEN INC,NON_RESOLU,,HORS_UNIVERS_IDENTITE_INSUFFISANTE,2026-10-08T07:14:50.234037+00:00
LISTING:TECT.V@VAN,TECT.V,TECTONIC METALS INC,Canada,CAD,VAN,TSXV,-,TECTONIC METALS INC,RELATION_CA_OTC_RESOLUE,NOM_NORMALISE+UNIQUE_CANADA+OTC,RESOLU_PRINCIPALE_CANADA,2026-10-08T07:14:50.234037+00:00
ISIN:CA87877T6088,TETOF,Tectonic Metals Inc.,USA,USD,OQX,OTC Markets OTCQX,CA87877T6088,TECTONIC METALS INC,RELATION_CA_OTC_RESOLUE,NOM_NORMALISE+UNIQUE_CANADA+OTC,RESOLU_SECONDAIRE_OTC,2026-10-08T07:14:50.234037+00:00
LISTING:8VB.F@FRA,8VB.F,Tekna Holding ASA             N,Allemagne,EUR,FRA,Frankfurt,-,TEKNA HOLDING ASA N,PROBABLE,NOM_NORMALISE+RACINE_TICKER+PLACES_DISTINCTES,HORS_UNIVERS_IDENTITE_INSUFFISANTE,2026-10-08T07:14:50.234037+00:00
LISTING:8VB.MU@MUN,8VB.MU,Tekna Holding ASA             N,Allemagne,EUR,MUN,Munich,-,TEKNA HOLDING ASA N,PROBABLE,NOM_NORMALISE+RACINE_TICKER+PLACES_DISTINCTES,HORS_UNIVERS_IDENTITE_INSUFFISANTE,2026-10-08T07:14:50.234037+00:00
LISTING:M45.F@FRA,M45.F,Teqnion AB                    N,Allemagne,EUR,FRA,Frankfurt,-,TEQNION AB N,PROBABLE,NOM_NORMALISE+RACINE_TICKER+PLACES_DISTINCTES,HORS_UNIVERS_IDENTITE_INSUFFISANTE,2026-10-08T07:14:50.234037+00:00
LISTING:M45.MU@MUN,M45.MU,Teqnion AB                    N,Allemagne,EUR,MUN,Munich,-,TEQNION AB N,PROBABLE,NOM_NORMALISE+RACINE_TICKER+PLACES_DISTINCTES,HORS_UNIVERS_IDENTITE_INSUFFISANTE,2026-10-08T07:14:50.234037+00:00
LISTING:TSND.TO@TOR,TSND.TO,TERRASCEND CORP,Canada,CAD,TOR,Toronto,-,TERRASCEND CORP,RELATION_CA_OTC_RESOLUE,NOM_NORMALISE+UNIQUE_CANADA+OTC,RESOLU_PRINCIPALE_CANADA,2026-10-08T07:14:50.234037+00:00
ISIN:CA88105E1088,TSNDF,TerrAscend Corp.,USA,USD,OQX,OTC Markets OTCQX,CA88105E1088,TERRASCEND CORP,RELATION_CA_OTC_RESOLUE,NOM_NORMALISE+UNIQUE_CANADA+OTC,RESOLU_SECONDAIRE_OTC,2026-10-08T07:14:50.234037+00:00
ISIN:CA88162H2000,TEUTF,Teuton Resources Corp.,USA,USD,OQB,OTC Markets OTCQB,CA88162H2000,TEUTON RESOURCES CORP,RELATION_CA_OTC_RESOLUE,NOM_NORMALISE+UNIQUE_CANADA+OTC,RESOLU_SECONDAIRE_OTC,2026-10-08T07:14:50.234037+00:00
LISTING:TUO.V@VAN,TUO.V,TEUTON RESOURCES CORP,Canada,CAD,VAN,TSXV,-,TEUTON RESOURCES CORP,RELATION_CA_OTC_RESOLUE,NOM_NORMALISE+UNIQUE_CANADA+OTC,RESOLU_PRINCIPALE_CANADA,2026-10-08T07:14:50.234037+00:00
LISTING:N4G0.DE@GER,N4G0.DE,The Naga Group AG             N,Allemagne,EUR,GER,XETRA,-,THE NAGA GROUP AG N,PROBABLE,NOM_NORMALISE+RACINE_TICKER+PLACES_DISTINCTES,HORS_UNIVERS_IDENTITE_INSUFFISANTE,2026-10-08T07:14:50.234037+00:00
LISTING:N4G0.F@FRA,N4G0.F,The Naga Group AG             N,Allemagne,EUR,FRA,Frankfurt,-,THE NAGA GROUP AG N,PROBABLE,NOM_NORMALISE+RACINE_TICKER+PLACES_DISTINCTES,HORS_UNIVERS_IDENTITE_INSUFFISANTE,2026-10-08T07:14:50.234037+00:00
LISTING:THNC.TO@TOR,THNC.TO,THINKIFIC LABS INC,Canada,CAD,TOR,Toronto,-,THINKIFIC LABS INC,RELATION_CA_OTC_RESOLUE,NOM_NORMALISE+UNIQUE_CANADA+OTC,RESOLU_PRINCIPALE_CANADA,2026-10-08T07:14:50.234037+00:00
ISIN:CA8841213025,THNCF,Thinkific Labs Inc.,USA,USD,PNK,OTC Markets OTCPK,CA8841213025,THINKIFIC LABS INC,RELATION_CA_OTC_RESOLUE,NOM_NORMALISE+UNIQUE_CANADA+OTC,RESOLU_SECONDAIRE_OTC,2026-10-08T07:14:50.234037+00:00
LISTING:THM.V@VAN,THM.V,THUNDER MOUNTAIN GOLD INC,Canada,CAD,VAN,TSXV,-,THUNDER MOUNTAIN GOLD INC,RELATION_CA_OTC_RESOLUE,NOM_NORMALISE+UNIQUE_CANADA+OTC,RESOLU_PRINCIPALE_CANADA,2026-10-08T07:14:50.234037+00:00
ISIN:US8860431084,THMG,"Thunder Mountain Gold, Inc.",USA,USD,OQB,OTC Markets OTCQB,US8860431084,THUNDER MOUNTAIN GOLD INC,RELATION_CA_OTC_RESOLUE,NOM_NORMALISE+UNIQUE_CANADA+OTC,RESOLU_SECONDAIRE_OTC,2026-10-08T07:14:50.234037+00:00
ISIN:CA88650A1057,RLTWF,TIERNAN GOLD CORP.,USA,USD,PNK,OTC Markets OTCPK,CA88650A1057,TIERNAN GOLD CORP,RELATION_CA_OTC_RESOLUE,NOM_NORMALISE+UNIQUE_CANADA+OTC,RESOLU_SECONDAIRE_OTC,2026-10-08T07:14:50.234037+00:00
LISTING:TNGD.V@VAN,TNGD.V,TIERNAN GOLD CORP,Canada,CAD,VAN,TSXV,-,TIERNAN GOLD CORP,RELATION_CA_OTC_RESOLUE,NOM_NORMALISE+UNIQUE_CANADA+OTC,RESOLU_PRINCIPALE_CANADA,2026-10-08T07:14:50.234037+00:00
ISIN:CA88709B1040,TBCRF,Timbercreek Financial Corp.,USA,USD,PNK,OTC Markets OTCPK,CA88709B1040,TIMBERCREEK FINANCIAL CORP,RELATION_CA_OTC_RESOLUE,NOM_NORMALISE+UNIQUE_CANADA+OTC,RESOLU_SECONDAIRE_OTC,2026-10-08T07:14:50.234037+00:00
LISTING:TF.TO@TOR,TF.TO,TIMBERCREEK FINANCIAL CORP,Canada,CAD,TOR,Toronto,-,TIMBERCREEK FINANCIAL CORP,RELATION_CA_OTC_RESOLUE,NOM_NORMALISE+UNIQUE_CANADA+OTC,RESOLU_PRINCIPALE_CANADA,2026-10-08T07:14:50.234037+00:00
LISTING:TINGS-A.ST@STO,TINGS-A.ST,Tingsvalvet Fastighets AB ser.,Suède,SEK,STO,Stockholm,-,TINGSVALVET FASTIGHETS AB SER,NON_RESOLU,,HORS_UNIVERS_IDENTITE_INSUFFISANTE,2026-10-08T07:14:50.234037+00:00
LISTING:TINGS-B.ST@STO,TINGS-B.ST,Tingsvalvet Fastighets AB ser.,Suède,SEK,STO,Stockholm,-,TINGSVALVET FASTIGHETS AB SER,NON_RESOLU,,HORS_UNIVERS_IDENTITE_INSUFFISANTE,2026-10-08T07:14:50.234037+00:00
ISIN:CA88770A1185,TINY.TO,TINY LTD,Canada,CAD,TOR,Toronto,CA88770A1185,TINY LTD,RELATION_CA_OTC_RESOLUE,NOM_NORMALISE+UNIQUE_CANADA+OTC,RESOLU_PRINCIPALE_CANADA,2026-10-08T07:14:50.234037+00:00
ISIN:CA88770A3082,TNYZF,Tiny Ltd.,USA,USD,OQX,OTC Markets OTCQX,CA88770A3082,TINY LTD,RELATION_CA_OTC_RESOLUE,NOM_NORMALISE+UNIQUE_CANADA+OTC,RESOLU_SECONDAIRE_OTC,2026-10-08T07:14:50.234037+00:00
LISTING:TI.TO@TOR,TI.TO,TITAN MINING CORPORATION,Canada,CAD,TOR,Toronto,-,TITAN MINING CORPORATION,NON_RESOLU,,HORS_UNIVERS_IDENTITE_INSUFFISANTE,2026-10-08T07:14:50.234037+00:00
ISIN:CA88831L2021,TII,Titan Mining Corporation,USA,USD,ASE,NYSE American,CA88831L2021,TITAN MINING CORPORATION,NON_RESOLU,,HORS_UNIVERS_IDENTITE_INSUFFISANTE,2026-10-08T07:14:50.234037+00:00
LISTING:V48.DU@DUS,V48.DU,Toyo Co. Ltd                  R,Allemagne,EUR,DUS,Dusseldorf,-,TOYO CO LTD R,PROBABLE,NOM_NORMALISE+RACINE_TICKER+PLACES_DISTINCTES,HORS_UNIVERS_IDENTITE_INSUFFISANTE,2026-10-08T07:14:50.234037+00:00
LISTING:V48.F@FRA,V48.F,Toyo Co. Ltd                  R,Allemagne,EUR,FRA,Frankfurt,-,TOYO CO LTD R,PROBABLE,NOM_NORMALISE+RACINE_TICKER+PLACES_DISTINCTES,HORS_UNIVERS_IDENTITE_INSUFFISANTE,2026-10-08T07:14:50.234037+00:00
LISTING:TOY.F@FRA,TOY.F,TOYO CORP.                    R,Allemagne,EUR,FRA,Frankfurt,-,TOYO CORP R,PROBABLE,NOM_NORMALISE+RACINE_TICKER+PLACES_DISTINCTES,HORS_UNIVERS_IDENTITE_INSUFFISANTE,2026-10-08T07:14:50.234037+00:00
LISTING:TOY.MU@MUN,TOY.MU,TOYO CORP.                    R,Allemagne,EUR,MUN,Munich,-,TOYO CORP R,PROBABLE,NOM_NORMALISE+RACINE_TICKER+PLACES_DISTINCTES,HORS_UNIVERS_IDENTITE_INSUFFISANTE,2026-10-08T07:14:50.234037+00:00
LISTING:ROCK.V@VAN,ROCK.V,TRIDENT RESOURCES CORP,Canada,CAD,VAN,TSXV,-,TRIDENT RESOURCES CORP,RELATION_CA_OTC_RESOLUE,NOM_NORMALISE+UNIQUE_CANADA+OTC,RESOLU_PRINCIPALE_CANADA,2026-10-08T07:14:50.234037+00:00
LISTING:TRDTF@OQB,TRDTF,Trident Resources Corp.,USA,USD,OQB,OTC Markets OTCQB,-,TRIDENT RESOURCES CORP,RELATION_CA_OTC_RESOLUE,NOM_NORMALISE+UNIQUE_CANADA+OTC,RESOLU_SECONDAIRE_OTC,2026-10-08T07:14:50.234037+00:00
LISTING:TSG.V@VAN,TSG.V,TRISTAR GOLD INC.,Canada,CAD,VAN,TSXV,-,TRISTAR GOLD INC,RELATION_CA_OTC_RESOLUE,NOM_NORMALISE+UNIQUE_CANADA+OTC,RESOLU_PRINCIPALE_CANADA,2026-10-08T07:14:50.234037+00:00
ISIN:CA89678B1094,TSGZF,"TriStar Gold, Inc.",USA,USD,OQB,OTC Markets OTCQB,CA89678B1094,TRISTAR GOLD INC,RELATION_CA_OTC_RESOLUE,NOM_NORMALISE+UNIQUE_CANADA+OTC,RESOLU_SECONDAIRE_OTC,2026-10-08T07:14:50.234037+00:00
LISTING:TEN-PE@NYQ,TEN-PE,Tsakos Energy Navigation Ltd Se,USA,USD,NYQ,NYSE,-,TSAKOS ENERGY NAVIGATION LTD SE,NON_RESOLU,,HORS_UNIVERS_IDENTITE_INSUFFISANTE,2026-10-08T07:14:50.234037+00:00
LISTING:TEN-PF@NYQ,TEN-PF,Tsakos Energy Navigation Ltd Se,USA,USD,NYQ,NYSE,-,TSAKOS ENERGY NAVIGATION LTD SE,NON_RESOLU,,HORS_UNIVERS_IDENTITE_INSUFFISANTE,2026-10-08T07:14:50.234037+00:00
LISTING:TC.TO@TOR,TC.TO,TUCOWS INC.,Canada,CAD,TOR,Toronto,-,TUCOWS INC,NON_RESOLU,,HORS_UNIVERS_IDENTITE_INSUFFISANTE,2026-10-08T07:14:50.234037+00:00
ISIN:US8986972060,TCX,Tucows Inc.,USA,USD,NCM,NasdaqCM,US8986972060,TUCOWS INC,NON_RESOLU,,HORS_UNIVERS_IDENTITE_INSUFFISANTE,2026-10-08T07:14:50.234037+00:00
ISIN:GB0001500809,TUWLF,Tullow Oil Plc.,USA,USD,PNK,OTC Markets OTCPK,GB0001500809,TULLOW OIL PLC,DISTINCT,ISIN_DIFFERENTS,RESOLU_DISTINCT,2026-10-08T07:14:50.234037+00:00
ISIN:US8994152028,TUWOY,Tullow Oil Plc.,USA,USD,PNK,OTC Markets OTCPK,US8994152028,TULLOW OIL PLC,DISTINCT,ISIN_DIFFERENTS,RESOLU_DISTINCT,2026-10-08T07:14:50.234037+00:00
LISTING:UCU.V@VAN,UCU.V,UCORE RARE METALS INC,Canada,CAD,VAN,TSXV,-,UCORE RARE METALS INC,RELATION_CA_OTC_RESOLUE,NOM_NORMALISE+UNIQUE_CANADA+OTC,RESOLU_PRINCIPALE_CANADA,2026-10-08T07:14:50.234037+00:00
ISIN:CA90348V3011,UURAF,"Ucore Rare Metals, Inc.",USA,USD,OQX,OTC Markets OTCQX,CA90348V3011,UCORE RARE METALS INC,RELATION_CA_OTC_RESOLUE,NOM_NORMALISE+UNIQUE_CANADA+OTC,RESOLU_SECONDAIRE_OTC,2026-10-08T07:14:50.234037+00:00
LISTING:UBK.DE@GER,UBK.DE,UMWELTBANK AG                 I,Allemagne,EUR,GER,XETRA,-,UMWELTBANK AG I,PROBABLE,NOM_NORMALISE+RACINE_TICKER+PLACES_DISTINCTES,HORS_UNIVERS_IDENTITE_INSUFFISANTE,2026-10-08T07:14:50.234037+00:00
LISTING:UBK.F@FRA,UBK.F,UMWELTBANK AG                 I,Allemagne,EUR,FRA,Frankfurt,-,UMWELTBANK AG I,PROBABLE,NOM_NORMALISE+RACINE_TICKER+PLACES_DISTINCTES,HORS_UNIVERS_IDENTITE_INSUFFISANTE,2026-10-08T07:14:50.234037+00:00
ISIN:CA91707P2089,UBAAF,Urbana Corp.,USA,USD,OID,OTC Markets OTCID,CA91707P2089,URBANA CORP,DISTINCT,ISIN_DIFFERENTS,RESOLU_DISTINCT,2026-10-08T07:14:50.234037+00:00
ISIN:CA91707P1099,URNAF,Urbana Corp.,USA,USD,OID,OTC Markets OTCID,CA91707P1099,URBANA CORP,DISTINCT,ISIN_DIFFERENTS,RESOLU_DISTINCT,2026-10-08T07:14:50.234037+00:00
LISTING:2YY.F@FRA,2YY.F,Urbana Corp.                  R,Allemagne,EUR,FRA,Frankfurt,-,URBANA CORP R,NON_RESOLU,,HORS_UNIVERS_IDENTITE_INSUFFISANTE,2026-10-08T07:14:50.234037+00:00
LISTING:2YY0.F@FRA,2YY0.F,URBANA CORP.                  R,Allemagne,EUR,FRA,Frankfurt,-,URBANA CORP R,NON_RESOLU,,HORS_UNIVERS_IDENTITE_INSUFFISANTE,2026-10-08T07:14:50.234037+00:00
LISTING:VGC.TO@TOR,VGC.TO,VALOR GOLD CORP,Canada,CAD,TOR,Toronto,-,VALOR GOLD CORP,RELATION_CA_OTC_RESOLUE,NOM_NORMALISE+UNIQUE_CANADA+OTC,RESOLU_PRINCIPALE_CANADA,2026-10-08T07:14:50.234037+00:00
ISIN:CA9199211066,VLGDF,Valor Gold Corp.,USA,USD,OQB,OTC Markets OTCQB,CA9199211066,VALOR GOLD CORP,RELATION_CA_OTC_RESOLUE,NOM_NORMALISE+UNIQUE_CANADA+OTC,RESOLU_SECONDAIRE_OTC,2026-10-08T07:14:50.234037+00:00
LISTING:VCM.TO@TOR,VCM.TO,VECIMA NETWORKS INC.,Canada,CAD,TOR,Toronto,-,VECIMA NETWORKS INC,RELATION_CA_OTC_RESOLUE,NOM_NORMALISE+UNIQUE_CANADA+OTC,RESOLU_PRINCIPALE_CANADA,2026-10-08T07:14:50.234037+00:00
ISIN:CA92241Y1016,VNWTF,Vecima Networks Inc.,USA,USD,PNK,OTC Markets OTCPK,CA92241Y1016,VECIMA NETWORKS INC,RELATION_CA_OTC_RESOLUE,NOM_NORMALISE+UNIQUE_CANADA+OTC,RESOLU_SECONDAIRE_OTC,2026-10-08T07:14:50.234037+00:00
ISIN:AU0000289027,VEFAB.ST,VEF AB,Suède,SEK,STO,Stockholm,AU0000289027,VEF AB,DISTINCT,ISIN_DIFFERENTS,RESOLU_DISTINCT,2026-10-08T07:14:50.234037+00:00
ISIN:SE0016128151,VEFFF,VEF AB,USA,USD,PNK,OTC Markets OTCPK,SE0016128151,VEF AB,DISTINCT,ISIN_DIFFERENTS,RESOLU_DISTINCT,2026-10-08T07:14:50.234037+00:00
LISTING:8M8.F@FRA,8M8.F,Vente-Unique.Com              A,Allemagne,EUR,FRA,Frankfurt,-,VENTE UNIQUE COM A,PROBABLE,NOM_NORMALISE+RACINE_TICKER+PLACES_DISTINCTES,HORS_UNIVERS_IDENTITE_INSUFFISANTE,2026-10-08T07:14:50.234037+00:00
LISTING:8M8.MU@MUN,8M8.MU,Vente-Unique.Com              A,Allemagne,EUR,MUN,Munich,-,VENTE UNIQUE COM A,PROBABLE,NOM_NORMALISE+RACINE_TICKER+PLACES_DISTINCTES,HORS_UNIVERS_IDENTITE_INSUFFISANTE,2026-10-08T07:14:50.234037+00:00
LISTING:15V.SG@STU,15V.SG,Verkkokauppa.com OYJ,Allemagne,EUR,STU,Stuttgart,-,VERKKOKAUPPA COM OYJ,RELATION_EUROPE_RESOLUE,NOM_NORMALISE+UNIQUE_PLACE_PRIMAIRE+PLACE_ALLEMANDE_SECONDAIRE,RESOLU_SECONDAIRE_EUROPE,2026-10-08T07:14:50.234037+00:00
LISTING:VERK.HE@HEL,VERK.HE,Verkkokauppa.com Oyj,Finlande,EUR,HEL,Helsinki,-,VERKKOKAUPPA COM OYJ,RELATION_EUROPE_RESOLUE,NOM_NORMALISE+UNIQUE_PLACE_PRIMAIRE+PLACE_ALLEMANDE_SECONDAIRE,RESOLU_PRINCIPALE_EUROPE,2026-10-08T07:14:50.234037+00:00
LISTING:RJ1.F@FRA,RJ1.F,Vertiseit AB                  N,Allemagne,EUR,FRA,Frankfurt,-,VERTISEIT AB N,PROBABLE,NOM_NORMALISE+RACINE_TICKER+PLACES_DISTINCTES,HORS_UNIVERS_IDENTITE_INSUFFISANTE,2026-10-08T07:14:50.234037+00:00
LISTING:RJ1.MU@MUN,RJ1.MU,Vertiseit AB                  N,Allemagne,EUR,MUN,Munich,-,VERTISEIT AB N,PROBABLE,NOM_NORMALISE+RACINE_TICKER+PLACES_DISTINCTES,HORS_UNIVERS_IDENTITE_INSUFFISANTE,2026-10-08T07:14:50.234037+00:00
LISTING:VRV.DE@GER,VRV.DE,Verve Group Media SE          N,Allemagne,EUR,GER,XETRA,-,VERVE GROUP MEDIA SE N,PROBABLE,NOM_NORMALISE+RACINE_TICKER+PLACES_DISTINCTES,HORS_UNIVERS_IDENTITE_INSUFFISANTE,2026-10-08T07:14:50.234037+00:00
LISTING:VRV.F@FRA,VRV.F,Verve Group Media SE          N,Allemagne,EUR,FRA,Frankfurt,-,VERVE GROUP MEDIA SE N,PROBABLE,NOM_NORMALISE+RACINE_TICKER+PLACES_DISTINCTES,HORS_UNIVERS_IDENTITE_INSUFFISANTE,2026-10-08T07:14:50.234037+00:00
LISTING:VIH1.DE@GER,VIH1.DE,VIB VERMOEGEN  NA O.N.,Allemagne,EUR,GER,XETRA,-,VIB VERMOEGEN NA O N,PROBABLE,NOM_NORMALISE+RACINE_TICKER+PLACES_DISTINCTES,HORS_UNIVERS_IDENTITE_INSUFFISANTE,2026-10-08T07:14:50.234037+00:00
LISTING:VIH1.F@FRA,VIH1.F,VIB VERMOEGEN  NA O.N.,Allemagne,EUR,FRA,Frankfurt,-,VIB VERMOEGEN NA O N,PROBABLE,NOM_NORMALISE+RACINE_TICKER+PLACES_DISTINCTES,HORS_UNIVERS_IDENTITE_INSUFFISANTE,2026-10-08T07:14:50.234037+00:00
ISIN:US92581R1041,VCRE,Vicore Pharma Holding AB,USA,USD,NCM,NasdaqCM,US92581R1041,VICORE PHARMA HOLDING AB,DISTINCT,ISIN_DIFFERENTS,RESOLU_DISTINCT,2026-10-08T07:14:50.234037+00:00
ISIN:SE0007577895,VICO.ST,Vicore Pharma Holding AB,Suède,SEK,STO,Stockholm,SE0007577895,VICORE PHARMA HOLDING AB,DISTINCT,ISIN_DIFFERENTS,RESOLU_DISTINCT,2026-10-08T07:14:50.234037+00:00
LISTING:VME.DE@GER,VME.DE,Viromed Medical AG            N,Allemagne,EUR,GER,XETRA,-,VIROMED MEDICAL AG N,PROBABLE,NOM_NORMALISE+RACINE_TICKER+PLACES_DISTINCTES,HORS_UNIVERS_IDENTITE_INSUFFISANTE,2026-10-08T07:14:50.234037+00:00
LISTING:VME.F@FRA,VME.F,Viromed Medical AG            N,Allemagne,EUR,FRA,Frankfurt,-,VIROMED MEDICAL AG N,PROBABLE,NOM_NORMALISE+RACINE_TICKER+PLACES_DISTINCTES,HORS_UNIVERS_IDENTITE_INSUFFISANTE,2026-10-08T07:14:50.234037+00:00
LISTING:VHI.TO@TOR,VHI.TO,VITALHUB CORP,Canada,CAD,TOR,Toronto,-,VITALHUB CORP,RELATION_CA_OTC_RESOLUE,NOM_NORMALISE+UNIQUE_CANADA+OTC,RESOLU_PRINCIPALE_CANADA,2026-10-08T07:14:50.234037+00:00
ISIN:CA92847V5018,VHIBF,VITALHUB CORP,USA,USD,OQX,OTC Markets OTCQX,CA92847V5018,VITALHUB CORP,RELATION_CA_OTC_RESOLUE,NOM_NORMALISE+UNIQUE_CANADA+OTC,RESOLU_SECONDAIRE_OTC,2026-10-08T07:14:50.234037+00:00
LISTING:VCU.V@VAN,VCU.V,VIZSLA COPPER CORP,Canada,CAD,VAN,TSXV,-,VIZSLA COPPER CORP,RELATION_CA_OTC_RESOLUE,NOM_NORMALISE+UNIQUE_CANADA+OTC,RESOLU_PRINCIPALE_CANADA,2026-10-08T07:14:50.234037+00:00
ISIN:CA92858X7018,VCUFF,Vizsla Copper Corp.,USA,USD,OQB,OTC Markets OTCQB,CA92858X7018,VIZSLA COPPER CORP,RELATION_CA_OTC_RESOLUE,NOM_NORMALISE+UNIQUE_CANADA+OTC,RESOLU_SECONDAIRE_OTC,2026-10-08T07:14:50.234037+00:00
ISIN:SE0020052280,VNV.ST,VNV Global AB,Suède,SEK,STO,Stockholm,SE0020052280,VNV GLOBAL AB,DISTINCT,ISIN_DIFFERENTS,RESOLU_DISTINCT,2026-10-08T07:14:50.234037+00:00
ISIN:SE0014428835,VSTKF,VNV GLOBAL AB,USA,USD,PNK,OTC Markets OTCPK,SE0014428835,VNV GLOBAL AB,DISTINCT,ISIN_DIFFERENTS,RESOLU_DISTINCT,2026-10-08T07:14:50.234037+00:00
LISTING:FLT.TO@TOR,FLT.TO,VOLATUS AEROSPACE INC,Canada,CAD,TOR,Toronto,-,VOLATUS AEROSPACE INC,RELATION_CA_OTC_RESOLUE,NOM_NORMALISE+UNIQUE_CANADA+OTC,RESOLU_PRINCIPALE_CANADA,2026-10-08T07:14:50.234037+00:00
ISIN:CA92865M1023,TAKOF,VOLATUS AEROSPACE INC.,USA,USD,OQX,OTC Markets OTCQX,CA92865M1023,VOLATUS AEROSPACE INC,RELATION_CA_OTC_RESOLUE,NOM_NORMALISE+UNIQUE_CANADA+OTC,RESOLU_SECONDAIRE_OTC,2026-10-08T07:14:50.234037+00:00
LISTING:VOTR.DE@GER,VOTR.DE,Voltatron AG                  I,Allemagne,EUR,GER,XETRA,-,VOLTATRON AG I,PROBABLE,NOM_NORMALISE+RACINE_TICKER+PLACES_DISTINCTES,HORS_UNIVERS_IDENTITE_INSUFFISANTE,2026-10-08T07:14:50.234037+00:00
LISTING:VOTR.F@FRA,VOTR.F,Voltatron AG                  I,Allemagne,EUR,FRA,Frankfurt,-,VOLTATRON AG I,PROBABLE,NOM_NORMALISE+RACINE_TICKER+PLACES_DISTINCTES,HORS_UNIVERS_IDENTITE_INSUFFISANTE,2026-10-08T07:14:50.234037+00:00
ISIN:PLCTHQM00018,WALD,Waldencast plc,USA,USD,NCM,NasdaqCM,PLCTHQM00018,WALDENCAST PLC,DISTINCT,ISIN_DIFFERENTS,RESOLU_DISTINCT,2026-10-08T07:14:50.234037+00:00
ISIN:JE00BPG99318,WALDF,Waldencast plc,USA,USD,PNK,OTC Markets OTCPK,JE00BPG99318,WALDENCAST PLC,DISTINCT,ISIN_DIFFERENTS,RESOLU_DISTINCT,2026-10-08T07:14:50.234037+00:00
LISTING:WLBMF@OQB,WLBMF,Wallbridge Mining Company Ltd.,USA,USD,OQB,OTC Markets OTCQB,-,WALLBRIDGE MINING COMPANY LTD,RELATION_CA_OTC_RESOLUE,NOM_NORMALISE+UNIQUE_CANADA+OTC,RESOLU_SECONDAIRE_OTC,2026-10-08T07:14:50.234037+00:00
LISTING:WM.TO@TOR,WM.TO,WALLBRIDGE MINING COMPANY LTD,Canada,CAD,TOR,Toronto,-,WALLBRIDGE MINING COMPANY LTD,RELATION_CA_OTC_RESOLUE,NOM_NORMALISE+UNIQUE_CANADA+OTC,RESOLU_PRINCIPALE_CANADA,2026-10-08T07:14:50.234037+00:00
LISTING:77P.SG@STU,77P.SG,WE Connect,Allemagne,EUR,STU,Stuttgart,-,WE CONNECT,NON_RESOLU,,HORS_UNIVERS_IDENTITE_INSUFFISANTE,2026-10-08T07:14:50.234037+00:00
LISTING:ALWEC.PA@PAR,ALWEC.PA,WE.CONNECT,France,EUR,PAR,Paris,-,WE CONNECT,NON_RESOLU,,HORS_UNIVERS_IDENTITE_INSUFFISANTE,2026-10-08T07:14:50.234037+00:00
LISTING:ZN2.DU@DUS,ZN2.DU,WeGrow AG                     I,Allemagne,EUR,DUS,Dusseldorf,-,WEGROW AG I,PROBABLE,NOM_NORMALISE+RACINE_TICKER+PLACES_DISTINCTES,HORS_UNIVERS_IDENTITE_INSUFFISANTE,2026-10-08T07:14:50.234037+00:00
LISTING:ZN2.F@FRA,ZN2.F,WeGrow AG                     I,Allemagne,EUR,FRA,Frankfurt,-,WEGROW AG I,PROBABLE,NOM_NORMALISE+RACINE_TICKER+PLACES_DISTINCTES,HORS_UNIVERS_IDENTITE_INSUFFISANTE,2026-10-08T07:14:50.234037+00:00
LISTING:WPG.V@VAN,WPG.V,WEST POINT GOLD CORP,Canada,CAD,VAN,TSXV,-,WEST POINT GOLD CORP,RELATION_CA_OTC_RESOLUE,NOM_NORMALISE+UNIQUE_CANADA+OTC,RESOLU_PRINCIPALE_CANADA,2026-10-08T07:14:50.234037+00:00
ISIN:CA95538Q1037,WPGCF,West Point Gold Corp.,USA,USD,OQX,OTC Markets OTCQX,CA95538Q1037,WEST POINT GOLD CORP,RELATION_CA_OTC_RESOLUE,NOM_NORMALISE+UNIQUE_CANADA+OTC,RESOLU_SECONDAIRE_OTC,2026-10-08T07:14:50.234037+00:00
LISTING:WRLG.V@VAN,WRLG.V,WEST RED LAKE GOLD MINES LTD,Canada,CAD,VAN,TSXV,-,WEST RED LAKE GOLD MINES LTD,RELATION_CA_OTC_RESOLUE,NOM_NORMALISE+UNIQUE_CANADA+OTC,RESOLU_PRINCIPALE_CANADA,2026-10-08T07:14:50.234037+00:00
LISTING:WRLGF@OQX,WRLGF,West Red Lake Gold Mines Ltd.,USA,USD,OQX,OTC Markets OTCQX,-,WEST RED LAKE GOLD MINES LTD,RELATION_CA_OTC_RESOLUE,NOM_NORMALISE+UNIQUE_CANADA+OTC,RESOLU_SECONDAIRE_OTC,2026-10-08T07:14:50.234037+00:00
LISTING:WVM.V@VAN,WVM.V,WEST VAULT MINING INC,Canada,CAD,VAN,TSXV,-,WEST VAULT MINING INC,RELATION_CA_OTC_RESOLUE,NOM_NORMALISE+UNIQUE_CANADA+OTC,RESOLU_PRINCIPALE_CANADA,2026-10-08T07:14:50.234037+00:00
LISTING:WVMDF@OQX,WVMDF,West Vault Mining Inc.,USA,USD,OQX,OTC Markets OTCQX,-,WEST VAULT MINING INC,RELATION_CA_OTC_RESOLUE,NOM_NORMALISE+UNIQUE_CANADA+OTC,RESOLU_SECONDAIRE_OTC,2026-10-08T07:14:50.234037+00:00
ISIN:US95790A1016,IGI,Western Asset Investment Grade,USA,USD,NYQ,NYSE,US95790A1016,WESTERN ASSET INVESTMENT GRADE,NON_RESOLU,,HORS_UNIVERS_IDENTITE_INSUFFISANTE,2026-10-08T07:14:50.234037+00:00
LISTING:PAI@NYQ,PAI,Western Asset Investment Grade,USA,USD,NYQ,NYSE,-,WESTERN ASSET INVESTMENT GRADE,NON_RESOLU,,HORS_UNIVERS_IDENTITE_INSUFFISANTE,2026-10-08T07:14:50.234037+00:00
LISTING:WEST.OL@OSL,WEST.OL,WESTERN BULK CHARTERING AS,Norvège,NOK,OSL,Oslo,-,WESTERN BULK CHARTERING AS,NON_RESOLU,,HORS_UNIVERS_IDENTITE_INSUFFISANTE,2026-10-08T07:14:50.234037+00:00
ISIN:NO0010768096,WSSTF,WESTERN BULK CHARTERING AS,USA,USD,PNK,OTC Markets OTCPK,NO0010768096,WESTERN BULK CHARTERING AS,NON_RESOLU,,HORS_UNIVERS_IDENTITE_INSUFFISANTE,2026-10-08T07:14:50.234037+00:00
ISIN:CA9581596009,WEEEF,Western Energy Services Corp.,USA,USD,PNK,OTC Markets OTCPK,CA9581596009,WESTERN ENERGY SERVICES CORP,RELATION_CA_OTC_RESOLUE,NOM_NORMALISE+UNIQUE_CANADA+OTC,RESOLU_SECONDAIRE_OTC,2026-10-08T07:14:50.234037+00:00
LISTING:WRG.TO@TOR,WRG.TO,WESTERN ENERGY SERVICES CORP,Canada,CAD,TOR,Toronto,-,WESTERN ENERGY SERVICES CORP,RELATION_CA_OTC_RESOLUE,NOM_NORMALISE+UNIQUE_CANADA+OTC,RESOLU_PRINCIPALE_CANADA,2026-10-08T07:14:50.234037+00:00
LISTING:WEF.TO@TOR,WEF.TO,WESTERN FOREST PRODUCTS INC.,Canada,CAD,TOR,Toronto,-,WESTERN FOREST PRODUCTS INC,RELATION_CA_OTC_RESOLUE,NOM_NORMALISE+UNIQUE_CANADA+OTC,RESOLU_PRINCIPALE_CANADA,2026-10-08T07:14:50.234037+00:00
ISIN:CA9582117086,WFSTF,Western Forest Products Inc.,USA,USD,PNK,OTC Markets OTCPK,CA9582117086,WESTERN FOREST PRODUCTS INC,RELATION_CA_OTC_RESOLUE,NOM_NORMALISE+UNIQUE_CANADA+OTC,RESOLU_SECONDAIRE_OTC,2026-10-08T07:14:50.234037+00:00
LISTING:WEW.DE@GER,WEW.DE,Westwing Group SE             I,Allemagne,EUR,GER,XETRA,-,WESTWING GROUP SE I,PROBABLE,NOM_NORMALISE+RACINE_TICKER+PLACES_DISTINCTES,HORS_UNIVERS_IDENTITE_INSUFFISANTE,2026-10-08T07:14:50.234037+00:00
LISTING:WEW.F@FRA,WEW.F,Westwing Group SE             I,Allemagne,EUR,FRA,Frankfurt,-,WESTWING GROUP SE I,PROBABLE,NOM_NORMALISE+RACINE_TICKER+PLACES_DISTINCTES,HORS_UNIVERS_IDENTITE_INSUFFISANTE,2026-10-08T07:14:50.234037+00:00
LISTING:WGO.V@VAN,WGO.V,WHITE GOLD CORP,Canada,CAD,VAN,TSXV,-,WHITE GOLD CORP,RELATION_CA_OTC_RESOLUE,NOM_NORMALISE+UNIQUE_CANADA+OTC,RESOLU_PRINCIPALE_CANADA,2026-10-08T07:14:50.234037+00:00
ISIN:CA9638101068,WHGOF,White Gold Corp.,USA,USD,OQX,OTC Markets OTCQX,CA9638101068,WHITE GOLD CORP,RELATION_CA_OTC_RESOLUE,NOM_NORMALISE+UNIQUE_CANADA+OTC,RESOLU_SECONDAIRE_OTC,2026-10-08T07:14:50.234037+00:00
LISTING:WILD.TO@TOR,WILD.TO,WILDBRAIN LTD,Canada,CAD,TOR,Toronto,-,WILDBRAIN LTD,RELATION_CA_OTC_RESOLUE,NOM_NORMALISE+UNIQUE_CANADA+OTC,RESOLU_PRINCIPALE_CANADA,2026-10-08T07:14:50.234037+00:00
ISIN:CA96810C2004,WLDBF,WILDBRAIN LTD.,USA,USD,OID,OTC Markets OTCID,CA96810C2004,WILDBRAIN LTD,RELATION_CA_OTC_RESOLUE,NOM_NORMALISE+UNIQUE_CANADA+OTC,RESOLU_SECONDAIRE_OTC,2026-10-08T07:14:50.234037+00:00
LISTING:1W81.F@FRA,1W81.F,WISeKey Internat.Holding Ltd. N,Allemagne,EUR,FRA,Frankfurt,-,WISEKEY INTERNAT HOLDING LTD N,NON_RESOLU,,HORS_UNIVERS_IDENTITE_INSUFFISANTE,2026-10-08T07:14:50.234037+00:00
LISTING:1W82.F@FRA,1W82.F,WISeKey Internat.Holding Ltd. N,Allemagne,EUR,FRA,Frankfurt,-,WISEKEY INTERNAT HOLDING LTD N,NON_RESOLU,,HORS_UNIVERS_IDENTITE_INSUFFISANTE,2026-10-08T07:14:50.234037+00:00
LISTING:XTG.TO@TOR,XTG.TO,XTRA GOLD RESOURCES CORP,Canada,CAD,TOR,Toronto,-,XTRA GOLD RESOURCES CORP,RELATION_CA_OTC_RESOLUE,NOM_NORMALISE+UNIQUE_CANADA+OTC,RESOLU_PRINCIPALE_CANADA,2026-10-08T07:14:50.234037+00:00
ISIN:VGG9829R1038,XTGRF,Xtra-Gold Resources Corp.,USA,USD,OQB,OTC Markets OTCQB,VGG9829R1038,XTRA GOLD RESOURCES CORP,RELATION_CA_OTC_RESOLUE,NOM_NORMALISE+UNIQUE_CANADA+OTC,RESOLU_SECONDAIRE_OTC,2026-10-08T07:14:50.234037+00:00
ISIN:CA9013201012,QCCUF,XXIX METAL CORP.,USA,USD,OQB,OTC Markets OTCQB,CA9013201012,XXIX METAL CORP,RELATION_CA_OTC_RESOLUE,NOM_NORMALISE+UNIQUE_CANADA+OTC,RESOLU_SECONDAIRE_OTC,2026-10-08T07:14:50.234037+00:00
LISTING:XXIX.V@VAN,XXIX.V,XXIX METAL CORP,Canada,CAD,VAN,TSXV,-,XXIX METAL CORP,RELATION_CA_OTC_RESOLUE,NOM_NORMALISE+UNIQUE_CANADA+OTC,RESOLU_PRINCIPALE_CANADA,2026-10-08T07:14:50.234037+00:00
LISTING:YGR.TO@TOR,YGR.TO,YANGARRA RESOURCES LTD,Canada,CAD,TOR,Toronto,-,YANGARRA RESOURCES LTD,RELATION_CA_OTC_RESOLUE,NOM_NORMALISE+UNIQUE_CANADA+OTC,RESOLU_PRINCIPALE_CANADA,2026-10-08T07:14:50.234037+00:00
ISIN:CA98474P5013,YGRAF,Yangarra Resources Ltd.,USA,USD,OQX,OTC Markets OTCQX,CA98474P5013,YANGARRA RESOURCES LTD,RELATION_CA_OTC_RESOLUE,NOM_NORMALISE+UNIQUE_CANADA+OTC,RESOLU_SECONDAIRE_OTC,2026-10-08T07:14:50.234037+00:00
LISTING:ZEN.V@VAN,ZEN.V,ZENTEK LTD,Canada,CAD,VAN,TSXV,-,ZENTEK LTD,RELATION_CA_OTC_RESOLUE,NOM_NORMALISE+UNIQUE_CANADA+OTC,RESOLU_PRINCIPALE_CANADA,2026-10-08T07:14:50.234037+00:00
ISIN:CA98942X1024,ZTEKF,Zentek Ltd,USA,USD,OQX,OTC Markets OTCQX,CA98942X1024,ZENTEK LTD,RELATION_CA_OTC_RESOLUE,NOM_NORMALISE+UNIQUE_CANADA+OTC,RESOLU_SECONDAIRE_OTC,2026-10-08T07:14:50.234037+00:00
LISTING:47R.F@FRA,47R.F,ZipRecruiter Inc.             R,Allemagne,EUR,FRA,Frankfurt,-,ZIPRECRUITER INC R,PROBABLE,NOM_NORMALISE+RACINE_TICKER+PLACES_DISTINCTES,HORS_UNIVERS_IDENTITE_INSUFFISANTE,2026-10-08T07:14:50.234037+00:00
LISTING:47R.MU@MUN,47R.MU,ZipRecruiter Inc.             R,Allemagne,EUR,MUN,Munich,-,ZIPRECRUITER INC R,PROBABLE,NOM_NORMALISE+RACINE_TICKER+PLACES_DISTINCTES,HORS_UNIVERS_IDENTITE_INSUFFISANTE,2026-10-08T07:14:50.234037+00:00
ISIN:PLCTHQM00018,23Z.SG,Zotefoams PLC,Allemagne,EUR,STU,Stuttgart,PLCTHQM00018,ZOTEFOAMS PLC,DISTINCT,ISIN_DIFFERENTS,RESOLU_DISTINCT,2026-10-08T07:14:50.234037+00:00
ISIN:GB0009896605,ZTFMF,Zotefoams plc,USA,USD,PNK,OTC Markets OTCPK,GB0009896605,ZOTEFOAMS PLC,DISTINCT,ISIN_DIFFERENTS,RESOLU_DISTINCT,2026-10-08T07:14:50.234037+00:00
