Date_detection,Societe,Ticker,Devise,Pays,Capitalisation_EUR,Exchange,FullExchangeName,QuoteType,UnderlyingSymbol,Source_detection,Date_source,These_initiale,Statut_chasse,Etat_registre
2026-10-07,H2APEX Group S.C.A.           B,H2A.DE,EUR,Allemagne,50653960.0,GER,XETRA,EQUITY,,Yahoo Finance / yfinance EquityQuery,2026-10-07,Détection mécanique 50-300 MEUR ; qualification SSI requise.,DETECTE,HORS_UNIVERS_IDENTITE_INSUFFISANTE
2026-10-07,H2APEX Group S.C.A.           B,H2A.F,EUR,Allemagne,51657008.0,FRA,Frankfurt,EQUITY,,Yahoo Finance / yfinance EquityQuery,2026-10-07,Détection mécanique 50-300 MEUR ; qualification SSI requise.,DETECTE,HORS_UNIVERS_IDENTITE_INSUFFISANTE
2026-10-07,FamiCord AG                   N,V3V.F,EUR,Allemagne,52390640.0,FRA,Frankfurt,EQUITY,,Yahoo Finance / yfinance EquityQuery,2026-10-07,Détection mécanique 50-300 MEUR ; qualification SSI requise.,DETECTE,HORS_UNIVERS_IDENTITE_INSUFFISANTE
2026-10-07,BQE Water Inc.,UL5A.SG,EUR,Allemagne,52559108.0,STU,Stuttgart,EQUITY,,Yahoo Finance / yfinance EquityQuery,2026-10-07,Détection mécanique 50-300 MEUR ; qualification SSI requise.,DETECTE,HORS_UNIVERS_IDENTITE_INSUFFISANTE
2026-10-07,FamiCord AG                   N,V3V.DE,EUR,Allemagne,52992560.0,GER,XETRA,EQUITY,,Yahoo Finance / yfinance EquityQuery,2026-10-07,Détection mécanique 50-300 MEUR ; qualification SSI requise.,DETECTE,HORS_UNIVERS_IDENTITE_INSUFFISANTE
2026-10-07,Creo Medical Group PLC,1RC.SG,EUR,Allemagne,52998516.0,STU,Stuttgart,EQUITY,,Yahoo Finance / yfinance EquityQuery,2026-10-07,Détection mécanique 50-300 MEUR ; qualification SSI requise.,DETECTE,HORS_UNIVERS_IDENTITE_INSUFFISANTE
2026-10-07,DocCheck AG                   N,AJ91.F,EUR,Allemagne,53275068.0,FRA,Frankfurt,EQUITY,,Yahoo Finance / yfinance EquityQuery,2026-10-07,Détection mécanique 50-300 MEUR ; qualification SSI requise.,DETECTE,HORS_UNIVERS_IDENTITE_INSUFFISANTE
2026-10-07,Shareholder Value Beteilig.AG N,SVE.F,EUR,Allemagne,53485292.0,FRA,Frankfurt,EQUITY,,Yahoo Finance / yfinance EquityQuery,2026-10-07,Détection mécanique 50-300 MEUR ; qualification SSI requise.,DETECTE,HORS_UNIVERS_IDENTITE_INSUFFISANTE
2026-10-07,DocCheck AG                   N,AJ91.DE,EUR,Allemagne,53782452.0,GER,XETRA,EQUITY,,Yahoo Finance / yfinance EquityQuery,2026-10-07,Détection mécanique 50-300 MEUR ; qualification SSI requise.,DETECTE,HORS_UNIVERS_IDENTITE_INSUFFISANTE
2026-10-07,WeGrow AG                     I,ZN2.F,EUR,Allemagne,53958740.0,FRA,Frankfurt,EQUITY,,Yahoo Finance / yfinance EquityQuery,2026-10-07,Détection mécanique 50-300 MEUR ; qualification SSI requise.,DETECTE,HORS_UNIVERS_IDENTITE_INSUFFISANTE
2026-10-07,WeGrow AG                     I,ZN2.DU,EUR,Allemagne,53958744.0,DUS,Dusseldorf,EQUITY,,Yahoo Finance / yfinance EquityQuery,2026-10-07,Détection mécanique 50-300 MEUR ; qualification SSI requise.,DETECTE,HORS_UNIVERS_IDENTITE_INSUFFISANTE
2026-10-07,Scorpio Gold Corp.,RY9.SG,EUR,Allemagne,54001616.0,STU,Stuttgart,EQUITY,,Yahoo Finance / yfinance EquityQuery,2026-10-07,Détection mécanique 50-300 MEUR ; qualification SSI requise.,DETECTE,HORS_UNIVERS_IDENTITE_INSUFFISANTE
2026-10-07,Shareholder Value Beteilig.AG N,SVE.DE,EUR,Allemagne,54162320.0,GER,XETRA,EQUITY,,Yahoo Finance / yfinance EquityQuery,2026-10-07,Détection mécanique 50-300 MEUR ; qualification SSI requise.,DETECTE,HORS_UNIVERS_IDENTITE_INSUFFISANTE
2026-10-07,Gateway Real Estate AG        I,GTY.DE,EUR,Allemagne,54348336.0,GER,XETRA,EQUITY,,Yahoo Finance / yfinance EquityQuery,2026-10-07,Détection mécanique 50-300 MEUR ; qualification SSI requise.,DETECTE,HORS_UNIVERS_IDENTITE_INSUFFISANTE
2026-10-07,BERENTZEN-GRUPPE AG           I,BEZ.F,EUR,Allemagne,54483408.0,FRA,Frankfurt,EQUITY,,Yahoo Finance / yfinance EquityQuery,2026-10-07,Détection mécanique 50-300 MEUR ; qualification SSI requise.,DETECTE,HORS_UNIVERS_IDENTITE_INSUFFISANTE
2026-10-07,BERENTZEN-GRUPPE AG           I,BEZ.DE,EUR,Allemagne,55047032.0,GER,XETRA,EQUITY,,Yahoo Finance / yfinance EquityQuery,2026-10-07,Détection mécanique 50-300 MEUR ; qualification SSI requise.,DETECTE,HORS_UNIVERS_IDENTITE_INSUFFISANTE
2026-10-07,WISeKey Internat.Holding Ltd. N,1W81.F,EUR,Allemagne,55155688.0,FRA,Frankfurt,EQUITY,,Yahoo Finance / yfinance EquityQuery,2026-10-07,Détection mécanique 50-300 MEUR ; qualification SSI requise.,DETECTE,HORS_UNIVERS_IDENTITE_INSUFFISANTE
2026-10-07,Pliant Therapeutics Inc.      R,9PT.F,EUR,Allemagne,55542464.0,FRA,Frankfurt,EQUITY,,Yahoo Finance / yfinance EquityQuery,2026-10-07,Détection mécanique 50-300 MEUR ; qualification SSI requise.,DETECTE,HORS_UNIVERS_IDENTITE_INSUFFISANTE
2026-10-07,NFON AG                       I,NFN.F,EUR,Allemagne,55645376.0,FRA,Frankfurt,EQUITY,,Yahoo Finance / yfinance EquityQuery,2026-10-07,Détection mécanique 50-300 MEUR ; qualification SSI requise.,DETECTE,HORS_UNIVERS_IDENTITE_INSUFFISANTE
2026-10-07,MHP Hotel AG                  I,CDZ0.F,EUR,Allemagne,56077524.0,FRA,Frankfurt,EQUITY,,Yahoo Finance / yfinance EquityQuery,2026-10-07,Détection mécanique 50-300 MEUR ; qualification SSI requise.,DETECTE,HORS_UNIVERS_IDENTITE_INSUFFISANTE
2026-10-07,Agronomics Ltd.,V77.SG,EUR,Allemagne,56335820.0,STU,Stuttgart,EQUITY,,Yahoo Finance / yfinance EquityQuery,2026-10-07,Détection mécanique 50-300 MEUR ; qualification SSI requise.,DETECTE,HORS_UNIVERS_IDENTITE_INSUFFISANTE
2026-10-07,NFON AG                       I,NFN.DU,EUR,Allemagne,56607636.0,DUS,Dusseldorf,EQUITY,,Yahoo Finance / yfinance EquityQuery,2026-10-07,Détection mécanique 50-300 MEUR ; qualification SSI requise.,DETECTE,HORS_UNIVERS_IDENTITE_INSUFFISANTE
2026-10-07,Lithium Ionic Corp.           R,H3N.F,EUR,Allemagne,56822748.0,FRA,Frankfurt,EQUITY,,Yahoo Finance / yfinance EquityQuery,2026-10-07,Détection mécanique 50-300 MEUR ; qualification SSI requise.,DETECTE,HORS_UNIVERS_IDENTITE_INSUFFISANTE
2026-10-07,NFON AG                       I,NFN.DE,EUR,Allemagne,56940156.0,GER,XETRA,EQUITY,,Yahoo Finance / yfinance EquityQuery,2026-10-07,Détection mécanique 50-300 MEUR ; qualification SSI requise.,DETECTE,HORS_UNIVERS_IDENTITE_INSUFFISANTE
2026-10-07,WISeKey Internat.Holding Ltd. N,1W82.F,EUR,Allemagne,57787596.0,FRA,Frankfurt,EQUITY,,Yahoo Finance / yfinance EquityQuery,2026-10-07,Détection mécanique 50-300 MEUR ; qualification SSI requise.,DETECTE,HORS_UNIVERS_IDENTITE_INSUFFISANTE
2026-10-07,net digital AG                I,VRL.F,EUR,Allemagne,58109988.0,FRA,Frankfurt,EQUITY,,Yahoo Finance / yfinance EquityQuery,2026-10-07,Détection mécanique 50-300 MEUR ; qualification SSI requise.,DETECTE,HORS_UNIVERS_IDENTITE_INSUFFISANTE
2026-10-07,Pliant Therapeutics Inc.      R,9PT.MU,EUR,Allemagne,58266952.0,MUN,Munich,EQUITY,,Yahoo Finance / yfinance EquityQuery,2026-10-07,Détection mécanique 50-300 MEUR ; qualification SSI requise.,DETECTE,HORS_UNIVERS_IDENTITE_INSUFFISANTE
2026-10-07,MHP Hotel AG                  I,CDZ0.MU,EUR,Allemagne,58394776.0,MUN,Munich,EQUITY,,Yahoo Finance / yfinance EquityQuery,2026-10-07,Détection mécanique 50-300 MEUR ; qualification SSI requise.,DETECTE,HORS_UNIVERS_IDENTITE_INSUFFISANTE
2026-10-07,The Naga Group AG             N,N4G0.DE,EUR,Allemagne,58661356.0,GER,XETRA,EQUITY,,Yahoo Finance / yfinance EquityQuery,2026-10-07,Détection mécanique 50-300 MEUR ; qualification SSI requise.,DETECTE,HORS_UNIVERS_IDENTITE_INSUFFISANTE
2026-10-07,The Naga Group AG             N,N4G0.F,EUR,Allemagne,58661356.0,FRA,Frankfurt,EQUITY,,Yahoo Finance / yfinance EquityQuery,2026-10-07,Détection mécanique 50-300 MEUR ; qualification SSI requise.,DETECTE,HORS_UNIVERS_IDENTITE_INSUFFISANTE
2026-10-07,MHP Hotel AG                  I,CDZ0.DE,EUR,Allemagne,58858224.0,GER,XETRA,EQUITY,,Yahoo Finance / yfinance EquityQuery,2026-10-07,Détection mécanique 50-300 MEUR ; qualification SSI requise.,DETECTE,HORS_UNIVERS_IDENTITE_INSUFFISANTE
2026-10-07,net digital AG                I,VRL.DE,EUR,Allemagne,59182128.0,GER,XETRA,EQUITY,,Yahoo Finance / yfinance EquityQuery,2026-10-07,Détection mécanique 50-300 MEUR ; qualification SSI requise.,DETECTE,HORS_UNIVERS_IDENTITE_INSUFFISANTE
2026-10-07,Cantourage Group SE           I,HIGH.F,EUR,Allemagne,59375000.0,FRA,Frankfurt,EQUITY,,Yahoo Finance / yfinance EquityQuery,2026-10-07,Détection mécanique 50-300 MEUR ; qualification SSI requise.,DETECTE,HORS_UNIVERS_IDENTITE_INSUFFISANTE
2026-10-07,Adventure Inc.                R,6OQ.F,EUR,Allemagne,59572232.0,FRA,Frankfurt,EQUITY,,Yahoo Finance / yfinance EquityQuery,2026-10-07,Détection mécanique 50-300 MEUR ; qualification SSI requise.,DETECTE,HORS_UNIVERS_IDENTITE_INSUFFISANTE
2026-10-07,BTCS Inc.                     R,BIC.F,EUR,Allemagne,59660592.0,FRA,Frankfurt,EQUITY,,Yahoo Finance / yfinance EquityQuery,2026-10-07,Détection mécanique 50-300 MEUR ; qualification SSI requise.,DETECTE,HORS_UNIVERS_IDENTITE_INSUFFISANTE
2026-10-07,Sol Strategies Inc.           R,1X0.F,EUR,Allemagne,59975236.0,FRA,Frankfurt,EQUITY,,Yahoo Finance / yfinance EquityQuery,2026-10-07,Détection mécanique 50-300 MEUR ; qualification SSI requise.,DETECTE,HORS_UNIVERS_IDENTITE_INSUFFISANTE
2026-10-07,BRAIN Biotech AG              N,BNN.DE,EUR,Allemagne,60299088.0,GER,XETRA,EQUITY,,Yahoo Finance / yfinance EquityQuery,2026-10-07,Détection mécanique 50-300 MEUR ; qualification SSI requise.,DETECTE,HORS_UNIVERS_IDENTITE_INSUFFISANTE
2026-10-07,Cantourage Group SE           I,HIGH.DE,EUR,Allemagne,61322636.0,GER,XETRA,EQUITY,,Yahoo Finance / yfinance EquityQuery,2026-10-07,Détection mécanique 50-300 MEUR ; qualification SSI requise.,DETECTE,HORS_UNIVERS_IDENTITE_INSUFFISANTE
2026-10-07,BRAIN Biotech AG              N,BNN.F,EUR,Allemagne,61609936.0,FRA,Frankfurt,EQUITY,,Yahoo Finance / yfinance EquityQuery,2026-10-07,Détection mécanique 50-300 MEUR ; qualification SSI requise.,DETECTE,HORS_UNIVERS_IDENTITE_INSUFFISANTE
2026-10-07,Adventure Inc.                R,6OQ.MU,EUR,Allemagne,62802048.0,MUN,Munich,EQUITY,,Yahoo Finance / yfinance EquityQuery,2026-10-07,Détection mécanique 50-300 MEUR ; qualification SSI requise.,DETECTE,HORS_UNIVERS_IDENTITE_INSUFFISANTE
2026-10-07,Sol Strategies Inc.           R,1X0.MU,EUR,Allemagne,63351328.0,MUN,Munich,EQUITY,,Yahoo Finance / yfinance EquityQuery,2026-10-07,Détection mécanique 50-300 MEUR ; qualification SSI requise.,DETECTE,HORS_UNIVERS_IDENTITE_INSUFFISANTE
2026-10-07,AD PEPPER MEDIA INTL N.V.     A,APM.F,EUR,Allemagne,64300000.0,FRA,Frankfurt,EQUITY,,Yahoo Finance / yfinance EquityQuery,2026-10-07,Détection mécanique 50-300 MEUR ; qualification SSI requise.,DETECTE,HORS_UNIVERS_IDENTITE_INSUFFISANTE
2026-10-07,Momentus Inc.                 R,0F9.F,EUR,Allemagne,64901844.0,FRA,Frankfurt,EQUITY,,Yahoo Finance / yfinance EquityQuery,2026-10-07,Détection mécanique 50-300 MEUR ; qualification SSI requise.,DETECTE,HORS_UNIVERS_IDENTITE_INSUFFISANTE
2026-10-07,AD PEPPER MEDIA INTL N.V.     A,APM.DE,EUR,Allemagne,65274244.0,GER,XETRA,EQUITY,,Yahoo Finance / yfinance EquityQuery,2026-10-07,Détection mécanique 50-300 MEUR ; qualification SSI requise.,DETECTE,HORS_UNIVERS_IDENTITE_INSUFFISANTE
2026-10-07,IBU-tec advanced materials AG I,IBU.DE,EUR,Allemagne,65312500.0,GER,XETRA,EQUITY,,Yahoo Finance / yfinance EquityQuery,2026-10-07,Détection mécanique 50-300 MEUR ; qualification SSI requise.,DETECTE,HORS_UNIVERS_IDENTITE_INSUFFISANTE
2026-10-07,IBU-tec advanced materials AG I,IBU.F,EUR,Allemagne,65312500.0,FRA,Frankfurt,EQUITY,,Yahoo Finance / yfinance EquityQuery,2026-10-07,Détection mécanique 50-300 MEUR ; qualification SSI requise.,DETECTE,HORS_UNIVERS_IDENTITE_INSUFFISANTE
2026-10-07,BTCS Inc.                     R,BIC.MU,EUR,Allemagne,66009700.0,MUN,Munich,EQUITY,,Yahoo Finance / yfinance EquityQuery,2026-10-07,Détection mécanique 50-300 MEUR ; qualification SSI requise.,DETECTE,HORS_UNIVERS_IDENTITE_INSUFFISANTE
2026-10-07,Lithium Ionic Corp.           R,H3N.MU,EUR,Allemagne,66293208.0,MUN,Munich,EQUITY,,Yahoo Finance / yfinance EquityQuery,2026-10-07,Détection mécanique 50-300 MEUR ; qualification SSI requise.,DETECTE,HORS_UNIVERS_IDENTITE_INSUFFISANTE
2026-10-07,Momentus Inc.                 R,0F9.DU,EUR,Allemagne,66439288.0,DUS,Dusseldorf,EQUITY,,Yahoo Finance / yfinance EquityQuery,2026-10-07,Détection mécanique 50-300 MEUR ; qualification SSI requise.,DETECTE,HORS_UNIVERS_IDENTITE_INSUFFISANTE
2026-10-07,Infinity Develop. Hldgs Co.LtdR,07F0.F,EUR,Allemagne,66700632.0,FRA,Frankfurt,EQUITY,,Yahoo Finance / yfinance EquityQuery,2026-10-07,Détection mécanique 50-300 MEUR ; qualification SSI requise.,DETECTE,HORS_UNIVERS_IDENTITE_INSUFFISANTE
2026-10-07,EcoSynthetix Inc.,0Y8.SG,EUR,Allemagne,67014808.0,STU,Stuttgart,EQUITY,,Yahoo Finance / yfinance EquityQuery,2026-10-07,Détection mécanique 50-300 MEUR ; qualification SSI requise.,DETECTE,HORS_UNIVERS_IDENTITE_INSUFFISANTE
2026-10-07,Scherzer & Co. AG             I,PZS.F,EUR,Allemagne,67074116.0,FRA,Frankfurt,EQUITY,,Yahoo Finance / yfinance EquityQuery,2026-10-07,Détection mécanique 50-300 MEUR ; qualification SSI requise.,DETECTE,HORS_UNIVERS_IDENTITE_INSUFFISANTE
2026-10-07,WE Connect,77P.SG,EUR,Allemagne,67140608.0,STU,Stuttgart,EQUITY,,Yahoo Finance / yfinance EquityQuery,2026-10-07,Détection mécanique 50-300 MEUR ; qualification SSI requise.,DETECTE,HORS_UNIVERS_IDENTITE_INSUFFISANTE
2026-10-07,PWO AG                        I,PWO.F,EUR,Allemagne,67500000.0,FRA,Frankfurt,EQUITY,,Yahoo Finance / yfinance EquityQuery,2026-10-07,Détection mécanique 50-300 MEUR ; qualification SSI requise.,DETECTE,HORS_UNIVERS_IDENTITE_INSUFFISANTE
2026-10-07,ALBIS LEASING AG              I,ALG.F,EUR,Allemagne,68249288.0,FRA,Frankfurt,EQUITY,,Yahoo Finance / yfinance EquityQuery,2026-10-07,Détection mécanique 50-300 MEUR ; qualification SSI requise.,DETECTE,HORS_UNIVERS_IDENTITE_INSUFFISANTE
2026-10-07,Cascadia Minerals Ltd.,F6G.SG,EUR,Allemagne,68995760.0,STU,Stuttgart,EQUITY,,Yahoo Finance / yfinance EquityQuery,2026-10-07,Détection mécanique 50-300 MEUR ; qualification SSI requise.,DETECTE,HORS_UNIVERS_IDENTITE_INSUFFISANTE
2026-10-07,Blue Cap AG                   I,B7E.F,EUR,Allemagne,69088760.0,FRA,Frankfurt,EQUITY,,Yahoo Finance / yfinance EquityQuery,2026-10-07,Détection mécanique 50-300 MEUR ; qualification SSI requise.,DETECTE,HORS_UNIVERS_IDENTITE_INSUFFISANTE
2026-10-07,Scherzer & Co. AG             I,PZS.DE,EUR,Allemagne,69186680.0,GER,XETRA,EQUITY,,Yahoo Finance / yfinance EquityQuery,2026-10-07,Détection mécanique 50-300 MEUR ; qualification SSI requise.,DETECTE,HORS_UNIVERS_IDENTITE_INSUFFISANTE
2026-10-07,RealUnit Schweiz AG           N,RET.DU,EUR,Allemagne,69222504.0,DUS,Dusseldorf,EQUITY,,Yahoo Finance / yfinance EquityQuery,2026-10-07,Détection mécanique 50-300 MEUR ; qualification SSI requise.,DETECTE,HORS_UNIVERS_IDENTITE_INSUFFISANTE
2026-10-07,mwb fairtrade Wphdlsbank AG   N,MWB0.F,EUR,Allemagne,69613664.0,FRA,Frankfurt,EQUITY,,Yahoo Finance / yfinance EquityQuery,2026-10-07,Détection mécanique 50-300 MEUR ; qualification SSI requise.,DETECTE,HORS_UNIVERS_IDENTITE_INSUFFISANTE
2026-10-07,Otovo ASA,89K0.SG,EUR,Allemagne,69683160.0,STU,Stuttgart,EQUITY,,Yahoo Finance / yfinance EquityQuery,2026-10-07,Détection mécanique 50-300 MEUR ; qualification SSI requise.,DETECTE,RESOLU_SECONDAIRE_EUROPE
2026-10-07,ALBIS LEASING AG              I,ALG.DE,EUR,Allemagne,69944920.0,GER,XETRA,EQUITY,,Yahoo Finance / yfinance EquityQuery,2026-10-07,Détection mécanique 50-300 MEUR ; qualification SSI requise.,DETECTE,HORS_UNIVERS_IDENTITE_INSUFFISANTE
2026-10-07,PWO AG                        I,PWO.DE,EUR,Allemagne,70000000.0,GER,XETRA,EQUITY,,Yahoo Finance / yfinance EquityQuery,2026-10-07,Détection mécanique 50-300 MEUR ; qualification SSI requise.,DETECTE,HORS_UNIVERS_IDENTITE_INSUFFISANTE
2026-10-07,mwb fairtrade Wphdlsbank AG   N,MWB0.DE,EUR,Allemagne,70358184.0,GER,XETRA,EQUITY,,Yahoo Finance / yfinance EquityQuery,2026-10-07,Détection mécanique 50-300 MEUR ; qualification SSI requise.,DETECTE,HORS_UNIVERS_IDENTITE_INSUFFISANTE
2026-10-07,Blue Cap AG                   I,B7E.DE,EUR,Allemagne,70434640.0,GER,XETRA,EQUITY,,Yahoo Finance / yfinance EquityQuery,2026-10-07,Détection mécanique 50-300 MEUR ; qualification SSI requise.,DETECTE,HORS_UNIVERS_IDENTITE_INSUFFISANTE
2026-10-07,Actia Group S.A.,AG9.SG,EUR,Allemagne,70495320.0,STU,Stuttgart,EQUITY,,Yahoo Finance / yfinance EquityQuery,2026-10-07,Détection mécanique 50-300 MEUR ; qualification SSI requise.,DETECTE,HORS_UNIVERS_IDENTITE_INSUFFISANTE
2026-10-07,Inseego Corp.                 R,INO0.F,EUR,Allemagne,71040504.0,FRA,Frankfurt,EQUITY,,Yahoo Finance / yfinance EquityQuery,2026-10-07,Détection mécanique 50-300 MEUR ; qualification SSI requise.,DETECTE,HORS_UNIVERS_IDENTITE_INSUFFISANTE
2026-10-07,RealUnit Schweiz AG           N,RET.F,EUR,Allemagne,71186264.0,FRA,Frankfurt,EQUITY,,Yahoo Finance / yfinance EquityQuery,2026-10-07,Détection mécanique 50-300 MEUR ; qualification SSI requise.,DETECTE,HORS_UNIVERS_IDENTITE_INSUFFISANTE
2026-10-07,Baikowski SAS                 A,3BK.F,EUR,Allemagne,71361976.0,FRA,Frankfurt,EQUITY,,Yahoo Finance / yfinance EquityQuery,2026-10-07,Détection mécanique 50-300 MEUR ; qualification SSI requise.,DETECTE,HORS_UNIVERS_IDENTITE_INSUFFISANTE
2026-10-07,Inseego Corp.,INO0.SG,EUR,Allemagne,71743880.0,STU,Stuttgart,EQUITY,,Yahoo Finance / yfinance EquityQuery,2026-10-07,Détection mécanique 50-300 MEUR ; qualification SSI requise.,DETECTE,HORS_UNIVERS_IDENTITE_INSUFFISANTE
2026-10-07,CGRE AG                       I,CGX.F,EUR,Allemagne,72000000.0,FRA,Frankfurt,EQUITY,,Yahoo Finance / yfinance EquityQuery,2026-10-07,Détection mécanique 50-300 MEUR ; qualification SSI requise.,DETECTE,HORS_UNIVERS_IDENTITE_INSUFFISANTE
2026-10-07,Inseego Corp.                 R,INO0.MU,EUR,Allemagne,72095560.0,MUN,Munich,EQUITY,,Yahoo Finance / yfinance EquityQuery,2026-10-07,Détection mécanique 50-300 MEUR ; qualification SSI requise.,DETECTE,HORS_UNIVERS_IDENTITE_INSUFFISANTE
2026-10-07,Novogenia AG                  I,7V0.F,EUR,Allemagne,72600000.0,FRA,Frankfurt,EQUITY,,Yahoo Finance / yfinance EquityQuery,2026-10-07,Détection mécanique 50-300 MEUR ; qualification SSI requise.,DETECTE,HORS_UNIVERS_IDENTITE_INSUFFISANTE
2026-10-07,RealUnit Schweiz AG           N,RET.DE,EUR,Allemagne,73150024.0,GER,XETRA,EQUITY,,Yahoo Finance / yfinance EquityQuery,2026-10-07,Détection mécanique 50-300 MEUR ; qualification SSI requise.,DETECTE,HORS_UNIVERS_IDENTITE_INSUFFISANTE
2026-10-07,R. Stahl AG                   N,RSL2.F,EUR,Allemagne,73869192.0,FRA,Frankfurt,EQUITY,,Yahoo Finance / yfinance EquityQuery,2026-10-07,Détection mécanique 50-300 MEUR ; qualification SSI requise.,DETECTE,HORS_UNIVERS_IDENTITE_INSUFFISANTE
2026-10-07,Tecogen Inc.,2T1.SG,EUR,Allemagne,74503544.0,STU,Stuttgart,EQUITY,,Yahoo Finance / yfinance EquityQuery,2026-10-07,Détection mécanique 50-300 MEUR ; qualification SSI requise.,DETECTE,HORS_UNIVERS_IDENTITE_INSUFFISANTE
2026-10-07,R. Stahl AG                   N,RSL2.DE,EUR,Allemagne,74704000.0,GER,XETRA,EQUITY,,Yahoo Finance / yfinance EquityQuery,2026-10-07,Détection mécanique 50-300 MEUR ; qualification SSI requise.,DETECTE,HORS_UNIVERS_IDENTITE_INSUFFISANTE
2026-10-07,CENIT AG                      I,CSH.F,EUR,Allemagne,74975112.0,FRA,Frankfurt,EQUITY,,Yahoo Finance / yfinance EquityQuery,2026-10-07,Détection mécanique 50-300 MEUR ; qualification SSI requise.,DETECTE,HORS_UNIVERS_IDENTITE_INSUFFISANTE
2026-10-07,CGRE AG                       I,CGX.DE,EUR,Allemagne,75000000.0,GER,XETRA,EQUITY,,Yahoo Finance / yfinance EquityQuery,2026-10-07,Détection mécanique 50-300 MEUR ; qualification SSI requise.,DETECTE,HORS_UNIVERS_IDENTITE_INSUFFISANTE
2026-10-07,Voltatron AG                  I,VOTR.F,EUR,Allemagne,75489248.0,FRA,Frankfurt,EQUITY,,Yahoo Finance / yfinance EquityQuery,2026-10-07,Détection mécanique 50-300 MEUR ; qualification SSI requise.,DETECTE,HORS_UNIVERS_IDENTITE_INSUFFISANTE
2026-10-07,Novogenia AG                  I,7V0.DE,EUR,Allemagne,75600000.0,GER,XETRA,EQUITY,,Yahoo Finance / yfinance EquityQuery,2026-10-07,Détection mécanique 50-300 MEUR ; qualification SSI requise.,DETECTE,HORS_UNIVERS_IDENTITE_INSUFFISANTE
2026-10-07,CEOTRONICS AG                 I,CEK.DE,EUR,Allemagne,76129200.0,GER,XETRA,EQUITY,,Yahoo Finance / yfinance EquityQuery,2026-10-07,Détection mécanique 50-300 MEUR ; qualification SSI requise.,DETECTE,HORS_UNIVERS_IDENTITE_INSUFFISANTE
2026-10-07,Gateway Real Estate AG        I,GTY.F,EUR,Allemagne,76150344.0,FRA,Frankfurt,EQUITY,,Yahoo Finance / yfinance EquityQuery,2026-10-07,Détection mécanique 50-300 MEUR ; qualification SSI requise.,DETECTE,HORS_UNIVERS_IDENTITE_INSUFFISANTE
2026-10-07,Ringmetall SE                 N,HP3A.F,EUR,Allemagne,76160880.0,FRA,Frankfurt,EQUITY,,Yahoo Finance / yfinance EquityQuery,2026-10-07,Détection mécanique 50-300 MEUR ; qualification SSI requise.,DETECTE,HORS_UNIVERS_IDENTITE_INSUFFISANTE
2026-10-07,CEOTRONICS AG                 I,CEK.F,EUR,Allemagne,76368600.0,FRA,Frankfurt,EQUITY,,Yahoo Finance / yfinance EquityQuery,2026-10-07,Détection mécanique 50-300 MEUR ; qualification SSI requise.,DETECTE,HORS_UNIVERS_IDENTITE_INSUFFISANTE
2026-10-07,CENIT AG                      I,CSH.DE,EUR,Allemagne,76481312.0,GER,XETRA,EQUITY,,Yahoo Finance / yfinance EquityQuery,2026-10-07,Détection mécanique 50-300 MEUR ; qualification SSI requise.,DETECTE,HORS_UNIVERS_IDENTITE_INSUFFISANTE
2026-10-07,Greentree Hospitality Group Ltd,GT1A.SG,EUR,Allemagne,76681968.0,STU,Stuttgart,EQUITY,,Yahoo Finance / yfinance EquityQuery,2026-10-07,Détection mécanique 50-300 MEUR ; qualification SSI requise.,DETECTE,HORS_UNIVERS_IDENTITE_INSUFFISANTE
2026-10-07,Voltatron AG                  I,VOTR.DE,EUR,Allemagne,76985232.0,GER,XETRA,EQUITY,,Yahoo Finance / yfinance EquityQuery,2026-10-07,Détection mécanique 50-300 MEUR ; qualification SSI requise.,DETECTE,HORS_UNIVERS_IDENTITE_INSUFFISANTE
2026-10-07,electroCore Inc.              R,43E0.F,EUR,Allemagne,77536616.0,FRA,Frankfurt,EQUITY,,Yahoo Finance / yfinance EquityQuery,2026-10-07,Détection mécanique 50-300 MEUR ; qualification SSI requise.,DETECTE,HORS_UNIVERS_IDENTITE_INSUFFISANTE
2026-10-07,Devyser Diagnostics AB,OL0.SG,EUR,Allemagne,77814960.0,STU,Stuttgart,EQUITY,,Yahoo Finance / yfinance EquityQuery,2026-10-07,Détection mécanique 50-300 MEUR ; qualification SSI requise.,DETECTE,RESOLU_SECONDAIRE_EUROPE
2026-10-07,Baikowski SAS                 A,3BK.MU,EUR,Allemagne,77830400.0,MUN,Munich,EQUITY,,Yahoo Finance / yfinance EquityQuery,2026-10-07,Détection mécanique 50-300 MEUR ; qualification SSI requise.,DETECTE,HORS_UNIVERS_IDENTITE_INSUFFISANTE
2026-10-07,Infinity Develop. Hldgs Co.LtdR,07F0.MU,EUR,Allemagne,77915784.0,MUN,Munich,EQUITY,,Yahoo Finance / yfinance EquityQuery,2026-10-07,Détection mécanique 50-300 MEUR ; qualification SSI requise.,DETECTE,HORS_UNIVERS_IDENTITE_INSUFFISANTE
2026-10-07,Novogenia AG                  I,7V0.MU,EUR,Allemagne,78000000.0,MUN,Munich,EQUITY,,Yahoo Finance / yfinance EquityQuery,2026-10-07,Détection mécanique 50-300 MEUR ; qualification SSI requise.,DETECTE,HORS_UNIVERS_IDENTITE_INSUFFISANTE
2026-10-07,Havila Kystruten AS           N,6FZ0.F,EUR,Allemagne,78408288.0,FRA,Frankfurt,EQUITY,,Yahoo Finance / yfinance EquityQuery,2026-10-07,Détection mécanique 50-300 MEUR ; qualification SSI requise.,DETECTE,HORS_UNIVERS_IDENTITE_INSUFFISANTE
2026-10-07,Norse Atlantic ASA,9LG0.SG,EUR,Allemagne,78686680.0,STU,Stuttgart,EQUITY,,Yahoo Finance / yfinance EquityQuery,2026-10-07,Détection mécanique 50-300 MEUR ; qualification SSI requise.,DETECTE,RESOLU_SECONDAIRE_EUROPE
2026-10-07,Laramide Resources Ltd.       R,L4RA.F,EUR,Allemagne,79044264.0,FRA,Frankfurt,EQUITY,,Yahoo Finance / yfinance EquityQuery,2026-10-07,Détection mécanique 50-300 MEUR ; qualification SSI requise.,DETECTE,HORS_UNIVERS_IDENTITE_INSUFFISANTE
2026-10-07,Havila Kystruten AS           N,6FZ0.MU,EUR,Allemagne,79093080.0,MUN,Munich,EQUITY,,Yahoo Finance / yfinance EquityQuery,2026-10-07,Détection mécanique 50-300 MEUR ; qualification SSI requise.,DETECTE,HORS_UNIVERS_IDENTITE_INSUFFISANTE
2026-10-07,Ringmetall SE                 N,HP3A.DE,EUR,Allemagne,79649168.0,GER,XETRA,EQUITY,,Yahoo Finance / yfinance EquityQuery,2026-10-07,Détection mécanique 50-300 MEUR ; qualification SSI requise.,DETECTE,HORS_UNIVERS_IDENTITE_INSUFFISANTE
2026-10-07,q.beyond AG                   N,QBY0.F,EUR,Allemagne,81945880.0,FRA,Frankfurt,EQUITY,,Yahoo Finance / yfinance EquityQuery,2026-10-07,Détection mécanique 50-300 MEUR ; qualification SSI requise.,DETECTE,HORS_UNIVERS_IDENTITE_INSUFFISANTE
2026-10-07,BASTEI LUEBBE AG  O.N.,BST.F,EUR,Allemagne,82793264.0,FRA,Frankfurt,EQUITY,,Yahoo Finance / yfinance EquityQuery,2026-10-07,Détection mécanique 50-300 MEUR ; qualification SSI requise.,DETECTE,HORS_UNIVERS_IDENTITE_INSUFFISANTE
2026-10-07,Novem Group S.A.              R,NVM.F,EUR,Allemagne,83048488.0,FRA,Frankfurt,EQUITY,,Yahoo Finance / yfinance EquityQuery,2026-10-07,Détection mécanique 50-300 MEUR ; qualification SSI requise.,DETECTE,HORS_UNIVERS_IDENTITE_INSUFFISANTE
2026-10-07,electroCore Inc.              R,43E0.MU,EUR,Allemagne,83396936.0,MUN,Munich,EQUITY,,Yahoo Finance / yfinance EquityQuery,2026-10-07,Détection mécanique 50-300 MEUR ; qualification SSI requise.,DETECTE,HORS_UNIVERS_IDENTITE_INSUFFISANTE
2026-10-07,AG Growth International Inc.  R,7AG.F,EUR,Allemagne,83451768.0,FRA,Frankfurt,EQUITY,,Yahoo Finance / yfinance EquityQuery,2026-10-07,Détection mécanique 50-300 MEUR ; qualification SSI requise.,DETECTE,HORS_UNIVERS_IDENTITE_INSUFFISANTE
2026-10-07,q.beyond AG                   N,QBY0.DE,EUR,Allemagne,83717408.0,GER,XETRA,EQUITY,,Yahoo Finance / yfinance EquityQuery,2026-10-07,Détection mécanique 50-300 MEUR ; qualification SSI requise.,DETECTE,HORS_UNIVERS_IDENTITE_INSUFFISANTE
2026-10-07,MCOT PCL                      R,OLU1.F,EUR,Allemagne,83826104.0,FRA,Frankfurt,EQUITY,,Yahoo Finance / yfinance EquityQuery,2026-10-07,Détection mécanique 50-300 MEUR ; qualification SSI requise.,DETECTE,HORS_UNIVERS_IDENTITE_INSUFFISANTE
2026-10-07,BASTEI LUEBBE AG  O.N.,BST.DE,EUR,Allemagne,83841280.0,GER,XETRA,EQUITY,,Yahoo Finance / yfinance EquityQuery,2026-10-07,Détection mécanique 50-300 MEUR ; qualification SSI requise.,DETECTE,HORS_UNIVERS_IDENTITE_INSUFFISANTE
2026-10-07,"Sentul City Tbk, PT           R",5S4.MU,EUR,Allemagne,83854456.0,MUN,Munich,EQUITY,,Yahoo Finance / yfinance EquityQuery,2026-10-07,Détection mécanique 50-300 MEUR ; qualification SSI requise.,DETECTE,HORS_UNIVERS_IDENTITE_INSUFFISANTE
2026-10-07,clearvise AG                  I,ABO.DU,EUR,Allemagne,84398192.0,DUS,Dusseldorf,EQUITY,,Yahoo Finance / yfinance EquityQuery,2026-10-07,Détection mécanique 50-300 MEUR ; qualification SSI requise.,DETECTE,HORS_UNIVERS_IDENTITE_INSUFFISANTE
2026-10-07,Hong Kong Technology Venture  R,XHN1.F,EUR,Allemagne,85479168.0,FRA,Frankfurt,EQUITY,,Yahoo Finance / yfinance EquityQuery,2026-10-07,Détection mécanique 50-300 MEUR ; qualification SSI requise.,DETECTE,HORS_UNIVERS_IDENTITE_INSUFFISANTE
2026-10-07,clearvise AG                  I,ABO.F,EUR,Allemagne,85528520.0,FRA,Frankfurt,EQUITY,,Yahoo Finance / yfinance EquityQuery,2026-10-07,Détection mécanique 50-300 MEUR ; qualification SSI requise.,DETECTE,HORS_UNIVERS_IDENTITE_INSUFFISANTE
2026-10-07,HUHUTECH International Group In,B180.SG,EUR,Allemagne,86250432.0,STU,Stuttgart,EQUITY,,Yahoo Finance / yfinance EquityQuery,2026-10-07,Détection mécanique 50-300 MEUR ; qualification SSI requise.,DETECTE,HORS_UNIVERS_IDENTITE_INSUFFISANTE
2026-10-07,AG Growth International Inc.  R,7AG.MU,EUR,Allemagne,86749896.0,MUN,Munich,EQUITY,,Yahoo Finance / yfinance EquityQuery,2026-10-07,Détection mécanique 50-300 MEUR ; qualification SSI requise.,DETECTE,HORS_UNIVERS_IDENTITE_INSUFFISANTE
2026-10-07,Novem Group S.A.              R,NVM.DE,EUR,Allemagne,86921216.0,GER,XETRA,EQUITY,,Yahoo Finance / yfinance EquityQuery,2026-10-07,Détection mécanique 50-300 MEUR ; qualification SSI requise.,DETECTE,HORS_UNIVERS_IDENTITE_INSUFFISANTE
2026-10-07,clearvise AG                  I,ABO.DE,EUR,Allemagne,87035632.0,GER,XETRA,EQUITY,,Yahoo Finance / yfinance EquityQuery,2026-10-07,Détection mécanique 50-300 MEUR ; qualification SSI requise.,DETECTE,HORS_UNIVERS_IDENTITE_INSUFFISANTE
2026-10-07,BERTRANDT AG                  I,BDT.F,EUR,Allemagne,87312904.0,FRA,Frankfurt,EQUITY,,Yahoo Finance / yfinance EquityQuery,2026-10-07,Détection mécanique 50-300 MEUR ; qualification SSI requise.,DETECTE,HORS_UNIVERS_IDENTITE_INSUFFISANTE
2026-10-07,clearvise AG                  I,ABO.MU,EUR,Allemagne,87789184.0,MUN,Munich,EQUITY,,Yahoo Finance / yfinance EquityQuery,2026-10-07,Détection mécanique 50-300 MEUR ; qualification SSI requise.,DETECTE,HORS_UNIVERS_IDENTITE_INSUFFISANTE
2026-10-07,BERTRANDT AG                  I,BDT.DE,EUR,Allemagne,87919240.0,GER,XETRA,EQUITY,,Yahoo Finance / yfinance EquityQuery,2026-10-07,Détection mécanique 50-300 MEUR ; qualification SSI requise.,DETECTE,HORS_UNIVERS_IDENTITE_INSUFFISANTE
2026-10-07,Hong Kong Technology Venture  R,XHN1.MU,EUR,Allemagne,88645064.0,MUN,Munich,EQUITY,,Yahoo Finance / yfinance EquityQuery,2026-10-07,Détection mécanique 50-300 MEUR ; qualification SSI requise.,DETECTE,HORS_UNIVERS_IDENTITE_INSUFFISANTE
2026-10-07,Singulus Technologies AG      I,SNG.F,EUR,Allemagne,88965272.0,FRA,Frankfurt,EQUITY,,Yahoo Finance / yfinance EquityQuery,2026-10-07,Détection mécanique 50-300 MEUR ; qualification SSI requise.,DETECTE,HORS_UNIVERS_IDENTITE_INSUFFISANTE
2026-10-07,MERKUR PRIVATBANK KGaA        I,MBK.F,EUR,Allemagne,89455624.0,FRA,Frankfurt,EQUITY,,Yahoo Finance / yfinance EquityQuery,2026-10-07,Détection mécanique 50-300 MEUR ; qualification SSI requise.,DETECTE,HORS_UNIVERS_IDENTITE_INSUFFISANTE
2026-10-07,Nicola Mining Inc.            R,HLI.F,EUR,Allemagne,89515024.0,FRA,Frankfurt,EQUITY,,Yahoo Finance / yfinance EquityQuery,2026-10-07,Détection mécanique 50-300 MEUR ; qualification SSI requise.,DETECTE,HORS_UNIVERS_IDENTITE_INSUFFISANTE
2026-10-07,DATA MODUL AG PROD.U.V.V.E.S. I,DAM.DE,EUR,Allemagne,89565024.0,GER,XETRA,EQUITY,,Yahoo Finance / yfinance EquityQuery,2026-10-07,Détection mécanique 50-300 MEUR ; qualification SSI requise.,DETECTE,HORS_UNIVERS_IDENTITE_INSUFFISANTE
2026-10-07,DEFAMA Deutsche Fachmarkt AG  I,DEF.DE,EUR,Allemagne,90000000.0,GER,XETRA,EQUITY,,Yahoo Finance / yfinance EquityQuery,2026-10-07,Détection mécanique 50-300 MEUR ; qualification SSI requise.,DETECTE,HORS_UNIVERS_IDENTITE_INSUFFISANTE
2026-10-07,DEFAMA Deutsche Fachmarkt AG  I,DEF.F,EUR,Allemagne,90000000.0,FRA,Frankfurt,EQUITY,,Yahoo Finance / yfinance EquityQuery,2026-10-07,Détection mécanique 50-300 MEUR ; qualification SSI requise.,DETECTE,HORS_UNIVERS_IDENTITE_INSUFFISANTE
2026-10-07,DATA MODUL AG PROD.U.V.V.E.S. I,DAM.F,EUR,Allemagne,90270264.0,FRA,Frankfurt,EQUITY,,Yahoo Finance / yfinance EquityQuery,2026-10-07,Détection mécanique 50-300 MEUR ; qualification SSI requise.,DETECTE,HORS_UNIVERS_IDENTITE_INSUFFISANTE
2026-10-07,AMADEUS FIRE AG               I,AAD.DE,EUR,Allemagne,90717024.0,GER,XETRA,EQUITY,,Yahoo Finance / yfinance EquityQuery,2026-10-07,Détection mécanique 50-300 MEUR ; qualification SSI requise.,DETECTE,HORS_UNIVERS_IDENTITE_INSUFFISANTE
2026-10-07,AMADEUS FIRE AG               I,AAD.F,EUR,Allemagne,90717024.0,FRA,Frankfurt,EQUITY,,Yahoo Finance / yfinance EquityQuery,2026-10-07,Détection mécanique 50-300 MEUR ; qualification SSI requise.,DETECTE,HORS_UNIVERS_IDENTITE_INSUFFISANTE
2026-10-07,Singulus Technologies AG      I,SNG.DE,EUR,Allemagne,90744584.0,GER,XETRA,EQUITY,,Yahoo Finance / yfinance EquityQuery,2026-10-07,Détection mécanique 50-300 MEUR ; qualification SSI requise.,DETECTE,HORS_UNIVERS_IDENTITE_INSUFFISANTE
2026-10-07,MERKUR PRIVATBANK KGaA        I,MBK.DE,EUR,Allemagne,91011376.0,GER,XETRA,EQUITY,,Yahoo Finance / yfinance EquityQuery,2026-10-07,Détection mécanique 50-300 MEUR ; qualification SSI requise.,DETECTE,HORS_UNIVERS_IDENTITE_INSUFFISANTE
2026-10-07,Nicola Mining Inc.            R,HLIA.F,EUR,Allemagne,91351232.0,FRA,Frankfurt,EQUITY,,Yahoo Finance / yfinance EquityQuery,2026-10-07,Détection mécanique 50-300 MEUR ; qualification SSI requise.,DETECTE,HORS_UNIVERS_IDENTITE_INSUFFISANTE
2026-10-07,MCOT PCL                      R,OLU.F,EUR,Allemagne,93030520.0,FRA,Frankfurt,EQUITY,,Yahoo Finance / yfinance EquityQuery,2026-10-07,Détection mécanique 50-300 MEUR ; qualification SSI requise.,DETECTE,HORS_UNIVERS_IDENTITE_INSUFFISANTE
2026-10-07,Arctic Fish Holding AS        N,6TW.F,EUR,Allemagne,93610296.0,FRA,Frankfurt,EQUITY,,Yahoo Finance / yfinance EquityQuery,2026-10-07,Détection mécanique 50-300 MEUR ; qualification SSI requise.,DETECTE,HORS_UNIVERS_IDENTITE_INSUFFISANTE
2026-10-07,Global Fashion Group S.A.     B,GFG.F,EUR,Allemagne,94144952.0,FRA,Frankfurt,EQUITY,,Yahoo Finance / yfinance EquityQuery,2026-10-07,Détection mécanique 50-300 MEUR ; qualification SSI requise.,DETECTE,HORS_UNIVERS_IDENTITE_INSUFFISANTE
2026-10-07,Edel SE & Co. KGaA            I,EDL.F,EUR,Allemagne,95408384.0,FRA,Frankfurt,EQUITY,,Yahoo Finance / yfinance EquityQuery,2026-10-07,Détection mécanique 50-300 MEUR ; qualification SSI requise.,DETECTE,HORS_UNIVERS_IDENTITE_INSUFFISANTE
2026-10-07,4basebio PLC                  R,88Q.F,EUR,Allemagne,96006224.0,FRA,Frankfurt,EQUITY,,Yahoo Finance / yfinance EquityQuery,2026-10-07,Détection mécanique 50-300 MEUR ; qualification SSI requise.,DETECTE,HORS_UNIVERS_IDENTITE_INSUFFISANTE
2026-10-07,Nabaltec AG                   I,NTG.F,EUR,Allemagne,96360000.0,FRA,Frankfurt,EQUITY,,Yahoo Finance / yfinance EquityQuery,2026-10-07,Détection mécanique 50-300 MEUR ; qualification SSI requise.,DETECTE,HORS_UNIVERS_IDENTITE_INSUFFISANTE
2026-10-07,Fitzroy Minerals Inc.         R,C3Y.F,EUR,Allemagne,96442448.0,FRA,Frankfurt,EQUITY,,Yahoo Finance / yfinance EquityQuery,2026-10-07,Détection mécanique 50-300 MEUR ; qualification SSI requise.,DETECTE,HORS_UNIVERS_IDENTITE_INSUFFISANTE
2026-10-07,Laramide Resources Ltd.       R,L4R.F,EUR,Allemagne,96463264.0,FRA,Frankfurt,EQUITY,,Yahoo Finance / yfinance EquityQuery,2026-10-07,Détection mécanique 50-300 MEUR ; qualification SSI requise.,DETECTE,HORS_UNIVERS_IDENTITE_INSUFFISANTE
2026-10-07,Edel SE & Co. KGaA            I,EDL.DE,EUR,Allemagne,96586664.0,GER,XETRA,EQUITY,,Yahoo Finance / yfinance EquityQuery,2026-10-07,Détection mécanique 50-300 MEUR ; qualification SSI requise.,DETECTE,HORS_UNIVERS_IDENTITE_INSUFFISANTE
2026-10-07,Nabaltec AG                   I,NTG.DE,EUR,Allemagne,96800000.0,GER,XETRA,EQUITY,,Yahoo Finance / yfinance EquityQuery,2026-10-07,Détection mécanique 50-300 MEUR ; qualification SSI requise.,DETECTE,HORS_UNIVERS_IDENTITE_INSUFFISANTE
2026-10-07,Global Fashion Group S.A.     B,GFG.DE,EUR,Allemagne,97783408.0,GER,XETRA,EQUITY,,Yahoo Finance / yfinance EquityQuery,2026-10-07,Détection mécanique 50-300 MEUR ; qualification SSI requise.,DETECTE,HORS_UNIVERS_IDENTITE_INSUFFISANTE
2026-10-07,MotorK Ltd.                   R,5FS.DU,EUR,Allemagne,97818080.0,DUS,Dusseldorf,EQUITY,,Yahoo Finance / yfinance EquityQuery,2026-10-07,Détection mécanique 50-300 MEUR ; qualification SSI requise.,DETECTE,HORS_UNIVERS_IDENTITE_INSUFFISANTE
2026-10-07,MotorK Ltd.                   R,5FS.F,EUR,Allemagne,97818080.0,FRA,Frankfurt,EQUITY,,Yahoo Finance / yfinance EquityQuery,2026-10-07,Détection mécanique 50-300 MEUR ; qualification SSI requise.,DETECTE,HORS_UNIVERS_IDENTITE_INSUFFISANTE
2026-10-07,Fitzroy Minerals Inc.         R,C3Y.MU,EUR,Allemagne,98140376.0,MUN,Munich,EQUITY,,Yahoo Finance / yfinance EquityQuery,2026-10-07,Détection mécanique 50-300 MEUR ; qualification SSI requise.,DETECTE,HORS_UNIVERS_IDENTITE_INSUFFISANTE
2026-10-07,4basebio PLC                  R,88Q.DE,EUR,Allemagne,98328952.0,GER,XETRA,EQUITY,,Yahoo Finance / yfinance EquityQuery,2026-10-07,Détection mécanique 50-300 MEUR ; qualification SSI requise.,DETECTE,HORS_UNIVERS_IDENTITE_INSUFFISANTE
2026-10-07,4basebio PLC                  R,88Q.DU,EUR,Allemagne,98328952.0,DUS,Dusseldorf,EQUITY,,Yahoo Finance / yfinance EquityQuery,2026-10-07,Détection mécanique 50-300 MEUR ; qualification SSI requise.,DETECTE,HORS_UNIVERS_IDENTITE_INSUFFISANTE
2026-10-07,FCR Immobilien AG             N,FC9.F,EUR,Allemagne,99691568.0,FRA,Frankfurt,EQUITY,,Yahoo Finance / yfinance EquityQuery,2026-10-07,Détection mécanique 50-300 MEUR ; qualification SSI requise.,DETECTE,HORS_UNIVERS_IDENTITE_INSUFFISANTE
2026-10-07,FCR Immobilien AG             N,FC9.DE,EUR,Allemagne,100678608.0,GER,XETRA,EQUITY,,Yahoo Finance / yfinance EquityQuery,2026-10-07,Détection mécanique 50-300 MEUR ; qualification SSI requise.,DETECTE,HORS_UNIVERS_IDENTITE_INSUFFISANTE
2026-10-07,Bike24 Holding AG             I,BIKE.F,EUR,Allemagne,101138832.0,FRA,Frankfurt,EQUITY,,Yahoo Finance / yfinance EquityQuery,2026-10-07,Détection mécanique 50-300 MEUR ; qualification SSI requise.,DETECTE,HORS_UNIVERS_IDENTITE_INSUFFISANTE
2026-10-07,Lotus Creek Exploration Inc.  R,507.F,EUR,Allemagne,101354400.0,FRA,Frankfurt,EQUITY,,Yahoo Finance / yfinance EquityQuery,2026-10-07,Détection mécanique 50-300 MEUR ; qualification SSI requise.,DETECTE,HORS_UNIVERS_IDENTITE_INSUFFISANTE
2026-10-07,LEIFHEIT AG                   I,LEI.F,EUR,Allemagne,101383872.0,FRA,Frankfurt,EQUITY,,Yahoo Finance / yfinance EquityQuery,2026-10-07,Détection mécanique 50-300 MEUR ; qualification SSI requise.,DETECTE,HORS_UNIVERS_IDENTITE_INSUFFISANTE
2026-10-07,KHD Humboldt Wedag Intl AG    I,KWG.F,EUR,Allemagne,101395288.0,FRA,Frankfurt,EQUITY,,Yahoo Finance / yfinance EquityQuery,2026-10-07,Détection mécanique 50-300 MEUR ; qualification SSI requise.,DETECTE,HORS_UNIVERS_IDENTITE_INSUFFISANTE
2026-10-07,Knaus Tabbert AG              I,KTA.F,EUR,Allemagne,101593368.0,FRA,Frankfurt,EQUITY,,Yahoo Finance / yfinance EquityQuery,2026-10-07,Détection mécanique 50-300 MEUR ; qualification SSI requise.,DETECTE,HORS_UNIVERS_IDENTITE_INSUFFISANTE
2026-10-07,Li-FT Power Ltd.              R,WS00.F,EUR,Allemagne,102227424.0,FRA,Frankfurt,EQUITY,,Yahoo Finance / yfinance EquityQuery,2026-10-07,Détection mécanique 50-300 MEUR ; qualification SSI requise.,DETECTE,HORS_UNIVERS_IDENTITE_INSUFFISANTE
2026-10-07,Knaus Tabbert AG              I,KTA.DE,EUR,Allemagne,102838632.0,GER,XETRA,EQUITY,,Yahoo Finance / yfinance EquityQuery,2026-10-07,Détection mécanique 50-300 MEUR ; qualification SSI requise.,DETECTE,HORS_UNIVERS_IDENTITE_INSUFFISANTE
2026-10-07,VIB VERMOEGEN  NA O.N.,VIH1.F,EUR,Allemagne,103130312.0,FRA,Frankfurt,EQUITY,,Yahoo Finance / yfinance EquityQuery,2026-10-07,Détection mécanique 50-300 MEUR ; qualification SSI requise.,DETECTE,HORS_UNIVERS_IDENTITE_INSUFFISANTE
2026-10-07,Bike24 Holding AG             I,BIKE.DE,EUR,Allemagne,103347096.0,GER,XETRA,EQUITY,,Yahoo Finance / yfinance EquityQuery,2026-10-07,Détection mécanique 50-300 MEUR ; qualification SSI requise.,DETECTE,HORS_UNIVERS_IDENTITE_INSUFFISANTE
2026-10-07,KHD Humboldt Wedag Intl AG    I,KWG.DE,EUR,Allemagne,103383424.0,GER,XETRA,EQUITY,,Yahoo Finance / yfinance EquityQuery,2026-10-07,Détection mécanique 50-300 MEUR ; qualification SSI requise.,DETECTE,HORS_UNIVERS_IDENTITE_INSUFFISANTE
2026-10-07,LEIFHEIT AG                   I,LEI.DE,EUR,Allemagne,103667296.0,GER,XETRA,EQUITY,,Yahoo Finance / yfinance EquityQuery,2026-10-07,Détection mécanique 50-300 MEUR ; qualification SSI requise.,DETECTE,HORS_UNIVERS_IDENTITE_INSUFFISANTE
2026-10-07,Arctic Fish Holding AS        N,6TW.MU,EUR,Allemagne,104411488.0,MUN,Munich,EQUITY,,Yahoo Finance / yfinance EquityQuery,2026-10-07,Détection mécanique 50-300 MEUR ; qualification SSI requise.,DETECTE,HORS_UNIVERS_IDENTITE_INSUFFISANTE
2026-10-07,Lotus Creek Exploration Inc.  R,507.MU,EUR,Allemagne,104572000.0,MUN,Munich,EQUITY,,Yahoo Finance / yfinance EquityQuery,2026-10-07,Détection mécanique 50-300 MEUR ; qualification SSI requise.,DETECTE,HORS_UNIVERS_IDENTITE_INSUFFISANTE
2026-10-07,Ryde Group Ltd.,D0S.SG,EUR,Allemagne,107234656.0,STU,Stuttgart,EQUITY,,Yahoo Finance / yfinance EquityQuery,2026-10-07,Détection mécanique 50-300 MEUR ; qualification SSI requise.,DETECTE,HORS_UNIVERS_IDENTITE_INSUFFISANTE
2026-10-07,Meta Wolf AG                  I,WOLF.DE,EUR,Allemagne,107347872.0,GER,XETRA,EQUITY,,Yahoo Finance / yfinance EquityQuery,2026-10-07,Détection mécanique 50-300 MEUR ; qualification SSI requise.,DETECTE,HORS_UNIVERS_IDENTITE_INSUFFISANTE
2026-10-07,Heidelberg Pharma AG          I,HPHA.DE,EUR,Allemagne,107603928.0,GER,XETRA,EQUITY,,Yahoo Finance / yfinance EquityQuery,2026-10-07,Détection mécanique 50-300 MEUR ; qualification SSI requise.,DETECTE,HORS_UNIVERS_IDENTITE_INSUFFISANTE
2026-10-07,Heidelberg Pharma AG          I,HPHA.F,EUR,Allemagne,108444072.0,FRA,Frankfurt,EQUITY,,Yahoo Finance / yfinance EquityQuery,2026-10-07,Détection mécanique 50-300 MEUR ; qualification SSI requise.,DETECTE,HORS_UNIVERS_IDENTITE_INSUFFISANTE
2026-10-07,SURTECO GROUP SE              I,SUR.DE,EUR,Allemagne,108540120.0,GER,XETRA,EQUITY,,Yahoo Finance / yfinance EquityQuery,2026-10-07,Détection mécanique 50-300 MEUR ; qualification SSI requise.,DETECTE,HORS_UNIVERS_IDENTITE_INSUFFISANTE
2026-10-07,Meta Wolf AG                  I,WOLF.F,EUR,Allemagne,108673152.0,FRA,Frankfurt,EQUITY,,Yahoo Finance / yfinance EquityQuery,2026-10-07,Détection mécanique 50-300 MEUR ; qualification SSI requise.,DETECTE,HORS_UNIVERS_IDENTITE_INSUFFISANTE
2026-10-07,LAIQON AG                     I,LQAG.F,EUR,Allemagne,110000856.0,FRA,Frankfurt,EQUITY,,Yahoo Finance / yfinance EquityQuery,2026-10-07,Détection mécanique 50-300 MEUR ; qualification SSI requise.,DETECTE,HORS_UNIVERS_IDENTITE_INSUFFISANTE
2026-10-07,NRX Pharmaceuticals Inc.      R,B1Q.F,EUR,Allemagne,110187736.0,FRA,Frankfurt,EQUITY,,Yahoo Finance / yfinance EquityQuery,2026-10-07,Détection mécanique 50-300 MEUR ; qualification SSI requise.,DETECTE,HORS_UNIVERS_IDENTITE_INSUFFISANTE
2026-10-07,VIB VERMOEGEN  NA O.N.,VIH1.DE,EUR,Allemagne,110402320.0,GER,XETRA,EQUITY,,Yahoo Finance / yfinance EquityQuery,2026-10-07,Détection mécanique 50-300 MEUR ; qualification SSI requise.,DETECTE,HORS_UNIVERS_IDENTITE_INSUFFISANTE
2026-10-07,Eurocash S.A.                 I,E070.F,EUR,Allemagne,110634808.0,FRA,Frankfurt,EQUITY,,Yahoo Finance / yfinance EquityQuery,2026-10-07,Détection mécanique 50-300 MEUR ; qualification SSI requise.,DETECTE,HORS_UNIVERS_IDENTITE_INSUFFISANTE
2026-10-07,SURTECO GROUP SE              I,SUR.F,EUR,Allemagne,111104064.0,FRA,Frankfurt,EQUITY,,Yahoo Finance / yfinance EquityQuery,2026-10-07,Détection mécanique 50-300 MEUR ; qualification SSI requise.,DETECTE,HORS_UNIVERS_IDENTITE_INSUFFISANTE
2026-10-07,EDAG Engineering Group AG     I,ED4.F,EUR,Allemagne,111375000.0,FRA,Frankfurt,EQUITY,,Yahoo Finance / yfinance EquityQuery,2026-10-07,Détection mécanique 50-300 MEUR ; qualification SSI requise.,DETECTE,HORS_UNIVERS_IDENTITE_INSUFFISANTE
2026-10-07,Tekna Holding ASA             N,8VB.F,EUR,Allemagne,112593808.0,FRA,Frankfurt,EQUITY,,Yahoo Finance / yfinance EquityQuery,2026-10-07,Détection mécanique 50-300 MEUR ; qualification SSI requise.,DETECTE,HORS_UNIVERS_IDENTITE_INSUFFISANTE
2026-10-07,LAIQON AG                     I,LQAG.DE,EUR,Allemagne,112683792.0,GER,XETRA,EQUITY,,Yahoo Finance / yfinance EquityQuery,2026-10-07,Détection mécanique 50-300 MEUR ; qualification SSI requise.,DETECTE,HORS_UNIVERS_IDENTITE_INSUFFISANTE
2026-10-07,MAX Automation SE             N,MXHN.F,EUR,Allemagne,113418744.0,FRA,Frankfurt,EQUITY,,Yahoo Finance / yfinance EquityQuery,2026-10-07,Détection mécanique 50-300 MEUR ; qualification SSI requise.,DETECTE,HORS_UNIVERS_IDENTITE_INSUFFISANTE
2026-10-07,NRX Pharmaceuticals Inc.      R,B1Q.MU,EUR,Allemagne,114300832.0,MUN,Munich,EQUITY,,Yahoo Finance / yfinance EquityQuery,2026-10-07,Détection mécanique 50-300 MEUR ; qualification SSI requise.,DETECTE,HORS_UNIVERS_IDENTITE_INSUFFISANTE
2026-10-07,EDAG Engineering Group AG     I,ED4.DE,EUR,Allemagne,115875000.0,GER,XETRA,EQUITY,,Yahoo Finance / yfinance EquityQuery,2026-10-07,Détection mécanique 50-300 MEUR ; qualification SSI requise.,DETECTE,HORS_UNIVERS_IDENTITE_INSUFFISANTE
2026-10-07,MPH Health Care AG            I,93M1.DE,EUR,Allemagne,116025512.0,GER,XETRA,EQUITY,,Yahoo Finance / yfinance EquityQuery,2026-10-07,Détection mécanique 50-300 MEUR ; qualification SSI requise.,DETECTE,HORS_UNIVERS_IDENTITE_INSUFFISANTE
2026-10-07,Beyond Meat Inc.              R,0Q30.F,EUR,Allemagne,116317168.0,FRA,Frankfurt,EQUITY,,Yahoo Finance / yfinance EquityQuery,2026-10-07,Détection mécanique 50-300 MEUR ; qualification SSI requise.,DETECTE,HORS_UNIVERS_IDENTITE_INSUFFISANTE
2026-10-07,Schloss Wachenheim AG         I,SWA.F,EUR,Allemagne,117612000.0,FRA,Frankfurt,EQUITY,,Yahoo Finance / yfinance EquityQuery,2026-10-07,Détection mécanique 50-300 MEUR ; qualification SSI requise.,DETECTE,HORS_UNIVERS_IDENTITE_INSUFFISANTE
2026-10-07,MPH Health Care AG            I,93M1.F,EUR,Allemagne,117738064.0,FRA,Frankfurt,EQUITY,,Yahoo Finance / yfinance EquityQuery,2026-10-07,Détection mécanique 50-300 MEUR ; qualification SSI requise.,DETECTE,HORS_UNIVERS_IDENTITE_INSUFFISANTE
2026-10-07,Schloss Wachenheim AG         I,SWA.DE,EUR,Allemagne,118008000.0,GER,XETRA,EQUITY,,Yahoo Finance / yfinance EquityQuery,2026-10-07,Détection mécanique 50-300 MEUR ; qualification SSI requise.,DETECTE,HORS_UNIVERS_IDENTITE_INSUFFISANTE
2026-10-07,Li-FT Power Ltd.              R,WS0.F,EUR,Allemagne,118318768.0,FRA,Frankfurt,EQUITY,,Yahoo Finance / yfinance EquityQuery,2026-10-07,Détection mécanique 50-300 MEUR ; qualification SSI requise.,DETECTE,HORS_UNIVERS_IDENTITE_INSUFFISANTE
2026-10-07,MAX Automation SE             N,MXHN.DE,EUR,Allemagne,118367920.0,GER,XETRA,EQUITY,,Yahoo Finance / yfinance EquityQuery,2026-10-07,Détection mécanique 50-300 MEUR ; qualification SSI requise.,DETECTE,HORS_UNIVERS_IDENTITE_INSUFFISANTE
2026-10-07,HELIOS SOLAR AG               I,HE8.DE,EUR,Allemagne,119168000.0,GER,XETRA,EQUITY,,Yahoo Finance / yfinance EquityQuery,2026-10-07,Détection mécanique 50-300 MEUR ; qualification SSI requise.,DETECTE,HORS_UNIVERS_IDENTITE_INSUFFISANTE
2026-10-07,Cellectis                     A,ZVAA.F,EUR,Allemagne,119855584.0,FRA,Frankfurt,EQUITY,,Yahoo Finance / yfinance EquityQuery,2026-10-07,Détection mécanique 50-300 MEUR ; qualification SSI requise.,DETECTE,HORS_UNIVERS_IDENTITE_INSUFFISANTE
2026-10-07,Pyrum Innovations AG          N,PYR.F,EUR,Allemagne,121053128.0,FRA,Frankfurt,EQUITY,,Yahoo Finance / yfinance EquityQuery,2026-10-07,Détection mécanique 50-300 MEUR ; qualification SSI requise.,DETECTE,HORS_UNIVERS_IDENTITE_INSUFFISANTE
2026-10-07,Viromed Medical AG            N,VME.F,EUR,Allemagne,121124992.0,FRA,Frankfurt,EQUITY,,Yahoo Finance / yfinance EquityQuery,2026-10-07,Détection mécanique 50-300 MEUR ; qualification SSI requise.,DETECTE,HORS_UNIVERS_IDENTITE_INSUFFISANTE
2026-10-07,Multitude AG                  N,MULT.DE,EUR,Allemagne,121192712.0,GER,XETRA,EQUITY,,Yahoo Finance / yfinance EquityQuery,2026-10-07,Détection mécanique 50-300 MEUR ; qualification SSI requise.,DETECTE,HORS_UNIVERS_IDENTITE_INSUFFISANTE
2026-10-07,HELIOS SOLAR AG               I,HE8.F,EUR,Allemagne,121600000.0,FRA,Frankfurt,EQUITY,,Yahoo Finance / yfinance EquityQuery,2026-10-07,Détection mécanique 50-300 MEUR ; qualification SSI requise.,DETECTE,HORS_UNIVERS_IDENTITE_INSUFFISANTE
2026-10-07,Southern Silver Exploration Cor,SEG1.SG,EUR,Allemagne,122010504.0,STU,Stuttgart,EQUITY,,Yahoo Finance / yfinance EquityQuery,2026-10-07,Détection mécanique 50-300 MEUR ; qualification SSI requise.,DETECTE,HORS_UNIVERS_IDENTITE_INSUFFISANTE
2026-10-07,Multitude AG                  N,MULT.F,EUR,Allemagne,122049192.0,FRA,Frankfurt,EQUITY,,Yahoo Finance / yfinance EquityQuery,2026-10-07,Détection mécanique 50-300 MEUR ; qualification SSI requise.,DETECTE,HORS_UNIVERS_IDENTITE_INSUFFISANTE
2026-10-07,Viromed Medical AG            N,VME.DE,EUR,Allemagne,122187504.0,GER,XETRA,EQUITY,,Yahoo Finance / yfinance EquityQuery,2026-10-07,Détection mécanique 50-300 MEUR ; qualification SSI requise.,DETECTE,HORS_UNIVERS_IDENTITE_INSUFFISANTE
2026-10-07,Quirin Privatbank AG          I,QB7.F,EUR,Allemagne,123292704.0,FRA,Frankfurt,EQUITY,,Yahoo Finance / yfinance EquityQuery,2026-10-07,Détection mécanique 50-300 MEUR ; qualification SSI requise.,DETECTE,HORS_UNIVERS_IDENTITE_INSUFFISANTE
2026-10-07,Cellectis                     A,ZVA.F,EUR,Allemagne,124287216.0,FRA,Frankfurt,EQUITY,,Yahoo Finance / yfinance EquityQuery,2026-10-07,Détection mécanique 50-300 MEUR ; qualification SSI requise.,DETECTE,HORS_UNIVERS_IDENTITE_INSUFFISANTE
2026-10-07,Beyond Meat Inc.              R,0Q30.MU,EUR,Allemagne,125000120.0,MUN,Munich,EQUITY,,Yahoo Finance / yfinance EquityQuery,2026-10-07,Détection mécanique 50-300 MEUR ; qualification SSI requise.,DETECTE,HORS_UNIVERS_IDENTITE_INSUFFISANTE
2026-10-07,Axe Compute Inc.              R,S1K0.F,EUR,Allemagne,125184144.0,FRA,Frankfurt,EQUITY,,Yahoo Finance / yfinance EquityQuery,2026-10-07,Détection mécanique 50-300 MEUR ; qualification SSI requise.,DETECTE,HORS_UNIVERS_IDENTITE_INSUFFISANTE
2026-10-07,Molecular Partners AG         N,6ML0.F,EUR,Allemagne,125641176.0,FRA,Frankfurt,EQUITY,,Yahoo Finance / yfinance EquityQuery,2026-10-07,Détection mécanique 50-300 MEUR ; qualification SSI requise.,DETECTE,HORS_UNIVERS_IDENTITE_INSUFFISANTE
2026-10-07,Pyrum Innovations AG          N,PYR.DE,EUR,Allemagne,125775048.0,GER,XETRA,EQUITY,,Yahoo Finance / yfinance EquityQuery,2026-10-07,Détection mécanique 50-300 MEUR ; qualification SSI requise.,DETECTE,HORS_UNIVERS_IDENTITE_INSUFFISANTE
2026-10-07,Masterflex SE                 I,MZX.DE,EUR,Allemagne,126000176.0,GER,XETRA,EQUITY,,Yahoo Finance / yfinance EquityQuery,2026-10-07,Détection mécanique 50-300 MEUR ; qualification SSI requise.,DETECTE,HORS_UNIVERS_IDENTITE_INSUFFISANTE
2026-10-07,Masterflex SE                 I,MZX.F,EUR,Allemagne,126962008.0,FRA,Frankfurt,EQUITY,,Yahoo Finance / yfinance EquityQuery,2026-10-07,Détection mécanique 50-300 MEUR ; qualification SSI requise.,DETECTE,HORS_UNIVERS_IDENTITE_INSUFFISANTE
2026-10-07,Tekna Holding ASA             N,8VB.MU,EUR,Allemagne,127378856.0,MUN,Munich,EQUITY,,Yahoo Finance / yfinance EquityQuery,2026-10-07,Détection mécanique 50-300 MEUR ; qualification SSI requise.,DETECTE,HORS_UNIVERS_IDENTITE_INSUFFISANTE
2026-10-07,HomeToGo SE                   A,HTG.F,EUR,Allemagne,127417344.0,FRA,Frankfurt,EQUITY,,Yahoo Finance / yfinance EquityQuery,2026-10-07,Détection mécanique 50-300 MEUR ; qualification SSI requise.,DETECTE,HORS_UNIVERS_IDENTITE_INSUFFISANTE
2026-10-07,Axe Compute Inc.              R,S1K0.MU,EUR,Allemagne,127502368.0,MUN,Munich,EQUITY,,Yahoo Finance / yfinance EquityQuery,2026-10-07,Détection mécanique 50-300 MEUR ; qualification SSI requise.,DETECTE,HORS_UNIVERS_IDENTITE_INSUFFISANTE
2026-10-07,Bitcoin Group SE              I,ADE.DE,EUR,Allemagne,127600000.0,GER,XETRA,EQUITY,,Yahoo Finance / yfinance EquityQuery,2026-10-07,Détection mécanique 50-300 MEUR ; qualification SSI requise.,DETECTE,HORS_UNIVERS_IDENTITE_INSUFFISANTE
2026-10-07,Bitcoin Group SE              I,ADE.DU,EUR,Allemagne,128500000.0,DUS,Dusseldorf,EQUITY,,Yahoo Finance / yfinance EquityQuery,2026-10-07,Détection mécanique 50-300 MEUR ; qualification SSI requise.,DETECTE,HORS_UNIVERS_IDENTITE_INSUFFISANTE
2026-10-07,Quirin Privatbank AG          I,QB7.DE,EUR,Allemagne,128502256.0,GER,XETRA,EQUITY,,Yahoo Finance / yfinance EquityQuery,2026-10-07,Détection mécanique 50-300 MEUR ; qualification SSI requise.,DETECTE,HORS_UNIVERS_IDENTITE_INSUFFISANTE
2026-10-07,Bitcoin Group SE              I,ADE.F,EUR,Allemagne,128800000.0,FRA,Frankfurt,EQUITY,,Yahoo Finance / yfinance EquityQuery,2026-10-07,Détection mécanique 50-300 MEUR ; qualification SSI requise.,DETECTE,HORS_UNIVERS_IDENTITE_INSUFFISANTE
2026-10-07,Grigeo Group AB               R,WM8.F,EUR,Allemagne,128835400.0,FRA,Frankfurt,EQUITY,,Yahoo Finance / yfinance EquityQuery,2026-10-07,Détection mécanique 50-300 MEUR ; qualification SSI requise.,DETECTE,HORS_UNIVERS_IDENTITE_INSUFFISANTE
2026-10-07,7C Solarparken AG             I,HRPK.DE,EUR,Allemagne,130238624.0,GER,XETRA,EQUITY,,Yahoo Finance / yfinance EquityQuery,2026-10-07,Détection mécanique 50-300 MEUR ; qualification SSI requise.,DETECTE,HORS_UNIVERS_IDENTITE_INSUFFISANTE
2026-10-07,7C Solarparken AG             I,HRPK.F,EUR,Allemagne,130238624.0,FRA,Frankfurt,EQUITY,,Yahoo Finance / yfinance EquityQuery,2026-10-07,Détection mécanique 50-300 MEUR ; qualification SSI requise.,DETECTE,HORS_UNIVERS_IDENTITE_INSUFFISANTE
2026-10-07,HomeToGo SE                   A,HTG.DE,EUR,Allemagne,131736576.0,GER,XETRA,EQUITY,,Yahoo Finance / yfinance EquityQuery,2026-10-07,Détection mécanique 50-300 MEUR ; qualification SSI requise.,DETECTE,HORS_UNIVERS_IDENTITE_INSUFFISANTE
2026-10-07,Hawesko Holding SE            I,HAW.F,EUR,Allemagne,132056024.0,FRA,Frankfurt,EQUITY,,Yahoo Finance / yfinance EquityQuery,2026-10-07,Détection mécanique 50-300 MEUR ; qualification SSI requise.,DETECTE,HORS_UNIVERS_IDENTITE_INSUFFISANTE
2026-10-07,Serviceware SE                I,SJJ.F,EUR,Allemagne,132300008.0,FRA,Frankfurt,EQUITY,,Yahoo Finance / yfinance EquityQuery,2026-10-07,Détection mécanique 50-300 MEUR ; qualification SSI requise.,DETECTE,HORS_UNIVERS_IDENTITE_INSUFFISANTE
2026-10-07,Innate Pharma S.A.            A,IDDA.F,EUR,Allemagne,132923416.0,FRA,Frankfurt,EQUITY,,Yahoo Finance / yfinance EquityQuery,2026-10-07,Détection mécanique 50-300 MEUR ; qualification SSI requise.,DETECTE,HORS_UNIVERS_IDENTITE_INSUFFISANTE
2026-10-07,Molecular Partners AG         N,6ML.F,EUR,Allemagne,133302224.0,FRA,Frankfurt,EQUITY,,Yahoo Finance / yfinance EquityQuery,2026-10-07,Détection mécanique 50-300 MEUR ; qualification SSI requise.,DETECTE,HORS_UNIVERS_IDENTITE_INSUFFISANTE
2026-10-07,Hawesko Holding SE            I,HAW.DE,EUR,Allemagne,134301872.0,GER,XETRA,EQUITY,,Yahoo Finance / yfinance EquityQuery,2026-10-07,Détection mécanique 50-300 MEUR ; qualification SSI requise.,DETECTE,HORS_UNIVERS_IDENTITE_INSUFFISANTE
2026-10-07,DALDRUP & SOEHNE AG           I,4DS.F,EUR,Allemagne,135294624.0,FRA,Frankfurt,EQUITY,,Yahoo Finance / yfinance EquityQuery,2026-10-07,Détection mécanique 50-300 MEUR ; qualification SSI requise.,DETECTE,HORS_UNIVERS_IDENTITE_INSUFFISANTE
2026-10-07,Serviceware SE                I,SJJ.DE,EUR,Allemagne,137025008.0,GER,XETRA,EQUITY,,Yahoo Finance / yfinance EquityQuery,2026-10-07,Détection mécanique 50-300 MEUR ; qualification SSI requise.,DETECTE,HORS_UNIVERS_IDENTITE_INSUFFISANTE
2026-10-07,Eurocash S.A.                 I,E07.F,EUR,Allemagne,138258720.0,FRA,Frankfurt,EQUITY,,Yahoo Finance / yfinance EquityQuery,2026-10-07,Détection mécanique 50-300 MEUR ; qualification SSI requise.,DETECTE,HORS_UNIVERS_IDENTITE_INSUFFISANTE
2026-10-07,Grigeo Group AB               R,WM8.MU,EUR,Allemagne,139460992.0,MUN,Munich,EQUITY,,Yahoo Finance / yfinance EquityQuery,2026-10-07,Détection mécanique 50-300 MEUR ; qualification SSI requise.,DETECTE,HORS_UNIVERS_IDENTITE_INSUFFISANTE
2026-10-07,DALDRUP & SOEHNE AG           I,4DS.DE,EUR,Allemagne,140682464.0,GER,XETRA,EQUITY,,Yahoo Finance / yfinance EquityQuery,2026-10-07,Détection mécanique 50-300 MEUR ; qualification SSI requise.,DETECTE,HORS_UNIVERS_IDENTITE_INSUFFISANTE
2026-10-07,Koenig & Bauer AG             I,SKB.F,EUR,Allemagne,141286896.0,FRA,Frankfurt,EQUITY,,Yahoo Finance / yfinance EquityQuery,2026-10-07,Détection mécanique 50-300 MEUR ; qualification SSI requise.,DETECTE,HORS_UNIVERS_IDENTITE_INSUFFISANTE
2026-10-07,Solana Co.                    R,26H1.F,EUR,Allemagne,141927984.0,FRA,Frankfurt,EQUITY,,Yahoo Finance / yfinance EquityQuery,2026-10-07,Détection mécanique 50-300 MEUR ; qualification SSI requise.,DETECTE,HORS_UNIVERS_IDENTITE_INSUFFISANTE
2026-10-07,GESCO SE                      N,GSC1.DE,EUR,Allemagne,142480000.0,GER,XETRA,EQUITY,,Yahoo Finance / yfinance EquityQuery,2026-10-07,Détection mécanique 50-300 MEUR ; qualification SSI requise.,DETECTE,HORS_UNIVERS_IDENTITE_INSUFFISANTE
2026-10-07,SMAG Mobile Antenna Masts AG  I,1SMA.F,EUR,Allemagne,143510000.0,FRA,Frankfurt,EQUITY,,Yahoo Finance / yfinance EquityQuery,2026-10-07,Détection mécanique 50-300 MEUR ; qualification SSI requise.,DETECTE,HORS_UNIVERS_IDENTITE_INSUFFISANTE
2026-10-07,Smartbroker Holding AG        I,SB1.DE,EUR,Allemagne,143647520.0,GER,XETRA,EQUITY,,Yahoo Finance / yfinance EquityQuery,2026-10-07,Détection mécanique 50-300 MEUR ; qualification SSI requise.,DETECTE,HORS_UNIVERS_IDENTITE_INSUFFISANTE
2026-10-07,Lang & Schwarz AG             N,LUS1.DE,EUR,Allemagne,143929504.0,GER,XETRA,EQUITY,,Yahoo Finance / yfinance EquityQuery,2026-10-07,Détection mécanique 50-300 MEUR ; qualification SSI requise.,DETECTE,HORS_UNIVERS_IDENTITE_INSUFFISANTE
2026-10-07,Smartbroker Holding AG        I,SB1.F,EUR,Allemagne,144124112.0,FRA,Frankfurt,EQUITY,,Yahoo Finance / yfinance EquityQuery,2026-10-07,Détection mécanique 50-300 MEUR ; qualification SSI requise.,DETECTE,HORS_UNIVERS_IDENTITE_INSUFFISANTE
2026-10-07,UMWELTBANK AG                 I,UBK.DE,EUR,Allemagne,144845952.0,GER,XETRA,EQUITY,,Yahoo Finance / yfinance EquityQuery,2026-10-07,Détection mécanique 50-300 MEUR ; qualification SSI requise.,DETECTE,HORS_UNIVERS_IDENTITE_INSUFFISANTE
2026-10-07,Lang & Schwarz AG             N,LUS1.F,EUR,Allemagne,144873296.0,FRA,Frankfurt,EQUITY,,Yahoo Finance / yfinance EquityQuery,2026-10-07,Détection mécanique 50-300 MEUR ; qualification SSI requise.,DETECTE,HORS_UNIVERS_IDENTITE_INSUFFISANTE
2026-10-07,Rokiskio Suris PC             R,YTV.F,EUR,Allemagne,145367424.0,FRA,Frankfurt,EQUITY,,Yahoo Finance / yfinance EquityQuery,2026-10-07,Détection mécanique 50-300 MEUR ; qualification SSI requise.,DETECTE,HORS_UNIVERS_IDENTITE_INSUFFISANTE
2026-10-07,GESCO SE                      N,GSC1.F,EUR,Allemagne,145600000.0,FRA,Frankfurt,EQUITY,,Yahoo Finance / yfinance EquityQuery,2026-10-07,Détection mécanique 50-300 MEUR ; qualification SSI requise.,DETECTE,HORS_UNIVERS_IDENTITE_INSUFFISANTE
2026-10-07,Innate Pharma S.A.            A,IDD.DE,EUR,Allemagne,145657248.0,GER,XETRA,EQUITY,,Yahoo Finance / yfinance EquityQuery,2026-10-07,Détection mécanique 50-300 MEUR ; qualification SSI requise.,DETECTE,HORS_UNIVERS_IDENTITE_INSUFFISANTE
2026-10-07,Koenig & Bauer AG             I,SKB.DE,EUR,Allemagne,145913840.0,GER,XETRA,EQUITY,,Yahoo Finance / yfinance EquityQuery,2026-10-07,Détection mécanique 50-300 MEUR ; qualification SSI requise.,DETECTE,HORS_UNIVERS_IDENTITE_INSUFFISANTE
2026-10-07,Innate Pharma S.A.            A,IDD.F,EUR,Allemagne,146550848.0,FRA,Frankfurt,EQUITY,,Yahoo Finance / yfinance EquityQuery,2026-10-07,Détection mécanique 50-300 MEUR ; qualification SSI requise.,DETECTE,HORS_UNIVERS_IDENTITE_INSUFFISANTE
2026-10-07,Steyr Motors AG               I,4X0.F,EUR,Allemagne,147035312.0,FRA,Frankfurt,EQUITY,,Yahoo Finance / yfinance EquityQuery,2026-10-07,Détection mécanique 50-300 MEUR ; qualification SSI requise.,DETECTE,HORS_UNIVERS_IDENTITE_INSUFFISANTE
2026-10-07,Shutterstock Inc.,S3T.SG,EUR,Allemagne,147347360.0,STU,Stuttgart,EQUITY,,Yahoo Finance / yfinance EquityQuery,2026-10-07,Détection mécanique 50-300 MEUR ; qualification SSI requise.,DETECTE,HORS_UNIVERS_IDENTITE_INSUFFISANTE
2026-10-07,SMAG Mobile Antenna Masts AG  I,1SMA.DE,EUR,Allemagne,147465008.0,GER,XETRA,EQUITY,,Yahoo Finance / yfinance EquityQuery,2026-10-07,Détection mécanique 50-300 MEUR ; qualification SSI requise.,DETECTE,HORS_UNIVERS_IDENTITE_INSUFFISANTE
2026-10-07,UMWELTBANK AG                 I,UBK.F,EUR,Allemagne,149551088.0,FRA,Frankfurt,EQUITY,,Yahoo Finance / yfinance EquityQuery,2026-10-07,Détection mécanique 50-300 MEUR ; qualification SSI requise.,DETECTE,HORS_UNIVERS_IDENTITE_INSUFFISANTE
2026-10-07,Allgeier SE                   N,AEIN.DE,EUR,Allemagne,149722400.0,GER,XETRA,EQUITY,,Yahoo Finance / yfinance EquityQuery,2026-10-07,Détection mécanique 50-300 MEUR ; qualification SSI requise.,DETECTE,HORS_UNIVERS_IDENTITE_INSUFFISANTE
2026-10-07,Allgeier SE                   N,AEIN.F,EUR,Allemagne,151957072.0,FRA,Frankfurt,EQUITY,,Yahoo Finance / yfinance EquityQuery,2026-10-07,Détection mécanique 50-300 MEUR ; qualification SSI requise.,DETECTE,HORS_UNIVERS_IDENTITE_INSUFFISANTE
2026-10-07,Eco (Atlantic) Oil & Gas Ltd.,EOI.SG,EUR,Allemagne,152473136.0,STU,Stuttgart,EQUITY,,Yahoo Finance / yfinance EquityQuery,2026-10-07,Détection mécanique 50-300 MEUR ; qualification SSI requise.,DETECTE,HORS_UNIVERS_IDENTITE_INSUFFISANTE
2026-10-07,Steyr Motors AG               I,4X0.DE,EUR,Allemagne,152916720.0,GER,XETRA,EQUITY,,Yahoo Finance / yfinance EquityQuery,2026-10-07,Détection mécanique 50-300 MEUR ; qualification SSI requise.,DETECTE,HORS_UNIVERS_IDENTITE_INSUFFISANTE
2026-10-07,Verkkokauppa.com OYJ,15V.SG,EUR,Allemagne,153711376.0,STU,Stuttgart,EQUITY,,Yahoo Finance / yfinance EquityQuery,2026-10-07,Détection mécanique 50-300 MEUR ; qualification SSI requise.,DETECTE,RESOLU_SECONDAIRE_EUROPE
2026-10-07,Vente-Unique.Com              A,8M8.F,EUR,Allemagne,154913296.0,FRA,Frankfurt,EQUITY,,Yahoo Finance / yfinance EquityQuery,2026-10-07,Détection mécanique 50-300 MEUR ; qualification SSI requise.,DETECTE,HORS_UNIVERS_IDENTITE_INSUFFISANTE
2026-10-07,Solana Co.                    R,26H1.MU,EUR,Allemagne,154948896.0,MUN,Munich,EQUITY,,Yahoo Finance / yfinance EquityQuery,2026-10-07,Détection mécanique 50-300 MEUR ; qualification SSI requise.,DETECTE,HORS_UNIVERS_IDENTITE_INSUFFISANTE
2026-10-07,Vente-Unique.Com              A,8M8.MU,EUR,Allemagne,157225904.0,MUN,Munich,EQUITY,,Yahoo Finance / yfinance EquityQuery,2026-10-07,Détection mécanique 50-300 MEUR ; qualification SSI requise.,DETECTE,HORS_UNIVERS_IDENTITE_INSUFFISANTE
2026-10-07,Newron Pharmaceuticals S.p.A. A,NP5.F,EUR,Allemagne,157855904.0,FRA,Frankfurt,EQUITY,,Yahoo Finance / yfinance EquityQuery,2026-10-07,Détection mécanique 50-300 MEUR ; qualification SSI requise.,DETECTE,HORS_UNIVERS_IDENTITE_INSUFFISANTE
2026-10-07,Limes Schlosskliniken AG      I,LIK.F,EUR,Allemagne,159404320.0,FRA,Frankfurt,EQUITY,,Yahoo Finance / yfinance EquityQuery,2026-10-07,Détection mécanique 50-300 MEUR ; qualification SSI requise.,DETECTE,HORS_UNIVERS_IDENTITE_INSUFFISANTE
2026-10-07,Innate Pharma S.A.            A,IDDA.MU,EUR,Allemagne,159731488.0,MUN,Munich,EQUITY,,Yahoo Finance / yfinance EquityQuery,2026-10-07,Détection mécanique 50-300 MEUR ; qualification SSI requise.,DETECTE,HORS_UNIVERS_IDENTITE_INSUFFISANTE
2026-10-07,Newron Pharmaceuticals S.p.A. A,NP5.DE,EUR,Allemagne,161127536.0,GER,XETRA,EQUITY,,Yahoo Finance / yfinance EquityQuery,2026-10-07,Détection mécanique 50-300 MEUR ; qualification SSI requise.,DETECTE,HORS_UNIVERS_IDENTITE_INSUFFISANTE
2026-10-07,Rokiskio Suris PC             R,YTV.MU,EUR,Allemagne,161453248.0,MUN,Munich,EQUITY,,Yahoo Finance / yfinance EquityQuery,2026-10-07,Détection mécanique 50-300 MEUR ; qualification SSI requise.,DETECTE,HORS_UNIVERS_IDENTITE_INSUFFISANTE
2026-10-07,Limes Schlosskliniken AG      I,LIK.DU,EUR,Allemagne,162383840.0,DUS,Dusseldorf,EQUITY,,Yahoo Finance / yfinance EquityQuery,2026-10-07,Détection mécanique 50-300 MEUR ; qualification SSI requise.,DETECTE,HORS_UNIVERS_IDENTITE_INSUFFISANTE
2026-10-07,SRV YHTIOET OYJ,B7J1.DE,EUR,Allemagne,162402768.0,GER,XETRA,EQUITY,,Yahoo Finance / yfinance EquityQuery,2026-10-07,Détection mécanique 50-300 MEUR ; qualification SSI requise.,DETECTE,HORS_UNIVERS_IDENTITE_INSUFFISANTE
2026-10-07,SRV YHTIOET OYJ,B7J1.F,EUR,Allemagne,162402768.0,FRA,Frankfurt,EQUITY,,Yahoo Finance / yfinance EquityQuery,2026-10-07,Détection mécanique 50-300 MEUR ; qualification SSI requise.,DETECTE,HORS_UNIVERS_IDENTITE_INSUFFISANTE
2026-10-07,HMS Bergbau AG                I,HMU.F,EUR,Allemagne,163543648.0,FRA,Frankfurt,EQUITY,,Yahoo Finance / yfinance EquityQuery,2026-10-07,Détection mécanique 50-300 MEUR ; qualification SSI requise.,DETECTE,HORS_UNIVERS_IDENTITE_INSUFFISANTE
2026-10-07,Toyo Co. Ltd                  R,V48.DU,EUR,Allemagne,163827168.0,DUS,Dusseldorf,EQUITY,,Yahoo Finance / yfinance EquityQuery,2026-10-07,Détection mécanique 50-300 MEUR ; qualification SSI requise.,DETECTE,HORS_UNIVERS_IDENTITE_INSUFFISANTE
2026-10-07,Limes Schlosskliniken AG      I,LIK.DE,EUR,Allemagne,163873600.0,GER,XETRA,EQUITY,,Yahoo Finance / yfinance EquityQuery,2026-10-07,Détection mécanique 50-300 MEUR ; qualification SSI requise.,DETECTE,HORS_UNIVERS_IDENTITE_INSUFFISANTE
2026-10-07,Toyo Co. Ltd                  R,V48.F,EUR,Allemagne,164254352.0,FRA,Frankfurt,EQUITY,,Yahoo Finance / yfinance EquityQuery,2026-10-07,Détection mécanique 50-300 MEUR ; qualification SSI requise.,DETECTE,HORS_UNIVERS_IDENTITE_INSUFFISANTE
2026-10-07,Baozun Inc.                   R,2BZ.F,EUR,Allemagne,166674016.0,FRA,Frankfurt,EQUITY,,Yahoo Finance / yfinance EquityQuery,2026-10-07,Détection mécanique 50-300 MEUR ; qualification SSI requise.,DETECTE,HORS_UNIVERS_IDENTITE_INSUFFISANTE
2026-10-07,FABASOFT AG                   I,FAA.F,EUR,Allemagne,167808832.0,FRA,Frankfurt,EQUITY,,Yahoo Finance / yfinance EquityQuery,2026-10-07,Détection mécanique 50-300 MEUR ; qualification SSI requise.,DETECTE,HORS_UNIVERS_IDENTITE_INSUFFISANTE
2026-10-07,KOWORLD AG                   Na,VVV3.F,EUR,Allemagne,168107616.0,FRA,Frankfurt,EQUITY,,Yahoo Finance / yfinance EquityQuery,2026-10-07,Détection mécanique 50-300 MEUR ; qualification SSI requise.,DETECTE,HORS_UNIVERS_IDENTITE_INSUFFISANTE
2026-10-07,HMS Bergbau AG                I,HMU.DE,EUR,Allemagne,168540800.0,GER,XETRA,EQUITY,,Yahoo Finance / yfinance EquityQuery,2026-10-07,Détection mécanique 50-300 MEUR ; qualification SSI requise.,DETECTE,HORS_UNIVERS_IDENTITE_INSUFFISANTE
2026-10-07,FABASOFT AG                   I,FAA.DE,EUR,Allemagne,168867568.0,GER,XETRA,EQUITY,,Yahoo Finance / yfinance EquityQuery,2026-10-07,Détection mécanique 50-300 MEUR ; qualification SSI requise.,DETECTE,HORS_UNIVERS_IDENTITE_INSUFFISANTE
2026-10-07,KOWORLD AG                   Na,VVV3.DE,EUR,Allemagne,169395792.0,GER,XETRA,EQUITY,,Yahoo Finance / yfinance EquityQuery,2026-10-07,Détection mécanique 50-300 MEUR ; qualification SSI requise.,DETECTE,HORS_UNIVERS_IDENTITE_INSUFFISANTE
2026-10-07,Baozun Inc.                   R,2BZA.F,EUR,Allemagne,169696016.0,FRA,Frankfurt,EQUITY,,Yahoo Finance / yfinance EquityQuery,2026-10-07,Détection mécanique 50-300 MEUR ; qualification SSI requise.,DETECTE,HORS_UNIVERS_IDENTITE_INSUFFISANTE
2026-10-07,Somec SpA                     A,AW0.F,EUR,Allemagne,171101312.0,FRA,Frankfurt,EQUITY,,Yahoo Finance / yfinance EquityQuery,2026-10-07,Détection mécanique 50-300 MEUR ; qualification SSI requise.,DETECTE,HORS_UNIVERS_IDENTITE_INSUFFISANTE
2026-10-07,Gofore OYJ                    R,1E2.F,EUR,Allemagne,171463232.0,FRA,Frankfurt,EQUITY,,Yahoo Finance / yfinance EquityQuery,2026-10-07,Détection mécanique 50-300 MEUR ; qualification SSI requise.,DETECTE,HORS_UNIVERS_IDENTITE_INSUFFISANTE
2026-10-07,Gofore OYJ                    R,1E2.DU,EUR,Allemagne,171787968.0,DUS,Dusseldorf,EQUITY,,Yahoo Finance / yfinance EquityQuery,2026-10-07,Détection mécanique 50-300 MEUR ; qualification SSI requise.,DETECTE,HORS_UNIVERS_IDENTITE_INSUFFISANTE
2026-10-07,Perfect Corp.,SZ9.SG,EUR,Allemagne,173566624.0,STU,Stuttgart,EQUITY,,Yahoo Finance / yfinance EquityQuery,2026-10-07,Détection mécanique 50-300 MEUR ; qualification SSI requise.,DETECTE,HORS_UNIVERS_IDENTITE_INSUFFISANTE
2026-10-07,Brainchip Holdings Ltd.       R,24YA.F,EUR,Allemagne,173700144.0,FRA,Frankfurt,EQUITY,,Yahoo Finance / yfinance EquityQuery,2026-10-07,Détection mécanique 50-300 MEUR ; qualification SSI requise.,DETECTE,HORS_UNIVERS_IDENTITE_INSUFFISANTE
2026-10-07,MPC Oceanic Group AG          I,MPCG.F,EUR,Allemagne,175889920.0,FRA,Frankfurt,EQUITY,MPC.F,Yahoo Finance / yfinance EquityQuery,2026-10-07,Détection mécanique 50-300 MEUR ; qualification SSI requise.,DETECTE,HORS_UNIVERS_IDENTITE_INSUFFISANTE
2026-10-07,Somec SpA                     A,AW0.DU,EUR,Allemagne,176197952.0,DUS,Dusseldorf,EQUITY,,Yahoo Finance / yfinance EquityQuery,2026-10-07,Détection mécanique 50-300 MEUR ; qualification SSI requise.,DETECTE,HORS_UNIVERS_IDENTITE_INSUFFISANTE
2026-10-07,Nynomic AG                    I,M7U.DE,EUR,Allemagne,176701248.0,GER,XETRA,EQUITY,,Yahoo Finance / yfinance EquityQuery,2026-10-07,Détection mécanique 50-300 MEUR ; qualification SSI requise.,DETECTE,HORS_UNIVERS_IDENTITE_INSUFFISANTE
2026-10-07,AB Vilkyskiu pienine          R,UDW.F,EUR,Allemagne,177950688.0,FRA,Frankfurt,EQUITY,,Yahoo Finance / yfinance EquityQuery,2026-10-07,Détection mécanique 50-300 MEUR ; qualification SSI requise.,DETECTE,HORS_UNIVERS_IDENTITE_INSUFFISANTE
2026-10-07,Vertiseit AB                  N,RJ1.F,EUR,Allemagne,178220224.0,FRA,Frankfurt,EQUITY,,Yahoo Finance / yfinance EquityQuery,2026-10-07,Détection mécanique 50-300 MEUR ; qualification SSI requise.,DETECTE,HORS_UNIVERS_IDENTITE_INSUFFISANTE
2026-10-07,Aumann AG                     I,AAG.F,EUR,Allemagne,178255264.0,FRA,Frankfurt,EQUITY,,Yahoo Finance / yfinance EquityQuery,2026-10-07,Détection mécanique 50-300 MEUR ; qualification SSI requise.,DETECTE,HORS_UNIVERS_IDENTITE_INSUFFISANTE
2026-10-07,MPC Oceanic Group AG          I,MPCG.DE,EUR,Allemagne,178357328.0,GER,XETRA,EQUITY,MPC.DE,Yahoo Finance / yfinance EquityQuery,2026-10-07,Détection mécanique 50-300 MEUR ; qualification SSI requise.,DETECTE,HORS_UNIVERS_IDENTITE_INSUFFISANTE
2026-10-07,Aumann AG                     I,AAG.DE,EUR,Allemagne,180192816.0,GER,XETRA,EQUITY,,Yahoo Finance / yfinance EquityQuery,2026-10-07,Détection mécanique 50-300 MEUR ; qualification SSI requise.,DETECTE,HORS_UNIVERS_IDENTITE_INSUFFISANTE
2026-10-07,Netfonds AG                   v,NF4.F,EUR,Allemagne,181740000.0,FRA,Frankfurt,EQUITY,,Yahoo Finance / yfinance EquityQuery,2026-10-07,Détection mécanique 50-300 MEUR ; qualification SSI requise.,DETECTE,HORS_UNIVERS_IDENTITE_INSUFFISANTE
2026-10-07,Iberpapel Gestion S.A.,IBG.SG,EUR,Allemagne,181976112.0,STU,Stuttgart,EQUITY,,Yahoo Finance / yfinance EquityQuery,2026-10-07,Détection mécanique 50-300 MEUR ; qualification SSI requise.,DETECTE,HORS_UNIVERS_IDENTITE_INSUFFISANTE
2026-10-07,Nynomic AG                    I,M7U.F,EUR,Allemagne,183270080.0,FRA,Frankfurt,EQUITY,,Yahoo Finance / yfinance EquityQuery,2026-10-07,Détection mécanique 50-300 MEUR ; qualification SSI requise.,DETECTE,HORS_UNIVERS_IDENTITE_INSUFFISANTE
2026-10-07,Kore Potash PLC               R,KP1.F,EUR,Allemagne,183745824.0,FRA,Frankfurt,EQUITY,,Yahoo Finance / yfinance EquityQuery,2026-10-07,Détection mécanique 50-300 MEUR ; qualification SSI requise.,DETECTE,HORS_UNIVERS_IDENTITE_INSUFFISANTE
2026-10-07,AB Vilkyskiu pienine          R,UDW.MU,EUR,Allemagne,183922192.0,MUN,Munich,EQUITY,,Yahoo Finance / yfinance EquityQuery,2026-10-07,Détection mécanique 50-300 MEUR ; qualification SSI requise.,DETECTE,HORS_UNIVERS_IDENTITE_INSUFFISANTE
2026-10-07,Vertiseit AB                  N,RJ1.MU,EUR,Allemagne,185618032.0,MUN,Munich,EQUITY,,Yahoo Finance / yfinance EquityQuery,2026-10-07,Détection mécanique 50-300 MEUR ; qualification SSI requise.,DETECTE,HORS_UNIVERS_IDENTITE_INSUFFISANTE
2026-10-07,Cambria Gold Mines Inc.       R,BHQ2.F,EUR,Allemagne,185762384.0,FRA,Frankfurt,EQUITY,,Yahoo Finance / yfinance EquityQuery,2026-10-07,Détection mécanique 50-300 MEUR ; qualification SSI requise.,DETECTE,HORS_UNIVERS_IDENTITE_INSUFFISANTE
2026-10-07,Netfonds AG                   v,NF4.DE,EUR,Allemagne,187564992.0,GER,XETRA,EQUITY,,Yahoo Finance / yfinance EquityQuery,2026-10-07,Détection mécanique 50-300 MEUR ; qualification SSI requise.,DETECTE,HORS_UNIVERS_IDENTITE_INSUFFISANTE
2026-10-07,GRAMMER AG                    I,GMM.F,EUR,Allemagne,187839200.0,FRA,Frankfurt,EQUITY,,Yahoo Finance / yfinance EquityQuery,2026-10-07,Détection mécanique 50-300 MEUR ; qualification SSI requise.,DETECTE,HORS_UNIVERS_IDENTITE_INSUFFISANTE
2026-10-07,technotrans SE                N,TTR1.DE,EUR,Allemagne,188579248.0,GER,XETRA,EQUITY,,Yahoo Finance / yfinance EquityQuery,2026-10-07,Détection mécanique 50-300 MEUR ; qualification SSI requise.,DETECTE,HORS_UNIVERS_IDENTITE_INSUFFISANTE
2026-10-07,TAKKT AG                      I,TTK.DE,EUR,Allemagne,188910112.0,GER,XETRA,EQUITY,,Yahoo Finance / yfinance EquityQuery,2026-10-07,Détection mécanique 50-300 MEUR ; qualification SSI requise.,DETECTE,HORS_UNIVERS_IDENTITE_INSUFFISANTE
2026-10-07,Asure Software Inc.,VTE1.SG,EUR,Allemagne,189159600.0,STU,Stuttgart,EQUITY,,Yahoo Finance / yfinance EquityQuery,2026-10-07,Détection mécanique 50-300 MEUR ; qualification SSI requise.,DETECTE,HORS_UNIVERS_IDENTITE_INSUFFISANTE
2026-10-07,Brainchip Holdings Ltd.       R,24Y.F,EUR,Allemagne,189273264.0,FRA,Frankfurt,EQUITY,,Yahoo Finance / yfinance EquityQuery,2026-10-07,Détection mécanique 50-300 MEUR ; qualification SSI requise.,DETECTE,HORS_UNIVERS_IDENTITE_INSUFFISANTE
2026-10-07,Brockhaus Technologies AG     N,BKHT.DE,EUR,Allemagne,190147536.0,GER,XETRA,EQUITY,,Yahoo Finance / yfinance EquityQuery,2026-10-07,Détection mécanique 50-300 MEUR ; qualification SSI requise.,DETECTE,HORS_UNIVERS_IDENTITE_INSUFFISANTE
2026-10-07,Brockhaus Technologies AG     N,BKHT.F,EUR,Allemagne,190669904.0,FRA,Frankfurt,EQUITY,,Yahoo Finance / yfinance EquityQuery,2026-10-07,Détection mécanique 50-300 MEUR ; qualification SSI requise.,DETECTE,HORS_UNIVERS_IDENTITE_INSUFFISANTE
2026-10-07,technotrans SE                N,TTR1.F,EUR,Allemagne,193760000.0,FRA,Frankfurt,EQUITY,,Yahoo Finance / yfinance EquityQuery,2026-10-07,Détection mécanique 50-300 MEUR ; qualification SSI requise.,DETECTE,HORS_UNIVERS_IDENTITE_INSUFFISANTE
2026-10-07,TAKKT AG                      I,TTK.F,EUR,Allemagne,194353280.0,FRA,Frankfurt,EQUITY,,Yahoo Finance / yfinance EquityQuery,2026-10-07,Détection mécanique 50-300 MEUR ; qualification SSI requise.,DETECTE,HORS_UNIVERS_IDENTITE_INSUFFISANTE
2026-10-07,Samara Asset Group PLC        R,SRAG.DU,EUR,Allemagne,194522496.0,DUS,Dusseldorf,EQUITY,,Yahoo Finance / yfinance EquityQuery,2026-10-07,Détection mécanique 50-300 MEUR ; qualification SSI requise.,DETECTE,HORS_UNIVERS_IDENTITE_INSUFFISANTE
2026-10-07,Samara Asset Group PLC        R,SRAG.F,EUR,Allemagne,194522496.0,FRA,Frankfurt,EQUITY,,Yahoo Finance / yfinance EquityQuery,2026-10-07,Détection mécanique 50-300 MEUR ; qualification SSI requise.,DETECTE,HORS_UNIVERS_IDENTITE_INSUFFISANTE
2026-10-07,GRAMMER AG                    I,GMM.DE,EUR,Allemagne,195293136.0,GER,XETRA,EQUITY,,Yahoo Finance / yfinance EquityQuery,2026-10-07,Détection mécanique 50-300 MEUR ; qualification SSI requise.,DETECTE,HORS_UNIVERS_IDENTITE_INSUFFISANTE
2026-10-07,Acadian Timber Corp.,779.SG,EUR,Allemagne,195317520.0,STU,Stuttgart,EQUITY,,Yahoo Finance / yfinance EquityQuery,2026-10-07,Détection mécanique 50-300 MEUR ; qualification SSI requise.,DETECTE,HORS_UNIVERS_IDENTITE_INSUFFISANTE
2026-10-07,Acotec Scientific Holdings LimR,7W3.F,EUR,Allemagne,195868240.0,FRA,Frankfurt,EQUITY,,Yahoo Finance / yfinance EquityQuery,2026-10-07,Détection mécanique 50-300 MEUR ; qualification SSI requise.,DETECTE,HORS_UNIVERS_IDENTITE_INSUFFISANTE
2026-10-07,Ioneer Ltd.                   R,4G1.F,EUR,Allemagne,198313888.0,FRA,Frankfurt,EQUITY,,Yahoo Finance / yfinance EquityQuery,2026-10-07,Détection mécanique 50-300 MEUR ; qualification SSI requise.,DETECTE,HORS_UNIVERS_IDENTITE_INSUFFISANTE
2026-10-07,Ioneer Ltd.                   R,4G11.F,EUR,Allemagne,198313888.0,FRA,Frankfurt,EQUITY,,Yahoo Finance / yfinance EquityQuery,2026-10-07,Détection mécanique 50-300 MEUR ; qualification SSI requise.,DETECTE,HORS_UNIVERS_IDENTITE_INSUFFISANTE
2026-10-07,FutureFuel Corp.,3FF.SG,EUR,Allemagne,199578112.0,STU,Stuttgart,EQUITY,,Yahoo Finance / yfinance EquityQuery,2026-10-07,Détection mécanique 50-300 MEUR ; qualification SSI requise.,DETECTE,HORS_UNIVERS_IDENTITE_INSUFFISANTE
2026-10-07,Verve Group Media SE          N,VRV.F,EUR,Allemagne,200756912.0,FRA,Frankfurt,EQUITY,,Yahoo Finance / yfinance EquityQuery,2026-10-07,Détection mécanique 50-300 MEUR ; qualification SSI requise.,DETECTE,HORS_UNIVERS_IDENTITE_INSUFFISANTE
2026-10-07,029 Group SE                  I,Z29.F,EUR,Allemagne,203000000.0,FRA,Frankfurt,EQUITY,,Yahoo Finance / yfinance EquityQuery,2026-10-07,Détection mécanique 50-300 MEUR ; qualification SSI requise.,DETECTE,HORS_UNIVERS_IDENTITE_INSUFFISANTE
2026-10-07,Synthomer PLC                 R,7YC.F,EUR,Allemagne,203290160.0,FRA,Frankfurt,EQUITY,,Yahoo Finance / yfinance EquityQuery,2026-10-07,Détection mécanique 50-300 MEUR ; qualification SSI requise.,DETECTE,HORS_UNIVERS_IDENTITE_INSUFFISANTE
2026-10-07,Synthomer PLC                 R,7YC2.F,EUR,Allemagne,203290160.0,FRA,Frankfurt,EQUITY,,Yahoo Finance / yfinance EquityQuery,2026-10-07,Détection mécanique 50-300 MEUR ; qualification SSI requise.,DETECTE,HORS_UNIVERS_IDENTITE_INSUFFISANTE
2026-10-07,Northwest Biotherapeutics Inc.,NBYB.SG,EUR,Allemagne,204676560.0,STU,Stuttgart,EQUITY,,Yahoo Finance / yfinance EquityQuery,2026-10-07,Détection mécanique 50-300 MEUR ; qualification SSI requise.,DETECTE,HORS_UNIVERS_IDENTITE_INSUFFISANTE
2026-10-07,Urbana Corp.                  R,2YY.F,EUR,Allemagne,205028048.0,FRA,Frankfurt,EQUITY,,Yahoo Finance / yfinance EquityQuery,2026-10-07,Détection mécanique 50-300 MEUR ; qualification SSI requise.,DETECTE,HORS_UNIVERS_IDENTITE_INSUFFISANTE
2026-10-07,EnviTec Biogas AG             I,ETG.DE,EUR,Allemagne,205672512.0,GER,XETRA,EQUITY,,Yahoo Finance / yfinance EquityQuery,2026-10-07,Détection mécanique 50-300 MEUR ; qualification SSI requise.,DETECTE,HORS_UNIVERS_IDENTITE_INSUFFISANTE
2026-10-07,Verve Group Media SE          N,VRV.DE,EUR,Allemagne,205719792.0,GER,XETRA,EQUITY,,Yahoo Finance / yfinance EquityQuery,2026-10-07,Détection mécanique 50-300 MEUR ; qualification SSI requise.,DETECTE,HORS_UNIVERS_IDENTITE_INSUFFISANTE
2026-10-07,029 Group SE                  I,Z29.DE,EUR,Allemagne,206000000.0,GER,XETRA,EQUITY,,Yahoo Finance / yfinance EquityQuery,2026-10-07,Détection mécanique 50-300 MEUR ; qualification SSI requise.,DETECTE,HORS_UNIVERS_IDENTITE_INSUFFISANTE
2026-10-07,Apranga AB                    R,WHX.F,EUR,Allemagne,209556528.0,FRA,Frankfurt,EQUITY,,Yahoo Finance / yfinance EquityQuery,2026-10-07,Détection mécanique 50-300 MEUR ; qualification SSI requise.,DETECTE,HORS_UNIVERS_IDENTITE_INSUFFISANTE
2026-10-07,Silver Bow Mining Corp.       R,FY2.HM,EUR,Allemagne,210242912.0,HAM,Hamburg,EQUITY,,Yahoo Finance / yfinance EquityQuery,2026-10-07,Détection mécanique 50-300 MEUR ; qualification SSI requise.,DETECTE,HORS_UNIVERS_IDENTITE_INSUFFISANTE
2026-10-07,Silver Bow Mining Corp.       R,FY2.F,EUR,Allemagne,210538208.0,FRA,Frankfurt,EQUITY,,Yahoo Finance / yfinance EquityQuery,2026-10-07,Détection mécanique 50-300 MEUR ; qualification SSI requise.,DETECTE,HORS_UNIVERS_IDENTITE_INSUFFISANTE
2026-10-07,Samara Asset Group PLC        R,SRAG.DE,EUR,Allemagne,211116832.0,GER,XETRA,EQUITY,,Yahoo Finance / yfinance EquityQuery,2026-10-07,Détection mécanique 50-300 MEUR ; qualification SSI requise.,DETECTE,HORS_UNIVERS_IDENTITE_INSUFFISANTE
2026-10-07,Silver Bow Mining Corp.       R,FY2.MU,EUR,Allemagne,212605200.0,MUN,Munich,EQUITY,,Yahoo Finance / yfinance EquityQuery,2026-10-07,Détection mécanique 50-300 MEUR ; qualification SSI requise.,DETECTE,HORS_UNIVERS_IDENTITE_INSUFFISANTE
2026-10-07,EnviTec Biogas AG             I,ETG.F,EUR,Allemagne,213097504.0,FRA,Frankfurt,EQUITY,,Yahoo Finance / yfinance EquityQuery,2026-10-07,Détection mécanique 50-300 MEUR ; qualification SSI requise.,DETECTE,HORS_UNIVERS_IDENTITE_INSUFFISANTE
2026-10-07,Apranga AB                    R,WHX.MU,EUR,Allemagne,213426960.0,MUN,Munich,EQUITY,,Yahoo Finance / yfinance EquityQuery,2026-10-07,Détection mécanique 50-300 MEUR ; qualification SSI requise.,DETECTE,HORS_UNIVERS_IDENTITE_INSUFFISANTE
2026-10-07,Acotec Scientific Holdings LimR,7W3.MU,EUR,Allemagne,217482672.0,MUN,Munich,EQUITY,,Yahoo Finance / yfinance EquityQuery,2026-10-07,Détection mécanique 50-300 MEUR ; qualification SSI requise.,DETECTE,HORS_UNIVERS_IDENTITE_INSUFFISANTE
2026-10-07,TOYO CORP.                    R,TOY.F,EUR,Allemagne,219299072.0,FRA,Frankfurt,EQUITY,,Yahoo Finance / yfinance EquityQuery,2026-10-07,Détection mécanique 50-300 MEUR ; qualification SSI requise.,DETECTE,HORS_UNIVERS_IDENTITE_INSUFFISANTE
2026-10-07,TOYO CORP.                    R,TOY.MU,EUR,Allemagne,221387648.0,MUN,Munich,EQUITY,,Yahoo Finance / yfinance EquityQuery,2026-10-07,Détection mécanique 50-300 MEUR ; qualification SSI requise.,DETECTE,HORS_UNIVERS_IDENTITE_INSUFFISANTE
2026-10-07,JDC Group AG                  I,JDC.F,EUR,Allemagne,223479344.0,FRA,Frankfurt,EQUITY,,Yahoo Finance / yfinance EquityQuery,2026-10-07,Détection mécanique 50-300 MEUR ; qualification SSI requise.,DETECTE,HORS_UNIVERS_IDENTITE_INSUFFISANTE
2026-10-07,JDC Group AG                  I,JDC.DE,EUR,Allemagne,224162752.0,GER,XETRA,EQUITY,,Yahoo Finance / yfinance EquityQuery,2026-10-07,Détection mécanique 50-300 MEUR ; qualification SSI requise.,DETECTE,HORS_UNIVERS_IDENTITE_INSUFFISANTE
2026-10-07,URBANA CORP.                  R,2YY0.F,EUR,Allemagne,225501920.0,FRA,Frankfurt,EQUITY,,Yahoo Finance / yfinance EquityQuery,2026-10-07,Détection mécanique 50-300 MEUR ; qualification SSI requise.,DETECTE,HORS_UNIVERS_IDENTITE_INSUFFISANTE
2026-10-07,Cambria Gold Mines Inc.       R,BHQ2.MU,EUR,Allemagne,225812064.0,MUN,Munich,EQUITY,,Yahoo Finance / yfinance EquityQuery,2026-10-07,Détection mécanique 50-300 MEUR ; qualification SSI requise.,DETECTE,HORS_UNIVERS_IDENTITE_INSUFFISANTE
2026-10-07,Cyberdyne Inc.                R,8C40.F,EUR,Allemagne,228021504.0,FRA,Frankfurt,EQUITY,,Yahoo Finance / yfinance EquityQuery,2026-10-07,Détection mécanique 50-300 MEUR ; qualification SSI requise.,DETECTE,HORS_UNIVERS_IDENTITE_INSUFFISANTE
2026-10-07,Remedy Entertainment OYJ      R,8P8.F,EUR,Allemagne,231581296.0,FRA,Frankfurt,EQUITY,,Yahoo Finance / yfinance EquityQuery,2026-10-07,Détection mécanique 50-300 MEUR ; qualification SSI requise.,DETECTE,HORS_UNIVERS_IDENTITE_INSUFFISANTE
2026-10-07,Kore Potash PLC               R,KP10.F,EUR,Allemagne,232081936.0,FRA,Frankfurt,EQUITY,,Yahoo Finance / yfinance EquityQuery,2026-10-07,Détection mécanique 50-300 MEUR ; qualification SSI requise.,DETECTE,HORS_UNIVERS_IDENTITE_INSUFFISANTE
2026-10-07,Westwing Group SE             I,WEW.DE,EUR,Allemagne,232648768.0,GER,XETRA,EQUITY,,Yahoo Finance / yfinance EquityQuery,2026-10-07,Détection mécanique 50-300 MEUR ; qualification SSI requise.,DETECTE,HORS_UNIVERS_IDENTITE_INSUFFISANTE
2026-10-07,Westwing Group SE             I,WEW.F,EUR,Allemagne,232648768.0,FRA,Frankfurt,EQUITY,,Yahoo Finance / yfinance EquityQuery,2026-10-07,Détection mécanique 50-300 MEUR ; qualification SSI requise.,DETECTE,HORS_UNIVERS_IDENTITE_INSUFFISANTE
2026-10-07,Remedy Entertainment OYJ      R,8P8.MU,EUR,Allemagne,233483952.0,MUN,Munich,EQUITY,,Yahoo Finance / yfinance EquityQuery,2026-10-07,Détection mécanique 50-300 MEUR ; qualification SSI requise.,DETECTE,HORS_UNIVERS_IDENTITE_INSUFFISANTE
2026-10-07,DN Group AG                   N,D77.F,EUR,Allemagne,233492096.0,FRA,Frankfurt,EQUITY,,Yahoo Finance / yfinance EquityQuery,2026-10-07,Détection mécanique 50-300 MEUR ; qualification SSI requise.,DETECTE,HORS_UNIVERS_IDENTITE_INSUFFISANTE
2026-10-07,Runway Growth Finance Corp.   R,0KG.DU,EUR,Allemagne,234695456.0,DUS,Dusseldorf,EQUITY,,Yahoo Finance / yfinance EquityQuery,2026-10-07,Détection mécanique 50-300 MEUR ; qualification SSI requise.,DETECTE,HORS_UNIVERS_IDENTITE_INSUFFISANTE
2026-10-07,Runway Growth Finance Corp.   R,0KG.F,EUR,Allemagne,234695456.0,FRA,Frankfurt,EQUITY,,Yahoo Finance / yfinance EquityQuery,2026-10-07,Détection mécanique 50-300 MEUR ; qualification SSI requise.,DETECTE,HORS_UNIVERS_IDENTITE_INSUFFISANTE
2026-10-07,Bonava AB                     N,66BA.F,EUR,Allemagne,236391200.0,FRA,Frankfurt,EQUITY,,Yahoo Finance / yfinance EquityQuery,2026-10-07,Détection mécanique 50-300 MEUR ; qualification SSI requise.,DETECTE,HORS_UNIVERS_IDENTITE_INSUFFISANTE
2026-10-07,STEICO SE                     I,ST5.DE,EUR,Allemagne,239418912.0,GER,XETRA,EQUITY,,Yahoo Finance / yfinance EquityQuery,2026-10-07,Détection mécanique 50-300 MEUR ; qualification SSI requise.,DETECTE,HORS_UNIVERS_IDENTITE_INSUFFISANTE
2026-10-07,STEICO SE                     I,ST5.F,EUR,Allemagne,239700576.0,FRA,Frankfurt,EQUITY,,Yahoo Finance / yfinance EquityQuery,2026-10-07,Détection mécanique 50-300 MEUR ; qualification SSI requise.,DETECTE,HORS_UNIVERS_IDENTITE_INSUFFISANTE
2026-10-07,MEDICLIN AG                   I,MED.F,EUR,Allemagne,239875008.0,FRA,Frankfurt,EQUITY,,Yahoo Finance / yfinance EquityQuery,2026-10-07,Détection mécanique 50-300 MEUR ; qualification SSI requise.,DETECTE,HORS_UNIVERS_IDENTITE_INSUFFISANTE
2026-10-07,Dundee Corp.,1DUA.SG,EUR,Allemagne,239975264.0,STU,Stuttgart,EQUITY,,Yahoo Finance / yfinance EquityQuery,2026-10-07,Détection mécanique 50-300 MEUR ; qualification SSI requise.,DETECTE,HORS_UNIVERS_IDENTITE_INSUFFISANTE
2026-10-07,DN Group AG                   N,D77.DE,EUR,Allemagne,242303120.0,GER,XETRA,EQUITY,,Yahoo Finance / yfinance EquityQuery,2026-10-07,Détection mécanique 50-300 MEUR ; qualification SSI requise.,DETECTE,HORS_UNIVERS_IDENTITE_INSUFFISANTE
2026-10-07,Bonava AB                     N,66B.F,EUR,Allemagne,243145216.0,FRA,Frankfurt,EQUITY,,Yahoo Finance / yfinance EquityQuery,2026-10-07,Détection mécanique 50-300 MEUR ; qualification SSI requise.,DETECTE,HORS_UNIVERS_IDENTITE_INSUFFISANTE
2026-10-07,Clinuvel Pharmaceuticals Ltd. R,UR9A.F,EUR,Allemagne,244357712.0,FRA,Frankfurt,EQUITY,,Yahoo Finance / yfinance EquityQuery,2026-10-07,Détection mécanique 50-300 MEUR ; qualification SSI requise.,DETECTE,HORS_UNIVERS_IDENTITE_INSUFFISANTE
2026-10-07,MEDICLIN AG                   I,MED.DE,EUR,Allemagne,244625008.0,GER,XETRA,EQUITY,,Yahoo Finance / yfinance EquityQuery,2026-10-07,Détection mécanique 50-300 MEUR ; qualification SSI requise.,DETECTE,HORS_UNIVERS_IDENTITE_INSUFFISANTE
2026-10-07,H&R GmbH & Co. KGaA           I,2HRA.F,EUR,Allemagne,244919072.0,FRA,Frankfurt,EQUITY,,Yahoo Finance / yfinance EquityQuery,2026-10-07,Détection mécanique 50-300 MEUR ; qualification SSI requise.,DETECTE,HORS_UNIVERS_IDENTITE_INSUFFISANTE
2026-10-07,BAYWA AG                      V,BYW6.F,EUR,Allemagne,247816992.0,FRA,Frankfurt,EQUITY,,Yahoo Finance / yfinance EquityQuery,2026-10-07,Détection mécanique 50-300 MEUR ; qualification SSI requise.,DETECTE,HORS_UNIVERS_IDENTITE_INSUFFISANTE
2026-10-07,CytoDyn Inc.,296.SG,EUR,Allemagne,249818080.0,STU,Stuttgart,EQUITY,,Yahoo Finance / yfinance EquityQuery,2026-10-07,Détection mécanique 50-300 MEUR ; qualification SSI requise.,DETECTE,HORS_UNIVERS_IDENTITE_INSUFFISANTE
2026-10-07,Alfen N.V.                    R,703.DE,EUR,Allemagne,250108160.0,GER,XETRA,EQUITY,,Yahoo Finance / yfinance EquityQuery,2026-10-07,Détection mécanique 50-300 MEUR ; qualification SSI requise.,DETECTE,HORS_UNIVERS_IDENTITE_INSUFFISANTE
2026-10-07,MGP Ingredients Inc.,M1I.SG,EUR,Allemagne,250544688.0,STU,Stuttgart,EQUITY,,Yahoo Finance / yfinance EquityQuery,2026-10-07,Détection mécanique 50-300 MEUR ; qualification SSI requise.,DETECTE,HORS_UNIVERS_IDENTITE_INSUFFISANTE
2026-10-07,Clinuvel Pharmaceuticals Ltd. R,UR9.F,EUR,Allemagne,250719088.0,FRA,Frankfurt,EQUITY,,Yahoo Finance / yfinance EquityQuery,2026-10-07,Détection mécanique 50-300 MEUR ; qualification SSI requise.,DETECTE,HORS_UNIVERS_IDENTITE_INSUFFISANTE
2026-10-07,Bioage Labs Inc.              R,Y7G.F,EUR,Allemagne,251515056.0,FRA,Frankfurt,EQUITY,,Yahoo Finance / yfinance EquityQuery,2026-10-07,Détection mécanique 50-300 MEUR ; qualification SSI requise.,DETECTE,HORS_UNIVERS_IDENTITE_INSUFFISANTE
2026-10-07,"Sentul City Tbk, PT           R",5S4.F,EUR,Allemagne,251563360.0,FRA,Frankfurt,EQUITY,,Yahoo Finance / yfinance EquityQuery,2026-10-07,Détection mécanique 50-300 MEUR ; qualification SSI requise.,DETECTE,HORS_UNIVERS_IDENTITE_INSUFFISANTE
2026-10-07,H&R GmbH & Co. KGaA           I,2HRA.DE,EUR,Allemagne,253107872.0,GER,XETRA,EQUITY,,Yahoo Finance / yfinance EquityQuery,2026-10-07,Détection mécanique 50-300 MEUR ; qualification SSI requise.,DETECTE,HORS_UNIVERS_IDENTITE_INSUFFISANTE
2026-10-07,Cyberdyne Inc.                R,8C4.F,EUR,Allemagne,253779472.0,FRA,Frankfurt,EQUITY,,Yahoo Finance / yfinance EquityQuery,2026-10-07,Détection mécanique 50-300 MEUR ; qualification SSI requise.,DETECTE,HORS_UNIVERS_IDENTITE_INSUFFISANTE
2026-10-07,Alfen N.V.                    R,703.F,EUR,Allemagne,255110320.0,FRA,Frankfurt,EQUITY,,Yahoo Finance / yfinance EquityQuery,2026-10-07,Détection mécanique 50-300 MEUR ; qualification SSI requise.,DETECTE,HORS_UNIVERS_IDENTITE_INSUFFISANTE
2026-10-07,Instone Real Estate Group SE  I,INS.DE,EUR,Allemagne,255603200.0,GER,XETRA,EQUITY,,Yahoo Finance / yfinance EquityQuery,2026-10-07,Détection mécanique 50-300 MEUR ; qualification SSI requise.,DETECTE,HORS_UNIVERS_IDENTITE_INSUFFISANTE
2026-10-07,Bioage Labs Inc.              R,Y7G.MU,EUR,Allemagne,256793184.0,MUN,Munich,EQUITY,,Yahoo Finance / yfinance EquityQuery,2026-10-07,Détection mécanique 50-300 MEUR ; qualification SSI requise.,DETECTE,HORS_UNIVERS_IDENTITE_INSUFFISANTE
2026-10-07,BAYWA AG                      V,BYW6.DE,EUR,Allemagne,256846768.0,GER,XETRA,EQUITY,,Yahoo Finance / yfinance EquityQuery,2026-10-07,Détection mécanique 50-300 MEUR ; qualification SSI requise.,DETECTE,HORS_UNIVERS_IDENTITE_INSUFFISANTE
2026-10-07,Ellomay Capital Ltd.,NUR.SG,EUR,Allemagne,257439584.0,STU,Stuttgart,EQUITY,,Yahoo Finance / yfinance EquityQuery,2026-10-07,Détection mécanique 50-300 MEUR ; qualification SSI requise.,DETECTE,HORS_UNIVERS_IDENTITE_INSUFFISANTE
2026-10-07,Bioage Labs Inc.              R,Y7G.DU,EUR,Allemagne,257711120.0,DUS,Dusseldorf,EQUITY,,Yahoo Finance / yfinance EquityQuery,2026-10-07,Détection mécanique 50-300 MEUR ; qualification SSI requise.,DETECTE,HORS_UNIVERS_IDENTITE_INSUFFISANTE
2026-10-07,Guardian Metal Resources PLC  R,8TM0.F,EUR,Allemagne,261042688.0,FRA,Frankfurt,EQUITY,,Yahoo Finance / yfinance EquityQuery,2026-10-07,Détection mécanique 50-300 MEUR ; qualification SSI requise.,DETECTE,HORS_UNIVERS_IDENTITE_INSUFFISANTE
2026-10-07,ZipRecruiter Inc.             R,47R.F,EUR,Allemagne,261808096.0,FRA,Frankfurt,EQUITY,,Yahoo Finance / yfinance EquityQuery,2026-10-07,Détection mécanique 50-300 MEUR ; qualification SSI requise.,DETECTE,HORS_UNIVERS_IDENTITE_INSUFFISANTE
2026-10-07,Instone Real Estate Group SE  I,INS.F,EUR,Allemagne,263401264.0,FRA,Frankfurt,EQUITY,,Yahoo Finance / yfinance EquityQuery,2026-10-07,Détection mécanique 50-300 MEUR ; qualification SSI requise.,DETECTE,HORS_UNIVERS_IDENTITE_INSUFFISANTE
2026-10-07,Teqnion AB                    N,M45.F,EUR,Allemagne,265039264.0,FRA,Frankfurt,EQUITY,,Yahoo Finance / yfinance EquityQuery,2026-10-07,Détection mécanique 50-300 MEUR ; qualification SSI requise.,DETECTE,HORS_UNIVERS_IDENTITE_INSUFFISANTE
2026-10-07,OVB Holding AG                I,O4B.F,EUR,Allemagne,265074448.0,FRA,Frankfurt,EQUITY,,Yahoo Finance / yfinance EquityQuery,2026-10-07,Détection mécanique 50-300 MEUR ; qualification SSI requise.,DETECTE,HORS_UNIVERS_IDENTITE_INSUFFISANTE
2026-10-07,Medios AG                     I,ILM1.DE,EUR,Allemagne,266789872.0,GER,XETRA,EQUITY,,Yahoo Finance / yfinance EquityQuery,2026-10-07,Détection mécanique 50-300 MEUR ; qualification SSI requise.,DETECTE,HORS_UNIVERS_IDENTITE_INSUFFISANTE
2026-10-07,ZipRecruiter Inc.             R,47R.MU,EUR,Allemagne,267399488.0,MUN,Munich,EQUITY,,Yahoo Finance / yfinance EquityQuery,2026-10-07,Détection mécanique 50-300 MEUR ; qualification SSI requise.,DETECTE,HORS_UNIVERS_IDENTITE_INSUFFISANTE
2026-10-07,OVB Holding AG                I,O4B.DE,EUR,Allemagne,267924688.0,GER,XETRA,EQUITY,,Yahoo Finance / yfinance EquityQuery,2026-10-07,Détection mécanique 50-300 MEUR ; qualification SSI requise.,DETECTE,HORS_UNIVERS_IDENTITE_INSUFFISANTE
2026-10-07,Teqnion AB                    N,M45.MU,EUR,Allemagne,269159072.0,MUN,Munich,EQUITY,,Yahoo Finance / yfinance EquityQuery,2026-10-07,Détection mécanique 50-300 MEUR ; qualification SSI requise.,DETECTE,HORS_UNIVERS_IDENTITE_INSUFFISANTE
2026-10-07,Medios AG                     I,ILM1.F,EUR,Allemagne,269340448.0,FRA,Frankfurt,EQUITY,,Yahoo Finance / yfinance EquityQuery,2026-10-07,Détection mécanique 50-300 MEUR ; qualification SSI requise.,DETECTE,HORS_UNIVERS_IDENTITE_INSUFFISANTE
2026-10-07,STRATEC SE                    N,SBS.F,EUR,Allemagne,271077504.0,FRA,Frankfurt,EQUITY,,Yahoo Finance / yfinance EquityQuery,2026-10-07,Détection mécanique 50-300 MEUR ; qualification SSI requise.,DETECTE,HORS_UNIVERS_IDENTITE_INSUFFISANTE
2026-10-07,SINO AG                       I,XTP.F,EUR,Allemagne,276993760.0,FRA,Frankfurt,EQUITY,,Yahoo Finance / yfinance EquityQuery,2026-10-07,Détection mécanique 50-300 MEUR ; qualification SSI requise.,DETECTE,HORS_UNIVERS_IDENTITE_INSUFFISANTE
2026-10-07,STRATEC SE                    N,SBS.DE,EUR,Allemagne,277155456.0,GER,XETRA,EQUITY,,Yahoo Finance / yfinance EquityQuery,2026-10-07,Détection mécanique 50-300 MEUR ; qualification SSI requise.,DETECTE,HORS_UNIVERS_IDENTITE_INSUFFISANTE
2026-10-07,SINO AG                       I,XTP.DE,EUR,Allemagne,280500000.0,GER,XETRA,EQUITY,,Yahoo Finance / yfinance EquityQuery,2026-10-07,Détection mécanique 50-300 MEUR ; qualification SSI requise.,DETECTE,HORS_UNIVERS_IDENTITE_INSUFFISANTE
2026-10-07,Guardian Metal Resources PLC  R,8TM.F,EUR,Allemagne,283445632.0,FRA,Frankfurt,EQUITY,,Yahoo Finance / yfinance EquityQuery,2026-10-07,Détection mécanique 50-300 MEUR ; qualification SSI requise.,DETECTE,HORS_UNIVERS_IDENTITE_INSUFFISANTE
2026-10-07,Cogeco Inc.,76E.SG,EUR,Allemagne,290768032.0,STU,Stuttgart,EQUITY,,Yahoo Finance / yfinance EquityQuery,2026-10-07,Détection mécanique 50-300 MEUR ; qualification SSI requise.,DETECTE,HORS_UNIVERS_IDENTITE_INSUFFISANTE
2026-10-07,Oatly Group AB                N,9ZX0.MU,EUR,Allemagne,292265984.0,MUN,Munich,EQUITY,,Yahoo Finance / yfinance EquityQuery,2026-10-07,Détection mécanique 50-300 MEUR ; qualification SSI requise.,DETECTE,HORS_UNIVERS_IDENTITE_INSUFFISANTE
2026-10-07,Oatly Group AB                N,9ZX0.F,EUR,Allemagne,292890496.0,FRA,Frankfurt,EQUITY,,Yahoo Finance / yfinance EquityQuery,2026-10-07,Détection mécanique 50-300 MEUR ; qualification SSI requise.,DETECTE,HORS_UNIVERS_IDENTITE_INSUFFISANTE
2026-10-07,NYXOAH SA,NYXH.BR,EUR,Belgique,131373872.0,BRU,Brussels,EQUITY,,Yahoo Finance / yfinance EquityQuery,2026-10-07,Détection mécanique 50-300 MEUR ; qualification SSI requise.,DETECTE,HORS_UNIVERS_IDENTITE_INSUFFISANTE
2026-10-07,NEXMETALS MINING CORP,NEXM.V,CAD,Canada,55057664.69,VAN,TSXV,EQUITY,,Yahoo Finance / yfinance EquityQuery,2026-10-07,Détection mécanique 50-300 MEUR ; qualification SSI requise.,DETECTE,HORS_UNIVERS_IDENTITE_INSUFFISANTE
2026-10-07,ANFIELD ENERGY INC,AEC.V,CAD,Canada,60127491.3,VAN,TSXV,EQUITY,,Yahoo Finance / yfinance EquityQuery,2026-10-07,Détection mécanique 50-300 MEUR ; qualification SSI requise.,DETECTE,HORS_UNIVERS_IDENTITE_INSUFFISANTE
2026-10-07,FURY GOLD MINES LIMITED,FURY.TO,CAD,Canada,85599617.01,TOR,Toronto,EQUITY,,Yahoo Finance / yfinance EquityQuery,2026-10-07,Détection mécanique 50-300 MEUR ; qualification SSI requise.,DETECTE,HORS_UNIVERS_IDENTITE_INSUFFISANTE
2026-10-07,TUCOWS INC.,TC.TO,CAD,Canada,95372218.17,TOR,Toronto,EQUITY,,Yahoo Finance / yfinance EquityQuery,2026-10-07,Détection mécanique 50-300 MEUR ; qualification SSI requise.,DETECTE,HORS_UNIVERS_IDENTITE_INSUFFISANTE
2026-10-07,ORGANIGRAM GLOBAL INC,OGI.TO,CAD,Canada,120793435.02,TOR,Toronto,EQUITY,,Yahoo Finance / yfinance EquityQuery,2026-10-07,Détection mécanique 50-300 MEUR ; qualification SSI requise.,DETECTE,HORS_UNIVERS_IDENTITE_INSUFFISANTE
2026-10-07,GREENLAND RESOURCES INC.,MOLY.NE,CAD,Canada,126489765.32,NEO,Cboe CA,EQUITY,,Yahoo Finance / yfinance EquityQuery,2026-10-07,Détection mécanique 50-300 MEUR ; qualification SSI requise.,DETECTE,HORS_UNIVERS_IDENTITE_INSUFFISANTE
2026-10-07,GREENLAND RESOURCES INC,MOLY.TO,CAD,Canada,127673560.25,TOR,Toronto,EQUITY,,Yahoo Finance / yfinance EquityQuery,2026-10-07,Détection mécanique 50-300 MEUR ; qualification SSI requise.,DETECTE,HORS_UNIVERS_IDENTITE_INSUFFISANTE
2026-10-07,CARDIOL THERAPEUTICS INC,CRDL.TO,CAD,Canada,140945141.65,TOR,Toronto,EQUITY,,Yahoo Finance / yfinance EquityQuery,2026-10-07,Détection mécanique 50-300 MEUR ; qualification SSI requise.,DETECTE,HORS_UNIVERS_IDENTITE_INSUFFISANTE
2026-10-07,PLATINUM GROUP METALS LTD.,PTM.TO,CAD,Canada,142338905.01,TOR,Toronto,EQUITY,,Yahoo Finance / yfinance EquityQuery,2026-10-07,Détection mécanique 50-300 MEUR ; qualification SSI requise.,DETECTE,HORS_UNIVERS_IDENTITE_INSUFFISANTE
2026-10-07,SANGOMA TECHNOLOGIES CORPORATIO,STC.TO,CAD,Canada,144181989.0,TOR,Toronto,EQUITY,,Yahoo Finance / yfinance EquityQuery,2026-10-07,Détection mécanique 50-300 MEUR ; qualification SSI requise.,DETECTE,HORS_UNIVERS_IDENTITE_INSUFFISANTE
2026-10-07,SATELLOS BIOSCIENCE INC,MSCL.TO,CAD,Canada,147921401.95,TOR,Toronto,EQUITY,,Yahoo Finance / yfinance EquityQuery,2026-10-07,Détection mécanique 50-300 MEUR ; qualification SSI requise.,DETECTE,HORS_UNIVERS_IDENTITE_INSUFFISANTE
2026-10-07,MAYFAIR GOLD CORP,MFG.V,CAD,Canada,148193779.63,VAN,TSXV,EQUITY,,Yahoo Finance / yfinance EquityQuery,2026-10-07,Détection mécanique 50-300 MEUR ; qualification SSI requise.,DETECTE,HORS_UNIVERS_IDENTITE_INSUFFISANTE
2026-10-07,GOLDMINING INC,GOLD.TO,CAD,Canada,165204303.75,TOR,Toronto,EQUITY,,Yahoo Finance / yfinance EquityQuery,2026-10-07,Détection mécanique 50-300 MEUR ; qualification SSI requise.,DETECTE,HORS_UNIVERS_IDENTITE_INSUFFISANTE
2026-10-07,DEFI TECHNOLOGIES INC.,DEFI.NE,CAD,Canada,174723866.29,NEO,Cboe CA,EQUITY,,Yahoo Finance / yfinance EquityQuery,2026-10-07,Détection mécanique 50-300 MEUR ; qualification SSI requise.,DETECTE,HORS_UNIVERS_IDENTITE_INSUFFISANTE
2026-10-07,PROFOUND MEDICAL CORP,PRN.TO,CAD,Canada,185718300.21,TOR,Toronto,EQUITY,,Yahoo Finance / yfinance EquityQuery,2026-10-07,Détection mécanique 50-300 MEUR ; qualification SSI requise.,DETECTE,HORS_UNIVERS_IDENTITE_INSUFFISANTE
2026-10-07,ENCORE ENERGY CORP,EU.V,CAD,Canada,188297949.49,VAN,TSXV,EQUITY,,Yahoo Finance / yfinance EquityQuery,2026-10-07,Détection mécanique 50-300 MEUR ; qualification SSI requise.,DETECTE,HORS_UNIVERS_IDENTITE_INSUFFISANTE
2026-10-07,TITAN MINING CORPORATION,TI.TO,CAD,Canada,202385913.58,TOR,Toronto,EQUITY,,Yahoo Finance / yfinance EquityQuery,2026-10-07,Détection mécanique 50-300 MEUR ; qualification SSI requise.,DETECTE,HORS_UNIVERS_IDENTITE_INSUFFISANTE
2026-10-07,KOLIBRI GLOBAL ENERGY INC,KEI.TO,CAD,Canada,203361130.74,TOR,Toronto,EQUITY,,Yahoo Finance / yfinance EquityQuery,2026-10-07,Détection mécanique 50-300 MEUR ; qualification SSI requise.,DETECTE,HORS_UNIVERS_IDENTITE_INSUFFISANTE
2026-10-07,AURORA CANNABIS INC,ACB.TO,CAD,Canada,252171391.8,TOR,Toronto,EQUITY,,Yahoo Finance / yfinance EquityQuery,2026-10-07,Détection mécanique 50-300 MEUR ; qualification SSI requise.,DETECTE,HORS_UNIVERS_IDENTITE_INSUFFISANTE
2026-10-07,CORBY SPIRIT AND WINE LTD CLASS,CSW-B.TO,CAD,Canada,270046931.42,TOR,Toronto,EQUITY,,Yahoo Finance / yfinance EquityQuery,2026-10-07,Détection mécanique 50-300 MEUR ; qualification SSI requise.,DETECTE,HORS_UNIVERS_IDENTITE_INSUFFISANTE
2026-10-07,SNDL Inc.,SNDL.CN,CAD,Canada,270859912.53,CNQ,Canadian Sec,EQUITY,,Yahoo Finance / yfinance EquityQuery,2026-10-07,Détection mécanique 50-300 MEUR ; qualification SSI requise.,DETECTE,HORS_UNIVERS_IDENTITE_INSUFFISANTE
2026-10-07,CORBY SPIRIT AND WINE LTD CLASS,CSW-A.TO,CAD,Canada,273429196.94,TOR,Toronto,EQUITY,,Yahoo Finance / yfinance EquityQuery,2026-10-07,Détection mécanique 50-300 MEUR ; qualification SSI requise.,DETECTE,HORS_UNIVERS_IDENTITE_INSUFFISANTE
2026-10-07,ELECTROVAYA INC,ELVA.TO,CAD,Canada,281086706.6,TOR,Toronto,EQUITY,,Yahoo Finance / yfinance EquityQuery,2026-10-07,Détection mécanique 50-300 MEUR ; qualification SSI requise.,DETECTE,HORS_UNIVERS_IDENTITE_INSUFFISANTE
2026-10-07,NORTH AMERICAN CONSTRUCTION GRO,NOA.TO,CAD,Canada,284916201.77,TOR,Toronto,EQUITY,,Yahoo Finance / yfinance EquityQuery,2026-10-07,Détection mécanique 50-300 MEUR ; qualification SSI requise.,DETECTE,HORS_UNIVERS_IDENTITE_INSUFFISANTE
2026-10-07,"MAKING SCIENCE GROUP, S.A.",MAKS.MC,EUR,Espagne,52866492.0,MCE,MCE,EQUITY,,Yahoo Finance / yfinance EquityQuery,2026-10-07,Détection mécanique 50-300 MEUR ; qualification SSI requise.,DETECTE,HORS_UNIVERS_IDENTITE_INSUFFISANTE
2026-10-07,AIRTIFICIAL INTELLIGENCE STRUCT,AI.MC,EUR,Espagne,138003984.0,MCE,MCE,EQUITY,,Yahoo Finance / yfinance EquityQuery,2026-10-07,Détection mécanique 50-300 MEUR ; qualification SSI requise.,DETECTE,HORS_UNIVERS_IDENTITE_INSUFFISANTE
2026-10-07,BERKELEY ENERGIA LIMITED,BKY.MC,EUR,Espagne,169591392.0,MCE,MCE,EQUITY,,Yahoo Finance / yfinance EquityQuery,2026-10-07,Détection mécanique 50-300 MEUR ; qualification SSI requise.,DETECTE,HORS_UNIVERS_IDENTITE_INSUFFISANTE
2026-10-07,"IBERPAPEL GESTION,S.A.",IBG.MC,EUR,Espagne,187424496.0,MCE,MCE,EQUITY,,Yahoo Finance / yfinance EquityQuery,2026-10-07,Détection mécanique 50-300 MEUR ; qualification SSI requise.,DETECTE,HORS_UNIVERS_IDENTITE_INSUFFISANTE
2026-10-07,Nanoform Finland Oyj,NANOFH.HE,EUR,Finlande,66031236.0,HEL,Helsinki,EQUITY,,Yahoo Finance / yfinance EquityQuery,2026-10-07,Détection mécanique 50-300 MEUR ; qualification SSI requise.,DETECTE,HORS_UNIVERS_IDENTITE_INSUFFISANTE
2026-10-07,Remedy Entertainment Oyj,REMEDY.HE,EUR,Finlande,228863200.0,HEL,Helsinki,EQUITY,,Yahoo Finance / yfinance EquityQuery,2026-10-07,Détection mécanique 50-300 MEUR ; qualification SSI requise.,DETECTE,HORS_UNIVERS_IDENTITE_INSUFFISANTE
2026-10-07,MAKING SCIENCE GROUP S.A.,ALMKS.PA,EUR,France,58740544.0,PAR,Paris,EQUITY,,Yahoo Finance / yfinance EquityQuery,2026-10-07,Détection mécanique 50-300 MEUR ; qualification SSI requise.,DETECTE,HORS_UNIVERS_IDENTITE_INSUFFISANTE
2026-10-07,EKINOPS,EKI.PA,EUR,France,61166716.0,PAR,Paris,EQUITY,,Yahoo Finance / yfinance EquityQuery,2026-10-07,Détection mécanique 50-300 MEUR ; qualification SSI requise.,DETECTE,HORS_UNIVERS_IDENTITE_INSUFFISANTE
2026-10-07,WE.CONNECT,ALWEC.PA,EUR,France,68334216.0,PAR,Paris,EQUITY,,Yahoo Finance / yfinance EquityQuery,2026-10-07,Détection mécanique 50-300 MEUR ; qualification SSI requise.,DETECTE,HORS_UNIVERS_IDENTITE_INSUFFISANTE
2026-10-07,EUROAPI SA,EAPI.PA,EUR,France,72219656.0,PAR,Paris,EQUITY,,Yahoo Finance / yfinance EquityQuery,2026-10-07,Détection mécanique 50-300 MEUR ; qualification SSI requise.,DETECTE,HORS_UNIVERS_IDENTITE_INSUFFISANTE
2026-10-07,ACTIA GROUP S.A.,ALATI.PA,EUR,France,73909624.0,PAR,Paris,EQUITY,,Yahoo Finance / yfinance EquityQuery,2026-10-07,Détection mécanique 50-300 MEUR ; qualification SSI requise.,DETECTE,HORS_UNIVERS_IDENTITE_INSUFFISANTE
2026-10-07,APEX CRITICAL METALS CORP.,MLAPX.PA,EUR,France,85488552.0,PAR,Paris,EQUITY,,Yahoo Finance / yfinance EquityQuery,2026-10-07,Détection mécanique 50-300 MEUR ; qualification SSI requise.,DETECTE,HORS_UNIVERS_IDENTITE_INSUFFISANTE
2026-10-07,INNATE PHARMA,IPH.PA,EUR,France,146327440.0,PAR,Paris,EQUITY,,Yahoo Finance / yfinance EquityQuery,2026-10-07,Détection mécanique 50-300 MEUR ; qualification SSI requise.,DETECTE,HORS_UNIVERS_IDENTITE_INSUFFISANTE
2026-10-07,ENSURGE MICROPOWER ASA,ENSU.OL,NOK,Norvège,52851793.22,OSL,Oslo,EQUITY,,Yahoo Finance / yfinance EquityQuery,2026-10-07,Détection mécanique 50-300 MEUR ; qualification SSI requise.,DETECTE,HORS_UNIVERS_IDENTITE_INSUFFISANTE
2026-10-07,WESTERN BULK CHARTERING AS,WEST.OL,NOK,Norvège,66993048.23,OSL,Oslo,EQUITY,,Yahoo Finance / yfinance EquityQuery,2026-10-07,Détection mécanique 50-300 MEUR ; qualification SSI requise.,DETECTE,HORS_UNIVERS_IDENTITE_INSUFFISANTE
2026-10-07,NYKODE THERAPEUTICS ASA,NYKD.OL,NOK,Norvège,128426653.89,OSL,Oslo,EQUITY,,Yahoo Finance / yfinance EquityQuery,2026-10-07,Détection mécanique 50-300 MEUR ; qualification SSI requise.,DETECTE,HORS_UNIVERS_IDENTITE_INSUFFISANTE
2026-10-07,NORSK TITANIUM AS,NTI.OL,NOK,Norvège,135154342.15,OSL,Oslo,EQUITY,,Yahoo Finance / yfinance EquityQuery,2026-10-07,Détection mécanique 50-300 MEUR ; qualification SSI requise.,DETECTE,HORS_UNIVERS_IDENTITE_INSUFFISANTE
2026-10-07,AGILYX ASA,AGLX.OL,NOK,Norvège,178000744.22,OSL,Oslo,EQUITY,,Yahoo Finance / yfinance EquityQuery,2026-10-07,Détection mécanique 50-300 MEUR ; qualification SSI requise.,DETECTE,HORS_UNIVERS_IDENTITE_INSUFFISANTE
2026-10-07,ODFJELL TECHNOLOGY LTD,OTL.OL,NOK,Norvège,219957744.59,OSL,Oslo,EQUITY,,Yahoo Finance / yfinance EquityQuery,2026-10-07,Détection mécanique 50-300 MEUR ; qualification SSI requise.,DETECTE,HORS_UNIVERS_IDENTITE_INSUFFISANTE
2026-10-07,GRIEG SEAFOOD,GSF.OL,NOK,Norvège,243138000.84,OSL,Oslo,EQUITY,,Yahoo Finance / yfinance EquityQuery,2026-10-07,Détection mécanique 50-300 MEUR ; qualification SSI requise.,DETECTE,HORS_UNIVERS_IDENTITE_INSUFFISANTE
2026-10-07,ENVIPCO HOLDING N.V.,ENVIP.OL,NOK,Norvège,247831231.07,OSL,Oslo,EQUITY,,Yahoo Finance / yfinance EquityQuery,2026-10-07,Détection mécanique 50-300 MEUR ; qualification SSI requise.,DETECTE,HORS_UNIVERS_IDENTITE_INSUFFISANTE
2026-10-07,ENVIPCO HOLDING N.V.,ENVI.AS,EUR,Pays-Bas,244534400.0,AMS,Amsterdam,EQUITY,,Yahoo Finance / yfinance EquityQuery,2026-10-07,Détection mécanique 50-300 MEUR ; qualification SSI requise.,DETECTE,HORS_UNIVERS_IDENTITE_INSUFFISANTE
2026-10-07,IBU TEC ADVANCED MATERIALS AG I,0UNS.L,GBP,Royaume-Uni,87150943.97,LSE,LSE,EQUITY,,Yahoo Finance / yfinance EquityQuery,2026-10-07,Détection mécanique 50-300 MEUR ; qualification SSI requise.,DETECTE,HORS_UNIVERS_IDENTITE_INSUFFISANTE
2026-10-07,LINDSELL TRAIN INVESTMENT TRUST,LTI.L,GBP,Royaume-Uni,135347022.13,LSE,LSE,EQUITY,,Yahoo Finance / yfinance EquityQuery,2026-10-07,Détection mécanique 50-300 MEUR ; qualification SSI requise.,DETECTE,HORS_UNIVERS_IDENTITE_INSUFFISANTE
2026-10-07,Lindsell Train Investment Trust,LTIL.XC,GBP,Royaume-Uni,136997605.12,CXE,Cboe UK,EQUITY,,Yahoo Finance / yfinance EquityQuery,2026-10-07,Détection mécanique 50-300 MEUR ; qualification SSI requise.,DETECTE,HORS_UNIVERS_IDENTITE_INSUFFISANTE
2026-10-07,Kudelski SA,KUDZ.XC,GBP,Royaume-Uni,141924463.43,CXE,Cboe UK,EQUITY,,Yahoo Finance / yfinance EquityQuery,2026-10-07,Détection mécanique 50-300 MEUR ; qualification SSI requise.,DETECTE,HORS_UNIVERS_IDENTITE_INSUFFISANTE
2026-10-07,Molecular Partners AG,MOLNZ.XC,GBP,Royaume-Uni,148358021.88,CXE,Cboe UK,EQUITY,,Yahoo Finance / yfinance EquityQuery,2026-10-07,Détection mécanique 50-300 MEUR ; qualification SSI requise.,DETECTE,HORS_UNIVERS_IDENTITE_INSUFFISANTE
2026-10-07,SYMPHONY INTERNATIONAL HOLDINGS,SIHL.L,GBP,Royaume-Uni,230599896.0,LSE,LSE,EQUITY,,Yahoo Finance / yfinance EquityQuery,2026-10-07,Détection mécanique 50-300 MEUR ; qualification SSI requise.,DETECTE,HORS_UNIVERS_IDENTITE_INSUFFISANTE
2026-10-07,Symphony International Holdings,SIHLL.XC,GBP,Royaume-Uni,242099621.17,CXE,Cboe UK,EQUITY,,Yahoo Finance / yfinance EquityQuery,2026-10-07,Détection mécanique 50-300 MEUR ; qualification SSI requise.,DETECTE,HORS_UNIVERS_IDENTITE_INSUFFISANTE
2026-10-07,Santhera Pharmaceuticals Holdin,SANNZ.XC,GBP,Royaume-Uni,243938624.2,CXE,Cboe UK,EQUITY,,Yahoo Finance / yfinance EquityQuery,2026-10-07,Détection mécanique 50-300 MEUR ; qualification SSI requise.,DETECTE,HORS_UNIVERS_IDENTITE_INSUFFISANTE
2026-10-07,LASTMINUTE.COM N.V.,LMN.SW,CHF,Suisse,104658653.36,EBS,Swiss,EQUITY,,Yahoo Finance / yfinance EquityQuery,2026-10-07,Détection mécanique 50-300 MEUR ; qualification SSI requise.,DETECTE,HORS_UNIVERS_IDENTITE_INSUFFISANTE
2026-10-07,Bitcoin Group SE,ADE.SW,CHF,Suisse,140093113.59,EBS,Swiss,EQUITY,,Yahoo Finance / yfinance EquityQuery,2026-10-07,Détection mécanique 50-300 MEUR ; qualification SSI requise.,DETECTE,HORS_UNIVERS_IDENTITE_INSUFFISANTE
2026-10-07,AFRICA ENERGY CORP.,AEC.ST,SEK,Suède,56599794.71,STO,Stockholm,EQUITY,,Yahoo Finance / yfinance EquityQuery,2026-10-07,Détection mécanique 50-300 MEUR ; qualification SSI requise.,DETECTE,HORS_UNIVERS_IDENTITE_INSUFFISANTE
2026-10-07,Tingsvalvet Fastighets AB ser.,TINGS-B.ST,SEK,Suède,56956362.71,STO,Stockholm,EQUITY,,Yahoo Finance / yfinance EquityQuery,2026-10-07,Détection mécanique 50-300 MEUR ; qualification SSI requise.,DETECTE,HORS_UNIVERS_IDENTITE_INSUFFISANTE
2026-10-07,Nanoform Finland Oyj,NANOFS.ST,SEK,Suède,66784004.71,STO,Stockholm,EQUITY,,Yahoo Finance / yfinance EquityQuery,2026-10-07,Détection mécanique 50-300 MEUR ; qualification SSI requise.,DETECTE,HORS_UNIVERS_IDENTITE_INSUFFISANTE
2026-10-07,AAC Clyde Space AB,AAC.ST,SEK,Suède,72807175.57,STO,Stockholm,EQUITY,,Yahoo Finance / yfinance EquityQuery,2026-10-07,Détection mécanique 50-300 MEUR ; qualification SSI requise.,DETECTE,HORS_UNIVERS_IDENTITE_INSUFFISANTE
2026-10-07,Tingsvalvet Fastighets AB ser.,TINGS-A.ST,SEK,Suède,83029022.96,STO,Stockholm,EQUITY,,Yahoo Finance / yfinance EquityQuery,2026-10-07,Détection mécanique 50-300 MEUR ; qualification SSI requise.,DETECTE,HORS_UNIVERS_IDENTITE_INSUFFISANTE
2026-10-07,Infant Bacterial Therapeutics A,IBT-B.ST,SEK,Suède,88864211.72,STO,Stockholm,EQUITY,,Yahoo Finance / yfinance EquityQuery,2026-10-07,Détection mécanique 50-300 MEUR ; qualification SSI requise.,DETECTE,HORS_UNIVERS_IDENTITE_INSUFFISANTE
2026-10-07,PowerCell Sweden AB,PCELL.ST,SEK,Suède,95805723.4,STO,Stockholm,EQUITY,,Yahoo Finance / yfinance EquityQuery,2026-10-07,Détection mécanique 50-300 MEUR ; qualification SSI requise.,DETECTE,HORS_UNIVERS_IDENTITE_INSUFFISANTE
2026-10-07,Enad Global 7 AB,EG7.ST,SEK,Suède,119100187.0,STO,Stockholm,EQUITY,,Yahoo Finance / yfinance EquityQuery,2026-10-07,Détection mécanique 50-300 MEUR ; qualification SSI requise.,DETECTE,HORS_UNIVERS_IDENTITE_INSUFFISANTE
2026-10-07,Lucara Diamond Corp,LUC.ST,SEK,Suède,132194947.53,STO,Stockholm,EQUITY,,Yahoo Finance / yfinance EquityQuery,2026-10-07,Détection mécanique 50-300 MEUR ; qualification SSI requise.,DETECTE,HORS_UNIVERS_IDENTITE_INSUFFISANTE
2026-10-07,BioInvent International AB,BINV.ST,SEK,Suède,136015139.33,STO,Stockholm,EQUITY,,Yahoo Finance / yfinance EquityQuery,2026-10-07,Détection mécanique 50-300 MEUR ; qualification SSI requise.,DETECTE,HORS_UNIVERS_IDENTITE_INSUFFISANTE
2026-10-07,BICO Group AB,BICO.ST,SEK,Suède,136464330.01,STO,Stockholm,EQUITY,,Yahoo Finance / yfinance EquityQuery,2026-10-07,Détection mécanique 50-300 MEUR ; qualification SSI requise.,DETECTE,HORS_UNIVERS_IDENTITE_INSUFFISANTE
2026-10-07,Paxman AB,PAX.ST,SEK,Suède,137177636.7,STO,Stockholm,EQUITY,,Yahoo Finance / yfinance EquityQuery,2026-10-07,Détection mécanique 50-300 MEUR ; qualification SSI requise.,DETECTE,HORS_UNIVERS_IDENTITE_INSUFFISANTE
2026-10-07,Skyharbour Resources Ltd.,SYHBF,USD,USA,51093769.69,OQX,OTC Markets OTCQX,EQUITY,,Yahoo Finance / yfinance EquityQuery,2026-10-07,Détection mécanique 50-300 MEUR ; qualification SSI requise.,DETECTE,RESOLU_SECONDAIRE_OTC
2026-10-07,XXIX METAL CORP.,QCCUF,USD,USA,51166162.96,OQB,OTC Markets OTCQB,EQUITY,,Yahoo Finance / yfinance EquityQuery,2026-10-07,Détection mécanique 50-300 MEUR ; qualification SSI requise.,DETECTE,RESOLU_SECONDAIRE_OTC
2026-10-07,Critical Elements Lithium Corpo,CRECF,USD,USA,51548194.17,OQX,OTC Markets OTCQX,EQUITY,,Yahoo Finance / yfinance EquityQuery,2026-10-07,Détection mécanique 50-300 MEUR ; qualification SSI requise.,DETECTE,RESOLU_SECONDAIRE_OTC
2026-10-07,NORTHWEST COPPER CORP.,NWCCF,USD,USA,51593061.86,PNK,OTC Markets OTCPK,EQUITY,,Yahoo Finance / yfinance EquityQuery,2026-10-07,Détection mécanique 50-300 MEUR ; qualification SSI requise.,DETECTE,RESOLU_SECONDAIRE_OTC
2026-10-07,Zentek Ltd,ZTEKF,USD,USA,51644558.59,OQX,OTC Markets OTCQX,EQUITY,,Yahoo Finance / yfinance EquityQuery,2026-10-07,Détection mécanique 50-300 MEUR ; qualification SSI requise.,DETECTE,RESOLU_SECONDAIRE_OTC
2026-10-07,Edge Copper Corporation,PLLMF,USD,USA,52074716.91,PNK,OTC Markets OTCPK,EQUITY,,Yahoo Finance / yfinance EquityQuery,2026-10-07,Détection mécanique 50-300 MEUR ; qualification SSI requise.,DETECTE,RESOLU_SECONDAIRE_OTC
2026-10-07,JERICHO ENERGY VENTURES INC.,JROOF,USD,USA,53216221.74,OID,OTC Markets OTCID,EQUITY,,Yahoo Finance / yfinance EquityQuery,2026-10-07,Détection mécanique 50-300 MEUR ; qualification SSI requise.,DETECTE,RESOLU_SECONDAIRE_OTC
2026-10-07,Alterity Therapeutics Limited,ATHE,USD,USA,53556253.69,NCM,NasdaqCM,EQUITY,,Yahoo Finance / yfinance EquityQuery,2026-10-07,Détection mécanique 50-300 MEUR ; qualification SSI requise.,DETECTE,HORS_UNIVERS_IDENTITE_INSUFFISANTE
2026-10-07,Angkor Resources Corp.,ANKOF,USD,USA,53558610.28,OQB,OTC Markets OTCQB,EQUITY,,Yahoo Finance / yfinance EquityQuery,2026-10-07,Détection mécanique 50-300 MEUR ; qualification SSI requise.,DETECTE,RESOLU_SECONDAIRE_OTC
2026-10-07,PIRATE GOLD CORP.,YARRF,USD,USA,53730033.81,OQB,OTC Markets OTCQB,EQUITY,,Yahoo Finance / yfinance EquityQuery,2026-10-07,Détection mécanique 50-300 MEUR ; qualification SSI requise.,DETECTE,RESOLU_SECONDAIRE_OTC
2026-10-07,Pinetree Capital Ltd.,PNPFF,USD,USA,54385810.21,PNK,OTC Markets OTCPK,EQUITY,,Yahoo Finance / yfinance EquityQuery,2026-10-07,Détection mécanique 50-300 MEUR ; qualification SSI requise.,DETECTE,RESOLU_SECONDAIRE_OTC
2026-10-07,NexMetals Mining Corp.,NEXM,USD,USA,54896785.83,NCM,NasdaqCM,EQUITY,,Yahoo Finance / yfinance EquityQuery,2026-10-07,Détection mécanique 50-300 MEUR ; qualification SSI requise.,DETECTE,HORS_UNIVERS_IDENTITE_INSUFFISANTE
2026-10-07,IMPACT Silver Corp.,ISVLF,USD,USA,55907430.4,OQB,OTC Markets OTCQB,EQUITY,,Yahoo Finance / yfinance EquityQuery,2026-10-07,Détection mécanique 50-300 MEUR ; qualification SSI requise.,DETECTE,RESOLU_SECONDAIRE_OTC
2026-10-07,District Metals Corp.,DMXCF,USD,USA,55991034.38,OQX,OTC Markets OTCQX,EQUITY,,Yahoo Finance / yfinance EquityQuery,2026-10-07,Détection mécanique 50-300 MEUR ; qualification SSI requise.,DETECTE,RESOLU_SECONDAIRE_OTC
2026-10-07,Scorpio Gold Corp.,SRCRF,USD,USA,56137907.4,OQB,OTC Markets OTCQB,EQUITY,,Yahoo Finance / yfinance EquityQuery,2026-10-07,Détection mécanique 50-300 MEUR ; qualification SSI requise.,DETECTE,HORS_UNIVERS_IDENTITE_INSUFFISANTE
2026-10-07,SCANDIUM CANADA LTD.,SCDCF,USD,USA,56675452.46,PNK,OTC Markets OTCPK,EQUITY,,Yahoo Finance / yfinance EquityQuery,2026-10-07,Détection mécanique 50-300 MEUR ; qualification SSI requise.,DETECTE,RESOLU_SECONDAIRE_OTC
2026-10-07,Teuton Resources Corp.,TEUTF,USD,USA,56926946.86,OQB,OTC Markets OTCQB,EQUITY,,Yahoo Finance / yfinance EquityQuery,2026-10-07,Détection mécanique 50-300 MEUR ; qualification SSI requise.,DETECTE,RESOLU_SECONDAIRE_OTC
2026-10-07,"TriStar Gold, Inc.",TSGZF,USD,USA,57478521.29,OQB,OTC Markets OTCQB,EQUITY,,Yahoo Finance / yfinance EquityQuery,2026-10-07,Détection mécanique 50-300 MEUR ; qualification SSI requise.,DETECTE,RESOLU_SECONDAIRE_OTC
2026-10-07,AGRONOMICS LTD,AGNMF,USD,USA,57762194.04,PNK,OTC Markets OTCPK,EQUITY,,Yahoo Finance / yfinance EquityQuery,2026-10-07,Détection mécanique 50-300 MEUR ; qualification SSI requise.,DETECTE,HORS_UNIVERS_IDENTITE_INSUFFISANTE
2026-10-07,"BQE Water, Inc.",BTQNF,USD,USA,57802657.78,PNK,OTC Markets OTCPK,EQUITY,,Yahoo Finance / yfinance EquityQuery,2026-10-07,Détection mécanique 50-300 MEUR ; qualification SSI requise.,DETECTE,RESOLU_SECONDAIRE_OTC
2026-10-07,PARAGON ADVANCED LABS INC.,PAVLF,USD,USA,57863591.54,PNK,OTC Markets OTCPK,EQUITY,,Yahoo Finance / yfinance EquityQuery,2026-10-07,Détection mécanique 50-300 MEUR ; qualification SSI requise.,DETECTE,RESOLU_SECONDAIRE_OTC
2026-10-07,American Tungsten Corp.,TUNGF,USD,USA,58083483.42,OQX,OTC Markets OTCQX,EQUITY,,Yahoo Finance / yfinance EquityQuery,2026-10-07,Détection mécanique 50-300 MEUR ; qualification SSI requise.,DETECTE,RESOLU_SECONDAIRE_OTC
2026-10-07,Endurance Gold Corp.,ENDGF,USD,USA,58524760.03,OQB,OTC Markets OTCQB,EQUITY,,Yahoo Finance / yfinance EquityQuery,2026-10-07,Détection mécanique 50-300 MEUR ; qualification SSI requise.,DETECTE,RESOLU_SECONDAIRE_OTC
2026-10-07,West Vault Mining Inc.,WVMDF,USD,USA,58831444.21,OQX,OTC Markets OTCQX,EQUITY,,Yahoo Finance / yfinance EquityQuery,2026-10-07,Détection mécanique 50-300 MEUR ; qualification SSI requise.,DETECTE,RESOLU_SECONDAIRE_OTC
2026-10-07,Anfield Energy Inc.,AEC,USD,USA,59742507.6,NCM,NasdaqCM,EQUITY,,Yahoo Finance / yfinance EquityQuery,2026-10-07,Détection mécanique 50-300 MEUR ; qualification SSI requise.,DETECTE,HORS_UNIVERS_IDENTITE_INSUFFISANTE
2026-10-07,Creo Medical Group PLC,CMEOF,USD,USA,59866543.33,PNK,OTC Markets OTCPK,EQUITY,,Yahoo Finance / yfinance EquityQuery,2026-10-07,Détection mécanique 50-300 MEUR ; qualification SSI requise.,DETECTE,HORS_UNIVERS_IDENTITE_INSUFFISANTE
2026-10-07,Soma Gold Corp.,SMAGF,USD,USA,60331897.72,OQX,OTC Markets OTCQX,EQUITY,,Yahoo Finance / yfinance EquityQuery,2026-10-07,Détection mécanique 50-300 MEUR ; qualification SSI requise.,DETECTE,RESOLU_SECONDAIRE_OTC
2026-10-07,HOMELAND NICKEL INC.,SRCGF,USD,USA,60450445.4,OQB,OTC Markets OTCQB,EQUITY,,Yahoo Finance / yfinance EquityQuery,2026-10-07,Détection mécanique 50-300 MEUR ; qualification SSI requise.,DETECTE,RESOLU_SECONDAIRE_OTC
2026-10-07,Newcore Gold Ltd.,NCAUF,USD,USA,60649771.28,OQX,OTC Markets OTCQX,EQUITY,,Yahoo Finance / yfinance EquityQuery,2026-10-07,Détection mécanique 50-300 MEUR ; qualification SSI requise.,DETECTE,RESOLU_SECONDAIRE_OTC
2026-10-07,"Hannan Metals, Ltd.",HANNF,USD,USA,60770664.89,PNK,OTC Markets OTCPK,EQUITY,,Yahoo Finance / yfinance EquityQuery,2026-10-07,Détection mécanique 50-300 MEUR ; qualification SSI requise.,DETECTE,RESOLU_SECONDAIRE_OTC
2026-10-07,GOLD TERRA RESOURCE CORP.,YGTFF,USD,USA,61412326.61,OQB,OTC Markets OTCQB,EQUITY,,Yahoo Finance / yfinance EquityQuery,2026-10-07,Détection mécanique 50-300 MEUR ; qualification SSI requise.,DETECTE,RESOLU_SECONDAIRE_OTC
2026-10-07,Majestic Gold Corp.,MJGCF,USD,USA,61613714.07,PNK,OTC Markets OTCPK,EQUITY,,Yahoo Finance / yfinance EquityQuery,2026-10-07,Détection mécanique 50-300 MEUR ; qualification SSI requise.,DETECTE,RESOLU_SECONDAIRE_OTC
2026-10-07,FPX Nickel Corp.,FPOCF,USD,USA,61743344.49,OQX,OTC Markets OTCQX,EQUITY,,Yahoo Finance / yfinance EquityQuery,2026-10-07,Détection mécanique 50-300 MEUR ; qualification SSI requise.,DETECTE,RESOLU_SECONDAIRE_OTC
2026-10-07,GOODFELLOW INC,GFELF,USD,USA,62080433.36,PNK,OTC Markets OTCPK,EQUITY,,Yahoo Finance / yfinance EquityQuery,2026-10-07,Détection mécanique 50-300 MEUR ; qualification SSI requise.,DETECTE,RESOLU_SECONDAIRE_OTC
2026-10-07,DMG Blockchain Solutions Inc.,DMGGF,USD,USA,62595123.37,OQB,OTC Markets OTCQB,EQUITY,,Yahoo Finance / yfinance EquityQuery,2026-10-07,Détection mécanique 50-300 MEUR ; qualification SSI requise.,DETECTE,RESOLU_SECONDAIRE_OTC
2026-10-07,New Stratus Energy Inc.,RDRIF,USD,USA,62717424.54,PNK,OTC Markets OTCPK,EQUITY,,Yahoo Finance / yfinance EquityQuery,2026-10-07,Détection mécanique 50-300 MEUR ; qualification SSI requise.,DETECTE,RESOLU_SECONDAIRE_OTC
2026-10-07,Lithium Ionic Corp.,LTHCF,USD,USA,63116581.04,OQB,OTC Markets OTCQB,EQUITY,,Yahoo Finance / yfinance EquityQuery,2026-10-07,Détection mécanique 50-300 MEUR ; qualification SSI requise.,DETECTE,RESOLU_SECONDAIRE_OTC
2026-10-07,Nano One Materials Corp.,NNOMF,USD,USA,63575985.29,OQB,OTC Markets OTCQB,EQUITY,,Yahoo Finance / yfinance EquityQuery,2026-10-07,Détection mécanique 50-300 MEUR ; qualification SSI requise.,DETECTE,RESOLU_SECONDAIRE_OTC
2026-10-07,Asarian Energy Limited,FOSYF,USD,USA,63652149.83,PNK,OTC Markets OTCPK,EQUITY,,Yahoo Finance / yfinance EquityQuery,2026-10-07,Détection mécanique 50-300 MEUR ; qualification SSI requise.,DETECTE,RESOLU_SECONDAIRE_OTC
2026-10-07,Awale Resources Limited,AWLRF,USD,USA,63738423.2,OQX,OTC Markets OTCQX,EQUITY,,Yahoo Finance / yfinance EquityQuery,2026-10-07,Détection mécanique 50-300 MEUR ; qualification SSI requise.,DETECTE,RESOLU_SECONDAIRE_OTC
2026-10-07,Vizsla Copper Corp.,VCUFF,USD,USA,64043657.17,OQB,OTC Markets OTCQB,EQUITY,,Yahoo Finance / yfinance EquityQuery,2026-10-07,Détection mécanique 50-300 MEUR ; qualification SSI requise.,DETECTE,RESOLU_SECONDAIRE_OTC
2026-10-07,INTREPID METALS CORP.,IMTCF,USD,USA,64301986.76,OQB,OTC Markets OTCQB,EQUITY,,Yahoo Finance / yfinance EquityQuery,2026-10-07,Détection mécanique 50-300 MEUR ; qualification SSI requise.,DETECTE,RESOLU_SECONDAIRE_OTC
2026-10-07,Reitmans (Canada) Limited,RTMAF,USD,USA,64429413.43,PNK,OTC Markets OTCPK,EQUITY,,Yahoo Finance / yfinance EquityQuery,2026-10-07,Détection mécanique 50-300 MEUR ; qualification SSI requise.,DETECTE,RESOLU_SECONDAIRE_OTC
2026-10-07,REV Exploration Corp.,REVFF,USD,USA,64684735.96,OID,OTC Markets OTCID,EQUITY,,Yahoo Finance / yfinance EquityQuery,2026-10-07,Détection mécanique 50-300 MEUR ; qualification SSI requise.,DETECTE,RESOLU_SECONDAIRE_OTC
2026-10-07,American Lithium Corp.,AMLIF,USD,USA,64698548.51,OQX,OTC Markets OTCQX,EQUITY,,Yahoo Finance / yfinance EquityQuery,2026-10-07,Détection mécanique 50-300 MEUR ; qualification SSI requise.,DETECTE,RESOLU_SECONDAIRE_OTC
2026-10-07,"Ecosynthetix, Inc.",ECSNF,USD,USA,64773717.81,PNK,OTC Markets OTCPK,EQUITY,,Yahoo Finance / yfinance EquityQuery,2026-10-07,Détection mécanique 50-300 MEUR ; qualification SSI requise.,DETECTE,RESOLU_SECONDAIRE_OTC
2026-10-07,ALUULA COMPOSITES INC.,AUUAF,USD,USA,64975439.38,OQB,OTC Markets OTCQB,EQUITY,,Yahoo Finance / yfinance EquityQuery,2026-10-07,Détection mécanique 50-300 MEUR ; qualification SSI requise.,DETECTE,RESOLU_SECONDAIRE_OTC
2026-10-07,Emerita Resources Corp.,EMOTF,USD,USA,65763963.45,OQX,OTC Markets OTCQX,EQUITY,,Yahoo Finance / yfinance EquityQuery,2026-10-07,Détection mécanique 50-300 MEUR ; qualification SSI requise.,DETECTE,RESOLU_SECONDAIRE_OTC
2026-10-07,Alithya Group Inc.,ALYAF,USD,USA,66209860.83,PNK,OTC Markets OTCPK,EQUITY,,Yahoo Finance / yfinance EquityQuery,2026-10-07,Détection mécanique 50-300 MEUR ; qualification SSI requise.,DETECTE,RESOLU_SECONDAIRE_OTC
2026-10-07,CASCADIA MINERALS LTD,CAMNF,USD,USA,66495204.16,OQB,OTC Markets OTCQB,EQUITY,,Yahoo Finance / yfinance EquityQuery,2026-10-07,Détection mécanique 50-300 MEUR ; qualification SSI requise.,DETECTE,RESOLU_SECONDAIRE_OTC
2026-10-07,Covalon Technologies Ltd.,CVALF,USD,USA,66508000.15,OQX,OTC Markets OTCQX,EQUITY,,Yahoo Finance / yfinance EquityQuery,2026-10-07,Détection mécanique 50-300 MEUR ; qualification SSI requise.,DETECTE,RESOLU_SECONDAIRE_OTC
2026-10-07,Reitmans (Canada) Limited,RTMNF,USD,USA,67095449.54,PNK,OTC Markets OTCPK,EQUITY,,Yahoo Finance / yfinance EquityQuery,2026-10-07,Détection mécanique 50-300 MEUR ; qualification SSI requise.,DETECTE,RESOLU_SECONDAIRE_OTC
2026-10-07,Freeman Gold Corp.,FMANF,USD,USA,67225421.19,OQB,OTC Markets OTCQB,EQUITY,,Yahoo Finance / yfinance EquityQuery,2026-10-07,Détection mécanique 50-300 MEUR ; qualification SSI requise.,DETECTE,RESOLU_SECONDAIRE_OTC
2026-10-07,"Orosur Mining, Inc",OROXF,USD,USA,67905172.29,PNK,OTC Markets OTCPK,EQUITY,,Yahoo Finance / yfinance EquityQuery,2026-10-07,Détection mécanique 50-300 MEUR ; qualification SSI requise.,DETECTE,RESOLU_SECONDAIRE_OTC
2026-10-07,WESTERN BULK CHARTERING AS,WSSTF,USD,USA,68048935.17,PNK,OTC Markets OTCPK,EQUITY,,Yahoo Finance / yfinance EquityQuery,2026-10-07,Détection mécanique 50-300 MEUR ; qualification SSI requise.,DETECTE,HORS_UNIVERS_IDENTITE_INSUFFISANTE
2026-10-07,Midnight Sun Mining Corp,MDNGF,USD,USA,68109445.95,OQX,OTC Markets OTCQX,EQUITY,,Yahoo Finance / yfinance EquityQuery,2026-10-07,Détection mécanique 50-300 MEUR ; qualification SSI requise.,DETECTE,RESOLU_SECONDAIRE_OTC
2026-10-07,Africa Energy Corp.,HPMCF,USD,USA,69197879.44,PNK,OTC Markets OTCPK,EQUITY,,Yahoo Finance / yfinance EquityQuery,2026-10-07,Détection mécanique 50-300 MEUR ; qualification SSI requise.,DETECTE,RESOLU_SECONDAIRE_OTC
2026-10-07,Xtra-Gold Resources Corp.,XTGRF,USD,USA,69941667.33,OQB,OTC Markets OTCQB,EQUITY,,Yahoo Finance / yfinance EquityQuery,2026-10-07,Détection mécanique 50-300 MEUR ; qualification SSI requise.,DETECTE,RESOLU_SECONDAIRE_OTC
2026-10-07,"Kootenay Silver, Inc.",KOOYF,USD,USA,70279417.32,OQX,OTC Markets OTCQX,EQUITY,,Yahoo Finance / yfinance EquityQuery,2026-10-07,Détection mécanique 50-300 MEUR ; qualification SSI requise.,DETECTE,RESOLU_SECONDAIRE_OTC
2026-10-07,KP Tissue Inc,KPTSF,USD,USA,70873286.04,PNK,OTC Markets OTCPK,EQUITY,,Yahoo Finance / yfinance EquityQuery,2026-10-07,Détection mécanique 50-300 MEUR ; qualification SSI requise.,DETECTE,RESOLU_SECONDAIRE_OTC
2026-10-07,Inseego Corp.,INSG,USD,USA,70940088.18,NMS,NasdaqGS,EQUITY,,Yahoo Finance / yfinance EquityQuery,2026-10-07,Détection mécanique 50-300 MEUR ; qualification SSI requise.,DETECTE,HORS_UNIVERS_IDENTITE_INSUFFISANTE
2026-10-07,Excellon Resources Inc.,EXNRF,USD,USA,71134125.06,OQB,OTC Markets OTCQB,EQUITY,,Yahoo Finance / yfinance EquityQuery,2026-10-07,Détection mécanique 50-300 MEUR ; qualification SSI requise.,DETECTE,RESOLU_SECONDAIRE_OTC
2026-10-07,EUROAPI SA,EAPIF,USD,USA,71696160.21,PNK,OTC Markets OTCPK,EQUITY,,Yahoo Finance / yfinance EquityQuery,2026-10-07,Détection mécanique 50-300 MEUR ; qualification SSI requise.,DETECTE,HORS_UNIVERS_IDENTITE_INSUFFISANTE
2026-10-07,PAXMAN AB,PXMBF,USD,USA,72383468.04,PNK,OTC Markets OTCPK,EQUITY,,Yahoo Finance / yfinance EquityQuery,2026-10-07,Détection mécanique 50-300 MEUR ; qualification SSI requise.,DETECTE,HORS_UNIVERS_IDENTITE_INSUFFISANTE
2026-10-07,Canex Metals Inc.,NOMNF,USD,USA,72926543.81,PNK,OTC Markets OTCPK,EQUITY,,Yahoo Finance / yfinance EquityQuery,2026-10-07,Détection mécanique 50-300 MEUR ; qualification SSI requise.,DETECTE,RESOLU_SECONDAIRE_OTC
2026-10-07,Invesque Inc.,MHIVF,USD,USA,73058577.04,PNK,OTC Markets OTCPK,EQUITY,,Yahoo Finance / yfinance EquityQuery,2026-10-07,Détection mécanique 50-300 MEUR ; qualification SSI requise.,DETECTE,RESOLU_SECONDAIRE_OTC
2026-10-07,Western Energy Services Corp.,WEEEF,USD,USA,73099915.18,PNK,OTC Markets OTCPK,EQUITY,,Yahoo Finance / yfinance EquityQuery,2026-10-07,Détection mécanique 50-300 MEUR ; qualification SSI requise.,DETECTE,RESOLU_SECONDAIRE_OTC
2026-10-07,Argenta Silver Corp,AGAGF,USD,USA,74174081.14,OQX,OTC Markets OTCQX,EQUITY,,Yahoo Finance / yfinance EquityQuery,2026-10-07,Détection mécanique 50-300 MEUR ; qualification SSI requise.,DETECTE,RESOLU_SECONDAIRE_OTC
2026-10-07,Thinkific Labs Inc.,THNCF,USD,USA,74194611.59,PNK,OTC Markets OTCPK,EQUITY,,Yahoo Finance / yfinance EquityQuery,2026-10-07,Détection mécanique 50-300 MEUR ; qualification SSI requise.,DETECTE,RESOLU_SECONDAIRE_OTC
2026-10-07,"Cartier Resources, Inc.",ECRFF,USD,USA,74336689.66,OQB,OTC Markets OTCQB,EQUITY,,Yahoo Finance / yfinance EquityQuery,2026-10-07,Détection mécanique 50-300 MEUR ; qualification SSI requise.,DETECTE,RESOLU_SECONDAIRE_OTC
2026-10-07,Globex Mining Enterprises Inc.,GLBXF,USD,USA,74380786.04,OQX,OTC Markets OTCQX,EQUITY,,Yahoo Finance / yfinance EquityQuery,2026-10-07,Détection mécanique 50-300 MEUR ; qualification SSI requise.,DETECTE,RESOLU_SECONDAIRE_OTC
2026-10-07,Tecogen Inc.,TGEN,USD,USA,74574055.16,ASE,NYSE American,EQUITY,,Yahoo Finance / yfinance EquityQuery,2026-10-07,Détection mécanique 50-300 MEUR ; qualification SSI requise.,DETECTE,HORS_UNIVERS_IDENTITE_INSUFFISANTE
2026-10-07,Silver47 Exploration Corp.,AAGAF,USD,USA,74722602.32,OQX,OTC Markets OTCQX,EQUITY,,Yahoo Finance / yfinance EquityQuery,2026-10-07,Détection mécanique 50-300 MEUR ; qualification SSI requise.,DETECTE,RESOLU_SECONDAIRE_OTC
2026-10-07,Highland Copper Company Inc.,HDRSF,USD,USA,74779587.1,OQB,OTC Markets OTCQB,EQUITY,,Yahoo Finance / yfinance EquityQuery,2026-10-07,Détection mécanique 50-300 MEUR ; qualification SSI requise.,DETECTE,RESOLU_SECONDAIRE_OTC
2026-10-07,PesoRama Inc.,PSSOF,USD,USA,74797473.04,OQX,OTC Markets OTCQX,EQUITY,,Yahoo Finance / yfinance EquityQuery,2026-10-07,Détection mécanique 50-300 MEUR ; qualification SSI requise.,DETECTE,RESOLU_SECONDAIRE_OTC
2026-10-07,STILLWATER CRITICAL MINERALS CO,PGEZF,USD,USA,74894893.13,OQB,OTC Markets OTCQB,EQUITY,,Yahoo Finance / yfinance EquityQuery,2026-10-07,Détection mécanique 50-300 MEUR ; qualification SSI requise.,DETECTE,RESOLU_SECONDAIRE_OTC
2026-10-07,"Thunder Mountain Gold, Inc.",THMG,USD,USA,75126152.1,OQB,OTC Markets OTCQB,EQUITY,,Yahoo Finance / yfinance EquityQuery,2026-10-07,Détection mécanique 50-300 MEUR ; qualification SSI requise.,DETECTE,RESOLU_SECONDAIRE_OTC
2026-10-07,HLS Therapeutics Inc.,HLTRF,USD,USA,75595309.74,PNK,OTC Markets OTCPK,EQUITY,,Yahoo Finance / yfinance EquityQuery,2026-10-07,Détection mécanique 50-300 MEUR ; qualification SSI requise.,DETECTE,RESOLU_SECONDAIRE_OTC
2026-10-07,HUHUTECH International Group In,HUHU,USD,USA,76878633.17,NCM,NasdaqCM,EQUITY,,Yahoo Finance / yfinance EquityQuery,2026-10-07,Détection mécanique 50-300 MEUR ; qualification SSI requise.,DETECTE,HORS_UNIVERS_IDENTITE_INSUFFISANTE
2026-10-07,PROSPECTOR METALS CORP.,PMCOF,USD,USA,77627802.48,OQB,OTC Markets OTCQB,EQUITY,,Yahoo Finance / yfinance EquityQuery,2026-10-07,Détection mécanique 50-300 MEUR ; qualification SSI requise.,DETECTE,RESOLU_SECONDAIRE_OTC
2026-10-07,Alterity Therapeutics Limited,PRNAF,USD,USA,77664662.02,PNK,OTC Markets OTCPK,EQUITY,,Yahoo Finance / yfinance EquityQuery,2026-10-07,Détection mécanique 50-300 MEUR ; qualification SSI requise.,DETECTE,HORS_UNIVERS_IDENTITE_INSUFFISANTE
2026-10-07,Source Energy Services Ltd.,SCEYF,USD,USA,78594546.16,PNK,OTC Markets OTCPK,EQUITY,,Yahoo Finance / yfinance EquityQuery,2026-10-07,Détection mécanique 50-300 MEUR ; qualification SSI requise.,DETECTE,RESOLU_SECONDAIRE_OTC
2026-10-07,BUILDDIRECT COM TECHNOLOGIES IN,BDCTF,USD,USA,79057142.3,OQB,OTC Markets OTCQB,EQUITY,,Yahoo Finance / yfinance EquityQuery,2026-10-07,Détection mécanique 50-300 MEUR ; qualification SSI requise.,DETECTE,RESOLU_SECONDAIRE_OTC
2026-10-07,Sirios Resources Inc.,SIREF,USD,USA,79139242.75,OQB,OTC Markets OTCQB,EQUITY,,Yahoo Finance / yfinance EquityQuery,2026-10-07,Détection mécanique 50-300 MEUR ; qualification SSI requise.,DETECTE,RESOLU_SECONDAIRE_OTC
2026-10-07,APEX CRITICAL METALS CORP.,APXCF,USD,USA,79711564.46,OQX,OTC Markets OTCQX,EQUITY,,Yahoo Finance / yfinance EquityQuery,2026-10-07,Détection mécanique 50-300 MEUR ; qualification SSI requise.,DETECTE,HORS_UNIVERS_IDENTITE_INSUFFISANTE
2026-10-07,EKINOPS,EKNPF,USD,USA,80390163.91,PNK,OTC Markets OTCPK,EQUITY,,Yahoo Finance / yfinance EquityQuery,2026-10-07,Détection mécanique 50-300 MEUR ; qualification SSI requise.,DETECTE,HORS_UNIVERS_IDENTITE_INSUFFISANTE
2026-10-07,AAC CLYDE SPACE AB,ACCMF,USD,USA,81271473.08,OQX,OTC Markets OTCQX,EQUITY,,Yahoo Finance / yfinance EquityQuery,2026-10-07,Détection mécanique 50-300 MEUR ; qualification SSI requise.,DETECTE,HORS_UNIVERS_IDENTITE_INSUFFISANTE
2026-10-07,Western Asset Investment Grade,IGI,USD,USA,81647859.83,NYQ,NYSE,EQUITY,,Yahoo Finance / yfinance EquityQuery,2026-10-07,Détection mécanique 50-300 MEUR ; qualification SSI requise.,DETECTE,HORS_UNIVERS_IDENTITE_INSUFFISANTE
2026-10-07,Parkit Enterprise Inc.,PKTEF,USD,USA,81972529.49,PNK,OTC Markets OTCPK,EQUITY,,Yahoo Finance / yfinance EquityQuery,2026-10-07,Détection mécanique 50-300 MEUR ; qualification SSI requise.,DETECTE,RESOLU_SECONDAIRE_OTC
2026-10-07,Questerre Energy Corp.,QTEYF,USD,USA,84489243.58,PNK,OTC Markets OTCPK,EQUITY,,Yahoo Finance / yfinance EquityQuery,2026-10-07,Détection mécanique 50-300 MEUR ; qualification SSI requise.,DETECTE,RESOLU_SECONDAIRE_OTC
2026-10-07,GreenTree Hospitality Group Ltd,GHG,USD,USA,85202349.54,NYQ,NYSE,EQUITY,,Yahoo Finance / yfinance EquityQuery,2026-10-07,Détection mécanique 50-300 MEUR ; qualification SSI requise.,DETECTE,HORS_UNIVERS_IDENTITE_INSUFFISANTE
2026-10-07,Empress Royalty Corp.,EMPYF,USD,USA,85225289.89,OQX,OTC Markets OTCQX,EQUITY,,Yahoo Finance / yfinance EquityQuery,2026-10-07,Détection mécanique 50-300 MEUR ; qualification SSI requise.,DETECTE,RESOLU_SECONDAIRE_OTC
2026-10-07,Fury Gold Mines Limited,FURY,USD,USA,86132425.62,ASE,NYSE American,EQUITY,,Yahoo Finance / yfinance EquityQuery,2026-10-07,Détection mécanique 50-300 MEUR ; qualification SSI requise.,DETECTE,HORS_UNIVERS_IDENTITE_INSUFFISANTE
2026-10-07,Galway Metals Inc.,GAYMF,USD,USA,86328886.62,OQB,OTC Markets OTCQB,EQUITY,,Yahoo Finance / yfinance EquityQuery,2026-10-07,Détection mécanique 50-300 MEUR ; qualification SSI requise.,DETECTE,RESOLU_SECONDAIRE_OTC
2026-10-07,Cherry Hill Mortgage Investment,CHMI,USD,USA,86424671.67,NYQ,NYSE,EQUITY,,Yahoo Finance / yfinance EquityQuery,2026-10-07,Détection mécanique 50-300 MEUR ; qualification SSI requise.,DETECTE,HORS_UNIVERS_IDENTITE_INSUFFISANTE
2026-10-07,Ensurge Micropower ASA,ENMPF,USD,USA,86426178.75,PNK,OTC Markets OTCPK,EQUITY,,Yahoo Finance / yfinance EquityQuery,2026-10-07,Détection mécanique 50-300 MEUR ; qualification SSI requise.,DETECTE,HORS_UNIVERS_IDENTITE_INSUFFISANTE
2026-10-07,Adyton Resources Corporation,ADYRF,USD,USA,86812276.24,OQB,OTC Markets OTCQB,EQUITY,,Yahoo Finance / yfinance EquityQuery,2026-10-07,Détection mécanique 50-300 MEUR ; qualification SSI requise.,DETECTE,RESOLU_SECONDAIRE_OTC
2026-10-07,Norse Atlantic ASA,NRSAF,USD,USA,87875359.46,OQB,OTC Markets OTCQB,EQUITY,,Yahoo Finance / yfinance EquityQuery,2026-10-07,Détection mécanique 50-300 MEUR ; qualification SSI requise.,DETECTE,HORS_UNIVERS_IDENTITE_INSUFFISANTE
2026-10-07,AG Growth International Inc.,AGGZF,USD,USA,88920179.97,PNK,OTC Markets OTCPK,EQUITY,,Yahoo Finance / yfinance EquityQuery,2026-10-07,Détection mécanique 50-300 MEUR ; qualification SSI requise.,DETECTE,RESOLU_SECONDAIRE_OTC
2026-10-07,Nevgold Corp.,NAUFF,USD,USA,89406171.44,OQX,OTC Markets OTCQX,EQUITY,,Yahoo Finance / yfinance EquityQuery,2026-10-07,Détection mécanique 50-300 MEUR ; qualification SSI requise.,DETECTE,RESOLU_SECONDAIRE_OTC
2026-10-07,Spanish Mountain Gold Ltd.,SPAUF,USD,USA,90455022.68,OQB,OTC Markets OTCQB,EQUITY,,Yahoo Finance / yfinance EquityQuery,2026-10-07,Détection mécanique 50-300 MEUR ; qualification SSI requise.,DETECTE,RESOLU_SECONDAIRE_OTC
2026-10-07,iFabric Corp.,IFABF,USD,USA,90532175.36,OQX,OTC Markets OTCQX,EQUITY,,Yahoo Finance / yfinance EquityQuery,2026-10-07,Détection mécanique 50-300 MEUR ; qualification SSI requise.,DETECTE,RESOLU_SECONDAIRE_OTC
2026-10-07,EVOLUTION POWERX CORP.,ETOLF,USD,USA,90657696.85,OQB,OTC Markets OTCQB,EQUITY,,Yahoo Finance / yfinance EquityQuery,2026-10-07,Détection mécanique 50-300 MEUR ; qualification SSI requise.,DETECTE,RESOLU_SECONDAIRE_OTC
2026-10-07,Onyx Gold Corp,ONXGF,USD,USA,91801302.36,OQX,OTC Markets OTCQX,EQUITY,,Yahoo Finance / yfinance EquityQuery,2026-10-07,Détection mécanique 50-300 MEUR ; qualification SSI requise.,DETECTE,RESOLU_SECONDAIRE_OTC
2026-10-07,GR SILVER MINING LTD.,GRSLF,USD,USA,91839114.49,OQX,OTC Markets OTCQX,EQUITY,,Yahoo Finance / yfinance EquityQuery,2026-10-07,Détection mécanique 50-300 MEUR ; qualification SSI requise.,DETECTE,RESOLU_SECONDAIRE_OTC
2026-10-07,Trident Resources Corp.,TRDTF,USD,USA,91917262.41,OQB,OTC Markets OTCQB,EQUITY,,Yahoo Finance / yfinance EquityQuery,2026-10-07,Détection mécanique 50-300 MEUR ; qualification SSI requise.,DETECTE,RESOLU_SECONDAIRE_OTC
2026-10-07,SOUTHGOBI RESOURCES LTD,SGQRF,USD,USA,92097884.83,PNK,OTC Markets OTCPK,EQUITY,,Yahoo Finance / yfinance EquityQuery,2026-10-07,Détection mécanique 50-300 MEUR ; qualification SSI requise.,DETECTE,RESOLU_SECONDAIRE_OTC
2026-10-07,CoTec Holdings Corp.,CTHCF,USD,USA,92196086.89,OQX,OTC Markets OTCQX,EQUITY,,Yahoo Finance / yfinance EquityQuery,2026-10-07,Détection mécanique 50-300 MEUR ; qualification SSI requise.,DETECTE,RESOLU_SECONDAIRE_OTC
2026-10-07,Silver One Resources Inc.,SLVRF,USD,USA,92354344.78,OQX,OTC Markets OTCQX,EQUITY,,Yahoo Finance / yfinance EquityQuery,2026-10-07,Détection mécanique 50-300 MEUR ; qualification SSI requise.,DETECTE,RESOLU_SECONDAIRE_OTC
2026-10-07,Oroco Resource Corp.,ORRCF,USD,USA,92686748.89,OQB,OTC Markets OTCQB,EQUITY,,Yahoo Finance / yfinance EquityQuery,2026-10-07,Détection mécanique 50-300 MEUR ; qualification SSI requise.,DETECTE,RESOLU_SECONDAIRE_OTC
2026-10-07,Medexus Pharmaceuticals Inc,MEDXF,USD,USA,94946512.52,OQX,OTC Markets OTCQX,EQUITY,,Yahoo Finance / yfinance EquityQuery,2026-10-07,Détection mécanique 50-300 MEUR ; qualification SSI requise.,DETECTE,RESOLU_SECONDAIRE_OTC
2026-10-07,Summit Royalties Ltd,SUMMF,USD,USA,95129082.77,OQX,OTC Markets OTCQX,EQUITY,,Yahoo Finance / yfinance EquityQuery,2026-10-07,Détection mécanique 50-300 MEUR ; qualification SSI requise.,DETECTE,RESOLU_SECONDAIRE_OTC
2026-10-07,Valor Gold Corp.,VLGDF,USD,USA,95303420.94,OQB,OTC Markets OTCQB,EQUITY,,Yahoo Finance / yfinance EquityQuery,2026-10-07,Détection mécanique 50-300 MEUR ; qualification SSI requise.,DETECTE,RESOLU_SECONDAIRE_OTC
2026-10-07,Tucows Inc.,TCX,USD,USA,95490114.35,NCM,NasdaqCM,EQUITY,,Yahoo Finance / yfinance EquityQuery,2026-10-07,Détection mécanique 50-300 MEUR ; qualification SSI requise.,DETECTE,HORS_UNIVERS_IDENTITE_INSUFFISANTE
2026-10-07,Western Asset Investment Grade,PAI,USD,USA,95629135.6,NYQ,NYSE,EQUITY,,Yahoo Finance / yfinance EquityQuery,2026-10-07,Détection mécanique 50-300 MEUR ; qualification SSI requise.,DETECTE,HORS_UNIVERS_IDENTITE_INSUFFISANTE
2026-10-07,Nicola Mining Inc.,HUSIF,USD,USA,95640374.74,OQB,OTC Markets OTCQB,EQUITY,,Yahoo Finance / yfinance EquityQuery,2026-10-07,Détection mécanique 50-300 MEUR ; qualification SSI requise.,DETECTE,RESOLU_SECONDAIRE_OTC
2026-10-07,AIRTIFICIAL INTELLIGENCE STRUCT,AITLF,USD,USA,96225122.76,PNK,OTC Markets OTCPK,EQUITY,,Yahoo Finance / yfinance EquityQuery,2026-10-07,Détection mécanique 50-300 MEUR ; qualification SSI requise.,DETECTE,HORS_UNIVERS_IDENTITE_INSUFFISANTE
2026-10-07,Laramide Resources Ltd.,LMRXF,USD,USA,96254155.43,OQX,OTC Markets OTCQX,EQUITY,,Yahoo Finance / yfinance EquityQuery,2026-10-07,Détection mécanique 50-300 MEUR ; qualification SSI requise.,DETECTE,RESOLU_SECONDAIRE_OTC
2026-10-07,MINAURUM SILVER INC,MMRGF,USD,USA,96599810.5,OQX,OTC Markets OTCQX,EQUITY,,Yahoo Finance / yfinance EquityQuery,2026-10-07,Détection mécanique 50-300 MEUR ; qualification SSI requise.,DETECTE,RESOLU_SECONDAIRE_OTC
2026-10-07,Dirtt Environmental Solutions L,DRTTF,USD,USA,97928780.05,OQX,OTC Markets OTCQX,EQUITY,,Yahoo Finance / yfinance EquityQuery,2026-10-07,Détection mécanique 50-300 MEUR ; qualification SSI requise.,DETECTE,RESOLU_SECONDAIRE_OTC
2026-10-07,RUA GOLD INC.,NZAUF,USD,USA,98185758.95,OQX,OTC Markets OTCQX,EQUITY,,Yahoo Finance / yfinance EquityQuery,2026-10-07,Détection mécanique 50-300 MEUR ; qualification SSI requise.,DETECTE,RESOLU_SECONDAIRE_OTC
2026-10-07,Fitzroy Minerals Inc.,FTZFF,USD,USA,98675383.05,OQX,OTC Markets OTCQX,EQUITY,,Yahoo Finance / yfinance EquityQuery,2026-10-07,Détection mécanique 50-300 MEUR ; qualification SSI requise.,DETECTE,RESOLU_SECONDAIRE_OTC
2026-10-07,Pulse Seismic Inc.,PLSDF,USD,USA,99595257.89,OQX,OTC Markets OTCQX,EQUITY,,Yahoo Finance / yfinance EquityQuery,2026-10-07,Détection mécanique 50-300 MEUR ; qualification SSI requise.,DETECTE,RESOLU_SECONDAIRE_OTC
2026-10-07,FLINT CORP.,NWPIF,USD,USA,99703163.57,PNK,OTC Markets OTCPK,EQUITY,,Yahoo Finance / yfinance EquityQuery,2026-10-07,Détection mécanique 50-300 MEUR ; qualification SSI requise.,DETECTE,RESOLU_SECONDAIRE_OTC
2026-10-07,MCRAE INDUSTRIES INC,MCRAB,USD,USA,99979108.96,OID,OTC Markets OTCID,EQUITY,,Yahoo Finance / yfinance EquityQuery,2026-10-07,Détection mécanique 50-300 MEUR ; qualification SSI requise.,DETECTE,HORS_UNIVERS_IDENTITE_INSUFFISANTE
2026-10-07,Bunker Hill Mining Corp.,BHLL,USD,USA,100051491.58,OQB,OTC Markets OTCQB,EQUITY,,Yahoo Finance / yfinance EquityQuery,2026-10-07,Détection mécanique 50-300 MEUR ; qualification SSI requise.,DETECTE,RESOLU_SECONDAIRE_OTC
2026-10-07,Roots Corporation,RROTF,USD,USA,100313261.86,PNK,OTC Markets OTCPK,EQUITY,,Yahoo Finance / yfinance EquityQuery,2026-10-07,Détection mécanique 50-300 MEUR ; qualification SSI requise.,DETECTE,RESOLU_SECONDAIRE_OTC
2026-10-07,Yangarra Resources Ltd.,YGRAF,USD,USA,100401269.8,OQX,OTC Markets OTCQX,EQUITY,,Yahoo Finance / yfinance EquityQuery,2026-10-07,Détection mécanique 50-300 MEUR ; qualification SSI requise.,DETECTE,RESOLU_SECONDAIRE_OTC
2026-10-07,Apollo Silver Corp.,APGOF,USD,USA,100499308.36,OQB,OTC Markets OTCQB,EQUITY,,Yahoo Finance / yfinance EquityQuery,2026-10-07,Détection mécanique 50-300 MEUR ; qualification SSI requise.,DETECTE,RESOLU_SECONDAIRE_OTC
2026-10-07,Kingfisher Metals Corp.,KGFMF,USD,USA,100723159.88,OQX,OTC Markets OTCQX,EQUITY,,Yahoo Finance / yfinance EquityQuery,2026-10-07,Détection mécanique 50-300 MEUR ; qualification SSI requise.,DETECTE,RESOLU_SECONDAIRE_OTC
2026-10-07,Wallbridge Mining Company Ltd.,WLBMF,USD,USA,100868515.14,OQB,OTC Markets OTCQB,EQUITY,,Yahoo Finance / yfinance EquityQuery,2026-10-07,Détection mécanique 50-300 MEUR ; qualification SSI requise.,DETECTE,RESOLU_SECONDAIRE_OTC
2026-10-07,Falcon Energy Materials plc,FLCNF,USD,USA,101745615.85,OQB,OTC Markets OTCQB,EQUITY,,Yahoo Finance / yfinance EquityQuery,2026-10-07,Détection mécanique 50-300 MEUR ; qualification SSI requise.,DETECTE,RESOLU_SECONDAIRE_OTC
2026-10-07,"McRae Industries, Inc.",MCRAA,USD,USA,103298415.6,OID,OTC Markets OTCID,EQUITY,,Yahoo Finance / yfinance EquityQuery,2026-10-07,Détection mécanique 50-300 MEUR ; qualification SSI requise.,DETECTE,HORS_UNIVERS_IDENTITE_INSUFFISANTE
2026-10-07,Western Forest Products Inc.,WFSTF,USD,USA,103953740.58,PNK,OTC Markets OTCPK,EQUITY,,Yahoo Finance / yfinance EquityQuery,2026-10-07,Détection mécanique 50-300 MEUR ; qualification SSI requise.,DETECTE,RESOLU_SECONDAIRE_OTC
2026-10-07,Goldmoney Inc.,XAUMF,USD,USA,105933336.14,PNK,OTC Markets OTCPK,EQUITY,,Yahoo Finance / yfinance EquityQuery,2026-10-07,Détection mécanique 50-300 MEUR ; qualification SSI requise.,DETECTE,RESOLU_SECONDAIRE_OTC
2026-10-07,Tsakos Energy Navigation Ltd Se,TEN-PE,USD,USA,107962779.17,NYQ,NYSE,EQUITY,,Yahoo Finance / yfinance EquityQuery,2026-10-07,Détection mécanique 50-300 MEUR ; qualification SSI requise.,DETECTE,HORS_UNIVERS_IDENTITE_INSUFFISANTE
2026-10-07,West Point Gold Corp.,WPGCF,USD,USA,108157171.49,OQX,OTC Markets OTCQX,EQUITY,,Yahoo Finance / yfinance EquityQuery,2026-10-07,Détection mécanique 50-300 MEUR ; qualification SSI requise.,DETECTE,RESOLU_SECONDAIRE_OTC
2026-10-07,Big Ridge Gold Corp.,ALVLF,USD,USA,108929394.9,OQB,OTC Markets OTCQB,EQUITY,,Yahoo Finance / yfinance EquityQuery,2026-10-07,Détection mécanique 50-300 MEUR ; qualification SSI requise.,DETECTE,RESOLU_SECONDAIRE_OTC
2026-10-07,ATLAS SALT INC.,SALQF,USD,USA,109357712.02,OQX,OTC Markets OTCQX,EQUITY,,Yahoo Finance / yfinance EquityQuery,2026-10-07,Détection mécanique 50-300 MEUR ; qualification SSI requise.,DETECTE,RESOLU_SECONDAIRE_OTC
2026-10-07,Tiny Ltd.,TNYZF,USD,USA,109916043.44,OQX,OTC Markets OTCQX,EQUITY,,Yahoo Finance / yfinance EquityQuery,2026-10-07,Détection mécanique 50-300 MEUR ; qualification SSI requise.,DETECTE,RESOLU_SECONDAIRE_OTC
2026-10-07,POWERCELL SWEDEN AB,PCELF,USD,USA,110593960.45,PNK,OTC Markets OTCPK,EQUITY,,Yahoo Finance / yfinance EquityQuery,2026-10-07,Détection mécanique 50-300 MEUR ; qualification SSI requise.,DETECTE,HORS_UNIVERS_IDENTITE_INSUFFISANTE
2026-10-07,Falco Resources Ltd.,FPRGF,USD,USA,111247614.84,PNK,OTC Markets OTCPK,EQUITY,,Yahoo Finance / yfinance EquityQuery,2026-10-07,Détection mécanique 50-300 MEUR ; qualification SSI requise.,DETECTE,RESOLU_SECONDAIRE_OTC
2026-10-07,Lahontan Gold Corp.,LGCXF,USD,USA,111993307.91,OQB,OTC Markets OTCQB,EQUITY,,Yahoo Finance / yfinance EquityQuery,2026-10-07,Détection mécanique 50-300 MEUR ; qualification SSI requise.,DETECTE,RESOLU_SECONDAIRE_OTC
2026-10-07,Graphite One Inc.,GPHOF,USD,USA,112342951.06,OQX,OTC Markets OTCQX,EQUITY,,Yahoo Finance / yfinance EquityQuery,2026-10-07,Détection mécanique 50-300 MEUR ; qualification SSI requise.,DETECTE,RESOLU_SECONDAIRE_OTC
2026-10-07,Patagonia Gold Corp.,HGLD,USD,USA,112704984.98,PNK,OTC Markets OTCPK,EQUITY,,Yahoo Finance / yfinance EquityQuery,2026-10-07,Détection mécanique 50-300 MEUR ; qualification SSI requise.,DETECTE,RESOLU_SECONDAIRE_OTC
2026-10-07,Galleon Gold Corp.,GGOXF,USD,USA,112951236.58,OQX,OTC Markets OTCQX,EQUITY,,Yahoo Finance / yfinance EquityQuery,2026-10-07,Détection mécanique 50-300 MEUR ; qualification SSI requise.,DETECTE,RESOLU_SECONDAIRE_OTC
2026-10-07,ARRAS MINERALS CORP.,ARRKF,USD,USA,113583550.12,OQB,OTC Markets OTCQB,EQUITY,,Yahoo Finance / yfinance EquityQuery,2026-10-07,Détection mécanique 50-300 MEUR ; qualification SSI requise.,DETECTE,RESOLU_SECONDAIRE_OTC
2026-10-07,Oceanic Iron Ore Corp.,FEOVF,USD,USA,113866725.24,OQX,OTC Markets OTCQX,EQUITY,,Yahoo Finance / yfinance EquityQuery,2026-10-07,Détection mécanique 50-300 MEUR ; qualification SSI requise.,DETECTE,RESOLU_SECONDAIRE_OTC
2026-10-07,Kenorland Minerals Ltd.,KLDCF,USD,USA,114352965.52,OQX,OTC Markets OTCQX,EQUITY,,Yahoo Finance / yfinance EquityQuery,2026-10-07,Détection mécanique 50-300 MEUR ; qualification SSI requise.,DETECTE,RESOLU_SECONDAIRE_OTC
2026-10-07,Hydreight Technologies Inc,HYDTF,USD,USA,114463131.83,OQB,OTC Markets OTCQB,EQUITY,,Yahoo Finance / yfinance EquityQuery,2026-10-07,Détection mécanique 50-300 MEUR ; qualification SSI requise.,DETECTE,RESOLU_SECONDAIRE_OTC
2026-10-07,Currency Exchange International,CURN,USD,USA,114586613.07,OQX,OTC Markets OTCQX,EQUITY,,Yahoo Finance / yfinance EquityQuery,2026-10-07,Détection mécanique 50-300 MEUR ; qualification SSI requise.,DETECTE,RESOLU_SECONDAIRE_OTC
2026-10-07,Eloro Resources Ltd.,ELRRF,USD,USA,115910400.25,OQX,OTC Markets OTCQX,EQUITY,,Yahoo Finance / yfinance EquityQuery,2026-10-07,Détection mécanique 50-300 MEUR ; qualification SSI requise.,DETECTE,RESOLU_SECONDAIRE_OTC
2026-10-07,Lavras Gold Corp.,LGCFF,USD,USA,116162388.71,OQX,OTC Markets OTCQX,EQUITY,,Yahoo Finance / yfinance EquityQuery,2026-10-07,Détection mécanique 50-300 MEUR ; qualification SSI requise.,DETECTE,RESOLU_SECONDAIRE_OTC
2026-10-07,Gatekeeper Systems Inc.,GKPRF,USD,USA,116342207.83,PNK,OTC Markets OTCPK,EQUITY,,Yahoo Finance / yfinance EquityQuery,2026-10-07,Détection mécanique 50-300 MEUR ; qualification SSI requise.,DETECTE,RESOLU_SECONDAIRE_OTC
2026-10-07,BioSyent Inc.,BIOYF,USD,USA,117578122.14,PNK,OTC Markets OTCPK,EQUITY,,Yahoo Finance / yfinance EquityQuery,2026-10-07,Détection mécanique 50-300 MEUR ; qualification SSI requise.,DETECTE,RESOLU_SECONDAIRE_OTC
2026-10-07,Ryde Group Ltd.,RYDE,USD,USA,118463618.44,ASE,NYSE American,EQUITY,,Yahoo Finance / yfinance EquityQuery,2026-10-07,Détection mécanique 50-300 MEUR ; qualification SSI requise.,DETECTE,HORS_UNIVERS_IDENTITE_INSUFFISANTE
2026-10-07,Li-Ft Power Ltd.,LIFFF,USD,USA,119438167.67,OQX,OTC Markets OTCQX,EQUITY,,Yahoo Finance / yfinance EquityQuery,2026-10-07,Détection mécanique 50-300 MEUR ; qualification SSI requise.,DETECTE,RESOLU_SECONDAIRE_OTC
2026-10-07,Organigram Global Inc.,OGI,USD,USA,120300318.41,NMS,NasdaqGS,EQUITY,,Yahoo Finance / yfinance EquityQuery,2026-10-07,Détection mécanique 50-300 MEUR ; qualification SSI requise.,DETECTE,HORS_UNIVERS_IDENTITE_INSUFFISANTE
2026-10-07,Surge Copper Corp.,SRGXF,USD,USA,120301996.1,OQB,OTC Markets OTCQB,EQUITY,,Yahoo Finance / yfinance EquityQuery,2026-10-07,Détection mécanique 50-300 MEUR ; qualification SSI requise.,DETECTE,RESOLU_SECONDAIRE_OTC
2026-10-07,Pine Cliff Energy Ltd.,PIFYF,USD,USA,120804337.99,OQX,OTC Markets OTCQX,EQUITY,,Yahoo Finance / yfinance EquityQuery,2026-10-07,Détection mécanique 50-300 MEUR ; qualification SSI requise.,DETECTE,RESOLU_SECONDAIRE_OTC
2026-10-07,BEYOND OIL LTD.,BEOLF,USD,USA,121220790.39,OQB,OTC Markets OTCQB,EQUITY,,Yahoo Finance / yfinance EquityQuery,2026-10-07,Détection mécanique 50-300 MEUR ; qualification SSI requise.,DETECTE,RESOLU_SECONDAIRE_OTC
2026-10-07,Talisker Resources Ltd.,TSKFF,USD,USA,121621702.78,OQX,OTC Markets OTCQX,EQUITY,,Yahoo Finance / yfinance EquityQuery,2026-10-07,Détection mécanique 50-300 MEUR ; qualification SSI requise.,DETECTE,RESOLU_SECONDAIRE_OTC
2026-10-07,Mega Uranium Ltd.,MGAFF,USD,USA,121761449.14,PNK,OTC Markets OTCPK,EQUITY,,Yahoo Finance / yfinance EquityQuery,2026-10-07,Détection mécanique 50-300 MEUR ; qualification SSI requise.,DETECTE,RESOLU_SECONDAIRE_OTC
2026-10-07,Southern Silver Exploration Cor,SSVFF,USD,USA,122116850.48,OQX,OTC Markets OTCQX,EQUITY,,Yahoo Finance / yfinance EquityQuery,2026-10-07,Détection mécanique 50-300 MEUR ; qualification SSI requise.,DETECTE,RESOLU_SECONDAIRE_OTC
2026-10-07,Jutal Offshore Oil Service Ltd.,JUTOY,USD,USA,122512232.17,PNK,OTC Markets OTCPK,EQUITY,,Yahoo Finance / yfinance EquityQuery,2026-10-07,Détection mécanique 50-300 MEUR ; qualification SSI requise.,DETECTE,HORS_UNIVERS_IDENTITE_INSUFFISANTE
2026-10-07,Selkirk Copper Mines Inc.,SKRKF,USD,USA,123793110.14,OQX,OTC Markets OTCQX,EQUITY,,Yahoo Finance / yfinance EquityQuery,2026-10-07,Détection mécanique 50-300 MEUR ; qualification SSI requise.,DETECTE,RESOLU_SECONDAIRE_OTC
2026-10-07,Black Mammoth Metals Corp,LQRCF,USD,USA,124791737.15,PNK,OTC Markets OTCPK,EQUITY,,Yahoo Finance / yfinance EquityQuery,2026-10-07,Détection mécanique 50-300 MEUR ; qualification SSI requise.,DETECTE,RESOLU_SECONDAIRE_OTC
2026-10-07,Silver Mountain Resources Inc.,AGMRF,USD,USA,125801525.11,OQB,OTC Markets OTCQB,EQUITY,,Yahoo Finance / yfinance EquityQuery,2026-10-07,Détection mécanique 50-300 MEUR ; qualification SSI requise.,DETECTE,RESOLU_SECONDAIRE_OTC
2026-10-07,Honey Badger Silver Inc.,HBEIF,USD,USA,125885807.99,OQB,OTC Markets OTCQB,EQUITY,,Yahoo Finance / yfinance EquityQuery,2026-10-07,Détection mécanique 50-300 MEUR ; qualification SSI requise.,DETECTE,RESOLU_SECONDAIRE_OTC
2026-10-07,AmeriTrust Financial Technologi,AMTFF,USD,USA,126575653.69,OQB,OTC Markets OTCQB,EQUITY,,Yahoo Finance / yfinance EquityQuery,2026-10-07,Détection mécanique 50-300 MEUR ; qualification SSI requise.,DETECTE,RESOLU_SECONDAIRE_OTC
2026-10-07,Aftermath Silver Ltd.,AAGFF,USD,USA,127518191.64,OQX,OTC Markets OTCQX,EQUITY,,Yahoo Finance / yfinance EquityQuery,2026-10-07,Détection mécanique 50-300 MEUR ; qualification SSI requise.,DETECTE,RESOLU_SECONDAIRE_OTC
2026-10-07,STLLR GOLD INC.,STLRF,USD,USA,128090627.08,OQX,OTC Markets OTCQX,EQUITY,,Yahoo Finance / yfinance EquityQuery,2026-10-07,Détection mécanique 50-300 MEUR ; qualification SSI requise.,DETECTE,RESOLU_SECONDAIRE_OTC
2026-10-07,Jutal Offshore Oil Service Ltd.,JUTOF,USD,USA,128273026.72,PNK,OTC Markets OTCPK,EQUITY,,Yahoo Finance / yfinance EquityQuery,2026-10-07,Détection mécanique 50-300 MEUR ; qualification SSI requise.,DETECTE,HORS_UNIVERS_IDENTITE_INSUFFISANTE
2026-10-07,Greenland Resources Inc.,GRLRF,USD,USA,128568727.69,OQX,OTC Markets OTCQX,EQUITY,,Yahoo Finance / yfinance EquityQuery,2026-10-07,Détection mécanique 50-300 MEUR ; qualification SSI requise.,DETECTE,HORS_UNIVERS_IDENTITE_INSUFFISANTE
2026-10-07,Nyxoah SA,NYXH,USD,USA,129409608.66,NGM,NasdaqGM,EQUITY,,Yahoo Finance / yfinance EquityQuery,2026-10-07,Détection mécanique 50-300 MEUR ; qualification SSI requise.,DETECTE,HORS_UNIVERS_IDENTITE_INSUFFISANTE
2026-10-07,AURO METALS INC.,AURFF,USD,USA,130506437.73,OQB,OTC Markets OTCQB,EQUITY,,Yahoo Finance / yfinance EquityQuery,2026-10-07,Détection mécanique 50-300 MEUR ; qualification SSI requise.,DETECTE,RESOLU_SECONDAIRE_OTC
2026-10-07,Lucara Diamond Corp.,LUCRF,USD,USA,130675245.19,PNK,OTC Markets OTCPK,EQUITY,,Yahoo Finance / yfinance EquityQuery,2026-10-07,Détection mécanique 50-300 MEUR ; qualification SSI requise.,DETECTE,RESOLU_SECONDAIRE_OTC
2026-10-07,Maple Gold Mines Ltd.,MGMLF,USD,USA,130696315.91,OQX,OTC Markets OTCQX,EQUITY,,Yahoo Finance / yfinance EquityQuery,2026-10-07,Détection mécanique 50-300 MEUR ; qualification SSI requise.,DETECTE,RESOLU_SECONDAIRE_OTC
2026-10-07,Group Eleven Resources Corp.,GRLVF,USD,USA,131103668.95,OQB,OTC Markets OTCQB,EQUITY,,Yahoo Finance / yfinance EquityQuery,2026-10-07,Détection mécanique 50-300 MEUR ; qualification SSI requise.,DETECTE,RESOLU_SECONDAIRE_OTC
2026-10-07,AMERICAN EAGLE GOLD CORP.,AMEGF,USD,USA,131395943.44,OQB,OTC Markets OTCQB,EQUITY,,Yahoo Finance / yfinance EquityQuery,2026-10-07,Détection mécanique 50-300 MEUR ; qualification SSI requise.,DETECTE,RESOLU_SECONDAIRE_OTC
2026-10-07,GOLCONDA GOLD LTD.,GGGOF,USD,USA,131971748.49,OQX,OTC Markets OTCQX,EQUITY,,Yahoo Finance / yfinance EquityQuery,2026-10-07,Détection mécanique 50-300 MEUR ; qualification SSI requise.,DETECTE,RESOLU_SECONDAIRE_OTC
2026-10-07,BITCOIN GROUP SE,BTGGF,USD,USA,133291497.82,PNK,OTC Markets OTCPK,EQUITY,,Yahoo Finance / yfinance EquityQuery,2026-10-07,Détection mécanique 50-300 MEUR ; qualification SSI requise.,DETECTE,HORS_UNIVERS_IDENTITE_INSUFFISANTE
2026-10-07,Cannara Biotech Inc.,LOVFF,USD,USA,134301555.91,OQX,OTC Markets OTCQX,EQUITY,,Yahoo Finance / yfinance EquityQuery,2026-10-07,Détection mécanique 50-300 MEUR ; qualification SSI requise.,DETECTE,RESOLU_SECONDAIRE_OTC
2026-10-07,Akita Drilling Ltd.,AKTAF,USD,USA,134370412.52,PNK,OTC Markets OTCPK,EQUITY,,Yahoo Finance / yfinance EquityQuery,2026-10-07,Détection mécanique 50-300 MEUR ; qualification SSI requise.,DETECTE,RESOLU_SECONDAIRE_OTC
2026-10-07,Dynacor Group Inc.,DNGDF,USD,USA,134566702.91,PNK,OTC Markets OTCPK,EQUITY,,Yahoo Finance / yfinance EquityQuery,2026-10-07,Détection mécanique 50-300 MEUR ; qualification SSI requise.,DETECTE,RESOLU_SECONDAIRE_OTC
2026-10-07,Revival Gold Inc.,RVLGF,USD,USA,135748909.64,OQX,OTC Markets OTCQX,EQUITY,,Yahoo Finance / yfinance EquityQuery,2026-10-07,Détection mécanique 50-300 MEUR ; qualification SSI requise.,DETECTE,RESOLU_SECONDAIRE_OTC
2026-10-07,King Copper Discovery Corp.,TBXXF,USD,USA,137410325.96,OQB,OTC Markets OTCQB,EQUITY,,Yahoo Finance / yfinance EquityQuery,2026-10-07,Détection mécanique 50-300 MEUR ; qualification SSI requise.,DETECTE,RESOLU_SECONDAIRE_OTC
2026-10-07,Bonterra Energy Corp.,BNEFF,USD,USA,137909454.63,OID,OTC Markets OTCID,EQUITY,,Yahoo Finance / yfinance EquityQuery,2026-10-07,Détection mécanique 50-300 MEUR ; qualification SSI requise.,DETECTE,RESOLU_SECONDAIRE_OTC
2026-10-07,Helius Minerals Limited,HHHXF,USD,USA,138093233.39,PNK,OTC Markets OTCPK,EQUITY,,Yahoo Finance / yfinance EquityQuery,2026-10-07,Détection mécanique 50-300 MEUR ; qualification SSI requise.,DETECTE,RESOLU_SECONDAIRE_OTC
2026-10-07,Enad Global 7 AB,ENADF,USD,USA,138404659.2,PNK,OTC Markets OTCPK,EQUITY,,Yahoo Finance / yfinance EquityQuery,2026-10-07,Détection mécanique 50-300 MEUR ; qualification SSI requise.,DETECTE,HORS_UNIVERS_IDENTITE_INSUFFISANTE
2026-10-07,Chesapeake Gold Corp.,CHPGF,USD,USA,138692270.27,OQX,OTC Markets OTCQX,EQUITY,,Yahoo Finance / yfinance EquityQuery,2026-10-07,Détection mécanique 50-300 MEUR ; qualification SSI requise.,DETECTE,RESOLU_SECONDAIRE_OTC
2026-10-07,NORSK TITANIUM AS,NORSF,USD,USA,138785936.87,OQX,OTC Markets OTCQX,EQUITY,,Yahoo Finance / yfinance EquityQuery,2026-10-07,Détection mécanique 50-300 MEUR ; qualification SSI requise.,DETECTE,HORS_UNIVERS_IDENTITE_INSUFFISANTE
2026-10-07,LibertyStream Infrastructure Pa,VLTLF,USD,USA,139203896.35,OQB,OTC Markets OTCQB,EQUITY,,Yahoo Finance / yfinance EquityQuery,2026-10-07,Détection mécanique 50-300 MEUR ; qualification SSI requise.,DETECTE,RESOLU_SECONDAIRE_OTC
2026-10-07,"Sintana Energy, Inc.",SEUSF,USD,USA,139441659.95,OQX,OTC Markets OTCQX,EQUITY,,Yahoo Finance / yfinance EquityQuery,2026-10-07,Détection mécanique 50-300 MEUR ; qualification SSI requise.,DETECTE,RESOLU_SECONDAIRE_OTC
2026-10-07,Cardiol Therapeutics Inc.,CRDL,USD,USA,139831013.3,NCM,NasdaqCM,EQUITY,,Yahoo Finance / yfinance EquityQuery,2026-10-07,Détection mécanique 50-300 MEUR ; qualification SSI requise.,DETECTE,HORS_UNIVERS_IDENTITE_INSUFFISANTE
2026-10-07,Northcliff Resources Ltd.,NCFFF,USD,USA,140286934.2,PNK,OTC Markets OTCPK,EQUITY,,Yahoo Finance / yfinance EquityQuery,2026-10-07,Détection mécanique 50-300 MEUR ; qualification SSI requise.,DETECTE,RESOLU_SECONDAIRE_OTC
2026-10-07,KUDELSKI SA,KDCXF,USD,USA,140878407.22,PNK,OTC Markets OTCPK,EQUITY,,Yahoo Finance / yfinance EquityQuery,2026-10-07,Détection mécanique 50-300 MEUR ; qualification SSI requise.,DETECTE,HORS_UNIVERS_IDENTITE_INSUFFISANTE
2026-10-07,CVW SUSTAINABLE ROYALTIES INC.,CVWFF,USD,USA,141319939.75,OQX,OTC Markets OTCQX,EQUITY,,Yahoo Finance / yfinance EquityQuery,2026-10-07,Détection mécanique 50-300 MEUR ; qualification SSI requise.,DETECTE,RESOLU_SECONDAIRE_OTC
2026-10-07,"Aimia, Inc.",AIMFF,USD,USA,142527738.45,PNK,OTC Markets OTCPK,EQUITY,,Yahoo Finance / yfinance EquityQuery,2026-10-07,Détection mécanique 50-300 MEUR ; qualification SSI requise.,DETECTE,RESOLU_SECONDAIRE_OTC
2026-10-07,Platinum Group Metals Ltd.,PLG,USD,USA,142618177.62,ASE,NYSE American,EQUITY,,Yahoo Finance / yfinance EquityQuery,2026-10-07,Détection mécanique 50-300 MEUR ; qualification SSI requise.,DETECTE,HORS_UNIVERS_IDENTITE_INSUFFISANTE
2026-10-07,Satellos Bioscience Inc.,MSLE,USD,USA,143001076.1,NGM,NasdaqGM,EQUITY,,Yahoo Finance / yfinance EquityQuery,2026-10-07,Détection mécanique 50-300 MEUR ; qualification SSI requise.,DETECTE,HORS_UNIVERS_IDENTITE_INSUFFISANTE
2026-10-07,PPX Mining Corp.,SNNGF,USD,USA,143697348.24,PNK,OTC Markets OTCPK,EQUITY,,Yahoo Finance / yfinance EquityQuery,2026-10-07,Détection mécanique 50-300 MEUR ; qualification SSI requise.,DETECTE,RESOLU_SECONDAIRE_OTC
2026-10-07,Gunnison Copper Corp,GCUMF,USD,USA,143746641.21,OQB,OTC Markets OTCQB,EQUITY,,Yahoo Finance / yfinance EquityQuery,2026-10-07,Détection mécanique 50-300 MEUR ; qualification SSI requise.,DETECTE,RESOLU_SECONDAIRE_OTC
2026-10-07,Sangoma Technologies Corporatio,SANG,USD,USA,143845810.08,NMS,NasdaqGS,EQUITY,,Yahoo Finance / yfinance EquityQuery,2026-10-07,Détection mécanique 50-300 MEUR ; qualification SSI requise.,DETECTE,HORS_UNIVERS_IDENTITE_INSUFFISANTE
2026-10-07,PULSAR HELIUM INC.,PSRHF,USD,USA,144277475.49,OQB,OTC Markets OTCQB,EQUITY,,Yahoo Finance / yfinance EquityQuery,2026-10-07,Détection mécanique 50-300 MEUR ; qualification SSI requise.,DETECTE,RESOLU_SECONDAIRE_OTC
2026-10-07,Gladiator Metals Corp.,GDTRF,USD,USA,145161791.71,OQX,OTC Markets OTCQX,EQUITY,,Yahoo Finance / yfinance EquityQuery,2026-10-07,Détection mécanique 50-300 MEUR ; qualification SSI requise.,DETECTE,RESOLU_SECONDAIRE_OTC
2026-10-07,Surge Battery Metals Inc.,NILIF,USD,USA,145418592.89,OQX,OTC Markets OTCQX,EQUITY,,Yahoo Finance / yfinance EquityQuery,2026-10-07,Détection mécanique 50-300 MEUR ; qualification SSI requise.,DETECTE,RESOLU_SECONDAIRE_OTC
2026-10-07,"Shutterstock, Inc.",SSTK,USD,USA,147580204.21,NYQ,NYSE,EQUITY,,Yahoo Finance / yfinance EquityQuery,2026-10-07,Détection mécanique 50-300 MEUR ; qualification SSI requise.,DETECTE,HORS_UNIVERS_IDENTITE_INSUFFISANTE
2026-10-07,Mayfair Gold Corp.,MINE,USD,USA,147956647.84,ASE,NYSE American,EQUITY,,Yahoo Finance / yfinance EquityQuery,2026-10-07,Détection mécanique 50-300 MEUR ; qualification SSI requise.,DETECTE,HORS_UNIVERS_IDENTITE_INSUFFISANTE
2026-10-07,DIVIDEND 15 SPLIT CORP II,DVDDF,USD,USA,148799462.42,PNK,OTC Markets OTCPK,EQUITY,,Yahoo Finance / yfinance EquityQuery,2026-10-07,Détection mécanique 50-300 MEUR ; qualification SSI requise.,DETECTE,RESOLU_SECONDAIRE_OTC
2026-10-07,INNATE PHARMA,IPHYF,USD,USA,149780374.1,PNK,OTC Markets OTCPK,EQUITY,,Yahoo Finance / yfinance EquityQuery,2026-10-07,Détection mécanique 50-300 MEUR ; qualification SSI requise.,DETECTE,HORS_UNIVERS_IDENTITE_INSUFFISANTE
2026-10-07,"Enablence Technologies, Inc.",ENAFF,USD,USA,150049402.55,PNK,OTC Markets OTCPK,EQUITY,,Yahoo Finance / yfinance EquityQuery,2026-10-07,Détection mécanique 50-300 MEUR ; qualification SSI requise.,DETECTE,RESOLU_SECONDAIRE_OTC
2026-10-07,McFarlane Lake Mining Limited,MLMLF,USD,USA,151015101.23,OQB,OTC Markets OTCQB,EQUITY,,Yahoo Finance / yfinance EquityQuery,2026-10-07,Détection mécanique 50-300 MEUR ; qualification SSI requise.,DETECTE,RESOLU_SECONDAIRE_OTC
2026-10-07,Reconnaissance Energy Africa Lt,RECAF,USD,USA,151178093.63,OQX,OTC Markets OTCQX,EQUITY,,Yahoo Finance / yfinance EquityQuery,2026-10-07,Détection mécanique 50-300 MEUR ; qualification SSI requise.,DETECTE,RESOLU_SECONDAIRE_OTC
2026-10-07,Lara Exploration Ltd.,LRAXF,USD,USA,151501547.66,PNK,OTC Markets OTCPK,EQUITY,,Yahoo Finance / yfinance EquityQuery,2026-10-07,Détection mécanique 50-300 MEUR ; qualification SSI requise.,DETECTE,RESOLU_SECONDAIRE_OTC
2026-10-07,Nanoxplore Inc.,NNXPF,USD,USA,151546262.52,OQX,OTC Markets OTCQX,EQUITY,,Yahoo Finance / yfinance EquityQuery,2026-10-07,Détection mécanique 50-300 MEUR ; qualification SSI requise.,DETECTE,RESOLU_SECONDAIRE_OTC
2026-10-07,Orogen Royalties Inc,OGNNF,USD,USA,151956388.01,OQX,OTC Markets OTCQX,EQUITY,,Yahoo Finance / yfinance EquityQuery,2026-10-07,Détection mécanique 50-300 MEUR ; qualification SSI requise.,DETECTE,RESOLU_SECONDAIRE_OTC
2026-10-07,Bank of Utica (NY),BKUT,USD,USA,152174460.01,OID,OTC Markets OTCID,EQUITY,,Yahoo Finance / yfinance EquityQuery,2026-10-07,Détection mécanique 50-300 MEUR ; qualification SSI requise.,DETECTE,HORS_UNIVERS_IDENTITE_INSUFFISANTE
2026-10-07,Amarc Resources Ltd.,AXREF,USD,USA,152749525.74,OQB,OTC Markets OTCQB,EQUITY,,Yahoo Finance / yfinance EquityQuery,2026-10-07,Détection mécanique 50-300 MEUR ; qualification SSI requise.,DETECTE,RESOLU_SECONDAIRE_OTC
2026-10-07,Bank of Utica (NY),BKUTK,USD,USA,152852789.33,OID,OTC Markets OTCID,EQUITY,,Yahoo Finance / yfinance EquityQuery,2026-10-07,Détection mécanique 50-300 MEUR ; qualification SSI requise.,DETECTE,HORS_UNIVERS_IDENTITE_INSUFFISANTE
2026-10-07,Medical Facilities Corp.,MFCSF,USD,USA,152856258.47,PNK,OTC Markets OTCPK,EQUITY,,Yahoo Finance / yfinance EquityQuery,2026-10-07,Détection mécanique 50-300 MEUR ; qualification SSI requise.,DETECTE,RESOLU_SECONDAIRE_OTC
2026-10-07,Eurocell plc,ERCLY,USD,USA,152861319.99,PNK,OTC Markets OTCPK,EQUITY,,Yahoo Finance / yfinance EquityQuery,2026-10-07,Détection mécanique 50-300 MEUR ; qualification SSI requise.,DETECTE,HORS_UNIVERS_IDENTITE_INSUFFISANTE
2026-10-07,Eco Atlantic Oil & Gas Ltd,ECAOF,USD,USA,153823691.71,PNK,OTC Markets OTCPK,EQUITY,,Yahoo Finance / yfinance EquityQuery,2026-10-07,Détection mécanique 50-300 MEUR ; qualification SSI requise.,DETECTE,HORS_UNIVERS_IDENTITE_INSUFFISANTE
2026-10-07,Silver X Mining Corp.,AGXPF,USD,USA,155009012.13,OQX,OTC Markets OTCQX,EQUITY,,Yahoo Finance / yfinance EquityQuery,2026-10-07,Détection mécanique 50-300 MEUR ; qualification SSI requise.,DETECTE,RESOLU_SECONDAIRE_OTC
2026-10-07,Olympia Financial Group Inc.,OLYFF,USD,USA,155316926.15,PNK,OTC Markets OTCPK,EQUITY,,Yahoo Finance / yfinance EquityQuery,2026-10-07,Détection mécanique 50-300 MEUR ; qualification SSI requise.,DETECTE,RESOLU_SECONDAIRE_OTC
2026-10-07,NYKODE THERAPEUTICS ASA,VACBF,USD,USA,158030741.04,PNK,OTC Markets OTCPK,EQUITY,,Yahoo Finance / yfinance EquityQuery,2026-10-07,Détection mécanique 50-300 MEUR ; qualification SSI requise.,DETECTE,HORS_UNIVERS_IDENTITE_INSUFFISANTE
2026-10-07,EUROCELL PLC,ECELF,USD,USA,158223320.6,PNK,OTC Markets OTCPK,EQUITY,,Yahoo Finance / yfinance EquityQuery,2026-10-07,Détection mécanique 50-300 MEUR ; qualification SSI requise.,DETECTE,HORS_UNIVERS_IDENTITE_INSUFFISANTE
2026-10-07,MILLENNIAL POTASH CORP.,MLPNF,USD,USA,158618602.76,OQB,OTC Markets OTCQB,EQUITY,,Yahoo Finance / yfinance EquityQuery,2026-10-07,Détection mécanique 50-300 MEUR ; qualification SSI requise.,DETECTE,RESOLU_SECONDAIRE_OTC
2026-10-07,Firm Capital Property Trust,FRMUF,USD,USA,158888100.39,PNK,OTC Markets OTCPK,EQUITY,,Yahoo Finance / yfinance EquityQuery,2026-10-07,Détection mécanique 50-300 MEUR ; qualification SSI requise.,DETECTE,RESOLU_SECONDAIRE_OTC
2026-10-07,Tsakos Energy Navigation Ltd Se,TEN-PF,USD,USA,160088036.66,NYQ,NYSE,EQUITY,,Yahoo Finance / yfinance EquityQuery,2026-10-07,Détection mécanique 50-300 MEUR ; qualification SSI requise.,DETECTE,HORS_UNIVERS_IDENTITE_INSUFFISANTE
2026-10-07,Petrus Resources Ltd.,PTRUF,USD,USA,160309791.06,PNK,OTC Markets OTCPK,EQUITY,,Yahoo Finance / yfinance EquityQuery,2026-10-07,Détection mécanique 50-300 MEUR ; qualification SSI requise.,DETECTE,RESOLU_SECONDAIRE_OTC
2026-10-07,HealWELL AI Inc.,HWAIF,USD,USA,160436414.43,OQX,OTC Markets OTCQX,EQUITY,,Yahoo Finance / yfinance EquityQuery,2026-10-07,Détection mécanique 50-300 MEUR ; qualification SSI requise.,DETECTE,RESOLU_SECONDAIRE_OTC
2026-10-07,Real Matters Inc.,RLLMF,USD,USA,161076199.4,PNK,OTC Markets OTCPK,EQUITY,,Yahoo Finance / yfinance EquityQuery,2026-10-07,Détection mécanique 50-300 MEUR ; qualification SSI requise.,DETECTE,RESOLU_SECONDAIRE_OTC
2026-10-07,AGILYX ASA,AGXXF,USD,USA,161936672.44,OQX,OTC Markets OTCQX,EQUITY,,Yahoo Finance / yfinance EquityQuery,2026-10-07,Détection mécanique 50-300 MEUR ; qualification SSI requise.,DETECTE,HORS_UNIVERS_IDENTITE_INSUFFISANTE
2026-10-07,Tectonic Metals Inc.,TETOF,USD,USA,161963828.36,OQX,OTC Markets OTCQX,EQUITY,,Yahoo Finance / yfinance EquityQuery,2026-10-07,Détection mécanique 50-300 MEUR ; qualification SSI requise.,DETECTE,RESOLU_SECONDAIRE_OTC
2026-10-07,Sandfire Resources America Inc.,SRAFF,USD,USA,163048515.47,OQB,OTC Markets OTCQB,EQUITY,,Yahoo Finance / yfinance EquityQuery,2026-10-07,Détection mécanique 50-300 MEUR ; qualification SSI requise.,DETECTE,RESOLU_SECONDAIRE_OTC
2026-10-07,GoldMining Inc.,GLDG,USD,USA,164742220.32,ASE,NYSE American,EQUITY,,Yahoo Finance / yfinance EquityQuery,2026-10-07,Détection mécanique 50-300 MEUR ; qualification SSI requise.,DETECTE,HORS_UNIVERS_IDENTITE_INSUFFISANTE
2026-10-07,CAPITAN SILVER CORP.,CAPTF,USD,USA,164779669.9,OQX,OTC Markets OTCQX,EQUITY,,Yahoo Finance / yfinance EquityQuery,2026-10-07,Détection mécanique 50-300 MEUR ; qualification SSI requise.,DETECTE,RESOLU_SECONDAIRE_OTC
2026-10-07,BERKELEY ENERGIA LIMITED,BKLRF,USD,USA,166563828.14,PNK,OTC Markets OTCPK,EQUITY,,Yahoo Finance / yfinance EquityQuery,2026-10-07,Détection mécanique 50-300 MEUR ; qualification SSI requise.,DETECTE,HORS_UNIVERS_IDENTITE_INSUFFISANTE
2026-10-07,Maxim Power Corp.,MXGFF,USD,USA,166930248.25,PNK,OTC Markets OTCPK,EQUITY,,Yahoo Finance / yfinance EquityQuery,2026-10-07,Détection mécanique 50-300 MEUR ; qualification SSI requise.,DETECTE,RESOLU_SECONDAIRE_OTC
2026-10-07,Denarius Metals Corp.,DNRSF,USD,USA,168870602.79,OQX,OTC Markets OTCQX,EQUITY,,Yahoo Finance / yfinance EquityQuery,2026-10-07,Détection mécanique 50-300 MEUR ; qualification SSI requise.,DETECTE,RESOLU_SECONDAIRE_OTC
2026-10-07,WILDBRAIN LTD.,WLDBF,USD,USA,169573173.39,OID,OTC Markets OTCID,EQUITY,,Yahoo Finance / yfinance EquityQuery,2026-10-07,Détection mécanique 50-300 MEUR ; qualification SSI requise.,DETECTE,RESOLU_SECONDAIRE_OTC
2026-10-07,Copper Giant Resources Corp.,CGNRF,USD,USA,171230253.29,OQX,OTC Markets OTCQX,EQUITY,,Yahoo Finance / yfinance EquityQuery,2026-10-07,Détection mécanique 50-300 MEUR ; qualification SSI requise.,DETECTE,RESOLU_SECONDAIRE_OTC
2026-10-07,"Defi Technologies, Inc.",DEFT,USD,USA,171707543.49,NCM,NasdaqCM,EQUITY,,Yahoo Finance / yfinance EquityQuery,2026-10-07,Détection mécanique 50-300 MEUR ; qualification SSI requise.,DETECTE,HORS_UNIVERS_IDENTITE_INSUFFISANTE
2026-10-07,TerrAscend Corp.,TSNDF,USD,USA,172068759.89,OQX,OTC Markets OTCQX,EQUITY,,Yahoo Finance / yfinance EquityQuery,2026-10-07,Détection mécanique 50-300 MEUR ; qualification SSI requise.,DETECTE,RESOLU_SECONDAIRE_OTC
2026-10-07,Perfect Corp.,PERF,USD,USA,173767185.04,NYQ,NYSE,EQUITY,,Yahoo Finance / yfinance EquityQuery,2026-10-07,Détection mécanique 50-300 MEUR ; qualification SSI requise.,DETECTE,HORS_UNIVERS_IDENTITE_INSUFFISANTE
2026-10-07,Power Metallic Mines Inc.,PNPNF,USD,USA,176566988.95,OQB,OTC Markets OTCQB,EQUITY,,Yahoo Finance / yfinance EquityQuery,2026-10-07,Détection mécanique 50-300 MEUR ; qualification SSI requise.,DETECTE,RESOLU_SECONDAIRE_OTC
2026-10-07,POLARIS RENEWABLE ENERGY INC.,RAMPF,USD,USA,178621824.89,PNK,OTC Markets OTCPK,EQUITY,,Yahoo Finance / yfinance EquityQuery,2026-10-07,Détection mécanique 50-300 MEUR ; qualification SSI requise.,DETECTE,RESOLU_SECONDAIRE_OTC
2026-10-07,LUCA MINING CORP.,LUCMF,USD,USA,183864893.95,OQX,OTC Markets OTCQX,EQUITY,,Yahoo Finance / yfinance EquityQuery,2026-10-07,Détection mécanique 50-300 MEUR ; qualification SSI requise.,DETECTE,RESOLU_SECONDAIRE_OTC
2026-10-07,Profound Medical Corp.,PROF,USD,USA,184066487.56,NCM,NasdaqCM,EQUITY,,Yahoo Finance / yfinance EquityQuery,2026-10-07,Détection mécanique 50-300 MEUR ; qualification SSI requise.,DETECTE,HORS_UNIVERS_IDENTITE_INSUFFISANTE
2026-10-07,Copper Giant Resources Corp.,LBCMF,USD,USA,184294128.11,PNK,OTC Markets OTCPK,EQUITY,,Yahoo Finance / yfinance EquityQuery,2026-10-07,Détection mécanique 50-300 MEUR ; qualification SSI requise.,DETECTE,RESOLU_SECONDAIRE_OTC
2026-10-07,Andina Copper Corporation,PMMCF,USD,USA,184719296.0,OQB,OTC Markets OTCQB,EQUITY,,Yahoo Finance / yfinance EquityQuery,2026-10-07,Détection mécanique 50-300 MEUR ; qualification SSI requise.,DETECTE,RESOLU_SECONDAIRE_OTC
2026-10-07,West Red Lake Gold Mines Ltd.,WRLGF,USD,USA,186114342.59,OQX,OTC Markets OTCQX,EQUITY,,Yahoo Finance / yfinance EquityQuery,2026-10-07,Détection mécanique 50-300 MEUR ; qualification SSI requise.,DETECTE,RESOLU_SECONDAIRE_OTC
2026-10-07,enCore Energy Corp.,EU,USD,USA,186468492.77,NCM,NasdaqCM,EQUITY,,Yahoo Finance / yfinance EquityQuery,2026-10-07,Détection mécanique 50-300 MEUR ; qualification SSI requise.,DETECTE,HORS_UNIVERS_IDENTITE_INSUFFISANTE
2026-10-07,LASTMINUTE.COM N.V.,LSMNF,USD,USA,187767654.78,PNK,OTC Markets OTCPK,EQUITY,,Yahoo Finance / yfinance EquityQuery,2026-10-07,Détection mécanique 50-300 MEUR ; qualification SSI requise.,DETECTE,HORS_UNIVERS_IDENTITE_INSUFFISANTE
2026-10-07,Asure Software Inc,ASUR,USD,USA,189260633.3,NCM,NasdaqCM,EQUITY,,Yahoo Finance / yfinance EquityQuery,2026-10-07,Détection mécanique 50-300 MEUR ; qualification SSI requise.,DETECTE,HORS_UNIVERS_IDENTITE_INSUFFISANTE
2026-10-07,Maritime Launch Services Inc.,MAXQF,USD,USA,190067548.04,OQB,OTC Markets OTCQB,EQUITY,,Yahoo Finance / yfinance EquityQuery,2026-10-07,Détection mécanique 50-300 MEUR ; qualification SSI requise.,DETECTE,RESOLU_SECONDAIRE_OTC
2026-10-07,Graphene Manufacturing Group Lt,GMGMF,USD,USA,190194768.55,OQX,OTC Markets OTCQX,EQUITY,,Yahoo Finance / yfinance EquityQuery,2026-10-07,Détection mécanique 50-300 MEUR ; qualification SSI requise.,DETECTE,RESOLU_SECONDAIRE_OTC
2026-10-07,ACT Energy Technologies Ltd.,ACXAF,USD,USA,190195706.93,OQB,OTC Markets OTCQB,EQUITY,,Yahoo Finance / yfinance EquityQuery,2026-10-07,Détection mécanique 50-300 MEUR ; qualification SSI requise.,DETECTE,RESOLU_SECONDAIRE_OTC
2026-10-07,Richards Group Inc.,RPKIF,USD,USA,191036388.84,PNK,OTC Markets OTCPK,EQUITY,,Yahoo Finance / yfinance EquityQuery,2026-10-07,Détection mécanique 50-300 MEUR ; qualification SSI requise.,DETECTE,RESOLU_SECONDAIRE_OTC
2026-10-07,BIOINVENT INTERNATIONAL AB,BOVNF,USD,USA,192298954.35,PNK,OTC Markets OTCPK,EQUITY,,Yahoo Finance / yfinance EquityQuery,2026-10-07,Détection mécanique 50-300 MEUR ; qualification SSI requise.,DETECTE,HORS_UNIVERS_IDENTITE_INSUFFISANTE
2026-10-07,Cerrado Gold Inc.,CRDOF,USD,USA,192399289.08,OQX,OTC Markets OTCQX,EQUITY,,Yahoo Finance / yfinance EquityQuery,2026-10-07,Détection mécanique 50-300 MEUR ; qualification SSI requise.,DETECTE,RESOLU_SECONDAIRE_OTC
2026-10-07,Goldquest Mining Corp.,GDQMF,USD,USA,194713911.93,OQX,OTC Markets OTCQX,EQUITY,,Yahoo Finance / yfinance EquityQuery,2026-10-07,Détection mécanique 50-300 MEUR ; qualification SSI requise.,DETECTE,RESOLU_SECONDAIRE_OTC
2026-10-07,TIERNAN GOLD CORP.,RLTWF,USD,USA,197046904.13,PNK,OTC Markets OTCPK,EQUITY,,Yahoo Finance / yfinance EquityQuery,2026-10-07,Détection mécanique 50-300 MEUR ; qualification SSI requise.,DETECTE,RESOLU_SECONDAIRE_OTC
2026-10-07,Acadian Timber Corp,ACAZF,USD,USA,198260190.88,PNK,OTC Markets OTCPK,EQUITY,,Yahoo Finance / yfinance EquityQuery,2026-10-07,Détection mécanique 50-300 MEUR ; qualification SSI requise.,DETECTE,RESOLU_SECONDAIRE_OTC
2026-10-07,FutureFuel Corp.,FF,USD,USA,200265804.94,NYQ,NYSE,EQUITY,,Yahoo Finance / yfinance EquityQuery,2026-10-07,Détection mécanique 50-300 MEUR ; qualification SSI requise.,DETECTE,HORS_UNIVERS_IDENTITE_INSUFFISANTE
2026-10-07,Cambria Gold Mines Inc.,CAMVF,USD,USA,200658854.91,OQX,OTC Markets OTCQX,EQUITY,,Yahoo Finance / yfinance EquityQuery,2026-10-07,Détection mécanique 50-300 MEUR ; qualification SSI requise.,DETECTE,RESOLU_SECONDAIRE_OTC
2026-10-07,Computer Modelling Group Ltd.,CMDXF,USD,USA,200783203.44,PNK,OTC Markets OTCPK,EQUITY,,Yahoo Finance / yfinance EquityQuery,2026-10-07,Détection mécanique 50-300 MEUR ; qualification SSI requise.,DETECTE,RESOLU_SECONDAIRE_OTC
2026-10-07,NG Energy International Corp.,GASXF,USD,USA,200917902.5,OQX,OTC Markets OTCQX,EQUITY,,Yahoo Finance / yfinance EquityQuery,2026-10-07,Détection mécanique 50-300 MEUR ; qualification SSI requise.,DETECTE,RESOLU_SECONDAIRE_OTC
2026-10-07,Titan Mining Corporation,TII,USD,USA,202296285.87,ASE,NYSE American,EQUITY,,Yahoo Finance / yfinance EquityQuery,2026-10-07,Détection mécanique 50-300 MEUR ; qualification SSI requise.,DETECTE,HORS_UNIVERS_IDENTITE_INSUFFISANTE
2026-10-07,Spectral Medical Inc.,EDTXF,USD,USA,202971274.01,PNK,OTC Markets OTCPK,EQUITY,,Yahoo Finance / yfinance EquityQuery,2026-10-07,Détection mécanique 50-300 MEUR ; qualification SSI requise.,DETECTE,RESOLU_SECONDAIRE_OTC
2026-10-07,Kolibri Global Energy Inc.,KGEI,USD,USA,203097243.37,NCM,NasdaqCM,EQUITY,,Yahoo Finance / yfinance EquityQuery,2026-10-07,Détection mécanique 50-300 MEUR ; qualification SSI requise.,DETECTE,HORS_UNIVERS_IDENTITE_INSUFFISANTE
2026-10-07,Vecima Networks Inc.,VNWTF,USD,USA,203746383.62,PNK,OTC Markets OTCPK,EQUITY,,Yahoo Finance / yfinance EquityQuery,2026-10-07,Détection mécanique 50-300 MEUR ; qualification SSI requise.,DETECTE,RESOLU_SECONDAIRE_OTC
2026-10-07,E Split Corp.,ENSPF,USD,USA,203862201.49,PNK,OTC Markets OTCPK,EQUITY,,Yahoo Finance / yfinance EquityQuery,2026-10-07,Détection mécanique 50-300 MEUR ; qualification SSI requise.,DETECTE,RESOLU_SECONDAIRE_OTC
2026-10-07,Serabi Gold Plc,SRBIF,USD,USA,207152944.65,OQX,OTC Markets OTCQX,EQUITY,,Yahoo Finance / yfinance EquityQuery,2026-10-07,Détection mécanique 50-300 MEUR ; qualification SSI requise.,DETECTE,RESOLU_SECONDAIRE_OTC
2026-10-07,Auxly Cannabis Group Inc.,CBWTF,USD,USA,210992877.2,OQB,OTC Markets OTCQB,EQUITY,,Yahoo Finance / yfinance EquityQuery,2026-10-07,Détection mécanique 50-300 MEUR ; qualification SSI requise.,DETECTE,RESOLU_SECONDAIRE_OTC
2026-10-07,Blackrock Silver Corp.,BKRRF,USD,USA,211281398.2,OQX,OTC Markets OTCQX,EQUITY,,Yahoo Finance / yfinance EquityQuery,2026-10-07,Détection mécanique 50-300 MEUR ; qualification SSI requise.,DETECTE,RESOLU_SECONDAIRE_OTC
2026-10-07,Pizza Pizza Royalty Corp.,PZRIF,USD,USA,215380022.9,PNK,OTC Markets OTCPK,EQUITY,,Yahoo Finance / yfinance EquityQuery,2026-10-07,Détection mécanique 50-300 MEUR ; qualification SSI requise.,DETECTE,RESOLU_SECONDAIRE_OTC
2026-10-07,Nexgold Mining Corp,NXGCF,USD,USA,216061352.17,OQX,OTC Markets OTCQX,EQUITY,,Yahoo Finance / yfinance EquityQuery,2026-10-07,Détection mécanique 50-300 MEUR ; qualification SSI requise.,DETECTE,RESOLU_SECONDAIRE_OTC
2026-10-07,Alvopetro Energy Ltd,ALVOF,USD,USA,216813556.96,OQX,OTC Markets OTCQX,EQUITY,,Yahoo Finance / yfinance EquityQuery,2026-10-07,Détection mécanique 50-300 MEUR ; qualification SSI requise.,DETECTE,RESOLU_SECONDAIRE_OTC
2026-10-07,Generation Mining Limited,GENMF,USD,USA,217657850.19,OQB,OTC Markets OTCQB,EQUITY,,Yahoo Finance / yfinance EquityQuery,2026-10-07,Détection mécanique 50-300 MEUR ; qualification SSI requise.,DETECTE,RESOLU_SECONDAIRE_OTC
2026-10-07,Cebu Air Inc,CEBUY,USD,USA,217785568.33,PNK,OTC Markets OTCPK,EQUITY,,Yahoo Finance / yfinance EquityQuery,2026-10-07,Détection mécanique 50-300 MEUR ; qualification SSI requise.,DETECTE,HORS_UNIVERS_IDENTITE_INSUFFISANTE
2026-10-07,Element 29 Resources Inc.,EMTRF,USD,USA,217997640.43,OQX,OTC Markets OTCQX,EQUITY,,Yahoo Finance / yfinance EquityQuery,2026-10-07,Détection mécanique 50-300 MEUR ; qualification SSI requise.,DETECTE,RESOLU_SECONDAIRE_OTC
2026-10-07,Journey Energy Inc.,JRNGF,USD,USA,219469306.53,OQX,OTC Markets OTCQX,EQUITY,,Yahoo Finance / yfinance EquityQuery,2026-10-07,Détection mécanique 50-300 MEUR ; qualification SSI requise.,DETECTE,RESOLU_SECONDAIRE_OTC
2026-10-07,PALISADES GOLDCORP LTD.,PLGDF,USD,USA,221450864.14,PNK,OTC Markets OTCPK,EQUITY,,Yahoo Finance / yfinance EquityQuery,2026-10-07,Détection mécanique 50-300 MEUR ; qualification SSI requise.,DETECTE,RESOLU_SECONDAIRE_OTC
2026-10-07,"Cipher Pharmaceuticals, Inc.",CPHRF,USD,USA,222001574.85,OQX,OTC Markets OTCQX,EQUITY,,Yahoo Finance / yfinance EquityQuery,2026-10-07,Détection mécanique 50-300 MEUR ; qualification SSI requise.,DETECTE,RESOLU_SECONDAIRE_OTC
2026-10-07,Galantas Gold Corp.,GALKF,USD,USA,223391915.36,PNK,OTC Markets OTCPK,EQUITY,,Yahoo Finance / yfinance EquityQuery,2026-10-07,Détection mécanique 50-300 MEUR ; qualification SSI requise.,DETECTE,RESOLU_SECONDAIRE_OTC
2026-10-07,"Northwest Biotherapeutics, Inc.",NWBO,USD,USA,223557921.92,OQB,OTC Markets OTCQB,EQUITY,,Yahoo Finance / yfinance EquityQuery,2026-10-07,Détection mécanique 50-300 MEUR ; qualification SSI requise.,DETECTE,HORS_UNIVERS_IDENTITE_INSUFFISANTE
2026-10-07,Odfjell Technology Ltd.,ODTLF,USD,USA,225837839.23,PNK,OTC Markets OTCPK,EQUITY,,Yahoo Finance / yfinance EquityQuery,2026-10-07,Détection mécanique 50-300 MEUR ; qualification SSI requise.,DETECTE,HORS_UNIVERS_IDENTITE_INSUFFISANTE
2026-10-07,Doubleview Gold Corp.,DBLVF,USD,USA,225934235.64,OQX,OTC Markets OTCQX,EQUITY,,Yahoo Finance / yfinance EquityQuery,2026-10-07,Détection mécanique 50-300 MEUR ; qualification SSI requise.,DETECTE,RESOLU_SECONDAIRE_OTC
2026-10-07,CLARKE INC,CLKFF,USD,USA,226660308.19,PNK,OTC Markets OTCPK,EQUITY,,Yahoo Finance / yfinance EquityQuery,2026-10-07,Détection mécanique 50-300 MEUR ; qualification SSI requise.,DETECTE,RESOLU_SECONDAIRE_OTC
2026-10-07,Bravo Mining Corp.,BRVMF,USD,USA,227747696.68,OQX,OTC Markets OTCQX,EQUITY,,Yahoo Finance / yfinance EquityQuery,2026-10-07,Détection mécanique 50-300 MEUR ; qualification SSI requise.,DETECTE,RESOLU_SECONDAIRE_OTC
2026-10-07,Condor Energies Inc.,CNPRF,USD,USA,230208961.51,PNK,OTC Markets OTCPK,EQUITY,,Yahoo Finance / yfinance EquityQuery,2026-10-07,Détection mécanique 50-300 MEUR ; qualification SSI requise.,DETECTE,RESOLU_SECONDAIRE_OTC
2026-10-07,Atha Energy Corp.,SASKF,USD,USA,230869475.97,OQX,OTC Markets OTCQX,EQUITY,,Yahoo Finance / yfinance EquityQuery,2026-10-07,Détection mécanique 50-300 MEUR ; qualification SSI requise.,DETECTE,RESOLU_SECONDAIRE_OTC
2026-10-07,Pecoy Copper Corp.,PCUUF,USD,USA,232692349.17,OQX,OTC Markets OTCQX,EQUITY,,Yahoo Finance / yfinance EquityQuery,2026-10-07,Détection mécanique 50-300 MEUR ; qualification SSI requise.,DETECTE,RESOLU_SECONDAIRE_OTC
2026-10-07,Roxmore Resources Inc.,GARLF,USD,USA,234133759.87,OQX,OTC Markets OTCQX,EQUITY,,Yahoo Finance / yfinance EquityQuery,2026-10-07,Détection mécanique 50-300 MEUR ; qualification SSI requise.,DETECTE,RESOLU_SECONDAIRE_OTC
2026-10-07,Anaergia Inc.,ANRGF,USD,USA,239669743.21,OQX,OTC Markets OTCQX,EQUITY,,Yahoo Finance / yfinance EquityQuery,2026-10-07,Détection mécanique 50-300 MEUR ; qualification SSI requise.,DETECTE,RESOLU_SECONDAIRE_OTC
2026-10-07,Erdene Resource Development Cor,ERDCF,USD,USA,239795314.47,OQX,OTC Markets OTCQX,EQUITY,,Yahoo Finance / yfinance EquityQuery,2026-10-07,Détection mécanique 50-300 MEUR ; qualification SSI requise.,DETECTE,RESOLU_SECONDAIRE_OTC
2026-10-07,Taiga Building Products Ltd.,TGAFF,USD,USA,239801456.54,PNK,OTC Markets OTCPK,EQUITY,,Yahoo Finance / yfinance EquityQuery,2026-10-07,Détection mécanique 50-300 MEUR ; qualification SSI requise.,DETECTE,RESOLU_SECONDAIRE_OTC
2026-10-07,P2 Gold Inc.,PGLDF,USD,USA,240339769.36,OQB,OTC Markets OTCQB,EQUITY,,Yahoo Finance / yfinance EquityQuery,2026-10-07,Détection mécanique 50-300 MEUR ; qualification SSI requise.,DETECTE,RESOLU_SECONDAIRE_OTC
2026-10-07,White Gold Corp.,WHGOF,USD,USA,240475975.5,OQX,OTC Markets OTCQX,EQUITY,,Yahoo Finance / yfinance EquityQuery,2026-10-07,Détection mécanique 50-300 MEUR ; qualification SSI requise.,DETECTE,RESOLU_SECONDAIRE_OTC
2026-10-07,Dundee Corp.,DDEJF,USD,USA,240501226.24,PNK,OTC Markets OTCPK,EQUITY,,Yahoo Finance / yfinance EquityQuery,2026-10-07,Détection mécanique 50-300 MEUR ; qualification SSI requise.,DETECTE,HORS_UNIVERS_IDENTITE_INSUFFISANTE
2026-10-07,REMEDY ENTERTAINMENT OYJ,RMDEF,USD,USA,241532212.87,PNK,OTC Markets OTCPK,EQUITY,,Yahoo Finance / yfinance EquityQuery,2026-10-07,Détection mécanique 50-300 MEUR ; qualification SSI requise.,DETECTE,HORS_UNIVERS_IDENTITE_INSUFFISANTE
2026-10-07,Rubellite Energy Corp.,RUBLF,USD,USA,242085624.95,PNK,OTC Markets OTCPK,EQUITY,,Yahoo Finance / yfinance EquityQuery,2026-10-07,Détection mécanique 50-300 MEUR ; qualification SSI requise.,DETECTE,RESOLU_SECONDAIRE_OTC
2026-10-07,Pyrophyte Acquisition Corp. II,PAII-UN,USD,USA,243223358.52,NYQ,NYSE,EQUITY,,Yahoo Finance / yfinance EquityQuery,2026-10-07,Détection mécanique 50-300 MEUR ; qualification SSI requise.,DETECTE,HORS_UNIVERS_IDENTITE_INSUFFISANTE
2026-10-07,"Ucore Rare Metals, Inc.",UURAF,USD,USA,244587381.96,OQX,OTC Markets OTCQX,EQUITY,,Yahoo Finance / yfinance EquityQuery,2026-10-07,Détection mécanique 50-300 MEUR ; qualification SSI requise.,DETECTE,RESOLU_SECONDAIRE_OTC
2026-10-07,HERCULES METALS CORP.,BADEF,USD,USA,245285900.5,OQB,OTC Markets OTCQB,EQUITY,,Yahoo Finance / yfinance EquityQuery,2026-10-07,Détection mécanique 50-300 MEUR ; qualification SSI requise.,DETECTE,RESOLU_SECONDAIRE_OTC
2026-10-07,Silver Storm Mining Ltd.,SVRSF,USD,USA,245833739.22,OQX,OTC Markets OTCQX,EQUITY,,Yahoo Finance / yfinance EquityQuery,2026-10-07,Détection mécanique 50-300 MEUR ; qualification SSI requise.,DETECTE,RESOLU_SECONDAIRE_OTC
2026-10-07,COVEO SOLUTIONS INC.,CVOSF,USD,USA,247176322.27,PNK,OTC Markets OTCPK,EQUITY,,Yahoo Finance / yfinance EquityQuery,2026-10-07,Détection mécanique 50-300 MEUR ; qualification SSI requise.,DETECTE,RESOLU_SECONDAIRE_OTC
2026-10-07,"MGP Ingredients, Inc.",MGPI,USD,USA,247944763.75,NMS,NasdaqGS,EQUITY,,Yahoo Finance / yfinance EquityQuery,2026-10-07,Détection mécanique 50-300 MEUR ; qualification SSI requise.,DETECTE,HORS_UNIVERS_IDENTITE_INSUFFISANTE
2026-10-07,VOLATUS AEROSPACE INC.,TAKOF,USD,USA,248321790.31,OQX,OTC Markets OTCQX,EQUITY,,Yahoo Finance / yfinance EquityQuery,2026-10-07,Détection mécanique 50-300 MEUR ; qualification SSI requise.,DETECTE,RESOLU_SECONDAIRE_OTC
2026-10-07,Cherry Hill Mortgage Investment,CHMI-PB,USD,USA,249098449.65,NYQ,NYSE,EQUITY,,Yahoo Finance / yfinance EquityQuery,2026-10-07,Détection mécanique 50-300 MEUR ; qualification SSI requise.,DETECTE,HORS_UNIVERS_IDENTITE_INSUFFISANTE
2026-10-07,Santhera Pharmaceuticals Holdin,SPHDF,USD,USA,249115084.43,PNK,OTC Markets OTCPK,EQUITY,,Yahoo Finance / yfinance EquityQuery,2026-10-07,Détection mécanique 50-300 MEUR ; qualification SSI requise.,DETECTE,HORS_UNIVERS_IDENTITE_INSUFFISANTE
2026-10-07,GRIEG SEAFOOD,GRGSF,USD,USA,249349393.11,PNK,OTC Markets OTCPK,EQUITY,,Yahoo Finance / yfinance EquityQuery,2026-10-07,Détection mécanique 50-300 MEUR ; qualification SSI requise.,DETECTE,HORS_UNIVERS_IDENTITE_INSUFFISANTE
2026-10-07,Colonial Coal International Cor,CCARF,USD,USA,250124374.76,PNK,OTC Markets OTCPK,EQUITY,,Yahoo Finance / yfinance EquityQuery,2026-10-07,Détection mécanique 50-300 MEUR ; qualification SSI requise.,DETECTE,RESOLU_SECONDAIRE_OTC
2026-10-07,Pyrophyte Acquisition Corp. II,PAII,USD,USA,250776514.96,NYQ,NYSE,EQUITY,,Yahoo Finance / yfinance EquityQuery,2026-10-07,Détection mécanique 50-300 MEUR ; qualification SSI requise.,DETECTE,HORS_UNIVERS_IDENTITE_INSUFFISANTE
2026-10-07,Aurora Cannabis Inc.,ACB,USD,USA,251473043.02,NCM,NasdaqCM,EQUITY,,Yahoo Finance / yfinance EquityQuery,2026-10-07,Détection mécanique 50-300 MEUR ; qualification SSI requise.,DETECTE,HORS_UNIVERS_IDENTITE_INSUFFISANTE
2026-10-07,Copper Fox Metals Inc.,CPFXF,USD,USA,251882969.47,OQX,OTC Markets OTCQX,EQUITY,,Yahoo Finance / yfinance EquityQuery,2026-10-07,Détection mécanique 50-300 MEUR ; qualification SSI requise.,DETECTE,RESOLU_SECONDAIRE_OTC
2026-10-07,Sierra Madre Gold and Silver Lt,SMDRF,USD,USA,253044588.87,OQX,OTC Markets OTCQX,EQUITY,,Yahoo Finance / yfinance EquityQuery,2026-10-07,Détection mécanique 50-300 MEUR ; qualification SSI requise.,DETECTE,RESOLU_SECONDAIRE_OTC
2026-10-07,CEBU AIR INC,CEBUF,USD,USA,255516915.12,PNK,OTC Markets OTCPK,EQUITY,,Yahoo Finance / yfinance EquityQuery,2026-10-07,Détection mécanique 50-300 MEUR ; qualification SSI requise.,DETECTE,HORS_UNIVERS_IDENTITE_INSUFFISANTE
2026-10-07,CytoDyn Inc.,CYDY,USD,USA,257248211.73,OQB,OTC Markets OTCQB,EQUITY,,Yahoo Finance / yfinance EquityQuery,2026-10-07,Détection mécanique 50-300 MEUR ; qualification SSI requise.,DETECTE,HORS_UNIVERS_IDENTITE_INSUFFISANTE
2026-10-07,Boston Pizza Royalties Income F,BPZZF,USD,USA,257720724.75,PNK,OTC Markets OTCPK,EQUITY,,Yahoo Finance / yfinance EquityQuery,2026-10-07,Détection mécanique 50-300 MEUR ; qualification SSI requise.,DETECTE,RESOLU_SECONDAIRE_OTC
2026-10-07,Koryx Copper S.A.,KRYXF,USD,USA,261402470.52,OQX,OTC Markets OTCQX,EQUITY,,Yahoo Finance / yfinance EquityQuery,2026-10-07,Détection mécanique 50-300 MEUR ; qualification SSI requise.,DETECTE,RESOLU_SECONDAIRE_OTC
2026-10-07,ITAFOS INC.,ITFS,USD,USA,264818059.82,OQX,OTC Markets OTCQX,EQUITY,,Yahoo Finance / yfinance EquityQuery,2026-10-07,Détection mécanique 50-300 MEUR ; qualification SSI requise.,DETECTE,RESOLU_SECONDAIRE_OTC
2026-10-07,Quarterhill Inc.,QTRHF,USD,USA,265356372.64,OQX,OTC Markets OTCQX,EQUITY,,Yahoo Finance / yfinance EquityQuery,2026-10-07,Détection mécanique 50-300 MEUR ; qualification SSI requise.,DETECTE,RESOLU_SECONDAIRE_OTC
2026-10-07,Ellomay Capital Ltd,ELLO,USD,USA,267004552.22,ASE,NYSE American,EQUITY,,Yahoo Finance / yfinance EquityQuery,2026-10-07,Détection mécanique 50-300 MEUR ; qualification SSI requise.,DETECTE,HORS_UNIVERS_IDENTITE_INSUFFISANTE
2026-10-07,Timbercreek Financial Corp.,TBCRF,USD,USA,272080747.43,PNK,OTC Markets OTCPK,EQUITY,,Yahoo Finance / yfinance EquityQuery,2026-10-07,Détection mécanique 50-300 MEUR ; qualification SSI requise.,DETECTE,RESOLU_SECONDAIRE_OTC
2026-10-07,SNDL Inc.,SNDL,USD,USA,272288269.85,NCM,NasdaqCM,EQUITY,,Yahoo Finance / yfinance EquityQuery,2026-10-07,Détection mécanique 50-300 MEUR ; qualification SSI requise.,DETECTE,HORS_UNIVERS_IDENTITE_INSUFFISANTE
2026-10-07,COELACANTH ENERGY INC,CEIEF,USD,USA,272922922.21,PNK,OTC Markets OTCPK,EQUITY,,Yahoo Finance / yfinance EquityQuery,2026-10-07,Détection mécanique 50-300 MEUR ; qualification SSI requise.,DETECTE,RESOLU_SECONDAIRE_OTC
2026-10-07,Electrovaya Inc.,ELVA,USD,USA,280234405.17,NCM,NasdaqCM,EQUITY,,Yahoo Finance / yfinance EquityQuery,2026-10-07,Détection mécanique 50-300 MEUR ; qualification SSI requise.,DETECTE,HORS_UNIVERS_IDENTITE_INSUFFISANTE
2026-10-07,Cerro de Pasco Resources Inc,CDPMF,USD,USA,281915342.47,OQX,OTC Markets OTCQX,EQUITY,,Yahoo Finance / yfinance EquityQuery,2026-10-07,Détection mécanique 50-300 MEUR ; qualification SSI requise.,DETECTE,RESOLU_SECONDAIRE_OTC
2026-10-07,Silver Tiger Metals Inc.,SLVTF,USD,USA,283020062.41,OQX,OTC Markets OTCQX,EQUITY,,Yahoo Finance / yfinance EquityQuery,2026-10-07,Détection mécanique 50-300 MEUR ; qualification SSI requise.,DETECTE,RESOLU_SECONDAIRE_OTC
2026-10-07,North American Construction Gro,NOA,USD,USA,283882369.54,NYQ,NYSE,EQUITY,,Yahoo Finance / yfinance EquityQuery,2026-10-07,Détection mécanique 50-300 MEUR ; qualification SSI requise.,DETECTE,HORS_UNIVERS_IDENTITE_INSUFFISANTE
2026-10-07,VITALHUB CORP,VHIBF,USD,USA,287047385.04,OQX,OTC Markets OTCQX,EQUITY,,Yahoo Finance / yfinance EquityQuery,2026-10-07,Détection mécanique 50-300 MEUR ; qualification SSI requise.,DETECTE,RESOLU_SECONDAIRE_OTC
2026-10-07,Cogeco Inc.,CGECF,USD,USA,288479909.64,PNK,OTC Markets OTCPK,EQUITY,,Yahoo Finance / yfinance EquityQuery,2026-10-07,Détection mécanique 50-300 MEUR ; qualification SSI requise.,DETECTE,HORS_UNIVERS_IDENTITE_INSUFFISANTE
2026-10-07,Radisson Mining Resources Inc.,RMRDF,USD,USA,289492612.23,OQX,OTC Markets OTCQX,EQUITY,,Yahoo Finance / yfinance EquityQuery,2026-10-07,Détection mécanique 50-300 MEUR ; qualification SSI requise.,DETECTE,RESOLU_SECONDAIRE_OTC
2026-10-07,InPlay Oil Corp.,IPOOF,USD,USA,294590361.56,OQX,OTC Markets OTCQX,EQUITY,,Yahoo Finance / yfinance EquityQuery,2026-10-07,Détection mécanique 50-300 MEUR ; qualification SSI requise.,DETECTE,RESOLU_SECONDAIRE_OTC
