Ticker,Societe,Pays,Devise,Exchange,FullExchangeName,QuoteType,UnderlyingSymbol,Cle_nom,Nb_lignes_groupe,Nb_pays_groupe,Nb_places_groupe,Nb_devises_groupe,Preuve_identifiant_stable,Statut_resolution,ISIN,Pays_emetteur,Devise_info,Exchange_info,Erreur_enrichissement,Decision,Motif_decision,Groupe_ISIN,Racine_ticker,Classe_preuve,Preuves_convergentes,Decision_CA_OTC,Ticker_principal,Preuve_CA_OTC
779.SG,Acadian Timber Corp.,Allemagne,EUR,STU,Stuttgart,EQUITY,,ACADIAN TIMBER CORP,3,3,3,3,ABSENTE,PROBABLE_A_VERIFIER,-,,,,,CONSERVER_AMBIGU,IDENTITE_INSUFFISANTE,,779,NON_RESOLU,,HORS_REGLE,,
ACAZF,Acadian Timber Corp,USA,USD,PNK,OTC Markets OTCPK,EQUITY,,ACADIAN TIMBER CORP,3,3,3,3,ABSENTE,PROBABLE_A_VERIFIER,CA0042721005,,,,,CONSERVER_AMBIGU,IDENTITE_INSUFFISANTE,,ACAZF,NON_RESOLU,,COTATION_SECONDAIRE_OTC,ADN.TO,NOM_NORMALISE+UNIQUE_CANADA+OTC
ADN.TO,ACADIAN TIMBER CORP,Canada,CAD,TOR,Toronto,EQUITY,,ACADIAN TIMBER CORP,3,3,3,3,ABSENTE,PROBABLE_A_VERIFIER,-,,,,,CONSERVER_AMBIGU,IDENTITE_INSUFFISANTE,,ADN,NON_RESOLU,,CONSERVER_PRINCIPALE_CANADA,ADN.TO,NOM_NORMALISE+UNIQUE_CANADA+OTC
ACX.TO,ACT ENERGY TECHNOLOGIES LTD,Canada,CAD,TOR,Toronto,EQUITY,,ACT ENERGY TECHNOLOGIES LTD,2,2,2,2,ABSENTE,PROBABLE_A_VERIFIER,-,,,,,CONSERVER_AMBIGU,IDENTITE_INSUFFISANTE,,ACX,NON_RESOLU,,CONSERVER_PRINCIPALE_CANADA,ACX.TO,NOM_NORMALISE+UNIQUE_CANADA+OTC
ACXAF,ACT Energy Technologies Ltd.,USA,USD,OQB,OTC Markets OTCQB,EQUITY,,ACT ENERGY TECHNOLOGIES LTD,2,2,2,2,ABSENTE,PROBABLE_A_VERIFIER,-,,,,,CONSERVER_AMBIGU,IDENTITE_INSUFFISANTE,,ACXAF,NON_RESOLU,,COTATION_SECONDAIRE_OTC,ACX.TO,NOM_NORMALISE+UNIQUE_CANADA+OTC
ADY.V,ADYTON RESOURCES CORPORATION,Canada,CAD,VAN,TSXV,EQUITY,,ADYTON RESOURCES CORPORATION,2,2,2,2,ABSENTE,PROBABLE_A_VERIFIER,-,,,,,CONSERVER_AMBIGU,IDENTITE_INSUFFISANTE,,ADY,NON_RESOLU,,CONSERVER_PRINCIPALE_CANADA,ADY.V,NOM_NORMALISE+UNIQUE_CANADA+OTC
ADYRF,Adyton Resources Corporation,USA,USD,OQB,OTC Markets OTCQB,EQUITY,,ADYTON RESOURCES CORPORATION,2,2,2,2,ABSENTE,PROBABLE_A_VERIFIER,CA00784W1014,,,,,CONSERVER_AMBIGU,IDENTITE_INSUFFISANTE,,ADYRF,NON_RESOLU,,COTATION_SECONDAIRE_OTC,ADY.V,NOM_NORMALISE+UNIQUE_CANADA+OTC
AEC.ST,AFRICA ENERGY CORP.,Suède,SEK,STO,Stockholm,EQUITY,,AFRICA ENERGY CORP,3,3,3,3,ABSENTE,PROBABLE_A_VERIFIER,-,,,,,CONSERVER_AMBIGU,IDENTITE_INSUFFISANTE,,AEC,NON_RESOLU,,HORS_REGLE,,
AFE.V,AFRICA ENERGY CORP,Canada,CAD,VAN,TSXV,EQUITY,,AFRICA ENERGY CORP,3,3,3,3,ABSENTE,PROBABLE_A_VERIFIER,-,,,,,CONSERVER_AMBIGU,IDENTITE_INSUFFISANTE,,AFE,NON_RESOLU,,CONSERVER_PRINCIPALE_CANADA,AFE.V,NOM_NORMALISE+UNIQUE_CANADA+OTC
HPMCF,Africa Energy Corp.,USA,USD,PNK,OTC Markets OTCPK,EQUITY,,AFRICA ENERGY CORP,3,3,3,3,ABSENTE,PROBABLE_A_VERIFIER,CA00830W1059,,,,,CONSERVER_AMBIGU,IDENTITE_INSUFFISANTE,,HPMCF,NON_RESOLU,,COTATION_SECONDAIRE_OTC,AFE.V,NOM_NORMALISE+UNIQUE_CANADA+OTC
AAG.V,AFTERMATH SILVER LTD,Canada,CAD,VAN,TSXV,EQUITY,,AFTERMATH SILVER LTD,2,2,2,2,ABSENTE,PROBABLE_A_VERIFIER,-,,,,,CONSERVER_AMBIGU,IDENTITE_INSUFFISANTE,,AAG,NON_RESOLU,,CONSERVER_PRINCIPALE_CANADA,AAG.V,NOM_NORMALISE+UNIQUE_CANADA+OTC
AAGFF,Aftermath Silver Ltd.,USA,USD,OQX,OTC Markets OTCQX,EQUITY,,AFTERMATH SILVER LTD,2,2,2,2,ABSENTE,PROBABLE_A_VERIFIER,CA00831V2057,,,,,CONSERVER_AMBIGU,IDENTITE_INSUFFISANTE,,AAGFF,NON_RESOLU,,COTATION_SECONDAIRE_OTC,AAG.V,NOM_NORMALISE+UNIQUE_CANADA+OTC
AFN.TO,AG GROWTH INTERNATIONAL INC.,Canada,CAD,TOR,Toronto,EQUITY,,AG GROWTH INTERNATIONAL INC,2,2,2,2,ABSENTE,PROBABLE_A_VERIFIER,-,,,,,CONSERVER_AMBIGU,IDENTITE_INSUFFISANTE,,AFN,NON_RESOLU,,CONSERVER_PRINCIPALE_CANADA,AFN.TO,NOM_NORMALISE+UNIQUE_CANADA+OTC
AGGZF,AG Growth International Inc.,USA,USD,PNK,OTC Markets OTCPK,EQUITY,,AG GROWTH INTERNATIONAL INC,2,2,2,2,ABSENTE,PROBABLE_A_VERIFIER,CA0011811068,,,,,CONSERVER_AMBIGU,IDENTITE_INSUFFISANTE,,AGGZF,NON_RESOLU,,COTATION_SECONDAIRE_OTC,AFN.TO,NOM_NORMALISE+UNIQUE_CANADA+OTC
AIM.TO,AIMIA INC,Canada,CAD,TOR,Toronto,EQUITY,,AIMIA INC,2,2,2,2,ABSENTE,PROBABLE_A_VERIFIER,CA00900Q4007,,,,,CONSERVER_AMBIGU,IDENTITE_INSUFFISANTE,,AIM,DISTINCT,ISIN_DIFFERENTS,CONSERVER_PRINCIPALE_CANADA,AIM.TO,NOM_NORMALISE+UNIQUE_CANADA+OTC
AIMFF,"Aimia, Inc.",USA,USD,PNK,OTC Markets OTCPK,EQUITY,,AIMIA INC,2,2,2,2,ABSENTE,PROBABLE_A_VERIFIER,CA00900Q1037,,,,,CONSERVER_AMBIGU,IDENTITE_INSUFFISANTE,,AIMFF,DISTINCT,ISIN_DIFFERENTS,COTATION_SECONDAIRE_OTC,AIM.TO,NOM_NORMALISE+UNIQUE_CANADA+OTC
AKT.TO,AKITA DRILLING LTD,Canada,CAD,TOR,Toronto,EQUITY,,AKITA DRILLING LTD,2,2,2,2,ABSENTE,PROBABLE_A_VERIFIER,-,,,,,CONSERVER_AMBIGU,IDENTITE_INSUFFISANTE,,AKT,NON_RESOLU,,CONSERVER_PRINCIPALE_CANADA,AKT.TO,NOM_NORMALISE+UNIQUE_CANADA+OTC
AKTAF,Akita Drilling Ltd.,USA,USD,PNK,OTC Markets OTCPK,EQUITY,,AKITA DRILLING LTD,2,2,2,2,ABSENTE,PROBABLE_A_VERIFIER,CA0099052098,,,,,CONSERVER_AMBIGU,IDENTITE_INSUFFISANTE,,AKTAF,NON_RESOLU,,COTATION_SECONDAIRE_OTC,AKT.TO,NOM_NORMALISE+UNIQUE_CANADA+OTC
ALYA.TO,ALITHYA GROUP INC,Canada,CAD,TOR,Toronto,EQUITY,,ALITHYA GROUP INC,2,2,2,2,ABSENTE,PROBABLE_A_VERIFIER,-,,,,,CONSERVER_AMBIGU,IDENTITE_INSUFFISANTE,,ALYA,NON_RESOLU,,CONSERVER_PRINCIPALE_CANADA,ALYA.TO,NOM_NORMALISE+UNIQUE_CANADA+OTC
ALYAF,Alithya Group Inc.,USA,USD,PNK,OTC Markets OTCPK,EQUITY,,ALITHYA GROUP INC,2,2,2,2,ABSENTE,PROBABLE_A_VERIFIER,CA01643B1067,,,,,CONSERVER_AMBIGU,IDENTITE_INSUFFISANTE,,ALYAF,NON_RESOLU,,COTATION_SECONDAIRE_OTC,ALYA.TO,NOM_NORMALISE+UNIQUE_CANADA+OTC
AUUA.V,ALUULA COMPOSITES INC,Canada,CAD,VAN,TSXV,EQUITY,,ALUULA COMPOSITES INC,2,2,2,2,ABSENTE,PROBABLE_A_VERIFIER,-,,,,,CONSERVER_AMBIGU,IDENTITE_INSUFFISANTE,,AUUA,NON_RESOLU,,CONSERVER_PRINCIPALE_CANADA,AUUA.V,NOM_NORMALISE+UNIQUE_CANADA+OTC
AUUAF,ALUULA COMPOSITES INC.,USA,USD,OQB,OTC Markets OTCQB,EQUITY,,ALUULA COMPOSITES INC,2,2,2,2,ABSENTE,PROBABLE_A_VERIFIER,CA0223173091,,,,,CONSERVER_AMBIGU,IDENTITE_INSUFFISANTE,,AUUAF,NON_RESOLU,,COTATION_SECONDAIRE_OTC,AUUA.V,NOM_NORMALISE+UNIQUE_CANADA+OTC
ALV.V,ALVOPETRO ENERGY LTD,Canada,CAD,VAN,TSXV,EQUITY,,ALVOPETRO ENERGY LTD,2,2,2,2,ABSENTE,PROBABLE_A_VERIFIER,-,,,,,CONSERVER_AMBIGU,IDENTITE_INSUFFISANTE,,ALV,NON_RESOLU,,CONSERVER_PRINCIPALE_CANADA,ALV.V,NOM_NORMALISE+UNIQUE_CANADA+OTC
ALVOF,Alvopetro Energy Ltd,USA,USD,OQX,OTC Markets OTCQX,EQUITY,,ALVOPETRO ENERGY LTD,2,2,2,2,ABSENTE,PROBABLE_A_VERIFIER,CA02255Q2099,,,,,CONSERVER_AMBIGU,IDENTITE_INSUFFISANTE,,ALVOF,NON_RESOLU,,COTATION_SECONDAIRE_OTC,ALV.V,NOM_NORMALISE+UNIQUE_CANADA+OTC
AHR.V,Amarc Resources Ltd.,Canada,CAD,VAN,TSXV,EQUITY,,AMARC RESOURCES LTD,2,2,2,2,ABSENTE,PROBABLE_A_VERIFIER,-,,,,,CONSERVER_AMBIGU,IDENTITE_INSUFFISANTE,,AHR,NON_RESOLU,,CONSERVER_PRINCIPALE_CANADA,AHR.V,NOM_NORMALISE+UNIQUE_CANADA+OTC
AXREF,Amarc Resources Ltd.,USA,USD,OQB,OTC Markets OTCQB,EQUITY,,AMARC RESOURCES LTD,2,2,2,2,ABSENTE,PROBABLE_A_VERIFIER,CA0229121094,,,,,CONSERVER_AMBIGU,IDENTITE_INSUFFISANTE,,AXREF,NON_RESOLU,,COTATION_SECONDAIRE_OTC,AHR.V,NOM_NORMALISE+UNIQUE_CANADA+OTC
AE.V,AMERICAN EAGLE GOLD CORP,Canada,CAD,VAN,TSXV,EQUITY,,AMERICAN EAGLE GOLD CORP,2,2,2,2,ABSENTE,PROBABLE_A_VERIFIER,-,,,,,CONSERVER_AMBIGU,IDENTITE_INSUFFISANTE,,AE,NON_RESOLU,,CONSERVER_PRINCIPALE_CANADA,AE.V,NOM_NORMALISE+UNIQUE_CANADA+OTC
AMEGF,AMERICAN EAGLE GOLD CORP.,USA,USD,OQB,OTC Markets OTCQB,EQUITY,,AMERICAN EAGLE GOLD CORP,2,2,2,2,ABSENTE,PROBABLE_A_VERIFIER,CA02553R1073,,,,,CONSERVER_AMBIGU,IDENTITE_INSUFFISANTE,,AMEGF,NON_RESOLU,,COTATION_SECONDAIRE_OTC,AE.V,NOM_NORMALISE+UNIQUE_CANADA+OTC
AMLIF,American Lithium Corp.,USA,USD,OQX,OTC Markets OTCQX,EQUITY,,AMERICAN LITHIUM CORP,2,2,2,2,ABSENTE,PROBABLE_A_VERIFIER,CA0272592092,,,,,CONSERVER_AMBIGU,IDENTITE_INSUFFISANTE,,AMLIF,DISTINCT,ISIN_DIFFERENTS,COTATION_SECONDAIRE_OTC,LI.V,NOM_NORMALISE+UNIQUE_CANADA+OTC
LI.V,AMERICAN LITHIUM CORP,Canada,CAD,VAN,TSXV,EQUITY,,AMERICAN LITHIUM CORP,2,2,2,2,ABSENTE,PROBABLE_A_VERIFIER,CA53680Q2071,,,,,CONSERVER_AMBIGU,IDENTITE_INSUFFISANTE,,LI,DISTINCT,ISIN_DIFFERENTS,CONSERVER_PRINCIPALE_CANADA,LI.V,NOM_NORMALISE+UNIQUE_CANADA+OTC
TUNG.V,AMERICAN TUNGSTEN CORP,Canada,CAD,VAN,TSXV,EQUITY,,AMERICAN TUNGSTEN CORP,2,2,2,2,ABSENTE,PROBABLE_A_VERIFIER,-,,,,,CONSERVER_AMBIGU,IDENTITE_INSUFFISANTE,,TUNG,NON_RESOLU,,CONSERVER_PRINCIPALE_CANADA,TUNG.V,NOM_NORMALISE+UNIQUE_CANADA+OTC
TUNGF,American Tungsten Corp.,USA,USD,OQX,OTC Markets OTCQX,EQUITY,,AMERICAN TUNGSTEN CORP,2,2,2,2,ABSENTE,PROBABLE_A_VERIFIER,CA0303381077,,,,,CONSERVER_AMBIGU,IDENTITE_INSUFFISANTE,,TUNGF,NON_RESOLU,,COTATION_SECONDAIRE_OTC,TUNG.V,NOM_NORMALISE+UNIQUE_CANADA+OTC
AMT.V,AMERITRUST FINANCIAL TECHNOLOGI,Canada,CAD,VAN,TSXV,EQUITY,,AMERITRUST FINANCIAL TECHNOLOGI,2,2,2,2,ABSENTE,PROBABLE_A_VERIFIER,-,,,,,CONSERVER_AMBIGU,IDENTITE_INSUFFISANTE,,AMT,NON_RESOLU,,CONSERVER_PRINCIPALE_CANADA,AMT.V,NOM_NORMALISE+UNIQUE_CANADA+OTC
AMTFF,AmeriTrust Financial Technologi,USA,USD,OQB,OTC Markets OTCQB,EQUITY,,AMERITRUST FINANCIAL TECHNOLOGI,2,2,2,2,ABSENTE,PROBABLE_A_VERIFIER,CA0307361026,,,,,CONSERVER_AMBIGU,IDENTITE_INSUFFISANTE,,AMTFF,NON_RESOLU,,COTATION_SECONDAIRE_OTC,AMT.V,NOM_NORMALISE+UNIQUE_CANADA+OTC
ANRG.TO,ANAERGIA INC,Canada,CAD,TOR,Toronto,EQUITY,,ANAERGIA INC,2,2,2,2,ABSENTE,PROBABLE_A_VERIFIER,-,,,,,CONSERVER_AMBIGU,IDENTITE_INSUFFISANTE,,ANRG,NON_RESOLU,,CONSERVER_PRINCIPALE_CANADA,ANRG.TO,NOM_NORMALISE+UNIQUE_CANADA+OTC
ANRGF,Anaergia Inc.,USA,USD,OQX,OTC Markets OTCQX,EQUITY,,ANAERGIA INC,2,2,2,2,ABSENTE,PROBABLE_A_VERIFIER,CA03253E2069,,,,,CONSERVER_AMBIGU,IDENTITE_INSUFFISANTE,,ANRGF,NON_RESOLU,,COTATION_SECONDAIRE_OTC,ANRG.TO,NOM_NORMALISE+UNIQUE_CANADA+OTC
ANDC.V,ANDINA COPPER CORPORATION,Canada,CAD,VAN,TSXV,EQUITY,,ANDINA COPPER CORPORATION,2,2,2,2,ABSENTE,PROBABLE_A_VERIFIER,-,,,,,CONSERVER_AMBIGU,IDENTITE_INSUFFISANTE,,ANDC,NON_RESOLU,,CONSERVER_PRINCIPALE_CANADA,ANDC.V,NOM_NORMALISE+UNIQUE_CANADA+OTC
PMMCF,Andina Copper Corporation,USA,USD,OQB,OTC Markets OTCQB,EQUITY,,ANDINA COPPER CORPORATION,2,2,2,2,ABSENTE,PROBABLE_A_VERIFIER,CA03421C1086,,,,,CONSERVER_AMBIGU,IDENTITE_INSUFFISANTE,,PMMCF,NON_RESOLU,,COTATION_SECONDAIRE_OTC,ANDC.V,NOM_NORMALISE+UNIQUE_CANADA+OTC
ANK.V,ANGKOR RESOURCES CORP,Canada,CAD,VAN,TSXV,EQUITY,,ANGKOR RESOURCES CORP,2,2,2,2,ABSENTE,PROBABLE_A_VERIFIER,-,,,,,CONSERVER_AMBIGU,IDENTITE_INSUFFISANTE,,ANK,NON_RESOLU,,CONSERVER_PRINCIPALE_CANADA,ANK.V,NOM_NORMALISE+UNIQUE_CANADA+OTC
ANKOF,Angkor Resources Corp.,USA,USD,OQB,OTC Markets OTCQB,EQUITY,,ANGKOR RESOURCES CORP,2,2,2,2,ABSENTE,PROBABLE_A_VERIFIER,CA03476T1057,,,,,CONSERVER_AMBIGU,IDENTITE_INSUFFISANTE,,ANKOF,NON_RESOLU,,COTATION_SECONDAIRE_OTC,ANK.V,NOM_NORMALISE+UNIQUE_CANADA+OTC
APGO.V,APOLLO SILVER CORP,Canada,CAD,VAN,TSXV,EQUITY,,APOLLO SILVER CORP,2,2,2,2,ABSENTE,PROBABLE_A_VERIFIER,-,,,,,CONSERVER_AMBIGU,IDENTITE_INSUFFISANTE,,APGO,NON_RESOLU,,CONSERVER_PRINCIPALE_CANADA,APGO.V,NOM_NORMALISE+UNIQUE_CANADA+OTC
APGOF,Apollo Silver Corp.,USA,USD,OQB,OTC Markets OTCQB,EQUITY,,APOLLO SILVER CORP,2,2,2,2,ABSENTE,PROBABLE_A_VERIFIER,CA03770A3073,,,,,CONSERVER_AMBIGU,IDENTITE_INSUFFISANTE,,APGOF,NON_RESOLU,,COTATION_SECONDAIRE_OTC,APGO.V,NOM_NORMALISE+UNIQUE_CANADA+OTC
AGAG.V,ARGENTA SILVER CORP,Canada,CAD,VAN,TSXV,EQUITY,,ARGENTA SILVER CORP,2,2,2,2,ABSENTE,PROBABLE_A_VERIFIER,-,,,,,CONSERVER_AMBIGU,IDENTITE_INSUFFISANTE,,AGAG,NON_RESOLU,,CONSERVER_PRINCIPALE_CANADA,AGAG.V,NOM_NORMALISE+UNIQUE_CANADA+OTC
AGAGF,Argenta Silver Corp,USA,USD,OQX,OTC Markets OTCQX,EQUITY,,ARGENTA SILVER CORP,2,2,2,2,ABSENTE,PROBABLE_A_VERIFIER,CA0399441033,,,,,CONSERVER_AMBIGU,IDENTITE_INSUFFISANTE,,AGAGF,NON_RESOLU,,COTATION_SECONDAIRE_OTC,AGAG.V,NOM_NORMALISE+UNIQUE_CANADA+OTC
ARK.V,ARRAS MINERALS CORP,Canada,CAD,VAN,TSXV,EQUITY,,ARRAS MINERALS CORP,2,2,2,2,ABSENTE,PROBABLE_A_VERIFIER,-,,,,,CONSERVER_AMBIGU,IDENTITE_INSUFFISANTE,,ARK,NON_RESOLU,,CONSERVER_PRINCIPALE_CANADA,ARK.V,NOM_NORMALISE+UNIQUE_CANADA+OTC
ARRKF,ARRAS MINERALS CORP.,USA,USD,OQB,OTC Markets OTCQB,EQUITY,,ARRAS MINERALS CORP,2,2,2,2,ABSENTE,PROBABLE_A_VERIFIER,CA04271V1058,,,,,CONSERVER_AMBIGU,IDENTITE_INSUFFISANTE,,ARRKF,NON_RESOLU,,COTATION_SECONDAIRE_OTC,ARK.V,NOM_NORMALISE+UNIQUE_CANADA+OTC
ARN.TO,ASARIAN ENERGY LIMITED,Canada,CAD,TOR,Toronto,EQUITY,,ASARIAN ENERGY LIMITED,2,2,2,2,ABSENTE,PROBABLE_A_VERIFIER,-,,,,,CONSERVER_AMBIGU,IDENTITE_INSUFFISANTE,,ARN,NON_RESOLU,,CONSERVER_PRINCIPALE_CANADA,ARN.TO,NOM_NORMALISE+UNIQUE_CANADA+OTC
FOSYF,Asarian Energy Limited,USA,USD,PNK,OTC Markets OTCPK,EQUITY,,ASARIAN ENERGY LIMITED,2,2,2,2,ABSENTE,PROBABLE_A_VERIFIER,CA04342X1069,,,,,CONSERVER_AMBIGU,IDENTITE_INSUFFISANTE,,FOSYF,NON_RESOLU,,COTATION_SECONDAIRE_OTC,ARN.TO,NOM_NORMALISE+UNIQUE_CANADA+OTC
SASK.V,ATHA ENERGY CORP,Canada,CAD,VAN,TSXV,EQUITY,,ATHA ENERGY CORP,2,2,2,2,ABSENTE,PROBABLE_A_VERIFIER,-,,,,,CONSERVER_AMBIGU,IDENTITE_INSUFFISANTE,,SASK,NON_RESOLU,,CONSERVER_PRINCIPALE_CANADA,SASK.V,NOM_NORMALISE+UNIQUE_CANADA+OTC
SASKF,Atha Energy Corp.,USA,USD,OQX,OTC Markets OTCQX,EQUITY,,ATHA ENERGY CORP,2,2,2,2,ABSENTE,PROBABLE_A_VERIFIER,CA0468241082,,,,,CONSERVER_AMBIGU,IDENTITE_INSUFFISANTE,,SASKF,NON_RESOLU,,COTATION_SECONDAIRE_OTC,SASK.V,NOM_NORMALISE+UNIQUE_CANADA+OTC
SALQF,ATLAS SALT INC.,USA,USD,OQX,OTC Markets OTCQX,EQUITY,,ATLAS SALT INC,2,2,2,2,ABSENTE,PROBABLE_A_VERIFIER,-,,,,,CONSERVER_AMBIGU,IDENTITE_INSUFFISANTE,,SALQF,NON_RESOLU,,COTATION_SECONDAIRE_OTC,SALT.V,NOM_NORMALISE+UNIQUE_CANADA+OTC
SALT.V,ATLAS SALT INC,Canada,CAD,VAN,TSXV,EQUITY,,ATLAS SALT INC,2,2,2,2,ABSENTE,PROBABLE_A_VERIFIER,-,,,,,CONSERVER_AMBIGU,IDENTITE_INSUFFISANTE,,SALT,NON_RESOLU,,CONSERVER_PRINCIPALE_CANADA,SALT.V,NOM_NORMALISE+UNIQUE_CANADA+OTC
AURFF,AURO METALS INC.,USA,USD,OQB,OTC Markets OTCQB,EQUITY,,AURO METALS INC,2,2,2,2,ABSENTE,PROBABLE_A_VERIFIER,CA05157Q1028,,,,,CONSERVER_AMBIGU,IDENTITE_INSUFFISANTE,,AURFF,NON_RESOLU,,COTATION_SECONDAIRE_OTC,AURO.V,NOM_NORMALISE+UNIQUE_CANADA+OTC
AURO.V,AURO METALS INC,Canada,CAD,VAN,TSXV,EQUITY,,AURO METALS INC,2,2,2,2,ABSENTE,PROBABLE_A_VERIFIER,-,,,,,CONSERVER_AMBIGU,IDENTITE_INSUFFISANTE,,AURO,NON_RESOLU,,CONSERVER_PRINCIPALE_CANADA,AURO.V,NOM_NORMALISE+UNIQUE_CANADA+OTC
CBWTF,Auxly Cannabis Group Inc.,USA,USD,OQB,OTC Markets OTCQB,EQUITY,,AUXLY CANNABIS GROUP INC,2,2,2,2,ABSENTE,PROBABLE_A_VERIFIER,CA05335P7039,,,,,CONSERVER_AMBIGU,IDENTITE_INSUFFISANTE,,CBWTF,NON_RESOLU,,COTATION_SECONDAIRE_OTC,XLY.TO,NOM_NORMALISE+UNIQUE_CANADA+OTC
XLY.TO,AUXLY CANNABIS GROUP INC,Canada,CAD,TOR,Toronto,EQUITY,,AUXLY CANNABIS GROUP INC,2,2,2,2,ABSENTE,PROBABLE_A_VERIFIER,-,,,,,CONSERVER_AMBIGU,IDENTITE_INSUFFISANTE,,XLY,NON_RESOLU,,CONSERVER_PRINCIPALE_CANADA,XLY.TO,NOM_NORMALISE+UNIQUE_CANADA+OTC
ARIC.V,AWALE RESOURCES LIMITED,Canada,CAD,VAN,TSXV,EQUITY,,AWALE RESOURCES LIMITED,2,2,2,2,ABSENTE,PROBABLE_A_VERIFIER,-,,,,,CONSERVER_AMBIGU,IDENTITE_INSUFFISANTE,,ARIC,NON_RESOLU,,CONSERVER_PRINCIPALE_CANADA,ARIC.V,NOM_NORMALISE+UNIQUE_CANADA+OTC
AWLRF,Awale Resources Limited,USA,USD,OQX,OTC Markets OTCQX,EQUITY,,AWALE RESOURCES LIMITED,2,2,2,2,ABSENTE,PROBABLE_A_VERIFIER,-,,,,,CONSERVER_AMBIGU,IDENTITE_INSUFFISANTE,,AWLRF,NON_RESOLU,,COTATION_SECONDAIRE_OTC,ARIC.V,NOM_NORMALISE+UNIQUE_CANADA+OTC
BEOLF,BEYOND OIL LTD.,USA,USD,OQB,OTC Markets OTCQB,EQUITY,,BEYOND OIL LTD,2,2,2,2,ABSENTE,PROBABLE_A_VERIFIER,CA0886691066,,,,,CONSERVER_AMBIGU,IDENTITE_INSUFFISANTE,,BEOLF,NON_RESOLU,,COTATION_SECONDAIRE_OTC,BOIL.TO,NOM_NORMALISE+UNIQUE_CANADA+OTC
BOIL.TO,BEYOND OIL LTD,Canada,CAD,TOR,Toronto,EQUITY,,BEYOND OIL LTD,2,2,2,2,ABSENTE,PROBABLE_A_VERIFIER,-,,,,,CONSERVER_AMBIGU,IDENTITE_INSUFFISANTE,,BOIL,NON_RESOLU,,CONSERVER_PRINCIPALE_CANADA,BOIL.TO,NOM_NORMALISE+UNIQUE_CANADA+OTC
ALVLF,Big Ridge Gold Corp.,USA,USD,OQB,OTC Markets OTCQB,EQUITY,,BIG RIDGE GOLD CORP,2,2,2,2,ABSENTE,PROBABLE_A_VERIFIER,-,,,,,CONSERVER_AMBIGU,IDENTITE_INSUFFISANTE,,ALVLF,NON_RESOLU,,COTATION_SECONDAIRE_OTC,BRAU.V,NOM_NORMALISE+UNIQUE_CANADA+OTC
BRAU.V,BIG RIDGE GOLD CORP,Canada,CAD,VAN,TSXV,EQUITY,,BIG RIDGE GOLD CORP,2,2,2,2,ABSENTE,PROBABLE_A_VERIFIER,-,,,,,CONSERVER_AMBIGU,IDENTITE_INSUFFISANTE,,BRAU,NON_RESOLU,,CONSERVER_PRINCIPALE_CANADA,BRAU.V,NOM_NORMALISE+UNIQUE_CANADA+OTC
BIOYF,BioSyent Inc.,USA,USD,PNK,OTC Markets OTCPK,EQUITY,,BIOSYENT INC,2,2,2,2,ABSENTE,PROBABLE_A_VERIFIER,CA0906901081,,,,,CONSERVER_AMBIGU,IDENTITE_INSUFFISANTE,,BIOYF,NON_RESOLU,,COTATION_SECONDAIRE_OTC,RX.V,NOM_NORMALISE+UNIQUE_CANADA+OTC
RX.V,BIOSYENT INC.,Canada,CAD,VAN,TSXV,EQUITY,,BIOSYENT INC,2,2,2,2,ABSENTE,PROBABLE_A_VERIFIER,-,,,,,CONSERVER_AMBIGU,IDENTITE_INSUFFISANTE,,RX,NON_RESOLU,,CONSERVER_PRINCIPALE_CANADA,RX.V,NOM_NORMALISE+UNIQUE_CANADA+OTC
BMM.V,BLACK MAMMOTH METALS CORP,Canada,CAD,VAN,TSXV,EQUITY,,BLACK MAMMOTH METALS CORP,2,2,2,2,ABSENTE,PROBABLE_A_VERIFIER,-,,,,,CONSERVER_AMBIGU,IDENTITE_INSUFFISANTE,,BMM,NON_RESOLU,,CONSERVER_PRINCIPALE_CANADA,BMM.V,NOM_NORMALISE+UNIQUE_CANADA+OTC
LQRCF,Black Mammoth Metals Corp,USA,USD,PNK,OTC Markets OTCPK,EQUITY,,BLACK MAMMOTH METALS CORP,2,2,2,2,ABSENTE,PROBABLE_A_VERIFIER,CA09215W1014,,,,,CONSERVER_AMBIGU,IDENTITE_INSUFFISANTE,,LQRCF,NON_RESOLU,,COTATION_SECONDAIRE_OTC,BMM.V,NOM_NORMALISE+UNIQUE_CANADA+OTC
BKRRF,Blackrock Silver Corp.,USA,USD,OQX,OTC Markets OTCQX,EQUITY,,BLACKROCK SILVER CORP,2,2,2,2,ABSENTE,PROBABLE_A_VERIFIER,CA09261Q1072,,,,,CONSERVER_AMBIGU,IDENTITE_INSUFFISANTE,,BKRRF,NON_RESOLU,,COTATION_SECONDAIRE_OTC,BRC.V,NOM_NORMALISE+UNIQUE_CANADA+OTC
BRC.V,BLACKROCK SILVER CORP,Canada,CAD,VAN,TSXV,EQUITY,,BLACKROCK SILVER CORP,2,2,2,2,ABSENTE,PROBABLE_A_VERIFIER,-,,,,,CONSERVER_AMBIGU,IDENTITE_INSUFFISANTE,,BRC,NON_RESOLU,,CONSERVER_PRINCIPALE_CANADA,BRC.V,NOM_NORMALISE+UNIQUE_CANADA+OTC
BNE.TO,BONTERRA ENERGY CORP,Canada,CAD,TOR,Toronto,EQUITY,,BONTERRA ENERGY CORP,2,2,2,2,ABSENTE,PROBABLE_A_VERIFIER,-,,,,,CONSERVER_AMBIGU,IDENTITE_INSUFFISANTE,,BNE,NON_RESOLU,,CONSERVER_PRINCIPALE_CANADA,BNE.TO,NOM_NORMALISE+UNIQUE_CANADA+OTC
BNEFF,Bonterra Energy Corp.,USA,USD,OID,OTC Markets OTCID,EQUITY,,BONTERRA ENERGY CORP,2,2,2,2,ABSENTE,PROBABLE_A_VERIFIER,CA0985461049,,,,,CONSERVER_AMBIGU,IDENTITE_INSUFFISANTE,,BNEFF,NON_RESOLU,,COTATION_SECONDAIRE_OTC,BNE.TO,NOM_NORMALISE+UNIQUE_CANADA+OTC
BPF-UN.TO,BOSTON PIZZA ROYALTIES INCOME F,Canada,CAD,TOR,Toronto,EQUITY,,BOSTON PIZZA ROYALTIES INCOME F,2,2,2,2,ABSENTE,PROBABLE_A_VERIFIER,-,,,,,CONSERVER_AMBIGU,IDENTITE_INSUFFISANTE,,BPF-UN,NON_RESOLU,,CONSERVER_PRINCIPALE_CANADA,BPF-UN.TO,NOM_NORMALISE+UNIQUE_CANADA+OTC
BPZZF,Boston Pizza Royalties Income F,USA,USD,PNK,OTC Markets OTCPK,EQUITY,,BOSTON PIZZA ROYALTIES INCOME F,2,2,2,2,ABSENTE,PROBABLE_A_VERIFIER,-,,,,,CONSERVER_AMBIGU,IDENTITE_INSUFFISANTE,,BPZZF,NON_RESOLU,,COTATION_SECONDAIRE_OTC,BPF-UN.TO,NOM_NORMALISE+UNIQUE_CANADA+OTC
BQE.V,BQE WATER INC,Canada,CAD,VAN,TSXV,EQUITY,,BQE WATER INC,3,3,3,3,ABSENTE,PROBABLE_A_VERIFIER,-,,,,,CONSERVER_AMBIGU,IDENTITE_INSUFFISANTE,,BQE,NON_RESOLU,,CONSERVER_PRINCIPALE_CANADA,BQE.V,NOM_NORMALISE+UNIQUE_CANADA+OTC
BTQNF,"BQE Water, Inc.",USA,USD,PNK,OTC Markets OTCPK,EQUITY,,BQE WATER INC,3,3,3,3,ABSENTE,PROBABLE_A_VERIFIER,CA0556402059,,,,,CONSERVER_AMBIGU,IDENTITE_INSUFFISANTE,,BTQNF,NON_RESOLU,,COTATION_SECONDAIRE_OTC,BQE.V,NOM_NORMALISE+UNIQUE_CANADA+OTC
UL5A.SG,BQE Water Inc.,Allemagne,EUR,STU,Stuttgart,EQUITY,,BQE WATER INC,3,3,3,3,ABSENTE,PROBABLE_A_VERIFIER,-,,,,,CONSERVER_AMBIGU,IDENTITE_INSUFFISANTE,,UL5A,NON_RESOLU,,HORS_REGLE,,
BRVMF,Bravo Mining Corp.,USA,USD,OQX,OTC Markets OTCQX,EQUITY,,BRAVO MINING CORP,2,2,2,2,ABSENTE,PROBABLE_A_VERIFIER,CA10566M1068,,,,,CONSERVER_AMBIGU,IDENTITE_INSUFFISANTE,,BRVMF,NON_RESOLU,,COTATION_SECONDAIRE_OTC,BRVO.V,NOM_NORMALISE+UNIQUE_CANADA+OTC
BRVO.V,BRAVO MINING CORP,Canada,CAD,VAN,TSXV,EQUITY,,BRAVO MINING CORP,2,2,2,2,ABSENTE,PROBABLE_A_VERIFIER,-,,,,,CONSERVER_AMBIGU,IDENTITE_INSUFFISANTE,,BRVO,NON_RESOLU,,CONSERVER_PRINCIPALE_CANADA,BRVO.V,NOM_NORMALISE+UNIQUE_CANADA+OTC
BDCTF,BUILDDIRECT COM TECHNOLOGIES IN,USA,USD,OQB,OTC Markets OTCQB,EQUITY,,BUILDDIRECT COM TECHNOLOGIES IN,2,2,2,2,ABSENTE,PROBABLE_A_VERIFIER,-,,,,,CONSERVER_AMBIGU,IDENTITE_INSUFFISANTE,,BDCTF,NON_RESOLU,,COTATION_SECONDAIRE_OTC,BILD.V,NOM_NORMALISE+UNIQUE_CANADA+OTC
BILD.V,BUILDDIRECT.COM TECHNOLOGIES IN,Canada,CAD,VAN,TSXV,EQUITY,,BUILDDIRECT COM TECHNOLOGIES IN,2,2,2,2,ABSENTE,PROBABLE_A_VERIFIER,-,,,,,CONSERVER_AMBIGU,IDENTITE_INSUFFISANTE,,BILD,NON_RESOLU,,CONSERVER_PRINCIPALE_CANADA,BILD.V,NOM_NORMALISE+UNIQUE_CANADA+OTC
BHLL,Bunker Hill Mining Corp.,USA,USD,OQB,OTC Markets OTCQB,EQUITY,,BUNKER HILL MINING CORP,2,2,2,2,ABSENTE,PROBABLE_A_VERIFIER,US1206138232,,,,,CONSERVER_AMBIGU,IDENTITE_INSUFFISANTE,,BHLL,NON_RESOLU,,COTATION_SECONDAIRE_OTC,BNKR.TO,NOM_NORMALISE+UNIQUE_CANADA+OTC
BNKR.TO,BUNKER HILL MINING CORP,Canada,CAD,TOR,Toronto,EQUITY,,BUNKER HILL MINING CORP,2,2,2,2,ABSENTE,PROBABLE_A_VERIFIER,-,,,,,CONSERVER_AMBIGU,IDENTITE_INSUFFISANTE,,BNKR,NON_RESOLU,,CONSERVER_PRINCIPALE_CANADA,BNKR.TO,NOM_NORMALISE+UNIQUE_CANADA+OTC
CAMB.V,CAMBRIA GOLD MINES INC,Canada,CAD,VAN,TSXV,EQUITY,,CAMBRIA GOLD MINES INC,2,2,2,2,ABSENTE,PROBABLE_A_VERIFIER,-,,,,,CONSERVER_AMBIGU,IDENTITE_INSUFFISANTE,,CAMB,NON_RESOLU,,CONSERVER_PRINCIPALE_CANADA,CAMB.V,NOM_NORMALISE+UNIQUE_CANADA+OTC
CAMVF,Cambria Gold Mines Inc.,USA,USD,OQX,OTC Markets OTCQX,EQUITY,,CAMBRIA GOLD MINES INC,2,2,2,2,ABSENTE,PROBABLE_A_VERIFIER,CA1320631080,,,,,CONSERVER_AMBIGU,IDENTITE_INSUFFISANTE,,CAMVF,NON_RESOLU,,COTATION_SECONDAIRE_OTC,CAMB.V,NOM_NORMALISE+UNIQUE_CANADA+OTC
CANX.V,CANEX METALS INC,Canada,CAD,VAN,TSXV,EQUITY,,CANEX METALS INC,2,2,2,2,ABSENTE,PROBABLE_A_VERIFIER,-,,,,,CONSERVER_AMBIGU,IDENTITE_INSUFFISANTE,,CANX,NON_RESOLU,,CONSERVER_PRINCIPALE_CANADA,CANX.V,NOM_NORMALISE+UNIQUE_CANADA+OTC
NOMNF,Canex Metals Inc.,USA,USD,PNK,OTC Markets OTCPK,EQUITY,,CANEX METALS INC,2,2,2,2,ABSENTE,PROBABLE_A_VERIFIER,CA13751X1015,,,,,CONSERVER_AMBIGU,IDENTITE_INSUFFISANTE,,NOMNF,NON_RESOLU,,COTATION_SECONDAIRE_OTC,CANX.V,NOM_NORMALISE+UNIQUE_CANADA+OTC
LOVE.TO,CANNARA BIOTECH INC,Canada,CAD,TOR,Toronto,EQUITY,,CANNARA BIOTECH INC,2,2,2,2,ABSENTE,PROBABLE_A_VERIFIER,-,,,,,CONSERVER_AMBIGU,IDENTITE_INSUFFISANTE,,LOVE,NON_RESOLU,,CONSERVER_PRINCIPALE_CANADA,LOVE.TO,NOM_NORMALISE+UNIQUE_CANADA+OTC
LOVFF,Cannara Biotech Inc.,USA,USD,OQX,OTC Markets OTCQX,EQUITY,,CANNARA BIOTECH INC,2,2,2,2,ABSENTE,PROBABLE_A_VERIFIER,CA13765U2002,,,,,CONSERVER_AMBIGU,IDENTITE_INSUFFISANTE,,LOVFF,NON_RESOLU,,COTATION_SECONDAIRE_OTC,LOVE.TO,NOM_NORMALISE+UNIQUE_CANADA+OTC
CAPT.V,CAPITAN SILVER CORP,Canada,CAD,VAN,TSXV,EQUITY,,CAPITAN SILVER CORP,2,2,2,2,ABSENTE,PROBABLE_A_VERIFIER,-,,,,,CONSERVER_AMBIGU,IDENTITE_INSUFFISANTE,,CAPT,NON_RESOLU,,CONSERVER_PRINCIPALE_CANADA,CAPT.V,NOM_NORMALISE+UNIQUE_CANADA+OTC
CAPTF,CAPITAN SILVER CORP.,USA,USD,OQX,OTC Markets OTCQX,EQUITY,,CAPITAN SILVER CORP,2,2,2,2,ABSENTE,PROBABLE_A_VERIFIER,-,,,,,CONSERVER_AMBIGU,IDENTITE_INSUFFISANTE,,CAPTF,NON_RESOLU,,COTATION_SECONDAIRE_OTC,CAPT.V,NOM_NORMALISE+UNIQUE_CANADA+OTC
ECR.V,CARTIER RESOURCES INC.,Canada,CAD,VAN,TSXV,EQUITY,,CARTIER RESOURCES INC,2,2,2,2,ABSENTE,PROBABLE_A_VERIFIER,-,,,,,CONSERVER_AMBIGU,IDENTITE_INSUFFISANTE,,ECR,NON_RESOLU,,CONSERVER_PRINCIPALE_CANADA,ECR.V,NOM_NORMALISE+UNIQUE_CANADA+OTC
ECRFF,"Cartier Resources, Inc.",USA,USD,OQB,OTC Markets OTCQB,EQUITY,,CARTIER RESOURCES INC,2,2,2,2,ABSENTE,PROBABLE_A_VERIFIER,CA1467721082,,,,,CONSERVER_AMBIGU,IDENTITE_INSUFFISANTE,,ECRFF,NON_RESOLU,,COTATION_SECONDAIRE_OTC,ECR.V,NOM_NORMALISE+UNIQUE_CANADA+OTC
CAM.V,CASCADIA MINERALS LTD,Canada,CAD,VAN,TSXV,EQUITY,,CASCADIA MINERALS LTD,3,3,3,3,ABSENTE,PROBABLE_A_VERIFIER,-,,,,,CONSERVER_AMBIGU,IDENTITE_INSUFFISANTE,,CAM,NON_RESOLU,,CONSERVER_PRINCIPALE_CANADA,CAM.V,NOM_NORMALISE+UNIQUE_CANADA+OTC
CAMNF,CASCADIA MINERALS LTD,USA,USD,OQB,OTC Markets OTCQB,EQUITY,,CASCADIA MINERALS LTD,3,3,3,3,ABSENTE,PROBABLE_A_VERIFIER,CA1469261004,,,,,CONSERVER_AMBIGU,IDENTITE_INSUFFISANTE,,CAMNF,NON_RESOLU,,COTATION_SECONDAIRE_OTC,CAM.V,NOM_NORMALISE+UNIQUE_CANADA+OTC
F6G.SG,Cascadia Minerals Ltd.,Allemagne,EUR,STU,Stuttgart,EQUITY,,CASCADIA MINERALS LTD,3,3,3,3,ABSENTE,PROBABLE_A_VERIFIER,-,,,,,CONSERVER_AMBIGU,IDENTITE_INSUFFISANTE,,F6G,NON_RESOLU,,HORS_REGLE,,
CERT.V,CERRADO GOLD INC,Canada,CAD,VAN,TSXV,EQUITY,,CERRADO GOLD INC,2,2,2,2,ABSENTE,PROBABLE_A_VERIFIER,-,,,,,CONSERVER_AMBIGU,IDENTITE_INSUFFISANTE,,CERT,NON_RESOLU,,CONSERVER_PRINCIPALE_CANADA,CERT.V,NOM_NORMALISE+UNIQUE_CANADA+OTC
CRDOF,Cerrado Gold Inc.,USA,USD,OQX,OTC Markets OTCQX,EQUITY,,CERRADO GOLD INC,2,2,2,2,ABSENTE,PROBABLE_A_VERIFIER,CA1567881018,,,,,CONSERVER_AMBIGU,IDENTITE_INSUFFISANTE,,CRDOF,NON_RESOLU,,COTATION_SECONDAIRE_OTC,CERT.V,NOM_NORMALISE+UNIQUE_CANADA+OTC
CDPMF,Cerro de Pasco Resources Inc,USA,USD,OQX,OTC Markets OTCQX,EQUITY,,CERRO DE PASCO RESOURCES INC,2,2,2,2,ABSENTE,PROBABLE_A_VERIFIER,CA1568281051,,,,,CONSERVER_AMBIGU,IDENTITE_INSUFFISANTE,,CDPMF,NON_RESOLU,,COTATION_SECONDAIRE_OTC,CDPR.V,NOM_NORMALISE+UNIQUE_CANADA+OTC
CDPR.V,CERRO DE PASCO RESOURCES INC,Canada,CAD,VAN,TSXV,EQUITY,,CERRO DE PASCO RESOURCES INC,2,2,2,2,ABSENTE,PROBABLE_A_VERIFIER,-,,,,,CONSERVER_AMBIGU,IDENTITE_INSUFFISANTE,,CDPR,NON_RESOLU,,CONSERVER_PRINCIPALE_CANADA,CDPR.V,NOM_NORMALISE+UNIQUE_CANADA+OTC
CHPGF,Chesapeake Gold Corp.,USA,USD,OQX,OTC Markets OTCQX,EQUITY,,CHESAPEAKE GOLD CORP,2,2,2,2,ABSENTE,PROBABLE_A_VERIFIER,CA1651841027,,,,,CONSERVER_AMBIGU,IDENTITE_INSUFFISANTE,,CHPGF,NON_RESOLU,,COTATION_SECONDAIRE_OTC,CKG.V,NOM_NORMALISE+UNIQUE_CANADA+OTC
CKG.V,CHESAPEAKE GOLD CORP.,Canada,CAD,VAN,TSXV,EQUITY,,CHESAPEAKE GOLD CORP,2,2,2,2,ABSENTE,PROBABLE_A_VERIFIER,-,,,,,CONSERVER_AMBIGU,IDENTITE_INSUFFISANTE,,CKG,NON_RESOLU,,CONSERVER_PRINCIPALE_CANADA,CKG.V,NOM_NORMALISE+UNIQUE_CANADA+OTC
CPH.TO,CIPHER PHARMACEUTICALS INC,Canada,CAD,TOR,Toronto,EQUITY,,CIPHER PHARMACEUTICALS INC,2,2,2,2,ABSENTE,PROBABLE_A_VERIFIER,-,,,,,CONSERVER_AMBIGU,IDENTITE_INSUFFISANTE,,CPH,NON_RESOLU,,CONSERVER_PRINCIPALE_CANADA,CPH.TO,NOM_NORMALISE+UNIQUE_CANADA+OTC
CPHRF,"Cipher Pharmaceuticals, Inc.",USA,USD,OQX,OTC Markets OTCQX,EQUITY,,CIPHER PHARMACEUTICALS INC,2,2,2,2,ABSENTE,PROBABLE_A_VERIFIER,CA17253X1050,,,,,CONSERVER_AMBIGU,IDENTITE_INSUFFISANTE,,CPHRF,NON_RESOLU,,COTATION_SECONDAIRE_OTC,CPH.TO,NOM_NORMALISE+UNIQUE_CANADA+OTC
CKI.TO,CLARKE INC,Canada,CAD,TOR,Toronto,EQUITY,,CLARKE INC,2,2,2,2,ABSENTE,PROBABLE_A_VERIFIER,-,,,,,CONSERVER_AMBIGU,IDENTITE_INSUFFISANTE,,CKI,NON_RESOLU,,CONSERVER_PRINCIPALE_CANADA,CKI.TO,NOM_NORMALISE+UNIQUE_CANADA+OTC
CLKFF,CLARKE INC,USA,USD,PNK,OTC Markets OTCPK,EQUITY,,CLARKE INC,2,2,2,2,ABSENTE,PROBABLE_A_VERIFIER,CA1819013071,,,,,CONSERVER_AMBIGU,IDENTITE_INSUFFISANTE,,CLKFF,NON_RESOLU,,COTATION_SECONDAIRE_OTC,CKI.TO,NOM_NORMALISE+UNIQUE_CANADA+OTC
CEI.V,COELACANTH ENERGY INC,Canada,CAD,VAN,TSXV,EQUITY,,COELACANTH ENERGY INC,2,2,2,2,ABSENTE,PROBABLE_A_VERIFIER,-,,,,,CONSERVER_AMBIGU,IDENTITE_INSUFFISANTE,,CEI,NON_RESOLU,,CONSERVER_PRINCIPALE_CANADA,CEI.V,NOM_NORMALISE+UNIQUE_CANADA+OTC
CEIEF,COELACANTH ENERGY INC,USA,USD,PNK,OTC Markets OTCPK,EQUITY,,COELACANTH ENERGY INC,2,2,2,2,ABSENTE,PROBABLE_A_VERIFIER,CA1920771054,,,,,CONSERVER_AMBIGU,IDENTITE_INSUFFISANTE,,CEIEF,NON_RESOLU,,COTATION_SECONDAIRE_OTC,CEI.V,NOM_NORMALISE+UNIQUE_CANADA+OTC
CAD.V,COLONIAL COAL INTERNATIONAL COR,Canada,CAD,VAN,TSXV,EQUITY,,COLONIAL COAL INTERNATIONAL COR,2,2,2,2,ABSENTE,PROBABLE_A_VERIFIER,-,,,,,CONSERVER_AMBIGU,IDENTITE_INSUFFISANTE,,CAD,NON_RESOLU,,CONSERVER_PRINCIPALE_CANADA,CAD.V,NOM_NORMALISE+UNIQUE_CANADA+OTC
CCARF,Colonial Coal International Cor,USA,USD,PNK,OTC Markets OTCPK,EQUITY,,COLONIAL COAL INTERNATIONAL COR,2,2,2,2,ABSENTE,PROBABLE_A_VERIFIER,CA1956151098,,,,,CONSERVER_AMBIGU,IDENTITE_INSUFFISANTE,,CCARF,NON_RESOLU,,COTATION_SECONDAIRE_OTC,CAD.V,NOM_NORMALISE+UNIQUE_CANADA+OTC
CMDXF,Computer Modelling Group Ltd.,USA,USD,PNK,OTC Markets OTCPK,EQUITY,,COMPUTER MODELLING GROUP LTD,2,2,2,2,ABSENTE,PROBABLE_A_VERIFIER,CA2052491057,,,,,CONSERVER_AMBIGU,IDENTITE_INSUFFISANTE,,CMDXF,NON_RESOLU,,COTATION_SECONDAIRE_OTC,CMG.TO,NOM_NORMALISE+UNIQUE_CANADA+OTC
CMG.TO,COMPUTER MODELLING GROUP LTD,Canada,CAD,TOR,Toronto,EQUITY,,COMPUTER MODELLING GROUP LTD,2,2,2,2,ABSENTE,PROBABLE_A_VERIFIER,-,,,,,CONSERVER_AMBIGU,IDENTITE_INSUFFISANTE,,CMG,NON_RESOLU,,CONSERVER_PRINCIPALE_CANADA,CMG.TO,NOM_NORMALISE+UNIQUE_CANADA+OTC
CDR.TO,CONDOR ENERGIES INC,Canada,CAD,TOR,Toronto,EQUITY,,CONDOR ENERGIES INC,2,2,2,2,ABSENTE,PROBABLE_A_VERIFIER,-,,,,,CONSERVER_AMBIGU,IDENTITE_INSUFFISANTE,,CDR,NON_RESOLU,,CONSERVER_PRINCIPALE_CANADA,CDR.TO,NOM_NORMALISE+UNIQUE_CANADA+OTC
CNPRF,Condor Energies Inc.,USA,USD,PNK,OTC Markets OTCPK,EQUITY,,CONDOR ENERGIES INC,2,2,2,2,ABSENTE,PROBABLE_A_VERIFIER,-,,,,,CONSERVER_AMBIGU,IDENTITE_INSUFFISANTE,,CNPRF,NON_RESOLU,,COTATION_SECONDAIRE_OTC,CDR.TO,NOM_NORMALISE+UNIQUE_CANADA+OTC
CPFXF,Copper Fox Metals Inc.,USA,USD,OQX,OTC Markets OTCQX,EQUITY,,COPPER FOX METALS INC,2,2,2,2,ABSENTE,PROBABLE_A_VERIFIER,CA21749Q1046,,,,,CONSERVER_AMBIGU,IDENTITE_INSUFFISANTE,,CPFXF,NON_RESOLU,,COTATION_SECONDAIRE_OTC,CUU.V,NOM_NORMALISE+UNIQUE_CANADA+OTC
CUU.V,COPPER FOX METALS INC,Canada,CAD,VAN,TSXV,EQUITY,,COPPER FOX METALS INC,2,2,2,2,ABSENTE,PROBABLE_A_VERIFIER,-,,,,,CONSERVER_AMBIGU,IDENTITE_INSUFFISANTE,,CUU,NON_RESOLU,,CONSERVER_PRINCIPALE_CANADA,CUU.V,NOM_NORMALISE+UNIQUE_CANADA+OTC
CGNRF,Copper Giant Resources Corp.,USA,USD,OQX,OTC Markets OTCQX,EQUITY,,COPPER GIANT RESOURCES CORP,3,2,3,2,ABSENTE,PROBABLE_A_VERIFIER,CA21750C1014,,,,,CONSERVER_AMBIGU,IDENTITE_INSUFFISANTE,,CGNRF,NON_RESOLU,,COTATION_SECONDAIRE_OTC,CGNT.V,NOM_NORMALISE+UNIQUE_CANADA+OTC
CGNT.V,COPPER GIANT RESOURCES CORP,Canada,CAD,VAN,TSXV,EQUITY,,COPPER GIANT RESOURCES CORP,3,2,3,2,ABSENTE,PROBABLE_A_VERIFIER,-,,,,,CONSERVER_AMBIGU,IDENTITE_INSUFFISANTE,,CGNT,NON_RESOLU,,CONSERVER_PRINCIPALE_CANADA,CGNT.V,NOM_NORMALISE+UNIQUE_CANADA+OTC
LBCMF,Copper Giant Resources Corp.,USA,USD,PNK,OTC Markets OTCPK,EQUITY,,COPPER GIANT RESOURCES CORP,3,2,3,2,ABSENTE,PROBABLE_A_VERIFIER,-,,,,,CONSERVER_AMBIGU,IDENTITE_INSUFFISANTE,,LBCMF,NON_RESOLU,,COTATION_SECONDAIRE_OTC,CGNT.V,NOM_NORMALISE+UNIQUE_CANADA+OTC
CTH.V,COTEC HOLDINGS CORP,Canada,CAD,VAN,TSXV,EQUITY,,COTEC HOLDINGS CORP,2,2,2,2,ABSENTE,PROBABLE_A_VERIFIER,-,,,,,CONSERVER_AMBIGU,IDENTITE_INSUFFISANTE,,CTH,NON_RESOLU,,CONSERVER_PRINCIPALE_CANADA,CTH.V,NOM_NORMALISE+UNIQUE_CANADA+OTC
CTHCF,CoTec Holdings Corp.,USA,USD,OQX,OTC Markets OTCQX,EQUITY,,COTEC HOLDINGS CORP,2,2,2,2,ABSENTE,PROBABLE_A_VERIFIER,CA22165A1021,,,,,CONSERVER_AMBIGU,IDENTITE_INSUFFISANTE,,CTHCF,NON_RESOLU,,COTATION_SECONDAIRE_OTC,CTH.V,NOM_NORMALISE+UNIQUE_CANADA+OTC
COV.V,COVALON TECHNOLOGIES LTD,Canada,CAD,VAN,TSXV,EQUITY,,COVALON TECHNOLOGIES LTD,2,2,2,2,ABSENTE,PROBABLE_A_VERIFIER,-,,,,,CONSERVER_AMBIGU,IDENTITE_INSUFFISANTE,,COV,NON_RESOLU,,CONSERVER_PRINCIPALE_CANADA,COV.V,NOM_NORMALISE+UNIQUE_CANADA+OTC
CVALF,Covalon Technologies Ltd.,USA,USD,OQX,OTC Markets OTCQX,EQUITY,,COVALON TECHNOLOGIES LTD,2,2,2,2,ABSENTE,PROBABLE_A_VERIFIER,CA22282D3022,,,,,CONSERVER_AMBIGU,IDENTITE_INSUFFISANTE,,CVALF,NON_RESOLU,,COTATION_SECONDAIRE_OTC,COV.V,NOM_NORMALISE+UNIQUE_CANADA+OTC
CVO.TO,COVEO SOLUTIONS INC,Canada,CAD,TOR,Toronto,EQUITY,,COVEO SOLUTIONS INC,2,2,2,2,ABSENTE,PROBABLE_A_VERIFIER,-,,,,,CONSERVER_AMBIGU,IDENTITE_INSUFFISANTE,,CVO,NON_RESOLU,,CONSERVER_PRINCIPALE_CANADA,CVO.TO,NOM_NORMALISE+UNIQUE_CANADA+OTC
CVOSF,COVEO SOLUTIONS INC.,USA,USD,PNK,OTC Markets OTCPK,EQUITY,,COVEO SOLUTIONS INC,2,2,2,2,ABSENTE,PROBABLE_A_VERIFIER,CA22289D1078,,,,,CONSERVER_AMBIGU,IDENTITE_INSUFFISANTE,,CVOSF,NON_RESOLU,,COTATION_SECONDAIRE_OTC,CVO.TO,NOM_NORMALISE+UNIQUE_CANADA+OTC
CRE.V,CRITICAL ELEMENTS LITHIUM CORPO,Canada,CAD,VAN,TSXV,EQUITY,,CRITICAL ELEMENTS LITHIUM CORPO,2,2,2,2,ABSENTE,PROBABLE_A_VERIFIER,-,,,,,CONSERVER_AMBIGU,IDENTITE_INSUFFISANTE,,CRE,NON_RESOLU,,CONSERVER_PRINCIPALE_CANADA,CRE.V,NOM_NORMALISE+UNIQUE_CANADA+OTC
CRECF,Critical Elements Lithium Corpo,USA,USD,OQX,OTC Markets OTCQX,EQUITY,,CRITICAL ELEMENTS LITHIUM CORPO,2,2,2,2,ABSENTE,PROBABLE_A_VERIFIER,-,,,,,CONSERVER_AMBIGU,IDENTITE_INSUFFISANTE,,CRECF,NON_RESOLU,,COTATION_SECONDAIRE_OTC,CRE.V,NOM_NORMALISE+UNIQUE_CANADA+OTC
CURN,Currency Exchange International,USA,USD,OQX,OTC Markets OTCQX,EQUITY,,CURRENCY EXCHANGE INTERNATIONAL,2,2,2,2,ABSENTE,PROBABLE_A_VERIFIER,-,,,,,CONSERVER_AMBIGU,IDENTITE_INSUFFISANTE,,CURN,NON_RESOLU,,COTATION_SECONDAIRE_OTC,CXI.TO,NOM_NORMALISE+UNIQUE_CANADA+OTC
CXI.TO,CURRENCY EXCHANGE INTERNATIONAL,Canada,CAD,TOR,Toronto,EQUITY,,CURRENCY EXCHANGE INTERNATIONAL,2,2,2,2,ABSENTE,PROBABLE_A_VERIFIER,-,,,,,CONSERVER_AMBIGU,IDENTITE_INSUFFISANTE,,CXI,NON_RESOLU,,CONSERVER_PRINCIPALE_CANADA,CXI.TO,NOM_NORMALISE+UNIQUE_CANADA+OTC
CVW.V,CVW SUSTAINABLE ROYALTIES INC,Canada,CAD,VAN,TSXV,EQUITY,,CVW SUSTAINABLE ROYALTIES INC,2,2,2,2,ABSENTE,PROBABLE_A_VERIFIER,-,,,,,CONSERVER_AMBIGU,IDENTITE_INSUFFISANTE,,CVW,NON_RESOLU,,CONSERVER_PRINCIPALE_CANADA,CVW.V,NOM_NORMALISE+UNIQUE_CANADA+OTC
CVWFF,CVW SUSTAINABLE ROYALTIES INC.,USA,USD,OQX,OTC Markets OTCQX,EQUITY,,CVW SUSTAINABLE ROYALTIES INC,2,2,2,2,ABSENTE,PROBABLE_A_VERIFIER,CA23249L1067,,,,,CONSERVER_AMBIGU,IDENTITE_INSUFFISANTE,,CVWFF,NON_RESOLU,,COTATION_SECONDAIRE_OTC,CVW.V,NOM_NORMALISE+UNIQUE_CANADA+OTC
DMET.NE,DENARIUS METALS CORP.,Canada,CAD,NEO,Cboe CA,EQUITY,,DENARIUS METALS CORP,2,2,2,2,ABSENTE,PROBABLE_A_VERIFIER,-,,,,,CONSERVER_AMBIGU,IDENTITE_INSUFFISANTE,,DMET.NE,NON_RESOLU,,CONSERVER_PRINCIPALE_CANADA,DMET.NE,NOM_NORMALISE+UNIQUE_CANADA+OTC
DNRSF,Denarius Metals Corp.,USA,USD,OQX,OTC Markets OTCQX,EQUITY,,DENARIUS METALS CORP,2,2,2,2,ABSENTE,PROBABLE_A_VERIFIER,CA2482332079,,,,,CONSERVER_AMBIGU,IDENTITE_INSUFFISANTE,,DNRSF,NON_RESOLU,,COTATION_SECONDAIRE_OTC,DMET.NE,NOM_NORMALISE+UNIQUE_CANADA+OTC
DRT.TO,DIRTT ENVIRONMENTAL SOLUTIONS L,Canada,CAD,TOR,Toronto,EQUITY,,DIRTT ENVIRONMENTAL SOLUTIONS L,2,2,2,2,ABSENTE,PROBABLE_A_VERIFIER,LU3185647958,,,,,CONSERVER_AMBIGU,IDENTITE_INSUFFISANTE,,DRT,DISTINCT,ISIN_DIFFERENTS,CONSERVER_PRINCIPALE_CANADA,DRT.TO,NOM_NORMALISE+UNIQUE_CANADA+OTC
DRTTF,Dirtt Environmental Solutions L,USA,USD,OQX,OTC Markets OTCQX,EQUITY,,DIRTT ENVIRONMENTAL SOLUTIONS L,2,2,2,2,ABSENTE,PROBABLE_A_VERIFIER,CA25490H1064,,,,,CONSERVER_AMBIGU,IDENTITE_INSUFFISANTE,,DRTTF,DISTINCT,ISIN_DIFFERENTS,COTATION_SECONDAIRE_OTC,DRT.TO,NOM_NORMALISE+UNIQUE_CANADA+OTC
DMX.V,DISTRICT METALS CORP,Canada,CAD,VAN,TSXV,EQUITY,,DISTRICT METALS CORP,2,2,2,2,ABSENTE,PROBABLE_A_VERIFIER,-,,,,,CONSERVER_AMBIGU,IDENTITE_INSUFFISANTE,,DMX,NON_RESOLU,,CONSERVER_PRINCIPALE_CANADA,DMX.V,NOM_NORMALISE+UNIQUE_CANADA+OTC
DMXCF,District Metals Corp.,USA,USD,OQX,OTC Markets OTCQX,EQUITY,,DISTRICT METALS CORP,2,2,2,2,ABSENTE,PROBABLE_A_VERIFIER,-,,,,,CONSERVER_AMBIGU,IDENTITE_INSUFFISANTE,,DMXCF,NON_RESOLU,,COTATION_SECONDAIRE_OTC,DMX.V,NOM_NORMALISE+UNIQUE_CANADA+OTC
DF.TO,DIVIDEND 15 SPLIT CORP. II,Canada,CAD,TOR,Toronto,EQUITY,,DIVIDEND 15 SPLIT CORP II,2,2,2,2,ABSENTE,PROBABLE_A_VERIFIER,-,,,,,CONSERVER_AMBIGU,IDENTITE_INSUFFISANTE,,DF,NON_RESOLU,,CONSERVER_PRINCIPALE_CANADA,DF.TO,NOM_NORMALISE+UNIQUE_CANADA+OTC
DVDDF,DIVIDEND 15 SPLIT CORP II,USA,USD,PNK,OTC Markets OTCPK,EQUITY,,DIVIDEND 15 SPLIT CORP II,2,2,2,2,ABSENTE,PROBABLE_A_VERIFIER,DE0005547004,,,,,CONSERVER_AMBIGU,IDENTITE_INSUFFISANTE,,DVDDF,NON_RESOLU,,COTATION_SECONDAIRE_OTC,DF.TO,NOM_NORMALISE+UNIQUE_CANADA+OTC
DMGGF,DMG Blockchain Solutions Inc.,USA,USD,OQB,OTC Markets OTCQB,EQUITY,,DMG BLOCKCHAIN SOLUTIONS INC,2,2,2,2,ABSENTE,PROBABLE_A_VERIFIER,CA23345B2003,,,,,CONSERVER_AMBIGU,IDENTITE_INSUFFISANTE,,DMGGF,NON_RESOLU,,COTATION_SECONDAIRE_OTC,DMGI.V,NOM_NORMALISE+UNIQUE_CANADA+OTC
DMGI.V,DMG BLOCKCHAIN SOLUTIONS INC,Canada,CAD,VAN,TSXV,EQUITY,,DMG BLOCKCHAIN SOLUTIONS INC,2,2,2,2,ABSENTE,PROBABLE_A_VERIFIER,-,,,,,CONSERVER_AMBIGU,IDENTITE_INSUFFISANTE,,DMGI,NON_RESOLU,,CONSERVER_PRINCIPALE_CANADA,DMGI.V,NOM_NORMALISE+UNIQUE_CANADA+OTC
DBG.V,DOUBLEVIEW GOLD CORP,Canada,CAD,VAN,TSXV,EQUITY,,DOUBLEVIEW GOLD CORP,2,2,2,2,ABSENTE,PROBABLE_A_VERIFIER,-,,,,,CONSERVER_AMBIGU,IDENTITE_INSUFFISANTE,,DBG,NON_RESOLU,,CONSERVER_PRINCIPALE_CANADA,DBG.V,NOM_NORMALISE+UNIQUE_CANADA+OTC
DBLVF,Doubleview Gold Corp.,USA,USD,OQX,OTC Markets OTCQX,EQUITY,,DOUBLEVIEW GOLD CORP,2,2,2,2,ABSENTE,PROBABLE_A_VERIFIER,-,,,,,CONSERVER_AMBIGU,IDENTITE_INSUFFISANTE,,DBLVF,NON_RESOLU,,COTATION_SECONDAIRE_OTC,DBG.V,NOM_NORMALISE+UNIQUE_CANADA+OTC
DNG.TO,DYNACOR GROUP INC,Canada,CAD,TOR,Toronto,EQUITY,,DYNACOR GROUP INC,2,2,2,2,ABSENTE,PROBABLE_A_VERIFIER,-,,,,,CONSERVER_AMBIGU,IDENTITE_INSUFFISANTE,,DNG,NON_RESOLU,,CONSERVER_PRINCIPALE_CANADA,DNG.TO,NOM_NORMALISE+UNIQUE_CANADA+OTC
DNGDF,Dynacor Group Inc.,USA,USD,PNK,OTC Markets OTCPK,EQUITY,,DYNACOR GROUP INC,2,2,2,2,ABSENTE,PROBABLE_A_VERIFIER,CA26780B1067,,,,,CONSERVER_AMBIGU,IDENTITE_INSUFFISANTE,,DNGDF,NON_RESOLU,,COTATION_SECONDAIRE_OTC,DNG.TO,NOM_NORMALISE+UNIQUE_CANADA+OTC
ENS.TO,E SPLIT CORP,Canada,CAD,TOR,Toronto,EQUITY,,E SPLIT CORP,2,2,2,2,ABSENTE,PROBABLE_A_VERIFIER,CA11222U1021,,,,,CONSERVER_AMBIGU,IDENTITE_INSUFFISANTE,,ENS,NON_RESOLU,,CONSERVER_PRINCIPALE_CANADA,ENS.TO,NOM_NORMALISE+UNIQUE_CANADA+OTC
ENSPF,E Split Corp.,USA,USD,PNK,OTC Markets OTCPK,EQUITY,,E SPLIT CORP,2,2,2,2,ABSENTE,PROBABLE_A_VERIFIER,-,,,,,CONSERVER_AMBIGU,IDENTITE_INSUFFISANTE,,ENSPF,NON_RESOLU,,COTATION_SECONDAIRE_OTC,ENS.TO,NOM_NORMALISE+UNIQUE_CANADA+OTC
0Y8.SG,EcoSynthetix Inc.,Allemagne,EUR,STU,Stuttgart,EQUITY,,ECOSYNTHETIX INC,3,3,3,3,ABSENTE,PROBABLE_A_VERIFIER,-,,,,,CONSERVER_AMBIGU,IDENTITE_INSUFFISANTE,,0Y8,NON_RESOLU,,HORS_REGLE,,
ECO.TO,ECOSYNTHETIX INC,Canada,CAD,TOR,Toronto,EQUITY,,ECOSYNTHETIX INC,3,3,3,3,ABSENTE,PROBABLE_A_VERIFIER,-,,,,,CONSERVER_AMBIGU,IDENTITE_INSUFFISANTE,,ECO,NON_RESOLU,,CONSERVER_PRINCIPALE_CANADA,ECO.TO,NOM_NORMALISE+UNIQUE_CANADA+OTC
ECSNF,"Ecosynthetix, Inc.",USA,USD,PNK,OTC Markets OTCPK,EQUITY,,ECOSYNTHETIX INC,3,3,3,3,ABSENTE,PROBABLE_A_VERIFIER,CA27923D1087,,,,,CONSERVER_AMBIGU,IDENTITE_INSUFFISANTE,,ECSNF,NON_RESOLU,,COTATION_SECONDAIRE_OTC,ECO.TO,NOM_NORMALISE+UNIQUE_CANADA+OTC
EDCU.TO,EDGE COPPER CORPORATION,Canada,CAD,TOR,Toronto,EQUITY,,EDGE COPPER CORPORATION,2,2,2,2,ABSENTE,PROBABLE_A_VERIFIER,-,,,,,CONSERVER_AMBIGU,IDENTITE_INSUFFISANTE,,EDCU,NON_RESOLU,,CONSERVER_PRINCIPALE_CANADA,EDCU.TO,NOM_NORMALISE+UNIQUE_CANADA+OTC
PLLMF,Edge Copper Corporation,USA,USD,PNK,OTC Markets OTCPK,EQUITY,,EDGE COPPER CORPORATION,2,2,2,2,ABSENTE,PROBABLE_A_VERIFIER,CA2798521076,,,,,CONSERVER_AMBIGU,IDENTITE_INSUFFISANTE,,PLLMF,NON_RESOLU,,COTATION_SECONDAIRE_OTC,EDCU.TO,NOM_NORMALISE+UNIQUE_CANADA+OTC
ECU.V,ELEMENT 29 RESOURCES INC,Canada,CAD,VAN,TSXV,EQUITY,,ELEMENT 29 RESOURCES INC,2,2,2,2,ABSENTE,PROBABLE_A_VERIFIER,DE000A0LR4P1,,,,,CONSERVER_AMBIGU,IDENTITE_INSUFFISANTE,,ECU,DISTINCT,ISIN_DIFFERENTS,CONSERVER_PRINCIPALE_CANADA,ECU.V,NOM_NORMALISE+UNIQUE_CANADA+OTC
EMTRF,Element 29 Resources Inc.,USA,USD,OQX,OTC Markets OTCQX,EQUITY,,ELEMENT 29 RESOURCES INC,2,2,2,2,ABSENTE,PROBABLE_A_VERIFIER,CA28619M1059,,,,,CONSERVER_AMBIGU,IDENTITE_INSUFFISANTE,,EMTRF,DISTINCT,ISIN_DIFFERENTS,COTATION_SECONDAIRE_OTC,ECU.V,NOM_NORMALISE+UNIQUE_CANADA+OTC
ELO.TO,ELORO RESOURCES LTD,Canada,CAD,TOR,Toronto,EQUITY,,ELORO RESOURCES LTD,2,2,2,2,ABSENTE,PROBABLE_A_VERIFIER,-,,,,,CONSERVER_AMBIGU,IDENTITE_INSUFFISANTE,,ELO,NON_RESOLU,,CONSERVER_PRINCIPALE_CANADA,ELO.TO,NOM_NORMALISE+UNIQUE_CANADA+OTC
ELRRF,Eloro Resources Ltd.,USA,USD,OQX,OTC Markets OTCQX,EQUITY,,ELORO RESOURCES LTD,2,2,2,2,ABSENTE,PROBABLE_A_VERIFIER,CA2899003008,,,,,CONSERVER_AMBIGU,IDENTITE_INSUFFISANTE,,ELRRF,NON_RESOLU,,COTATION_SECONDAIRE_OTC,ELO.TO,NOM_NORMALISE+UNIQUE_CANADA+OTC
EMO.V,EMERITA RESOURCES CORP,Canada,CAD,VAN,TSXV,EQUITY,,EMERITA RESOURCES CORP,2,2,2,2,ABSENTE,PROBABLE_A_VERIFIER,-,,,,,CONSERVER_AMBIGU,IDENTITE_INSUFFISANTE,,EMO,NON_RESOLU,,CONSERVER_PRINCIPALE_CANADA,EMO.V,NOM_NORMALISE+UNIQUE_CANADA+OTC
EMOTF,Emerita Resources Corp.,USA,USD,OQX,OTC Markets OTCQX,EQUITY,,EMERITA RESOURCES CORP,2,2,2,2,ABSENTE,PROBABLE_A_VERIFIER,CA29102L4064,,,,,CONSERVER_AMBIGU,IDENTITE_INSUFFISANTE,,EMOTF,NON_RESOLU,,COTATION_SECONDAIRE_OTC,EMO.V,NOM_NORMALISE+UNIQUE_CANADA+OTC
EMPR.V,EMPRESS ROYALTY CORP,Canada,CAD,VAN,TSXV,EQUITY,,EMPRESS ROYALTY CORP,2,2,2,2,ABSENTE,PROBABLE_A_VERIFIER,-,,,,,CONSERVER_AMBIGU,IDENTITE_INSUFFISANTE,,EMPR,NON_RESOLU,,CONSERVER_PRINCIPALE_CANADA,EMPR.V,NOM_NORMALISE+UNIQUE_CANADA+OTC
EMPYF,Empress Royalty Corp.,USA,USD,OQX,OTC Markets OTCQX,EQUITY,,EMPRESS ROYALTY CORP,2,2,2,2,ABSENTE,PROBABLE_A_VERIFIER,-,,,,,CONSERVER_AMBIGU,IDENTITE_INSUFFISANTE,,EMPYF,NON_RESOLU,,COTATION_SECONDAIRE_OTC,EMPR.V,NOM_NORMALISE+UNIQUE_CANADA+OTC
ENA.V,ENABLENCE TECHNOLOGIES INC,Canada,CAD,VAN,TSXV,EQUITY,,ENABLENCE TECHNOLOGIES INC,2,2,2,2,ABSENTE,PROBABLE_A_VERIFIER,-,,,,,CONSERVER_AMBIGU,IDENTITE_INSUFFISANTE,,ENA,NON_RESOLU,,CONSERVER_PRINCIPALE_CANADA,ENA.V,NOM_NORMALISE+UNIQUE_CANADA+OTC
ENAFF,"Enablence Technologies, Inc.",USA,USD,PNK,OTC Markets OTCPK,EQUITY,,ENABLENCE TECHNOLOGIES INC,2,2,2,2,ABSENTE,PROBABLE_A_VERIFIER,CA2924833023,,,,,CONSERVER_AMBIGU,IDENTITE_INSUFFISANTE,,ENAFF,NON_RESOLU,,COTATION_SECONDAIRE_OTC,ENA.V,NOM_NORMALISE+UNIQUE_CANADA+OTC
EDG.V,ENDURANCE GOLD CORP.,Canada,CAD,VAN,TSXV,EQUITY,,ENDURANCE GOLD CORP,2,2,2,2,ABSENTE,PROBABLE_A_VERIFIER,-,,,,,CONSERVER_AMBIGU,IDENTITE_INSUFFISANTE,,EDG,NON_RESOLU,,CONSERVER_PRINCIPALE_CANADA,EDG.V,NOM_NORMALISE+UNIQUE_CANADA+OTC
ENDGF,Endurance Gold Corp.,USA,USD,OQB,OTC Markets OTCQB,EQUITY,,ENDURANCE GOLD CORP,2,2,2,2,ABSENTE,PROBABLE_A_VERIFIER,CA29267M1086,,,,,CONSERVER_AMBIGU,IDENTITE_INSUFFISANTE,,ENDGF,NON_RESOLU,,COTATION_SECONDAIRE_OTC,EDG.V,NOM_NORMALISE+UNIQUE_CANADA+OTC
ERD.TO,ERDENE RESOURCE DEVELOPMENT COR,Canada,CAD,TOR,Toronto,EQUITY,,ERDENE RESOURCE DEVELOPMENT COR,2,2,2,2,ABSENTE,PROBABLE_A_VERIFIER,-,,,,,CONSERVER_AMBIGU,IDENTITE_INSUFFISANTE,,ERD,NON_RESOLU,,CONSERVER_PRINCIPALE_CANADA,ERD.TO,NOM_NORMALISE+UNIQUE_CANADA+OTC
ERDCF,Erdene Resource Development Cor,USA,USD,OQX,OTC Markets OTCQX,EQUITY,,ERDENE RESOURCE DEVELOPMENT COR,2,2,2,2,ABSENTE,PROBABLE_A_VERIFIER,CA29480N4049,,,,,CONSERVER_AMBIGU,IDENTITE_INSUFFISANTE,,ERDCF,NON_RESOLU,,COTATION_SECONDAIRE_OTC,ERD.TO,NOM_NORMALISE+UNIQUE_CANADA+OTC
E.TO,EVOLUTION POWERX CORP,Canada,CAD,TOR,Toronto,EQUITY,,EVOLUTION POWERX CORP,2,2,2,2,ABSENTE,PROBABLE_A_VERIFIER,-,,,,,CONSERVER_AMBIGU,IDENTITE_INSUFFISANTE,,E,NON_RESOLU,,CONSERVER_PRINCIPALE_CANADA,E.TO,NOM_NORMALISE+UNIQUE_CANADA+OTC
ETOLF,EVOLUTION POWERX CORP.,USA,USD,OQB,OTC Markets OTCQB,EQUITY,,EVOLUTION POWERX CORP,2,2,2,2,ABSENTE,PROBABLE_A_VERIFIER,CA30055E1007,,,,,CONSERVER_AMBIGU,IDENTITE_INSUFFISANTE,,ETOLF,NON_RESOLU,,COTATION_SECONDAIRE_OTC,E.TO,NOM_NORMALISE+UNIQUE_CANADA+OTC
EXN.V,EXCELLON RESOURCES INC,Canada,CAD,VAN,TSXV,EQUITY,,EXCELLON RESOURCES INC,2,2,2,2,ABSENTE,PROBABLE_A_VERIFIER,-,,,,,CONSERVER_AMBIGU,IDENTITE_INSUFFISANTE,,EXN,NON_RESOLU,,CONSERVER_PRINCIPALE_CANADA,EXN.V,NOM_NORMALISE+UNIQUE_CANADA+OTC
EXNRF,Excellon Resources Inc.,USA,USD,OQB,OTC Markets OTCQB,EQUITY,,EXCELLON RESOURCES INC,2,2,2,2,ABSENTE,PROBABLE_A_VERIFIER,CA30069C8016,,,,,CONSERVER_AMBIGU,IDENTITE_INSUFFISANTE,,EXNRF,NON_RESOLU,,COTATION_SECONDAIRE_OTC,EXN.V,NOM_NORMALISE+UNIQUE_CANADA+OTC
FPC.V,FALCO RESOURCES LTD,Canada,CAD,VAN,TSXV,EQUITY,,FALCO RESOURCES LTD,2,2,2,2,ABSENTE,PROBABLE_A_VERIFIER,-,,,,,CONSERVER_AMBIGU,IDENTITE_INSUFFISANTE,,FPC,NON_RESOLU,,CONSERVER_PRINCIPALE_CANADA,FPC.V,NOM_NORMALISE+UNIQUE_CANADA+OTC
FPRGF,Falco Resources Ltd.,USA,USD,PNK,OTC Markets OTCPK,EQUITY,,FALCO RESOURCES LTD,2,2,2,2,ABSENTE,PROBABLE_A_VERIFIER,CA30606C1086,,,,,CONSERVER_AMBIGU,IDENTITE_INSUFFISANTE,,FPRGF,NON_RESOLU,,COTATION_SECONDAIRE_OTC,FPC.V,NOM_NORMALISE+UNIQUE_CANADA+OTC
FLCN.V,FALCON ENERGY MATERIALS PLC,Canada,CAD,VAN,TSXV,EQUITY,,FALCON ENERGY MATERIALS PLC,2,2,2,2,ABSENTE,PROBABLE_A_VERIFIER,-,,,,,CONSERVER_AMBIGU,IDENTITE_INSUFFISANTE,,FLCN,NON_RESOLU,,CONSERVER_PRINCIPALE_CANADA,FLCN.V,NOM_NORMALISE+UNIQUE_CANADA+OTC
FLCNF,Falcon Energy Materials plc,USA,USD,OQB,OTC Markets OTCQB,EQUITY,,FALCON ENERGY MATERIALS PLC,2,2,2,2,ABSENTE,PROBABLE_A_VERIFIER,AE000A40HL14,,,,,CONSERVER_AMBIGU,IDENTITE_INSUFFISANTE,,FLCNF,NON_RESOLU,,COTATION_SECONDAIRE_OTC,FLCN.V,NOM_NORMALISE+UNIQUE_CANADA+OTC
FCD-UN.TO,FIRM CAPITAL PROPERTY TRUST,Canada,CAD,TOR,Toronto,EQUITY,,FIRM CAPITAL PROPERTY TRUST,2,2,2,2,ABSENTE,PROBABLE_A_VERIFIER,-,,,,,CONSERVER_AMBIGU,IDENTITE_INSUFFISANTE,,FCD-UN,NON_RESOLU,,CONSERVER_PRINCIPALE_CANADA,FCD-UN.TO,NOM_NORMALISE+UNIQUE_CANADA+OTC
FRMUF,Firm Capital Property Trust,USA,USD,PNK,OTC Markets OTCPK,EQUITY,,FIRM CAPITAL PROPERTY TRUST,2,2,2,2,ABSENTE,PROBABLE_A_VERIFIER,CA3183261054,,,,,CONSERVER_AMBIGU,IDENTITE_INSUFFISANTE,,FRMUF,NON_RESOLU,,COTATION_SECONDAIRE_OTC,FCD-UN.TO,NOM_NORMALISE+UNIQUE_CANADA+OTC
FTZ.V,FITZROY MINERALS INC,Canada,CAD,VAN,TSXV,EQUITY,,FITZROY MINERALS INC,2,2,2,2,ABSENTE,PROBABLE_A_VERIFIER,-,,,,,CONSERVER_AMBIGU,IDENTITE_INSUFFISANTE,,FTZ,NON_RESOLU,,CONSERVER_PRINCIPALE_CANADA,FTZ.V,NOM_NORMALISE+UNIQUE_CANADA+OTC
FTZFF,Fitzroy Minerals Inc.,USA,USD,OQX,OTC Markets OTCQX,EQUITY,,FITZROY MINERALS INC,2,2,2,2,ABSENTE,PROBABLE_A_VERIFIER,CA33827E1016,,,,,CONSERVER_AMBIGU,IDENTITE_INSUFFISANTE,,FTZFF,NON_RESOLU,,COTATION_SECONDAIRE_OTC,FTZ.V,NOM_NORMALISE+UNIQUE_CANADA+OTC
FLNT.TO,FLINT CORP,Canada,CAD,TOR,Toronto,EQUITY,,FLINT CORP,2,2,2,2,ABSENTE,PROBABLE_A_VERIFIER,AU0000358392,,,,,CONSERVER_AMBIGU,IDENTITE_INSUFFISANTE,,FLNT,DISTINCT,ISIN_DIFFERENTS,CONSERVER_PRINCIPALE_CANADA,FLNT.TO,NOM_NORMALISE+UNIQUE_CANADA+OTC
NWPIF,FLINT CORP.,USA,USD,PNK,OTC Markets OTCPK,EQUITY,,FLINT CORP,2,2,2,2,ABSENTE,PROBABLE_A_VERIFIER,CA33944M4083,,,,,CONSERVER_AMBIGU,IDENTITE_INSUFFISANTE,,NWPIF,DISTINCT,ISIN_DIFFERENTS,COTATION_SECONDAIRE_OTC,FLNT.TO,NOM_NORMALISE+UNIQUE_CANADA+OTC
FPOCF,FPX Nickel Corp.,USA,USD,OQX,OTC Markets OTCQX,EQUITY,,FPX NICKEL CORP,2,2,2,2,ABSENTE,PROBABLE_A_VERIFIER,-,,,,,CONSERVER_AMBIGU,IDENTITE_INSUFFISANTE,,FPOCF,NON_RESOLU,,COTATION_SECONDAIRE_OTC,FPX.V,NOM_NORMALISE+UNIQUE_CANADA+OTC
FPX.V,FPX NICKEL CORP,Canada,CAD,VAN,TSXV,EQUITY,,FPX NICKEL CORP,2,2,2,2,ABSENTE,PROBABLE_A_VERIFIER,-,,,,,CONSERVER_AMBIGU,IDENTITE_INSUFFISANTE,,FPX,NON_RESOLU,,CONSERVER_PRINCIPALE_CANADA,FPX.V,NOM_NORMALISE+UNIQUE_CANADA+OTC
FMAN.V,FREEMAN GOLD CORP,Canada,CAD,VAN,TSXV,EQUITY,,FREEMAN GOLD CORP,2,2,2,2,ABSENTE,PROBABLE_A_VERIFIER,-,,,,,CONSERVER_AMBIGU,IDENTITE_INSUFFISANTE,,FMAN,NON_RESOLU,,CONSERVER_PRINCIPALE_CANADA,FMAN.V,NOM_NORMALISE+UNIQUE_CANADA+OTC
FMANF,Freeman Gold Corp.,USA,USD,OQB,OTC Markets OTCQB,EQUITY,,FREEMAN GOLD CORP,2,2,2,2,ABSENTE,PROBABLE_A_VERIFIER,CA35658P1053,,,,,CONSERVER_AMBIGU,IDENTITE_INSUFFISANTE,,FMANF,NON_RESOLU,,COTATION_SECONDAIRE_OTC,FMAN.V,NOM_NORMALISE+UNIQUE_CANADA+OTC
GAL.V,GALANTAS GOLD CORP.,Canada,CAD,VAN,TSXV,EQUITY,,GALANTAS GOLD CORP,2,2,2,2,ABSENTE,PROBABLE_A_VERIFIER,-,,,,,CONSERVER_AMBIGU,IDENTITE_INSUFFISANTE,,GAL,NON_RESOLU,,CONSERVER_PRINCIPALE_CANADA,GAL.V,NOM_NORMALISE+UNIQUE_CANADA+OTC
GALKF,Galantas Gold Corp.,USA,USD,PNK,OTC Markets OTCPK,EQUITY,,GALANTAS GOLD CORP,2,2,2,2,ABSENTE,PROBABLE_A_VERIFIER,CA36315W3012,,,,,CONSERVER_AMBIGU,IDENTITE_INSUFFISANTE,,GALKF,NON_RESOLU,,COTATION_SECONDAIRE_OTC,GAL.V,NOM_NORMALISE+UNIQUE_CANADA+OTC
GGO.V,GALLEON GOLD CORP,Canada,CAD,VAN,TSXV,EQUITY,,GALLEON GOLD CORP,2,2,2,2,ABSENTE,PROBABLE_A_VERIFIER,-,,,,,CONSERVER_AMBIGU,IDENTITE_INSUFFISANTE,,GGO,NON_RESOLU,,CONSERVER_PRINCIPALE_CANADA,GGO.V,NOM_NORMALISE+UNIQUE_CANADA+OTC
GGOXF,Galleon Gold Corp.,USA,USD,OQX,OTC Markets OTCQX,EQUITY,,GALLEON GOLD CORP,2,2,2,2,ABSENTE,PROBABLE_A_VERIFIER,CA36381N4093,,,,,CONSERVER_AMBIGU,IDENTITE_INSUFFISANTE,,GGOXF,NON_RESOLU,,COTATION_SECONDAIRE_OTC,GGO.V,NOM_NORMALISE+UNIQUE_CANADA+OTC
GAYMF,Galway Metals Inc.,USA,USD,OQB,OTC Markets OTCQB,EQUITY,,GALWAY METALS INC,2,2,2,2,ABSENTE,PROBABLE_A_VERIFIER,CA3645856046,,,,,CONSERVER_AMBIGU,IDENTITE_INSUFFISANTE,,GAYMF,NON_RESOLU,,COTATION_SECONDAIRE_OTC,GWM.V,NOM_NORMALISE+UNIQUE_CANADA+OTC
GWM.V,GALWAY METALS INC,Canada,CAD,VAN,TSXV,EQUITY,,GALWAY METALS INC,2,2,2,2,ABSENTE,PROBABLE_A_VERIFIER,-,,,,,CONSERVER_AMBIGU,IDENTITE_INSUFFISANTE,,GWM,NON_RESOLU,,CONSERVER_PRINCIPALE_CANADA,GWM.V,NOM_NORMALISE+UNIQUE_CANADA+OTC
GKPRF,Gatekeeper Systems Inc.,USA,USD,PNK,OTC Markets OTCPK,EQUITY,,GATEKEEPER SYSTEMS INC,2,2,2,2,ABSENTE,PROBABLE_A_VERIFIER,CA36734X1042,,,,,CONSERVER_AMBIGU,IDENTITE_INSUFFISANTE,,GKPRF,NON_RESOLU,,COTATION_SECONDAIRE_OTC,GSI.V,NOM_NORMALISE+UNIQUE_CANADA+OTC
GSI.V,GATEKEEPER SYSTEMS INC,Canada,CAD,VAN,TSXV,EQUITY,,GATEKEEPER SYSTEMS INC,2,2,2,2,ABSENTE,PROBABLE_A_VERIFIER,-,,,,,CONSERVER_AMBIGU,IDENTITE_INSUFFISANTE,,GSI,NON_RESOLU,,CONSERVER_PRINCIPALE_CANADA,GSI.V,NOM_NORMALISE+UNIQUE_CANADA+OTC
GENM.TO,GENERATION MINING LIMITED,Canada,CAD,TOR,Toronto,EQUITY,,GENERATION MINING LIMITED,2,2,2,2,ABSENTE,PROBABLE_A_VERIFIER,-,,,,,CONSERVER_AMBIGU,IDENTITE_INSUFFISANTE,,GENM,NON_RESOLU,,CONSERVER_PRINCIPALE_CANADA,GENM.TO,NOM_NORMALISE+UNIQUE_CANADA+OTC
GENMF,Generation Mining Limited,USA,USD,OQB,OTC Markets OTCQB,EQUITY,,GENERATION MINING LIMITED,2,2,2,2,ABSENTE,PROBABLE_A_VERIFIER,CA37149B1094,,,,,CONSERVER_AMBIGU,IDENTITE_INSUFFISANTE,,GENMF,NON_RESOLU,,COTATION_SECONDAIRE_OTC,GENM.TO,NOM_NORMALISE+UNIQUE_CANADA+OTC
GDTRF,Gladiator Metals Corp.,USA,USD,OQX,OTC Markets OTCQX,EQUITY,,GLADIATOR METALS CORP,2,2,2,2,ABSENTE,PROBABLE_A_VERIFIER,CA37653W1014,,,,,CONSERVER_AMBIGU,IDENTITE_INSUFFISANTE,,GDTRF,NON_RESOLU,,COTATION_SECONDAIRE_OTC,GLAD.V,NOM_NORMALISE+UNIQUE_CANADA+OTC
GLAD.V,GLADIATOR METALS CORP,Canada,CAD,VAN,TSXV,EQUITY,,GLADIATOR METALS CORP,2,2,2,2,ABSENTE,PROBABLE_A_VERIFIER,-,,,,,CONSERVER_AMBIGU,IDENTITE_INSUFFISANTE,,GLAD,NON_RESOLU,,CONSERVER_PRINCIPALE_CANADA,GLAD.V,NOM_NORMALISE+UNIQUE_CANADA+OTC
GLBXF,Globex Mining Enterprises Inc.,USA,USD,OQX,OTC Markets OTCQX,EQUITY,,GLOBEX MINING ENTERPRISES INC,2,2,2,2,ABSENTE,PROBABLE_A_VERIFIER,-,,,,,CONSERVER_AMBIGU,IDENTITE_INSUFFISANTE,,GLBXF,NON_RESOLU,,COTATION_SECONDAIRE_OTC,GMX.TO,NOM_NORMALISE+UNIQUE_CANADA+OTC
GMX.TO,GLOBEX MINING ENTERPRISES INC,Canada,CAD,TOR,Toronto,EQUITY,,GLOBEX MINING ENTERPRISES INC,2,2,2,2,ABSENTE,PROBABLE_A_VERIFIER,-,,,,,CONSERVER_AMBIGU,IDENTITE_INSUFFISANTE,,GMX,NON_RESOLU,,CONSERVER_PRINCIPALE_CANADA,GMX.TO,NOM_NORMALISE+UNIQUE_CANADA+OTC
GG.V,GOLCONDA GOLD LTD,Canada,CAD,VAN,TSXV,EQUITY,,GOLCONDA GOLD LTD,2,2,2,2,ABSENTE,PROBABLE_A_VERIFIER,-,,,,,CONSERVER_AMBIGU,IDENTITE_INSUFFISANTE,,GG,NON_RESOLU,,CONSERVER_PRINCIPALE_CANADA,GG.V,NOM_NORMALISE+UNIQUE_CANADA+OTC
GGGOF,GOLCONDA GOLD LTD.,USA,USD,OQX,OTC Markets OTCQX,EQUITY,,GOLCONDA GOLD LTD,2,2,2,2,ABSENTE,PROBABLE_A_VERIFIER,CA38047D1069,,,,,CONSERVER_AMBIGU,IDENTITE_INSUFFISANTE,,GGGOF,NON_RESOLU,,COTATION_SECONDAIRE_OTC,GG.V,NOM_NORMALISE+UNIQUE_CANADA+OTC
YGT.V,GOLD TERRA RESOURCE CORP,Canada,CAD,VAN,TSXV,EQUITY,,GOLD TERRA RESOURCE CORP,2,2,2,2,ABSENTE,PROBABLE_A_VERIFIER,-,,,,,CONSERVER_AMBIGU,IDENTITE_INSUFFISANTE,,YGT,NON_RESOLU,,CONSERVER_PRINCIPALE_CANADA,YGT.V,NOM_NORMALISE+UNIQUE_CANADA+OTC
YGTFF,GOLD TERRA RESOURCE CORP.,USA,USD,OQB,OTC Markets OTCQB,EQUITY,,GOLD TERRA RESOURCE CORP,2,2,2,2,ABSENTE,PROBABLE_A_VERIFIER,-,,,,,CONSERVER_AMBIGU,IDENTITE_INSUFFISANTE,,YGTFF,NON_RESOLU,,COTATION_SECONDAIRE_OTC,YGT.V,NOM_NORMALISE+UNIQUE_CANADA+OTC
XAU.TO,GOLDMONEY INC,Canada,CAD,TOR,Toronto,EQUITY,,GOLDMONEY INC,2,2,2,2,ABSENTE,PROBABLE_A_VERIFIER,-,,,,,CONSERVER_AMBIGU,IDENTITE_INSUFFISANTE,,XAU,NON_RESOLU,,CONSERVER_PRINCIPALE_CANADA,XAU.TO,NOM_NORMALISE+UNIQUE_CANADA+OTC
XAUMF,Goldmoney Inc.,USA,USD,PNK,OTC Markets OTCPK,EQUITY,,GOLDMONEY INC,2,2,2,2,ABSENTE,PROBABLE_A_VERIFIER,CA38149A1093,,,,,CONSERVER_AMBIGU,IDENTITE_INSUFFISANTE,,XAUMF,NON_RESOLU,,COTATION_SECONDAIRE_OTC,XAU.TO,NOM_NORMALISE+UNIQUE_CANADA+OTC
GDQMF,Goldquest Mining Corp.,USA,USD,OQX,OTC Markets OTCQX,EQUITY,,GOLDQUEST MINING CORP,2,2,2,2,ABSENTE,PROBABLE_A_VERIFIER,CA38144C1005,,,,,CONSERVER_AMBIGU,IDENTITE_INSUFFISANTE,,GDQMF,NON_RESOLU,,COTATION_SECONDAIRE_OTC,GQC.V,NOM_NORMALISE+UNIQUE_CANADA+OTC
GQC.V,GOLDQUEST MINING CORP.,Canada,CAD,VAN,TSXV,EQUITY,,GOLDQUEST MINING CORP,2,2,2,2,ABSENTE,PROBABLE_A_VERIFIER,-,,,,,CONSERVER_AMBIGU,IDENTITE_INSUFFISANTE,,GQC,NON_RESOLU,,CONSERVER_PRINCIPALE_CANADA,GQC.V,NOM_NORMALISE+UNIQUE_CANADA+OTC
GDL.TO,GOODFELLOW INC,Canada,CAD,TOR,Toronto,EQUITY,,GOODFELLOW INC,2,2,2,2,ABSENTE,PROBABLE_A_VERIFIER,-,,,,,CONSERVER_AMBIGU,IDENTITE_INSUFFISANTE,,GDL,NON_RESOLU,,CONSERVER_PRINCIPALE_CANADA,GDL.TO,NOM_NORMALISE+UNIQUE_CANADA+OTC
GFELF,GOODFELLOW INC,USA,USD,PNK,OTC Markets OTCPK,EQUITY,,GOODFELLOW INC,2,2,2,2,ABSENTE,PROBABLE_A_VERIFIER,CA38216R1001,,,,,CONSERVER_AMBIGU,IDENTITE_INSUFFISANTE,,GFELF,NON_RESOLU,,COTATION_SECONDAIRE_OTC,GDL.TO,NOM_NORMALISE+UNIQUE_CANADA+OTC
GRSL.V,GR SILVER MINING LTD,Canada,CAD,VAN,TSXV,EQUITY,,GR SILVER MINING LTD,2,2,2,2,ABSENTE,PROBABLE_A_VERIFIER,-,,,,,CONSERVER_AMBIGU,IDENTITE_INSUFFISANTE,,GRSL,NON_RESOLU,,CONSERVER_PRINCIPALE_CANADA,GRSL.V,NOM_NORMALISE+UNIQUE_CANADA+OTC
GRSLF,GR SILVER MINING LTD.,USA,USD,OQX,OTC Markets OTCQX,EQUITY,,GR SILVER MINING LTD,2,2,2,2,ABSENTE,PROBABLE_A_VERIFIER,CA36258E1025,,,,,CONSERVER_AMBIGU,IDENTITE_INSUFFISANTE,,GRSLF,NON_RESOLU,,COTATION_SECONDAIRE_OTC,GRSL.V,NOM_NORMALISE+UNIQUE_CANADA+OTC
GMG.V,GRAPHENE MANUFACTURING GROUP LT,Canada,CAD,VAN,TSXV,EQUITY,,GRAPHENE MANUFACTURING GROUP LT,2,2,2,2,ABSENTE,PROBABLE_A_VERIFIER,-,,,,,CONSERVER_AMBIGU,IDENTITE_INSUFFISANTE,,GMG,NON_RESOLU,,CONSERVER_PRINCIPALE_CANADA,GMG.V,NOM_NORMALISE+UNIQUE_CANADA+OTC
GMGMF,Graphene Manufacturing Group Lt,USA,USD,OQX,OTC Markets OTCQX,EQUITY,,GRAPHENE MANUFACTURING GROUP LT,2,2,2,2,ABSENTE,PROBABLE_A_VERIFIER,AU0000139990,,,,,CONSERVER_AMBIGU,IDENTITE_INSUFFISANTE,,GMGMF,NON_RESOLU,,COTATION_SECONDAIRE_OTC,GMG.V,NOM_NORMALISE+UNIQUE_CANADA+OTC
GPH.V,GRAPHITE ONE INC,Canada,CAD,VAN,TSXV,EQUITY,,GRAPHITE ONE INC,2,2,2,2,ABSENTE,PROBABLE_A_VERIFIER,-,,,,,CONSERVER_AMBIGU,IDENTITE_INSUFFISANTE,,GPH,NON_RESOLU,,CONSERVER_PRINCIPALE_CANADA,GPH.V,NOM_NORMALISE+UNIQUE_CANADA+OTC
GPHOF,Graphite One Inc.,USA,USD,OQX,OTC Markets OTCQX,EQUITY,,GRAPHITE ONE INC,2,2,2,2,ABSENTE,PROBABLE_A_VERIFIER,CA38871F1027,,,,,CONSERVER_AMBIGU,IDENTITE_INSUFFISANTE,,GPHOF,NON_RESOLU,,COTATION_SECONDAIRE_OTC,GPH.V,NOM_NORMALISE+UNIQUE_CANADA+OTC
GRLVF,Group Eleven Resources Corp.,USA,USD,OQB,OTC Markets OTCQB,EQUITY,,GROUP ELEVEN RESOURCES CORP,2,2,2,2,ABSENTE,PROBABLE_A_VERIFIER,CA39944P1018,,,,,CONSERVER_AMBIGU,IDENTITE_INSUFFISANTE,,GRLVF,NON_RESOLU,,COTATION_SECONDAIRE_OTC,ZNG.V,NOM_NORMALISE+UNIQUE_CANADA+OTC
ZNG.V,GROUP ELEVEN RESOURCES CORP,Canada,CAD,VAN,TSXV,EQUITY,,GROUP ELEVEN RESOURCES CORP,2,2,2,2,ABSENTE,PROBABLE_A_VERIFIER,-,,,,,CONSERVER_AMBIGU,IDENTITE_INSUFFISANTE,,ZNG,NON_RESOLU,,CONSERVER_PRINCIPALE_CANADA,ZNG.V,NOM_NORMALISE+UNIQUE_CANADA+OTC
GCU.TO,GUNNISON COPPER CORP,Canada,CAD,TOR,Toronto,EQUITY,,GUNNISON COPPER CORP,2,2,2,2,ABSENTE,PROBABLE_A_VERIFIER,-,,,,,CONSERVER_AMBIGU,IDENTITE_INSUFFISANTE,,GCU,NON_RESOLU,,CONSERVER_PRINCIPALE_CANADA,GCU.TO,NOM_NORMALISE+UNIQUE_CANADA+OTC
GCUMF,Gunnison Copper Corp,USA,USD,OQB,OTC Markets OTCQB,EQUITY,,GUNNISON COPPER CORP,2,2,2,2,ABSENTE,PROBABLE_A_VERIFIER,CA4028801088,,,,,CONSERVER_AMBIGU,IDENTITE_INSUFFISANTE,,GCUMF,NON_RESOLU,,COTATION_SECONDAIRE_OTC,GCU.TO,NOM_NORMALISE+UNIQUE_CANADA+OTC
HAN.V,HANNAN METALS LTD,Canada,CAD,VAN,TSXV,EQUITY,,HANNAN METALS LTD,2,2,2,2,ABSENTE,PROBABLE_A_VERIFIER,-,,,,,CONSERVER_AMBIGU,IDENTITE_INSUFFISANTE,,HAN,NON_RESOLU,,CONSERVER_PRINCIPALE_CANADA,HAN.V,NOM_NORMALISE+UNIQUE_CANADA+OTC
HANNF,"Hannan Metals, Ltd.",USA,USD,PNK,OTC Markets OTCPK,EQUITY,,HANNAN METALS LTD,2,2,2,2,ABSENTE,PROBABLE_A_VERIFIER,CA4105841064,,,,,CONSERVER_AMBIGU,IDENTITE_INSUFFISANTE,,HANNF,NON_RESOLU,,COTATION_SECONDAIRE_OTC,HAN.V,NOM_NORMALISE+UNIQUE_CANADA+OTC
AIDX.TO,HEALWELL AI INC,Canada,CAD,TOR,Toronto,EQUITY,,HEALWELL AI INC,2,2,2,2,ABSENTE,PROBABLE_A_VERIFIER,-,,,,,CONSERVER_AMBIGU,IDENTITE_INSUFFISANTE,,AIDX,NON_RESOLU,,CONSERVER_PRINCIPALE_CANADA,AIDX.TO,NOM_NORMALISE+UNIQUE_CANADA+OTC
HWAIF,HealWELL AI Inc.,USA,USD,OQX,OTC Markets OTCQX,EQUITY,,HEALWELL AI INC,2,2,2,2,ABSENTE,PROBABLE_A_VERIFIER,CA42249X1006,,,,,CONSERVER_AMBIGU,IDENTITE_INSUFFISANTE,,HWAIF,NON_RESOLU,,COTATION_SECONDAIRE_OTC,AIDX.TO,NOM_NORMALISE+UNIQUE_CANADA+OTC
HHH.V,HELIUS MINERALS LIMITED,Canada,CAD,VAN,TSXV,EQUITY,,HELIUS MINERALS LIMITED,2,2,2,2,ABSENTE,PROBABLE_A_VERIFIER,-,,,,,CONSERVER_AMBIGU,IDENTITE_INSUFFISANTE,,HHH,NON_RESOLU,,CONSERVER_PRINCIPALE_CANADA,HHH.V,NOM_NORMALISE+UNIQUE_CANADA+OTC
HHHXF,Helius Minerals Limited,USA,USD,PNK,OTC Markets OTCPK,EQUITY,,HELIUS MINERALS LIMITED,2,2,2,2,ABSENTE,PROBABLE_A_VERIFIER,CA42329R1064,,,,,CONSERVER_AMBIGU,IDENTITE_INSUFFISANTE,,HHHXF,NON_RESOLU,,COTATION_SECONDAIRE_OTC,HHH.V,NOM_NORMALISE+UNIQUE_CANADA+OTC
BADEF,HERCULES METALS CORP.,USA,USD,OQB,OTC Markets OTCQB,EQUITY,,HERCULES METALS CORP,2,2,2,2,ABSENTE,PROBABLE_A_VERIFIER,CA4270861038,,,,,CONSERVER_AMBIGU,IDENTITE_INSUFFISANTE,,BADEF,NON_RESOLU,,COTATION_SECONDAIRE_OTC,BIG.V,NOM_NORMALISE+UNIQUE_CANADA+OTC
BIG.V,HERCULES METALS CORP,Canada,CAD,VAN,TSXV,EQUITY,,HERCULES METALS CORP,2,2,2,2,ABSENTE,PROBABLE_A_VERIFIER,-,,,,,CONSERVER_AMBIGU,IDENTITE_INSUFFISANTE,,BIG,NON_RESOLU,,CONSERVER_PRINCIPALE_CANADA,BIG.V,NOM_NORMALISE+UNIQUE_CANADA+OTC
HDRSF,Highland Copper Company Inc.,USA,USD,OQB,OTC Markets OTCQB,EQUITY,,HIGHLAND COPPER COMPANY INC,2,2,2,2,ABSENTE,PROBABLE_A_VERIFIER,CA43004Y1016,,,,,CONSERVER_AMBIGU,IDENTITE_INSUFFISANTE,,HDRSF,NON_RESOLU,,COTATION_SECONDAIRE_OTC,HI.V,NOM_NORMALISE+UNIQUE_CANADA+OTC
HI.V,HIGHLAND COPPER COMPANY INC,Canada,CAD,VAN,TSXV,EQUITY,,HIGHLAND COPPER COMPANY INC,2,2,2,2,ABSENTE,PROBABLE_A_VERIFIER,-,,,,,CONSERVER_AMBIGU,IDENTITE_INSUFFISANTE,,HI,NON_RESOLU,,CONSERVER_PRINCIPALE_CANADA,HI.V,NOM_NORMALISE+UNIQUE_CANADA+OTC
HLS.TO,HLS THERAPEUTICS INC,Canada,CAD,TOR,Toronto,EQUITY,,HLS THERAPEUTICS INC,2,2,2,2,ABSENTE,PROBABLE_A_VERIFIER,-,,,,,CONSERVER_AMBIGU,IDENTITE_INSUFFISANTE,,HLS,NON_RESOLU,,CONSERVER_PRINCIPALE_CANADA,HLS.TO,NOM_NORMALISE+UNIQUE_CANADA+OTC
HLTRF,HLS Therapeutics Inc.,USA,USD,PNK,OTC Markets OTCPK,EQUITY,,HLS THERAPEUTICS INC,2,2,2,2,ABSENTE,PROBABLE_A_VERIFIER,CA40390B1094,,,,,CONSERVER_AMBIGU,IDENTITE_INSUFFISANTE,,HLTRF,NON_RESOLU,,COTATION_SECONDAIRE_OTC,HLS.TO,NOM_NORMALISE+UNIQUE_CANADA+OTC
SHL.V,HOMELAND NICKEL INC,Canada,CAD,VAN,TSXV,EQUITY,,HOMELAND NICKEL INC,2,2,2,2,ABSENTE,PROBABLE_A_VERIFIER,-,,,,,CONSERVER_AMBIGU,IDENTITE_INSUFFISANTE,,SHL,NON_RESOLU,,CONSERVER_PRINCIPALE_CANADA,SHL.V,NOM_NORMALISE+UNIQUE_CANADA+OTC
SRCGF,HOMELAND NICKEL INC.,USA,USD,OQB,OTC Markets OTCQB,EQUITY,,HOMELAND NICKEL INC,2,2,2,2,ABSENTE,PROBABLE_A_VERIFIER,CA43740Q1072,,,,,CONSERVER_AMBIGU,IDENTITE_INSUFFISANTE,,SRCGF,NON_RESOLU,,COTATION_SECONDAIRE_OTC,SHL.V,NOM_NORMALISE+UNIQUE_CANADA+OTC
HBEIF,Honey Badger Silver Inc.,USA,USD,OQB,OTC Markets OTCQB,EQUITY,,HONEY BADGER SILVER INC,2,2,2,2,ABSENTE,PROBABLE_A_VERIFIER,CA4383402001,,,,,CONSERVER_AMBIGU,IDENTITE_INSUFFISANTE,,HBEIF,NON_RESOLU,,COTATION_SECONDAIRE_OTC,TUF.V,NOM_NORMALISE+UNIQUE_CANADA+OTC
TUF.V,HONEY BADGER SILVER INC,Canada,CAD,VAN,TSXV,EQUITY,,HONEY BADGER SILVER INC,2,2,2,2,ABSENTE,PROBABLE_A_VERIFIER,-,,,,,CONSERVER_AMBIGU,IDENTITE_INSUFFISANTE,,TUF,NON_RESOLU,,CONSERVER_PRINCIPALE_CANADA,TUF.V,NOM_NORMALISE+UNIQUE_CANADA+OTC
HYDTF,Hydreight Technologies Inc,USA,USD,OQB,OTC Markets OTCQB,EQUITY,,HYDREIGHT TECHNOLOGIES INC,2,2,2,2,ABSENTE,PROBABLE_A_VERIFIER,-,,,,,CONSERVER_AMBIGU,IDENTITE_INSUFFISANTE,,HYDTF,NON_RESOLU,,COTATION_SECONDAIRE_OTC,NURS.V,NOM_NORMALISE+UNIQUE_CANADA+OTC
NURS.V,HYDREIGHT TECHNOLOGIES INC,Canada,CAD,VAN,TSXV,EQUITY,,HYDREIGHT TECHNOLOGIES INC,2,2,2,2,ABSENTE,PROBABLE_A_VERIFIER,-,,,,,CONSERVER_AMBIGU,IDENTITE_INSUFFISANTE,,NURS,NON_RESOLU,,CONSERVER_PRINCIPALE_CANADA,NURS.V,NOM_NORMALISE+UNIQUE_CANADA+OTC
IFA.TO,IFABRIC CORP,Canada,CAD,TOR,Toronto,EQUITY,,IFABRIC CORP,2,2,2,2,ABSENTE,PROBABLE_A_VERIFIER,-,,,,,CONSERVER_AMBIGU,IDENTITE_INSUFFISANTE,,IFA,NON_RESOLU,,CONSERVER_PRINCIPALE_CANADA,IFA.TO,NOM_NORMALISE+UNIQUE_CANADA+OTC
IFABF,iFabric Corp.,USA,USD,OQX,OTC Markets OTCQX,EQUITY,,IFABRIC CORP,2,2,2,2,ABSENTE,PROBABLE_A_VERIFIER,CA45172X2032,,,,,CONSERVER_AMBIGU,IDENTITE_INSUFFISANTE,,IFABF,NON_RESOLU,,COTATION_SECONDAIRE_OTC,IFA.TO,NOM_NORMALISE+UNIQUE_CANADA+OTC
IPT.V,IMPACT SILVER CORP.,Canada,CAD,VAN,TSXV,EQUITY,,IMPACT SILVER CORP,2,2,2,2,ABSENTE,PROBABLE_A_VERIFIER,-,,,,,CONSERVER_AMBIGU,IDENTITE_INSUFFISANTE,,IPT,NON_RESOLU,,CONSERVER_PRINCIPALE_CANADA,IPT.V,NOM_NORMALISE+UNIQUE_CANADA+OTC
ISVLF,IMPACT Silver Corp.,USA,USD,OQB,OTC Markets OTCQB,EQUITY,,IMPACT SILVER CORP,2,2,2,2,ABSENTE,PROBABLE_A_VERIFIER,CA45257A1021,,,,,CONSERVER_AMBIGU,IDENTITE_INSUFFISANTE,,ISVLF,NON_RESOLU,,COTATION_SECONDAIRE_OTC,IPT.V,NOM_NORMALISE+UNIQUE_CANADA+OTC
IPO.TO,INPLAY OIL CORP,Canada,CAD,TOR,Toronto,EQUITY,,INPLAY OIL CORP,2,2,2,2,ABSENTE,PROBABLE_A_VERIFIER,CA45780T1497,,,,,CONSERVER_AMBIGU,IDENTITE_INSUFFISANTE,,IPO,DISTINCT,ISIN_DIFFERENTS,CONSERVER_PRINCIPALE_CANADA,IPO.TO,NOM_NORMALISE+UNIQUE_CANADA+OTC
IPOOF,InPlay Oil Corp.,USA,USD,OQX,OTC Markets OTCQX,EQUITY,,INPLAY OIL CORP,2,2,2,2,ABSENTE,PROBABLE_A_VERIFIER,CA45780T4046,,,,,CONSERVER_AMBIGU,IDENTITE_INSUFFISANTE,,IPOOF,DISTINCT,ISIN_DIFFERENTS,COTATION_SECONDAIRE_OTC,IPO.TO,NOM_NORMALISE+UNIQUE_CANADA+OTC
IMTCF,INTREPID METALS CORP.,USA,USD,OQB,OTC Markets OTCQB,EQUITY,,INTREPID METALS CORP,2,2,2,2,ABSENTE,PROBABLE_A_VERIFIER,CA46123W2031,,,,,CONSERVER_AMBIGU,IDENTITE_INSUFFISANTE,,IMTCF,NON_RESOLU,,COTATION_SECONDAIRE_OTC,INTR.V,NOM_NORMALISE+UNIQUE_CANADA+OTC
INTR.V,INTREPID METALS CORP,Canada,CAD,VAN,TSXV,EQUITY,,INTREPID METALS CORP,2,2,2,2,ABSENTE,PROBABLE_A_VERIFIER,-,,,,,CONSERVER_AMBIGU,IDENTITE_INSUFFISANTE,,INTR,NON_RESOLU,,CONSERVER_PRINCIPALE_CANADA,INTR.V,NOM_NORMALISE+UNIQUE_CANADA+OTC
IVQ-U.TO,INVESQUE INC,Canada,CAD,TOR,Toronto,EQUITY,,INVESQUE INC,2,2,2,2,ABSENTE,PROBABLE_A_VERIFIER,-,,,,,CONSERVER_AMBIGU,IDENTITE_INSUFFISANTE,,IVQ-U,NON_RESOLU,,CONSERVER_PRINCIPALE_CANADA,IVQ-U.TO,NOM_NORMALISE+UNIQUE_CANADA+OTC
MHIVF,Invesque Inc.,USA,USD,PNK,OTC Markets OTCPK,EQUITY,,INVESQUE INC,2,2,2,2,ABSENTE,PROBABLE_A_VERIFIER,CA46136U1030,,,,,CONSERVER_AMBIGU,IDENTITE_INSUFFISANTE,,MHIVF,NON_RESOLU,,COTATION_SECONDAIRE_OTC,IVQ-U.TO,NOM_NORMALISE+UNIQUE_CANADA+OTC
IFOS.V,ITAFOS INC,Canada,CAD,VAN,TSXV,EQUITY,,ITAFOS INC,2,2,2,2,ABSENTE,PROBABLE_A_VERIFIER,-,,,,,CONSERVER_AMBIGU,IDENTITE_INSUFFISANTE,,IFOS,NON_RESOLU,,CONSERVER_PRINCIPALE_CANADA,IFOS.V,NOM_NORMALISE+UNIQUE_CANADA+OTC
ITFS,ITAFOS INC.,USA,USD,OQX,OTC Markets OTCQX,EQUITY,,ITAFOS INC,2,2,2,2,ABSENTE,PROBABLE_A_VERIFIER,US4652701065,,,,,CONSERVER_AMBIGU,IDENTITE_INSUFFISANTE,,ITFS,NON_RESOLU,,COTATION_SECONDAIRE_OTC,IFOS.V,NOM_NORMALISE+UNIQUE_CANADA+OTC
JEV.V,JERICHO ENERGY VENTURES INC,Canada,CAD,VAN,TSXV,EQUITY,,JERICHO ENERGY VENTURES INC,2,2,2,2,ABSENTE,PROBABLE_A_VERIFIER,-,,,,,CONSERVER_AMBIGU,IDENTITE_INSUFFISANTE,,JEV,NON_RESOLU,,CONSERVER_PRINCIPALE_CANADA,JEV.V,NOM_NORMALISE+UNIQUE_CANADA+OTC
JROOF,JERICHO ENERGY VENTURES INC.,USA,USD,OID,OTC Markets OTCID,EQUITY,,JERICHO ENERGY VENTURES INC,2,2,2,2,ABSENTE,PROBABLE_A_VERIFIER,CA4763392053,,,,,CONSERVER_AMBIGU,IDENTITE_INSUFFISANTE,,JROOF,NON_RESOLU,,COTATION_SECONDAIRE_OTC,JEV.V,NOM_NORMALISE+UNIQUE_CANADA+OTC
JOY.TO,JOURNEY ENERGY INC,Canada,CAD,TOR,Toronto,EQUITY,,JOURNEY ENERGY INC,2,2,2,2,ABSENTE,PROBABLE_A_VERIFIER,-,,,,,CONSERVER_AMBIGU,IDENTITE_INSUFFISANTE,,JOY,NON_RESOLU,,CONSERVER_PRINCIPALE_CANADA,JOY.TO,NOM_NORMALISE+UNIQUE_CANADA+OTC
JRNGF,Journey Energy Inc.,USA,USD,OQX,OTC Markets OTCQX,EQUITY,,JOURNEY ENERGY INC,2,2,2,2,ABSENTE,PROBABLE_A_VERIFIER,CA48113W1023,,,,,CONSERVER_AMBIGU,IDENTITE_INSUFFISANTE,,JRNGF,NON_RESOLU,,COTATION_SECONDAIRE_OTC,JOY.TO,NOM_NORMALISE+UNIQUE_CANADA+OTC
KLD.V,KENORLAND MINERALS LTD,Canada,CAD,VAN,TSXV,EQUITY,,KENORLAND MINERALS LTD,2,2,2,2,ABSENTE,PROBABLE_A_VERIFIER,-,,,,,CONSERVER_AMBIGU,IDENTITE_INSUFFISANTE,,KLD,NON_RESOLU,,CONSERVER_PRINCIPALE_CANADA,KLD.V,NOM_NORMALISE+UNIQUE_CANADA+OTC
KLDCF,Kenorland Minerals Ltd.,USA,USD,OQX,OTC Markets OTCQX,EQUITY,,KENORLAND MINERALS LTD,2,2,2,2,ABSENTE,PROBABLE_A_VERIFIER,-,,,,,CONSERVER_AMBIGU,IDENTITE_INSUFFISANTE,,KLDCF,NON_RESOLU,,COTATION_SECONDAIRE_OTC,KLD.V,NOM_NORMALISE+UNIQUE_CANADA+OTC
KCP.V,KING COPPER DISCOVERY CORP,Canada,CAD,VAN,TSXV,EQUITY,,KING COPPER DISCOVERY CORP,2,2,2,2,ABSENTE,PROBABLE_A_VERIFIER,-,,,,,CONSERVER_AMBIGU,IDENTITE_INSUFFISANTE,,KCP,NON_RESOLU,,CONSERVER_PRINCIPALE_CANADA,KCP.V,NOM_NORMALISE+UNIQUE_CANADA+OTC
TBXXF,King Copper Discovery Corp.,USA,USD,OQB,OTC Markets OTCQB,EQUITY,,KING COPPER DISCOVERY CORP,2,2,2,2,ABSENTE,PROBABLE_A_VERIFIER,-,,,,,CONSERVER_AMBIGU,IDENTITE_INSUFFISANTE,,TBXXF,NON_RESOLU,,COTATION_SECONDAIRE_OTC,KCP.V,NOM_NORMALISE+UNIQUE_CANADA+OTC
KFR.V,KINGFISHER METALS CORP,Canada,CAD,VAN,TSXV,EQUITY,,KINGFISHER METALS CORP,2,2,2,2,ABSENTE,PROBABLE_A_VERIFIER,-,,,,,CONSERVER_AMBIGU,IDENTITE_INSUFFISANTE,,KFR,NON_RESOLU,,CONSERVER_PRINCIPALE_CANADA,KFR.V,NOM_NORMALISE+UNIQUE_CANADA+OTC
KGFMF,Kingfisher Metals Corp.,USA,USD,OQX,OTC Markets OTCQX,EQUITY,,KINGFISHER METALS CORP,2,2,2,2,ABSENTE,PROBABLE_A_VERIFIER,CA49571M5037,,,,,CONSERVER_AMBIGU,IDENTITE_INSUFFISANTE,,KGFMF,NON_RESOLU,,COTATION_SECONDAIRE_OTC,KFR.V,NOM_NORMALISE+UNIQUE_CANADA+OTC
KOOYF,"Kootenay Silver, Inc.",USA,USD,OQX,OTC Markets OTCQX,EQUITY,,KOOTENAY SILVER INC,2,2,2,2,ABSENTE,PROBABLE_A_VERIFIER,CA5005838365,,,,,CONSERVER_AMBIGU,IDENTITE_INSUFFISANTE,,KOOYF,NON_RESOLU,,COTATION_SECONDAIRE_OTC,KTN.V,NOM_NORMALISE+UNIQUE_CANADA+OTC
KTN.V,KOOTENAY SILVER INC,Canada,CAD,VAN,TSXV,EQUITY,,KOOTENAY SILVER INC,2,2,2,2,ABSENTE,PROBABLE_A_VERIFIER,-,,,,,CONSERVER_AMBIGU,IDENTITE_INSUFFISANTE,,KTN,NON_RESOLU,,CONSERVER_PRINCIPALE_CANADA,KTN.V,NOM_NORMALISE+UNIQUE_CANADA+OTC
KRY.V,KORYX COPPER S A,Canada,CAD,VAN,TSXV,EQUITY,,KORYX COPPER S A,2,2,2,2,ABSENTE,PROBABLE_A_VERIFIER,-,,,,,CONSERVER_AMBIGU,IDENTITE_INSUFFISANTE,,KRY,NON_RESOLU,,CONSERVER_PRINCIPALE_CANADA,KRY.V,NOM_NORMALISE+UNIQUE_CANADA+OTC
KRYXF,Koryx Copper S.A.,USA,USD,OQX,OTC Markets OTCQX,EQUITY,,KORYX COPPER S A,2,2,2,2,ABSENTE,PROBABLE_A_VERIFIER,LU3306723589,,,,,CONSERVER_AMBIGU,IDENTITE_INSUFFISANTE,,KRYXF,NON_RESOLU,,COTATION_SECONDAIRE_OTC,KRY.V,NOM_NORMALISE+UNIQUE_CANADA+OTC
KPT.TO,KP TISSUE INC,Canada,CAD,TOR,Toronto,EQUITY,,KP TISSUE INC,2,2,2,2,ABSENTE,PROBABLE_A_VERIFIER,-,,,,,CONSERVER_AMBIGU,IDENTITE_INSUFFISANTE,,KPT,NON_RESOLU,,CONSERVER_PRINCIPALE_CANADA,KPT.TO,NOM_NORMALISE+UNIQUE_CANADA+OTC
KPTSF,KP Tissue Inc,USA,USD,PNK,OTC Markets OTCPK,EQUITY,,KP TISSUE INC,2,2,2,2,ABSENTE,PROBABLE_A_VERIFIER,CA48265Y1043,,,,,CONSERVER_AMBIGU,IDENTITE_INSUFFISANTE,,KPTSF,NON_RESOLU,,COTATION_SECONDAIRE_OTC,KPT.TO,NOM_NORMALISE+UNIQUE_CANADA+OTC
LG.V,LAHONTAN GOLD CORP,Canada,CAD,VAN,TSXV,EQUITY,,LAHONTAN GOLD CORP,2,2,2,2,ABSENTE,PROBABLE_A_VERIFIER,-,,,,,CONSERVER_AMBIGU,IDENTITE_INSUFFISANTE,,LG,NON_RESOLU,,CONSERVER_PRINCIPALE_CANADA,LG.V,NOM_NORMALISE+UNIQUE_CANADA+OTC
LGCXF,Lahontan Gold Corp.,USA,USD,OQB,OTC Markets OTCQB,EQUITY,,LAHONTAN GOLD CORP,2,2,2,2,ABSENTE,PROBABLE_A_VERIFIER,CA50732M1014,,,,,CONSERVER_AMBIGU,IDENTITE_INSUFFISANTE,,LGCXF,NON_RESOLU,,COTATION_SECONDAIRE_OTC,LG.V,NOM_NORMALISE+UNIQUE_CANADA+OTC
LRA.V,LARA EXPLORATION LTD,Canada,CAD,VAN,TSXV,EQUITY,,LARA EXPLORATION LTD,2,2,2,2,ABSENTE,PROBABLE_A_VERIFIER,-,,,,,CONSERVER_AMBIGU,IDENTITE_INSUFFISANTE,,LRA,NON_RESOLU,,CONSERVER_PRINCIPALE_CANADA,LRA.V,NOM_NORMALISE+UNIQUE_CANADA+OTC
LRAXF,Lara Exploration Ltd.,USA,USD,PNK,OTC Markets OTCPK,EQUITY,,LARA EXPLORATION LTD,2,2,2,2,ABSENTE,PROBABLE_A_VERIFIER,CA5166831092,,,,,CONSERVER_AMBIGU,IDENTITE_INSUFFISANTE,,LRAXF,NON_RESOLU,,COTATION_SECONDAIRE_OTC,LRA.V,NOM_NORMALISE+UNIQUE_CANADA+OTC
LAM.TO,LARAMIDE RESOURCES LTD.,Canada,CAD,TOR,Toronto,EQUITY,,LARAMIDE RESOURCES LTD,2,2,2,2,ABSENTE,PROBABLE_A_VERIFIER,-,,,,,CONSERVER_AMBIGU,IDENTITE_INSUFFISANTE,,LAM,NON_RESOLU,,CONSERVER_PRINCIPALE_CANADA,LAM.TO,NOM_NORMALISE+UNIQUE_CANADA+OTC
LMRXF,Laramide Resources Ltd.,USA,USD,OQX,OTC Markets OTCQX,EQUITY,,LARAMIDE RESOURCES LTD,2,2,2,2,ABSENTE,PROBABLE_A_VERIFIER,CA51669T1012,,,,,CONSERVER_AMBIGU,IDENTITE_INSUFFISANTE,,LMRXF,NON_RESOLU,,COTATION_SECONDAIRE_OTC,LAM.TO,NOM_NORMALISE+UNIQUE_CANADA+OTC
LGC.V,LAVRAS GOLD CORP,Canada,CAD,VAN,TSXV,EQUITY,,LAVRAS GOLD CORP,2,2,2,2,ABSENTE,PROBABLE_A_VERIFIER,-,,,,,CONSERVER_AMBIGU,IDENTITE_INSUFFISANTE,,LGC,NON_RESOLU,,CONSERVER_PRINCIPALE_CANADA,LGC.V,NOM_NORMALISE+UNIQUE_CANADA+OTC
LGCFF,Lavras Gold Corp.,USA,USD,OQX,OTC Markets OTCQX,EQUITY,,LAVRAS GOLD CORP,2,2,2,2,ABSENTE,PROBABLE_A_VERIFIER,CA51949L2093,,,,,CONSERVER_AMBIGU,IDENTITE_INSUFFISANTE,,LGCFF,NON_RESOLU,,COTATION_SECONDAIRE_OTC,LGC.V,NOM_NORMALISE+UNIQUE_CANADA+OTC
LIFFF,Li-Ft Power Ltd.,USA,USD,OQX,OTC Markets OTCQX,EQUITY,,LI FT POWER LTD,2,2,2,2,ABSENTE,PROBABLE_A_VERIFIER,-,,,,,CONSERVER_AMBIGU,IDENTITE_INSUFFISANTE,,LIFFF,NON_RESOLU,,COTATION_SECONDAIRE_OTC,LIFT.V,NOM_NORMALISE+UNIQUE_CANADA+OTC
LIFT.V,LI FT POWER LTD,Canada,CAD,VAN,TSXV,EQUITY,,LI FT POWER LTD,2,2,2,2,ABSENTE,PROBABLE_A_VERIFIER,-,,,,,CONSERVER_AMBIGU,IDENTITE_INSUFFISANTE,,LIFT,NON_RESOLU,,CONSERVER_PRINCIPALE_CANADA,LIFT.V,NOM_NORMALISE+UNIQUE_CANADA+OTC
LIB.V,LIBERTYSTREAM INFRASTRUCTURE PA,Canada,CAD,VAN,TSXV,EQUITY,,LIBERTYSTREAM INFRASTRUCTURE PA,2,2,2,2,ABSENTE,PROBABLE_A_VERIFIER,-,,,,,CONSERVER_AMBIGU,IDENTITE_INSUFFISANTE,,LIB,NON_RESOLU,,CONSERVER_PRINCIPALE_CANADA,LIB.V,NOM_NORMALISE+UNIQUE_CANADA+OTC
VLTLF,LibertyStream Infrastructure Pa,USA,USD,OQB,OTC Markets OTCQB,EQUITY,,LIBERTYSTREAM INFRASTRUCTURE PA,2,2,2,2,ABSENTE,PROBABLE_A_VERIFIER,-,,,,,CONSERVER_AMBIGU,IDENTITE_INSUFFISANTE,,VLTLF,NON_RESOLU,,COTATION_SECONDAIRE_OTC,LIB.V,NOM_NORMALISE+UNIQUE_CANADA+OTC
LTH.V,LITHIUM IONIC CORP,Canada,CAD,VAN,TSXV,EQUITY,,LITHIUM IONIC CORP,2,2,2,2,ABSENTE,PROBABLE_A_VERIFIER,-,,,,,CONSERVER_AMBIGU,IDENTITE_INSUFFISANTE,,LTH,NON_RESOLU,,CONSERVER_PRINCIPALE_CANADA,LTH.V,NOM_NORMALISE+UNIQUE_CANADA+OTC
LTHCF,Lithium Ionic Corp.,USA,USD,OQB,OTC Markets OTCQB,EQUITY,,LITHIUM IONIC CORP,2,2,2,2,ABSENTE,PROBABLE_A_VERIFIER,-,,,,,CONSERVER_AMBIGU,IDENTITE_INSUFFISANTE,,LTHCF,NON_RESOLU,,COTATION_SECONDAIRE_OTC,LTH.V,NOM_NORMALISE+UNIQUE_CANADA+OTC
LUCA.V,LUCA MINING CORP,Canada,CAD,VAN,TSXV,EQUITY,,LUCA MINING CORP,2,2,2,2,ABSENTE,PROBABLE_A_VERIFIER,-,,,,,CONSERVER_AMBIGU,IDENTITE_INSUFFISANTE,,LUCA,NON_RESOLU,,CONSERVER_PRINCIPALE_CANADA,LUCA.V,NOM_NORMALISE+UNIQUE_CANADA+OTC
LUCMF,LUCA MINING CORP.,USA,USD,OQX,OTC Markets OTCQX,EQUITY,,LUCA MINING CORP,2,2,2,2,ABSENTE,PROBABLE_A_VERIFIER,-,,,,,CONSERVER_AMBIGU,IDENTITE_INSUFFISANTE,,LUCMF,NON_RESOLU,,COTATION_SECONDAIRE_OTC,LUCA.V,NOM_NORMALISE+UNIQUE_CANADA+OTC
LUC.ST,Lucara Diamond Corp,Suède,SEK,STO,Stockholm,EQUITY,,LUCARA DIAMOND CORP,3,3,3,3,ABSENTE,PROBABLE_A_VERIFIER,-,,,,,CONSERVER_AMBIGU,IDENTITE_INSUFFISANTE,,LUC,PROBABLE,NOM_NORMALISE+RACINE_TICKER+PLACES_DISTINCTES,HORS_REGLE,,
LUC.TO,LUCARA DIAMOND CORP,Canada,CAD,TOR,Toronto,EQUITY,,LUCARA DIAMOND CORP,3,3,3,3,ABSENTE,PROBABLE_A_VERIFIER,-,,,,,CONSERVER_AMBIGU,IDENTITE_INSUFFISANTE,,LUC,PROBABLE,NOM_NORMALISE+RACINE_TICKER+PLACES_DISTINCTES,CONSERVER_PRINCIPALE_CANADA,LUC.TO,NOM_NORMALISE+UNIQUE_CANADA+OTC
LUCRF,Lucara Diamond Corp.,USA,USD,PNK,OTC Markets OTCPK,EQUITY,,LUCARA DIAMOND CORP,3,3,3,3,ABSENTE,PROBABLE_A_VERIFIER,CA54928Q1081,,,,,CONSERVER_AMBIGU,IDENTITE_INSUFFISANTE,,LUCRF,NON_RESOLU,,COTATION_SECONDAIRE_OTC,LUC.TO,NOM_NORMALISE+UNIQUE_CANADA+OTC
MJGCF,Majestic Gold Corp.,USA,USD,PNK,OTC Markets OTCPK,EQUITY,,MAJESTIC GOLD CORP,2,2,2,2,ABSENTE,PROBABLE_A_VERIFIER,CA5609121077,,,,,CONSERVER_AMBIGU,IDENTITE_INSUFFISANTE,,MJGCF,NON_RESOLU,,COTATION_SECONDAIRE_OTC,MJS.V,NOM_NORMALISE+UNIQUE_CANADA+OTC
MJS.V,MAJESTIC GOLD CORP.,Canada,CAD,VAN,TSXV,EQUITY,,MAJESTIC GOLD CORP,2,2,2,2,ABSENTE,PROBABLE_A_VERIFIER,-,,,,,CONSERVER_AMBIGU,IDENTITE_INSUFFISANTE,,MJS,NON_RESOLU,,CONSERVER_PRINCIPALE_CANADA,MJS.V,NOM_NORMALISE+UNIQUE_CANADA+OTC
MGM.V,MAPLE GOLD MINES LTD,Canada,CAD,VAN,TSXV,EQUITY,,MAPLE GOLD MINES LTD,2,2,2,2,ABSENTE,PROBABLE_A_VERIFIER,-,,,,,CONSERVER_AMBIGU,IDENTITE_INSUFFISANTE,,MGM,NON_RESOLU,,CONSERVER_PRINCIPALE_CANADA,MGM.V,NOM_NORMALISE+UNIQUE_CANADA+OTC
MGMLF,Maple Gold Mines Ltd.,USA,USD,OQX,OTC Markets OTCQX,EQUITY,,MAPLE GOLD MINES LTD,2,2,2,2,ABSENTE,PROBABLE_A_VERIFIER,CA5651276027,,,,,CONSERVER_AMBIGU,IDENTITE_INSUFFISANTE,,MGMLF,NON_RESOLU,,COTATION_SECONDAIRE_OTC,MGM.V,NOM_NORMALISE+UNIQUE_CANADA+OTC
MAXQ.NE,MARITIME LAUNCH SERVICES INC.,Canada,CAD,NEO,Cboe CA,EQUITY,,MARITIME LAUNCH SERVICES INC,2,2,2,2,ABSENTE,PROBABLE_A_VERIFIER,-,,,,,CONSERVER_AMBIGU,IDENTITE_INSUFFISANTE,,MAXQ.NE,NON_RESOLU,,CONSERVER_PRINCIPALE_CANADA,MAXQ.NE,NOM_NORMALISE+UNIQUE_CANADA+OTC
MAXQF,Maritime Launch Services Inc.,USA,USD,OQB,OTC Markets OTCQB,EQUITY,,MARITIME LAUNCH SERVICES INC,2,2,2,2,ABSENTE,PROBABLE_A_VERIFIER,CA57033N1006,,,,,CONSERVER_AMBIGU,IDENTITE_INSUFFISANTE,,MAXQF,NON_RESOLU,,COTATION_SECONDAIRE_OTC,MAXQ.NE,NOM_NORMALISE+UNIQUE_CANADA+OTC
MXG.TO,MAXIM POWER CORP.,Canada,CAD,TOR,Toronto,EQUITY,,MAXIM POWER CORP,2,2,2,2,ABSENTE,PROBABLE_A_VERIFIER,-,,,,,CONSERVER_AMBIGU,IDENTITE_INSUFFISANTE,,MXG,NON_RESOLU,,CONSERVER_PRINCIPALE_CANADA,MXG.TO,NOM_NORMALISE+UNIQUE_CANADA+OTC
MXGFF,Maxim Power Corp.,USA,USD,PNK,OTC Markets OTCPK,EQUITY,,MAXIM POWER CORP,2,2,2,2,ABSENTE,PROBABLE_A_VERIFIER,CA57773Y2096,,,,,CONSERVER_AMBIGU,IDENTITE_INSUFFISANTE,,MXGFF,NON_RESOLU,,COTATION_SECONDAIRE_OTC,MXG.TO,NOM_NORMALISE+UNIQUE_CANADA+OTC
MLM.NE,MCFARLANE LAKE MINING LIMITED,Canada,CAD,NEO,Cboe CA,EQUITY,,MCFARLANE LAKE MINING LIMITED,2,2,2,2,ABSENTE,PROBABLE_A_VERIFIER,-,,,,,CONSERVER_AMBIGU,IDENTITE_INSUFFISANTE,,MLM.NE,NON_RESOLU,,CONSERVER_PRINCIPALE_CANADA,MLM.NE,NOM_NORMALISE+UNIQUE_CANADA+OTC
MLMLF,McFarlane Lake Mining Limited,USA,USD,OQB,OTC Markets OTCQB,EQUITY,,MCFARLANE LAKE MINING LIMITED,2,2,2,2,ABSENTE,PROBABLE_A_VERIFIER,CA58046P1080,,,,,CONSERVER_AMBIGU,IDENTITE_INSUFFISANTE,,MLMLF,NON_RESOLU,,COTATION_SECONDAIRE_OTC,MLM.NE,NOM_NORMALISE+UNIQUE_CANADA+OTC
MDP.TO,MEDEXUS PHARMACEUTICALS INC,Canada,CAD,TOR,Toronto,EQUITY,,MEDEXUS PHARMACEUTICALS INC,2,2,2,2,ABSENTE,PROBABLE_A_VERIFIER,-,,,,,CONSERVER_AMBIGU,IDENTITE_INSUFFISANTE,,MDP,NON_RESOLU,,CONSERVER_PRINCIPALE_CANADA,MDP.TO,NOM_NORMALISE+UNIQUE_CANADA+OTC
MEDXF,Medexus Pharmaceuticals Inc,USA,USD,OQX,OTC Markets OTCQX,EQUITY,,MEDEXUS PHARMACEUTICALS INC,2,2,2,2,ABSENTE,PROBABLE_A_VERIFIER,-,,,,,CONSERVER_AMBIGU,IDENTITE_INSUFFISANTE,,MEDXF,NON_RESOLU,,COTATION_SECONDAIRE_OTC,MDP.TO,NOM_NORMALISE+UNIQUE_CANADA+OTC
DR.TO,MEDICAL FACILITIES CORP,Canada,CAD,TOR,Toronto,EQUITY,,MEDICAL FACILITIES CORP,2,2,2,2,ABSENTE,PROBABLE_A_VERIFIER,-,,,,,CONSERVER_AMBIGU,IDENTITE_INSUFFISANTE,,DR,NON_RESOLU,,CONSERVER_PRINCIPALE_CANADA,DR.TO,NOM_NORMALISE+UNIQUE_CANADA+OTC
MFCSF,Medical Facilities Corp.,USA,USD,PNK,OTC Markets OTCPK,EQUITY,,MEDICAL FACILITIES CORP,2,2,2,2,ABSENTE,PROBABLE_A_VERIFIER,CA58457V5036,,,,,CONSERVER_AMBIGU,IDENTITE_INSUFFISANTE,,MFCSF,NON_RESOLU,,COTATION_SECONDAIRE_OTC,DR.TO,NOM_NORMALISE+UNIQUE_CANADA+OTC
MGA.TO,MEGA URANIUM LTD.,Canada,CAD,TOR,Toronto,EQUITY,,MEGA URANIUM LTD,2,2,2,2,ABSENTE,PROBABLE_A_VERIFIER,-,,,,,CONSERVER_AMBIGU,IDENTITE_INSUFFISANTE,,MGA,NON_RESOLU,,CONSERVER_PRINCIPALE_CANADA,MGA.TO,NOM_NORMALISE+UNIQUE_CANADA+OTC
MGAFF,Mega Uranium Ltd.,USA,USD,PNK,OTC Markets OTCPK,EQUITY,,MEGA URANIUM LTD,2,2,2,2,ABSENTE,PROBABLE_A_VERIFIER,CA58516W1041,,,,,CONSERVER_AMBIGU,IDENTITE_INSUFFISANTE,,MGAFF,NON_RESOLU,,COTATION_SECONDAIRE_OTC,MGA.TO,NOM_NORMALISE+UNIQUE_CANADA+OTC
MDNGF,Midnight Sun Mining Corp,USA,USD,OQX,OTC Markets OTCQX,EQUITY,,MIDNIGHT SUN MINING CORP,2,2,2,2,ABSENTE,PROBABLE_A_VERIFIER,CA5980151057,,,,,CONSERVER_AMBIGU,IDENTITE_INSUFFISANTE,,MDNGF,NON_RESOLU,,COTATION_SECONDAIRE_OTC,MMA.V,NOM_NORMALISE+UNIQUE_CANADA+OTC
MMA.V,MIDNIGHT SUN MINING CORP,Canada,CAD,VAN,TSXV,EQUITY,,MIDNIGHT SUN MINING CORP,2,2,2,2,ABSENTE,PROBABLE_A_VERIFIER,-,,,,,CONSERVER_AMBIGU,IDENTITE_INSUFFISANTE,,MMA,NON_RESOLU,,CONSERVER_PRINCIPALE_CANADA,MMA.V,NOM_NORMALISE+UNIQUE_CANADA+OTC
MLP.V,MILLENNIAL POTASH CORP,Canada,CAD,VAN,TSXV,EQUITY,,MILLENNIAL POTASH CORP,2,2,2,2,ABSENTE,PROBABLE_A_VERIFIER,-,,,,,CONSERVER_AMBIGU,IDENTITE_INSUFFISANTE,,MLP,NON_RESOLU,,CONSERVER_PRINCIPALE_CANADA,MLP.V,NOM_NORMALISE+UNIQUE_CANADA+OTC
MLPNF,MILLENNIAL POTASH CORP.,USA,USD,OQB,OTC Markets OTCQB,EQUITY,,MILLENNIAL POTASH CORP,2,2,2,2,ABSENTE,PROBABLE_A_VERIFIER,CA60041F1018,,,,,CONSERVER_AMBIGU,IDENTITE_INSUFFISANTE,,MLPNF,NON_RESOLU,,COTATION_SECONDAIRE_OTC,MLP.V,NOM_NORMALISE+UNIQUE_CANADA+OTC
MGG.V,MINAURUM SILVER INC,Canada,CAD,VAN,TSXV,EQUITY,,MINAURUM SILVER INC,2,2,2,2,ABSENTE,PROBABLE_A_VERIFIER,-,,,,,CONSERVER_AMBIGU,IDENTITE_INSUFFISANTE,,MGG,NON_RESOLU,,CONSERVER_PRINCIPALE_CANADA,MGG.V,NOM_NORMALISE+UNIQUE_CANADA+OTC
MMRGF,MINAURUM SILVER INC,USA,USD,OQX,OTC Markets OTCQX,EQUITY,,MINAURUM SILVER INC,2,2,2,2,ABSENTE,PROBABLE_A_VERIFIER,CA60253E1079,,,,,CONSERVER_AMBIGU,IDENTITE_INSUFFISANTE,,MMRGF,NON_RESOLU,,COTATION_SECONDAIRE_OTC,MGG.V,NOM_NORMALISE+UNIQUE_CANADA+OTC
NANO.TO,NANO ONE MATERIALS CORP,Canada,CAD,TOR,Toronto,EQUITY,,NANO ONE MATERIALS CORP,2,2,2,2,ABSENTE,PROBABLE_A_VERIFIER,-,,,,,CONSERVER_AMBIGU,IDENTITE_INSUFFISANTE,,NANO,NON_RESOLU,,CONSERVER_PRINCIPALE_CANADA,NANO.TO,NOM_NORMALISE+UNIQUE_CANADA+OTC
NNOMF,Nano One Materials Corp.,USA,USD,OQB,OTC Markets OTCQB,EQUITY,,NANO ONE MATERIALS CORP,2,2,2,2,ABSENTE,PROBABLE_A_VERIFIER,CA63010A1030,,,,,CONSERVER_AMBIGU,IDENTITE_INSUFFISANTE,,NNOMF,NON_RESOLU,,COTATION_SECONDAIRE_OTC,NANO.TO,NOM_NORMALISE+UNIQUE_CANADA+OTC
GRA.TO,NANOXPLORE INC,Canada,CAD,TOR,Toronto,EQUITY,,NANOXPLORE INC,2,2,2,2,ABSENTE,PROBABLE_A_VERIFIER,-,,,,,CONSERVER_AMBIGU,IDENTITE_INSUFFISANTE,,GRA,NON_RESOLU,,CONSERVER_PRINCIPALE_CANADA,GRA.TO,NOM_NORMALISE+UNIQUE_CANADA+OTC
NNXPF,Nanoxplore Inc.,USA,USD,OQX,OTC Markets OTCQX,EQUITY,,NANOXPLORE INC,2,2,2,2,ABSENTE,PROBABLE_A_VERIFIER,CA63010G1000,,,,,CONSERVER_AMBIGU,IDENTITE_INSUFFISANTE,,NNXPF,NON_RESOLU,,COTATION_SECONDAIRE_OTC,GRA.TO,NOM_NORMALISE+UNIQUE_CANADA+OTC
NAU.V,NEVGOLD CORP,Canada,CAD,VAN,TSXV,EQUITY,,NEVGOLD CORP,2,2,2,2,ABSENTE,PROBABLE_A_VERIFIER,-,,,,,CONSERVER_AMBIGU,IDENTITE_INSUFFISANTE,,NAU,NON_RESOLU,,CONSERVER_PRINCIPALE_CANADA,NAU.V,NOM_NORMALISE+UNIQUE_CANADA+OTC
NAUFF,Nevgold Corp.,USA,USD,OQX,OTC Markets OTCQX,EQUITY,,NEVGOLD CORP,2,2,2,2,ABSENTE,PROBABLE_A_VERIFIER,CA6415361071,,,,,CONSERVER_AMBIGU,IDENTITE_INSUFFISANTE,,NAUFF,NON_RESOLU,,COTATION_SECONDAIRE_OTC,NAU.V,NOM_NORMALISE+UNIQUE_CANADA+OTC
NSE.V,NEW STRATUS ENERGY INC,Canada,CAD,VAN,TSXV,EQUITY,,NEW STRATUS ENERGY INC,2,2,2,2,ABSENTE,PROBABLE_A_VERIFIER,-,,,,,CONSERVER_AMBIGU,IDENTITE_INSUFFISANTE,,NSE,NON_RESOLU,,CONSERVER_PRINCIPALE_CANADA,NSE.V,NOM_NORMALISE+UNIQUE_CANADA+OTC
RDRIF,New Stratus Energy Inc.,USA,USD,PNK,OTC Markets OTCPK,EQUITY,,NEW STRATUS ENERGY INC,2,2,2,2,ABSENTE,PROBABLE_A_VERIFIER,CA6488301079,,,,,CONSERVER_AMBIGU,IDENTITE_INSUFFISANTE,,RDRIF,NON_RESOLU,,COTATION_SECONDAIRE_OTC,NSE.V,NOM_NORMALISE+UNIQUE_CANADA+OTC
NCAU.V,NEWCORE GOLD LTD,Canada,CAD,VAN,TSXV,EQUITY,,NEWCORE GOLD LTD,2,2,2,2,ABSENTE,PROBABLE_A_VERIFIER,-,,,,,CONSERVER_AMBIGU,IDENTITE_INSUFFISANTE,,NCAU,NON_RESOLU,,CONSERVER_PRINCIPALE_CANADA,NCAU.V,NOM_NORMALISE+UNIQUE_CANADA+OTC
NCAUF,Newcore Gold Ltd.,USA,USD,OQX,OTC Markets OTCQX,EQUITY,,NEWCORE GOLD LTD,2,2,2,2,ABSENTE,PROBABLE_A_VERIFIER,CA65118M1032,,,,,CONSERVER_AMBIGU,IDENTITE_INSUFFISANTE,,NCAUF,NON_RESOLU,,COTATION_SECONDAIRE_OTC,NCAU.V,NOM_NORMALISE+UNIQUE_CANADA+OTC
NEXG.V,NEXGOLD MINING CORP,Canada,CAD,VAN,TSXV,EQUITY,,NEXGOLD MINING CORP,2,2,2,2,ABSENTE,PROBABLE_A_VERIFIER,-,,,,,CONSERVER_AMBIGU,IDENTITE_INSUFFISANTE,,NEXG,NON_RESOLU,,CONSERVER_PRINCIPALE_CANADA,NEXG.V,NOM_NORMALISE+UNIQUE_CANADA+OTC
NXGCF,Nexgold Mining Corp,USA,USD,OQX,OTC Markets OTCQX,EQUITY,,NEXGOLD MINING CORP,2,2,2,2,ABSENTE,PROBABLE_A_VERIFIER,CA65345V1085,,,,,CONSERVER_AMBIGU,IDENTITE_INSUFFISANTE,,NXGCF,NON_RESOLU,,COTATION_SECONDAIRE_OTC,NEXG.V,NOM_NORMALISE+UNIQUE_CANADA+OTC
GASX.TO,NG ENERGY INTERNATIONAL CORP,Canada,CAD,TOR,Toronto,EQUITY,,NG ENERGY INTERNATIONAL CORP,2,2,2,2,ABSENTE,PROBABLE_A_VERIFIER,-,,,,,CONSERVER_AMBIGU,IDENTITE_INSUFFISANTE,,GASX,NON_RESOLU,,CONSERVER_PRINCIPALE_CANADA,GASX.TO,NOM_NORMALISE+UNIQUE_CANADA+OTC
GASXF,NG Energy International Corp.,USA,USD,OQX,OTC Markets OTCQX,EQUITY,,NG ENERGY INTERNATIONAL CORP,2,2,2,2,ABSENTE,PROBABLE_A_VERIFIER,CA62931J1021,,,,,CONSERVER_AMBIGU,IDENTITE_INSUFFISANTE,,GASXF,NON_RESOLU,,COTATION_SECONDAIRE_OTC,GASX.TO,NOM_NORMALISE+UNIQUE_CANADA+OTC
HUSIF,Nicola Mining Inc.,USA,USD,OQB,OTC Markets OTCQB,EQUITY,,NICOLA MINING INC,3,2,3,2,ABSENTE,PROBABLE_A_VERIFIER,CA65405R1047,,,,,CONSERVER_AMBIGU,IDENTITE_INSUFFISANTE,,HUSIF,DISTINCT,ISIN_DIFFERENTS,COTATION_SECONDAIRE_OTC,NIM.V,NOM_NORMALISE+UNIQUE_CANADA+OTC
NICM,Nicola Mining Inc.,USA,USD,NCM,NasdaqCM,EQUITY,,NICOLA MINING INC,3,2,3,2,ABSENTE,PROBABLE_A_VERIFIER,US65405R3021,,,,,CONSERVER_AMBIGU,IDENTITE_INSUFFISANTE,,NICM,DISTINCT,ISIN_DIFFERENTS,HORS_REGLE,,
NIM.V,NICOLA MINING INC,Canada,CAD,VAN,TSXV,EQUITY,,NICOLA MINING INC,3,2,3,2,ABSENTE,PROBABLE_A_VERIFIER,-,,,,,CONSERVER_AMBIGU,IDENTITE_INSUFFISANTE,,NIM,NON_RESOLU,,CONSERVER_PRINCIPALE_CANADA,NIM.V,NOM_NORMALISE+UNIQUE_CANADA+OTC
NCF.TO,NORTHCLIFF RESOURCES LTD,Canada,CAD,TOR,Toronto,EQUITY,,NORTHCLIFF RESOURCES LTD,2,2,2,2,ABSENTE,PROBABLE_A_VERIFIER,-,,,,,CONSERVER_AMBIGU,IDENTITE_INSUFFISANTE,,NCF,NON_RESOLU,,CONSERVER_PRINCIPALE_CANADA,NCF.TO,NOM_NORMALISE+UNIQUE_CANADA+OTC
NCFFF,Northcliff Resources Ltd.,USA,USD,PNK,OTC Markets OTCPK,EQUITY,,NORTHCLIFF RESOURCES LTD,2,2,2,2,ABSENTE,PROBABLE_A_VERIFIER,CA66401Q1081,,,,,CONSERVER_AMBIGU,IDENTITE_INSUFFISANTE,,NCFFF,NON_RESOLU,,COTATION_SECONDAIRE_OTC,NCF.TO,NOM_NORMALISE+UNIQUE_CANADA+OTC
NWCCF,NORTHWEST COPPER CORP.,USA,USD,PNK,OTC Markets OTCPK,EQUITY,,NORTHWEST COPPER CORP,2,2,2,2,ABSENTE,PROBABLE_A_VERIFIER,-,,,,,CONSERVER_AMBIGU,IDENTITE_INSUFFISANTE,,NWCCF,NON_RESOLU,,COTATION_SECONDAIRE_OTC,NWST.V,NOM_NORMALISE+UNIQUE_CANADA+OTC
NWST.V,NORTHWEST COPPER CORP,Canada,CAD,VAN,TSXV,EQUITY,,NORTHWEST COPPER CORP,2,2,2,2,ABSENTE,PROBABLE_A_VERIFIER,-,,,,,CONSERVER_AMBIGU,IDENTITE_INSUFFISANTE,,NWST,NON_RESOLU,,CONSERVER_PRINCIPALE_CANADA,NWST.V,NOM_NORMALISE+UNIQUE_CANADA+OTC
FEO.V,OCEANIC IRON ORE CORP,Canada,CAD,VAN,TSXV,EQUITY,,OCEANIC IRON ORE CORP,2,2,2,2,ABSENTE,PROBABLE_A_VERIFIER,-,,,,,CONSERVER_AMBIGU,IDENTITE_INSUFFISANTE,,FEO,NON_RESOLU,,CONSERVER_PRINCIPALE_CANADA,FEO.V,NOM_NORMALISE+UNIQUE_CANADA+OTC
FEOVF,Oceanic Iron Ore Corp.,USA,USD,OQX,OTC Markets OTCQX,EQUITY,,OCEANIC IRON ORE CORP,2,2,2,2,ABSENTE,PROBABLE_A_VERIFIER,CA67524Q1321,,,,,CONSERVER_AMBIGU,IDENTITE_INSUFFISANTE,,FEOVF,NON_RESOLU,,COTATION_SECONDAIRE_OTC,FEO.V,NOM_NORMALISE+UNIQUE_CANADA+OTC
OLY.TO,OLYMPIA FINANCIAL GROUP INC,Canada,CAD,TOR,Toronto,EQUITY,,OLYMPIA FINANCIAL GROUP INC,2,2,2,2,ABSENTE,PROBABLE_A_VERIFIER,-,,,,,CONSERVER_AMBIGU,IDENTITE_INSUFFISANTE,,OLY,NON_RESOLU,,CONSERVER_PRINCIPALE_CANADA,OLY.TO,NOM_NORMALISE+UNIQUE_CANADA+OTC
OLYFF,Olympia Financial Group Inc.,USA,USD,PNK,OTC Markets OTCPK,EQUITY,,OLYMPIA FINANCIAL GROUP INC,2,2,2,2,ABSENTE,PROBABLE_A_VERIFIER,CA6814721065,,,,,CONSERVER_AMBIGU,IDENTITE_INSUFFISANTE,,OLYFF,NON_RESOLU,,COTATION_SECONDAIRE_OTC,OLY.TO,NOM_NORMALISE+UNIQUE_CANADA+OTC
ONXGF,Onyx Gold Corp,USA,USD,OQX,OTC Markets OTCQX,EQUITY,,ONYX GOLD CORP,2,2,2,2,ABSENTE,PROBABLE_A_VERIFIER,CA68339G1037,,,,,CONSERVER_AMBIGU,IDENTITE_INSUFFISANTE,,ONXGF,NON_RESOLU,,COTATION_SECONDAIRE_OTC,ONYX.V,NOM_NORMALISE+UNIQUE_CANADA+OTC
ONYX.V,ONYX GOLD CORP,Canada,CAD,VAN,TSXV,EQUITY,,ONYX GOLD CORP,2,2,2,2,ABSENTE,PROBABLE_A_VERIFIER,-,,,,,CONSERVER_AMBIGU,IDENTITE_INSUFFISANTE,,ONYX,NON_RESOLU,,CONSERVER_PRINCIPALE_CANADA,ONYX.V,NOM_NORMALISE+UNIQUE_CANADA+OTC
OCO.V,OROCO RESOURCE CORP.,Canada,CAD,VAN,TSXV,EQUITY,,OROCO RESOURCE CORP,2,2,2,2,ABSENTE,PROBABLE_A_VERIFIER,-,,,,,CONSERVER_AMBIGU,IDENTITE_INSUFFISANTE,,OCO,NON_RESOLU,,CONSERVER_PRINCIPALE_CANADA,OCO.V,NOM_NORMALISE+UNIQUE_CANADA+OTC
ORRCF,Oroco Resource Corp.,USA,USD,OQB,OTC Markets OTCQB,EQUITY,,OROCO RESOURCE CORP,2,2,2,2,ABSENTE,PROBABLE_A_VERIFIER,CA6870331007,,,,,CONSERVER_AMBIGU,IDENTITE_INSUFFISANTE,,ORRCF,NON_RESOLU,,COTATION_SECONDAIRE_OTC,OCO.V,NOM_NORMALISE+UNIQUE_CANADA+OTC
OGN.V,OROGEN ROYALTIES INC,Canada,CAD,VAN,TSXV,EQUITY,,OROGEN ROYALTIES INC,2,2,2,2,ABSENTE,PROBABLE_A_VERIFIER,-,,,,,CONSERVER_AMBIGU,IDENTITE_INSUFFISANTE,,OGN,NON_RESOLU,,CONSERVER_PRINCIPALE_CANADA,OGN.V,NOM_NORMALISE+UNIQUE_CANADA+OTC
OGNNF,Orogen Royalties Inc,USA,USD,OQX,OTC Markets OTCQX,EQUITY,,OROGEN ROYALTIES INC,2,2,2,2,ABSENTE,PROBABLE_A_VERIFIER,CA6870801017,,,,,CONSERVER_AMBIGU,IDENTITE_INSUFFISANTE,,OGNNF,NON_RESOLU,,COTATION_SECONDAIRE_OTC,OGN.V,NOM_NORMALISE+UNIQUE_CANADA+OTC
OMI.V,OROSUR MINING INC,Canada,CAD,VAN,TSXV,EQUITY,,OROSUR MINING INC,2,2,2,2,ABSENTE,PROBABLE_A_VERIFIER,-,,,,,CONSERVER_AMBIGU,IDENTITE_INSUFFISANTE,,OMI,NON_RESOLU,,CONSERVER_PRINCIPALE_CANADA,OMI.V,NOM_NORMALISE+UNIQUE_CANADA+OTC
OROXF,"Orosur Mining, Inc",USA,USD,PNK,OTC Markets OTCPK,EQUITY,,OROSUR MINING INC,2,2,2,2,ABSENTE,PROBABLE_A_VERIFIER,CA6871961059,,,,,CONSERVER_AMBIGU,IDENTITE_INSUFFISANTE,,OROXF,NON_RESOLU,,COTATION_SECONDAIRE_OTC,OMI.V,NOM_NORMALISE+UNIQUE_CANADA+OTC
PGLD.V,P2 GOLD INC,Canada,CAD,VAN,TSXV,EQUITY,,P2 GOLD INC,2,2,2,2,ABSENTE,PROBABLE_A_VERIFIER,-,,,,,CONSERVER_AMBIGU,IDENTITE_INSUFFISANTE,,PGLD,NON_RESOLU,,CONSERVER_PRINCIPALE_CANADA,PGLD.V,NOM_NORMALISE+UNIQUE_CANADA+OTC
PGLDF,P2 Gold Inc.,USA,USD,OQB,OTC Markets OTCQB,EQUITY,,P2 GOLD INC,2,2,2,2,ABSENTE,PROBABLE_A_VERIFIER,CA7446571076,,,,,CONSERVER_AMBIGU,IDENTITE_INSUFFISANTE,,PGLDF,NON_RESOLU,,COTATION_SECONDAIRE_OTC,PGLD.V,NOM_NORMALISE+UNIQUE_CANADA+OTC
PALI.V,PALISADES GOLDCORP LTD,Canada,CAD,VAN,TSXV,EQUITY,,PALISADES GOLDCORP LTD,2,2,2,2,ABSENTE,PROBABLE_A_VERIFIER,-,,,,,CONSERVER_AMBIGU,IDENTITE_INSUFFISANTE,,PALI,NON_RESOLU,,CONSERVER_PRINCIPALE_CANADA,PALI.V,NOM_NORMALISE+UNIQUE_CANADA+OTC
PLGDF,PALISADES GOLDCORP LTD.,USA,USD,PNK,OTC Markets OTCPK,EQUITY,,PALISADES GOLDCORP LTD,2,2,2,2,ABSENTE,PROBABLE_A_VERIFIER,CA69639G1081,,,,,CONSERVER_AMBIGU,IDENTITE_INSUFFISANTE,,PLGDF,NON_RESOLU,,COTATION_SECONDAIRE_OTC,PALI.V,NOM_NORMALISE+UNIQUE_CANADA+OTC
PALS.V,PARAGON ADVANCED LABS INC,Canada,CAD,VAN,TSXV,EQUITY,,PARAGON ADVANCED LABS INC,2,2,2,2,ABSENTE,PROBABLE_A_VERIFIER,-,,,,,CONSERVER_AMBIGU,IDENTITE_INSUFFISANTE,,PALS,NON_RESOLU,,CONSERVER_PRINCIPALE_CANADA,PALS.V,NOM_NORMALISE+UNIQUE_CANADA+OTC
PAVLF,PARAGON ADVANCED LABS INC.,USA,USD,PNK,OTC Markets OTCPK,EQUITY,,PARAGON ADVANCED LABS INC,2,2,2,2,ABSENTE,PROBABLE_A_VERIFIER,CA6991301004,,,,,CONSERVER_AMBIGU,IDENTITE_INSUFFISANTE,,PAVLF,NON_RESOLU,,COTATION_SECONDAIRE_OTC,PALS.V,NOM_NORMALISE+UNIQUE_CANADA+OTC
PKT.V,PARKIT ENTERPRISE INC,Canada,CAD,VAN,TSXV,EQUITY,,PARKIT ENTERPRISE INC,2,2,2,2,ABSENTE,PROBABLE_A_VERIFIER,-,,,,,CONSERVER_AMBIGU,IDENTITE_INSUFFISANTE,,PKT,NON_RESOLU,,CONSERVER_PRINCIPALE_CANADA,PKT.V,NOM_NORMALISE+UNIQUE_CANADA+OTC
PKTEF,Parkit Enterprise Inc.,USA,USD,PNK,OTC Markets OTCPK,EQUITY,,PARKIT ENTERPRISE INC,2,2,2,2,ABSENTE,PROBABLE_A_VERIFIER,CA70137X4030,,,,,CONSERVER_AMBIGU,IDENTITE_INSUFFISANTE,,PKTEF,NON_RESOLU,,COTATION_SECONDAIRE_OTC,PKT.V,NOM_NORMALISE+UNIQUE_CANADA+OTC
HGLD,Patagonia Gold Corp.,USA,USD,PNK,OTC Markets OTCPK,EQUITY,,PATAGONIA GOLD CORP,2,2,2,2,ABSENTE,PROBABLE_A_VERIFIER,CA70289T1012,,,,,CONSERVER_AMBIGU,IDENTITE_INSUFFISANTE,,HGLD,NON_RESOLU,,COTATION_SECONDAIRE_OTC,PGDC.V,NOM_NORMALISE+UNIQUE_CANADA+OTC
PGDC.V,PATAGONIA GOLD CORP,Canada,CAD,VAN,TSXV,EQUITY,,PATAGONIA GOLD CORP,2,2,2,2,ABSENTE,PROBABLE_A_VERIFIER,-,,,,,CONSERVER_AMBIGU,IDENTITE_INSUFFISANTE,,PGDC,NON_RESOLU,,CONSERVER_PRINCIPALE_CANADA,PGDC.V,NOM_NORMALISE+UNIQUE_CANADA+OTC
PCU.V,PECOY COPPER CORP,Canada,CAD,VAN,TSXV,EQUITY,,PECOY COPPER CORP,2,2,2,2,ABSENTE,PROBABLE_A_VERIFIER,-,,,,,CONSERVER_AMBIGU,IDENTITE_INSUFFISANTE,,PCU,NON_RESOLU,,CONSERVER_PRINCIPALE_CANADA,PCU.V,NOM_NORMALISE+UNIQUE_CANADA+OTC
PCUUF,Pecoy Copper Corp.,USA,USD,OQX,OTC Markets OTCQX,EQUITY,,PECOY COPPER CORP,2,2,2,2,ABSENTE,PROBABLE_A_VERIFIER,CA70529A1021,,,,,CONSERVER_AMBIGU,IDENTITE_INSUFFISANTE,,PCUUF,NON_RESOLU,,COTATION_SECONDAIRE_OTC,PCU.V,NOM_NORMALISE+UNIQUE_CANADA+OTC
PESO.V,PESORAMA INC,Canada,CAD,VAN,TSXV,EQUITY,,PESORAMA INC,2,2,2,2,ABSENTE,PROBABLE_A_VERIFIER,-,,,,,CONSERVER_AMBIGU,IDENTITE_INSUFFISANTE,,PESO,NON_RESOLU,,CONSERVER_PRINCIPALE_CANADA,PESO.V,NOM_NORMALISE+UNIQUE_CANADA+OTC
PSSOF,PesoRama Inc.,USA,USD,OQX,OTC Markets OTCQX,EQUITY,,PESORAMA INC,2,2,2,2,ABSENTE,PROBABLE_A_VERIFIER,CA7157921072,,,,,CONSERVER_AMBIGU,IDENTITE_INSUFFISANTE,,PSSOF,NON_RESOLU,,COTATION_SECONDAIRE_OTC,PESO.V,NOM_NORMALISE+UNIQUE_CANADA+OTC
PRQ.TO,PETRUS RESOURCES LTD,Canada,CAD,TOR,Toronto,EQUITY,,PETRUS RESOURCES LTD,2,2,2,2,ABSENTE,PROBABLE_A_VERIFIER,-,,,,,CONSERVER_AMBIGU,IDENTITE_INSUFFISANTE,,PRQ,NON_RESOLU,,CONSERVER_PRINCIPALE_CANADA,PRQ.TO,NOM_NORMALISE+UNIQUE_CANADA+OTC
PTRUF,Petrus Resources Ltd.,USA,USD,PNK,OTC Markets OTCPK,EQUITY,,PETRUS RESOURCES LTD,2,2,2,2,ABSENTE,PROBABLE_A_VERIFIER,CA71678F1080,,,,,CONSERVER_AMBIGU,IDENTITE_INSUFFISANTE,,PTRUF,NON_RESOLU,,COTATION_SECONDAIRE_OTC,PRQ.TO,NOM_NORMALISE+UNIQUE_CANADA+OTC
PIFYF,Pine Cliff Energy Ltd.,USA,USD,OQX,OTC Markets OTCQX,EQUITY,,PINE CLIFF ENERGY LTD,2,2,2,2,ABSENTE,PROBABLE_A_VERIFIER,CA7225241057,,,,,CONSERVER_AMBIGU,IDENTITE_INSUFFISANTE,,PIFYF,NON_RESOLU,,COTATION_SECONDAIRE_OTC,PNE.TO,NOM_NORMALISE+UNIQUE_CANADA+OTC
PNE.TO,PINE CLIFF ENERGY LTD,Canada,CAD,TOR,Toronto,EQUITY,,PINE CLIFF ENERGY LTD,2,2,2,2,ABSENTE,PROBABLE_A_VERIFIER,-,,,,,CONSERVER_AMBIGU,IDENTITE_INSUFFISANTE,,PNE,NON_RESOLU,,CONSERVER_PRINCIPALE_CANADA,PNE.TO,NOM_NORMALISE+UNIQUE_CANADA+OTC
PNP.TO,PINETREE CAPITAL LTD,Canada,CAD,TOR,Toronto,EQUITY,,PINETREE CAPITAL LTD,2,2,2,2,ABSENTE,PROBABLE_A_VERIFIER,-,,,,,CONSERVER_AMBIGU,IDENTITE_INSUFFISANTE,,PNP,NON_RESOLU,,CONSERVER_PRINCIPALE_CANADA,PNP.TO,NOM_NORMALISE+UNIQUE_CANADA+OTC
PNPFF,Pinetree Capital Ltd.,USA,USD,PNK,OTC Markets OTCPK,EQUITY,,PINETREE CAPITAL LTD,2,2,2,2,ABSENTE,PROBABLE_A_VERIFIER,CA7233308583,,,,,CONSERVER_AMBIGU,IDENTITE_INSUFFISANTE,,PNPFF,NON_RESOLU,,COTATION_SECONDAIRE_OTC,PNP.TO,NOM_NORMALISE+UNIQUE_CANADA+OTC
YARR.V,PIRATE GOLD CORP,Canada,CAD,VAN,TSXV,EQUITY,,PIRATE GOLD CORP,2,2,2,2,ABSENTE,PROBABLE_A_VERIFIER,-,,,,,CONSERVER_AMBIGU,IDENTITE_INSUFFISANTE,,YARR,NON_RESOLU,,CONSERVER_PRINCIPALE_CANADA,YARR.V,NOM_NORMALISE+UNIQUE_CANADA+OTC
YARRF,PIRATE GOLD CORP.,USA,USD,OQB,OTC Markets OTCQB,EQUITY,,PIRATE GOLD CORP,2,2,2,2,ABSENTE,PROBABLE_A_VERIFIER,CA7242551041,,,,,CONSERVER_AMBIGU,IDENTITE_INSUFFISANTE,,YARRF,NON_RESOLU,,COTATION_SECONDAIRE_OTC,YARR.V,NOM_NORMALISE+UNIQUE_CANADA+OTC
PZA.TO,PIZZA PIZZA ROYALTY CORP,Canada,CAD,TOR,Toronto,EQUITY,,PIZZA PIZZA ROYALTY CORP,2,2,2,2,ABSENTE,PROBABLE_A_VERIFIER,-,,,,,CONSERVER_AMBIGU,IDENTITE_INSUFFISANTE,,PZA,NON_RESOLU,,CONSERVER_PRINCIPALE_CANADA,PZA.TO,NOM_NORMALISE+UNIQUE_CANADA+OTC
PZRIF,Pizza Pizza Royalty Corp.,USA,USD,PNK,OTC Markets OTCPK,EQUITY,,PIZZA PIZZA ROYALTY CORP,2,2,2,2,ABSENTE,PROBABLE_A_VERIFIER,CA72585V1031,,,,,CONSERVER_AMBIGU,IDENTITE_INSUFFISANTE,,PZRIF,NON_RESOLU,,COTATION_SECONDAIRE_OTC,PZA.TO,NOM_NORMALISE+UNIQUE_CANADA+OTC
PIF.TO,POLARIS RENEWABLE ENERGY INC,Canada,CAD,TOR,Toronto,EQUITY,,POLARIS RENEWABLE ENERGY INC,2,2,2,2,ABSENTE,PROBABLE_A_VERIFIER,-,,,,,CONSERVER_AMBIGU,IDENTITE_INSUFFISANTE,,PIF,NON_RESOLU,,CONSERVER_PRINCIPALE_CANADA,PIF.TO,NOM_NORMALISE+UNIQUE_CANADA+OTC
RAMPF,POLARIS RENEWABLE ENERGY INC.,USA,USD,PNK,OTC Markets OTCPK,EQUITY,,POLARIS RENEWABLE ENERGY INC,2,2,2,2,ABSENTE,PROBABLE_A_VERIFIER,CA73108L1013,,,,,CONSERVER_AMBIGU,IDENTITE_INSUFFISANTE,,RAMPF,NON_RESOLU,,COTATION_SECONDAIRE_OTC,PIF.TO,NOM_NORMALISE+UNIQUE_CANADA+OTC
PNPN.V,POWER METALLIC MINES INC,Canada,CAD,VAN,TSXV,EQUITY,,POWER METALLIC MINES INC,2,2,2,2,ABSENTE,PROBABLE_A_VERIFIER,-,,,,,CONSERVER_AMBIGU,IDENTITE_INSUFFISANTE,,PNPN,NON_RESOLU,,CONSERVER_PRINCIPALE_CANADA,PNPN.V,NOM_NORMALISE+UNIQUE_CANADA+OTC
PNPNF,Power Metallic Mines Inc.,USA,USD,OQB,OTC Markets OTCQB,EQUITY,,POWER METALLIC MINES INC,2,2,2,2,ABSENTE,PROBABLE_A_VERIFIER,-,,,,,CONSERVER_AMBIGU,IDENTITE_INSUFFISANTE,,PNPNF,NON_RESOLU,,COTATION_SECONDAIRE_OTC,PNPN.V,NOM_NORMALISE+UNIQUE_CANADA+OTC
PPX.V,PPX MINING CORP,Canada,CAD,VAN,TSXV,EQUITY,,PPX MINING CORP,2,2,2,2,ABSENTE,PROBABLE_A_VERIFIER,-,,,,,CONSERVER_AMBIGU,IDENTITE_INSUFFISANTE,,PPX,NON_RESOLU,,CONSERVER_PRINCIPALE_CANADA,PPX.V,NOM_NORMALISE+UNIQUE_CANADA+OTC
SNNGF,PPX Mining Corp.,USA,USD,PNK,OTC Markets OTCPK,EQUITY,,PPX MINING CORP,2,2,2,2,ABSENTE,PROBABLE_A_VERIFIER,CA69354U1003,,,,,CONSERVER_AMBIGU,IDENTITE_INSUFFISANTE,,SNNGF,NON_RESOLU,,COTATION_SECONDAIRE_OTC,PPX.V,NOM_NORMALISE+UNIQUE_CANADA+OTC
PMCOF,PROSPECTOR METALS CORP.,USA,USD,OQB,OTC Markets OTCQB,EQUITY,,PROSPECTOR METALS CORP,2,2,2,2,ABSENTE,PROBABLE_A_VERIFIER,CA74359L2049,,,,,CONSERVER_AMBIGU,IDENTITE_INSUFFISANTE,,PMCOF,NON_RESOLU,,COTATION_SECONDAIRE_OTC,PPP.V,NOM_NORMALISE+UNIQUE_CANADA+OTC
PPP.V,PROSPECTOR METALS CORP,Canada,CAD,VAN,TSXV,EQUITY,,PROSPECTOR METALS CORP,2,2,2,2,ABSENTE,PROBABLE_A_VERIFIER,-,,,,,CONSERVER_AMBIGU,IDENTITE_INSUFFISANTE,,PPP,NON_RESOLU,,CONSERVER_PRINCIPALE_CANADA,PPP.V,NOM_NORMALISE+UNIQUE_CANADA+OTC
PLSR.V,PULSAR HELIUM INC,Canada,CAD,VAN,TSXV,EQUITY,,PULSAR HELIUM INC,2,2,2,2,ABSENTE,PROBABLE_A_VERIFIER,-,,,,,CONSERVER_AMBIGU,IDENTITE_INSUFFISANTE,,PLSR,NON_RESOLU,,CONSERVER_PRINCIPALE_CANADA,PLSR.V,NOM_NORMALISE+UNIQUE_CANADA+OTC
PSRHF,PULSAR HELIUM INC.,USA,USD,OQB,OTC Markets OTCQB,EQUITY,,PULSAR HELIUM INC,2,2,2,2,ABSENTE,PROBABLE_A_VERIFIER,CA7459321039,,,,,CONSERVER_AMBIGU,IDENTITE_INSUFFISANTE,,PSRHF,NON_RESOLU,,COTATION_SECONDAIRE_OTC,PLSR.V,NOM_NORMALISE+UNIQUE_CANADA+OTC
PLSDF,Pulse Seismic Inc.,USA,USD,OQX,OTC Markets OTCQX,EQUITY,,PULSE SEISMIC INC,2,2,2,2,ABSENTE,PROBABLE_A_VERIFIER,-,,,,,CONSERVER_AMBIGU,IDENTITE_INSUFFISANTE,,PLSDF,NON_RESOLU,,COTATION_SECONDAIRE_OTC,PSD.TO,NOM_NORMALISE+UNIQUE_CANADA+OTC
PSD.TO,PULSE SEISMIC INC.,Canada,CAD,TOR,Toronto,EQUITY,,PULSE SEISMIC INC,2,2,2,2,ABSENTE,PROBABLE_A_VERIFIER,-,,,,,CONSERVER_AMBIGU,IDENTITE_INSUFFISANTE,,PSD,NON_RESOLU,,CONSERVER_PRINCIPALE_CANADA,PSD.TO,NOM_NORMALISE+UNIQUE_CANADA+OTC
QTRH.TO,QUARTERHILL INC,Canada,CAD,TOR,Toronto,EQUITY,,QUARTERHILL INC,2,2,2,2,ABSENTE,PROBABLE_A_VERIFIER,-,,,,,CONSERVER_AMBIGU,IDENTITE_INSUFFISANTE,,QTRH,NON_RESOLU,,CONSERVER_PRINCIPALE_CANADA,QTRH.TO,NOM_NORMALISE+UNIQUE_CANADA+OTC
QTRHF,Quarterhill Inc.,USA,USD,OQX,OTC Markets OTCQX,EQUITY,,QUARTERHILL INC,2,2,2,2,ABSENTE,PROBABLE_A_VERIFIER,CA7477131055,,,,,CONSERVER_AMBIGU,IDENTITE_INSUFFISANTE,,QTRHF,NON_RESOLU,,COTATION_SECONDAIRE_OTC,QTRH.TO,NOM_NORMALISE+UNIQUE_CANADA+OTC
QEC.TO,QUESTERRE ENERGY CORP,Canada,CAD,TOR,Toronto,EQUITY,,QUESTERRE ENERGY CORP,2,2,2,2,ABSENTE,PROBABLE_A_VERIFIER,-,,,,,CONSERVER_AMBIGU,IDENTITE_INSUFFISANTE,,QEC,NON_RESOLU,,CONSERVER_PRINCIPALE_CANADA,QEC.TO,NOM_NORMALISE+UNIQUE_CANADA+OTC
QTEYF,Questerre Energy Corp.,USA,USD,PNK,OTC Markets OTCPK,EQUITY,,QUESTERRE ENERGY CORP,2,2,2,2,ABSENTE,PROBABLE_A_VERIFIER,CA74836K1003,,,,,CONSERVER_AMBIGU,IDENTITE_INSUFFISANTE,,QTEYF,NON_RESOLU,,COTATION_SECONDAIRE_OTC,QEC.TO,NOM_NORMALISE+UNIQUE_CANADA+OTC
RDS.V,Radisson Mining Resources Inc.,Canada,CAD,VAN,TSXV,EQUITY,,RADISSON MINING RESOURCES INC,2,2,2,2,ABSENTE,PROBABLE_A_VERIFIER,-,,,,,CONSERVER_AMBIGU,IDENTITE_INSUFFISANTE,,RDS,NON_RESOLU,,CONSERVER_PRINCIPALE_CANADA,RDS.V,NOM_NORMALISE+UNIQUE_CANADA+OTC
RMRDF,Radisson Mining Resources Inc.,USA,USD,OQX,OTC Markets OTCQX,EQUITY,,RADISSON MINING RESOURCES INC,2,2,2,2,ABSENTE,PROBABLE_A_VERIFIER,-,,,,,CONSERVER_AMBIGU,IDENTITE_INSUFFISANTE,,RMRDF,NON_RESOLU,,COTATION_SECONDAIRE_OTC,RDS.V,NOM_NORMALISE+UNIQUE_CANADA+OTC
REAL.TO,REAL MATTERS INC,Canada,CAD,TOR,Toronto,EQUITY,,REAL MATTERS INC,2,2,2,2,ABSENTE,PROBABLE_A_VERIFIER,-,,,,,CONSERVER_AMBIGU,IDENTITE_INSUFFISANTE,,REAL,NON_RESOLU,,CONSERVER_PRINCIPALE_CANADA,REAL.TO,NOM_NORMALISE+UNIQUE_CANADA+OTC
RLLMF,Real Matters Inc.,USA,USD,PNK,OTC Markets OTCPK,EQUITY,,REAL MATTERS INC,2,2,2,2,ABSENTE,PROBABLE_A_VERIFIER,CA75601Y1007,,,,,CONSERVER_AMBIGU,IDENTITE_INSUFFISANTE,,RLLMF,NON_RESOLU,,COTATION_SECONDAIRE_OTC,REAL.TO,NOM_NORMALISE+UNIQUE_CANADA+OTC
RECAF,Reconnaissance Energy Africa Lt,USA,USD,OQX,OTC Markets OTCQX,EQUITY,,RECONNAISSANCE ENERGY AFRICA LT,2,2,2,2,ABSENTE,PROBABLE_A_VERIFIER,CA75624R1082,,,,,CONSERVER_AMBIGU,IDENTITE_INSUFFISANTE,,RECAF,NON_RESOLU,,COTATION_SECONDAIRE_OTC,RECO.V,NOM_NORMALISE+UNIQUE_CANADA+OTC
RECO.V,RECONNAISSANCE ENERGY AFRICA LT,Canada,CAD,VAN,TSXV,EQUITY,,RECONNAISSANCE ENERGY AFRICA LT,2,2,2,2,ABSENTE,PROBABLE_A_VERIFIER,-,,,,,CONSERVER_AMBIGU,IDENTITE_INSUFFISANTE,,RECO,NON_RESOLU,,CONSERVER_PRINCIPALE_CANADA,RECO.V,NOM_NORMALISE+UNIQUE_CANADA+OTC
RET.V,REITMANS CANADA LIMITED,Canada,CAD,VAN,TSXV,EQUITY,,REITMANS CANADA LIMITED,3,2,2,2,ABSENTE,PROBABLE_A_VERIFIER,-,,,,,CONSERVER_AMBIGU,IDENTITE_INSUFFISANTE,,RET,NON_RESOLU,,CONSERVER_PRINCIPALE_CANADA,RET.V,NOM_NORMALISE+UNIQUE_CANADA+OTC
RTMAF,Reitmans (Canada) Limited,USA,USD,PNK,OTC Markets OTCPK,EQUITY,,REITMANS CANADA LIMITED,3,2,2,2,ABSENTE,PROBABLE_A_VERIFIER,-,,,,,CONSERVER_AMBIGU,IDENTITE_INSUFFISANTE,,RTMAF,NON_RESOLU,,COTATION_SECONDAIRE_OTC,RET.V,NOM_NORMALISE+UNIQUE_CANADA+OTC
RTMNF,Reitmans (Canada) Limited,USA,USD,PNK,OTC Markets OTCPK,EQUITY,,REITMANS CANADA LIMITED,3,2,2,2,ABSENTE,PROBABLE_A_VERIFIER,-,,,,,CONSERVER_AMBIGU,IDENTITE_INSUFFISANTE,,RTMNF,NON_RESOLU,,COTATION_SECONDAIRE_OTC,RET.V,NOM_NORMALISE+UNIQUE_CANADA+OTC
REVFF,REV Exploration Corp.,USA,USD,OID,OTC Markets OTCID,EQUITY,,REV EXPLORATION CORP,2,2,2,2,ABSENTE,PROBABLE_A_VERIFIER,CA7613251098,,,,,CONSERVER_AMBIGU,IDENTITE_INSUFFISANTE,,REVFF,NON_RESOLU,,COTATION_SECONDAIRE_OTC,REVX.V,NOM_NORMALISE+UNIQUE_CANADA+OTC
REVX.V,REV EXPLORATION CORP,Canada,CAD,VAN,TSXV,EQUITY,,REV EXPLORATION CORP,2,2,2,2,ABSENTE,PROBABLE_A_VERIFIER,-,,,,,CONSERVER_AMBIGU,IDENTITE_INSUFFISANTE,,REVX,NON_RESOLU,,CONSERVER_PRINCIPALE_CANADA,REVX.V,NOM_NORMALISE+UNIQUE_CANADA+OTC
RVG.V,REVIVAL GOLD INC,Canada,CAD,VAN,TSXV,EQUITY,,REVIVAL GOLD INC,2,2,2,2,ABSENTE,PROBABLE_A_VERIFIER,-,,,,,CONSERVER_AMBIGU,IDENTITE_INSUFFISANTE,,RVG,NON_RESOLU,,CONSERVER_PRINCIPALE_CANADA,RVG.V,NOM_NORMALISE+UNIQUE_CANADA+OTC
RVLGF,Revival Gold Inc.,USA,USD,OQX,OTC Markets OTCQX,EQUITY,,REVIVAL GOLD INC,2,2,2,2,ABSENTE,PROBABLE_A_VERIFIER,-,,,,,CONSERVER_AMBIGU,IDENTITE_INSUFFISANTE,,RVLGF,NON_RESOLU,,COTATION_SECONDAIRE_OTC,RVG.V,NOM_NORMALISE+UNIQUE_CANADA+OTC
RIC.TO,RICHARDS GROUP INC,Canada,CAD,TOR,Toronto,EQUITY,,RICHARDS GROUP INC,2,2,2,2,ABSENTE,PROBABLE_A_VERIFIER,-,,,,,CONSERVER_AMBIGU,IDENTITE_INSUFFISANTE,,RIC,NON_RESOLU,,CONSERVER_PRINCIPALE_CANADA,RIC.TO,NOM_NORMALISE+UNIQUE_CANADA+OTC
RPKIF,Richards Group Inc.,USA,USD,PNK,OTC Markets OTCPK,EQUITY,,RICHARDS GROUP INC,2,2,2,2,ABSENTE,PROBABLE_A_VERIFIER,-,,,,,CONSERVER_AMBIGU,IDENTITE_INSUFFISANTE,,RPKIF,NON_RESOLU,,COTATION_SECONDAIRE_OTC,RIC.TO,NOM_NORMALISE+UNIQUE_CANADA+OTC
ROOT.TO,ROOTS CORPORATION,Canada,CAD,TOR,Toronto,EQUITY,,ROOTS CORPORATION,2,2,2,2,ABSENTE,PROBABLE_A_VERIFIER,-,,,,,CONSERVER_AMBIGU,IDENTITE_INSUFFISANTE,,ROOT,NON_RESOLU,,CONSERVER_PRINCIPALE_CANADA,ROOT.TO,NOM_NORMALISE+UNIQUE_CANADA+OTC
RROTF,Roots Corporation,USA,USD,PNK,OTC Markets OTCPK,EQUITY,,ROOTS CORPORATION,2,2,2,2,ABSENTE,PROBABLE_A_VERIFIER,CA7766521099,,,,,CONSERVER_AMBIGU,IDENTITE_INSUFFISANTE,,RROTF,NON_RESOLU,,COTATION_SECONDAIRE_OTC,ROOT.TO,NOM_NORMALISE+UNIQUE_CANADA+OTC
GARLF,Roxmore Resources Inc.,USA,USD,OQX,OTC Markets OTCQX,EQUITY,,ROXMORE RESOURCES INC,2,2,2,2,ABSENTE,PROBABLE_A_VERIFIER,-,,,,,CONSERVER_AMBIGU,IDENTITE_INSUFFISANTE,,GARLF,NON_RESOLU,,COTATION_SECONDAIRE_OTC,RM.TO,NOM_NORMALISE+UNIQUE_CANADA+OTC
RM.TO,ROXMORE RESOURCES INC,Canada,CAD,TOR,Toronto,EQUITY,,ROXMORE RESOURCES INC,2,2,2,2,ABSENTE,PROBABLE_A_VERIFIER,-,,,,,CONSERVER_AMBIGU,IDENTITE_INSUFFISANTE,,RM,NON_RESOLU,,CONSERVER_PRINCIPALE_CANADA,RM.TO,NOM_NORMALISE+UNIQUE_CANADA+OTC
NZAUF,RUA GOLD INC.,USA,USD,OQX,OTC Markets OTCQX,EQUITY,,RUA GOLD INC,2,2,2,2,ABSENTE,PROBABLE_A_VERIFIER,CA78109M2067,,,,,CONSERVER_AMBIGU,IDENTITE_INSUFFISANTE,,NZAUF,DISTINCT,ISIN_DIFFERENTS,COTATION_SECONDAIRE_OTC,RUA.TO,NOM_NORMALISE+UNIQUE_CANADA+OTC
RUA.TO,RUA GOLD INC,Canada,CAD,TOR,Toronto,EQUITY,,RUA GOLD INC,2,2,2,2,ABSENTE,PROBABLE_A_VERIFIER,RUAG00000000,,,,,CONSERVER_AMBIGU,IDENTITE_INSUFFISANTE,,RUA,DISTINCT,ISIN_DIFFERENTS,CONSERVER_PRINCIPALE_CANADA,RUA.TO,NOM_NORMALISE+UNIQUE_CANADA+OTC
RBY.TO,RUBELLITE ENERGY CORP,Canada,CAD,TOR,Toronto,EQUITY,,RUBELLITE ENERGY CORP,2,2,2,2,ABSENTE,PROBABLE_A_VERIFIER,-,,,,,CONSERVER_AMBIGU,IDENTITE_INSUFFISANTE,,RBY,NON_RESOLU,,CONSERVER_PRINCIPALE_CANADA,RBY.TO,NOM_NORMALISE+UNIQUE_CANADA+OTC
RUBLF,Rubellite Energy Corp.,USA,USD,PNK,OTC Markets OTCPK,EQUITY,,RUBELLITE ENERGY CORP,2,2,2,2,ABSENTE,PROBABLE_A_VERIFIER,-,,,,,CONSERVER_AMBIGU,IDENTITE_INSUFFISANTE,,RUBLF,NON_RESOLU,,COTATION_SECONDAIRE_OTC,RBY.TO,NOM_NORMALISE+UNIQUE_CANADA+OTC
SFR.V,SANDFIRE RESOURCES AMERICA INC,Canada,CAD,VAN,TSXV,EQUITY,,SANDFIRE RESOURCES AMERICA INC,2,2,2,2,ABSENTE,PROBABLE_A_VERIFIER,-,,,,,CONSERVER_AMBIGU,IDENTITE_INSUFFISANTE,,SFR,NON_RESOLU,,CONSERVER_PRINCIPALE_CANADA,SFR.V,NOM_NORMALISE+UNIQUE_CANADA+OTC
SRAFF,Sandfire Resources America Inc.,USA,USD,OQB,OTC Markets OTCQB,EQUITY,,SANDFIRE RESOURCES AMERICA INC,2,2,2,2,ABSENTE,PROBABLE_A_VERIFIER,CA8000281029,,,,,CONSERVER_AMBIGU,IDENTITE_INSUFFISANTE,,SRAFF,NON_RESOLU,,COTATION_SECONDAIRE_OTC,SFR.V,NOM_NORMALISE+UNIQUE_CANADA+OTC
SCD.V,SCANDIUM CANADA LTD,Canada,CAD,VAN,TSXV,EQUITY,,SCANDIUM CANADA LTD,2,2,2,2,ABSENTE,PROBABLE_A_VERIFIER,-,,,,,CONSERVER_AMBIGU,IDENTITE_INSUFFISANTE,,SCD,NON_RESOLU,,CONSERVER_PRINCIPALE_CANADA,SCD.V,NOM_NORMALISE+UNIQUE_CANADA+OTC
SCDCF,SCANDIUM CANADA LTD.,USA,USD,PNK,OTC Markets OTCPK,EQUITY,,SCANDIUM CANADA LTD,2,2,2,2,ABSENTE,PROBABLE_A_VERIFIER,-,,,,,CONSERVER_AMBIGU,IDENTITE_INSUFFISANTE,,SCDCF,NON_RESOLU,,COTATION_SECONDAIRE_OTC,SCD.V,NOM_NORMALISE+UNIQUE_CANADA+OTC
SCMI.V,SELKIRK COPPER MINES INC,Canada,CAD,VAN,TSXV,EQUITY,,SELKIRK COPPER MINES INC,2,2,2,2,ABSENTE,PROBABLE_A_VERIFIER,-,,,,,CONSERVER_AMBIGU,IDENTITE_INSUFFISANTE,,SCMI,NON_RESOLU,,CONSERVER_PRINCIPALE_CANADA,SCMI.V,NOM_NORMALISE+UNIQUE_CANADA+OTC
SKRKF,Selkirk Copper Mines Inc.,USA,USD,OQX,OTC Markets OTCQX,EQUITY,,SELKIRK COPPER MINES INC,2,2,2,2,ABSENTE,PROBABLE_A_VERIFIER,CA81640B1013,,,,,CONSERVER_AMBIGU,IDENTITE_INSUFFISANTE,,SKRKF,NON_RESOLU,,COTATION_SECONDAIRE_OTC,SCMI.V,NOM_NORMALISE+UNIQUE_CANADA+OTC
SBI.TO,SERABI GOLD PLC,Canada,CAD,TOR,Toronto,EQUITY,,SERABI GOLD PLC,2,2,2,2,ABSENTE,PROBABLE_A_VERIFIER,-,,,,,CONSERVER_AMBIGU,IDENTITE_INSUFFISANTE,,SBI,NON_RESOLU,,CONSERVER_PRINCIPALE_CANADA,SBI.TO,NOM_NORMALISE+UNIQUE_CANADA+OTC
SRBIF,Serabi Gold Plc,USA,USD,OQX,OTC Markets OTCQX,EQUITY,,SERABI GOLD PLC,2,2,2,2,ABSENTE,PROBABLE_A_VERIFIER,GB00BG5NDX91,,,,,CONSERVER_AMBIGU,IDENTITE_INSUFFISANTE,,SRBIF,NON_RESOLU,,COTATION_SECONDAIRE_OTC,SBI.TO,NOM_NORMALISE+UNIQUE_CANADA+OTC
SM.V,SIERRA MADRE GOLD AND SILVER LT,Canada,CAD,VAN,TSXV,EQUITY,,SIERRA MADRE GOLD AND SILVER LT,2,2,2,2,ABSENTE,PROBABLE_A_VERIFIER,-,,,,,CONSERVER_AMBIGU,IDENTITE_INSUFFISANTE,,SM,NON_RESOLU,,CONSERVER_PRINCIPALE_CANADA,SM.V,NOM_NORMALISE+UNIQUE_CANADA+OTC
SMDRF,Sierra Madre Gold and Silver Lt,USA,USD,OQX,OTC Markets OTCQX,EQUITY,,SIERRA MADRE GOLD AND SILVER LT,2,2,2,2,ABSENTE,PROBABLE_A_VERIFIER,CA8263XP1041,,,,,CONSERVER_AMBIGU,IDENTITE_INSUFFISANTE,,SMDRF,NON_RESOLU,,COTATION_SECONDAIRE_OTC,SM.V,NOM_NORMALISE+UNIQUE_CANADA+OTC
AGMR.TO,SILVER MOUNTAIN RESOURCES INC,Canada,CAD,TOR,Toronto,EQUITY,,SILVER MOUNTAIN RESOURCES INC,2,2,2,2,ABSENTE,PROBABLE_A_VERIFIER,-,,,,,CONSERVER_AMBIGU,IDENTITE_INSUFFISANTE,,AGMR,NON_RESOLU,,CONSERVER_PRINCIPALE_CANADA,AGMR.TO,NOM_NORMALISE+UNIQUE_CANADA+OTC
AGMRF,Silver Mountain Resources Inc.,USA,USD,OQB,OTC Markets OTCQB,EQUITY,,SILVER MOUNTAIN RESOURCES INC,2,2,2,2,ABSENTE,PROBABLE_A_VERIFIER,CA8280421014,,,,,CONSERVER_AMBIGU,IDENTITE_INSUFFISANTE,,AGMRF,NON_RESOLU,,COTATION_SECONDAIRE_OTC,AGMR.TO,NOM_NORMALISE+UNIQUE_CANADA+OTC
SLVRF,Silver One Resources Inc.,USA,USD,OQX,OTC Markets OTCQX,EQUITY,,SILVER ONE RESOURCES INC,2,2,2,2,ABSENTE,PROBABLE_A_VERIFIER,-,,,,,CONSERVER_AMBIGU,IDENTITE_INSUFFISANTE,,SLVRF,NON_RESOLU,,COTATION_SECONDAIRE_OTC,SVE.V,NOM_NORMALISE+UNIQUE_CANADA+OTC
SVE.V,SILVER ONE RESOURCES INC,Canada,CAD,VAN,TSXV,EQUITY,,SILVER ONE RESOURCES INC,2,2,2,2,ABSENTE,PROBABLE_A_VERIFIER,-,,,,,CONSERVER_AMBIGU,IDENTITE_INSUFFISANTE,,SVE,NON_RESOLU,,CONSERVER_PRINCIPALE_CANADA,SVE.V,NOM_NORMALISE+UNIQUE_CANADA+OTC
SVRS.V,SILVER STORM MINING LTD,Canada,CAD,VAN,TSXV,EQUITY,,SILVER STORM MINING LTD,2,2,2,2,ABSENTE,PROBABLE_A_VERIFIER,-,,,,,CONSERVER_AMBIGU,IDENTITE_INSUFFISANTE,,SVRS,NON_RESOLU,,CONSERVER_PRINCIPALE_CANADA,SVRS.V,NOM_NORMALISE+UNIQUE_CANADA+OTC
SVRSF,Silver Storm Mining Ltd.,USA,USD,OQX,OTC Markets OTCQX,EQUITY,,SILVER STORM MINING LTD,2,2,2,2,ABSENTE,PROBABLE_A_VERIFIER,-,,,,,CONSERVER_AMBIGU,IDENTITE_INSUFFISANTE,,SVRSF,NON_RESOLU,,COTATION_SECONDAIRE_OTC,SVRS.V,NOM_NORMALISE+UNIQUE_CANADA+OTC
SLVR.TO,SILVER TIGER METALS INC,Canada,CAD,TOR,Toronto,EQUITY,,SILVER TIGER METALS INC,2,2,2,2,ABSENTE,PROBABLE_A_VERIFIER,-,,,,,CONSERVER_AMBIGU,IDENTITE_INSUFFISANTE,,SLVR,NON_RESOLU,,CONSERVER_PRINCIPALE_CANADA,SLVR.TO,NOM_NORMALISE+UNIQUE_CANADA+OTC
SLVTF,Silver Tiger Metals Inc.,USA,USD,OQX,OTC Markets OTCQX,EQUITY,,SILVER TIGER METALS INC,2,2,2,2,ABSENTE,PROBABLE_A_VERIFIER,-,,,,,CONSERVER_AMBIGU,IDENTITE_INSUFFISANTE,,SLVTF,NON_RESOLU,,COTATION_SECONDAIRE_OTC,SLVR.TO,NOM_NORMALISE+UNIQUE_CANADA+OTC
AGX.V,SILVER X MINING CORP,Canada,CAD,VAN,TSXV,EQUITY,,SILVER X MINING CORP,2,2,2,2,ABSENTE,PROBABLE_A_VERIFIER,XIT,,,,,CONSERVER_AMBIGU,IDENTITE_INSUFFISANTE,,AGX,DISTINCT,ISIN_DIFFERENTS,CONSERVER_PRINCIPALE_CANADA,AGX.V,NOM_NORMALISE+UNIQUE_CANADA+OTC
AGXPF,Silver X Mining Corp.,USA,USD,OQX,OTC Markets OTCQX,EQUITY,,SILVER X MINING CORP,2,2,2,2,ABSENTE,PROBABLE_A_VERIFIER,CA8283411079,,,,,CONSERVER_AMBIGU,IDENTITE_INSUFFISANTE,,AGXPF,DISTINCT,ISIN_DIFFERENTS,COTATION_SECONDAIRE_OTC,AGX.V,NOM_NORMALISE+UNIQUE_CANADA+OTC
AAGAF,Silver47 Exploration Corp.,USA,USD,OQX,OTC Markets OTCQX,EQUITY,,SILVER47 EXPLORATION CORP,2,2,2,2,ABSENTE,PROBABLE_A_VERIFIER,CA8277191059,,,,,CONSERVER_AMBIGU,IDENTITE_INSUFFISANTE,,AAGAF,NON_RESOLU,,COTATION_SECONDAIRE_OTC,AGA.V,NOM_NORMALISE+UNIQUE_CANADA+OTC
AGA.V,SILVER47 EXPLORATION CORP,Canada,CAD,VAN,TSXV,EQUITY,,SILVER47 EXPLORATION CORP,2,2,2,2,ABSENTE,PROBABLE_A_VERIFIER,-,,,,,CONSERVER_AMBIGU,IDENTITE_INSUFFISANTE,,AGA,NON_RESOLU,,CONSERVER_PRINCIPALE_CANADA,AGA.V,NOM_NORMALISE+UNIQUE_CANADA+OTC
SEI.V,SINTANA ENERGY INC,Canada,CAD,VAN,TSXV,EQUITY,,SINTANA ENERGY INC,2,2,2,2,ABSENTE,PROBABLE_A_VERIFIER,-,,,,,CONSERVER_AMBIGU,IDENTITE_INSUFFISANTE,,SEI,NON_RESOLU,,CONSERVER_PRINCIPALE_CANADA,SEI.V,NOM_NORMALISE+UNIQUE_CANADA+OTC
SEUSF,"Sintana Energy, Inc.",USA,USD,OQX,OTC Markets OTCQX,EQUITY,,SINTANA ENERGY INC,2,2,2,2,ABSENTE,PROBABLE_A_VERIFIER,CA82938H1073,,,,,CONSERVER_AMBIGU,IDENTITE_INSUFFISANTE,,SEUSF,NON_RESOLU,,COTATION_SECONDAIRE_OTC,SEI.V,NOM_NORMALISE+UNIQUE_CANADA+OTC
SIREF,Sirios Resources Inc.,USA,USD,OQB,OTC Markets OTCQB,EQUITY,,SIRIOS RESOURCES INC,2,2,2,2,ABSENTE,PROBABLE_A_VERIFIER,CA8299085081,,,,,CONSERVER_AMBIGU,IDENTITE_INSUFFISANTE,,SIREF,NON_RESOLU,,COTATION_SECONDAIRE_OTC,SOI.V,NOM_NORMALISE+UNIQUE_CANADA+OTC
SOI.V,Sirios Resources Inc.,Canada,CAD,VAN,TSXV,EQUITY,,SIRIOS RESOURCES INC,2,2,2,2,ABSENTE,PROBABLE_A_VERIFIER,-,,,,,CONSERVER_AMBIGU,IDENTITE_INSUFFISANTE,,SOI,NON_RESOLU,,CONSERVER_PRINCIPALE_CANADA,SOI.V,NOM_NORMALISE+UNIQUE_CANADA+OTC
SYH.V,SKYHARBOUR RESOURCES LTD.,Canada,CAD,VAN,TSXV,EQUITY,,SKYHARBOUR RESOURCES LTD,2,2,2,2,ABSENTE,PROBABLE_A_VERIFIER,-,,,,,CONSERVER_AMBIGU,IDENTITE_INSUFFISANTE,,SYH,NON_RESOLU,,CONSERVER_PRINCIPALE_CANADA,SYH.V,NOM_NORMALISE+UNIQUE_CANADA+OTC
SYHBF,Skyharbour Resources Ltd.,USA,USD,OQX,OTC Markets OTCQX,EQUITY,,SKYHARBOUR RESOURCES LTD,2,2,2,2,ABSENTE,PROBABLE_A_VERIFIER,CA8308166096,,,,,CONSERVER_AMBIGU,IDENTITE_INSUFFISANTE,,SYHBF,NON_RESOLU,,COTATION_SECONDAIRE_OTC,SYH.V,NOM_NORMALISE+UNIQUE_CANADA+OTC
SMAGF,Soma Gold Corp.,USA,USD,OQX,OTC Markets OTCQX,EQUITY,,SOMA GOLD CORP,2,2,2,2,ABSENTE,PROBABLE_A_VERIFIER,CA83445W1086,,,,,CONSERVER_AMBIGU,IDENTITE_INSUFFISANTE,,SMAGF,NON_RESOLU,,COTATION_SECONDAIRE_OTC,SOMA.V,NOM_NORMALISE+UNIQUE_CANADA+OTC
SOMA.V,SOMA GOLD CORP,Canada,CAD,VAN,TSXV,EQUITY,,SOMA GOLD CORP,2,2,2,2,ABSENTE,PROBABLE_A_VERIFIER,-,,,,,CONSERVER_AMBIGU,IDENTITE_INSUFFISANTE,,SOMA,NON_RESOLU,,CONSERVER_PRINCIPALE_CANADA,SOMA.V,NOM_NORMALISE+UNIQUE_CANADA+OTC
SCEYF,Source Energy Services Ltd.,USA,USD,PNK,OTC Markets OTCPK,EQUITY,,SOURCE ENERGY SERVICES LTD,2,2,2,2,ABSENTE,PROBABLE_A_VERIFIER,CA83615X4075,,,,,CONSERVER_AMBIGU,IDENTITE_INSUFFISANTE,,SCEYF,NON_RESOLU,,COTATION_SECONDAIRE_OTC,SHLE.TO,NOM_NORMALISE+UNIQUE_CANADA+OTC
SHLE.TO,SOURCE ENERGY SERVICES LTD,Canada,CAD,TOR,Toronto,EQUITY,,SOURCE ENERGY SERVICES LTD,2,2,2,2,ABSENTE,PROBABLE_A_VERIFIER,-,,,,,CONSERVER_AMBIGU,IDENTITE_INSUFFISANTE,,SHLE,NON_RESOLU,,CONSERVER_PRINCIPALE_CANADA,SHLE.TO,NOM_NORMALISE+UNIQUE_CANADA+OTC
SEG1.SG,Southern Silver Exploration Cor,Allemagne,EUR,STU,Stuttgart,EQUITY,,SOUTHERN SILVER EXPLORATION COR,3,3,3,3,ABSENTE,PROBABLE_A_VERIFIER,-,,,,,CONSERVER_AMBIGU,IDENTITE_INSUFFISANTE,,SEG1,NON_RESOLU,,HORS_REGLE,,
SSV.V,SOUTHERN SILVER EXPLORATION COR,Canada,CAD,VAN,TSXV,EQUITY,,SOUTHERN SILVER EXPLORATION COR,3,3,3,3,ABSENTE,PROBABLE_A_VERIFIER,-,,,,,CONSERVER_AMBIGU,IDENTITE_INSUFFISANTE,,SSV,NON_RESOLU,,CONSERVER_PRINCIPALE_CANADA,SSV.V,NOM_NORMALISE+UNIQUE_CANADA+OTC
SSVFF,Southern Silver Exploration Cor,USA,USD,OQX,OTC Markets OTCQX,EQUITY,,SOUTHERN SILVER EXPLORATION COR,3,3,3,3,ABSENTE,PROBABLE_A_VERIFIER,CA8438142033,,,,,CONSERVER_AMBIGU,IDENTITE_INSUFFISANTE,,SSVFF,NON_RESOLU,,COTATION_SECONDAIRE_OTC,SSV.V,NOM_NORMALISE+UNIQUE_CANADA+OTC
SGQ.V,SOUTHGOBI RESOURCES LTD,Canada,CAD,VAN,TSXV,EQUITY,,SOUTHGOBI RESOURCES LTD,2,2,2,2,ABSENTE,PROBABLE_A_VERIFIER,-,,,,,CONSERVER_AMBIGU,IDENTITE_INSUFFISANTE,,SGQ,NON_RESOLU,,CONSERVER_PRINCIPALE_CANADA,SGQ.V,NOM_NORMALISE+UNIQUE_CANADA+OTC
SGQRF,SOUTHGOBI RESOURCES LTD,USA,USD,PNK,OTC Markets OTCPK,EQUITY,,SOUTHGOBI RESOURCES LTD,2,2,2,2,ABSENTE,PROBABLE_A_VERIFIER,CA8443751059,,,,,CONSERVER_AMBIGU,IDENTITE_INSUFFISANTE,,SGQRF,NON_RESOLU,,COTATION_SECONDAIRE_OTC,SGQ.V,NOM_NORMALISE+UNIQUE_CANADA+OTC
SPA.V,SPANISH MOUNTAIN GOLD LTD,Canada,CAD,VAN,TSXV,EQUITY,,SPANISH MOUNTAIN GOLD LTD,2,2,2,2,ABSENTE,PROBABLE_A_VERIFIER,-,,,,,CONSERVER_AMBIGU,IDENTITE_INSUFFISANTE,,SPA,NON_RESOLU,,CONSERVER_PRINCIPALE_CANADA,SPA.V,NOM_NORMALISE+UNIQUE_CANADA+OTC
SPAUF,Spanish Mountain Gold Ltd.,USA,USD,OQB,OTC Markets OTCQB,EQUITY,,SPANISH MOUNTAIN GOLD LTD,2,2,2,2,ABSENTE,PROBABLE_A_VERIFIER,CA8464811097,,,,,CONSERVER_AMBIGU,IDENTITE_INSUFFISANTE,,SPAUF,NON_RESOLU,,COTATION_SECONDAIRE_OTC,SPA.V,NOM_NORMALISE+UNIQUE_CANADA+OTC
EDT.TO,SPECTRAL MEDICAL INC,Canada,CAD,TOR,Toronto,EQUITY,,SPECTRAL MEDICAL INC,2,2,2,2,ABSENTE,PROBABLE_A_VERIFIER,-,,,,,CONSERVER_AMBIGU,IDENTITE_INSUFFISANTE,,EDT,NON_RESOLU,,CONSERVER_PRINCIPALE_CANADA,EDT.TO,NOM_NORMALISE+UNIQUE_CANADA+OTC
EDTXF,Spectral Medical Inc.,USA,USD,PNK,OTC Markets OTCPK,EQUITY,,SPECTRAL MEDICAL INC,2,2,2,2,ABSENTE,PROBABLE_A_VERIFIER,-,,,,,CONSERVER_AMBIGU,IDENTITE_INSUFFISANTE,,EDTXF,NON_RESOLU,,COTATION_SECONDAIRE_OTC,EDT.TO,NOM_NORMALISE+UNIQUE_CANADA+OTC
PGE.V,STILLWATER CRITICAL MINERALS CO,Canada,CAD,VAN,TSXV,EQUITY,,STILLWATER CRITICAL MINERALS CO,2,2,2,2,ABSENTE,PROBABLE_A_VERIFIER,-,,,,,CONSERVER_AMBIGU,IDENTITE_INSUFFISANTE,,PGE,NON_RESOLU,,CONSERVER_PRINCIPALE_CANADA,PGE.V,NOM_NORMALISE+UNIQUE_CANADA+OTC
PGEZF,STILLWATER CRITICAL MINERALS CO,USA,USD,OQB,OTC Markets OTCQB,EQUITY,,STILLWATER CRITICAL MINERALS CO,2,2,2,2,ABSENTE,PROBABLE_A_VERIFIER,CA86074L1031,,,,,CONSERVER_AMBIGU,IDENTITE_INSUFFISANTE,,PGEZF,NON_RESOLU,,COTATION_SECONDAIRE_OTC,PGE.V,NOM_NORMALISE+UNIQUE_CANADA+OTC
STLR.TO,STLLR GOLD INC,Canada,CAD,TOR,Toronto,EQUITY,,STLLR GOLD INC,2,2,2,2,ABSENTE,PROBABLE_A_VERIFIER,-,,,,,CONSERVER_AMBIGU,IDENTITE_INSUFFISANTE,,STLR,NON_RESOLU,,CONSERVER_PRINCIPALE_CANADA,STLR.TO,NOM_NORMALISE+UNIQUE_CANADA+OTC
STLRF,STLLR GOLD INC.,USA,USD,OQX,OTC Markets OTCQX,EQUITY,,STLLR GOLD INC,2,2,2,2,ABSENTE,PROBABLE_A_VERIFIER,-,,,,,CONSERVER_AMBIGU,IDENTITE_INSUFFISANTE,,STLRF,NON_RESOLU,,COTATION_SECONDAIRE_OTC,STLR.TO,NOM_NORMALISE+UNIQUE_CANADA+OTC
SUM.V,SUMMIT ROYALTIES LTD,Canada,CAD,VAN,TSXV,EQUITY,,SUMMIT ROYALTIES LTD,2,2,2,2,ABSENTE,PROBABLE_A_VERIFIER,-,,,,,CONSERVER_AMBIGU,IDENTITE_INSUFFISANTE,,SUM,NON_RESOLU,,CONSERVER_PRINCIPALE_CANADA,SUM.V,NOM_NORMALISE+UNIQUE_CANADA+OTC
SUMMF,Summit Royalties Ltd,USA,USD,OQX,OTC Markets OTCQX,EQUITY,,SUMMIT ROYALTIES LTD,2,2,2,2,ABSENTE,PROBABLE_A_VERIFIER,CA8662511010,,,,,CONSERVER_AMBIGU,IDENTITE_INSUFFISANTE,,SUMMF,NON_RESOLU,,COTATION_SECONDAIRE_OTC,SUM.V,NOM_NORMALISE+UNIQUE_CANADA+OTC
NILI.V,SURGE BATTERY METALS INC,Canada,CAD,VAN,TSXV,EQUITY,,SURGE BATTERY METALS INC,2,2,2,2,ABSENTE,PROBABLE_A_VERIFIER,-,,,,,CONSERVER_AMBIGU,IDENTITE_INSUFFISANTE,,NILI,NON_RESOLU,,CONSERVER_PRINCIPALE_CANADA,NILI.V,NOM_NORMALISE+UNIQUE_CANADA+OTC
NILIF,Surge Battery Metals Inc.,USA,USD,OQX,OTC Markets OTCQX,EQUITY,,SURGE BATTERY METALS INC,2,2,2,2,ABSENTE,PROBABLE_A_VERIFIER,CA86882X1096,,,,,CONSERVER_AMBIGU,IDENTITE_INSUFFISANTE,,NILIF,NON_RESOLU,,COTATION_SECONDAIRE_OTC,NILI.V,NOM_NORMALISE+UNIQUE_CANADA+OTC
SRGXF,Surge Copper Corp.,USA,USD,OQB,OTC Markets OTCQB,EQUITY,,SURGE COPPER CORP,2,2,2,2,ABSENTE,PROBABLE_A_VERIFIER,-,,,,,CONSERVER_AMBIGU,IDENTITE_INSUFFISANTE,,SRGXF,NON_RESOLU,,COTATION_SECONDAIRE_OTC,SURG.V,NOM_NORMALISE+UNIQUE_CANADA+OTC
SURG.V,SURGE COPPER CORP,Canada,CAD,VAN,TSXV,EQUITY,,SURGE COPPER CORP,2,2,2,2,ABSENTE,PROBABLE_A_VERIFIER,-,,,,,CONSERVER_AMBIGU,IDENTITE_INSUFFISANTE,,SURG,NON_RESOLU,,CONSERVER_PRINCIPALE_CANADA,SURG.V,NOM_NORMALISE+UNIQUE_CANADA+OTC
TBL.TO,TAIGA BUILDING PRODUCTS LTD.,Canada,CAD,TOR,Toronto,EQUITY,,TAIGA BUILDING PRODUCTS LTD,2,2,2,2,ABSENTE,PROBABLE_A_VERIFIER,-,,,,,CONSERVER_AMBIGU,IDENTITE_INSUFFISANTE,,TBL,NON_RESOLU,,CONSERVER_PRINCIPALE_CANADA,TBL.TO,NOM_NORMALISE+UNIQUE_CANADA+OTC
TGAFF,Taiga Building Products Ltd.,USA,USD,PNK,OTC Markets OTCPK,EQUITY,,TAIGA BUILDING PRODUCTS LTD,2,2,2,2,ABSENTE,PROBABLE_A_VERIFIER,CA87402A1084,,,,,CONSERVER_AMBIGU,IDENTITE_INSUFFISANTE,,TGAFF,NON_RESOLU,,COTATION_SECONDAIRE_OTC,TBL.TO,NOM_NORMALISE+UNIQUE_CANADA+OTC
TSK.TO,TALISKER RESOURCES LTD,Canada,CAD,TOR,Toronto,EQUITY,,TALISKER RESOURCES LTD,2,2,2,2,ABSENTE,PROBABLE_A_VERIFIER,-,,,,,CONSERVER_AMBIGU,IDENTITE_INSUFFISANTE,,TSK,NON_RESOLU,,CONSERVER_PRINCIPALE_CANADA,TSK.TO,NOM_NORMALISE+UNIQUE_CANADA+OTC
TSKFF,Talisker Resources Ltd.,USA,USD,OQX,OTC Markets OTCQX,EQUITY,,TALISKER RESOURCES LTD,2,2,2,2,ABSENTE,PROBABLE_A_VERIFIER,CA87425A8876,,,,,CONSERVER_AMBIGU,IDENTITE_INSUFFISANTE,,TSKFF,NON_RESOLU,,COTATION_SECONDAIRE_OTC,TSK.TO,NOM_NORMALISE+UNIQUE_CANADA+OTC
TECT.V,TECTONIC METALS INC,Canada,CAD,VAN,TSXV,EQUITY,,TECTONIC METALS INC,2,2,2,2,ABSENTE,PROBABLE_A_VERIFIER,-,,,,,CONSERVER_AMBIGU,IDENTITE_INSUFFISANTE,,TECT,NON_RESOLU,,CONSERVER_PRINCIPALE_CANADA,TECT.V,NOM_NORMALISE+UNIQUE_CANADA+OTC
TETOF,Tectonic Metals Inc.,USA,USD,OQX,OTC Markets OTCQX,EQUITY,,TECTONIC METALS INC,2,2,2,2,ABSENTE,PROBABLE_A_VERIFIER,CA87877T6088,,,,,CONSERVER_AMBIGU,IDENTITE_INSUFFISANTE,,TETOF,NON_RESOLU,,COTATION_SECONDAIRE_OTC,TECT.V,NOM_NORMALISE+UNIQUE_CANADA+OTC
TSND.TO,TERRASCEND CORP,Canada,CAD,TOR,Toronto,EQUITY,,TERRASCEND CORP,2,2,2,2,ABSENTE,PROBABLE_A_VERIFIER,-,,,,,CONSERVER_AMBIGU,IDENTITE_INSUFFISANTE,,TSND,NON_RESOLU,,CONSERVER_PRINCIPALE_CANADA,TSND.TO,NOM_NORMALISE+UNIQUE_CANADA+OTC
TSNDF,TerrAscend Corp.,USA,USD,OQX,OTC Markets OTCQX,EQUITY,,TERRASCEND CORP,2,2,2,2,ABSENTE,PROBABLE_A_VERIFIER,CA88105E1088,,,,,CONSERVER_AMBIGU,IDENTITE_INSUFFISANTE,,TSNDF,NON_RESOLU,,COTATION_SECONDAIRE_OTC,TSND.TO,NOM_NORMALISE+UNIQUE_CANADA+OTC
TEUTF,Teuton Resources Corp.,USA,USD,OQB,OTC Markets OTCQB,EQUITY,,TEUTON RESOURCES CORP,2,2,2,2,ABSENTE,PROBABLE_A_VERIFIER,CA88162H2000,,,,,CONSERVER_AMBIGU,IDENTITE_INSUFFISANTE,,TEUTF,NON_RESOLU,,COTATION_SECONDAIRE_OTC,TUO.V,NOM_NORMALISE+UNIQUE_CANADA+OTC
TUO.V,TEUTON RESOURCES CORP,Canada,CAD,VAN,TSXV,EQUITY,,TEUTON RESOURCES CORP,2,2,2,2,ABSENTE,PROBABLE_A_VERIFIER,-,,,,,CONSERVER_AMBIGU,IDENTITE_INSUFFISANTE,,TUO,NON_RESOLU,,CONSERVER_PRINCIPALE_CANADA,TUO.V,NOM_NORMALISE+UNIQUE_CANADA+OTC
THNC.TO,THINKIFIC LABS INC,Canada,CAD,TOR,Toronto,EQUITY,,THINKIFIC LABS INC,2,2,2,2,ABSENTE,PROBABLE_A_VERIFIER,-,,,,,CONSERVER_AMBIGU,IDENTITE_INSUFFISANTE,,THNC,NON_RESOLU,,CONSERVER_PRINCIPALE_CANADA,THNC.TO,NOM_NORMALISE+UNIQUE_CANADA+OTC
THNCF,Thinkific Labs Inc.,USA,USD,PNK,OTC Markets OTCPK,EQUITY,,THINKIFIC LABS INC,2,2,2,2,ABSENTE,PROBABLE_A_VERIFIER,CA8841213025,,,,,CONSERVER_AMBIGU,IDENTITE_INSUFFISANTE,,THNCF,NON_RESOLU,,COTATION_SECONDAIRE_OTC,THNC.TO,NOM_NORMALISE+UNIQUE_CANADA+OTC
THM.V,THUNDER MOUNTAIN GOLD INC,Canada,CAD,VAN,TSXV,EQUITY,,THUNDER MOUNTAIN GOLD INC,2,2,2,2,ABSENTE,PROBABLE_A_VERIFIER,-,,,,,CONSERVER_AMBIGU,IDENTITE_INSUFFISANTE,,THM,NON_RESOLU,,CONSERVER_PRINCIPALE_CANADA,THM.V,NOM_NORMALISE+UNIQUE_CANADA+OTC
THMG,"Thunder Mountain Gold, Inc.",USA,USD,OQB,OTC Markets OTCQB,EQUITY,,THUNDER MOUNTAIN GOLD INC,2,2,2,2,ABSENTE,PROBABLE_A_VERIFIER,US8860431084,,,,,CONSERVER_AMBIGU,IDENTITE_INSUFFISANTE,,THMG,NON_RESOLU,,COTATION_SECONDAIRE_OTC,THM.V,NOM_NORMALISE+UNIQUE_CANADA+OTC
RLTWF,TIERNAN GOLD CORP.,USA,USD,PNK,OTC Markets OTCPK,EQUITY,,TIERNAN GOLD CORP,2,2,2,2,ABSENTE,PROBABLE_A_VERIFIER,CA88650A1057,,,,,CONSERVER_AMBIGU,IDENTITE_INSUFFISANTE,,RLTWF,NON_RESOLU,,COTATION_SECONDAIRE_OTC,TNGD.V,NOM_NORMALISE+UNIQUE_CANADA+OTC
TNGD.V,TIERNAN GOLD CORP,Canada,CAD,VAN,TSXV,EQUITY,,TIERNAN GOLD CORP,2,2,2,2,ABSENTE,PROBABLE_A_VERIFIER,-,,,,,CONSERVER_AMBIGU,IDENTITE_INSUFFISANTE,,TNGD,NON_RESOLU,,CONSERVER_PRINCIPALE_CANADA,TNGD.V,NOM_NORMALISE+UNIQUE_CANADA+OTC
TBCRF,Timbercreek Financial Corp.,USA,USD,PNK,OTC Markets OTCPK,EQUITY,,TIMBERCREEK FINANCIAL CORP,2,2,2,2,ABSENTE,PROBABLE_A_VERIFIER,CA88709B1040,,,,,CONSERVER_AMBIGU,IDENTITE_INSUFFISANTE,,TBCRF,NON_RESOLU,,COTATION_SECONDAIRE_OTC,TF.TO,NOM_NORMALISE+UNIQUE_CANADA+OTC
TF.TO,TIMBERCREEK FINANCIAL CORP,Canada,CAD,TOR,Toronto,EQUITY,,TIMBERCREEK FINANCIAL CORP,2,2,2,2,ABSENTE,PROBABLE_A_VERIFIER,-,,,,,CONSERVER_AMBIGU,IDENTITE_INSUFFISANTE,,TF,NON_RESOLU,,CONSERVER_PRINCIPALE_CANADA,TF.TO,NOM_NORMALISE+UNIQUE_CANADA+OTC
TINY.TO,TINY LTD,Canada,CAD,TOR,Toronto,EQUITY,,TINY LTD,2,2,2,2,ABSENTE,PROBABLE_A_VERIFIER,CA88770A1185,,,,,CONSERVER_AMBIGU,IDENTITE_INSUFFISANTE,,TINY,DISTINCT,ISIN_DIFFERENTS,CONSERVER_PRINCIPALE_CANADA,TINY.TO,NOM_NORMALISE+UNIQUE_CANADA+OTC
TNYZF,Tiny Ltd.,USA,USD,OQX,OTC Markets OTCQX,EQUITY,,TINY LTD,2,2,2,2,ABSENTE,PROBABLE_A_VERIFIER,CA88770A3082,,,,,CONSERVER_AMBIGU,IDENTITE_INSUFFISANTE,,TNYZF,DISTINCT,ISIN_DIFFERENTS,COTATION_SECONDAIRE_OTC,TINY.TO,NOM_NORMALISE+UNIQUE_CANADA+OTC
ROCK.V,TRIDENT RESOURCES CORP,Canada,CAD,VAN,TSXV,EQUITY,,TRIDENT RESOURCES CORP,2,2,2,2,ABSENTE,PROBABLE_A_VERIFIER,-,,,,,CONSERVER_AMBIGU,IDENTITE_INSUFFISANTE,,ROCK,NON_RESOLU,,CONSERVER_PRINCIPALE_CANADA,ROCK.V,NOM_NORMALISE+UNIQUE_CANADA+OTC
TRDTF,Trident Resources Corp.,USA,USD,OQB,OTC Markets OTCQB,EQUITY,,TRIDENT RESOURCES CORP,2,2,2,2,ABSENTE,PROBABLE_A_VERIFIER,-,,,,,CONSERVER_AMBIGU,IDENTITE_INSUFFISANTE,,TRDTF,NON_RESOLU,,COTATION_SECONDAIRE_OTC,ROCK.V,NOM_NORMALISE+UNIQUE_CANADA+OTC
TSG.V,TRISTAR GOLD INC.,Canada,CAD,VAN,TSXV,EQUITY,,TRISTAR GOLD INC,2,2,2,2,ABSENTE,PROBABLE_A_VERIFIER,-,,,,,CONSERVER_AMBIGU,IDENTITE_INSUFFISANTE,,TSG,NON_RESOLU,,CONSERVER_PRINCIPALE_CANADA,TSG.V,NOM_NORMALISE+UNIQUE_CANADA+OTC
TSGZF,"TriStar Gold, Inc.",USA,USD,OQB,OTC Markets OTCQB,EQUITY,,TRISTAR GOLD INC,2,2,2,2,ABSENTE,PROBABLE_A_VERIFIER,CA89678B1094,,,,,CONSERVER_AMBIGU,IDENTITE_INSUFFISANTE,,TSGZF,NON_RESOLU,,COTATION_SECONDAIRE_OTC,TSG.V,NOM_NORMALISE+UNIQUE_CANADA+OTC
UCU.V,UCORE RARE METALS INC,Canada,CAD,VAN,TSXV,EQUITY,,UCORE RARE METALS INC,2,2,2,2,ABSENTE,PROBABLE_A_VERIFIER,-,,,,,CONSERVER_AMBIGU,IDENTITE_INSUFFISANTE,,UCU,NON_RESOLU,,CONSERVER_PRINCIPALE_CANADA,UCU.V,NOM_NORMALISE+UNIQUE_CANADA+OTC
UURAF,"Ucore Rare Metals, Inc.",USA,USD,OQX,OTC Markets OTCQX,EQUITY,,UCORE RARE METALS INC,2,2,2,2,ABSENTE,PROBABLE_A_VERIFIER,CA90348V3011,,,,,CONSERVER_AMBIGU,IDENTITE_INSUFFISANTE,,UURAF,NON_RESOLU,,COTATION_SECONDAIRE_OTC,UCU.V,NOM_NORMALISE+UNIQUE_CANADA+OTC
VGC.TO,VALOR GOLD CORP,Canada,CAD,TOR,Toronto,EQUITY,,VALOR GOLD CORP,2,2,2,2,ABSENTE,PROBABLE_A_VERIFIER,-,,,,,CONSERVER_AMBIGU,IDENTITE_INSUFFISANTE,,VGC,NON_RESOLU,,CONSERVER_PRINCIPALE_CANADA,VGC.TO,NOM_NORMALISE+UNIQUE_CANADA+OTC
VLGDF,Valor Gold Corp.,USA,USD,OQB,OTC Markets OTCQB,EQUITY,,VALOR GOLD CORP,2,2,2,2,ABSENTE,PROBABLE_A_VERIFIER,CA9199211066,,,,,CONSERVER_AMBIGU,IDENTITE_INSUFFISANTE,,VLGDF,NON_RESOLU,,COTATION_SECONDAIRE_OTC,VGC.TO,NOM_NORMALISE+UNIQUE_CANADA+OTC
VCM.TO,VECIMA NETWORKS INC.,Canada,CAD,TOR,Toronto,EQUITY,,VECIMA NETWORKS INC,2,2,2,2,ABSENTE,PROBABLE_A_VERIFIER,-,,,,,CONSERVER_AMBIGU,IDENTITE_INSUFFISANTE,,VCM,NON_RESOLU,,CONSERVER_PRINCIPALE_CANADA,VCM.TO,NOM_NORMALISE+UNIQUE_CANADA+OTC
VNWTF,Vecima Networks Inc.,USA,USD,PNK,OTC Markets OTCPK,EQUITY,,VECIMA NETWORKS INC,2,2,2,2,ABSENTE,PROBABLE_A_VERIFIER,CA92241Y1016,,,,,CONSERVER_AMBIGU,IDENTITE_INSUFFISANTE,,VNWTF,NON_RESOLU,,COTATION_SECONDAIRE_OTC,VCM.TO,NOM_NORMALISE+UNIQUE_CANADA+OTC
VHI.TO,VITALHUB CORP,Canada,CAD,TOR,Toronto,EQUITY,,VITALHUB CORP,2,2,2,2,ABSENTE,PROBABLE_A_VERIFIER,-,,,,,CONSERVER_AMBIGU,IDENTITE_INSUFFISANTE,,VHI,NON_RESOLU,,CONSERVER_PRINCIPALE_CANADA,VHI.TO,NOM_NORMALISE+UNIQUE_CANADA+OTC
VHIBF,VITALHUB CORP,USA,USD,OQX,OTC Markets OTCQX,EQUITY,,VITALHUB CORP,2,2,2,2,ABSENTE,PROBABLE_A_VERIFIER,CA92847V5018,,,,,CONSERVER_AMBIGU,IDENTITE_INSUFFISANTE,,VHIBF,NON_RESOLU,,COTATION_SECONDAIRE_OTC,VHI.TO,NOM_NORMALISE+UNIQUE_CANADA+OTC
VCU.V,VIZSLA COPPER CORP,Canada,CAD,VAN,TSXV,EQUITY,,VIZSLA COPPER CORP,2,2,2,2,ABSENTE,PROBABLE_A_VERIFIER,-,,,,,CONSERVER_AMBIGU,IDENTITE_INSUFFISANTE,,VCU,NON_RESOLU,,CONSERVER_PRINCIPALE_CANADA,VCU.V,NOM_NORMALISE+UNIQUE_CANADA+OTC
VCUFF,Vizsla Copper Corp.,USA,USD,OQB,OTC Markets OTCQB,EQUITY,,VIZSLA COPPER CORP,2,2,2,2,ABSENTE,PROBABLE_A_VERIFIER,CA92858X7018,,,,,CONSERVER_AMBIGU,IDENTITE_INSUFFISANTE,,VCUFF,NON_RESOLU,,COTATION_SECONDAIRE_OTC,VCU.V,NOM_NORMALISE+UNIQUE_CANADA+OTC
FLT.TO,VOLATUS AEROSPACE INC,Canada,CAD,TOR,Toronto,EQUITY,,VOLATUS AEROSPACE INC,2,2,2,2,ABSENTE,PROBABLE_A_VERIFIER,-,,,,,CONSERVER_AMBIGU,IDENTITE_INSUFFISANTE,,FLT,NON_RESOLU,,CONSERVER_PRINCIPALE_CANADA,FLT.TO,NOM_NORMALISE+UNIQUE_CANADA+OTC
TAKOF,VOLATUS AEROSPACE INC.,USA,USD,OQX,OTC Markets OTCQX,EQUITY,,VOLATUS AEROSPACE INC,2,2,2,2,ABSENTE,PROBABLE_A_VERIFIER,CA92865M1023,,,,,CONSERVER_AMBIGU,IDENTITE_INSUFFISANTE,,TAKOF,NON_RESOLU,,COTATION_SECONDAIRE_OTC,FLT.TO,NOM_NORMALISE+UNIQUE_CANADA+OTC
WLBMF,Wallbridge Mining Company Ltd.,USA,USD,OQB,OTC Markets OTCQB,EQUITY,,WALLBRIDGE MINING COMPANY LTD,2,2,2,2,ABSENTE,PROBABLE_A_VERIFIER,-,,,,,CONSERVER_AMBIGU,IDENTITE_INSUFFISANTE,,WLBMF,NON_RESOLU,,COTATION_SECONDAIRE_OTC,WM.TO,NOM_NORMALISE+UNIQUE_CANADA+OTC
WM.TO,WALLBRIDGE MINING COMPANY LTD,Canada,CAD,TOR,Toronto,EQUITY,,WALLBRIDGE MINING COMPANY LTD,2,2,2,2,ABSENTE,PROBABLE_A_VERIFIER,-,,,,,CONSERVER_AMBIGU,IDENTITE_INSUFFISANTE,,WM,NON_RESOLU,,CONSERVER_PRINCIPALE_CANADA,WM.TO,NOM_NORMALISE+UNIQUE_CANADA+OTC
WPG.V,WEST POINT GOLD CORP,Canada,CAD,VAN,TSXV,EQUITY,,WEST POINT GOLD CORP,2,2,2,2,ABSENTE,PROBABLE_A_VERIFIER,-,,,,,CONSERVER_AMBIGU,IDENTITE_INSUFFISANTE,,WPG,NON_RESOLU,,CONSERVER_PRINCIPALE_CANADA,WPG.V,NOM_NORMALISE+UNIQUE_CANADA+OTC
WPGCF,West Point Gold Corp.,USA,USD,OQX,OTC Markets OTCQX,EQUITY,,WEST POINT GOLD CORP,2,2,2,2,ABSENTE,PROBABLE_A_VERIFIER,CA95538Q1037,,,,,CONSERVER_AMBIGU,IDENTITE_INSUFFISANTE,,WPGCF,NON_RESOLU,,COTATION_SECONDAIRE_OTC,WPG.V,NOM_NORMALISE+UNIQUE_CANADA+OTC
WRLG.V,WEST RED LAKE GOLD MINES LTD,Canada,CAD,VAN,TSXV,EQUITY,,WEST RED LAKE GOLD MINES LTD,2,2,2,2,ABSENTE,PROBABLE_A_VERIFIER,-,,,,,CONSERVER_AMBIGU,IDENTITE_INSUFFISANTE,,WRLG,NON_RESOLU,,CONSERVER_PRINCIPALE_CANADA,WRLG.V,NOM_NORMALISE+UNIQUE_CANADA+OTC
WRLGF,West Red Lake Gold Mines Ltd.,USA,USD,OQX,OTC Markets OTCQX,EQUITY,,WEST RED LAKE GOLD MINES LTD,2,2,2,2,ABSENTE,PROBABLE_A_VERIFIER,-,,,,,CONSERVER_AMBIGU,IDENTITE_INSUFFISANTE,,WRLGF,NON_RESOLU,,COTATION_SECONDAIRE_OTC,WRLG.V,NOM_NORMALISE+UNIQUE_CANADA+OTC
WVM.V,WEST VAULT MINING INC,Canada,CAD,VAN,TSXV,EQUITY,,WEST VAULT MINING INC,2,2,2,2,ABSENTE,PROBABLE_A_VERIFIER,-,,,,,CONSERVER_AMBIGU,IDENTITE_INSUFFISANTE,,WVM,NON_RESOLU,,CONSERVER_PRINCIPALE_CANADA,WVM.V,NOM_NORMALISE+UNIQUE_CANADA+OTC
WVMDF,West Vault Mining Inc.,USA,USD,OQX,OTC Markets OTCQX,EQUITY,,WEST VAULT MINING INC,2,2,2,2,ABSENTE,PROBABLE_A_VERIFIER,-,,,,,CONSERVER_AMBIGU,IDENTITE_INSUFFISANTE,,WVMDF,NON_RESOLU,,COTATION_SECONDAIRE_OTC,WVM.V,NOM_NORMALISE+UNIQUE_CANADA+OTC
WEEEF,Western Energy Services Corp.,USA,USD,PNK,OTC Markets OTCPK,EQUITY,,WESTERN ENERGY SERVICES CORP,2,2,2,2,ABSENTE,PROBABLE_A_VERIFIER,CA9581596009,,,,,CONSERVER_AMBIGU,IDENTITE_INSUFFISANTE,,WEEEF,NON_RESOLU,,COTATION_SECONDAIRE_OTC,WRG.TO,NOM_NORMALISE+UNIQUE_CANADA+OTC
WRG.TO,WESTERN ENERGY SERVICES CORP,Canada,CAD,TOR,Toronto,EQUITY,,WESTERN ENERGY SERVICES CORP,2,2,2,2,ABSENTE,PROBABLE_A_VERIFIER,-,,,,,CONSERVER_AMBIGU,IDENTITE_INSUFFISANTE,,WRG,NON_RESOLU,,CONSERVER_PRINCIPALE_CANADA,WRG.TO,NOM_NORMALISE+UNIQUE_CANADA+OTC
WEF.TO,WESTERN FOREST PRODUCTS INC.,Canada,CAD,TOR,Toronto,EQUITY,,WESTERN FOREST PRODUCTS INC,2,2,2,2,ABSENTE,PROBABLE_A_VERIFIER,-,,,,,CONSERVER_AMBIGU,IDENTITE_INSUFFISANTE,,WEF,NON_RESOLU,,CONSERVER_PRINCIPALE_CANADA,WEF.TO,NOM_NORMALISE+UNIQUE_CANADA+OTC
WFSTF,Western Forest Products Inc.,USA,USD,PNK,OTC Markets OTCPK,EQUITY,,WESTERN FOREST PRODUCTS INC,2,2,2,2,ABSENTE,PROBABLE_A_VERIFIER,CA9582117086,,,,,CONSERVER_AMBIGU,IDENTITE_INSUFFISANTE,,WFSTF,NON_RESOLU,,COTATION_SECONDAIRE_OTC,WEF.TO,NOM_NORMALISE+UNIQUE_CANADA+OTC
WGO.V,WHITE GOLD CORP,Canada,CAD,VAN,TSXV,EQUITY,,WHITE GOLD CORP,2,2,2,2,ABSENTE,PROBABLE_A_VERIFIER,-,,,,,CONSERVER_AMBIGU,IDENTITE_INSUFFISANTE,,WGO,NON_RESOLU,,CONSERVER_PRINCIPALE_CANADA,WGO.V,NOM_NORMALISE+UNIQUE_CANADA+OTC
WHGOF,White Gold Corp.,USA,USD,OQX,OTC Markets OTCQX,EQUITY,,WHITE GOLD CORP,2,2,2,2,ABSENTE,PROBABLE_A_VERIFIER,CA9638101068,,,,,CONSERVER_AMBIGU,IDENTITE_INSUFFISANTE,,WHGOF,NON_RESOLU,,COTATION_SECONDAIRE_OTC,WGO.V,NOM_NORMALISE+UNIQUE_CANADA+OTC
WILD.TO,WILDBRAIN LTD,Canada,CAD,TOR,Toronto,EQUITY,,WILDBRAIN LTD,2,2,2,2,ABSENTE,PROBABLE_A_VERIFIER,-,,,,,CONSERVER_AMBIGU,IDENTITE_INSUFFISANTE,,WILD,NON_RESOLU,,CONSERVER_PRINCIPALE_CANADA,WILD.TO,NOM_NORMALISE+UNIQUE_CANADA+OTC
WLDBF,WILDBRAIN LTD.,USA,USD,OID,OTC Markets OTCID,EQUITY,,WILDBRAIN LTD,2,2,2,2,ABSENTE,PROBABLE_A_VERIFIER,CA96810C2004,,,,,CONSERVER_AMBIGU,IDENTITE_INSUFFISANTE,,WLDBF,NON_RESOLU,,COTATION_SECONDAIRE_OTC,WILD.TO,NOM_NORMALISE+UNIQUE_CANADA+OTC
XTG.TO,XTRA GOLD RESOURCES CORP,Canada,CAD,TOR,Toronto,EQUITY,,XTRA GOLD RESOURCES CORP,2,2,2,2,ABSENTE,PROBABLE_A_VERIFIER,-,,,,,CONSERVER_AMBIGU,IDENTITE_INSUFFISANTE,,XTG,NON_RESOLU,,CONSERVER_PRINCIPALE_CANADA,XTG.TO,NOM_NORMALISE+UNIQUE_CANADA+OTC
XTGRF,Xtra-Gold Resources Corp.,USA,USD,OQB,OTC Markets OTCQB,EQUITY,,XTRA GOLD RESOURCES CORP,2,2,2,2,ABSENTE,PROBABLE_A_VERIFIER,VGG9829R1038,,,,,CONSERVER_AMBIGU,IDENTITE_INSUFFISANTE,,XTGRF,NON_RESOLU,,COTATION_SECONDAIRE_OTC,XTG.TO,NOM_NORMALISE+UNIQUE_CANADA+OTC
QCCUF,XXIX METAL CORP.,USA,USD,OQB,OTC Markets OTCQB,EQUITY,,XXIX METAL CORP,2,2,2,2,ABSENTE,PROBABLE_A_VERIFIER,CA9013201012,,,,,CONSERVER_AMBIGU,IDENTITE_INSUFFISANTE,,QCCUF,NON_RESOLU,,COTATION_SECONDAIRE_OTC,XXIX.V,NOM_NORMALISE+UNIQUE_CANADA+OTC
XXIX.V,XXIX METAL CORP,Canada,CAD,VAN,TSXV,EQUITY,,XXIX METAL CORP,2,2,2,2,ABSENTE,PROBABLE_A_VERIFIER,-,,,,,CONSERVER_AMBIGU,IDENTITE_INSUFFISANTE,,XXIX,NON_RESOLU,,CONSERVER_PRINCIPALE_CANADA,XXIX.V,NOM_NORMALISE+UNIQUE_CANADA+OTC
YGR.TO,YANGARRA RESOURCES LTD,Canada,CAD,TOR,Toronto,EQUITY,,YANGARRA RESOURCES LTD,2,2,2,2,ABSENTE,PROBABLE_A_VERIFIER,-,,,,,CONSERVER_AMBIGU,IDENTITE_INSUFFISANTE,,YGR,NON_RESOLU,,CONSERVER_PRINCIPALE_CANADA,YGR.TO,NOM_NORMALISE+UNIQUE_CANADA+OTC
YGRAF,Yangarra Resources Ltd.,USA,USD,OQX,OTC Markets OTCQX,EQUITY,,YANGARRA RESOURCES LTD,2,2,2,2,ABSENTE,PROBABLE_A_VERIFIER,CA98474P5013,,,,,CONSERVER_AMBIGU,IDENTITE_INSUFFISANTE,,YGRAF,NON_RESOLU,,COTATION_SECONDAIRE_OTC,YGR.TO,NOM_NORMALISE+UNIQUE_CANADA+OTC
ZEN.V,ZENTEK LTD,Canada,CAD,VAN,TSXV,EQUITY,,ZENTEK LTD,2,2,2,2,ABSENTE,PROBABLE_A_VERIFIER,-,,,,,CONSERVER_AMBIGU,IDENTITE_INSUFFISANTE,,ZEN,NON_RESOLU,,CONSERVER_PRINCIPALE_CANADA,ZEN.V,NOM_NORMALISE+UNIQUE_CANADA+OTC
ZTEKF,Zentek Ltd,USA,USD,OQX,OTC Markets OTCQX,EQUITY,,ZENTEK LTD,2,2,2,2,ABSENTE,PROBABLE_A_VERIFIER,CA98942X1024,,,,,CONSERVER_AMBIGU,IDENTITE_INSUFFISANTE,,ZTEKF,NON_RESOLU,,COTATION_SECONDAIRE_OTC,ZEN.V,NOM_NORMALISE+UNIQUE_CANADA+OTC
