Ticker,Societe,Pays,Document_configure,Statut
1F6.F,Fermentalg                    A,Allemagne,OUI,SOURCES_OFFICIELLES_ET_IDENTITE_A_COMPLETER
HBQ.F,Hofseth BioCare ASA           N,Allemagne,NON,SOURCES_OFFICIELLES_ET_IDENTITE_A_COMPLETER
INVN.F,INVE Technologies Inc.        R,Allemagne,NON,SOURCES_OFFICIELLES_ET_IDENTITE_A_COMPLETER
H460.F,Borgestad ASA                 N,Allemagne,NON,SOURCES_OFFICIELLES_ET_IDENTITE_A_COMPLETER
A5E0.F,Techprecision Corp.           R,Allemagne,NON,SOURCES_OFFICIELLES_ET_IDENTITE_A_COMPLETER
K4H.F,KR1 PLC                       R,Allemagne,NON,SOURCES_OFFICIELLES_ET_IDENTITE_A_COMPLETER
G9D.F,Goldpac Group Ltd.            R,Allemagne,NON,SOURCES_OFFICIELLES_ET_IDENTITE_A_COMPLETER
R5XA.F,Talphera Inc.                 R,Allemagne,NON,SOURCES_OFFICIELLES_ET_IDENTITE_A_COMPLETER
99H.F,Merus Power OYJ               R,Allemagne,NON,SOURCES_OFFICIELLES_ET_IDENTITE_A_COMPLETER
U9D0.F,WeShop Holdings Ltd.          R,Allemagne,NON,SOURCES_OFFICIELLES_ET_IDENTITE_A_COMPLETER
BL00.F,Black Bear Minerals Ltd.      R,Allemagne,NON,SOURCES_OFFICIELLES_ET_IDENTITE_A_COMPLETER
SQL.F,Matador Secondary Pri. Equi.AGI,Allemagne,NON,SOURCES_OFFICIELLES_ET_IDENTITE_A_COMPLETER
93G.F,The Kingfish Company N.V.     A,Allemagne,NON,SOURCES_OFFICIELLES_ET_IDENTITE_A_COMPLETER
B0R.F,Bathurst Resources Ltd.       R,Allemagne,NON,SOURCES_OFFICIELLES_ET_IDENTITE_A_COMPLETER
GTY.SG,Gateway Real Estate AG,Allemagne,NON,SOURCES_OFFICIELLES_ET_IDENTITE_A_COMPLETER
94P.F,AUREA S.A.                    A,Allemagne,NON,SOURCES_OFFICIELLES_ET_IDENTITE_A_COMPLETER
D0E.F,Franchetti S.p.A.             A,Allemagne,NON,SOURCES_OFFICIELLES_ET_IDENTITE_A_COMPLETER
B66.F,Paragon Advanced Labs Inc.    R,Allemagne,NON,SOURCES_OFFICIELLES_ET_IDENTITE_A_COMPLETER
50S.F,SuperCom Ltd.                 R,Allemagne,NON,SOURCES_OFFICIELLES_ET_IDENTITE_A_COMPLETER
7YU.F,Lumos Diagnostics Hldgs Ltd.  R,Allemagne,NON,SOURCES_OFFICIELLES_ET_IDENTITE_A_COMPLETER
NWX.F,NORDWEST HANDEL AG            I,Allemagne,NON,SOURCES_OFFICIELLES_ET_IDENTITE_A_COMPLETER
VF5.F,ONDINE BIOMEDICAL INC         R,Allemagne,NON,SOURCES_OFFICIELLES_ET_IDENTITE_A_COMPLETER
4H7.F,Trophy Games Development A/S  N,Allemagne,NON,SOURCES_OFFICIELLES_ET_IDENTITE_A_COMPLETER
V5W.F,Afarak Group SE               R,Allemagne,NON,SOURCES_OFFICIELLES_ET_IDENTITE_A_COMPLETER
HNT.F,Cinda International Hldgs Ltd.R,Allemagne,NON,SOURCES_OFFICIELLES_ET_IDENTITE_A_COMPLETER
P15.SG,ProCook Group PLC,Allemagne,NON,SOURCES_OFFICIELLES_ET_IDENTITE_A_COMPLETER
ZF6.F,Magis S.p.A.                  A,Allemagne,NON,SOURCES_OFFICIELLES_ET_IDENTITE_A_COMPLETER
6OP.F,OSE Immunotherapeutics S.A.   A,Allemagne,NON,SOURCES_OFFICIELLES_ET_IDENTITE_A_COMPLETER
OSU.F,Staffline Group PLC           R,Allemagne,NON,SOURCES_OFFICIELLES_ET_IDENTITE_A_COMPLETER
MS7.F,MAKING SCIENCE GROUP S.A.     A,Allemagne,NON,SOURCES_OFFICIELLES_ET_IDENTITE_A_COMPLETER
MSH.F,WASGAU Produkt. & Handels AG  N,Allemagne,NON,SOURCES_OFFICIELLES_ET_IDENTITE_A_COMPLETER
U6Q.F,Umbrella Global Energy S.A    A,Allemagne,NON,SOURCES_OFFICIELLES_ET_IDENTITE_A_COMPLETER
W4U.F,Kaleon S.p.A.                 A,Allemagne,NON,SOURCES_OFFICIELLES_ET_IDENTITE_A_COMPLETER
KZ70.F,Talenom Oyj                   R,Allemagne,NON,SOURCES_OFFICIELLES_ET_IDENTITE_A_COMPLETER
GUU.F,GURU Organic Energy Corp.     R,Allemagne,NON,SOURCES_OFFICIELLES_ET_IDENTITE_A_COMPLETER
RAQB.F,Battalion Oil Corp.           R,Allemagne,NON,SOURCES_OFFICIELLES_ET_IDENTITE_A_COMPLETER
QHI.F,Shimao Group Holdings Ltd.    R,Allemagne,NON,SOURCES_OFFICIELLES_ET_IDENTITE_A_COMPLETER
A8D.F,AB Science S.A.               A,Allemagne,NON,SOURCES_OFFICIELLES_ET_IDENTITE_A_COMPLETER
H460.SG,Borgestad ASA,Allemagne,NON,SOURCES_OFFICIELLES_ET_IDENTITE_A_COMPLETER
4K8.F,Kamux Oyj                     R,Allemagne,NON,SOURCES_OFFICIELLES_ET_IDENTITE_A_COMPLETER
KY3.F,Monni NV                      A,Allemagne,NON,SOURCES_OFFICIELLES_ET_IDENTITE_A_COMPLETER
IKL.F,IMPACT Silver Corp.           R,Allemagne,NON,SOURCES_OFFICIELLES_ET_IDENTITE_A_COMPLETER
5ILA.F,Ideal Power Inc.              R,Allemagne,NON,SOURCES_OFFICIELLES_ET_IDENTITE_A_COMPLETER
NHM.F,Marchex Inc.                  R,Allemagne,NON,SOURCES_OFFICIELLES_ET_IDENTITE_A_COMPLETER
2OP.F,DP Poland PLC                 R,Allemagne,NON,SOURCES_OFFICIELLES_ET_IDENTITE_A_COMPLETER
DM7.F,Da Ming International HoldingsR,Allemagne,NON,SOURCES_OFFICIELLES_ET_IDENTITE_A_COMPLETER
ZAY0.F,Zentek Ltd.                   R,Allemagne,NON,SOURCES_OFFICIELLES_ET_IDENTITE_A_COMPLETER
PEH.F,PEH Wertpapier AG             I,Allemagne,NON,SOURCES_OFFICIELLES_ET_IDENTITE_A_COMPLETER
GLY0.F,Global Bio-Chem Techn. Co.Ltd.R,Allemagne,NON,SOURCES_OFFICIELLES_ET_IDENTITE_A_COMPLETER
7UM0.F,Zelluna ASA                   N,Allemagne,NON,SOURCES_OFFICIELLES_ET_IDENTITE_A_COMPLETER
PBN0.F,Alterity Therapeutics Ltd.    R,Allemagne,NON,SOURCES_OFFICIELLES_ET_IDENTITE_A_COMPLETER
PBN0.SG,Alterity Therapeutics Ltd. (ADR,Allemagne,NON,SOURCES_OFFICIELLES_ET_IDENTITE_A_COMPLETER
TP21.F,Tethys Petroleum Ltd.         R,Allemagne,NON,SOURCES_OFFICIELLES_ET_IDENTITE_A_COMPLETER
TJJ.F,Tianjin TEDA Bio.Eng.Co.Ltd.  R,Allemagne,NON,SOURCES_OFFICIELLES_ET_IDENTITE_A_COMPLETER
8YW.F,Herige S.A.                   A,Allemagne,NON,SOURCES_OFFICIELLES_ET_IDENTITE_A_COMPLETER
2HU.F,Catana Group S.A.             A,Allemagne,NON,SOURCES_OFFICIELLES_ET_IDENTITE_A_COMPLETER
D3R.F,Austral Gold Ltd.             R,Allemagne,NON,SOURCES_OFFICIELLES_ET_IDENTITE_A_COMPLETER
EVY.F,Everyman Media Group PLC      R,Allemagne,NON,SOURCES_OFFICIELLES_ET_IDENTITE_A_COMPLETER
GPI1.F,China Oil & Gas Group Ltd.    R,Allemagne,NON,SOURCES_OFFICIELLES_ET_IDENTITE_A_COMPLETER
CCO.F,China Chengtong Develop. GroupR,Allemagne,NON,SOURCES_OFFICIELLES_ET_IDENTITE_A_COMPLETER
MJT.F,Majestic Gold Corp.           R,Allemagne,NON,SOURCES_OFFICIELLES_ET_IDENTITE_A_COMPLETER
Z1N.F,MedPal AI PLC                 R,Allemagne,NON,SOURCES_OFFICIELLES_ET_IDENTITE_A_COMPLETER
5AR1.F,AI Financial Corp.            R,Allemagne,NON,SOURCES_OFFICIELLES_ET_IDENTITE_A_COMPLETER
C4G0.F,51 Talk Online Education GroupR,Allemagne,NON,SOURCES_OFFICIELLES_ET_IDENTITE_A_COMPLETER
R9Q.F,Recce Pharmaceuticals Ltd.    R,Allemagne,NON,SOURCES_OFFICIELLES_ET_IDENTITE_A_COMPLETER
CF90.F,Capinfo Co. Ltd.              R,Allemagne,NON,SOURCES_OFFICIELLES_ET_IDENTITE_A_COMPLETER
4W1.F,White Cliff Minerals Ltd.     R,Allemagne,NON,SOURCES_OFFICIELLES_ET_IDENTITE_A_COMPLETER
GC3.F,Novonix Ltd.                  R,Allemagne,NON,SOURCES_OFFICIELLES_ET_IDENTITE_A_COMPLETER
APL.F,ALPHA PRO TECH LTD.           R,Allemagne,NON,SOURCES_OFFICIELLES_ET_IDENTITE_A_COMPLETER
KV7.F,Marks Electrical Group PLC    R,Allemagne,NON,SOURCES_OFFICIELLES_ET_IDENTITE_A_COMPLETER
TS8A.F,DLH Holdings Corp.            R,Allemagne,NON,SOURCES_OFFICIELLES_ET_IDENTITE_A_COMPLETER
6FK.F,Gentian Diagnostics ASA       N,Allemagne,NON,SOURCES_OFFICIELLES_ET_IDENTITE_A_COMPLETER
G4D.F,Winking Studios Ltd.          R,Allemagne,NON,SOURCES_OFFICIELLES_ET_IDENTITE_A_COMPLETER
KG0A.F,China Shuifa Singyes En. HLDGSR,Allemagne,NON,SOURCES_OFFICIELLES_ET_IDENTITE_A_COMPLETER
1G9.F,Gumi Inc.                     R,Allemagne,NON,SOURCES_OFFICIELLES_ET_IDENTITE_A_COMPLETER
GJY.F,Boom Logistics Ltd.           R,Allemagne,NON,SOURCES_OFFICIELLES_ET_IDENTITE_A_COMPLETER
CSO.F,Calnex Solutions PLC          R,Allemagne,NON,SOURCES_OFFICIELLES_ET_IDENTITE_A_COMPLETER
L270.F,Forum Markets Inc.            R,Allemagne,NON,SOURCES_OFFICIELLES_ET_IDENTITE_A_COMPLETER
2CY.F,Canyon Resources Ltd.         R,Allemagne,NON,SOURCES_OFFICIELLES_ET_IDENTITE_A_COMPLETER
MNZ.F,Gattaca PLC                   R,Allemagne,NON,SOURCES_OFFICIELLES_ET_IDENTITE_A_COMPLETER
BY0.F,R.E.A. HOLDINGS PLC           R,Allemagne,NON,SOURCES_OFFICIELLES_ET_IDENTITE_A_COMPLETER
9B5.F,Airtasker Ltd.                R,Allemagne,NON,SOURCES_OFFICIELLES_ET_IDENTITE_A_COMPLETER
SRC.F,Yojee Ltd.                    R,Allemagne,NON,SOURCES_OFFICIELLES_ET_IDENTITE_A_COMPLETER
KK2.F,SUN A. KAKEN CO. LTD.         R,Allemagne,NON,SOURCES_OFFICIELLES_ET_IDENTITE_A_COMPLETER
1MP.F,Scana ASA                     N,Allemagne,NON,SOURCES_OFFICIELLES_ET_IDENTITE_A_COMPLETER
43M.F,Marmota Ltd.                  R,Allemagne,NON,SOURCES_OFFICIELLES_ET_IDENTITE_A_COMPLETER
WFU.F,Quam Plus Intern. Finan. ltd. R,Allemagne,NON,SOURCES_OFFICIELLES_ET_IDENTITE_A_COMPLETER
BG4.F,Kodama Chemical Industry      R,Allemagne,NON,SOURCES_OFFICIELLES_ET_IDENTITE_A_COMPLETER
WE3.F,KH Group Oyj                  R,Allemagne,NON,SOURCES_OFFICIELLES_ET_IDENTITE_A_COMPLETER
P0T.F,Tenet Fintech Group Inc.      R,Allemagne,NON,SOURCES_OFFICIELLES_ET_IDENTITE_A_COMPLETER
XLS.F,Xlife Sciences AG             N,Allemagne,NON,SOURCES_OFFICIELLES_ET_IDENTITE_A_COMPLETER
45P.F,Playmates Toys Group Ltd.     R,Allemagne,NON,SOURCES_OFFICIELLES_ET_IDENTITE_A_COMPLETER
BBA.F,System1 Group PLC             R,Allemagne,NON,SOURCES_OFFICIELLES_ET_IDENTITE_A_COMPLETER
EJ1C.F,Asia Energy Logistics Grp Ltd.R,Allemagne,NON,SOURCES_OFFICIELLES_ET_IDENTITE_A_COMPLETER
ABA.HM,ALBA SE                       I,Allemagne,NON,SOURCES_OFFICIELLES_ET_IDENTITE_A_COMPLETER
FHW.F,FERNHEIZWERK NEUKOELLN AG     I,Allemagne,NON,SOURCES_OFFICIELLES_ET_IDENTITE_A_COMPLETER
FHW.SG,Fernheizwerk Neukölln AG,Allemagne,NON,SOURCES_OFFICIELLES_ET_IDENTITE_A_COMPLETER
67E0.F,Wallbox N.V.                  A,Allemagne,NON,SOURCES_OFFICIELLES_ET_IDENTITE_A_COMPLETER
GUL.F,GUILLEMOT CORP.               A,Allemagne,NON,SOURCES_OFFICIELLES_ET_IDENTITE_A_COMPLETER
AXD2.F,Heron Therapeutics Inc.       R,Allemagne,NON,SOURCES_OFFICIELLES_ET_IDENTITE_A_COMPLETER
PNC.F,Great Elm Group Inc.          R,Allemagne,NON,SOURCES_OFFICIELLES_ET_IDENTITE_A_COMPLETER
RZA.F,Austin Engineering Ltd.       R,Allemagne,NON,SOURCES_OFFICIELLES_ET_IDENTITE_A_COMPLETER
L4Q.F,AMC Robotics Corp.            R,Allemagne,NON,SOURCES_OFFICIELLES_ET_IDENTITE_A_COMPLETER
6H4.F,Invictus Energy Ltd.          R,Allemagne,NON,SOURCES_OFFICIELLES_ET_IDENTITE_A_COMPLETER
5DP.F,Dolphin Drilling AS           N,Allemagne,NON,SOURCES_OFFICIELLES_ET_IDENTITE_A_COMPLETER
O3Z.F,Goodfellow Inc.               R,Allemagne,NON,SOURCES_OFFICIELLES_ET_IDENTITE_A_COMPLETER
1UM0.F,EC Healthcare Ltd.            R,Allemagne,NON,SOURCES_OFFICIELLES_ET_IDENTITE_A_COMPLETER
R0L.F,J Frontier Co. Ltd.           R,Allemagne,NON,SOURCES_OFFICIELLES_ET_IDENTITE_A_COMPLETER
0AD.F,Anfield Energy Inc.           R,Allemagne,NON,SOURCES_OFFICIELLES_ET_IDENTITE_A_COMPLETER
G4A.F,Gear4music (Holdings) PLC     R,Allemagne,NON,SOURCES_OFFICIELLES_ET_IDENTITE_A_COMPLETER
4CI0.F,AIFU Inc.                     R,Allemagne,NON,SOURCES_OFFICIELLES_ET_IDENTITE_A_COMPLETER
ZZF0.F,CarParts.com Inc.             R,Allemagne,NON,SOURCES_OFFICIELLES_ET_IDENTITE_A_COMPLETER
8PR1.F,Soma Gold Corp.               R,Allemagne,NON,SOURCES_OFFICIELLES_ET_IDENTITE_A_COMPLETER
C7W.F,Energy Time S.p.A.            A,Allemagne,NON,SOURCES_OFFICIELLES_ET_IDENTITE_A_COMPLETER
5DP.SG,Dolphin Drilling AS,Allemagne,NON,SOURCES_OFFICIELLES_ET_IDENTITE_A_COMPLETER
IRQ.SG,IRCE S.p.A.,Allemagne,NON,SOURCES_OFFICIELLES_ET_IDENTITE_A_COMPLETER
FBC.SG,Futebol Clube do Porto - Futebo,Allemagne,NON,SOURCES_OFFICIELLES_ET_IDENTITE_A_COMPLETER
Z5S.F,Atenor S.A.                   A,Allemagne,NON,SOURCES_OFFICIELLES_ET_IDENTITE_A_COMPLETER
NWR.F,NEBAG AG                      S,Allemagne,NON,SOURCES_OFFICIELLES_ET_IDENTITE_A_COMPLETER
J0M.F,Masterbeef Group.             R,Allemagne,NON,SOURCES_OFFICIELLES_ET_IDENTITE_A_COMPLETER
6EU.F,TheWorks plc                  R,Allemagne,NON,SOURCES_OFFICIELLES_ET_IDENTITE_A_COMPLETER
GI11.F,Gentoo Media Inc.             R,Allemagne,NON,SOURCES_OFFICIELLES_ET_IDENTITE_A_COMPLETER
PHRE.F,Water Intelligence PLC        R,Allemagne,NON,SOURCES_OFFICIELLES_ET_IDENTITE_A_COMPLETER
1Y0.F,Wise Holdings Co. Ltd.        R,Allemagne,NON,SOURCES_OFFICIELLES_ET_IDENTITE_A_COMPLETER
A8Y1.F,EML Payments Ltd.             R,Allemagne,NON,SOURCES_OFFICIELLES_ET_IDENTITE_A_COMPLETER
IFS.F,infas Holding AG              I,Allemagne,NON,SOURCES_OFFICIELLES_ET_IDENTITE_A_COMPLETER
IY3A.F,Ilyda S.A.                    N,Allemagne,NON,SOURCES_OFFICIELLES_ET_IDENTITE_A_COMPLETER
6CW.F,Charlottes Web Holdings Inc.  R,Allemagne,NON,SOURCES_OFFICIELLES_ET_IDENTITE_A_COMPLETER
AJW.F,"AnGes, Inc.                   R",Allemagne,NON,SOURCES_OFFICIELLES_ET_IDENTITE_A_COMPLETER
6SJA.F,SelectQuote Inc.              R,Allemagne,NON,SOURCES_OFFICIELLES_ET_IDENTITE_A_COMPLETER
TH1.F,TTEC Holdings Inc.            R,Allemagne,NON,SOURCES_OFFICIELLES_ET_IDENTITE_A_COMPLETER
95A.F,Altisource Ptf Solns S.A.     A,Allemagne,NON,SOURCES_OFFICIELLES_ET_IDENTITE_A_COMPLETER
OH5.F,Nissan Securities Grp Co. Ltd.R,Allemagne,NON,SOURCES_OFFICIELLES_ET_IDENTITE_A_COMPLETER
5R6.F,VCREDIT Holdings Ltd.         R,Allemagne,NON,SOURCES_OFFICIELLES_ET_IDENTITE_A_COMPLETER
E9Q.F,Guangdong Kanghua Healthcare  R,Allemagne,NON,SOURCES_OFFICIELLES_ET_IDENTITE_A_COMPLETER
CUEH.F,Chengdu SIWI Sci.+Tech.Co.Ltd.R,Allemagne,NON,SOURCES_OFFICIELLES_ET_IDENTITE_A_COMPLETER
E0J.F,Ekinops S.A.S.                A,Allemagne,NON,SOURCES_OFFICIELLES_ET_IDENTITE_A_COMPLETER
PHT.F,Haulotte Group S.A.           A,Allemagne,NON,SOURCES_OFFICIELLES_ET_IDENTITE_A_COMPLETER
6QN.F,THE ITALIAN SEA GROUP S.P.A.  A,Allemagne,NON,SOURCES_OFFICIELLES_ET_IDENTITE_A_COMPLETER
3CV.F,Victoria PLC                  R,Allemagne,NON,SOURCES_OFFICIELLES_ET_IDENTITE_A_COMPLETER
1JS.F,Shield Therapeutics PLC       R,Allemagne,NON,SOURCES_OFFICIELLES_ET_IDENTITE_A_COMPLETER
ECK.HM,LUDW.BECK A.RATH.ECK-TEXTIL.AGI,Allemagne,NON,SOURCES_OFFICIELLES_ET_IDENTITE_A_COMPLETER
61I.F,Research Solutions Inc.       R,Allemagne,NON,SOURCES_OFFICIELLES_ET_IDENTITE_A_COMPLETER
2I3.F,Champions Oncology Inc.       R,Allemagne,NON,SOURCES_OFFICIELLES_ET_IDENTITE_A_COMPLETER
LXB.F,LEXIBOOK LING. EL. SYS. S.A.  A,Allemagne,NON,SOURCES_OFFICIELLES_ET_IDENTITE_A_COMPLETER
2JY.F,Vala Inc.                     R,Allemagne,NON,SOURCES_OFFICIELLES_ET_IDENTITE_A_COMPLETER
6AX.F,DMG Blockchain Solutions Inc. R,Allemagne,NON,SOURCES_OFFICIELLES_ET_IDENTITE_A_COMPLETER
OPQ.F,Oriental Media Group Ltd.     R,Allemagne,NON,SOURCES_OFFICIELLES_ET_IDENTITE_A_COMPLETER
WKU.F,Aspire Mining Ltd.            R,Allemagne,NON,SOURCES_OFFICIELLES_ET_IDENTITE_A_COMPLETER
5IN.F,AGF A/S                       N,Allemagne,NON,SOURCES_OFFICIELLES_ET_IDENTITE_A_COMPLETER
75V.F,Advini S.A.                   A,Allemagne,NON,SOURCES_OFFICIELLES_ET_IDENTITE_A_COMPLETER
91P.F,Llorente & Cuenca S.A.        A,Allemagne,NON,SOURCES_OFFICIELLES_ET_IDENTITE_A_COMPLETER
315.F,C Capital Holdings AG         I,Allemagne,NON,SOURCES_OFFICIELLES_ET_IDENTITE_A_COMPLETER
0HF.F,Pullup Entertainment S.A.     A,Allemagne,NON,SOURCES_OFFICIELLES_ET_IDENTITE_A_COMPLETER
IFG.F,Atari S.A.                    A,Allemagne,NON,SOURCES_OFFICIELLES_ET_IDENTITE_A_COMPLETER
5H7.F,Sanderson Design Group PLC    R,Allemagne,NON,SOURCES_OFFICIELLES_ET_IDENTITE_A_COMPLETER
A8F.F,Strickland Metals Ltd.        R,Allemagne,NON,SOURCES_OFFICIELLES_ET_IDENTITE_A_COMPLETER
29U.F,Trufin PLC                    R,Allemagne,NON,SOURCES_OFFICIELLES_ET_IDENTITE_A_COMPLETER
2HA.F,Spero Therapeutics Inc.       R,Allemagne,NON,SOURCES_OFFICIELLES_ET_IDENTITE_A_COMPLETER
AWQ.F,ALNG ASA                      N,Allemagne,NON,SOURCES_OFFICIELLES_ET_IDENTITE_A_COMPLETER
TQB0.F,MindWalk Holdings Corp.       R,Allemagne,NON,SOURCES_OFFICIELLES_ET_IDENTITE_A_COMPLETER
2FW.F,Flowtech FluidPower PLC       R,Allemagne,NON,SOURCES_OFFICIELLES_ET_IDENTITE_A_COMPLETER
2FW.SG,Flowtech FluidPower PLC,Allemagne,NON,SOURCES_OFFICIELLES_ET_IDENTITE_A_COMPLETER
B5D1.F,Time Finance PLC              R,Allemagne,NON,SOURCES_OFFICIELLES_ET_IDENTITE_A_COMPLETER
LK1.F,LAKE RESOURCES N.L.           R,Allemagne,NON,SOURCES_OFFICIELLES_ET_IDENTITE_A_COMPLETER
Y0U.F,Vulcan Two Group PLC          R,Allemagne,NON,SOURCES_OFFICIELLES_ET_IDENTITE_A_COMPLETER
92M.F,CML MICROSYSTEMS PLC          R,Allemagne,NON,SOURCES_OFFICIELLES_ET_IDENTITE_A_COMPLETER
0VC.F,OMER - DECUGIS & CIE          A,Allemagne,NON,SOURCES_OFFICIELLES_ET_IDENTITE_A_COMPLETER
IE2A.F,Internet Thailand PCL         R,Allemagne,NON,SOURCES_OFFICIELLES_ET_IDENTITE_A_COMPLETER
NYA1.SG,Corero Network Security PLC,Allemagne,NON,SOURCES_OFFICIELLES_ET_IDENTITE_A_COMPLETER
LT50.F,Luotea PLC                    R,Allemagne,NON,SOURCES_OFFICIELLES_ET_IDENTITE_A_COMPLETER
2F60.F,Awale Resources Ltd.          R,Allemagne,NON,SOURCES_OFFICIELLES_ET_IDENTITE_A_COMPLETER
U1R1.F,Apollo Future Mobility Group  R,Allemagne,NON,SOURCES_OFFICIELLES_ET_IDENTITE_A_COMPLETER
P41.F,Blinklab Ltd.                 R,Allemagne,NON,SOURCES_OFFICIELLES_ET_IDENTITE_A_COMPLETER
0G93.F,Globus Maritime Ltd.          R,Allemagne,NON,SOURCES_OFFICIELLES_ET_IDENTITE_A_COMPLETER
GUJB.F,GDH Guangnan (Holdings) Ltd.  R,Allemagne,NON,SOURCES_OFFICIELLES_ET_IDENTITE_A_COMPLETER
HUV.F,HUNG HING PRINTING GRP LTD.   R,Allemagne,NON,SOURCES_OFFICIELLES_ET_IDENTITE_A_COMPLETER
X62.F,Optex Systems Holdings Inc.   R,Allemagne,NON,SOURCES_OFFICIELLES_ET_IDENTITE_A_COMPLETER
FVA.F,PCI-PAL PLC                   R,Allemagne,NON,SOURCES_OFFICIELLES_ET_IDENTITE_A_COMPLETER
CY9D.F,Microbot Medical Inc.         R,Allemagne,NON,SOURCES_OFFICIELLES_ET_IDENTITE_A_COMPLETER
7XE.F,Nightingale Health Oyj        R,Allemagne,NON,SOURCES_OFFICIELLES_ET_IDENTITE_A_COMPLETER
7KW.F,Daniel Thwaites PLC           R,Allemagne,NON,SOURCES_OFFICIELLES_ET_IDENTITE_A_COMPLETER
7L4.F,Elica S.p.A.                  A,Allemagne,NON,SOURCES_OFFICIELLES_ET_IDENTITE_A_COMPLETER
K6Z.F,Shine Justice Ltd.            R,Allemagne,NON,SOURCES_OFFICIELLES_ET_IDENTITE_A_COMPLETER
RZC.MU,Caica Digital Inc.            R,Allemagne,NON,SOURCES_OFFICIELLES_ET_IDENTITE_A_COMPLETER
CG4.F,The Character Group PLC       R,Allemagne,NON,SOURCES_OFFICIELLES_ET_IDENTITE_A_COMPLETER
1NE0.F,Verrica Pharmaceuticals Inc.  R,Allemagne,NON,SOURCES_OFFICIELLES_ET_IDENTITE_A_COMPLETER
UE1.F,UNIVERSAL ELECTRONICS INC.    R,Allemagne,NON,SOURCES_OFFICIELLES_ET_IDENTITE_A_COMPLETER
C480.F,Atlas Lithium Corp.           R,Allemagne,NON,SOURCES_OFFICIELLES_ET_IDENTITE_A_COMPLETER
7W5.F,Moulinvest                    A,Allemagne,NON,SOURCES_OFFICIELLES_ET_IDENTITE_A_COMPLETER
PJJ1.F,China Display Optoel.Tec.H.LtdR,Allemagne,NON,SOURCES_OFFICIELLES_ET_IDENTITE_A_COMPLETER
92M.SG,CML Microsystems PLC,Allemagne,NON,SOURCES_OFFICIELLES_ET_IDENTITE_A_COMPLETER
SFK.SG,SergeFerrari Group S.A.,Allemagne,NON,SOURCES_OFFICIELLES_ET_IDENTITE_A_COMPLETER
ISC1.F,Arcelormittal South Africa LtdR,Allemagne,NON,SOURCES_OFFICIELLES_ET_IDENTITE_A_COMPLETER
L2T1.F,Lifevantage Corp.             R,Allemagne,NON,SOURCES_OFFICIELLES_ET_IDENTITE_A_COMPLETER
6CE.SG,Groupe LDLC S.A.,Allemagne,NON,SOURCES_OFFICIELLES_ET_IDENTITE_A_COMPLETER
SFK.F,SergeFerrari Group S.A.       A,Allemagne,NON,SOURCES_OFFICIELLES_ET_IDENTITE_A_COMPLETER
UK3.F,Netstars Co. Ltd.             R,Allemagne,NON,SOURCES_OFFICIELLES_ET_IDENTITE_A_COMPLETER
2DI.F,Microlise Group PLC           R,Allemagne,NON,SOURCES_OFFICIELLES_ET_IDENTITE_A_COMPLETER
RGI0.F,Regis Corp. (Minn.)           R,Allemagne,NON,SOURCES_OFFICIELLES_ET_IDENTITE_A_COMPLETER
3DS.F,Dachan Food Asia Ltd.         R,Allemagne,NON,SOURCES_OFFICIELLES_ET_IDENTITE_A_COMPLETER
J9M.F,Virsi-A A/S                   B,Allemagne,NON,SOURCES_OFFICIELLES_ET_IDENTITE_A_COMPLETER
2P4.F,Bioporto A/S                  I,Allemagne,NON,SOURCES_OFFICIELLES_ET_IDENTITE_A_COMPLETER
XC1.F,Cable One Inc.                R,Allemagne,NON,SOURCES_OFFICIELLES_ET_IDENTITE_A_COMPLETER
RN5.F,Risanamento S.p.A.            A,Allemagne,NON,SOURCES_OFFICIELLES_ET_IDENTITE_A_COMPLETER
60Z.F,Banqup Group S.A.             A,Allemagne,NON,SOURCES_OFFICIELLES_ET_IDENTITE_A_COMPLETER
7SS.F,Brii Biosciences Ltd.         R,Allemagne,NON,SOURCES_OFFICIELLES_ET_IDENTITE_A_COMPLETER
TS6.F,TELESTE CORP.                 R,Allemagne,NON,SOURCES_OFFICIELLES_ET_IDENTITE_A_COMPLETER
0QZ.F,Alithya Group Inc.            R,Allemagne,NON,SOURCES_OFFICIELLES_ET_IDENTITE_A_COMPLETER
J4O.F,JINHUI SHIPPING AND TRANSP.LTDR,Allemagne,NON,SOURCES_OFFICIELLES_ET_IDENTITE_A_COMPLETER
RFM0.F,Sensorion S.A.                A,Allemagne,NON,SOURCES_OFFICIELLES_ET_IDENTITE_A_COMPLETER
ZMX1.F,WidePoint Corp.               R,Allemagne,NON,SOURCES_OFFICIELLES_ET_IDENTITE_A_COMPLETER
NS9B.F,NetSol Technologies Inc.      R,Allemagne,NON,SOURCES_OFFICIELLES_ET_IDENTITE_A_COMPLETER
8UK.F,New Zealand Rural Land CompanyR,Allemagne,NON,SOURCES_OFFICIELLES_ET_IDENTITE_A_COMPLETER
6RC.F,ReproCELL Inc.                R,Allemagne,NON,SOURCES_OFFICIELLES_ET_IDENTITE_A_COMPLETER
0FG.F,Advanced Flower Capital Inc.  R,Allemagne,NON,SOURCES_OFFICIELLES_ET_IDENTITE_A_COMPLETER
G7PA.F,Energy Transition Minerals LtdR,Allemagne,NON,SOURCES_OFFICIELLES_ET_IDENTITE_A_COMPLETER
B1O.F,Bango PLC                     R,Allemagne,NON,SOURCES_OFFICIELLES_ET_IDENTITE_A_COMPLETER
4VZ.F,American Tungsten+Antimony LtdR,Allemagne,NON,SOURCES_OFFICIELLES_ET_IDENTITE_A_COMPLETER
4NI.F,Pulmonx Corp.                 R,Allemagne,NON,SOURCES_OFFICIELLES_ET_IDENTITE_A_COMPLETER
AGE.F,AGFA-GEVAERT N.V.             A,Allemagne,NON,SOURCES_OFFICIELLES_ET_IDENTITE_A_COMPLETER
5NX.F,Nexstim Oyj                   R,Allemagne,NON,SOURCES_OFFICIELLES_ET_IDENTITE_A_COMPLETER
BJG.F,Beijing Enterprises Env.Gr.LtdR,Allemagne,NON,SOURCES_OFFICIELLES_ET_IDENTITE_A_COMPLETER
609.F,ABIONYX Pharma S.A.           A,Allemagne,NON,SOURCES_OFFICIELLES_ET_IDENTITE_A_COMPLETER
71W.F,Valtecne S.p.A.               A,Allemagne,NON,SOURCES_OFFICIELLES_ET_IDENTITE_A_COMPLETER
WAB0.F,Articore Group Ltd.           R,Allemagne,NON,SOURCES_OFFICIELLES_ET_IDENTITE_A_COMPLETER
M26.F,SPARQ Systems Inc.            R,Allemagne,NON,SOURCES_OFFICIELLES_ET_IDENTITE_A_COMPLETER
HIH.SG,High Co.,Allemagne,NON,SOURCES_OFFICIELLES_ET_IDENTITE_A_COMPLETER
4YYA.F,Kaldvik AS                    N,Allemagne,NON,SOURCES_OFFICIELLES_ET_IDENTITE_A_COMPLETER
DX4.F,Harboes Bryggeri AS           N,Allemagne,NON,SOURCES_OFFICIELLES_ET_IDENTITE_A_COMPLETER
609.SG,Cerenis Therapeutics Holdings S,Allemagne,NON,SOURCES_OFFICIELLES_ET_IDENTITE_A_COMPLETER
RFM0.SG,Sensorion S.A.,Allemagne,NON,SOURCES_OFFICIELLES_ET_IDENTITE_A_COMPLETER
YKK.F,Boreo Oyj                     R,Allemagne,NON,SOURCES_OFFICIELLES_ET_IDENTITE_A_COMPLETER
HCY.F,Holland Colours N.V.          A,Allemagne,NON,SOURCES_OFFICIELLES_ET_IDENTITE_A_COMPLETER
PSX.F,Daphne International Hldgs LtdR,Allemagne,NON,SOURCES_OFFICIELLES_ET_IDENTITE_A_COMPLETER
T4M.F,Edil San Felice S.p.A. Soc.BenA,Allemagne,NON,SOURCES_OFFICIELLES_ET_IDENTITE_A_COMPLETER
UE22.F,Big Sky Industrial Inc.       R,Allemagne,NON,SOURCES_OFFICIELLES_ET_IDENTITE_A_COMPLETER
SG9.F,Strix Group PLC               R,Allemagne,NON,SOURCES_OFFICIELLES_ET_IDENTITE_A_COMPLETER
J9B.SG,Benakat Petroleum Energy Tbk,Allemagne,NON,SOURCES_OFFICIELLES_ET_IDENTITE_A_COMPLETER
7YR.F,Kaiser Reef Ltd.              R,Allemagne,NON,SOURCES_OFFICIELLES_ET_IDENTITE_A_COMPLETER
FOU1.F,FOUNDER HOLDINGS LTD.         R,Allemagne,NON,SOURCES_OFFICIELLES_ET_IDENTITE_A_COMPLETER
7EJ.F,Western Bulk Chartering AS    N,Allemagne,NON,SOURCES_OFFICIELLES_ET_IDENTITE_A_COMPLETER
4YL.F,Nanoform Finland Oyj          R,Allemagne,NON,SOURCES_OFFICIELLES_ET_IDENTITE_A_COMPLETER
O7U.F,Stakk Ltd.                    R,Allemagne,NON,SOURCES_OFFICIELLES_ET_IDENTITE_A_COMPLETER
S83.F,LBG Media PLC                 R,Allemagne,NON,SOURCES_OFFICIELLES_ET_IDENTITE_A_COMPLETER
V7A0.F,SkinHealth Systems Inc.       R,Allemagne,NON,SOURCES_OFFICIELLES_ET_IDENTITE_A_COMPLETER
WTT0.F,Elevate Uranium Ltd.          R,Allemagne,NON,SOURCES_OFFICIELLES_ET_IDENTITE_A_COMPLETER
NYA1.F,Corero Network Security PLC   R,Allemagne,NON,SOURCES_OFFICIELLES_ET_IDENTITE_A_COMPLETER
G5O.F,Gascogne S.A.                 A,Allemagne,NON,SOURCES_OFFICIELLES_ET_IDENTITE_A_COMPLETER
77P.F,WE Connect                    A,Allemagne,NON,SOURCES_OFFICIELLES_ET_IDENTITE_A_COMPLETER
TSS.F,INNOTEC TSS AG                I,Allemagne,NON,SOURCES_OFFICIELLES_ET_IDENTITE_A_COMPLETER
DCV.F,ADVANEX INC.                  R,Allemagne,NON,SOURCES_OFFICIELLES_ET_IDENTITE_A_COMPLETER
YAJ1.F,Pilbara Gold Ltd.             R,Allemagne,NON,SOURCES_OFFICIELLES_ET_IDENTITE_A_COMPLETER
MB01.F,Scully Royalty Ltd.           R,Allemagne,NON,SOURCES_OFFICIELLES_ET_IDENTITE_A_COMPLETER
VEK.F,Veritone Inc                  R,Allemagne,NON,SOURCES_OFFICIELLES_ET_IDENTITE_A_COMPLETER
6MR1.F,Kuya Silver Corp.             R,Allemagne,NON,SOURCES_OFFICIELLES_ET_IDENTITE_A_COMPLETER
0CG.F,Chegg Inc.                    R,Allemagne,NON,SOURCES_OFFICIELLES_ET_IDENTITE_A_COMPLETER
1BN.F,Abitare In S.p.A.             A,Allemagne,NON,SOURCES_OFFICIELLES_ET_IDENTITE_A_COMPLETER
7ZL.F,Invesque Inc.                 R,Allemagne,NON,SOURCES_OFFICIELLES_ET_IDENTITE_A_COMPLETER
H8A.F,Haivision Systems Inc.        R,Allemagne,NON,SOURCES_OFFICIELLES_ET_IDENTITE_A_COMPLETER
0C9.F,Cheetah Mobile Inc.           R,Allemagne,NON,SOURCES_OFFICIELLES_ET_IDENTITE_A_COMPLETER
RVS1.F,Dawson Geophysical Co.        R,Allemagne,NON,SOURCES_OFFICIELLES_ET_IDENTITE_A_COMPLETER
89K0.F,Otovo ASA                     N,Allemagne,NON,SOURCES_OFFICIELLES_ET_IDENTITE_A_COMPLETER
HAEK.HM,M1 Aesthetics AG              I,Allemagne,NON,SOURCES_OFFICIELLES_ET_IDENTITE_A_COMPLETER
FOV.F,FOUNTAIN SET (HOLDINGS) LTD.  R,Allemagne,NON,SOURCES_OFFICIELLES_ET_IDENTITE_A_COMPLETER
D2L.F,Vitura S.A.                   A,Allemagne,NON,SOURCES_OFFICIELLES_ET_IDENTITE_A_COMPLETER
9WV.F,Nutriband Inc.                R,Allemagne,NON,SOURCES_OFFICIELLES_ET_IDENTITE_A_COMPLETER
JI5.F,Jubilee Metals Group PLC      R,Allemagne,NON,SOURCES_OFFICIELLES_ET_IDENTITE_A_COMPLETER
QJ1.F,LapWall Oyj                   R,Allemagne,NON,SOURCES_OFFICIELLES_ET_IDENTITE_A_COMPLETER
U92.F,Fenbi Ltd.                    R,Allemagne,NON,SOURCES_OFFICIELLES_ET_IDENTITE_A_COMPLETER
7D0.F,Lotus Resources Ltd.          R,Allemagne,NON,SOURCES_OFFICIELLES_ET_IDENTITE_A_COMPLETER
CX40.F,Reitmans (Canada) Ltd.        R,Allemagne,NON,SOURCES_OFFICIELLES_ET_IDENTITE_A_COMPLETER
SST.F,Heeton Holdings Ltd.          R,Allemagne,NON,SOURCES_OFFICIELLES_ET_IDENTITE_A_COMPLETER
SST.SG,Heeton Holdings Ltd.,Allemagne,NON,SOURCES_OFFICIELLES_ET_IDENTITE_A_COMPLETER
BQ3.F,Big River Industries Ltd.     R,Allemagne,NON,SOURCES_OFFICIELLES_ET_IDENTITE_A_COMPLETER
MS4A.F,Mastech Digital Inc.          R,Allemagne,NON,SOURCES_OFFICIELLES_ET_IDENTITE_A_COMPLETER
HSUB.F,Hi Sun Technology (China) Ltd.R,Allemagne,NON,SOURCES_OFFICIELLES_ET_IDENTITE_A_COMPLETER
1TH0.F,Parkit Enterprise Inc.        R,Allemagne,NON,SOURCES_OFFICIELLES_ET_IDENTITE_A_COMPLETER
7EK.F,S.T. DUPONT S.A.              A,Allemagne,NON,SOURCES_OFFICIELLES_ET_IDENTITE_A_COMPLETER
FM2.F,Neodecortech S.p.A.           A,Allemagne,NON,SOURCES_OFFICIELLES_ET_IDENTITE_A_COMPLETER
FMK.F,EcoGraf Ltd.                  R,Allemagne,NON,SOURCES_OFFICIELLES_ET_IDENTITE_A_COMPLETER
45I.F,First Northwest Bancorp       R,Allemagne,NON,SOURCES_OFFICIELLES_ET_IDENTITE_A_COMPLETER
W1T.F,Western Energy Services Corp. R,Allemagne,NON,SOURCES_OFFICIELLES_ET_IDENTITE_A_COMPLETER
1S0.F,Suominen Corp.                R,Allemagne,NON,SOURCES_OFFICIELLES_ET_IDENTITE_A_COMPLETER
2T1.F,Tecogen Inc. (New)            R,Allemagne,NON,SOURCES_OFFICIELLES_ET_IDENTITE_A_COMPLETER
CKW.F,Chu Kong Ship.Ent.(Grp)Co.Ltd.R,Allemagne,NON,SOURCES_OFFICIELLES_ET_IDENTITE_A_COMPLETER
CAJ1.F,"Casino,Guichard-Perrachon S.A.A",Allemagne,NON,SOURCES_OFFICIELLES_ET_IDENTITE_A_COMPLETER
7BL.F,Blue Lagoon Resources Inc.    R,Allemagne,NON,SOURCES_OFFICIELLES_ET_IDENTITE_A_COMPLETER
UNE.F,First US Bancshares Inc.      R,Allemagne,NON,SOURCES_OFFICIELLES_ET_IDENTITE_A_COMPLETER
ON0.F,DelfinGroup SIA               R,Allemagne,NON,SOURCES_OFFICIELLES_ET_IDENTITE_A_COMPLETER
014.F,Rand Mining Ltd.              R,Allemagne,NON,SOURCES_OFFICIELLES_ET_IDENTITE_A_COMPLETER
014.SG,Rand Mining Ltd.,Allemagne,NON,SOURCES_OFFICIELLES_ET_IDENTITE_A_COMPLETER
LB8.F,Mitchell Services Ltd.        R,Allemagne,NON,SOURCES_OFFICIELLES_ET_IDENTITE_A_COMPLETER
BUU.F,Devex Resources Ltd.          R,Allemagne,NON,SOURCES_OFFICIELLES_ET_IDENTITE_A_COMPLETER
99C.F,Casta Diva Group S.p.A.       A,Allemagne,NON,SOURCES_OFFICIELLES_ET_IDENTITE_A_COMPLETER
GLH.F,GOLDLION HOLDINGS LTD.        R,Allemagne,NON,SOURCES_OFFICIELLES_ET_IDENTITE_A_COMPLETER
LWA.F,Eco Animal Health Group PLC   R,Allemagne,NON,SOURCES_OFFICIELLES_ET_IDENTITE_A_COMPLETER
RHGN.F,CN Agri-Products Exchange Ltd.R,Allemagne,NON,SOURCES_OFFICIELLES_ET_IDENTITE_A_COMPLETER
940.F,EuroAPI SAS                   A,Allemagne,NON,SOURCES_OFFICIELLES_ET_IDENTITE_A_COMPLETER
H57.F,Asuntosalkku Oyj              R,Allemagne,NON,SOURCES_OFFICIELLES_ET_IDENTITE_A_COMPLETER
NO30.F,Noodles & Co.                 R,Allemagne,NON,SOURCES_OFFICIELLES_ET_IDENTITE_A_COMPLETER
SO0.F,Being Holdings Co. Ltd        R,Allemagne,NON,SOURCES_OFFICIELLES_ET_IDENTITE_A_COMPLETER
14B0.F,Huddly AS                     N,Allemagne,NON,SOURCES_OFFICIELLES_ET_IDENTITE_A_COMPLETER
2620.F,Juno International Corp.      R,Allemagne,NON,SOURCES_OFFICIELLES_ET_IDENTITE_A_COMPLETER
EMD.F,ENM Holdings Ltd.             R,Allemagne,NON,SOURCES_OFFICIELLES_ET_IDENTITE_A_COMPLETER
JX0.SG,Bien Sparebank ASA,Allemagne,NON,SOURCES_OFFICIELLES_ET_IDENTITE_A_COMPLETER
F7Y.F,Gaush Meditech Ltd.           R,Allemagne,NON,SOURCES_OFFICIELLES_ET_IDENTITE_A_COMPLETER
KJ7A.F,BCP Investment Corp.          R,Allemagne,NON,SOURCES_OFFICIELLES_ET_IDENTITE_A_COMPLETER
YOE.MU,Pieno Zvaigzdes AB            R,Allemagne,NON,SOURCES_OFFICIELLES_ET_IDENTITE_A_COMPLETER
T810.F,ZG Group                      R,Allemagne,NON,SOURCES_OFFICIELLES_ET_IDENTITE_A_COMPLETER
VOP.F,Investigator Silver Ltd.      R,Allemagne,NON,SOURCES_OFFICIELLES_ET_IDENTITE_A_COMPLETER
1L0.F,Audioeye Inc.                 R,Allemagne,NON,SOURCES_OFFICIELLES_ET_IDENTITE_A_COMPLETER
6FZ0.SG,Havila Kystruten AS,Allemagne,NON,SOURCES_OFFICIELLES_ET_IDENTITE_A_COMPLETER
L5B.F,Torque Metals Limited         R,Allemagne,NON,SOURCES_OFFICIELLES_ET_IDENTITE_A_COMPLETER
19YA.F,Yiren Digital Ltd.            R,Allemagne,NON,SOURCES_OFFICIELLES_ET_IDENTITE_A_COMPLETER
GAD.F,GAM Holding AG                N,Allemagne,NON,SOURCES_OFFICIELLES_ET_IDENTITE_A_COMPLETER
Z8J.SG,ICAPE HOLDING,Allemagne,NON,SOURCES_OFFICIELLES_ET_IDENTITE_A_COMPLETER
1CA0.F,Componenta Corp.              R,Allemagne,NON,SOURCES_OFFICIELLES_ET_IDENTITE_A_COMPLETER
0PI.F,Pioneer Credit Ltd.           R,Allemagne,NON,SOURCES_OFFICIELLES_ET_IDENTITE_A_COMPLETER
VP4.F,Vistin Pharma ASA             N,Allemagne,NON,SOURCES_OFFICIELLES_ET_IDENTITE_A_COMPLETER
TD8.SG,Triad Group PLC,Allemagne,NON,SOURCES_OFFICIELLES_ET_IDENTITE_A_COMPLETER
SEF0.F,Byrna Technologies Inc.       R,Allemagne,NON,SOURCES_OFFICIELLES_ET_IDENTITE_A_COMPLETER
9VP.SG,Vranken Pommery Monopole SA,Allemagne,NON,SOURCES_OFFICIELLES_ET_IDENTITE_A_COMPLETER
PW5.F,Powerlong Real Est.Hldgs Ltd. R,Allemagne,NON,SOURCES_OFFICIELLES_ET_IDENTITE_A_COMPLETER
RAP.F,RAPALA VMC OYJ                R,Allemagne,NON,SOURCES_OFFICIELLES_ET_IDENTITE_A_COMPLETER
Z8J.F,ICAPE HOLDING                 A,Allemagne,NON,SOURCES_OFFICIELLES_ET_IDENTITE_A_COMPLETER
STC.F,Caravel Minerals Ltd.         R,Allemagne,NON,SOURCES_OFFICIELLES_ET_IDENTITE_A_COMPLETER
G1MN.F,Globex Mining Enterprises Inc.R,Allemagne,NON,SOURCES_OFFICIELLES_ET_IDENTITE_A_COMPLETER
CKS2.F,GOME Retail Holdings Ltd.     R,Allemagne,NON,SOURCES_OFFICIELLES_ET_IDENTITE_A_COMPLETER
CKS2.SG,GOME Retail Holdings Ltd.,Allemagne,NON,SOURCES_OFFICIELLES_ET_IDENTITE_A_COMPLETER
3WX.F,MediaCo Holding Inc.          R,Allemagne,NON,SOURCES_OFFICIELLES_ET_IDENTITE_A_COMPLETER
HCE.F,HusCompagniet A/S             N,Allemagne,NON,SOURCES_OFFICIELLES_ET_IDENTITE_A_COMPLETER
TF8.F,Marygold Companies Inc.       R,Allemagne,NON,SOURCES_OFFICIELLES_ET_IDENTITE_A_COMPLETER
MTB0.F,CareCloud Inc.                R,Allemagne,NON,SOURCES_OFFICIELLES_ET_IDENTITE_A_COMPLETER
IJM.SG,Athos Immobilien AG,Allemagne,NON,SOURCES_OFFICIELLES_ET_IDENTITE_A_COMPLETER
S1Q.F,Qingda Oriental Group Co. Ltd.R,Allemagne,NON,SOURCES_OFFICIELLES_ET_IDENTITE_A_COMPLETER
W1M.F,SINGAPORE SHIPPING CORP. LTD. R,Allemagne,NON,SOURCES_OFFICIELLES_ET_IDENTITE_A_COMPLETER
XE7C.F,Cardiff Oncology Inc.         R,Allemagne,NON,SOURCES_OFFICIELLES_ET_IDENTITE_A_COMPLETER
5HN.F,SPEEDY HIRE PLC               R,Allemagne,NON,SOURCES_OFFICIELLES_ET_IDENTITE_A_COMPLETER
3GX.F,HF Foods Group Inc.           R,Allemagne,NON,SOURCES_OFFICIELLES_ET_IDENTITE_A_COMPLETER
EQ4.F,F-TECH INC.                   R,Allemagne,NON,SOURCES_OFFICIELLES_ET_IDENTITE_A_COMPLETER
Y7I.F,Haugesund Sparebank           N,Allemagne,NON,SOURCES_OFFICIELLES_ET_IDENTITE_A_COMPLETER
X5X.F,Techno Horizon Co. Ltd.       R,Allemagne,NON,SOURCES_OFFICIELLES_ET_IDENTITE_A_COMPLETER
7GD.F,Geodrill Ltd.                 R,Allemagne,NON,SOURCES_OFFICIELLES_ET_IDENTITE_A_COMPLETER
F7K.F,Maronan Metals Ltd.           R,Allemagne,NON,SOURCES_OFFICIELLES_ET_IDENTITE_A_COMPLETER
3IYA.F,Crypto Flow Technology Ltd.   R,Allemagne,NON,SOURCES_OFFICIELLES_ET_IDENTITE_A_COMPLETER
43Y.F,Shepherd Neame Ltd.           R,Allemagne,NON,SOURCES_OFFICIELLES_ET_IDENTITE_A_COMPLETER
0DY.F,"FLANIGANS ENTER. DL-,1",Allemagne,NON,SOURCES_OFFICIELLES_ET_IDENTITE_A_COMPLETER
2T8.F,Townsquare Media Inc.         R,Allemagne,NON,SOURCES_OFFICIELLES_ET_IDENTITE_A_COMPLETER
04T.F,Tian Ge Interactive Hldgs Ltd.R,Allemagne,NON,SOURCES_OFFICIELLES_ET_IDENTITE_A_COMPLETER
51L.F,LGL Group Inc.                R,Allemagne,NON,SOURCES_OFFICIELLES_ET_IDENTITE_A_COMPLETER
QE1.F,Questerre Energy Corp.        R,Allemagne,NON,SOURCES_OFFICIELLES_ET_IDENTITE_A_COMPLETER
6JC.F,James Cropper PLC             R,Allemagne,NON,SOURCES_OFFICIELLES_ET_IDENTITE_A_COMPLETER
Q29.F,PhenixFIN Corp.               R,Allemagne,NON,SOURCES_OFFICIELLES_ET_IDENTITE_A_COMPLETER
ZE6.F,PesoRama Inc.                 R,Allemagne,NON,SOURCES_OFFICIELLES_ET_IDENTITE_A_COMPLETER
4G8.F,GUERBET S.A.                  A,Allemagne,NON,SOURCES_OFFICIELLES_ET_IDENTITE_A_COMPLETER
O29.F,PLC S.p.A.                    A,Allemagne,NON,SOURCES_OFFICIELLES_ET_IDENTITE_A_COMPLETER
E5T.F,Eurotech S.p.A.               A,Allemagne,NON,SOURCES_OFFICIELLES_ET_IDENTITE_A_COMPLETER
NF00.F,New Fortress Energy Inc.      R,Allemagne,NON,SOURCES_OFFICIELLES_ET_IDENTITE_A_COMPLETER
L1PA.F,Lee s Pharmaceutical Hldgs LtdR,Allemagne,NON,SOURCES_OFFICIELLES_ET_IDENTITE_A_COMPLETER
TJI.F,Dynasty Digital Holdings Ltd. R,Allemagne,NON,SOURCES_OFFICIELLES_ET_IDENTITE_A_COMPLETER
CQH3.F,Cheuk Nang Holdings Ltd.      R,Allemagne,NON,SOURCES_OFFICIELLES_ET_IDENTITE_A_COMPLETER
X0T.F,DEL MONTE PACIFIC LTD.        R,Allemagne,NON,SOURCES_OFFICIELLES_ET_IDENTITE_A_COMPLETER
4QU.F,Orthex Oyj                    R,Allemagne,NON,SOURCES_OFFICIELLES_ET_IDENTITE_A_COMPLETER
T57.F,Trace group Hold AD - Sofia   R,Allemagne,NON,SOURCES_OFFICIELLES_ET_IDENTITE_A_COMPLETER
929.F,Topps Tiles PLC               R,Allemagne,NON,SOURCES_OFFICIELLES_ET_IDENTITE_A_COMPLETER
HA5.F,China Harmony Auto Holding LtdR,Allemagne,NON,SOURCES_OFFICIELLES_ET_IDENTITE_A_COMPLETER
6WU.F,Sourcenext Corp.              R,Allemagne,NON,SOURCES_OFFICIELLES_ET_IDENTITE_A_COMPLETER
OFZ.F,OFX Group Ltd.                R,Allemagne,NON,SOURCES_OFFICIELLES_ET_IDENTITE_A_COMPLETER
SAT.F,Saga Pure ASA                 N,Allemagne,NON,SOURCES_OFFICIELLES_ET_IDENTITE_A_COMPLETER
R8C.F,Raccoon Holdings Inc.         R,Allemagne,NON,SOURCES_OFFICIELLES_ET_IDENTITE_A_COMPLETER
33Z.F,Zeder Investments Ltd.        R,Allemagne,NON,SOURCES_OFFICIELLES_ET_IDENTITE_A_COMPLETER
XE1.F,AXON PARTNERS GROUP S.A.      A,Allemagne,NON,SOURCES_OFFICIELLES_ET_IDENTITE_A_COMPLETER
74D.F,HLS Therapeutics Inc.         R,Allemagne,NON,SOURCES_OFFICIELLES_ET_IDENTITE_A_COMPLETER
OXQ1.F,Arq Inc.                      R,Allemagne,NON,SOURCES_OFFICIELLES_ET_IDENTITE_A_COMPLETER
51M.F,Lacroix Group S.A.            A,Allemagne,NON,SOURCES_OFFICIELLES_ET_IDENTITE_A_COMPLETER
S4O0.F,Source Energy Services Ltd.   R,Allemagne,NON,SOURCES_OFFICIELLES_ET_IDENTITE_A_COMPLETER
5S0A.F,Thinkific Labs Inc.           R,Allemagne,NON,SOURCES_OFFICIELLES_ET_IDENTITE_A_COMPLETER
MK60.F,Here Group Ltd.               R,Allemagne,NON,SOURCES_OFFICIELLES_ET_IDENTITE_A_COMPLETER
MPO.F,Michelmersh Brick Holdings PLCR,Allemagne,NON,SOURCES_OFFICIELLES_ET_IDENTITE_A_COMPLETER
4WK.F,Wenzhou Kangning Hospital Ltd.R,Allemagne,NON,SOURCES_OFFICIELLES_ET_IDENTITE_A_COMPLETER
TGX.F,Talga Group Ltd.              R,Allemagne,NON,SOURCES_OFFICIELLES_ET_IDENTITE_A_COMPLETER
AGRA.F,AGROB Immobilien AG           I,Allemagne,NON,SOURCES_OFFICIELLES_ET_IDENTITE_A_COMPLETER
A4P.F,Alpine Select AG              N,Allemagne,NON,SOURCES_OFFICIELLES_ET_IDENTITE_A_COMPLETER
1FT.F,Sitowise Group OYJ            R,Allemagne,NON,SOURCES_OFFICIELLES_ET_IDENTITE_A_COMPLETER
Q0Z.F,Empery Digital Inc.           R,Allemagne,NON,SOURCES_OFFICIELLES_ET_IDENTITE_A_COMPLETER
GRR.F,Grange Resources Ltd.         R,Allemagne,NON,SOURCES_OFFICIELLES_ET_IDENTITE_A_COMPLETER
8BCN.SG,BCPG Public Company Ltd. (NVDRs,Allemagne,NON,SOURCES_OFFICIELLES_ET_IDENTITE_A_COMPLETER
O6Q0.F,Dellia Group ASA              N,Allemagne,NON,SOURCES_OFFICIELLES_ET_IDENTITE_A_COMPLETER
S1P.F,S.D. Standard ETC PLC         N,Allemagne,NON,SOURCES_OFFICIELLES_ET_IDENTITE_A_COMPLETER
IUL.F,IMMUCELL CORP.                R,Allemagne,NON,SOURCES_OFFICIELLES_ET_IDENTITE_A_COMPLETER
7TQ0.F,Upexi Inc.                    R,Allemagne,NON,SOURCES_OFFICIELLES_ET_IDENTITE_A_COMPLETER
74C.F,CROSSJECT S.A.                A,Allemagne,NON,SOURCES_OFFICIELLES_ET_IDENTITE_A_COMPLETER
KBP0.F,JX Luxventure Group Inc.      R,Allemagne,NON,SOURCES_OFFICIELLES_ET_IDENTITE_A_COMPLETER
R0C.F,Freetrailer Group A/S         N,Allemagne,NON,SOURCES_OFFICIELLES_ET_IDENTITE_A_COMPLETER
QO80.F,FitLife Brands Inc.           R,Allemagne,NON,SOURCES_OFFICIELLES_ET_IDENTITE_A_COMPLETER
HBS.F,Delfingen                     A,Allemagne,NON,SOURCES_OFFICIELLES_ET_IDENTITE_A_COMPLETER
9LG0.F,Norse Atlantic ASA            N,Allemagne,NON,SOURCES_OFFICIELLES_ET_IDENTITE_A_COMPLETER
PNF.F,PININFARINA S.P.A.            A,Allemagne,NON,SOURCES_OFFICIELLES_ET_IDENTITE_A_COMPLETER
276.F,Sif Holding N.V.              R,Allemagne,NON,SOURCES_OFFICIELLES_ET_IDENTITE_A_COMPLETER
4AS.F,Atlantic Sapphire ASA         N,Allemagne,NON,SOURCES_OFFICIELLES_ET_IDENTITE_A_COMPLETER
7DK.F,China Ind.Sec.Int.Fin.Grp.Ltd.R,Allemagne,NON,SOURCES_OFFICIELLES_ET_IDENTITE_A_COMPLETER
0PL.F,Xtract One Technologies Inc.  R,Allemagne,NON,SOURCES_OFFICIELLES_ET_IDENTITE_A_COMPLETER
UQ6.SG,Voss Veksel-OG Landmandsb.,Allemagne,NON,SOURCES_OFFICIELLES_ET_IDENTITE_A_COMPLETER
A2R.F,Accent Resources N.L.         R,Allemagne,NON,SOURCES_OFFICIELLES_ET_IDENTITE_A_COMPLETER
213.F,Vow ASA                       N,Allemagne,NON,SOURCES_OFFICIELLES_ET_IDENTITE_A_COMPLETER
C2I0.F,HK.AI Capital Ltd.            R,Allemagne,NON,SOURCES_OFFICIELLES_ET_IDENTITE_A_COMPLETER
95H.F,I Grandi Viaggi SpA           A,Allemagne,NON,SOURCES_OFFICIELLES_ET_IDENTITE_A_COMPLETER
9Q9.F,Azerion Group N.V.            A,Allemagne,NON,SOURCES_OFFICIELLES_ET_IDENTITE_A_COMPLETER
AJN.F,Ajisen (China) Holdings Ltd.  R,Allemagne,NON,SOURCES_OFFICIELLES_ET_IDENTITE_A_COMPLETER
0AP.F,Appeninn Vag.Holding Ny.M.Res.N,Allemagne,NON,SOURCES_OFFICIELLES_ET_IDENTITE_A_COMPLETER
9OI.F,Orior AG                      N,Allemagne,NON,SOURCES_OFFICIELLES_ET_IDENTITE_A_COMPLETER
1VF0.F,Grown Rogue International Inc.R,Allemagne,NON,SOURCES_OFFICIELLES_ET_IDENTITE_A_COMPLETER
5UH.F,Made Tech Group PLC           R,Allemagne,NON,SOURCES_OFFICIELLES_ET_IDENTITE_A_COMPLETER
AW4.F,Heidmar Maritime Hldgs. Corp. R,Allemagne,NON,SOURCES_OFFICIELLES_ET_IDENTITE_A_COMPLETER
08IA.F,iDreamSky Technology Holdings R,Allemagne,NON,SOURCES_OFFICIELLES_ET_IDENTITE_A_COMPLETER
KEW.SG,Kewaunee Scientific Corp.,Allemagne,NON,SOURCES_OFFICIELLES_ET_IDENTITE_A_COMPLETER
HKC.F,Hongkong Chinese Ltd.         R,Allemagne,NON,SOURCES_OFFICIELLES_ET_IDENTITE_A_COMPLETER
P1M.F,Peninsula Energy Ltd.         R,Allemagne,NON,SOURCES_OFFICIELLES_ET_IDENTITE_A_COMPLETER
53G.F,Empress Royalty Corp.         R,Allemagne,NON,SOURCES_OFFICIELLES_ET_IDENTITE_A_COMPLETER
RF5.F,RF INDUSTRIES LTD.            R,Allemagne,NON,SOURCES_OFFICIELLES_ET_IDENTITE_A_COMPLETER
KEC.F,KECK SENG INVEST. (HK) LTD.   R,Allemagne,NON,SOURCES_OFFICIELLES_ET_IDENTITE_A_COMPLETER
F1B.F,LHYFE S.A.                    A,Allemagne,NON,SOURCES_OFFICIELLES_ET_IDENTITE_A_COMPLETER
K7A.F,Kingdom Holdings Ltd.         R,Allemagne,NON,SOURCES_OFFICIELLES_ET_IDENTITE_A_COMPLETER
A8P.F,Agile Group Holdings Ltd.     R,Allemagne,NON,SOURCES_OFFICIELLES_ET_IDENTITE_A_COMPLETER
A02.F,Adways Inc.                   R,Allemagne,NON,SOURCES_OFFICIELLES_ET_IDENTITE_A_COMPLETER
S2N.F,Shenguan Holdings Group Ltd   R,Allemagne,NON,SOURCES_OFFICIELLES_ET_IDENTITE_A_COMPLETER
ST9.F,Steppe Cement Ltd.            R,Allemagne,NON,SOURCES_OFFICIELLES_ET_IDENTITE_A_COMPLETER
1H7.F,Demae-Can Co. Ltd.            R,Allemagne,NON,SOURCES_OFFICIELLES_ET_IDENTITE_A_COMPLETER
MD0.F,Halmont Properties Corp.      R,Allemagne,NON,SOURCES_OFFICIELLES_ET_IDENTITE_A_COMPLETER
3FS.F,Kalray SA                     A,Allemagne,NON,SOURCES_OFFICIELLES_ET_IDENTITE_A_COMPLETER
4C30.F,CMBC Capital Holdings Ltd.    R,Allemagne,NON,SOURCES_OFFICIELLES_ET_IDENTITE_A_COMPLETER
UH40.F,Iondrive Ltd.                 R,Allemagne,NON,SOURCES_OFFICIELLES_ET_IDENTITE_A_COMPLETER
19C.F,Caesarstone Ltd.              R,Allemagne,NON,SOURCES_OFFICIELLES_ET_IDENTITE_A_COMPLETER
G5HA.F,Guangzhou R&F Proper. Co. Ltd.R,Allemagne,NON,SOURCES_OFFICIELLES_ET_IDENTITE_A_COMPLETER
6Q1.F,Omda AS                       N,Allemagne,NON,SOURCES_OFFICIELLES_ET_IDENTITE_A_COMPLETER
8VJ.F,Ascend Wellness Holdings Inc. R,Allemagne,NON,SOURCES_OFFICIELLES_ET_IDENTITE_A_COMPLETER
1Q2.F,Tat Hong Equipm.Srv.Co. Ltd.  R,Allemagne,NON,SOURCES_OFFICIELLES_ET_IDENTITE_A_COMPLETER
8PF.F,Pathfinder Bancorp Inc.       R,Allemagne,NON,SOURCES_OFFICIELLES_ET_IDENTITE_A_COMPLETER
5K9.F,Braemar PLC                   R,Allemagne,NON,SOURCES_OFFICIELLES_ET_IDENTITE_A_COMPLETER
AT20.F,Atara Biotherapeutics Inc.    R,Allemagne,NON,SOURCES_OFFICIELLES_ET_IDENTITE_A_COMPLETER
9IRA.F,Broadwind Inc.                R,Allemagne,NON,SOURCES_OFFICIELLES_ET_IDENTITE_A_COMPLETER
KEW.F,KEWAUNEE SCIENTIFIC CORP.     R,Allemagne,NON,SOURCES_OFFICIELLES_ET_IDENTITE_A_COMPLETER
86C.F,Biotalys NV                   A,Allemagne,NON,SOURCES_OFFICIELLES_ET_IDENTITE_A_COMPLETER
H2Y.F,Capital Environment Hldgs Ltd.R,Allemagne,NON,SOURCES_OFFICIELLES_ET_IDENTITE_A_COMPLETER
PST0.F,Innovate Corp.                R,Allemagne,NON,SOURCES_OFFICIELLES_ET_IDENTITE_A_COMPLETER
2W9.F,Zerostack Corp.               R,Allemagne,NON,SOURCES_OFFICIELLES_ET_IDENTITE_A_COMPLETER
JX0.F,Bien Sparebank ASA            N,Allemagne,NON,SOURCES_OFFICIELLES_ET_IDENTITE_A_COMPLETER
L4B0.F,Borealis Mining Co. Ltd.      R,Allemagne,NON,SOURCES_OFFICIELLES_ET_IDENTITE_A_COMPLETER
I0P0.F,wrkr Ltd.                     R,Allemagne,NON,SOURCES_OFFICIELLES_ET_IDENTITE_A_COMPLETER
TQZA.F,Technical Olympic S.A.        N,Allemagne,NON,SOURCES_OFFICIELLES_ET_IDENTITE_A_COMPLETER
1U6.F,Chapel Down Group PLC         R,Allemagne,NON,SOURCES_OFFICIELLES_ET_IDENTITE_A_COMPLETER
FDU.F,Commercial Vehicle Group Inc. R,Allemagne,NON,SOURCES_OFFICIELLES_ET_IDENTITE_A_COMPLETER
3EO.F,Evolution PowerX Corp.        R,Allemagne,NON,SOURCES_OFFICIELLES_ET_IDENTITE_A_COMPLETER
0FZ.F,Alligator Energy Ltd.         R,Allemagne,NON,SOURCES_OFFICIELLES_ET_IDENTITE_A_COMPLETER
E40.F,Finder Energy Holdings Ltd.   R,Allemagne,NON,SOURCES_OFFICIELLES_ET_IDENTITE_A_COMPLETER
RAUA.F,RAUTE OY                      R,Allemagne,NON,SOURCES_OFFICIELLES_ET_IDENTITE_A_COMPLETER
6H1.F,Unify Group S.A.              A,Allemagne,NON,SOURCES_OFFICIELLES_ET_IDENTITE_A_COMPLETER
1H3.MU,SunHydrogen Inc.              R,Allemagne,NON,SOURCES_OFFICIELLES_ET_IDENTITE_A_COMPLETER
SMI.F,Tian An Medicare Ltd.         R,Allemagne,NON,SOURCES_OFFICIELLES_ET_IDENTITE_A_COMPLETER
59N.F,NPC Incorporated              R,Allemagne,NON,SOURCES_OFFICIELLES_ET_IDENTITE_A_COMPLETER
BJDH.F,Bj.b.Jade Bird Uni.Sci-T.Co.L.R,Allemagne,NON,SOURCES_OFFICIELLES_ET_IDENTITE_A_COMPLETER
MF1.F,Canbridge Pharmaceuticals Inc.R,Allemagne,NON,SOURCES_OFFICIELLES_ET_IDENTITE_A_COMPLETER
5YO.F,iFabric Corp.                 R,Allemagne,NON,SOURCES_OFFICIELLES_ET_IDENTITE_A_COMPLETER
3C1.F,Carbios S.A.                  A,Allemagne,NON,SOURCES_OFFICIELLES_ET_IDENTITE_A_COMPLETER
2Y5.F,Endava Ltd.                   R,Allemagne,NON,SOURCES_OFFICIELLES_ET_IDENTITE_A_COMPLETER
3SD.F,Sino-Ocean Group Holding Ltd. R,Allemagne,NON,SOURCES_OFFICIELLES_ET_IDENTITE_A_COMPLETER
RU8.F,Renascor Resources Ltd        R,Allemagne,NON,SOURCES_OFFICIELLES_ET_IDENTITE_A_COMPLETER
OSP2.HM,USU Ventures AG               I,Allemagne,NON,SOURCES_OFFICIELLES_ET_IDENTITE_A_COMPLETER
N09.F,Novus Holdings Ltd.           R,Allemagne,NON,SOURCES_OFFICIELLES_ET_IDENTITE_A_COMPLETER
QAT2.F,Stabilis Solutions Inc.       R,Allemagne,NON,SOURCES_OFFICIELLES_ET_IDENTITE_A_COMPLETER
80Y.F,Wynnstay Group PLC            R,Allemagne,NON,SOURCES_OFFICIELLES_ET_IDENTITE_A_COMPLETER
H9G.F,Hansard Global PLC            R,Allemagne,NON,SOURCES_OFFICIELLES_ET_IDENTITE_A_COMPLETER
UH9.F,Beyond Oil Ltd.               R,Allemagne,NON,SOURCES_OFFICIELLES_ET_IDENTITE_A_COMPLETER
FZ70.F,Brazilian Critical Miner. Ltd.R,Allemagne,NON,SOURCES_OFFICIELLES_ET_IDENTITE_A_COMPLETER
NYY.F,NWF Group PLC                 R,Allemagne,NON,SOURCES_OFFICIELLES_ET_IDENTITE_A_COMPLETER
SJY.F,Golden Bridge Group Hldgs.Ltd.R,Allemagne,NON,SOURCES_OFFICIELLES_ET_IDENTITE_A_COMPLETER
JMD.F,Jp.Medi.Dynamic Marketing Inc.R,Allemagne,NON,SOURCES_OFFICIELLES_ET_IDENTITE_A_COMPLETER
4U8.F,Inspired Entertainment Inc.   R,Allemagne,NON,SOURCES_OFFICIELLES_ET_IDENTITE_A_COMPLETER
2U0.F,SOGECLAIR S.A.                A,Allemagne,NON,SOURCES_OFFICIELLES_ET_IDENTITE_A_COMPLETER
RT70.F,Brave Bison Group PLC         R,Allemagne,NON,SOURCES_OFFICIELLES_ET_IDENTITE_A_COMPLETER
Y2O.F,Papoutsanis S.A.              N,Allemagne,NON,SOURCES_OFFICIELLES_ET_IDENTITE_A_COMPLETER
M36.F,Lemonsoft Oyj                 R,Allemagne,NON,SOURCES_OFFICIELLES_ET_IDENTITE_A_COMPLETER
H0U.F,Singular People S.A.          A,Allemagne,NON,SOURCES_OFFICIELLES_ET_IDENTITE_A_COMPLETER
42V.F,Braemar Hotels & Resorts Inc. R,Allemagne,NON,SOURCES_OFFICIELLES_ET_IDENTITE_A_COMPLETER
51J.F,VivoPower PLC                 R,Allemagne,NON,SOURCES_OFFICIELLES_ET_IDENTITE_A_COMPLETER
RNE1.F,Gaming Realms PLC             R,Allemagne,NON,SOURCES_OFFICIELLES_ET_IDENTITE_A_COMPLETER
CAG0.HM,Clere AG                      N,Allemagne,NON,SOURCES_OFFICIELLES_ET_IDENTITE_A_COMPLETER
2I6.F,Indel B S.p.A.                A,Allemagne,NON,SOURCES_OFFICIELLES_ET_IDENTITE_A_COMPLETER
TBCN.F,TVB Ltd.                      R,Allemagne,NON,SOURCES_OFFICIELLES_ET_IDENTITE_A_COMPLETER
K6V0.F,Unidata S.p.A.                A,Allemagne,NON,SOURCES_OFFICIELLES_ET_IDENTITE_A_COMPLETER
LYD.F,Intercede Group PLC           R,Allemagne,NON,SOURCES_OFFICIELLES_ET_IDENTITE_A_COMPLETER
D08.F,STIF                          A,Allemagne,NON,SOURCES_OFFICIELLES_ET_IDENTITE_A_COMPLETER
PN21.F,Patriot Bank N.A.             R,Allemagne,NON,SOURCES_OFFICIELLES_ET_IDENTITE_A_COMPLETER
YC0.F,Great Boulder Resources Ltd   R,Allemagne,NON,SOURCES_OFFICIELLES_ET_IDENTITE_A_COMPLETER
2CS.F,China Silver Group Ltd        R,Allemagne,NON,SOURCES_OFFICIELLES_ET_IDENTITE_A_COMPLETER
P731.F,Medexus Pharmaceuticals Inc.  R,Allemagne,NON,SOURCES_OFFICIELLES_ET_IDENTITE_A_COMPLETER
H7C.F,Star Holdings                 R,Allemagne,NON,SOURCES_OFFICIELLES_ET_IDENTITE_A_COMPLETER
9P60.F,Blue Ant Media Corp.          R,Allemagne,NON,SOURCES_OFFICIELLES_ET_IDENTITE_A_COMPLETER
8KS.F,Lumi Gruppen AS               N,Allemagne,NON,SOURCES_OFFICIELLES_ET_IDENTITE_A_COMPLETER
Q51.F,Altea Green Power S.p.A.      A,Allemagne,NON,SOURCES_OFFICIELLES_ET_IDENTITE_A_COMPLETER
B4V.F,ArcticZymes Technologies ASA  N,Allemagne,NON,SOURCES_OFFICIELLES_ET_IDENTITE_A_COMPLETER
DJX.F,PISCINES DESJOYAUX S.A.       A,Allemagne,NON,SOURCES_OFFICIELLES_ET_IDENTITE_A_COMPLETER
TUQ1.F,Tucows Inc.                   R,Allemagne,NON,SOURCES_OFFICIELLES_ET_IDENTITE_A_COMPLETER
KI9A.F,Anpario PLC                   R,Allemagne,NON,SOURCES_OFFICIELLES_ET_IDENTITE_A_COMPLETER
LFX.F,La Francaise de L'Energie     A,Allemagne,NON,SOURCES_OFFICIELLES_ET_IDENTITE_A_COMPLETER
9V0.F,Hardide PLC                   R,Allemagne,NON,SOURCES_OFFICIELLES_ET_IDENTITE_A_COMPLETER
88A.F,Ateam Holdings Co. Ltd.       R,Allemagne,NON,SOURCES_OFFICIELLES_ET_IDENTITE_A_COMPLETER
VAD.F,SCP Standard Cap.Partners AG  I,Allemagne,NON,SOURCES_OFFICIELLES_ET_IDENTITE_A_COMPLETER
17V.F,Venture Life Group PLC        R,Allemagne,NON,SOURCES_OFFICIELLES_ET_IDENTITE_A_COMPLETER
AD5.F,Advanced Engineered Materials R,Allemagne,NON,SOURCES_OFFICIELLES_ET_IDENTITE_A_COMPLETER
BOV.F,Apyx Medical Corp.            R,Allemagne,NON,SOURCES_OFFICIELLES_ET_IDENTITE_A_COMPLETER
9K0.F,Avation PLC                   R,Allemagne,NON,SOURCES_OFFICIELLES_ET_IDENTITE_A_COMPLETER
GHH.F,Geox S.p.A.                   A,Allemagne,NON,SOURCES_OFFICIELLES_ET_IDENTITE_A_COMPLETER
90N.F,AFYREN SAS                    A,Allemagne,NON,SOURCES_OFFICIELLES_ET_IDENTITE_A_COMPLETER
5GO.F,Shimao Services Holdings Ltd. R,Allemagne,NON,SOURCES_OFFICIELLES_ET_IDENTITE_A_COMPLETER
3S7.F,Syrah Resources Ltd.          R,Allemagne,NON,SOURCES_OFFICIELLES_ET_IDENTITE_A_COMPLETER
LYG.F,IG Design Group PLC           R,Allemagne,NON,SOURCES_OFFICIELLES_ET_IDENTITE_A_COMPLETER
918.F,SoundThinking Inc.            R,Allemagne,NON,SOURCES_OFFICIELLES_ET_IDENTITE_A_COMPLETER
NO9.MU,NORCOD AS                     N,Allemagne,NON,SOURCES_OFFICIELLES_ET_IDENTITE_A_COMPLETER
HD8.F,AS Harju Elekter              R,Allemagne,NON,SOURCES_OFFICIELLES_ET_IDENTITE_A_COMPLETER
6YD0.F,Redcentric PLC                R,Allemagne,NON,SOURCES_OFFICIELLES_ET_IDENTITE_A_COMPLETER
42U.F,Enersense International OYJ.  R,Allemagne,NON,SOURCES_OFFICIELLES_ET_IDENTITE_A_COMPLETER
C7UA.F,Calida Holding AG             N,Allemagne,NON,SOURCES_OFFICIELLES_ET_IDENTITE_A_COMPLETER
ULB.F,Ultralife Corp.               R,Allemagne,NON,SOURCES_OFFICIELLES_ET_IDENTITE_A_COMPLETER
BPA0.F,Banca Profilo S.p.A.          A,Allemagne,NON,SOURCES_OFFICIELLES_ET_IDENTITE_A_COMPLETER
LLI.F,LAKELAND INDUSTRIES INC.      R,Allemagne,NON,SOURCES_OFFICIELLES_ET_IDENTITE_A_COMPLETER
96M.F,Gigante Salmon AS             N,Allemagne,NON,SOURCES_OFFICIELLES_ET_IDENTITE_A_COMPLETER
2MK.F,Klingelnberg AG               N,Allemagne,NON,SOURCES_OFFICIELLES_ET_IDENTITE_A_COMPLETER
MYE0.F,MaxCyte Inc.                  R,Allemagne,NON,SOURCES_OFFICIELLES_ET_IDENTITE_A_COMPLETER
0KP.F,Bulgarian Stock Exchange (BSE)R,Allemagne,NON,SOURCES_OFFICIELLES_ET_IDENTITE_A_COMPLETER
TJ9.F,Cityvarasto OY                R,Allemagne,NON,SOURCES_OFFICIELLES_ET_IDENTITE_A_COMPLETER
0JL.SG,Alumasc Group PLC,Allemagne,NON,SOURCES_OFFICIELLES_ET_IDENTITE_A_COMPLETER
S9S.F,IPAS Indexo                   B,Allemagne,NON,SOURCES_OFFICIELLES_ET_IDENTITE_A_COMPLETER
1LFA.F,LexinFintech Holdings Ltd.    R,Allemagne,NON,SOURCES_OFFICIELLES_ET_IDENTITE_A_COMPLETER
7OC0.F,Insight Molecular Diagno. Inc.R,Allemagne,NON,SOURCES_OFFICIELLES_ET_IDENTITE_A_COMPLETER
YMI.F,Yellow Pages Ltd.             R,Allemagne,NON,SOURCES_OFFICIELLES_ET_IDENTITE_A_COMPLETER
D13.F,DIRTT Environmen.Solutions LtdR,Allemagne,NON,SOURCES_OFFICIELLES_ET_IDENTITE_A_COMPLETER
6UH.F,Ionic Rare Earths Ltd.        R,Allemagne,NON,SOURCES_OFFICIELLES_ET_IDENTITE_A_COMPLETER
21V.F,Terra Metals Ltd.             R,Allemagne,NON,SOURCES_OFFICIELLES_ET_IDENTITE_A_COMPLETER
918.SG,Shotspotter Inc.,Allemagne,NON,SOURCES_OFFICIELLES_ET_IDENTITE_A_COMPLETER
26U.F,Curatis Holding AG            V,Allemagne,NON,SOURCES_OFFICIELLES_ET_IDENTITE_A_COMPLETER
4HB.F,Honghua Group Ltd.            R,Allemagne,NON,SOURCES_OFFICIELLES_ET_IDENTITE_A_COMPLETER
7FA0.F,KULR Technology Group Inc.    R,Allemagne,NON,SOURCES_OFFICIELLES_ET_IDENTITE_A_COMPLETER
6W8.F,Empire Petroleum Corp.        R,Allemagne,NON,SOURCES_OFFICIELLES_ET_IDENTITE_A_COMPLETER
I8O.F,Jutal Offshore Oil Services LtR,Allemagne,NON,SOURCES_OFFICIELLES_ET_IDENTITE_A_COMPLETER
RJR1.F,Stereotaxis Inc.              R,Allemagne,NON,SOURCES_OFFICIELLES_ET_IDENTITE_A_COMPLETER
CW70.F,Shougang Century Holdings Ltd.R,Allemagne,NON,SOURCES_OFFICIELLES_ET_IDENTITE_A_COMPLETER
4RO.F,Roots Corp.                   R,Allemagne,NON,SOURCES_OFFICIELLES_ET_IDENTITE_A_COMPLETER
73Z.F,Ellington Credit Co.          R,Allemagne,NON,SOURCES_OFFICIELLES_ET_IDENTITE_A_COMPLETER
4W3.F,West Wits Mining Ltd.         R,Allemagne,NON,SOURCES_OFFICIELLES_ET_IDENTITE_A_COMPLETER
VK2.SG,Aurskog Sparebank,Allemagne,NON,SOURCES_OFFICIELLES_ET_IDENTITE_A_COMPLETER
MKU0.F,Peking University Res(Hldgs)CoR,Allemagne,NON,SOURCES_OFFICIELLES_ET_IDENTITE_A_COMPLETER
VON.F,Vocento                       A,Allemagne,NON,SOURCES_OFFICIELLES_ET_IDENTITE_A_COMPLETER
67N0.F,Edding Genor Group Hldgs. Ltd.R,Allemagne,NON,SOURCES_OFFICIELLES_ET_IDENTITE_A_COMPLETER
KUD.F,KUDELSKI S.A.                 I,Allemagne,NON,SOURCES_OFFICIELLES_ET_IDENTITE_A_COMPLETER
M3K0.F,Mig Holdings S.A.             N,Allemagne,NON,SOURCES_OFFICIELLES_ET_IDENTITE_A_COMPLETER
RBW.F,ROBERT WALTERS PLC            R,Allemagne,NON,SOURCES_OFFICIELLES_ET_IDENTITE_A_COMPLETER
O8V.F,Gala Technology Holding Ltd.  R,Allemagne,NON,SOURCES_OFFICIELLES_ET_IDENTITE_A_COMPLETER
PUD.F,Pulse Seismic Inc.            R,Allemagne,NON,SOURCES_OFFICIELLES_ET_IDENTITE_A_COMPLETER
51B.F,Bioventix PLC                 R,Allemagne,NON,SOURCES_OFFICIELLES_ET_IDENTITE_A_COMPLETER
NWF0.F,Western Forest Products Inc.  R,Allemagne,NON,SOURCES_OFFICIELLES_ET_IDENTITE_A_COMPLETER
5A40.F,Orion Energy Systems Inc.     R,Allemagne,NON,SOURCES_OFFICIELLES_ET_IDENTITE_A_COMPLETER
AX1.F,Sipai Health Technology Co.LtdR,Allemagne,NON,SOURCES_OFFICIELLES_ET_IDENTITE_A_COMPLETER
88J.F,COMPAGNIE LEBON S.A.          A,Allemagne,NON,SOURCES_OFFICIELLES_ET_IDENTITE_A_COMPLETER
6WT.F,Tongdao Liepin Group Co. Ltd. R,Allemagne,NON,SOURCES_OFFICIELLES_ET_IDENTITE_A_COMPLETER
KUL.MU,KULMBACHER BRAUEREI AG        I,Allemagne,NON,SOURCES_OFFICIELLES_ET_IDENTITE_A_COMPLETER
RTE.F,RTX A/S                       N,Allemagne,NON,SOURCES_OFFICIELLES_ET_IDENTITE_A_COMPLETER
PAJA.F,GLINTT-Gl.Intellig.Technol.SA A,Allemagne,NON,SOURCES_OFFICIELLES_ET_IDENTITE_A_COMPLETER
SCP.F,Scancell Holdings PLC         R,Allemagne,NON,SOURCES_OFFICIELLES_ET_IDENTITE_A_COMPLETER
36A.F,Unifi Inc.                    R,Allemagne,NON,SOURCES_OFFICIELLES_ET_IDENTITE_A_COMPLETER
6TI.SG,Frasers Property (Thailand) Ltd,Allemagne,NON,SOURCES_OFFICIELLES_ET_IDENTITE_A_COMPLETER
4ER.F,Fenix Resources Ltd.          R,Allemagne,NON,SOURCES_OFFICIELLES_ET_IDENTITE_A_COMPLETER
6DT.F,Detection Technology Oyj      R,Allemagne,NON,SOURCES_OFFICIELLES_ET_IDENTITE_A_COMPLETER
WZ2.F,Keep Inc.                     R,Allemagne,NON,SOURCES_OFFICIELLES_ET_IDENTITE_A_COMPLETER
6YH.F,Sopharma Trading AD           R,Allemagne,NON,SOURCES_OFFICIELLES_ET_IDENTITE_A_COMPLETER
5VT0.F,vTv Therapeutics Inc.         R,Allemagne,NON,SOURCES_OFFICIELLES_ET_IDENTITE_A_COMPLETER
T28.F,Audioboom Group PLC           R,Allemagne,NON,SOURCES_OFFICIELLES_ET_IDENTITE_A_COMPLETER
6LY.F,Wuling Motors Holdings Ltd.   R,Allemagne,NON,SOURCES_OFFICIELLES_ET_IDENTITE_A_COMPLETER
DF5B.F,Duro Felguera S.A.            A,Allemagne,NON,SOURCES_OFFICIELLES_ET_IDENTITE_A_COMPLETER
NVAI.F,Loxley PCL                    R,Allemagne,NON,SOURCES_OFFICIELLES_ET_IDENTITE_A_COMPLETER
9WR.F,OMER S.P.A.                   A,Allemagne,NON,SOURCES_OFFICIELLES_ET_IDENTITE_A_COMPLETER
49Q.DU,ZenaTech Inc.                 R,Allemagne,NON,SOURCES_OFFICIELLES_ET_IDENTITE_A_COMPLETER
CJB.F,Carnarvon Energy Ltd.         R,Allemagne,NON,SOURCES_OFFICIELLES_ET_IDENTITE_A_COMPLETER
1KC.F,Western Investment Company of R,Allemagne,NON,SOURCES_OFFICIELLES_ET_IDENTITE_A_COMPLETER
4CN.F,Team Internet Group PLC       R,Allemagne,NON,SOURCES_OFFICIELLES_ET_IDENTITE_A_COMPLETER
K7N.F,Rizhao Port Jurong Co. Ltd.   R,Allemagne,NON,SOURCES_OFFICIELLES_ET_IDENTITE_A_COMPLETER
26Q.F,Aqualis ASA                   N,Allemagne,NON,SOURCES_OFFICIELLES_ET_IDENTITE_A_COMPLETER
8MN.F,Linmon Media Ltd.             R,Allemagne,NON,SOURCES_OFFICIELLES_ET_IDENTITE_A_COMPLETER
HRT.F,SHERRITT INTERNATIONAL CORP.  R,Allemagne,NON,SOURCES_OFFICIELLES_ET_IDENTITE_A_COMPLETER
LQG.F,Accesso Technology Group PLC  R,Allemagne,NON,SOURCES_OFFICIELLES_ET_IDENTITE_A_COMPLETER
9RT.F,BETR Entertainment Ltd.       R,Allemagne,NON,SOURCES_OFFICIELLES_ET_IDENTITE_A_COMPLETER
O5U.F,GoldMoney Inc.                R,Allemagne,NON,SOURCES_OFFICIELLES_ET_IDENTITE_A_COMPLETER
SJ60.F,Victory Metals Ltd.           R,Allemagne,NON,SOURCES_OFFICIELLES_ET_IDENTITE_A_COMPLETER
XXH.F,SSH Communications Securit.OyjR,Allemagne,NON,SOURCES_OFFICIELLES_ET_IDENTITE_A_COMPLETER
GJ60.F,Komplett ASA                  N,Allemagne,NON,SOURCES_OFFICIELLES_ET_IDENTITE_A_COMPLETER
PAJA.SG,Glintt - Global Intelligent Tec,Allemagne,NON,SOURCES_OFFICIELLES_ET_IDENTITE_A_COMPLETER
6W7.F,Aquafil S.p.A.                A,Allemagne,NON,SOURCES_OFFICIELLES_ET_IDENTITE_A_COMPLETER
C7B.F,China New City Commer.Dev.Ltd.R,Allemagne,NON,SOURCES_OFFICIELLES_ET_IDENTITE_A_COMPLETER
52U.F,Hyloris Pharmaceutic. S.A.    A,Allemagne,NON,SOURCES_OFFICIELLES_ET_IDENTITE_A_COMPLETER
8CN.F,China New Higher Ed.Grp Ltd.  R,Allemagne,NON,SOURCES_OFFICIELLES_ET_IDENTITE_A_COMPLETER
PC9.F,Decisive Dividend Corp.       R,Allemagne,NON,SOURCES_OFFICIELLES_ET_IDENTITE_A_COMPLETER
B94.F,6K Additive Inc.              R,Allemagne,NON,SOURCES_OFFICIELLES_ET_IDENTITE_A_COMPLETER
GGI1.F,Beijing Energy Int.Hld.Co.Ltd.R,Allemagne,NON,SOURCES_OFFICIELLES_ET_IDENTITE_A_COMPLETER
DM5.F,DMC Global Inc.               R,Allemagne,NON,SOURCES_OFFICIELLES_ET_IDENTITE_A_COMPLETER
W6O.F,Wintermar Offshore Marine TBK R,Allemagne,NON,SOURCES_OFFICIELLES_ET_IDENTITE_A_COMPLETER
LZO1.F,Societa Sportiva Lazio S.p.A. A,Allemagne,NON,SOURCES_OFFICIELLES_ET_IDENTITE_A_COMPLETER
3XU.F,Huijing Holdings Company Ltd  R,Allemagne,NON,SOURCES_OFFICIELLES_ET_IDENTITE_A_COMPLETER
B40.F,Tiny Ltd.                     R,Allemagne,NON,SOURCES_OFFICIELLES_ET_IDENTITE_A_COMPLETER
09B.F,lastminute.com NV             A,Allemagne,NON,SOURCES_OFFICIELLES_ET_IDENTITE_A_COMPLETER
OUY.F,Solid State PLC               R,Allemagne,NON,SOURCES_OFFICIELLES_ET_IDENTITE_A_COMPLETER
DR7.F,Hoyne Bancorp Inc.            R,Allemagne,NON,SOURCES_OFFICIELLES_ET_IDENTITE_A_COMPLETER
8YN.F,Currency Exchange Intl Corp.  R,Allemagne,NON,SOURCES_OFFICIELLES_ET_IDENTITE_A_COMPLETER
4T2.F,TRACSiS PLC                   R,Allemagne,NON,SOURCES_OFFICIELLES_ET_IDENTITE_A_COMPLETER
5NN.F,NNIT A/S                      N,Allemagne,NON,SOURCES_OFFICIELLES_ET_IDENTITE_A_COMPLETER
05S.F,Adriano Care Socimi SA        A,Allemagne,NON,SOURCES_OFFICIELLES_ET_IDENTITE_A_COMPLETER
WL8.F,Valsoia S.p.A.                A,Allemagne,NON,SOURCES_OFFICIELLES_ET_IDENTITE_A_COMPLETER
OA8.F,Enablence Technologies Inc.   R,Allemagne,NON,SOURCES_OFFICIELLES_ET_IDENTITE_A_COMPLETER
SY4.F,Ascent Industries Co.         R,Allemagne,NON,SOURCES_OFFICIELLES_ET_IDENTITE_A_COMPLETER
597.F,Bocom Internat. Hldgs.Co. Ltd.R,Allemagne,NON,SOURCES_OFFICIELLES_ET_IDENTITE_A_COMPLETER
T9CA.F,Team Inc.                     R,Allemagne,NON,SOURCES_OFFICIELLES_ET_IDENTITE_A_COMPLETER
5ZW.F,Helens International Holdings R,Allemagne,NON,SOURCES_OFFICIELLES_ET_IDENTITE_A_COMPLETER
RMP1.SG,RM PLC,Allemagne,NON,SOURCES_OFFICIELLES_ET_IDENTITE_A_COMPLETER
5I2.F,Gateley (Holdings) PLC        R,Allemagne,NON,SOURCES_OFFICIELLES_ET_IDENTITE_A_COMPLETER
UKC.F,CASH CONVERTERS INTERNATL LTD.R,Allemagne,NON,SOURCES_OFFICIELLES_ET_IDENTITE_A_COMPLETER
V5P.F,VYTRUS BIOTECH S.A.           A,Allemagne,NON,SOURCES_OFFICIELLES_ET_IDENTITE_A_COMPLETER
QIG.F,SIG PLC                       R,Allemagne,NON,SOURCES_OFFICIELLES_ET_IDENTITE_A_COMPLETER
MD8.F,Coast Entertainment Hold. Ltd.R,Allemagne,NON,SOURCES_OFFICIELLES_ET_IDENTITE_A_COMPLETER
6J4.F,AXYZ CO. LTD.                 R,Allemagne,NON,SOURCES_OFFICIELLES_ET_IDENTITE_A_COMPLETER
8YK.F,EXEL INDUSTRIES S.A.          A,Allemagne,NON,SOURCES_OFFICIELLES_ET_IDENTITE_A_COMPLETER
CQ1.F,Cygnus Metals Ltd.            R,Allemagne,NON,SOURCES_OFFICIELLES_ET_IDENTITE_A_COMPLETER
XEUA.F,KSH Holdings Ltd.             R,Allemagne,NON,SOURCES_OFFICIELLES_ET_IDENTITE_A_COMPLETER
RCO.F,RESOURCES CONNECTION INC.     R,Allemagne,NON,SOURCES_OFFICIELLES_ET_IDENTITE_A_COMPLETER
U7Y.F,GL-Carlink Technology Holding R,Allemagne,NON,SOURCES_OFFICIELLES_ET_IDENTITE_A_COMPLETER
5LC.F,Sicily by Car S.p.A.          A,Allemagne,NON,SOURCES_OFFICIELLES_ET_IDENTITE_A_COMPLETER
DW51.F,Aemetis Inc.                  R,Allemagne,NON,SOURCES_OFFICIELLES_ET_IDENTITE_A_COMPLETER
MDF.F,MEDIFAST INC.                 R,Allemagne,NON,SOURCES_OFFICIELLES_ET_IDENTITE_A_COMPLETER
3WY.F,Roadside Real Estate PLC      R,Allemagne,NON,SOURCES_OFFICIELLES_ET_IDENTITE_A_COMPLETER
19R.F,SRP Groupe                    A,Allemagne,NON,SOURCES_OFFICIELLES_ET_IDENTITE_A_COMPLETER
SD0.F,SDI Group PLC                 R,Allemagne,NON,SOURCES_OFFICIELLES_ET_IDENTITE_A_COMPLETER
2S1.F,AIRBOSS OF AMERICA CORP.      R,Allemagne,NON,SOURCES_OFFICIELLES_ET_IDENTITE_A_COMPLETER
8TY0.F,Exel Composites Oyj           R,Allemagne,NON,SOURCES_OFFICIELLES_ET_IDENTITE_A_COMPLETER
0N9.F,Patagonia Gold Corp.          R,Allemagne,NON,SOURCES_OFFICIELLES_ET_IDENTITE_A_COMPLETER
L97.F,Yonghe Medical Group Co. Ltd. R,Allemagne,NON,SOURCES_OFFICIELLES_ET_IDENTITE_A_COMPLETER
CBZ.F,Capral Ltd.                   R,Allemagne,NON,SOURCES_OFFICIELLES_ET_IDENTITE_A_COMPLETER
SOE1.F,Sanden Corp.                  R,Allemagne,NON,SOURCES_OFFICIELLES_ET_IDENTITE_A_COMPLETER
4LZ.F,Piquadro S.p.A.               A,Allemagne,NON,SOURCES_OFFICIELLES_ET_IDENTITE_A_COMPLETER
DY8.F,DouYu International Holdings LR,Allemagne,NON,SOURCES_OFFICIELLES_ET_IDENTITE_A_COMPLETER
9B4.F,Freelance.com                 A,Allemagne,NON,SOURCES_OFFICIELLES_ET_IDENTITE_A_COMPLETER
92I.F,Romerike Sparebank            N,Allemagne,NON,SOURCES_OFFICIELLES_ET_IDENTITE_A_COMPLETER
YY8.F,Stealth Group Holdings Ltd.   R,Allemagne,NON,SOURCES_OFFICIELLES_ET_IDENTITE_A_COMPLETER
5VB.F,Nykode Therapeutics ASA       N,Allemagne,NON,SOURCES_OFFICIELLES_ET_IDENTITE_A_COMPLETER
1ZV.F,AmeriTrust Fin.Technology Inc.R,Allemagne,NON,SOURCES_OFFICIELLES_ET_IDENTITE_A_COMPLETER
LYF.F,EKF Diagnostics Holdings PLC  R,Allemagne,NON,SOURCES_OFFICIELLES_ET_IDENTITE_A_COMPLETER
5YI.F,Nyxoah S.A.                   A,Allemagne,NON,SOURCES_OFFICIELLES_ET_IDENTITE_A_COMPLETER
KGR.F,LEWAG HOLDING AG              I,Allemagne,NON,SOURCES_OFFICIELLES_ET_IDENTITE_A_COMPLETER
NH7.SG,Netcare Ltd.,Allemagne,NON,SOURCES_OFFICIELLES_ET_IDENTITE_A_COMPLETER
11B.F,Advance Terrafund REIT        I,Allemagne,NON,SOURCES_OFFICIELLES_ET_IDENTITE_A_COMPLETER
1GK.F,GateKeeper Systems Inc.       R,Allemagne,NON,SOURCES_OFFICIELLES_ET_IDENTITE_A_COMPLETER
CAA.F,Cafom S.A.                    A,Allemagne,NON,SOURCES_OFFICIELLES_ET_IDENTITE_A_COMPLETER
KF60.F,Videndum PLC                  R,Allemagne,NON,SOURCES_OFFICIELLES_ET_IDENTITE_A_COMPLETER
E1V.MU,Eidesvik Offshore ASA         N,Allemagne,NON,SOURCES_OFFICIELLES_ET_IDENTITE_A_COMPLETER
5U2.F,CYBERTRUST JAPAN CO. LTD.     R,Allemagne,NON,SOURCES_OFFICIELLES_ET_IDENTITE_A_COMPLETER
6AU.F,"TBS Energi Utama Tbk, PT      R",Allemagne,NON,SOURCES_OFFICIELLES_ET_IDENTITE_A_COMPLETER
PCHP.F,SERI INDUSTRIAL S.p.A.        A,Allemagne,NON,SOURCES_OFFICIELLES_ET_IDENTITE_A_COMPLETER
WHE.F,Pacific Textiles Hldgs Ltd.   R,Allemagne,NON,SOURCES_OFFICIELLES_ET_IDENTITE_A_COMPLETER
EK4.F,EMAK S.P.A.                   A,Allemagne,NON,SOURCES_OFFICIELLES_ET_IDENTITE_A_COMPLETER
BDO.F,Clarus Corp.                  R,Allemagne,NON,SOURCES_OFFICIELLES_ET_IDENTITE_A_COMPLETER
LOO.F,Look Holdings Inc.            R,Allemagne,NON,SOURCES_OFFICIELLES_ET_IDENTITE_A_COMPLETER
CCDG.SG,Cal-Comp Electronics Thailand P,Allemagne,NON,SOURCES_OFFICIELLES_ET_IDENTITE_A_COMPLETER
7F9.F,Genesis Land Development Corp.R,Allemagne,NON,SOURCES_OFFICIELLES_ET_IDENTITE_A_COMPLETER
TPM0.F,Tonix Pharma. Holding Corp.   R,Allemagne,NON,SOURCES_OFFICIELLES_ET_IDENTITE_A_COMPLETER
8KH.F,Torex Semiconductor Ltd.      R,Allemagne,NON,SOURCES_OFFICIELLES_ET_IDENTITE_A_COMPLETER
KEBA.F,Kencana Agri Ltd.             R,Allemagne,NON,SOURCES_OFFICIELLES_ET_IDENTITE_A_COMPLETER
DGL.F,Dynagas LNG Partners L.P.     R,Allemagne,NON,SOURCES_OFFICIELLES_ET_IDENTITE_A_COMPLETER
5UP.F,KEYRUS S.A.                   A,Allemagne,NON,SOURCES_OFFICIELLES_ET_IDENTITE_A_COMPLETER
TC1.HM,Tele Columbus AG              N,Allemagne,NON,SOURCES_OFFICIELLES_ET_IDENTITE_A_COMPLETER
0LT.F,Leoch International TechnologyR,Allemagne,NON,SOURCES_OFFICIELLES_ET_IDENTITE_A_COMPLETER
0L3.F,Severfield PLC                R,Allemagne,NON,SOURCES_OFFICIELLES_ET_IDENTITE_A_COMPLETER
IF7.F,Iofina PLC                    R,Allemagne,NON,SOURCES_OFFICIELLES_ET_IDENTITE_A_COMPLETER
2YP.F,Health Catalyst Inc.          R,Allemagne,NON,SOURCES_OFFICIELLES_ET_IDENTITE_A_COMPLETER
MVX.F,Tata Steel (Thailand) PCL     R,Allemagne,NON,SOURCES_OFFICIELLES_ET_IDENTITE_A_COMPLETER
ACS.F,ATHENS MEDICAL CENTER S.A.    N,Allemagne,NON,SOURCES_OFFICIELLES_ET_IDENTITE_A_COMPLETER
1BHA.F,American Rare Earths Ltd.     R,Allemagne,NON,SOURCES_OFFICIELLES_ET_IDENTITE_A_COMPLETER
CI0.F,Aurrigo International PLC     R,Allemagne,NON,SOURCES_OFFICIELLES_ET_IDENTITE_A_COMPLETER
BDG.F,Beijing Urban Cons.D.+Dev.Grp R,Allemagne,NON,SOURCES_OFFICIELLES_ET_IDENTITE_A_COMPLETER
2U2.F,UBM Development AG            I,Allemagne,NON,SOURCES_OFFICIELLES_ET_IDENTITE_A_COMPLETER
PHS.F,PHOTOCURE ASA                 N,Allemagne,NON,SOURCES_OFFICIELLES_ET_IDENTITE_A_COMPLETER
3S8.F,North Media A/S               N,Allemagne,NON,SOURCES_OFFICIELLES_ET_IDENTITE_A_COMPLETER
ON6.F,HAIKI + S.p.A.                A,Allemagne,NON,SOURCES_OFFICIELLES_ET_IDENTITE_A_COMPLETER
37B.F,B&C Speakers S.p.A.           A,Allemagne,NON,SOURCES_OFFICIELLES_ET_IDENTITE_A_COMPLETER
IU8.MU,Zematijos Pienas AB           R,Allemagne,NON,SOURCES_OFFICIELLES_ET_IDENTITE_A_COMPLETER
BSG0.F,Atlantic Lithium Ltd.         R,Allemagne,NON,SOURCES_OFFICIELLES_ET_IDENTITE_A_COMPLETER
B2S.F,Banca Sistema S.p.A.          A,Allemagne,NON,SOURCES_OFFICIELLES_ET_IDENTITE_A_COMPLETER
9EM.F,Elementos Ltd.                R,Allemagne,NON,SOURCES_OFFICIELLES_ET_IDENTITE_A_COMPLETER
O3B.F,Yoma Strategic Holdings Ltd.  R,Allemagne,NON,SOURCES_OFFICIELLES_ET_IDENTITE_A_COMPLETER
WY2.F,YAMAYA CORP.                  R,Allemagne,NON,SOURCES_OFFICIELLES_ET_IDENTITE_A_COMPLETER
5M8.F,Mammoth Energy Services Inc.  R,Allemagne,NON,SOURCES_OFFICIELLES_ET_IDENTITE_A_COMPLETER
E7L.F,Euroz Hartleys Group Ltd.     R,Allemagne,NON,SOURCES_OFFICIELLES_ET_IDENTITE_A_COMPLETER
SO6.F,Hydreight Technologies Inc.   R,Allemagne,NON,SOURCES_OFFICIELLES_ET_IDENTITE_A_COMPLETER
SUO.F,CWT International Ltd.        R,Allemagne,NON,SOURCES_OFFICIELLES_ET_IDENTITE_A_COMPLETER
GM7.F,Gateway Mining Ltd.           R,Allemagne,NON,SOURCES_OFFICIELLES_ET_IDENTITE_A_COMPLETER
HKQ.F,China Vered Financial Holding R,Allemagne,NON,SOURCES_OFFICIELLES_ET_IDENTITE_A_COMPLETER
8OT.F,Douglas Elliman Inc.          R,Allemagne,NON,SOURCES_OFFICIELLES_ET_IDENTITE_A_COMPLETER
3AC.F,Actinogen Medical Ltd.        R,Allemagne,NON,SOURCES_OFFICIELLES_ET_IDENTITE_A_COMPLETER
3WQ0.F,Kenorland Minerals Ltd.       R,Allemagne,NON,SOURCES_OFFICIELLES_ET_IDENTITE_A_COMPLETER
SE0.F,Golden Matrix Group Inc.      R,Allemagne,NON,SOURCES_OFFICIELLES_ET_IDENTITE_A_COMPLETER
PLJ2.F,Playmates Holdings Ltd.       R,Allemagne,NON,SOURCES_OFFICIELLES_ET_IDENTITE_A_COMPLETER
84F.F,Norsk Titanium AS             N,Allemagne,NON,SOURCES_OFFICIELLES_ET_IDENTITE_A_COMPLETER
V3S.HM,Vectron Systems AG            I,Allemagne,NON,SOURCES_OFFICIELLES_ET_IDENTITE_A_COMPLETER
G1V.F,MC Mining Ltd.                R,Allemagne,NON,SOURCES_OFFICIELLES_ET_IDENTITE_A_COMPLETER
QIN.F,Qingling Motors Co. Ltd.      R,Allemagne,NON,SOURCES_OFFICIELLES_ET_IDENTITE_A_COMPLETER
EGCA.F,eGain Corp.                   R,Allemagne,NON,SOURCES_OFFICIELLES_ET_IDENTITE_A_COMPLETER
22T.F,Oxford Square Capital Corp.   R,Allemagne,NON,SOURCES_OFFICIELLES_ET_IDENTITE_A_COMPLETER
2NH.F,Naturhouse Health S.A.        A,Allemagne,NON,SOURCES_OFFICIELLES_ET_IDENTITE_A_COMPLETER
17F.F,FDM Group (Holdings) PLC      R,Allemagne,NON,SOURCES_OFFICIELLES_ET_IDENTITE_A_COMPLETER
I15.F,Telematik Interaktiv BalgariyaR,Allemagne,NON,SOURCES_OFFICIELLES_ET_IDENTITE_A_COMPLETER
CI0.SG,Aurrigo International PLC,Allemagne,NON,SOURCES_OFFICIELLES_ET_IDENTITE_A_COMPLETER
1GJ.F,First Guaranty Bancshares Inc.R,Allemagne,NON,SOURCES_OFFICIELLES_ET_IDENTITE_A_COMPLETER
8NW.F,Newton Resources Ltd          R,Allemagne,NON,SOURCES_OFFICIELLES_ET_IDENTITE_A_COMPLETER
65T.F,Fountaine Pajot SA            A,Allemagne,NON,SOURCES_OFFICIELLES_ET_IDENTITE_A_COMPLETER
VAU.F,Varia US Properties AG        V,Allemagne,NON,SOURCES_OFFICIELLES_ET_IDENTITE_A_COMPLETER
FZS.F,Fleetwood Ltd.                R,Allemagne,NON,SOURCES_OFFICIELLES_ET_IDENTITE_A_COMPLETER
7YM.F,NSE S.A.                      A,Allemagne,NON,SOURCES_OFFICIELLES_ET_IDENTITE_A_COMPLETER
B46.F,Intron Technology Holdings LtdR,Allemagne,NON,SOURCES_OFFICIELLES_ET_IDENTITE_A_COMPLETER
KX4A.F,KLX Energy Services Hldgs Inc.R,Allemagne,NON,SOURCES_OFFICIELLES_ET_IDENTITE_A_COMPLETER
WPK.F,Warehouses Estates Belgium SA A,Allemagne,NON,SOURCES_OFFICIELLES_ET_IDENTITE_A_COMPLETER
FXG.F,Foxtons Group PLC             R,Allemagne,NON,SOURCES_OFFICIELLES_ET_IDENTITE_A_COMPLETER
A10.F,Invinity Energy Systems Ltd.  R,Allemagne,NON,SOURCES_OFFICIELLES_ET_IDENTITE_A_COMPLETER
KN6.F,KGL Resources Ltd.            R,Allemagne,NON,SOURCES_OFFICIELLES_ET_IDENTITE_A_COMPLETER
C7D.F,Chanjet Inform.Techn.Co.Ltd.  R,Allemagne,NON,SOURCES_OFFICIELLES_ET_IDENTITE_A_COMPLETER
PWE.F,PW Medtech Group Ltd.         R,Allemagne,NON,SOURCES_OFFICIELLES_ET_IDENTITE_A_COMPLETER
27V0.F,Avantium N.V.                 B,Allemagne,NON,SOURCES_OFFICIELLES_ET_IDENTITE_A_COMPLETER
T04.F,Titomic Ltd                   R,Allemagne,NON,SOURCES_OFFICIELLES_ET_IDENTITE_A_COMPLETER
QZ2.F,Dexelance S.p.A.              A,Allemagne,NON,SOURCES_OFFICIELLES_ET_IDENTITE_A_COMPLETER
91X.F,Gevorkyan s.r.o.              N,Allemagne,NON,SOURCES_OFFICIELLES_ET_IDENTITE_A_COMPLETER
G12.F,Global Atomic Corp.           R,Allemagne,NON,SOURCES_OFFICIELLES_ET_IDENTITE_A_COMPLETER
F5L.F,Humm Group Ltd.               R,Allemagne,NON,SOURCES_OFFICIELLES_ET_IDENTITE_A_COMPLETER
957.F,Digital Hearts Holdings Co.LtdR,Allemagne,NON,SOURCES_OFFICIELLES_ET_IDENTITE_A_COMPLETER
29C1.F,CareRx Corp.                  R,Allemagne,NON,SOURCES_OFFICIELLES_ET_IDENTITE_A_COMPLETER
QC8.F,H-Power Plc                   R,Allemagne,NON,SOURCES_OFFICIELLES_ET_IDENTITE_A_COMPLETER
2QR.F,QRF CVA                       A,Allemagne,NON,SOURCES_OFFICIELLES_ET_IDENTITE_A_COMPLETER
0B0.F,CBo Territoria                A,Allemagne,NON,SOURCES_OFFICIELLES_ET_IDENTITE_A_COMPLETER
SI7.F,SIFCO INDUSTRIES INC.         R,Allemagne,NON,SOURCES_OFFICIELLES_ET_IDENTITE_A_COMPLETER
ELI.F,Vera Bradley Inc.             R,Allemagne,NON,SOURCES_OFFICIELLES_ET_IDENTITE_A_COMPLETER
1X4.F,Motorpoint Group PLC          R,Allemagne,NON,SOURCES_OFFICIELLES_ET_IDENTITE_A_COMPLETER
0CY.F,Masi Agricola S.p.A.          A,Allemagne,NON,SOURCES_OFFICIELLES_ET_IDENTITE_A_COMPLETER
OCS1.F,Pharos Energy PLC             R,Allemagne,NON,SOURCES_OFFICIELLES_ET_IDENTITE_A_COMPLETER
EP7.F,Evolution Petroleum Corp.     R,Allemagne,NON,SOURCES_OFFICIELLES_ET_IDENTITE_A_COMPLETER
TG1N.F,Armata Pharmaceuticals Inc.   R,Allemagne,NON,SOURCES_OFFICIELLES_ET_IDENTITE_A_COMPLETER
PJ4A.F,ReposiTrak Inc.               R,Allemagne,NON,SOURCES_OFFICIELLES_ET_IDENTITE_A_COMPLETER
BI2.F,BIESSE S.P.A.                 A,Allemagne,NON,SOURCES_OFFICIELLES_ET_IDENTITE_A_COMPLETER
5QA.F,DUG Technology Ltd.           R,Allemagne,NON,SOURCES_OFFICIELLES_ET_IDENTITE_A_COMPLETER
HC2.F,HURCO COMPANIES INC.          R,Allemagne,NON,SOURCES_OFFICIELLES_ET_IDENTITE_A_COMPLETER
B0Z.F,Redelfi S.p.A.                A,Allemagne,NON,SOURCES_OFFICIELLES_ET_IDENTITE_A_COMPLETER
Y87.F,Golconda Gold Ltd.            R,Allemagne,NON,SOURCES_OFFICIELLES_ET_IDENTITE_A_COMPLETER
69R.F,Appear ASA                    R,Allemagne,NON,SOURCES_OFFICIELLES_ET_IDENTITE_A_COMPLETER
Y96.F,Nations Royalty Corp.         R,Allemagne,NON,SOURCES_OFFICIELLES_ET_IDENTITE_A_COMPLETER
GMWA.F,Boab Metals Ltd.              R,Allemagne,NON,SOURCES_OFFICIELLES_ET_IDENTITE_A_COMPLETER
VT6.F,Voyager Therapeutics Inc.     R,Allemagne,NON,SOURCES_OFFICIELLES_ET_IDENTITE_A_COMPLETER
QS0.F,Silver Crown Royalties Inc.   R,Allemagne,NON,SOURCES_OFFICIELLES_ET_IDENTITE_A_COMPLETER
1ON.F,Huckleberry.ai Inc.           R,Allemagne,NON,SOURCES_OFFICIELLES_ET_IDENTITE_A_COMPLETER
I49.F,Master Drilling Group Ltd.    R,Allemagne,NON,SOURCES_OFFICIELLES_ET_IDENTITE_A_COMPLETER
0WT.F,Kanamic Network Co. LTD.      R,Allemagne,NON,SOURCES_OFFICIELLES_ET_IDENTITE_A_COMPLETER
N4Q1.F,Hemisphere Energy Corp.       R,Allemagne,NON,SOURCES_OFFICIELLES_ET_IDENTITE_A_COMPLETER
4LX.F,General de Alquiler de M. S.A.A,Allemagne,NON,SOURCES_OFFICIELLES_ET_IDENTITE_A_COMPLETER
GW7.F,Fais Holding S.A.             N,Allemagne,NON,SOURCES_OFFICIELLES_ET_IDENTITE_A_COMPLETER
5RG.F,Altair Minerals Ltd.          R,Allemagne,NON,SOURCES_OFFICIELLES_ET_IDENTITE_A_COMPLETER
MUT3.F,MINERALBR.UEBERK.-VZ-,Allemagne,NON,SOURCES_OFFICIELLES_ET_IDENTITE_A_COMPLETER
8CB0.F,Cannara Biotech Inc.          R,Allemagne,NON,SOURCES_OFFICIELLES_ET_IDENTITE_A_COMPLETER
1EH.F,Dominion Hosting Hldg S.p.A.  A,Allemagne,NON,SOURCES_OFFICIELLES_ET_IDENTITE_A_COMPLETER
WW60.F,WW International Inc.         R,Allemagne,NON,SOURCES_OFFICIELLES_ET_IDENTITE_A_COMPLETER
0O9.F,Niu Technologies              R,Allemagne,NON,SOURCES_OFFICIELLES_ET_IDENTITE_A_COMPLETER
44N.F,ZUIKO CORP.                   R,Allemagne,NON,SOURCES_OFFICIELLES_ET_IDENTITE_A_COMPLETER
OCC.F,Optical Cable Corp.           R,Allemagne,NON,SOURCES_OFFICIELLES_ET_IDENTITE_A_COMPLETER
LE70.F,Lee Enterprises Inc.          R,Allemagne,NON,SOURCES_OFFICIELLES_ET_IDENTITE_A_COMPLETER
S3T.F,Shutterstock Inc.             R,Allemagne,NON,SOURCES_OFFICIELLES_ET_IDENTITE_A_COMPLETER
8F5.F,Eagle Bancorp Montana Inc.    R,Allemagne,NON,SOURCES_OFFICIELLES_ET_IDENTITE_A_COMPLETER
HSW.F,Hostelworld Group PLC         R,Allemagne,NON,SOURCES_OFFICIELLES_ET_IDENTITE_A_COMPLETER
S2Y.F,Digia Oyj                     R,Allemagne,NON,SOURCES_OFFICIELLES_ET_IDENTITE_A_COMPLETER
X1B.F,HAFFNER ENERGY S.A.           A,Allemagne,NON,SOURCES_OFFICIELLES_ET_IDENTITE_A_COMPLETER
R9L.F,ACRES Commercial Realty Corp. R,Allemagne,NON,SOURCES_OFFICIELLES_ET_IDENTITE_A_COMPLETER
ID9.F,Helloworld Travel Ltd.        R,Allemagne,NON,SOURCES_OFFICIELLES_ET_IDENTITE_A_COMPLETER
XPK.F,White Energy Co. Ltd.         R,Allemagne,NON,SOURCES_OFFICIELLES_ET_IDENTITE_A_COMPLETER
J97.F,EKTER S.A.                    N,Allemagne,NON,SOURCES_OFFICIELLES_ET_IDENTITE_A_COMPLETER
6DU.F,Duluth Holdings Inc.          R,Allemagne,NON,SOURCES_OFFICIELLES_ET_IDENTITE_A_COMPLETER
WAY.F,Shenwan Hongyuan (H.K.) Ltd.  R,Allemagne,NON,SOURCES_OFFICIELLES_ET_IDENTITE_A_COMPLETER
M9X.F,WhiteHorse Finance Inc.       R,Allemagne,NON,SOURCES_OFFICIELLES_ET_IDENTITE_A_COMPLETER
25D.F,TRIFAST PLC                   R,Allemagne,NON,SOURCES_OFFICIELLES_ET_IDENTITE_A_COMPLETER
EWC.SG,Chaowei Power Holdings Ltd,Allemagne,NON,SOURCES_OFFICIELLES_ET_IDENTITE_A_COMPLETER
JNY.F,JW (Cayman) Therapeut. Co. LtdR,Allemagne,NON,SOURCES_OFFICIELLES_ET_IDENTITE_A_COMPLETER
LKT.F,Lucara Diamond Corp.          R,Allemagne,NON,SOURCES_OFFICIELLES_ET_IDENTITE_A_COMPLETER
EAQ.F,EASTERN CO. THE               R,Allemagne,NON,SOURCES_OFFICIELLES_ET_IDENTITE_A_COMPLETER
OA5.F,Dynacor Group Inc.            R,Allemagne,NON,SOURCES_OFFICIELLES_ET_IDENTITE_A_COMPLETER
ZHY.F,Zhou Hei Ya Intrn. Hld.Co.Ltd R,Allemagne,NON,SOURCES_OFFICIELLES_ET_IDENTITE_A_COMPLETER
6C4.F,Chimimport JSC                R,Allemagne,NON,SOURCES_OFFICIELLES_ET_IDENTITE_A_COMPLETER
AYD.SG,Assistance Technique et Etudes,Allemagne,NON,SOURCES_OFFICIELLES_ET_IDENTITE_A_COMPLETER
MZ3.SG,Sparebank 1 Nordmore,Allemagne,NON,SOURCES_OFFICIELLES_ET_IDENTITE_A_COMPLETER
8JC.F,Metallium Ltd.                R,Allemagne,NON,SOURCES_OFFICIELLES_ET_IDENTITE_A_COMPLETER
5YU0.F,Sinclair Gold Ltd.            R,Allemagne,NON,SOURCES_OFFICIELLES_ET_IDENTITE_A_COMPLETER
M7P.F,Intred S.p.A.                 A,Allemagne,NON,SOURCES_OFFICIELLES_ET_IDENTITE_A_COMPLETER
WUG.HM,Westag AG                     I,Allemagne,NON,SOURCES_OFFICIELLES_ET_IDENTITE_A_COMPLETER
9Z9.SG,Castings PLC,Allemagne,NON,SOURCES_OFFICIELLES_ET_IDENTITE_A_COMPLETER
WM8.SG,Grigeo AB,Allemagne,NON,SOURCES_OFFICIELLES_ET_IDENTITE_A_COMPLETER
SJ4A.F,TEXAF S.A.                    A,Allemagne,NON,SOURCES_OFFICIELLES_ET_IDENTITE_A_COMPLETER
P4N.F,POLYTEC Holding AG            I,Allemagne,NON,SOURCES_OFFICIELLES_ET_IDENTITE_A_COMPLETER
3W4.F,Waterco Ltd.                  R,Allemagne,NON,SOURCES_OFFICIELLES_ET_IDENTITE_A_COMPLETER
4QK.F,Codexis Inc.                  R,Allemagne,NON,SOURCES_OFFICIELLES_ET_IDENTITE_A_COMPLETER
6IO.F,Inogen Inc.                   R,Allemagne,NON,SOURCES_OFFICIELLES_ET_IDENTITE_A_COMPLETER
S5B0.F,Fjord Defence Group ASA       N,Allemagne,NON,SOURCES_OFFICIELLES_ET_IDENTITE_A_COMPLETER
VR4.F,LGI Ltd                       R,Allemagne,NON,SOURCES_OFFICIELLES_ET_IDENTITE_A_COMPLETER
GG2.F,Gorilla Gold Mines Ltd.       R,Allemagne,NON,SOURCES_OFFICIELLES_ET_IDENTITE_A_COMPLETER
KC7.F,AMA Group Ltd.                R,Allemagne,NON,SOURCES_OFFICIELLES_ET_IDENTITE_A_COMPLETER
HKR.F,HKR INTERNATIONAL LTD.        R,Allemagne,NON,SOURCES_OFFICIELLES_ET_IDENTITE_A_COMPLETER
HG6.F,Mayne Pharma Group Ltd.       R,Allemagne,NON,SOURCES_OFFICIELLES_ET_IDENTITE_A_COMPLETER
8WG.F,CATERING INTL SVCS S.A.-CIS   A,Allemagne,NON,SOURCES_OFFICIELLES_ET_IDENTITE_A_COMPLETER
LIL3.F,Paradise Entertainment Ltd.   R,Allemagne,NON,SOURCES_OFFICIELLES_ET_IDENTITE_A_COMPLETER
AYD.F,Assistance Tech.+Et.de Mat.El.A,Allemagne,NON,SOURCES_OFFICIELLES_ET_IDENTITE_A_COMPLETER
LW4.F,Impax Asset Management Grp PLCR,Allemagne,NON,SOURCES_OFFICIELLES_ET_IDENTITE_A_COMPLETER
HX1A.F,"Hexindo Adiperkasa, PT        R",Allemagne,NON,SOURCES_OFFICIELLES_ET_IDENTITE_A_COMPLETER
1FQ.F,Adairs Ltd.                   R,Allemagne,NON,SOURCES_OFFICIELLES_ET_IDENTITE_A_COMPLETER
RRN.F,Red Robin Gourmet Burgers Inc.R,Allemagne,NON,SOURCES_OFFICIELLES_ET_IDENTITE_A_COMPLETER
F6S0.F,DeFi Development Corp.        R,Allemagne,NON,SOURCES_OFFICIELLES_ET_IDENTITE_A_COMPLETER
3XS0.F,Gunnison Copper Corp.         R,Allemagne,NON,SOURCES_OFFICIELLES_ET_IDENTITE_A_COMPLETER
X7Q.F,Racing Force S.p.A.           A,Allemagne,NON,SOURCES_OFFICIELLES_ET_IDENTITE_A_COMPLETER
WRI.F,Elme Communities              R,Allemagne,NON,SOURCES_OFFICIELLES_ET_IDENTITE_A_COMPLETER
0JW.F,Jeld-Wen Holding Inc.         R,Allemagne,NON,SOURCES_OFFICIELLES_ET_IDENTITE_A_COMPLETER
BAOA.F,Bastogi S.p.A.                A,Allemagne,NON,SOURCES_OFFICIELLES_ET_IDENTITE_A_COMPLETER
F0Z.F,EnSilica PLC                  R,Allemagne,NON,SOURCES_OFFICIELLES_ET_IDENTITE_A_COMPLETER
MTK.F,Midland Holdings Ltd.         R,Allemagne,NON,SOURCES_OFFICIELLES_ET_IDENTITE_A_COMPLETER
CY3.F,Pacific Edge Ltd              R,Allemagne,NON,SOURCES_OFFICIELLES_ET_IDENTITE_A_COMPLETER
7SA.F,Skymark Airlines Inc.         R,Allemagne,NON,SOURCES_OFFICIELLES_ET_IDENTITE_A_COMPLETER
QS30.F,Solocal Group                 A,Allemagne,NON,SOURCES_OFFICIELLES_ET_IDENTITE_A_COMPLETER
GA7.F,Aimia Inc.                    R,Allemagne,NON,SOURCES_OFFICIELLES_ET_IDENTITE_A_COMPLETER
0FO.F,Focusrite PLC                 R,Allemagne,NON,SOURCES_OFFICIELLES_ET_IDENTITE_A_COMPLETER
HK4.F,HKFoods Oyj                   R,Allemagne,NON,SOURCES_OFFICIELLES_ET_IDENTITE_A_COMPLETER
SM5.SG,Sabaf S.p.A.,Allemagne,NON,SOURCES_OFFICIELLES_ET_IDENTITE_A_COMPLETER
024.F,Mastermyne Group Ltd.         R,Allemagne,NON,SOURCES_OFFICIELLES_ET_IDENTITE_A_COMPLETER
PBS0.F,Precision Biosciences Inc.    R,Allemagne,NON,SOURCES_OFFICIELLES_ET_IDENTITE_A_COMPLETER
ZMK0.F,Mkango Magnetic Materials Ltd.R,Allemagne,NON,SOURCES_OFFICIELLES_ET_IDENTITE_A_COMPLETER
GUV.F,Graphisoft Park SE            N,Allemagne,NON,SOURCES_OFFICIELLES_ET_IDENTITE_A_COMPLETER
D8M.F,Lindbergh S.p.A.              A,Allemagne,NON,SOURCES_OFFICIELLES_ET_IDENTITE_A_COMPLETER
N3A.F,Nippon Aqua Co. Ltd.          R,Allemagne,NON,SOURCES_OFFICIELLES_ET_IDENTITE_A_COMPLETER
92Y.F,Jacktel A.S.                  N,Allemagne,NON,SOURCES_OFFICIELLES_ET_IDENTITE_A_COMPLETER
8XD.F,GEVELOT S.A.                  A,Allemagne,NON,SOURCES_OFFICIELLES_ET_IDENTITE_A_COMPLETER
8C5.F,Coherus Oncology Inc.         R,Allemagne,NON,SOURCES_OFFICIELLES_ET_IDENTITE_A_COMPLETER
3YU.F,Jiumaojiu Interna.Holdings LtdR,Allemagne,NON,SOURCES_OFFICIELLES_ET_IDENTITE_A_COMPLETER
81P.F,Synthetica AD-Sofia           R,Allemagne,NON,SOURCES_OFFICIELLES_ET_IDENTITE_A_COMPLETER
0LQ.F,EuroDry Ltd.                  R,Allemagne,NON,SOURCES_OFFICIELLES_ET_IDENTITE_A_COMPLETER
9Z9.F,CASTINGS PLC                  R,Allemagne,NON,SOURCES_OFFICIELLES_ET_IDENTITE_A_COMPLETER
8L9.F,Atland S.A.                   A,Allemagne,NON,SOURCES_OFFICIELLES_ET_IDENTITE_A_COMPLETER
8YM.F,Intelligent Monitoring Group  R,Allemagne,NON,SOURCES_OFFICIELLES_ET_IDENTITE_A_COMPLETER
XAR.F,XAAR PLC                      R,Allemagne,NON,SOURCES_OFFICIELLES_ET_IDENTITE_A_COMPLETER
0TT.F,Nekkar ASA                    N,Allemagne,NON,SOURCES_OFFICIELLES_ET_IDENTITE_A_COMPLETER
AYR.F,Cyprium Metals Ltd.           R,Allemagne,NON,SOURCES_OFFICIELLES_ET_IDENTITE_A_COMPLETER
G4P0.F,Lycos Energy Inc.             R,Allemagne,NON,SOURCES_OFFICIELLES_ET_IDENTITE_A_COMPLETER
9FX.F,Zhaoke Ophthalmology Ltd.     R,Allemagne,NON,SOURCES_OFFICIELLES_ET_IDENTITE_A_COMPLETER
98A.F,TOKYO SANGYO CO. LTD.         R,Allemagne,NON,SOURCES_OFFICIELLES_ET_IDENTITE_A_COMPLETER
4EB.F,NeoVolta Inc.                 R,Allemagne,NON,SOURCES_OFFICIELLES_ET_IDENTITE_A_COMPLETER
TXW.F,TEXWINCA HOLDINGS LTD.        R,Allemagne,NON,SOURCES_OFFICIELLES_ET_IDENTITE_A_COMPLETER
X4C.F,Polymetals Resources Ltd      R,Allemagne,NON,SOURCES_OFFICIELLES_ET_IDENTITE_A_COMPLETER
BQZ.F,Beijing Jingcheng Machin.El.CoR,Allemagne,NON,SOURCES_OFFICIELLES_ET_IDENTITE_A_COMPLETER
3TT0.F,Tecnotree Oyj                 R,Allemagne,NON,SOURCES_OFFICIELLES_ET_IDENTITE_A_COMPLETER
54GA.F,Sangoma Technologies Corp.    R,Allemagne,NON,SOURCES_OFFICIELLES_ET_IDENTITE_A_COMPLETER
JIL.F,Jilin Prov.Huin.Chang.Bio-pha.R,Allemagne,NON,SOURCES_OFFICIELLES_ET_IDENTITE_A_COMPLETER
DR5.F,Byggma ASA                    N,Allemagne,NON,SOURCES_OFFICIELLES_ET_IDENTITE_A_COMPLETER
DR5.SG,Byggma ASA,Allemagne,NON,SOURCES_OFFICIELLES_ET_IDENTITE_A_COMPLETER
SCD1.F,Shandong Chenm.Paper Hldgs LtdR,Allemagne,NON,SOURCES_OFFICIELLES_ET_IDENTITE_A_COMPLETER
H4N.F,Solar Foods Oyj               R,Allemagne,NON,SOURCES_OFFICIELLES_ET_IDENTITE_A_COMPLETER
MR3.F,Italian Wine Brands S.p.A.    A,Allemagne,NON,SOURCES_OFFICIELLES_ET_IDENTITE_A_COMPLETER
PXS.F,Paragon Care Ltd.             R,Allemagne,NON,SOURCES_OFFICIELLES_ET_IDENTITE_A_COMPLETER
0AS.F,Entech SE                     A,Allemagne,NON,SOURCES_OFFICIELLES_ET_IDENTITE_A_COMPLETER
O5O.F,Oriola Oyj                    R,Allemagne,NON,SOURCES_OFFICIELLES_ET_IDENTITE_A_COMPLETER
LUG.F,Triumph New Energy Co. Ltd.   R,Allemagne,NON,SOURCES_OFFICIELLES_ET_IDENTITE_A_COMPLETER
B34.F,Duke Capital Ltd.             R,Allemagne,NON,SOURCES_OFFICIELLES_ET_IDENTITE_A_COMPLETER
88M.F,Hexaom S.A.                   A,Allemagne,NON,SOURCES_OFFICIELLES_ET_IDENTITE_A_COMPLETER
1BZ.F,Beeks Finan.Cloud Grp.PLC     R,Allemagne,NON,SOURCES_OFFICIELLES_ET_IDENTITE_A_COMPLETER
5E6.F,BRC Group Holdings Inc.       R,Allemagne,NON,SOURCES_OFFICIELLES_ET_IDENTITE_A_COMPLETER
9UQ0.F,Fortifai Ltd.                 R,Allemagne,NON,SOURCES_OFFICIELLES_ET_IDENTITE_A_COMPLETER
LJ0.F,Zeda Ltd.                     R,Allemagne,NON,SOURCES_OFFICIELLES_ET_IDENTITE_A_COMPLETER
3OV.F,Metal Powder Works Ltd.       R,Allemagne,NON,SOURCES_OFFICIELLES_ET_IDENTITE_A_COMPLETER
ESY.HM,EASY SOFTWARE AG              N,Allemagne,NON,SOURCES_OFFICIELLES_ET_IDENTITE_A_COMPLETER
MQR1.F,Multi-Chem Ltd.               R,Allemagne,NON,SOURCES_OFFICIELLES_ET_IDENTITE_A_COMPLETER
GSP0.F,Comstock Inc.                 R,Allemagne,NON,SOURCES_OFFICIELLES_ET_IDENTITE_A_COMPLETER
6BU0.F,Burning Rock Biotech Ltd.     R,Allemagne,NON,SOURCES_OFFICIELLES_ET_IDENTITE_A_COMPLETER
4CM.F,YesAsia Holdings Ltd.         R,Allemagne,NON,SOURCES_OFFICIELLES_ET_IDENTITE_A_COMPLETER
5K6.F,MACFARLANE GROUP PLC          R,Allemagne,NON,SOURCES_OFFICIELLES_ET_IDENTITE_A_COMPLETER
M8W.F,MediWound Ltd.                R,Allemagne,NON,SOURCES_OFFICIELLES_ET_IDENTITE_A_COMPLETER
I6R0.F,Maritana Minerals Ltd.        R,Allemagne,NON,SOURCES_OFFICIELLES_ET_IDENTITE_A_COMPLETER
C7E.F,CEGEDIM S.A.                  A,Allemagne,NON,SOURCES_OFFICIELLES_ET_IDENTITE_A_COMPLETER
88M.SG,Maisons France Confort S.A.,Allemagne,NON,SOURCES_OFFICIELLES_ET_IDENTITE_A_COMPLETER
XUN.F,SHUN TAK HOLDINGS LTD.        R,Allemagne,NON,SOURCES_OFFICIELLES_ET_IDENTITE_A_COMPLETER
R9Z.F,Immuneonco Biopharma.(SH) Inc.R,Allemagne,NON,SOURCES_OFFICIELLES_ET_IDENTITE_A_COMPLETER
YCX.F,CITIZENS INC.                 R,Allemagne,NON,SOURCES_OFFICIELLES_ET_IDENTITE_A_COMPLETER
OT7.F,Ontex Group N.V.              A,Allemagne,NON,SOURCES_OFFICIELLES_ET_IDENTITE_A_COMPLETER
DDR.F,SITE Centers Corp.            R,Allemagne,NON,SOURCES_OFFICIELLES_ET_IDENTITE_A_COMPLETER
4SM.F,Magnora ASA                   N,Allemagne,NON,SOURCES_OFFICIELLES_ET_IDENTITE_A_COMPLETER
NRC.F,Neuronetics Inc.              R,Allemagne,NON,SOURCES_OFFICIELLES_ET_IDENTITE_A_COMPLETER
7RL.F,Likewise Group PLC            R,Allemagne,NON,SOURCES_OFFICIELLES_ET_IDENTITE_A_COMPLETER
VNC1.F,Vince Holding Corp.           R,Allemagne,NON,SOURCES_OFFICIELLES_ET_IDENTITE_A_COMPLETER
ALM1.F,Asara Resources Ltd.          R,Allemagne,NON,SOURCES_OFFICIELLES_ET_IDENTITE_A_COMPLETER
9KH.F,SB Financial Group Inc.       R,Allemagne,NON,SOURCES_OFFICIELLES_ET_IDENTITE_A_COMPLETER
F0Z.SG,EnSilica PLC,Allemagne,NON,SOURCES_OFFICIELLES_ET_IDENTITE_A_COMPLETER
3F3.F,Foraco International SA       A,Allemagne,NON,SOURCES_OFFICIELLES_ET_IDENTITE_A_COMPLETER
1FI.F,Carnaby Resources Ltd.        R,Allemagne,NON,SOURCES_OFFICIELLES_ET_IDENTITE_A_COMPLETER
M0W.F,Sport Lisboa e Benfica SAD    A,Allemagne,NON,SOURCES_OFFICIELLES_ET_IDENTITE_A_COMPLETER
AJXA.F,AFC Ajax N.V.                 A,Allemagne,NON,SOURCES_OFFICIELLES_ET_IDENTITE_A_COMPLETER
8KG.F,EXACOMPTA CLAIREFONTAINE S.A. A,Allemagne,NON,SOURCES_OFFICIELLES_ET_IDENTITE_A_COMPLETER
TIW.F,TIN INN Holding AG            v,Allemagne,NON,SOURCES_OFFICIELLES_ET_IDENTITE_A_COMPLETER
NJ2.F,Nippon Coke & Engineering Co. R,Allemagne,NON,SOURCES_OFFICIELLES_ET_IDENTITE_A_COMPLETER
57V.F,Angel Oak Mortgage REIT Inc.  R,Allemagne,NON,SOURCES_OFFICIELLES_ET_IDENTITE_A_COMPLETER
O94.F,ROULARTA MEDIA GROUP N.V.     A,Allemagne,NON,SOURCES_OFFICIELLES_ET_IDENTITE_A_COMPLETER
USY1.F,Unisys Corp.                  R,Allemagne,NON,SOURCES_OFFICIELLES_ET_IDENTITE_A_COMPLETER
GZT.F,Eva Precision Indl. Hldg. Ltd.R,Allemagne,NON,SOURCES_OFFICIELLES_ET_IDENTITE_A_COMPLETER
2PQ.F,Organogenesis Holdings Inc.   R,Allemagne,NON,SOURCES_OFFICIELLES_ET_IDENTITE_A_COMPLETER
1UC0.F,Cue Biopharma Inc.            R,Allemagne,NON,SOURCES_OFFICIELLES_ET_IDENTITE_A_COMPLETER
I5J.F,INVICTA HOLDINGS LTD.         R,Allemagne,NON,SOURCES_OFFICIELLES_ET_IDENTITE_A_COMPLETER
MUT.F,MINERALBR.UEBERKINGEN ST,Allemagne,NON,SOURCES_OFFICIELLES_ET_IDENTITE_A_COMPLETER
WU3.F,Helius Minerals Ltd.          R,Allemagne,NON,SOURCES_OFFICIELLES_ET_IDENTITE_A_COMPLETER
YSZ0.F,Youzan Technology Ltd.        R,Allemagne,NON,SOURCES_OFFICIELLES_ET_IDENTITE_A_COMPLETER
6G0.F,Aurum Resources Ltd.          R,Allemagne,NON,SOURCES_OFFICIELLES_ET_IDENTITE_A_COMPLETER
0AS.SG,Entech SE,Allemagne,NON,SOURCES_OFFICIELLES_ET_IDENTITE_A_COMPLETER
9MZ.F,Springfield Properties PLC    R,Allemagne,NON,SOURCES_OFFICIELLES_ET_IDENTITE_A_COMPLETER
31F.F,Medical Facilities Corp.      R,Allemagne,NON,SOURCES_OFFICIELLES_ET_IDENTITE_A_COMPLETER
5EV0.F,Orogen Royalties Inc.         R,Allemagne,NON,SOURCES_OFFICIELLES_ET_IDENTITE_A_COMPLETER
5L0.F,Mainstreet Bancshares Inc.    R,Allemagne,NON,SOURCES_OFFICIELLES_ET_IDENTITE_A_COMPLETER
DB2.F,D-Box Technologies Inc.       R,Allemagne,NON,SOURCES_OFFICIELLES_ET_IDENTITE_A_COMPLETER
AGX.F,Silver X Mining Corp.         R,Allemagne,NON,SOURCES_OFFICIELLES_ET_IDENTITE_A_COMPLETER
6NT.F,Mayfield Group Holdings Ltd.  R,Allemagne,NON,SOURCES_OFFICIELLES_ET_IDENTITE_A_COMPLETER
90G.F,DAISHINKU CORP.               R,Allemagne,NON,SOURCES_OFFICIELLES_ET_IDENTITE_A_COMPLETER
B34.SG,Duke Royalty Ltd.,Allemagne,NON,SOURCES_OFFICIELLES_ET_IDENTITE_A_COMPLETER
FQ00.F,PetroNor E&P ASA              N,Allemagne,NON,SOURCES_OFFICIELLES_ET_IDENTITE_A_COMPLETER
R3E.F,Real Matters Inc.             R,Allemagne,NON,SOURCES_OFFICIELLES_ET_IDENTITE_A_COMPLETER
1Q6.F,ProSafe SE                    N,Allemagne,NON,SOURCES_OFFICIELLES_ET_IDENTITE_A_COMPLETER
MJG1.F,Major Cineplex Group PCL      R,Allemagne,NON,SOURCES_OFFICIELLES_ET_IDENTITE_A_COMPLETER
15V.F,Verkkokauppa.com OYJ          R,Allemagne,NON,SOURCES_OFFICIELLES_ET_IDENTITE_A_COMPLETER
K46.F,Jersey Electricity PLC        R,Allemagne,NON,SOURCES_OFFICIELLES_ET_IDENTITE_A_COMPLETER
SUT.F,Productive Technologies Co.LtdR,Allemagne,NON,SOURCES_OFFICIELLES_ET_IDENTITE_A_COMPLETER
6PW.F,Digital Grid Corp.            R,Allemagne,NON,SOURCES_OFFICIELLES_ET_IDENTITE_A_COMPLETER
P1F.F,Columbus A/S                  N,Allemagne,NON,SOURCES_OFFICIELLES_ET_IDENTITE_A_COMPLETER
RAM.F,RADCOM LTD.                   R,Allemagne,NON,SOURCES_OFFICIELLES_ET_IDENTITE_A_COMPLETER
NUN.F,Northern Minerals Ltd.        R,Allemagne,NON,SOURCES_OFFICIELLES_ET_IDENTITE_A_COMPLETER
PEZ.F,Perennial Energy Hldgs Ltd.   R,Allemagne,NON,SOURCES_OFFICIELLES_ET_IDENTITE_A_COMPLETER
3QT1.F,CuriosityStream Inc.          R,Allemagne,NON,SOURCES_OFFICIELLES_ET_IDENTITE_A_COMPLETER
TVJ.F,Tsukada Global Holdings Inc.  R,Allemagne,NON,SOURCES_OFFICIELLES_ET_IDENTITE_A_COMPLETER
QK9.F,Eurogroup Laminations S.p.A.  A,Allemagne,NON,SOURCES_OFFICIELLES_ET_IDENTITE_A_COMPLETER
RLL.F,PERSONAL GROUP HOLDINGS PLC   R,Allemagne,NON,SOURCES_OFFICIELLES_ET_IDENTITE_A_COMPLETER
6H90.F,HealWELL AI Inc.              R,Allemagne,NON,SOURCES_OFFICIELLES_ET_IDENTITE_A_COMPLETER
UD1.F,Pedevco Corp.                 R,Allemagne,NON,SOURCES_OFFICIELLES_ET_IDENTITE_A_COMPLETER
9S5.F,Fine Foods+Phar.N.T.M. S.p.A. A,Allemagne,NON,SOURCES_OFFICIELLES_ET_IDENTITE_A_COMPLETER
YI4.F,GDEV Inc.                     R,Allemagne,NON,SOURCES_OFFICIELLES_ET_IDENTITE_A_COMPLETER
BGD3.F,Barton Gold Holdings Ltd.     R,Allemagne,NON,SOURCES_OFFICIELLES_ET_IDENTITE_A_COMPLETER
W3J.F,Happy Belly Food Group Inc.   R,Allemagne,NON,SOURCES_OFFICIELLES_ET_IDENTITE_A_COMPLETER
6I6.F,HIROSHIMA GAS CO. LTD.        R,Allemagne,NON,SOURCES_OFFICIELLES_ET_IDENTITE_A_COMPLETER
L0A.F,Deezer S.A.                   A,Allemagne,NON,SOURCES_OFFICIELLES_ET_IDENTITE_A_COMPLETER
V6L.F,Better Home & Finance Hldg.Co.R,Allemagne,NON,SOURCES_OFFICIELLES_ET_IDENTITE_A_COMPLETER
8AGA.F,TPG Mortgage Investment Trust R,Allemagne,NON,SOURCES_OFFICIELLES_ET_IDENTITE_A_COMPLETER
45S.F,Soho China Ltd.               R,Allemagne,NON,SOURCES_OFFICIELLES_ET_IDENTITE_A_COMPLETER
6MM.F,Southern Cross Media Group LtdR,Allemagne,NON,SOURCES_OFFICIELLES_ET_IDENTITE_A_COMPLETER
OCD1.F,Niagen Bioscience Inc.        R,Allemagne,NON,SOURCES_OFFICIELLES_ET_IDENTITE_A_COMPLETER
3FDA.F,Premia Real Estate Inv.Co.SA  N,Allemagne,NON,SOURCES_OFFICIELLES_ET_IDENTITE_A_COMPLETER
8NR.F,NRC Group ASA                 N,Allemagne,NON,SOURCES_OFFICIELLES_ET_IDENTITE_A_COMPLETER
D0Y.F,Toro Corp.                    R,Allemagne,NON,SOURCES_OFFICIELLES_ET_IDENTITE_A_COMPLETER
SPT6.F,Beta Systems Software AG      I,Allemagne,NON,SOURCES_OFFICIELLES_ET_IDENTITE_A_COMPLETER
6P4.F,Petrus Resources Ltd.         R,Allemagne,NON,SOURCES_OFFICIELLES_ET_IDENTITE_A_COMPLETER
B5R.F,Berkeley Energia Ltd.         R,Allemagne,NON,SOURCES_OFFICIELLES_ET_IDENTITE_A_COMPLETER
R4I.F,Red Hill Minerals Ltd.        R,Allemagne,NON,SOURCES_OFFICIELLES_ET_IDENTITE_A_COMPLETER
W33.F,BioVersys AG                  N,Allemagne,NON,SOURCES_OFFICIELLES_ET_IDENTITE_A_COMPLETER
DB7.F,DIGITAL BROS S.P.A.           A,Allemagne,NON,SOURCES_OFFICIELLES_ET_IDENTITE_A_COMPLETER
MSGL.HM,msg life ag                   I,Allemagne,NON,SOURCES_OFFICIELLES_ET_IDENTITE_A_COMPLETER
3NA.F,Mobico Group PLC              R,Allemagne,NON,SOURCES_OFFICIELLES_ET_IDENTITE_A_COMPLETER
IN9.F,INTEST CORP.                  R,Allemagne,NON,SOURCES_OFFICIELLES_ET_IDENTITE_A_COMPLETER
71T.F,Brickability Group PLC        R,Allemagne,NON,SOURCES_OFFICIELLES_ET_IDENTITE_A_COMPLETER
FET.F,FAR EAST CONSORTIUM INTL LTD. R,Allemagne,NON,SOURCES_OFFICIELLES_ET_IDENTITE_A_COMPLETER
4ZG.F,Median Technologies           A,Allemagne,NON,SOURCES_OFFICIELLES_ET_IDENTITE_A_COMPLETER
T7C0.F,Denarius Metals Corp.         R,Allemagne,NON,SOURCES_OFFICIELLES_ET_IDENTITE_A_COMPLETER
IZH.F,M & C Saatchi PLC             R,Allemagne,NON,SOURCES_OFFICIELLES_ET_IDENTITE_A_COMPLETER
TED.F,TerrAscend Corp.              R,Allemagne,NON,SOURCES_OFFICIELLES_ET_IDENTITE_A_COMPLETER
T9W.F,Thessal.Water Suppl.+Sewer.Co.N,Allemagne,NON,SOURCES_OFFICIELLES_ET_IDENTITE_A_COMPLETER
BKG.F,Baoye Group Co. Ltd.          R,Allemagne,NON,SOURCES_OFFICIELLES_ET_IDENTITE_A_COMPLETER
CIOC.F,China Aerospace Intl. Ltd.    R,Allemagne,NON,SOURCES_OFFICIELLES_ET_IDENTITE_A_COMPLETER
WS7A.F,Binhai Investment Co. Ltd.    R,Allemagne,NON,SOURCES_OFFICIELLES_ET_IDENTITE_A_COMPLETER
I6X.MU,Icelandic Salmon AS           N,Allemagne,NON,SOURCES_OFFICIELLES_ET_IDENTITE_A_COMPLETER
RZT.F,Merafe Resources Ltd.         R,Allemagne,NON,SOURCES_OFFICIELLES_ET_IDENTITE_A_COMPLETER
MP9.F,Maxim Power Corp.             R,Allemagne,NON,SOURCES_OFFICIELLES_ET_IDENTITE_A_COMPLETER
H1B.F,Olympia Financial Group Inc.  R,Allemagne,NON,SOURCES_OFFICIELLES_ET_IDENTITE_A_COMPLETER
3U8.F,Draganfly Inc.                R,Allemagne,NON,SOURCES_OFFICIELLES_ET_IDENTITE_A_COMPLETER
E8Q.F,Smart Parking Ltd.            R,Allemagne,NON,SOURCES_OFFICIELLES_ET_IDENTITE_A_COMPLETER
3WG.SG,Wallix Group S.A.,Allemagne,NON,SOURCES_OFFICIELLES_ET_IDENTITE_A_COMPLETER
6YQ.F,Eurocell PLC                  R,Allemagne,NON,SOURCES_OFFICIELLES_ET_IDENTITE_A_COMPLETER
U7MA.F,CNNC International Ltd.       R,Allemagne,NON,SOURCES_OFFICIELLES_ET_IDENTITE_A_COMPLETER
K3A.F,Kongsberg Automotive ASA      N,Allemagne,NON,SOURCES_OFFICIELLES_ET_IDENTITE_A_COMPLETER
2GX.F,STONERIDGE INC.               R,Allemagne,NON,SOURCES_OFFICIELLES_ET_IDENTITE_A_COMPLETER
BRW.F,BRIQ Propert.Real Est.Inv.Co. N,Allemagne,NON,SOURCES_OFFICIELLES_ET_IDENTITE_A_COMPLETER
2OQ.F,Amplify Energy Corp. New      R,Allemagne,NON,SOURCES_OFFICIELLES_ET_IDENTITE_A_COMPLETER
ZMM.F,Maisons du Monde S.A.         A,Allemagne,NON,SOURCES_OFFICIELLES_ET_IDENTITE_A_COMPLETER
1D8.F,Accsys Technologies PLC       R,Allemagne,NON,SOURCES_OFFICIELLES_ET_IDENTITE_A_COMPLETER
60E.F,Salmon Evolution ASA          N,Allemagne,NON,SOURCES_OFFICIELLES_ET_IDENTITE_A_COMPLETER
MXD.F,MIN XIN HOLDINGS LTD.         R,Allemagne,NON,SOURCES_OFFICIELLES_ET_IDENTITE_A_COMPLETER
D7Q1.F,Monument Mining Ltd.          R,Allemagne,NON,SOURCES_OFFICIELLES_ET_IDENTITE_A_COMPLETER
3WG.F,Wallix Group S.A.             A,Allemagne,NON,SOURCES_OFFICIELLES_ET_IDENTITE_A_COMPLETER
662.F,Broken Hill Mines Ltd.        R,Allemagne,NON,SOURCES_OFFICIELLES_ET_IDENTITE_A_COMPLETER
MRR.F,Reach PLC                     R,Allemagne,NON,SOURCES_OFFICIELLES_ET_IDENTITE_A_COMPLETER
I9C.F,Amber Int. Holding Ltd.       R,Allemagne,NON,SOURCES_OFFICIELLES_ET_IDENTITE_A_COMPLETER
2ME.F,SHIMA SEIKI MFG. LTD.         R,Allemagne,NON,SOURCES_OFFICIELLES_ET_IDENTITE_A_COMPLETER
7N70.F,Alpha Cognition Inc.          R,Allemagne,NON,SOURCES_OFFICIELLES_ET_IDENTITE_A_COMPLETER
CMF.F,CAMELLIA PLC                  R,Allemagne,NON,SOURCES_OFFICIELLES_ET_IDENTITE_A_COMPLETER
CMF.SG,Camellia PLC,Allemagne,NON,SOURCES_OFFICIELLES_ET_IDENTITE_A_COMPLETER
1CY.F,China Yong.Autom.Ser.Hldgs LtdR,Allemagne,NON,SOURCES_OFFICIELLES_ET_IDENTITE_A_COMPLETER
PC5.F,SODA NIKKA CO. LTD.           R,Allemagne,NON,SOURCES_OFFICIELLES_ET_IDENTITE_A_COMPLETER
24S.F,Strategic Minerals PLC        R,Allemagne,NON,SOURCES_OFFICIELLES_ET_IDENTITE_A_COMPLETER
77Q.F,Knights Group Holdings Ltd.   R,Allemagne,NON,SOURCES_OFFICIELLES_ET_IDENTITE_A_COMPLETER
5NQ.F,Agilyx ASA                    N,Allemagne,NON,SOURCES_OFFICIELLES_ET_IDENTITE_A_COMPLETER
GF7.F,GEFRAN S.P.A.                 A,Allemagne,NON,SOURCES_OFFICIELLES_ET_IDENTITE_A_COMPLETER
NFU.MU,Nisshin Group Holdings Co.Ltd.R,Allemagne,NON,SOURCES_OFFICIELLES_ET_IDENTITE_A_COMPLETER
DKG.DE,DT.KONSUM REAL EST.AG         I,Allemagne,NON,SOURCES_OFFICIELLES_ET_IDENTITE_A_COMPLETER
CHO1.F,Comstock Holding Companies IncR,Allemagne,NON,SOURCES_OFFICIELLES_ET_IDENTITE_A_COMPLETER
4Q01.F,RideNow Group Inc.            R,Allemagne,NON,SOURCES_OFFICIELLES_ET_IDENTITE_A_COMPLETER
OVER.F,Neighborhood Intelligence Inc.R,Allemagne,NON,SOURCES_OFFICIELLES_ET_IDENTITE_A_COMPLETER
6G6.F,Superior Group of Cies Inc.   R,Allemagne,NON,SOURCES_OFFICIELLES_ET_IDENTITE_A_COMPLETER
E35.F,Guanajuato Silver Company Ltd.R,Allemagne,NON,SOURCES_OFFICIELLES_ET_IDENTITE_A_COMPLETER
8OX1.SG,Oxley Holdings Ltd.,Allemagne,NON,SOURCES_OFFICIELLES_ET_IDENTITE_A_COMPLETER
1KX0.F,Meeka Metals Ltd.             R,Allemagne,NON,SOURCES_OFFICIELLES_ET_IDENTITE_A_COMPLETER
M8M.F,CB Financial Services Inc.    R,Allemagne,NON,SOURCES_OFFICIELLES_ET_IDENTITE_A_COMPLETER
5RO.F,Roche Bobois S.A.             A,Allemagne,NON,SOURCES_OFFICIELLES_ET_IDENTITE_A_COMPLETER
TNR.F,Tribune Resources Ltd.        R,Allemagne,NON,SOURCES_OFFICIELLES_ET_IDENTITE_A_COMPLETER
7E1.F,Delta Plus Group S.A.         A,Allemagne,NON,SOURCES_OFFICIELLES_ET_IDENTITE_A_COMPLETER
978.F,Adagene Inc.                  R,Allemagne,NON,SOURCES_OFFICIELLES_ET_IDENTITE_A_COMPLETER
73Q.F,Kaltura Inc.                  R,Allemagne,NON,SOURCES_OFFICIELLES_ET_IDENTITE_A_COMPLETER
9W0.F,Stack Capital Group Inc.      R,Allemagne,NON,SOURCES_OFFICIELLES_ET_IDENTITE_A_COMPLETER
XYUA.F,Hengdeli Holdings Ltd.        R,Allemagne,NON,SOURCES_OFFICIELLES_ET_IDENTITE_A_COMPLETER
HIN0.F,Kantra Copper Ltd.            R,Allemagne,NON,SOURCES_OFFICIELLES_ET_IDENTITE_A_COMPLETER
M2Z.F,Seeing Machines Ltd.          R,Allemagne,NON,SOURCES_OFFICIELLES_ET_IDENTITE_A_COMPLETER
MW4.F,Akwel S.A.                    A,Allemagne,NON,SOURCES_OFFICIELLES_ET_IDENTITE_A_COMPLETER
22L.F,Nordic Aqua Partners AS       N,Allemagne,NON,SOURCES_OFFICIELLES_ET_IDENTITE_A_COMPLETER
8NN.F,Thor Medical ASA              N,Allemagne,NON,SOURCES_OFFICIELLES_ET_IDENTITE_A_COMPLETER
1S70.F,Cartesian Therapeutics Inc.   R,Allemagne,NON,SOURCES_OFFICIELLES_ET_IDENTITE_A_COMPLETER
B7H.F,Horizon Construction Developm.R,Allemagne,NON,SOURCES_OFFICIELLES_ET_IDENTITE_A_COMPLETER
GQ6.F,Lanson-BCC                    A,Allemagne,NON,SOURCES_OFFICIELLES_ET_IDENTITE_A_COMPLETER
GGN.F,CERAGON NETWORKS LTD.         R,Allemagne,NON,SOURCES_OFFICIELLES_ET_IDENTITE_A_COMPLETER
24S.SG,Strategic Minerals PLC,Allemagne,NON,SOURCES_OFFICIELLES_ET_IDENTITE_A_COMPLETER
Y4E.F,Ramada Investiment.e Indust.SAA,Allemagne,NON,SOURCES_OFFICIELLES_ET_IDENTITE_A_COMPLETER
L5D.F,L.K. Technology Holdings Ltd. R,Allemagne,NON,SOURCES_OFFICIELLES_ET_IDENTITE_A_COMPLETER
CK7.F,China Everbright Greent. Ltd. R,Allemagne,NON,SOURCES_OFFICIELLES_ET_IDENTITE_A_COMPLETER
9UZ.F,A.B.P. NOCIVELLI S.p.A.       A,Allemagne,NON,SOURCES_OFFICIELLES_ET_IDENTITE_A_COMPLETER
MIS.F,Monash IVF Group Ltd.         R,Allemagne,NON,SOURCES_OFFICIELLES_ET_IDENTITE_A_COMPLETER
2YU.F,China Yuhua Education Corp.LtdR,Allemagne,NON,SOURCES_OFFICIELLES_ET_IDENTITE_A_COMPLETER
YF0.F,Energy Svcs of America Corp.  R,Allemagne,NON,SOURCES_OFFICIELLES_ET_IDENTITE_A_COMPLETER
61Z1.F,Züblin Immobilien Holding AG,Allemagne,NON,SOURCES_OFFICIELLES_ET_IDENTITE_A_COMPLETER
DGN.F,Dongjiang Environm. Co. Ltd.  R,Allemagne,NON,SOURCES_OFFICIELLES_ET_IDENTITE_A_COMPLETER
0GV.F,Neostellar Capital Corp.      R,Allemagne,NON,SOURCES_OFFICIELLES_ET_IDENTITE_A_COMPLETER
DKC.F,Asia Tele-Net                 C,Allemagne,NON,SOURCES_OFFICIELLES_ET_IDENTITE_A_COMPLETER
E08A.F,Exagen Inc.                   R,Allemagne,NON,SOURCES_OFFICIELLES_ET_IDENTITE_A_COMPLETER
GET.F,Compagnie Chargeurs Invest SA A,Allemagne,NON,SOURCES_OFFICIELLES_ET_IDENTITE_A_COMPLETER
63E.SG,ONWARD Medical B.V.,Allemagne,NON,SOURCES_OFFICIELLES_ET_IDENTITE_A_COMPLETER
D6X.F,WildBrain Ltd.                R,Allemagne,NON,SOURCES_OFFICIELLES_ET_IDENTITE_A_COMPLETER
SZ9.F,Perfect Corp.                 R,Allemagne,NON,SOURCES_OFFICIELLES_ET_IDENTITE_A_COMPLETER
FGPN.F,Octave Specialty Group Inc.   R,Allemagne,NON,SOURCES_OFFICIELLES_ET_IDENTITE_A_COMPLETER
XIC.F,Klaipedos Nafta AB            R,Allemagne,NON,SOURCES_OFFICIELLES_ET_IDENTITE_A_COMPLETER
4JO.F,Northern Ocean Ltd.           R,Allemagne,NON,SOURCES_OFFICIELLES_ET_IDENTITE_A_COMPLETER
O6M.F,ORVANA MINERALS CORP.         R,Allemagne,NON,SOURCES_OFFICIELLES_ET_IDENTITE_A_COMPLETER
OEL.F,ADM Hamburg AG                I,Allemagne,NON,SOURCES_OFFICIELLES_ET_IDENTITE_A_COMPLETER
SC5A.F,Deoleo S.A.                   A,Allemagne,NON,SOURCES_OFFICIELLES_ET_IDENTITE_A_COMPLETER
0TX.F,VEF AB                        N,Allemagne,NON,SOURCES_OFFICIELLES_ET_IDENTITE_A_COMPLETER
07K.F,Krakatau Steel(Persero) TBK PTR,Allemagne,NON,SOURCES_OFFICIELLES_ET_IDENTITE_A_COMPLETER
1C6.F,Corporate Travel Management   R,Allemagne,NON,SOURCES_OFFICIELLES_ET_IDENTITE_A_COMPLETER
HVB.F,STRA Hannov.Verkehrsbetr. AG In,Allemagne,NON,SOURCES_OFFICIELLES_ET_IDENTITE_A_COMPLETER
XQN.F,Core Molding Technologies Inc.R,Allemagne,NON,SOURCES_OFFICIELLES_ET_IDENTITE_A_COMPLETER
T9Z.F,Zumtobel Group AG             I,Allemagne,NON,SOURCES_OFFICIELLES_ET_IDENTITE_A_COMPLETER
5MU.F,One Stop Systems Inc.         R,Allemagne,NON,SOURCES_OFFICIELLES_ET_IDENTITE_A_COMPLETER
BGR.F,China High-Speed Trans.Equip. R,Allemagne,NON,SOURCES_OFFICIELLES_ET_IDENTITE_A_COMPLETER
DHR.F,B & G Foods Inc.(New)         R,Allemagne,NON,SOURCES_OFFICIELLES_ET_IDENTITE_A_COMPLETER
63E.F,ONWARD Medical B.V.           A,Allemagne,NON,SOURCES_OFFICIELLES_ET_IDENTITE_A_COMPLETER
9CK.F,China Kepei Education Grp Ltd.R,Allemagne,NON,SOURCES_OFFICIELLES_ET_IDENTITE_A_COMPLETER
FC8.F,CONSUMER PORTFOLIO SVCS INC.  R,Allemagne,NON,SOURCES_OFFICIELLES_ET_IDENTITE_A_COMPLETER
EDA.F,FocalTherics                  A,Allemagne,NON,SOURCES_OFFICIELLES_ET_IDENTITE_A_COMPLETER
PGZ.F,Healius Ltd.                  R,Allemagne,NON,SOURCES_OFFICIELLES_ET_IDENTITE_A_COMPLETER
LH1.F,Lifetime Brands Inc.          R,Allemagne,NON,SOURCES_OFFICIELLES_ET_IDENTITE_A_COMPLETER
9IA.F,Andrada Mining Ltd.           R,Allemagne,NON,SOURCES_OFFICIELLES_ET_IDENTITE_A_COMPLETER
RIK.F,RCI Hospitality Holdings Inc. R,Allemagne,NON,SOURCES_OFFICIELLES_ET_IDENTITE_A_COMPLETER
95D.F,ActiveOps PLC                 R,Allemagne,NON,SOURCES_OFFICIELLES_ET_IDENTITE_A_COMPLETER
N4T.F,Polaris Renewable Energy Inc. R,Allemagne,NON,SOURCES_OFFICIELLES_ET_IDENTITE_A_COMPLETER
TM9.F,Noram Drilling Company A.S.   N,Allemagne,NON,SOURCES_OFFICIELLES_ET_IDENTITE_A_COMPLETER
LIW.F,LIU CHONG HING INVESTMENT LTD.R,Allemagne,NON,SOURCES_OFFICIELLES_ET_IDENTITE_A_COMPLETER
SG5.F,Troops Inc.                   R,Allemagne,NON,SOURCES_OFFICIELLES_ET_IDENTITE_A_COMPLETER
32D.F,DHI Group Inc.                R,Allemagne,NON,SOURCES_OFFICIELLES_ET_IDENTITE_A_COMPLETER
5IK.F,Inkeverse Group Ltd.          R,Allemagne,NON,SOURCES_OFFICIELLES_ET_IDENTITE_A_COMPLETER
54M.F,Motorcar Parts of America Inc.R,Allemagne,NON,SOURCES_OFFICIELLES_ET_IDENTITE_A_COMPLETER
N67.F,BLE KEDROS REIC               N,Allemagne,NON,SOURCES_OFFICIELLES_ET_IDENTITE_A_COMPLETER
BU3.F,Exodus Movement Inc.          R,Allemagne,NON,SOURCES_OFFICIELLES_ET_IDENTITE_A_COMPLETER
QKL1.F,QuickLogic Corp.              R,Allemagne,NON,SOURCES_OFFICIELLES_ET_IDENTITE_A_COMPLETER
A3A.F,Alumil Aluminium Industry S.A.N,Allemagne,NON,SOURCES_OFFICIELLES_ET_IDENTITE_A_COMPLETER
R9B.F,DeFi Technologies Inc.        R,Allemagne,NON,SOURCES_OFFICIELLES_ET_IDENTITE_A_COMPLETER
MW4.SG,Akwel S.A.,Allemagne,NON,SOURCES_OFFICIELLES_ET_IDENTITE_A_COMPLETER
C38.F,Crest Nicholson Holdings PLC  R,Allemagne,NON,SOURCES_OFFICIELLES_ET_IDENTITE_A_COMPLETER
TM9.SG,Noram Drilling Company A.S.,Allemagne,NON,SOURCES_OFFICIELLES_ET_IDENTITE_A_COMPLETER
ZP7.F,Directa Sim S.p.A.            A,Allemagne,NON,SOURCES_OFFICIELLES_ET_IDENTITE_A_COMPLETER
P9A.F,Praemium Ltd.                 R,Allemagne,NON,SOURCES_OFFICIELLES_ET_IDENTITE_A_COMPLETER
3K2.F,Expert.AI S.p.A.              A,Allemagne,NON,SOURCES_OFFICIELLES_ET_IDENTITE_A_COMPLETER
1J2.F,Warpaint London PLC           R,Allemagne,NON,SOURCES_OFFICIELLES_ET_IDENTITE_A_COMPLETER
F1H.F,Frauenthal Holding AG         I,Allemagne,NON,SOURCES_OFFICIELLES_ET_IDENTITE_A_COMPLETER
XWM0.F,National CineMedia Inc.       R,Allemagne,NON,SOURCES_OFFICIELLES_ET_IDENTITE_A_COMPLETER
Z68.F,Luca Mining Corp.             R,Allemagne,NON,SOURCES_OFFICIELLES_ET_IDENTITE_A_COMPLETER
UJ0.F,West Red Lake Gold Mines Ltd. R,Allemagne,NON,SOURCES_OFFICIELLES_ET_IDENTITE_A_COMPLETER
S0G.F,St. George Mining Ltd.        R,Allemagne,NON,SOURCES_OFFICIELLES_ET_IDENTITE_A_COMPLETER
TNY1.SG,China Merchants Land Ltd.,Allemagne,NON,SOURCES_OFFICIELLES_ET_IDENTITE_A_COMPLETER
6E5.F,Nordhealth AS                 N,Allemagne,NON,SOURCES_OFFICIELLES_ET_IDENTITE_A_COMPLETER
A2T.F,Atrys Health S.A.             A,Allemagne,NON,SOURCES_OFFICIELLES_ET_IDENTITE_A_COMPLETER
3V20.F,Toubani Resources Ltd.        R,Allemagne,NON,SOURCES_OFFICIELLES_ET_IDENTITE_A_COMPLETER
N5X.F,Maritime Launch Services Inc. R,Allemagne,NON,SOURCES_OFFICIELLES_ET_IDENTITE_A_COMPLETER
4VL.F,Genel Energy PLC              R,Allemagne,NON,SOURCES_OFFICIELLES_ET_IDENTITE_A_COMPLETER
FAR.F,FreightCar America Inc.       R,Allemagne,NON,SOURCES_OFFICIELLES_ET_IDENTITE_A_COMPLETER
4C1.F,China Dongxiang Group Co.     R,Allemagne,NON,SOURCES_OFFICIELLES_ET_IDENTITE_A_COMPLETER
ZD8.F,Pacific Lime and Cement Ltd.  R,Allemagne,NON,SOURCES_OFFICIELLES_ET_IDENTITE_A_COMPLETER
IBG.F,IBERPAPEL GESTION S.A.        A,Allemagne,NON,SOURCES_OFFICIELLES_ET_IDENTITE_A_COMPLETER
FFR.F,FORRESTER RESEARCH INC.       R,Allemagne,NON,SOURCES_OFFICIELLES_ET_IDENTITE_A_COMPLETER
T62.F,TOHO ZINC CO. LTD.            R,Allemagne,NON,SOURCES_OFFICIELLES_ET_IDENTITE_A_COMPLETER
LYV.F,Orron Energy AB               N,Allemagne,NON,SOURCES_OFFICIELLES_ET_IDENTITE_A_COMPLETER
GR6.F,Gradus AD                     R,Allemagne,NON,SOURCES_OFFICIELLES_ET_IDENTITE_A_COMPLETER
0GF.F,Graphene Manufacturing Group  R,Allemagne,NON,SOURCES_OFFICIELLES_ET_IDENTITE_A_COMPLETER
R5L.F,CIE IMMOBILIERE DE BELGIQUE SAA,Allemagne,NON,SOURCES_OFFICIELLES_ET_IDENTITE_A_COMPLETER
CB4.F,CAC Holdings Corp.            R,Allemagne,NON,SOURCES_OFFICIELLES_ET_IDENTITE_A_COMPLETER
MIO.F,Mincon Group PLC              R,Allemagne,NON,SOURCES_OFFICIELLES_ET_IDENTITE_A_COMPLETER
07R.F,Streamwide SA                 A,Allemagne,NON,SOURCES_OFFICIELLES_ET_IDENTITE_A_COMPLETER
0MD.F,Squirrel Media S.A.           A,Allemagne,NON,SOURCES_OFFICIELLES_ET_IDENTITE_A_COMPLETER
PDXN.F,Pro-Dex Inc.                  R,Allemagne,NON,SOURCES_OFFICIELLES_ET_IDENTITE_A_COMPLETER
41I.F,Ares Commercial Real Est.Corp.R,Allemagne,NON,SOURCES_OFFICIELLES_ET_IDENTITE_A_COMPLETER
PSQ.F,Somboon Advance Technology PCLR,Allemagne,NON,SOURCES_OFFICIELLES_ET_IDENTITE_A_COMPLETER
MUY.F,MULBERRY GROUP PLC            R,Allemagne,NON,SOURCES_OFFICIELLES_ET_IDENTITE_A_COMPLETER
IMY.F,IMMSI S.P.A.                  A,Allemagne,NON,SOURCES_OFFICIELLES_ET_IDENTITE_A_COMPLETER
27K.SG,Kangda International Environmen,Allemagne,NON,SOURCES_OFFICIELLES_ET_IDENTITE_A_COMPLETER
5PMA.F,GreenX Metals Ltd.            R,Allemagne,NON,SOURCES_OFFICIELLES_ET_IDENTITE_A_COMPLETER
6Z8.F,eVISO S.p.A.                  A,Allemagne,NON,SOURCES_OFFICIELLES_ET_IDENTITE_A_COMPLETER
TQW.F,TULLOW OIL PLC                R,Allemagne,NON,SOURCES_OFFICIELLES_ET_IDENTITE_A_COMPLETER
CCP.SG,Celtic PLC,Allemagne,NON,SOURCES_OFFICIELLES_ET_IDENTITE_A_COMPLETER
3DO.F,dotDigital Group PLC          R,Allemagne,NON,SOURCES_OFFICIELLES_ET_IDENTITE_A_COMPLETER
9KJ.F,NX Filtration B.V.            A,Allemagne,NON,SOURCES_OFFICIELLES_ET_IDENTITE_A_COMPLETER
433.F,Appen Ltd.                    R,Allemagne,NON,SOURCES_OFFICIELLES_ET_IDENTITE_A_COMPLETER
FTO.F,FEINTOOL INTERNATIONAL HOLDINGN,Allemagne,NON,SOURCES_OFFICIELLES_ET_IDENTITE_A_COMPLETER
4RS.F,Reach Subsea ASA              N,Allemagne,NON,SOURCES_OFFICIELLES_ET_IDENTITE_A_COMPLETER
OT8.F,Eleving Group                 A,Allemagne,NON,SOURCES_OFFICIELLES_ET_IDENTITE_A_COMPLETER
EZ8.F,Koskisen Oyj                  R,Allemagne,NON,SOURCES_OFFICIELLES_ET_IDENTITE_A_COMPLETER
EK9.F,Aplicaciones y Tratamiento de A,Allemagne,NON,SOURCES_OFFICIELLES_ET_IDENTITE_A_COMPLETER
ZM3.F,Zumiez Inc.                   R,Allemagne,NON,SOURCES_OFFICIELLES_ET_IDENTITE_A_COMPLETER
000.F,Bitzero Holdings Inc.         R,Allemagne,NON,SOURCES_OFFICIELLES_ET_IDENTITE_A_COMPLETER
TXC2.F,Teixeira Duarte S.A.          N,Allemagne,NON,SOURCES_OFFICIELLES_ET_IDENTITE_A_COMPLETER
JCM.F,JAPAN CASH MACHINE CO. LTD.   R,Allemagne,NON,SOURCES_OFFICIELLES_ET_IDENTITE_A_COMPLETER
BUOB.F,BANG & OLUFSEN AS             N,Allemagne,NON,SOURCES_OFFICIELLES_ET_IDENTITE_A_COMPLETER
2L2.F,Limoneira Co.                 R,Allemagne,NON,SOURCES_OFFICIELLES_ET_IDENTITE_A_COMPLETER
S13.F,Qingdao AInnovation Tech.Grp. R,Allemagne,NON,SOURCES_OFFICIELLES_ET_IDENTITE_A_COMPLETER
CHC1.F,Hot Chili Ltd.                R,Allemagne,NON,SOURCES_OFFICIELLES_ET_IDENTITE_A_COMPLETER
4ZL.F,Alta Equipment Group Inc.     R,Allemagne,NON,SOURCES_OFFICIELLES_ET_IDENTITE_A_COMPLETER
0CD.F,Canatu Oyj                    R,Allemagne,NON,SOURCES_OFFICIELLES_ET_IDENTITE_A_COMPLETER
3XT.F,EXCO TECHNOLOGIES LTD.        R,Allemagne,NON,SOURCES_OFFICIELLES_ET_IDENTITE_A_COMPLETER
I8D.F,ISDN Holdings Ltd.            R,Allemagne,NON,SOURCES_OFFICIELLES_ET_IDENTITE_A_COMPLETER
HF5.F,Honma Golf Ltd                R,Allemagne,NON,SOURCES_OFFICIELLES_ET_IDENTITE_A_COMPLETER
7XR.F,IBJ Inc.                      R,Allemagne,NON,SOURCES_OFFICIELLES_ET_IDENTITE_A_COMPLETER
1E91.SG,Econocom Group S.A.,Allemagne,NON,SOURCES_OFFICIELLES_ET_IDENTITE_A_COMPLETER
35J.F,Canaan Inc.                   R,Allemagne,NON,SOURCES_OFFICIELLES_ET_IDENTITE_A_COMPLETER
9YG.F,Deep Value Driller AS         N,Allemagne,NON,SOURCES_OFFICIELLES_ET_IDENTITE_A_COMPLETER
WWY1.SG,E-Commodities Holdings Ltd.,Allemagne,NON,SOURCES_OFFICIELLES_ET_IDENTITE_A_COMPLETER
BAI0.F,Cerrado Gold Inc.             R,Allemagne,NON,SOURCES_OFFICIELLES_ET_IDENTITE_A_COMPLETER
89W.F,Ecoener S.A.                  A,Allemagne,NON,SOURCES_OFFICIELLES_ET_IDENTITE_A_COMPLETER
UZQ.F,Kogan.Com Ltd                 R,Allemagne,NON,SOURCES_OFFICIELLES_ET_IDENTITE_A_COMPLETER
3T00.F,Titan Mining Corp.            R,Allemagne,NON,SOURCES_OFFICIELLES_ET_IDENTITE_A_COMPLETER
TQ2.F,TOYO KANETSU K.K.             R,Allemagne,NON,SOURCES_OFFICIELLES_ET_IDENTITE_A_COMPLETER
2FH.F,Fourlis Holdings S.A.         N,Allemagne,NON,SOURCES_OFFICIELLES_ET_IDENTITE_A_COMPLETER
ZVR.F,Solar A/S                     N,Allemagne,NON,SOURCES_OFFICIELLES_ET_IDENTITE_A_COMPLETER
BY9.F,Qunabox Group Ltd.            R,Allemagne,NON,SOURCES_OFFICIELLES_ET_IDENTITE_A_COMPLETER
PBDA.F,Protalix BioTherapeutics Inc. R,Allemagne,NON,SOURCES_OFFICIELLES_ET_IDENTITE_A_COMPLETER
5TJ.F,Computer Modelling Group Ltd. R,Allemagne,NON,SOURCES_OFFICIELLES_ET_IDENTITE_A_COMPLETER
5FM0.F,BEWI Invest ASA               N,Allemagne,NON,SOURCES_OFFICIELLES_ET_IDENTITE_A_COMPLETER
CTNK.F,centrotherm international AG  I,Allemagne,NON,SOURCES_OFFICIELLES_ET_IDENTITE_A_COMPLETER
IC5.F,Yamashin-Filter Corp.         R,Allemagne,NON,SOURCES_OFFICIELLES_ET_IDENTITE_A_COMPLETER
2PR3.F,Pruksa Holdings PCL           R,Allemagne,NON,SOURCES_OFFICIELLES_ET_IDENTITE_A_COMPLETER
EPL.F,ETTEPLAN OYI                  R,Allemagne,NON,SOURCES_OFFICIELLES_ET_IDENTITE_A_COMPLETER
AY8.SG,APT Satellite Holdings Ltd.,Allemagne,NON,SOURCES_OFFICIELLES_ET_IDENTITE_A_COMPLETER
TGNA.F,TRANSGENE S.A.                A,Allemagne,NON,SOURCES_OFFICIELLES_ET_IDENTITE_A_COMPLETER
779.F,Acadian Timber Corp.          R,Allemagne,NON,SOURCES_OFFICIELLES_ET_IDENTITE_A_COMPLETER
6TU.F,EnCore Energy Corp.           R,Allemagne,NON,SOURCES_OFFICIELLES_ET_IDENTITE_A_COMPLETER
HX8.F,Ballard Mining Ltd.           R,Allemagne,NON,SOURCES_OFFICIELLES_ET_IDENTITE_A_COMPLETER
45H.F,First Internet Bancorp.       R,Allemagne,NON,SOURCES_OFFICIELLES_ET_IDENTITE_A_COMPLETER
3WB.SG,Waberers International PLC,Allemagne,NON,SOURCES_OFFICIELLES_ET_IDENTITE_A_COMPLETER
8FN.F,FNM S.p.A.                    A,Allemagne,NON,SOURCES_OFFICIELLES_ET_IDENTITE_A_COMPLETER
1SD.F,Smart Sand Inc.               R,Allemagne,NON,SOURCES_OFFICIELLES_ET_IDENTITE_A_COMPLETER
SCG.SG,Sporting Lissabon,Allemagne,NON,SOURCES_OFFICIELLES_ET_IDENTITE_A_COMPLETER
EPU.F,Emperor Watch & Jewellery Ltd.R,Allemagne,NON,SOURCES_OFFICIELLES_ET_IDENTITE_A_COMPLETER
3UD.F,Helios Fairfax Partners Corp. R,Allemagne,NON,SOURCES_OFFICIELLES_ET_IDENTITE_A_COMPLETER
93V.F,Instabank ASA                 N,Allemagne,NON,SOURCES_OFFICIELLES_ET_IDENTITE_A_COMPLETER
M7X.F,Meridian Corp.                R,Allemagne,NON,SOURCES_OFFICIELLES_ET_IDENTITE_A_COMPLETER
81Y.SG,Zalaris ASA,Allemagne,NON,SOURCES_OFFICIELLES_ET_IDENTITE_A_COMPLETER
7DC.F,Diaceutics PLC                R,Allemagne,NON,SOURCES_OFFICIELLES_ET_IDENTITE_A_COMPLETER
OW0A.F,Onity Group Inc.              R,Allemagne,NON,SOURCES_OFFICIELLES_ET_IDENTITE_A_COMPLETER
J4Y.F,Smart Organic Ad              R,Allemagne,NON,SOURCES_OFFICIELLES_ET_IDENTITE_A_COMPLETER
3FF.F,FutureFuel Corp.              R,Allemagne,NON,SOURCES_OFFICIELLES_ET_IDENTITE_A_COMPLETER
UTM.F,UTAH MEDICAL PRODUCTS INC.    R,Allemagne,NON,SOURCES_OFFICIELLES_ET_IDENTITE_A_COMPLETER
T6N.F,Smiths News PLC               R,Allemagne,NON,SOURCES_OFFICIELLES_ET_IDENTITE_A_COMPLETER
K9N.F,ChargePoint Holdings Inc.     R,Allemagne,NON,SOURCES_OFFICIELLES_ET_IDENTITE_A_COMPLETER
N3B.F,Anbio Biotechnology           R,Allemagne,NON,SOURCES_OFFICIELLES_ET_IDENTITE_A_COMPLETER
MBJ.F,MBIA INC.                     R,Allemagne,NON,SOURCES_OFFICIELLES_ET_IDENTITE_A_COMPLETER
30M.F,Myer Holdings Ltd.            R,Allemagne,NON,SOURCES_OFFICIELLES_ET_IDENTITE_A_COMPLETER
84H.F,Sichuan Energy Investment DeveR,Allemagne,NON,SOURCES_OFFICIELLES_ET_IDENTITE_A_COMPLETER
XSNA.F,SECURITY NATIONAL FINL CORP.  R,Allemagne,NON,SOURCES_OFFICIELLES_ET_IDENTITE_A_COMPLETER
2BM.F,CF Bankshares Inc.            R,Allemagne,NON,SOURCES_OFFICIELLES_ET_IDENTITE_A_COMPLETER
SQZ.F,SEACOR Marine Holdings Inc.   R,Allemagne,NON,SOURCES_OFFICIELLES_ET_IDENTITE_A_COMPLETER
CCP.F,CELTIC PLC                    R,Allemagne,NON,SOURCES_OFFICIELLES_ET_IDENTITE_A_COMPLETER
B120.F,Kolibri Global Energy Inc.    R,Allemagne,NON,SOURCES_OFFICIELLES_ET_IDENTITE_A_COMPLETER
OIH.F,CSI Properties Ltd.           R,Allemagne,NON,SOURCES_OFFICIELLES_ET_IDENTITE_A_COMPLETER
8SW.F,Archer Ltd.                   R,Allemagne,NON,SOURCES_OFFICIELLES_ET_IDENTITE_A_COMPLETER
RI7.F,RIBER S.A.                    A,Allemagne,NON,SOURCES_OFFICIELLES_ET_IDENTITE_A_COMPLETER
VCM.F,Vecima Networks Inc.          R,Allemagne,NON,SOURCES_OFFICIELLES_ET_IDENTITE_A_COMPLETER
838.F,CLS Holdings PLC              R,Allemagne,NON,SOURCES_OFFICIELLES_ET_IDENTITE_A_COMPLETER
B2K.F,Bell Equipment Ltd.           R,Allemagne,NON,SOURCES_OFFICIELLES_ET_IDENTITE_A_COMPLETER
7ES1.F,Eastern Water Res Dev&Mgmt PCLR,Allemagne,NON,SOURCES_OFFICIELLES_ET_IDENTITE_A_COMPLETER
XDH.F,Xingda Intl Hldgs Ltd.        R,Allemagne,NON,SOURCES_OFFICIELLES_ET_IDENTITE_A_COMPLETER
35J.SG,Canaan Inc. (ADRs),Allemagne,NON,SOURCES_OFFICIELLES_ET_IDENTITE_A_COMPLETER
6CQ.F,Cresco Labs Inc.              R,Allemagne,NON,SOURCES_OFFICIELLES_ET_IDENTITE_A_COMPLETER
TP3.F,Thrace Plastics Holding&Com.SAN,Allemagne,NON,SOURCES_OFFICIELLES_ET_IDENTITE_A_COMPLETER
FQV.F,Spok Holdings Inc.            R,Allemagne,NON,SOURCES_OFFICIELLES_ET_IDENTITE_A_COMPLETER
G6G0.F,GrafTech International Ltd.   R,Allemagne,NON,SOURCES_OFFICIELLES_ET_IDENTITE_A_COMPLETER
9VI.F,Tess Holdings Co. Ltd.        R,Allemagne,NON,SOURCES_OFFICIELLES_ET_IDENTITE_A_COMPLETER
UM7.F,Eureka Group Holdings Ltd.    R,Allemagne,NON,SOURCES_OFFICIELLES_ET_IDENTITE_A_COMPLETER
6AH.F,Ausnutria Dairy Corp. Ltd.    R,Allemagne,NON,SOURCES_OFFICIELLES_ET_IDENTITE_A_COMPLETER
V7XN.F,Vuzix Corp.                   R,Allemagne,NON,SOURCES_OFFICIELLES_ET_IDENTITE_A_COMPLETER
AR2.F,Imperial Petroleum Inc.       R,Allemagne,NON,SOURCES_OFFICIELLES_ET_IDENTITE_A_COMPLETER
0PQ.F,ProQR Therapeutics N.V.       A,Allemagne,NON,SOURCES_OFFICIELLES_ET_IDENTITE_A_COMPLETER
NUS.F,NU SKIN ENTERPRISES INC.      R,Allemagne,NON,SOURCES_OFFICIELLES_ET_IDENTITE_A_COMPLETER
2FH.SG,Fourlis Holding S.A.,Allemagne,NON,SOURCES_OFFICIELLES_ET_IDENTITE_A_COMPLETER
784.F,E Split Corp.                 R,Allemagne,NON,SOURCES_OFFICIELLES_ET_IDENTITE_A_COMPLETER
HAO.F,Hainan Meilan Intl Airport Co.R,Allemagne,NON,SOURCES_OFFICIELLES_ET_IDENTITE_A_COMPLETER
II8.F,ENDO LIGHTING CORP.           R,Allemagne,NON,SOURCES_OFFICIELLES_ET_IDENTITE_A_COMPLETER
S090.F,Sutro Biopharma Inc.          R,Allemagne,NON,SOURCES_OFFICIELLES_ET_IDENTITE_A_COMPLETER
SWQ.F,Silver Mines Ltd.             R,Allemagne,NON,SOURCES_OFFICIELLES_ET_IDENTITE_A_COMPLETER
2OZA.F,Microvast Holdings Inc.       R,Allemagne,NON,SOURCES_OFFICIELLES_ET_IDENTITE_A_COMPLETER
M3O.F,Beacon Minerals Ltd.          R,Allemagne,NON,SOURCES_OFFICIELLES_ET_IDENTITE_A_COMPLETER
BT3.F,Lineage Cell Therapeutics Inc.R,Allemagne,NON,SOURCES_OFFICIELLES_ET_IDENTITE_A_COMPLETER
1E91.F,Econocom Group SE             A,Allemagne,NON,SOURCES_OFFICIELLES_ET_IDENTITE_A_COMPLETER
M55.F,MacroGenics Inc.              R,Allemagne,NON,SOURCES_OFFICIELLES_ET_IDENTITE_A_COMPLETER
BTA.F,BTG Consulting PLC            R,Allemagne,NON,SOURCES_OFFICIELLES_ET_IDENTITE_A_COMPLETER
GLV.F,GLORIOUS SUN ENTERPRISES LTD. R,Allemagne,NON,SOURCES_OFFICIELLES_ET_IDENTITE_A_COMPLETER
0BK.F,MITSUBISHI STEEL MFG. CO. LTD.R,Allemagne,NON,SOURCES_OFFICIELLES_ET_IDENTITE_A_COMPLETER
AH2N.F,ASCOM HOLDING AG              N,Allemagne,NON,SOURCES_OFFICIELLES_ET_IDENTITE_A_COMPLETER
BC70.F,Capital B S.A.                A,Allemagne,NON,SOURCES_OFFICIELLES_ET_IDENTITE_A_COMPLETER
J0H.F,H+H International AS          N,Allemagne,NON,SOURCES_OFFICIELLES_ET_IDENTITE_A_COMPLETER
2LYA.F,High Tide Inc.                R,Allemagne,NON,SOURCES_OFFICIELLES_ET_IDENTITE_A_COMPLETER
BJ3.F,Beijing North Star Co. Ltd.   R,Allemagne,NON,SOURCES_OFFICIELLES_ET_IDENTITE_A_COMPLETER
OP3.F,OP Bancorp                    R,Allemagne,NON,SOURCES_OFFICIELLES_ET_IDENTITE_A_COMPLETER
PRVA.F,Vanquis Banking Group PLC     R,Allemagne,NON,SOURCES_OFFICIELLES_ET_IDENTITE_A_COMPLETER
TZ0.F,Jinmao Property Services Co.  R,Allemagne,NON,SOURCES_OFFICIELLES_ET_IDENTITE_A_COMPLETER
JTI.F,Ju Teng Intl Holdings Ltd.    R,Allemagne,NON,SOURCES_OFFICIELLES_ET_IDENTITE_A_COMPLETER
AMH.F,AB Amber Grid                 R,Allemagne,NON,SOURCES_OFFICIELLES_ET_IDENTITE_A_COMPLETER
P5C.F,Pou Sheng Internat. Hldgs Ltd.R,Allemagne,NON,SOURCES_OFFICIELLES_ET_IDENTITE_A_COMPLETER
SD4.F,Spectral Medical Inc.         R,Allemagne,NON,SOURCES_OFFICIELLES_ET_IDENTITE_A_COMPLETER
JBX.F,JACK IN THE BOX INC.          R,Allemagne,NON,SOURCES_OFFICIELLES_ET_IDENTITE_A_COMPLETER
YG6.F,Cinkarna Met.kem.ind. Celje ddN,Allemagne,NON,SOURCES_OFFICIELLES_ET_IDENTITE_A_COMPLETER
PHE.F,Cipher Pharmaceuticals Inc.   R,Allemagne,NON,SOURCES_OFFICIELLES_ET_IDENTITE_A_COMPLETER
6RN.F,China Renaissance Hldgs Ltd.  R,Allemagne,NON,SOURCES_OFFICIELLES_ET_IDENTITE_A_COMPLETER
6RN.SG,China Renaissance Hldgs Ltd.,Allemagne,NON,SOURCES_OFFICIELLES_ET_IDENTITE_A_COMPLETER
3KF0.F,Auxly Cannabis Group Inc.     R,Allemagne,NON,SOURCES_OFFICIELLES_ET_IDENTITE_A_COMPLETER
SMG.F,Magnachip Semiconductor Corp. R,Allemagne,NON,SOURCES_OFFICIELLES_ET_IDENTITE_A_COMPLETER
DB0.F,Q32 Bio Inc.                  R,Allemagne,NON,SOURCES_OFFICIELLES_ET_IDENTITE_A_COMPLETER
56P.F,NG Energy International Corp. R,Allemagne,NON,SOURCES_OFFICIELLES_ET_IDENTITE_A_COMPLETER
9S2.F,Midwich Group PLC             R,Allemagne,NON,SOURCES_OFFICIELLES_ET_IDENTITE_A_COMPLETER
50P.F,Saturn Metals Ltd.            R,Allemagne,NON,SOURCES_OFFICIELLES_ET_IDENTITE_A_COMPLETER
5NZ.F,NZX Ltd.                      R,Allemagne,NON,SOURCES_OFFICIELLES_ET_IDENTITE_A_COMPLETER
9DB.F,Dave & Buster's Entertain.Inc.R,Allemagne,NON,SOURCES_OFFICIELLES_ET_IDENTITE_A_COMPLETER
1J3.F,StarragTornos Group AG        N,Allemagne,NON,SOURCES_OFFICIELLES_ET_IDENTITE_A_COMPLETER
EN0.F,Omega Oil & Gas Ltd.          R,Allemagne,NON,SOURCES_OFFICIELLES_ET_IDENTITE_A_COMPLETER
FEQ1.F,Laboratorio Reig Jofre S.A.   A,Allemagne,NON,SOURCES_OFFICIELLES_ET_IDENTITE_A_COMPLETER
A1T.F,AS Tallinna Vesi              R,Allemagne,NON,SOURCES_OFFICIELLES_ET_IDENTITE_A_COMPLETER
AX9.F,Akebia Therapeutics Inc.      R,Allemagne,NON,SOURCES_OFFICIELLES_ET_IDENTITE_A_COMPLETER
FWQ.F,MGX Resources Ltd.            R,Allemagne,NON,SOURCES_OFFICIELLES_ET_IDENTITE_A_COMPLETER
5P1.F,Prim S.A.                     A,Allemagne,NON,SOURCES_OFFICIELLES_ET_IDENTITE_A_COMPLETER
6OJ.F,Stelrad Group PLC             R,Allemagne,NON,SOURCES_OFFICIELLES_ET_IDENTITE_A_COMPLETER
TU3.F,Tungsten Mining NL            R,Allemagne,NON,SOURCES_OFFICIELLES_ET_IDENTITE_A_COMPLETER
295.F,Taaleri OYJ                   R,Allemagne,NON,SOURCES_OFFICIELLES_ET_IDENTITE_A_COMPLETER
EMO.F,EM Holdings Co. Ltd.          R,Allemagne,NON,SOURCES_OFFICIELLES_ET_IDENTITE_A_COMPLETER
LDE.F,Lifecore Biomedical Inc.      R,Allemagne,NON,SOURCES_OFFICIELLES_ET_IDENTITE_A_COMPLETER
IMV.F,IMMERSION CORP.               R,Allemagne,NON,SOURCES_OFFICIELLES_ET_IDENTITE_A_COMPLETER
UT1.F,ACME UNITED CORP.             R,Allemagne,NON,SOURCES_OFFICIELLES_ET_IDENTITE_A_COMPLETER
0P1A.F,Turtle Beach Corp.            R,Allemagne,NON,SOURCES_OFFICIELLES_ET_IDENTITE_A_COMPLETER
GIO.F,GIORDANO INTERNATIONAL LTD.   R,Allemagne,NON,SOURCES_OFFICIELLES_ET_IDENTITE_A_COMPLETER
B9O2.F,Serabi Gold PLC               R,Allemagne,NON,SOURCES_OFFICIELLES_ET_IDENTITE_A_COMPLETER
AKP.F,ANIKA THERAPEUTICS INC.       R,Allemagne,NON,SOURCES_OFFICIELLES_ET_IDENTITE_A_COMPLETER
4SG.F,Sol-Gel Technologies Ltd.     R,Allemagne,NON,SOURCES_OFFICIELLES_ET_IDENTITE_A_COMPLETER
3IA.F,Pizza Pizza Royalty Corp.     R,Allemagne,NON,SOURCES_OFFICIELLES_ET_IDENTITE_A_COMPLETER
HOJ.F,Horizon Oil Ltd.              R,Allemagne,NON,SOURCES_OFFICIELLES_ET_IDENTITE_A_COMPLETER
2UH0.F,Angi Inc.                     R,Allemagne,NON,SOURCES_OFFICIELLES_ET_IDENTITE_A_COMPLETER
41Y.F,BCB Bancorp. Inc.             R,Allemagne,NON,SOURCES_OFFICIELLES_ET_IDENTITE_A_COMPLETER
NH8.F,NIHON TRIM CO. LTD.           R,Allemagne,NON,SOURCES_OFFICIELLES_ET_IDENTITE_A_COMPLETER
T70.F,TREDEGAR CORP.                R,Allemagne,NON,SOURCES_OFFICIELLES_ET_IDENTITE_A_COMPLETER
71F.F,Virgin. Natl Bankshares Corp. R,Allemagne,NON,SOURCES_OFFICIELLES_ET_IDENTITE_A_COMPLETER
RJN.F,Strike Energy Ltd.            R,Allemagne,NON,SOURCES_OFFICIELLES_ET_IDENTITE_A_COMPLETER
5H3.F,Eleco PLC                     R,Allemagne,NON,SOURCES_OFFICIELLES_ET_IDENTITE_A_COMPLETER
TUS.F,TUAN SING HOLDINGS LTD.       R,Allemagne,NON,SOURCES_OFFICIELLES_ET_IDENTITE_A_COMPLETER
ORN.F,Oryzon Genomics S.A.          A,Allemagne,NON,SOURCES_OFFICIELLES_ET_IDENTITE_A_COMPLETER
17J.F,Journey Energy Inc.           R,Allemagne,NON,SOURCES_OFFICIELLES_ET_IDENTITE_A_COMPLETER
Z4R.F,Hong Kong Gold Industry Group R,Allemagne,NON,SOURCES_OFFICIELLES_ET_IDENTITE_A_COMPLETER
13H.F,Soho Holly Futures Co. Ltd.   R,Allemagne,NON,SOURCES_OFFICIELLES_ET_IDENTITE_A_COMPLETER
8AE.F,GBank Financial Holdings Inc. R,Allemagne,NON,SOURCES_OFFICIELLES_ET_IDENTITE_A_COMPLETER
ND4.F,Odfjell Technology Ltd.       R,Allemagne,NON,SOURCES_OFFICIELLES_ET_IDENTITE_A_COMPLETER
A6Y0.F,Alvopetro Energy Ltd.         R,Allemagne,NON,SOURCES_OFFICIELLES_ET_IDENTITE_A_COMPLETER
489.F,Western New England Bancor.IncR,Allemagne,NON,SOURCES_OFFICIELLES_ET_IDENTITE_A_COMPLETER
G0M.F,Gulf Marine Services PLC      R,Allemagne,NON,SOURCES_OFFICIELLES_ET_IDENTITE_A_COMPLETER
6ME.F,Metro Mining Ltd.             R,Allemagne,NON,SOURCES_OFFICIELLES_ET_IDENTITE_A_COMPLETER
J8D0.F,Newegg Commerce Inc.          R,Allemagne,NON,SOURCES_OFFICIELLES_ET_IDENTITE_A_COMPLETER
4C0.F,Conduent Inc.                 R,Allemagne,NON,SOURCES_OFFICIELLES_ET_IDENTITE_A_COMPLETER
9IE.F,Ohara Inc.                    R,Allemagne,NON,SOURCES_OFFICIELLES_ET_IDENTITE_A_COMPLETER
EH3.F,Amarin Corp. PLC              R,Allemagne,NON,SOURCES_OFFICIELLES_ET_IDENTITE_A_COMPLETER
NYVU.F,Thoresen Thai Agencies PCL    R,Allemagne,NON,SOURCES_OFFICIELLES_ET_IDENTITE_A_COMPLETER
8Q3.F,M+S Hidravlik AD              B,Allemagne,NON,SOURCES_OFFICIELLES_ET_IDENTITE_A_COMPLETER
6DY.F,AB Dynamics PLC               R,Allemagne,NON,SOURCES_OFFICIELLES_ET_IDENTITE_A_COMPLETER
9CH.F,Galan Lithium Ltd.            R,Allemagne,NON,SOURCES_OFFICIELLES_ET_IDENTITE_A_COMPLETER
9UG1.F,Integrated Wind Solutions ASA N,Allemagne,NON,SOURCES_OFFICIELLES_ET_IDENTITE_A_COMPLETER
2YMA.F,So-Young International Inc.   R,Allemagne,NON,SOURCES_OFFICIELLES_ET_IDENTITE_A_COMPLETER
JUB.F,Jumbo Interactive Ltd.        R,Allemagne,NON,SOURCES_OFFICIELLES_ET_IDENTITE_A_COMPLETER
IMR.F,AC Immune SA                  N,Allemagne,NON,SOURCES_OFFICIELLES_ET_IDENTITE_A_COMPLETER
D6A.F,PC Gold Ltd.                  R,Allemagne,NON,SOURCES_OFFICIELLES_ET_IDENTITE_A_COMPLETER
6S7.F,SRT Marine Systems PLC        R,Allemagne,NON,SOURCES_OFFICIELLES_ET_IDENTITE_A_COMPLETER
FOS.F,Fonix PLC                     R,Allemagne,NON,SOURCES_OFFICIELLES_ET_IDENTITE_A_COMPLETER
C8V.F,Evoke PLC                     R,Allemagne,NON,SOURCES_OFFICIELLES_ET_IDENTITE_A_COMPLETER
13B.F,bpost S.A.                    A,Allemagne,NON,SOURCES_OFFICIELLES_ET_IDENTITE_A_COMPLETER
TB8A.F,Afentra PLC                   R,Allemagne,NON,SOURCES_OFFICIELLES_ET_IDENTITE_A_COMPLETER
FRW.F,Martifer SGPS S.A.            A,Allemagne,NON,SOURCES_OFFICIELLES_ET_IDENTITE_A_COMPLETER
T06.F,VISEN Pharmaceuticals         R,Allemagne,NON,SOURCES_OFFICIELLES_ET_IDENTITE_A_COMPLETER
ZYD.F,Aspo Oyj                      R,Allemagne,NON,SOURCES_OFFICIELLES_ET_IDENTITE_A_COMPLETER
VG30.F,Generalfinance S.p.A.         A,Allemagne,NON,SOURCES_OFFICIELLES_ET_IDENTITE_A_COMPLETER
MEF1.F,MCH Group AG                  N,Allemagne,NON,SOURCES_OFFICIELLES_ET_IDENTITE_A_COMPLETER
UJ9.F,Shandong Boan Biotechnology CoR,Allemagne,NON,SOURCES_OFFICIELLES_ET_IDENTITE_A_COMPLETER
EP3.F,ORASURE TECHNOLOGIES INC.     R,Allemagne,NON,SOURCES_OFFICIELLES_ET_IDENTITE_A_COMPLETER
2DS.F,CM.com N.V.                   A,Allemagne,NON,SOURCES_OFFICIELLES_ET_IDENTITE_A_COMPLETER
JDD.F,JDC Corp. i.K.                R,Allemagne,NON,SOURCES_OFFICIELLES_ET_IDENTITE_A_COMPLETER
92P.F,Outdoor Holding Co.           R,Allemagne,NON,SOURCES_OFFICIELLES_ET_IDENTITE_A_COMPLETER
TJN.F,TIANJIN DEVELOPMENT HLDGS LTD.R,Allemagne,NON,SOURCES_OFFICIELLES_ET_IDENTITE_A_COMPLETER
WQ6.F,Condor Energies Inc.          R,Allemagne,NON,SOURCES_OFFICIELLES_ET_IDENTITE_A_COMPLETER
HRI.F,Shandong Hi-Speed Hldgs.Gr.LtdR,Allemagne,NON,SOURCES_OFFICIELLES_ET_IDENTITE_A_COMPLETER
CK5A.F,Clarke Inc.                   R,Allemagne,NON,SOURCES_OFFICIELLES_ET_IDENTITE_A_COMPLETER
81Y.F,Zalaris ASA                   N,Allemagne,NON,SOURCES_OFFICIELLES_ET_IDENTITE_A_COMPLETER
25E.F,Elan Corp.                    R,Allemagne,NON,SOURCES_OFFICIELLES_ET_IDENTITE_A_COMPLETER
AWT.F,"Hackett Group Inc., The       R",Allemagne,NON,SOURCES_OFFICIELLES_ET_IDENTITE_A_COMPLETER
R20.F,Palisades Goldcorp Ltd.       R,Allemagne,NON,SOURCES_OFFICIELLES_ET_IDENTITE_A_COMPLETER
ED9.F,ESCALADE INC.                 R,Allemagne,NON,SOURCES_OFFICIELLES_ET_IDENTITE_A_COMPLETER
MD5.F,MEDALLION FINANCIAL CORP.     R,Allemagne,NON,SOURCES_OFFICIELLES_ET_IDENTITE_A_COMPLETER
0KH.SG,Henry Boot PLC,Allemagne,NON,SOURCES_OFFICIELLES_ET_IDENTITE_A_COMPLETER
8KW.F,Jadestone Energy PLC          R,Allemagne,NON,SOURCES_OFFICIELLES_ET_IDENTITE_A_COMPLETER
MF3.F,Perma-Pipe International Hdgs R,Allemagne,NON,SOURCES_OFFICIELLES_ET_IDENTITE_A_COMPLETER
722.F,Antengene Corp. Ltd.          R,Allemagne,NON,SOURCES_OFFICIELLES_ET_IDENTITE_A_COMPLETER
7EI.F,Huuuge Inc.                   R,Allemagne,NON,SOURCES_OFFICIELLES_ET_IDENTITE_A_COMPLETER
H90.F,UXIN Ltd.                     R,Allemagne,NON,SOURCES_OFFICIELLES_ET_IDENTITE_A_COMPLETER
A23.F,A2Z Cust2Mate Solutions Corp. R,Allemagne,NON,SOURCES_OFFICIELLES_ET_IDENTITE_A_COMPLETER
50BA.F,Bicycle Therapeutics Ltd.     R,Allemagne,NON,SOURCES_OFFICIELLES_ET_IDENTITE_A_COMPLETER
6VX.F,Healios K.K.                  R,Allemagne,NON,SOURCES_OFFICIELLES_ET_IDENTITE_A_COMPLETER
V2W.F,XPERI Inc.                    R,Allemagne,NON,SOURCES_OFFICIELLES_ET_IDENTITE_A_COMPLETER
22B.F,Omega Flex Inc.               R,Allemagne,NON,SOURCES_OFFICIELLES_ET_IDENTITE_A_COMPLETER
5FD.F,Frontier Development PLC      R,Allemagne,NON,SOURCES_OFFICIELLES_ET_IDENTITE_A_COMPLETER
9F2.F,National Bankshares Inc.      R,Allemagne,NON,SOURCES_OFFICIELLES_ET_IDENTITE_A_COMPLETER
AU1.F,AUDIOCODES LTD.               R,Allemagne,NON,SOURCES_OFFICIELLES_ET_IDENTITE_A_COMPLETER
IM4.SG,IMC S.A.,Allemagne,NON,SOURCES_OFFICIELLES_ET_IDENTITE_A_COMPLETER
1VW.F,Cerillion PLC                 R,Allemagne,NON,SOURCES_OFFICIELLES_ET_IDENTITE_A_COMPLETER
BI1.F,Commerce.com Inc.             R,Allemagne,NON,SOURCES_OFFICIELLES_ET_IDENTITE_A_COMPLETER
1TZ.F,InfuSystems Holdings Inc.     R,Allemagne,NON,SOURCES_OFFICIELLES_ET_IDENTITE_A_COMPLETER
